time,odom_x,odom_y,fused_x,fused_y,lidar_avg
1763896896936,0.74419,-0.48003,0.558374,-0.360172,
1763896896982,0.744191,-0.48003,0.67721,-0.436825,
1763896897024,0.744192,-0.48003,0.719525,-0.464119,
1763896897069,0.744193,-0.48003,0.735563,-0.474464,
1763896897097,0.744194,-0.480029,0.741688,-0.478413,
1763896897128,0.744195,-0.48003,0.74402,-0.479917,
1763896897164,0.744197,-0.48003,0.744899,-0.480483,
1763896897204,0.744198,-0.48003,0.74522,-0.480689,
1763896897243,0.744199,-0.480029,0.745327,-0.480757,
1763896897270,0.7442,-0.480029,0.74535,-0.480771,
1763896897303,0.744202,-0.480029,0.74534,-0.480764,
1763896897353,0.744203,-0.480029,0.745318,-0.480749,
1763896897393,0.744204,-0.480029,0.745289,-0.48073,
1763896897431,0.744205,-0.480029,0.745259,-0.480709,
1763896897462,0.744206,-0.480029,0.745227,-0.480688,
1763896897497,0.744207,-0.480029,0.745194,-0.480666,
1763896897534,0.744209,-0.480029,0.745161,-0.480644,
1763896897580,0.74421,-0.480029,0.745128,-0.480622,
1763896897612,0.744211,-0.480029,0.745096,-0.4806,
1763896897652,0.744212,-0.480029,0.745064,-0.480578,
1763896897686,0.744213,-0.480029,0.745032,-0.480557,
1763896897719,0.744215,-0.480029,0.745,-0.480536,
1763896897759,0.744216,-0.480029,0.74497,-0.480516,
1763896897793,0.744217,-0.480029,0.74494,-0.480495,
1763896897839,0.744218,-0.480029,0.744911,-0.480476,
1763896897880,0.744219,-0.480029,0.744883,-0.480457,
1763896897913,0.744221,-0.480028,0.744855,-0.480438,
1763896897957,0.744222,-0.480028,0.744829,-0.48042,
1763896897992,0.744223,-0.480028,0.744804,-0.480403,
1763896898038,0.744224,-0.480028,0.744779,-0.480386,
1763896898073,0.744225,-0.480028,0.744755,-0.48037,
1763896898122,0.744227,-0.480028,0.744732,-0.480355,
1763896898158,0.744228,-0.480028,0.74471,-0.48034,
1763896898197,0.744229,-0.480028,0.744689,-0.480326,
1763896898254,0.74423,-0.480028,0.744669,-0.480312,
1763896898282,0.744231,-0.480028,0.74465,-0.480299,
1763896898319,0.744233,-0.480028,0.744632,-0.480286,
1763896898360,0.744234,-0.480028,0.744615,-0.480274,
1763896898407,0.744235,-0.480028,0.744598,-0.480262,
1763896898440,0.744236,-0.480028,0.744582,-0.480251,
1763896898471,0.744237,-0.480028,0.744567,-0.48024,
1763896898508,0.744238,-0.480028,0.744552,-0.48023,
1763896898550,0.74424,-0.480028,0.744538,-0.480221,
1763896898592,0.744241,-0.480028,0.744525,-0.480211,
1763896898624,0.744242,-0.480028,0.744513,-0.480203,
1763896898674,0.744243,-0.480028,0.744501,-0.480194,
1763896898719,0.744245,-0.480028,0.74449,-0.480186,
1763896898746,0.744246,-0.480028,0.74448,-0.480178,
1763896898778,0.744247,-0.480028,0.744469,-0.480171,
1763896898810,0.744248,-0.480028,0.74446,-0.480164,
1763896898851,0.744249,-0.480027,0.744451,-0.480158,
1763896898882,0.744251,-0.480027,0.744442,-0.480151,
1763896898928,0.744252,-0.480027,0.744434,-0.480145,
1763896898959,0.744253,-0.480027,0.744427,-0.48014,
1763896898996,0.744254,-0.480027,0.744419,-0.480134,
1763896899030,0.744255,-0.480027,0.744413,-0.480129,
1763896899071,0.744257,-0.480027,0.744406,-0.480124,
1763896899115,0.744258,-0.480027,0.7444,-0.480119,
1763896899155,0.744259,-0.480027,0.744394,-0.480114,
1763896899186,0.74426,-0.480027,0.744389,-0.48011,
1763896899226,0.744261,-0.480027,0.744384,-0.480106,
1763896899265,0.744263,-0.480027,0.744379,-0.480102,
1763896899297,0.744264,-0.480027,0.744375,-0.480099,
1763896899342,0.744265,-0.480027,0.74437,-0.480095,
1763896899376,0.744266,-0.480027,0.744366,-0.480092,
1763896899415,0.744267,-0.480027,0.744363,-0.480088,
1763896899454,0.744269,-0.480027,0.744359,-0.480085,
1763896899511,0.74427,-0.480027,0.744356,-0.480083,
1763896899528,0.744271,-0.480027,0.744353,-0.48008,
1763896899576,0.744272,-0.480027,0.74435,-0.480077,
1763896899610,0.744273,-0.480027,0.744348,-0.480075,
1763896899653,0.744274,-0.480026,0.744345,-0.480072,
1763896899680,0.744276,-0.480026,0.744343,-0.48007,
1763896899725,0.744277,-0.480026,0.744341,-0.480068,
1763896899766,0.744278,-0.480026,0.744339,-0.480066,
1763896899803,0.744279,-0.480026,0.744337,-0.480064,
1763896899844,0.74428,-0.480026,0.744336,-0.480062,
1763896899876,0.744282,-0.480026,0.744334,-0.48006,
1763896899915,0.744283,-0.480026,0.744333,-0.480058,
1763896899966,0.744284,-0.480026,0.744332,-0.480057,
1763896900015,0.744285,-0.480026,0.74433,-0.480055,
1763896900045,0.744286,-0.480026,0.744329,-0.480054,
1763896900082,0.744288,-0.480026,0.744328,-0.480052,
1763896900113,0.744289,-0.480026,0.744328,-0.480051,
1763896900152,0.74429,-0.480026,0.744327,-0.48005,
1763896900184,0.744291,-0.480026,0.744326,-0.480049,
1763896900235,0.744292,-0.480026,0.744326,-0.480048,
1763896900283,0.744294,-0.480026,0.744325,-0.480047,
1763896900313,0.744295,-0.480026,0.744325,-0.480046,
1763896900346,0.744296,-0.480026,0.744325,-0.480044,
1763896900387,0.744297,-0.480026,0.744325,-0.480043,
1763896900418,0.744298,-0.480025,0.744324,-0.480042,
1763896900454,0.7443,-0.480025,0.744324,-0.480041,
1763896900507,0.744301,-0.480025,0.744324,-0.480041,
1763896900546,0.744302,-0.480025,0.744324,-0.48004,
1763896900576,0.744303,-0.480026,0.744325,-0.480039,
1763896900611,0.744304,-0.480026,0.744325,-0.480039,
1763896900664,0.744306,-0.480026,0.744325,-0.480038,
1763896900710,0.744307,-0.480026,0.744325,-0.480037,
1763896900753,0.744308,-0.480025,0.744325,-0.480037,
1763896900792,0.744309,-0.480025,0.744326,-0.480036,
1763896900834,0.74431,-0.480025,0.744326,-0.480035,
1763896900874,0.744312,-0.480025,0.744327,-0.480035,
1763896900921,0.744313,-0.480025,0.744327,-0.480034,
1763896900957,0.744314,-0.480025,0.744328,-0.480034,
1763896900990,0.744315,-0.480025,0.744328,-0.480033,
1763896901027,0.744316,-0.480025,0.744329,-0.480033,
1763896901075,0.744318,-0.480025,0.744329,-0.480032,
1763896901114,0.744319,-0.480025,0.74433,-0.480032,
1763896901156,0.74432,-0.480025,0.744331,-0.480032,
1763896901197,0.744321,-0.480025,0.744331,-0.480031,
1763896901241,0.744322,-0.480025,0.744332,-0.480031,
1763896901282,0.744324,-0.480025,0.744333,-0.480031,
1763896901315,0.744325,-0.480025,0.744333,-0.48003,
1763896901370,0.744326,-0.480025,0.744334,-0.48003,
1763896901411,0.744327,-0.480025,0.744335,-0.48003,
1763896901444,0.744328,-0.480024,0.744336,-0.480029,
1763896901481,0.74433,-0.480024,0.744337,-0.480029,
1763896901524,0.744331,-0.480024,0.744338,-0.480029,
1763896901565,0.744332,-0.480024,0.744338,-0.480028,
1763896901611,0.744333,-0.480024,0.744339,-0.480028,
1763896901653,0.744334,-0.480024,0.74434,-0.480028,
1763896901700,0.744336,-0.480024,0.744341,-0.480028,
1763896901748,0.744337,-0.480024,0.744342,-0.480028,
1763896901780,0.744338,-0.480024,0.744343,-0.480027,
1763896901826,0.744339,-0.480024,0.744344,-0.480027,
1763896901885,0.74434,-0.480024,0.744345,-0.480027,
1763896901927,0.744342,-0.480024,0.744346,-0.480027,
1763896901979,0.744343,-0.480024,0.744347,-0.480027,
1763896902030,0.744344,-0.480024,0.744348,-0.480026,
1763896902070,0.744345,-0.480024,0.744349,-0.480026,
1763896902106,0.744346,-0.480024,0.74435,-0.480026,
1763896902136,0.744347,-0.480024,0.744351,-0.480026,
1763896902171,0.744349,-0.480024,0.744352,-0.480026,
1763896902212,0.74435,-0.480024,0.744353,-0.480026,
1763896902247,0.744351,-0.480024,0.744354,-0.480026,
1763896902284,0.744352,-0.480024,0.744355,-0.480025,
1763896902320,0.744353,-0.480024,0.744356,-0.480025,
1763896902370,0.744355,-0.480024,0.744357,-0.480025,
1763896902411,0.744356,-0.480024,0.744358,-0.480025,
1763896902457,0.744357,-0.480023,0.744359,-0.480025,
1763896902492,0.744358,-0.480023,0.74436,-0.480025,
1763896902528,0.744359,-0.480023,0.744361,-0.480025,
1763896902569,0.744361,-0.480023,0.744363,-0.480024,
1763896902615,0.744362,-0.480023,0.744364,-0.480024,
1763896902660,0.744363,-0.480023,0.744365,-0.480024,
1763896902699,0.744364,-0.480023,0.744366,-0.480024,
1763896902737,0.744365,-0.480023,0.744367,-0.480024,
1763896902770,0.744367,-0.480023,0.744368,-0.480024,
1763896902808,0.744368,-0.480023,0.744369,-0.480024,
1763896902851,0.744369,-0.480023,0.74437,-0.480024,
1763896902895,0.74437,-0.480023,0.744371,-0.480024,
1763896902934,0.744371,-0.480023,0.744373,-0.480024,
1763896902973,0.744373,-0.480023,0.744374,-0.480024,
1763896903020,0.744374,-0.480023,0.744375,-0.480024,
1763896903062,0.744375,-0.480023,0.744376,-0.480023,
1763896903097,0.744376,-0.480023,0.744377,-0.480023,
1763896903133,0.744377,-0.480023,0.744378,-0.480023,
1763896903173,0.744379,-0.480023,0.74438,-0.480023,
1763896903230,0.74438,-0.480023,0.744381,-0.480023,
1763896903266,0.744381,-0.480022,0.744382,-0.480023,
1763896903306,0.744382,-0.480022,0.744383,-0.480023,
1763896903354,0.744383,-0.480022,0.744384,-0.480023,
1763896903387,0.744385,-0.480022,0.744385,-0.480023,
1763896903428,0.744386,-0.480022,0.744386,-0.480023,
1763896903463,0.744387,-0.480022,0.744388,-0.480023,
1763896903511,0.744388,-0.480022,0.744389,-0.480023,
1763896903544,0.744389,-0.480022,0.74439,-0.480023,
1763896903587,0.744391,-0.480022,0.744391,-0.480022,
1763896903625,0.744392,-0.480022,0.744392,-0.480022,
1763896903666,0.744393,-0.480022,0.744393,-0.480022,
1763896903701,0.744394,-0.480022,0.744395,-0.480022,
1763896903752,0.744395,-0.480022,0.744396,-0.480022,
1763896903797,0.744397,-0.480022,0.744397,-0.480022,
1763896903842,0.744398,-0.480022,0.744398,-0.480022,
1763896903876,0.744399,-0.480022,0.744399,-0.480022,
1763896903909,0.7444,-0.480022,0.7444,-0.480022,
1763896903961,0.744401,-0.480022,0.744402,-0.480022,
1763896904001,0.744403,-0.480022,0.744403,-0.480022,
1763896904052,0.744404,-0.480022,0.744404,-0.480022,
1763896904110,0.744405,-0.480022,0.744405,-0.480022,
1763896904134,0.744406,-0.480022,0.744406,-0.480022,
1763896904169,0.744407,-0.480022,0.744408,-0.480022,
1763896904220,0.744409,-0.480021,0.744409,-0.480022,
1763896904263,0.74441,-0.480021,0.74441,-0.480022,
1763896904289,0.744411,-0.480021,0.744411,-0.480021,
1763896904327,0.744412,-0.480021,0.744412,-0.480021,
1763896904366,0.744413,-0.480021,0.744414,-0.480021,
1763896904397,0.744414,-0.480021,0.744415,-0.480021,
1763896904453,0.744416,-0.480021,0.744416,-0.480021,
1763896904485,0.744417,-0.480021,0.744417,-0.480021,
1763896904533,0.744418,-0.480021,0.744418,-0.480021,
1763896904560,0.744419,-0.480021,0.744419,-0.480021,
1763896904591,0.74442,-0.480021,0.744421,-0.480021,
1763896904629,0.744422,-0.480021,0.744422,-0.480021,
1763896904679,0.744423,-0.480021,0.744423,-0.480021,
1763896904712,0.744424,-0.480021,0.744424,-0.480021,
1763896904761,0.744425,-0.480021,0.744425,-0.480021,
1763896904799,0.744426,-0.480021,0.744427,-0.480021,
1763896904841,0.744428,-0.480021,0.744428,-0.480021,
1763896904878,0.744429,-0.480021,0.744429,-0.480021,
1763896904929,0.74443,-0.480021,0.74443,-0.480021,
1763896904972,0.744431,-0.480021,0.744431,-0.480021,
1763896905010,0.744432,-0.480021,0.744432,-0.480021,
1763896905049,0.744434,-0.480021,0.744434,-0.480021,
1763896905094,0.744435,-0.48002,0.744435,-0.480021,
1763896905134,0.744436,-0.48002,0.744436,-0.48002,
1763896905174,0.744437,-0.48002,0.744437,-0.48002,
1763896905216,0.744438,-0.48002,0.744439,-0.48002,
1763896905262,0.74444,-0.48002,0.74444,-0.48002,
1763896905306,0.744441,-0.48002,0.744441,-0.48002,
1763896905347,0.744442,-0.48002,0.744442,-0.48002,
1763896905389,0.744443,-0.48002,0.744443,-0.48002,
1763896905422,0.744444,-0.48002,0.744444,-0.48002,
1763896905462,0.744446,-0.48002,0.744446,-0.48002,
1763896905502,0.744447,-0.48002,0.744447,-0.48002,
1763896905546,0.744448,-0.48002,0.744448,-0.48002,
1763896905602,0.744449,-0.48002,0.744449,-0.48002,
1763896905637,0.74445,-0.48002,0.74445,-0.48002,
1763896905683,0.744452,-0.48002,0.744452,-0.48002,
1763896905720,0.744453,-0.48002,0.744453,-0.48002,
1763896905757,0.744454,-0.48002,0.744454,-0.48002,
1763896905794,0.744455,-0.48002,0.744455,-0.48002,
1763896905839,0.744456,-0.48002,0.744456,-0.48002,
1763896905881,0.744457,-0.48002,0.744457,-0.48002,
1763896905926,0.744459,-0.48002,0.744459,-0.48002,
1763896905956,0.74446,-0.48002,0.74446,-0.48002,
1763896906001,0.744461,-0.48002,0.744461,-0.48002,
1763896906045,0.744462,-0.48002,0.744462,-0.48002,
1763896906082,0.744463,-0.48002,0.744464,-0.48002,
1763896906117,0.744465,-0.480019,0.744465,-0.480019,
1763896906152,0.744466,-0.480019,0.744466,-0.480019,
1763896906191,0.744467,-0.480019,0.744467,-0.480019,
1763896906242,0.744468,-0.480019,0.744468,-0.480019,
1763896906294,0.74447,-0.480019,0.74447,-0.480019,
1763896906331,0.744471,-0.480019,0.744471,-0.480019,
1763896906372,0.744472,-0.480019,0.744472,-0.480019,
1763896906411,0.744473,-0.480019,0.744473,-0.480019,
1763896906459,0.744474,-0.480019,0.744474,-0.480019,
1763896906498,0.744475,-0.480019,0.744475,-0.480019,
1763896906540,0.744477,-0.480019,0.744477,-0.480019,
1763896906570,0.744478,-0.480019,0.744478,-0.480019,
1763896906604,0.744479,-0.480019,0.744479,-0.480019,
1763896906653,0.74448,-0.480019,0.74448,-0.480019,
1763896906696,0.744482,-0.480019,0.744482,-0.480019,
1763896906730,0.744483,-0.480019,0.744483,-0.480019,
1763896906768,0.744484,-0.480019,0.744484,-0.480019,
1763896906812,0.744485,-0.480019,0.744485,-0.480019,
1763896906858,0.744486,-0.480019,0.744486,-0.480019,
1763896906906,0.744487,-0.480018,0.744487,-0.480018,
1763896906940,0.744489,-0.480018,0.744489,-0.480018,
1763896906984,0.74449,-0.480018,0.74449,-0.480018,
1763896907029,0.744491,-0.480018,0.744491,-0.480018,
1763896907080,0.744492,-0.480018,0.744492,-0.480018,
1763896907121,0.744494,-0.480018,0.744494,-0.480018,
1763896907162,0.744495,-0.480018,0.744495,-0.480018,
1763896907204,0.744496,-0.480018,0.744496,-0.480018,
1763896907243,0.744497,-0.480018,0.744497,-0.480018,
1763896907275,0.744498,-0.480018,0.744498,-0.480018,
1763896907324,0.744499,-0.480018,0.744499,-0.480018,
1763896907360,0.744501,-0.480018,0.744501,-0.480018,
1763896907415,0.744502,-0.480018,0.744502,-0.480018,
1763896907456,0.744503,-0.480018,0.744503,-0.480018,
1763896907496,0.744504,-0.480018,0.744504,-0.480018,
1763896907539,0.744505,-0.480018,0.744505,-0.480018,
1763896907592,0.744507,-0.480018,0.744507,-0.480018,
1763896907640,0.744508,-0.480018,0.744508,-0.480018,
1763896907673,0.744509,-0.480018,0.744509,-0.480018,
1763896907712,0.74451,-0.480018,0.74451,-0.480018,
1763896907761,0.744511,-0.480018,0.744511,-0.480018,
1763896907800,0.744513,-0.480018,0.744513,-0.480018,
1763896907840,0.744514,-0.480018,0.744514,-0.480018,
1763896907878,0.744515,-0.480017,0.744515,-0.480017,
1763896907919,0.744516,-0.480017,0.744516,-0.480017,
1763896907977,0.744517,-0.480017,0.744517,-0.480017,
1763896908022,0.744519,-0.480017,0.744519,-0.480017,
1763896908060,0.74452,-0.480017,0.74452,-0.480017,
1763896908100,0.744521,-0.480017,0.744521,-0.480017,
1763896908124,0.744522,-0.480017,0.744522,-0.480017,
1763896908156,0.744523,-0.480017,0.744523,-0.480017,
1763896908184,0.744525,-0.480017,0.744525,-0.480017,
1763896908219,0.744526,-0.480017,0.744526,-0.480017,
1763896908258,0.744527,-0.480017,0.744527,-0.480017,
1763896908297,0.744528,-0.480017,0.744528,-0.480017,
1763896908336,0.744529,-0.480017,0.744529,-0.480017,
1763896908383,0.74453,-0.480017,0.74453,-0.480017,
1763896908420,0.744697,-0.480011,0.744637,-0.480013,
1763896908456,0.744868,-0.480004,0.744786,-0.480007,
1763896908496,0.745203,-0.479991,0.745056,-0.479997,
1763896908529,0.745544,-0.479978,0.745376,-0.479985,
1763896908586,0.745885,-0.479965,0.745714,-0.479972,
1763896908623,0.746226,-0.479952,0.746059,-0.479959,
1763896908668,0.746567,-0.479939,0.746407,-0.479945,
1763896908711,0.746908,-0.479926,0.746755,-0.479932,
1763896908743,0.747249,-0.479913,0.747103,-0.479919,
1763896908781,0.74759,-0.4799,0.747451,-0.479905,
1763896908840,0.747931,-0.479887,0.747799,-0.479892,
1763896908875,0.748272,-0.479874,0.748146,-0.479879,
1763896908923,0.748777,-0.479855,0.748598,-0.479862,
1763896908959,0.749453,-0.479829,0.749198,-0.479839,
1763896908994,0.750298,-0.479797,0.749961,-0.47981,
1763896909027,0.751314,-0.479758,0.750895,-0.479774,
1763896909073,0.752499,-0.479713,0.752002,-0.479732,
1763896909116,0.754018,-0.479655,0.753386,-0.479679,
1763896909150,0.755548,-0.479597,0.754882,-0.479622,
1763896909202,0.757079,-0.479538,0.75642,-0.479563,
1763896909248,0.758938,-0.479467,0.758182,-0.479496,
1763896909277,0.760808,-0.479396,0.760036,-0.479425,
1763896909324,0.762843,-0.479318,0.762028,-0.479349,
1763896909364,0.764882,-0.479241,0.764075,-0.479271,
1763896909412,0.766922,-0.479163,0.766141,-0.479193,
1763896909449,0.769126,-0.479079,0.768319,-0.47911,
1763896909489,0.771336,-0.478994,0.770542,-0.479025,
1763896909531,0.77371,-0.478904,0.772885,-0.478935,
1763896909573,0.77609,-0.478813,0.775276,-0.478844,
1763896909620,0.778469,-0.478722,0.777684,-0.478752,
1763896909663,0.781013,-0.478625,0.780202,-0.478656,
1763896909696,0.783563,-0.478528,0.782765,-0.478558,
1763896909750,0.786277,-0.478425,0.785448,-0.478456,
1763896909786,0.788996,-0.478321,0.788179,-0.478352,
1763896909816,0.79188,-0.478211,0.791032,-0.478243,
1763896909858,0.794769,-0.4781,0.793933,-0.478132,
1763896909899,0.797658,-0.47799,0.796852,-0.478021,
1763896909953,0.800712,-0.477873,0.799881,-0.477905,
1763896909989,0.803771,-0.477757,0.802954,-0.477788,
1763896910029,0.806995,-0.477634,0.806148,-0.477666,
1763896910067,0.810223,-0.477511,0.809389,-0.477543,
1763896910106,0.813452,-0.477388,0.812648,-0.477418,
1763896910156,0.816846,-0.477258,0.816017,-0.47729,
1763896910190,0.820244,-0.477128,0.819429,-0.47716,
1763896910237,0.823808,-0.476992,0.822963,-0.477025,
1763896910271,0.827541,-0.47685,0.826649,-0.476884,
1763896910319,0.831444,-0.476701,0.8305,-0.476737,
1763896910353,0.835517,-0.476545,0.834521,-0.476583,
1763896910411,0.839925,-0.476377,0.838818,-0.47642,
1763896910440,0.844508,-0.476203,0.84333,-0.476247,
1763896910474,0.84926,-0.476021,0.84803,-0.476068,
1763896910508,0.854183,-0.475834,0.852909,-0.475882,
1763896910546,0.859275,-0.475639,0.857962,-0.475689,
1763896910577,0.864537,-0.475438,0.863188,-0.47549,
1763896910619,0.869969,-0.475231,0.868586,-0.475284,
1763896910666,0.870599,-0.475207,0.870991,-0.475192,
1763896910709,0.872214,-0.475145,0.872882,-0.47512,
1763896910748,0.874979,-0.47504,0.875309,-0.475027,
1763896910796,0.878896,-0.47489,0.878674,-0.474899,
1763896910842,0.883968,-0.474697,0.883132,-0.474729,
1763896910899,0.890195,-0.474459,0.888741,-0.474515,
1763896910938,0.897311,-0.474188,0.895352,-0.474262,
1763896910979,0.904612,-0.473909,0.902462,-0.473991,
1763896911018,0.912084,-0.473624,0.909866,-0.473708,
1763896911057,0.919568,-0.473338,0.917389,-0.473421,
1763896911091,0.927541,-0.473034,0.925264,-0.473121,
1763896911126,0.935691,-0.472723,0.933382,-0.472811,
1763896911165,0.944011,-0.472405,0.941698,-0.472494,
1763896911204,0.9525,-0.472081,0.950194,-0.472169,
1763896911256,0.961159,-0.471751,0.958864,-0.471838,
1763896911290,0.969988,-0.471414,0.967704,-0.471501,
1763896911331,0.978823,-0.471076,0.976609,-0.471161,
1763896911366,0.987657,-0.470739,0.985536,-0.47082,
1763896911410,0.996493,-0.470402,0.994469,-0.470479,
1763896911464,1.00533,-0.470065,1.0034,-0.470139,
1763896911492,1.01416,-0.469728,1.01233,-0.469798,
1763896911547,1.023,-0.469391,1.02125,-0.469457,
1763896911577,1.03183,-0.469053,1.03017,-0.469117,
1763896911611,1.04067,-0.468716,1.03909,-0.468776,
1763896911642,1.0495,-0.468379,1.048,-0.468436,
1763896911693,1.05834,-0.468042,1.05691,-0.468096,
1763896911729,1.06717,-0.467704,1.06581,-0.467756,
1763896911753,1.07601,-0.467367,1.07471,-0.467417,
1763896911804,1.08484,-0.46703,1.08361,-0.467077,
1763896911856,1.09368,-0.466692,1.09251,-0.466737,
1763896911892,1.10251,-0.466355,1.1014,-0.466398,
1763896911926,1.11135,-0.466018,1.11029,-0.466058,
1763896911971,1.12018,-0.465681,1.11917,-0.465719,
1763896912017,1.12901,-0.465343,1.12806,-0.46538,
1763896912065,1.13785,-0.465006,1.13694,-0.465041,
1763896912108,1.14668,-0.464669,1.14582,-0.464702,
1763896912150,1.15552,-0.464331,1.1547,-0.464363,
1763896912186,1.16435,-0.463994,1.16357,-0.464024,
1763896912228,1.17319,-0.463657,1.17244,-0.463685,
1763896912278,1.18202,-0.463319,1.18131,-0.463346,
1763896912314,1.19086,-0.462982,1.19018,-0.463008,
1763896912355,1.19969,-0.462645,1.19905,-0.462669,
1763896912391,1.20853,-0.462307,1.20792,-0.462331,
1763896912426,1.21736,-0.46197,1.21678,-0.461992,
1763896912467,1.2262,-0.461632,1.22565,-0.461654,
1763896912511,1.23503,-0.461295,1.23451,-0.461315,
1763896912551,1.24387,-0.460958,1.24337,-0.460977,
1763896912584,1.2527,-0.46062,1.25223,-0.460638,
1763896912642,1.26154,-0.460283,1.26108,-0.4603,
1763896912683,1.27037,-0.459945,1.26994,-0.459962,
1763896912712,1.27921,-0.459608,1.2788,-0.459624,
1763896912759,1.28804,-0.45927,1.28765,-0.459285,
1763896912795,1.29687,-0.458933,1.29651,-0.458947,
1763896912837,1.30571,-0.458595,1.30536,-0.458609,
1763896912881,1.31454,-0.458258,1.31421,-0.458271,
1763896912916,1.32338,-0.457921,1.32306,-0.457933,
1763896912960,1.33221,-0.457583,1.33191,-0.457595,
1763896912993,1.34105,-0.457246,1.34076,-0.457257,
1763896913026,1.34988,-0.456908,1.34961,-0.456919,
1763896913080,1.35872,-0.456571,1.35846,-0.456581,
1763896913116,1.36755,-0.456233,1.36731,-0.456243,
1763896913154,1.37639,-0.455896,1.37615,-0.455905,
1763896913201,1.38522,-0.455558,1.385,-0.455567,
1763896913244,1.39406,-0.455221,1.39384,-0.455229,
1763896913281,1.40289,-0.454883,1.40269,-0.454891,
1763896913317,1.41173,-0.454545,1.41153,-0.454553,
1763896913352,1.42056,-0.454208,1.42038,-0.454215,
1763896913396,1.4294,-0.45387,1.42922,-0.453877,
1763896913431,1.43823,-0.453533,1.43807,-0.453539,
1763896913474,1.44707,-0.453195,1.44691,-0.453201,
1763896913510,1.4559,-0.452858,1.45575,-0.452864,
1763896913563,1.46474,-0.45252,1.46459,-0.452526,
1763896913602,1.47357,-0.452183,1.47343,-0.452188,
1763896913636,1.4824,-0.451845,1.48228,-0.45185,
1763896913686,1.49124,-0.451507,1.49112,-0.451512,
1763896913719,1.50007,-0.45117,1.49996,-0.451174,
1763896913755,1.50891,-0.450832,1.5088,-0.450836,
1763896913792,1.51774,-0.450495,1.51764,-0.450499,
1763896913827,1.52658,-0.450157,1.52648,-0.450161,
1763896913867,1.53541,-0.449819,1.53532,-0.449823,
1763896913910,1.54425,-0.44948,1.54416,-0.449484,
1763896913967,1.55308,-0.449133,1.55299,-0.44914,
1763896914006,1.56191,-0.448773,1.56183,-0.448785,
1763896914047,1.57074,-0.448391,1.57066,-0.448413,
1763896914079,1.57956,-0.447983,1.57949,-0.448018,
1763896914123,1.58839,-0.447547,1.58832,-0.447595,
1763896914167,1.59721,-0.447082,1.59715,-0.447144,
1763896914191,1.60603,-0.446587,1.60597,-0.446663,
1763896914220,1.61485,-0.446063,1.6148,-0.446153,
1763896914249,1.62367,-0.445509,1.62362,-0.445612,
1763896914279,1.63248,-0.444925,1.63244,-0.44504,
1763896914314,1.64129,-0.444311,1.64125,-0.444439,
1763896914351,1.65011,-0.443668,1.65007,-0.443807,
1763896914392,1.65891,-0.442994,1.65888,-0.443144,
1763896914435,1.6669,-0.442351,1.66716,-0.442489,
1763896914472,1.67546,-0.441628,1.67562,-0.441787,
1763896914517,1.68425,-0.440841,1.68428,-0.441025,
1763896914568,1.69303,-0.439975,1.69301,-0.440192,
1763896914604,1.70178,-0.439,1.70176,-0.439262,
1763896914645,1.71052,-0.437899,1.71051,-0.438215,
1763896914683,1.71924,-0.43664,1.71923,-0.437024,
1763896914727,1.72792,-0.435208,1.72793,-0.435668,
1763896914775,1.73658,-0.433589,1.7366,-0.434131,
1763896914809,1.74518,-0.43177,1.74523,-0.432398,
1763896914856,1.75375,-0.429735,1.75382,-0.430453,
1763896914896,1.76224,-0.427467,1.76234,-0.428282,
1763896914931,1.77066,-0.424946,1.7708,-0.425863,
1763896914980,1.77899,-0.422158,1.77917,-0.423182,
1763896915023,1.78618,-0.419482,1.78678,-0.420473,
1763896915063,1.7922,-0.416997,1.79337,-0.417877,
1763896915100,1.79708,-0.414778,1.79883,-0.415494,
1763896915133,1.80122,-0.412718,1.8034,-0.413295,
1763896915178,1.80488,-0.410742,1.80733,-0.411221,
1763896915216,1.80809,-0.408881,1.81072,-0.409268,
1763896915244,1.81082,-0.407199,1.81361,-0.407476,
1763896915279,1.81306,-0.405755,1.816,-0.405897,
1763896915319,1.81479,-0.404588,1.81789,-0.404575,
1763896915364,1.81603,-0.403724,1.81927,-0.403546,
1763896915413,1.8168,-0.403179,1.82016,-0.40283,
1763896915439,1.8171,-0.402963,1.82058,-0.402442,
1763896915483,1.81711,-0.402956,1.82063,-0.402312,
1763896915511,1.81712,-0.402953,1.82055,-0.402283,
1763896915547,1.81712,-0.402952,1.82041,-0.402292,
1763896915587,1.81712,-0.402951,1.82027,-0.402314,
1763896915631,1.81712,-0.40295,1.82012,-0.402341,
1763896915670,1.81712,-0.402949,1.81997,-0.402369,
1763896915716,1.81712,-0.402949,1.81984,-0.402396,
1763896915758,1.81712,-0.402948,1.81971,-0.402422,
1763896915787,1.81712,-0.402947,1.81958,-0.402447,
1763896915829,1.81712,-0.402946,1.81946,-0.40247,
1763896915862,1.81713,-0.402945,1.81935,-0.402493,
1763896915902,1.81713,-0.402944,1.81924,-0.402514,
1763896915950,1.81713,-0.402944,1.81914,-0.402534,
1763896915987,1.81713,-0.402943,1.81904,-0.402553,
1763896916029,1.81713,-0.402942,1.81895,-0.402571,
1763896916060,1.81713,-0.402942,1.81886,-0.402589,
1763896916097,1.81713,-0.402942,1.81878,-0.402606,
1763896916139,1.81713,-0.402942,1.8187,-0.402622,
1763896916194,1.81713,-0.402942,1.81862,-0.402638,
1763896916221,1.81713,-0.402943,1.81854,-0.402653,
1763896916264,1.81712,-0.402944,1.81847,-0.402669,
1763896916294,1.81712,-0.402946,1.8184,-0.402684,
1763896916335,1.81712,-0.402947,1.81834,-0.402698,
1763896916364,1.81712,-0.402949,1.81828,-0.402712,
1763896916405,1.81711,-0.402951,1.81822,-0.402725,
1763896916449,1.81711,-0.402953,1.81816,-0.402738,
1763896916477,1.81711,-0.402954,1.81811,-0.40275,
1763896916521,1.8171,-0.402956,1.81805,-0.402762,
1763896916558,1.8171,-0.40296,1.818,-0.402774,
1763896916596,1.8171,-0.402962,1.81796,-0.402786,
1763896916635,1.81709,-0.402967,1.81791,-0.402798,
1763896916668,1.81708,-0.402983,1.81786,-0.402818,
1763896916710,1.81705,-0.403005,1.8178,-0.402845,
1763896916751,1.81703,-0.403032,1.81774,-0.402876,
1763896916795,1.817,-0.403063,1.81768,-0.402912,
1763896916833,1.81697,-0.403097,1.81762,-0.402951,
1763896916877,1.81693,-0.403139,1.81755,-0.402996,
1763896916908,1.81689,-0.403185,1.81748,-0.403047,
1763896916959,1.81685,-0.403233,1.81741,-0.403099,
1763896916998,1.81681,-0.403281,1.81734,-0.403154,
1763896917048,1.81676,-0.403333,1.81728,-0.40321,
1763896917091,1.81672,-0.403387,1.81721,-0.403268,
1763896917136,1.81668,-0.403443,1.81714,-0.403329,
1763896917164,1.81663,-0.403502,1.81708,-0.403392,
1763896917201,1.8166,-0.403557,1.81702,-0.403453,
1763896917235,1.81658,-0.403589,1.81697,-0.403499,
1763896917272,1.81656,-0.403623,1.81693,-0.40354,
1763896917308,1.81655,-0.403659,1.8169,-0.40358,
1763896917351,1.81653,-0.403696,1.81686,-0.403621,
1763896917403,1.81652,-0.403736,1.81683,-0.403663,
1763896917432,1.81651,-0.403778,1.8168,-0.403708,
1763896917481,1.8165,-0.403813,1.81678,-0.403749,
1763896917520,1.81649,-0.403852,1.81676,-0.40379,
1763896917556,1.81648,-0.403896,1.81674,-0.403835,
1763896917609,1.81647,-0.403945,1.81672,-0.403884,
1763896917657,1.81647,-0.404,1.8167,-0.403939,
1763896917680,1.81646,-0.404057,1.81668,-0.403997,
1763896917721,1.81646,-0.404116,1.81666,-0.404058,
1763896917759,1.81645,-0.404177,1.81665,-0.40412,
1763896917796,1.81645,-0.40424,1.81664,-0.404185,
1763896917840,1.81645,-0.404305,1.81663,-0.404251,
1763896917883,1.81645,-0.404373,1.81662,-0.40432,
1763896917916,1.81645,-0.404446,1.8166,-0.404393,
1763896917957,1.81644,-0.404519,1.81659,-0.404468,
1763896917994,1.81644,-0.404592,1.81658,-0.404543,
1763896918035,1.81645,-0.404664,1.81658,-0.404617,
1763896918072,1.81645,-0.404735,1.81658,-0.404692,
1763896918106,1.81647,-0.404807,1.81658,-0.404766,
1763896918139,1.81648,-0.40488,1.81659,-0.40484,
1763896918179,1.8165,-0.404953,1.8166,-0.404915,
1763896918216,1.81651,-0.405021,1.81661,-0.404986,
1763896918256,1.81652,-0.405088,1.81662,-0.405056,
1763896918288,1.81654,-0.405147,1.81662,-0.40512,
1763896918322,1.81655,-0.405193,1.81663,-0.405173,
1763896918368,1.81656,-0.405227,1.81664,-0.405215,
1763896918413,1.81656,-0.405247,1.81664,-0.405243,
1763896918434,1.81657,-0.405255,1.81664,-0.405259,
1763896918488,1.81656,-0.405258,1.81664,-0.405266,
1763896918543,1.81656,-0.405258,1.81664,-0.405269,
1763896918575,1.81656,-0.405258,1.81663,-0.405269,
1763896918610,1.81656,-0.405257,1.81663,-0.405269,
1763896918647,1.81656,-0.405256,1.81662,-0.405267,
1763896918681,1.81656,-0.405255,1.81662,-0.405266,
1763896918732,1.81656,-0.405254,1.81662,-0.405265,
1763896918761,1.81656,-0.405253,1.81662,-0.405263,
1763896918794,1.81656,-0.405253,1.81661,-0.405262,
1763896918835,1.81656,-0.405252,1.81661,-0.40526,
1763896918879,1.81656,-0.405251,1.81661,-0.405259,
1763896918921,1.81656,-0.40525,1.8166,-0.405258,
1763896918966,1.81656,-0.405249,1.8166,-0.405256,
1763896919004,1.81656,-0.405248,1.8166,-0.405255,
1763896919051,1.81651,-0.405091,1.81656,-0.405155,
1763896919095,1.81645,-0.40493,1.81651,-0.405014,
1763896919128,1.81639,-0.404768,1.81646,-0.404857,
1763896919166,1.81628,-0.404451,1.81637,-0.404595,
1763896919212,1.81617,-0.404129,1.81626,-0.404291,
1763896919247,1.81606,-0.403806,1.81615,-0.40397,
1763896919292,1.81595,-0.403484,1.81603,-0.403643,
1763896919335,1.81584,-0.403161,1.81592,-0.403314,
1763896919372,1.81573,-0.402839,1.8158,-0.402985,
1763896919413,1.81562,-0.402516,1.81569,-0.402656,
1763896919452,1.81551,-0.402194,1.81557,-0.402326,
1763896919493,1.8154,-0.401872,1.81546,-0.401998,
1763896919531,1.81529,-0.401549,1.81535,-0.401669,
1763896919565,1.81512,-0.401072,1.8152,-0.401242,
1763896919617,1.8149,-0.400434,1.815,-0.400676,
1763896919668,1.81462,-0.399635,1.81475,-0.399954,
1763896919694,1.81451,-0.399292,1.81458,-0.399464,
1763896919740,1.81412,-0.398154,1.81427,-0.398556,
1763896919785,1.81363,-0.39671,1.81384,-0.397295,
1763896919812,1.81309,-0.395102,1.81333,-0.395796,
1763896919849,1.81244,-0.393178,1.81273,-0.394006,
1763896919882,1.81174,-0.39109,1.81205,-0.392,
1763896919936,1.81098,-0.38884,1.81132,-0.389812,
1763896919988,1.81016,-0.386428,1.81052,-0.387453,
1763896920021,1.8094,-0.384168,1.80973,-0.385125,
1763896920064,1.80842,-0.381292,1.80881,-0.38242,
1763896920118,1.80738,-0.37824,1.80781,-0.37946,
1763896920143,1.80629,-0.375025,1.80673,-0.376301,
1763896920184,1.80514,-0.371651,1.8056,-0.372967,
1763896920235,1.80394,-0.368113,1.80441,-0.369463,
1763896920259,1.80262,-0.36426,1.80312,-0.365697,
1763896920304,1.80125,-0.360242,1.80177,-0.361727,
1763896920342,1.79983,-0.356063,1.80035,-0.357579,
1763896920373,1.79835,-0.351723,1.79888,-0.353263,
1763896920420,1.79681,-0.347222,1.79735,-0.348783,
1763896920468,1.79538,-0.343026,1.79587,-0.344437,
1763896920507,1.79369,-0.338064,1.79424,-0.339656,
1763896920542,1.79194,-0.332921,1.79251,-0.334597,
1763896920596,1.79013,-0.327612,1.79072,-0.329328,
1763896920637,1.78821,-0.321987,1.78883,-0.323781,
1763896920677,1.78624,-0.316199,1.78686,-0.318027,
1763896920718,1.78421,-0.310246,1.78484,-0.312091,
1763896920768,1.78207,-0.303981,1.78273,-0.30589,
1763896920807,1.77988,-0.297549,1.78054,-0.299484,
1763896920852,1.77763,-0.290956,1.7783,-0.292901,
1763896920897,1.77538,-0.284358,1.77603,-0.28625,
1763896920928,1.77297,-0.277294,1.77365,-0.279279,
1763896920976,1.77051,-0.270057,1.7712,-0.272079,
1763896921023,1.76799,-0.26266,1.76868,-0.264693,
1763896921072,1.76536,-0.254947,1.76607,-0.257037,
1763896921112,1.76262,-0.24691,1.76336,-0.249076,
1763896921155,1.75982,-0.238708,1.76057,-0.240896,
1763896921201,1.75697,-0.230345,1.75772,-0.232534,
1763896921230,1.75412,-0.221977,1.75485,-0.224102,
1763896921265,1.75127,-0.213609,1.75197,-0.215646,
1763896921305,1.74842,-0.20524,1.74908,-0.207185,
1763896921352,1.74556,-0.196873,1.7462,-0.198724,
1763896921376,1.74271,-0.188505,1.74331,-0.190267,
1763896921409,1.73985,-0.180138,1.74043,-0.181814,
1763896921447,1.73699,-0.171772,1.73754,-0.173366,
1763896921488,1.73414,-0.163405,1.73466,-0.164921,
1763896921538,1.73128,-0.155039,1.73178,-0.156481,
1763896921573,1.72842,-0.146673,1.72889,-0.148044,
1763896921615,1.72556,-0.138307,1.72601,-0.139611,
1763896921667,1.7227,-0.129941,1.72313,-0.131182,
1763896921699,1.71984,-0.121576,1.72025,-0.122756,
1763896921741,1.71698,-0.113211,1.71737,-0.114333,
1763896921785,1.71412,-0.104846,1.71449,-0.105913,
1763896921814,1.71125,-0.096481,1.71161,-0.097496,
1763896921860,1.70839,-0.0881167,1.70872,-0.089082,
1763896921910,1.70552,-0.0797527,1.70584,-0.0806706,
1763896921938,1.70266,-0.0713889,1.70296,-0.0722619,
1763896921968,1.69979,-0.0630253,1.70008,-0.0638555,
1763896922018,1.69693,-0.0546619,1.6972,-0.0554515,
1763896922044,1.69406,-0.0462988,1.69432,-0.0470497,
1763896922090,1.69119,-0.0379358,1.69144,-0.0386499,
1763896922136,1.68832,-0.0295732,1.68856,-0.0302523,
1763896922169,1.68545,-0.0212109,1.68568,-0.0218566,
1763896922205,1.68258,-0.0128488,1.6828,-0.0134629,
1763896922246,1.67971,-0.0044871,1.67992,-0.00507098,
1763896922289,1.67684,0.00387438,1.67704,0.00331917,
1763896922322,1.67397,0.0122357,1.67415,0.0117077,
1763896922362,1.67109,0.0205968,1.67127,0.0200947,
1763896922409,1.66822,0.0289576,1.66839,0.0284802,
1763896922444,1.66534,0.0373182,1.66551,0.0368642,
1763896922486,1.66247,0.0456786,1.66262,0.0452469,
1763896922525,1.65959,0.0540373,1.65974,0.0536274,
1763896922570,1.6567,0.0623925,1.65685,0.0620041,
1763896922613,1.65381,0.0707429,1.65395,0.0703758,
1763896922652,1.6509,0.0790872,1.65104,0.0787411,
1763896922680,1.64796,0.0874229,1.64811,0.087098,
1763896922731,1.64501,0.0957491,1.64516,0.0954452,
1763896922783,1.64202,0.104065,1.64218,0.103782,
1763896922810,1.63901,0.112371,1.63918,0.112107,
1763896922839,1.63597,0.120667,1.63615,0.120422,
1763896922892,1.6329,0.128952,1.63308,0.128725,
1763896922927,1.6298,0.137226,1.62999,0.137016,
1763896922973,1.62668,0.145489,1.62687,0.145296,
1763896923015,1.62352,0.153742,1.62373,0.153565,
1763896923054,1.62034,0.161983,1.62055,0.161821,
1763896923099,1.61712,0.170214,1.61734,0.170066,
1763896923133,1.61388,0.178433,1.61411,0.178299,
1763896923179,1.61061,0.186641,1.61085,0.18652,
1763896923217,1.60732,0.194838,1.60755,0.19473,
1763896923251,1.60399,0.203023,1.60423,0.202927,
1763896923288,1.60063,0.211197,1.60088,0.211112,
1763896923323,1.59725,0.219359,1.5975,0.219285,
1763896923362,1.59384,0.227507,1.5941,0.227445,
1763896923402,1.59039,0.235641,1.59066,0.23559,
1763896923437,1.58691,0.243757,1.58718,0.243718,
1763896923478,1.58338,0.251854,1.58366,0.251827,
1763896923529,1.57981,0.25993,1.5801,0.259916,
1763896923557,1.57618,0.267981,1.57649,0.267982,
1763896923600,1.5725,0.276008,1.57282,0.276023,
1763896923640,1.56877,0.28401,1.56911,0.284038,
1763896923680,1.56498,0.291987,1.56533,0.292028,
1763896923721,1.56114,0.299937,1.56151,0.299992,
1763896923761,1.55724,0.307861,1.55763,0.307929,
1763896923809,1.55329,0.315758,1.55369,0.315838,
1763896923858,1.54929,0.323628,1.5497,0.32372,
1763896923890,1.54523,0.331469,1.54565,0.331573,
1763896923920,1.54127,0.338993,1.54164,0.339214,
1763896923955,1.53717,0.346649,1.53757,0.346857,
1763896924002,1.53293,0.354387,1.53338,0.354555,
1763896924035,1.5286,0.362067,1.52909,0.362236,
1763896924072,1.52414,0.369669,1.52467,0.369862,
1763896924116,1.51954,0.377187,1.52012,0.377413,
1763896924159,1.5148,0.384613,1.51544,0.384878,
1763896924196,1.5099,0.391931,1.51059,0.392241,
1763896924243,1.50482,0.399121,1.50558,0.399485,
1763896924288,1.49955,0.406176,1.50038,0.406598,
1763896924336,1.49411,0.413039,1.495,0.413539,
1763896924359,1.48847,0.419714,1.48943,0.420296,
1763896924387,1.48261,0.426194,1.48364,0.426858,
1763896924425,1.47653,0.432453,1.47764,0.433208,
1763896924456,1.47021,0.438487,1.4714,0.439334,
1763896924495,1.46368,0.444263,1.46494,0.445212,
1763896924533,1.45691,0.449781,1.45825,0.450832,
1763896924572,1.4499,0.455054,1.45131,0.4562,
1763896924624,1.44266,0.460024,1.44414,0.46128,
1763896924669,1.43521,0.464658,1.43675,0.466038,
1763896924709,1.42755,0.468927,1.42913,0.470444,
1763896924755,1.41969,0.472797,1.42132,0.474463,
1763896924794,1.41163,0.476256,1.4133,0.478075,
1763896924841,1.40341,0.479262,1.4051,0.481247,
1763896924885,1.39504,0.481785,1.39674,0.483946,
1763896924921,1.38655,0.483814,1.38825,0.486154,
1763896924968,1.37795,0.485341,1.37964,0.487857,
1763896925006,1.36929,0.486336,1.37095,0.489034,
1763896925035,1.36059,0.48682,1.36219,0.489689,
1763896925085,1.35187,0.486787,1.35341,0.48982,
1763896925118,1.34316,0.486234,1.34464,0.489424,
1763896925148,1.33451,0.485154,1.3359,0.488497,
1763896925186,1.32595,0.483527,1.32722,0.487023,
1763896925235,1.31803,0.481515,1.31899,0.485102,
1763896925283,1.31067,0.479179,1.31129,0.482808,
1763896925320,1.30391,0.476612,1.30417,0.480232,
1763896925357,1.29777,0.473915,1.29766,0.477469,
1763896925390,1.29226,0.471183,1.29179,0.474618,
1763896925423,1.28736,0.468488,1.28656,0.471763,
1763896925465,1.28306,0.465895,1.28194,0.468976,
1763896925504,1.27932,0.463466,1.27792,0.466324,
1763896925538,1.27613,0.461248,1.27446,0.463862,
1763896925586,1.27345,0.45928,1.27155,0.461636,
1763896925636,1.27128,0.457613,1.26917,0.459694,
1763896925660,1.26964,0.456309,1.26732,0.458095,
1763896925701,1.26851,0.455388,1.266,0.456874,
1763896925748,1.26786,0.454843,1.26518,0.456038,
1763896925774,1.26764,0.45466,1.26482,0.455582,
1763896925821,1.26763,0.454657,1.26478,0.455386,
1763896925849,1.26763,0.454655,1.26485,0.455292,
1763896925892,1.26763,0.454654,1.26495,0.455238,
1763896925951,1.26763,0.454654,1.26507,0.4552,
1763896925976,1.26763,0.454654,1.26519,0.45517,
1763896926014,1.26763,0.454653,1.26531,0.455143,
1763896926042,1.26763,0.454653,1.26542,0.455118,
1763896926089,1.26763,0.454652,1.26553,0.455095,
1763896926133,1.26763,0.454651,1.26563,0.455072,
1763896926176,1.26763,0.45465,1.26573,0.455051,
1763896926214,1.26762,0.454648,1.26582,0.455029,
1763896926258,1.26762,0.454645,1.2659,0.455008,
1763896926294,1.26762,0.454641,1.26598,0.454987,
1763896926329,1.26761,0.454636,1.26606,0.454965,
1763896926364,1.2676,0.454628,1.26613,0.454943,
1763896926397,1.2676,0.45462,1.26619,0.45492,
1763896926442,1.26759,0.454612,1.26625,0.454898,
1763896926483,1.26758,0.454604,1.26631,0.454876,
1763896926509,1.26757,0.454596,1.26637,0.454855,
1763896926558,1.26756,0.454588,1.26642,0.454834,
1763896926613,1.26756,0.45458,1.26646,0.454814,
1763896926641,1.26755,0.454572,1.26651,0.454795,
1763896926682,1.26754,0.454565,1.26655,0.454776,
1763896926723,1.26753,0.454557,1.26659,0.454758,
1763896926756,1.26752,0.454547,1.26663,0.454739,
1763896926796,1.26751,0.454534,1.26666,0.454718,
1763896926825,1.2675,0.454528,1.26669,0.454701,
1763896926873,1.26749,0.454522,1.26672,0.454686,
1763896926908,1.26748,0.454516,1.26675,0.454672,
1763896926943,1.26747,0.45451,1.26677,0.454658,
1763896926987,1.26745,0.454503,1.26679,0.454644,
1763896927017,1.26744,0.454495,1.26681,0.45463,
1763896927061,1.26743,0.454488,1.26683,0.454616,
1763896927108,1.26741,0.454481,1.26685,0.454603,
1763896927149,1.2674,0.454474,1.26686,0.45459,
1763896927198,1.26738,0.454467,1.26687,0.454577,
1763896927237,1.26737,0.45446,1.26688,0.454565,
1763896927270,1.26735,0.454453,1.26689,0.454553,
1763896927300,1.26733,0.454446,1.26689,0.454541,
1763896927339,1.26732,0.454438,1.2669,0.454529,
1763896927363,1.2673,0.454431,1.2669,0.454517,
1763896927394,1.26728,0.454423,1.2669,0.454505,
1763896927424,1.26725,0.454416,1.2669,0.454494,
1763896927466,1.26723,0.45441,1.26689,0.454483,
1763896927503,1.26721,0.454403,1.26689,0.454473,
1763896927539,1.26719,0.454396,1.26688,0.454463,
1763896927581,1.26717,0.45439,1.26688,0.454453,
1763896927627,1.26715,0.454384,1.26687,0.454444,
1763896927671,1.26712,0.454379,1.26686,0.454435,
1763896927709,1.2671,0.454373,1.26685,0.454427,
1763896927764,1.26708,0.454368,1.26684,0.454419,
1763896927798,1.26705,0.454363,1.26683,0.454411,
1763896927844,1.26703,0.454358,1.26681,0.454404,
1763896927900,1.267,0.454353,1.2668,0.454396,
1763896927939,1.26697,0.454347,1.26678,0.454389,
1763896927992,1.26694,0.454342,1.26676,0.454382,
1763896928035,1.26691,0.454337,1.26674,0.454375,
1763896928080,1.26688,0.454333,1.26672,0.454368,
1763896928122,1.26685,0.454328,1.2667,0.454362,
1763896928161,1.26682,0.454324,1.26667,0.454356,
1763896928201,1.26679,0.45432,1.26665,0.45435,
1763896928256,1.26676,0.454316,1.26662,0.454344,
1763896928287,1.26673,0.454312,1.2666,0.454339,
1763896928324,1.2667,0.454308,1.26657,0.454334,
1763896928362,1.26666,0.454305,1.26655,0.454329,
1763896928398,1.26663,0.454301,1.26652,0.454324,
1763896928427,1.26659,0.454292,1.26649,0.454316,
1763896928467,1.26656,0.454283,1.26646,0.454307,
1763896928515,1.26653,0.454275,1.26643,0.454297,
1763896928546,1.26649,0.454268,1.2664,0.454289,
1763896928584,1.26646,0.454262,1.26638,0.454281,
1763896928647,1.26643,0.454257,1.26635,0.454275,
1763896928682,1.26639,0.454253,1.26632,0.45427,
1763896928733,1.26636,0.45425,1.26629,0.454265,
1763896928767,1.26633,0.454249,1.26626,0.454262,
1763896928806,1.26629,0.454248,1.26623,0.45426,
1763896928844,1.26609,0.454257,1.26609,0.454265,
1763896928880,1.26589,0.454269,1.26591,0.454274,
1763896928911,1.26552,0.454299,1.26561,0.454297,
1763896928948,1.26515,0.454336,1.26527,0.454328,
1763896928982,1.26478,0.45438,1.2649,0.454368,
1763896929014,1.26441,0.454425,1.26452,0.454411,
1763896929058,1.26404,0.454474,1.26415,0.454459,
1763896929100,1.26367,0.454529,1.26378,0.454511,
1763896929147,1.2633,0.45459,1.2634,0.45457,
1763896929179,1.26294,0.454656,1.26303,0.454634,
1763896929219,1.26257,0.454728,1.26266,0.454704,
1763896929268,1.26221,0.454806,1.26229,0.454779,
1763896929299,1.26185,0.45489,1.26193,0.454861,
1763896929351,1.26149,0.454979,1.26156,0.454948,
1763896929385,1.26145,0.454977,1.26141,0.45498,
1763896929421,1.26145,0.454979,1.26135,0.454992,
1763896929456,1.26145,0.454983,1.26133,0.454999,
1763896929485,1.26145,0.454984,1.26133,0.455002,
1763896929528,1.26145,0.454984,1.26133,0.455002,
1763896929582,1.26145,0.454985,1.26134,0.455002,
1763896929620,1.26145,0.454985,1.26134,0.455002,
1763896929657,1.26145,0.454985,1.26134,0.455001,
1763896929693,1.26145,0.454985,1.26135,0.455001,
1763896929733,1.26145,0.454986,1.26135,0.455,
1763896929763,1.26144,0.454986,1.26135,0.455,
1763896929802,1.26144,0.454987,1.26136,0.455,
1763896929853,1.26144,0.454987,1.26136,0.455,
1763896929896,1.26144,0.454987,1.26136,0.454999,
1763896929932,1.26144,0.454988,1.26137,0.454999,
1763896929975,1.26144,0.454988,1.26137,0.454999,
1763896930004,1.26144,0.454988,1.26137,0.454999,
1763896930041,1.26143,0.454989,1.26137,0.454998,
1763896930095,1.26143,0.454989,1.26137,0.454998,
1763896930131,1.26143,0.45499,1.26138,0.454998,
1763896930163,1.26143,0.45499,1.26138,0.454998,
1763896930203,1.26143,0.454991,1.26138,0.454998,
1763896930255,1.26143,0.454991,1.26138,0.454998,
1763896930289,1.26143,0.454991,1.26138,0.454998,
1763896930317,1.26143,0.454991,1.26138,0.454998,
1763896930351,1.26142,0.454992,1.26138,0.454998,
1763896930392,1.26142,0.454992,1.26138,0.454998,
1763896930431,1.26142,0.454993,1.26138,0.454998,
1763896930471,1.26142,0.454993,1.26138,0.454999,
1763896930503,1.26142,0.454993,1.26138,0.454999,
1763896930540,1.26142,0.454994,1.26138,0.454999,
1763896930579,1.26142,0.454994,1.26139,0.454999,
1763896930614,1.26142,0.454994,1.26139,0.454999,
1763896930653,1.26141,0.454995,1.26139,0.454999,
1763896930691,1.26141,0.454995,1.26139,0.454999,
1763896930735,1.26141,0.454995,1.26139,0.454999,
1763896930789,1.26141,0.454996,1.26139,0.455,
1763896930817,1.26141,0.454996,1.26139,0.455,
1763896930867,1.26141,0.454997,1.26139,0.455,
1763896930907,1.26141,0.454997,1.26139,0.455,
1763896930940,1.26141,0.454997,1.26139,0.455,
1763896930986,1.2614,0.454998,1.26138,0.455001,
1763896931020,1.2614,0.454998,1.26138,0.455001,
1763896931063,1.2614,0.454998,1.26138,0.455001,
1763896931089,1.2614,0.454999,1.26138,0.455001,
1763896931128,1.2614,0.454999,1.26138,0.455002,
1763896931161,1.2614,0.455,1.26138,0.455002,
1763896931210,1.2614,0.455,1.26138,0.455002,
1763896931247,1.26139,0.455,1.26138,0.455002,
1763896931296,1.26139,0.455001,1.26138,0.455003,
1763896931325,1.26139,0.455001,1.26138,0.455003,
1763896931361,1.26139,0.455001,1.26138,0.455003,
1763896931389,1.26139,0.455002,1.26138,0.455003,
1763896931423,1.26139,0.455002,1.26138,0.455004,
1763896931459,1.26139,0.455003,1.26138,0.455004,
1763896931507,1.26139,0.455003,1.26138,0.455004,
1763896931553,1.26138,0.455003,1.26138,0.455005,
1763896931593,1.26138,0.455004,1.26137,0.455005,
1763896931629,1.26138,0.455004,1.26137,0.455005,
1763896931667,1.26138,0.455004,1.26137,0.455006,
1763896931704,1.26138,0.455005,1.26137,0.455006,
1763896931752,1.26138,0.455005,1.26137,0.455006,
1763896931783,1.26138,0.455006,1.26137,0.455007,
1763896931821,1.26138,0.455006,1.26137,0.455007,
1763896931858,1.26137,0.455006,1.26137,0.455007,
1763896931894,1.26137,0.455007,1.26137,0.455008,
1763896931946,1.26137,0.455007,1.26137,0.455008,
1763896931983,1.26137,0.455007,1.26136,0.455008,
1763896932012,1.26137,0.455008,1.26136,0.455008,
1763896932055,1.26137,0.455008,1.26136,0.455009,
1763896932090,1.26137,0.455008,1.26136,0.455009,
1763896932131,1.26136,0.455009,1.26136,0.455009,
1763896932168,1.26136,0.455009,1.26136,0.45501,
1763896932200,1.26136,0.45501,1.26136,0.45501,
1763896932253,1.26136,0.45501,1.26136,0.455011,
1763896932290,1.26136,0.45501,1.26136,0.455011,
1763896932323,1.26136,0.455011,1.26135,0.455011,
1763896932360,1.26136,0.455011,1.26135,0.455012,
1763896932415,1.26136,0.455012,1.26135,0.455012,
1763896932448,1.26135,0.455012,1.26135,0.455012,
1763896932484,1.26135,0.455012,1.26135,0.455013,
1763896932518,1.26135,0.455013,1.26135,0.455013,
1763896932559,1.26135,0.455013,1.26135,0.455013,
1763896932608,1.26135,0.455013,1.26135,0.455014,
1763896932643,1.26135,0.455014,1.26135,0.455014,
1763896932682,1.26135,0.455014,1.26134,0.455014,
1763896932731,1.26135,0.455014,1.26134,0.455015,
1763896932778,1.26134,0.455015,1.26134,0.455015,
1763896932811,1.26134,0.455015,1.26134,0.455016,
1763896932859,1.26134,0.455016,1.26134,0.455016,
1763896932891,1.26134,0.455016,1.26134,0.455016,
1763896932926,1.26134,0.455016,1.26134,0.455017,
1763896932966,1.26134,0.455017,1.26134,0.455017,
1763896932996,1.26134,0.455017,1.26133,0.455017,
1763896933033,1.26133,0.455017,1.26133,0.455018,
1763896933074,1.26133,0.455018,1.26133,0.455018,
1763896933109,1.26133,0.455018,1.26133,0.455018,
1763896933152,1.26133,0.455019,1.26133,0.455019,
1763896933195,1.26133,0.455019,1.26133,0.455019,
1763896933232,1.26133,0.455019,1.26133,0.45502,
1763896933265,1.26133,0.45502,1.26133,0.45502,
1763896933304,1.26133,0.45502,1.26132,0.45502,
1763896933341,1.26132,0.455021,1.26132,0.455021,
1763896933377,1.26132,0.455021,1.26132,0.455021,
1763896933410,1.26132,0.455021,1.26132,0.455021,
1763896933446,1.26132,0.455022,1.26132,0.455022,
1763896933476,1.26132,0.455022,1.26132,0.455022,
1763896933510,1.26132,0.455022,1.26132,0.455022,
1763896933549,1.26132,0.455023,1.26132,0.455023,
1763896933590,1.26132,0.455023,1.26131,0.455023,
1763896933626,1.26131,0.455023,1.26131,0.455024,
1763896933659,1.26131,0.455024,1.26131,0.455024,
1763896933695,1.26131,0.455024,1.26131,0.455024,
1763896933736,1.26131,0.455025,1.26131,0.455025,
1763896933771,1.26131,0.455025,1.26131,0.455025,
1763896933814,1.26131,0.455025,1.26131,0.455025,
1763896933846,1.26131,0.455026,1.26131,0.455026,
1763896933880,1.26131,0.455026,1.2613,0.455026,
1763896933909,1.2613,0.455027,1.2613,0.455027,
1763896933942,1.2613,0.455027,1.2613,0.455027,
1763896933986,1.2613,0.455027,1.2613,0.455027,
1763896934016,1.2613,0.455027,1.2613,0.455028,
1763896934056,1.2613,0.455028,1.2613,0.455028,
1763896934093,1.2613,0.455028,1.2613,0.455028,
1763896934139,1.2613,0.455029,1.2613,0.455029,
1763896934183,1.26129,0.455029,1.26129,0.455029,
1763896934223,1.26129,0.45503,1.26129,0.45503,
1763896934253,1.26129,0.45503,1.26129,0.45503,
1763896934302,1.26129,0.45503,1.26129,0.45503,
1763896934342,1.26129,0.455031,1.26129,0.455031,
1763896934382,1.26129,0.455031,1.26129,0.455031,
1763896934422,1.26129,0.455031,1.26129,0.455031,
1763896934451,1.26129,0.455032,1.26129,0.455032,
1763896934494,1.26128,0.455032,1.26128,0.455032,
1763896934538,1.26128,0.455032,1.26128,0.455032,
1763896934560,1.26128,0.455033,1.26128,0.455033,
1763896934607,1.26128,0.455033,1.26128,0.455033,
1763896934639,1.26128,0.455034,1.26128,0.455034,
1763896934676,1.26128,0.455034,1.26128,0.455034,
1763896934712,1.26128,0.455034,1.26128,0.455034,
1763896934734,1.26128,0.455035,1.26128,0.455035,
1763896934778,1.26127,0.455035,1.26127,0.455035,
1763896934809,1.26127,0.455035,1.26127,0.455035,
1763896934844,1.26127,0.455036,1.26127,0.455036,
1763896934891,1.26127,0.455036,1.26127,0.455036,
1763896934923,1.26127,0.455037,1.26127,0.455037,
1763896934966,1.26127,0.455037,1.26127,0.455037,
1763896935004,1.26127,0.455037,1.26127,0.455037,
1763896935034,1.26126,0.455038,1.26126,0.455038,
1763896935084,1.26126,0.455038,1.26126,0.455038,
1763896935127,1.26126,0.455038,1.26126,0.455038,
1763896935168,1.26126,0.455039,1.26126,0.455039,
1763896935200,1.26126,0.455039,1.26126,0.455039,
1763896935245,1.26126,0.45504,1.26126,0.45504,
1763896935282,1.26126,0.45504,1.26126,0.45504,
1763896935316,1.26126,0.45504,1.26126,0.45504,
1763896935351,1.26125,0.455041,1.26125,0.455041,
1763896935394,1.26125,0.455041,1.26125,0.455041,
1763896935432,1.26125,0.455041,1.26125,0.455041,
1763896935465,1.26125,0.455042,1.26125,0.455042,
1763896935508,1.26125,0.455042,1.26125,0.455042,
1763896935541,1.26125,0.455042,1.26125,0.455042,
1763896935571,1.26125,0.455043,1.26125,0.455043,
1763896935605,1.26125,0.455043,1.26125,0.455043,
1763896935644,1.26124,0.455044,1.26124,0.455044,
1763896935683,1.26124,0.455044,1.26124,0.455044,
1763896935717,1.26124,0.455044,1.26124,0.455044,
1763896935745,1.26124,0.455045,1.26124,0.455045,
1763896935785,1.26124,0.455045,1.26124,0.455045,
1763896935814,1.26124,0.455046,1.26124,0.455046,
1763896935854,1.26124,0.455046,1.26124,0.455046,
1763896935894,1.26124,0.455046,1.26124,0.455046,
1763896935934,1.26123,0.455047,1.26123,0.455047,
1763896935976,1.26123,0.455047,1.26123,0.455047,
1763896936014,1.26123,0.455047,1.26123,0.455047,
1763896936045,1.26123,0.455048,1.26123,0.455048,
1763896936080,1.26123,0.455048,1.26123,0.455048,
1763896936112,1.26123,0.455049,1.26123,0.455049,
1763896936151,1.26123,0.455049,1.26123,0.455049,
1763896936185,1.26122,0.455049,1.26122,0.455049,
1763896936227,1.26122,0.45505,1.26122,0.45505,
1763896936262,1.26122,0.45505,1.26122,0.45505,
1763896936296,1.26122,0.45505,1.26122,0.45505,
1763896936341,1.26122,0.455051,1.26122,0.455051,
1763896936380,1.26122,0.455051,1.26122,0.455051,
1763896936410,1.26122,0.455051,1.26122,0.455051,
1763896936452,1.26122,0.455052,1.26122,0.455052,
1763896936497,1.26121,0.455052,1.26121,0.455052,
1763896936529,1.26121,0.455053,1.26121,0.455053,
1763896936569,1.26121,0.455053,1.26121,0.455053,
1763896936616,1.26121,0.455053,1.26121,0.455053,
1763896936652,1.26121,0.455054,1.26121,0.455054,
1763896936690,1.26121,0.455054,1.26121,0.455054,
1763896936726,1.26121,0.455055,1.26121,0.455055,
1763896936764,1.26121,0.455055,1.26121,0.455055,
1763896936794,1.2612,0.455055,1.2612,0.455055,
1763896936832,1.2612,0.455056,1.2612,0.455056,
1763896936880,1.2612,0.455056,1.2612,0.455056,
1763896936923,1.2612,0.455056,1.2612,0.455056,
1763896936956,1.2612,0.455057,1.2612,0.455057,
1763896936994,1.2612,0.455057,1.2612,0.455057,
1763896937028,1.2612,0.455057,1.2612,0.455057,
1763896937070,1.26119,0.455058,1.26119,0.455058,
1763896937103,1.26119,0.455058,1.26119,0.455058,
1763896937140,1.26119,0.455059,1.26119,0.455059,
1763896937180,1.26119,0.455059,1.26119,0.455059,
1763896937220,1.26119,0.455059,1.26119,0.455059,
1763896937258,1.26119,0.45506,1.26119,0.45506,
1763896937307,1.26119,0.45506,1.26119,0.45506,
1763896937343,1.26119,0.455061,1.26119,0.455061,
1763896937371,1.26118,0.455061,1.26118,0.455061,
1763896937414,1.26118,0.455061,1.26118,0.455061,
1763896937446,1.26118,0.455062,1.26118,0.455062,
1763896937479,1.26118,0.455062,1.26118,0.455062,
1763896937521,1.26118,0.455062,1.26118,0.455062,
1763896937574,1.26118,0.455063,1.26118,0.455063,
1763896937616,1.26118,0.455063,1.26118,0.455063,
1763896937643,1.26118,0.455063,1.26118,0.455063,
1763896937684,1.26117,0.455064,1.26117,0.455064,
1763896937717,1.26117,0.455064,1.26117,0.455064,
1763896937758,1.26117,0.455065,1.26117,0.455065,
1763896937800,1.26117,0.455065,1.26117,0.455065,
1763896937845,1.26117,0.455065,1.26117,0.455065,
1763896937879,1.26117,0.455066,1.26117,0.455066,
1763896937915,1.26117,0.455066,1.26117,0.455066,
1763896937954,1.26117,0.455066,1.26117,0.455066,
1763896937995,1.26116,0.455067,1.26116,0.455067,
1763896938035,1.26116,0.455067,1.26116,0.455067,
1763896938072,1.26116,0.455068,1.26116,0.455068,
1763896938107,1.26116,0.455068,1.26116,0.455068,
1763896938147,1.26116,0.455068,1.26116,0.455068,
1763896938190,1.26116,0.455069,1.26116,0.455069,
1763896938227,1.26116,0.455069,1.26116,0.455069,
1763896938264,1.26115,0.455069,1.26116,0.455069,
1763896938306,1.26115,0.45507,1.26115,0.45507,
1763896938336,1.26115,0.45507,1.26115,0.45507,
1763896938373,1.26115,0.455071,1.26115,0.455071,
1763896938419,1.26115,0.455071,1.26115,0.455071,
1763896938454,1.26115,0.455071,1.26115,0.455071,
1763896938503,1.26115,0.455072,1.26115,0.455072,
1763896938536,1.26115,0.455072,1.26115,0.455072,
1763896938567,1.26114,0.455073,1.26114,0.455073,
1763896938613,1.26114,0.455073,1.26114,0.455073,
1763896938647,1.26114,0.455073,1.26114,0.455073,
1763896938687,1.26114,0.455074,1.26114,0.455074,
1763896938734,1.26114,0.455074,1.26114,0.455074,
1763896938764,1.26114,0.455074,1.26114,0.455074,
1763896938797,1.26114,0.455075,1.26114,0.455075,
1763896938844,1.26114,0.455075,1.26114,0.455075,
1763896938872,1.26113,0.455076,1.26113,0.455076,
1763896938906,1.26113,0.455076,1.26113,0.455076,
1763896938939,1.26113,0.455076,1.26113,0.455076,
1763896938979,1.26113,0.455077,1.26113,0.455077,
1763896939018,1.26113,0.455077,1.26113,0.455077,
1763896939047,1.26113,0.455078,1.26113,0.455078,
1763896939084,1.26113,0.455078,1.26113,0.455078,
1763896939132,1.26113,0.455078,1.26113,0.455078,
1763896939176,1.26112,0.455079,1.26112,0.455079,
1763896939207,1.26112,0.455079,1.26112,0.455079,
1763896939243,1.26112,0.455079,1.26112,0.455079,
1763896939284,1.26112,0.45508,1.26112,0.45508,
1763896939312,1.26112,0.45508,1.26112,0.45508,
1763896939353,1.26112,0.45508,1.26112,0.45508,
1763896939389,1.26112,0.455081,1.26112,0.455081,
1763896939435,1.26111,0.455081,1.26111,0.455081,
1763896939472,1.26111,0.455082,1.26111,0.455082,
1763896939516,1.26111,0.455082,1.26111,0.455082,
1763896939552,1.26111,0.455082,1.26111,0.455082,
1763896939581,1.26111,0.455083,1.26111,0.455083,
1763896939615,1.26111,0.455083,1.26111,0.455083,
1763896939654,1.26111,0.455084,1.26111,0.455084,
1763896939691,1.26111,0.455084,1.26111,0.455084,
1763896939726,1.2611,0.455084,1.2611,0.455084,
1763896939767,1.2611,0.455085,1.2611,0.455085,
1763896939798,1.2611,0.455085,1.2611,0.455085,
1763896939840,1.2611,0.455085,1.2611,0.455085,
1763896939875,1.2611,0.455086,1.2611,0.455086,
1763896939905,1.2611,0.455086,1.2611,0.455086,
1763896939950,1.2611,0.455086,1.2611,0.455086,
1763896939992,1.2611,0.455087,1.2611,0.455087,
1763896940027,1.26109,0.455087,1.26109,0.455087,
1763896940066,1.26109,0.455088,1.26109,0.455088,
1763896940118,1.26109,0.455088,1.26109,0.455088,
1763896940150,1.26109,0.455088,1.26109,0.455088,
1763896940192,1.26109,0.455089,1.26109,0.455089,
1763896940226,1.26109,0.455089,1.26109,0.455089,
1763896940269,1.26109,0.45509,1.26109,0.45509,
1763896940306,1.26109,0.45509,1.26109,0.45509,
1763896940340,1.26108,0.45509,1.26108,0.45509,
1763896940372,1.26108,0.455091,1.26108,0.455091,
1763896940414,1.26108,0.455091,1.26108,0.455091,
1763896940453,1.26108,0.455091,1.26108,0.455091,
1763896940503,1.26108,0.455092,1.26108,0.455092,
1763896940543,1.26108,0.455092,1.26108,0.455092,
1763896940574,1.26108,0.455093,1.26108,0.455093,
1763896940616,1.26107,0.455093,1.26107,0.455093,
1763896940653,1.26107,0.455093,1.26107,0.455093,
1763896940697,1.26107,0.455094,1.26107,0.455094,
1763896940721,1.26107,0.455094,1.26107,0.455094,
1763896940770,1.26107,0.455094,1.26107,0.455094,
1763896940806,1.26107,0.455095,1.26107,0.455095,
1763896940846,1.26107,0.455095,1.26107,0.455095,
1763896940884,1.26107,0.455096,1.26107,0.455096,
1763896940919,1.26106,0.455096,1.26106,0.455096,
1763896940949,1.26106,0.455096,1.26106,0.455096,
1763896940995,1.26106,0.455097,1.26106,0.455097,
1763896941026,1.26106,0.455097,1.26106,0.455097,
1763896941064,1.26106,0.455097,1.26106,0.455097,
1763896941095,1.26106,0.455097,1.26106,0.455098,
1763896941133,1.26106,0.455098,1.26106,0.455098,
1763896941171,1.26106,0.455098,1.26106,0.455098,
1763896941210,1.26105,0.455099,1.26105,0.455099,
1763896941247,1.26105,0.4551,1.26105,0.455099,
1763896941285,1.26105,0.4551,1.26105,0.4551,
1763896941329,1.26105,0.4551,1.26105,0.4551,
1763896941359,1.26105,0.4551,1.26105,0.4551,
1763896941393,1.26105,0.455101,1.26105,0.455101,
1763896941429,1.26105,0.455101,1.26105,0.455101,
1763896941462,1.26105,0.455102,1.26105,0.455101,
1763896941502,1.26104,0.455102,1.26104,0.455102,
1763896941538,1.26104,0.455102,1.26104,0.455102,
1763896941575,1.26104,0.455103,1.26104,0.455103,
1763896941610,1.26104,0.455103,1.26104,0.455103,
1763896941646,1.26104,0.455103,1.26104,0.455103,
1763896941685,1.26104,0.455104,1.26104,0.455104,
1763896941721,1.26104,0.455104,1.26104,0.455104,
1763896941757,1.26103,0.455105,1.26103,0.455105,
1763896941799,1.26103,0.455105,1.26103,0.455105,
1763896941836,1.26103,0.455106,1.26103,0.455105,
1763896941877,1.26103,0.455106,1.26103,0.455106,
1763896941917,1.26103,0.455106,1.26103,0.455106,
1763896941965,1.26103,0.455107,1.26103,0.455107,
1763896942001,1.26103,0.455107,1.26103,0.455107,
1763896942040,1.26103,0.455107,1.26103,0.455107,
1763896942077,1.26102,0.455107,1.26102,0.455107,
1763896942119,1.26102,0.455108,1.26102,0.455108,
1763896942163,1.26102,0.455108,1.26102,0.455108,
1763896942199,1.26102,0.455109,1.26102,0.455109,
1763896942223,1.26102,0.455109,1.26102,0.455109,
1763896942262,1.26102,0.45511,1.26102,0.45511,
1763896942309,1.26102,0.45511,1.26102,0.45511,
1763896942347,1.26102,0.45511,1.26102,0.45511,
1763896942375,1.26101,0.455111,1.26101,0.455111,
1763896942409,1.26101,0.455111,1.26101,0.455111,
1763896942440,1.26101,0.455111,1.26101,0.455111,
1763896942482,1.26101,0.455112,1.26101,0.455112,
1763896942517,1.26101,0.455112,1.26101,0.455112,
1763896942550,1.26101,0.455113,1.26101,0.455113,
1763896942585,1.26101,0.455113,1.26101,0.455113,
1763896942627,1.26101,0.455113,1.26101,0.455113,
1763896942666,1.261,0.455114,1.261,0.455114,
1763896942707,1.261,0.455114,1.261,0.455114,
1763896942744,1.261,0.455114,1.261,0.455114,
1763896942787,1.261,0.455115,1.261,0.455115,
1763896942815,1.261,0.455115,1.261,0.455115,
1763896942855,1.261,0.455116,1.261,0.455116,
1763896942902,1.261,0.455116,1.261,0.455116,
1763896942935,1.26099,0.455116,1.26099,0.455116,
1763896942970,1.26099,0.455117,1.26099,0.455117,
1763896943015,1.26099,0.455117,1.26099,0.455117,
1763896943049,1.26099,0.455118,1.26099,0.455118,
1763896943087,1.26099,0.455118,1.26099,0.455118,
1763896943120,1.26099,0.455118,1.26099,0.455118,
1763896943159,1.26099,0.455119,1.26099,0.455119,
1763896943194,1.26099,0.455119,1.26099,0.455119,
1763896943231,1.26098,0.455119,1.26098,0.455119,
1763896943268,1.26098,0.45512,1.26098,0.45512,
1763896943302,1.26098,0.45512,1.26098,0.45512,
1763896943339,1.26098,0.455121,1.26098,0.455121,
1763896943378,1.26098,0.455121,1.26098,0.455121,
1763896943425,1.26098,0.455121,1.26098,0.455121,
1763896943468,1.26098,0.455122,1.26098,0.455122,
1763896943502,1.26098,0.455122,1.26098,0.455122,
1763896943536,1.26097,0.455122,1.26097,0.455122,
1763896943579,1.26097,0.455123,1.26097,0.455123,
1763896943611,1.26097,0.455123,1.26097,0.455123,
1763896943644,1.26097,0.455124,1.26097,0.455124,
1763896943685,1.26097,0.455124,1.26097,0.455124,
1763896943731,1.26097,0.455124,1.26097,0.455124,
1763896943754,1.26097,0.455125,1.26097,0.455125,
1763896943794,1.26097,0.455125,1.26097,0.455125,
1763896943823,1.26096,0.455125,1.26096,0.455125,
1763896943854,1.26096,0.455126,1.26096,0.455126,
1763896943899,1.26096,0.455126,1.26096,0.455126,
1763896943937,1.26096,0.455127,1.26096,0.455127,
1763896943981,1.26096,0.455127,1.26096,0.455127,
1763896944027,1.26096,0.455128,1.26096,0.455127,
1763896944052,1.26096,0.455128,1.26096,0.455128,
1763896944090,1.26095,0.455128,1.26095,0.455128,
1763896944132,1.26095,0.455129,1.26095,0.455129,
1763896944186,1.26095,0.455129,1.26095,0.455129,
1763896944222,1.26095,0.455129,1.26095,0.455129,
1763896944265,1.26095,0.45513,1.26095,0.45513,
1763896944303,1.26095,0.45513,1.26095,0.45513,
1763896944346,1.26095,0.45513,1.26095,0.45513,
1763896944384,1.26095,0.455131,1.26095,0.455131,
1763896944428,1.26094,0.455131,1.26094,0.455131,
1763896944460,1.26094,0.455131,1.26094,0.455131,
1763896944498,1.26094,0.455132,1.26094,0.455132,
1763896944547,1.26094,0.455132,1.26094,0.455132,
1763896944580,1.26094,0.455133,1.26094,0.455133,
1763896944619,1.26094,0.455133,1.26094,0.455133,
1763896944660,1.26094,0.455134,1.26094,0.455134,
1763896944692,1.26094,0.455134,1.26094,0.455134,
1763896944727,1.26093,0.455134,1.26093,0.455134,
1763896944763,1.26093,0.455135,1.26093,0.455135,
1763896944796,1.26093,0.455135,1.26093,0.455135,
1763896944839,1.26093,0.455135,1.26093,0.455135,
1763896944873,1.26093,0.455136,1.26093,0.455136,
1763896944911,1.26093,0.455136,1.26093,0.455136,
1763896944950,1.26093,0.455136,1.26093,0.455136,
1763896944985,1.26093,0.455137,1.26093,0.455137,
1763896945022,1.26092,0.455137,1.26092,0.455137,
1763896945059,1.26092,0.455138,1.26092,0.455138,
1763896945094,1.26092,0.455138,1.26092,0.455138,
1763896945135,1.26092,0.455138,1.26092,0.455138,
1763896945172,1.26092,0.455139,1.26092,0.455139,
1763896945211,1.26092,0.455139,1.26092,0.455139,
1763896945245,1.26092,0.45514,1.26092,0.45514,
1763896945283,1.26091,0.45514,1.26091,0.45514,
1763896945315,1.26091,0.45514,1.26091,0.45514,
1763896945352,1.26091,0.455141,1.26091,0.455141,
1763896945401,1.26091,0.455141,1.26091,0.455141,
1763896945441,1.26091,0.455141,1.26091,0.455141,
1763896945475,1.26091,0.455142,1.26091,0.455142,
1763896945506,1.26091,0.455142,1.26091,0.455142,
1763896945547,1.26091,0.455143,1.26091,0.455143,
1763896945577,1.2609,0.455143,1.2609,0.455143,
1763896945610,1.2609,0.455143,1.2609,0.455143,
1763896945645,1.2609,0.455144,1.2609,0.455144,
1763896945682,1.2609,0.455144,1.2609,0.455144,
1763896945727,1.2609,0.455144,1.2609,0.455144,
1763896945762,1.2609,0.455145,1.2609,0.455145,
1763896945787,1.2609,0.455145,1.2609,0.455145,
1763896945831,1.2609,0.455146,1.2609,0.455146,
1763896945871,1.26089,0.455146,1.26089,0.455146,
1763896945907,1.26089,0.455146,1.26089,0.455146,
1763896945938,1.26089,0.455147,1.26089,0.455147,
1763896945979,1.26089,0.455147,1.26089,0.455147,
1763896946025,1.26089,0.455147,1.26089,0.455147,
1763896946070,1.26089,0.455148,1.26089,0.455148,
1763896946100,1.26089,0.455148,1.26089,0.455148,
1763896946139,1.26089,0.455149,1.26089,0.455149,
1763896946179,1.26088,0.455149,1.26088,0.455149,
1763896946209,1.26088,0.455149,1.26088,0.455149,
1763896946255,1.26088,0.45515,1.26088,0.45515,
1763896946289,1.26088,0.45515,1.26088,0.45515,
1763896946318,1.26088,0.455151,1.26088,0.455151,
1763896946354,1.26088,0.455151,1.26088,0.455151,
1763896946391,1.26088,0.455151,1.26088,0.455151,
1763896946439,1.26088,0.455152,1.26088,0.455152,
1763896946473,1.26087,0.455152,1.26087,0.455152,
1763896946513,1.26087,0.455153,1.26087,0.455153,
1763896946551,1.26087,0.455153,1.26087,0.455153,
1763896946581,1.26087,0.455153,1.26087,0.455153,
1763896946619,1.26087,0.455153,1.26087,0.455153,
1763896946659,1.26087,0.455154,1.26087,0.455154,
1763896946686,1.26087,0.455154,1.26087,0.455154,
1763896946724,1.26086,0.455155,1.26086,0.455155,
1763896946768,1.26086,0.455155,1.26086,0.455155,
1763896946809,1.26086,0.455156,1.26086,0.455156,
1763896946854,1.26086,0.455156,1.26086,0.455156,
1763896946900,1.26086,0.455156,1.26086,0.455156,
1763896946931,1.26086,0.455157,1.26086,0.455157,
1763896946979,1.26086,0.455157,1.26086,0.455157,
1763896947011,1.26086,0.455157,1.26086,0.455157,
1763896947057,1.26085,0.455158,1.26085,0.455158,
1763896947083,1.26085,0.455158,1.26085,0.455158,
1763896947119,1.26085,0.455158,1.26085,0.455158,
1763896947163,1.26085,0.455159,1.26085,0.455159,
1763896947202,1.26085,0.455159,1.26085,0.455159,
1763896947237,1.26085,0.45516,1.26085,0.45516,
1763896947275,1.26085,0.45516,1.26085,0.45516,
1763896947313,1.26085,0.45516,1.26085,0.45516,
1763896947351,1.26084,0.455161,1.26084,0.455161,
1763896947403,1.26084,0.455161,1.26084,0.455161,
1763896947428,1.26084,0.455161,1.26084,0.455161,
1763896947461,1.26084,0.455162,1.26084,0.455162,
1763896947492,1.26084,0.455162,1.26084,0.455162,
1763896947527,1.26084,0.455163,1.26084,0.455163,
1763896947568,1.26084,0.455163,1.26084,0.455163,
1763896947603,1.26084,0.455164,1.26084,0.455164,
1763896947636,1.26083,0.455164,1.26083,0.455164,
1763896947687,1.26083,0.455164,1.26083,0.455164,
1763896947736,1.26083,0.455165,1.26083,0.455165,
1763896947766,1.26083,0.455165,1.26083,0.455165,
1763896947814,1.26083,0.455165,1.26083,0.455165,
1763896947847,1.26083,0.455166,1.26083,0.455166,
1763896947891,1.26083,0.455166,1.26083,0.455166,
1763896947928,1.26082,0.455167,1.26082,0.455167,
1763896947959,1.26082,0.455167,1.26082,0.455167,
1763896947991,1.26082,0.455168,1.26082,0.455168,
1763896948035,1.26082,0.455168,1.26082,0.455168,
1763896948075,1.26082,0.455168,1.26082,0.455168,
1763896948108,1.26082,0.455168,1.26082,0.455168,
1763896948151,1.26082,0.455169,1.26082,0.455169,
1763896948183,1.26082,0.455169,1.26082,0.455169,
1763896948220,1.26081,0.45517,1.26081,0.45517,
1763896948266,1.26081,0.45517,1.26081,0.45517,
1763896948307,1.26081,0.455171,1.26081,0.455171,
1763896948351,1.26081,0.455171,1.26081,0.455171,
1763896948386,1.26081,0.455171,1.26081,0.455171,
1763896948430,1.26081,0.455171,1.26081,0.455171,
1763896948467,1.26081,0.455172,1.26081,0.455172,
1763896948507,1.26081,0.455172,1.26081,0.455172,
1763896948558,1.2608,0.455173,1.2608,0.455173,
1763896948586,1.2608,0.455173,1.2608,0.455173,
1763896948622,1.2608,0.455174,1.2608,0.455174,
1763896948656,1.2608,0.455174,1.2608,0.455174,
1763896948695,1.2608,0.455174,1.2608,0.455174,
1763896948742,1.2608,0.455174,1.2608,0.455174,
1763896948774,1.2608,0.455175,1.2608,0.455175,
1763896948811,1.2608,0.455175,1.2608,0.455175,
1763896948842,1.26079,0.455176,1.26079,0.455176,
1763896948891,1.26079,0.455176,1.26079,0.455176,
1763896948929,1.26079,0.455177,1.26079,0.455177,
1763896948967,1.26079,0.455177,1.26079,0.455177,
1763896948999,1.26079,0.455177,1.26079,0.455177,
1763896949037,1.26079,0.455178,1.26079,0.455178,
1763896949074,1.26079,0.455178,1.26079,0.455178,
1763896949127,1.26078,0.455178,1.26078,0.455178,
1763896949163,1.26078,0.455179,1.26078,0.455179,
1763896949195,1.26078,0.455179,1.26078,0.455179,
1763896949236,1.26078,0.45518,1.26078,0.45518,
1763896949266,1.26078,0.45518,1.26078,0.45518,
1763896949300,1.26078,0.45518,1.26078,0.45518,
1763896949337,1.26078,0.455181,1.26078,0.455181,
1763896949379,1.26078,0.455181,1.26078,0.455181,
1763896949414,1.26077,0.455182,1.26077,0.455182,
1763896949450,1.26077,0.455182,1.26077,0.455182,
1763896949495,1.26077,0.455182,1.26077,0.455182,
1763896949531,1.26077,0.455183,1.26077,0.455183,
1763896949571,1.26077,0.455183,1.26077,0.455183,
1763896949609,1.26077,0.455183,1.26077,0.455183,
1763896949640,1.26077,0.455184,1.26077,0.455184,
1763896949681,1.26077,0.455184,1.26077,0.455184,
1763896949715,1.26076,0.455184,1.26076,0.455185,
1763896949761,1.26076,0.455185,1.26076,0.455185,
1763896949792,1.26076,0.455185,1.26076,0.455185,
1763896949830,1.26076,0.455186,1.26076,0.455186,
1763896949871,1.26076,0.455186,1.26076,0.455186,
1763896949910,1.26076,0.455186,1.26076,0.455186,
1763896949951,1.26076,0.455187,1.26076,0.455187,
1763896949995,1.26076,0.455187,1.26076,0.455187,
1763896950040,1.26075,0.455188,1.26075,0.455188,
1763896950091,1.26075,0.455188,1.26075,0.455188,
1763896950128,1.26075,0.455188,1.26075,0.455188,
1763896950170,1.26075,0.455189,1.26075,0.455189,
1763896950196,1.26075,0.455189,1.26075,0.455189,
1763896950231,1.26075,0.455189,1.26075,0.455189,
1763896950267,1.26075,0.45519,1.26075,0.45519,
1763896950309,1.26075,0.45519,1.26075,0.45519,
1763896950339,1.26074,0.455191,1.26074,0.455191,
1763896950383,1.26074,0.455191,1.26074,0.455191,
1763896950430,1.26074,0.455192,1.26074,0.455192,
1763896950467,1.26074,0.455192,1.26074,0.455192,
1763896950513,1.26074,0.455192,1.26074,0.455192,
1763896950548,1.26074,0.455193,1.26074,0.455193,
1763896950580,1.26074,0.455193,1.26074,0.455193,
1763896950616,1.26073,0.455193,1.26073,0.455193,
1763896950656,1.26073,0.455194,1.26073,0.455194,
1763896950695,1.26073,0.455194,1.26073,0.455194,
1763896950732,1.26073,0.455194,1.26073,0.455194,
1763896950771,1.26073,0.455195,1.26073,0.455195,
1763896950811,1.26073,0.455195,1.26073,0.455195,
1763896950845,1.26073,0.455196,1.26073,0.455196,
1763896950884,1.26073,0.455196,1.26073,0.455196,
1763896950933,1.26072,0.455196,1.26072,0.455196,
1763896950971,1.26072,0.455197,1.26072,0.455197,
1763896951006,1.26072,0.455197,1.26072,0.455197,
1763896951048,1.26072,0.455198,1.26072,0.455198,
1763896951080,1.26072,0.455198,1.26072,0.455198,
1763896951120,1.26072,0.455198,1.26072,0.455198,
1763896951145,1.26072,0.455199,1.26072,0.455199,
1763896951183,1.26072,0.455199,1.26072,0.455199,
1763896951221,1.26071,0.455199,1.26071,0.455199,
1763896951263,1.26071,0.4552,1.26071,0.4552,
1763896951300,1.26071,0.4552,1.26071,0.4552,
1763896951335,1.26071,0.455201,1.26071,0.455201,
1763896951371,1.26071,0.455201,1.26071,0.455201,
1763896951407,1.26071,0.455202,1.26071,0.455201,
1763896951437,1.26071,0.455202,1.26071,0.455202,
1763896951476,1.26071,0.455202,1.26071,0.455202,
1763896951512,1.2607,0.455203,1.2607,0.455203,
1763896951552,1.2607,0.455203,1.2607,0.455203,
1763896951589,1.2607,0.455203,1.2607,0.455203,
1763896951639,1.2607,0.455204,1.2607,0.455204,
1763896951677,1.2607,0.455204,1.2607,0.455204,
1763896951711,1.2607,0.455204,1.2607,0.455204,
1763896951754,1.2607,0.455205,1.2607,0.455205,
1763896951792,1.2607,0.455205,1.2607,0.455205,
1763896951834,1.26069,0.455206,1.26069,0.455206,
1763896951866,1.26069,0.455206,1.26069,0.455206,
1763896951909,1.26069,0.455206,1.26069,0.455206,
1763896951959,1.26069,0.455207,1.26069,0.455207,
1763896952000,1.26069,0.455207,1.26069,0.455207,
1763896952029,1.26069,0.455208,1.26069,0.455207,
1763896952077,1.26069,0.455208,1.26069,0.455208,
1763896952123,1.26068,0.455208,1.26068,0.455208,
1763896952162,1.26068,0.455209,1.26068,0.455209,
1763896952192,1.26068,0.455209,1.26068,0.455209,
1763896952222,1.26068,0.455209,1.26068,0.455209,
1763896952256,1.26068,0.45521,1.26068,0.45521,
1763896952285,1.26068,0.45521,1.26068,0.45521,
1763896952321,1.26068,0.455211,1.26068,0.455211,
1763896952367,1.26068,0.455211,1.26068,0.455211,
1763896952395,1.26067,0.455211,1.26067,0.455211,
1763896952437,1.26067,0.455212,1.26067,0.455212,
1763896952478,1.26067,0.455212,1.26067,0.455212,
1763896952510,1.26067,0.455213,1.26067,0.455213,
1763896952554,1.26067,0.455213,1.26067,0.455213,
1763896952591,1.26067,0.455213,1.26067,0.455213,
1763896952621,1.26067,0.455214,1.26067,0.455214,
1763896952666,1.26067,0.455214,1.26067,0.455214,
1763896952707,1.26066,0.455215,1.26066,0.455215,
1763896952731,1.26066,0.455215,1.26066,0.455215,
1763896952770,1.26066,0.455215,1.26066,0.455215,
1763896952813,1.26066,0.455215,1.26066,0.455215,
1763896952845,1.26066,0.455216,1.26066,0.455216,
1763896952884,1.26066,0.455216,1.26066,0.455216,
1763896952918,1.26066,0.455217,1.26066,0.455217,
1763896952952,1.26066,0.455217,1.26066,0.455217,
1763896952996,1.26065,0.455218,1.26065,0.455218,
1763896953034,1.26065,0.455218,1.26065,0.455218,
1763896953068,1.26065,0.455218,1.26065,0.455218,
1763896953108,1.26065,0.455219,1.26065,0.455219,
1763896953152,1.26065,0.455219,1.26065,0.455219,
1763896953174,1.26065,0.455219,1.26065,0.455219,
1763896953219,1.26065,0.45522,1.26065,0.45522,
1763896953256,1.26064,0.45522,1.26064,0.45522,
1763896953289,1.26064,0.455221,1.26064,0.455221,
1763896953345,1.26064,0.455221,1.26064,0.455221,
1763896953383,1.26064,0.455221,1.26064,0.455221,
1763896953408,1.26064,0.455222,1.26064,0.455222,
1763896953444,1.26064,0.455222,1.26064,0.455222,
1763896953482,1.26064,0.455223,1.26064,0.455223,
1763896953530,1.26064,0.455223,1.26064,0.455223,
1763896953568,1.26063,0.455223,1.26063,0.455223,
1763896953606,1.26063,0.455224,1.26063,0.455224,
1763896953659,1.26063,0.455224,1.26063,0.455224,
1763896953687,1.26063,0.455224,1.26063,0.455224,
1763896953722,1.26063,0.455225,1.26063,0.455225,
1763896953748,1.26063,0.455225,1.26063,0.455225,
1763896953787,1.26063,0.455225,1.26063,0.455225,
1763896953832,1.26063,0.455226,1.26063,0.455226,
1763896953858,1.26062,0.455226,1.26062,0.455226,
1763896953897,1.26062,0.455227,1.26062,0.455227,
1763896953940,1.26062,0.455227,1.26062,0.455227,
1763896953971,1.26062,0.455228,1.26062,0.455228,
1763896954007,1.26062,0.455228,1.26062,0.455228,
1763896954056,1.26062,0.455228,1.26062,0.455228,
1763896954078,1.26062,0.455229,1.26062,0.455229,
1763896954112,1.26062,0.455229,1.26062,0.455229,
1763896954155,1.26061,0.455229,1.26061,0.455229,
1763896954182,1.26061,0.45523,1.26061,0.45523,
1763896954225,1.26061,0.45523,1.26061,0.45523,
1763896954268,1.26061,0.455231,1.26061,0.455231,
1763896954298,1.26061,0.455231,1.26061,0.455231,
1763896954341,1.26061,0.455231,1.26061,0.455231,
1763896954375,1.26061,0.455232,1.26061,0.455232,
1763896954420,1.26061,0.455232,1.26061,0.455232,
1763896954474,1.2606,0.455232,1.2606,0.455232,
1763896954525,1.2606,0.455233,1.2606,0.455233,
1763896954552,1.2606,0.455233,1.2606,0.455233,
1763896954588,1.2606,0.455234,1.2606,0.455234,
1763896954626,1.2606,0.455234,1.2606,0.455234,
1763896954660,1.2606,0.455235,1.2606,0.455235,
1763896954703,1.2606,0.455235,1.2606,0.455235,
1763896954734,1.2606,0.455235,1.2606,0.455235,
1763896954768,1.26059,0.455236,1.26059,0.455236,
1763896954811,1.26059,0.455236,1.26059,0.455236,
1763896954860,1.26059,0.455236,1.26059,0.455236,
1763896954893,1.26059,0.455236,1.26059,0.455237,
1763896954931,1.26059,0.455237,1.26059,0.455237,
1763896954970,1.26059,0.455237,1.26059,0.455237,
1763896955021,1.26059,0.455238,1.26059,0.455238,
1763896955055,1.26058,0.455238,1.26058,0.455238,
1763896955091,1.26058,0.455239,1.26058,0.455239,
1763896955124,1.26058,0.455239,1.26058,0.455239,
1763896955160,1.26058,0.455239,1.26058,0.455239,
1763896955204,1.26058,0.45524,1.26058,0.45524,
1763896955230,1.26058,0.45524,1.26058,0.45524,
1763896955263,1.26058,0.455241,1.26058,0.455241,
1763896955296,1.26058,0.455241,1.26058,0.455241,
1763896955326,1.26057,0.455241,1.26057,0.455241,
1763896955374,1.26057,0.455242,1.26057,0.455242,
1763896955403,1.26057,0.455242,1.26057,0.455242,
1763896955436,1.26057,0.455242,1.26057,0.455242,
1763896955471,1.26057,0.455243,1.26057,0.455243,
1763896955504,1.26057,0.455243,1.26057,0.455243,
1763896955536,1.26057,0.455244,1.26057,0.455244,
1763896955583,1.26057,0.455244,1.26057,0.455244,
1763896955621,1.26056,0.455244,1.26056,0.455244,
1763896955657,1.26056,0.455245,1.26056,0.455245,
1763896955698,1.26056,0.455245,1.26056,0.455245,
1763896955740,1.26056,0.455246,1.26056,0.455246,
1763896955770,1.26056,0.455246,1.26056,0.455246,
1763896955805,1.26056,0.455246,1.26056,0.455246,
1763896955846,1.26056,0.455247,1.26056,0.455247,
1763896955893,1.26056,0.455247,1.26056,0.455247,
1763896955928,1.26055,0.455248,1.26055,0.455248,
1763896955966,1.26055,0.455248,1.26055,0.455248,
1763896956012,1.26055,0.455248,1.26055,0.455248,
1763896956049,1.26055,0.455249,1.26055,0.455249,
1763896956080,1.26055,0.455249,1.26055,0.455249,
1763896956114,1.26055,0.45525,1.26055,0.45525,
1763896956145,1.26055,0.45525,1.26055,0.45525,
1763896956180,1.26054,0.45525,1.26055,0.45525,
1763896956222,1.26054,0.455251,1.26054,0.455251,
1763896956263,1.26054,0.455251,1.26054,0.455251,
1763896956288,1.26054,0.455251,1.26054,0.455251,
1763896956332,1.26054,0.455252,1.26054,0.455252,
1763896956361,1.26054,0.455252,1.26054,0.455252,
1763896956395,1.26054,0.455253,1.26054,0.455253,
1763896956437,1.26054,0.455253,1.26054,0.455253,
1763896956475,1.26053,0.455254,1.26053,0.455254,
1763896956500,1.26053,0.455254,1.26053,0.455254,
1763896956542,1.26053,0.455254,1.26053,0.455254,
1763896956574,1.26053,0.455254,1.26053,0.455254,
1763896956611,1.26053,0.455255,1.26053,0.455255,
1763896956651,1.26053,0.455255,1.26053,0.455255,
1763896956692,1.26053,0.455256,1.26053,0.455256,
1763896956729,1.26053,0.455256,1.26053,0.455256,
1763896956772,1.26052,0.455256,1.26052,0.455256,
1763896956813,1.26052,0.455257,1.26052,0.455257,
1763896956854,1.26052,0.455257,1.26052,0.455257,
1763896956900,1.26052,0.455258,1.26052,0.455258,
1763896956937,1.26052,0.455258,1.26052,0.455258,
1763896956974,1.26052,0.455258,1.26052,0.455258,
1763896957015,1.26052,0.455259,1.26052,0.455259,
1763896957048,1.26052,0.455259,1.26052,0.455259,
1763896957093,1.26051,0.455259,1.26051,0.455259,
1763896957129,1.26051,0.45526,1.26051,0.45526,
1763896957158,1.26051,0.45526,1.26051,0.45526,
1763896957189,1.26051,0.455261,1.26051,0.455261,
1763896957229,1.26051,0.455261,1.26051,0.455261,
1763896957267,1.26051,0.455262,1.26051,0.455262,
1763896957313,1.26051,0.455262,1.26051,0.455262,
1763896957356,1.26051,0.455262,1.26051,0.455262,
1763896957392,1.2605,0.455263,1.2605,0.455263,
1763896957429,1.2605,0.455263,1.2605,0.455263,
1763896957463,1.2605,0.455263,1.2605,0.455263,
1763896957496,1.2605,0.455264,1.2605,0.455264,
1763896957539,1.2605,0.455264,1.2605,0.455264,
1763896957569,1.2605,0.455265,1.2605,0.455265,
1763896957605,1.2605,0.455265,1.2605,0.455265,
1763896957648,1.2605,0.455265,1.2605,0.455265,
1763896957682,1.26049,0.455266,1.26049,0.455266,
1763896957728,1.26049,0.455266,1.26049,0.455266,
1763896957762,1.26049,0.455266,1.26049,0.455266,
1763896957791,1.26049,0.455267,1.26049,0.455267,
1763896957831,1.26049,0.455267,1.26049,0.455267,
1763896957869,1.26049,0.455268,1.26049,0.455268,
1763896957901,1.26049,0.455268,1.26049,0.455268,
1763896957949,1.26048,0.455268,1.26048,0.455268,
1763896957988,1.26048,0.455269,1.26048,0.455269,
1763896958019,1.26048,0.455269,1.26048,0.455269,
1763896958052,1.26048,0.45527,1.26048,0.45527,
1763896958086,1.26048,0.45527,1.26048,0.45527,
1763896958131,1.26048,0.45527,1.26048,0.45527,
1763896958162,1.26048,0.455271,1.26048,0.455271,
1763896958197,1.26048,0.455271,1.26048,0.455271,
1763896958241,1.26047,0.455271,1.26047,0.455272,
1763896958275,1.26047,0.455272,1.26047,0.455272,
1763896958315,1.26047,0.455272,1.26047,0.455272,
1763896958352,1.26047,0.455273,1.26047,0.455273,
1763896958394,1.26047,0.455273,1.26047,0.455273,
1763896958431,1.26047,0.455273,1.26047,0.455273,
1763896958471,1.26047,0.455274,1.26047,0.455274,
1763896958503,1.26047,0.455274,1.26047,0.455274,
1763896958536,1.26046,0.455275,1.26046,0.455275,
1763896958575,1.26046,0.455275,1.26046,0.455275,
1763896958615,1.26046,0.455275,1.26046,0.455275,
1763896958644,1.26046,0.455276,1.26046,0.455276,
1763896958690,1.26046,0.455276,1.26046,0.455276,
1763896958731,1.26046,0.455276,1.26046,0.455276,
1763896958766,1.26046,0.455277,1.26046,0.455277,
1763896958805,1.26046,0.455277,1.26046,0.455277,
1763896958854,1.26045,0.455278,1.26045,0.455278,
1763896958895,1.26045,0.455278,1.26045,0.455278,
1763896958927,1.26045,0.455278,1.26045,0.455278,
1763896958955,1.26045,0.455279,1.26045,0.455279,
1763896958991,1.26045,0.455279,1.26045,0.455279,
1763896959030,1.26045,0.45528,1.26045,0.45528,
1763896959057,1.26045,0.45528,1.26045,0.45528,
1763896959093,1.26044,0.45528,1.26045,0.45528,
1763896959140,1.26044,0.455281,1.26044,0.455281,
1763896959178,1.26044,0.455281,1.26044,0.455281,
1763896959214,1.26044,0.455281,1.26044,0.455281,
1763896959252,1.26044,0.455282,1.26044,0.455282,
1763896959294,1.26044,0.455282,1.26044,0.455282,
1763896959333,1.26044,0.455283,1.26044,0.455283,
1763896959380,1.26044,0.455283,1.26044,0.455283,
1763896959417,1.26043,0.455283,1.26043,0.455283,
1763896959450,1.26043,0.455284,1.26043,0.455284,
1763896959502,1.26043,0.455284,1.26043,0.455284,
1763896959541,1.26043,0.455285,1.26043,0.455285,
1763896959576,1.26043,0.455285,1.26043,0.455285,
1763896959613,1.26043,0.455286,1.26043,0.455286,
1763896959651,1.26043,0.455286,1.26043,0.455286,
1763896959681,1.26043,0.455286,1.26043,0.455286,
1763896959726,1.26042,0.455286,1.26042,0.455287,
1763896959775,1.26042,0.455287,1.26042,0.455287,
1763896959814,1.26042,0.455287,1.26042,0.455287,
1763896959848,1.26042,0.455288,1.26042,0.455288,
1763896959879,1.26042,0.455288,1.26042,0.455288,
1763896959920,1.26042,0.455289,1.26042,0.455289,
1763896959945,1.26042,0.455289,1.26042,0.455289,
1763896959987,1.26042,0.455289,1.26042,0.455289,
1763896960027,1.26041,0.45529,1.26041,0.45529,
1763896960067,1.26041,0.45529,1.26041,0.45529,
1763896960103,1.26041,0.45529,1.26041,0.45529,
1763896960137,1.26041,0.455291,1.26041,0.455291,
1763896960183,1.26041,0.455291,1.26041,0.455291,
1763896960209,1.26041,0.455292,1.26041,0.455292,
1763896960249,1.26041,0.455292,1.26041,0.455292,
1763896960287,1.26041,0.455292,1.26041,0.455292,
1763896960316,1.2604,0.455293,1.2604,0.455293,
1763896960349,1.2604,0.455293,1.2604,0.455293,
1763896960384,1.2604,0.455293,1.2604,0.455293,
1763896960424,1.2604,0.455294,1.2604,0.455294,
1763896960461,1.2604,0.455294,1.2604,0.455294,
1763896960494,1.2604,0.455295,1.2604,0.455295,
1763896960527,1.2604,0.455295,1.2604,0.455295,
1763896960572,1.2604,0.455296,1.2604,0.455296,
1763896960606,1.26039,0.455296,1.26039,0.455296,
1763896960646,1.26039,0.455296,1.26039,0.455296,
1763896960677,1.26039,0.455296,1.26039,0.455296,
1763896960714,1.26039,0.455297,1.26039,0.455297,
1763896960752,1.26039,0.455297,1.26039,0.455297,
1763896960799,1.26039,0.455298,1.26039,0.455298,
1763896960832,1.26039,0.455298,1.26039,0.455298,
1763896960869,1.26038,0.455299,1.26038,0.455299,
1763896960908,1.26038,0.455299,1.26038,0.455299,
1763896960949,1.26038,0.455299,1.26038,0.455299,
1763896960987,1.26038,0.4553,1.26038,0.4553,
1763896961026,1.26038,0.4553,1.26038,0.4553,
1763896961058,1.26038,0.4553,1.26038,0.4553,
1763896961097,1.26038,0.455301,1.26038,0.455301,
1763896961132,1.26038,0.455301,1.26038,0.455301,
1763896961163,1.26037,0.455302,1.26037,0.455302,
1763896961208,1.26037,0.455302,1.26037,0.455302,
1763896961248,1.26037,0.455302,1.26037,0.455302,
1763896961278,1.26037,0.455303,1.26037,0.455303,
1763896961321,1.26037,0.455303,1.26037,0.455303,
1763896961366,1.26037,0.455304,1.26037,0.455304,
1763896961403,1.26037,0.455304,1.26037,0.455304,
1763896961442,1.26037,0.455304,1.26037,0.455304,
1763896961475,1.26036,0.455305,1.26036,0.455305,
1763896961514,1.26036,0.455305,1.26036,0.455305,
1763896961558,1.26036,0.455305,1.26036,0.455305,
1763896961586,1.26036,0.455306,1.26036,0.455306,
1763896961623,1.26036,0.455306,1.26036,0.455306,
1763896961667,1.26036,0.455307,1.26036,0.455307,
1763896961705,1.26036,0.455307,1.26036,0.455307,
1763896961744,1.26036,0.455307,1.26036,0.455307,
1763896961777,1.26035,0.455308,1.26035,0.455308,
1763896961820,1.26035,0.455308,1.26035,0.455308,
1763896961857,1.26035,0.455308,1.26035,0.455308,
1763896961891,1.26035,0.455309,1.26035,0.455309,
1763896961927,1.26035,0.455309,1.26035,0.455309,
1763896961961,1.26035,0.45531,1.26035,0.45531,
1763896961999,1.26035,0.45531,1.26035,0.45531,
1763896962031,1.26035,0.455311,1.26035,0.455311,
1763896962077,1.26034,0.455311,1.26034,0.455311,
1763896962114,1.26034,0.455311,1.26034,0.455311,
1763896962151,1.26034,0.455312,1.26034,0.455312,
1763896962183,1.26034,0.455312,1.26034,0.455312,
1763896962227,1.26034,0.455312,1.26034,0.455312,
1763896962279,1.26034,0.455313,1.26034,0.455313,
1763896962316,1.26034,0.455313,1.26034,0.455313,
1763896962356,1.26034,0.455314,1.26034,0.455314,
1763896962399,1.26033,0.455314,1.26033,0.455314,
1763896962425,1.26033,0.455314,1.26033,0.455314,
1763896962464,1.26033,0.455315,1.26033,0.455315,
1763896962507,1.26033,0.455315,1.26033,0.455315,
1763896962547,1.26033,0.455316,1.26033,0.455316,
1763896962580,1.26033,0.455316,1.26033,0.455316,
1763896962625,1.26033,0.455316,1.26033,0.455316,
1763896962652,1.26032,0.455317,1.26032,0.455317,
1763896962687,1.26032,0.455317,1.26032,0.455317,
1763896962731,1.26032,0.455318,1.26032,0.455318,
1763896962767,1.26032,0.455318,1.26032,0.455318,
1763896962810,1.26032,0.455318,1.26032,0.455318,
1763896962840,1.26032,0.455319,1.26032,0.455319,
1763896962877,1.26032,0.455319,1.26032,0.455319,
1763896962917,1.26032,0.45532,1.26032,0.45532,
1763896962957,1.26031,0.45532,1.26031,0.45532,
1763896962994,1.26031,0.45532,1.26031,0.45532,
1763896963027,1.26031,0.455321,1.26031,0.455321,
1763896963061,1.26031,0.455321,1.26031,0.455321,
1763896963106,1.26031,0.455321,1.26031,0.455322,
1763896963136,1.26031,0.455322,1.26031,0.455322,
1763896963179,1.26031,0.455322,1.26031,0.455322,
1763896963215,1.26031,0.455322,1.26031,0.455323,
1763896963250,1.2603,0.455323,1.2603,0.455323,
1763896963293,1.2603,0.455323,1.2603,0.455323,
1763896963327,1.2603,0.455324,1.2603,0.455324,
1763896963364,1.2603,0.455324,1.2603,0.455324,
1763896963401,1.2603,0.455325,1.2603,0.455325,
1763896963440,1.2603,0.455325,1.2603,0.455325,
1763896963480,1.2603,0.455325,1.2603,0.455325,
1763896963519,1.2603,0.455326,1.2603,0.455326,
1763896963551,1.26029,0.455326,1.26029,0.455326,
1763896963593,1.26029,0.455326,1.26029,0.455326,
1763896963627,1.26029,0.455327,1.26029,0.455327,
1763896963660,1.26029,0.455327,1.26029,0.455327,
1763896963705,1.26029,0.455328,1.26029,0.455328,
1763896963752,1.26029,0.455328,1.26029,0.455328,
1763896963791,1.26029,0.455329,1.26029,0.455329,
1763896963827,1.26029,0.455329,1.26029,0.455329,
1763896963866,1.26028,0.455329,1.26028,0.455329,
1763896963897,1.26028,0.45533,1.26028,0.45533,
1763896963933,1.26028,0.45533,1.26028,0.45533,
1763896963968,1.26028,0.45533,1.26028,0.45533,
1763896964009,1.26028,0.455331,1.26028,0.455331,
1763896964054,1.26028,0.455331,1.26028,0.455331,
1763896964088,1.26028,0.455332,1.26028,0.455332,
1763896964123,1.26028,0.455332,1.26028,0.455332,
1763896964162,1.26027,0.455332,1.26027,0.455332,
1763896964201,1.26027,0.455333,1.26027,0.455333,
1763896964234,1.26027,0.455333,1.26027,0.455333,
1763896964269,1.26027,0.455333,1.26027,0.455333,
1763896964316,1.26027,0.455334,1.26027,0.455334,
1763896964352,1.26027,0.455334,1.26027,0.455334,
1763896964393,1.26027,0.455335,1.26027,0.455335,
1763896964431,1.26026,0.455335,1.26026,0.455335,
1763896964476,1.26026,0.455335,1.26026,0.455335,
1763896964507,1.26026,0.455336,1.26026,0.455336,
1763896964536,1.26026,0.455336,1.26026,0.455336,
1763896964566,1.26026,0.455337,1.26026,0.455337,
1763896964637,1.26026,0.455337,1.26026,0.455337,
1763896964661,1.26026,0.455337,1.26026,0.455337,
1763896964687,1.26026,0.455338,1.26026,0.455338,
1763896964730,1.26025,0.455338,1.26025,0.455338,
1763896964771,1.26025,0.455339,1.26025,0.455339,
1763896964801,1.26025,0.455339,1.26025,0.455339,
1763896964838,1.26025,0.455339,1.26025,0.455339,
1763896964879,1.26025,0.45534,1.26025,0.45534,
1763896964915,1.26025,0.45534,1.26025,0.45534,
1763896964965,1.26025,0.45534,1.26025,0.45534,
1763896965000,1.26025,0.455341,1.26025,0.455341,
1763896965042,1.26024,0.455341,1.26024,0.455341,
1763896965085,1.26024,0.455342,1.26024,0.455342,
1763896965121,1.26024,0.455342,1.26024,0.455342,
1763896965155,1.26024,0.455342,1.26024,0.455343,
1763896965193,1.26024,0.455343,1.26024,0.455343,
1763896965228,1.26024,0.455343,1.26024,0.455343,
1763896965275,1.26024,0.455344,1.26024,0.455344,
1763896965305,1.26024,0.455344,1.26024,0.455344,
1763896965344,1.26023,0.455345,1.26023,0.455345,
1763896965373,1.26023,0.455345,1.26023,0.455345,
1763896965410,1.26023,0.455345,1.26023,0.455345,
1763896965443,1.26023,0.455345,1.26023,0.455346,
1763896965475,1.26023,0.455346,1.26023,0.455346,
1763896965514,1.26023,0.455346,1.26023,0.455346,
1763896965562,1.26023,0.455347,1.26023,0.455347,
1763896965593,1.26023,0.455347,1.26023,0.455347,
1763896965635,1.26022,0.455348,1.26022,0.455348,
1763896965673,1.26022,0.455348,1.26022,0.455348,
1763896965709,1.26022,0.455348,1.26022,0.455348,
1763896965748,1.26022,0.455349,1.26022,0.455349,
1763896965781,1.26022,0.455349,1.26022,0.455349,
1763896965817,1.26022,0.455349,1.26022,0.455349,
1763896965859,1.26022,0.45535,1.26022,0.45535,
1763896965900,1.26021,0.45535,1.26022,0.45535,
1763896965934,1.26021,0.455351,1.26021,0.455351,
1763896965968,1.26021,0.455351,1.26021,0.455351,
1763896966007,1.26021,0.455351,1.26021,0.455351,
1763896966041,1.26021,0.455352,1.26021,0.455352,
1763896966076,1.26021,0.455352,1.26021,0.455352,
1763896966119,1.26021,0.455353,1.26021,0.455353,
1763896966155,1.26021,0.455353,1.26021,0.455353,
1763896966199,1.2602,0.455353,1.2602,0.455353,
1763896966230,1.2602,0.455354,1.2602,0.455354,
1763896966261,1.2602,0.455354,1.2602,0.455354,
1763896966307,1.2602,0.455354,1.2602,0.455354,
1763896966343,1.2602,0.455355,1.2602,0.455355,
1763896966369,1.2602,0.455355,1.2602,0.455355,
1763896966418,1.2602,0.455356,1.2602,0.455356,
1763896966449,1.2602,0.455356,1.2602,0.455356,
1763896966483,1.26019,0.455356,1.26019,0.455356,
1763896966518,1.26019,0.455357,1.26019,0.455357,
1763896966563,1.26019,0.455357,1.26019,0.455357,
1763896966592,1.26019,0.455358,1.26019,0.455358,
1763896966641,1.26019,0.455358,1.26019,0.455358,
1763896966677,1.26019,0.455358,1.26019,0.455358,
1763896966714,1.26019,0.455359,1.26019,0.455359,
1763896966748,1.26019,0.455359,1.26019,0.455359,
1763896966785,1.26018,0.45536,1.26018,0.455359,
1763896966819,1.26018,0.45536,1.26018,0.45536,
1763896966856,1.26018,0.45536,1.26018,0.45536,
1763896966893,1.26018,0.455361,1.26018,0.455361,
1763896966933,1.26018,0.455361,1.26018,0.455361,
1763896966975,1.26018,0.455362,1.26018,0.455362,
1763896967012,1.26018,0.455362,1.26018,0.455362,
1763896967046,1.26018,0.455362,1.26018,0.455362,
1763896967087,1.26017,0.455363,1.26017,0.455363,
1763896967124,1.26017,0.455363,1.26017,0.455363,
1763896967165,1.26017,0.455363,1.26017,0.455363,
1763896967210,1.26017,0.455364,1.26017,0.455364,
1763896967237,1.26017,0.455364,1.26017,0.455364,
1763896967275,1.26017,0.455365,1.26017,0.455365,
1763896967327,1.26017,0.455365,1.26017,0.455365,
1763896967372,1.26017,0.455365,1.26017,0.455365,
1763896967399,1.26016,0.455366,1.26016,0.455366,
1763896967435,1.26016,0.455366,1.26016,0.455366,
1763896967475,1.26016,0.455367,1.26016,0.455367,
1763896967509,1.26016,0.455367,1.26016,0.455367,
1763896967563,1.26016,0.455367,1.26016,0.455367,
1763896967599,1.26016,0.455368,1.26016,0.455368,
1763896967628,1.26016,0.455368,1.26016,0.455368,
1763896967663,1.26015,0.455368,1.26015,0.455368,
1763896967703,1.26015,0.455369,1.26015,0.455369,
1763896967740,1.26015,0.455369,1.26015,0.455369,
1763896967775,1.26015,0.45537,1.26015,0.45537,
1763896967811,1.26015,0.45537,1.26015,0.45537,
1763896967862,1.26015,0.455371,1.26015,0.455371,
1763896967905,1.26015,0.455371,1.26015,0.455371,
1763896967937,1.26015,0.455371,1.26015,0.455371,
1763896967976,1.26014,0.455371,1.26014,0.455372,
1763896968012,1.26014,0.455372,1.26014,0.455372,
1763896968044,1.26014,0.455372,1.26014,0.455372,
1763896968085,1.26014,0.455373,1.26014,0.455373,
1763896968118,1.26014,0.455373,1.26014,0.455373,
1763896968151,1.26014,0.455374,1.26014,0.455374,
1763896968180,1.26014,0.455374,1.26014,0.455374,
1763896968222,1.26014,0.455374,1.26014,0.455374,
1763896968259,1.26013,0.455375,1.26013,0.455375,
1763896968296,1.26013,0.455375,1.26013,0.455375,
1763896968333,1.26013,0.455375,1.26013,0.455375,
1763896968370,1.26013,0.455376,1.26013,0.455376,
1763896968412,1.26013,0.455376,1.26013,0.455376,
1763896968459,1.26013,0.455377,1.26013,0.455377,
1763896968485,1.26013,0.455377,1.26013,0.455377,
1763896968527,1.26013,0.455378,1.26013,0.455378,
1763896968571,1.26012,0.455378,1.26012,0.455378,
1763896968603,1.26012,0.455378,1.26012,0.455378,
1763896968632,1.26012,0.455379,1.26012,0.455379,
1763896968680,1.26012,0.455379,1.26012,0.455379,
1763896968718,1.26012,0.455379,1.26012,0.455379,
1763896968764,1.26012,0.45538,1.26012,0.45538,
1763896968795,1.26012,0.45538,1.26012,0.45538,
1763896968827,1.26012,0.455381,1.26012,0.455381,
1763896968858,1.26011,0.455381,1.26011,0.455381,
1763896968892,1.26011,0.455381,1.26011,0.455381,
1763896968931,1.26011,0.455382,1.26011,0.455382,
1763896968971,1.26011,0.455382,1.26011,0.455382,
1763896969004,1.26011,0.455383,1.26011,0.455383,
1763896969049,1.26011,0.455383,1.26011,0.455383,
1763896969094,1.26011,0.455383,1.26011,0.455383,
1763896969141,1.26011,0.455384,1.26011,0.455384,
1763896969173,1.2601,0.455384,1.2601,0.455384,
1763896969209,1.2601,0.455384,1.2601,0.455384,
1763896969257,1.2601,0.455385,1.2601,0.455385,
1763896969296,1.2601,0.455385,1.2601,0.455385,
1763896969324,1.2601,0.455386,1.2601,0.455386,
1763896969376,1.2601,0.455386,1.2601,0.455386,
1763896969408,1.2601,0.455386,1.2601,0.455386,
1763896969451,1.2601,0.455387,1.2601,0.455387,
1763896969492,1.26009,0.455387,1.26009,0.455387,
1763896969524,1.26009,0.455388,1.26009,0.455388,
1763896969558,1.26009,0.455388,1.26009,0.455388,
1763896969598,1.26009,0.455388,1.26009,0.455388,
1763896969627,1.26009,0.455389,1.26009,0.455389,
1763896969661,1.26009,0.455389,1.26009,0.455389,
1763896969700,1.26009,0.45539,1.26009,0.45539,
1763896969737,1.26008,0.45539,1.26008,0.45539,
1763896969775,1.26008,0.45539,1.26008,0.45539,
1763896969804,1.26008,0.455391,1.26008,0.455391,
1763896969853,1.26008,0.455391,1.26008,0.455391,
1763896969878,1.26008,0.455391,1.26008,0.455391,
1763896969923,1.26008,0.455392,1.26008,0.455392,
1763896969954,1.26008,0.455392,1.26008,0.455392,
1763896969982,1.26008,0.455393,1.26008,0.455393,
1763896970018,1.26007,0.455393,1.26007,0.455393,
1763896970055,1.26007,0.455393,1.26007,0.455393,
1763896970084,1.26007,0.455394,1.26007,0.455394,
1763896970117,1.26007,0.455394,1.26007,0.455394,
1763896970155,1.26007,0.455395,1.26007,0.455395,
1763896970200,1.26007,0.455395,1.26007,0.455395,
1763896970233,1.26007,0.455396,1.26007,0.455396,
1763896970271,1.26007,0.455396,1.26007,0.455396,
1763896970316,1.26006,0.455396,1.26006,0.455396,
1763896970352,1.26006,0.455397,1.26006,0.455397,
1763896970389,1.26006,0.455397,1.26006,0.455397,
1763896970433,1.26006,0.455397,1.26006,0.455397,
1763896970470,1.26006,0.455398,1.26006,0.455398,
1763896970503,1.26006,0.455398,1.26006,0.455398,
1763896970543,1.26006,0.455399,1.26006,0.455398,
1763896970574,1.26006,0.455399,1.26006,0.455399,
1763896970621,1.26005,0.455399,1.26005,0.455399,
1763896970659,1.26005,0.4554,1.26005,0.4554,
1763896970683,1.26005,0.4554,1.26005,0.4554,
1763896970722,1.26005,0.455401,1.26005,0.455401,
1763896970757,1.26005,0.455401,1.26005,0.455401,
1763896970793,1.26005,0.455401,1.26005,0.455401,
1763896970833,1.26005,0.455402,1.26005,0.455402,
1763896970881,1.26005,0.455402,1.26005,0.455402,
1763896970927,1.26004,0.455403,1.26004,0.455403,
1763896970956,1.26004,0.455403,1.26004,0.455403,
1763896970994,1.26004,0.455403,1.26004,0.455403,
1763896971031,1.26004,0.455404,1.26004,0.455404,
1763896971059,1.26004,0.455404,1.26004,0.455404,
1763896971095,1.26004,0.455404,1.26004,0.455404,
1763896971128,1.26004,0.455405,1.26004,0.455405,
1763896971170,1.26004,0.455405,1.26004,0.455405,
1763896971208,1.26003,0.455406,1.26003,0.455406,
1763896971252,1.26003,0.455406,1.26003,0.455406,
1763896971286,1.26003,0.455406,1.26003,0.455406,
1763896971323,1.26003,0.455407,1.26003,0.455407,
1763896971363,1.26003,0.455407,1.26003,0.455407,
1763896971398,1.26003,0.455408,1.26003,0.455408,
1763896971435,1.26003,0.455408,1.26003,0.455408,
1763896971477,1.26003,0.455408,1.26003,0.455408,
1763896971517,1.26002,0.455409,1.26002,0.455409,
1763896971555,1.26002,0.455409,1.26002,0.455409,
1763896971597,1.26002,0.455409,1.26002,0.455409,
1763896971643,1.26002,0.45541,1.26002,0.45541,
1763896971679,1.26002,0.45541,1.26002,0.45541,
1763896971714,1.26002,0.455411,1.26002,0.455411,
1763896971759,1.26002,0.455411,1.26002,0.455411,
1763896971795,1.26001,0.455411,1.26001,0.455411,
1763896971828,1.26001,0.455412,1.26001,0.455412,
1763896971863,1.26001,0.455412,1.26001,0.455412,
1763896971897,1.26001,0.455413,1.26001,0.455413,
1763896971942,1.26001,0.455413,1.26001,0.455413,
1763896971982,1.26001,0.455413,1.26001,0.455413,
1763896972024,1.26001,0.455414,1.26001,0.455414,
1763896972058,1.26001,0.455414,1.26001,0.455414,
1763896972102,1.26,0.455415,1.26,0.455415,
1763896972139,1.26,0.455415,1.26,0.455415,
1763896972174,1.26,0.455415,1.26,0.455415,
1763896972216,1.26,0.455416,1.26,0.455416,
1763896972255,1.26,0.455416,1.26,0.455416,
1763896972298,1.26,0.455417,1.26,0.455416,
1763896972338,1.26,0.455417,1.26,0.455417,
1763896972373,1.26,0.455417,1.26,0.455417,
1763896972412,1.25999,0.455418,1.25999,0.455418,
1763896972442,1.25999,0.455418,1.25999,0.455418,
1763896972490,1.25999,0.455418,1.25999,0.455418,
1763896972531,1.25999,0.455419,1.25999,0.455419,
1763896972576,1.25999,0.455419,1.25999,0.455419,
1763896972603,1.25999,0.45542,1.25999,0.45542,
1763896972637,1.25999,0.45542,1.25999,0.45542,
1763896972681,1.25999,0.45542,1.25999,0.45542,
1763896972715,1.25998,0.455421,1.25998,0.455421,
1763896972755,1.25998,0.455421,1.25998,0.455421,
1763896972796,1.25998,0.455422,1.25998,0.455422,
1763896972828,1.25998,0.455422,1.25998,0.455422,
1763896972862,1.25998,0.455422,1.25998,0.455423,
1763896972899,1.25998,0.455423,1.25998,0.455423,
1763896972927,1.25998,0.455423,1.25998,0.455423,
1763896972959,1.25998,0.455424,1.25998,0.455424,
1763896973003,1.25997,0.455424,1.25997,0.455424,
1763896973041,1.25997,0.455424,1.25997,0.455424,
1763896973075,1.25997,0.455425,1.25997,0.455425,
1763896973122,1.25997,0.455425,1.25997,0.455425,
1763896973167,1.25997,0.455426,1.25997,0.455426,
1763896973200,1.25997,0.455426,1.25997,0.455426,
1763896973241,1.25997,0.455426,1.25997,0.455426,
1763896973288,1.25997,0.455427,1.25997,0.455427,
1763896973320,1.25996,0.455427,1.25996,0.455427,
1763896973357,1.25996,0.455428,1.25996,0.455428,
1763896973397,1.25996,0.455428,1.25996,0.455428,
1763896973433,1.25996,0.455428,1.25996,0.455428,
1763896973476,1.25996,0.455429,1.25996,0.455429,
1763896973515,1.25996,0.455429,1.25996,0.455429,
1763896973544,1.25996,0.455429,1.25996,0.455429,
1763896973587,1.25995,0.45543,1.25995,0.45543,
1763896973626,1.25995,0.45543,1.25995,0.45543,
1763896973657,1.25995,0.455431,1.25995,0.455431,
1763896973704,1.25995,0.455431,1.25995,0.455431,
1763896973734,1.25995,0.455432,1.25995,0.455432,
1763896973767,1.25995,0.455432,1.25995,0.455432,
1763896973806,1.25995,0.455432,1.25995,0.455432,
1763896973845,1.25995,0.455433,1.25995,0.455433,
1763896973887,1.25994,0.455433,1.25994,0.455433,
1763896973932,1.25994,0.455433,1.25994,0.455433,
1763896973975,1.25994,0.455434,1.25994,0.455434,
1763896974012,1.25994,0.455434,1.25994,0.455434,
1763896974051,1.25994,0.455434,1.25994,0.455434,
1763896974087,1.25994,0.455435,1.25994,0.455435,
1763896974125,1.25994,0.455435,1.25994,0.455435,
1763896974159,1.25994,0.455436,1.25994,0.455436,
1763896974195,1.25993,0.455436,1.25993,0.455436,
1763896974228,1.25993,0.455437,1.25993,0.455437,
1763896974270,1.25993,0.455437,1.25993,0.455437,
1763896974310,1.25993,0.455437,1.25993,0.455437,
1763896974342,1.25993,0.455438,1.25993,0.455438,
1763896974388,1.25993,0.455438,1.25993,0.455438,
1763896974426,1.25993,0.455438,1.25993,0.455438,
1763896974459,1.25993,0.455439,1.25993,0.455439,
1763896974499,1.25992,0.455439,1.25992,0.455439,
1763896974538,1.25992,0.45544,1.25992,0.45544,
1763896974573,1.25992,0.45544,1.25992,0.45544,
1763896974624,1.25992,0.455441,1.25992,0.455441,
1763896974668,1.25992,0.455441,1.25992,0.455441,
1763896974703,1.25992,0.455441,1.25992,0.455441,
1763896974742,1.25992,0.455442,1.25992,0.455442,
1763896974787,1.25992,0.455442,1.25992,0.455442,
1763896974815,1.25991,0.455442,1.25991,0.455442,
1763896974849,1.25991,0.455443,1.25991,0.455443,
1763896974880,1.25991,0.455443,1.25991,0.455443,
1763896974915,1.25991,0.455444,1.25991,0.455444,
1763896974956,1.25991,0.455444,1.25991,0.455444,
1763896974995,1.25991,0.455444,1.25991,0.455444,
1763896975025,1.25991,0.455445,1.25991,0.455445,
1763896975062,1.25991,0.455445,1.25991,0.455445,
1763896975106,1.2599,0.455446,1.2599,0.455446,
1763896975143,1.2599,0.455446,1.2599,0.455446,
1763896975186,1.2599,0.455446,1.2599,0.455446,
1763896975218,1.2599,0.455447,1.2599,0.455447,
1763896975256,1.2599,0.455447,1.2599,0.455447,
1763896975286,1.2599,0.455448,1.2599,0.455448,
1763896975330,1.2599,0.455448,1.2599,0.455448,
1763896975367,1.2599,0.455448,1.2599,0.455448,
1763896975402,1.25989,0.455449,1.25989,0.455449,
1763896975440,1.25989,0.455449,1.25989,0.455449,
1763896975487,1.25989,0.455449,1.25989,0.455449,
1763896975524,1.25989,0.45545,1.25989,0.45545,
1763896975559,1.25989,0.45545,1.25989,0.45545,
1763896975592,1.25989,0.455451,1.25989,0.455451,
1763896975629,1.25989,0.455451,1.25989,0.455451,
1763896975668,1.25988,0.455451,1.25988,0.455452,
1763896975700,1.25988,0.455452,1.25988,0.455452,
1763896975736,1.25988,0.455452,1.25988,0.455452,
1763896975779,1.25988,0.455453,1.25988,0.455453,
1763896975800,1.25988,0.455453,1.25988,0.455453,
1763896975840,1.25988,0.455453,1.25988,0.455453,
1763896975876,1.25988,0.455454,1.25988,0.455454,
1763896975909,1.25988,0.455454,1.25988,0.455454,
1763896975951,1.25987,0.455455,1.25987,0.455455,
1763896975986,1.25987,0.455455,1.25987,0.455455,
1763896976022,1.25987,0.455455,1.25987,0.455455,
1763896976064,1.25987,0.455456,1.25987,0.455456,
1763896976103,1.25987,0.455456,1.25987,0.455456,
1763896976146,1.25987,0.455457,1.25987,0.455456,
1763896976181,1.25987,0.455457,1.25987,0.455457,
1763896976226,1.25987,0.455457,1.25987,0.455457,
1763896976256,1.25986,0.455458,1.25986,0.455458,
1763896976294,1.25986,0.455458,1.25986,0.455458,
1763896976339,1.25986,0.455458,1.25986,0.455458,
1763896976371,1.25986,0.455459,1.25986,0.455459,
1763896976419,1.25986,0.455459,1.25986,0.455459,
1763896976442,1.25986,0.45546,1.25986,0.45546,
1763896976479,1.25986,0.45546,1.25986,0.45546,
1763896976510,1.25986,0.45546,1.25986,0.45546,
1763896976554,1.25985,0.455461,1.25985,0.455461,
1763896976597,1.25985,0.455461,1.25985,0.455461,
1763896976632,1.25985,0.455462,1.25985,0.455462,
1763896976663,1.25985,0.455462,1.25985,0.455462,
1763896976709,1.25985,0.455463,1.25985,0.455462,
1763896976749,1.25985,0.455463,1.25985,0.455463,
1763896976788,1.25985,0.455463,1.25985,0.455463,
1763896976828,1.25985,0.455464,1.25985,0.455464,
1763896976860,1.25984,0.455464,1.25984,0.455464,
1763896976902,1.25984,0.455465,1.25984,0.455465,
1763896976940,1.25984,0.455465,1.25984,0.455465,
1763896976980,1.25984,0.455465,1.25984,0.455465,
1763896977017,1.25984,0.455466,1.25984,0.455466,
1763896977061,1.25984,0.455466,1.25984,0.455466,
1763896977087,1.25984,0.455466,1.25984,0.455466,
1763896977133,1.25984,0.455467,1.25984,0.455467,
1763896977176,1.25983,0.455467,1.25983,0.455467,
1763896977210,1.25983,0.455468,1.25983,0.455468,
1763896977255,1.25983,0.455468,1.25983,0.455468,
1763896977295,1.25983,0.455468,1.25983,0.455468,
1763896977329,1.25983,0.455469,1.25983,0.455469,
1763896977367,1.25983,0.455469,1.25983,0.455469,
1763896977399,1.25983,0.45547,1.25983,0.455469,
1763896977429,1.25983,0.45547,1.25983,0.45547,
1763896977474,1.25982,0.45547,1.25982,0.45547,
1763896977510,1.25982,0.455471,1.25982,0.455471,
1763896977542,1.25982,0.455471,1.25982,0.455471,
1763896977571,1.25982,0.455472,1.25982,0.455472,
1763896977610,1.25982,0.455472,1.25982,0.455472,
1763896977640,1.25982,0.455472,1.25982,0.455472,
1763896977684,1.25982,0.455473,1.25982,0.455473,
1763896977729,1.25981,0.455473,1.25981,0.455473,
1763896977762,1.25981,0.455473,1.25981,0.455473,
1763896977800,1.25981,0.455474,1.25981,0.455474,
1763896977828,1.25981,0.455474,1.25981,0.455474,
1763896977861,1.25981,0.455475,1.25981,0.455475,
1763896977901,1.25981,0.455475,1.25981,0.455475,
1763896977942,1.25981,0.455475,1.25981,0.455475,
1763896977971,1.25981,0.455476,1.25981,0.455476,
1763896978003,1.2598,0.455476,1.2598,0.455476,
1763896978044,1.2598,0.455476,1.2598,0.455476,
1763896978080,1.2598,0.455477,1.2598,0.455477,
1763896978123,1.2598,0.455477,1.2598,0.455477,
1763896978167,1.2598,0.455478,1.2598,0.455478,
1763896978203,1.2598,0.455478,1.2598,0.455478,
1763896978243,1.2598,0.455479,1.2598,0.455479,
1763896978272,1.2598,0.455479,1.2598,0.455479,
1763896978311,1.25979,0.455479,1.25979,0.455479,
1763896978350,1.25979,0.45548,1.25979,0.45548,
1763896978385,1.25979,0.45548,1.25979,0.45548,
1763896978424,1.25979,0.455481,1.25979,0.45548,
1763896978461,1.25979,0.455481,1.25979,0.455481,
1763896978496,1.25979,0.455481,1.25979,0.455481,
1763896978545,1.25979,0.455482,1.25979,0.455482,
1763896978580,1.25979,0.455482,1.25979,0.455482,
1763896978611,1.25978,0.455482,1.25978,0.455482,
1763896978655,1.25978,0.455483,1.25978,0.455483,
1763896978690,1.25978,0.455483,1.25978,0.455483,
1763896978735,1.25978,0.455484,1.25978,0.455484,
1763896978768,1.25978,0.455484,1.25978,0.455484,
1763896978803,1.25978,0.455484,1.25978,0.455484,
1763896978846,1.25978,0.455485,1.25978,0.455485,
1763896978883,1.25978,0.455485,1.25978,0.455485,
1763896978913,1.25977,0.455486,1.25977,0.455486,
1763896978951,1.25977,0.455486,1.25977,0.455486,
1763896978987,1.25977,0.455487,1.25977,0.455487,
1763896979022,1.25977,0.455487,1.25977,0.455487,
1763896979064,1.25977,0.455487,1.25977,0.455487,
1763896979103,1.25977,0.455487,1.25977,0.455487,
1763896979148,1.25977,0.455488,1.25977,0.455488,
1763896979176,1.25977,0.455488,1.25977,0.455488,
1763896979208,1.25976,0.455489,1.25976,0.455489,
1763896979257,1.25976,0.455489,1.25976,0.455489,
1763896979294,1.25976,0.45549,1.25976,0.45549,
1763896979316,1.25976,0.45549,1.25976,0.45549,
1763896979355,1.25976,0.455491,1.25976,0.455491,
1763896979404,1.25976,0.455491,1.25976,0.455491,
1763896979429,1.25976,0.455491,1.25976,0.455491,
1763896979464,1.25976,0.455491,1.25976,0.455491,
1763896979501,1.25975,0.455492,1.25975,0.455492,
1763896979543,1.25975,0.455492,1.25975,0.455492,
1763896979568,1.25975,0.455493,1.25975,0.455493,
1763896979615,1.25975,0.455493,1.25975,0.455493,
1763896979651,1.25975,0.455494,1.25975,0.455494,
1763896979682,1.25975,0.455494,1.25975,0.455494,
1763896979719,1.25975,0.455494,1.25975,0.455494,
1763896979764,1.25975,0.455495,1.25975,0.455495,
1763896979791,1.25974,0.455495,1.25974,0.455495,
1763896979827,1.25974,0.455495,1.25974,0.455495,
1763896979871,1.25974,0.455496,1.25974,0.455496,
1763896979906,1.25974,0.455496,1.25974,0.455496,
1763896979939,1.25974,0.455497,1.25974,0.455497,
1763896979980,1.25974,0.455497,1.25974,0.455497,
1763896980021,1.25974,0.455498,1.25974,0.455498,
1763896980054,1.25973,0.455498,1.25973,0.455498,
1763896980096,1.25973,0.455498,1.25973,0.455498,
1763896980134,1.25973,0.455499,1.25973,0.455499,
1763896980181,1.25973,0.455499,1.25973,0.455499,
1763896980223,1.25973,0.455499,1.25973,0.455499,
1763896980255,1.25973,0.4555,1.25973,0.4555,
1763896980299,1.25973,0.4555,1.25973,0.4555,
1763896980339,1.25973,0.4555,1.25973,0.4555,
1763896980379,1.25972,0.455501,1.25972,0.455501,
1763896980428,1.25972,0.455501,1.25972,0.455501,
1763896980453,1.25972,0.455502,1.25972,0.455502,
1763896980491,1.25972,0.455502,1.25972,0.455502,
1763896980526,1.25972,0.455503,1.25972,0.455503,
1763896980563,1.25972,0.455503,1.25972,0.455503,
1763896980592,1.25972,0.455503,1.25972,0.455503,
1763896980636,1.25972,0.455504,1.25972,0.455504,
1763896980683,1.25971,0.455504,1.25971,0.455504,
1763896980715,1.25971,0.455504,1.25971,0.455504,
1763896980739,1.25971,0.455505,1.25971,0.455505,
1763896980769,1.25971,0.455505,1.25971,0.455505,
1763896980811,1.25971,0.455506,1.25971,0.455506,
1763896980846,1.25971,0.455506,1.25971,0.455506,
1763896980878,1.25971,0.455507,1.25971,0.455507,
1763896980922,1.25971,0.455507,1.25971,0.455507,
1763896980959,1.2597,0.455507,1.2597,0.455507,
1763896981006,1.2597,0.455508,1.2597,0.455508,
1763896981037,1.2597,0.455508,1.2597,0.455508,
1763896981071,1.2597,0.455508,1.2597,0.455508,
1763896981103,1.2597,0.455509,1.2597,0.455509,
1763896981142,1.2597,0.455509,1.2597,0.455509,
1763896981174,1.2597,0.45551,1.2597,0.45551,
1763896981212,1.2597,0.45551,1.2597,0.45551,
1763896981251,1.25969,0.45551,1.25969,0.45551,
1763896981289,1.25969,0.455511,1.25969,0.455511,
1763896981323,1.25969,0.455511,1.25969,0.455511,
1763896981362,1.25969,0.455512,1.25969,0.455512,
1763896981412,1.25969,0.455512,1.25969,0.455512,
1763896981455,1.25969,0.455513,1.25969,0.455513,
1763896981491,1.25969,0.455513,1.25969,0.455513,
1763896981529,1.25969,0.455513,1.25969,0.455513,
1763896981562,1.25968,0.455513,1.25968,0.455513,
1763896981597,1.25968,0.455514,1.25968,0.455514,
1763896981629,1.25968,0.455514,1.25968,0.455514,
1763896981669,1.25968,0.455515,1.25968,0.455515,
1763896981709,1.25968,0.455515,1.25968,0.455515,
1763896981737,1.25968,0.455516,1.25968,0.455516,
1763896981777,1.25968,0.455516,1.25968,0.455516,
1763896981814,1.25968,0.455516,1.25968,0.455516,
1763896981850,1.25967,0.455517,1.25967,0.455517,
1763896981887,1.25967,0.455517,1.25967,0.455517,
1763896981928,1.25967,0.455517,1.25967,0.455517,
1763896981962,1.25967,0.455518,1.25967,0.455518,
1763896981991,1.25967,0.455518,1.25967,0.455518,
1763896982026,1.25967,0.455519,1.25967,0.455519,
1763896982069,1.25967,0.455519,1.25967,0.455519,
1763896982103,1.25966,0.45552,1.25966,0.45552,
1763896982143,1.25966,0.45552,1.25966,0.45552,
1763896982191,1.25966,0.45552,1.25966,0.45552,
1763896982224,1.25966,0.455521,1.25966,0.455521,
1763896982262,1.25966,0.455521,1.25966,0.455521,
1763896982302,1.25966,0.455521,1.25966,0.455521,
1763896982340,1.25966,0.455522,1.25966,0.455522,
1763896982368,1.25966,0.455522,1.25966,0.455522,
1763896982413,1.25965,0.455523,1.25965,0.455523,
1763896982449,1.25965,0.455523,1.25965,0.455523,
1763896982476,1.25965,0.455523,1.25965,0.455523,
1763896982518,1.25965,0.455524,1.25965,0.455524,
1763896982554,1.25965,0.455524,1.25965,0.455524,
1763896982590,1.25965,0.455525,1.25965,0.455525,
1763896982628,1.25965,0.455525,1.25965,0.455525,
1763896982663,1.25965,0.455525,1.25965,0.455525,
1763896982699,1.25964,0.455526,1.25964,0.455526,
1763896982739,1.25964,0.455526,1.25964,0.455526,
1763896982782,1.25964,0.455527,1.25964,0.455527,
1763896982816,1.25964,0.455527,1.25964,0.455527,
1763896982848,1.25964,0.455527,1.25964,0.455527,
1763896982889,1.25964,0.455528,1.25964,0.455528,
1763896982925,1.25964,0.455528,1.25964,0.455528,
1763896982961,1.25964,0.455529,1.25964,0.455529,
1763896983003,1.25963,0.455529,1.25963,0.455529,
1763896983049,1.25963,0.455529,1.25963,0.455529,
1763896983075,1.25963,0.45553,1.25963,0.45553,
1763896983118,1.25963,0.45553,1.25963,0.45553,
1763896983155,1.25963,0.455531,1.25963,0.455531,
1763896983185,1.25963,0.455531,1.25963,0.455531,
1763896983219,1.25963,0.455531,1.25963,0.455531,
1763896983256,1.25963,0.455532,1.25963,0.455532,
1763896983292,1.25962,0.455532,1.25962,0.455532,
1763896983331,1.25962,0.455533,1.25962,0.455533,
1763896983368,1.25962,0.455533,1.25962,0.455533,
1763896983401,1.25962,0.455533,1.25962,0.455533,
1763896983446,1.25962,0.455534,1.25962,0.455534,
1763896983484,1.25962,0.455534,1.25962,0.455534,
1763896983523,1.25962,0.455535,1.25962,0.455535,
1763896983561,1.25962,0.455535,1.25962,0.455535,
1763896983604,1.25961,0.455535,1.25961,0.455535,
1763896983641,1.25961,0.455536,1.25961,0.455536,
1763896983687,1.25961,0.455536,1.25961,0.455536,
1763896983714,1.25961,0.455536,1.25961,0.455536,
1763896983767,1.25961,0.455537,1.25961,0.455537,
1763896983813,1.25961,0.455537,1.25961,0.455537,
1763896983837,1.25961,0.455538,1.25961,0.455538,
1763896983877,1.25961,0.455538,1.25961,0.455538,
1763896983904,1.2596,0.455539,1.2596,0.455539,
1763896983944,1.2596,0.455539,1.2596,0.455539,
1763896983978,1.2596,0.455539,1.2596,0.455539,
1763896984024,1.2596,0.45554,1.2596,0.45554,
1763896984067,1.2596,0.45554,1.2596,0.45554,
1763896984112,1.2596,0.45554,1.2596,0.45554,
1763896984153,1.2596,0.455541,1.2596,0.455541,
1763896984185,1.2596,0.455541,1.2596,0.455541,
1763896984225,1.25959,0.455542,1.25959,0.455542,
1763896984262,1.25959,0.455542,1.25959,0.455542,
1763896984292,1.25959,0.455542,1.25959,0.455542,
1763896984326,1.25959,0.455543,1.25959,0.455543,
1763896984367,1.25959,0.455543,1.25959,0.455543,
1763896984411,1.25959,0.455543,1.25959,0.455543,
1763896984439,1.25959,0.455544,1.25959,0.455544,
1763896984474,1.25958,0.455544,1.25958,0.455544,
1763896984512,1.25958,0.455545,1.25958,0.455545,
1763896984549,1.25958,0.455545,1.25958,0.455545,
1763896984591,1.25958,0.455546,1.25958,0.455545,
1763896984638,1.25958,0.455546,1.25958,0.455546,
1763896984685,1.25958,0.455546,1.25958,0.455546,
1763896984718,1.25958,0.455547,1.25958,0.455547,
1763896984754,1.25958,0.455547,1.25958,0.455547,
1763896984787,1.25957,0.455547,1.25957,0.455547,
1763896984831,1.25957,0.455548,1.25957,0.455548,
1763896984863,1.25957,0.455548,1.25957,0.455548,
1763896984903,1.25957,0.455549,1.25957,0.455549,
1763896984941,1.25957,0.455549,1.25957,0.455549,
1763896984985,1.25957,0.45555,1.25957,0.45555,
1763896985021,1.25957,0.45555,1.25957,0.45555,
1763896985062,1.25957,0.45555,1.25957,0.45555,
1763896985100,1.25956,0.455551,1.25956,0.455551,
1763896985145,1.25956,0.455551,1.25956,0.455551,
1763896985203,1.25956,0.455551,1.25956,0.455552,
1763896985228,1.25956,0.455552,1.25956,0.455552,
1763896985259,1.25956,0.455552,1.25956,0.455552,
1763896985296,1.25956,0.455553,1.25956,0.455553,
1763896985339,1.25956,0.455553,1.25956,0.455553,
1763896985366,1.25956,0.455553,1.25956,0.455553,
1763896985406,1.25955,0.455554,1.25955,0.455554,
1763896985445,1.25955,0.455554,1.25955,0.455554,
1763896985485,1.25955,0.455555,1.25955,0.455555,
1763896985523,1.25955,0.455555,1.25955,0.455555,
1763896985553,1.25955,0.455555,1.25955,0.455555,
1763896985589,1.25955,0.455556,1.25955,0.455556,
1763896985631,1.25955,0.455556,1.25955,0.455556,
1763896985673,1.25955,0.455557,1.25955,0.455557,
1763896985713,1.25954,0.455557,1.25954,0.455557,
1763896985748,1.25954,0.455557,1.25954,0.455557,
1763896985800,1.25954,0.455558,1.25954,0.455558,
1763896985837,1.25954,0.455558,1.25954,0.455558,
1763896985877,1.25954,0.455559,1.25954,0.455559,
1763896985911,1.25954,0.455559,1.25954,0.455559,
1763896985948,1.25954,0.455559,1.25954,0.455559,
1763896985979,1.25954,0.45556,1.25954,0.45556,
1763896986022,1.25953,0.45556,1.25953,0.45556,
1763896986065,1.25953,0.455561,1.25953,0.455561,
1763896986115,1.25953,0.455561,1.25953,0.455561,
1763896986142,1.25953,0.455561,1.25953,0.455561,
1763896986185,1.25953,0.455562,1.25953,0.455562,
1763896986229,1.25953,0.455562,1.25953,0.455562,
1763896986264,1.25953,0.455563,1.25953,0.455563,
1763896986299,1.25953,0.455563,1.25953,0.455563,
1763896986334,1.25952,0.455563,1.25952,0.455563,
1763896986373,1.25952,0.455564,1.25952,0.455564,
1763896986418,1.25952,0.455564,1.25952,0.455564,
1763896986451,1.25952,0.455564,1.25952,0.455564,
1763896986487,1.25952,0.455565,1.25952,0.455565,
1763896986523,1.25952,0.455565,1.25952,0.455565,
1763896986559,1.25952,0.455566,1.25952,0.455566,
1763896986605,1.25952,0.455566,1.25952,0.455566,
1763896986640,1.25951,0.455567,1.25951,0.455567,
1763896986683,1.25951,0.455567,1.25951,0.455567,
1763896986713,1.25951,0.455567,1.25951,0.455567,
1763896986750,1.25951,0.455567,1.25951,0.455568,
1763896986787,1.25951,0.455568,1.25951,0.455568,
1763896986820,1.25951,0.455568,1.25951,0.455568,
1763896986859,1.25951,0.455569,1.25951,0.455569,
1763896986896,1.25951,0.455569,1.2595,0.455569,
1763896986938,1.2595,0.45557,1.2595,0.45557,
1763896986979,1.2595,0.45557,1.2595,0.45557,
1763896987026,1.2595,0.45557,1.2595,0.45557,
1763896987056,1.2595,0.455571,1.2595,0.455571,
1763896987088,1.2595,0.455571,1.2595,0.455571,
1763896987132,1.2595,0.455572,1.2595,0.455571,
1763896987166,1.2595,0.455572,1.2595,0.455572,
1763896987202,1.25949,0.455572,1.25949,0.455572,
1763896987236,1.25949,0.455573,1.25949,0.455573,
1763896987276,1.25949,0.455573,1.25949,0.455573,
1763896987313,1.25949,0.455574,1.25949,0.455574,
1763896987350,1.25949,0.455574,1.25949,0.455574,
1763896987382,1.25949,0.455574,1.25949,0.455574,
1763896987419,1.25949,0.455575,1.25949,0.455575,
1763896987464,1.25949,0.455575,1.25949,0.455575,
1763896987497,1.25948,0.455576,1.25948,0.455576,
1763896987537,1.25948,0.455576,1.25948,0.455576,
1763896987588,1.25948,0.455576,1.25948,0.455576,
1763896987620,1.25948,0.455577,1.25948,0.455577,
1763896987649,1.25948,0.455577,1.25948,0.455577,
1763896987691,1.25948,0.455578,1.25948,0.455578,
1763896987720,1.25948,0.455578,1.25948,0.455578,
1763896987760,1.25948,0.455578,1.25948,0.455578,
1763896987802,1.25947,0.455579,1.25947,0.455579,
1763896987838,1.25947,0.455579,1.25947,0.455579,
1763896987871,1.25947,0.45558,1.25947,0.45558,
1763896987902,1.25947,0.45558,1.25947,0.45558,
1763896987931,1.25947,0.45558,1.25947,0.45558,
1763896987977,1.25947,0.455581,1.25947,0.455581,
1763896988009,1.25947,0.455581,1.25947,0.455581,
1763896988046,1.25947,0.455581,1.25947,0.455581,
1763896988087,1.25946,0.455582,1.25946,0.455582,
1763896988125,1.25946,0.455582,1.25946,0.455582,
1763896988158,1.25946,0.455583,1.25946,0.455583,
1763896988204,1.25946,0.455583,1.25946,0.455583,
1763896988242,1.25946,0.455583,1.25946,0.455583,
1763896988274,1.25946,0.455584,1.25946,0.455584,
1763896988315,1.25946,0.455584,1.25946,0.455584,
1763896988354,1.25946,0.455585,1.25946,0.455585,
1763896988395,1.25945,0.455585,1.25945,0.455585,
1763896988428,1.25945,0.455586,1.25945,0.455586,
1763896988464,1.25945,0.455586,1.25945,0.455586,
1763896988519,1.25945,0.455586,1.25945,0.455586,
1763896988561,1.25945,0.455587,1.25945,0.455587,
1763896988595,1.25945,0.455587,1.25945,0.455587,
1763896988629,1.25945,0.455588,1.25945,0.455588,
1763896988682,1.25945,0.455588,1.25945,0.455588,
1763896988720,1.25944,0.455588,1.25944,0.455588,
1763896988763,1.25944,0.455589,1.25944,0.455589,
1763896988811,1.25944,0.455589,1.25944,0.455589,
1763896988837,1.25944,0.455589,1.25944,0.455589,
1763896988872,1.25944,0.45559,1.25944,0.45559,
1763896988911,1.25944,0.45559,1.25944,0.45559,
1763896988937,1.25944,0.455591,1.25944,0.455591,
1763896988967,1.25944,0.455591,1.25944,0.455591,
1763896989012,1.25943,0.455591,1.25943,0.455591,
1763896989052,1.25943,0.455592,1.25943,0.455592,
1763896989079,1.25943,0.455592,1.25943,0.455592,
1763896989118,1.25943,0.455593,1.25943,0.455593,
1763896989154,1.25943,0.455593,1.25943,0.455593,
1763896989187,1.25943,0.455593,1.25943,0.455593,
1763896989225,1.25943,0.455594,1.25943,0.455594,
1763896989259,1.25943,0.455594,1.25943,0.455594,
1763896989300,1.25942,0.455595,1.25942,0.455595,
1763896989341,1.25942,0.455595,1.25942,0.455595,
1763896989373,1.25942,0.455595,1.25942,0.455595,
1763896989416,1.25942,0.455596,1.25942,0.455596,
1763896989451,1.25942,0.455596,1.25942,0.455596,
1763896989491,1.25942,0.455597,1.25942,0.455597,
1763896989522,1.25942,0.455597,1.25942,0.455597,
1763896989562,1.25941,0.455597,1.25941,0.455597,
1763896989598,1.25941,0.455598,1.25941,0.455598,
1763896989633,1.25941,0.455598,1.25941,0.455598,
1763896989670,1.25941,0.455599,1.25941,0.455599,
1763896989715,1.25941,0.455599,1.25941,0.455599,
1763896989756,1.25941,0.455599,1.25941,0.455599,
1763896989799,1.25941,0.4556,1.25941,0.4556,
1763896989832,1.25941,0.4556,1.25941,0.4556,
1763896989863,1.2594,0.455601,1.2594,0.455601,
1763896989893,1.2594,0.455601,1.2594,0.455601,
1763896989935,1.2594,0.455601,1.2594,0.455601,
1763896989975,1.2594,0.455602,1.2594,0.455602,
1763896990013,1.2594,0.455602,1.2594,0.455602,
1763896990048,1.2594,0.455602,1.2594,0.455602,
1763896990085,1.2594,0.455603,1.2594,0.455603,
1763896990117,1.2594,0.455603,1.2594,0.455603,
1763896990156,1.25939,0.455604,1.25939,0.455604,
1763896990199,1.25939,0.455604,1.25939,0.455604,
1763896990237,1.25939,0.455605,1.25939,0.455605,
1763896990275,1.25939,0.455605,1.25939,0.455605,
1763896990316,1.25939,0.455605,1.25939,0.455605,
1763896990358,1.25939,0.455606,1.25939,0.455606,
1763896990386,1.25939,0.455606,1.25939,0.455606,
1763896990424,1.25939,0.455606,1.25939,0.455606,
1763896990459,1.25938,0.455607,1.25938,0.455607,
1763896990505,1.25938,0.455607,1.25938,0.455607,
1763896990531,1.25938,0.455608,1.25938,0.455608,
1763896990566,1.25938,0.455608,1.25938,0.455608,
1763896990602,1.25938,0.455608,1.25938,0.455608,
1763896990634,1.25938,0.455609,1.25938,0.455609,
1763896990680,1.25938,0.455609,1.25938,0.455609,
1763896990711,1.25938,0.45561,1.25938,0.45561,
1763896990749,1.25937,0.45561,1.25937,0.45561,
1763896990791,1.25937,0.45561,1.25937,0.45561,
1763896990830,1.25937,0.455611,1.25937,0.455611,
1763896990871,1.25937,0.455611,1.25937,0.455611,
1763896990911,1.25937,0.455612,1.25937,0.455612,
1763896990953,1.25937,0.455612,1.25937,0.455612,
1763896990989,1.25937,0.455612,1.25937,0.455612,
1763896991035,1.25937,0.455613,1.25937,0.455613,
1763896991072,1.25936,0.455613,1.25936,0.455613,
1763896991096,1.25936,0.455614,1.25936,0.455614,
1763896991131,1.25936,0.455614,1.25936,0.455614,
1763896991175,1.25936,0.455614,1.25936,0.455614,
1763896991207,1.25936,0.455615,1.25936,0.455615,
1763896991240,1.25936,0.455615,1.25936,0.455615,
1763896991289,1.25936,0.455615,1.25936,0.455615,
1763896991320,1.25936,0.455616,1.25936,0.455616,
1763896991359,1.25935,0.455616,1.25935,0.455616,
1763896991397,1.25935,0.455617,1.25935,0.455617,
1763896991439,1.25935,0.455617,1.25935,0.455617,
1763896991466,1.25935,0.455618,1.25935,0.455618,
1763896991498,1.25935,0.455618,1.25935,0.455618,
1763896991535,1.25935,0.455618,1.25935,0.455618,
1763896991567,1.25935,0.455619,1.25935,0.455619,
1763896991608,1.25935,0.455619,1.25935,0.455619,
1763896991647,1.25934,0.45562,1.25934,0.45562,
1763896991678,1.25934,0.45562,1.25934,0.45562,
1763896991720,1.25934,0.45562,1.25934,0.45562,
1763896991767,1.25934,0.455621,1.25934,0.455621,
1763896991798,1.25934,0.455621,1.25934,0.455621,
1763896991849,1.25934,0.455622,1.25934,0.455622,
1763896991885,1.25934,0.455622,1.25934,0.455622,
1763896991923,1.25934,0.455622,1.25934,0.455622,
1763896991960,1.25933,0.455623,1.25933,0.455623,
1763896992000,1.25933,0.455623,1.25933,0.455623,
1763896992035,1.25933,0.455624,1.25933,0.455624,
1763896992074,1.25933,0.455624,1.25933,0.455624,
1763896992109,1.25933,0.455624,1.25933,0.455624,
1763896992140,1.25933,0.455625,1.25933,0.455625,
1763896992191,1.25933,0.455625,1.25933,0.455625,
1763896992231,1.25932,0.455625,1.25932,0.455625,
1763896992259,1.25932,0.455626,1.25932,0.455626,
1763896992296,1.25932,0.455626,1.25932,0.455626,
1763896992334,1.25932,0.455627,1.25932,0.455627,
1763896992365,1.25932,0.455627,1.25932,0.455627,
1763896992411,1.25932,0.455627,1.25932,0.455628,
1763896992453,1.25932,0.455628,1.25932,0.455628,
1763896992479,1.25932,0.455628,1.25932,0.455628,
1763896992524,1.25931,0.455628,1.25931,0.455628,
1763896992560,1.25931,0.455629,1.25931,0.455629,
1763896992594,1.25931,0.455629,1.25931,0.455629,
1763896992640,1.25931,0.45563,1.25931,0.45563,
1763896992684,1.25931,0.45563,1.25931,0.45563,
1763896992717,1.25931,0.455631,1.25931,0.455631,
1763896992756,1.25931,0.455631,1.25931,0.455631,
1763896992791,1.25931,0.455632,1.25931,0.455632,
1763896992827,1.2593,0.455632,1.2593,0.455632,
1763896992864,1.2593,0.455632,1.2593,0.455632,
1763896992907,1.2593,0.455633,1.2593,0.455633,
1763896992935,1.2593,0.455633,1.2593,0.455633,
1763896992981,1.2593,0.455633,1.2593,0.455633,
1763896993019,1.2593,0.455634,1.2593,0.455634,
1763896993055,1.2593,0.455634,1.2593,0.455634,
1763896993096,1.2593,0.455635,1.2593,0.455635,
1763896993130,1.25929,0.455635,1.25929,0.455635,
1763896993166,1.25929,0.455635,1.25929,0.455635,
1763896993205,1.25929,0.455636,1.25929,0.455636,
1763896993248,1.25929,0.455636,1.25929,0.455636,
1763896993279,1.25929,0.455637,1.25929,0.455637,
1763896993317,1.25929,0.455637,1.25929,0.455637,
1763896993354,1.25929,0.455637,1.25929,0.455637,
1763896993388,1.25929,0.455638,1.25929,0.455638,
1763896993423,1.25928,0.455638,1.25928,0.455638,
1763896993457,1.25928,0.455638,1.25928,0.455638,
1763896993492,1.25928,0.455639,1.25928,0.455639,
1763896993536,1.25928,0.455639,1.25928,0.455639,
1763896993575,1.25928,0.45564,1.25928,0.45564,
1763896993607,1.25928,0.45564,1.25928,0.45564,
1763896993650,1.25928,0.455641,1.25928,0.455641,
1763896993693,1.25928,0.455641,1.25928,0.455641,
1763896993730,1.25927,0.455641,1.25927,0.455641,
1763896993763,1.25927,0.455642,1.25927,0.455642,
1763896993789,1.25927,0.455642,1.25927,0.455642,
1763896993834,1.25927,0.455642,1.25927,0.455642,
1763896993875,1.25927,0.455643,1.25927,0.455643,
1763896993901,1.25927,0.455643,1.25927,0.455643,
1763896993940,1.25927,0.455644,1.25927,0.455644,
1763896993982,1.25927,0.455644,1.25927,0.455644,
1763896994027,1.25926,0.455645,1.25926,0.455645,
1763896994051,1.25926,0.455645,1.25926,0.455645,
1763896994084,1.25926,0.455645,1.25926,0.455645,
1763896994119,1.25926,0.455646,1.25926,0.455646,
1763896994159,1.25926,0.455646,1.25926,0.455646,
1763896994192,1.25926,0.455647,1.25926,0.455647,
1763896994227,1.25926,0.455647,1.25926,0.455647,
1763896994262,1.25926,0.455647,1.25926,0.455647,
1763896994296,1.25925,0.455648,1.25925,0.455648,
1763896994329,1.25925,0.455648,1.25925,0.455648,
1763896994372,1.25925,0.455648,1.25925,0.455648,
1763896994411,1.25925,0.455649,1.25925,0.455649,
1763896994442,1.25925,0.455649,1.25925,0.455649,
1763896994476,1.25925,0.45565,1.25925,0.45565,
1763896994519,1.25925,0.45565,1.25925,0.45565,
1763896994554,1.25925,0.45565,1.25925,0.45565,
1763896994592,1.25924,0.455651,1.25924,0.455651,
1763896994629,1.25924,0.455651,1.25924,0.455651,
1763896994663,1.25924,0.455652,1.25924,0.455652,
1763896994704,1.25924,0.455652,1.25924,0.455652,
1763896994736,1.25924,0.455653,1.25924,0.455652,
1763896994767,1.25924,0.455653,1.25924,0.455653,
1763896994801,1.25924,0.455653,1.25924,0.455653,
1763896994841,1.25924,0.455654,1.25923,0.455654,
1763896994886,1.25923,0.455654,1.25923,0.455654,
1763896994922,1.25923,0.455654,1.25923,0.455654,
1763896994958,1.25923,0.455655,1.25923,0.455655,
1763896995007,1.25923,0.455655,1.25923,0.455655,
1763896995058,1.25923,0.455656,1.25923,0.455656,
1763896995097,1.25923,0.455656,1.25923,0.455656,
1763896995124,1.25923,0.455656,1.25923,0.455656,
1763896995168,1.25922,0.455657,1.25922,0.455657,
1763896995200,1.25922,0.455657,1.25922,0.455657,
1763896995239,1.25922,0.455658,1.25922,0.455658,
1763896995279,1.25922,0.455658,1.25922,0.455658,
1763896995312,1.25922,0.455659,1.25922,0.455659,
1763896995355,1.25922,0.455659,1.25922,0.455659,
1763896995398,1.25922,0.455659,1.25922,0.455659,
1763896995428,1.25922,0.45566,1.25922,0.45566,
1763896995464,1.25921,0.45566,1.25921,0.45566,
1763896995505,1.25921,0.45566,1.25921,0.45566,
1763896995540,1.25921,0.455661,1.25921,0.455661,
1763896995579,1.25921,0.455661,1.25921,0.455661,
1763896995617,1.25921,0.455662,1.25921,0.455662,
1763896995659,1.25921,0.455662,1.25921,0.455662,
1763896995702,1.25921,0.455663,1.25921,0.455663,
1763896995735,1.25921,0.455663,1.25921,0.455663,
1763896995768,1.2592,0.455663,1.2592,0.455663,
1763896995813,1.2592,0.455663,1.2592,0.455663,
1763896995840,1.2592,0.455664,1.2592,0.455664,
1763896995878,1.2592,0.455664,1.2592,0.455664,
1763896995921,1.2592,0.455665,1.2592,0.455665,
1763896995960,1.2592,0.455665,1.2592,0.455665,
1763896995997,1.2592,0.455666,1.2592,0.455666,
1763896996037,1.2592,0.455666,1.2592,0.455666,
1763896996079,1.25919,0.455666,1.25919,0.455666,
1763896996106,1.25919,0.455667,1.25919,0.455667,
1763896996143,1.25919,0.455667,1.25919,0.455667,
1763896996186,1.25919,0.455668,1.25919,0.455668,
1763896996222,1.25919,0.455668,1.25919,0.455668,
1763896996256,1.25919,0.455669,1.25919,0.455669,
1763896996290,1.25919,0.455669,1.25919,0.455669,
1763896996329,1.25919,0.455669,1.25919,0.455669,
1763896996366,1.25918,0.455669,1.25918,0.455669,
1763896996402,1.25918,0.45567,1.25918,0.45567,
1763896996437,1.25918,0.45567,1.25918,0.45567,
1763896996477,1.25918,0.455671,1.25918,0.455671,
1763896996507,1.25918,0.455671,1.25918,0.455671,
1763896996548,1.25918,0.455672,1.25918,0.455672,
1763896996587,1.25918,0.455672,1.25918,0.455672,
1763896996629,1.25918,0.455672,1.25918,0.455672,
1763896996670,1.25917,0.455673,1.25917,0.455673,
1763896996704,1.25917,0.455673,1.25917,0.455673,
1763896996740,1.25917,0.455673,1.25917,0.455673,
1763896996775,1.25917,0.455674,1.25917,0.455674,
1763896996810,1.25917,0.455674,1.25917,0.455674,
1763896996846,1.25917,0.455675,1.25917,0.455675,
1763896996884,1.25917,0.455675,1.25917,0.455675,
1763896996924,1.25917,0.455676,1.25917,0.455676,
1763896996962,1.25916,0.455676,1.25916,0.455676,
1763896996996,1.25916,0.455676,1.25916,0.455676,
1763896997032,1.25916,0.455677,1.25916,0.455677,
1763896997070,1.25916,0.455677,1.25916,0.455677,
1763896997121,1.25916,0.455677,1.25916,0.455677,
1763896997162,1.25916,0.455678,1.25916,0.455678,
1763896997194,1.25916,0.455678,1.25916,0.455678,
1763896997232,1.25916,0.455679,1.25916,0.455679,
1763896997264,1.25915,0.455679,1.25915,0.455679,
1763896997308,1.25915,0.455679,1.25915,0.455679,
1763896997343,1.25915,0.45568,1.25915,0.45568,
1763896997379,1.25915,0.45568,1.25915,0.45568,
1763896997420,1.25915,0.455681,1.25915,0.455681,
1763896997452,1.25915,0.455681,1.25915,0.455681,
1763896997500,1.25915,0.455681,1.25915,0.455681,
1763896997544,1.25915,0.455682,1.25915,0.455682,
1763896997580,1.25914,0.455682,1.25914,0.455682,
1763896997618,1.25914,0.455683,1.25914,0.455683,
1763896997664,1.25914,0.455683,1.25914,0.455683,
1763896997703,1.25914,0.455683,1.25914,0.455683,
1763896997737,1.25914,0.455684,1.25914,0.455684,
1763896997775,1.25914,0.455684,1.25914,0.455684,
1763896997806,1.25914,0.455685,1.25914,0.455685,
1763896997844,1.25913,0.455685,1.25913,0.455685,
1763896997886,1.25913,0.455686,1.25913,0.455685,
1763896997923,1.25913,0.455686,1.25913,0.455686,
1763896997962,1.25913,0.455686,1.25913,0.455686,
1763896998000,1.25913,0.455687,1.25913,0.455687,
1763896998053,1.25913,0.455687,1.25913,0.455687,
1763896998086,1.25913,0.455687,1.25913,0.455687,
1763896998131,1.25913,0.455688,1.25913,0.455688,
1763896998167,1.25912,0.455688,1.25912,0.455688,
1763896998207,1.25912,0.455689,1.25912,0.455689,
1763896998237,1.25912,0.455689,1.25912,0.455689,
1763896998274,1.25912,0.455689,1.25912,0.455689,
1763896998325,1.25912,0.45569,1.25912,0.45569,
1763896998358,1.25912,0.45569,1.25912,0.45569,
1763896998388,1.25912,0.455691,1.25912,0.455691,
1763896998432,1.25912,0.455691,1.25912,0.455691,
1763896998472,1.25911,0.455691,1.25911,0.455691,
1763896998508,1.25911,0.455692,1.25911,0.455692,
1763896998547,1.25911,0.455692,1.25911,0.455692,
1763896998585,1.25911,0.455693,1.25911,0.455693,
1763896998620,1.25911,0.455693,1.25911,0.455693,
1763896998655,1.25911,0.455693,1.25911,0.455693,
1763896998691,1.25911,0.455694,1.25911,0.455694,
1763896998725,1.25911,0.455694,1.25911,0.455694,
1763896998759,1.2591,0.455695,1.2591,0.455695,
1763896998797,1.2591,0.455695,1.2591,0.455695,
1763896998835,1.2591,0.455695,1.2591,0.455695,
1763896998865,1.2591,0.455696,1.2591,0.455696,
1763896998916,1.2591,0.455696,1.2591,0.455696,
1763896998960,1.2591,0.455697,1.2591,0.455697,
1763896998995,1.2591,0.455697,1.2591,0.455697,
1763896999027,1.2591,0.455697,1.2591,0.455697,
1763896999071,1.25909,0.455698,1.25909,0.455698,
1763896999102,1.25909,0.455698,1.25909,0.455698,
1763896999129,1.25909,0.455698,1.25909,0.455699,
1763896999173,1.25909,0.455699,1.25909,0.455699,
1763896999207,1.25909,0.455699,1.25909,0.455699,
1763896999243,1.25909,0.4557,1.25909,0.4557,
1763896999286,1.25909,0.4557,1.25909,0.4557,
1763896999315,1.25909,0.455701,1.25909,0.455701,
1763896999359,1.25908,0.455701,1.25908,0.455701,
1763896999389,1.25908,0.455701,1.25908,0.455701,
1763896999429,1.25908,0.455702,1.25908,0.455702,
1763896999468,1.25908,0.455702,1.25908,0.455702,
1763896999502,1.25908,0.455702,1.25908,0.455702,
1763896999538,1.25908,0.455703,1.25908,0.455703,
1763896999582,1.25908,0.455703,1.25908,0.455703,
1763896999623,1.25908,0.455704,1.25908,0.455704,
1763896999675,1.25907,0.455704,1.25907,0.455704,
1763896999705,1.25907,0.455705,1.25907,0.455705,
1763896999746,1.25907,0.455705,1.25907,0.455705,
1763896999780,1.25907,0.455705,1.25907,0.455705,
1763896999810,1.25907,0.455706,1.25907,0.455706,
1763896999852,1.25907,0.455706,1.25907,0.455706,
1763896999889,1.25907,0.455706,1.25907,0.455707,
1763896999935,1.25907,0.455707,1.25907,0.455707,
1763896999970,1.25906,0.455707,1.25906,0.455707,
1763897000005,1.25906,0.455708,1.25906,0.455708,
1763897000048,1.25906,0.455708,1.25906,0.455708,
1763897000087,1.25906,0.455709,1.25906,0.455708,
1763897000126,1.25906,0.455709,1.25906,0.455709,
1763897000155,1.25906,0.455709,1.25906,0.455709,
1763897000199,1.25906,0.45571,1.25906,0.45571,
1763897000246,1.25906,0.45571,1.25906,0.45571,
1763897000274,1.25905,0.455711,1.25905,0.455711,
1763897000308,1.25905,0.455711,1.25905,0.455711,
1763897000351,1.25905,0.455711,1.25905,0.455711,
1763897000390,1.25905,0.455712,1.25905,0.455712,
1763897000435,1.25905,0.455712,1.25905,0.455712,
1763897000470,1.25905,0.455712,1.25905,0.455712,
1763897000503,1.25905,0.455713,1.25905,0.455713,
1763897000546,1.25904,0.455713,1.25904,0.455713,
1763897000576,1.25904,0.455713,1.25904,0.455713,
1763897000609,1.25904,0.455714,1.25904,0.455714,
1763897000653,1.25904,0.455715,1.25904,0.455714,
1763897000691,1.25904,0.455715,1.25904,0.455715,
1763897000722,1.25904,0.455716,1.25904,0.455715,
1763897000756,1.25904,0.455716,1.25904,0.455716,
1763897000795,1.25904,0.455716,1.25904,0.455716,
1763897000827,1.25903,0.455716,1.25903,0.455716,
1763897000861,1.25903,0.455717,1.25903,0.455717,
1763897000915,1.25903,0.455717,1.25903,0.455717,
1763897000948,1.25903,0.455717,1.25903,0.455717,
1763897000988,1.25903,0.455718,1.25903,0.455718,
1763897001020,1.25903,0.455718,1.25903,0.455718,
1763897001051,1.25903,0.455719,1.25903,0.455719,
1763897001085,1.25903,0.455719,1.25903,0.455719,
1763897001127,1.25902,0.45572,1.25902,0.45572,
1763897001157,1.25902,0.45572,1.25902,0.45572,
1763897001199,1.25902,0.45572,1.25902,0.45572,
1763897001231,1.25902,0.455721,1.25902,0.455721,
1763897001270,1.25902,0.455721,1.25902,0.455721,
1763897001316,1.25902,0.455722,1.25902,0.455722,
1763897001349,1.25902,0.455722,1.25902,0.455722,
1763897001382,1.25902,0.455723,1.25902,0.455723,
1763897001430,1.25901,0.455723,1.25901,0.455723,
1763897001476,1.25901,0.455723,1.25901,0.455723,
1763897001502,1.25901,0.455724,1.25901,0.455724,
1763897001541,1.25901,0.455724,1.25901,0.455724,
1763897001580,1.25901,0.455724,1.25901,0.455724,
1763897001612,1.25901,0.455725,1.25901,0.455725,
1763897001648,1.25901,0.455725,1.25901,0.455725,
1763897001689,1.25901,0.455726,1.25901,0.455726,
1763897001728,1.259,0.455726,1.259,0.455726,
1763897001759,1.259,0.455727,1.259,0.455727,
1763897001804,1.259,0.455727,1.259,0.455727,
1763897001833,1.259,0.455727,1.259,0.455727,
1763897001880,1.259,0.455727,1.259,0.455727,
1763897001913,1.259,0.455728,1.259,0.455728,
1763897001950,1.259,0.455728,1.259,0.455728,
1763897001984,1.259,0.455729,1.259,0.455729,
1763897002028,1.25899,0.455729,1.25899,0.455729,
1763897002070,1.25899,0.45573,1.25899,0.45573,
1763897002108,1.25899,0.45573,1.25899,0.45573,
1763897002138,1.25899,0.45573,1.25899,0.45573,
1763897002176,1.25899,0.45573,1.25899,0.455731,
1763897002219,1.25899,0.455731,1.25899,0.455731,
1763897002244,1.25899,0.455732,1.25899,0.455731,
1763897002285,1.25899,0.455732,1.25899,0.455732,
1763897002318,1.25898,0.455733,1.25898,0.455733,
1763897002362,1.25898,0.455733,1.25898,0.455733,
1763897002399,1.25898,0.455733,1.25898,0.455733,
1763897002432,1.25898,0.455733,1.25898,0.455733,
1763897002466,1.25898,0.455734,1.25898,0.455734,
1763897002499,1.25898,0.455734,1.25898,0.455734,
1763897002545,1.25898,0.455735,1.25898,0.455735,
1763897002580,1.25898,0.455735,1.25898,0.455735,
1763897002614,1.25897,0.455736,1.25897,0.455736,
1763897002660,1.25897,0.455736,1.25897,0.455736,
1763897002699,1.25897,0.455736,1.25897,0.455736,
1763897002736,1.25897,0.455737,1.25897,0.455737,
1763897002771,1.25897,0.455737,1.25897,0.455737,
1763897002818,1.25897,0.455737,1.25897,0.455737,
1763897002859,1.25897,0.455738,1.25897,0.455738,
1763897002897,1.25897,0.455738,1.25897,0.455738,
1763897002933,1.25896,0.455739,1.25896,0.455739,
1763897002971,1.25896,0.455739,1.25896,0.455739,
1763897003012,1.25896,0.45574,1.25896,0.45574,
1763897003047,1.25896,0.45574,1.25896,0.45574,
1763897003080,1.25896,0.45574,1.25896,0.45574,
1763897003119,1.25896,0.45574,1.25896,0.455741,
1763897003159,1.25896,0.455741,1.25896,0.455741,
1763897003188,1.25896,0.455742,1.25896,0.455741,
1763897003229,1.25895,0.455742,1.25895,0.455742,
1763897003273,1.25895,0.455743,1.25895,0.455742,
1763897003309,1.25895,0.455743,1.25895,0.455743,
1763897003351,1.25895,0.455743,1.25895,0.455743,
1763897003382,1.25895,0.455743,1.25895,0.455744,
1763897003423,1.25895,0.455744,1.25895,0.455744,
1763897003459,1.25895,0.455744,1.25895,0.455744,
1763897003492,1.25895,0.455745,1.25895,0.455745,
1763897003525,1.25894,0.455745,1.25894,0.455745,
1763897003568,1.25894,0.455746,1.25894,0.455746,
1763897003606,1.25894,0.455746,1.25894,0.455746,
1763897003640,1.25894,0.455746,1.25894,0.455746,
1763897003684,1.25894,0.455747,1.25894,0.455747,
1763897003722,1.25894,0.455747,1.25894,0.455747,
1763897003769,1.25894,0.455747,1.25894,0.455747,
1763897003803,1.25893,0.455748,1.25893,0.455748,
1763897003831,1.25893,0.455748,1.25893,0.455748,
1763897003867,1.25893,0.455749,1.25893,0.455749,
1763897003893,1.25893,0.455749,1.25893,0.455749,
1763897003933,1.25893,0.45575,1.25893,0.45575,
1763897003970,1.25893,0.45575,1.25893,0.45575,
1763897004013,1.25893,0.45575,1.25893,0.45575,
1763897004046,1.25893,0.455751,1.25893,0.455751,
1763897004087,1.25892,0.455751,1.25892,0.455751,
1763897004114,1.25892,0.455752,1.25892,0.455752,
1763897004155,1.25892,0.455752,1.25892,0.455752,
1763897004200,1.25892,0.455753,1.25892,0.455752,
1763897004222,1.25892,0.455753,1.25892,0.455753,
1763897004258,1.25892,0.455753,1.25892,0.455753,
1763897004292,1.25892,0.455753,1.25892,0.455753,
1763897004323,1.25892,0.455754,1.25892,0.455754,
1763897004365,1.25891,0.455754,1.25891,0.455754,
1763897004409,1.25891,0.455755,1.25891,0.455755,
1763897004440,1.25891,0.455755,1.25891,0.455755,
1763897004473,1.25891,0.455756,1.25891,0.455756,
1763897004512,1.25891,0.455756,1.25891,0.455756,
1763897004550,1.25891,0.455756,1.25891,0.455756,
1763897004586,1.25891,0.455757,1.25891,0.455757,
1763897004631,1.25891,0.455757,1.25891,0.455757,
1763897004671,1.2589,0.455757,1.2589,0.455757,
1763897004709,1.2589,0.455758,1.2589,0.455758,
1763897004748,1.2589,0.455758,1.2589,0.455758,
1763897004794,1.2589,0.455759,1.2589,0.455759,
1763897004823,1.2589,0.455759,1.2589,0.455759,
1763897004861,1.2589,0.45576,1.2589,0.45576,
1763897004901,1.2589,0.45576,1.2589,0.45576,
1763897004936,1.2589,0.45576,1.2589,0.45576,
1763897004973,1.25889,0.455761,1.25889,0.455761,
1763897005003,1.25889,0.455761,1.25889,0.455761,
1763897005033,1.25889,0.455761,1.25889,0.455761,
1763897005077,1.25889,0.455762,1.25889,0.455762,
1763897005123,1.25889,0.455762,1.25889,0.455762,
1763897005156,1.25889,0.455763,1.25889,0.455763,
1763897005187,1.25889,0.455763,1.25889,0.455763,
1763897005232,1.25889,0.455763,1.25889,0.455763,
1763897005270,1.25888,0.455764,1.25888,0.455764,
1763897005303,1.25888,0.455764,1.25888,0.455764,
1763897005335,1.25888,0.455765,1.25888,0.455765,
1763897005373,1.25888,0.455765,1.25888,0.455765,
1763897005412,1.25888,0.455765,1.25888,0.455765,
1763897005448,1.25888,0.455766,1.25888,0.455766,
1763897005494,1.25888,0.455766,1.25888,0.455766,
1763897005537,1.25888,0.455767,1.25888,0.455767,
1763897005578,1.25887,0.455767,1.25887,0.455767,
1763897005616,1.25887,0.455768,1.25887,0.455767,
1763897005649,1.25887,0.455768,1.25887,0.455768,
1763897005695,1.25887,0.455768,1.25887,0.455768,
1763897005726,1.25887,0.455769,1.25887,0.455769,
1763897005771,1.25887,0.455769,1.25887,0.455769,
1763897005819,1.25887,0.455769,1.25887,0.455769,
1763897005853,1.25887,0.45577,1.25887,0.45577,
1763897005891,1.25886,0.45577,1.25886,0.45577,
1763897005925,1.25886,0.455771,1.25886,0.455771,
1763897005965,1.25886,0.455771,1.25886,0.455771,
1763897006006,1.25886,0.455771,1.25886,0.455771,
1763897006038,1.25886,0.455772,1.25886,0.455772,
1763897006072,1.25886,0.455772,1.25886,0.455772,
1763897006110,1.25886,0.455773,1.25886,0.455773,
1763897006141,1.25886,0.455773,1.25886,0.455773,
1763897006179,1.25885,0.455774,1.25885,0.455774,
1763897006213,1.25885,0.455774,1.25885,0.455774,
1763897006251,1.25885,0.455774,1.25885,0.455774,
1763897006301,1.25885,0.455775,1.25885,0.455775,
1763897006344,1.25885,0.455775,1.25885,0.455775,
1763897006401,1.25885,0.455775,1.25885,0.455775,
1763897006439,1.25885,0.455776,1.25885,0.455776,
1763897006488,1.25885,0.455776,1.25885,0.455776,
1763897006531,1.25884,0.455776,1.25884,0.455776,
1763897006551,1.25884,0.455777,1.25884,0.455777,
1763897006593,1.25884,0.455777,1.25884,0.455777,
1763897006620,1.25884,0.455778,1.25884,0.455778,
1763897006652,1.25884,0.455778,1.25884,0.455778,
1763897006689,1.25884,0.455779,1.25884,0.455779,
1763897006724,1.25884,0.455779,1.25884,0.455779,
1763897006752,1.25884,0.45578,1.25884,0.45578,
1763897006796,1.25883,0.45578,1.25883,0.45578,
1763897006832,1.25883,0.45578,1.25883,0.45578,
1763897006877,1.25883,0.455781,1.25883,0.455781,
1763897006910,1.25883,0.455781,1.25883,0.455781,
1763897006947,1.25883,0.455781,1.25883,0.455781,
1763897006975,1.25883,0.455782,1.25883,0.455782,
1763897007016,1.25883,0.455782,1.25883,0.455782,
1763897007062,1.25882,0.455783,1.25882,0.455783,
1763897007096,1.25882,0.455783,1.25882,0.455783,
1763897007133,1.25882,0.455783,1.25882,0.455783,
1763897007169,1.25882,0.455784,1.25882,0.455784,
1763897007203,1.25882,0.455784,1.25882,0.455784,
1763897007237,1.25882,0.455785,1.25882,0.455785,
1763897007274,1.25882,0.455785,1.25882,0.455785,
1763897007311,1.25882,0.455785,1.25882,0.455785,
1763897007354,1.25881,0.455786,1.25881,0.455786,
1763897007388,1.25881,0.455786,1.25881,0.455786,
1763897007428,1.25881,0.455787,1.25881,0.455787,
1763897007466,1.25881,0.455787,1.25881,0.455787,
1763897007509,1.25881,0.455787,1.25881,0.455787,
1763897007552,1.25881,0.455788,1.25881,0.455788,
1763897007585,1.25881,0.455788,1.25881,0.455788,
1763897007625,1.25881,0.455789,1.25881,0.455789,
1763897007661,1.2588,0.455789,1.2588,0.455789,
1763897007702,1.2588,0.455789,1.2588,0.455789,
1763897007741,1.2588,0.45579,1.2588,0.45579,
1763897007770,1.2588,0.45579,1.2588,0.45579,
1763897007814,1.2588,0.455791,1.2588,0.455791,
1763897007859,1.2588,0.455791,1.2588,0.455791,
1763897007886,1.2588,0.455792,1.2588,0.455792,
1763897007918,1.2588,0.455792,1.2588,0.455792,
1763897007965,1.25879,0.455792,1.25879,0.455792,
1763897008004,1.25879,0.455793,1.25879,0.455793,
1763897008041,1.25879,0.455793,1.25879,0.455793,
1763897008083,1.25879,0.455793,1.25879,0.455793,
1763897008118,1.25879,0.455794,1.25879,0.455794,
1763897008153,1.25879,0.455794,1.25879,0.455794,
1763897008187,1.25879,0.455795,1.25879,0.455795,
1763897008219,1.25879,0.455795,1.25879,0.455795,
1763897008260,1.25878,0.455796,1.25878,0.455795,
1763897008302,1.25878,0.455796,1.25878,0.455796,
1763897008335,1.25878,0.455796,1.25878,0.455796,
1763897008375,1.25878,0.455797,1.25878,0.455797,
1763897008423,1.25878,0.455797,1.25878,0.455797,
1763897008457,1.25878,0.455797,1.25878,0.455797,
1763897008489,1.25878,0.455798,1.25878,0.455798,
1763897008528,1.25878,0.455798,1.25878,0.455798,
1763897008562,1.25877,0.455799,1.25877,0.455799,
1763897008607,1.25877,0.455799,1.25877,0.455799,
1763897008638,1.25877,0.455799,1.25877,0.455799,
1763897008672,1.25877,0.4558,1.25877,0.4558,
1763897008710,1.25877,0.4558,1.25877,0.4558,
1763897008746,1.25877,0.455801,1.25877,0.455801,
1763897008787,1.25877,0.455801,1.25877,0.455801,
1763897008829,1.25877,0.455801,1.25877,0.455801,
1763897008874,1.25876,0.455802,1.25876,0.455802,
1763897008912,1.25876,0.455802,1.25876,0.455802,
1763897008949,1.25876,0.455802,1.25876,0.455802,
1763897008994,1.25876,0.455803,1.25876,0.455803,
1763897009034,1.25876,0.455803,1.25876,0.455803,
1763897009084,1.25876,0.455804,1.25876,0.455804,
1763897009107,1.25876,0.455804,1.25876,0.455804,
1763897009145,1.25876,0.455805,1.25876,0.455805,
1763897009174,1.25875,0.455805,1.25875,0.455805,
1763897009207,1.25875,0.455806,1.25875,0.455806,
1763897009242,1.25875,0.455806,1.25875,0.455806,
1763897009285,1.25875,0.455806,1.25875,0.455806,
1763897009321,1.25875,0.455806,1.25875,0.455806,
1763897009358,1.25875,0.455807,1.25875,0.455807,
1763897009397,1.25875,0.455807,1.25875,0.455807,
1763897009443,1.25875,0.455808,1.25875,0.455808,
1763897009480,1.25874,0.455808,1.25874,0.455808,
1763897009528,1.25874,0.455809,1.25874,0.455809,
1763897009564,1.25874,0.455809,1.25874,0.455809,
1763897009609,1.25874,0.455809,1.25874,0.455809,
1763897009645,1.25874,0.45581,1.25874,0.45581,
1763897009687,1.25874,0.45581,1.25874,0.45581,
1763897009725,1.25874,0.455811,1.25874,0.455811,
1763897009771,1.25874,0.455811,1.25874,0.455811,
1763897009820,1.25873,0.455811,1.25873,0.455811,
1763897009860,1.25873,0.455812,1.25873,0.455812,
1763897009892,1.25873,0.455812,1.25873,0.455812,
1763897009923,1.25873,0.455813,1.25873,0.455813,
1763897009972,1.25873,0.455813,1.25873,0.455813,
1763897010002,1.25873,0.455813,1.25873,0.455813,
1763897010042,1.25873,0.455814,1.25873,0.455814,
1763897010097,1.25873,0.455814,1.25873,0.455814,
1763897010126,1.25872,0.455814,1.25872,0.455814,
1763897010177,1.25872,0.455815,1.25872,0.455815,
1763897010224,1.25872,0.455815,1.25872,0.455815,
1763897010258,1.25872,0.455816,1.25872,0.455816,
1763897010297,1.25872,0.455816,1.25872,0.455816,
1763897010342,1.25872,0.455817,1.25872,0.455817,
1763897010383,1.25872,0.455817,1.25872,0.455817,
1763897010422,1.25872,0.455817,1.25872,0.455817,
1763897010460,1.25871,0.455818,1.25871,0.455818,
1763897010496,1.25871,0.455818,1.25871,0.455818,
1763897010530,1.25871,0.455819,1.25871,0.455819,
1763897010573,1.25871,0.455819,1.25871,0.455819,
1763897010611,1.25871,0.455819,1.25871,0.455819,
1763897010658,1.25871,0.45582,1.25871,0.45582,
1763897010697,1.25871,0.45582,1.25871,0.45582,
1763897010728,1.25871,0.455821,1.25871,0.455821,
1763897010767,1.2587,0.455821,1.2587,0.455821,
1763897010805,1.2587,0.455821,1.2587,0.455821,
1763897010836,1.2587,0.455822,1.2587,0.455822,
1763897010878,1.2587,0.455822,1.2587,0.455822,
1763897010909,1.2587,0.455823,1.2587,0.455823,
1763897010946,1.2587,0.455823,1.2587,0.455823,
1763897010988,1.2587,0.455823,1.2587,0.455823,
1763897011021,1.25869,0.455824,1.25869,0.455824,
1763897011055,1.25869,0.455824,1.25869,0.455824,
1763897011094,1.25869,0.455825,1.25869,0.455825,
1763897011131,1.25869,0.455825,1.25869,0.455825,
1763897011176,1.25869,0.455825,1.25869,0.455825,
1763897011213,1.25869,0.455826,1.25869,0.455826,
1763897011260,1.25869,0.455826,1.25869,0.455826,
1763897011303,1.25869,0.455827,1.25869,0.455827,
1763897011337,1.25868,0.455827,1.25868,0.455827,
1763897011373,1.25868,0.455827,1.25868,0.455827,
1763897011405,1.25868,0.455828,1.25868,0.455828,
1763897011441,1.25868,0.455828,1.25868,0.455828,
1763897011469,1.25868,0.455828,1.25868,0.455828,
1763897011503,1.25868,0.455829,1.25868,0.455829,
1763897011544,1.25868,0.455829,1.25868,0.455829,
1763897011581,1.25868,0.45583,1.25868,0.45583,
1763897011616,1.25867,0.45583,1.25867,0.45583,
1763897011649,1.25867,0.455831,1.25867,0.455831,
1763897011689,1.25867,0.455831,1.25867,0.455831,
1763897011727,1.25867,0.455831,1.25867,0.455831,
1763897011764,1.25867,0.455832,1.25867,0.455832,
1763897011798,1.25867,0.455832,1.25867,0.455832,
1763897011835,1.25867,0.455832,1.25867,0.455832,
1763897011876,1.25867,0.455833,1.25867,0.455833,
1763897011906,1.25866,0.455833,1.25866,0.455833,
1763897011947,1.25866,0.455834,1.25866,0.455834,
1763897011991,1.25866,0.455834,1.25866,0.455834,
1763897012022,1.25866,0.455835,1.25866,0.455835,
1763897012072,1.25866,0.455835,1.25866,0.455835,
1763897012107,1.25866,0.455835,1.25866,0.455835,
1763897012139,1.25866,0.455836,1.25866,0.455836,
1763897012177,1.25866,0.455836,1.25866,0.455836,
1763897012212,1.25865,0.455837,1.25865,0.455837,
1763897012249,1.25865,0.455837,1.25865,0.455837,
1763897012289,1.25865,0.455837,1.25865,0.455837,
1763897012325,1.25865,0.455838,1.25865,0.455838,
1763897012363,1.25865,0.455838,1.25865,0.455838,
1763897012397,1.25865,0.455838,1.25865,0.455839,
1763897012437,1.25865,0.455839,1.25865,0.455839,
1763897012473,1.25865,0.455839,1.25865,0.455839,
1763897012507,1.25864,0.45584,1.25864,0.45584,
1763897012547,1.25864,0.45584,1.25864,0.45584,
1763897012586,1.25864,0.455841,1.25864,0.455841,
1763897012614,1.25864,0.455841,1.25864,0.455841,
1763897012655,1.25864,0.455841,1.25864,0.455841,
1763897012694,1.25864,0.455842,1.25864,0.455842,
1763897012735,1.25864,0.455842,1.25864,0.455842,
1763897012771,1.25864,0.455843,1.25864,0.455843,
1763897012806,1.25863,0.455843,1.25863,0.455843,
1763897012842,1.25863,0.455843,1.25863,0.455843,
1763897012874,1.25863,0.455844,1.25863,0.455844,
1763897012915,1.25863,0.455844,1.25863,0.455844,
1763897012947,1.25863,0.455845,1.25863,0.455845,
1763897012980,1.25863,0.455845,1.25863,0.455845,
1763897013023,1.25863,0.455845,1.25863,0.455845,
1763897013050,1.25863,0.455846,1.25863,0.455846,
1763897013086,1.25862,0.455846,1.25862,0.455846,
1763897013130,1.25862,0.455847,1.25862,0.455846,
1763897013166,1.25862,0.455847,1.25862,0.455847,
1763897013201,1.25862,0.455847,1.25862,0.455847,
1763897013242,1.25862,0.455848,1.25862,0.455848,
1763897013280,1.25862,0.455848,1.25862,0.455848,
1763897013323,1.25862,0.455849,1.25862,0.455849,
1763897013357,1.25862,0.455849,1.25862,0.455849,
1763897013395,1.25861,0.455849,1.25861,0.455849,
1763897013431,1.25861,0.45585,1.25861,0.45585,
1763897013469,1.25861,0.45585,1.25861,0.45585,
1763897013508,1.25861,0.455851,1.25861,0.455851,
1763897013542,1.25861,0.455851,1.25861,0.455851,
1763897013584,1.25861,0.455851,1.25861,0.455851,
1763897013624,1.25861,0.455852,1.25861,0.455852,
1763897013663,1.25861,0.455852,1.25861,0.455852,
1763897013709,1.2586,0.455852,1.2586,0.455852,
1763897013750,1.2586,0.455853,1.2586,0.455853,
1763897013793,1.2586,0.455853,1.2586,0.455853,
1763897013831,1.2586,0.455854,1.2586,0.455854,
1763897013869,1.2586,0.455854,1.2586,0.455854,
1763897013911,1.2586,0.455855,1.2586,0.455855,
1763897013957,1.2586,0.455855,1.2586,0.455855,
1763897013993,1.2586,0.455855,1.2586,0.455855,
1763897014028,1.25859,0.455856,1.25859,0.455856,
1763897014071,1.25859,0.455856,1.25859,0.455856,
1763897014099,1.25859,0.455856,1.25859,0.455856,
1763897014126,1.25859,0.455857,1.25859,0.455857,
1763897014158,1.25859,0.455857,1.25859,0.455857,
1763897014192,1.25859,0.455858,1.25859,0.455858,
1763897014232,1.25859,0.455858,1.25859,0.455858,
1763897014283,1.25859,0.455859,1.25859,0.455859,
1763897014317,1.25858,0.455859,1.25858,0.455859,
1763897014351,1.25858,0.455859,1.25858,0.455859,
1763897014387,1.25858,0.45586,1.25858,0.45586,
1763897014424,1.25858,0.45586,1.25858,0.45586,
1763897014462,1.25858,0.455861,1.25858,0.455861,
1763897014507,1.25858,0.455861,1.25858,0.455861,
1763897014537,1.25858,0.455861,1.25858,0.455861,
1763897014570,1.25857,0.455862,1.25857,0.455862,
1763897014609,1.25857,0.455862,1.25857,0.455862,
1763897014655,1.25857,0.455863,1.25857,0.455863,
1763897014684,1.25857,0.455863,1.25857,0.455863,
1763897014718,1.25857,0.455863,1.25857,0.455863,
1763897014767,1.25857,0.455864,1.25857,0.455864,
1763897014800,1.25857,0.455864,1.25857,0.455864,
1763897014831,1.25857,0.455864,1.25857,0.455864,
1763897014871,1.25856,0.455865,1.25856,0.455865,
1763897014910,1.25856,0.455865,1.25856,0.455865,
1763897014946,1.25856,0.455866,1.25856,0.455866,
1763897014978,1.25856,0.455866,1.25856,0.455866,
1763897015021,1.25856,0.455867,1.25856,0.455867,
1763897015068,1.25856,0.455867,1.25856,0.455867,
1763897015099,1.25856,0.455867,1.25856,0.455867,
1763897015127,1.25856,0.455868,1.25856,0.455868,
1763897015172,1.25855,0.455868,1.25855,0.455868,
1763897015200,1.25855,0.455868,1.25855,0.455868,
1763897015238,1.25855,0.455869,1.25855,0.455869,
1763897015277,1.25855,0.455869,1.25855,0.455869,
1763897015316,1.25855,0.45587,1.25855,0.45587,
1763897015345,1.25855,0.45587,1.25855,0.45587,
1763897015393,1.25855,0.455871,1.25855,0.455871,
1763897015434,1.25855,0.455871,1.25855,0.455871,
1763897015466,1.25854,0.455871,1.25854,0.455871,
1763897015503,1.25854,0.455872,1.25854,0.455872,
1763897015550,1.25854,0.455872,1.25854,0.455872,
1763897015589,1.25854,0.455872,1.25854,0.455872,
1763897015631,1.25854,0.455873,1.25854,0.455873,
1763897015658,1.25854,0.455873,1.25854,0.455873,
1763897015696,1.25854,0.455874,1.25854,0.455874,
1763897015730,1.25854,0.455874,1.25854,0.455874,
1763897015762,1.25853,0.455875,1.25853,0.455875,
1763897015807,1.25853,0.455875,1.25853,0.455875,
1763897015841,1.25853,0.455875,1.25853,0.455875,
1763897015896,1.25853,0.455876,1.25853,0.455876,
1763897015932,1.25853,0.455876,1.25853,0.455876,
1763897015970,1.25853,0.455876,1.25853,0.455876,
1763897015998,1.25853,0.455877,1.25853,0.455877,
1763897016031,1.25853,0.455877,1.25853,0.455877,
1763897016056,1.25852,0.455878,1.25852,0.455878,
1763897016100,1.25852,0.455878,1.25852,0.455878,
1763897016139,1.25852,0.455879,1.25852,0.455879,
1763897016168,1.25852,0.455879,1.25852,0.455879,
1763897016214,1.25852,0.455879,1.25852,0.455879,
1763897016244,1.25852,0.45588,1.25852,0.45588,
1763897016284,1.25852,0.45588,1.25852,0.45588,
1763897016328,1.25852,0.455881,1.25852,0.455881,
1763897016380,1.25851,0.455881,1.25851,0.455881,
1763897016408,1.25851,0.455881,1.25851,0.455881,
1763897016456,1.25851,0.455882,1.25851,0.455882,
1763897016503,1.25851,0.455882,1.25851,0.455882,
1763897016527,1.25851,0.455882,1.25851,0.455882,
1763897016568,1.25851,0.455883,1.25851,0.455883,
1763897016613,1.25851,0.455883,1.25851,0.455883,
1763897016659,1.25851,0.455884,1.25851,0.455884,
1763897016683,1.2585,0.455884,1.2585,0.455884,
1763897016721,1.2585,0.455884,1.2585,0.455884,
1763897016756,1.2585,0.455885,1.2585,0.455885,
1763897016786,1.2585,0.455885,1.2585,0.455885,
1763897016830,1.2585,0.455886,1.2585,0.455886,
1763897016869,1.2585,0.455886,1.2585,0.455886,
1763897016904,1.2585,0.455886,1.2585,0.455886,
1763897016948,1.2585,0.455887,1.2585,0.455887,
1763897016991,1.25849,0.455887,1.25849,0.455887,
1763897017018,1.25849,0.455888,1.25849,0.455888,
1763897017054,1.25849,0.455888,1.25849,0.455888,
1763897017094,1.25849,0.455889,1.25849,0.455889,
1763897017127,1.25849,0.455889,1.25849,0.455889,
1763897017164,1.25849,0.455889,1.25849,0.455889,
1763897017202,1.25849,0.45589,1.25849,0.45589,
1763897017249,1.25849,0.45589,1.25849,0.45589,
1763897017282,1.25848,0.45589,1.25848,0.45589,
1763897017318,1.25848,0.455891,1.25848,0.455891,
1763897017353,1.25848,0.455891,1.25848,0.455891,
1763897017386,1.25848,0.455892,1.25848,0.455892,
1763897017414,1.25848,0.455892,1.25848,0.455892,
1763897017457,1.25848,0.455893,1.25848,0.455893,
1763897017494,1.25848,0.455893,1.25848,0.455893,
1763897017536,1.25848,0.455893,1.25848,0.455893,
1763897017569,1.25847,0.455894,1.25847,0.455894,
1763897017606,1.25847,0.455894,1.25847,0.455894,
1763897017646,1.25847,0.455894,1.25847,0.455894,
1763897017680,1.25847,0.455895,1.25847,0.455895,
1763897017715,1.25847,0.455895,1.25847,0.455895,
1763897017768,1.25847,0.455896,1.25847,0.455896,
1763897017802,1.25847,0.455896,1.25847,0.455896,
1763897017835,1.25847,0.455896,1.25847,0.455896,
1763897017872,1.25846,0.455897,1.25846,0.455897,
1763897017915,1.25846,0.455897,1.25846,0.455897,
1763897017949,1.25846,0.455898,1.25846,0.455898,
1763897017991,1.25846,0.455898,1.25846,0.455898,
1763897018020,1.25846,0.455899,1.25846,0.455899,
1763897018057,1.25846,0.455899,1.25846,0.455899,
1763897018095,1.25846,0.455899,1.25846,0.455899,
1763897018130,1.25846,0.4559,1.25846,0.4559,
1763897018177,1.25845,0.4559,1.25845,0.4559,
1763897018206,1.25845,0.455901,1.25845,0.455901,
1763897018245,1.25845,0.455901,1.25845,0.455901,
1763897018299,1.25845,0.455901,1.25845,0.455901,
1763897018329,1.25845,0.455902,1.25845,0.455902,
1763897018360,1.25845,0.455902,1.25845,0.455902,
1763897018403,1.25845,0.455903,1.25845,0.455903,
1763897018438,1.25844,0.455903,1.25844,0.455903,
1763897018487,1.25844,0.455903,1.25844,0.455903,
1763897018516,1.25844,0.455904,1.25844,0.455904,
1763897018548,1.25844,0.455904,1.25844,0.455904,
1763897018594,1.25844,0.455904,1.25844,0.455904,
1763897018624,1.25844,0.455905,1.25844,0.455905,
1763897018661,1.25844,0.455905,1.25844,0.455905,
1763897018695,1.25844,0.455906,1.25844,0.455906,
1763897018729,1.25843,0.455906,1.25843,0.455906,
1763897018770,1.25843,0.455906,1.25843,0.455907,
1763897018819,1.25843,0.455907,1.25843,0.455907,
1763897018862,1.25843,0.455907,1.25843,0.455907,
1763897018899,1.25843,0.455908,1.25843,0.455908,
1763897018938,1.25843,0.455908,1.25843,0.455908,
1763897018979,1.25843,0.455909,1.25843,0.455909,
1763897019025,1.25843,0.455909,1.25843,0.455909,
1763897019062,1.25842,0.455909,1.25842,0.455909,
1763897019093,1.25842,0.45591,1.25842,0.45591,
1763897019138,1.25842,0.45591,1.25842,0.45591,
1763897019179,1.25842,0.45591,1.25842,0.45591,
1763897019203,1.25842,0.455911,1.25842,0.455911,
1763897019250,1.25842,0.455911,1.25842,0.455911,
1763897019282,1.25842,0.455912,1.25842,0.455912,
1763897019314,1.25842,0.455912,1.25842,0.455912,
1763897019363,1.25841,0.455913,1.25841,0.455913,
1763897019400,1.25841,0.455913,1.25841,0.455913,
1763897019432,1.25841,0.455913,1.25841,0.455913,
1763897019464,1.25841,0.455914,1.25841,0.455914,
1763897019505,1.25841,0.455914,1.25841,0.455914,
1763897019535,1.25841,0.455915,1.25841,0.455915,
1763897019570,1.25841,0.455915,1.25841,0.455915,
1763897019614,1.25841,0.455916,1.25841,0.455916,
1763897019646,1.2584,0.455916,1.2584,0.455916,
1763897019681,1.2584,0.455916,1.2584,0.455916,
1763897019724,1.2584,0.455916,1.2584,0.455916,
1763897019772,1.2584,0.455917,1.2584,0.455917,
1763897019804,1.2584,0.455917,1.2584,0.455917,
1763897019834,1.2584,0.455918,1.2584,0.455918,
1763897019868,1.2584,0.455918,1.2584,0.455918,
1763897019913,1.2584,0.455919,1.2584,0.455919,
1763897019955,1.25839,0.455919,1.25839,0.455919,
1763897019991,1.25839,0.455919,1.25839,0.455919,
1763897020028,1.25839,0.45592,1.25839,0.45592,
1763897020068,1.25839,0.45592,1.25839,0.45592,
1763897020103,1.25839,0.45592,1.25839,0.45592,
1763897020151,1.25839,0.455921,1.25839,0.455921,
1763897020178,1.25839,0.455921,1.25839,0.455921,
1763897020218,1.25839,0.455922,1.25839,0.455922,
1763897020264,1.25838,0.455922,1.25838,0.455922,
1763897020296,1.25838,0.455923,1.25838,0.455923,
1763897020335,1.25838,0.455923,1.25838,0.455923,
1763897020381,1.25838,0.455923,1.25838,0.455923,
1763897020412,1.25838,0.455924,1.25838,0.455924,
1763897020458,1.25838,0.455924,1.25838,0.455924,
1763897020496,1.25838,0.455924,1.25838,0.455924,
1763897020526,1.25838,0.455925,1.25838,0.455925,
1763897020562,1.25837,0.455925,1.25837,0.455925,
1763897020615,1.25837,0.455926,1.25837,0.455926,
1763897020650,1.25837,0.455926,1.25837,0.455926,
1763897020696,1.25837,0.455927,1.25837,0.455927,
1763897020726,1.25837,0.455927,1.25837,0.455927,
1763897020764,1.25837,0.455927,1.25837,0.455927,
1763897020808,1.25837,0.455928,1.25837,0.455928,
1763897020839,1.25837,0.455928,1.25837,0.455928,
1763897020878,1.25836,0.455929,1.25836,0.455929,
1763897020916,1.25836,0.455929,1.25836,0.455929,
1763897020955,1.25836,0.455929,1.25836,0.455929,
1763897020996,1.25836,0.45593,1.25836,0.45593,
1763897021031,1.25836,0.45593,1.25836,0.45593,
1763897021070,1.25836,0.455931,1.25836,0.45593,
1763897021112,1.25836,0.455931,1.25836,0.455931,
1763897021141,1.25836,0.455931,1.25836,0.455931,
1763897021172,1.25835,0.455932,1.25835,0.455932,
1763897021222,1.25835,0.455932,1.25835,0.455932,
1763897021254,1.25835,0.455933,1.25835,0.455933,
1763897021291,1.25835,0.455933,1.25835,0.455933,
1763897021342,1.25835,0.455933,1.25835,0.455933,
1763897021367,1.25835,0.455934,1.25835,0.455934,
1763897021409,1.25835,0.455934,1.25835,0.455934,
1763897021445,1.25835,0.455934,1.25835,0.455935,
1763897021476,1.25834,0.455935,1.25834,0.455935,
1763897021529,1.25834,0.455935,1.25834,0.455935,
1763897021568,1.25834,0.455936,1.25834,0.455936,
1763897021603,1.25834,0.455936,1.25834,0.455936,
1763897021644,1.25834,0.455937,1.25834,0.455937,
1763897021675,1.25834,0.455937,1.25834,0.455937,
1763897021713,1.25834,0.455938,1.25834,0.455938,
1763897021750,1.25834,0.455938,1.25834,0.455938,
1763897021784,1.25833,0.455938,1.25833,0.455938,
1763897021823,1.25833,0.455938,1.25833,0.455939,
1763897021864,1.25833,0.455939,1.25833,0.455939,
1763897021904,1.25833,0.455939,1.25833,0.455939,
1763897021938,1.25833,0.45594,1.25833,0.45594,
1763897021971,1.25833,0.45594,1.25833,0.45594,
1763897022006,1.25833,0.455941,1.25833,0.455941,
1763897022049,1.25833,0.455941,1.25833,0.455941,
1763897022095,1.25832,0.455941,1.25832,0.455941,
1763897022128,1.25832,0.455942,1.25832,0.455942,
1763897022170,1.25832,0.455942,1.25832,0.455942,
1763897022216,1.25832,0.455943,1.25832,0.455942,
1763897022250,1.25832,0.455943,1.25832,0.455943,
1763897022292,1.25832,0.455943,1.25832,0.455943,
1763897022326,1.25832,0.455944,1.25832,0.455944,
1763897022356,1.25831,0.455944,1.25831,0.455944,
1763897022408,1.25831,0.455945,1.25831,0.455945,
1763897022450,1.25831,0.455945,1.25831,0.455945,
1763897022475,1.25831,0.455946,1.25831,0.455946,
1763897022521,1.25831,0.455946,1.25831,0.455946,
1763897022556,1.25831,0.455946,1.25831,0.455946,
1763897022599,1.25831,0.455947,1.25831,0.455947,
1763897022632,1.25831,0.455947,1.25831,0.455947,
1763897022666,1.2583,0.455947,1.2583,0.455947,
1763897022710,1.2583,0.455948,1.2583,0.455948,
1763897022752,1.2583,0.455948,1.2583,0.455948,
1763897022779,1.2583,0.455949,1.2583,0.455949,
1763897022818,1.2583,0.455949,1.2583,0.455949,
1763897022859,1.2583,0.455949,1.2583,0.455949,
1763897022882,1.2583,0.45595,1.2583,0.45595,
1763897022918,1.2583,0.45595,1.2583,0.45595,
1763897022958,1.2583,0.455951,1.2583,0.455951,
1763897022997,1.25829,0.455951,1.25829,0.455951,
1763897023039,1.25829,0.455951,1.25829,0.455951,
1763897023079,1.25829,0.455952,1.25829,0.455952,
1763897023111,1.25829,0.455952,1.25829,0.455952,
1763897023155,1.25829,0.455952,1.25829,0.455952,
1763897023190,1.25829,0.455953,1.25829,0.455953,
1763897023226,1.25829,0.455953,1.25829,0.455953,
1763897023271,1.25828,0.455954,1.25828,0.455954,
1763897023300,1.25828,0.455954,1.25828,0.455954,
1763897023337,1.25828,0.455955,1.25828,0.455955,
1763897023373,1.25828,0.455955,1.25828,0.455955,
1763897023419,1.25828,0.455955,1.25828,0.455955,
1763897023467,1.25828,0.455956,1.25828,0.455956,
1763897023499,1.25828,0.455956,1.25828,0.455956,
1763897023535,1.25828,0.455957,1.25828,0.455957,
1763897023583,1.25827,0.455957,1.25827,0.455957,
1763897023613,1.25827,0.455957,1.25827,0.455957,
1763897023650,1.25827,0.455958,1.25827,0.455958,
1763897023686,1.25827,0.455958,1.25827,0.455958,
1763897023722,1.25827,0.455959,1.25827,0.455959,
1763897023757,1.25827,0.455959,1.25827,0.455959,
1763897023802,1.25827,0.455959,1.25827,0.455959,
1763897023845,1.25827,0.45596,1.25827,0.45596,
1763897023884,1.25826,0.45596,1.25826,0.45596,
1763897023915,1.25826,0.455961,1.25826,0.455961,
1763897023960,1.25826,0.455961,1.25826,0.455961,
1763897024002,1.25826,0.455961,1.25826,0.455961,
1763897024036,1.25826,0.455962,1.25826,0.455962,
1763897024066,1.25826,0.455962,1.25826,0.455962,
1763897024110,1.25826,0.455963,1.25826,0.455963,
1763897024147,1.25826,0.455963,1.25826,0.455963,
1763897024191,1.25825,0.455963,1.25825,0.455963,
1763897024225,1.25825,0.455964,1.25825,0.455964,
1763897024264,1.25825,0.455964,1.25825,0.455964,
1763897024306,1.25825,0.455965,1.25825,0.455965,
1763897024350,1.25825,0.455965,1.25825,0.455965,
1763897024383,1.25825,0.455965,1.25825,0.455965,
1763897024419,1.25825,0.455966,1.25825,0.455966,
1763897024459,1.25825,0.455966,1.25825,0.455966,
1763897024491,1.25824,0.455967,1.25824,0.455967,
1763897024527,1.25824,0.455967,1.25824,0.455967,
1763897024561,1.25824,0.455967,1.25824,0.455967,
1763897024601,1.25824,0.455968,1.25824,0.455968,
1763897024647,1.25824,0.455968,1.25824,0.455968,
1763897024678,1.25824,0.455969,1.25824,0.455969,
1763897024723,1.25824,0.455969,1.25824,0.455969,
1763897024754,1.25824,0.45597,1.25824,0.45597,
1763897024781,1.25823,0.45597,1.25823,0.45597,
1763897024818,1.25823,0.45597,1.25823,0.45597,
1763897024858,1.25823,0.455971,1.25823,0.455971,
1763897024900,1.25823,0.455971,1.25823,0.455971,
1763897024935,1.25823,0.455972,1.25823,0.455972,
1763897024980,1.25823,0.455972,1.25823,0.455972,
1763897025019,1.25823,0.455972,1.25823,0.455972,
1763897025060,1.25823,0.455973,1.25823,0.455973,
1763897025097,1.25822,0.455973,1.25822,0.455973,
1763897025125,1.25822,0.455973,1.25822,0.455974,
1763897025160,1.25822,0.455974,1.25822,0.455974,
1763897025198,1.25822,0.455974,1.25822,0.455974,
1763897025236,1.25822,0.455975,1.25822,0.455975,
1763897025269,1.25822,0.455975,1.25822,0.455975,
1763897025308,1.25822,0.455975,1.25822,0.455975,
1763897025343,1.25822,0.455976,1.25822,0.455976,
1763897025379,1.25821,0.455976,1.25821,0.455976,
1763897025417,1.25821,0.455977,1.25821,0.455977,
1763897025450,1.25821,0.455977,1.25821,0.455977,
1763897025477,1.25821,0.455977,1.25821,0.455977,
1763897025533,1.25821,0.455978,1.25821,0.455978,
1763897025562,1.25821,0.455978,1.25821,0.455978,
1763897025605,1.25821,0.455979,1.25821,0.455979,
1763897025646,1.25821,0.455979,1.25821,0.455979,
1763897025686,1.2582,0.455979,1.2582,0.455979,
1763897025713,1.2582,0.45598,1.2582,0.45598,
1763897025751,1.2582,0.45598,1.2582,0.45598,
1763897025791,1.2582,0.45598,1.2582,0.455981,
1763897025818,1.2582,0.455981,1.2582,0.455981,
1763897025854,1.2582,0.455982,1.2582,0.455981,
1763897025886,1.2582,0.455982,1.2582,0.455982,
1763897025936,1.2582,0.455982,1.2582,0.455982,
1763897025965,1.25819,0.455983,1.25819,0.455983,
1763897026009,1.25819,0.455983,1.25819,0.455983,
1763897026039,1.25819,0.455983,1.25819,0.455983,
1763897026075,1.25819,0.455984,1.25819,0.455984,
1763897026124,1.25819,0.455984,1.25819,0.455984,
1763897026177,1.25819,0.455985,1.25819,0.455985,
1763897026214,1.25819,0.455985,1.25819,0.455985,
1763897026246,1.25819,0.455985,1.25819,0.455985,
1763897026283,1.25818,0.455986,1.25818,0.455986,
1763897026316,1.25818,0.455986,1.25818,0.455986,
1763897026347,1.25818,0.455987,1.25818,0.455987,
1763897026395,1.25818,0.455987,1.25818,0.455987,
1763897026428,1.25818,0.455987,1.25818,0.455987,
1763897026457,1.25818,0.455988,1.25818,0.455988,
1763897026499,1.25818,0.455988,1.25818,0.455988,
1763897026528,1.25817,0.455989,1.25817,0.455989,
1763897026562,1.25817,0.455989,1.25817,0.455989,
1763897026598,1.25817,0.45599,1.25817,0.45599,
1763897026635,1.25817,0.45599,1.25817,0.45599,
1763897026673,1.25817,0.45599,1.25817,0.45599,
1763897026721,1.25817,0.455991,1.25817,0.455991,
1763897026749,1.25817,0.455991,1.25817,0.455991,
1763897026790,1.25817,0.455991,1.25817,0.455991,
1763897026829,1.25816,0.455992,1.25816,0.455992,
1763897026861,1.25816,0.455992,1.25816,0.455992,
1763897026895,1.25816,0.455993,1.25816,0.455993,
1763897026934,1.25816,0.455993,1.25816,0.455993,
1763897026976,1.25816,0.455994,1.25816,0.455994,
1763897027014,1.25816,0.455994,1.25816,0.455994,
1763897027059,1.25816,0.455994,1.25816,0.455994,
1763897027094,1.25816,0.455995,1.25816,0.455995,
1763897027139,1.25815,0.455995,1.25815,0.455995,
1763897027175,1.25815,0.455995,1.25815,0.455995,
1763897027203,1.25815,0.455996,1.25815,0.455996,
1763897027242,1.25815,0.455996,1.25815,0.455996,
1763897027272,1.25815,0.455997,1.25815,0.455997,
1763897027310,1.25815,0.455997,1.25815,0.455997,
1763897027344,1.25815,0.455998,1.25815,0.455998,
1763897027380,1.25815,0.455998,1.25815,0.455998,
1763897027419,1.25814,0.455998,1.25814,0.455998,
1763897027463,1.25814,0.455999,1.25814,0.455999,
1763897027502,1.25814,0.455999,1.25814,0.455999,
1763897027549,1.25814,0.456,1.25814,0.456,
1763897027588,1.25814,0.456,1.25814,0.456,
1763897027631,1.25814,0.456,1.25814,0.456,
1763897027665,1.25814,0.456001,1.25814,0.456001,
1763897027707,1.25814,0.456001,1.25814,0.456001,
1763897027755,1.25813,0.456001,1.25813,0.456001,
1763897027800,1.25813,0.456002,1.25813,0.456002,
1763897027837,1.25813,0.456002,1.25813,0.456002,
1763897027875,1.25813,0.456003,1.25813,0.456003,
1763897027912,1.25813,0.456003,1.25813,0.456003,
1763897027945,1.25813,0.456004,1.25813,0.456004,
1763897027984,1.25813,0.456004,1.25813,0.456004,
1763897028023,1.25813,0.456004,1.25813,0.456004,
1763897028071,1.25812,0.456005,1.25812,0.456005,
1763897028095,1.25812,0.456005,1.25812,0.456005,
1763897028141,1.25812,0.456006,1.25812,0.456006,
1763897028187,1.25812,0.456006,1.25812,0.456006,
1763897028221,1.25812,0.456006,1.25812,0.456006,
1763897028266,1.25812,0.456007,1.25812,0.456007,
1763897028295,1.25812,0.456007,1.25812,0.456007,
1763897028334,1.25812,0.456008,1.25812,0.456008,
1763897028373,1.25811,0.456008,1.25811,0.456008,
1763897028422,1.25811,0.456008,1.25811,0.456008,
1763897028450,1.25811,0.456009,1.25811,0.456009,
1763897028490,1.25811,0.456009,1.25811,0.456009,
1763897028534,1.25811,0.456009,1.25811,0.456009,
1763897028570,1.25811,0.45601,1.25811,0.45601,
1763897028613,1.25811,0.45601,1.25811,0.45601,
1763897028637,1.25811,0.456011,1.25811,0.456011,
1763897028672,1.2581,0.456011,1.2581,0.456011,
1763897028719,1.2581,0.456012,1.2581,0.456012,
1763897028755,1.2581,0.456012,1.2581,0.456012,
1763897028785,1.2581,0.456012,1.2581,0.456012,
1763897028824,1.2581,0.456013,1.2581,0.456013,
1763897028857,1.2581,0.456013,1.2581,0.456013,
1763897028896,1.2581,0.456014,1.2581,0.456014,
1763897028945,1.2581,0.456014,1.2581,0.456014,
1763897028971,1.25809,0.456014,1.25809,0.456014,
1763897029009,1.25809,0.456015,1.25809,0.456015,
1763897029053,1.25809,0.456015,1.25809,0.456015,
1763897029105,1.25809,0.456016,1.25809,0.456016,
1763897029136,1.25809,0.456016,1.25809,0.456016,
1763897029174,1.25809,0.456017,1.25809,0.456017,
1763897029219,1.25809,0.456017,1.25809,0.456017,
1763897029254,1.25809,0.456017,1.25809,0.456017,
1763897029291,1.25808,0.456018,1.25808,0.456018,
1763897029323,1.25808,0.456018,1.25808,0.456018,
1763897029353,1.25808,0.456018,1.25808,0.456018,
1763897029390,1.25808,0.456019,1.25808,0.456019,
1763897029437,1.25808,0.456019,1.25808,0.456019,
1763897029472,1.25808,0.45602,1.25808,0.45602,
1763897029503,1.25808,0.45602,1.25808,0.45602,
1763897029537,1.25808,0.456021,1.25808,0.456021,
1763897029570,1.25807,0.456021,1.25807,0.456021,
1763897029606,1.25807,0.456021,1.25807,0.456021,
1763897029639,1.25807,0.456022,1.25807,0.456022,
1763897029679,1.25807,0.456022,1.25807,0.456022,
1763897029717,1.25807,0.456022,1.25807,0.456022,
1763897029755,1.25807,0.456023,1.25807,0.456023,
1763897029786,1.25807,0.456023,1.25807,0.456023,
1763897029826,1.25807,0.456024,1.25807,0.456024,
1763897029862,1.25806,0.456024,1.25806,0.456024,
1763897029903,1.25806,0.456024,1.25806,0.456024,
1763897029954,1.25806,0.456025,1.25806,0.456025,
1763897029983,1.25806,0.456025,1.25806,0.456025,
1763897030013,1.25806,0.456026,1.25806,0.456026,
1763897030047,1.25806,0.456026,1.25806,0.456026,
1763897030077,1.25806,0.456026,1.25806,0.456026,
1763897030119,1.25806,0.456027,1.25806,0.456027,
1763897030163,1.25805,0.456027,1.25805,0.456027,
1763897030197,1.25805,0.456028,1.25805,0.456028,
1763897030236,1.25805,0.456028,1.25805,0.456028,
1763897030279,1.25805,0.456028,1.25805,0.456028,
1763897030306,1.25805,0.456029,1.25805,0.456029,
1763897030348,1.25805,0.456029,1.25805,0.456029,
1763897030395,1.25805,0.45603,1.25805,0.45603,
1763897030430,1.25805,0.45603,1.25805,0.45603,
1763897030470,1.25804,0.45603,1.25804,0.45603,
1763897030507,1.25804,0.456031,1.25804,0.456031,
1763897030541,1.25804,0.456031,1.25804,0.456031,
1763897030575,1.25804,0.456032,1.25804,0.456032,
1763897030635,1.25804,0.456032,1.25804,0.456032,
1763897030659,1.25804,0.456033,1.25804,0.456032,
1763897030697,1.25804,0.456033,1.25804,0.456033,
1763897030742,1.25804,0.456033,1.25804,0.456033,
1763897030777,1.25803,0.456034,1.25803,0.456034,
1763897030826,1.25803,0.456034,1.25803,0.456034,
1763897030858,1.25803,0.456034,1.25803,0.456034,
1763897030894,1.25803,0.456035,1.25803,0.456035,
1763897030938,1.25803,0.456035,1.25803,0.456035,
1763897030971,1.25803,0.456036,1.25803,0.456036,
1763897031006,1.25803,0.456036,1.25803,0.456036,
1763897031042,1.25803,0.456037,1.25802,0.456036,
1763897031076,1.25802,0.456037,1.25802,0.456037,
1763897031115,1.25802,0.456037,1.25802,0.456037,
1763897031160,1.25802,0.456038,1.25802,0.456038,
1763897031203,1.25802,0.456038,1.25802,0.456038,
1763897031248,1.25802,0.456038,1.25802,0.456038,
1763897031291,1.25802,0.456039,1.25802,0.456039,
1763897031320,1.25802,0.456039,1.25802,0.456039,
1763897031358,1.25801,0.45604,1.25801,0.45604,
1763897031396,1.25801,0.45604,1.25801,0.45604,
1763897031444,1.25801,0.456041,1.25801,0.45604,
1763897031471,1.25801,0.456041,1.25801,0.456041,
1763897031507,1.25801,0.456041,1.25801,0.456041,
1763897031547,1.25801,0.456042,1.25801,0.456042,
1763897031578,1.25801,0.456042,1.25801,0.456042,
1763897031616,1.25801,0.456042,1.25801,0.456042,
1763897031649,1.258,0.456043,1.258,0.456043,
1763897031686,1.258,0.456043,1.258,0.456043,
1763897031728,1.258,0.456044,1.258,0.456044,
1763897031773,1.258,0.456044,1.258,0.456044,
1763897031815,1.258,0.456044,1.258,0.456044,
1763897031845,1.258,0.456045,1.258,0.456045,
1763897031884,1.258,0.456045,1.258,0.456045,
1763897031913,1.258,0.456046,1.258,0.456046,
1763897031947,1.25799,0.456046,1.25799,0.456046,
1763897031991,1.25799,0.456047,1.25799,0.456047,
1763897032022,1.25799,0.456047,1.25799,0.456047,
1763897032063,1.25799,0.456047,1.25799,0.456047,
1763897032112,1.25799,0.456048,1.25799,0.456048,
1763897032149,1.25799,0.456048,1.25799,0.456048,
1763897032183,1.25799,0.456049,1.25799,0.456049,
1763897032218,1.25799,0.456049,1.25799,0.456049,
1763897032254,1.25798,0.456049,1.25798,0.456049,
1763897032292,1.25798,0.45605,1.25798,0.45605,
1763897032325,1.25798,0.45605,1.25798,0.45605,
1763897032364,1.25798,0.45605,1.25798,0.45605,
1763897032407,1.25798,0.456051,1.25798,0.456051,
1763897032439,1.25798,0.456051,1.25798,0.456051,
1763897032472,1.25798,0.456052,1.25798,0.456052,
1763897032519,1.25798,0.456052,1.25798,0.456052,
1763897032546,1.25797,0.456053,1.25797,0.456053,
1763897032582,1.25797,0.456053,1.25797,0.456053,
1763897032615,1.25797,0.456053,1.25797,0.456054,
1763897032648,1.25797,0.456054,1.25797,0.456054,
1763897032688,1.25797,0.456054,1.25797,0.456054,
1763897032730,1.25797,0.456054,1.25797,0.456054,
1763897032762,1.25797,0.456055,1.25797,0.456055,
1763897032796,1.25797,0.456055,1.25797,0.456055,
1763897032835,1.25796,0.456056,1.25796,0.456056,
1763897032877,1.25796,0.456056,1.25796,0.456056,
1763897032909,1.25796,0.456057,1.25796,0.456057,
1763897032949,1.25796,0.456057,1.25796,0.456057,
1763897032992,1.25796,0.456057,1.25796,0.456057,
1763897033018,1.25796,0.456058,1.25796,0.456058,
1763897033067,1.25796,0.456058,1.25796,0.456058,
1763897033107,1.25796,0.456058,1.25796,0.456058,
1763897033138,1.25795,0.456059,1.25795,0.456059,
1763897033165,1.25795,0.456059,1.25795,0.456059,
1763897033205,1.25795,0.45606,1.25795,0.45606,
1763897033249,1.25795,0.45606,1.25795,0.45606,
1763897033283,1.25795,0.456061,1.25795,0.456061,
1763897033315,1.25795,0.456061,1.25795,0.456061,
1763897033352,1.25795,0.456061,1.25795,0.456061,
1763897033392,1.25795,0.456062,1.25795,0.456062,
1763897033418,1.25794,0.456062,1.25794,0.456062,
1763897033460,1.25794,0.456063,1.25794,0.456063,
1763897033505,1.25794,0.456063,1.25794,0.456063,
1763897033545,1.25794,0.456063,1.25794,0.456063,
1763897033578,1.25794,0.456064,1.25794,0.456064,
1763897033613,1.25794,0.456064,1.25794,0.456064,
1763897033662,1.25794,0.456065,1.25794,0.456065,
1763897033703,1.25794,0.456065,1.25794,0.456065,
1763897033733,1.25793,0.456065,1.25793,0.456065,
1763897033775,1.25793,0.456066,1.25793,0.456066,
1763897033809,1.25793,0.456066,1.25793,0.456066,
1763897033841,1.25793,0.456066,1.25793,0.456066,
1763897033881,1.25793,0.456067,1.25793,0.456067,
1763897033924,1.25793,0.456067,1.25793,0.456067,
1763897033951,1.25793,0.456068,1.25793,0.456068,
1763897034001,1.25793,0.456068,1.25793,0.456068,
1763897034040,1.25792,0.456069,1.25792,0.456069,
1763897034072,1.25792,0.456069,1.25792,0.456069,
1763897034108,1.25792,0.45607,1.25792,0.45607,
1763897034133,1.25792,0.45607,1.25792,0.45607,
1763897034183,1.25792,0.45607,1.25792,0.45607,
1763897034216,1.25792,0.45607,1.25792,0.456071,
1763897034246,1.25792,0.456071,1.25792,0.456071,
1763897034292,1.25792,0.456071,1.25792,0.456071,
1763897034322,1.25791,0.456072,1.25791,0.456072,
1763897034362,1.25791,0.456072,1.25791,0.456072,
1763897034403,1.25791,0.456073,1.25791,0.456073,
1763897034451,1.25791,0.456073,1.25791,0.456073,
1763897034491,1.25791,0.456073,1.25791,0.456073,
1763897034529,1.25791,0.456074,1.25791,0.456074,
1763897034562,1.25791,0.456074,1.25791,0.456074,
1763897034606,1.25791,0.456075,1.25791,0.456075,
1763897034642,1.2579,0.456075,1.2579,0.456075,
1763897034668,1.2579,0.456075,1.2579,0.456075,
1763897034713,1.2579,0.456076,1.2579,0.456076,
1763897034753,1.2579,0.456076,1.2579,0.456076,
1763897034788,1.2579,0.456077,1.2579,0.456077,
1763897034824,1.2579,0.456077,1.2579,0.456077,
1763897034860,1.2579,0.456077,1.2579,0.456077,
1763897034900,1.2579,0.456078,1.2579,0.456078,
1763897034933,1.25789,0.456078,1.25789,0.456078,
1763897034976,1.25789,0.456079,1.25789,0.456079,
1763897035015,1.25789,0.456079,1.25789,0.456079,
1763897035062,1.25789,0.456079,1.25789,0.456079,
1763897035087,1.25789,0.45608,1.25789,0.45608,
1763897035125,1.25789,0.45608,1.25789,0.45608,
1763897035156,1.25789,0.456081,1.25789,0.456081,
1763897035192,1.25789,0.456081,1.25789,0.456081,
1763897035236,1.25788,0.456081,1.25788,0.456081,
1763897035275,1.25788,0.456082,1.25788,0.456082,
1763897035303,1.25788,0.456082,1.25788,0.456082,
1763897035342,1.25788,0.456083,1.25788,0.456083,
1763897035387,1.25788,0.456083,1.25788,0.456083,
1763897035414,1.25788,0.456083,1.25788,0.456083,
1763897035453,1.25788,0.456084,1.25788,0.456084,
1763897035492,1.25788,0.456084,1.25788,0.456084,
1763897035535,1.25787,0.456085,1.25787,0.456085,
1763897035568,1.25787,0.456085,1.25787,0.456085,
1763897035603,1.25787,0.456086,1.25787,0.456086,
1763897035639,1.25787,0.456086,1.25787,0.456086,
1763897035676,1.25787,0.456086,1.25787,0.456086,
1763897035717,1.25787,0.456087,1.25787,0.456087,
1763897035759,1.25787,0.456087,1.25787,0.456087,
1763897035798,1.25787,0.456087,1.25787,0.456087,
1763897035831,1.25786,0.456088,1.25786,0.456088,
1763897035882,1.25786,0.456088,1.25786,0.456088,
1763897035912,1.25786,0.456089,1.25786,0.456089,
1763897035943,1.25786,0.456089,1.25786,0.456089,
1763897035986,1.25786,0.45609,1.25786,0.45609,
1763897036017,1.25786,0.45609,1.25786,0.45609,
1763897036052,1.25786,0.45609,1.25786,0.45609,
1763897036092,1.25786,0.456091,1.25786,0.456091,
1763897036133,1.25785,0.456091,1.25785,0.456091,
1763897036161,1.25785,0.456091,1.25785,0.456092,
1763897036209,1.25785,0.456092,1.25785,0.456092,
1763897036245,1.25785,0.456092,1.25785,0.456092,
1763897036283,1.25785,0.456093,1.25785,0.456093,
1763897036325,1.25785,0.456093,1.25785,0.456093,
1763897036360,1.25785,0.456094,1.25785,0.456093,
1763897036400,1.25784,0.456094,1.25784,0.456094,
1763897036443,1.25784,0.456094,1.25784,0.456094,
1763897036482,1.25784,0.456095,1.25784,0.456095,
1763897036527,1.25784,0.456095,1.25784,0.456095,
1763897036572,1.25784,0.456095,1.25784,0.456095,
1763897036600,1.25784,0.456096,1.25784,0.456096,
1763897036642,1.25784,0.456096,1.25784,0.456096,
1763897036680,1.25784,0.456097,1.25784,0.456097,
1763897036719,1.25783,0.456097,1.25783,0.456097,
1763897036752,1.25783,0.456098,1.25783,0.456098,
1763897036787,1.25783,0.456098,1.25783,0.456098,
1763897036828,1.25783,0.456098,1.25783,0.456098,
1763897036874,1.25783,0.456099,1.25783,0.456099,
1763897036908,1.25783,0.456099,1.25783,0.456099,
1763897036949,1.25783,0.4561,1.25783,0.4561,
1763897036985,1.25783,0.4561,1.25783,0.4561,
1763897037019,1.25782,0.4561,1.25782,0.4561,
1763897037063,1.25782,0.456101,1.25782,0.456101,
1763897037099,1.25782,0.456101,1.25782,0.456101,
1763897037129,1.25782,0.456102,1.25782,0.456102,
1763897037176,1.25782,0.456102,1.25782,0.456102,
1763897037216,1.25782,0.456102,1.25782,0.456102,
1763897037244,1.25782,0.456103,1.25782,0.456103,
1763897037289,1.25782,0.456103,1.25782,0.456103,
1763897037336,1.25781,0.456104,1.25781,0.456104,
1763897037361,1.25781,0.456104,1.25781,0.456104,
1763897037390,1.25781,0.456104,1.25781,0.456104,
1763897037431,1.25781,0.456105,1.25781,0.456105,
1763897037459,1.25781,0.456105,1.25781,0.456105,
1763897037499,1.25781,0.456106,1.25781,0.456106,
1763897037547,1.25781,0.456106,1.25781,0.456106,
1763897037593,1.25781,0.456107,1.25781,0.456106,
1763897037623,1.2578,0.456107,1.2578,0.456107,
1763897037664,1.2578,0.456107,1.2578,0.456107,
1763897037713,1.2578,0.456108,1.2578,0.456108,
1763897037746,1.2578,0.456108,1.2578,0.456108,
1763897037791,1.2578,0.456108,1.2578,0.456108,
1763897037825,1.2578,0.456109,1.2578,0.456109,
1763897037863,1.2578,0.456109,1.2578,0.456109,
1763897037897,1.2578,0.45611,1.2578,0.45611,
1763897037938,1.25779,0.45611,1.25779,0.45611,
1763897037990,1.25779,0.45611,1.25779,0.45611,
1763897038025,1.25779,0.456111,1.25779,0.456111,
1763897038057,1.25779,0.456111,1.25779,0.456111,
1763897038096,1.25779,0.456112,1.25779,0.456112,
1763897038124,1.25779,0.456112,1.25779,0.456112,
1763897038164,1.25779,0.456112,1.25779,0.456112,
1763897038204,1.25779,0.456113,1.25779,0.456113,
1763897038241,1.25778,0.456113,1.25778,0.456113,
1763897038275,1.25778,0.456114,1.25778,0.456114,
1763897038307,1.25778,0.456114,1.25778,0.456114,
1763897038347,1.25778,0.456114,1.25778,0.456114,
1763897038381,1.25778,0.456115,1.25778,0.456115,
1763897038419,1.25778,0.456115,1.25778,0.456115,
1763897038469,1.25778,0.456116,1.25778,0.456116,
1763897038511,1.25778,0.456116,1.25778,0.456116,
1763897038546,1.25777,0.456116,1.25777,0.456116,
1763897038583,1.25777,0.456117,1.25777,0.456117,
1763897038614,1.25777,0.456117,1.25777,0.456117,
1763897038646,1.25777,0.456118,1.25777,0.456118,
1763897038689,1.25777,0.456118,1.25777,0.456118,
1763897038726,1.25777,0.456119,1.25777,0.456119,
1763897038765,1.25777,0.456119,1.25777,0.456119,
1763897038808,1.25777,0.456119,1.25777,0.456119,
1763897038843,1.25776,0.45612,1.25776,0.45612,
1763897038883,1.25776,0.45612,1.25776,0.45612,
1763897038911,1.25776,0.456121,1.25776,0.456121,
1763897038946,1.25776,0.456121,1.25776,0.456121,
1763897038980,1.25776,0.456121,1.25776,0.456121,
1763897039024,1.25776,0.456122,1.25776,0.456122,
1763897039056,1.25776,0.456122,1.25776,0.456122,
1763897039094,1.25776,0.456122,1.25776,0.456122,
1763897039141,1.25775,0.456123,1.25775,0.456123,
1763897039169,1.25775,0.456123,1.25775,0.456123,
1763897039203,1.25775,0.456124,1.25775,0.456124,
1763897039241,1.25775,0.456124,1.25775,0.456124,
1763897039284,1.25775,0.456125,1.25775,0.456125,
1763897039315,1.25775,0.456125,1.25775,0.456125,
1763897039355,1.25775,0.456125,1.25775,0.456125,
1763897039398,1.25775,0.456126,1.25775,0.456126,
1763897039435,1.25774,0.456126,1.25774,0.456126,
1763897039470,1.25774,0.456127,1.25774,0.456127,
1763897039526,1.25774,0.456127,1.25774,0.456127,
1763897039560,1.25774,0.456127,1.25774,0.456127,
1763897039601,1.25774,0.456128,1.25774,0.456128,
1763897039645,1.25774,0.456128,1.25774,0.456128,
1763897039675,1.25774,0.456128,1.25774,0.456129,
1763897039707,1.25774,0.456129,1.25774,0.456129,
1763897039749,1.25773,0.456129,1.25773,0.456129,
1763897039777,1.25773,0.45613,1.25773,0.45613,
1763897039819,1.25773,0.45613,1.25773,0.45613,
1763897039852,1.25773,0.456131,1.25773,0.456131,
1763897039891,1.25773,0.456131,1.25773,0.456131,
1763897039930,1.25773,0.456131,1.25773,0.456131,
1763897039968,1.25773,0.456132,1.25773,0.456132,
1763897040012,1.25773,0.456132,1.25773,0.456132,
1763897040042,1.25772,0.456133,1.25772,0.456133,
1763897040076,1.25772,0.456133,1.25772,0.456133,
1763897040124,1.25772,0.456133,1.25772,0.456133,
1763897040168,1.25772,0.456134,1.25772,0.456134,
1763897040204,1.25772,0.456134,1.25772,0.456134,
1763897040237,1.25772,0.456135,1.25772,0.456135,
1763897040277,1.25772,0.456135,1.25772,0.456135,
1763897040323,1.25772,0.456135,1.25772,0.456135,
1763897040360,1.25771,0.456136,1.25771,0.456136,
1763897040393,1.25771,0.456136,1.25771,0.456136,
1763897040428,1.25771,0.456136,1.25771,0.456136,
1763897040463,1.25771,0.456137,1.25771,0.456137,
1763897040509,1.25771,0.456137,1.25771,0.456137,
1763897040549,1.25771,0.456138,1.25771,0.456138,
1763897040587,1.25771,0.456138,1.25771,0.456138,
1763897040624,1.25771,0.456139,1.25771,0.456139,
1763897040658,1.2577,0.456139,1.2577,0.456139,
1763897040705,1.2577,0.456139,1.2577,0.456139,
1763897040735,1.2577,0.45614,1.2577,0.45614,
1763897040779,1.2577,0.45614,1.2577,0.45614,
1763897040818,1.2577,0.456141,1.2577,0.456141,
1763897040855,1.2577,0.456141,1.2577,0.456141,
1763897040889,1.2577,0.456141,1.2577,0.456141,
1763897040926,1.2577,0.456142,1.2577,0.456142,
1763897040967,1.25769,0.456142,1.25769,0.456142,
1763897040999,1.25769,0.456143,1.25769,0.456143,
1763897041035,1.25769,0.456143,1.25769,0.456143,
1763897041066,1.25769,0.456143,1.25769,0.456143,
1763897041100,1.25769,0.456144,1.25769,0.456144,
1763897041136,1.25769,0.456144,1.25769,0.456144,
1763897041174,1.25769,0.456145,1.25769,0.456145,
1763897041213,1.25769,0.456145,1.25769,0.456145,
1763897041254,1.25768,0.456146,1.25768,0.456146,
1763897041289,1.25768,0.456146,1.25768,0.456146,
1763897041334,1.25768,0.456146,1.25768,0.456146,
1763897041378,1.25768,0.456147,1.25768,0.456147,
1763897041412,1.25768,0.456147,1.25768,0.456147,
1763897041450,1.25768,0.456147,1.25768,0.456147,
1763897041488,1.25768,0.456148,1.25768,0.456148,
1763897041522,1.25767,0.456148,1.25767,0.456148,
1763897041562,1.25767,0.456149,1.25767,0.456149,
1763897041608,1.25767,0.456149,1.25767,0.456149,
1763897041647,1.25767,0.456149,1.25767,0.456149,
1763897041679,1.25767,0.45615,1.25767,0.45615,
1763897041711,1.25767,0.45615,1.25767,0.45615,
1763897041759,1.25767,0.456151,1.25767,0.456151,
1763897041797,1.25767,0.456151,1.25767,0.456151,
1763897041836,1.25766,0.456152,1.25766,0.456152,
1763897041887,1.25766,0.456152,1.25766,0.456152,
1763897041927,1.25766,0.456152,1.25766,0.456152,
1763897041959,1.25766,0.456153,1.25766,0.456153,
1763897042000,1.25766,0.456153,1.25766,0.456153,
1763897042038,1.25766,0.456153,1.25766,0.456153,
1763897042072,1.25766,0.456154,1.25766,0.456154,
1763897042100,1.25766,0.456154,1.25766,0.456154,
1763897042144,1.25765,0.456155,1.25765,0.456155,
1763897042186,1.25765,0.456155,1.25765,0.456155,
1763897042224,1.25765,0.456155,1.25765,0.456155,
1763897042259,1.25765,0.456156,1.25765,0.456156,
1763897042298,1.25765,0.456156,1.25765,0.456156,
1763897042337,1.25765,0.456157,1.25765,0.456157,
1763897042376,1.25765,0.456157,1.25765,0.456157,
1763897042409,1.25765,0.456157,1.25765,0.456158,
1763897042455,1.25764,0.456158,1.25764,0.456158,
1763897042486,1.25764,0.456158,1.25764,0.456158,
1763897042519,1.25764,0.456159,1.25764,0.456159,
1763897042556,1.25764,0.456159,1.25764,0.456159,
1763897042599,1.25764,0.456159,1.25764,0.456159,
1763897042628,1.25764,0.45616,1.25764,0.45616,
1763897042679,1.25764,0.45616,1.25764,0.45616,
1763897042709,1.25764,0.456161,1.25764,0.456161,
1763897042752,1.25763,0.456161,1.25763,0.456161,
1763897042790,1.25763,0.456162,1.25763,0.456161,
1763897042827,1.25763,0.456162,1.25763,0.456162,
1763897042865,1.25763,0.456162,1.25763,0.456162,
1763897042902,1.25763,0.456163,1.25763,0.456163,
1763897042943,1.25763,0.456163,1.25763,0.456163,
1763897042985,1.25763,0.456164,1.25763,0.456164,
1763897043021,1.25763,0.456164,1.25763,0.456164,
1763897043059,1.25762,0.456165,1.25762,0.456165,
1763897043094,1.25762,0.456165,1.25762,0.456165,
1763897043136,1.25762,0.456165,1.25762,0.456165,
1763897043176,1.25762,0.456165,1.25762,0.456166,
1763897043228,1.25762,0.456166,1.25762,0.456166,
1763897043266,1.25762,0.456166,1.25762,0.456166,
1763897043301,1.25762,0.456167,1.25762,0.456167,
1763897043339,1.25762,0.456167,1.25762,0.456167,
1763897043380,1.25761,0.456167,1.25761,0.456167,
1763897043409,1.25761,0.456168,1.25761,0.456168,
1763897043455,1.25761,0.456168,1.25761,0.456168,
1763897043487,1.25761,0.456169,1.25761,0.456169,
1763897043534,1.25761,0.456169,1.25761,0.456169,
1763897043576,1.25761,0.45617,1.25761,0.45617,
1763897043607,1.25761,0.45617,1.25761,0.45617,
1763897043636,1.25761,0.45617,1.25761,0.45617,
1763897043684,1.2576,0.456171,1.2576,0.456171,
1763897043713,1.2576,0.456171,1.2576,0.456171,
1763897043747,1.2576,0.456172,1.2576,0.456172,
1763897043790,1.2576,0.456172,1.2576,0.456172,
1763897043822,1.2576,0.456173,1.2576,0.456173,
1763897043849,1.2576,0.456173,1.2576,0.456173,
1763897043885,1.2576,0.456173,1.2576,0.456173,
1763897043916,1.2576,0.456174,1.2576,0.456174,
1763897043967,1.25759,0.456174,1.25759,0.456174,
1763897043991,1.25759,0.456174,1.25759,0.456174,
1763897044039,1.25759,0.456175,1.25759,0.456175,
1763897044076,1.25759,0.456175,1.25759,0.456175,
1763897044105,1.25759,0.456176,1.25759,0.456176,
1763897044146,1.25759,0.456176,1.25759,0.456176,
1763897044180,1.25759,0.456176,1.25759,0.456176,
1763897044215,1.25759,0.456177,1.25759,0.456177,
1763897044267,1.25758,0.456177,1.25758,0.456177,
1763897044315,1.25758,0.456178,1.25758,0.456178,
1763897044341,1.25758,0.456178,1.25758,0.456178,
1763897044378,1.25758,0.456178,1.25758,0.456178,
1763897044420,1.25758,0.456179,1.25758,0.456179,
1763897044448,1.25758,0.456179,1.25758,0.456179,
1763897044492,1.25758,0.45618,1.25758,0.45618,
1763897044531,1.25758,0.45618,1.25758,0.45618,
1763897044559,1.25757,0.45618,1.25757,0.45618,
1763897044602,1.25757,0.456181,1.25757,0.456181,
1763897044640,1.25757,0.456181,1.25757,0.456181,
1763897044671,1.25757,0.456182,1.25757,0.456182,
1763897044701,1.25757,0.456182,1.25757,0.456182,
1763897044742,1.25757,0.456182,1.25757,0.456182,
1763897044779,1.25757,0.456183,1.25757,0.456183,
1763897044811,1.25757,0.456183,1.25757,0.456183,
1763897044855,1.25756,0.456184,1.25756,0.456184,
1763897044896,1.25756,0.456184,1.25756,0.456184,
1763897044935,1.25756,0.456184,1.25756,0.456184,
1763897044977,1.25756,0.456185,1.25756,0.456185,
1763897045015,1.25756,0.456185,1.25756,0.456185,
1763897045058,1.25756,0.456186,1.25756,0.456186,
1763897045105,1.25756,0.456186,1.25756,0.456186,
1763897045142,1.25756,0.456187,1.25756,0.456187,
1763897045175,1.25755,0.456187,1.25755,0.456187,
1763897045215,1.25755,0.456187,1.25755,0.456187,
1763897045263,1.25755,0.456188,1.25755,0.456188,
1763897045303,1.25755,0.456188,1.25755,0.456188,
1763897045335,1.25755,0.456188,1.25755,0.456188,
1763897045380,1.25755,0.456189,1.25755,0.456189,
1763897045416,1.25755,0.456189,1.25755,0.456189,
1763897045456,1.25755,0.45619,1.25755,0.45619,
1763897045501,1.25754,0.45619,1.25754,0.45619,
1763897045543,1.25754,0.45619,1.25754,0.45619,
1763897045588,1.25754,0.456191,1.25754,0.456191,
1763897045613,1.25754,0.456191,1.25754,0.456191,
1763897045653,1.25754,0.456192,1.25754,0.456192,
1763897045688,1.25754,0.456192,1.25754,0.456192,
1763897045725,1.25754,0.456192,1.25754,0.456192,
1763897045766,1.25754,0.456193,1.25754,0.456193,
1763897045804,1.25753,0.456193,1.25753,0.456193,
1763897045844,1.25753,0.456194,1.25753,0.456194,
1763897045879,1.25753,0.456194,1.25753,0.456194,
1763897045911,1.25753,0.456195,1.25753,0.456195,
1763897045958,1.25753,0.456195,1.25753,0.456195,
1763897045992,1.25753,0.456195,1.25753,0.456195,
1763897046035,1.25753,0.456196,1.25753,0.456196,
1763897046063,1.25753,0.456196,1.25753,0.456196,
1763897046104,1.25752,0.456196,1.25752,0.456196,
1763897046138,1.25752,0.456197,1.25752,0.456197,
1763897046174,1.25752,0.456197,1.25752,0.456197,
1763897046210,1.25752,0.456198,1.25752,0.456198,
1763897046246,1.25752,0.456198,1.25752,0.456198,
1763897046288,1.25752,0.456199,1.25752,0.456199,
1763897046324,1.25752,0.456199,1.25752,0.456199,
1763897046361,1.25752,0.456199,1.25752,0.456199,
1763897046394,1.25751,0.4562,1.25751,0.4562,
1763897046439,1.25751,0.4562,1.25751,0.4562,
1763897046484,1.25751,0.456201,1.25751,0.456201,
1763897046521,1.25751,0.456201,1.25751,0.456201,
1763897046550,1.25751,0.456201,1.25751,0.456201,
1763897046602,1.25751,0.456202,1.25751,0.456202,
1763897046624,1.25751,0.456202,1.25751,0.456202,
1763897046657,1.25751,0.456203,1.25751,0.456203,
1763897046686,1.2575,0.456203,1.2575,0.456203,
1763897046730,1.2575,0.456203,1.2575,0.456203,
1763897046767,1.2575,0.456204,1.2575,0.456204,
1763897046799,1.2575,0.456204,1.2575,0.456204,
1763897046837,1.2575,0.456205,1.2575,0.456205,
1763897046884,1.2575,0.456205,1.2575,0.456205,
1763897046915,1.2575,0.456205,1.2575,0.456205,
1763897046953,1.25749,0.456206,1.25749,0.456206,
1763897046995,1.25749,0.456206,1.25749,0.456206,
1763897047023,1.25749,0.456207,1.25749,0.456207,
1763897047058,1.25749,0.456207,1.25749,0.456207,
1763897047105,1.25749,0.456208,1.25749,0.456208,
1763897047134,1.25749,0.456208,1.25749,0.456208,
1763897047172,1.25749,0.456208,1.25749,0.456208,
1763897047216,1.25749,0.456209,1.25749,0.456209,
1763897047253,1.25748,0.456209,1.25748,0.456209,
1763897047282,1.25748,0.456209,1.25748,0.456209,
1763897047326,1.25748,0.45621,1.25748,0.45621,
1763897047364,1.25748,0.45621,1.25748,0.45621,
1763897047398,1.25748,0.456211,1.25748,0.456211,
1763897047427,1.25748,0.456211,1.25748,0.456211,
1763897047475,1.25748,0.456211,1.25748,0.456212,
1763897047519,1.25748,0.456212,1.25748,0.456212,
1763897047543,1.25747,0.456212,1.25747,0.456212,
1763897047578,1.25747,0.456213,1.25747,0.456213,
1763897047611,1.25747,0.456213,1.25747,0.456213,
1763897047652,1.25747,0.456213,1.25747,0.456213,
1763897047681,1.25747,0.456214,1.25747,0.456214,
1763897047728,1.25747,0.456214,1.25747,0.456214,
1763897047757,1.25747,0.456215,1.25747,0.456215,
1763897047796,1.25747,0.456215,1.25747,0.456215,
1763897047827,1.25746,0.456215,1.25746,0.456215,
1763897047885,1.25746,0.456216,1.25746,0.456216,
1763897047917,1.25746,0.456216,1.25746,0.456216,
1763897047958,1.25746,0.456217,1.25746,0.456217,
1763897048001,1.25746,0.456217,1.25746,0.456217,
1763897048033,1.25746,0.456217,1.25746,0.456217,
1763897048073,1.25746,0.456218,1.25746,0.456218,
1763897048125,1.25746,0.456218,1.25746,0.456218,
1763897048155,1.25745,0.456219,1.25745,0.456219,
1763897048197,1.25745,0.456219,1.25745,0.456219,
1763897048243,1.25745,0.456219,1.25745,0.456219,
1763897048286,1.25745,0.45622,1.25745,0.45622,
1763897048324,1.25745,0.45622,1.25745,0.45622,
1763897048363,1.25745,0.456221,1.25745,0.456221,
1763897048395,1.25745,0.456221,1.25745,0.456221,
1763897048443,1.25745,0.456222,1.25745,0.456222,
1763897048475,1.25744,0.456222,1.25744,0.456222,
1763897048513,1.25744,0.456222,1.25744,0.456222,
1763897048551,1.25744,0.456223,1.25744,0.456223,
1763897048586,1.25744,0.456223,1.25744,0.456223,
1763897048630,1.25744,0.456223,1.25744,0.456223,
1763897048668,1.25744,0.456224,1.25744,0.456224,
1763897048710,1.25744,0.456224,1.25744,0.456224,
1763897048744,1.25744,0.456225,1.25744,0.456225,
1763897048785,1.25743,0.456225,1.25743,0.456225,
1763897048847,1.25743,0.456226,1.25743,0.456226,
1763897048879,1.25743,0.456226,1.25743,0.456226,
1763897048908,1.25743,0.456226,1.25743,0.456226,
1763897048942,1.25743,0.456227,1.25743,0.456227,
1763897048984,1.25743,0.456227,1.25743,0.456227,
1763897049022,1.25743,0.456228,1.25743,0.456228,
1763897049063,1.25743,0.456228,1.25743,0.456228,
1763897049107,1.25742,0.456228,1.25742,0.456228,
1763897049136,1.25742,0.456229,1.25742,0.456229,
1763897049167,1.25742,0.456229,1.25742,0.456229,
1763897049216,1.25742,0.45623,1.25742,0.45623,
1763897049257,1.25742,0.45623,1.25742,0.45623,
1763897049289,1.25742,0.45623,1.25742,0.45623,
1763897049325,1.25742,0.456231,1.25742,0.456231,
1763897049364,1.25742,0.456231,1.25742,0.456231,
1763897049399,1.25741,0.456232,1.25741,0.456232,
1763897049443,1.25741,0.456232,1.25741,0.456232,
1763897049484,1.25741,0.456232,1.25741,0.456232,
1763897049522,1.25741,0.456233,1.25741,0.456233,
1763897049558,1.25741,0.456233,1.25741,0.456233,
1763897049597,1.25741,0.456234,1.25741,0.456234,
1763897049646,1.25741,0.456234,1.25741,0.456234,
1763897049675,1.25741,0.456235,1.25741,0.456235,
1763897049709,1.2574,0.456235,1.2574,0.456235,
1763897049760,1.2574,0.456235,1.2574,0.456235,
1763897049789,1.2574,0.456235,1.2574,0.456236,
1763897049831,1.2574,0.456236,1.2574,0.456236,
1763897049861,1.2574,0.456236,1.2574,0.456236,
1763897049906,1.2574,0.456237,1.2574,0.456237,
1763897049955,1.2574,0.456237,1.2574,0.456237,
1763897049984,1.2574,0.456238,1.2574,0.456238,
1763897050030,1.25739,0.456238,1.25739,0.456238,
1763897050063,1.25739,0.456238,1.25739,0.456238,
1763897050103,1.25739,0.456239,1.25739,0.456239,
1763897050150,1.25739,0.456239,1.25739,0.456239,
1763897050186,1.25739,0.45624,1.25739,0.45624,
1763897050231,1.25739,0.45624,1.25739,0.45624,
1763897050272,1.25739,0.45624,1.25739,0.45624,
1763897050307,1.25739,0.456241,1.25739,0.456241,
1763897050340,1.25738,0.456241,1.25738,0.456241,
1763897050378,1.25738,0.456242,1.25738,0.456242,
1763897050425,1.25738,0.456242,1.25738,0.456242,
1763897050464,1.25738,0.456243,1.25738,0.456242,
1763897050495,1.25738,0.456243,1.25738,0.456243,
1763897050542,1.25738,0.456243,1.25738,0.456243,
1763897050574,1.25738,0.456244,1.25738,0.456244,
1763897050612,1.25738,0.456244,1.25738,0.456244,
1763897050648,1.25737,0.456244,1.25737,0.456244,
1763897050681,1.25737,0.456245,1.25737,0.456245,
1763897050725,1.25737,0.456245,1.25737,0.456245,
1763897050755,1.25737,0.456246,1.25737,0.456246,
1763897050794,1.25737,0.456246,1.25737,0.456246,
1763897050831,1.25737,0.456246,1.25737,0.456246,
1763897050868,1.25737,0.456247,1.25737,0.456247,
1763897050905,1.25737,0.456247,1.25737,0.456247,
1763897050955,1.25736,0.456248,1.25736,0.456248,
1763897050986,1.25736,0.456248,1.25736,0.456248,
1763897051023,1.25736,0.456248,1.25736,0.456248,
1763897051066,1.25736,0.456249,1.25736,0.456249,
1763897051104,1.25736,0.456249,1.25736,0.456249,
1763897051143,1.25736,0.45625,1.25736,0.45625,
1763897051179,1.25736,0.45625,1.25736,0.45625,
1763897051222,1.25736,0.456251,1.25736,0.456251,
1763897051256,1.25735,0.456251,1.25735,0.456251,
1763897051286,1.25735,0.456251,1.25735,0.456251,
1763897051333,1.25735,0.456252,1.25735,0.456252,
1763897051375,1.25735,0.456252,1.25735,0.456252,
1763897051412,1.25735,0.456252,1.25735,0.456252,
1763897051449,1.25735,0.456253,1.25735,0.456253,
1763897051493,1.25735,0.456253,1.25735,0.456253,
1763897051519,1.25735,0.456254,1.25735,0.456254,
1763897051558,1.25734,0.456254,1.25734,0.456254,
1763897051595,1.25734,0.456254,1.25734,0.456254,
1763897051631,1.25734,0.456255,1.25734,0.456255,
1763897051671,1.25734,0.456255,1.25734,0.456255,
1763897051713,1.25734,0.456256,1.25734,0.456256,
1763897051744,1.25734,0.456256,1.25734,0.456256,
1763897051785,1.25734,0.456257,1.25734,0.456257,
1763897051828,1.25734,0.456257,1.25734,0.456257,
1763897051857,1.25733,0.456257,1.25733,0.456257,
1763897051906,1.25733,0.456258,1.25733,0.456258,
1763897051940,1.25733,0.456258,1.25733,0.456258,
1763897051979,1.25733,0.456258,1.25733,0.456258,
1763897052015,1.25733,0.456259,1.25733,0.456259,
1763897052063,1.25733,0.456259,1.25733,0.456259,
1763897052100,1.25733,0.45626,1.25733,0.45626,
1763897052140,1.25733,0.45626,1.25733,0.45626,
1763897052179,1.25732,0.456261,1.25732,0.456261,
1763897052231,1.25732,0.456261,1.25732,0.456261,
1763897052260,1.25732,0.456261,1.25732,0.456261,
1763897052300,1.25732,0.456262,1.25732,0.456262,
1763897052343,1.25732,0.456262,1.25732,0.456262,
1763897052371,1.25732,0.456263,1.25732,0.456263,
1763897052409,1.25732,0.456263,1.25732,0.456263,
1763897052454,1.25732,0.456263,1.25732,0.456263,
1763897052500,1.25731,0.456264,1.25731,0.456264,
1763897052530,1.25731,0.456264,1.25731,0.456264,
1763897052563,1.25731,0.456265,1.25731,0.456265,
1763897052599,1.25731,0.456265,1.25731,0.456265,
1763897052636,1.25731,0.456266,1.25731,0.456266,
1763897052673,1.25731,0.456266,1.25731,0.456266,
1763897052714,1.25731,0.456266,1.25731,0.456266,
1763897052758,1.2573,0.456267,1.2573,0.456267,
1763897052790,1.2573,0.456267,1.2573,0.456267,
1763897052827,1.2573,0.456267,1.2573,0.456267,
1763897052867,1.2573,0.456268,1.2573,0.456268,
1763897052897,1.2573,0.456268,1.2573,0.456268,
1763897052946,1.2573,0.456269,1.2573,0.456269,
1763897052980,1.2573,0.456269,1.2573,0.456269,
1763897053021,1.2573,0.45627,1.2573,0.45627,
1763897053059,1.25729,0.45627,1.2573,0.45627,
1763897053085,1.25729,0.45627,1.25729,0.45627,
1763897053127,1.25729,0.456271,1.25729,0.456271,
1763897053156,1.25729,0.456271,1.25729,0.456271,
1763897053193,1.25729,0.456271,1.25729,0.456271,
1763897053237,1.25729,0.456272,1.25729,0.456272,
1763897053282,1.25729,0.456272,1.25729,0.456272,
1763897053322,1.25729,0.456273,1.25729,0.456273,
1763897053357,1.25728,0.456273,1.25728,0.456273,
1763897053391,1.25728,0.456274,1.25728,0.456273,
1763897053426,1.25728,0.456274,1.25728,0.456274,
1763897053464,1.25728,0.456274,1.25728,0.456274,
1763897053499,1.25728,0.456275,1.25728,0.456275,
1763897053535,1.25728,0.456275,1.25728,0.456275,
1763897053573,1.25728,0.456275,1.25728,0.456275,
1763897053612,1.25728,0.456276,1.25728,0.456276,
1763897053649,1.25727,0.456276,1.25727,0.456276,
1763897053684,1.25727,0.456277,1.25727,0.456277,
1763897053721,1.25727,0.456277,1.25727,0.456277,
1763897053755,1.25727,0.456278,1.25727,0.456277,
1763897053791,1.25727,0.456278,1.25727,0.456278,
1763897053823,1.25727,0.456278,1.25727,0.456278,
1763897053872,1.25727,0.456279,1.25727,0.456279,
1763897053905,1.25727,0.456279,1.25727,0.456279,
1763897053943,1.25726,0.456279,1.25726,0.456279,
1763897053974,1.25726,0.45628,1.25726,0.45628,
1763897054021,1.25726,0.45628,1.25726,0.45628,
1763897054055,1.25726,0.456281,1.25726,0.456281,
1763897054092,1.25726,0.456281,1.25726,0.456281,
1763897054132,1.25726,0.456282,1.25726,0.456281,
1763897054166,1.25726,0.456282,1.25726,0.456282,
1763897054197,1.25726,0.456282,1.25726,0.456282,
1763897054243,1.25725,0.456283,1.25725,0.456283,
1763897054287,1.25725,0.456283,1.25725,0.456283,
1763897054315,1.25725,0.456284,1.25725,0.456284,
1763897054342,1.25725,0.456284,1.25725,0.456284,
1763897054370,1.25725,0.456284,1.25725,0.456284,
1763897054410,1.25725,0.456285,1.25725,0.456285,
1763897054441,1.25725,0.456285,1.25725,0.456285,
1763897054471,1.25725,0.456285,1.25725,0.456285,
1763897054517,1.25724,0.456286,1.25724,0.456286,
1763897054558,1.25724,0.456286,1.25724,0.456286,
1763897054605,1.25724,0.456287,1.25724,0.456287,
1763897054644,1.25724,0.456287,1.25724,0.456287,
1763897054678,1.25724,0.456288,1.25724,0.456288,
1763897054717,1.25724,0.456288,1.25724,0.456288,
1763897054750,1.25724,0.456288,1.25724,0.456288,
1763897054800,1.25724,0.456289,1.25724,0.456289,
1763897054830,1.25723,0.456289,1.25723,0.456289,
1763897054868,1.25723,0.45629,1.25723,0.45629,
1763897054913,1.25723,0.45629,1.25723,0.45629,
1763897054951,1.25723,0.45629,1.25723,0.45629,
1763897054981,1.25723,0.456291,1.25723,0.456291,
1763897055028,1.25723,0.456291,1.25723,0.456291,
1763897055061,1.25723,0.456292,1.25723,0.456292,
1763897055110,1.25723,0.456292,1.25723,0.456292,
1763897055156,1.25722,0.456293,1.25722,0.456293,
1763897055184,1.25722,0.456293,1.25722,0.456293,
1763897055218,1.25722,0.456293,1.25722,0.456293,
1763897055255,1.25722,0.456294,1.25722,0.456294,
1763897055287,1.25722,0.456294,1.25722,0.456294,
1763897055327,1.25722,0.456294,1.25722,0.456294,
1763897055363,1.25722,0.456295,1.25722,0.456295,
1763897055397,1.25722,0.456295,1.25722,0.456295,
1763897055430,1.25721,0.456296,1.25721,0.456296,
1763897055465,1.25721,0.456296,1.25721,0.456296,
1763897055511,1.25721,0.456297,1.25721,0.456297,
1763897055561,1.25721,0.456297,1.25721,0.456297,
1763897055583,1.25721,0.456297,1.25721,0.456297,
1763897055627,1.25721,0.456298,1.25721,0.456298,
1763897055671,1.25721,0.456298,1.25721,0.456298,
1763897055692,1.25721,0.456298,1.25721,0.456298,
1763897055736,1.2572,0.456299,1.2572,0.456299,
1763897055784,1.2572,0.456299,1.2572,0.456299,
1763897055814,1.2572,0.4563,1.2572,0.4563,
1763897055853,1.2572,0.4563,1.2572,0.4563,
1763897055892,1.2572,0.456301,1.2572,0.456301,
1763897055923,1.2572,0.456301,1.2572,0.456301,
1763897055965,1.2572,0.456301,1.2572,0.456301,
1763897056006,1.2572,0.456302,1.2572,0.456302,
1763897056045,1.25719,0.456302,1.25719,0.456302,
1763897056079,1.25719,0.456303,1.25719,0.456303,
1763897056109,1.25719,0.456303,1.25719,0.456303,
1763897056142,1.25719,0.456303,1.25719,0.456303,
1763897056184,1.25719,0.456304,1.25719,0.456304,
1763897056233,1.25719,0.456304,1.25719,0.456304,
1763897056263,1.25719,0.456305,1.25719,0.456305,
1763897056305,1.25719,0.456305,1.25719,0.456305,
1763897056343,1.25718,0.456305,1.25718,0.456305,
1763897056377,1.25718,0.456306,1.25718,0.456306,
1763897056419,1.25718,0.456306,1.25718,0.456306,
1763897056458,1.25718,0.456306,1.25718,0.456306,
1763897056485,1.25718,0.456307,1.25718,0.456307,
1763897056526,1.25718,0.456307,1.25718,0.456307,
1763897056555,1.25718,0.456308,1.25718,0.456308,
1763897056602,1.25718,0.456308,1.25718,0.456308,
1763897056642,1.25717,0.456309,1.25717,0.456309,
1763897056673,1.25717,0.456309,1.25717,0.456309,
1763897056715,1.25717,0.456309,1.25717,0.456309,
1763897056752,1.25717,0.45631,1.25717,0.45631,
1763897056803,1.25717,0.45631,1.25717,0.45631,
1763897056831,1.25717,0.456311,1.25717,0.456311,
1763897056864,1.25717,0.456311,1.25717,0.456311,
1763897056907,1.25717,0.456312,1.25717,0.456311,
1763897056933,1.25716,0.456312,1.25716,0.456312,
1763897056976,1.25716,0.456312,1.25716,0.456312,
1763897057012,1.25716,0.456313,1.25716,0.456313,
1763897057039,1.25716,0.456313,1.25716,0.456313,
1763897057077,1.25716,0.456313,1.25716,0.456313,
1763897057113,1.25716,0.456314,1.25716,0.456314,
1763897057145,1.25716,0.456314,1.25716,0.456314,
1763897057184,1.25716,0.456315,1.25716,0.456315,
1763897057231,1.25715,0.456315,1.25715,0.456315,
1763897057265,1.25715,0.456315,1.25715,0.456315,
1763897057294,1.25715,0.456316,1.25715,0.456316,
1763897057339,1.25715,0.456316,1.25715,0.456316,
1763897057392,1.25715,0.456317,1.25715,0.456317,
1763897057421,1.25715,0.456317,1.25715,0.456317,
1763897057453,1.25715,0.456317,1.25715,0.456317,
1763897057499,1.25715,0.456318,1.25715,0.456318,
1763897057523,1.25714,0.456318,1.25714,0.456318,
1763897057573,1.25714,0.456319,1.25714,0.456319,
1763897057607,1.25714,0.456319,1.25714,0.456319,
1763897057648,1.25714,0.456319,1.25714,0.456319,
1763897057691,1.25714,0.45632,1.25714,0.45632,
1763897057726,1.25714,0.45632,1.25714,0.45632,
1763897057762,1.25714,0.456321,1.25714,0.456321,
1763897057804,1.25714,0.456321,1.25714,0.456321,
1763897057839,1.25713,0.456321,1.25713,0.456321,
1763897057875,1.25713,0.456322,1.25713,0.456322,
1763897057916,1.25713,0.456322,1.25713,0.456322,
1763897057952,1.25713,0.456323,1.25713,0.456323,
1763897057990,1.25713,0.456323,1.25713,0.456323,
1763897058035,1.25713,0.456323,1.25713,0.456323,
1763897058072,1.25713,0.456324,1.25713,0.456324,
1763897058108,1.25713,0.456324,1.25713,0.456324,
1763897058161,1.25712,0.456325,1.25712,0.456325,
1763897058199,1.25712,0.456325,1.25712,0.456325,
1763897058233,1.25712,0.456325,1.25712,0.456325,
1763897058277,1.25712,0.456326,1.25712,0.456326,
1763897058309,1.25712,0.456326,1.25712,0.456326,
1763897058342,1.25712,0.456327,1.25712,0.456327,
1763897058379,1.25712,0.456327,1.25712,0.456327,
1763897058418,1.25712,0.456327,1.25712,0.456327,
1763897058452,1.25711,0.456328,1.25711,0.456328,
1763897058491,1.25711,0.456328,1.25711,0.456328,
1763897058528,1.25711,0.456329,1.25711,0.456329,
1763897058579,1.25711,0.456329,1.25711,0.456329,
1763897058622,1.25711,0.45633,1.25711,0.45633,
1763897058663,1.25711,0.45633,1.25711,0.45633,
1763897058703,1.25711,0.45633,1.25711,0.45633,
1763897058737,1.25711,0.456331,1.25711,0.456331,
1763897058774,1.2571,0.456331,1.2571,0.456331,
1763897058813,1.2571,0.456332,1.2571,0.456332,
1763897058857,1.2571,0.456332,1.2571,0.456332,
1763897058896,1.2571,0.456332,1.2571,0.456332,
1763897058926,1.2571,0.456333,1.2571,0.456333,
1763897058960,1.2571,0.456333,1.2571,0.456333,
1763897058996,1.2571,0.456334,1.2571,0.456334,
1763897059033,1.2571,0.456334,1.2571,0.456334,
1763897059066,1.25709,0.456335,1.25709,0.456335,
1763897059107,1.25709,0.456335,1.25709,0.456335,
1763897059150,1.25709,0.456335,1.25709,0.456335,
1763897059192,1.25709,0.456335,1.25709,0.456335,
1763897059222,1.25709,0.456336,1.25709,0.456336,
1763897059264,1.25709,0.456336,1.25709,0.456336,
1763897059303,1.25709,0.456337,1.25709,0.456337,
1763897059339,1.25708,0.456337,1.25708,0.456337,
1763897059370,1.25708,0.456338,1.25708,0.456338,
1763897059409,1.25708,0.456338,1.25708,0.456338,
1763897059448,1.25708,0.456338,1.25708,0.456338,
1763897059481,1.25708,0.456339,1.25708,0.456339,
1763897059520,1.25708,0.456339,1.25708,0.456339,
1763897059551,1.25708,0.456339,1.25708,0.456339,
1763897059592,1.25708,0.45634,1.25708,0.45634,
1763897059631,1.25707,0.45634,1.25707,0.45634,
1763897059671,1.25707,0.456341,1.25707,0.456341,
1763897059710,1.25707,0.456341,1.25707,0.456341,
1763897059745,1.25707,0.456342,1.25707,0.456342,
1763897059780,1.25707,0.456342,1.25707,0.456342,
1763897059815,1.25707,0.456342,1.25707,0.456342,
1763897059861,1.25707,0.456343,1.25707,0.456343,
1763897059892,1.25707,0.456343,1.25707,0.456343,
1763897059931,1.25706,0.456344,1.25706,0.456344,
1763897059963,1.25706,0.456344,1.25706,0.456344,
1763897059999,1.25706,0.456345,1.25706,0.456345,
1763897060035,1.25706,0.456345,1.25706,0.456345,
1763897060071,1.25706,0.456345,1.25706,0.456345,
1763897060106,1.25706,0.456346,1.25706,0.456346,
1763897060146,1.25706,0.456346,1.25706,0.456346,
1763897060197,1.25706,0.456346,1.25706,0.456346,
1763897060232,1.25705,0.456347,1.25705,0.456347,
1763897060267,1.25705,0.456347,1.25705,0.456347,
1763897060299,1.25705,0.456348,1.25705,0.456348,
1763897060333,1.25705,0.456348,1.25705,0.456348,
1763897060375,1.25705,0.456349,1.25705,0.456349,
1763897060413,1.25705,0.456349,1.25705,0.456349,
1763897060447,1.25705,0.456349,1.25705,0.456349,
1763897060485,1.25705,0.456349,1.25705,0.456349,
1763897060520,1.25704,0.45635,1.25704,0.45635,
1763897060565,1.25704,0.45635,1.25704,0.45635,
1763897060600,1.25704,0.456351,1.25704,0.456351,
1763897060637,1.25704,0.456351,1.25704,0.456351,
1763897060672,1.25704,0.456352,1.25704,0.456352,
1763897060708,1.25704,0.456352,1.25704,0.456352,
1763897060744,1.25704,0.456352,1.25704,0.456352,
1763897060785,1.25704,0.456353,1.25704,0.456353,
1763897060822,1.25703,0.456353,1.25703,0.456353,
1763897060865,1.25703,0.456354,1.25703,0.456354,
1763897060900,1.25703,0.456354,1.25703,0.456354,
1763897060943,1.25703,0.456355,1.25703,0.456355,
1763897060974,1.25703,0.456355,1.25703,0.456355,
1763897061007,1.25703,0.456355,1.25703,0.456355,
1763897061041,1.25703,0.456356,1.25703,0.456356,
1763897061080,1.25703,0.456356,1.25703,0.456356,
1763897061117,1.25702,0.456356,1.25702,0.456356,
1763897061153,1.25702,0.456357,1.25702,0.456357,
1763897061197,1.25702,0.456357,1.25702,0.456357,
1763897061239,1.25702,0.456358,1.25702,0.456358,
1763897061277,1.25702,0.456358,1.25702,0.456358,
1763897061312,1.25702,0.456359,1.25702,0.456359,
1763897061348,1.25702,0.456359,1.25702,0.456359,
1763897061388,1.25702,0.456359,1.25702,0.456359,
1763897061423,1.25701,0.45636,1.25701,0.45636,
1763897061462,1.25701,0.45636,1.25701,0.45636,
1763897061502,1.25701,0.45636,1.25701,0.45636,
1763897061537,1.25701,0.456361,1.25701,0.456361,
1763897061575,1.25701,0.456361,1.25701,0.456361,
1763897061608,1.25701,0.456362,1.25701,0.456362,
1763897061646,1.25701,0.456362,1.25701,0.456362,
1763897061683,1.25701,0.456363,1.25701,0.456363,
1763897061722,1.257,0.456363,1.257,0.456363,
1763897061758,1.257,0.456363,1.257,0.456363,
1763897061796,1.257,0.456364,1.257,0.456364,
1763897061835,1.257,0.456364,1.257,0.456364,
1763897061872,1.257,0.456365,1.257,0.456365,
1763897061919,1.257,0.456365,1.257,0.456365,
1763897061956,1.257,0.456365,1.257,0.456365,
1763897061987,1.257,0.456366,1.257,0.456366,
1763897062017,1.25699,0.456366,1.25699,0.456366,
1763897062052,1.25699,0.456367,1.25699,0.456367,
1763897062091,1.25699,0.456367,1.25699,0.456367,
1763897062135,1.25699,0.456367,1.25699,0.456367,
1763897062166,1.25699,0.456368,1.25699,0.456368,
1763897062209,1.25699,0.456368,1.25699,0.456368,
1763897062246,1.25699,0.456369,1.25699,0.456369,
1763897062278,1.25699,0.456369,1.25699,0.456369,
1763897062331,1.25698,0.456369,1.25698,0.456369,
1763897062377,1.25698,0.45637,1.25698,0.45637,
1763897062406,1.25698,0.45637,1.25698,0.45637,
1763897062451,1.25698,0.45637,1.25698,0.45637,
1763897062484,1.25698,0.456371,1.25698,0.456371,
1763897062522,1.25698,0.456371,1.25698,0.456371,
1763897062556,1.25698,0.456372,1.25698,0.456372,
1763897062599,1.25698,0.456372,1.25698,0.456372,
1763897062639,1.25697,0.456373,1.25697,0.456373,
1763897062667,1.25697,0.456373,1.25697,0.456373,
1763897062707,1.25697,0.456373,1.25697,0.456373,
1763897062743,1.25697,0.456374,1.25697,0.456374,
1763897062778,1.25697,0.456374,1.25697,0.456374,
1763897062813,1.25697,0.456375,1.25697,0.456375,
1763897062848,1.25697,0.456375,1.25697,0.456375,
1763897062884,1.25697,0.456376,1.25697,0.456376,
1763897062924,1.25696,0.456376,1.25696,0.456376,
1763897062969,1.25696,0.456376,1.25696,0.456376,
1763897063012,1.25696,0.456377,1.25696,0.456377,
1763897063041,1.25696,0.456377,1.25696,0.456377,
1763897063083,1.25696,0.456377,1.25696,0.456377,
1763897063118,1.25696,0.456378,1.25696,0.456378,
1763897063168,1.25696,0.456378,1.25696,0.456378,
1763897063195,1.25696,0.456379,1.25696,0.456379,
1763897063242,1.25695,0.456379,1.25695,0.456379,
1763897063283,1.25695,0.456379,1.25695,0.456379,
1763897063313,1.25695,0.45638,1.25695,0.45638,
1763897063355,1.25695,0.45638,1.25695,0.45638,
1763897063402,1.25695,0.456381,1.25695,0.456381,
1763897063433,1.25695,0.456381,1.25695,0.456381,
1763897063466,1.25695,0.456382,1.25695,0.456381,
1763897063505,1.25695,0.456382,1.25695,0.456382,
1763897063551,1.25694,0.456382,1.25694,0.456382,
1763897063580,1.25694,0.456383,1.25694,0.456383,
1763897063619,1.25694,0.456383,1.25694,0.456383,
1763897063663,1.25694,0.456384,1.25694,0.456384,
1763897063691,1.25694,0.456384,1.25694,0.456384,
1763897063729,1.25694,0.456384,1.25694,0.456384,
1763897063768,1.25694,0.456385,1.25694,0.456385,
1763897063798,1.25694,0.456385,1.25694,0.456385,
1763897063836,1.25693,0.456386,1.25693,0.456386,
1763897063871,1.25693,0.456386,1.25693,0.456386,
1763897063909,1.25693,0.456386,1.25693,0.456386,
1763897063950,1.25693,0.456387,1.25693,0.456387,
1763897063986,1.25693,0.456387,1.25693,0.456387,
1763897064023,1.25693,0.456387,1.25693,0.456387,
1763897064059,1.25693,0.456388,1.25693,0.456388,
1763897064091,1.25693,0.456388,1.25693,0.456388,
1763897064122,1.25692,0.456389,1.25692,0.456389,
1763897064161,1.25692,0.456389,1.25692,0.456389,
1763897064210,1.25692,0.45639,1.25692,0.45639,
1763897064244,1.25692,0.45639,1.25692,0.45639,
1763897064272,1.25692,0.45639,1.25692,0.45639,
1763897064314,1.25692,0.456391,1.25692,0.456391,
1763897064352,1.25692,0.456391,1.25692,0.456391,
1763897064380,1.25692,0.456392,1.25692,0.456392,
1763897064431,1.25691,0.456392,1.25691,0.456392,
1763897064471,1.25691,0.456392,1.25691,0.456392,
1763897064512,1.25691,0.456393,1.25691,0.456393,
1763897064545,1.25691,0.456393,1.25691,0.456393,
1763897064579,1.25691,0.456394,1.25691,0.456394,
1763897064629,1.25691,0.456394,1.25691,0.456394,
1763897064666,1.25691,0.456394,1.25691,0.456394,
1763897064722,1.25691,0.456395,1.25691,0.456395,
1763897064746,1.2569,0.456395,1.2569,0.456395,
1763897064787,1.2569,0.456396,1.2569,0.456396,
1763897064813,1.2569,0.456396,1.2569,0.456396,
1763897064857,1.2569,0.456396,1.2569,0.456396,
1763897064898,1.2569,0.456397,1.2569,0.456397,
1763897064929,1.2569,0.456397,1.2569,0.456397,
1763897064963,1.2569,0.456398,1.2569,0.456398,
1763897065012,1.2569,0.456398,1.2569,0.456398,
1763897065052,1.25689,0.456398,1.25689,0.456398,
1763897065082,1.25689,0.456399,1.25689,0.456399,
1763897065125,1.25689,0.456399,1.25689,0.456399,
1763897065163,1.25689,0.456399,1.25689,0.456399,
1763897065192,1.25689,0.4564,1.25689,0.4564,
1763897065234,1.25689,0.456401,1.25689,0.4564,
1763897065259,1.25689,0.456401,1.25689,0.456401,
1763897065301,1.25689,0.456401,1.25689,0.456401,
1763897065338,1.25688,0.456402,1.25688,0.456402,
1763897065372,1.25688,0.456402,1.25688,0.456402,
1763897065413,1.25688,0.456402,1.25688,0.456402,
1763897065451,1.25688,0.456403,1.25688,0.456403,
1763897065482,1.25688,0.456403,1.25688,0.456403,
1763897065528,1.25688,0.456404,1.25688,0.456404,
1763897065568,1.25688,0.456404,1.25688,0.456404,
1763897065605,1.25687,0.456404,1.25687,0.456404,
1763897065644,1.25687,0.456405,1.25687,0.456405,
1763897065677,1.25687,0.456405,1.25687,0.456405,
1763897065713,1.25687,0.456406,1.25687,0.456406,
1763897065752,1.25687,0.456406,1.25687,0.456406,
1763897065788,1.25687,0.456407,1.25687,0.456407,
1763897065829,1.25687,0.456407,1.25687,0.456407,
1763897065867,1.25687,0.456407,1.25687,0.456407,
1763897065903,1.25686,0.456408,1.25686,0.456408,
1763897065947,1.25686,0.456408,1.25686,0.456408,
1763897065981,1.25686,0.456408,1.25686,0.456408,
1763897066022,1.25686,0.456409,1.25686,0.456409,
1763897066058,1.25686,0.456409,1.25686,0.456409,
1763897066108,1.25686,0.45641,1.25686,0.45641,
1763897066136,1.25686,0.45641,1.25686,0.45641,
1763897066172,1.25686,0.456411,1.25686,0.456411,
1763897066212,1.25686,0.456411,1.25686,0.456411,
1763897066246,1.25685,0.456411,1.25685,0.456411,
1763897066288,1.25685,0.456412,1.25685,0.456412,
1763897066316,1.25685,0.456412,1.25685,0.456412,
1763897066355,1.25685,0.456413,1.25685,0.456412,
1763897066413,1.25685,0.456413,1.25685,0.456413,
1763897066436,1.25685,0.456413,1.25685,0.456413,
1763897066473,1.25685,0.456414,1.25685,0.456414,
1763897066507,1.25684,0.456414,1.25684,0.456414,
1763897066540,1.25684,0.456415,1.25684,0.456415,
1763897066577,1.25684,0.456415,1.25684,0.456415,
1763897066616,1.25684,0.456415,1.25684,0.456415,
1763897066660,1.25684,0.456416,1.25684,0.456416,
1763897066695,1.25684,0.456416,1.25684,0.456416,
1763897066736,1.25684,0.456417,1.25684,0.456417,
1763897066781,1.25684,0.456417,1.25684,0.456417,
1763897066821,1.25683,0.456417,1.25683,0.456417,
1763897066865,1.25683,0.456418,1.25683,0.456418,
1763897066909,1.25683,0.456418,1.25683,0.456418,
1763897066948,1.25683,0.456419,1.25683,0.456419,
1763897066990,1.25683,0.456419,1.25683,0.456419,
1763897067028,1.25683,0.456419,1.25683,0.456419,
1763897067059,1.25683,0.45642,1.25683,0.45642,
1763897067087,1.25683,0.45642,1.25683,0.45642,
1763897067131,1.25682,0.456421,1.25682,0.456421,
1763897067171,1.25682,0.456421,1.25682,0.456421,
1763897067203,1.25682,0.456421,1.25682,0.456421,
1763897067237,1.25682,0.456422,1.25682,0.456422,
1763897067281,1.25682,0.456422,1.25682,0.456422,
1763897067324,1.25682,0.456423,1.25682,0.456423,
1763897067352,1.25682,0.456423,1.25682,0.456423,
1763897067396,1.25682,0.456424,1.25682,0.456424,
1763897067432,1.25681,0.456424,1.25681,0.456424,
1763897067459,1.25681,0.456424,1.25681,0.456424,
1763897067510,1.25681,0.456425,1.25681,0.456425,
1763897067547,1.25681,0.456425,1.25681,0.456425,
1763897067588,1.25681,0.456425,1.25681,0.456425,
1763897067622,1.25681,0.456426,1.25681,0.456426,
1763897067671,1.25681,0.456426,1.25681,0.456426,
1763897067705,1.25681,0.456427,1.25681,0.456427,
1763897067750,1.2568,0.456427,1.2568,0.456427,
1763897067795,1.2568,0.456428,1.2568,0.456428,
1763897067841,1.2568,0.456428,1.2568,0.456428,
1763897067877,1.2568,0.456428,1.2568,0.456428,
1763897067914,1.2568,0.456428,1.2568,0.456429,
1763897067947,1.2568,0.456429,1.2568,0.456429,
1763897067992,1.2568,0.456429,1.2568,0.456429,
1763897068022,1.2568,0.45643,1.2568,0.45643,
1763897068061,1.25679,0.45643,1.25679,0.45643,
1763897068102,1.25679,0.456431,1.25679,0.456431,
1763897068139,1.25679,0.456431,1.25679,0.456431,
1763897068170,1.25679,0.456432,1.25679,0.456432,
1763897068205,1.25679,0.456432,1.25679,0.456432,
1763897068240,1.25679,0.456432,1.25679,0.456432,
1763897068275,1.25679,0.456433,1.25679,0.456433,
1763897068317,1.25679,0.456433,1.25679,0.456433,
1763897068353,1.25678,0.456434,1.25678,0.456434,
1763897068386,1.25678,0.456434,1.25678,0.456434,
1763897068431,1.25678,0.456434,1.25678,0.456434,
1763897068464,1.25678,0.456435,1.25678,0.456435,
1763897068503,1.25678,0.456435,1.25678,0.456435,
1763897068535,1.25678,0.456436,1.25678,0.456436,
1763897068568,1.25678,0.456436,1.25678,0.456436,
1763897068600,1.25678,0.456436,1.25678,0.456436,
1763897068640,1.25677,0.456437,1.25677,0.456437,
1763897068679,1.25677,0.456437,1.25677,0.456437,
1763897068718,1.25677,0.456438,1.25677,0.456438,
1763897068762,1.25677,0.456438,1.25677,0.456438,
1763897068799,1.25677,0.456438,1.25677,0.456438,
1763897068842,1.25677,0.456439,1.25677,0.456439,
1763897068875,1.25677,0.456439,1.25677,0.456439,
1763897068912,1.25677,0.45644,1.25677,0.45644,
1763897068952,1.25676,0.45644,1.25676,0.45644,
1763897068985,1.25676,0.45644,1.25676,0.45644,
1763897069024,1.25676,0.456441,1.25676,0.456441,
1763897069072,1.25676,0.456441,1.25676,0.456441,
1763897069101,1.25676,0.456442,1.25676,0.456442,
1763897069148,1.25676,0.456442,1.25676,0.456442,
1763897069188,1.25676,0.456442,1.25676,0.456442,
1763897069222,1.25676,0.456443,1.25676,0.456443,
1763897069255,1.25675,0.456443,1.25675,0.456443,
1763897069287,1.25675,0.456444,1.25675,0.456444,
1763897069317,1.25675,0.456444,1.25675,0.456444,
1763897069362,1.25675,0.456445,1.25675,0.456445,
1763897069404,1.25675,0.456445,1.25675,0.456445,
1763897069439,1.25675,0.456445,1.25675,0.456445,
1763897069473,1.25675,0.456446,1.25675,0.456446,
1763897069513,1.25675,0.456446,1.25675,0.456446,
1763897069545,1.25674,0.456446,1.25674,0.456446,
1763897069581,1.25674,0.456447,1.25674,0.456447,
1763897069614,1.25674,0.456447,1.25674,0.456447,
1763897069647,1.25674,0.456448,1.25674,0.456448,
1763897069692,1.25674,0.456448,1.25674,0.456448,
1763897069730,1.25674,0.456448,1.25674,0.456448,
1763897069766,1.25674,0.456449,1.25674,0.456449,
1763897069811,1.25674,0.456449,1.25674,0.456449,
1763897069846,1.25673,0.45645,1.25673,0.45645,
1763897069878,1.25673,0.45645,1.25673,0.45645,
1763897069919,1.25673,0.45645,1.25673,0.456451,
1763897069963,1.25673,0.456451,1.25673,0.456451,
1763897069986,1.25673,0.456451,1.25673,0.456451,
1763897070030,1.25673,0.456452,1.25673,0.456452,
1763897070062,1.25673,0.456452,1.25673,0.456452,
1763897070090,1.25673,0.456453,1.25673,0.456453,
1763897070129,1.25672,0.456453,1.25672,0.456453,
1763897070166,1.25672,0.456453,1.25672,0.456453,
1763897070197,1.25672,0.456454,1.25672,0.456454,
1763897070228,1.25672,0.456454,1.25672,0.456454,
1763897070266,1.25672,0.456454,1.25672,0.456454,
1763897070307,1.25672,0.456455,1.25672,0.456455,
1763897070350,1.25672,0.456455,1.25672,0.456455,
1763897070393,1.25672,0.456456,1.25672,0.456456,
1763897070435,1.25671,0.456456,1.25671,0.456456,
1763897070475,1.25671,0.456457,1.25671,0.456457,
1763897070515,1.25671,0.456457,1.25671,0.456457,
1763897070554,1.25671,0.456457,1.25671,0.456457,
1763897070579,1.25671,0.456458,1.25671,0.456458,
1763897070616,1.25671,0.456458,1.25671,0.456458,
1763897070657,1.25671,0.456459,1.25671,0.456459,
1763897070693,1.25671,0.456459,1.25671,0.456459,
1763897070727,1.2567,0.45646,1.2567,0.45646,
1763897070771,1.2567,0.45646,1.2567,0.45646,
1763897070811,1.2567,0.45646,1.2567,0.45646,
1763897070845,1.2567,0.45646,1.2567,0.45646,
1763897070886,1.2567,0.456461,1.2567,0.456461,
1763897070923,1.2567,0.456461,1.2567,0.456461,
1763897070954,1.2567,0.456462,1.2567,0.456462,
1763897070994,1.2567,0.456462,1.2567,0.456462,
1763897071039,1.25669,0.456463,1.25669,0.456463,
1763897071070,1.25669,0.456463,1.25669,0.456463,
1763897071108,1.25669,0.456463,1.25669,0.456463,
1763897071156,1.25669,0.456464,1.25669,0.456464,
1763897071211,1.25669,0.456464,1.25669,0.456464,
1763897071245,1.25669,0.456464,1.25669,0.456465,
1763897071273,1.25669,0.456465,1.25669,0.456465,
1763897071316,1.25669,0.456465,1.25669,0.456465,
1763897071345,1.25668,0.456466,1.25668,0.456466,
1763897071384,1.25668,0.456466,1.25668,0.456466,
1763897071429,1.25668,0.456467,1.25668,0.456467,
1763897071459,1.25668,0.456467,1.25668,0.456467,
1763897071494,1.25668,0.456467,1.25668,0.456467,
1763897071534,1.25668,0.456468,1.25668,0.456468,
1763897071567,1.25668,0.456468,1.25668,0.456468,
1763897071611,1.25668,0.456469,1.25668,0.456469,
1763897071643,1.25667,0.456469,1.25667,0.456469,
1763897071680,1.25667,0.456469,1.25667,0.456469,
1763897071727,1.25667,0.45647,1.25667,0.45647,
1763897071764,1.25667,0.45647,1.25667,0.45647,
1763897071798,1.25667,0.456471,1.25667,0.456471,
1763897071831,1.25667,0.456471,1.25667,0.456471,
1763897071871,1.25667,0.456471,1.25667,0.456471,
1763897071915,1.25667,0.456472,1.25667,0.456472,
1763897071952,1.25666,0.456472,1.25666,0.456472,
1763897071997,1.25666,0.456473,1.25666,0.456473,
1763897072032,1.25666,0.456473,1.25666,0.456473,
1763897072074,1.25666,0.456473,1.25666,0.456474,
1763897072115,1.25666,0.456474,1.25666,0.456474,
1763897072152,1.25666,0.456474,1.25666,0.456474,
1763897072186,1.25666,0.456475,1.25666,0.456475,
1763897072208,1.25666,0.456475,1.25666,0.456475,
1763897072251,1.25665,0.456475,1.25665,0.456475,
1763897072283,1.25665,0.456476,1.25665,0.456476,
1763897072321,1.25665,0.456476,1.25665,0.456476,
1763897072363,1.25665,0.456477,1.25665,0.456477,
1763897072387,1.25665,0.456477,1.25665,0.456477,
1763897072425,1.25665,0.456478,1.25665,0.456478,
1763897072464,1.25665,0.456478,1.25665,0.456478,
1763897072507,1.25665,0.456478,1.25665,0.456478,
1763897072552,1.25664,0.456479,1.25664,0.456479,
1763897072581,1.25664,0.456479,1.25664,0.456479,
1763897072623,1.25664,0.456479,1.25664,0.456479,
1763897072659,1.25664,0.45648,1.25664,0.45648,
1763897072694,1.25664,0.45648,1.25664,0.45648,
1763897072731,1.25664,0.456481,1.25664,0.456481,
1763897072773,1.25664,0.456481,1.25664,0.456481,
1763897072813,1.25664,0.456482,1.25664,0.456482,
1763897072846,1.25663,0.456482,1.25663,0.456482,
1763897072885,1.25663,0.456482,1.25663,0.456482,
1763897072918,1.25663,0.456483,1.25663,0.456483,
1763897072952,1.25663,0.456483,1.25663,0.456483,
1763897073000,1.25663,0.456483,1.25663,0.456483,
1763897073041,1.25663,0.456484,1.25663,0.456484,
1763897073066,1.25663,0.456484,1.25663,0.456484,
1763897073111,1.25663,0.456485,1.25663,0.456485,
1763897073144,1.25662,0.456485,1.25662,0.456485,
1763897073180,1.25662,0.456486,1.25662,0.456486,
1763897073213,1.25662,0.456486,1.25662,0.456486,
1763897073253,1.25662,0.456486,1.25662,0.456486,
1763897073292,1.25662,0.456487,1.25662,0.456487,
1763897073321,1.25662,0.456487,1.25662,0.456487,
1763897073360,1.25662,0.456487,1.25662,0.456487,
1763897073411,1.25661,0.456488,1.25661,0.456488,
1763897073441,1.25661,0.456488,1.25661,0.456488,
1763897073483,1.25661,0.456489,1.25661,0.456489,
1763897073513,1.25661,0.456489,1.25661,0.456489,
1763897073549,1.25661,0.45649,1.25661,0.45649,
1763897073595,1.25661,0.45649,1.25661,0.45649,
1763897073627,1.25661,0.456491,1.25661,0.456491,
1763897073679,1.25661,0.456491,1.25661,0.456491,
1763897073711,1.2566,0.456491,1.2566,0.456491,
1763897073752,1.2566,0.456492,1.2566,0.456492,
1763897073786,1.2566,0.456492,1.2566,0.456492,
1763897073818,1.2566,0.456492,1.2566,0.456492,
1763897073855,1.2566,0.456493,1.2566,0.456493,
1763897073895,1.2566,0.456493,1.2566,0.456493,
1763897073936,1.2566,0.456494,1.2566,0.456494,
1763897073974,1.2566,0.456494,1.2566,0.456494,
1763897074010,1.25659,0.456494,1.25659,0.456494,
1763897074043,1.25659,0.456495,1.25659,0.456495,
1763897074085,1.25659,0.456495,1.25659,0.456495,
1763897074125,1.25659,0.456496,1.25659,0.456496,
1763897074157,1.25659,0.456496,1.25659,0.456496,
1763897074193,1.25659,0.456496,1.25659,0.456496,
1763897074225,1.25659,0.456497,1.25659,0.456497,
1763897074262,1.25659,0.456497,1.25659,0.456497,
1763897074301,1.25658,0.456498,1.25658,0.456498,
1763897074332,1.25658,0.456498,1.25658,0.456498,
1763897074368,1.25658,0.456498,1.25658,0.456498,
1763897074404,1.25658,0.456499,1.25658,0.456499,
1763897074441,1.25658,0.456499,1.25658,0.456499,
1763897074481,1.25658,0.4565,1.25658,0.4565,
1763897074522,1.25658,0.4565,1.25658,0.4565,
1763897074555,1.25658,0.456501,1.25658,0.456501,
1763897074593,1.25657,0.456501,1.25657,0.456501,
1763897074632,1.25657,0.456501,1.25657,0.456501,
1763897074676,1.25657,0.456502,1.25657,0.456502,
1763897074719,1.25657,0.456502,1.25657,0.456502,
1763897074749,1.25657,0.456503,1.25657,0.456503,
1763897074788,1.25657,0.456503,1.25657,0.456503,
1763897074827,1.25657,0.456503,1.25657,0.456503,
1763897074859,1.25657,0.456504,1.25657,0.456504,
1763897074902,1.25656,0.456504,1.25656,0.456504,
1763897074950,1.25656,0.456505,1.25656,0.456505,
1763897074996,1.25656,0.456505,1.25656,0.456505,
1763897075020,1.25656,0.456505,1.25656,0.456505,
1763897075060,1.25656,0.456506,1.25656,0.456506,
1763897075098,1.25656,0.456506,1.25656,0.456506,
1763897075137,1.25656,0.456506,1.25656,0.456506,
1763897075172,1.25656,0.456507,1.25656,0.456507,
1763897075207,1.25655,0.456507,1.25655,0.456507,
1763897075243,1.25655,0.456508,1.25655,0.456508,
1763897075284,1.25655,0.456508,1.25655,0.456508,
1763897075322,1.25655,0.456509,1.25655,0.456509,
1763897075366,1.25655,0.456509,1.25655,0.456509,
1763897075397,1.25655,0.45651,1.25655,0.45651,
1763897075435,1.25655,0.45651,1.25655,0.45651,
1763897075480,1.25655,0.45651,1.25655,0.45651,
1763897075521,1.25654,0.456511,1.25654,0.456511,
1763897075550,1.25654,0.456511,1.25654,0.456511,
1763897075587,1.25654,0.456511,1.25654,0.456511,
1763897075623,1.25654,0.456512,1.25654,0.456512,
1763897075657,1.25654,0.456512,1.25654,0.456512,
1763897075693,1.25654,0.456513,1.25654,0.456513,
1763897075732,1.25654,0.456513,1.25654,0.456513,
1763897075769,1.25654,0.456513,1.25654,0.456513,
1763897075807,1.25653,0.456514,1.25653,0.456514,
1763897075838,1.25653,0.456514,1.25653,0.456514,
1763897075879,1.25653,0.456515,1.25653,0.456515,
1763897075914,1.25653,0.456515,1.25653,0.456515,
1763897075948,1.25653,0.456515,1.25653,0.456515,
1763897075993,1.25653,0.456516,1.25653,0.456516,
1763897076027,1.25653,0.456516,1.25653,0.456516,
1763897076055,1.25653,0.456517,1.25653,0.456517,
1763897076100,1.25652,0.456517,1.25652,0.456517,
1763897076125,1.25652,0.456517,1.25652,0.456517,
1763897076159,1.25652,0.456518,1.25652,0.456518,
1763897076201,1.25652,0.456518,1.25652,0.456518,
1763897076231,1.25652,0.456519,1.25652,0.456519,
1763897076267,1.25652,0.456519,1.25652,0.456519,
1763897076313,1.25652,0.456519,1.25652,0.456519,
1763897076360,1.25652,0.45652,1.25652,0.45652,
1763897076388,1.25651,0.45652,1.25651,0.45652,
1763897076431,1.25651,0.456521,1.25651,0.456521,
1763897076478,1.25651,0.456521,1.25651,0.456521,
1763897076514,1.25651,0.456522,1.25651,0.456522,
1763897076547,1.25651,0.456522,1.25651,0.456522,
1763897076588,1.25651,0.456522,1.25651,0.456522,
1763897076626,1.25651,0.456523,1.25651,0.456523,
1763897076660,1.25651,0.456523,1.25651,0.456523,
1763897076699,1.2565,0.456523,1.2565,0.456524,
1763897076732,1.2565,0.456524,1.2565,0.456524,
1763897076768,1.2565,0.456524,1.2565,0.456524,
1763897076810,1.2565,0.456525,1.2565,0.456525,
1763897076855,1.2565,0.456525,1.2565,0.456525,
1763897076886,1.2565,0.456526,1.2565,0.456525,
1763897076928,1.2565,0.456526,1.2565,0.456526,
1763897076961,1.2565,0.456526,1.2565,0.456526,
1763897077000,1.25649,0.456527,1.25649,0.456527,
1763897077033,1.25649,0.456527,1.25649,0.456527,
1763897077070,1.25649,0.456528,1.25649,0.456528,
1763897077111,1.25649,0.456528,1.25649,0.456528,
1763897077151,1.25649,0.456528,1.25649,0.456528,
1763897077191,1.25649,0.456529,1.25649,0.456529,
1763897077233,1.25649,0.456529,1.25649,0.456529,
1763897077273,1.25649,0.45653,1.25649,0.45653,
1763897077306,1.25648,0.45653,1.25648,0.45653,
1763897077352,1.25648,0.45653,1.25648,0.45653,
1763897077390,1.25648,0.456531,1.25648,0.456531,
1763897077429,1.25648,0.456531,1.25648,0.456531,
1763897077491,1.25648,0.456532,1.25648,0.456532,
1763897077516,1.25648,0.456532,1.25648,0.456532,
1763897077556,1.25648,0.456532,1.25648,0.456532,
1763897077588,1.25648,0.456533,1.25648,0.456533,
1763897077620,1.25647,0.456533,1.25647,0.456533,
1763897077651,1.25647,0.456534,1.25647,0.456534,
1763897077696,1.25647,0.456534,1.25647,0.456534,
1763897077741,1.25647,0.456534,1.25647,0.456534,
1763897077774,1.25647,0.456535,1.25647,0.456535,
1763897077813,1.25647,0.456535,1.25647,0.456535,
1763897077850,1.25647,0.456536,1.25647,0.456536,
1763897077884,1.25647,0.456536,1.25647,0.456536,
1763897077912,1.25646,0.456536,1.25646,0.456536,
1763897077950,1.25646,0.456537,1.25646,0.456537,
1763897077993,1.25646,0.456537,1.25646,0.456537,
1763897078039,1.25646,0.456538,1.25646,0.456538,
1763897078066,1.25646,0.456538,1.25646,0.456538,
1763897078109,1.25646,0.456539,1.25646,0.456539,
1763897078145,1.25646,0.456539,1.25646,0.456539,
1763897078190,1.25646,0.456539,1.25646,0.456539,
1763897078224,1.25645,0.45654,1.25645,0.45654,
1763897078255,1.25645,0.45654,1.25645,0.45654,
1763897078301,1.25645,0.45654,1.25645,0.45654,
1763897078329,1.25645,0.456541,1.25645,0.456541,
1763897078370,1.25645,0.456541,1.25645,0.456541,
1763897078410,1.25645,0.456542,1.25645,0.456542,
1763897078452,1.25645,0.456542,1.25645,0.456542,
1763897078477,1.25645,0.456543,1.25645,0.456543,
1763897078515,1.25644,0.456543,1.25644,0.456543,
1763897078554,1.25644,0.456543,1.25644,0.456543,
1763897078596,1.25644,0.456544,1.25644,0.456544,
1763897078623,1.25644,0.456544,1.25644,0.456544,
1763897078660,1.25644,0.456544,1.25644,0.456544,
1763897078692,1.25644,0.456545,1.25644,0.456545,
1763897078733,1.25644,0.456545,1.25644,0.456545,
1763897078766,1.25644,0.456546,1.25644,0.456546,
1763897078809,1.25643,0.456546,1.25643,0.456546,
1763897078846,1.25643,0.456547,1.25643,0.456547,
1763897078890,1.25643,0.456547,1.25643,0.456547,
1763897078923,1.25643,0.456547,1.25643,0.456547,
1763897078955,1.25643,0.456548,1.25643,0.456548,
1763897079002,1.25643,0.456548,1.25643,0.456548,
1763897079035,1.25643,0.456549,1.25643,0.456549,
1763897079068,1.25643,0.456549,1.25643,0.456549,
1763897079105,1.25642,0.456549,1.25642,0.456549,
1763897079136,1.25642,0.45655,1.25642,0.45655,
1763897079184,1.25642,0.45655,1.25642,0.45655,
1763897079212,1.25642,0.45655,1.25642,0.45655,
1763897079251,1.25642,0.456551,1.25642,0.456551,
1763897079287,1.25642,0.456551,1.25642,0.456551,
1763897079326,1.25642,0.456552,1.25642,0.456552,
1763897079366,1.25642,0.456552,1.25642,0.456552,
1763897079407,1.25641,0.456553,1.25641,0.456553,
1763897079439,1.25641,0.456553,1.25641,0.456553,
1763897079475,1.25641,0.456554,1.25641,0.456553,
1763897079508,1.25641,0.456554,1.25641,0.456554,
1763897079544,1.25641,0.456554,1.25641,0.456554,
1763897079588,1.25641,0.456555,1.25641,0.456555,
1763897079623,1.25641,0.456555,1.25641,0.456555,
1763897079663,1.25641,0.456555,1.25641,0.456555,
1763897079707,1.2564,0.456556,1.2564,0.456556,
1763897079758,1.2564,0.456556,1.2564,0.456556,
1763897079796,1.2564,0.456557,1.2564,0.456557,
1763897079837,1.2564,0.456557,1.2564,0.456557,
1763897079873,1.2564,0.456557,1.2564,0.456557,
1763897079906,1.2564,0.456558,1.2564,0.456558,
1763897079957,1.2564,0.456558,1.2564,0.456558,
1763897079987,1.2564,0.456559,1.2564,0.456559,
1763897080020,1.25639,0.456559,1.25639,0.456559,
1763897080071,1.25639,0.456559,1.25639,0.456559,
1763897080111,1.25639,0.45656,1.25639,0.45656,
1763897080136,1.25639,0.45656,1.25639,0.45656,
1763897080186,1.25639,0.456561,1.25639,0.456561,
1763897080227,1.25639,0.456561,1.25639,0.456561,
1763897080253,1.25639,0.456561,1.25639,0.456561,
1763897080285,1.25639,0.456562,1.25639,0.456562,
1763897080326,1.25638,0.456562,1.25638,0.456562,
1763897080363,1.25638,0.456563,1.25638,0.456563,
1763897080402,1.25638,0.456563,1.25638,0.456563,
1763897080442,1.25638,0.456564,1.25638,0.456564,
1763897080482,1.25638,0.456564,1.25638,0.456564,
1763897080514,1.25638,0.456564,1.25638,0.456564,
1763897080547,1.25638,0.456565,1.25638,0.456565,
1763897080588,1.25638,0.456565,1.25638,0.456565,
1763897080624,1.25637,0.456565,1.25637,0.456565,
1763897080658,1.25637,0.456566,1.25637,0.456566,
1763897080697,1.25637,0.456566,1.25637,0.456566,
1763897080732,1.25637,0.456567,1.25637,0.456567,
1763897080764,1.25637,0.456567,1.25637,0.456567,
1763897080811,1.25637,0.456568,1.25637,0.456568,
1763897080841,1.25637,0.456568,1.25637,0.456568,
1763897080879,1.25637,0.456568,1.25637,0.456568,
1763897080919,1.25636,0.456569,1.25636,0.456569,
1763897080949,1.25636,0.456569,1.25636,0.456569,
1763897080995,1.25636,0.45657,1.25636,0.45657,
1763897081039,1.25636,0.45657,1.25636,0.45657,
1763897081080,1.25636,0.45657,1.25636,0.45657,
1763897081116,1.25636,0.456571,1.25636,0.456571,
1763897081150,1.25636,0.456571,1.25636,0.456571,
1763897081190,1.25635,0.456571,1.25635,0.456571,
1763897081232,1.25635,0.456572,1.25635,0.456572,
1763897081264,1.25635,0.456572,1.25635,0.456572,
1763897081304,1.25635,0.456573,1.25635,0.456573,
1763897081347,1.25635,0.456573,1.25635,0.456573,
1763897081390,1.25635,0.456574,1.25635,0.456574,
1763897081423,1.25635,0.456574,1.25635,0.456574,
1763897081460,1.25635,0.456574,1.25635,0.456574,
1763897081497,1.25634,0.456575,1.25634,0.456575,
1763897081540,1.25634,0.456575,1.25634,0.456575,
1763897081574,1.25634,0.456575,1.25634,0.456576,
1763897081619,1.25634,0.456576,1.25634,0.456576,
1763897081650,1.25634,0.456576,1.25634,0.456576,
1763897081680,1.25634,0.456577,1.25634,0.456577,
1763897081728,1.25634,0.456577,1.25634,0.456577,
1763897081758,1.25634,0.456578,1.25634,0.456578,
1763897081790,1.25633,0.456578,1.25633,0.456578,
1763897081828,1.25633,0.456578,1.25633,0.456578,
1763897081861,1.25633,0.456579,1.25633,0.456579,
1763897081903,1.25633,0.456579,1.25633,0.456579,
1763897081947,1.25633,0.45658,1.25633,0.45658,
1763897081981,1.25633,0.45658,1.25633,0.45658,
1763897082020,1.25633,0.45658,1.25633,0.45658,
1763897082056,1.25633,0.456581,1.25633,0.456581,
1763897082103,1.25632,0.456581,1.25632,0.456581,
1763897082129,1.25632,0.456582,1.25632,0.456582,
1763897082169,1.25632,0.456582,1.25632,0.456582,
1763897082218,1.25632,0.456582,1.25632,0.456582,
1763897082245,1.25632,0.456583,1.25632,0.456583,
1763897082293,1.25632,0.456583,1.25632,0.456583,
1763897082337,1.25632,0.456584,1.25632,0.456584,
1763897082372,1.25632,0.456584,1.25632,0.456584,
1763897082408,1.25631,0.456585,1.25631,0.456585,
1763897082447,1.25631,0.456585,1.25631,0.456585,
1763897082485,1.25631,0.456585,1.25631,0.456585,
1763897082524,1.25631,0.456586,1.25631,0.456586,
1763897082575,1.25631,0.456586,1.25631,0.456586,
1763897082611,1.25631,0.456587,1.25631,0.456586,
1763897082651,1.25631,0.456587,1.25631,0.456587,
1763897082683,1.25631,0.456587,1.25631,0.456587,
1763897082720,1.2563,0.456588,1.2563,0.456588,
1763897082761,1.2563,0.456588,1.2563,0.456588,
1763897082799,1.2563,0.456589,1.2563,0.456589,
1763897082842,1.2563,0.456589,1.2563,0.456589,
1763897082877,1.2563,0.456589,1.2563,0.456589,
1763897082917,1.2563,0.45659,1.2563,0.45659,
1763897082965,1.2563,0.45659,1.2563,0.45659,
1763897083006,1.2563,0.45659,1.2563,0.456591,
1763897083046,1.25629,0.456591,1.25629,0.456591,
1763897083082,1.25629,0.456591,1.25629,0.456591,
1763897083117,1.25629,0.456592,1.25629,0.456592,
1763897083158,1.25629,0.456592,1.25629,0.456592,
1763897083193,1.25629,0.456593,1.25629,0.456593,
1763897083239,1.25629,0.456593,1.25629,0.456593,
1763897083279,1.25629,0.456593,1.25629,0.456593,
1763897083327,1.25629,0.456594,1.25629,0.456594,
1763897083350,1.25628,0.456594,1.25628,0.456594,
1763897083387,1.25628,0.456594,1.25628,0.456594,
1763897083431,1.25628,0.456595,1.25628,0.456595,
1763897083458,1.25628,0.456595,1.25628,0.456595,
1763897083489,1.25628,0.456596,1.25628,0.456596,
1763897083535,1.25628,0.456596,1.25628,0.456596,
1763897083560,1.25628,0.456597,1.25628,0.456597,
1763897083611,1.25628,0.456597,1.25628,0.456597,
1763897083645,1.25627,0.456597,1.25627,0.456597,
1763897083692,1.25627,0.456598,1.25627,0.456598,
1763897083719,1.25627,0.456598,1.25627,0.456598,
1763897083753,1.25627,0.456598,1.25627,0.456598,
1763897083796,1.25627,0.456599,1.25627,0.456599,
1763897083839,1.25627,0.456599,1.25627,0.456599,
1763897083890,1.25627,0.4566,1.25627,0.4566,
1763897083930,1.25627,0.4566,1.25627,0.4566,
1763897083957,1.25626,0.456601,1.25626,0.456601,
1763897083994,1.25626,0.456601,1.25626,0.456601,
1763897084035,1.25626,0.456601,1.25626,0.456601,
1763897084059,1.25626,0.456602,1.25626,0.456602,
1763897084100,1.25626,0.456602,1.25626,0.456602,
1763897084140,1.25626,0.456603,1.25626,0.456603,
1763897084178,1.25626,0.456603,1.25626,0.456603,
1763897084206,1.25626,0.456603,1.25626,0.456603,
1763897084254,1.25625,0.456604,1.25625,0.456604,
1763897084287,1.25625,0.456604,1.25625,0.456604,
1763897084320,1.25625,0.456605,1.25625,0.456605,
1763897084356,1.25625,0.456605,1.25625,0.456605,
1763897084391,1.25625,0.456605,1.25625,0.456605,
1763897084424,1.25625,0.456606,1.25625,0.456606,
1763897084463,1.25625,0.456606,1.25625,0.456606,
1763897084493,1.25625,0.456607,1.25625,0.456607,
1763897084529,1.25624,0.456607,1.25624,0.456607,
1763897084563,1.25624,0.456607,1.25624,0.456607,
1763897084613,1.25624,0.456608,1.25624,0.456608,
1763897084638,1.25624,0.456608,1.25624,0.456608,
1763897084678,1.25624,0.456609,1.25624,0.456609,
1763897084715,1.25624,0.456609,1.25624,0.456609,
1763897084752,1.25624,0.45661,1.25624,0.45661,
1763897084799,1.25624,0.45661,1.25624,0.45661,
1763897084827,1.25623,0.456611,1.25623,0.456611,
1763897084861,1.25623,0.456611,1.25623,0.456611,
1763897084895,1.25623,0.456611,1.25623,0.456611,
1763897084941,1.25623,0.456611,1.25623,0.456611,
1763897084980,1.25623,0.456612,1.25623,0.456612,
1763897085024,1.25623,0.456612,1.25623,0.456612,
1763897085064,1.25623,0.456613,1.25623,0.456613,
1763897085098,1.25623,0.456613,1.25623,0.456613,
1763897085125,1.25622,0.456614,1.25622,0.456614,
1763897085166,1.25622,0.456614,1.25622,0.456614,
1763897085204,1.25622,0.456614,1.25622,0.456614,
1763897085236,1.25622,0.456615,1.25622,0.456615,
1763897085281,1.25622,0.456615,1.25622,0.456615,
1763897085325,1.25622,0.456615,1.25622,0.456615,
1763897085368,1.25622,0.456616,1.25622,0.456616,
1763897085412,1.25622,0.456616,1.25622,0.456616,
1763897085445,1.25621,0.456617,1.25621,0.456617,
1763897085482,1.25621,0.456617,1.25621,0.456617,
1763897085521,1.25621,0.456618,1.25621,0.456618,
1763897085550,1.25621,0.456618,1.25621,0.456618,
1763897085590,1.25621,0.456618,1.25621,0.456618,
1763897085630,1.25621,0.456619,1.25621,0.456619,
1763897085660,1.25621,0.456619,1.25621,0.456619,
1763897085702,1.25621,0.45662,1.25621,0.45662,
1763897085751,1.2562,0.45662,1.2562,0.45662,
1763897085793,1.2562,0.45662,1.2562,0.45662,
1763897085837,1.2562,0.456621,1.2562,0.456621,
1763897085869,1.2562,0.456621,1.2562,0.456621,
1763897085907,1.2562,0.456622,1.2562,0.456622,
1763897085953,1.2562,0.456622,1.2562,0.456622,
1763897085988,1.2562,0.456622,1.2562,0.456622,
1763897086026,1.2562,0.456623,1.2562,0.456623,
1763897086066,1.25619,0.456623,1.25619,0.456623,
1763897086103,1.25619,0.456624,1.25619,0.456624,
1763897086135,1.25619,0.456624,1.25619,0.456624,
1763897086175,1.25619,0.456624,1.25619,0.456624,
1763897086223,1.25619,0.456625,1.25619,0.456625,
1763897086250,1.25619,0.456625,1.25619,0.456625,
1763897086296,1.25619,0.456626,1.25619,0.456626,
1763897086322,1.25619,0.456626,1.25619,0.456626,
1763897086359,1.25618,0.456627,1.25618,0.456627,
1763897086390,1.25618,0.456627,1.25618,0.456627,
1763897086429,1.25618,0.456627,1.25618,0.456627,
1763897086475,1.25618,0.456628,1.25618,0.456628,
1763897086504,1.25618,0.456628,1.25618,0.456628,
1763897086550,1.25618,0.456629,1.25618,0.456629,
1763897086595,1.25618,0.456629,1.25618,0.456629,
1763897086629,1.25618,0.456629,1.25618,0.456629,
1763897086675,1.25617,0.45663,1.25617,0.45663,
1763897086719,1.25617,0.45663,1.25617,0.45663,
1763897086748,1.25617,0.45663,1.25617,0.45663,
1763897086786,1.25617,0.456631,1.25617,0.456631,
1763897086825,1.25617,0.456631,1.25617,0.456631,
1763897086856,1.25617,0.456632,1.25617,0.456632,
1763897086898,1.25617,0.456632,1.25617,0.456632,
1763897086942,1.25617,0.456633,1.25617,0.456633,
1763897086983,1.25616,0.456633,1.25616,0.456633,
1763897087021,1.25616,0.456633,1.25616,0.456633,
1763897087050,1.25616,0.456634,1.25616,0.456634,
1763897087090,1.25616,0.456634,1.25616,0.456634,
1763897087132,1.25616,0.456635,1.25616,0.456635,
1763897087170,1.25616,0.456635,1.25616,0.456635,
1763897087204,1.25616,0.456635,1.25616,0.456635,
1763897087250,1.25616,0.456636,1.25616,0.456636,
1763897087283,1.25615,0.456636,1.25615,0.456636,
1763897087310,1.25615,0.456637,1.25615,0.456637,
1763897087358,1.25615,0.456637,1.25615,0.456637,
1763897087385,1.25615,0.456637,1.25615,0.456637,
1763897087420,1.25615,0.456638,1.25615,0.456638,
1763897087463,1.25615,0.456638,1.25615,0.456638,
1763897087492,1.25615,0.456639,1.25615,0.456639,
1763897087534,1.25615,0.456639,1.25615,0.456639,
1763897087561,1.25614,0.456639,1.25614,0.456639,
1763897087596,1.25614,0.45664,1.25614,0.45664,
1763897087644,1.25614,0.45664,1.25614,0.45664,
1763897087682,1.25614,0.45664,1.25614,0.45664,
1763897087712,1.25614,0.456641,1.25614,0.456641,
1763897087749,1.25614,0.456641,1.25614,0.456641,
1763897087786,1.25614,0.456642,1.25614,0.456642,
1763897087815,1.25614,0.456642,1.25614,0.456642,
1763897087852,1.25613,0.456643,1.25613,0.456643,
1763897087896,1.25613,0.456643,1.25613,0.456643,
1763897087935,1.25613,0.456643,1.25613,0.456643,
1763897087971,1.25613,0.456644,1.25613,0.456644,
1763897088004,1.25613,0.456644,1.25613,0.456644,
1763897088040,1.25613,0.456645,1.25613,0.456645,
1763897088078,1.25613,0.456645,1.25613,0.456645,
1763897088113,1.25612,0.456645,1.25613,0.456645,
1763897088146,1.25612,0.456646,1.25612,0.456646,
1763897088182,1.25612,0.456646,1.25612,0.456646,
1763897088234,1.25612,0.456647,1.25612,0.456647,
1763897088260,1.25612,0.456647,1.25612,0.456647,
1763897088306,1.25612,0.456648,1.25612,0.456648,
1763897088341,1.25612,0.456648,1.25612,0.456648,
1763897088380,1.25612,0.456648,1.25612,0.456648,
1763897088422,1.25612,0.456649,1.25612,0.456649,
1763897088461,1.25611,0.456649,1.25611,0.456649,
1763897088493,1.25611,0.45665,1.25611,0.45665,
1763897088535,1.25611,0.45665,1.25611,0.45665,
1763897088571,1.25611,0.45665,1.25611,0.45665,
1763897088601,1.25611,0.456651,1.25611,0.456651,
1763897088647,1.25611,0.456651,1.25611,0.456651,
1763897088693,1.25611,0.456652,1.25611,0.456652,
1763897088723,1.2561,0.456652,1.2561,0.456652,
1763897088760,1.2561,0.456652,1.2561,0.456652,
1763897088801,1.2561,0.456653,1.2561,0.456653,
1763897088839,1.2561,0.456653,1.2561,0.456653,
1763897088887,1.2561,0.456653,1.2561,0.456653,
1763897088921,1.2561,0.456654,1.2561,0.456654,
1763897088958,1.2561,0.456654,1.2561,0.456654,
1763897088996,1.2561,0.456655,1.2561,0.456655,
1763897089037,1.2561,0.456655,1.2561,0.456655,
1763897089069,1.25609,0.456656,1.25609,0.456656,
1763897089108,1.25609,0.456656,1.25609,0.456656,
1763897089143,1.25609,0.456657,1.25609,0.456656,
1763897089174,1.25609,0.456657,1.25609,0.456657,
1763897089211,1.25609,0.456657,1.25609,0.456657,
1763897089244,1.25609,0.456658,1.25609,0.456658,
1763897089285,1.25609,0.456658,1.25609,0.456658,
1763897089312,1.25608,0.456658,1.25608,0.456658,
1763897089354,1.25608,0.456659,1.25608,0.456659,
1763897089390,1.25608,0.456659,1.25608,0.456659,
1763897089419,1.25608,0.45666,1.25608,0.45666,
1763897089459,1.25608,0.45666,1.25608,0.45666,
1763897089492,1.25608,0.45666,1.25608,0.45666,
1763897089526,1.25608,0.456661,1.25608,0.456661,
1763897089565,1.25608,0.456661,1.25608,0.456661,
1763897089602,1.25607,0.456662,1.25607,0.456662,
1763897089653,1.25607,0.456662,1.25607,0.456662,
1763897089692,1.25607,0.456662,1.25607,0.456662,
1763897089724,1.25607,0.456663,1.25607,0.456663,
1763897089764,1.25607,0.456663,1.25607,0.456663,
1763897089799,1.25607,0.456664,1.25607,0.456664,
1763897089840,1.25607,0.456664,1.25607,0.456664,
1763897089868,1.25607,0.456665,1.25607,0.456664,
1763897089901,1.25606,0.456665,1.25606,0.456665,
1763897089939,1.25606,0.456665,1.25606,0.456665,
1763897089979,1.25606,0.456666,1.25606,0.456666,
1763897090016,1.25606,0.456666,1.25606,0.456666,
1763897090054,1.25606,0.456666,1.25606,0.456666,
1763897090087,1.25606,0.456667,1.25606,0.456667,
1763897090124,1.25606,0.456667,1.25606,0.456667,
1763897090171,1.25606,0.456668,1.25606,0.456668,
1763897090212,1.25605,0.456668,1.25605,0.456668,
1763897090243,1.25605,0.456668,1.25605,0.456668,
1763897090291,1.25605,0.456669,1.25605,0.456669,
1763897090333,1.25605,0.456669,1.25605,0.456669,
1763897090375,1.25605,0.45667,1.25605,0.45667,
1763897090402,1.25605,0.45667,1.25605,0.45667,
1763897090447,1.25605,0.456671,1.25605,0.456671,
1763897090495,1.25605,0.456671,1.25605,0.456671,
1763897090519,1.25604,0.456671,1.25604,0.456671,
1763897090560,1.25604,0.456672,1.25604,0.456672,
1763897090599,1.25604,0.456672,1.25604,0.456672,
1763897090627,1.25604,0.456672,1.25604,0.456672,
1763897090665,1.25604,0.456673,1.25604,0.456673,
1763897090713,1.25604,0.456673,1.25604,0.456673,
1763897090743,1.25604,0.456674,1.25604,0.456674,
1763897090787,1.25604,0.456674,1.25604,0.456674,
1763897090820,1.25603,0.456674,1.25603,0.456675,
1763897090862,1.25603,0.456675,1.25603,0.456675,
1763897090899,1.25603,0.456675,1.25603,0.456675,
1763897090939,1.25603,0.456676,1.25603,0.456676,
1763897090984,1.25603,0.456676,1.25603,0.456676,
1763897091020,1.25603,0.456677,1.25603,0.456677,
1763897091050,1.25603,0.456677,1.25603,0.456677,
1763897091084,1.25603,0.456678,1.25603,0.456677,
1763897091133,1.25602,0.456678,1.25602,0.456678,
1763897091175,1.25602,0.456678,1.25602,0.456678,
1763897091208,1.25602,0.456679,1.25602,0.456679,
1763897091250,1.25602,0.456679,1.25602,0.456679,
1763897091286,1.25602,0.456679,1.25602,0.456679,
1763897091320,1.25602,0.45668,1.25602,0.45668,
1763897091356,1.25602,0.45668,1.25602,0.45668,
1763897091389,1.25602,0.456681,1.25602,0.456681,
1763897091437,1.25601,0.456681,1.25601,0.456681,
1763897091472,1.25601,0.456681,1.25601,0.456681,
1763897091511,1.25601,0.456682,1.25601,0.456682,
1763897091556,1.25601,0.456682,1.25601,0.456682,
1763897091593,1.25601,0.456683,1.25601,0.456683,
1763897091624,1.25601,0.456683,1.25601,0.456683,
1763897091669,1.25601,0.456683,1.25601,0.456683,
1763897091711,1.25601,0.456684,1.25601,0.456684,
1763897091747,1.256,0.456684,1.256,0.456684,
1763897091790,1.256,0.456684,1.256,0.456685,
1763897091826,1.256,0.456685,1.256,0.456685,
1763897091857,1.256,0.456685,1.256,0.456685,
1763897091896,1.256,0.456686,1.256,0.456686,
1763897091942,1.256,0.456686,1.256,0.456686,
1763897091978,1.256,0.456687,1.256,0.456687,
1763897092025,1.256,0.456687,1.256,0.456687,
1763897092060,1.25599,0.456688,1.25599,0.456688,
1763897092098,1.25599,0.456688,1.25599,0.456688,
1763897092143,1.25599,0.456688,1.25599,0.456688,
1763897092177,1.25599,0.456689,1.25599,0.456689,
1763897092220,1.25599,0.456689,1.25599,0.456689,
1763897092249,1.25599,0.456689,1.25599,0.456689,
1763897092285,1.25599,0.45669,1.25599,0.45669,
1763897092328,1.25599,0.45669,1.25599,0.45669,
1763897092359,1.25598,0.456691,1.25598,0.456691,
1763897092395,1.25598,0.456691,1.25598,0.456691,
1763897092428,1.25598,0.456692,1.25598,0.456692,
1763897092468,1.25598,0.456692,1.25598,0.456692,
1763897092507,1.25598,0.456692,1.25598,0.456692,
1763897092548,1.25598,0.456693,1.25598,0.456693,
1763897092578,1.25598,0.456693,1.25598,0.456693,
1763897092617,1.25598,0.456693,1.25598,0.456693,
1763897092658,1.25597,0.456694,1.25597,0.456694,
1763897092701,1.25597,0.456694,1.25597,0.456694,
1763897092733,1.25597,0.456695,1.25597,0.456695,
1763897092761,1.25597,0.456695,1.25597,0.456695,
1763897092800,1.25597,0.456696,1.25597,0.456696,
1763897092848,1.25597,0.456696,1.25597,0.456696,
1763897092890,1.25597,0.456696,1.25597,0.456696,
1763897092915,1.25597,0.456697,1.25597,0.456697,
1763897092954,1.25596,0.456697,1.25596,0.456697,
1763897092998,1.25596,0.456698,1.25596,0.456698,
1763897093031,1.25596,0.456698,1.25596,0.456698,
1763897093069,1.25596,0.456698,1.25596,0.456698,
1763897093111,1.25596,0.456699,1.25596,0.456699,
1763897093147,1.25596,0.456699,1.25596,0.456699,
1763897093176,1.25596,0.456699,1.25596,0.456699,
1763897093219,1.25596,0.4567,1.25596,0.4567,
1763897093264,1.25595,0.4567,1.25595,0.4567,
1763897093290,1.25595,0.456701,1.25595,0.456701,
1763897093331,1.25595,0.456701,1.25595,0.456701,
1763897093370,1.25595,0.456702,1.25595,0.456702,
1763897093405,1.25595,0.456702,1.25595,0.456702,
1763897093443,1.25595,0.456702,1.25595,0.456702,
1763897093482,1.25595,0.456703,1.25595,0.456703,
1763897093517,1.25595,0.456703,1.25595,0.456703,
1763897093555,1.25594,0.456704,1.25594,0.456704,
1763897093603,1.25594,0.456704,1.25594,0.456704,
1763897093636,1.25594,0.456704,1.25594,0.456704,
1763897093672,1.25594,0.456705,1.25594,0.456705,
1763897093707,1.25594,0.456705,1.25594,0.456705,
1763897093743,1.25594,0.456706,1.25594,0.456706,
1763897093783,1.25594,0.456706,1.25594,0.456706,
1763897093818,1.25594,0.456707,1.25594,0.456707,
1763897093853,1.25593,0.456707,1.25593,0.456707,
1763897093902,1.25593,0.456707,1.25593,0.456707,
1763897093932,1.25593,0.456708,1.25593,0.456708,
1763897093964,1.25593,0.456708,1.25593,0.456708,
1763897094007,1.25593,0.456708,1.25593,0.456708,
1763897094040,1.25593,0.456709,1.25593,0.456709,
1763897094072,1.25593,0.456709,1.25593,0.456709,
1763897094111,1.25593,0.45671,1.25593,0.45671,
1763897094155,1.25592,0.45671,1.25592,0.45671,
1763897094196,1.25592,0.456711,1.25592,0.456711,
1763897094223,1.25592,0.456711,1.25592,0.456711,
1763897094262,1.25592,0.456711,1.25592,0.456711,
1763897094313,1.25592,0.456712,1.25592,0.456712,
1763897094343,1.25592,0.456712,1.25592,0.456712,
1763897094380,1.25592,0.456712,1.25592,0.456712,
1763897094420,1.25592,0.456713,1.25592,0.456713,
1763897094455,1.25591,0.456713,1.25591,0.456713,
1763897094485,1.25591,0.456714,1.25591,0.456714,
1763897094529,1.25591,0.456714,1.25591,0.456714,
1763897094570,1.25591,0.456715,1.25591,0.456715,
1763897094604,1.25591,0.456715,1.25591,0.456715,
1763897094649,1.25591,0.456715,1.25591,0.456715,
1763897094685,1.25591,0.456716,1.25591,0.456716,
1763897094727,1.25591,0.456716,1.25591,0.456716,
1763897094777,1.2559,0.456716,1.2559,0.456716,
1763897094808,1.2559,0.456717,1.2559,0.456717,
1763897094840,1.2559,0.456717,1.2559,0.456717,
1763897094882,1.2559,0.456718,1.2559,0.456718,
1763897094914,1.2559,0.456718,1.2559,0.456718,
1763897094953,1.2559,0.456719,1.2559,0.456719,
1763897094988,1.2559,0.456719,1.2559,0.456719,
1763897095020,1.2559,0.456719,1.2559,0.456719,
1763897095053,1.25589,0.45672,1.25589,0.45672,
1763897095099,1.25589,0.45672,1.25589,0.45672,
1763897095135,1.25589,0.45672,1.25589,0.45672,
1763897095172,1.25589,0.456721,1.25589,0.456721,
1763897095208,1.25589,0.456721,1.25589,0.456721,
1763897095243,1.25589,0.456722,1.25589,0.456722,
1763897095275,1.25589,0.456722,1.25589,0.456722,
1763897095330,1.25589,0.456723,1.25589,0.456723,
1763897095362,1.25588,0.456723,1.25588,0.456723,
1763897095408,1.25588,0.456723,1.25588,0.456723,
1763897095440,1.25588,0.456724,1.25588,0.456724,
1763897095474,1.25588,0.456724,1.25588,0.456724,
1763897095525,1.25588,0.456725,1.25588,0.456725,
1763897095555,1.25588,0.456725,1.25588,0.456725,
1763897095589,1.25588,0.456725,1.25588,0.456725,
1763897095624,1.25588,0.456726,1.25588,0.456726,
1763897095658,1.25587,0.456726,1.25587,0.456726,
1763897095694,1.25587,0.456727,1.25587,0.456726,
1763897095741,1.25587,0.456727,1.25587,0.456727,
1763897095777,1.25587,0.456727,1.25587,0.456727,
1763897095815,1.25587,0.456728,1.25587,0.456728,
1763897095849,1.25587,0.456728,1.25587,0.456728,
1763897095886,1.25587,0.456729,1.25587,0.456729,
1763897095920,1.25587,0.456729,1.25587,0.456729,
1763897095960,1.25586,0.45673,1.25586,0.456729,
1763897095997,1.25586,0.45673,1.25586,0.45673,
1763897096034,1.25586,0.45673,1.25586,0.45673,
1763897096070,1.25586,0.456731,1.25586,0.456731,
1763897096108,1.25586,0.456731,1.25586,0.456731,
1763897096149,1.25586,0.456731,1.25586,0.456731,
1763897096181,1.25586,0.456732,1.25586,0.456732,
1763897096217,1.25586,0.456732,1.25586,0.456732,
1763897096267,1.25585,0.456733,1.25585,0.456733,
1763897096302,1.25585,0.456733,1.25585,0.456733,
1763897096334,1.25585,0.456733,1.25585,0.456733,
1763897096384,1.25585,0.456734,1.25585,0.456734,
1763897096419,1.25585,0.456734,1.25585,0.456734,
1763897096453,1.25585,0.456735,1.25585,0.456735,
1763897096488,1.25585,0.456735,1.25585,0.456735,
1763897096530,1.25585,0.456735,1.25585,0.456736,
1763897096573,1.25584,0.456736,1.25584,0.456736,
1763897096608,1.25584,0.456736,1.25584,0.456736,
1763897096649,1.25584,0.456737,1.25584,0.456737,
1763897096688,1.25584,0.456737,1.25584,0.456737,
1763897096726,1.25584,0.456738,1.25584,0.456737,
1763897096761,1.25584,0.456738,1.25584,0.456738,
1763897096798,1.25584,0.456738,1.25584,0.456738,
1763897096834,1.25584,0.456739,1.25584,0.456739,
1763897096871,1.25583,0.456739,1.25583,0.456739,
1763897096918,1.25583,0.456739,1.25583,0.45674,
1763897096960,1.25583,0.45674,1.25583,0.45674,
1763897096993,1.25583,0.45674,1.25583,0.45674,
1763897097034,1.25583,0.456741,1.25583,0.456741,
1763897097078,1.25583,0.456741,1.25583,0.456741,
1763897097103,1.25583,0.456742,1.25583,0.456742,
1763897097143,1.25582,0.456742,1.25582,0.456742,
1763897097192,1.25582,0.456742,1.25582,0.456742,
1763897097230,1.25582,0.456743,1.25582,0.456743,
1763897097257,1.25582,0.456743,1.25582,0.456743,
1763897097299,1.25582,0.456744,1.25582,0.456744,
1763897097333,1.25582,0.456744,1.25582,0.456744,
1763897097360,1.25582,0.456744,1.25582,0.456744,
1763897097401,1.25582,0.456745,1.25582,0.456745,
1763897097439,1.25581,0.456745,1.25581,0.456745,
1763897097471,1.25581,0.456746,1.25581,0.456746,
1763897097505,1.25581,0.456746,1.25581,0.456746,
1763897097548,1.25581,0.456747,1.25581,0.456747,
1763897097596,1.25581,0.456747,1.25581,0.456747,
1763897097648,1.25581,0.456747,1.25581,0.456747,
1763897097695,1.25581,0.456748,1.25581,0.456748,
1763897097724,1.25581,0.456748,1.25581,0.456748,
1763897097753,1.25581,0.456748,1.25581,0.456748,
1763897097792,1.2558,0.456749,1.2558,0.456749,
1763897097834,1.2558,0.456749,1.2558,0.456749,
1763897097867,1.2558,0.45675,1.2558,0.45675,
1763897097901,1.2558,0.45675,1.2558,0.45675,
1763897097943,1.2558,0.45675,1.2558,0.45675,
1763897097980,1.2558,0.456751,1.2558,0.456751,
1763897098019,1.2558,0.456751,1.2558,0.456751,
1763897098064,1.2558,0.456752,1.25579,0.456752,
1763897098110,1.25579,0.456752,1.25579,0.456752,
1763897098137,1.25579,0.456752,1.25579,0.456752,
1763897098177,1.25579,0.456753,1.25579,0.456753,
1763897098221,1.25579,0.456753,1.25579,0.456753,
1763897098259,1.25579,0.456754,1.25579,0.456754,
1763897098287,1.25579,0.456754,1.25579,0.456754,
1763897098327,1.25579,0.456754,1.25579,0.456754,
1763897098368,1.25578,0.456755,1.25578,0.456755,
1763897098418,1.25578,0.456755,1.25578,0.456755,
1763897098443,1.25578,0.456756,1.25578,0.456756,
1763897098481,1.25578,0.456756,1.25578,0.456756,
1763897098526,1.25578,0.456756,1.25578,0.456756,
1763897098557,1.25578,0.456757,1.25578,0.456757,
1763897098599,1.25578,0.456757,1.25578,0.456757,
1763897098634,1.25578,0.456758,1.25578,0.456758,
1763897098666,1.25577,0.456758,1.25577,0.456758,
1763897098705,1.25577,0.456758,1.25577,0.456758,
1763897098737,1.25577,0.456759,1.25577,0.456759,
1763897098780,1.25577,0.456759,1.25577,0.456759,
1763897098815,1.25577,0.45676,1.25577,0.45676,
1763897098847,1.25577,0.45676,1.25577,0.45676,
1763897098892,1.25577,0.456761,1.25577,0.456761,
1763897098940,1.25577,0.456761,1.25577,0.456761,
1763897098977,1.25576,0.456762,1.25576,0.456762,
1763897099020,1.25576,0.456762,1.25576,0.456762,
1763897099057,1.25576,0.456762,1.25576,0.456762,
1763897099089,1.25576,0.456762,1.25576,0.456762,
1763897099135,1.25576,0.456763,1.25576,0.456763,
1763897099165,1.25576,0.456763,1.25576,0.456763,
1763897099203,1.25576,0.456764,1.25576,0.456764,
1763897099245,1.25576,0.456764,1.25576,0.456764,
1763897099284,1.25575,0.456765,1.25575,0.456765,
1763897099324,1.25575,0.456765,1.25575,0.456765,
1763897099355,1.25575,0.456765,1.25575,0.456765,
1763897099390,1.25575,0.456766,1.25575,0.456766,
1763897099429,1.25575,0.456766,1.25575,0.456766,
1763897099459,1.25575,0.456767,1.25575,0.456767,
1763897099505,1.25575,0.456767,1.25575,0.456767,
1763897099544,1.25575,0.456767,1.25575,0.456767,
1763897099580,1.25574,0.456768,1.25574,0.456768,
1763897099622,1.25574,0.456768,1.25574,0.456768,
1763897099672,1.25574,0.456769,1.25574,0.456769,
1763897099691,1.25574,0.456769,1.25574,0.456769,
1763897099727,1.25574,0.456769,1.25574,0.456769,
1763897099771,1.25574,0.45677,1.25574,0.45677,
1763897099794,1.25574,0.45677,1.25574,0.45677,
1763897099825,1.25574,0.456771,1.25574,0.456771,
1763897099860,1.25573,0.456771,1.25573,0.456771,
1763897099901,1.25573,0.456771,1.25573,0.456771,
1763897099938,1.25573,0.456772,1.25573,0.456772,
1763897099985,1.25573,0.456772,1.25573,0.456772,
1763897100023,1.25573,0.456773,1.25573,0.456773,
1763897100049,1.25573,0.456773,1.25573,0.456773,
1763897100091,1.25573,0.456774,1.25573,0.456774,
1763897100144,1.25573,0.456774,1.25573,0.456774,
1763897100181,1.25572,0.456774,1.25572,0.456774,
1763897100231,1.25572,0.456774,1.25572,0.456774,
1763897100263,1.25572,0.456775,1.25572,0.456775,
1763897100298,1.25572,0.456775,1.25572,0.456775,
1763897100336,1.25572,0.456776,1.25572,0.456776,
1763897100371,1.25572,0.456776,1.25572,0.456776,
1763897100403,1.25572,0.456777,1.25572,0.456777,
1763897100448,1.25572,0.456777,1.25572,0.456777,
1763897100483,1.25571,0.456778,1.25571,0.456778,
1763897100514,1.25571,0.456778,1.25571,0.456778,
1763897100553,1.25571,0.456778,1.25571,0.456778,
1763897100584,1.25571,0.456778,1.25571,0.456779,
1763897100619,1.25571,0.456779,1.25571,0.456779,
1763897100667,1.25571,0.456779,1.25571,0.456779,
1763897100701,1.25571,0.45678,1.25571,0.45678,
1763897100739,1.25571,0.456781,1.25571,0.45678,
1763897100779,1.2557,0.456781,1.2557,0.456781,
1763897100815,1.2557,0.456781,1.2557,0.456781,
1763897100858,1.2557,0.456781,1.2557,0.456781,
1763897100886,1.2557,0.456782,1.2557,0.456782,
1763897100938,1.2557,0.456782,1.2557,0.456782,
1763897100976,1.2557,0.456783,1.2557,0.456783,
1763897101013,1.2557,0.456783,1.2557,0.456783,
1763897101053,1.2557,0.456784,1.2557,0.456784,
1763897101089,1.25569,0.456784,1.25569,0.456784,
1763897101123,1.25569,0.456784,1.25569,0.456784,
1763897101167,1.25569,0.456785,1.25569,0.456785,
1763897101215,1.25569,0.456785,1.25569,0.456785,
1763897101243,1.25569,0.456786,1.25569,0.456786,
1763897101283,1.25569,0.456786,1.25569,0.456786,
1763897101331,1.25569,0.456786,1.25569,0.456786,
1763897101359,1.25569,0.456787,1.25569,0.456787,
1763897101403,1.25568,0.456787,1.25568,0.456787,
1763897101444,1.25568,0.456787,1.25568,0.456787,
1763897101477,1.25568,0.456788,1.25568,0.456788,
1763897101523,1.25568,0.456788,1.25568,0.456788,
1763897101557,1.25568,0.456789,1.25568,0.456789,
1763897101586,1.25568,0.456789,1.25568,0.456789,
1763897101628,1.25568,0.45679,1.25568,0.45679,
1763897101667,1.25568,0.45679,1.25568,0.45679,
1763897101711,1.25567,0.45679,1.25567,0.45679,
1763897101742,1.25567,0.456791,1.25567,0.456791,
1763897101780,1.25567,0.456791,1.25567,0.456791,
1763897101820,1.25567,0.456792,1.25567,0.456792,
1763897101851,1.25567,0.456792,1.25567,0.456792,
1763897101887,1.25567,0.456792,1.25567,0.456792,
1763897101923,1.25567,0.456793,1.25567,0.456793,
1763897101952,1.25567,0.456793,1.25567,0.456793,
1763897101994,1.25566,0.456794,1.25566,0.456794,
1763897102025,1.25566,0.456794,1.25566,0.456794,
1763897102062,1.25566,0.456794,1.25566,0.456794,
1763897102101,1.25566,0.456795,1.25566,0.456795,
1763897102148,1.25566,0.456795,1.25566,0.456795,
1763897102180,1.25566,0.456796,1.25566,0.456796,
1763897102221,1.25566,0.456796,1.25566,0.456796,
1763897102259,1.25566,0.456796,1.25566,0.456796,
1763897102290,1.25565,0.456797,1.25565,0.456797,
1763897102340,1.25565,0.456797,1.25565,0.456797,
1763897102372,1.25565,0.456798,1.25565,0.456798,
1763897102409,1.25565,0.456798,1.25565,0.456798,
1763897102447,1.25565,0.456799,1.25565,0.456799,
1763897102488,1.25565,0.456799,1.25565,0.456799,
1763897102516,1.25565,0.456799,1.25565,0.456799,
1763897102552,1.25565,0.4568,1.25565,0.4568,
1763897102595,1.25564,0.4568,1.25564,0.4568,
1763897102631,1.25564,0.4568,1.25564,0.4568,
1763897102675,1.25564,0.456801,1.25564,0.456801,
1763897102712,1.25564,0.456801,1.25564,0.456801,
1763897102746,1.25564,0.456802,1.25564,0.456802,
1763897102773,1.25564,0.456802,1.25564,0.456802,
1763897102807,1.25564,0.456803,1.25564,0.456803,
1763897102862,1.25564,0.456803,1.25564,0.456803,
1763897102901,1.25563,0.456803,1.25563,0.456803,
1763897102940,1.25563,0.456804,1.25563,0.456804,
1763897102970,1.25563,0.456804,1.25563,0.456804,
1763897103017,1.25563,0.456804,1.25563,0.456804,
1763897103052,1.25563,0.456805,1.25563,0.456805,
1763897103088,1.25563,0.456805,1.25563,0.456805,
1763897103124,1.25563,0.456806,1.25563,0.456806,
1763897103161,1.25563,0.456806,1.25563,0.456806,
1763897103200,1.25562,0.456807,1.25562,0.456807,
1763897103232,1.25562,0.456807,1.25562,0.456807,
1763897103268,1.25562,0.456807,1.25562,0.456807,
1763897103313,1.25562,0.456808,1.25562,0.456808,
1763897103360,1.25562,0.456808,1.25562,0.456808,
1763897103390,1.25562,0.456809,1.25562,0.456809,
1763897103426,1.25562,0.456809,1.25562,0.456809,
1763897103460,1.25562,0.456809,1.25562,0.456809,
1763897103492,1.25561,0.45681,1.25561,0.45681,
1763897103526,1.25561,0.45681,1.25561,0.45681,
1763897103583,1.25561,0.456811,1.25561,0.456811,
1763897103617,1.25561,0.456811,1.25561,0.456811,
1763897103655,1.25561,0.456811,1.25561,0.456811,
1763897103692,1.25561,0.456812,1.25561,0.456812,
1763897103730,1.25561,0.456812,1.25561,0.456812,
1763897103771,1.25561,0.456813,1.25561,0.456813,
1763897103797,1.2556,0.456813,1.2556,0.456813,
1763897103842,1.2556,0.456813,1.2556,0.456813,
1763897103886,1.2556,0.456814,1.2556,0.456814,
1763897103917,1.2556,0.456814,1.2556,0.456814,
1763897103961,1.2556,0.456815,1.2556,0.456815,
1763897103995,1.2556,0.456815,1.2556,0.456815,
1763897104028,1.2556,0.456816,1.2556,0.456816,
1763897104059,1.2556,0.456816,1.2556,0.456816,
1763897104095,1.25559,0.456816,1.25559,0.456816,
1763897104141,1.25559,0.456817,1.25559,0.456817,
1763897104175,1.25559,0.456817,1.25559,0.456817,
1763897104209,1.25559,0.456817,1.25559,0.456817,
1763897104248,1.25559,0.456818,1.25559,0.456818,
1763897104295,1.25559,0.456818,1.25559,0.456818,
1763897104316,1.25559,0.456819,1.25559,0.456819,
1763897104354,1.25559,0.456819,1.25559,0.456819,
1763897104392,1.25558,0.45682,1.25558,0.45682,
1763897104426,1.25558,0.45682,1.25558,0.45682,
1763897104467,1.25558,0.45682,1.25558,0.45682,
1763897104501,1.25558,0.456821,1.25558,0.456821,
1763897104531,1.25558,0.456821,1.25558,0.456821,
1763897104569,1.25558,0.456822,1.25558,0.456822,
1763897104614,1.25558,0.456822,1.25558,0.456822,
1763897104650,1.25558,0.456822,1.25558,0.456822,
1763897104685,1.25557,0.456823,1.25557,0.456823,
1763897104733,1.25557,0.456823,1.25557,0.456823,
1763897104775,1.25557,0.456823,1.25557,0.456823,
1763897104801,1.25557,0.456824,1.25557,0.456824,
1763897104849,1.25557,0.456824,1.25557,0.456824,
1763897104876,1.25557,0.456825,1.25557,0.456825,
1763897104914,1.25557,0.456825,1.25557,0.456825,
1763897104943,1.25557,0.456826,1.25557,0.456826,
1763897104984,1.25556,0.456826,1.25556,0.456826,
1763897105012,1.25556,0.456826,1.25556,0.456826,
1763897105044,1.25556,0.456827,1.25556,0.456827,
1763897105079,1.25556,0.456827,1.25556,0.456827,
1763897105116,1.25556,0.456827,1.25556,0.456828,
1763897105152,1.25556,0.456828,1.25556,0.456828,
1763897105194,1.25556,0.456828,1.25556,0.456828,
1763897105229,1.25556,0.456829,1.25556,0.456829,
1763897105267,1.25555,0.456829,1.25555,0.456829,
1763897105305,1.25555,0.45683,1.25555,0.45683,
1763897105354,1.25555,0.45683,1.25555,0.45683,
1763897105401,1.25555,0.45683,1.25555,0.45683,
1763897105434,1.25555,0.456831,1.25555,0.456831,
1763897105470,1.25555,0.456831,1.25555,0.456831,
1763897105505,1.25555,0.456832,1.25555,0.456832,
1763897105540,1.25555,0.456832,1.25555,0.456832,
1763897105574,1.25554,0.456832,1.25554,0.456833,
1763897105620,1.25554,0.456833,1.25554,0.456833,
1763897105651,1.25554,0.456833,1.25554,0.456833,
1763897105684,1.25554,0.456834,1.25554,0.456834,
1763897105723,1.25554,0.456834,1.25554,0.456834,
1763897105762,1.25554,0.456834,1.25554,0.456834,
1763897105811,1.25554,0.456835,1.25554,0.456835,
1763897105843,1.25554,0.456835,1.25554,0.456835,
1763897105876,1.25553,0.456836,1.25553,0.456836,
1763897105927,1.25553,0.456836,1.25553,0.456836,
1763897105959,1.25553,0.456837,1.25553,0.456837,
1763897105996,1.25553,0.456837,1.25553,0.456837,
1763897106039,1.25553,0.456837,1.25553,0.456837,
1763897106090,1.25553,0.456838,1.25553,0.456838,
1763897106116,1.25553,0.456838,1.25553,0.456838,
1763897106159,1.25553,0.456838,1.25553,0.456838,
1763897106185,1.25552,0.456839,1.25552,0.456839,
1763897106233,1.25552,0.456839,1.25552,0.456839,
1763897106269,1.25552,0.45684,1.25552,0.45684,
1763897106304,1.25552,0.45684,1.25552,0.45684,
1763897106342,1.25552,0.45684,1.25552,0.456841,
1763897106383,1.25552,0.456841,1.25552,0.456841,
1763897106417,1.25552,0.456841,1.25552,0.456841,
1763897106459,1.25552,0.456842,1.25552,0.456842,
1763897106496,1.25551,0.456842,1.25551,0.456842,
1763897106533,1.25551,0.456843,1.25551,0.456843,
1763897106572,1.25551,0.456843,1.25551,0.456843,
1763897106611,1.25551,0.456843,1.25551,0.456843,
1763897106656,1.25551,0.456844,1.25551,0.456844,
1763897106683,1.25551,0.456844,1.25551,0.456844,
1763897106715,1.25551,0.456844,1.25551,0.456844,
1763897106764,1.25551,0.456845,1.2555,0.456845,
1763897106796,1.2555,0.456845,1.2555,0.456845,
1763897106838,1.2555,0.456846,1.2555,0.456846,
1763897106870,1.2555,0.456846,1.2555,0.456846,
1763897106911,1.2555,0.456846,1.2555,0.456847,
1763897106949,1.2555,0.456847,1.2555,0.456847,
1763897106995,1.2555,0.456847,1.2555,0.456847,
1763897107027,1.2555,0.456848,1.2555,0.456848,
1763897107065,1.25549,0.456848,1.25549,0.456848,
1763897107099,1.25549,0.456849,1.25549,0.456849,
1763897107137,1.25549,0.456849,1.25549,0.456849,
1763897107180,1.25549,0.456849,1.25549,0.456849,
1763897107213,1.25549,0.45685,1.25549,0.45685,
1763897107262,1.25549,0.45685,1.25549,0.45685,
1763897107303,1.25549,0.456851,1.25549,0.456851,
1763897107332,1.25549,0.456851,1.25549,0.456851,
1763897107367,1.25548,0.456851,1.25548,0.456851,
1763897107414,1.25548,0.456852,1.25548,0.456852,
1763897107445,1.25548,0.456852,1.25548,0.456852,
1763897107482,1.25548,0.456853,1.25548,0.456853,
1763897107526,1.25548,0.456853,1.25548,0.456853,
1763897107565,1.25548,0.456853,1.25548,0.456853,
1763897107598,1.25548,0.456854,1.25548,0.456854,
1763897107643,1.25548,0.456854,1.25548,0.456854,
1763897107681,1.25547,0.456855,1.25547,0.456855,
1763897107736,1.25547,0.456855,1.25547,0.456855,
1763897107780,1.25547,0.456855,1.25547,0.456855,
1763897107814,1.25547,0.456856,1.25547,0.456856,
1763897107862,1.25547,0.456856,1.25547,0.456856,
1763897107901,1.25547,0.456857,1.25547,0.456857,
1763897107947,1.25547,0.456857,1.25547,0.456857,
1763897107991,1.25547,0.456857,1.25547,0.456857,
1763897108018,1.25546,0.456858,1.25546,0.456858,
1763897108058,1.25546,0.456858,1.25546,0.456858,
1763897108104,1.25546,0.456859,1.25546,0.456859,
1763897108133,1.25546,0.456859,1.25546,0.456859,
1763897108168,1.25546,0.45686,1.25546,0.45686,
1763897108207,1.25546,0.45686,1.25546,0.45686,
1763897108239,1.25546,0.45686,1.25546,0.45686,
1763897108282,1.25546,0.456861,1.25546,0.456861,
1763897108317,1.25545,0.456861,1.25545,0.456861,
1763897108359,1.25545,0.456861,1.25545,0.456861,
1763897108405,1.25545,0.456862,1.25545,0.456862,
1763897108431,1.25545,0.456862,1.25545,0.456862,
1763897108472,1.25545,0.456863,1.25545,0.456863,
1763897108508,1.25545,0.456863,1.25545,0.456863,
1763897108543,1.25545,0.456863,1.25545,0.456863,
1763897108582,1.25545,0.456864,1.25545,0.456864,
1763897108626,1.25544,0.456864,1.25544,0.456864,
1763897108672,1.25544,0.456865,1.25544,0.456865,
1763897108699,1.25544,0.456865,1.25544,0.456865,
1763897108738,1.25544,0.456866,1.25544,0.456866,
1763897108785,1.25544,0.456866,1.25544,0.456866,
1763897108819,1.25544,0.456866,1.25544,0.456866,
1763897108851,1.25544,0.456867,1.25544,0.456867,
1763897108889,1.25544,0.456867,1.25544,0.456867,
1763897108923,1.25543,0.456867,1.25543,0.456867,
1763897108958,1.25543,0.456868,1.25543,0.456868,
1763897109003,1.25543,0.456868,1.25543,0.456868,
1763897109029,1.25543,0.456869,1.25543,0.456869,
1763897109069,1.25543,0.456869,1.25543,0.456869,
1763897109112,1.25543,0.45687,1.25543,0.45687,
1763897109140,1.25543,0.45687,1.25543,0.45687,
1763897109184,1.25543,0.45687,1.25543,0.45687,
1763897109233,1.25542,0.456871,1.25542,0.456871,
1763897109280,1.25542,0.456871,1.25542,0.456871,
1763897109323,1.25542,0.456872,1.25542,0.456872,
1763897109349,1.25542,0.456872,1.25542,0.456872,
1763897109388,1.25542,0.456872,1.25542,0.456872,
1763897109425,1.25542,0.456873,1.25542,0.456873,
1763897109464,1.25542,0.456873,1.25542,0.456873,
1763897109500,1.25542,0.456874,1.25542,0.456874,
1763897109535,1.25541,0.456874,1.25541,0.456874,
1763897109565,1.25541,0.456874,1.25541,0.456874,
1763897109604,1.25541,0.456875,1.25541,0.456875,
1763897109650,1.25541,0.456875,1.25541,0.456875,
1763897109683,1.25541,0.456876,1.25541,0.456876,
1763897109717,1.25541,0.456876,1.25541,0.456876,
1763897109755,1.25541,0.456876,1.25541,0.456876,
1763897109801,1.25541,0.456877,1.25541,0.456877,
1763897109828,1.2554,0.456877,1.2554,0.456877,
1763897109868,1.2554,0.456878,1.2554,0.456878,
1763897109901,1.2554,0.456878,1.2554,0.456878,
1763897109936,1.2554,0.456879,1.2554,0.456879,
1763897109975,1.2554,0.456879,1.2554,0.456879,
1763897110022,1.2554,0.456879,1.2554,0.456879,
1763897110052,1.2554,0.45688,1.2554,0.45688,
1763897110090,1.2554,0.45688,1.2554,0.45688,
1763897110127,1.25539,0.456881,1.25539,0.45688,
1763897110159,1.25539,0.456881,1.25539,0.456881,
1763897110200,1.25539,0.456881,1.25539,0.456881,
1763897110236,1.25539,0.456882,1.25539,0.456882,
1763897110283,1.25539,0.456882,1.25539,0.456882,
1763897110322,1.25539,0.456882,1.25539,0.456882,
1763897110355,1.25539,0.456883,1.25539,0.456883,
1763897110400,1.25539,0.456883,1.25539,0.456883,
1763897110447,1.25538,0.456884,1.25538,0.456883,
1763897110479,1.25538,0.456884,1.25538,0.456884,
1763897110506,1.25538,0.456885,1.25538,0.456884,
1763897110539,1.25538,0.456885,1.25538,0.456885,
1763897110573,1.25538,0.456885,1.25538,0.456885,
1763897110615,1.25538,0.456886,1.25538,0.456886,
1763897110653,1.25538,0.456886,1.25538,0.456886,
1763897110694,1.25538,0.456886,1.25538,0.456886,
1763897110736,1.25537,0.456887,1.25537,0.456887,
1763897110769,1.25537,0.456887,1.25537,0.456887,
1763897110814,1.25537,0.456888,1.25537,0.456888,
1763897110851,1.25537,0.456888,1.25537,0.456888,
1763897110886,1.25537,0.456889,1.25537,0.456888,
1763897110931,1.25537,0.456889,1.25537,0.456889,
1763897110967,1.25537,0.456889,1.25537,0.456889,
1763897110999,1.25537,0.45689,1.25537,0.45689,
1763897111035,1.25536,0.45689,1.25536,0.45689,
1763897111079,1.25536,0.456891,1.25536,0.456891,
1763897111112,1.25536,0.456891,1.25536,0.456891,
1763897111151,1.25536,0.456891,1.25536,0.456891,
1763897111189,1.25536,0.456892,1.25536,0.456892,
1763897111230,1.25536,0.456892,1.25536,0.456892,
1763897111273,1.25536,0.456893,1.25536,0.456893,
1763897111305,1.25536,0.456893,1.25536,0.456893,
1763897111344,1.25535,0.456893,1.25535,0.456893,
1763897111380,1.25535,0.456894,1.25535,0.456894,
1763897111413,1.25535,0.456894,1.25535,0.456894,
1763897111455,1.25535,0.456895,1.25535,0.456895,
1763897111478,1.25535,0.456895,1.25535,0.456895,
1763897111513,1.25535,0.456896,1.25535,0.456896,
1763897111556,1.25535,0.456896,1.25535,0.456896,
1763897111600,1.25535,0.456896,1.25535,0.456896,
1763897111647,1.25534,0.456897,1.25534,0.456897,
1763897111675,1.25534,0.456897,1.25534,0.456897,
1763897111710,1.25534,0.456897,1.25534,0.456897,
1763897111743,1.25534,0.456898,1.25534,0.456898,
1763897111782,1.25534,0.456898,1.25534,0.456898,
1763897111822,1.25534,0.456899,1.25534,0.456899,
1763897111856,1.25534,0.456899,1.25534,0.456899,
1763897111898,1.25534,0.456899,1.25534,0.456899,
1763897111938,1.25533,0.4569,1.25533,0.4569,
1763897111990,1.25533,0.4569,1.25533,0.4569,
1763897112015,1.25533,0.456901,1.25533,0.456901,
1763897112050,1.25533,0.456901,1.25533,0.456901,
1763897112095,1.25533,0.456901,1.25533,0.456901,
1763897112124,1.25533,0.456902,1.25533,0.456902,
1763897112162,1.25533,0.456902,1.25533,0.456902,
1763897112209,1.25533,0.456903,1.25533,0.456903,
1763897112240,1.25532,0.456903,1.25532,0.456903,
1763897112278,1.25532,0.456904,1.25532,0.456903,
1763897112307,1.25532,0.456904,1.25532,0.456904,
1763897112351,1.25532,0.456904,1.25532,0.456904,
1763897112389,1.25532,0.456905,1.25532,0.456905,
1763897112425,1.25532,0.456905,1.25532,0.456905,
1763897112462,1.25532,0.456906,1.25532,0.456906,
1763897112502,1.25532,0.456906,1.25532,0.456906,
1763897112544,1.25531,0.456906,1.25531,0.456906,
1763897112579,1.25531,0.456906,1.25531,0.456907,
1763897112613,1.25531,0.456907,1.25531,0.456907,
1763897112659,1.25531,0.456908,1.25531,0.456907,
1763897112691,1.25531,0.456908,1.25531,0.456908,
1763897112721,1.25531,0.456908,1.25531,0.456908,
1763897112765,1.25531,0.456909,1.25531,0.456909,
1763897112799,1.25531,0.456909,1.25531,0.456909,
1763897112839,1.2553,0.45691,1.2553,0.45691,
1763897112880,1.2553,0.45691,1.2553,0.45691,
1763897112920,1.2553,0.45691,1.2553,0.45691,
1763897112964,1.2553,0.456911,1.2553,0.456911,
1763897112997,1.2553,0.456911,1.2553,0.456911,
1763897113036,1.2553,0.456911,1.2553,0.456912,
1763897113083,1.2553,0.456912,1.2553,0.456912,
1763897113133,1.2553,0.456912,1.2553,0.456912,
1763897113159,1.25529,0.456913,1.25529,0.456913,
1763897113200,1.25529,0.456913,1.25529,0.456913,
1763897113233,1.25529,0.456914,1.25529,0.456914,
1763897113260,1.25529,0.456914,1.25529,0.456914,
1763897113303,1.25529,0.456914,1.25529,0.456914,
1763897113335,1.25529,0.456915,1.25529,0.456915,
1763897113368,1.25529,0.456915,1.25529,0.456915,
1763897113410,1.25529,0.456916,1.25529,0.456916,
1763897113445,1.25528,0.456916,1.25528,0.456916,
1763897113478,1.25528,0.456917,1.25528,0.456917,
1763897113520,1.25528,0.456917,1.25528,0.456917,
1763897113576,1.25528,0.456917,1.25528,0.456917,
1763897113600,1.25528,0.456918,1.25528,0.456918,
1763897113632,1.25528,0.456918,1.25528,0.456918,
1763897113672,1.25528,0.456918,1.25528,0.456918,
1763897113704,1.25528,0.456919,1.25528,0.456919,
1763897113745,1.25527,0.456919,1.25527,0.456919,
1763897113779,1.25527,0.45692,1.25527,0.45692,
1763897113822,1.25527,0.45692,1.25527,0.45692,
1763897113869,1.25527,0.45692,1.25527,0.45692,
1763897113895,1.25527,0.456921,1.25527,0.456921,
1763897113931,1.25527,0.456921,1.25527,0.456921,
1763897113968,1.25527,0.456922,1.25527,0.456922,
1763897114005,1.25527,0.456922,1.25527,0.456922,
1763897114039,1.25526,0.456922,1.25526,0.456922,
1763897114080,1.25526,0.456923,1.25526,0.456923,
1763897114123,1.25526,0.456923,1.25526,0.456923,
1763897114158,1.25526,0.456924,1.25526,0.456924,
1763897114189,1.25526,0.456924,1.25526,0.456924,
1763897114231,1.25526,0.456925,1.25526,0.456925,
1763897114264,1.25526,0.456925,1.25526,0.456925,
1763897114293,1.25526,0.456925,1.25526,0.456925,
1763897114331,1.25525,0.456926,1.25525,0.456926,
1763897114368,1.25525,0.456926,1.25525,0.456926,
1763897114402,1.25525,0.456926,1.25525,0.456926,
1763897114447,1.25525,0.456927,1.25525,0.456927,
1763897114486,1.25525,0.456927,1.25525,0.456927,
1763897114522,1.25525,0.456928,1.25525,0.456928,
1763897114558,1.25525,0.456928,1.25525,0.456928,
1763897114604,1.25525,0.456929,1.25525,0.456929,
1763897114646,1.25524,0.456929,1.25524,0.456929,
1763897114672,1.25524,0.456929,1.25524,0.456929,
1763897114714,1.25524,0.45693,1.25524,0.45693,
1763897114762,1.25524,0.45693,1.25524,0.45693,
1763897114791,1.25524,0.45693,1.25524,0.456931,
1763897114821,1.25524,0.456931,1.25524,0.456931,
1763897114863,1.25524,0.456931,1.25524,0.456931,
1763897114905,1.25524,0.456932,1.25524,0.456932,
1763897114937,1.25523,0.456932,1.25523,0.456932,
1763897114978,1.25523,0.456933,1.25523,0.456933,
1763897115019,1.25523,0.456933,1.25523,0.456933,
1763897115050,1.25523,0.456933,1.25523,0.456933,
1763897115099,1.25523,0.456934,1.25523,0.456934,
1763897115132,1.25523,0.456934,1.25523,0.456934,
1763897115169,1.25523,0.456935,1.25523,0.456935,
1763897115212,1.25523,0.456935,1.25523,0.456935,
1763897115250,1.25522,0.456935,1.25522,0.456935,
1763897115287,1.25522,0.456936,1.25522,0.456936,
1763897115325,1.25522,0.456936,1.25522,0.456936,
1763897115364,1.25522,0.456937,1.25522,0.456937,
1763897115404,1.25522,0.456937,1.25522,0.456937,
1763897115455,1.25522,0.456937,1.25522,0.456937,
1763897115477,1.25522,0.456938,1.25522,0.456938,
1763897115517,1.25521,0.456938,1.25522,0.456938,
1763897115555,1.25521,0.456939,1.25521,0.456939,
1763897115584,1.25521,0.456939,1.25521,0.456939,
1763897115620,1.25521,0.456939,1.25521,0.456939,
1763897115668,1.25521,0.45694,1.25521,0.45694,
1763897115694,1.25521,0.45694,1.25521,0.45694,
1763897115731,1.25521,0.456941,1.25521,0.456941,
1763897115771,1.25521,0.456941,1.25521,0.456941,
1763897115811,1.25521,0.456941,1.25521,0.456941,
1763897115848,1.2552,0.456942,1.2552,0.456942,
1763897115884,1.2552,0.456942,1.2552,0.456942,
1763897115927,1.2552,0.456943,1.2552,0.456943,
1763897115951,1.2552,0.456943,1.2552,0.456943,
1763897115988,1.2552,0.456943,1.2552,0.456943,
1763897116019,1.2552,0.456944,1.2552,0.456944,
1763897116055,1.2552,0.456944,1.2552,0.456944,
1763897116095,1.2552,0.456945,1.25519,0.456945,
1763897116129,1.25519,0.456945,1.25519,0.456945,
1763897116176,1.25519,0.456945,1.25519,0.456945,
1763897116218,1.25519,0.456946,1.25519,0.456946,
1763897116250,1.25519,0.456946,1.25519,0.456946,
1763897116285,1.25519,0.456947,1.25519,0.456947,
1763897116329,1.25519,0.456947,1.25519,0.456947,
1763897116372,1.25519,0.456948,1.25519,0.456948,
1763897116406,1.25519,0.456948,1.25519,0.456948,
1763897116440,1.25518,0.456948,1.25518,0.456948,
1763897116491,1.25518,0.456949,1.25518,0.456949,
1763897116523,1.25518,0.456949,1.25518,0.456949,
1763897116558,1.25518,0.456949,1.25518,0.456949,
1763897116592,1.25518,0.45695,1.25518,0.45695,
1763897116634,1.25518,0.45695,1.25518,0.45695,
1763897116667,1.25518,0.456951,1.25518,0.456951,
1763897116709,1.25518,0.456951,1.25518,0.456951,
1763897116747,1.25517,0.456952,1.25517,0.456952,
1763897116785,1.25517,0.456952,1.25517,0.456952,
1763897116826,1.25517,0.456952,1.25517,0.456952,
1763897116861,1.25517,0.456953,1.25517,0.456953,
1763897116899,1.25517,0.456953,1.25517,0.456953,
1763897116934,1.25517,0.456953,1.25517,0.456953,
1763897116975,1.25517,0.456954,1.25517,0.456954,
1763897117007,1.25516,0.456954,1.25516,0.456954,
1763897117051,1.25516,0.456955,1.25516,0.456955,
1763897117079,1.25516,0.456955,1.25516,0.456955,
1763897117108,1.25516,0.456956,1.25516,0.456956,
1763897117137,1.25516,0.456956,1.25516,0.456956,
1763897117175,1.25516,0.456956,1.25516,0.456956,
1763897117212,1.25516,0.456957,1.25516,0.456957,
1763897117246,1.25516,0.456957,1.25516,0.456957,
1763897117289,1.25515,0.456958,1.25515,0.456958,
1763897117330,1.25515,0.456958,1.25515,0.456958,
1763897117355,1.25515,0.456958,1.25515,0.456958,
1763897117396,1.25515,0.456959,1.25515,0.456959,
1763897117436,1.25515,0.456959,1.25515,0.456959,
1763897117482,1.25515,0.45696,1.25515,0.45696,
1763897117532,1.25515,0.45696,1.25515,0.45696,
1763897117560,1.25515,0.45696,1.25515,0.45696,
1763897117591,1.25514,0.456961,1.25514,0.456961,
1763897117627,1.25514,0.456961,1.25514,0.456961,
1763897117661,1.25514,0.456962,1.25514,0.456962,
1763897117706,1.25514,0.456962,1.25514,0.456962,
1763897117745,1.25514,0.456962,1.25514,0.456962,
1763897117774,1.25514,0.456963,1.25514,0.456963,
1763897117814,1.25514,0.456963,1.25514,0.456963,
1763897117852,1.25514,0.456964,1.25514,0.456964,
1763897117893,1.25513,0.456964,1.25513,0.456964,
1763897117938,1.25513,0.456964,1.25513,0.456964,
1763897117979,1.25513,0.456965,1.25513,0.456965,
1763897118016,1.25513,0.456965,1.25513,0.456965,
1763897118049,1.25513,0.456966,1.25513,0.456966,
1763897118091,1.25513,0.456966,1.25513,0.456966,
1763897118122,1.25513,0.456967,1.25513,0.456967,
1763897118164,1.25513,0.456967,1.25513,0.456967,
1763897118204,1.25512,0.456967,1.25512,0.456967,
1763897118243,1.25512,0.456968,1.25512,0.456968,
1763897118291,1.25512,0.456968,1.25512,0.456968,
1763897118328,1.25512,0.456968,1.25512,0.456968,
1763897118366,1.25512,0.456969,1.25512,0.456969,
1763897118398,1.25512,0.456969,1.25512,0.456969,
1763897118427,1.25512,0.45697,1.25512,0.45697,
1763897118462,1.25512,0.45697,1.25512,0.45697,
1763897118503,1.25511,0.456971,1.25511,0.456971,
1763897118538,1.25511,0.456971,1.25511,0.456971,
1763897118583,1.25511,0.456971,1.25511,0.456971,
1763897118634,1.25511,0.456972,1.25511,0.456972,
1763897118661,1.25511,0.456972,1.25511,0.456972,
1763897118696,1.25511,0.456973,1.25511,0.456973,
1763897118728,1.25511,0.456973,1.25511,0.456973,
1763897118764,1.25511,0.456973,1.25511,0.456973,
1763897118800,1.2551,0.456974,1.2551,0.456974,
1763897118839,1.2551,0.456974,1.2551,0.456974,
1763897118879,1.2551,0.456975,1.2551,0.456975,
1763897118909,1.2551,0.456975,1.2551,0.456975,
1763897118949,1.2551,0.456975,1.2551,0.456975,
1763897118981,1.2551,0.456976,1.2551,0.456976,
1763897119025,1.2551,0.456976,1.2551,0.456976,
1763897119063,1.2551,0.456977,1.2551,0.456976,
1763897119107,1.25509,0.456977,1.25509,0.456977,
1763897119147,1.25509,0.456978,1.25509,0.456977,
1763897119189,1.25509,0.456978,1.25509,0.456978,
1763897119227,1.25509,0.456978,1.25509,0.456978,
1763897119262,1.25509,0.456979,1.25509,0.456979,
1763897119297,1.25509,0.456979,1.25509,0.456979,
1763897119326,1.25509,0.456979,1.25509,0.456979,
1763897119365,1.25509,0.45698,1.25509,0.45698,
1763897119415,1.25508,0.45698,1.25508,0.45698,
1763897119464,1.25508,0.456981,1.25508,0.45698,
1763897119499,1.25508,0.456981,1.25508,0.456981,
1763897119536,1.25508,0.456981,1.25508,0.456981,
1763897119571,1.25508,0.456982,1.25508,0.456982,
1763897119603,1.25508,0.456982,1.25508,0.456982,
1763897119648,1.25508,0.456983,1.25508,0.456983,
1763897119685,1.25508,0.456983,1.25508,0.456983,
1763897119719,1.25507,0.456983,1.25507,0.456983,
1763897119768,1.25507,0.456984,1.25507,0.456984,
1763897119818,1.25507,0.456984,1.25507,0.456984,
1763897119855,1.25507,0.456985,1.25507,0.456985,
1763897119891,1.25507,0.456985,1.25507,0.456985,
1763897119929,1.25507,0.456985,1.25507,0.456985,
1763897119965,1.25507,0.456986,1.25507,0.456986,
1763897119993,1.25507,0.456986,1.25507,0.456986,
1763897120035,1.25506,0.456987,1.25506,0.456987,
1763897120070,1.25506,0.456987,1.25506,0.456987,
1763897120106,1.25506,0.456987,1.25506,0.456987,
1763897120152,1.25506,0.456988,1.25506,0.456988,
1763897120186,1.25506,0.456988,1.25506,0.456988,
1763897120226,1.25506,0.456989,1.25506,0.456989,
1763897120260,1.25506,0.456989,1.25506,0.456989,
1763897120293,1.25506,0.456989,1.25506,0.456989,
1763897120338,1.25505,0.45699,1.25505,0.45699,
1763897120371,1.25505,0.45699,1.25505,0.45699,
1763897120415,1.25505,0.456991,1.25505,0.456991,
1763897120445,1.25505,0.456991,1.25505,0.456991,
1763897120490,1.25505,0.456991,1.25505,0.456992,
1763897120527,1.25505,0.456992,1.25505,0.456992,
1763897120558,1.25505,0.456992,1.25505,0.456992,
1763897120596,1.25505,0.456993,1.25505,0.456993,
1763897120629,1.25504,0.456993,1.25504,0.456993,
1763897120671,1.25504,0.456993,1.25504,0.456993,
1763897120710,1.25504,0.456994,1.25504,0.456994,
1763897120742,1.25504,0.456994,1.25504,0.456994,
1763897120780,1.25504,0.456995,1.25504,0.456995,
1763897120815,1.25504,0.456995,1.25504,0.456995,
1763897120847,1.25504,0.456995,1.25504,0.456995,
1763897120893,1.25504,0.456996,1.25504,0.456996,
1763897120938,1.25503,0.456996,1.25503,0.456996,
1763897120965,1.25503,0.456997,1.25503,0.456997,
1763897121005,1.25503,0.456997,1.25503,0.456997,
1763897121054,1.25503,0.456998,1.25503,0.456998,
1763897121089,1.25503,0.456998,1.25503,0.456998,
1763897121117,1.25503,0.456998,1.25503,0.456998,
1763897121161,1.25503,0.456999,1.25503,0.456999,
1763897121192,1.25503,0.456999,1.25503,0.456999,
1763897121232,1.25502,0.457,1.25502,0.457,
1763897121271,1.25502,0.457,1.25502,0.457,
1763897121311,1.25502,0.457001,1.25502,0.457001,
1763897121350,1.25502,0.457001,1.25502,0.457001,
1763897121401,1.25502,0.457001,1.25502,0.457001,
1763897121431,1.25502,0.457002,1.25502,0.457002,
1763897121464,1.25502,0.457002,1.25502,0.457002,
1763897121497,1.25502,0.457002,1.25502,0.457002,
1763897121526,1.25501,0.457003,1.25501,0.457003,
1763897121565,1.25501,0.457003,1.25501,0.457003,
1763897121602,1.25501,0.457004,1.25501,0.457004,
1763897121629,1.25501,0.457004,1.25501,0.457004,
1763897121675,1.25501,0.457004,1.25501,0.457004,
1763897121724,1.25501,0.457005,1.25501,0.457005,
1763897121749,1.25501,0.457005,1.25501,0.457005,
1763897121787,1.25501,0.457006,1.25501,0.457006,
1763897121826,1.255,0.457006,1.255,0.457006,
1763897121858,1.255,0.457007,1.255,0.457007,
1763897121904,1.255,0.457007,1.255,0.457007,
1763897121943,1.255,0.457007,1.255,0.457007,
1763897121971,1.255,0.457008,1.255,0.457008,
1763897122009,1.255,0.457008,1.255,0.457008,
1763897122048,1.255,0.457009,1.255,0.457009,
1763897122081,1.255,0.457009,1.255,0.457009,
1763897122128,1.25499,0.457009,1.25499,0.457009,
1763897122167,1.25499,0.45701,1.25499,0.45701,
1763897122202,1.25499,0.45701,1.25499,0.45701,
1763897122236,1.25499,0.45701,1.25499,0.45701,
1763897122279,1.25499,0.457011,1.25499,0.457011,
1763897122317,1.25499,0.457011,1.25499,0.457011,
1763897122356,1.25499,0.457012,1.25499,0.457012,
1763897122391,1.25499,0.457012,1.25499,0.457012,
1763897122427,1.25498,0.457013,1.25498,0.457013,
1763897122457,1.25498,0.457013,1.25498,0.457013,
1763897122494,1.25498,0.457013,1.25498,0.457013,
1763897122547,1.25498,0.457014,1.25498,0.457014,
1763897122581,1.25498,0.457014,1.25498,0.457014,
1763897122619,1.25498,0.457014,1.25498,0.457014,
1763897122656,1.25498,0.457015,1.25498,0.457015,
1763897122691,1.25498,0.457015,1.25498,0.457015,
1763897122718,1.25497,0.457016,1.25497,0.457016,
1763897122755,1.25497,0.457016,1.25497,0.457016,
1763897122793,1.25497,0.457017,1.25497,0.457017,
1763897122839,1.25497,0.457017,1.25497,0.457017,
1763897122878,1.25497,0.457017,1.25497,0.457017,
1763897122917,1.25497,0.457018,1.25497,0.457018,
1763897122960,1.25497,0.457018,1.25497,0.457018,
1763897123002,1.25497,0.457019,1.25497,0.457019,
1763897123036,1.25496,0.457019,1.25496,0.457019,
1763897123076,1.25496,0.457019,1.25496,0.457019,
1763897123109,1.25496,0.45702,1.25496,0.45702,
1763897123146,1.25496,0.45702,1.25496,0.45702,
1763897123187,1.25496,0.45702,1.25496,0.457021,
1763897123223,1.25496,0.457021,1.25496,0.457021,
1763897123257,1.25496,0.457021,1.25496,0.457021,
1763897123294,1.25496,0.457022,1.25496,0.457022,
1763897123334,1.25495,0.457022,1.25495,0.457022,
1763897123370,1.25495,0.457023,1.25495,0.457023,
1763897123402,1.25495,0.457023,1.25495,0.457023,
1763897123442,1.25495,0.457023,1.25495,0.457023,
1763897123486,1.25495,0.457024,1.25495,0.457024,
1763897123517,1.25495,0.457024,1.25495,0.457024,
1763897123557,1.25495,0.457025,1.25495,0.457025,
1763897123599,1.25495,0.457025,1.25495,0.457025,
1763897123643,1.25494,0.457025,1.25494,0.457025,
1763897123676,1.25494,0.457026,1.25494,0.457026,
1763897123714,1.25494,0.457026,1.25494,0.457026,
1763897123751,1.25494,0.457027,1.25494,0.457027,
1763897123797,1.25494,0.457027,1.25494,0.457027,
1763897123831,1.25494,0.457027,1.25494,0.457027,
1763897123868,1.25494,0.457028,1.25494,0.457028,
1763897123912,1.25494,0.457028,1.25494,0.457028,
1763897123939,1.25493,0.457029,1.25493,0.457029,
1763897123974,1.25493,0.457029,1.25493,0.457029,
1763897124018,1.25493,0.457029,1.25493,0.457029,
1763897124052,1.25493,0.45703,1.25493,0.45703,
1763897124082,1.25493,0.45703,1.25493,0.45703,
1763897124123,1.25493,0.457031,1.25493,0.457031,
1763897124155,1.25493,0.457031,1.25493,0.457031,
1763897124191,1.25493,0.457031,1.25493,0.457031,
1763897124235,1.25492,0.457032,1.25492,0.457032,
1763897124268,1.25492,0.457032,1.25492,0.457032,
1763897124297,1.25492,0.457033,1.25492,0.457033,
1763897124344,1.25492,0.457033,1.25492,0.457033,
1763897124382,1.25492,0.457034,1.25492,0.457034,
1763897124420,1.25492,0.457034,1.25492,0.457034,
1763897124454,1.25492,0.457034,1.25492,0.457034,
1763897124500,1.25492,0.457035,1.25492,0.457035,
1763897124533,1.25491,0.457035,1.25491,0.457035,
1763897124581,1.25491,0.457036,1.25491,0.457036,
1763897124622,1.25491,0.457036,1.25491,0.457036,
1763897124669,1.25491,0.457036,1.25491,0.457036,
1763897124711,1.25491,0.457037,1.25491,0.457037,
1763897124742,1.25491,0.457037,1.25491,0.457037,
1763897124773,1.25491,0.457038,1.25491,0.457038,
1763897124807,1.25491,0.457038,1.25491,0.457038,
1763897124834,1.2549,0.457038,1.2549,0.457038,
1763897124870,1.2549,0.457039,1.2549,0.457039,
1763897124911,1.2549,0.457039,1.2549,0.457039,
1763897124948,1.2549,0.45704,1.2549,0.45704,
1763897124984,1.2549,0.45704,1.2549,0.45704,
1763897125024,1.2549,0.45704,1.2549,0.45704,
1763897125072,1.2549,0.457041,1.2549,0.457041,
1763897125098,1.2549,0.457041,1.2549,0.457041,
1763897125139,1.25489,0.457042,1.25489,0.457042,
1763897125189,1.25489,0.457042,1.25489,0.457042,
1763897125222,1.25489,0.457042,1.25489,0.457042,
1763897125256,1.25489,0.457043,1.25489,0.457043,
1763897125293,1.25489,0.457043,1.25489,0.457043,
1763897125326,1.25489,0.457043,1.25489,0.457043,
1763897125365,1.25489,0.457044,1.25489,0.457044,
1763897125406,1.25489,0.457044,1.25489,0.457044,
1763897125443,1.25488,0.457045,1.25488,0.457045,
1763897125487,1.25488,0.457045,1.25488,0.457045,
1763897125522,1.25488,0.457046,1.25488,0.457046,
1763897125556,1.25488,0.457046,1.25488,0.457046,
1763897125604,1.25488,0.457046,1.25488,0.457046,
1763897125636,1.25488,0.457047,1.25488,0.457047,
1763897125675,1.25488,0.457047,1.25488,0.457047,
1763897125705,1.25488,0.457048,1.25488,0.457048,
1763897125741,1.25487,0.457048,1.25487,0.457048,
1763897125769,1.25487,0.457048,1.25487,0.457048,
1763897125810,1.25487,0.457049,1.25487,0.457049,
1763897125854,1.25487,0.457049,1.25487,0.457049,
1763897125895,1.25487,0.45705,1.25487,0.45705,
1763897125935,1.25487,0.45705,1.25487,0.45705,
1763897125985,1.25487,0.45705,1.25487,0.45705,
1763897126029,1.25487,0.457051,1.25487,0.457051,
1763897126069,1.25486,0.457051,1.25486,0.457051,
1763897126103,1.25486,0.457052,1.25486,0.457052,
1763897126142,1.25486,0.457052,1.25486,0.457052,
1763897126192,1.25486,0.457052,1.25486,0.457052,
1763897126243,1.25486,0.457053,1.25486,0.457053,
1763897126270,1.25486,0.457053,1.25486,0.457053,
1763897126305,1.25486,0.457054,1.25486,0.457054,
1763897126338,1.25486,0.457054,1.25486,0.457054,
1763897126383,1.25485,0.457055,1.25485,0.457055,
1763897126415,1.25485,0.457055,1.25485,0.457055,
1763897126449,1.25485,0.457055,1.25485,0.457055,
1763897126494,1.25485,0.457056,1.25485,0.457056,
1763897126524,1.25485,0.457056,1.25485,0.457056,
1763897126555,1.25485,0.457057,1.25485,0.457057,
1763897126597,1.25485,0.457057,1.25485,0.457057,
1763897126630,1.25485,0.457057,1.25485,0.457057,
1763897126666,1.25484,0.457058,1.25484,0.457058,
1763897126712,1.25484,0.457058,1.25484,0.457058,
1763897126747,1.25484,0.457059,1.25484,0.457059,
1763897126781,1.25484,0.457059,1.25484,0.457059,
1763897126822,1.25484,0.457059,1.25484,0.457059,
1763897126862,1.25484,0.45706,1.25484,0.45706,
1763897126891,1.25484,0.45706,1.25484,0.45706,
1763897126928,1.25484,0.457061,1.25484,0.457061,
1763897126964,1.25483,0.457061,1.25483,0.457061,
1763897126999,1.25483,0.457061,1.25483,0.457061,
1763897127030,1.25483,0.457062,1.25483,0.457062,
1763897127079,1.25483,0.457062,1.25483,0.457062,
1763897127113,1.25483,0.457063,1.25483,0.457063,
1763897127154,1.25483,0.457063,1.25483,0.457063,
1763897127189,1.25483,0.457063,1.25483,0.457063,
1763897127235,1.25483,0.457064,1.25483,0.457064,
1763897127284,1.25482,0.457064,1.25482,0.457064,
1763897127338,1.25482,0.457065,1.25482,0.457065,
1763897127366,1.25482,0.457065,1.25482,0.457065,
1763897127403,1.25482,0.457065,1.25482,0.457065,
1763897127431,1.25482,0.457066,1.25482,0.457066,
1763897127469,1.25482,0.457066,1.25482,0.457066,
1763897127512,1.25482,0.457067,1.25482,0.457066,
1763897127555,1.25481,0.457067,1.25481,0.457067,
1763897127583,1.25481,0.457067,1.25481,0.457067,
1763897127622,1.25481,0.457068,1.25481,0.457068,
1763897127663,1.25481,0.457068,1.25481,0.457068,
1763897127699,1.25481,0.457069,1.25481,0.457069,
1763897127745,1.25481,0.457069,1.25481,0.457069,
1763897127781,1.25481,0.457069,1.25481,0.457069,
1763897127819,1.25481,0.45707,1.25481,0.45707,
1763897127862,1.2548,0.45707,1.2548,0.45707,
1763897127899,1.2548,0.457071,1.2548,0.45707,
1763897127934,1.2548,0.457071,1.2548,0.457071,
1763897127970,1.2548,0.457071,1.2548,0.457071,
1763897128004,1.2548,0.457072,1.2548,0.457072,
1763897128046,1.2548,0.457072,1.2548,0.457072,
1763897128076,1.2548,0.457073,1.2548,0.457073,
1763897128112,1.2548,0.457073,1.2548,0.457073,
1763897128146,1.25479,0.457074,1.25479,0.457074,
1763897128187,1.25479,0.457074,1.25479,0.457074,
1763897128226,1.25479,0.457074,1.25479,0.457074,
1763897128251,1.25479,0.457075,1.25479,0.457075,
1763897128294,1.25479,0.457075,1.25479,0.457075,
1763897128328,1.25479,0.457075,1.25479,0.457075,
1763897128358,1.25479,0.457076,1.25479,0.457076,
1763897128393,1.25479,0.457076,1.25479,0.457076,
1763897128421,1.25478,0.457077,1.25478,0.457077,
1763897128466,1.25478,0.457077,1.25478,0.457077,
1763897128516,1.25478,0.457077,1.25478,0.457077,
1763897128544,1.25478,0.457078,1.25478,0.457078,
1763897128575,1.25478,0.457078,1.25478,0.457078,
1763897128618,1.25478,0.457079,1.25478,0.457079,
1763897128657,1.25478,0.457079,1.25478,0.457079,
1763897128686,1.25478,0.45708,1.25478,0.45708,
1763897128727,1.25477,0.45708,1.25477,0.45708,
1763897128757,1.25477,0.45708,1.25477,0.45708,
1763897128803,1.25477,0.45708,1.25477,0.457081,
1763897128838,1.25477,0.457081,1.25477,0.457081,
1763897128871,1.25477,0.457081,1.25477,0.457081,
1763897128908,1.25477,0.457082,1.25477,0.457082,
1763897128949,1.25477,0.457082,1.25477,0.457082,
1763897128991,1.25477,0.457083,1.25477,0.457083,
1763897129036,1.25476,0.457083,1.25476,0.457083,
1763897129069,1.25476,0.457084,1.25476,0.457084,
1763897129098,1.25476,0.457084,1.25476,0.457084,
1763897129139,1.25476,0.457084,1.25476,0.457084,
1763897129183,1.25476,0.457085,1.25476,0.457085,
1763897129219,1.25476,0.457085,1.25476,0.457085,
1763897129261,1.25476,0.457086,1.25476,0.457086,
1763897129298,1.25476,0.457086,1.25476,0.457086,
1763897129330,1.25475,0.457086,1.25475,0.457086,
1763897129375,1.25475,0.457087,1.25475,0.457087,
1763897129417,1.25475,0.457087,1.25475,0.457087,
1763897129467,1.25475,0.457087,1.25475,0.457087,
1763897129485,1.25475,0.457088,1.25475,0.457088,
1763897129524,1.25475,0.457088,1.25475,0.457088,
1763897129559,1.25475,0.457089,1.25475,0.457089,
1763897129596,1.25475,0.457089,1.25475,0.457089,
1763897129635,1.25474,0.45709,1.25474,0.45709,
1763897129667,1.25474,0.45709,1.25474,0.45709,
1763897129701,1.25474,0.45709,1.25474,0.45709,
1763897129742,1.25474,0.457091,1.25474,0.457091,
1763897129783,1.25474,0.457091,1.25474,0.457091,
1763897129824,1.25474,0.457092,1.25474,0.457092,
1763897129864,1.25474,0.457092,1.25474,0.457092,
1763897129901,1.25474,0.457093,1.25474,0.457093,
1763897129944,1.25473,0.457093,1.25473,0.457093,
1763897129983,1.25473,0.457093,1.25473,0.457093,
1763897130016,1.25473,0.457094,1.25473,0.457094,
1763897130058,1.25473,0.457094,1.25473,0.457094,
1763897130102,1.25473,0.457094,1.25473,0.457095,
1763897130137,1.25473,0.457095,1.25473,0.457095,
1763897130179,1.25473,0.457095,1.25473,0.457095,
1763897130211,1.25473,0.457096,1.25473,0.457096,
1763897130244,1.25472,0.457096,1.25472,0.457096,
1763897130286,1.25472,0.457096,1.25472,0.457096,
1763897130313,1.25472,0.457097,1.25472,0.457097,
1763897130352,1.25472,0.457097,1.25472,0.457097,
1763897130389,1.25472,0.457098,1.25472,0.457098,
1763897130424,1.25472,0.457098,1.25472,0.457098,
1763897130469,1.25472,0.457099,1.25472,0.457099,
1763897130512,1.25472,0.457099,1.25472,0.457099,
1763897130551,1.25471,0.457099,1.25471,0.457099,
1763897130587,1.25471,0.4571,1.25471,0.4571,
1763897130622,1.25471,0.4571,1.25471,0.4571,
1763897130658,1.25471,0.4571,1.25471,0.4571,
1763897130696,1.25471,0.457101,1.25471,0.457101,
1763897130739,1.25471,0.457101,1.25471,0.457101,
1763897130768,1.25471,0.457102,1.25471,0.457102,
1763897130812,1.25471,0.457102,1.25471,0.457102,
1763897130846,1.2547,0.457102,1.2547,0.457103,
1763897130888,1.2547,0.457103,1.2547,0.457103,
1763897130936,1.2547,0.457103,1.2547,0.457103,
1763897130975,1.2547,0.457104,1.2547,0.457104,
1763897131038,1.2547,0.457104,1.2547,0.457104,
1763897131079,1.2547,0.457105,1.2547,0.457105,
1763897131118,1.2547,0.457105,1.2547,0.457105,
1763897131169,1.2547,0.457105,1.2547,0.457105,
1763897131201,1.25469,0.457106,1.25469,0.457106,
1763897131228,1.25469,0.457106,1.25469,0.457106,
1763897131257,1.25469,0.457106,1.25469,0.457106,
1763897131310,1.25469,0.457107,1.25469,0.457107,
1763897131340,1.25469,0.457107,1.25469,0.457107,
1763897131374,1.25469,0.457108,1.25469,0.457108,
1763897131420,1.25469,0.457108,1.25469,0.457108,
1763897131460,1.25469,0.457109,1.25469,0.457109,
1763897131491,1.25468,0.457109,1.25468,0.457109,
1763897131537,1.25468,0.45711,1.25468,0.45711,
1763897131572,1.25468,0.45711,1.25468,0.45711,
1763897131606,1.25468,0.45711,1.25468,0.45711,
1763897131648,1.25468,0.45711,1.25468,0.457111,
1763897131681,1.25468,0.457111,1.25468,0.457111,
1763897131718,1.25468,0.457111,1.25468,0.457111,
1763897131767,1.25468,0.457112,1.25468,0.457112,
1763897131802,1.25467,0.457112,1.25467,0.457112,
1763897131834,1.25467,0.457113,1.25467,0.457113,
1763897131879,1.25467,0.457113,1.25467,0.457113,
1763897131916,1.25467,0.457114,1.25467,0.457113,
1763897131949,1.25467,0.457114,1.25467,0.457114,
1763897131990,1.25467,0.457114,1.25467,0.457114,
1763897132044,1.25467,0.457115,1.25467,0.457115,
1763897132067,1.25467,0.457115,1.25467,0.457115,
1763897132107,1.25466,0.457115,1.25466,0.457115,
1763897132143,1.25466,0.457116,1.25466,0.457116,
1763897132174,1.25466,0.457116,1.25466,0.457116,
1763897132211,1.25466,0.457117,1.25466,0.457117,
1763897132247,1.25466,0.457117,1.25466,0.457117,
1763897132286,1.25466,0.457118,1.25466,0.457117,
1763897132323,1.25466,0.457118,1.25466,0.457118,
1763897132367,1.25466,0.457118,1.25466,0.457118,
1763897132402,1.25465,0.457119,1.25465,0.457119,
1763897132441,1.25465,0.457119,1.25465,0.457119,
1763897132479,1.25465,0.457119,1.25465,0.45712,
1763897132517,1.25465,0.45712,1.25465,0.45712,
1763897132550,1.25465,0.45712,1.25465,0.45712,
1763897132593,1.25465,0.457121,1.25465,0.457121,
1763897132620,1.25465,0.457121,1.25465,0.457121,
1763897132659,1.25465,0.457122,1.25465,0.457122,
1763897132694,1.25464,0.457122,1.25464,0.457122,
1763897132722,1.25464,0.457122,1.25464,0.457122,
1763897132761,1.25464,0.457123,1.25464,0.457123,
1763897132794,1.25464,0.457123,1.25464,0.457123,
1763897132833,1.25464,0.457124,1.25464,0.457124,
1763897132872,1.25464,0.457124,1.25464,0.457124,
1763897132903,1.25464,0.457124,1.25464,0.457124,
1763897132951,1.25464,0.457125,1.25464,0.457125,
1763897132978,1.25463,0.457125,1.25463,0.457125,
1763897133011,1.25463,0.457125,1.25463,0.457125,
1763897133043,1.25463,0.457126,1.25463,0.457126,
1763897133078,1.25463,0.457126,1.25463,0.457126,
1763897133128,1.25463,0.457127,1.25463,0.457127,
1763897133166,1.25463,0.457127,1.25463,0.457127,
1763897133199,1.25463,0.457128,1.25463,0.457128,
1763897133238,1.25463,0.457128,1.25463,0.457128,
1763897133263,1.25462,0.457128,1.25462,0.457128,
1763897133298,1.25462,0.457129,1.25462,0.457129,
1763897133338,1.25462,0.457129,1.25462,0.457129,
1763897133372,1.25462,0.45713,1.25462,0.457129,
1763897133408,1.25462,0.45713,1.25462,0.45713,
1763897133445,1.25462,0.45713,1.25462,0.45713,
1763897133475,1.25462,0.457131,1.25462,0.457131,
1763897133516,1.25462,0.457131,1.25462,0.457131,
1763897133554,1.25461,0.457132,1.25461,0.457132,
1763897133592,1.25461,0.457132,1.25461,0.457132,
1763897133629,1.25461,0.457132,1.25461,0.457132,
1763897133665,1.25461,0.457133,1.25461,0.457133,
1763897133701,1.25461,0.457133,1.25461,0.457133,
1763897133735,1.25461,0.457134,1.25461,0.457134,
1763897133776,1.25461,0.457134,1.25461,0.457134,
1763897133811,1.25461,0.457134,1.25461,0.457134,
1763897133847,1.2546,0.457135,1.2546,0.457135,
1763897133889,1.2546,0.457135,1.2546,0.457135,
1763897133931,1.2546,0.457136,1.2546,0.457136,
1763897133967,1.2546,0.457136,1.2546,0.457136,
1763897134012,1.2546,0.457136,1.2546,0.457136,
1763897134047,1.2546,0.457137,1.2546,0.457137,
1763897134087,1.2546,0.457137,1.2546,0.457137,
1763897134124,1.2546,0.457138,1.2546,0.457138,
1763897134164,1.25459,0.457138,1.25459,0.457138,
1763897134202,1.25459,0.457138,1.25459,0.457138,
1763897134245,1.25459,0.457139,1.25459,0.457139,
1763897134277,1.25459,0.457139,1.25459,0.457139,
1763897134311,1.25459,0.45714,1.25459,0.45714,
1763897134357,1.25459,0.45714,1.25459,0.45714,
1763897134395,1.25459,0.457141,1.25459,0.457141,
1763897134426,1.25459,0.457141,1.25459,0.457141,
1763897134462,1.25458,0.457141,1.25458,0.457141,
1763897134496,1.25458,0.457142,1.25458,0.457142,
1763897134534,1.25458,0.457142,1.25458,0.457142,
1763897134577,1.25458,0.457143,1.25458,0.457142,
1763897134610,1.25458,0.457143,1.25458,0.457143,
1763897134638,1.25458,0.457143,1.25458,0.457143,
1763897134684,1.25458,0.457144,1.25458,0.457144,
1763897134712,1.25458,0.457144,1.25458,0.457144,
1763897134749,1.25457,0.457145,1.25457,0.457145,
1763897134789,1.25457,0.457145,1.25457,0.457145,
1763897134821,1.25457,0.457145,1.25457,0.457145,
1763897134858,1.25457,0.457146,1.25457,0.457146,
1763897134896,1.25457,0.457146,1.25457,0.457146,
1763897134933,1.25457,0.457146,1.25457,0.457147,
1763897134966,1.25457,0.457147,1.25457,0.457147,
1763897135004,1.25457,0.457147,1.25457,0.457147,
1763897135063,1.25456,0.457148,1.25456,0.457148,
1763897135091,1.25456,0.457148,1.25456,0.457148,
1763897135125,1.25456,0.457149,1.25456,0.457149,
1763897135165,1.25456,0.457149,1.25456,0.457149,
1763897135198,1.25456,0.457149,1.25456,0.457149,
1763897135228,1.25456,0.45715,1.25456,0.45715,
1763897135268,1.25456,0.45715,1.25456,0.45715,
1763897135308,1.25456,0.457151,1.25456,0.457151,
1763897135344,1.25455,0.457151,1.25455,0.457151,
1763897135380,1.25455,0.457151,1.25455,0.457151,
1763897135412,1.25455,0.457152,1.25455,0.457152,
1763897135455,1.25455,0.457152,1.25455,0.457152,
1763897135487,1.25455,0.457152,1.25455,0.457152,
1763897135527,1.25455,0.457153,1.25455,0.457153,
1763897135574,1.25455,0.457153,1.25455,0.457153,
1763897135614,1.25455,0.457154,1.25455,0.457154,
1763897135651,1.25454,0.457154,1.25454,0.457154,
1763897135684,1.25454,0.457155,1.25454,0.457155,
1763897135730,1.25454,0.457155,1.25454,0.457155,
1763897135769,1.25454,0.457155,1.25454,0.457155,
1763897135805,1.25454,0.457156,1.25454,0.457156,
1763897135841,1.25454,0.457156,1.25454,0.457156,
1763897135882,1.25454,0.457157,1.25454,0.457157,
1763897135926,1.25454,0.457157,1.25454,0.457157,
1763897135967,1.25453,0.457157,1.25453,0.457157,
1763897136004,1.25453,0.457158,1.25453,0.457158,
1763897136039,1.25453,0.457158,1.25453,0.457158,
1763897136080,1.25453,0.457159,1.25453,0.457159,
1763897136128,1.25453,0.457159,1.25453,0.457159,
1763897136158,1.25453,0.457159,1.25453,0.457159,
1763897136187,1.25453,0.45716,1.25453,0.45716,
1763897136222,1.25453,0.45716,1.25453,0.45716,
1763897136264,1.25452,0.457161,1.25452,0.457161,
1763897136298,1.25452,0.457161,1.25452,0.457161,
1763897136330,1.25452,0.457162,1.25452,0.457162,
1763897136376,1.25452,0.457162,1.25452,0.457162,
1763897136412,1.25452,0.457162,1.25452,0.457162,
1763897136460,1.25452,0.457163,1.25452,0.457163,
1763897136506,1.25452,0.457163,1.25452,0.457163,
1763897136532,1.25452,0.457163,1.25452,0.457163,
1763897136572,1.25451,0.457164,1.25451,0.457164,
1763897136616,1.25451,0.457164,1.25451,0.457164,
1763897136647,1.25451,0.457165,1.25451,0.457165,
1763897136689,1.25451,0.457165,1.25451,0.457165,
1763897136736,1.25451,0.457166,1.25451,0.457166,
1763897136768,1.25451,0.457166,1.25451,0.457166,
1763897136802,1.25451,0.457166,1.25451,0.457166,
1763897136843,1.25451,0.457166,1.25451,0.457167,
1763897136896,1.2545,0.457167,1.2545,0.457167,
1763897136922,1.2545,0.457167,1.2545,0.457167,
1763897136960,1.2545,0.457168,1.2545,0.457168,
1763897137006,1.2545,0.457168,1.2545,0.457168,
1763897137029,1.2545,0.457169,1.2545,0.457169,
1763897137066,1.2545,0.457169,1.2545,0.457169,
1763897137105,1.2545,0.45717,1.2545,0.45717,
1763897137130,1.2545,0.45717,1.2545,0.45717,
1763897137174,1.25449,0.45717,1.25449,0.45717,
1763897137203,1.25449,0.457171,1.25449,0.457171,
1763897137237,1.25449,0.457171,1.25449,0.457171,
1763897137273,1.25449,0.457171,1.25449,0.457171,
1763897137316,1.25449,0.457172,1.25449,0.457172,
1763897137358,1.25449,0.457172,1.25449,0.457172,
1763897137398,1.25449,0.457173,1.25449,0.457173,
1763897137435,1.25448,0.457173,1.25448,0.457173,
1763897137480,1.25448,0.457174,1.25448,0.457174,
1763897137514,1.25448,0.457174,1.25448,0.457174,
1763897137555,1.25448,0.457174,1.25448,0.457174,
1763897137585,1.25448,0.457175,1.25448,0.457175,
1763897137623,1.25448,0.457175,1.25448,0.457175,
1763897137668,1.25448,0.457176,1.25448,0.457176,
1763897137698,1.25448,0.457176,1.25448,0.457176,
1763897137737,1.25448,0.457176,1.25448,0.457176,
1763897137779,1.25447,0.457177,1.25447,0.457177,
1763897137817,1.25447,0.457177,1.25447,0.457177,
1763897137842,1.25447,0.457177,1.25447,0.457177,
1763897137884,1.25447,0.457178,1.25447,0.457178,
1763897137928,1.25447,0.457178,1.25447,0.457178,
1763897137959,1.25447,0.457179,1.25447,0.457179,
1763897137998,1.25447,0.457179,1.25447,0.457179,
1763897138045,1.25446,0.45718,1.25446,0.45718,
1763897138085,1.25446,0.45718,1.25446,0.45718,
1763897138121,1.25446,0.457181,1.25446,0.457181,
1763897138165,1.25446,0.457181,1.25446,0.457181,
1763897138196,1.25446,0.457181,1.25446,0.457181,
1763897138227,1.25446,0.457182,1.25446,0.457182,
1763897138273,1.25446,0.457182,1.25446,0.457182,
1763897138315,1.25446,0.457182,1.25446,0.457182,
1763897138347,1.25445,0.457183,1.25445,0.457183,
1763897138375,1.25445,0.457183,1.25445,0.457183,
1763897138413,1.25445,0.457184,1.25445,0.457184,
1763897138459,1.25445,0.457184,1.25445,0.457184,
1763897138478,1.25445,0.457184,1.25445,0.457184,
1763897138522,1.25445,0.457185,1.25445,0.457185,
1763897138563,1.25445,0.457185,1.25445,0.457185,
1763897138600,1.25445,0.457186,1.25445,0.457186,
1763897138637,1.25444,0.457186,1.25444,0.457186,
1763897138684,1.25444,0.457186,1.25444,0.457186,
1763897138716,1.25444,0.457187,1.25444,0.457187,
1763897138760,1.25444,0.457187,1.25444,0.457187,
1763897138799,1.25444,0.457188,1.25444,0.457188,
1763897138857,1.25444,0.457188,1.25444,0.457188,
1763897138899,1.25444,0.457188,1.25444,0.457188,
1763897138938,1.25444,0.457189,1.25444,0.457189,
1763897138985,1.25443,0.457189,1.25443,0.457189,
1763897139024,1.25443,0.45719,1.25443,0.45719,
1763897139055,1.25443,0.45719,1.25443,0.45719,
1763897139092,1.25443,0.457191,1.25443,0.457191,
1763897139139,1.25443,0.457191,1.25443,0.457191,
1763897139182,1.25443,0.457191,1.25443,0.457191,
1763897139214,1.25443,0.457192,1.25443,0.457192,
1763897139255,1.25443,0.457192,1.25443,0.457192,
1763897139288,1.25442,0.457193,1.25442,0.457193,
1763897139319,1.25442,0.457193,1.25442,0.457193,
1763897139359,1.25442,0.457193,1.25442,0.457193,
1763897139403,1.25442,0.457194,1.25442,0.457194,
1763897139437,1.25442,0.457194,1.25442,0.457194,
1763897139486,1.25442,0.457195,1.25442,0.457195,
1763897139516,1.25442,0.457195,1.25442,0.457195,
1763897139551,1.25442,0.457195,1.25442,0.457195,
1763897139585,1.25441,0.457196,1.25441,0.457196,
1763897139622,1.25441,0.457196,1.25441,0.457196,
1763897139662,1.25441,0.457196,1.25441,0.457196,
1763897139707,1.25441,0.457197,1.25441,0.457197,
1763897139752,1.25441,0.457197,1.25441,0.457197,
1763897139783,1.25441,0.457198,1.25441,0.457198,
1763897139811,1.25441,0.457198,1.25441,0.457198,
1763897139851,1.25441,0.457199,1.25441,0.457199,
1763897139890,1.2544,0.457199,1.2544,0.457199,
1763897139921,1.2544,0.457199,1.2544,0.457199,
1763897139971,1.2544,0.4572,1.2544,0.4572,
1763897140004,1.2544,0.4572,1.2544,0.4572,
1763897140036,1.2544,0.457201,1.2544,0.457201,
1763897140075,1.2544,0.457201,1.2544,0.457201,
1763897140125,1.2544,0.457202,1.2544,0.457201,
1763897140159,1.2544,0.457202,1.2544,0.457202,
1763897140203,1.25439,0.457202,1.25439,0.457202,
1763897140231,1.25439,0.457203,1.25439,0.457203,
1763897140271,1.25439,0.457203,1.25439,0.457203,
1763897140301,1.25439,0.457203,1.25439,0.457203,
1763897140337,1.25439,0.457204,1.25439,0.457204,
1763897140380,1.25439,0.457204,1.25439,0.457204,
1763897140407,1.25439,0.457205,1.25439,0.457205,
1763897140458,1.25439,0.457205,1.25439,0.457205,
1763897140493,1.25438,0.457205,1.25438,0.457205,
1763897140535,1.25438,0.457206,1.25438,0.457206,
1763897140576,1.25438,0.457206,1.25438,0.457206,
1763897140613,1.25438,0.457207,1.25438,0.457207,
1763897140648,1.25438,0.457207,1.25438,0.457207,
1763897140692,1.25438,0.457208,1.25438,0.457208,
1763897140718,1.25438,0.457208,1.25438,0.457208,
1763897140750,1.25438,0.457208,1.25438,0.457208,
1763897140781,1.25437,0.457209,1.25437,0.457209,
1763897140823,1.25437,0.457209,1.25437,0.457209,
1763897140854,1.25437,0.457209,1.25437,0.457209,
1763897140895,1.25437,0.45721,1.25437,0.45721,
1763897140929,1.25437,0.45721,1.25437,0.45721,
1763897140963,1.25437,0.457211,1.25437,0.457211,
1763897141002,1.25437,0.457211,1.25437,0.457211,
1763897141038,1.25437,0.457212,1.25437,0.457212,
1763897141077,1.25436,0.457212,1.25436,0.457212,
1763897141112,1.25436,0.457212,1.25436,0.457212,
1763897141151,1.25436,0.457213,1.25436,0.457213,
1763897141186,1.25436,0.457213,1.25436,0.457213,
1763897141229,1.25436,0.457214,1.25436,0.457214,
1763897141271,1.25436,0.457214,1.25436,0.457214,
1763897141320,1.25436,0.457214,1.25436,0.457214,
1763897141351,1.25436,0.457215,1.25436,0.457215,
1763897141384,1.25435,0.457215,1.25435,0.457215,
1763897141424,1.25435,0.457216,1.25435,0.457216,
1763897141469,1.25435,0.457216,1.25435,0.457216,
1763897141506,1.25435,0.457216,1.25435,0.457216,
1763897141540,1.25435,0.457217,1.25435,0.457217,
1763897141578,1.25435,0.457217,1.25435,0.457217,
1763897141616,1.25435,0.457218,1.25435,0.457218,
1763897141658,1.25435,0.457218,1.25435,0.457218,
1763897141694,1.25434,0.457218,1.25434,0.457218,
1763897141743,1.25434,0.457219,1.25434,0.457219,
1763897141764,1.25434,0.457219,1.25434,0.457219,
1763897141806,1.25434,0.45722,1.25434,0.45722,
1763897141844,1.25434,0.45722,1.25434,0.45722,
1763897141873,1.25434,0.457221,1.25434,0.45722,
1763897141911,1.25434,0.457221,1.25434,0.457221,
1763897141953,1.25434,0.457221,1.25434,0.457221,
1763897141985,1.25433,0.457222,1.25433,0.457222,
1763897142014,1.25433,0.457222,1.25433,0.457222,
1763897142048,1.25433,0.457222,1.25433,0.457222,
1763897142092,1.25433,0.457223,1.25433,0.457223,
1763897142134,1.25433,0.457223,1.25433,0.457223,
1763897142176,1.25433,0.457224,1.25433,0.457224,
1763897142223,1.25433,0.457224,1.25433,0.457224,
1763897142268,1.25433,0.457225,1.25433,0.457225,
1763897142290,1.25432,0.457225,1.25432,0.457225,
1763897142322,1.25432,0.457225,1.25432,0.457225,
1763897142370,1.25432,0.457225,1.25432,0.457225,
1763897142400,1.25432,0.457226,1.25432,0.457226,
1763897142434,1.25432,0.457226,1.25432,0.457226,
1763897142475,1.25432,0.457227,1.25432,0.457227,
1763897142515,1.25432,0.457227,1.25432,0.457227,
1763897142544,1.25432,0.457228,1.25432,0.457228,
1763897142586,1.25431,0.457228,1.25431,0.457228,
1763897142621,1.25431,0.457228,1.25431,0.457228,
1763897142650,1.25431,0.457229,1.25431,0.457229,
1763897142691,1.25431,0.457229,1.25431,0.457229,
1763897142721,1.25431,0.45723,1.25431,0.45723,
1763897142759,1.25431,0.45723,1.25431,0.45723,
1763897142802,1.25431,0.457231,1.25431,0.457231,
1763897142847,1.25431,0.457231,1.25431,0.457231,
1763897142875,1.2543,0.457231,1.2543,0.457231,
1763897142911,1.2543,0.457232,1.2543,0.457232,
1763897142952,1.2543,0.457232,1.2543,0.457232,
1763897142997,1.2543,0.457232,1.2543,0.457232,
1763897143034,1.2543,0.457233,1.2543,0.457233,
1763897143071,1.2543,0.457233,1.2543,0.457233,
1763897143110,1.2543,0.457234,1.2543,0.457234,
1763897143142,1.2543,0.457234,1.2543,0.457234,
1763897143175,1.25429,0.457235,1.25429,0.457235,
1763897143217,1.25429,0.457235,1.25429,0.457235,
1763897143259,1.25429,0.457235,1.25429,0.457235,
1763897143293,1.25429,0.457236,1.25429,0.457236,
1763897143320,1.25429,0.457236,1.25429,0.457236,
1763897143359,1.25429,0.457237,1.25429,0.457237,
1763897143399,1.25429,0.457237,1.25429,0.457237,
1763897143429,1.25429,0.457237,1.25429,0.457237,
1763897143472,1.25428,0.457238,1.25428,0.457238,
1763897143523,1.25428,0.457238,1.25428,0.457238,
1763897143546,1.25428,0.457239,1.25428,0.457239,
1763897143583,1.25428,0.457239,1.25428,0.457239,
1763897143620,1.25428,0.457239,1.25428,0.45724,
1763897143660,1.25428,0.45724,1.25428,0.45724,
1763897143697,1.25428,0.45724,1.25428,0.45724,
1763897143741,1.25428,0.45724,1.25428,0.45724,
1763897143776,1.25427,0.457241,1.25427,0.457241,
1763897143812,1.25427,0.457241,1.25427,0.457241,
1763897143846,1.25427,0.457242,1.25427,0.457242,
1763897143896,1.25427,0.457242,1.25427,0.457242,
1763897143921,1.25427,0.457243,1.25427,0.457243,
1763897143961,1.25427,0.457243,1.25427,0.457243,
1763897143998,1.25427,0.457243,1.25427,0.457243,
1763897144039,1.25427,0.457244,1.25427,0.457244,
1763897144080,1.25426,0.457244,1.25426,0.457244,
1763897144123,1.25426,0.457245,1.25426,0.457245,
1763897144156,1.25426,0.457245,1.25426,0.457245,
1763897144195,1.25426,0.457245,1.25426,0.457245,
1763897144228,1.25426,0.457246,1.25426,0.457246,
1763897144269,1.25426,0.457246,1.25426,0.457246,
1763897144299,1.25426,0.457247,1.25426,0.457247,
1763897144334,1.25426,0.457247,1.25426,0.457247,
1763897144385,1.25425,0.457247,1.25425,0.457247,
1763897144410,1.25425,0.457248,1.25425,0.457248,
1763897144448,1.25425,0.457248,1.25425,0.457248,
1763897144489,1.25425,0.457249,1.25425,0.457249,
1763897144529,1.25425,0.457249,1.25425,0.457249,
1763897144561,1.25425,0.45725,1.25425,0.45725,
1763897144595,1.25425,0.45725,1.25425,0.45725,
1763897144636,1.25425,0.45725,1.25425,0.45725,
1763897144679,1.25424,0.457251,1.25424,0.457251,
1763897144725,1.25424,0.457251,1.25424,0.457251,
1763897144758,1.25424,0.457251,1.25424,0.457251,
1763897144798,1.25424,0.457252,1.25424,0.457252,
1763897144829,1.25424,0.457252,1.25424,0.457252,
1763897144870,1.25424,0.457253,1.25424,0.457253,
1763897144915,1.25424,0.457253,1.25424,0.457253,
1763897144956,1.25424,0.457254,1.25424,0.457253,
1763897145002,1.25423,0.457254,1.25423,0.457254,
1763897145033,1.25423,0.457254,1.25423,0.457254,
1763897145079,1.25423,0.457255,1.25423,0.457255,
1763897145114,1.25423,0.457255,1.25423,0.457255,
1763897145159,1.25423,0.457255,1.25423,0.457255,
1763897145196,1.25423,0.457256,1.25423,0.457256,
1763897145237,1.25423,0.457256,1.25423,0.457256,
1763897145279,1.25423,0.457257,1.25423,0.457257,
1763897145312,1.25422,0.457257,1.25422,0.457257,
1763897145351,1.25422,0.457257,1.25422,0.457257,
1763897145397,1.25422,0.457258,1.25422,0.457258,
1763897145429,1.25422,0.457258,1.25422,0.457258,
1763897145466,1.25422,0.457259,1.25422,0.457259,
1763897145498,1.25422,0.457259,1.25422,0.457259,
1763897145537,1.25422,0.45726,1.25422,0.45726,
1763897145581,1.25422,0.45726,1.25422,0.45726,
1763897145612,1.25421,0.45726,1.25421,0.45726,
1763897145654,1.25421,0.457261,1.25421,0.457261,
1763897145692,1.25421,0.457261,1.25421,0.457261,
1763897145737,1.25421,0.457262,1.25421,0.457262,
1763897145766,1.25421,0.457262,1.25421,0.457262,
1763897145808,1.25421,0.457262,1.25421,0.457262,
1763897145858,1.25421,0.457263,1.25421,0.457263,
1763897145887,1.25421,0.457263,1.25421,0.457263,
1763897145927,1.2542,0.457264,1.2542,0.457264,
1763897145975,1.2542,0.457264,1.2542,0.457264,
1763897146009,1.2542,0.457264,1.2542,0.457264,
1763897146042,1.2542,0.457265,1.2542,0.457265,
1763897146086,1.2542,0.457265,1.2542,0.457265,
1763897146126,1.2542,0.457266,1.2542,0.457266,
1763897146172,1.2542,0.457266,1.2542,0.457266,
1763897146213,1.2542,0.457267,1.2542,0.457267,
1763897146247,1.25419,0.457267,1.25419,0.457267,
1763897146285,1.25419,0.457267,1.25419,0.457267,
1763897146314,1.25419,0.457267,1.25419,0.457267,
1763897146357,1.25419,0.457268,1.25419,0.457268,
1763897146396,1.25419,0.457268,1.25419,0.457268,
1763897146431,1.25419,0.457269,1.25419,0.457269,
1763897146476,1.25419,0.457269,1.25419,0.457269,
1763897146510,1.25419,0.45727,1.25419,0.45727,
1763897146550,1.25418,0.45727,1.25418,0.45727,
1763897146595,1.25418,0.45727,1.25418,0.45727,
1763897146635,1.25418,0.457271,1.25418,0.457271,
1763897146679,1.25418,0.457271,1.25418,0.457271,
1763897146701,1.25418,0.457272,1.25418,0.457272,
1763897146744,1.25418,0.457272,1.25418,0.457272,
1763897146779,1.25418,0.457273,1.25418,0.457272,
1763897146818,1.25418,0.457273,1.25418,0.457273,
1763897146860,1.25417,0.457273,1.25417,0.457273,
1763897146895,1.25417,0.457274,1.25417,0.457274,
1763897146930,1.25417,0.457274,1.25417,0.457274,
1763897146968,1.25417,0.457274,1.25417,0.457274,
1763897147011,1.25417,0.457275,1.25417,0.457275,
1763897147042,1.25417,0.457275,1.25417,0.457275,
1763897147081,1.25417,0.457276,1.25417,0.457276,
1763897147118,1.25417,0.457276,1.25417,0.457276,
1763897147144,1.25416,0.457276,1.25416,0.457276,
1763897147185,1.25416,0.457277,1.25416,0.457277,
1763897147228,1.25416,0.457277,1.25416,0.457277,
1763897147268,1.25416,0.457278,1.25416,0.457277,
1763897147301,1.25416,0.457278,1.25416,0.457278,
1763897147344,1.25416,0.457278,1.25416,0.457278,
1763897147387,1.25416,0.457279,1.25416,0.457279,
1763897147428,1.25416,0.457279,1.25416,0.457279,
1763897147460,1.25415,0.45728,1.25415,0.45728,
1763897147494,1.25415,0.45728,1.25415,0.45728,
1763897147526,1.25415,0.457281,1.25415,0.457281,
1763897147566,1.25415,0.457281,1.25415,0.457281,
1763897147601,1.25415,0.457281,1.25415,0.457281,
1763897147632,1.25415,0.457282,1.25415,0.457282,
1763897147672,1.25415,0.457282,1.25415,0.457282,
1763897147723,1.25415,0.457283,1.25415,0.457283,
1763897147754,1.25414,0.457283,1.25414,0.457283,
1763897147803,1.25414,0.457283,1.25414,0.457283,
1763897147837,1.25414,0.457284,1.25414,0.457284,
1763897147868,1.25414,0.457284,1.25414,0.457284,
1763897147907,1.25414,0.457284,1.25414,0.457284,
1763897147942,1.25414,0.457285,1.25414,0.457285,
1763897147970,1.25414,0.457285,1.25414,0.457285,
1763897148011,1.25414,0.457286,1.25414,0.457286,
1763897148049,1.25413,0.457286,1.25413,0.457286,
1763897148084,1.25413,0.457287,1.25413,0.457287,
1763897148126,1.25413,0.457287,1.25413,0.457287,
1763897148167,1.25413,0.457287,1.25413,0.457287,
1763897148206,1.25413,0.457288,1.25413,0.457288,
1763897148253,1.25413,0.457288,1.25413,0.457288,
1763897148283,1.25413,0.457289,1.25413,0.457289,
1763897148327,1.25413,0.457289,1.25413,0.457289,
1763897148354,1.25412,0.457289,1.25412,0.457289,
1763897148398,1.25412,0.45729,1.25412,0.45729,
1763897148444,1.25412,0.45729,1.25412,0.45729,
1763897148477,1.25412,0.457291,1.25412,0.457291,
1763897148509,1.25412,0.457291,1.25412,0.457291,
1763897148550,1.25412,0.457292,1.25412,0.457291,
1763897148587,1.25412,0.457292,1.25412,0.457292,
1763897148621,1.25412,0.457292,1.25412,0.457292,
1763897148666,1.25411,0.457293,1.25411,0.457293,
1763897148704,1.25411,0.457293,1.25411,0.457293,
1763897148735,1.25411,0.457293,1.25411,0.457293,
1763897148768,1.25411,0.457294,1.25411,0.457294,
1763897148804,1.25411,0.457294,1.25411,0.457294,
1763897148839,1.25411,0.457295,1.25411,0.457295,
1763897148879,1.25411,0.457295,1.25411,0.457295,
1763897148919,1.2541,0.457296,1.2541,0.457296,
1763897148956,1.2541,0.457296,1.2541,0.457296,
1763897148991,1.2541,0.457296,1.2541,0.457296,
1763897149022,1.2541,0.457296,1.2541,0.457297,
1763897149055,1.2541,0.457297,1.2541,0.457297,
1763897149092,1.2541,0.457297,1.2541,0.457297,
1763897149137,1.2541,0.457298,1.2541,0.457298,
1763897149167,1.2541,0.457298,1.2541,0.457298,
1763897149210,1.25409,0.457299,1.25409,0.457299,
1763897149255,1.25409,0.457299,1.25409,0.457299,
1763897149288,1.25409,0.457299,1.25409,0.457299,
1763897149331,1.25409,0.4573,1.25409,0.4573,
1763897149368,1.25409,0.4573,1.25409,0.4573,
1763897149405,1.25409,0.457301,1.25409,0.457301,
1763897149442,1.25409,0.457301,1.25409,0.457301,
1763897149483,1.25409,0.457301,1.25409,0.457301,
1763897149509,1.25408,0.457302,1.25408,0.457302,
1763897149553,1.25408,0.457302,1.25408,0.457302,
1763897149595,1.25408,0.457303,1.25408,0.457303,
1763897149619,1.25408,0.457303,1.25408,0.457303,
1763897149654,1.25408,0.457304,1.25408,0.457304,
1763897149701,1.25408,0.457304,1.25408,0.457304,
1763897149731,1.25408,0.457305,1.25408,0.457305,
1763897149771,1.25408,0.457305,1.25408,0.457305,
1763897149808,1.25407,0.457305,1.25407,0.457305,
1763897149848,1.25407,0.457305,1.25407,0.457305,
1763897149887,1.25407,0.457306,1.25407,0.457306,
1763897149928,1.25407,0.457306,1.25407,0.457306,
1763897149960,1.25407,0.457307,1.25407,0.457307,
1763897149993,1.25407,0.457307,1.25407,0.457307,
1763897150028,1.25407,0.457308,1.25407,0.457308,
1763897150073,1.25407,0.457308,1.25407,0.457308,
1763897150110,1.25406,0.457308,1.25406,0.457308,
1763897150141,1.25406,0.457309,1.25406,0.457309,
1763897150180,1.25406,0.457309,1.25406,0.457309,
1763897150215,1.25406,0.457309,1.25406,0.457309,
1763897150249,1.25406,0.45731,1.25406,0.45731,
1763897150281,1.25406,0.45731,1.25406,0.45731,
1763897150311,1.25406,0.457311,1.25406,0.457311,
1763897150348,1.25406,0.457311,1.25406,0.457311,
1763897150394,1.25405,0.457312,1.25405,0.457312,
1763897150431,1.25405,0.457312,1.25405,0.457312,
1763897150463,1.25405,0.457313,1.25405,0.457313,
1763897150508,1.25405,0.457313,1.25405,0.457313,
1763897150544,1.25405,0.457313,1.25405,0.457313,
1763897150579,1.25405,0.457314,1.25405,0.457314,
1763897150619,1.25405,0.457314,1.25405,0.457314,
1763897150651,1.25405,0.457314,1.25405,0.457314,
1763897150693,1.25404,0.457315,1.25404,0.457315,
1763897150728,1.25404,0.457315,1.25404,0.457315,
1763897150762,1.25404,0.457316,1.25404,0.457316,
1763897150806,1.25404,0.457316,1.25404,0.457316,
1763897150840,1.25404,0.457316,1.25404,0.457316,
1763897150878,1.25404,0.457317,1.25404,0.457317,
1763897150918,1.25404,0.457317,1.25404,0.457317,
1763897150957,1.25404,0.457318,1.25404,0.457318,
1763897150991,1.25403,0.457318,1.25403,0.457318,
1763897151035,1.25403,0.457318,1.25403,0.457318,
1763897151072,1.25403,0.457319,1.25403,0.457319,
1763897151106,1.25403,0.457319,1.25403,0.457319,
1763897151146,1.25403,0.45732,1.25403,0.45732,
1763897151192,1.25403,0.45732,1.25403,0.45732,
1763897151239,1.25403,0.457321,1.25403,0.457321,
1763897151268,1.25403,0.457321,1.25403,0.457321,
1763897151308,1.25402,0.457321,1.25402,0.457321,
1763897151355,1.25402,0.457322,1.25402,0.457322,
1763897151395,1.25402,0.457322,1.25402,0.457322,
1763897151427,1.25402,0.457322,1.25402,0.457322,
1763897151464,1.25402,0.457323,1.25402,0.457323,
1763897151501,1.25402,0.457323,1.25402,0.457323,
1763897151545,1.25402,0.457324,1.25402,0.457324,
1763897151580,1.25402,0.457324,1.25402,0.457324,
1763897151615,1.25401,0.457325,1.25401,0.457325,
1763897151650,1.25401,0.457325,1.25401,0.457325,
1763897151696,1.25401,0.457325,1.25401,0.457325,
1763897151733,1.25401,0.457326,1.25401,0.457326,
1763897151774,1.25401,0.457326,1.25401,0.457326,
1763897151814,1.25401,0.457326,1.25401,0.457326,
1763897151854,1.25401,0.457327,1.25401,0.457327,
1763897151888,1.25401,0.457327,1.25401,0.457327,
1763897151932,1.254,0.457328,1.254,0.457328,
1763897151967,1.254,0.457328,1.254,0.457328,
1763897151996,1.254,0.457329,1.254,0.457329,
1763897152035,1.254,0.457329,1.254,0.457329,
1763897152084,1.254,0.457329,1.254,0.457329,
1763897152112,1.254,0.45733,1.254,0.45733,
1763897152147,1.254,0.45733,1.254,0.45733,
1763897152195,1.254,0.45733,1.254,0.45733,
1763897152222,1.25399,0.457331,1.25399,0.457331,
1763897152259,1.25399,0.457331,1.25399,0.457331,
1763897152297,1.25399,0.457332,1.25399,0.457332,
1763897152343,1.25399,0.457332,1.25399,0.457332,
1763897152376,1.25399,0.457332,1.25399,0.457332,
1763897152407,1.25399,0.457333,1.25399,0.457333,
1763897152451,1.25399,0.457333,1.25399,0.457333,
1763897152483,1.25399,0.457334,1.25399,0.457334,
1763897152520,1.25398,0.457334,1.25398,0.457334,
1763897152559,1.25398,0.457335,1.25398,0.457335,
1763897152601,1.25398,0.457335,1.25398,0.457335,
1763897152629,1.25398,0.457335,1.25398,0.457335,
1763897152679,1.25398,0.457336,1.25398,0.457336,
1763897152710,1.25398,0.457336,1.25398,0.457336,
1763897152745,1.25398,0.457337,1.25398,0.457337,
1763897152789,1.25398,0.457337,1.25398,0.457337,
1763897152826,1.25397,0.457337,1.25397,0.457337,
1763897152859,1.25397,0.457338,1.25397,0.457338,
1763897152898,1.25397,0.457338,1.25397,0.457338,
1763897152934,1.25397,0.457339,1.25397,0.457339,
1763897152972,1.25397,0.457339,1.25397,0.457339,
1763897153012,1.25397,0.457339,1.25397,0.457339,
1763897153055,1.25397,0.45734,1.25397,0.45734,
1763897153085,1.25397,0.45734,1.25397,0.45734,
1763897153127,1.25396,0.457341,1.25396,0.457341,
1763897153164,1.25396,0.457341,1.25396,0.457341,
1763897153204,1.25396,0.457341,1.25396,0.457341,
1763897153247,1.25396,0.457342,1.25396,0.457342,
1763897153290,1.25396,0.457342,1.25396,0.457342,
1763897153329,1.25396,0.457343,1.25396,0.457343,
1763897153375,1.25396,0.457343,1.25396,0.457343,
1763897153410,1.25396,0.457344,1.25396,0.457343,
1763897153440,1.25395,0.457344,1.25395,0.457344,
1763897153477,1.25395,0.457344,1.25395,0.457344,
1763897153520,1.25395,0.457345,1.25395,0.457345,
1763897153555,1.25395,0.457345,1.25395,0.457345,
1763897153593,1.25395,0.457346,1.25395,0.457346,
1763897153635,1.25395,0.457346,1.25395,0.457346,
1763897153683,1.25395,0.457346,1.25395,0.457346,
1763897153725,1.25395,0.457347,1.25395,0.457347,
1763897153754,1.25394,0.457347,1.25394,0.457347,
1763897153792,1.25394,0.457347,1.25394,0.457347,
1763897153844,1.25394,0.457348,1.25394,0.457348,
1763897153884,1.25394,0.457348,1.25394,0.457348,
1763897153911,1.25394,0.457349,1.25394,0.457349,
1763897153952,1.25394,0.457349,1.25394,0.457349,
1763897153985,1.25394,0.45735,1.25394,0.45735,
1763897154022,1.25394,0.45735,1.25394,0.45735,
1763897154070,1.25393,0.45735,1.25393,0.45735,
1763897154113,1.25393,0.457351,1.25393,0.457351,
1763897154140,1.25393,0.457351,1.25393,0.457351,
1763897154176,1.25393,0.457351,1.25393,0.457351,
1763897154220,1.25393,0.457352,1.25393,0.457352,
1763897154260,1.25393,0.457352,1.25393,0.457352,
1763897154287,1.25393,0.457353,1.25393,0.457353,
1763897154327,1.25393,0.457353,1.25393,0.457353,
1763897154375,1.25392,0.457354,1.25392,0.457354,
1763897154416,1.25392,0.457354,1.25392,0.457354,
1763897154452,1.25392,0.457354,1.25392,0.457354,
1763897154484,1.25392,0.457355,1.25392,0.457355,
1763897154524,1.25392,0.457355,1.25392,0.457355,
1763897154559,1.25392,0.457355,1.25392,0.457355,
1763897154598,1.25392,0.457356,1.25392,0.457356,
1763897154635,1.25392,0.457356,1.25392,0.457356,
1763897154699,1.25391,0.457357,1.25391,0.457357,
1763897154716,1.25391,0.457357,1.25391,0.457357,
1763897154757,1.25391,0.457358,1.25391,0.457357,
1763897154788,1.25391,0.457358,1.25391,0.457358,
1763897154824,1.25391,0.457358,1.25391,0.457358,
1763897154851,1.25391,0.457359,1.25391,0.457359,
1763897154900,1.25391,0.457359,1.25391,0.457359,
1763897154936,1.25391,0.457359,1.25391,0.457359,
1763897154971,1.2539,0.45736,1.2539,0.45736,
1763897155012,1.2539,0.45736,1.2539,0.45736,
1763897155047,1.2539,0.457361,1.2539,0.457361,
1763897155080,1.2539,0.457361,1.2539,0.457361,
1763897155118,1.2539,0.457362,1.2539,0.457362,
1763897155163,1.2539,0.457362,1.2539,0.457362,
1763897155195,1.2539,0.457362,1.2539,0.457363,
1763897155230,1.2539,0.457363,1.2539,0.457363,
1763897155260,1.25389,0.457363,1.25389,0.457363,
1763897155291,1.25389,0.457363,1.25389,0.457363,
1763897155341,1.25389,0.457364,1.25389,0.457364,
1763897155390,1.25389,0.457364,1.25389,0.457364,
1763897155410,1.25389,0.457365,1.25389,0.457365,
1763897155451,1.25389,0.457365,1.25389,0.457365,
1763897155491,1.25389,0.457366,1.25389,0.457366,
1763897155523,1.25389,0.457366,1.25389,0.457366,
1763897155552,1.25388,0.457366,1.25388,0.457366,
1763897155595,1.25388,0.457367,1.25388,0.457367,
1763897155628,1.25388,0.457367,1.25388,0.457367,
1763897155669,1.25388,0.457368,1.25388,0.457368,
1763897155709,1.25388,0.457368,1.25388,0.457368,
1763897155752,1.25388,0.457368,1.25388,0.457368,
1763897155790,1.25388,0.457369,1.25388,0.457369,
1763897155832,1.25388,0.457369,1.25388,0.457369,
1763897155871,1.25387,0.457369,1.25387,0.45737,
1763897155900,1.25387,0.45737,1.25387,0.45737,
1763897155942,1.25387,0.45737,1.25387,0.45737,
1763897155982,1.25387,0.457371,1.25387,0.457371,
1763897156015,1.25387,0.457371,1.25387,0.457371,
1763897156045,1.25387,0.457372,1.25387,0.457372,
1763897156089,1.25387,0.457372,1.25387,0.457372,
1763897156137,1.25387,0.457372,1.25387,0.457372,
1763897156172,1.25386,0.457373,1.25386,0.457373,
1763897156200,1.25386,0.457373,1.25386,0.457373,
1763897156231,1.25386,0.457374,1.25386,0.457374,
1763897156271,1.25386,0.457374,1.25386,0.457374,
1763897156309,1.25386,0.457374,1.25386,0.457374,
1763897156343,1.25386,0.457375,1.25386,0.457375,
1763897156377,1.25386,0.457375,1.25386,0.457375,
1763897156424,1.25386,0.457376,1.25386,0.457376,
1763897156460,1.25385,0.457376,1.25385,0.457376,
1763897156501,1.25385,0.457377,1.25385,0.457377,
1763897156534,1.25385,0.457377,1.25385,0.457377,
1763897156562,1.25385,0.457377,1.25385,0.457377,
1763897156606,1.25385,0.457378,1.25385,0.457378,
1763897156640,1.25385,0.457378,1.25385,0.457378,
1763897156667,1.25385,0.457379,1.25385,0.457379,
1763897156712,1.25385,0.457379,1.25385,0.457379,
1763897156742,1.25384,0.457379,1.25384,0.457379,
1763897156780,1.25384,0.45738,1.25384,0.45738,
1763897156819,1.25384,0.45738,1.25384,0.45738,
1763897156855,1.25384,0.45738,1.25384,0.45738,
1763897156893,1.25384,0.457381,1.25384,0.457381,
1763897156931,1.25384,0.457381,1.25384,0.457381,
1763897156964,1.25384,0.457382,1.25384,0.457382,
1763897157000,1.25384,0.457382,1.25384,0.457382,
1763897157046,1.25383,0.457383,1.25383,0.457383,
1763897157077,1.25383,0.457383,1.25383,0.457383,
1763897157120,1.25383,0.457383,1.25383,0.457383,
1763897157159,1.25383,0.457384,1.25383,0.457384,
1763897157191,1.25383,0.457384,1.25383,0.457384,
1763897157237,1.25383,0.457384,1.25383,0.457385,
1763897157279,1.25383,0.457385,1.25383,0.457385,
1763897157308,1.25383,0.457385,1.25383,0.457385,
1763897157352,1.25382,0.457386,1.25382,0.457386,
1763897157393,1.25382,0.457386,1.25382,0.457386,
1763897157426,1.25382,0.457387,1.25382,0.457387,
1763897157462,1.25382,0.457387,1.25382,0.457387,
1763897157496,1.25382,0.457387,1.25382,0.457387,
1763897157542,1.25382,0.457388,1.25382,0.457388,
1763897157578,1.25382,0.457388,1.25382,0.457388,
1763897157610,1.25382,0.457389,1.25382,0.457389,
1763897157648,1.25381,0.457389,1.25381,0.457389,
1763897157673,1.25381,0.457389,1.25381,0.457389,
1763897157714,1.25381,0.45739,1.25381,0.45739,
1763897157758,1.25381,0.45739,1.25381,0.45739,
1763897157801,1.25381,0.457391,1.25381,0.457391,
1763897157836,1.25381,0.457391,1.25381,0.457391,
1763897157874,1.25381,0.457391,1.25381,0.457391,
1763897157910,1.25381,0.457392,1.25381,0.457392,
1763897157944,1.2538,0.457392,1.2538,0.457392,
1763897157976,1.2538,0.457393,1.2538,0.457393,
1763897158019,1.2538,0.457393,1.2538,0.457393,
1763897158060,1.2538,0.457393,1.2538,0.457394,
1763897158102,1.2538,0.457394,1.2538,0.457394,
1763897158142,1.2538,0.457394,1.2538,0.457394,
1763897158179,1.2538,0.457394,1.2538,0.457394,
1763897158215,1.2538,0.457395,1.2538,0.457395,
1763897158254,1.25379,0.457396,1.25379,0.457395,
1763897158286,1.25379,0.457396,1.25379,0.457396,
1763897158328,1.25379,0.457396,1.25379,0.457396,
1763897158372,1.25379,0.457397,1.25379,0.457397,
1763897158401,1.25379,0.457397,1.25379,0.457397,
1763897158440,1.25379,0.457397,1.25379,0.457397,
1763897158474,1.25379,0.457398,1.25379,0.457398,
1763897158513,1.25379,0.457398,1.25379,0.457398,
1763897158545,1.25378,0.457399,1.25378,0.457399,
1763897158603,1.25378,0.457399,1.25378,0.457399,
1763897158635,1.25378,0.4574,1.25378,0.4574,
1763897158680,1.25378,0.4574,1.25378,0.4574,
1763897158712,1.25378,0.4574,1.25378,0.4574,
1763897158744,1.25378,0.457401,1.25378,0.457401,
1763897158786,1.25378,0.457401,1.25378,0.457401,
1763897158835,1.25378,0.457402,1.25378,0.457402,
1763897158860,1.25377,0.457402,1.25377,0.457402,
1763897158904,1.25377,0.457402,1.25377,0.457402,
1763897158943,1.25377,0.457403,1.25377,0.457403,
1763897158975,1.25377,0.457403,1.25377,0.457403,
1763897159013,1.25377,0.457403,1.25377,0.457403,
1763897159055,1.25377,0.457404,1.25377,0.457404,
1763897159088,1.25377,0.457404,1.25377,0.457404,
1763897159128,1.25377,0.457405,1.25377,0.457405,
1763897159173,1.25376,0.457405,1.25376,0.457405,
1763897159204,1.25376,0.457406,1.25376,0.457405,
1763897159240,1.25376,0.457406,1.25376,0.457406,
1763897159273,1.25376,0.457406,1.25376,0.457406,
1763897159320,1.25376,0.457407,1.25376,0.457407,
1763897159355,1.25376,0.457407,1.25376,0.457407,
1763897159387,1.25376,0.457408,1.25376,0.457408,
1763897159431,1.25376,0.457408,1.25376,0.457408,
1763897159468,1.25375,0.457408,1.25375,0.457408,
1763897159497,1.25375,0.457409,1.25375,0.457409,
1763897159536,1.25375,0.457409,1.25375,0.457409,
1763897159571,1.25375,0.45741,1.25375,0.45741,
1763897159623,1.25375,0.45741,1.25375,0.45741,
1763897159649,1.25375,0.45741,1.25375,0.45741,
1763897159683,1.25375,0.457411,1.25375,0.457411,
1763897159728,1.25375,0.457411,1.25375,0.457411,
1763897159765,1.25374,0.457412,1.25374,0.457412,
1763897159808,1.25374,0.457412,1.25374,0.457412,
1763897159845,1.25374,0.457413,1.25374,0.457413,
1763897159884,1.25374,0.457413,1.25374,0.457413,
1763897159912,1.25374,0.457413,1.25374,0.457413,
1763897159958,1.25374,0.457414,1.25374,0.457414,
1763897159996,1.25374,0.457414,1.25374,0.457414,
1763897160025,1.25373,0.457414,1.25373,0.457414,
1763897160066,1.25373,0.457415,1.25373,0.457415,
1763897160109,1.25373,0.457415,1.25373,0.457415,
1763897160143,1.25373,0.457416,1.25373,0.457416,
1763897160175,1.25373,0.457416,1.25373,0.457416,
1763897160215,1.25373,0.457416,1.25373,0.457416,
1763897160249,1.25373,0.457417,1.25373,0.457417,
1763897160288,1.25373,0.457417,1.25373,0.457417,
1763897160318,1.25372,0.457417,1.25372,0.457417,
1763897160359,1.25372,0.457418,1.25372,0.457418,
1763897160392,1.25372,0.457418,1.25372,0.457418,
1763897160431,1.25372,0.457419,1.25372,0.457419,
1763897160464,1.25372,0.457419,1.25372,0.457419,
1763897160511,1.25372,0.45742,1.25372,0.45742,
1763897160543,1.25372,0.45742,1.25372,0.45742,
1763897160579,1.25372,0.45742,1.25372,0.45742,
1763897160613,1.25371,0.457421,1.25371,0.457421,
1763897160653,1.25371,0.457421,1.25371,0.457421,
1763897160685,1.25371,0.457422,1.25371,0.457422,
1763897160727,1.25371,0.457422,1.25371,0.457422,
1763897160764,1.25371,0.457422,1.25371,0.457422,
1763897160810,1.25371,0.457423,1.25371,0.457423,
1763897160855,1.25371,0.457423,1.25371,0.457423,
1763897160881,1.25371,0.457424,1.25371,0.457424,
1763897160918,1.25371,0.457424,1.25371,0.457424,
1763897160959,1.2537,0.457425,1.2537,0.457425,
1763897160992,1.2537,0.457425,1.2537,0.457425,
1763897161023,1.2537,0.457425,1.2537,0.457425,
1763897161071,1.2537,0.457426,1.2537,0.457426,
1763897161102,1.2537,0.457426,1.2537,0.457426,
1763897161153,1.2537,0.457426,1.2537,0.457426,
1763897161183,1.2537,0.457427,1.2537,0.457427,
1763897161223,1.25369,0.457427,1.25369,0.457427,
1763897161259,1.25369,0.457428,1.25369,0.457428,
1763897161305,1.25369,0.457428,1.25369,0.457428,
1763897161336,1.25369,0.457429,1.25369,0.457429,
1763897161371,1.25369,0.457429,1.25369,0.457429,
1763897161407,1.25369,0.457429,1.25369,0.457429,
1763897161445,1.25369,0.45743,1.25369,0.45743,
1763897161482,1.25369,0.45743,1.25369,0.45743,
1763897161528,1.25368,0.45743,1.25368,0.45743,
1763897161572,1.25368,0.457431,1.25368,0.457431,
1763897161616,1.25368,0.457431,1.25368,0.457431,
1763897161652,1.25368,0.457432,1.25368,0.457432,
1763897161687,1.25368,0.457432,1.25368,0.457432,
1763897161725,1.25368,0.457433,1.25368,0.457433,
1763897161767,1.25368,0.457433,1.25368,0.457433,
1763897161807,1.25368,0.457433,1.25368,0.457433,
1763897161843,1.25367,0.457434,1.25367,0.457434,
1763897161876,1.25367,0.457434,1.25367,0.457434,
1763897161918,1.25367,0.457435,1.25367,0.457435,
1763897161952,1.25367,0.457435,1.25367,0.457435,
1763897161988,1.25367,0.457435,1.25367,0.457435,
1763897162021,1.25367,0.457436,1.25367,0.457436,
1763897162058,1.25367,0.457436,1.25367,0.457436,
1763897162108,1.25367,0.457437,1.25367,0.457437,
1763897162145,1.25366,0.457437,1.25366,0.457437,
1763897162174,1.25366,0.457437,1.25366,0.457437,
1763897162212,1.25366,0.457438,1.25366,0.457438,
1763897162249,1.25366,0.457438,1.25366,0.457438,
1763897162280,1.25366,0.457439,1.25366,0.457439,
1763897162328,1.25366,0.457439,1.25366,0.457439,
1763897162365,1.25366,0.457439,1.25366,0.457439,
1763897162397,1.25366,0.45744,1.25366,0.45744,
1763897162438,1.25365,0.45744,1.25365,0.45744,
1763897162480,1.25365,0.457441,1.25365,0.457441,
1763897162511,1.25365,0.457441,1.25365,0.457441,
1763897162559,1.25365,0.457441,1.25365,0.457441,
1763897162592,1.25365,0.457442,1.25365,0.457442,
1763897162622,1.25365,0.457442,1.25365,0.457442,
1763897162668,1.25365,0.457443,1.25365,0.457443,
1763897162700,1.25365,0.457443,1.25365,0.457443,
1763897162750,1.25364,0.457443,1.25364,0.457443,
1763897162786,1.25364,0.457444,1.25364,0.457444,
1763897162824,1.25364,0.457444,1.25364,0.457444,
1763897162863,1.25364,0.457445,1.25364,0.457445,
1763897162906,1.25364,0.457445,1.25364,0.457445,
1763897162944,1.25364,0.457446,1.25364,0.457446,
1763897162981,1.25364,0.457446,1.25364,0.457446,
1763897163023,1.25364,0.457446,1.25364,0.457446,
1763897163060,1.25363,0.457447,1.25363,0.457447,
1763897163099,1.25363,0.457447,1.25363,0.457447,
1763897163139,1.25363,0.457447,1.25363,0.457447,
1763897163175,1.25363,0.457448,1.25363,0.457448,
1763897163210,1.25363,0.457448,1.25363,0.457448,
1763897163248,1.25363,0.457449,1.25363,0.457449,
1763897163288,1.25363,0.457449,1.25363,0.457449,
1763897163325,1.25363,0.457449,1.25363,0.457449,
1763897163364,1.25362,0.45745,1.25362,0.45745,
1763897163397,1.25362,0.45745,1.25362,0.45745,
1763897163445,1.25362,0.457451,1.25362,0.457451,
1763897163475,1.25362,0.457451,1.25362,0.457451,
1763897163519,1.25362,0.457452,1.25362,0.457451,
1763897163562,1.25362,0.457452,1.25362,0.457452,
1763897163609,1.25362,0.457452,1.25362,0.457452,
1763897163643,1.25362,0.457453,1.25362,0.457453,
1763897163674,1.25361,0.457453,1.25361,0.457453,
1763897163711,1.25361,0.457454,1.25361,0.457454,
1763897163738,1.25361,0.457454,1.25361,0.457454,
1763897163776,1.25361,0.457454,1.25361,0.457454,
1763897163820,1.25361,0.457455,1.25361,0.457455,
1763897163856,1.25361,0.457455,1.25361,0.457455,
1763897163886,1.25361,0.457455,1.25361,0.457455,
1763897163922,1.25361,0.457456,1.25361,0.457456,
1763897163966,1.2536,0.457456,1.2536,0.457456,
1763897163997,1.2536,0.457457,1.2536,0.457457,
1763897164029,1.2536,0.457457,1.2536,0.457457,
1763897164074,1.2536,0.457458,1.2536,0.457458,
1763897164111,1.2536,0.457458,1.2536,0.457458,
1763897164146,1.2536,0.457458,1.2536,0.457458,
1763897164185,1.2536,0.457459,1.2536,0.457459,
1763897164231,1.2536,0.457459,1.2536,0.457459,
1763897164265,1.25359,0.45746,1.25359,0.45746,
1763897164300,1.25359,0.45746,1.25359,0.45746,
1763897164338,1.25359,0.45746,1.25359,0.45746,
1763897164386,1.25359,0.457461,1.25359,0.457461,
1763897164426,1.25359,0.457461,1.25359,0.457461,
1763897164461,1.25359,0.457462,1.25359,0.457462,
1763897164500,1.25359,0.457462,1.25359,0.457462,
1763897164538,1.25359,0.457462,1.25359,0.457462,
1763897164569,1.25358,0.457463,1.25358,0.457463,
1763897164609,1.25358,0.457463,1.25358,0.457463,
1763897164645,1.25358,0.457464,1.25358,0.457464,
1763897164682,1.25358,0.457464,1.25358,0.457464,
1763897164715,1.25358,0.457464,1.25358,0.457464,
1763897164751,1.25358,0.457465,1.25358,0.457465,
1763897164800,1.25358,0.457465,1.25358,0.457465,
1763897164827,1.25358,0.457466,1.25358,0.457466,
1763897164861,1.25357,0.457466,1.25357,0.457466,
1763897164896,1.25357,0.457466,1.25357,0.457466,
1763897164931,1.25357,0.457467,1.25357,0.457467,
1763897164968,1.25357,0.457467,1.25357,0.457467,
1763897165014,1.25357,0.457468,1.25357,0.457468,
1763897165048,1.25357,0.457468,1.25357,0.457468,
1763897165087,1.25357,0.457468,1.25357,0.457468,
1763897165129,1.25357,0.457469,1.25357,0.457469,
1763897165161,1.25356,0.457469,1.25356,0.457469,
1763897165207,1.25356,0.45747,1.25356,0.45747,
1763897165243,1.25356,0.45747,1.25356,0.45747,
1763897165285,1.25356,0.45747,1.25356,0.45747,
1763897165331,1.25356,0.457471,1.25356,0.457471,
1763897165370,1.25356,0.457471,1.25356,0.457471,
1763897165401,1.25356,0.457472,1.25356,0.457472,
1763897165439,1.25356,0.457472,1.25356,0.457472,
1763897165475,1.25355,0.457472,1.25355,0.457472,
1763897165519,1.25355,0.457473,1.25355,0.457473,
1763897165555,1.25355,0.457473,1.25355,0.457473,
1763897165589,1.25355,0.457474,1.25355,0.457474,
1763897165624,1.25355,0.457474,1.25355,0.457474,
1763897165662,1.25355,0.457475,1.25355,0.457475,
1763897165703,1.25355,0.457475,1.25355,0.457475,
1763897165734,1.25355,0.457475,1.25355,0.457475,
1763897165772,1.25354,0.457476,1.25354,0.457476,
1763897165820,1.25354,0.457476,1.25354,0.457476,
1763897165867,1.25354,0.457476,1.25354,0.457476,
1763897165904,1.25354,0.457477,1.25354,0.457477,
1763897165938,1.25354,0.457477,1.25354,0.457477,
1763897165977,1.25354,0.457478,1.25354,0.457478,
1763897166013,1.25354,0.457478,1.25354,0.457478,
1763897166060,1.25354,0.457479,1.25354,0.457479,
1763897166084,1.25353,0.457479,1.25353,0.457479,
1763897166126,1.25353,0.457479,1.25353,0.457479,
1763897166168,1.25353,0.45748,1.25353,0.45748,
1763897166199,1.25353,0.45748,1.25353,0.45748,
1763897166236,1.25353,0.457481,1.25353,0.457481,
1763897166277,1.25353,0.457481,1.25353,0.457481,
1763897166327,1.25353,0.457481,1.25353,0.457481,
1763897166364,1.25353,0.457482,1.25353,0.457482,
1763897166392,1.25352,0.457482,1.25352,0.457482,
1763897166429,1.25352,0.457482,1.25352,0.457482,
1763897166462,1.25352,0.457483,1.25352,0.457483,
1763897166503,1.25352,0.457483,1.25352,0.457483,
1763897166542,1.25352,0.457484,1.25352,0.457484,
1763897166580,1.25352,0.457484,1.25352,0.457484,
1763897166614,1.25352,0.457485,1.25352,0.457485,
1763897166649,1.25352,0.457485,1.25352,0.457485,
1763897166684,1.25351,0.457485,1.25351,0.457485,
1763897166728,1.25351,0.457486,1.25351,0.457486,
1763897166769,1.25351,0.457486,1.25351,0.457486,
1763897166803,1.25351,0.457487,1.25351,0.457487,
1763897166840,1.25351,0.457487,1.25351,0.457487,
1763897166876,1.25351,0.457488,1.25351,0.457488,
1763897166924,1.25351,0.457488,1.25351,0.457488,
1763897166957,1.25351,0.457488,1.25351,0.457488,
1763897167009,1.2535,0.457488,1.2535,0.457488,
1763897167062,1.2535,0.457489,1.2535,0.457489,
1763897167087,1.2535,0.457489,1.2535,0.457489,
1763897167126,1.2535,0.45749,1.2535,0.45749,
1763897167161,1.2535,0.45749,1.2535,0.45749,
1763897167193,1.2535,0.457491,1.2535,0.457491,
1763897167237,1.2535,0.457491,1.2535,0.457491,
1763897167278,1.2535,0.457491,1.2535,0.457491,
1763897167312,1.25349,0.457492,1.25349,0.457492,
1763897167346,1.25349,0.457492,1.25349,0.457492,
1763897167389,1.25349,0.457492,1.25349,0.457492,
1763897167427,1.25349,0.457493,1.25349,0.457493,
1763897167468,1.25349,0.457494,1.25349,0.457493,
1763897167505,1.25349,0.457494,1.25349,0.457494,
1763897167537,1.25349,0.457494,1.25349,0.457494,
1763897167566,1.25349,0.457495,1.25349,0.457495,
1763897167605,1.25348,0.457495,1.25348,0.457495,
1763897167640,1.25348,0.457495,1.25348,0.457495,
1763897167681,1.25348,0.457496,1.25348,0.457496,
1763897167720,1.25348,0.457496,1.25348,0.457496,
1763897167750,1.25348,0.457497,1.25348,0.457497,
1763897167786,1.25348,0.457497,1.25348,0.457497,
1763897167825,1.25348,0.457497,1.25348,0.457497,
1763897167867,1.25348,0.457498,1.25348,0.457498,
1763897167906,1.25347,0.457498,1.25347,0.457498,
1763897167942,1.25347,0.457499,1.25347,0.457499,
1763897167992,1.25347,0.457499,1.25347,0.457499,
1763897168030,1.25347,0.457499,1.25347,0.457499,
1763897168058,1.25347,0.4575,1.25347,0.4575,
1763897168101,1.25347,0.4575,1.25347,0.4575,
1763897168137,1.25347,0.457501,1.25347,0.457501,
1763897168170,1.25347,0.457501,1.25347,0.457501,
1763897168208,1.25346,0.457501,1.25346,0.457501,
1763897168241,1.25346,0.457502,1.25346,0.457502,
1763897168295,1.25346,0.457502,1.25346,0.457502,
1763897168325,1.25346,0.457503,1.25346,0.457503,
1763897168365,1.25346,0.457503,1.25346,0.457503,
1763897168407,1.25346,0.457503,1.25346,0.457503,
1763897168454,1.25346,0.457504,1.25346,0.457504,
1763897168492,1.25346,0.457504,1.25346,0.457504,
1763897168531,1.25345,0.457505,1.25345,0.457505,
1763897168563,1.25345,0.457505,1.25345,0.457505,
1763897168599,1.25345,0.457505,1.25345,0.457505,
1763897168631,1.25345,0.457506,1.25345,0.457506,
1763897168665,1.25345,0.457506,1.25345,0.457506,
1763897168712,1.25345,0.457507,1.25345,0.457507,
1763897168750,1.25345,0.457507,1.25345,0.457507,
1763897168782,1.25345,0.457508,1.25345,0.457508,
1763897168826,1.25344,0.457508,1.25344,0.457508,
1763897168866,1.25344,0.457508,1.25344,0.457508,
1763897168917,1.25344,0.457509,1.25344,0.457509,
1763897168942,1.25344,0.457509,1.25344,0.457509,
1763897168975,1.25344,0.457509,1.25344,0.45751,
1763897169005,1.25344,0.45751,1.25344,0.45751,
1763897169047,1.25344,0.45751,1.25344,0.45751,
1763897169092,1.25344,0.457511,1.25344,0.457511,
1763897169139,1.25343,0.457511,1.25343,0.457511,
1763897169165,1.25343,0.457512,1.25343,0.457511,
1763897169198,1.25343,0.457512,1.25343,0.457512,
1763897169236,1.25343,0.457512,1.25343,0.457512,
1763897169273,1.25343,0.457513,1.25343,0.457513,
1763897169317,1.25343,0.457513,1.25343,0.457513,
1763897169343,1.25343,0.457514,1.25343,0.457514,
1763897169391,1.25343,0.457514,1.25343,0.457514,
1763897169432,1.25342,0.457514,1.25342,0.457514,
1763897169471,1.25342,0.457515,1.25342,0.457515,
1763897169500,1.25342,0.457515,1.25342,0.457515,
1763897169537,1.25342,0.457516,1.25342,0.457516,
1763897169572,1.25342,0.457516,1.25342,0.457516,
1763897169611,1.25342,0.457516,1.25342,0.457516,
1763897169646,1.25342,0.457517,1.25342,0.457517,
1763897169696,1.25342,0.457517,1.25342,0.457517,
1763897169747,1.25341,0.457518,1.25341,0.457518,
1763897169776,1.25341,0.457518,1.25341,0.457518,
1763897169808,1.25341,0.457518,1.25341,0.457518,
1763897169846,1.25341,0.457519,1.25341,0.457519,
1763897169888,1.25341,0.457519,1.25341,0.457519,
1763897169917,1.25341,0.45752,1.25341,0.45752,
1763897169965,1.25341,0.45752,1.25341,0.45752,
1763897170003,1.25341,0.45752,1.25341,0.457521,
1763897170029,1.2534,0.457521,1.2534,0.457521,
1763897170074,1.2534,0.457521,1.2534,0.457521,
1763897170111,1.2534,0.457522,1.2534,0.457522,
1763897170153,1.2534,0.457522,1.2534,0.457522,
1763897170185,1.2534,0.457522,1.2534,0.457522,
1763897170217,1.2534,0.457523,1.2534,0.457523,
1763897170259,1.2534,0.457523,1.2534,0.457523,
1763897170294,1.2534,0.457524,1.2534,0.457524,
1763897170334,1.25339,0.457524,1.25339,0.457524,
1763897170370,1.25339,0.457524,1.25339,0.457525,
1763897170404,1.25339,0.457525,1.25339,0.457525,
1763897170443,1.25339,0.457525,1.25339,0.457525,
1763897170491,1.25339,0.457526,1.25339,0.457526,
1763897170535,1.25339,0.457526,1.25339,0.457526,
1763897170574,1.25339,0.457526,1.25339,0.457526,
1763897170613,1.25339,0.457527,1.25339,0.457527,
1763897170651,1.25338,0.457527,1.25338,0.457527,
1763897170680,1.25338,0.457528,1.25338,0.457528,
1763897170719,1.25338,0.457528,1.25338,0.457528,
1763897170761,1.25338,0.457529,1.25338,0.457529,
1763897170798,1.25338,0.457529,1.25338,0.457529,
1763897170837,1.25338,0.457529,1.25338,0.457529,
1763897170876,1.25338,0.45753,1.25338,0.45753,
1763897170913,1.25338,0.45753,1.25338,0.45753,
1763897170966,1.25337,0.45753,1.25337,0.45753,
1763897170992,1.25337,0.457531,1.25337,0.457531,
1763897171031,1.25337,0.457531,1.25337,0.457531,
1763897171069,1.25337,0.457532,1.25337,0.457532,
1763897171109,1.25337,0.457532,1.25337,0.457532,
1763897171152,1.25337,0.457533,1.25337,0.457533,
1763897171194,1.25337,0.457533,1.25337,0.457533,
1763897171239,1.25337,0.457533,1.25337,0.457533,
1763897171275,1.25336,0.457534,1.25336,0.457534,
1763897171309,1.25336,0.457534,1.25336,0.457534,
1763897171346,1.25336,0.457535,1.25336,0.457535,
1763897171380,1.25336,0.457535,1.25336,0.457535,
1763897171420,1.25336,0.457535,1.25336,0.457535,
1763897171463,1.25336,0.457536,1.25336,0.457536,
1763897171495,1.25336,0.457536,1.25336,0.457536,
1763897171542,1.25336,0.457537,1.25336,0.457537,
1763897171573,1.25335,0.457537,1.25335,0.457537,
1763897171607,1.25335,0.457538,1.25335,0.457537,
1763897171654,1.25335,0.457538,1.25335,0.457538,
1763897171682,1.25335,0.457538,1.25335,0.457538,
1763897171717,1.25335,0.457539,1.25335,0.457539,
1763897171765,1.25335,0.457539,1.25335,0.457539,
1763897171802,1.25335,0.457539,1.25335,0.457539,
1763897171824,1.25334,0.45754,1.25334,0.45754,
1763897171855,1.25334,0.45754,1.25334,0.45754,
1763897171895,1.25334,0.457541,1.25334,0.457541,
1763897171939,1.25334,0.457541,1.25334,0.457541,
1763897171966,1.25334,0.457541,1.25334,0.457541,
1763897172013,1.25334,0.457542,1.25334,0.457542,
1763897172049,1.25334,0.457542,1.25334,0.457542,
1763897172079,1.25334,0.457543,1.25334,0.457543,
1763897172122,1.25334,0.457543,1.25334,0.457543,
1763897172153,1.25333,0.457543,1.25333,0.457543,
1763897172189,1.25333,0.457544,1.25333,0.457544,
1763897172235,1.25333,0.457544,1.25333,0.457544,
1763897172270,1.25333,0.457545,1.25333,0.457544,
1763897172304,1.25333,0.457545,1.25333,0.457545,
1763897172354,1.25333,0.457545,1.25333,0.457545,
1763897172395,1.25333,0.457546,1.25333,0.457546,
1763897172419,1.25333,0.457546,1.25332,0.457546,
1763897172464,1.25332,0.457547,1.25332,0.457547,
1763897172505,1.25332,0.457547,1.25332,0.457547,
1763897172540,1.25332,0.457548,1.25332,0.457548,
1763897172580,1.25332,0.457548,1.25332,0.457548,
1763897172619,1.25332,0.457548,1.25332,0.457548,
1763897172651,1.25332,0.457549,1.25332,0.457549,
1763897172689,1.25332,0.457549,1.25332,0.457549,
1763897172731,1.25331,0.457549,1.25331,0.457549,
1763897172773,1.25331,0.45755,1.25331,0.45755,
1763897172807,1.25331,0.45755,1.25331,0.45755,
1763897172847,1.25331,0.457551,1.25331,0.457551,
1763897172890,1.25331,0.457551,1.25331,0.457551,
1763897172929,1.25331,0.457551,1.25331,0.457551,
1763897172964,1.25331,0.457552,1.25331,0.457552,
1763897172994,1.25331,0.457552,1.25331,0.457552,
1763897173040,1.2533,0.457553,1.25331,0.457553,
1763897173073,1.2533,0.457553,1.2533,0.457553,
1763897173115,1.2533,0.457553,1.2533,0.457553,
1763897173152,1.2533,0.457554,1.2533,0.457554,
1763897173194,1.2533,0.457554,1.2533,0.457554,
1763897173236,1.2533,0.457555,1.2533,0.457555,
1763897173263,1.2533,0.457555,1.2533,0.457555,
1763897173314,1.2533,0.457555,1.2533,0.457555,
1763897173354,1.25329,0.457556,1.25329,0.457556,
1763897173387,1.25329,0.457556,1.25329,0.457556,
1763897173425,1.25329,0.457557,1.25329,0.457557,
1763897173469,1.25329,0.457557,1.25329,0.457557,
1763897173512,1.25329,0.457557,1.25329,0.457557,
1763897173552,1.25329,0.457558,1.25329,0.457558,
1763897173596,1.25329,0.457558,1.25329,0.457558,
1763897173632,1.25329,0.457559,1.25329,0.457559,
1763897173662,1.25328,0.457559,1.25328,0.457559,
1763897173689,1.25328,0.45756,1.25328,0.45756,
1763897173734,1.25328,0.45756,1.25328,0.45756,
1763897173762,1.25328,0.45756,1.25328,0.45756,
1763897173798,1.25328,0.457561,1.25328,0.457561,
1763897173839,1.25328,0.457561,1.25328,0.457561,
1763897173877,1.25328,0.457562,1.25328,0.457562,
1763897173915,1.25328,0.457562,1.25328,0.457562,
1763897173952,1.25327,0.457562,1.25327,0.457562,
1763897173987,1.25327,0.457563,1.25327,0.457563,
1763897174027,1.25327,0.457563,1.25327,0.457563,
1763897174075,1.25327,0.457563,1.25327,0.457563,
1763897174117,1.25327,0.457564,1.25327,0.457564,
1763897174159,1.25327,0.457564,1.25327,0.457564,
1763897174201,1.25327,0.457565,1.25327,0.457565,
1763897174232,1.25327,0.457565,1.25327,0.457565,
1763897174277,1.25326,0.457566,1.25326,0.457566,
1763897174322,1.25326,0.457566,1.25326,0.457566,
1763897174366,1.25326,0.457566,1.25326,0.457566,
1763897174399,1.25326,0.457567,1.25326,0.457567,
1763897174438,1.25326,0.457567,1.25326,0.457567,
1763897174479,1.25326,0.457568,1.25326,0.457568,
1763897174519,1.25326,0.457568,1.25326,0.457568,
1763897174563,1.25326,0.457568,1.25326,0.457568,
1763897174591,1.25325,0.457569,1.25325,0.457569,
1763897174632,1.25325,0.457569,1.25325,0.457569,
1763897174663,1.25325,0.45757,1.25325,0.45757,
1763897174705,1.25325,0.45757,1.25325,0.45757,
1763897174745,1.25325,0.45757,1.25325,0.45757,
1763897174795,1.25325,0.457571,1.25325,0.457571,
1763897174834,1.25325,0.457571,1.25325,0.457571,
1763897174879,1.25325,0.457572,1.25325,0.457572,
1763897174909,1.25324,0.457572,1.25324,0.457572,
1763897174949,1.25324,0.457573,1.25324,0.457573,
1763897174990,1.25324,0.457573,1.25324,0.457573,
1763897175024,1.25324,0.457573,1.25324,0.457573,
1763897175055,1.25324,0.457573,1.25324,0.457574,
1763897175095,1.25324,0.457574,1.25324,0.457574,
1763897175125,1.25324,0.457574,1.25324,0.457574,
1763897175172,1.25324,0.457575,1.25324,0.457575,
1763897175216,1.25323,0.457575,1.25323,0.457575,
1763897175263,1.25323,0.457576,1.25323,0.457576,
1763897175292,1.25323,0.457576,1.25323,0.457576,
1763897175324,1.25323,0.457576,1.25323,0.457577,
1763897175362,1.25323,0.457577,1.25323,0.457577,
1763897175399,1.25323,0.457577,1.25323,0.457577,
1763897175443,1.25323,0.457578,1.25323,0.457578,
1763897175474,1.25323,0.457578,1.25323,0.457578,
1763897175508,1.25322,0.457578,1.25322,0.457578,
1763897175549,1.25322,0.457579,1.25322,0.457579,
1763897175590,1.25322,0.457579,1.25322,0.457579,
1763897175626,1.25322,0.45758,1.25322,0.45758,
1763897175674,1.25322,0.45758,1.25322,0.45758,
1763897175714,1.25322,0.45758,1.25322,0.45758,
1763897175752,1.25322,0.457581,1.25322,0.457581,
1763897175799,1.25322,0.457581,1.25322,0.457581,
1763897175832,1.25321,0.457582,1.25321,0.457582,
1763897175867,1.25321,0.457582,1.25321,0.457582,
1763897175903,1.25321,0.457583,1.25321,0.457583,
1763897175937,1.25321,0.457583,1.25321,0.457583,
1763897175972,1.25321,0.457583,1.25321,0.457583,
1763897176018,1.25321,0.457584,1.25321,0.457584,
1763897176052,1.25321,0.457584,1.25321,0.457584,
1763897176098,1.25321,0.457585,1.25321,0.457585,
1763897176138,1.2532,0.457585,1.2532,0.457585,
1763897176181,1.2532,0.457585,1.2532,0.457585,
1763897176208,1.2532,0.457586,1.2532,0.457586,
1763897176248,1.2532,0.457586,1.2532,0.457586,
1763897176283,1.2532,0.457586,1.2532,0.457586,
1763897176315,1.2532,0.457587,1.2532,0.457587,
1763897176372,1.2532,0.457587,1.2532,0.457587,
1763897176411,1.2532,0.457588,1.2532,0.457588,
1763897176440,1.25319,0.457588,1.25319,0.457588,
1763897176479,1.25319,0.457589,1.25319,0.457589,
1763897176515,1.25319,0.457589,1.25319,0.457589,
1763897176549,1.25319,0.457589,1.25319,0.457589,
1763897176587,1.25319,0.45759,1.25319,0.45759,
1763897176621,1.25319,0.45759,1.25319,0.45759,
1763897176680,1.25319,0.457591,1.25319,0.45759,
1763897176717,1.25319,0.457591,1.25319,0.457591,
1763897176744,1.25318,0.457591,1.25318,0.457591,
1763897176787,1.25318,0.457592,1.25318,0.457592,
1763897176812,1.25318,0.457592,1.25318,0.457592,
1763897176847,1.25318,0.457592,1.25318,0.457592,
1763897176895,1.25318,0.457593,1.25318,0.457593,
1763897176929,1.25318,0.457593,1.25318,0.457593,
1763897176969,1.25318,0.457594,1.25318,0.457594,
1763897177002,1.25318,0.457594,1.25318,0.457594,
1763897177048,1.25317,0.457595,1.25317,0.457594,
1763897177082,1.25317,0.457595,1.25317,0.457595,
1763897177114,1.25317,0.457595,1.25317,0.457595,
1763897177155,1.25317,0.457596,1.25317,0.457596,
1763897177184,1.25317,0.457596,1.25317,0.457596,
1763897177223,1.25317,0.457597,1.25317,0.457597,
1763897177265,1.25317,0.457597,1.25317,0.457597,
1763897177304,1.25317,0.457598,1.25317,0.457597,
1763897177340,1.25316,0.457598,1.25316,0.457598,
1763897177375,1.25316,0.457598,1.25316,0.457598,
1763897177412,1.25316,0.457599,1.25316,0.457599,
1763897177442,1.25316,0.457599,1.25316,0.457599,
1763897177478,1.25316,0.457599,1.25316,0.457599,
1763897177510,1.25316,0.4576,1.25316,0.4576,
1763897177555,1.25316,0.4576,1.25316,0.4576,
1763897177588,1.25316,0.457601,1.25316,0.457601,
1763897177624,1.25315,0.457601,1.25315,0.457601,
1763897177660,1.25315,0.457601,1.25315,0.457601,
1763897177700,1.25315,0.457602,1.25315,0.457602,
1763897177735,1.25315,0.457602,1.25315,0.457602,
1763897177771,1.25315,0.457603,1.25315,0.457603,
1763897177811,1.25315,0.457603,1.25315,0.457603,
1763897177850,1.25315,0.457603,1.25315,0.457603,
1763897177888,1.25315,0.457604,1.25315,0.457604,
1763897177923,1.25314,0.457604,1.25314,0.457604,
1763897177954,1.25314,0.457605,1.25314,0.457605,
1763897178000,1.25314,0.457605,1.25314,0.457605,
1763897178037,1.25314,0.457605,1.25314,0.457605,
1763897178076,1.25314,0.457606,1.25314,0.457606,
1763897178119,1.25314,0.457606,1.25314,0.457606,
1763897178158,1.25314,0.457607,1.25314,0.457607,
1763897178189,1.25314,0.457607,1.25314,0.457607,
1763897178221,1.25313,0.457608,1.25313,0.457608,
1763897178277,1.25313,0.457608,1.25313,0.457608,
1763897178310,1.25313,0.457608,1.25313,0.457608,
1763897178352,1.25313,0.457609,1.25313,0.457609,
1763897178387,1.25313,0.457609,1.25313,0.457609,
1763897178432,1.25313,0.45761,1.25313,0.45761,
1763897178467,1.25313,0.45761,1.25313,0.45761,
1763897178511,1.25313,0.45761,1.25313,0.45761,
1763897178564,1.25312,0.457611,1.25312,0.457611,
1763897178598,1.25312,0.457611,1.25312,0.457611,
1763897178640,1.25312,0.457612,1.25312,0.457612,
1763897178677,1.25312,0.457612,1.25312,0.457612,
1763897178697,1.25312,0.457612,1.25312,0.457612,
1763897178739,1.25312,0.457613,1.25312,0.457613,
1763897178785,1.25312,0.457613,1.25312,0.457613,
1763897178807,1.25312,0.457614,1.25312,0.457614,
1763897178843,1.25311,0.457614,1.25311,0.457614,
1763897178874,1.25311,0.457614,1.25311,0.457614,
1763897178912,1.25311,0.457615,1.25311,0.457615,
1763897178942,1.25311,0.457615,1.25311,0.457615,
1763897178990,1.25311,0.457616,1.25311,0.457616,
1763897179038,1.25311,0.457616,1.25311,0.457616,
1763897179071,1.25311,0.457616,1.25311,0.457616,
1763897179105,1.25311,0.457617,1.25311,0.457617,
1763897179134,1.2531,0.457617,1.2531,0.457617,
1763897179168,1.2531,0.457617,1.2531,0.457617,
1763897179209,1.2531,0.457618,1.2531,0.457618,
1763897179255,1.2531,0.457618,1.2531,0.457618,
1763897179286,1.2531,0.457619,1.2531,0.457619,
1763897179334,1.2531,0.457619,1.2531,0.457619,
1763897179367,1.2531,0.45762,1.2531,0.45762,
1763897179406,1.2531,0.45762,1.2531,0.45762,
1763897179439,1.25309,0.45762,1.25309,0.45762,
1763897179474,1.25309,0.457621,1.25309,0.457621,
1763897179520,1.25309,0.457621,1.25309,0.457621,
1763897179552,1.25309,0.457621,1.25309,0.457621,
1763897179585,1.25309,0.457622,1.25309,0.457622,
1763897179626,1.25309,0.457622,1.25309,0.457622,
1763897179659,1.25309,0.457623,1.25309,0.457623,
1763897179692,1.25309,0.457623,1.25309,0.457623,
1763897179725,1.25308,0.457624,1.25308,0.457624,
1763897179758,1.25308,0.457624,1.25308,0.457624,
1763897179799,1.25308,0.457624,1.25308,0.457624,
1763897179842,1.25308,0.457625,1.25308,0.457625,
1763897179877,1.25308,0.457625,1.25308,0.457625,
1763897179921,1.25308,0.457626,1.25308,0.457626,
1763897179958,1.25308,0.457626,1.25308,0.457626,
1763897179986,1.25308,0.457627,1.25308,0.457627,
1763897180032,1.25307,0.457627,1.25307,0.457627,
1763897180076,1.25307,0.457627,1.25307,0.457627,
1763897180107,1.25307,0.457628,1.25307,0.457628,
1763897180144,1.25307,0.457628,1.25307,0.457628,
1763897180190,1.25307,0.457628,1.25307,0.457628,
1763897180229,1.25307,0.457629,1.25307,0.457629,
1763897180276,1.25307,0.457629,1.25307,0.457629,
1763897180308,1.25307,0.45763,1.25307,0.45763,
1763897180340,1.25306,0.45763,1.25306,0.45763,
1763897180385,1.25306,0.45763,1.25306,0.45763,
1763897180411,1.25306,0.457631,1.25306,0.457631,
1763897180447,1.25306,0.457631,1.25306,0.457631,
1763897180488,1.25306,0.457632,1.25306,0.457632,
1763897180536,1.25306,0.457632,1.25306,0.457632,
1763897180567,1.25306,0.457633,1.25306,0.457633,
1763897180610,1.25306,0.457633,1.25306,0.457633,
1763897180640,1.25305,0.457633,1.25305,0.457633,
1763897180671,1.25305,0.457634,1.25305,0.457634,
1763897180705,1.25305,0.457634,1.25305,0.457634,
1763897180748,1.25305,0.457634,1.25305,0.457634,
1763897180783,1.25305,0.457635,1.25305,0.457635,
1763897180824,1.25305,0.457635,1.25305,0.457635,
1763897180862,1.25305,0.457636,1.25305,0.457636,
1763897180900,1.25305,0.457636,1.25305,0.457636,
1763897180935,1.25304,0.457636,1.25304,0.457636,
1763897180981,1.25304,0.457637,1.25304,0.457637,
1763897181018,1.25304,0.457637,1.25304,0.457637,
1763897181060,1.25304,0.457638,1.25304,0.457638,
1763897181097,1.25304,0.457638,1.25304,0.457638,
1763897181131,1.25304,0.457638,1.25304,0.457638,
1763897181169,1.25304,0.457639,1.25304,0.457639,
1763897181210,1.25304,0.457639,1.25304,0.457639,
1763897181254,1.25303,0.45764,1.25303,0.45764,
1763897181296,1.25303,0.45764,1.25303,0.45764,
1763897181339,1.25303,0.45764,1.25303,0.45764,
1763897181376,1.25303,0.457641,1.25303,0.457641,
1763897181412,1.25303,0.457641,1.25303,0.457641,
1763897181450,1.25303,0.457642,1.25303,0.457642,
1763897181495,1.25303,0.457642,1.25303,0.457642,
1763897181526,1.25303,0.457642,1.25303,0.457642,
1763897181562,1.25302,0.457643,1.25302,0.457643,
1763897181595,1.25302,0.457643,1.25302,0.457643,
1763897181625,1.25302,0.457644,1.25302,0.457644,
1763897181667,1.25302,0.457644,1.25302,0.457644,
1763897181703,1.25302,0.457645,1.25302,0.457645,
1763897181738,1.25302,0.457645,1.25302,0.457645,
1763897181778,1.25302,0.457645,1.25302,0.457645,
1763897181824,1.25302,0.457646,1.25302,0.457646,
1763897181860,1.25301,0.457646,1.25301,0.457646,
1763897181900,1.25301,0.457646,1.25301,0.457646,
1763897181938,1.25301,0.457647,1.25301,0.457647,
1763897181975,1.25301,0.457647,1.25301,0.457647,
1763897182005,1.25301,0.457648,1.25301,0.457648,
1763897182042,1.25301,0.457648,1.25301,0.457648,
1763897182079,1.25301,0.457649,1.25301,0.457649,
1763897182114,1.25301,0.457649,1.25301,0.457649,
1763897182149,1.253,0.457649,1.253,0.457649,
1763897182184,1.253,0.45765,1.253,0.45765,
1763897182231,1.253,0.45765,1.253,0.45765,
1763897182280,1.253,0.457651,1.253,0.457651,
1763897182300,1.253,0.457651,1.253,0.457651,
1763897182344,1.253,0.457651,1.253,0.457651,
1763897182375,1.253,0.457652,1.253,0.457652,
1763897182415,1.253,0.457652,1.253,0.457652,
1763897182445,1.25299,0.457653,1.25299,0.457653,
1763897182489,1.25299,0.457653,1.25299,0.457653,
1763897182522,1.25299,0.457653,1.25299,0.457653,
1763897182564,1.25299,0.457654,1.25299,0.457654,
1763897182596,1.25299,0.457654,1.25299,0.457654,
1763897182639,1.25299,0.457655,1.25299,0.457655,
1763897182689,1.25299,0.457655,1.25299,0.457655,
1763897182719,1.25299,0.457655,1.25299,0.457655,
1763897182750,1.25298,0.457656,1.25298,0.457656,
1763897182791,1.25298,0.457656,1.25298,0.457656,
1763897182828,1.25298,0.457657,1.25298,0.457657,
1763897182861,1.25298,0.457657,1.25298,0.457657,
1763897182903,1.25298,0.457657,1.25298,0.457657,
1763897182942,1.25298,0.457658,1.25298,0.457658,
1763897182966,1.25298,0.457658,1.25298,0.457658,
1763897183010,1.25298,0.457659,1.25298,0.457659,
1763897183047,1.25297,0.457659,1.25297,0.457659,
1763897183080,1.25297,0.457659,1.25297,0.457659,
1763897183127,1.25297,0.45766,1.25297,0.45766,
1763897183153,1.25297,0.45766,1.25297,0.45766,
1763897183195,1.25297,0.457661,1.25297,0.457661,
1763897183234,1.25297,0.457661,1.25297,0.457661,
1763897183283,1.25297,0.457661,1.25297,0.457661,
1763897183314,1.25297,0.457662,1.25297,0.457662,
1763897183357,1.25296,0.457662,1.25296,0.457662,
1763897183395,1.25296,0.457662,1.25296,0.457663,
1763897183431,1.25296,0.457663,1.25296,0.457663,
1763897183470,1.25296,0.457664,1.25296,0.457663,
1763897183511,1.25296,0.457664,1.25296,0.457664,
1763897183555,1.25296,0.457664,1.25296,0.457664,
1763897183585,1.25296,0.457665,1.25296,0.457665,
1763897183627,1.25296,0.457665,1.25296,0.457665,
1763897183666,1.25295,0.457666,1.25295,0.457666,
1763897183705,1.25295,0.457666,1.25295,0.457666,
1763897183739,1.25295,0.457666,1.25295,0.457666,
1763897183773,1.25295,0.457667,1.25295,0.457667,
1763897183817,1.25295,0.457667,1.25295,0.457667,
1763897183853,1.25295,0.457667,1.25295,0.457667,
1763897183893,1.25295,0.457668,1.25295,0.457668,
1763897183930,1.25295,0.457668,1.25295,0.457668,
1763897183954,1.25294,0.457669,1.25294,0.457669,
1763897183993,1.25294,0.457669,1.25294,0.457669,
1763897184038,1.25294,0.45767,1.25294,0.45767,
1763897184073,1.25294,0.45767,1.25294,0.45767,
1763897184124,1.25294,0.45767,1.25294,0.45767,
1763897184151,1.25294,0.457671,1.25294,0.457671,
1763897184180,1.25294,0.457671,1.25294,0.457671,
1763897184213,1.25294,0.457671,1.25294,0.457671,
1763897184263,1.25293,0.457672,1.25293,0.457672,
1763897184291,1.25293,0.457672,1.25293,0.457672,
1763897184323,1.25293,0.457673,1.25293,0.457673,
1763897184361,1.25293,0.457673,1.25293,0.457673,
1763897184397,1.25293,0.457674,1.25293,0.457674,
1763897184431,1.25293,0.457674,1.25293,0.457674,
1763897184467,1.25293,0.457674,1.25293,0.457674,
1763897184505,1.25292,0.457675,1.25292,0.457675,
1763897184547,1.25292,0.457675,1.25292,0.457675,
1763897184587,1.25292,0.457676,1.25292,0.457676,
1763897184621,1.25292,0.457676,1.25292,0.457676,
1763897184659,1.25292,0.457676,1.25292,0.457676,
1763897184700,1.25292,0.457677,1.25292,0.457677,
1763897184733,1.25292,0.457677,1.25292,0.457677,
1763897184769,1.25292,0.457678,1.25292,0.457678,
1763897184808,1.25292,0.457678,1.25292,0.457678,
1763897184844,1.25291,0.457678,1.25291,0.457678,
1763897184884,1.25291,0.457679,1.25291,0.457679,
1763897184920,1.25291,0.457679,1.25291,0.457679,
1763897184963,1.25291,0.45768,1.25291,0.45768,
1763897185006,1.25291,0.45768,1.25291,0.45768,
1763897185046,1.25291,0.45768,1.25291,0.45768,
1763897185081,1.25291,0.457681,1.25291,0.457681,
1763897185120,1.2529,0.457681,1.2529,0.457681,
1763897185169,1.2529,0.457682,1.2529,0.457682,
1763897185204,1.2529,0.457682,1.2529,0.457682,
1763897185236,1.2529,0.457683,1.2529,0.457683,
1763897185271,1.2529,0.457683,1.2529,0.457683,
1763897185309,1.2529,0.457683,1.2529,0.457683,
1763897185341,1.2529,0.457684,1.2529,0.457684,
1763897185389,1.2529,0.457684,1.2529,0.457684,
1763897185424,1.25289,0.457684,1.25289,0.457684,
1763897185456,1.25289,0.457685,1.25289,0.457685,
1763897185502,1.25289,0.457685,1.25289,0.457685,
1763897185547,1.25289,0.457686,1.25289,0.457686,
1763897185577,1.25289,0.457686,1.25289,0.457686,
1763897185616,1.25289,0.457686,1.25289,0.457686,
1763897185658,1.25289,0.457687,1.25289,0.457687,
1763897185699,1.25289,0.457687,1.25289,0.457687,
1763897185736,1.25288,0.457687,1.25288,0.457687,
1763897185770,1.25288,0.457688,1.25288,0.457688,
1763897185813,1.25288,0.457688,1.25288,0.457688,
1763897185863,1.25288,0.457689,1.25288,0.457689,
1763897185894,1.25288,0.457689,1.25288,0.457689,
1763897185935,1.25288,0.45769,1.25288,0.45769,
1763897185981,1.25288,0.45769,1.25288,0.45769,
1763897186008,1.25288,0.45769,1.25288,0.45769,
1763897186047,1.25287,0.457691,1.25287,0.457691,
1763897186090,1.25287,0.457691,1.25287,0.457691,
1763897186131,1.25287,0.457692,1.25287,0.457692,
1763897186177,1.25287,0.457692,1.25287,0.457692,
1763897186210,1.25287,0.457692,1.25287,0.457692,
1763897186251,1.25287,0.457693,1.25287,0.457693,
1763897186286,1.25287,0.457693,1.25287,0.457693,
1763897186321,1.25287,0.457694,1.25287,0.457694,
1763897186354,1.25286,0.457694,1.25286,0.457694,
1763897186386,1.25286,0.457695,1.25286,0.457695,
1763897186418,1.25286,0.457695,1.25286,0.457695,
1763897186461,1.25286,0.457695,1.25286,0.457695,
1763897186502,1.25286,0.457696,1.25286,0.457696,
1763897186539,1.25286,0.457696,1.25286,0.457696,
1763897186567,1.25286,0.457696,1.25286,0.457696,
1763897186611,1.25286,0.457697,1.25286,0.457697,
1763897186648,1.25285,0.457697,1.25285,0.457697,
1763897186682,1.25285,0.457698,1.25285,0.457698,
1763897186733,1.25285,0.457698,1.25285,0.457698,
1763897186764,1.25285,0.457699,1.25285,0.457699,
1763897186805,1.25285,0.457699,1.25285,0.457699,
1763897186847,1.25285,0.457699,1.25285,0.457699,
1763897186877,1.25285,0.4577,1.25285,0.4577,
1763897186920,1.25285,0.4577,1.25285,0.4577,
1763897186954,1.25284,0.457701,1.25284,0.457701,
1763897186990,1.25284,0.457701,1.25284,0.457701,
1763897187031,1.25284,0.457701,1.25284,0.457701,
1763897187077,1.25284,0.457702,1.25284,0.457702,
1763897187112,1.25284,0.457702,1.25284,0.457702,
1763897187141,1.25284,0.457703,1.25284,0.457703,
1763897187186,1.25284,0.457703,1.25284,0.457703,
1763897187231,1.25284,0.457703,1.25284,0.457703,
1763897187259,1.25283,0.457704,1.25283,0.457704,
1763897187297,1.25283,0.457704,1.25283,0.457704,
1763897187329,1.25283,0.457705,1.25283,0.457705,
1763897187361,1.25283,0.457705,1.25283,0.457705,
1763897187394,1.25283,0.457705,1.25283,0.457705,
1763897187432,1.25283,0.457706,1.25283,0.457706,
1763897187467,1.25283,0.457706,1.25283,0.457706,
1763897187503,1.25283,0.457707,1.25283,0.457707,
1763897187540,1.25282,0.457707,1.25282,0.457707,
1763897187585,1.25282,0.457707,1.25282,0.457707,
1763897187619,1.25282,0.457708,1.25282,0.457708,
1763897187652,1.25282,0.457708,1.25282,0.457708,
1763897187699,1.25282,0.457709,1.25282,0.457709,
1763897187736,1.25282,0.457709,1.25282,0.457709,
1763897187764,1.25282,0.457709,1.25282,0.457709,
1763897187803,1.25282,0.45771,1.25282,0.45771,
1763897187838,1.25281,0.45771,1.25281,0.45771,
1763897187872,1.25281,0.45771,1.25281,0.457711,
1763897187907,1.25281,0.457711,1.25281,0.457711,
1763897187944,1.25281,0.457711,1.25281,0.457711,
1763897187978,1.25281,0.457712,1.25281,0.457712,
1763897188020,1.25281,0.457712,1.25281,0.457712,
1763897188063,1.25281,0.457713,1.25281,0.457713,
1763897188102,1.25281,0.457713,1.25281,0.457713,
1763897188136,1.2528,0.457714,1.2528,0.457714,
1763897188169,1.2528,0.457714,1.2528,0.457714,
1763897188216,1.2528,0.457714,1.2528,0.457714,
1763897188251,1.2528,0.457715,1.2528,0.457715,
1763897188286,1.2528,0.457715,1.2528,0.457715,
1763897188329,1.2528,0.457715,1.2528,0.457715,
1763897188360,1.2528,0.457716,1.2528,0.457716,
1763897188389,1.2528,0.457716,1.2528,0.457716,
1763897188427,1.25279,0.457717,1.25279,0.457717,
1763897188483,1.25279,0.457717,1.25279,0.457717,
1763897188511,1.25279,0.457717,1.25279,0.457717,
1763897188553,1.25279,0.457718,1.25279,0.457718,
1763897188578,1.25279,0.457718,1.25279,0.457718,
1763897188624,1.25279,0.457719,1.25279,0.457719,
1763897188668,1.25279,0.457719,1.25279,0.457719,
1763897188701,1.25279,0.457719,1.25279,0.457719,
1763897188737,1.25278,0.45772,1.25278,0.45772,
1763897188779,1.25278,0.45772,1.25278,0.45772,
1763897188811,1.25278,0.457721,1.25278,0.457721,
1763897188845,1.25278,0.457721,1.25278,0.457721,
1763897188889,1.25278,0.457722,1.25278,0.457722,
1763897188929,1.25278,0.457722,1.25278,0.457722,
1763897188961,1.25278,0.457722,1.25278,0.457722,
1763897188999,1.25278,0.457723,1.25278,0.457723,
1763897189039,1.25277,0.457723,1.25277,0.457723,
1763897189081,1.25277,0.457723,1.25277,0.457723,
1763897189113,1.25277,0.457724,1.25277,0.457724,
1763897189151,1.25277,0.457724,1.25277,0.457724,
1763897189197,1.25277,0.457725,1.25277,0.457725,
1763897189243,1.25277,0.457725,1.25277,0.457725,
1763897189283,1.25277,0.457725,1.25277,0.457725,
1763897189317,1.25277,0.457726,1.25277,0.457726,
1763897189357,1.25276,0.457726,1.25276,0.457726,
1763897189393,1.25276,0.457727,1.25276,0.457727,
1763897189428,1.25276,0.457727,1.25276,0.457727,
1763897189473,1.25276,0.457728,1.25276,0.457728,
1763897189504,1.25276,0.457728,1.25276,0.457728,
1763897189548,1.25276,0.457728,1.25276,0.457728,
1763897189581,1.25276,0.457729,1.25276,0.457729,
1763897189612,1.25276,0.457729,1.25276,0.457729,
1763897189654,1.25275,0.457729,1.25275,0.457729,
1763897189688,1.25275,0.45773,1.25275,0.45773,
1763897189719,1.25275,0.45773,1.25275,0.45773,
1763897189760,1.25275,0.457731,1.25275,0.457731,
1763897189794,1.25275,0.457731,1.25275,0.457731,
1763897189833,1.25275,0.457732,1.25275,0.457732,
1763897189876,1.25275,0.457732,1.25275,0.457732,
1763897189909,1.25275,0.457733,1.25275,0.457732,
1763897189954,1.25274,0.457733,1.25274,0.457733,
1763897189982,1.25274,0.457733,1.25274,0.457733,
1763897190020,1.25274,0.457733,1.25274,0.457733,
1763897190064,1.25274,0.457734,1.25274,0.457734,
1763897190106,1.25274,0.457734,1.25274,0.457734,
1763897190141,1.25274,0.457735,1.25274,0.457735,
1763897190177,1.25274,0.457735,1.25274,0.457735,
1763897190223,1.25274,0.457736,1.25274,0.457736,
1763897190258,1.25273,0.457736,1.25273,0.457736,
1763897190296,1.25273,0.457736,1.25273,0.457736,
1763897190332,1.25273,0.457737,1.25273,0.457737,
1763897190367,1.25273,0.457737,1.25273,0.457737,
1763897190406,1.25273,0.457738,1.25273,0.457738,
1763897190447,1.25273,0.457738,1.25273,0.457738,
1763897190474,1.25273,0.457738,1.25273,0.457738,
1763897190519,1.25273,0.457739,1.25273,0.457739,
1763897190561,1.25272,0.457739,1.25272,0.457739,
1763897190584,1.25272,0.457739,1.25272,0.45774,
1763897190629,1.25272,0.45774,1.25272,0.45774,
1763897190664,1.25272,0.45774,1.25272,0.45774,
1763897190700,1.25272,0.457741,1.25272,0.457741,
1763897190740,1.25272,0.457741,1.25272,0.457741,
1763897190772,1.25272,0.457742,1.25272,0.457742,
1763897190804,1.25272,0.457742,1.25272,0.457742,
1763897190838,1.25271,0.457742,1.25271,0.457742,
1763897190872,1.25271,0.457743,1.25271,0.457743,
1763897190915,1.25271,0.457743,1.25271,0.457743,
1763897190957,1.25271,0.457743,1.25271,0.457743,
1763897190993,1.25271,0.457744,1.25271,0.457744,
1763897191039,1.25271,0.457744,1.25271,0.457744,
1763897191062,1.25271,0.457745,1.25271,0.457745,
1763897191098,1.25271,0.457745,1.25271,0.457745,
1763897191135,1.2527,0.457746,1.2527,0.457746,
1763897191164,1.2527,0.457746,1.2527,0.457746,
1763897191204,1.2527,0.457746,1.2527,0.457746,
1763897191257,1.2527,0.457747,1.2527,0.457747,
1763897191299,1.2527,0.457747,1.2527,0.457747,
1763897191335,1.2527,0.457748,1.2527,0.457748,
1763897191383,1.2527,0.457748,1.2527,0.457748,
1763897191413,1.2527,0.457748,1.2527,0.457748,
1763897191452,1.25269,0.457749,1.25269,0.457749,
1763897191482,1.25269,0.457749,1.25269,0.457749,
1763897191525,1.25269,0.45775,1.25269,0.45775,
1763897191564,1.25269,0.45775,1.25269,0.45775,
1763897191595,1.25269,0.45775,1.25269,0.45775,
1763897191631,1.25269,0.457751,1.25269,0.457751,
1763897191664,1.25269,0.457751,1.25269,0.457751,
1763897191700,1.25269,0.457752,1.25269,0.457752,
1763897191733,1.25268,0.457752,1.25268,0.457752,
1763897191767,1.25268,0.457752,1.25268,0.457752,
1763897191805,1.25268,0.457753,1.25268,0.457753,
1763897191846,1.25268,0.457753,1.25268,0.457753,
1763897191879,1.25268,0.457754,1.25268,0.457754,
1763897191921,1.25268,0.457754,1.25268,0.457754,
1763897191954,1.25268,0.457755,1.25268,0.457755,
1763897191993,1.25268,0.457755,1.25268,0.457755,
1763897192049,1.25267,0.457755,1.25267,0.457755,
1763897192084,1.25267,0.457756,1.25267,0.457756,
1763897192120,1.25267,0.457756,1.25267,0.457756,
1763897192151,1.25267,0.457756,1.25267,0.457756,
1763897192191,1.25267,0.457757,1.25267,0.457757,
1763897192223,1.25267,0.457757,1.25267,0.457757,
1763897192269,1.25267,0.457758,1.25267,0.457758,
1763897192301,1.25267,0.457758,1.25267,0.457758,
1763897192333,1.25266,0.457758,1.25266,0.457758,
1763897192382,1.25266,0.457759,1.25266,0.457759,
1763897192410,1.25266,0.457759,1.25266,0.457759,
1763897192450,1.25266,0.45776,1.25266,0.45776,
1763897192495,1.25266,0.45776,1.25266,0.45776,
1763897192521,1.25266,0.45776,1.25266,0.457761,
1763897192563,1.25266,0.457761,1.25266,0.457761,
1763897192587,1.25266,0.457761,1.25266,0.457761,
1763897192623,1.25265,0.457762,1.25265,0.457762,
1763897192662,1.25265,0.457762,1.25265,0.457762,
1763897192698,1.25265,0.457762,1.25265,0.457762,
1763897192732,1.25265,0.457763,1.25265,0.457763,
1763897192779,1.25265,0.457763,1.25265,0.457763,
1763897192815,1.25265,0.457764,1.25265,0.457764,
1763897192843,1.25265,0.457764,1.25265,0.457764,
1763897192877,1.25265,0.457765,1.25265,0.457765,
1763897192914,1.25264,0.457765,1.25264,0.457765,
1763897192963,1.25264,0.457765,1.25264,0.457765,
1763897192995,1.25264,0.457766,1.25264,0.457766,
1763897193027,1.25264,0.457766,1.25264,0.457766,
1763897193081,1.25264,0.457767,1.25264,0.457767,
1763897193116,1.25264,0.457767,1.25264,0.457767,
1763897193145,1.25264,0.457767,1.25264,0.457767,
1763897193185,1.25264,0.457768,1.25264,0.457768,
1763897193227,1.25263,0.457768,1.25263,0.457768,
1763897193256,1.25263,0.457769,1.25263,0.457768,
1763897193291,1.25263,0.457769,1.25263,0.457769,
1763897193332,1.25263,0.457769,1.25263,0.457769,
1763897193375,1.25263,0.45777,1.25263,0.45777,
1763897193408,1.25263,0.45777,1.25263,0.45777,
1763897193448,1.25263,0.457771,1.25263,0.457771,
1763897193482,1.25263,0.457771,1.25263,0.457771,
1763897193524,1.25262,0.457771,1.25262,0.457771,
1763897193558,1.25262,0.457772,1.25262,0.457772,
1763897193597,1.25262,0.457772,1.25262,0.457772,
1763897193637,1.25262,0.457773,1.25262,0.457773,
1763897193670,1.25262,0.457773,1.25262,0.457773,
1763897193705,1.25262,0.457773,1.25262,0.457773,
1763897193743,1.25262,0.457774,1.25262,0.457774,
1763897193785,1.25262,0.457774,1.25262,0.457774,
1763897193824,1.25261,0.457775,1.25261,0.457775,
1763897193857,1.25261,0.457775,1.25261,0.457775,
1763897193902,1.25261,0.457775,1.25261,0.457775,
1763897193935,1.25261,0.457776,1.25261,0.457776,
1763897193967,1.25261,0.457776,1.25261,0.457776,
1763897194011,1.25261,0.457777,1.25261,0.457777,
1763897194062,1.25261,0.457777,1.25261,0.457777,
1763897194088,1.25261,0.457778,1.25261,0.457778,
1763897194126,1.2526,0.457778,1.2526,0.457778,
1763897194175,1.2526,0.457778,1.2526,0.457778,
1763897194217,1.2526,0.457778,1.2526,0.457778,
1763897194251,1.2526,0.457779,1.2526,0.457779,
1763897194285,1.2526,0.457779,1.2526,0.457779,
1763897194326,1.2526,0.45778,1.2526,0.45778,
1763897194362,1.2526,0.45778,1.2526,0.45778,
1763897194396,1.2526,0.457781,1.2526,0.457781,
1763897194423,1.25259,0.457781,1.25259,0.457781,
1763897194460,1.25259,0.457782,1.25259,0.457782,
1763897194496,1.25259,0.457782,1.25259,0.457782,
1763897194529,1.25259,0.457782,1.25259,0.457782,
1763897194562,1.25259,0.457783,1.25259,0.457783,
1763897194612,1.25259,0.457783,1.25259,0.457783,
1763897194644,1.25259,0.457784,1.25259,0.457783,
1763897194675,1.25259,0.457784,1.25259,0.457784,
1763897194717,1.25258,0.457784,1.25258,0.457784,
1763897194752,1.25258,0.457785,1.25258,0.457785,
1763897194792,1.25258,0.457785,1.25258,0.457785,
1763897194832,1.25258,0.457785,1.25258,0.457785,
1763897194864,1.25258,0.457786,1.25258,0.457786,
1763897194900,1.25258,0.457786,1.25258,0.457786,
1763897194935,1.25258,0.457787,1.25258,0.457787,
1763897194980,1.25258,0.457787,1.25258,0.457787,
1763897195031,1.25257,0.457787,1.25257,0.457787,
1763897195067,1.25257,0.457788,1.25257,0.457788,
1763897195099,1.25257,0.457788,1.25257,0.457788,
1763897195132,1.25257,0.457789,1.25257,0.457789,
1763897195176,1.25257,0.457789,1.25257,0.457789,
1763897195214,1.25257,0.45779,1.25257,0.45779,
1763897195247,1.25257,0.45779,1.25257,0.45779,
1763897195279,1.25257,0.45779,1.25257,0.45779,
1763897195309,1.25256,0.457791,1.25256,0.457791,
1763897195344,1.25256,0.457791,1.25256,0.457791,
1763897195391,1.25256,0.457792,1.25256,0.457792,
1763897195432,1.25256,0.457792,1.25256,0.457792,
1763897195463,1.25256,0.457792,1.25256,0.457792,
1763897195494,1.25256,0.457793,1.25256,0.457793,
1763897195531,1.25256,0.457793,1.25256,0.457793,
1763897195580,1.25256,0.457793,1.25256,0.457793,
1763897195606,1.25255,0.457794,1.25255,0.457794,
1763897195640,1.25255,0.457794,1.25255,0.457794,
1763897195683,1.25255,0.457795,1.25255,0.457795,
1763897195716,1.25255,0.457795,1.25255,0.457795,
1763897195751,1.25255,0.457796,1.25255,0.457796,
1763897195794,1.25255,0.457796,1.25255,0.457796,
1763897195836,1.25255,0.457796,1.25255,0.457796,
1763897195871,1.25255,0.457797,1.25255,0.457797,
1763897195907,1.25254,0.457797,1.25254,0.457797,
1763897195945,1.25254,0.457798,1.25254,0.457798,
1763897195981,1.25254,0.457798,1.25254,0.457798,
1763897196016,1.25254,0.457798,1.25254,0.457798,
1763897196063,1.25254,0.457799,1.25254,0.457799,
1763897196098,1.25254,0.457799,1.25254,0.457799,
1763897196130,1.25254,0.4578,1.25254,0.4578,
1763897196167,1.25254,0.4578,1.25254,0.4578,
1763897196200,1.25253,0.4578,1.25253,0.4578,
1763897196232,1.25253,0.457801,1.25253,0.457801,
1763897196271,1.25253,0.457801,1.25253,0.457801,
1763897196300,1.25253,0.457802,1.25253,0.457802,
1763897196335,1.25253,0.457802,1.25253,0.457802,
1763897196387,1.25253,0.457802,1.25253,0.457802,
1763897196415,1.25253,0.457803,1.25253,0.457803,
1763897196444,1.25253,0.457803,1.25253,0.457803,
1763897196476,1.25252,0.457804,1.25252,0.457804,
1763897196517,1.25252,0.457804,1.25252,0.457804,
1763897196549,1.25252,0.457805,1.25252,0.457805,
1763897196593,1.25252,0.457805,1.25252,0.457805,
1763897196627,1.25252,0.457805,1.25252,0.457805,
1763897196665,1.25252,0.457806,1.25252,0.457806,
1763897196707,1.25252,0.457806,1.25252,0.457806,
1763897196743,1.25252,0.457806,1.25252,0.457806,
1763897196785,1.25251,0.457807,1.25251,0.457807,
1763897196820,1.25251,0.457807,1.25251,0.457807,
1763897196849,1.25251,0.457808,1.25251,0.457808,
1763897196891,1.25251,0.457808,1.25251,0.457808,
1763897196920,1.25251,0.457809,1.25251,0.457808,
1763897196957,1.25251,0.457809,1.25251,0.457809,
1763897197000,1.25251,0.457809,1.25251,0.457809,
1763897197032,1.2525,0.45781,1.2525,0.45781,
1763897197068,1.2525,0.45781,1.2525,0.45781,
1763897197107,1.2525,0.45781,1.2525,0.45781,
1763897197144,1.2525,0.457811,1.2525,0.457811,
1763897197186,1.2525,0.457811,1.2525,0.457811,
1763897197220,1.2525,0.457812,1.2525,0.457812,
1763897197256,1.2525,0.457812,1.2525,0.457812,
1763897197293,1.2525,0.457812,1.2525,0.457812,
1763897197328,1.25249,0.457813,1.25249,0.457813,
1763897197362,1.25249,0.457813,1.25249,0.457813,
1763897197404,1.25249,0.457814,1.25249,0.457814,
1763897197433,1.25249,0.457814,1.25249,0.457814,
1763897197476,1.25249,0.457815,1.25249,0.457815,
1763897197512,1.25249,0.457815,1.25249,0.457815,
1763897197553,1.25249,0.457815,1.25249,0.457815,
1763897197591,1.25249,0.457816,1.25249,0.457816,
1763897197621,1.25248,0.457816,1.25248,0.457816,
1763897197672,1.25248,0.457817,1.25248,0.457817,
1763897197720,1.25248,0.457817,1.25248,0.457817,
1763897197756,1.25248,0.457817,1.25248,0.457817,
1763897197785,1.25248,0.457818,1.25248,0.457818,
1763897197821,1.25248,0.457818,1.25248,0.457818,
1763897197851,1.25248,0.457818,1.25248,0.457818,
1763897197889,1.25248,0.457819,1.25248,0.457819,
1763897197933,1.25247,0.457819,1.25247,0.457819,
1763897197956,1.25247,0.45782,1.25247,0.45782,
1763897197998,1.25247,0.45782,1.25247,0.45782,
1763897198038,1.25247,0.457821,1.25247,0.457821,
1763897198076,1.25247,0.457821,1.25247,0.457821,
1763897198115,1.25247,0.457821,1.25247,0.457821,
1763897198149,1.25247,0.457822,1.25247,0.457822,
1763897198180,1.25247,0.457822,1.25247,0.457822,
1763897198212,1.25246,0.457823,1.25246,0.457823,
1763897198248,1.25246,0.457823,1.25246,0.457823,
1763897198288,1.25246,0.457823,1.25246,0.457823,
1763897198320,1.25246,0.457824,1.25246,0.457824,
1763897198358,1.25246,0.457824,1.25246,0.457824,
1763897198393,1.25246,0.457825,1.25246,0.457825,
1763897198427,1.25246,0.457825,1.25246,0.457825,
1763897198474,1.25246,0.457825,1.25246,0.457825,
1763897198519,1.25245,0.457826,1.25245,0.457826,
1763897198556,1.25245,0.457826,1.25245,0.457826,
1763897198590,1.25245,0.457827,1.25245,0.457827,
1763897198623,1.25245,0.457827,1.25245,0.457827,
1763897198666,1.25245,0.457827,1.25245,0.457827,
1763897198712,1.25245,0.457828,1.25245,0.457828,
1763897198764,1.25245,0.457828,1.25245,0.457828,
1763897198791,1.25245,0.457829,1.25245,0.457829,
1763897198824,1.25244,0.457829,1.25244,0.457829,
1763897198851,1.25244,0.457829,1.25244,0.457829,
1763897198885,1.25244,0.45783,1.25244,0.45783,
1763897198923,1.25244,0.45783,1.25244,0.45783,
1763897198964,1.25244,0.457831,1.25244,0.457831,
1763897198999,1.25244,0.457831,1.25244,0.457831,
1763897199036,1.25244,0.457831,1.25244,0.457831,
1763897199081,1.25244,0.457832,1.25244,0.457832,
1763897199125,1.25243,0.457832,1.25243,0.457832,
1763897199158,1.25243,0.457833,1.25243,0.457833,
1763897199190,1.25243,0.457833,1.25243,0.457833,
1763897199232,1.25243,0.457833,1.25243,0.457833,
1763897199260,1.25243,0.457834,1.25243,0.457834,
1763897199296,1.25243,0.457834,1.25243,0.457834,
1763897199346,1.25243,0.457835,1.25243,0.457835,
1763897199375,1.25243,0.457835,1.25243,0.457835,
1763897199408,1.25242,0.457836,1.25242,0.457836,
1763897199451,1.25242,0.457836,1.25242,0.457836,
1763897199475,1.25242,0.457836,1.25242,0.457836,
1763897199514,1.25242,0.457837,1.25242,0.457837,
1763897199555,1.25242,0.457837,1.25242,0.457837,
1763897199585,1.25242,0.457837,1.25242,0.457837,
1763897199627,1.25242,0.457838,1.25242,0.457838,
1763897199668,1.25242,0.457838,1.25242,0.457838,
1763897199699,1.25241,0.457839,1.25241,0.457839,
1763897199740,1.25241,0.457839,1.25241,0.457839,
1763897199791,1.25241,0.457839,1.25241,0.457839,
1763897199825,1.25241,0.45784,1.25241,0.45784,
1763897199859,1.25241,0.45784,1.25241,0.45784,
1763897199894,1.25241,0.457841,1.25241,0.457841,
1763897199931,1.25241,0.457841,1.25241,0.457841,
1763897199967,1.25241,0.457841,1.25241,0.457841,
1763897200004,1.2524,0.457842,1.2524,0.457842,
1763897200043,1.2524,0.457842,1.2524,0.457842,
1763897200079,1.2524,0.457843,1.2524,0.457843,
1763897200117,1.2524,0.457843,1.2524,0.457843,
1763897200157,1.2524,0.457843,1.2524,0.457843,
1763897200191,1.2524,0.457844,1.2524,0.457844,
1763897200226,1.2524,0.457844,1.2524,0.457844,
1763897200265,1.2524,0.457845,1.2524,0.457845,
1763897200308,1.25239,0.457845,1.25239,0.457845,
1763897200346,1.25239,0.457846,1.25239,0.457845,
1763897200383,1.25239,0.457846,1.25239,0.457846,
1763897200421,1.25239,0.457846,1.25239,0.457846,
1763897200469,1.25239,0.457847,1.25239,0.457847,
1763897200502,1.25239,0.457847,1.25239,0.457847,
1763897200546,1.25239,0.457847,1.25239,0.457847,
1763897200578,1.25239,0.457848,1.25239,0.457848,
1763897200625,1.25238,0.457848,1.25238,0.457848,
1763897200656,1.25238,0.457849,1.25238,0.457849,
1763897200696,1.25238,0.457849,1.25238,0.457849,
1763897200731,1.25238,0.45785,1.25238,0.45785,
1763897200764,1.25238,0.45785,1.25238,0.45785,
1763897200809,1.25238,0.45785,1.25238,0.45785,
1763897200849,1.25238,0.457851,1.25238,0.457851,
1763897200890,1.25238,0.457851,1.25238,0.457851,
1763897200915,1.25237,0.457851,1.25237,0.457851,
1763897200954,1.25237,0.457852,1.25237,0.457852,
1763897201000,1.25237,0.457852,1.25237,0.457852,
1763897201040,1.25237,0.457853,1.25237,0.457853,
1763897201077,1.25237,0.457853,1.25237,0.457853,
1763897201110,1.25237,0.457853,1.25237,0.457853,
1763897201151,1.25237,0.457854,1.25237,0.457854,
1763897201185,1.25237,0.457854,1.25237,0.457854,
1763897201226,1.25236,0.457855,1.25236,0.457855,
1763897201261,1.25236,0.457855,1.25236,0.457855,
1763897201298,1.25236,0.457855,1.25236,0.457855,
1763897201344,1.25236,0.457856,1.25236,0.457856,
1763897201389,1.25236,0.457856,1.25236,0.457856,
1763897201422,1.25236,0.457857,1.25236,0.457857,
1763897201459,1.25236,0.457857,1.25236,0.457857,
1763897201496,1.25236,0.457857,1.25236,0.457857,
1763897201539,1.25235,0.457858,1.25235,0.457858,
1763897201568,1.25235,0.457858,1.25235,0.457858,
1763897201602,1.25235,0.457859,1.25235,0.457859,
1763897201637,1.25235,0.457859,1.25235,0.457859,
1763897201674,1.25235,0.45786,1.25235,0.45786,
1763897201713,1.25235,0.45786,1.25235,0.45786,
1763897201755,1.25235,0.45786,1.25235,0.45786,
1763897201795,1.25235,0.457861,1.25235,0.457861,
1763897201852,1.25234,0.457861,1.25234,0.457861,
1763897201887,1.25234,0.457861,1.25234,0.457861,
1763897201923,1.25234,0.457862,1.25234,0.457862,
1763897201951,1.25234,0.457862,1.25234,0.457862,
1763897201989,1.25234,0.457863,1.25234,0.457863,
1763897202031,1.25234,0.457863,1.25234,0.457863,
1763897202072,1.25234,0.457864,1.25234,0.457864,
1763897202113,1.25234,0.457864,1.25234,0.457864,
1763897202151,1.25233,0.457864,1.25233,0.457864,
1763897202183,1.25233,0.457865,1.25233,0.457865,
1763897202222,1.25233,0.457865,1.25233,0.457865,
1763897202259,1.25233,0.457866,1.25233,0.457866,
1763897202299,1.25233,0.457866,1.25233,0.457866,
1763897202335,1.25233,0.457866,1.25233,0.457866,
1763897202374,1.25233,0.457867,1.25233,0.457867,
1763897202410,1.25233,0.457867,1.25233,0.457867,
1763897202454,1.25232,0.457868,1.25232,0.457868,
1763897202487,1.25232,0.457868,1.25232,0.457868,
1763897202518,1.25232,0.457868,1.25232,0.457868,
1763897202560,1.25232,0.457869,1.25232,0.457869,
1763897202596,1.25232,0.457869,1.25232,0.457869,
1763897202632,1.25232,0.45787,1.25232,0.45787,
1763897202665,1.25232,0.45787,1.25232,0.45787,
1763897202700,1.25232,0.45787,1.25232,0.457871,
1763897202739,1.25231,0.457871,1.25231,0.457871,
1763897202779,1.25231,0.457871,1.25231,0.457871,
1763897202816,1.25231,0.457871,1.25231,0.457872,
1763897202854,1.25231,0.457872,1.25231,0.457872,
1763897202899,1.25231,0.457872,1.25231,0.457872,
1763897202928,1.25231,0.457873,1.25231,0.457873,
1763897202978,1.25231,0.457873,1.25231,0.457873,
1763897203020,1.25231,0.457874,1.25231,0.457874,
1763897203054,1.2523,0.457874,1.2523,0.457874,
1763897203109,1.2523,0.457874,1.2523,0.457874,
1763897203144,1.2523,0.457875,1.2523,0.457875,
1763897203175,1.2523,0.457875,1.2523,0.457875,
1763897203219,1.2523,0.457876,1.2523,0.457876,
1763897203252,1.2523,0.457876,1.2523,0.457876,
1763897203283,1.2523,0.457876,1.2523,0.457876,
1763897203326,1.2523,0.457877,1.2523,0.457877,
1763897203366,1.25229,0.457877,1.25229,0.457877,
1763897203402,1.25229,0.457878,1.25229,0.457878,
1763897203437,1.25229,0.457878,1.25229,0.457878,
1763897203486,1.25229,0.457878,1.25229,0.457878,
1763897203523,1.25229,0.457879,1.25229,0.457879,
1763897203561,1.25229,0.457879,1.25229,0.457879,
1763897203599,1.25229,0.45788,1.25229,0.45788,
1763897203629,1.25229,0.45788,1.25229,0.45788,
1763897203666,1.25228,0.45788,1.25228,0.45788,
1763897203719,1.25228,0.457881,1.25228,0.457881,
1763897203756,1.25228,0.457881,1.25228,0.457881,
1763897203804,1.25228,0.457882,1.25228,0.457882,
1763897203848,1.25228,0.457882,1.25228,0.457882,
1763897203890,1.25228,0.457883,1.25228,0.457883,
1763897203930,1.25228,0.457883,1.25228,0.457883,
1763897203966,1.25228,0.457883,1.25228,0.457883,
1763897204012,1.25227,0.457884,1.25227,0.457884,
1763897204047,1.25227,0.457884,1.25227,0.457884,
1763897204091,1.25227,0.457885,1.25227,0.457885,
1763897204129,1.25227,0.457885,1.25227,0.457885,
1763897204167,1.25227,0.457885,1.25227,0.457885,
1763897204212,1.25227,0.457886,1.25227,0.457886,
1763897204237,1.25227,0.457886,1.25227,0.457886,
1763897204268,1.25227,0.457886,1.25227,0.457886,
1763897204312,1.25226,0.457887,1.25226,0.457887,
1763897204345,1.25226,0.457887,1.25226,0.457887,
1763897204385,1.25226,0.457888,1.25226,0.457888,
1763897204425,1.25226,0.457888,1.25226,0.457888,
1763897204458,1.25226,0.457889,1.25226,0.457889,
1763897204491,1.25226,0.457889,1.25226,0.457889,
1763897204525,1.25226,0.457889,1.25226,0.457889,
1763897204570,1.25226,0.45789,1.25226,0.45789,
1763897204603,1.25225,0.45789,1.25225,0.45789,
1763897204644,1.25225,0.457891,1.25225,0.457891,
1763897204681,1.25225,0.457891,1.25225,0.457891,
1763897204706,1.25225,0.457891,1.25225,0.457891,
1763897204742,1.25225,0.457892,1.25225,0.457892,
1763897204784,1.25225,0.457892,1.25225,0.457892,
1763897204816,1.25225,0.457893,1.25225,0.457892,
1763897204852,1.25225,0.457893,1.25225,0.457893,
1763897204896,1.25224,0.457893,1.25224,0.457893,
1763897204924,1.25224,0.457894,1.25224,0.457894,
1763897204962,1.25224,0.457894,1.25224,0.457894,
1763897205001,1.25224,0.457895,1.25224,0.457895,
1763897205044,1.25224,0.457895,1.25224,0.457895,
1763897205070,1.25224,0.457896,1.25224,0.457895,
1763897205118,1.25224,0.457896,1.25224,0.457896,
1763897205151,1.25224,0.457896,1.25224,0.457896,
1763897205179,1.25223,0.457897,1.25223,0.457897,
1763897205218,1.25223,0.457897,1.25223,0.457897,
1763897205257,1.25223,0.457897,1.25223,0.457897,
1763897205289,1.25223,0.457898,1.25223,0.457898,
1763897205323,1.25223,0.457898,1.25223,0.457898,
1763897205368,1.25223,0.457899,1.25223,0.457899,
1763897205398,1.25223,0.457899,1.25223,0.457899,
1763897205429,1.25223,0.457899,1.25223,0.457899,
1763897205463,1.25222,0.4579,1.25222,0.4579,
1763897205502,1.25222,0.4579,1.25222,0.4579,
1763897205540,1.25222,0.457901,1.25222,0.457901,
1763897205574,1.25222,0.457901,1.25222,0.457901,
1763897205612,1.25222,0.457901,1.25222,0.457901,
1763897205652,1.25222,0.457902,1.25222,0.457902,
1763897205693,1.25222,0.457902,1.25222,0.457902,
1763897205743,1.25222,0.457902,1.25222,0.457902,
1763897205766,1.25221,0.457903,1.25221,0.457903,
1763897205802,1.25221,0.457903,1.25221,0.457903,
1763897205844,1.25221,0.457904,1.25221,0.457904,
1763897205895,1.25221,0.457904,1.25221,0.457904,
1763897205923,1.25221,0.457905,1.25221,0.457905,
1763897205960,1.25221,0.457905,1.25221,0.457905,
1763897205999,1.25221,0.457905,1.25221,0.457905,
1763897206024,1.25221,0.457906,1.25221,0.457906,
1763897206066,1.2522,0.457906,1.2522,0.457906,
1763897206098,1.2522,0.457907,1.2522,0.457907,
1763897206139,1.2522,0.457907,1.2522,0.457907,
1763897206178,1.2522,0.457907,1.2522,0.457907,
1763897206223,1.2522,0.457908,1.2522,0.457908,
1763897206259,1.2522,0.457908,1.2522,0.457908,
1763897206298,1.2522,0.457909,1.2522,0.457909,
1763897206341,1.2522,0.457909,1.2522,0.457909,
1763897206393,1.25219,0.457909,1.25219,0.457909,
1763897206416,1.25219,0.45791,1.25219,0.45791,
1763897206451,1.25219,0.45791,1.25219,0.45791,
1763897206496,1.25219,0.457911,1.25219,0.457911,
1763897206532,1.25219,0.457911,1.25219,0.457911,
1763897206575,1.25219,0.457911,1.25219,0.457911,
1763897206613,1.25219,0.457912,1.25219,0.457912,
1763897206651,1.25219,0.457912,1.25219,0.457912,
1763897206687,1.25218,0.457913,1.25218,0.457913,
1763897206722,1.25218,0.457913,1.25218,0.457913,
1763897206758,1.25218,0.457913,1.25218,0.457913,
1763897206803,1.25218,0.457914,1.25218,0.457914,
1763897206845,1.25218,0.457914,1.25218,0.457914,
1763897206884,1.25218,0.457915,1.25218,0.457915,
1763897206923,1.25218,0.457915,1.25218,0.457915,
1763897206974,1.25218,0.457915,1.25218,0.457915,
1763897207016,1.25217,0.457916,1.25217,0.457916,
1763897207056,1.25217,0.457916,1.25217,0.457916,
1763897207095,1.25217,0.457917,1.25217,0.457917,
1763897207132,1.25217,0.457917,1.25217,0.457917,
1763897207169,1.25217,0.457917,1.25217,0.457917,
1763897207206,1.25217,0.457918,1.25217,0.457918,
1763897207249,1.25217,0.457918,1.25217,0.457918,
1763897207279,1.25217,0.457919,1.25217,0.457919,
1763897207314,1.25216,0.457919,1.25216,0.457919,
1763897207354,1.25216,0.457919,1.25216,0.457919,
1763897207387,1.25216,0.45792,1.25216,0.45792,
1763897207428,1.25216,0.45792,1.25216,0.45792,
1763897207465,1.25216,0.457921,1.25216,0.457921,
1763897207499,1.25216,0.457921,1.25216,0.457921,
1763897207545,1.25216,0.457921,1.25216,0.457921,
1763897207582,1.25216,0.457922,1.25216,0.457922,
1763897207608,1.25215,0.457922,1.25215,0.457922,
1763897207644,1.25215,0.457923,1.25215,0.457923,
1763897207682,1.25215,0.457923,1.25215,0.457923,
1763897207725,1.25215,0.457924,1.25215,0.457924,
1763897207762,1.25215,0.457924,1.25215,0.457924,
1763897207806,1.25215,0.457924,1.25215,0.457924,
1763897207833,1.25215,0.457925,1.25215,0.457925,
1763897207871,1.25215,0.457925,1.25215,0.457925,
1763897207918,1.25214,0.457926,1.25214,0.457926,
1763897207955,1.25214,0.457926,1.25214,0.457926,
1763897207984,1.25214,0.457926,1.25214,0.457926,
1763897208021,1.25214,0.457927,1.25214,0.457927,
1763897208060,1.25214,0.457927,1.25214,0.457927,
1763897208091,1.25214,0.457928,1.25214,0.457928,
1763897208129,1.25214,0.457928,1.25214,0.457928,
1763897208165,1.25214,0.457928,1.25214,0.457928,
1763897208200,1.25213,0.457929,1.25213,0.457929,
1763897208242,1.25213,0.457929,1.25213,0.457929,
1763897208275,1.25213,0.45793,1.25213,0.45793,
1763897208315,1.25213,0.45793,1.25213,0.45793,
1763897208339,1.25213,0.45793,1.25213,0.45793,
1763897208380,1.25213,0.457931,1.25213,0.457931,
1763897208415,1.25213,0.457931,1.25213,0.457931,
1763897208451,1.25213,0.457932,1.25213,0.457932,
1763897208495,1.25212,0.457932,1.25212,0.457932,
1763897208536,1.25212,0.457932,1.25212,0.457932,
1763897208570,1.25212,0.457933,1.25212,0.457933,
1763897208611,1.25212,0.457933,1.25212,0.457933,
1763897208639,1.25212,0.457933,1.25212,0.457933,
1763897208672,1.25212,0.457934,1.25212,0.457934,
1763897208710,1.25212,0.457934,1.25212,0.457934,
1763897208757,1.25212,0.457935,1.25212,0.457935,
1763897208795,1.25211,0.457935,1.25211,0.457935,
1763897208826,1.25211,0.457936,1.25211,0.457936,
1763897208863,1.25211,0.457936,1.25211,0.457936,
1763897208900,1.25211,0.457936,1.25211,0.457936,
1763897208931,1.25211,0.457937,1.25211,0.457937,
1763897208971,1.25211,0.457937,1.25211,0.457937,
1763897209007,1.25211,0.457938,1.25211,0.457938,
1763897209044,1.25211,0.457938,1.25211,0.457938,
1763897209082,1.2521,0.457939,1.2521,0.457939,
1763897209126,1.2521,0.457939,1.2521,0.457939,
1763897209170,1.2521,0.457939,1.2521,0.457939,
1763897209199,1.2521,0.457939,1.2521,0.45794,
1763897209241,1.2521,0.45794,1.2521,0.45794,
1763897209273,1.2521,0.45794,1.2521,0.45794,
1763897209311,1.2521,0.457941,1.2521,0.457941,
1763897209352,1.25209,0.457941,1.25209,0.457941,
1763897209379,1.25209,0.457942,1.25209,0.457942,
1763897209421,1.25209,0.457942,1.25209,0.457942,
1763897209454,1.25209,0.457943,1.25209,0.457943,
1763897209497,1.25209,0.457943,1.25209,0.457943,
1763897209523,1.25209,0.457943,1.25209,0.457943,
1763897209553,1.25209,0.457944,1.25209,0.457944,
1763897209593,1.25209,0.457944,1.25209,0.457944,
1763897209630,1.25208,0.457944,1.25208,0.457944,
1763897209669,1.25208,0.457945,1.25208,0.457945,
1763897209707,1.25208,0.457945,1.25208,0.457945,
1763897209738,1.25208,0.457946,1.25208,0.457946,
1763897209780,1.25208,0.457946,1.25208,0.457946,
1763897209818,1.25208,0.457946,1.25208,0.457946,
1763897209861,1.25208,0.457947,1.25208,0.457947,
1763897209901,1.25208,0.457947,1.25208,0.457947,
1763897209927,1.25207,0.457948,1.25207,0.457948,
1763897209965,1.25207,0.457948,1.25207,0.457948,
1763897209997,1.25207,0.457948,1.25207,0.457948,
1763897210043,1.25207,0.457949,1.25207,0.457949,
1763897210074,1.25207,0.457949,1.25207,0.457949,
1763897210114,1.25207,0.45795,1.25207,0.45795,
1763897210145,1.25207,0.45795,1.25207,0.45795,
1763897210186,1.25207,0.45795,1.25207,0.45795,
1763897210221,1.25206,0.457951,1.25206,0.457951,
1763897210275,1.25206,0.457951,1.25206,0.457951,
1763897210310,1.25206,0.457952,1.25206,0.457952,
1763897210344,1.25206,0.457952,1.25206,0.457952,
1763897210377,1.25206,0.457953,1.25206,0.457953,
1763897210416,1.25206,0.457953,1.25206,0.457953,
1763897210449,1.25206,0.457953,1.25206,0.457953,
1763897210487,1.25206,0.457954,1.25206,0.457954,
1763897210525,1.25205,0.457954,1.25205,0.457954,
1763897210567,1.25205,0.457954,1.25205,0.457954,
1763897210612,1.25205,0.457955,1.25205,0.457955,
1763897210641,1.25205,0.457955,1.25205,0.457955,
1763897210685,1.25205,0.457956,1.25205,0.457956,
1763897210720,1.25205,0.457956,1.25205,0.457956,
1763897210758,1.25205,0.457957,1.25205,0.457957,
1763897210797,1.25205,0.457957,1.25205,0.457957,
1763897210834,1.25204,0.457957,1.25204,0.457957,
1763897210880,1.25204,0.457958,1.25204,0.457958,
1763897210909,1.25204,0.457958,1.25204,0.457958,
1763897210952,1.25204,0.457958,1.25204,0.457958,
1763897210990,1.25204,0.457959,1.25204,0.457959,
1763897211034,1.25204,0.457959,1.25204,0.457959,
1763897211075,1.25204,0.45796,1.25204,0.45796,
1763897211118,1.25204,0.45796,1.25204,0.45796,
1763897211157,1.25203,0.457961,1.25203,0.457961,
1763897211192,1.25203,0.457961,1.25203,0.457961,
1763897211243,1.25203,0.457961,1.25203,0.457961,
1763897211280,1.25203,0.457962,1.25203,0.457962,
1763897211320,1.25203,0.457962,1.25203,0.457962,
1763897211363,1.25203,0.457962,1.25203,0.457962,
1763897211384,1.25203,0.457963,1.25203,0.457963,
1763897211417,1.25203,0.457963,1.25203,0.457963,
1763897211453,1.25202,0.457964,1.25202,0.457964,
1763897211493,1.25202,0.457964,1.25202,0.457964,
1763897211540,1.25202,0.457964,1.25202,0.457964,
1763897211583,1.25202,0.457965,1.25202,0.457965,
1763897211617,1.25202,0.457965,1.25202,0.457965,
1763897211664,1.25202,0.457966,1.25202,0.457966,
1763897211694,1.25202,0.457966,1.25202,0.457966,
1763897211728,1.25202,0.457967,1.25202,0.457967,
1763897211761,1.25201,0.457967,1.25201,0.457967,
1763897211803,1.25201,0.457967,1.25201,0.457967,
1763897211831,1.25201,0.457968,1.25201,0.457968,
1763897211868,1.25201,0.457968,1.25201,0.457968,
1763897211915,1.25201,0.457969,1.25201,0.457969,
1763897211954,1.25201,0.457969,1.25201,0.457969,
1763897211987,1.25201,0.457969,1.25201,0.457969,
1763897212032,1.25201,0.45797,1.25201,0.45797,
1763897212064,1.252,0.45797,1.252,0.45797,
1763897212101,1.252,0.457971,1.252,0.457971,
1763897212151,1.252,0.457971,1.252,0.457971,
1763897212187,1.252,0.457971,1.252,0.457971,
1763897212219,1.252,0.457972,1.252,0.457972,
1763897212267,1.252,0.457972,1.252,0.457972,
1763897212300,1.252,0.457973,1.252,0.457973,
1763897212330,1.252,0.457973,1.252,0.457973,
1763897212376,1.25199,0.457973,1.25199,0.457973,
1763897212414,1.25199,0.457974,1.25199,0.457974,
1763897212455,1.25199,0.457974,1.25199,0.457974,
1763897212489,1.25199,0.457975,1.25199,0.457975,
1763897212529,1.25199,0.457975,1.25199,0.457975,
1763897212564,1.25199,0.457975,1.25199,0.457975,
1763897212601,1.25199,0.457976,1.25199,0.457976,
1763897212648,1.25199,0.457976,1.25199,0.457976,
1763897212681,1.25198,0.457977,1.25198,0.457977,
1763897212723,1.25198,0.457977,1.25198,0.457977,
1763897212773,1.25198,0.457977,1.25198,0.457977,
1763897212808,1.25198,0.457978,1.25198,0.457978,
1763897212842,1.25198,0.457978,1.25198,0.457978,
1763897212888,1.25198,0.457979,1.25198,0.457979,
1763897212913,1.25198,0.457979,1.25198,0.457979,
1763897212948,1.25198,0.457979,1.25198,0.457979,
1763897212983,1.25197,0.45798,1.25197,0.45798,
1763897213025,1.25197,0.45798,1.25197,0.45798,
1763897213068,1.25197,0.457981,1.25197,0.457981,
1763897213099,1.25197,0.457981,1.25197,0.457981,
1763897213140,1.25197,0.457981,1.25197,0.457981,
1763897213174,1.25197,0.457982,1.25197,0.457982,
1763897213205,1.25197,0.457982,1.25197,0.457982,
1763897213248,1.25197,0.457983,1.25197,0.457983,
1763897213289,1.25196,0.457983,1.25196,0.457983,
1763897213321,1.25196,0.457983,1.25196,0.457983,
1763897213358,1.25196,0.457984,1.25196,0.457984,
1763897213385,1.25196,0.457984,1.25196,0.457984,
1763897213430,1.25196,0.457985,1.25196,0.457985,
1763897213464,1.25196,0.457985,1.25196,0.457985,
1763897213504,1.25196,0.457986,1.25196,0.457986,
1763897213546,1.25196,0.457986,1.25196,0.457986,
1763897213571,1.25195,0.457986,1.25195,0.457986,
1763897213623,1.25195,0.457987,1.25195,0.457987,
1763897213645,1.25195,0.457987,1.25195,0.457987,
1763897213679,1.25195,0.457988,1.25195,0.457988,
1763897213709,1.25195,0.457988,1.25195,0.457988,
1763897213755,1.25195,0.457988,1.25195,0.457988,
1763897213804,1.25195,0.457988,1.25195,0.457988,
1763897213844,1.25195,0.457989,1.25195,0.457989,
1763897213877,1.25194,0.457989,1.25194,0.457989,
1763897213919,1.25194,0.45799,1.25194,0.45799,
1763897213966,1.25194,0.45799,1.25194,0.45799,
1763897214016,1.25194,0.457991,1.25194,0.457991,
1763897214055,1.25194,0.457991,1.25194,0.457991,
1763897214082,1.25194,0.457992,1.25194,0.457992,
1763897214123,1.25194,0.457992,1.25194,0.457992,
1763897214158,1.25194,0.457992,1.25194,0.457992,
1763897214190,1.25193,0.457993,1.25193,0.457993,
1763897214226,1.25193,0.457993,1.25193,0.457993,
1763897214263,1.25193,0.457993,1.25193,0.457993,
1763897214301,1.25193,0.457994,1.25193,0.457994,
1763897214348,1.25193,0.457994,1.25193,0.457994,
1763897214379,1.25193,0.457995,1.25193,0.457995,
1763897214408,1.25193,0.457995,1.25193,0.457995,
1763897214448,1.25193,0.457995,1.25193,0.457995,
1763897214479,1.25192,0.457996,1.25192,0.457996,
1763897214520,1.25192,0.457996,1.25192,0.457996,
1763897214555,1.25192,0.457997,1.25192,0.457997,
1763897214595,1.25192,0.457997,1.25192,0.457997,
1763897214650,1.25192,0.457997,1.25192,0.457997,
1763897214695,1.25192,0.457998,1.25192,0.457998,
1763897214736,1.25192,0.457998,1.25192,0.457998,
1763897214769,1.25192,0.457999,1.25192,0.457999,
1763897214805,1.25191,0.457999,1.25191,0.457999,
1763897214844,1.25191,0.458,1.25191,0.458,
1763897214885,1.25191,0.458,1.25191,0.458,
1763897214914,1.25191,0.458,1.25191,0.458,
1763897214950,1.25191,0.458001,1.25191,0.458001,
1763897214986,1.25191,0.458001,1.25191,0.458001,
1763897215019,1.25191,0.458002,1.25191,0.458001,
1763897215065,1.25191,0.458002,1.25191,0.458002,
1763897215102,1.2519,0.458002,1.2519,0.458002,
1763897215140,1.2519,0.458003,1.2519,0.458003,
1763897215179,1.2519,0.458003,1.2519,0.458003,
1763897215222,1.2519,0.458004,1.2519,0.458004,
1763897215254,1.2519,0.458004,1.2519,0.458004,
1763897215301,1.2519,0.458004,1.2519,0.458004,
1763897215340,1.2519,0.458005,1.2519,0.458005,
1763897215372,1.2519,0.458005,1.2519,0.458005,
1763897215407,1.25189,0.458006,1.25189,0.458006,
1763897215439,1.25189,0.458006,1.25189,0.458006,
1763897215483,1.25189,0.458006,1.25189,0.458006,
1763897215525,1.25189,0.458007,1.25189,0.458007,
1763897215564,1.25189,0.458007,1.25189,0.458007,
1763897215596,1.25189,0.458008,1.25189,0.458008,
1763897215640,1.25189,0.458008,1.25189,0.458008,
1763897215679,1.25189,0.458008,1.25189,0.458008,
1763897215711,1.25188,0.458009,1.25188,0.458009,
1763897215753,1.25188,0.458009,1.25188,0.458009,
1763897215807,1.25188,0.45801,1.25188,0.45801,
1763897215833,1.25188,0.45801,1.25188,0.45801,
1763897215872,1.25188,0.45801,1.25188,0.45801,
1763897215916,1.25188,0.458011,1.25188,0.458011,
1763897215959,1.25188,0.458011,1.25188,0.458011,
1763897216011,1.25188,0.458012,1.25188,0.458012,
1763897216040,1.25187,0.458012,1.25187,0.458012,
1763897216077,1.25187,0.458013,1.25187,0.458013,
1763897216120,1.25187,0.458013,1.25187,0.458013,
1763897216148,1.25187,0.458013,1.25187,0.458013,
1763897216186,1.25187,0.458013,1.25187,0.458013,
1763897216216,1.25187,0.458014,1.25187,0.458014,
1763897216249,1.25187,0.458014,1.25187,0.458014,
1763897216294,1.25187,0.458015,1.25187,0.458015,
1763897216322,1.25186,0.458015,1.25186,0.458015,
1763897216363,1.25186,0.458016,1.25186,0.458016,
1763897216412,1.25186,0.458016,1.25186,0.458016,
1763897216450,1.25186,0.458016,1.25186,0.458016,
1763897216479,1.25186,0.458017,1.25186,0.458017,
1763897216522,1.25186,0.458017,1.25186,0.458017,
1763897216563,1.25186,0.458018,1.25186,0.458018,
1763897216589,1.25186,0.458018,1.25186,0.458018,
1763897216620,1.25185,0.458018,1.25185,0.458018,
1763897216663,1.25185,0.458019,1.25185,0.458019,
1763897216700,1.25185,0.458019,1.25185,0.458019,
1763897216737,1.25185,0.45802,1.25185,0.45802,
1763897216777,1.25185,0.45802,1.25185,0.45802,
1763897216823,1.25185,0.45802,1.25185,0.45802,
1763897216848,1.25185,0.458021,1.25185,0.458021,
1763897216883,1.25185,0.458021,1.25185,0.458021,
1763897216915,1.25184,0.458022,1.25184,0.458022,
1763897216953,1.25184,0.458022,1.25184,0.458022,
1763897217003,1.25184,0.458022,1.25184,0.458022,
1763897217034,1.25184,0.458023,1.25184,0.458023,
1763897217070,1.25184,0.458023,1.25184,0.458023,
1763897217103,1.25184,0.458024,1.25184,0.458024,
1763897217146,1.25184,0.458024,1.25184,0.458024,
1763897217176,1.25184,0.458024,1.25184,0.458024,
1763897217212,1.25183,0.458025,1.25183,0.458025,
1763897217255,1.25183,0.458025,1.25183,0.458025,
1763897217287,1.25183,0.458026,1.25183,0.458026,
1763897217321,1.25183,0.458026,1.25183,0.458026,
1763897217367,1.25183,0.458026,1.25183,0.458026,
1763897217391,1.25183,0.458027,1.25183,0.458027,
1763897217429,1.25183,0.458027,1.25183,0.458027,
1763897217464,1.25183,0.458028,1.25183,0.458028,
1763897217500,1.25182,0.458028,1.25182,0.458028,
1763897217541,1.25182,0.458029,1.25182,0.458029,
1763897217580,1.25182,0.458029,1.25182,0.458029,
1763897217630,1.25182,0.458029,1.25182,0.458029,
1763897217667,1.25182,0.45803,1.25182,0.45803,
1763897217695,1.25182,0.45803,1.25182,0.45803,
1763897217735,1.25182,0.45803,1.25182,0.45803,
1763897217774,1.25182,0.458031,1.25182,0.458031,
1763897217805,1.25181,0.458031,1.25181,0.458031,
1763897217841,1.25181,0.458032,1.25181,0.458032,
1763897217886,1.25181,0.458032,1.25181,0.458032,
1763897217914,1.25181,0.458033,1.25181,0.458033,
1763897217946,1.25181,0.458033,1.25181,0.458033,
1763897217990,1.25181,0.458033,1.25181,0.458033,
1763897218036,1.25181,0.458034,1.25181,0.458034,
1763897218067,1.25181,0.458034,1.25181,0.458034,
1763897218105,1.2518,0.458035,1.2518,0.458035,
1763897218143,1.2518,0.458035,1.2518,0.458035,
1763897218175,1.2518,0.458035,1.2518,0.458035,
1763897218218,1.2518,0.458036,1.2518,0.458036,
1763897218259,1.2518,0.458036,1.2518,0.458036,
1763897218298,1.2518,0.458037,1.2518,0.458037,
1763897218333,1.2518,0.458037,1.2518,0.458037,
1763897218363,1.2518,0.458037,1.2518,0.458037,
1763897218409,1.25179,0.458038,1.25179,0.458038,
1763897218441,1.25179,0.458038,1.25179,0.458038,
1763897218480,1.25179,0.458038,1.25179,0.458038,
1763897218519,1.25179,0.458039,1.25179,0.458039,
1763897218548,1.25179,0.458039,1.25179,0.458039,
1763897218588,1.25179,0.45804,1.25179,0.45804,
1763897218634,1.25179,0.45804,1.25179,0.45804,
1763897218669,1.25179,0.45804,1.25179,0.458041,
1763897218719,1.25178,0.458041,1.25178,0.458041,
1763897218744,1.25178,0.458041,1.25178,0.458041,
1763897218792,1.25178,0.458042,1.25178,0.458042,
1763897218827,1.25178,0.458042,1.25178,0.458042,
1763897218860,1.25178,0.458043,1.25178,0.458043,
1763897218894,1.25178,0.458043,1.25178,0.458043,
1763897218938,1.25178,0.458043,1.25178,0.458043,
1763897218968,1.25178,0.458044,1.25178,0.458044,
1763897219003,1.25177,0.458044,1.25177,0.458044,
1763897219048,1.25177,0.458044,1.25177,0.458044,
1763897219078,1.25177,0.458045,1.25177,0.458045,
1763897219111,1.25177,0.458045,1.25177,0.458045,
1763897219160,1.25177,0.458046,1.25177,0.458046,
1763897219192,1.25177,0.458046,1.25177,0.458046,
1763897219223,1.25177,0.458046,1.25177,0.458047,
1763897219272,1.25177,0.458047,1.25177,0.458047,
1763897219307,1.25176,0.458047,1.25176,0.458047,
1763897219335,1.25176,0.458048,1.25176,0.458048,
1763897219372,1.25176,0.458048,1.25176,0.458048,
1763897219415,1.25176,0.458049,1.25176,0.458049,
1763897219442,1.25176,0.458049,1.25176,0.458049,
1763897219480,1.25176,0.458049,1.25176,0.458049,
1763897219520,1.25176,0.45805,1.25176,0.45805,
1763897219561,1.25176,0.45805,1.25176,0.45805,
1763897219592,1.25175,0.458051,1.25175,0.458051,
1763897219630,1.25175,0.458051,1.25175,0.458051,
1763897219672,1.25175,0.458051,1.25175,0.458051,
1763897219711,1.25175,0.458052,1.25175,0.458052,
1763897219769,1.25175,0.458052,1.25175,0.458052,
1763897219814,1.25175,0.458053,1.25175,0.458053,
1763897219862,1.25175,0.458053,1.25175,0.458053,
1763897219899,1.25175,0.458053,1.25175,0.458053,
1763897219943,1.25174,0.458054,1.25174,0.458054,
1763897219994,1.25174,0.458054,1.25174,0.458054,
1763897220031,1.25174,0.458055,1.25174,0.458055,
1763897220066,1.25174,0.458055,1.25174,0.458055,
1763897220103,1.25174,0.458055,1.25174,0.458055,
1763897220138,1.25174,0.458056,1.25174,0.458056,
1763897220180,1.25174,0.458056,1.25174,0.458056,
1763897220220,1.25174,0.458057,1.25174,0.458057,
1763897220264,1.25173,0.458057,1.25173,0.458057,
1763897220289,1.25173,0.458057,1.25173,0.458057,
1763897220332,1.25173,0.458058,1.25173,0.458058,
1763897220371,1.25173,0.458058,1.25173,0.458058,
1763897220403,1.25173,0.458058,1.25173,0.458059,
1763897220444,1.25173,0.458059,1.25173,0.458059,
1763897220482,1.25173,0.458059,1.25173,0.458059,
1763897220524,1.25173,0.45806,1.25173,0.45806,
1763897220555,1.25172,0.45806,1.25172,0.45806,
1763897220593,1.25172,0.458061,1.25172,0.458061,
1763897220639,1.25172,0.458061,1.25172,0.458061,
1763897220667,1.25172,0.458061,1.25172,0.458061,
1763897220706,1.25172,0.458062,1.25172,0.458062,
1763897220751,1.25172,0.458062,1.25172,0.458062,
1763897220775,1.25172,0.458062,1.25172,0.458062,
1763897220813,1.25172,0.458063,1.25172,0.458063,
1763897220860,1.25171,0.458063,1.25171,0.458063,
1763897220891,1.25171,0.458064,1.25171,0.458064,
1763897220937,1.25171,0.458064,1.25171,0.458064,
1763897220962,1.25171,0.458065,1.25171,0.458065,
1763897221004,1.25171,0.458065,1.25171,0.458065,
1763897221036,1.25171,0.458065,1.25171,0.458065,
1763897221075,1.25171,0.458066,1.25171,0.458066,
1763897221119,1.25171,0.458066,1.25171,0.458066,
1763897221151,1.2517,0.458067,1.2517,0.458067,
1763897221189,1.2517,0.458067,1.2517,0.458067,
1763897221227,1.2517,0.458068,1.2517,0.458068,
1763897221265,1.2517,0.458068,1.2517,0.458068,
1763897221302,1.2517,0.458068,1.2517,0.458068,
1763897221340,1.2517,0.458069,1.2517,0.458069,
1763897221381,1.2517,0.458069,1.2517,0.458069,
1763897221408,1.2517,0.458069,1.2517,0.458069,
1763897221447,1.25169,0.45807,1.25169,0.45807,
1763897221489,1.25169,0.45807,1.25169,0.45807,
1763897221518,1.25169,0.458071,1.25169,0.458071,
1763897221555,1.25169,0.458071,1.25169,0.458071,
1763897221593,1.25169,0.458072,1.25169,0.458072,
1763897221633,1.25169,0.458072,1.25169,0.458072,
1763897221671,1.25169,0.458072,1.25169,0.458072,
1763897221716,1.25169,0.458073,1.25169,0.458073,
1763897221748,1.25168,0.458073,1.25168,0.458073,
1763897221785,1.25168,0.458073,1.25168,0.458073,
1763897221824,1.25168,0.458074,1.25168,0.458074,
1763897221869,1.25168,0.458074,1.25168,0.458074,
1763897221901,1.25168,0.458075,1.25168,0.458075,
1763897221939,1.25168,0.458075,1.25168,0.458075,
1763897221974,1.25168,0.458076,1.25168,0.458076,
1763897222012,1.25168,0.458076,1.25168,0.458076,
1763897222051,1.25167,0.458076,1.25167,0.458076,
1763897222092,1.25167,0.458077,1.25167,0.458077,
1763897222128,1.25167,0.458077,1.25167,0.458077,
1763897222165,1.25167,0.458077,1.25167,0.458077,
1763897222202,1.25167,0.458078,1.25167,0.458078,
1763897222241,1.25167,0.458078,1.25167,0.458078,
1763897222290,1.25167,0.458079,1.25167,0.458079,
1763897222314,1.25166,0.458079,1.25166,0.458079,
1763897222351,1.25166,0.45808,1.25166,0.45808,
1763897222380,1.25166,0.45808,1.25166,0.45808,
1763897222415,1.25166,0.45808,1.25166,0.45808,
1763897222451,1.25166,0.458081,1.25166,0.458081,
1763897222490,1.25166,0.458081,1.25166,0.458081,
1763897222516,1.25166,0.458082,1.25166,0.458082,
1763897222556,1.25166,0.458082,1.25166,0.458082,
1763897222597,1.25165,0.458082,1.25165,0.458082,
1763897222634,1.25165,0.458083,1.25165,0.458083,
1763897222672,1.25165,0.458083,1.25165,0.458083,
1763897222712,1.25165,0.458084,1.25165,0.458084,
1763897222751,1.25165,0.458084,1.25165,0.458084,
1763897222789,1.25165,0.458084,1.25165,0.458084,
1763897222824,1.25165,0.458085,1.25165,0.458085,
1763897222870,1.25165,0.458085,1.25165,0.458085,
1763897222907,1.25164,0.458085,1.25164,0.458086,
1763897222940,1.25164,0.458086,1.25164,0.458086,
1763897222984,1.25164,0.458086,1.25164,0.458086,
1763897223027,1.25164,0.458087,1.25164,0.458087,
1763897223055,1.25164,0.458087,1.25164,0.458087,
1763897223094,1.25164,0.458088,1.25164,0.458088,
1763897223135,1.25164,0.458088,1.25164,0.458088,
1763897223169,1.25164,0.458088,1.25164,0.458088,
1763897223204,1.25163,0.458089,1.25163,0.458089,
1763897223240,1.25163,0.458089,1.25163,0.458089,
1763897223273,1.25163,0.45809,1.25163,0.45809,
1763897223315,1.25163,0.45809,1.25163,0.45809,
1763897223354,1.25163,0.45809,1.25163,0.45809,
1763897223393,1.25163,0.458091,1.25163,0.458091,
1763897223428,1.25163,0.458091,1.25163,0.458091,
1763897223479,1.25163,0.458091,1.25163,0.458092,
1763897223516,1.25162,0.458092,1.25162,0.458092,
1763897223559,1.25162,0.458092,1.25162,0.458092,
1763897223594,1.25162,0.458093,1.25162,0.458093,
1763897223633,1.25162,0.458093,1.25162,0.458093,
1763897223666,1.25162,0.458094,1.25162,0.458094,
1763897223706,1.25162,0.458094,1.25162,0.458094,
1763897223747,1.25162,0.458094,1.25162,0.458094,
1763897223779,1.25162,0.458095,1.25162,0.458095,
1763897223820,1.25161,0.458095,1.25161,0.458095,
1763897223869,1.25161,0.458096,1.25161,0.458096,
1763897223921,1.25161,0.458096,1.25161,0.458096,
1763897223953,1.25161,0.458096,1.25161,0.458096,
1763897223991,1.25161,0.458097,1.25161,0.458097,
1763897224031,1.25161,0.458097,1.25161,0.458097,
1763897224053,1.25161,0.458098,1.25161,0.458098,
1763897224095,1.25161,0.458098,1.25161,0.458098,
1763897224129,1.2516,0.458098,1.2516,0.458098,
1763897224158,1.2516,0.458099,1.2516,0.458099,
1763897224191,1.2516,0.458099,1.2516,0.458099,
1763897224234,1.2516,0.4581,1.2516,0.4581,
1763897224276,1.2516,0.4581,1.2516,0.4581,
1763897224312,1.2516,0.4581,1.2516,0.4581,
1763897224351,1.2516,0.458101,1.2516,0.458101,
1763897224399,1.2516,0.458101,1.2516,0.458101,
1763897224428,1.25159,0.458101,1.25159,0.458101,
1763897224467,1.25159,0.458102,1.25159,0.458102,
1763897224507,1.25159,0.458102,1.25159,0.458102,
1763897224545,1.25159,0.458103,1.25159,0.458103,
1763897224580,1.25159,0.458103,1.25159,0.458103,
1763897224627,1.25159,0.458104,1.25159,0.458104,
1763897224667,1.25159,0.458104,1.25159,0.458104,
1763897224704,1.25159,0.458104,1.25159,0.458104,
1763897224743,1.25158,0.458105,1.25158,0.458105,
1763897224780,1.25158,0.458105,1.25158,0.458105,
1763897224816,1.25158,0.458106,1.25158,0.458106,
1763897224857,1.25158,0.458106,1.25158,0.458106,
1763897224899,1.25158,0.458107,1.25158,0.458107,
1763897224936,1.25158,0.458107,1.25158,0.458107,
1763897224976,1.25158,0.458107,1.25158,0.458107,
1763897225017,1.25158,0.458108,1.25158,0.458108,
1763897225060,1.25157,0.458108,1.25157,0.458108,
1763897225091,1.25157,0.458108,1.25157,0.458108,
1763897225132,1.25157,0.458109,1.25157,0.458109,
1763897225167,1.25157,0.458109,1.25157,0.458109,
1763897225204,1.25157,0.45811,1.25157,0.45811,
1763897225233,1.25157,0.45811,1.25157,0.45811,
1763897225275,1.25157,0.458111,1.25157,0.458111,
1763897225318,1.25157,0.458111,1.25157,0.458111,
1763897225352,1.25156,0.458111,1.25156,0.458111,
1763897225389,1.25156,0.458112,1.25156,0.458112,
1763897225435,1.25156,0.458112,1.25156,0.458112,
1763897225472,1.25156,0.458112,1.25156,0.458112,
1763897225510,1.25156,0.458113,1.25156,0.458113,
1763897225547,1.25156,0.458113,1.25156,0.458113,
1763897225598,1.25156,0.458114,1.25156,0.458114,
1763897225626,1.25156,0.458114,1.25156,0.458114,
1763897225656,1.25155,0.458114,1.25155,0.458114,
1763897225691,1.25155,0.458115,1.25155,0.458115,
1763897225744,1.25155,0.458115,1.25155,0.458115,
1763897225776,1.25155,0.458116,1.25155,0.458116,
1763897225809,1.25155,0.458116,1.25155,0.458116,
1763897225850,1.25155,0.458117,1.25155,0.458117,
1763897225878,1.25155,0.458117,1.25155,0.458117,
1763897225918,1.25155,0.458117,1.25155,0.458117,
1763897225951,1.25154,0.458118,1.25154,0.458118,
1763897226001,1.25154,0.458118,1.25154,0.458118,
1763897226036,1.25154,0.458118,1.25154,0.458118,
1763897226079,1.25154,0.458119,1.25154,0.458119,
1763897226115,1.25154,0.458119,1.25154,0.458119,
1763897226150,1.25154,0.45812,1.25154,0.45812,
1763897226190,1.25154,0.45812,1.25154,0.45812,
1763897226229,1.25154,0.458121,1.25154,0.458121,
1763897226262,1.25153,0.458121,1.25153,0.458121,
1763897226298,1.25153,0.458121,1.25153,0.458121,
1763897226344,1.25153,0.458122,1.25153,0.458122,
1763897226389,1.25153,0.458122,1.25153,0.458122,
1763897226421,1.25153,0.458122,1.25153,0.458122,
1763897226463,1.25153,0.458123,1.25153,0.458123,
1763897226495,1.25153,0.458123,1.25153,0.458123,
1763897226535,1.25153,0.458124,1.25153,0.458124,
1763897226572,1.25152,0.458124,1.25152,0.458124,
1763897226620,1.25152,0.458125,1.25152,0.458125,
1763897226656,1.25152,0.458125,1.25152,0.458125,
1763897226694,1.25152,0.458125,1.25152,0.458125,
1763897226732,1.25152,0.458126,1.25152,0.458126,
1763897226772,1.25152,0.458126,1.25152,0.458126,
1763897226805,1.25152,0.458126,1.25152,0.458126,
1763897226842,1.25152,0.458127,1.25152,0.458127,
1763897226881,1.25151,0.458127,1.25151,0.458127,
1763897226920,1.25151,0.458128,1.25151,0.458128,
1763897226957,1.25151,0.458128,1.25151,0.458128,
1763897226995,1.25151,0.458128,1.25151,0.458128,
1763897227035,1.25151,0.458129,1.25151,0.458129,
1763897227071,1.25151,0.458129,1.25151,0.458129,
1763897227101,1.25151,0.45813,1.25151,0.45813,
1763897227143,1.25151,0.45813,1.25151,0.45813,
1763897227172,1.2515,0.458131,1.2515,0.458131,
1763897227210,1.2515,0.458131,1.2515,0.458131,
1763897227236,1.2515,0.458131,1.2515,0.458131,
1763897227275,1.2515,0.458132,1.2515,0.458132,
1763897227315,1.2515,0.458132,1.2515,0.458132,
1763897227348,1.2515,0.458132,1.2515,0.458132,
1763897227391,1.2515,0.458133,1.2515,0.458133,
1763897227432,1.2515,0.458133,1.2515,0.458133,
1763897227478,1.25149,0.458134,1.25149,0.458134,
1763897227510,1.25149,0.458134,1.25149,0.458134,
1763897227547,1.25149,0.458135,1.25149,0.458135,
1763897227582,1.25149,0.458135,1.25149,0.458135,
1763897227618,1.25149,0.458135,1.25149,0.458135,
1763897227651,1.25149,0.458136,1.25149,0.458136,
1763897227690,1.25149,0.458136,1.25149,0.458136,
1763897227735,1.25149,0.458137,1.25149,0.458137,
1763897227762,1.25148,0.458137,1.25148,0.458137,
1763897227799,1.25148,0.458137,1.25148,0.458137,
1763897227837,1.25148,0.458138,1.25148,0.458138,
1763897227876,1.25148,0.458138,1.25148,0.458138,
1763897227919,1.25148,0.458139,1.25148,0.458139,
1763897227954,1.25148,0.458139,1.25148,0.458139,
1763897227998,1.25148,0.458139,1.25148,0.458139,
1763897228034,1.25148,0.45814,1.25148,0.45814,
1763897228066,1.25147,0.45814,1.25147,0.45814,
1763897228104,1.25147,0.458141,1.25147,0.458141,
1763897228135,1.25147,0.458141,1.25147,0.458141,
1763897228175,1.25147,0.458141,1.25147,0.458141,
1763897228219,1.25147,0.458142,1.25147,0.458142,
1763897228247,1.25147,0.458142,1.25147,0.458142,
1763897228277,1.25147,0.458143,1.25147,0.458143,
1763897228314,1.25147,0.458143,1.25147,0.458143,
1763897228355,1.25146,0.458143,1.25146,0.458143,
1763897228398,1.25146,0.458144,1.25146,0.458144,
1763897228431,1.25146,0.458144,1.25146,0.458144,
1763897228478,1.25146,0.458145,1.25146,0.458145,
1763897228519,1.25146,0.458145,1.25146,0.458145,
1763897228550,1.25146,0.458145,1.25146,0.458145,
1763897228587,1.25146,0.458146,1.25146,0.458146,
1763897228627,1.25146,0.458146,1.25146,0.458146,
1763897228660,1.25145,0.458147,1.25145,0.458147,
1763897228700,1.25145,0.458147,1.25145,0.458147,
1763897228742,1.25145,0.458147,1.25145,0.458147,
1763897228775,1.25145,0.458148,1.25145,0.458148,
1763897228815,1.25145,0.458148,1.25145,0.458148,
1763897228850,1.25145,0.458149,1.25145,0.458149,
1763897228887,1.25145,0.458149,1.25145,0.458149,
1763897228917,1.25145,0.458149,1.25145,0.458149,
1763897228953,1.25144,0.45815,1.25144,0.45815,
1763897229014,1.25144,0.45815,1.25144,0.45815,
1763897229052,1.25144,0.458151,1.25144,0.458151,
1763897229102,1.25144,0.458151,1.25144,0.458151,
1763897229134,1.25144,0.458151,1.25144,0.458151,
1763897229165,1.25144,0.458152,1.25144,0.458152,
1763897229210,1.25144,0.458152,1.25144,0.458152,
1763897229248,1.25144,0.458152,1.25144,0.458152,
1763897229293,1.25143,0.458153,1.25143,0.458153,
1763897229323,1.25143,0.458153,1.25143,0.458153,
1763897229368,1.25143,0.458154,1.25143,0.458154,
1763897229402,1.25143,0.458154,1.25143,0.458154,
1763897229445,1.25143,0.458155,1.25143,0.458155,
1763897229481,1.25143,0.458155,1.25143,0.458155,
1763897229516,1.25143,0.458155,1.25143,0.458155,
1763897229552,1.25143,0.458156,1.25143,0.458156,
1763897229599,1.25142,0.458156,1.25142,0.458156,
1763897229633,1.25142,0.458157,1.25142,0.458157,
1763897229667,1.25142,0.458157,1.25142,0.458157,
1763897229712,1.25142,0.458157,1.25142,0.458158,
1763897229747,1.25142,0.458158,1.25142,0.458158,
1763897229784,1.25142,0.458158,1.25142,0.458158,
1763897229825,1.25142,0.458158,1.25142,0.458159,
1763897229865,1.25142,0.458159,1.25142,0.458159,
1763897229898,1.25141,0.458159,1.25141,0.458159,
1763897229936,1.25141,0.45816,1.25141,0.45816,
1763897229979,1.25141,0.45816,1.25141,0.45816,
1763897230017,1.25141,0.458161,1.25141,0.458161,
1763897230060,1.25141,0.458161,1.25141,0.458161,
1763897230102,1.25141,0.458162,1.25141,0.458162,
1763897230145,1.25141,0.458162,1.25141,0.458162,
1763897230195,1.25141,0.458162,1.25141,0.458162,
1763897230219,1.2514,0.458163,1.2514,0.458163,
1763897230258,1.2514,0.458163,1.2514,0.458163,
1763897230291,1.2514,0.458163,1.2514,0.458163,
1763897230315,1.2514,0.458164,1.2514,0.458164,
1763897230350,1.2514,0.458164,1.2514,0.458164,
1763897230392,1.2514,0.458165,1.2514,0.458165,
1763897230426,1.2514,0.458165,1.2514,0.458165,
1763897230469,1.2514,0.458165,1.2514,0.458165,
1763897230503,1.25139,0.458166,1.25139,0.458166,
1763897230534,1.25139,0.458166,1.25139,0.458166,
1763897230571,1.25139,0.458167,1.25139,0.458167,
1763897230607,1.25139,0.458167,1.25139,0.458167,
1763897230644,1.25139,0.458168,1.25139,0.458168,
1763897230687,1.25139,0.458168,1.25139,0.458168,
1763897230726,1.25139,0.458168,1.25139,0.458168,
1763897230762,1.25139,0.458168,1.25139,0.458169,
1763897230800,1.25138,0.458169,1.25138,0.458169,
1763897230839,1.25138,0.458169,1.25138,0.458169,
1763897230876,1.25138,0.45817,1.25138,0.45817,
1763897230914,1.25138,0.45817,1.25138,0.45817,
1763897230962,1.25138,0.458171,1.25138,0.458171,
1763897230998,1.25138,0.458171,1.25138,0.458171,
1763897231029,1.25138,0.458172,1.25138,0.458172,
1763897231072,1.25138,0.458172,1.25138,0.458172,
1763897231104,1.25137,0.458172,1.25137,0.458172,
1763897231141,1.25137,0.458173,1.25137,0.458173,
1763897231189,1.25137,0.458173,1.25137,0.458173,
1763897231230,1.25137,0.458174,1.25137,0.458174,
1763897231262,1.25137,0.458174,1.25137,0.458174,
1763897231311,1.25137,0.458174,1.25137,0.458174,
1763897231353,1.25137,0.458175,1.25137,0.458175,
1763897231389,1.25137,0.458175,1.25137,0.458175,
1763897231421,1.25136,0.458175,1.25136,0.458175,
1763897231464,1.25136,0.458176,1.25136,0.458176,
1763897231495,1.25136,0.458176,1.25136,0.458176,
1763897231531,1.25136,0.458177,1.25136,0.458177,
1763897231566,1.25136,0.458177,1.25136,0.458177,
1763897231611,1.25136,0.458178,1.25136,0.458178,
1763897231652,1.25136,0.458178,1.25136,0.458178,
1763897231690,1.25136,0.458178,1.25136,0.458178,
1763897231736,1.25135,0.458179,1.25135,0.458179,
1763897231768,1.25135,0.458179,1.25135,0.458179,
1763897231803,1.25135,0.45818,1.25135,0.45818,
1763897231842,1.25135,0.45818,1.25135,0.45818,
1763897231877,1.25135,0.45818,1.25135,0.45818,
1763897231916,1.25135,0.458181,1.25135,0.458181,
1763897231960,1.25135,0.458181,1.25135,0.458181,
1763897231987,1.25135,0.458182,1.25135,0.458182,
1763897232022,1.25134,0.458182,1.25134,0.458182,
1763897232055,1.25134,0.458183,1.25134,0.458183,
1763897232087,1.25134,0.458183,1.25134,0.458183,
1763897232125,1.25134,0.458183,1.25134,0.458183,
1763897232161,1.25134,0.458184,1.25134,0.458184,
1763897232197,1.25134,0.458184,1.25134,0.458184,
1763897232238,1.25134,0.458184,1.25134,0.458184,
1763897232291,1.25134,0.458185,1.25134,0.458185,
1763897232331,1.25133,0.458185,1.25133,0.458185,
1763897232355,1.25133,0.458186,1.25133,0.458186,
1763897232405,1.25133,0.458186,1.25133,0.458186,
1763897232443,1.25133,0.458186,1.25133,0.458186,
1763897232474,1.25133,0.458187,1.25133,0.458187,
1763897232509,1.25133,0.458187,1.25133,0.458187,
1763897232547,1.25133,0.458188,1.25133,0.458188,
1763897232583,1.25133,0.458188,1.25133,0.458188,
1763897232621,1.25132,0.458188,1.25132,0.458188,
1763897232656,1.25132,0.458189,1.25132,0.458189,
1763897232707,1.25132,0.458189,1.25132,0.458189,
1763897232736,1.25132,0.458189,1.25132,0.458189,
1763897232788,1.25132,0.45819,1.25132,0.45819,
1763897232829,1.25132,0.45819,1.25132,0.45819,
1763897232875,1.25132,0.458191,1.25132,0.458191,
1763897232898,1.25132,0.458191,1.25132,0.458191,
1763897232936,1.25131,0.458192,1.25131,0.458192,
1763897232965,1.25131,0.458192,1.25131,0.458192,
1763897233003,1.25131,0.458192,1.25131,0.458192,
1763897233043,1.25131,0.458193,1.25131,0.458193,
1763897233079,1.25131,0.458193,1.25131,0.458193,
1763897233127,1.25131,0.458194,1.25131,0.458194,
1763897233164,1.25131,0.458194,1.25131,0.458194,
1763897233204,1.25131,0.458194,1.25131,0.458194,
1763897233239,1.2513,0.458195,1.2513,0.458195,
1763897233278,1.2513,0.458195,1.2513,0.458195,
1763897233320,1.2513,0.458196,1.2513,0.458196,
1763897233357,1.2513,0.458196,1.2513,0.458196,
1763897233396,1.2513,0.458197,1.2513,0.458197,
1763897233433,1.2513,0.458197,1.2513,0.458197,
1763897233463,1.2513,0.458197,1.2513,0.458197,
1763897233500,1.2513,0.458198,1.2513,0.458198,
1763897233551,1.25129,0.458198,1.25129,0.458198,
1763897233582,1.25129,0.458198,1.25129,0.458198,
1763897233617,1.25129,0.458199,1.25129,0.458199,
1763897233658,1.25129,0.458199,1.25129,0.458199,
1763897233704,1.25129,0.4582,1.25129,0.4582,
1763897233732,1.25129,0.4582,1.25129,0.4582,
1763897233779,1.25129,0.4582,1.25129,0.4582,
1763897233821,1.25129,0.458201,1.25129,0.458201,
1763897233851,1.25128,0.458201,1.25128,0.458201,
1763897233892,1.25128,0.458202,1.25128,0.458202,
1763897233928,1.25128,0.458202,1.25128,0.458202,
1763897233971,1.25128,0.458203,1.25128,0.458203,
1763897234016,1.25128,0.458203,1.25128,0.458203,
1763897234060,1.25128,0.458203,1.25128,0.458203,
1763897234087,1.25128,0.458204,1.25128,0.458204,
1763897234129,1.25128,0.458204,1.25128,0.458204,
1763897234168,1.25127,0.458204,1.25127,0.458204,
1763897234211,1.25127,0.458205,1.25127,0.458205,
1763897234242,1.25127,0.458205,1.25127,0.458205,
1763897234287,1.25127,0.458206,1.25127,0.458206,
1763897234334,1.25127,0.458206,1.25127,0.458206,
1763897234372,1.25127,0.458206,1.25127,0.458206,
1763897234400,1.25127,0.458207,1.25127,0.458207,
1763897234440,1.25126,0.458207,1.25126,0.458207,
1763897234468,1.25126,0.458208,1.25126,0.458208,
1763897234510,1.25126,0.458208,1.25126,0.458208,
1763897234552,1.25126,0.458209,1.25126,0.458209,
1763897234595,1.25126,0.458209,1.25126,0.458209,
1763897234627,1.25126,0.458209,1.25126,0.458209,
1763897234664,1.25126,0.45821,1.25126,0.45821,
1763897234712,1.25126,0.45821,1.25126,0.45821,
1763897234744,1.25126,0.458211,1.25126,0.458211,
1763897234779,1.25125,0.458211,1.25125,0.458211,
1763897234823,1.25125,0.458211,1.25125,0.458211,
1763897234858,1.25125,0.458212,1.25125,0.458212,
1763897234892,1.25125,0.458212,1.25125,0.458212,
1763897234925,1.25125,0.458212,1.25125,0.458213,
1763897234968,1.25125,0.458213,1.25125,0.458213,
1763897235007,1.25125,0.458213,1.25125,0.458213,
1763897235041,1.25124,0.458214,1.25124,0.458214,
1763897235081,1.25124,0.458214,1.25124,0.458214,
1763897235118,1.25124,0.458215,1.25124,0.458214,
1763897235150,1.25124,0.458215,1.25124,0.458215,
1763897235194,1.25124,0.458215,1.25124,0.458215,
1763897235232,1.25124,0.458216,1.25124,0.458216,
1763897235265,1.25124,0.458216,1.25124,0.458216,
1763897235308,1.25124,0.458216,1.25124,0.458216,
1763897235346,1.25123,0.458217,1.25123,0.458217,
1763897235378,1.25123,0.458217,1.25123,0.458217,
1763897235423,1.25123,0.458218,1.25123,0.458218,
1763897235453,1.25123,0.458218,1.25123,0.458218,
1763897235494,1.25123,0.458218,1.25123,0.458218,
1763897235534,1.25123,0.458219,1.25123,0.458219,
1763897235567,1.25123,0.458219,1.25123,0.458219,
1763897235604,1.25123,0.45822,1.25123,0.45822,
1763897235640,1.25122,0.45822,1.25122,0.45822,
1763897235677,1.25122,0.458221,1.25122,0.458221,
1763897235727,1.25122,0.458221,1.25122,0.458221,
1763897235762,1.25122,0.458221,1.25122,0.458221,
1763897235803,1.25122,0.458222,1.25122,0.458222,
1763897235837,1.25122,0.458222,1.25122,0.458222,
1763897235879,1.25122,0.458223,1.25122,0.458223,
1763897235917,1.25122,0.458223,1.25122,0.458223,
1763897235960,1.25121,0.458223,1.25121,0.458223,
1763897235999,1.25121,0.458224,1.25121,0.458224,
1763897236037,1.25121,0.458224,1.25121,0.458224,
1763897236073,1.25121,0.458224,1.25121,0.458224,
1763897236111,1.25121,0.458225,1.25121,0.458225,
1763897236141,1.25121,0.458225,1.25121,0.458225,
1763897236186,1.25121,0.458226,1.25121,0.458226,
1763897236219,1.25121,0.458226,1.25121,0.458226,
1763897236263,1.2512,0.458227,1.2512,0.458227,
1763897236297,1.2512,0.458227,1.2512,0.458227,
1763897236331,1.2512,0.458227,1.2512,0.458227,
1763897236372,1.2512,0.458228,1.2512,0.458228,
1763897236409,1.2512,0.458228,1.2512,0.458228,
1763897236446,1.2512,0.458229,1.2512,0.458229,
1763897236498,1.2512,0.458229,1.2512,0.458229,
1763897236532,1.2512,0.458229,1.2512,0.458229,
1763897236562,1.25119,0.45823,1.25119,0.45823,
1763897236599,1.25119,0.45823,1.25119,0.45823,
1763897236636,1.25119,0.458231,1.25119,0.458231,
1763897236668,1.25119,0.458231,1.25119,0.458231,
1763897236716,1.25119,0.458231,1.25119,0.458231,
1763897236757,1.25119,0.458232,1.25119,0.458232,
1763897236790,1.25119,0.458232,1.25119,0.458232,
1763897236818,1.25119,0.458233,1.25119,0.458233,
1763897236857,1.25118,0.458233,1.25118,0.458233,
1763897236901,1.25118,0.458233,1.25118,0.458233,
1763897236931,1.25118,0.458234,1.25118,0.458234,
1763897236974,1.25118,0.458234,1.25118,0.458234,
1763897237011,1.25118,0.458234,1.25118,0.458234,
1763897237038,1.25118,0.458235,1.25118,0.458235,
1763897237087,1.25118,0.458235,1.25118,0.458235,
1763897237120,1.25118,0.458236,1.25118,0.458236,
1763897237163,1.25117,0.458236,1.25117,0.458236,
1763897237208,1.25117,0.458237,1.25117,0.458237,
1763897237241,1.25117,0.458237,1.25117,0.458237,
1763897237287,1.25117,0.458237,1.25117,0.458237,
1763897237327,1.25117,0.458238,1.25117,0.458238,
1763897237363,1.25117,0.458238,1.25117,0.458238,
1763897237402,1.25117,0.458239,1.25117,0.458239,
1763897237442,1.25117,0.458239,1.25117,0.458239,
1763897237473,1.25116,0.45824,1.25116,0.45824,
1763897237504,1.25116,0.45824,1.25116,0.45824,
1763897237550,1.25116,0.45824,1.25116,0.45824,
1763897237580,1.25116,0.458241,1.25116,0.458241,
1763897237617,1.25116,0.458241,1.25116,0.458241,
1763897237657,1.25116,0.458241,1.25116,0.458241,
1763897237702,1.25116,0.458242,1.25116,0.458242,
1763897237731,1.25116,0.458242,1.25116,0.458242,
1763897237765,1.25115,0.458243,1.25115,0.458243,
1763897237801,1.25115,0.458243,1.25115,0.458243,
1763897237839,1.25115,0.458243,1.25115,0.458243,
1763897237873,1.25115,0.458244,1.25115,0.458244,
1763897237915,1.25115,0.458244,1.25115,0.458244,
1763897237951,1.25115,0.458245,1.25115,0.458245,
1763897237980,1.25115,0.458245,1.25115,0.458245,
1763897238023,1.25115,0.458245,1.25115,0.458245,
1763897238062,1.25114,0.458246,1.25114,0.458246,
1763897238096,1.25114,0.458246,1.25114,0.458246,
1763897238138,1.25114,0.458247,1.25114,0.458247,
1763897238171,1.25114,0.458247,1.25114,0.458247,
1763897238209,1.25114,0.458247,1.25114,0.458247,
1763897238250,1.25114,0.458248,1.25114,0.458248,
1763897238292,1.25114,0.458248,1.25114,0.458248,
1763897238326,1.25114,0.458249,1.25114,0.458249,
1763897238356,1.25113,0.458249,1.25113,0.458249,
1763897238396,1.25113,0.458249,1.25113,0.458249,
1763897238436,1.25113,0.45825,1.25113,0.45825,
1763897238481,1.25113,0.45825,1.25113,0.45825,
1763897238522,1.25113,0.458251,1.25113,0.458251,
1763897238551,1.25113,0.458251,1.25113,0.458251,
1763897238595,1.25113,0.458251,1.25113,0.458251,
1763897238627,1.25113,0.458252,1.25113,0.458252,
1763897238664,1.25112,0.458252,1.25112,0.458252,
1763897238696,1.25112,0.458253,1.25112,0.458253,
1763897238748,1.25112,0.458253,1.25112,0.458253,
1763897238784,1.25112,0.458253,1.25112,0.458253,
1763897238823,1.25112,0.458254,1.25112,0.458254,
1763897238861,1.25112,0.458254,1.25112,0.458254,
1763897238891,1.25112,0.458255,1.25112,0.458255,
1763897238931,1.25112,0.458255,1.25112,0.458255,
1763897238972,1.25111,0.458255,1.25111,0.458255,
1763897239022,1.25111,0.458256,1.25111,0.458256,
1763897239059,1.25111,0.458256,1.25111,0.458256,
1763897239107,1.25111,0.458257,1.25111,0.458257,
1763897239144,1.25111,0.458257,1.25111,0.458257,
1763897239179,1.25111,0.458258,1.25111,0.458258,
1763897239220,1.25111,0.458258,1.25111,0.458258,
1763897239248,1.25111,0.458258,1.25111,0.458258,
1763897239287,1.2511,0.458259,1.2511,0.458259,
1763897239319,1.2511,0.458259,1.2511,0.458259,
1763897239353,1.2511,0.458259,1.2511,0.458259,
1763897239392,1.2511,0.45826,1.2511,0.45826,
1763897239423,1.2511,0.45826,1.2511,0.45826,
1763897239468,1.2511,0.458261,1.2511,0.458261,
1763897239505,1.2511,0.458261,1.2511,0.458261,
1763897239549,1.2511,0.458262,1.2511,0.458262,
1763897239594,1.25109,0.458262,1.25109,0.458262,
1763897239629,1.25109,0.458262,1.25109,0.458262,
1763897239661,1.25109,0.458263,1.25109,0.458263,
1763897239707,1.25109,0.458263,1.25109,0.458263,
1763897239746,1.25109,0.458263,1.25109,0.458263,
1763897239789,1.25109,0.458264,1.25109,0.458264,
1763897239827,1.25109,0.458264,1.25109,0.458264,
1763897239865,1.25109,0.458265,1.25109,0.458265,
1763897239902,1.25108,0.458265,1.25108,0.458265,
1763897239930,1.25108,0.458265,1.25108,0.458265,
1763897239965,1.25108,0.458266,1.25108,0.458266,
1763897240002,1.25108,0.458266,1.25108,0.458266,
1763897240055,1.25108,0.458267,1.25108,0.458267,
1763897240082,1.25108,0.458267,1.25108,0.458267,
1763897240129,1.25108,0.458268,1.25108,0.458268,
1763897240165,1.25108,0.458268,1.25108,0.458268,
1763897240195,1.25107,0.458268,1.25107,0.458268,
1763897240241,1.25107,0.458269,1.25107,0.458269,
1763897240266,1.25107,0.458269,1.25107,0.458269,
1763897240304,1.25107,0.45827,1.25107,0.45827,
1763897240349,1.25107,0.45827,1.25107,0.45827,
1763897240390,1.25107,0.45827,1.25107,0.45827,
1763897240414,1.25107,0.458271,1.25107,0.458271,
1763897240452,1.25107,0.458271,1.25107,0.458271,
1763897240489,1.25106,0.458271,1.25106,0.458271,
1763897240525,1.25106,0.458272,1.25106,0.458272,
1763897240563,1.25106,0.458272,1.25106,0.458272,
1763897240599,1.25106,0.458273,1.25106,0.458273,
1763897240630,1.25106,0.458273,1.25106,0.458273,
1763897240665,1.25106,0.458274,1.25106,0.458274,
1763897240706,1.25106,0.458274,1.25106,0.458274,
1763897240751,1.25106,0.458274,1.25106,0.458274,
1763897240781,1.25105,0.458275,1.25105,0.458275,
1763897240827,1.25105,0.458275,1.25105,0.458275,
1763897240859,1.25105,0.458276,1.25105,0.458276,
1763897240894,1.25105,0.458276,1.25105,0.458276,
1763897240928,1.25105,0.458276,1.25105,0.458276,
1763897240959,1.25105,0.458277,1.25105,0.458277,
1763897241000,1.25105,0.458277,1.25105,0.458277,
1763897241034,1.25105,0.458278,1.25105,0.458278,
1763897241072,1.25104,0.458278,1.25104,0.458278,
1763897241113,1.25104,0.458278,1.25104,0.458278,
1763897241143,1.25104,0.458279,1.25104,0.458279,
1763897241181,1.25104,0.458279,1.25104,0.458279,
1763897241226,1.25104,0.458279,1.25104,0.458279,
1763897241266,1.25104,0.45828,1.25104,0.45828,
1763897241302,1.25104,0.45828,1.25104,0.45828,
1763897241337,1.25104,0.458281,1.25104,0.458281,
1763897241375,1.25103,0.458281,1.25103,0.458281,
1763897241418,1.25103,0.458282,1.25103,0.458282,
1763897241452,1.25103,0.458282,1.25103,0.458282,
1763897241493,1.25103,0.458282,1.25103,0.458282,
1763897241533,1.25103,0.458283,1.25103,0.458283,
1763897241570,1.25103,0.458283,1.25103,0.458283,
1763897241617,1.25103,0.458283,1.25103,0.458283,
1763897241653,1.25103,0.458284,1.25103,0.458284,
1763897241703,1.25102,0.458284,1.25102,0.458284,
1763897241743,1.25102,0.458285,1.25102,0.458285,
1763897241781,1.25102,0.458285,1.25102,0.458285,
1763897241812,1.25102,0.458286,1.25102,0.458286,
1763897241848,1.25102,0.458286,1.25102,0.458286,
1763897241889,1.25102,0.458286,1.25102,0.458286,
1763897241931,1.25102,0.458287,1.25102,0.458287,
1763897241961,1.25102,0.458287,1.25102,0.458287,
1763897241998,1.25101,0.458288,1.25101,0.458288,
1763897242024,1.25101,0.458288,1.25101,0.458288,
1763897242064,1.25101,0.458288,1.25101,0.458289,
1763897242099,1.25101,0.458289,1.25101,0.458289,
1763897242137,1.25101,0.458289,1.25101,0.458289,
1763897242168,1.25101,0.458289,1.25101,0.45829,
1763897242202,1.25101,0.45829,1.25101,0.45829,
1763897242250,1.25101,0.45829,1.25101,0.45829,
1763897242286,1.251,0.458291,1.251,0.458291,
1763897242321,1.251,0.458291,1.251,0.458291,
1763897242357,1.251,0.458292,1.251,0.458292,
1763897242394,1.251,0.458292,1.251,0.458292,
1763897242441,1.251,0.458292,1.251,0.458292,
1763897242472,1.251,0.458293,1.251,0.458293,
1763897242506,1.251,0.458293,1.251,0.458293,
1763897242545,1.251,0.458294,1.251,0.458294,
1763897242580,1.25099,0.458294,1.25099,0.458294,
1763897242622,1.25099,0.458294,1.25099,0.458294,
1763897242664,1.25099,0.458295,1.25099,0.458295,
1763897242707,1.25099,0.458295,1.25099,0.458295,
1763897242741,1.25099,0.458296,1.25099,0.458296,
1763897242780,1.25099,0.458296,1.25099,0.458296,
1763897242826,1.25099,0.458296,1.25099,0.458296,
1763897242863,1.25099,0.458297,1.25099,0.458297,
1763897242906,1.25098,0.458297,1.25098,0.458297,
1763897242951,1.25098,0.458298,1.25098,0.458298,
1763897242985,1.25098,0.458298,1.25098,0.458298,
1763897243024,1.25098,0.458298,1.25098,0.458298,
1763897243060,1.25098,0.458299,1.25098,0.458299,
1763897243101,1.25098,0.458299,1.25098,0.458299,
1763897243142,1.25098,0.4583,1.25098,0.4583,
1763897243187,1.25098,0.4583,1.25098,0.4583,
1763897243217,1.25097,0.4583,1.25097,0.4583,
1763897243255,1.25097,0.458301,1.25097,0.458301,
1763897243297,1.25097,0.458301,1.25097,0.458301,
1763897243338,1.25097,0.458302,1.25097,0.458302,
1763897243367,1.25097,0.458302,1.25097,0.458302,
1763897243402,1.25097,0.458302,1.25097,0.458302,
1763897243442,1.25097,0.458303,1.25097,0.458303,
1763897243480,1.25097,0.458303,1.25097,0.458303,
1763897243514,1.25096,0.458304,1.25096,0.458304,
1763897243550,1.25096,0.458304,1.25096,0.458304,
1763897243584,1.25096,0.458304,1.25096,0.458304,
1763897243615,1.25096,0.458305,1.25096,0.458305,
1763897243661,1.25096,0.458305,1.25096,0.458305,
1763897243697,1.25096,0.458306,1.25096,0.458306,
1763897243741,1.25096,0.458306,1.25096,0.458306,
1763897243777,1.25096,0.458306,1.25096,0.458306,
1763897243825,1.25095,0.458307,1.25095,0.458307,
1763897243871,1.25095,0.458307,1.25095,0.458307,
1763897243896,1.25095,0.458308,1.25095,0.458308,
1763897243937,1.25095,0.458308,1.25095,0.458308,
1763897243975,1.25095,0.458309,1.25095,0.458309,
1763897244005,1.25095,0.458309,1.25095,0.458309,
1763897244045,1.25095,0.458309,1.25095,0.458309,
1763897244086,1.25095,0.45831,1.25095,0.45831,
1763897244111,1.25094,0.45831,1.25094,0.45831,
1763897244155,1.25094,0.458311,1.25094,0.458311,
1763897244195,1.25094,0.458311,1.25094,0.458311,
1763897244234,1.25094,0.458311,1.25094,0.458311,
1763897244276,1.25094,0.458312,1.25094,0.458312,
1763897244308,1.25094,0.458312,1.25094,0.458312,
1763897244342,1.25094,0.458313,1.25094,0.458313,
1763897244377,1.25094,0.458313,1.25094,0.458313,
1763897244420,1.25093,0.458313,1.25093,0.458313,
1763897244454,1.25093,0.458314,1.25093,0.458314,
1763897244494,1.25093,0.458314,1.25093,0.458314,
1763897244530,1.25093,0.458314,1.25093,0.458314,
1763897244568,1.25093,0.458315,1.25093,0.458315,
1763897244603,1.25093,0.458315,1.25093,0.458315,
1763897244647,1.25093,0.458316,1.25093,0.458316,
1763897244681,1.25093,0.458316,1.25093,0.458316,
1763897244718,1.25092,0.458317,1.25092,0.458317,
1763897244763,1.25092,0.458317,1.25092,0.458317,
1763897244799,1.25092,0.458317,1.25092,0.458317,
1763897244833,1.25092,0.458318,1.25092,0.458318,
1763897244864,1.25092,0.458318,1.25092,0.458318,
1763897244896,1.25092,0.458318,1.25092,0.458318,
1763897244942,1.25092,0.458319,1.25092,0.458319,
1763897244983,1.25092,0.458319,1.25092,0.458319,
1763897245019,1.25091,0.45832,1.25091,0.45832,
1763897245062,1.25091,0.45832,1.25091,0.45832,
1763897245097,1.25091,0.458321,1.25091,0.458321,
1763897245137,1.25091,0.458321,1.25091,0.458321,
1763897245180,1.25091,0.458321,1.25091,0.458321,
1763897245214,1.25091,0.458322,1.25091,0.458322,
1763897245249,1.25091,0.458322,1.25091,0.458322,
1763897245293,1.25091,0.458323,1.25091,0.458323,
1763897245328,1.2509,0.458323,1.2509,0.458323,
1763897245364,1.2509,0.458323,1.2509,0.458323,
1763897245405,1.2509,0.458324,1.2509,0.458324,
1763897245453,1.2509,0.458324,1.2509,0.458324,
1763897245488,1.2509,0.458324,1.2509,0.458324,
1763897245536,1.2509,0.458325,1.2509,0.458325,
1763897245569,1.2509,0.458325,1.2509,0.458325,
1763897245612,1.2509,0.458326,1.2509,0.458326,
1763897245656,1.25089,0.458326,1.25089,0.458326,
1763897245683,1.25089,0.458326,1.25089,0.458326,
1763897245719,1.25089,0.458327,1.25089,0.458327,
1763897245759,1.25089,0.458327,1.25089,0.458327,
1763897245831,1.25089,0.458328,1.25089,0.458328,
1763897245851,1.25089,0.458328,1.25089,0.458328,
1763897245889,1.25089,0.458329,1.25089,0.458329,
1763897245929,1.25089,0.458329,1.25089,0.458329,
1763897245963,1.25088,0.458329,1.25088,0.458329,
1763897246003,1.25088,0.45833,1.25088,0.45833,
1763897246034,1.25088,0.45833,1.25088,0.45833,
1763897246080,1.25088,0.45833,1.25088,0.45833,
1763897246109,1.25088,0.458331,1.25088,0.458331,
1763897246148,1.25088,0.458331,1.25088,0.458331,
1763897246187,1.25088,0.458332,1.25088,0.458332,
1763897246210,1.25088,0.458332,1.25088,0.458332,
1763897246251,1.25087,0.458333,1.25087,0.458333,
1763897246295,1.25087,0.458333,1.25087,0.458333,
1763897246332,1.25087,0.458333,1.25087,0.458333,
1763897246372,1.25087,0.458334,1.25087,0.458334,
1763897246409,1.25087,0.458334,1.25087,0.458334,
1763897246446,1.25087,0.458335,1.25087,0.458335,
1763897246481,1.25087,0.458335,1.25087,0.458335,
1763897246519,1.25087,0.458335,1.25087,0.458335,
1763897246565,1.25086,0.458336,1.25086,0.458336,
1763897246603,1.25086,0.458336,1.25086,0.458336,
1763897246641,1.25086,0.458336,1.25086,0.458336,
1763897246684,1.25086,0.458337,1.25086,0.458337,
1763897246716,1.25086,0.458337,1.25086,0.458337,
1763897246760,1.25086,0.458338,1.25086,0.458338,
1763897246793,1.25086,0.458338,1.25086,0.458338,
1763897246829,1.25086,0.458339,1.25086,0.458339,
1763897246859,1.25085,0.458339,1.25085,0.458339,
1763897246899,1.25085,0.458339,1.25085,0.458339,
1763897246938,1.25085,0.45834,1.25085,0.45834,
1763897246974,1.25085,0.45834,1.25085,0.45834,
1763897247007,1.25085,0.458341,1.25085,0.458341,
1763897247052,1.25085,0.458341,1.25085,0.458341,
1763897247083,1.25085,0.458341,1.25085,0.458341,
1763897247124,1.25085,0.458342,1.25085,0.458342,
1763897247158,1.25084,0.458342,1.25084,0.458342,
1763897247194,1.25084,0.458343,1.25084,0.458343,
1763897247229,1.25084,0.458343,1.25084,0.458343,
1763897247266,1.25084,0.458343,1.25084,0.458343,
1763897247299,1.25084,0.458344,1.25084,0.458344,
1763897247337,1.25084,0.458344,1.25084,0.458344,
1763897247371,1.25084,0.458345,1.25084,0.458345,
1763897247405,1.25084,0.458345,1.25084,0.458345,
1763897247455,1.25083,0.458346,1.25083,0.458346,
1763897247484,1.25083,0.458346,1.25083,0.458346,
1763897247515,1.25083,0.458346,1.25083,0.458346,
1763897247559,1.25083,0.458347,1.25083,0.458347,
1763897247588,1.25083,0.458347,1.25083,0.458347,
1763897247629,1.25083,0.458347,1.25083,0.458347,
1763897247663,1.25083,0.458348,1.25083,0.458348,
1763897247704,1.25082,0.458348,1.25082,0.458348,
1763897247736,1.25082,0.458349,1.25082,0.458349,
1763897247771,1.25082,0.458349,1.25082,0.458349,
1763897247815,1.25082,0.458349,1.25082,0.458349,
1763897247849,1.25082,0.45835,1.25082,0.45835,
1763897247897,1.25082,0.45835,1.25082,0.45835,
1763897247941,1.25082,0.458351,1.25082,0.458351,
1763897247980,1.25082,0.458351,1.25082,0.458351,
1763897248011,1.25082,0.458351,1.25082,0.458351,
1763897248048,1.25081,0.458352,1.25081,0.458352,
1763897248085,1.25081,0.458352,1.25081,0.458352,
1763897248125,1.25081,0.458352,1.25081,0.458353,
1763897248167,1.25081,0.458353,1.25081,0.458353,
1763897248209,1.25081,0.458353,1.25081,0.458353,
1763897248261,1.25081,0.458354,1.25081,0.458354,
1763897248289,1.25081,0.458354,1.25081,0.458354,
1763897248327,1.25081,0.458355,1.25081,0.458355,
1763897248367,1.2508,0.458355,1.2508,0.458355,
1763897248402,1.2508,0.458355,1.2508,0.458355,
1763897248437,1.2508,0.458356,1.2508,0.458356,
1763897248475,1.2508,0.458356,1.2508,0.458356,
1763897248515,1.2508,0.458357,1.2508,0.458357,
1763897248552,1.2508,0.458357,1.2508,0.458357,
1763897248587,1.2508,0.458357,1.2508,0.458357,
1763897248634,1.25079,0.458358,1.25079,0.458358,
1763897248665,1.25079,0.458358,1.25079,0.458358,
1763897248702,1.25079,0.458359,1.25079,0.458359,
1763897248742,1.25079,0.458359,1.25079,0.458359,
1763897248774,1.25079,0.45836,1.25079,0.45836,
1763897248821,1.25079,0.45836,1.25079,0.45836,
1763897248861,1.25079,0.45836,1.25079,0.45836,
1763897248899,1.25079,0.458361,1.25079,0.458361,
1763897248944,1.25078,0.458361,1.25078,0.458361,
1763897248992,1.25078,0.458361,1.25078,0.458361,
1763897249034,1.25078,0.458362,1.25078,0.458362,
1763897249072,1.25078,0.458362,1.25078,0.458362,
1763897249116,1.25078,0.458363,1.25078,0.458363,
1763897249149,1.25078,0.458363,1.25078,0.458363,
1763897249181,1.25078,0.458364,1.25078,0.458364,
1763897249223,1.25078,0.458364,1.25078,0.458364,
1763897249254,1.25077,0.458364,1.25077,0.458364,
1763897249291,1.25077,0.458365,1.25077,0.458365,
1763897249335,1.25077,0.458365,1.25077,0.458365,
1763897249375,1.25077,0.458365,1.25077,0.458365,
1763897249405,1.25077,0.458366,1.25077,0.458366,
1763897249443,1.25077,0.458366,1.25077,0.458366,
1763897249486,1.25077,0.458367,1.25077,0.458367,
1763897249525,1.25077,0.458367,1.25077,0.458367,
1763897249570,1.25076,0.458368,1.25076,0.458368,
1763897249610,1.25076,0.458368,1.25076,0.458368,
1763897249647,1.25076,0.458368,1.25076,0.458368,
1763897249685,1.25076,0.458369,1.25076,0.458369,
1763897249723,1.25076,0.458369,1.25076,0.458369,
1763897249759,1.25076,0.458369,1.25076,0.458369,
1763897249805,1.25076,0.45837,1.25076,0.45837,
1763897249850,1.25076,0.45837,1.25076,0.45837,
1763897249894,1.25075,0.458371,1.25075,0.458371,
1763897249939,1.25075,0.458371,1.25075,0.458371,
1763897249968,1.25075,0.458371,1.25075,0.458371,
1763897250006,1.25075,0.458372,1.25075,0.458372,
1763897250046,1.25075,0.458372,1.25075,0.458372,
1763897250078,1.25075,0.458373,1.25075,0.458373,
1763897250119,1.25075,0.458373,1.25075,0.458373,
1763897250163,1.25075,0.458373,1.25075,0.458373,
1763897250194,1.25074,0.458374,1.25074,0.458374,
1763897250225,1.25074,0.458374,1.25074,0.458374,
1763897250259,1.25074,0.458375,1.25074,0.458375,
1763897250295,1.25074,0.458375,1.25074,0.458375,
1763897250333,1.25074,0.458376,1.25074,0.458376,
1763897250381,1.25074,0.458376,1.25074,0.458376,
1763897250422,1.25074,0.458376,1.25074,0.458376,
1763897250454,1.25074,0.458377,1.25074,0.458377,
1763897250489,1.25073,0.458377,1.25073,0.458377,
1763897250524,1.25073,0.458377,1.25073,0.458377,
1763897250564,1.25073,0.458378,1.25073,0.458378,
1763897250603,1.25073,0.458378,1.25073,0.458378,
1763897250643,1.25073,0.458379,1.25073,0.458379,
1763897250673,1.25073,0.458379,1.25073,0.458379,
1763897250711,1.25073,0.45838,1.25073,0.45838,
1763897250748,1.25073,0.45838,1.25073,0.45838,
1763897250789,1.25072,0.45838,1.25072,0.45838,
1763897250825,1.25072,0.45838,1.25072,0.458381,
1763897250858,1.25072,0.458381,1.25072,0.458381,
1763897250897,1.25072,0.458381,1.25072,0.458381,
1763897250940,1.25072,0.458382,1.25072,0.458382,
1763897250985,1.25072,0.458382,1.25072,0.458382,
1763897251019,1.25072,0.458383,1.25072,0.458383,
1763897251055,1.25072,0.458383,1.25072,0.458383,
1763897251096,1.25071,0.458383,1.25071,0.458383,
1763897251123,1.25071,0.458384,1.25071,0.458384,
1763897251167,1.25071,0.458384,1.25071,0.458384,
1763897251200,1.25071,0.458385,1.25071,0.458385,
1763897251235,1.25071,0.458385,1.25071,0.458385,
1763897251271,1.25071,0.458386,1.25071,0.458386,
1763897251316,1.25071,0.458386,1.25071,0.458386,
1763897251355,1.25071,0.458386,1.25071,0.458386,
1763897251388,1.2507,0.458387,1.2507,0.458387,
1763897251431,1.2507,0.458387,1.2507,0.458387,
1763897251481,1.2507,0.458387,1.2507,0.458387,
1763897251518,1.2507,0.458388,1.2507,0.458388,
1763897251551,1.2507,0.458388,1.2507,0.458388,
1763897251587,1.2507,0.458389,1.2507,0.458389,
1763897251619,1.2507,0.458389,1.2507,0.458389,
1763897251662,1.2507,0.458389,1.2507,0.458389,
1763897251692,1.25069,0.45839,1.25069,0.45839,
1763897251730,1.25069,0.45839,1.25069,0.45839,
1763897251785,1.25069,0.458391,1.25069,0.458391,
1763897251828,1.25069,0.458391,1.25069,0.458391,
1763897251864,1.25069,0.458392,1.25069,0.458392,
1763897251894,1.25069,0.458392,1.25069,0.458392,
1763897251935,1.25069,0.458393,1.25069,0.458393,
1763897251980,1.25069,0.458393,1.25069,0.458393,
1763897252018,1.25068,0.458393,1.25068,0.458393,
1763897252050,1.25068,0.458393,1.25068,0.458394,
1763897252084,1.25068,0.458394,1.25068,0.458394,
1763897252130,1.25068,0.458394,1.25068,0.458394,
1763897252167,1.25068,0.458395,1.25068,0.458395,
1763897252205,1.25068,0.458395,1.25068,0.458395,
1763897252243,1.25068,0.458395,1.25068,0.458395,
1763897252281,1.25068,0.458396,1.25068,0.458396,
1763897252318,1.25067,0.458396,1.25067,0.458396,
1763897252353,1.25067,0.458397,1.25067,0.458397,
1763897252394,1.25067,0.458397,1.25067,0.458397,
1763897252427,1.25067,0.458398,1.25067,0.458398,
1763897252458,1.25067,0.458398,1.25067,0.458398,
1763897252498,1.25067,0.458398,1.25067,0.458398,
1763897252534,1.25067,0.458399,1.25067,0.458399,
1763897252566,1.25067,0.458399,1.25067,0.458399,
1763897252604,1.25066,0.4584,1.25066,0.458399,
1763897252647,1.25066,0.4584,1.25066,0.4584,
1763897252688,1.25066,0.4584,1.25066,0.4584,
1763897252723,1.25066,0.458401,1.25066,0.458401,
1763897252749,1.25066,0.458401,1.25066,0.458401,
1763897252782,1.25066,0.458401,1.25066,0.458401,
1763897252830,1.25066,0.458402,1.25066,0.458402,
1763897252876,1.25066,0.458402,1.25066,0.458402,
1763897252902,1.25065,0.458403,1.25065,0.458403,
1763897252945,1.25065,0.458403,1.25065,0.458403,
1763897252983,1.25065,0.458404,1.25065,0.458404,
1763897253018,1.25065,0.458404,1.25065,0.458404,
1763897253053,1.25065,0.458404,1.25065,0.458404,
1763897253091,1.25065,0.458405,1.25065,0.458405,
1763897253131,1.25065,0.458405,1.25065,0.458405,
1763897253167,1.25065,0.458405,1.25065,0.458405,
1763897253196,1.25064,0.458406,1.25064,0.458406,
1763897253247,1.25064,0.458406,1.25064,0.458406,
1763897253276,1.25064,0.458407,1.25064,0.458407,
1763897253310,1.25064,0.458407,1.25064,0.458407,
1763897253363,1.25064,0.458408,1.25064,0.458408,
1763897253395,1.25064,0.458408,1.25064,0.458408,
1763897253424,1.25064,0.458409,1.25064,0.458409,
1763897253466,1.25064,0.458409,1.25064,0.458409,
1763897253499,1.25063,0.458409,1.25063,0.458409,
1763897253539,1.25063,0.45841,1.25063,0.45841,
1763897253573,1.25063,0.45841,1.25063,0.45841,
1763897253616,1.25063,0.45841,1.25063,0.45841,
1763897253653,1.25063,0.458411,1.25063,0.458411,
1763897253691,1.25063,0.458411,1.25063,0.458411,
1763897253730,1.25063,0.458412,1.25063,0.458411,
1763897253771,1.25063,0.458412,1.25063,0.458412,
1763897253818,1.25062,0.458412,1.25062,0.458412,
1763897253852,1.25062,0.458413,1.25062,0.458413,
1763897253891,1.25062,0.458413,1.25062,0.458413,
1763897253933,1.25062,0.458414,1.25062,0.458414,
1763897253965,1.25062,0.458414,1.25062,0.458414,
1763897253999,1.25062,0.458414,1.25062,0.458414,
1763897254041,1.25062,0.458415,1.25062,0.458415,
1763897254077,1.25062,0.458415,1.25062,0.458415,
1763897254120,1.25061,0.458416,1.25061,0.458416,
1763897254144,1.25061,0.458416,1.25061,0.458416,
1763897254179,1.25061,0.458416,1.25061,0.458416,
1763897254211,1.25061,0.458417,1.25061,0.458417,
1763897254252,1.25061,0.458417,1.25061,0.458417,
1763897254285,1.25061,0.458418,1.25061,0.458418,
1763897254320,1.25061,0.458418,1.25061,0.458418,
1763897254361,1.25061,0.458418,1.25061,0.458418,
1763897254402,1.2506,0.458419,1.2506,0.458419,
1763897254446,1.2506,0.458419,1.2506,0.458419,
1763897254473,1.2506,0.458419,1.2506,0.458419,
1763897254505,1.2506,0.45842,1.2506,0.45842,
1763897254542,1.2506,0.45842,1.2506,0.45842,
1763897254580,1.2506,0.458421,1.2506,0.458421,
1763897254609,1.2506,0.458421,1.2506,0.458421,
1763897254652,1.2506,0.458422,1.2506,0.458422,
1763897254689,1.25059,0.458422,1.25059,0.458422,
1763897254731,1.25059,0.458422,1.25059,0.458422,
1763897254784,1.25059,0.458423,1.25059,0.458423,
1763897254812,1.25059,0.458423,1.25059,0.458423,
1763897254850,1.25059,0.458424,1.25059,0.458424,
1763897254892,1.25059,0.458424,1.25059,0.458424,
1763897254918,1.25059,0.458424,1.25059,0.458424,
1763897254949,1.25059,0.458425,1.25059,0.458425,
1763897254984,1.25058,0.458425,1.25058,0.458425,
1763897255014,1.25058,0.458426,1.25058,0.458426,
1763897255058,1.25058,0.458426,1.25058,0.458426,
1763897255097,1.25058,0.458426,1.25058,0.458426,
1763897255140,1.25058,0.458427,1.25058,0.458427,
1763897255175,1.25058,0.458427,1.25058,0.458427,
1763897255210,1.25058,0.458428,1.25058,0.458428,
1763897255257,1.25058,0.458428,1.25058,0.458428,
1763897255289,1.25057,0.458428,1.25057,0.458428,
1763897255350,1.25057,0.458429,1.25057,0.458429,
1763897255382,1.25057,0.458429,1.25057,0.458429,
1763897255419,1.25057,0.45843,1.25057,0.45843,
1763897255464,1.25057,0.45843,1.25057,0.45843,
1763897255505,1.25057,0.458431,1.25057,0.458431,
1763897255545,1.25057,0.458431,1.25057,0.458431,
1763897255585,1.25057,0.458431,1.25057,0.458431,
1763897255610,1.25056,0.458432,1.25056,0.458432,
1763897255648,1.25056,0.458432,1.25056,0.458432,
1763897255699,1.25056,0.458432,1.25056,0.458432,
1763897255720,1.25056,0.458433,1.25056,0.458433,
1763897255759,1.25056,0.458433,1.25056,0.458433,
1763897255790,1.25056,0.458434,1.25056,0.458434,
1763897255830,1.25056,0.458434,1.25056,0.458434,
1763897255866,1.25056,0.458435,1.25056,0.458434,
1763897255907,1.25055,0.458435,1.25055,0.458435,
1763897255942,1.25055,0.458435,1.25055,0.458435,
1763897255987,1.25055,0.458436,1.25055,0.458436,
1763897256025,1.25055,0.458436,1.25055,0.458436,
1763897256061,1.25055,0.458437,1.25055,0.458437,
1763897256095,1.25055,0.458437,1.25055,0.458437,
1763897256136,1.25055,0.458437,1.25055,0.458437,
1763897256181,1.25055,0.458438,1.25055,0.458438,
1763897256217,1.25054,0.458438,1.25054,0.458438,
1763897256260,1.25054,0.458438,1.25054,0.458438,
1763897256302,1.25054,0.458439,1.25054,0.458439,
1763897256338,1.25054,0.458439,1.25054,0.458439,
1763897256382,1.25054,0.45844,1.25054,0.45844,
1763897256414,1.25054,0.45844,1.25054,0.45844,
1763897256448,1.25054,0.45844,1.25054,0.45844,
1763897256477,1.25054,0.458441,1.25054,0.458441,
1763897256521,1.25053,0.458441,1.25053,0.458441,
1763897256560,1.25053,0.458442,1.25053,0.458442,
1763897256609,1.25053,0.458442,1.25053,0.458442,
1763897256647,1.25053,0.458442,1.25053,0.458442,
1763897256681,1.25053,0.458443,1.25053,0.458443,
1763897256721,1.25053,0.458443,1.25053,0.458443,
1763897256755,1.25053,0.458444,1.25053,0.458444,
1763897256792,1.25053,0.458444,1.25053,0.458444,
1763897256832,1.25052,0.458444,1.25052,0.458444,
1763897256871,1.25052,0.458445,1.25052,0.458445,
1763897256907,1.25052,0.458445,1.25052,0.458445,
1763897256943,1.25052,0.458446,1.25052,0.458446,
1763897256982,1.25052,0.458446,1.25052,0.458446,
1763897257028,1.25052,0.458447,1.25052,0.458447,
1763897257055,1.25052,0.458447,1.25052,0.458447,
1763897257093,1.25052,0.458447,1.25052,0.458447,
1763897257127,1.25051,0.458448,1.25051,0.458448,
1763897257167,1.25051,0.458448,1.25051,0.458448,
1763897257199,1.25051,0.458448,1.25051,0.458448,
1763897257236,1.25051,0.458449,1.25051,0.458449,
1763897257284,1.25051,0.458449,1.25051,0.458449,
1763897257322,1.25051,0.45845,1.25051,0.45845,
1763897257355,1.25051,0.45845,1.25051,0.45845,
1763897257389,1.25051,0.45845,1.25051,0.45845,
1763897257421,1.2505,0.458451,1.2505,0.458451,
1763897257460,1.2505,0.458451,1.2505,0.458451,
1763897257494,1.2505,0.458452,1.2505,0.458452,
1763897257526,1.2505,0.458452,1.2505,0.458452,
1763897257564,1.2505,0.458453,1.2505,0.458452,
1763897257614,1.2505,0.458453,1.2505,0.458453,
1763897257651,1.2505,0.458453,1.2505,0.458453,
1763897257688,1.2505,0.458454,1.2505,0.458454,
1763897257726,1.25049,0.458454,1.25049,0.458454,
1763897257762,1.25049,0.458454,1.25049,0.458454,
1763897257802,1.25049,0.458455,1.25049,0.458455,
1763897257838,1.25049,0.458455,1.25049,0.458455,
1763897257884,1.25049,0.458456,1.25049,0.458456,
1763897257935,1.25049,0.458456,1.25049,0.458456,
1763897257974,1.25049,0.458456,1.25049,0.458456,
1763897258016,1.25049,0.458457,1.25049,0.458457,
1763897258047,1.25048,0.458457,1.25048,0.458457,
1763897258087,1.25048,0.458458,1.25048,0.458458,
1763897258125,1.25048,0.458458,1.25048,0.458458,
1763897258158,1.25048,0.458458,1.25048,0.458458,
1763897258196,1.25048,0.458459,1.25048,0.458459,
1763897258244,1.25048,0.458459,1.25048,0.458459,
1763897258285,1.25048,0.45846,1.25048,0.45846,
1763897258329,1.25048,0.45846,1.25048,0.45846,
1763897258361,1.25047,0.458461,1.25047,0.458461,
1763897258393,1.25047,0.458461,1.25047,0.458461,
1763897258439,1.25047,0.458461,1.25047,0.458461,
1763897258483,1.25047,0.458462,1.25047,0.458462,
1763897258513,1.25047,0.458462,1.25047,0.458462,
1763897258554,1.25047,0.458462,1.25047,0.458462,
1763897258602,1.25047,0.458463,1.25047,0.458463,
1763897258635,1.25047,0.458463,1.25047,0.458463,
1763897258669,1.25046,0.458464,1.25046,0.458464,
1763897258707,1.25046,0.458464,1.25046,0.458464,
1763897258743,1.25046,0.458464,1.25046,0.458464,
1763897258788,1.25046,0.458465,1.25046,0.458465,
1763897258830,1.25046,0.458465,1.25046,0.458465,
1763897258871,1.25046,0.458466,1.25046,0.458466,
1763897258907,1.25046,0.458466,1.25046,0.458466,
1763897258944,1.25046,0.458466,1.25046,0.458466,
1763897258988,1.25045,0.458467,1.25045,0.458467,
1763897259019,1.25045,0.458467,1.25045,0.458467,
1763897259072,1.25045,0.458468,1.25045,0.458468,
1763897259104,1.25045,0.458468,1.25045,0.458468,
1763897259158,1.25045,0.458469,1.25045,0.458469,
1763897259183,1.25045,0.458469,1.25045,0.458469,
1763897259218,1.25045,0.458469,1.25045,0.458469,
1763897259263,1.25045,0.45847,1.25045,0.45847,
1763897259292,1.25044,0.45847,1.25044,0.45847,
1763897259335,1.25044,0.458471,1.25044,0.458471,
1763897259364,1.25044,0.458471,1.25044,0.458471,
1763897259402,1.25044,0.458471,1.25044,0.458471,
1763897259443,1.25044,0.458472,1.25044,0.458472,
1763897259477,1.25044,0.458472,1.25044,0.458472,
1763897259512,1.25044,0.458472,1.25044,0.458472,
1763897259547,1.25044,0.458473,1.25044,0.458473,
1763897259582,1.25043,0.458473,1.25043,0.458473,
1763897259624,1.25043,0.458474,1.25043,0.458474,
1763897259656,1.25043,0.458474,1.25043,0.458474,
1763897259698,1.25043,0.458475,1.25043,0.458475,
1763897259745,1.25043,0.458475,1.25043,0.458475,
1763897259779,1.25043,0.458475,1.25043,0.458475,
1763897259803,1.25043,0.458476,1.25043,0.458476,
1763897259839,1.25043,0.458476,1.25043,0.458476,
1763897259874,1.25042,0.458476,1.25042,0.458476,
1763897259916,1.25042,0.458477,1.25042,0.458477,
1763897259956,1.25042,0.458477,1.25042,0.458477,
1763897259992,1.25042,0.458478,1.25042,0.458478,
1763897260026,1.25042,0.458478,1.25042,0.458478,
1763897260069,1.25042,0.458479,1.25042,0.458479,
1763897260105,1.25042,0.458479,1.25042,0.458479,
1763897260141,1.25042,0.458479,1.25042,0.458479,
1763897260172,1.25041,0.45848,1.25041,0.45848,
1763897260204,1.25041,0.45848,1.25041,0.45848,
1763897260240,1.25041,0.458481,1.25041,0.45848,
1763897260283,1.25041,0.458481,1.25041,0.458481,
1763897260319,1.25041,0.458481,1.25041,0.458481,
1763897260369,1.25041,0.458482,1.25041,0.458482,
1763897260406,1.25041,0.458482,1.25041,0.458482,
1763897260440,1.25041,0.458483,1.25041,0.458483,
1763897260478,1.2504,0.458483,1.2504,0.458483,
1763897260525,1.2504,0.458483,1.2504,0.458483,
1763897260566,1.2504,0.458484,1.2504,0.458484,
1763897260609,1.2504,0.458484,1.2504,0.458484,
1763897260638,1.2504,0.458485,1.2504,0.458485,
1763897260683,1.2504,0.458485,1.2504,0.458485,
1763897260724,1.2504,0.458485,1.2504,0.458485,
1763897260760,1.25039,0.458486,1.25039,0.458486,
1763897260789,1.25039,0.458486,1.25039,0.458486,
1763897260832,1.25039,0.458487,1.25039,0.458487,
1763897260876,1.25039,0.458487,1.25039,0.458487,
1763897260904,1.25039,0.458487,1.25039,0.458487,
1763897260937,1.25039,0.458488,1.25039,0.458488,
1763897260974,1.25039,0.458488,1.25039,0.458488,
1763897261009,1.25039,0.458488,1.25039,0.458488,
1763897261046,1.25038,0.458489,1.25038,0.458489,
1763897261085,1.25038,0.458489,1.25038,0.458489,
1763897261128,1.25038,0.45849,1.25038,0.45849,
1763897261157,1.25038,0.45849,1.25038,0.45849,
1763897261206,1.25038,0.458491,1.25038,0.458491,
1763897261245,1.25038,0.458491,1.25038,0.458491,
1763897261278,1.25038,0.458491,1.25038,0.458491,
1763897261320,1.25038,0.458492,1.25038,0.458492,
1763897261363,1.25037,0.458492,1.25037,0.458492,
1763897261412,1.25037,0.458493,1.25037,0.458493,
1763897261439,1.25037,0.458493,1.25037,0.458493,
1763897261481,1.25037,0.458494,1.25037,0.458494,
1763897261513,1.25037,0.458494,1.25037,0.458494,
1763897261544,1.25037,0.458494,1.25037,0.458494,
1763897261580,1.25037,0.458494,1.25037,0.458495,
1763897261612,1.25037,0.458495,1.25037,0.458495,
1763897261652,1.25036,0.458495,1.25036,0.458495,
1763897261688,1.25036,0.458496,1.25036,0.458496,
1763897261729,1.25036,0.458496,1.25036,0.458496,
1763897261766,1.25036,0.458497,1.25036,0.458497,
1763897261793,1.25036,0.458497,1.25036,0.458497,
1763897261833,1.25036,0.458497,1.25036,0.458497,
1763897261879,1.25036,0.458498,1.25036,0.458498,
1763897261906,1.25036,0.458498,1.25036,0.458498,
1763897261948,1.25035,0.458498,1.25035,0.458498,
1763897261986,1.25035,0.458499,1.25035,0.458499,
1763897262031,1.25035,0.458499,1.25035,0.458499,
1763897262055,1.25035,0.4585,1.25035,0.4585,
1763897262087,1.25035,0.4585,1.25035,0.4585,
1763897262122,1.25035,0.458501,1.25035,0.458501,
1763897262166,1.25035,0.458501,1.25035,0.458501,
1763897262202,1.25035,0.458501,1.25035,0.458501,
1763897262226,1.25034,0.458502,1.25034,0.458502,
1763897262266,1.25034,0.458502,1.25034,0.458502,
1763897262304,1.25034,0.458503,1.25034,0.458503,
1763897262336,1.25034,0.458503,1.25034,0.458503,
1763897262387,1.25034,0.458504,1.25034,0.458504,
1763897262431,1.25034,0.458504,1.25034,0.458504,
1763897262469,1.25034,0.458504,1.25034,0.458504,
1763897262503,1.25034,0.458504,1.25034,0.458504,
1763897262548,1.25033,0.458505,1.25033,0.458505,
1763897262585,1.25033,0.458505,1.25033,0.458505,
1763897262627,1.25033,0.458506,1.25033,0.458506,
1763897262663,1.25033,0.458506,1.25033,0.458506,
1763897262694,1.25033,0.458507,1.25033,0.458507,
1763897262739,1.25033,0.458507,1.25033,0.458507,
1763897262777,1.25033,0.458507,1.25033,0.458507,
1763897262818,1.25033,0.458508,1.25033,0.458508,
1763897262853,1.25032,0.458508,1.25032,0.458508,
1763897262890,1.25032,0.458509,1.25032,0.458509,
1763897262931,1.25032,0.458509,1.25032,0.458509,
1763897262971,1.25032,0.458509,1.25032,0.458509,
1763897263006,1.25032,0.45851,1.25032,0.45851,
1763897263041,1.25032,0.45851,1.25032,0.45851,
1763897263086,1.25032,0.458511,1.25032,0.458511,
1763897263114,1.25032,0.458511,1.25032,0.458511,
1763897263149,1.25031,0.458511,1.25031,0.458511,
1763897263185,1.25031,0.458512,1.25031,0.458512,
1763897263224,1.25031,0.458512,1.25031,0.458512,
1763897263262,1.25031,0.458513,1.25031,0.458513,
1763897263299,1.25031,0.458513,1.25031,0.458513,
1763897263345,1.25031,0.458514,1.25031,0.458514,
1763897263389,1.25031,0.458514,1.25031,0.458514,
1763897263421,1.25031,0.458514,1.25031,0.458514,
1763897263456,1.2503,0.458515,1.2503,0.458515,
1763897263492,1.2503,0.458515,1.2503,0.458515,
1763897263527,1.2503,0.458515,1.2503,0.458515,
1763897263568,1.2503,0.458516,1.2503,0.458516,
1763897263601,1.2503,0.458516,1.2503,0.458516,
1763897263636,1.2503,0.458517,1.2503,0.458517,
1763897263671,1.2503,0.458517,1.2503,0.458517,
1763897263715,1.2503,0.458517,1.2503,0.458517,
1763897263751,1.25029,0.458518,1.25029,0.458518,
1763897263798,1.25029,0.458518,1.25029,0.458518,
1763897263831,1.25029,0.458519,1.25029,0.458519,
1763897263873,1.25029,0.458519,1.25029,0.458519,
1763897263920,1.25029,0.458519,1.25029,0.458519,
1763897263947,1.25029,0.45852,1.25029,0.45852,
1763897263986,1.25029,0.45852,1.25029,0.45852,
1763897264023,1.25029,0.458521,1.25029,0.458521,
1763897264054,1.25028,0.458521,1.25028,0.458521,
1763897264092,1.25028,0.458522,1.25028,0.458522,
1763897264124,1.25028,0.458522,1.25028,0.458522,
1763897264161,1.25028,0.458522,1.25028,0.458522,
1763897264205,1.25028,0.458523,1.25028,0.458523,
1763897264245,1.25028,0.458523,1.25028,0.458523,
1763897264280,1.25028,0.458523,1.25028,0.458523,
1763897264318,1.25028,0.458524,1.25028,0.458524,
1763897264356,1.25027,0.458524,1.25027,0.458524,
1763897264391,1.25027,0.458525,1.25027,0.458525,
1763897264433,1.25027,0.458525,1.25027,0.458525,
1763897264475,1.25027,0.458526,1.25027,0.458525,
1763897264515,1.25027,0.458526,1.25027,0.458526,
1763897264547,1.25027,0.458526,1.25027,0.458526,
1763897264586,1.25027,0.458527,1.25027,0.458527,
1763897264623,1.25027,0.458527,1.25027,0.458527,
1763897264665,1.25026,0.458528,1.25026,0.458528,
1763897264709,1.25026,0.458528,1.25026,0.458528,
1763897264740,1.25026,0.458528,1.25026,0.458528,
1763897264774,1.25026,0.458529,1.25026,0.458529,
1763897264808,1.25026,0.458529,1.25026,0.458529,
1763897264844,1.25026,0.458529,1.25026,0.458529,
1763897264886,1.25026,0.45853,1.25026,0.45853,
1763897264931,1.25026,0.45853,1.25026,0.45853,
1763897264969,1.25025,0.458531,1.25025,0.458531,
1763897265004,1.25025,0.458531,1.25025,0.458531,
1763897265046,1.25025,0.458531,1.25025,0.458531,
1763897265084,1.25025,0.458532,1.25025,0.458532,
1763897265125,1.25025,0.458532,1.25025,0.458532,
1763897265166,1.25025,0.458533,1.25025,0.458533,
1763897265205,1.25025,0.458533,1.25025,0.458533,
1763897265239,1.25025,0.458533,1.25025,0.458533,
1763897265271,1.25024,0.458534,1.25024,0.458534,
1763897265302,1.25024,0.458534,1.25024,0.458534,
1763897265341,1.25024,0.458535,1.25024,0.458535,
1763897265381,1.25024,0.458535,1.25024,0.458535,
1763897265408,1.25024,0.458535,1.25024,0.458535,
1763897265451,1.25024,0.458536,1.25024,0.458536,
1763897265492,1.25024,0.458536,1.25024,0.458536,
1763897265527,1.25024,0.458537,1.25024,0.458537,
1763897265568,1.25023,0.458537,1.25023,0.458537,
1763897265607,1.25023,0.458538,1.25023,0.458538,
1763897265644,1.25023,0.458538,1.25023,0.458538,
1763897265682,1.25023,0.458538,1.25023,0.458538,
1763897265722,1.25023,0.458539,1.25023,0.458539,
1763897265755,1.25023,0.458539,1.25023,0.458539,
1763897265804,1.25023,0.45854,1.25023,0.45854,
1763897265844,1.25023,0.45854,1.25023,0.45854,
1763897265872,1.25022,0.45854,1.25022,0.45854,
1763897265910,1.25022,0.458541,1.25022,0.458541,
1763897265951,1.25022,0.458541,1.25022,0.458541,
1763897265987,1.25022,0.458541,1.25022,0.458541,
1763897266023,1.25022,0.458542,1.25022,0.458542,
1763897266056,1.25022,0.458542,1.25022,0.458542,
1763897266091,1.25022,0.458543,1.25022,0.458543,
1763897266128,1.25022,0.458543,1.25022,0.458543,
1763897266177,1.25021,0.458543,1.25021,0.458543,
1763897266215,1.25021,0.458544,1.25021,0.458544,
1763897266249,1.25021,0.458544,1.25021,0.458544,
1763897266289,1.25021,0.458545,1.25021,0.458545,
1763897266326,1.25021,0.458545,1.25021,0.458545,
1763897266363,1.25021,0.458546,1.25021,0.458546,
1763897266400,1.25021,0.458546,1.25021,0.458546,
1763897266436,1.25021,0.458546,1.25021,0.458546,
1763897266475,1.2502,0.458547,1.2502,0.458547,
1763897266510,1.2502,0.458547,1.2502,0.458547,
1763897266555,1.2502,0.458547,1.2502,0.458547,
1763897266596,1.2502,0.458548,1.2502,0.458548,
1763897266631,1.2502,0.458548,1.2502,0.458548,
1763897266660,1.2502,0.458549,1.2502,0.458549,
1763897266698,1.2502,0.458549,1.2502,0.458549,
1763897266743,1.2502,0.45855,1.2502,0.45855,
1763897266781,1.25019,0.45855,1.25019,0.45855,
1763897266823,1.25019,0.45855,1.25019,0.45855,
1763897266859,1.25019,0.458551,1.25019,0.458551,
1763897266906,1.25019,0.458551,1.25019,0.458551,
1763897266937,1.25019,0.458552,1.25019,0.458552,
1763897266967,1.25019,0.458552,1.25019,0.458552,
1763897267005,1.25019,0.458552,1.25019,0.458552,
1763897267049,1.25019,0.458553,1.25019,0.458553,
1763897267082,1.25018,0.458553,1.25018,0.458553,
1763897267120,1.25018,0.458553,1.25018,0.458553,
1763897267153,1.25018,0.458554,1.25018,0.458554,
1763897267187,1.25018,0.458554,1.25018,0.458554,
1763897267229,1.25018,0.458555,1.25018,0.458555,
1763897267269,1.25018,0.458555,1.25018,0.458555,
1763897267296,1.25018,0.458556,1.25018,0.458556,
1763897267335,1.25018,0.458556,1.25018,0.458556,
1763897267375,1.25017,0.458556,1.25017,0.458556,
1763897267423,1.25017,0.458557,1.25017,0.458557,
1763897267456,1.25017,0.458557,1.25017,0.458557,
1763897267503,1.25017,0.458557,1.25017,0.458557,
1763897267533,1.25017,0.458558,1.25017,0.458558,
1763897267565,1.25017,0.458558,1.25017,0.458558,
1763897267606,1.25017,0.458559,1.25017,0.458559,
1763897267637,1.25017,0.458559,1.25017,0.458559,
1763897267668,1.25016,0.45856,1.25016,0.45856,
1763897267707,1.25016,0.45856,1.25016,0.45856,
1763897267747,1.25016,0.45856,1.25016,0.45856,
1763897267779,1.25016,0.458561,1.25016,0.458561,
1763897267816,1.25016,0.458561,1.25016,0.458561,
1763897267855,1.25016,0.458561,1.25016,0.458561,
1763897267897,1.25016,0.458562,1.25016,0.458562,
1763897267937,1.25016,0.458562,1.25016,0.458562,
1763897267975,1.25015,0.458563,1.25015,0.458563,
1763897268004,1.25015,0.458563,1.25015,0.458563,
1763897268046,1.25015,0.458564,1.25015,0.458564,
1763897268095,1.25015,0.458564,1.25015,0.458564,
1763897268136,1.25015,0.458564,1.25015,0.458564,
1763897268160,1.25015,0.458565,1.25015,0.458565,
1763897268201,1.25015,0.458565,1.25015,0.458565,
1763897268231,1.25015,0.458566,1.25015,0.458566,
1763897268268,1.25014,0.458566,1.25014,0.458566,
1763897268310,1.25014,0.458567,1.25014,0.458567,
1763897268335,1.25014,0.458567,1.25014,0.458567,
1763897268383,1.25014,0.458567,1.25014,0.458567,
1763897268418,1.25014,0.458568,1.25014,0.458568,
1763897268463,1.25014,0.458568,1.25014,0.458568,
1763897268504,1.25014,0.458568,1.25014,0.458568,
1763897268539,1.25014,0.458569,1.25014,0.458569,
1763897268565,1.25013,0.458569,1.25013,0.458569,
1763897268611,1.25013,0.45857,1.25013,0.45857,
1763897268643,1.25013,0.45857,1.25013,0.45857,
1763897268679,1.25013,0.45857,1.25013,0.45857,
1763897268718,1.25013,0.458571,1.25013,0.458571,
1763897268763,1.25013,0.458571,1.25013,0.458571,
1763897268793,1.25013,0.458571,1.25013,0.458571,
1763897268826,1.25013,0.458572,1.25013,0.458572,
1763897268863,1.25012,0.458573,1.25012,0.458572,
1763897268892,1.25012,0.458573,1.25012,0.458573,
1763897268934,1.25012,0.458573,1.25012,0.458573,
1763897268969,1.25012,0.458573,1.25012,0.458574,
1763897269015,1.25012,0.458574,1.25012,0.458574,
1763897269055,1.25012,0.458574,1.25012,0.458574,
1763897269088,1.25012,0.458575,1.25012,0.458575,
1763897269131,1.25012,0.458575,1.25012,0.458575,
1763897269172,1.25011,0.458576,1.25011,0.458576,
1763897269218,1.25011,0.458576,1.25011,0.458576,
1763897269248,1.25011,0.458576,1.25011,0.458576,
1763897269284,1.25011,0.458577,1.25011,0.458577,
1763897269327,1.25011,0.458577,1.25011,0.458577,
1763897269364,1.25011,0.458578,1.25011,0.458578,
1763897269402,1.25011,0.458578,1.25011,0.458578,
1763897269435,1.25011,0.458578,1.25011,0.458578,
1763897269476,1.2501,0.458579,1.2501,0.458579,
1763897269516,1.2501,0.458579,1.2501,0.458579,
1763897269551,1.2501,0.458579,1.2501,0.458579,
1763897269599,1.2501,0.45858,1.2501,0.45858,
1763897269629,1.2501,0.45858,1.2501,0.45858,
1763897269669,1.2501,0.458581,1.2501,0.458581,
1763897269709,1.2501,0.458581,1.2501,0.458581,
1763897269751,1.2501,0.458582,1.2501,0.458582,
1763897269790,1.25009,0.458582,1.25009,0.458582,
1763897269831,1.25009,0.458582,1.25009,0.458582,
1763897269872,1.25009,0.458583,1.25009,0.458583,
1763897269908,1.25009,0.458583,1.25009,0.458583,
1763897269949,1.25009,0.458584,1.25009,0.458584,
1763897269996,1.25009,0.458584,1.25009,0.458584,
1763897270023,1.25009,0.458584,1.25009,0.458584,
1763897270067,1.25009,0.458585,1.25009,0.458585,
1763897270102,1.25008,0.458585,1.25008,0.458585,
1763897270132,1.25008,0.458585,1.25008,0.458585,
1763897270175,1.25008,0.458586,1.25008,0.458586,
1763897270212,1.25008,0.458586,1.25008,0.458586,
1763897270241,1.25008,0.458587,1.25008,0.458587,
1763897270275,1.25008,0.458587,1.25008,0.458587,
1763897270321,1.25008,0.458588,1.25008,0.458588,
1763897270366,1.25008,0.458588,1.25008,0.458588,
1763897270397,1.25007,0.458588,1.25007,0.458588,
1763897270439,1.25007,0.458589,1.25007,0.458589,
1763897270473,1.25007,0.458589,1.25007,0.458589,
1763897270499,1.25007,0.45859,1.25007,0.45859,
1763897270535,1.25007,0.45859,1.25007,0.45859,
1763897270576,1.25007,0.458591,1.25007,0.45859,
1763897270608,1.25007,0.458591,1.25007,0.458591,
1763897270640,1.25007,0.458591,1.25007,0.458591,
1763897270691,1.25006,0.458591,1.25006,0.458592,
1763897270719,1.25006,0.458592,1.25006,0.458592,
1763897270753,1.25006,0.458592,1.25006,0.458592,
1763897270788,1.25006,0.458593,1.25006,0.458593,
1763897270827,1.25006,0.458593,1.25006,0.458593,
1763897270861,1.25006,0.458594,1.25006,0.458594,
1763897270895,1.25006,0.458594,1.25006,0.458594,
1763897270929,1.25006,0.458595,1.25006,0.458595,
1763897270966,1.25005,0.458595,1.25005,0.458595,
1763897271002,1.25005,0.458595,1.25005,0.458595,
1763897271035,1.25005,0.458596,1.25005,0.458596,
1763897271072,1.25005,0.458596,1.25005,0.458596,
1763897271110,1.25005,0.458596,1.25005,0.458596,
1763897271150,1.25005,0.458597,1.25005,0.458597,
1763897271184,1.25005,0.458597,1.25005,0.458597,
1763897271231,1.25005,0.458598,1.25005,0.458598,
1763897271269,1.25004,0.458598,1.25004,0.458598,
1763897271306,1.25004,0.458598,1.25004,0.458598,
1763897271364,1.25004,0.458599,1.25004,0.458599,
1763897271399,1.25004,0.458599,1.25004,0.458599,
1763897271428,1.25004,0.4586,1.25004,0.4586,
1763897271467,1.25004,0.4586,1.25004,0.4586,
1763897271513,1.25004,0.458601,1.25004,0.458601,
1763897271539,1.25004,0.458601,1.25004,0.458601,
1763897271578,1.25003,0.458601,1.25003,0.458601,
1763897271617,1.25003,0.458602,1.25003,0.458602,
1763897271642,1.25003,0.458602,1.25003,0.458602,
1763897271685,1.25003,0.458602,1.25003,0.458602,
1763897271715,1.25003,0.458603,1.25003,0.458603,
1763897271753,1.25003,0.458603,1.25003,0.458603,
1763897271793,1.25003,0.458604,1.25003,0.458604,
1763897271832,1.25003,0.458604,1.25003,0.458604,
1763897271868,1.25002,0.458604,1.25002,0.458604,
1763897271905,1.25002,0.458605,1.25002,0.458605,
1763897271954,1.25002,0.458605,1.25002,0.458605,
1763897271987,1.25002,0.458606,1.25002,0.458606,
1763897272020,1.25002,0.458606,1.25002,0.458606,
1763897272063,1.25002,0.458606,1.25002,0.458606,
1763897272102,1.25002,0.458607,1.25002,0.458607,
1763897272143,1.25002,0.458607,1.25002,0.458607,
1763897272173,1.25001,0.458608,1.25001,0.458608,
1763897272208,1.25001,0.458608,1.25001,0.458608,
1763897272250,1.25001,0.458608,1.25001,0.458608,
1763897272276,1.25001,0.458609,1.25001,0.458609,
1763897272317,1.25001,0.458609,1.25001,0.458609,
1763897272361,1.25001,0.45861,1.25001,0.45861,
1763897272398,1.25001,0.45861,1.25001,0.45861,
1763897272435,1.25001,0.45861,1.25001,0.45861,
1763897272475,1.25,0.458611,1.25,0.458611,
1763897272515,1.25,0.458611,1.25,0.458611,
1763897272547,1.25,0.458612,1.25,0.458612,
1763897272584,1.25,0.458612,1.25,0.458612,
1763897272619,1.25,0.458612,1.25,0.458612,
1763897272652,1.25,0.458613,1.25,0.458613,
1763897272689,1.25,0.458613,1.25,0.458613,
1763897272732,1.25,0.458614,1.25,0.458614,
1763897272766,1.24999,0.458614,1.24999,0.458614,
1763897272804,1.24999,0.458614,1.24999,0.458614,
1763897272847,1.24999,0.458615,1.24999,0.458615,
1763897272895,1.24999,0.458615,1.24999,0.458615,
1763897272936,1.24999,0.458616,1.24999,0.458616,
1763897272959,1.24999,0.458616,1.24999,0.458616,
1763897273002,1.24999,0.458616,1.24999,0.458616,
1763897273044,1.24999,0.458617,1.24999,0.458617,
1763897273075,1.24998,0.458617,1.24998,0.458617,
1763897273108,1.24998,0.458618,1.24998,0.458618,
1763897273147,1.24998,0.458618,1.24998,0.458618,
1763897273182,1.24998,0.458618,1.24998,0.458618,
1763897273224,1.24998,0.458619,1.24998,0.458619,
1763897273258,1.24998,0.458619,1.24998,0.458619,
1763897273306,1.24998,0.45862,1.24998,0.45862,
1763897273342,1.24998,0.45862,1.24998,0.45862,
1763897273373,1.24997,0.458621,1.24997,0.458621,
1763897273412,1.24997,0.458621,1.24997,0.458621,
1763897273452,1.24997,0.458621,1.24997,0.458621,
1763897273486,1.24997,0.458622,1.24997,0.458622,
1763897273531,1.24997,0.458622,1.24997,0.458622,
1763897273569,1.24997,0.458622,1.24997,0.458622,
1763897273603,1.24997,0.458623,1.24997,0.458623,
1763897273642,1.24996,0.458623,1.24996,0.458623,
1763897273675,1.24996,0.458624,1.24996,0.458624,
1763897273711,1.24996,0.458624,1.24996,0.458624,
1763897273745,1.24996,0.458625,1.24996,0.458625,
1763897273787,1.24996,0.458625,1.24996,0.458625,
1763897273821,1.24996,0.458625,1.24996,0.458625,
1763897273862,1.24996,0.458626,1.24996,0.458626,
1763897273898,1.24996,0.458626,1.24996,0.458626,
1763897273929,1.24996,0.458626,1.24996,0.458626,
1763897273961,1.24995,0.458627,1.24995,0.458627,
1763897274002,1.24995,0.458627,1.24995,0.458627,
1763897274046,1.24995,0.458628,1.24995,0.458628,
1763897274079,1.24995,0.458628,1.24995,0.458628,
1763897274120,1.24995,0.458628,1.24995,0.458628,
1763897274158,1.24995,0.458629,1.24995,0.458629,
1763897274193,1.24995,0.458629,1.24995,0.458629,
1763897274238,1.24994,0.45863,1.24994,0.45863,
1763897274276,1.24994,0.45863,1.24994,0.45863,
1763897274310,1.24994,0.45863,1.24994,0.45863,
1763897274352,1.24994,0.458631,1.24994,0.458631,
1763897274392,1.24994,0.458631,1.24994,0.458631,
1763897274427,1.24994,0.458632,1.24994,0.458632,
1763897274464,1.24994,0.458632,1.24994,0.458632,
1763897274504,1.24994,0.458633,1.24994,0.458633,
1763897274540,1.24993,0.458633,1.24993,0.458633,
1763897274582,1.24993,0.458633,1.24993,0.458633,
1763897274618,1.24993,0.458634,1.24993,0.458634,
1763897274654,1.24993,0.458634,1.24993,0.458634,
1763897274699,1.24993,0.458634,1.24993,0.458634,
1763897274743,1.24993,0.458635,1.24993,0.458635,
1763897274768,1.24993,0.458635,1.24993,0.458635,
1763897274807,1.24993,0.458636,1.24993,0.458636,
1763897274854,1.24992,0.458636,1.24992,0.458636,
1763897274883,1.24992,0.458637,1.24992,0.458637,
1763897274915,1.24992,0.458637,1.24992,0.458637,
1763897274956,1.24992,0.458637,1.24992,0.458637,
1763897274986,1.24992,0.458638,1.24992,0.458638,
1763897275036,1.24992,0.458638,1.24992,0.458638,
1763897275073,1.24992,0.458638,1.24992,0.458638,
1763897275102,1.24992,0.458639,1.24992,0.458639,
1763897275136,1.24991,0.458639,1.24991,0.458639,
1763897275176,1.24991,0.45864,1.24991,0.45864,
1763897275216,1.24991,0.45864,1.24991,0.45864,
1763897275255,1.24991,0.458641,1.24991,0.458641,
1763897275294,1.24991,0.458641,1.24991,0.458641,
1763897275335,1.24991,0.458641,1.24991,0.458641,
1763897275363,1.24991,0.458642,1.24991,0.458642,
1763897275412,1.24991,0.458642,1.24991,0.458642,
1763897275441,1.2499,0.458643,1.2499,0.458643,
1763897275481,1.2499,0.458643,1.2499,0.458643,
1763897275509,1.2499,0.458643,1.2499,0.458643,
1763897275545,1.2499,0.458644,1.2499,0.458644,
1763897275592,1.2499,0.458644,1.2499,0.458644,
1763897275625,1.2499,0.458644,1.2499,0.458644,
1763897275663,1.2499,0.458645,1.2499,0.458645,
1763897275704,1.2499,0.458645,1.2499,0.458645,
1763897275745,1.24989,0.458646,1.24989,0.458646,
1763897275776,1.24989,0.458646,1.24989,0.458646,
1763897275822,1.24989,0.458647,1.24989,0.458647,
1763897275860,1.24989,0.458647,1.24989,0.458647,
1763897275891,1.24989,0.458647,1.24989,0.458647,
1763897275932,1.24989,0.458648,1.24989,0.458648,
1763897275960,1.24989,0.458648,1.24989,0.458648,
1763897276004,1.24989,0.458649,1.24989,0.458648,
1763897276031,1.24988,0.458649,1.24988,0.458649,
1763897276062,1.24988,0.458649,1.24988,0.458649,
1763897276097,1.24988,0.45865,1.24988,0.45865,
1763897276147,1.24988,0.45865,1.24988,0.45865,
1763897276182,1.24988,0.458651,1.24988,0.458651,
1763897276213,1.24988,0.458651,1.24988,0.458651,
1763897276262,1.24988,0.458651,1.24988,0.458651,
1763897276297,1.24988,0.458652,1.24988,0.458652,
1763897276326,1.24987,0.458652,1.24987,0.458652,
1763897276370,1.24987,0.458653,1.24987,0.458653,
1763897276420,1.24987,0.458653,1.24987,0.458653,
1763897276458,1.24987,0.458653,1.24987,0.458653,
1763897276498,1.24987,0.458654,1.24987,0.458654,
1763897276531,1.24987,0.458654,1.24987,0.458654,
1763897276560,1.24987,0.458655,1.24987,0.458655,
1763897276589,1.24987,0.458655,1.24987,0.458655,
1763897276625,1.24986,0.458655,1.24986,0.458655,
1763897276671,1.24986,0.458656,1.24986,0.458656,
1763897276703,1.24986,0.458656,1.24986,0.458656,
1763897276737,1.24986,0.458656,1.24986,0.458656,
1763897276783,1.24986,0.458657,1.24986,0.458657,
1763897276814,1.24986,0.458657,1.24986,0.458657,
1763897276855,1.24986,0.458658,1.24986,0.458658,
1763897276893,1.24986,0.458658,1.24986,0.458658,
1763897276935,1.24985,0.458658,1.24985,0.458658,
1763897276967,1.24985,0.458659,1.24985,0.458659,
1763897277010,1.24985,0.458659,1.24985,0.458659,
1763897277048,1.24985,0.45866,1.24985,0.45866,
1763897277084,1.24985,0.45866,1.24985,0.45866,
1763897277123,1.24985,0.458661,1.24985,0.458661,
1763897277165,1.24985,0.458661,1.24985,0.458661,
1763897277202,1.24985,0.458661,1.24985,0.458661,
1763897277238,1.24984,0.458662,1.24984,0.458662,
1763897277275,1.24984,0.458662,1.24984,0.458662,
1763897277317,1.24984,0.458662,1.24984,0.458662,
1763897277357,1.24984,0.458663,1.24984,0.458663,
1763897277394,1.24984,0.458663,1.24984,0.458663,
1763897277435,1.24984,0.458664,1.24984,0.458664,
1763897277473,1.24984,0.458664,1.24984,0.458664,
1763897277511,1.24984,0.458664,1.24984,0.458664,
1763897277547,1.24983,0.458665,1.24983,0.458665,
1763897277579,1.24983,0.458665,1.24983,0.458665,
1763897277615,1.24983,0.458666,1.24983,0.458666,
1763897277654,1.24983,0.458666,1.24983,0.458666,
1763897277687,1.24983,0.458666,1.24983,0.458666,
1763897277723,1.24983,0.458667,1.24983,0.458667,
1763897277764,1.24983,0.458667,1.24983,0.458667,
1763897277802,1.24983,0.458668,1.24983,0.458668,
1763897277830,1.24982,0.458668,1.24982,0.458668,
1763897277875,1.24982,0.458668,1.24982,0.458668,
1763897277916,1.24982,0.458669,1.24982,0.458669,
1763897277955,1.24982,0.458669,1.24982,0.458669,
1763897277988,1.24982,0.45867,1.24982,0.45867,
1763897278025,1.24982,0.45867,1.24982,0.45867,
1763897278063,1.24982,0.458671,1.24982,0.458671,
1763897278108,1.24982,0.458671,1.24982,0.458671,
1763897278147,1.24981,0.458671,1.24981,0.458671,
1763897278194,1.24981,0.458672,1.24981,0.458672,
1763897278222,1.24981,0.458672,1.24981,0.458672,
1763897278257,1.24981,0.458673,1.24981,0.458673,
1763897278292,1.24981,0.458673,1.24981,0.458673,
1763897278327,1.24981,0.458673,1.24981,0.458673,
1763897278375,1.24981,0.458674,1.24981,0.458674,
1763897278411,1.24981,0.458674,1.24981,0.458674,
1763897278447,1.2498,0.458674,1.2498,0.458674,
1763897278484,1.2498,0.458675,1.2498,0.458675,
1763897278514,1.2498,0.458675,1.2498,0.458675,
1763897278554,1.2498,0.458676,1.2498,0.458676,
1763897278588,1.2498,0.458676,1.2498,0.458676,
1763897278621,1.2498,0.458676,1.2498,0.458676,
1763897278672,1.2498,0.458677,1.2498,0.458677,
1763897278697,1.2498,0.458677,1.2498,0.458677,
1763897278747,1.24979,0.458678,1.24979,0.458678,
1763897278784,1.24979,0.458678,1.24979,0.458678,
1763897278820,1.24979,0.458679,1.24979,0.458679,
1763897278863,1.24979,0.458679,1.24979,0.458679,
1763897278907,1.24979,0.458679,1.24979,0.458679,
1763897278942,1.24979,0.45868,1.24979,0.45868,
1763897278980,1.24979,0.45868,1.24979,0.45868,
1763897279019,1.24979,0.45868,1.24979,0.45868,
1763897279058,1.24978,0.458681,1.24978,0.458681,
1763897279093,1.24978,0.458681,1.24978,0.458681,
1763897279129,1.24978,0.458682,1.24978,0.458682,
1763897279171,1.24978,0.458682,1.24978,0.458682,
1763897279202,1.24978,0.458683,1.24978,0.458683,
1763897279238,1.24978,0.458683,1.24978,0.458683,
1763897279273,1.24978,0.458683,1.24978,0.458683,
1763897279315,1.24978,0.458684,1.24978,0.458684,
1763897279359,1.24977,0.458684,1.24977,0.458684,
1763897279395,1.24977,0.458684,1.24977,0.458684,
1763897279421,1.24977,0.458685,1.24977,0.458685,
1763897279460,1.24977,0.458685,1.24977,0.458685,
1763897279488,1.24977,0.458686,1.24977,0.458686,
1763897279522,1.24977,0.458686,1.24977,0.458686,
1763897279560,1.24977,0.458686,1.24977,0.458686,
1763897279593,1.24977,0.458687,1.24977,0.458687,
1763897279635,1.24976,0.458687,1.24976,0.458687,
1763897279668,1.24976,0.458688,1.24976,0.458688,
1763897279713,1.24976,0.458688,1.24976,0.458688,
1763897279749,1.24976,0.458689,1.24976,0.458689,
1763897279787,1.24976,0.458689,1.24976,0.458689,
1763897279824,1.24976,0.458689,1.24976,0.458689,
1763897279869,1.24976,0.45869,1.24976,0.45869,
1763897279907,1.24976,0.45869,1.24976,0.45869,
1763897279940,1.24975,0.45869,1.24975,0.45869,
1763897279983,1.24975,0.458691,1.24975,0.458691,
1763897280015,1.24975,0.458691,1.24975,0.458691,
1763897280050,1.24975,0.458692,1.24975,0.458692,
1763897280092,1.24975,0.458692,1.24975,0.458692,
1763897280139,1.24975,0.458693,1.24975,0.458693,
1763897280177,1.24975,0.458693,1.24975,0.458693,
1763897280219,1.24975,0.458693,1.24975,0.458693,
1763897280253,1.24974,0.458694,1.24974,0.458694,
1763897280284,1.24974,0.458694,1.24974,0.458694,
1763897280328,1.24974,0.458695,1.24974,0.458694,
1763897280373,1.24974,0.458695,1.24974,0.458695,
1763897280408,1.24974,0.458695,1.24974,0.458695,
1763897280441,1.24974,0.458696,1.24974,0.458696,
1763897280489,1.24974,0.458696,1.24974,0.458696,
1763897280523,1.24974,0.458696,1.24974,0.458697,
1763897280556,1.24973,0.458697,1.24973,0.458697,
1763897280591,1.24973,0.458697,1.24973,0.458697,
1763897280629,1.24973,0.458698,1.24973,0.458698,
1763897280660,1.24973,0.458698,1.24973,0.458698,
1763897280696,1.24973,0.458699,1.24973,0.458699,
1763897280742,1.24973,0.458699,1.24973,0.458699,
1763897280776,1.24973,0.458699,1.24973,0.458699,
1763897280819,1.24973,0.4587,1.24973,0.4587,
1763897280851,1.24972,0.4587,1.24972,0.4587,
1763897280895,1.24972,0.458701,1.24972,0.458701,
1763897280921,1.24972,0.458701,1.24972,0.458701,
1763897280962,1.24972,0.458701,1.24972,0.458702,
1763897281009,1.24972,0.458702,1.24972,0.458702,
1763897281061,1.24972,0.458702,1.24972,0.458702,
1763897281086,1.24972,0.458702,1.24972,0.458703,
1763897281127,1.24972,0.458703,1.24972,0.458703,
1763897281170,1.24971,0.458703,1.24971,0.458703,
1763897281202,1.24971,0.458704,1.24971,0.458704,
1763897281238,1.24971,0.458704,1.24971,0.458704,
1763897281276,1.24971,0.458705,1.24971,0.458705,
1763897281317,1.24971,0.458705,1.24971,0.458705,
1763897281359,1.24971,0.458705,1.24971,0.458705,
1763897281389,1.24971,0.458706,1.24971,0.458706,
1763897281434,1.24971,0.458706,1.24971,0.458706,
1763897281473,1.2497,0.458706,1.2497,0.458706,
1763897281508,1.2497,0.458707,1.2497,0.458707,
1763897281547,1.2497,0.458707,1.2497,0.458707,
1763897281581,1.2497,0.458708,1.2497,0.458708,
1763897281622,1.2497,0.458708,1.2497,0.458708,
1763897281666,1.2497,0.458709,1.2497,0.458709,
1763897281699,1.2497,0.458709,1.2497,0.458709,
1763897281736,1.2497,0.458709,1.2497,0.458709,
1763897281770,1.24969,0.45871,1.24969,0.45871,
1763897281818,1.24969,0.45871,1.24969,0.45871,
1763897281845,1.24969,0.458711,1.24969,0.458711,
1763897281883,1.24969,0.458711,1.24969,0.458711,
1763897281925,1.24969,0.458711,1.24969,0.458711,
1763897281967,1.24969,0.458712,1.24969,0.458712,
1763897282001,1.24969,0.458712,1.24969,0.458712,
1763897282035,1.24969,0.458713,1.24969,0.458713,
1763897282079,1.24968,0.458713,1.24968,0.458713,
1763897282116,1.24968,0.458713,1.24968,0.458713,
1763897282155,1.24968,0.458714,1.24968,0.458714,
1763897282195,1.24968,0.458714,1.24968,0.458714,
1763897282238,1.24968,0.458714,1.24968,0.458714,
1763897282269,1.24968,0.458715,1.24968,0.458715,
1763897282312,1.24968,0.458715,1.24968,0.458715,
1763897282350,1.24968,0.458716,1.24968,0.458716,
1763897282385,1.24967,0.458716,1.24967,0.458716,
1763897282431,1.24967,0.458717,1.24967,0.458717,
1763897282472,1.24967,0.458717,1.24967,0.458717,
1763897282505,1.24967,0.458717,1.24967,0.458717,
1763897282533,1.24967,0.458718,1.24967,0.458718,
1763897282573,1.24967,0.458718,1.24967,0.458718,
1763897282606,1.24967,0.458719,1.24967,0.458719,
1763897282640,1.24967,0.458719,1.24967,0.458719,
1763897282687,1.24966,0.45872,1.24966,0.458719,
1763897282722,1.24966,0.45872,1.24966,0.45872,
1763897282756,1.24966,0.45872,1.24966,0.45872,
1763897282800,1.24966,0.458721,1.24966,0.458721,
1763897282848,1.24966,0.458721,1.24966,0.458721,
1763897282883,1.24966,0.458721,1.24966,0.458721,
1763897282919,1.24966,0.458722,1.24966,0.458722,
1763897282957,1.24966,0.458722,1.24966,0.458722,
1763897282989,1.24965,0.458722,1.24965,0.458722,
1763897283034,1.24965,0.458723,1.24965,0.458723,
1763897283068,1.24965,0.458723,1.24965,0.458723,
1763897283102,1.24965,0.458724,1.24965,0.458724,
1763897283149,1.24965,0.458724,1.24965,0.458724,
1763897283176,1.24965,0.458725,1.24965,0.458725,
1763897283214,1.24965,0.458725,1.24965,0.458725,
1763897283250,1.24965,0.458725,1.24965,0.458725,
1763897283290,1.24964,0.458726,1.24964,0.458726,
1763897283338,1.24964,0.458726,1.24964,0.458726,
1763897283371,1.24964,0.458727,1.24964,0.458727,
1763897283404,1.24964,0.458727,1.24964,0.458727,
1763897283435,1.24964,0.458727,1.24964,0.458727,
1763897283487,1.24964,0.458728,1.24964,0.458728,
1763897283525,1.24964,0.458728,1.24964,0.458728,
1763897283558,1.24964,0.458729,1.24964,0.458729,
1763897283602,1.24963,0.458729,1.24963,0.458729,
1763897283640,1.24963,0.458729,1.24963,0.458729,
1763897283670,1.24963,0.45873,1.24963,0.45873,
1763897283714,1.24963,0.45873,1.24963,0.45873,
1763897283744,1.24963,0.458731,1.24963,0.458731,
1763897283777,1.24963,0.458731,1.24963,0.458731,
1763897283822,1.24963,0.458731,1.24963,0.458731,
1763897283859,1.24963,0.458732,1.24963,0.458732,
1763897283887,1.24962,0.458732,1.24962,0.458732,
1763897283932,1.24962,0.458733,1.24962,0.458733,
1763897283987,1.24962,0.458733,1.24962,0.458733,
1763897284027,1.24962,0.458734,1.24962,0.458733,
1763897284063,1.24962,0.458734,1.24962,0.458734,
1763897284091,1.24962,0.458734,1.24962,0.458734,
1763897284124,1.24962,0.458735,1.24962,0.458735,
1763897284162,1.24962,0.458735,1.24962,0.458735,
1763897284193,1.24961,0.458736,1.24961,0.458736,
1763897284229,1.24961,0.458736,1.24961,0.458736,
1763897284274,1.24961,0.458736,1.24961,0.458736,
1763897284310,1.24961,0.458737,1.24961,0.458737,
1763897284353,1.24961,0.458737,1.24961,0.458737,
1763897284396,1.24961,0.458737,1.24961,0.458737,
1763897284436,1.24961,0.458738,1.24961,0.458738,
1763897284467,1.24961,0.458738,1.24961,0.458738,
1763897284504,1.2496,0.458739,1.2496,0.458739,
1763897284544,1.2496,0.458739,1.2496,0.458739,
1763897284578,1.2496,0.458739,1.2496,0.458739,
1763897284623,1.2496,0.45874,1.2496,0.45874,
1763897284659,1.2496,0.45874,1.2496,0.45874,
1763897284694,1.2496,0.458741,1.2496,0.458741,
1763897284726,1.2496,0.458741,1.2496,0.458741,
1763897284766,1.2496,0.458741,1.2496,0.458741,
1763897284804,1.24959,0.458742,1.24959,0.458742,
1763897284839,1.24959,0.458742,1.24959,0.458742,
1763897284872,1.24959,0.458743,1.24959,0.458743,
1763897284916,1.24959,0.458743,1.24959,0.458743,
1763897284954,1.24959,0.458743,1.24959,0.458743,
1763897284992,1.24959,0.458744,1.24959,0.458744,
1763897285030,1.24959,0.458744,1.24959,0.458744,
1763897285072,1.24959,0.458745,1.24959,0.458745,
1763897285104,1.24958,0.458745,1.24958,0.458745,
1763897285140,1.24958,0.458745,1.24958,0.458745,
1763897285173,1.24958,0.458746,1.24958,0.458746,
1763897285217,1.24958,0.458746,1.24958,0.458746,
1763897285259,1.24958,0.458746,1.24958,0.458746,
1763897285287,1.24958,0.458747,1.24958,0.458747,
1763897285329,1.24958,0.458747,1.24958,0.458747,
1763897285362,1.24958,0.458748,1.24958,0.458748,
1763897285391,1.24957,0.458748,1.24957,0.458748,
1763897285430,1.24957,0.458749,1.24957,0.458749,
1763897285457,1.24957,0.458749,1.24957,0.458749,
1763897285500,1.24957,0.458749,1.24957,0.458749,
1763897285540,1.24957,0.45875,1.24957,0.45875,
1763897285573,1.24957,0.45875,1.24957,0.45875,
1763897285607,1.24957,0.458751,1.24957,0.458751,
1763897285648,1.24957,0.458751,1.24957,0.458751,
1763897285677,1.24956,0.458752,1.24956,0.458752,
1763897285712,1.24956,0.458752,1.24956,0.458752,
1763897285763,1.24956,0.458752,1.24956,0.458752,
1763897285800,1.24956,0.458752,1.24956,0.458753,
1763897285837,1.24956,0.458753,1.24956,0.458753,
1763897285873,1.24956,0.458753,1.24956,0.458753,
1763897285910,1.24956,0.458754,1.24956,0.458754,
1763897285944,1.24956,0.458754,1.24956,0.458754,
1763897285980,1.24955,0.458755,1.24955,0.458755,
1763897286022,1.24955,0.458755,1.24955,0.458755,
1763897286049,1.24955,0.458755,1.24955,0.458755,
1763897286087,1.24955,0.458756,1.24955,0.458756,
1763897286135,1.24955,0.458756,1.24955,0.458756,
1763897286172,1.24955,0.458757,1.24955,0.458757,
1763897286205,1.24955,0.458757,1.24955,0.458757,
1763897286240,1.24955,0.458757,1.24954,0.458757,
1763897286282,1.24954,0.458758,1.24954,0.458758,
1763897286319,1.24954,0.458758,1.24954,0.458758,
1763897286353,1.24954,0.458759,1.24954,0.458759,
1763897286393,1.24954,0.458759,1.24954,0.458759,
1763897286431,1.24954,0.458759,1.24954,0.458759,
1763897286464,1.24954,0.45876,1.24954,0.45876,
1763897286505,1.24954,0.45876,1.24954,0.45876,
1763897286551,1.24953,0.458761,1.24953,0.458761,
1763897286572,1.24953,0.458761,1.24953,0.458761,
1763897286618,1.24953,0.458761,1.24953,0.458761,
1763897286657,1.24953,0.458762,1.24953,0.458762,
1763897286684,1.24953,0.458762,1.24953,0.458762,
1763897286725,1.24953,0.458763,1.24953,0.458763,
1763897286764,1.24953,0.458763,1.24953,0.458763,
1763897286799,1.24953,0.458763,1.24953,0.458763,
1763897286825,1.24952,0.458764,1.24953,0.458764,
1763897286855,1.24952,0.458764,1.24952,0.458764,
1763897286898,1.24952,0.458765,1.24952,0.458765,
1763897286940,1.24952,0.458765,1.24952,0.458765,
1763897286977,1.24952,0.458765,1.24952,0.458765,
1763897287021,1.24952,0.458766,1.24952,0.458766,
1763897287052,1.24952,0.458766,1.24952,0.458766,
1763897287092,1.24952,0.458767,1.24952,0.458767,
1763897287136,1.24951,0.458767,1.24952,0.458767,
1763897287174,1.24951,0.458767,1.24951,0.458767,
1763897287204,1.24951,0.458768,1.24951,0.458768,
1763897287240,1.24951,0.458768,1.24951,0.458768,
1763897287281,1.24951,0.458769,1.24951,0.458769,
1763897287318,1.24951,0.458769,1.24951,0.458769,
1763897287352,1.24951,0.458769,1.24951,0.458769,
1763897287391,1.24951,0.45877,1.24951,0.45877,
1763897287422,1.24951,0.45877,1.2495,0.45877,
1763897287456,1.2495,0.458771,1.2495,0.458771,
1763897287507,1.2495,0.458771,1.2495,0.458771,
1763897287540,1.2495,0.458771,1.2495,0.458772,
1763897287573,1.2495,0.458772,1.2495,0.458772,
1763897287618,1.2495,0.458772,1.2495,0.458772,
1763897287657,1.2495,0.458772,1.2495,0.458772,
1763897287689,1.2495,0.458773,1.2495,0.458773,
1763897287741,1.24949,0.458773,1.24949,0.458773,
1763897287781,1.24949,0.458774,1.24949,0.458774,
1763897287813,1.24949,0.458774,1.24949,0.458774,
1763897287857,1.24949,0.458775,1.24949,0.458775,
1763897287898,1.24949,0.458775,1.24949,0.458775,
1763897287946,1.24949,0.458775,1.24949,0.458775,
1763897287984,1.24949,0.458776,1.24949,0.458776,
1763897288017,1.24949,0.458776,1.24949,0.458776,
1763897288064,1.24948,0.458777,1.24948,0.458777,
1763897288103,1.24948,0.458777,1.24948,0.458777,
1763897288140,1.24948,0.458777,1.24948,0.458777,
1763897288171,1.24948,0.458778,1.24948,0.458778,
1763897288206,1.24948,0.458778,1.24948,0.458778,
1763897288241,1.24948,0.458779,1.24948,0.458779,
1763897288287,1.24948,0.458779,1.24948,0.458779,
1763897288322,1.24948,0.458779,1.24948,0.458779,
1763897288352,1.24948,0.45878,1.24948,0.45878,
1763897288399,1.24947,0.45878,1.24947,0.45878,
1763897288436,1.24947,0.458781,1.24947,0.458781,
1763897288475,1.24947,0.458781,1.24947,0.458781,
1763897288513,1.24947,0.458781,1.24947,0.458781,
1763897288547,1.24947,0.458782,1.24947,0.458782,
1763897288590,1.24947,0.458782,1.24947,0.458782,
1763897288639,1.24947,0.458783,1.24947,0.458783,
1763897288674,1.24946,0.458783,1.24946,0.458783,
1763897288709,1.24946,0.458783,1.24946,0.458783,
1763897288750,1.24946,0.458784,1.24946,0.458784,
1763897288784,1.24946,0.458784,1.24946,0.458784,
1763897288835,1.24946,0.458785,1.24946,0.458785,
1763897288865,1.24946,0.458785,1.24946,0.458785,
1763897288907,1.24946,0.458785,1.24946,0.458785,
1763897288940,1.24946,0.458786,1.24946,0.458786,
1763897288986,1.24945,0.458786,1.24945,0.458786,
1763897289027,1.24945,0.458787,1.24945,0.458787,
1763897289058,1.24945,0.458787,1.24945,0.458787,
1763897289103,1.24945,0.458788,1.24945,0.458788,
1763897289133,1.24945,0.458788,1.24945,0.458788,
1763897289166,1.24945,0.458788,1.24945,0.458788,
1763897289215,1.24945,0.458789,1.24945,0.458789,
1763897289262,1.24945,0.458789,1.24945,0.458789,
1763897289295,1.24944,0.458789,1.24944,0.458789,
1763897289322,1.24944,0.45879,1.24944,0.45879,
1763897289351,1.24944,0.45879,1.24944,0.45879,
1763897289388,1.24944,0.458791,1.24944,0.458791,
1763897289437,1.24944,0.458791,1.24944,0.458791,
1763897289462,1.24944,0.458792,1.24944,0.458792,
1763897289502,1.24944,0.458792,1.24944,0.458792,
1763897289531,1.24944,0.458792,1.24944,0.458792,
1763897289567,1.24943,0.458792,1.24943,0.458792,
1763897289609,1.24943,0.458793,1.24943,0.458793,
1763897289647,1.24943,0.458793,1.24943,0.458793,
1763897289687,1.24943,0.458794,1.24943,0.458794,
1763897289727,1.24943,0.458794,1.24943,0.458794,
1763897289763,1.24943,0.458795,1.24943,0.458795,
1763897289809,1.24943,0.458795,1.24943,0.458795,
1763897289851,1.24943,0.458795,1.24943,0.458795,
1763897289897,1.24942,0.458796,1.24942,0.458796,
1763897289930,1.24942,0.458796,1.24942,0.458796,
1763897289966,1.24942,0.458797,1.24942,0.458797,
1763897290003,1.24942,0.458797,1.24942,0.458797,
1763897290037,1.24942,0.458797,1.24942,0.458797,
1763897290072,1.24942,0.458798,1.24942,0.458798,
1763897290107,1.24942,0.458798,1.24942,0.458798,
1763897290139,1.24942,0.458799,1.24942,0.458799,
1763897290182,1.24941,0.458799,1.24941,0.458799,
1763897290223,1.24941,0.458799,1.24941,0.458799,
1763897290250,1.24941,0.4588,1.24941,0.4588,
1763897290288,1.24941,0.4588,1.24941,0.4588,
1763897290324,1.24941,0.458801,1.24941,0.458801,
1763897290365,1.24941,0.458801,1.24941,0.458801,
1763897290398,1.24941,0.458801,1.24941,0.458801,
1763897290435,1.24941,0.458802,1.24941,0.458802,
1763897290475,1.2494,0.458802,1.2494,0.458802,
1763897290504,1.2494,0.458803,1.2494,0.458803,
1763897290552,1.2494,0.458803,1.2494,0.458803,
1763897290579,1.2494,0.458803,1.2494,0.458803,
1763897290625,1.2494,0.458804,1.2494,0.458804,
1763897290671,1.2494,0.458804,1.2494,0.458804,
1763897290700,1.2494,0.458805,1.2494,0.458805,
1763897290743,1.2494,0.458805,1.2494,0.458805,
1763897290775,1.24939,0.458806,1.24939,0.458806,
1763897290814,1.24939,0.458806,1.24939,0.458806,
1763897290859,1.24939,0.458806,1.24939,0.458806,
1763897290882,1.24939,0.458807,1.24939,0.458807,
1763897290915,1.24939,0.458807,1.24939,0.458807,
1763897290952,1.24939,0.458807,1.24939,0.458807,
1763897290989,1.24939,0.458808,1.24939,0.458808,
1763897291020,1.24939,0.458808,1.24939,0.458808,
1763897291061,1.24938,0.458809,1.24938,0.458809,
1763897291105,1.24938,0.458809,1.24938,0.458809,
1763897291147,1.24938,0.458809,1.24938,0.458809,
1763897291186,1.24938,0.45881,1.24938,0.45881,
1763897291216,1.24938,0.45881,1.24938,0.45881,
1763897291255,1.24938,0.458811,1.24938,0.458811,
1763897291294,1.24938,0.458811,1.24938,0.458811,
1763897291334,1.24938,0.458811,1.24938,0.458811,
1763897291369,1.24937,0.458812,1.24937,0.458812,
1763897291401,1.24937,0.458812,1.24937,0.458812,
1763897291440,1.24937,0.458813,1.24937,0.458813,
1763897291468,1.24937,0.458813,1.24937,0.458813,
1763897291508,1.24937,0.458813,1.24937,0.458813,
1763897291546,1.24937,0.458814,1.24937,0.458814,
1763897291587,1.24937,0.458814,1.24937,0.458814,
1763897291627,1.24937,0.458815,1.24937,0.458815,
1763897291672,1.24936,0.458815,1.24936,0.458815,
1763897291700,1.24936,0.458815,1.24936,0.458815,
1763897291733,1.24936,0.458816,1.24936,0.458816,
1763897291779,1.24936,0.458816,1.24936,0.458816,
1763897291805,1.24936,0.458817,1.24936,0.458817,
1763897291852,1.24936,0.458817,1.24936,0.458817,
1763897291884,1.24936,0.458818,1.24936,0.458817,
1763897291919,1.24936,0.458818,1.24936,0.458818,
1763897291963,1.24935,0.458818,1.24935,0.458818,
1763897291987,1.24935,0.458819,1.24935,0.458819,
1763897292021,1.24935,0.458819,1.24935,0.458819,
1763897292054,1.24935,0.458819,1.24935,0.458819,
1763897292094,1.24935,0.45882,1.24935,0.45882,
1763897292129,1.24935,0.45882,1.24935,0.45882,
1763897292175,1.24935,0.458821,1.24935,0.458821,
1763897292214,1.24935,0.458821,1.24935,0.458821,
1763897292244,1.24934,0.458821,1.24934,0.458821,
1763897292295,1.24934,0.458822,1.24934,0.458822,
1763897292329,1.24934,0.458822,1.24934,0.458822,
1763897292360,1.24934,0.458823,1.24934,0.458823,
1763897292405,1.24934,0.458823,1.24934,0.458823,
1763897292432,1.24934,0.458823,1.24934,0.458823,
1763897292468,1.24934,0.458824,1.24934,0.458824,
1763897292515,1.24934,0.458824,1.24934,0.458824,
1763897292566,1.24933,0.458825,1.24933,0.458825,
1763897292607,1.24933,0.458825,1.24933,0.458825,
1763897292636,1.24933,0.458825,1.24933,0.458825,
1763897292673,1.24933,0.458826,1.24933,0.458826,
1763897292708,1.24933,0.458826,1.24933,0.458826,
1763897292744,1.24933,0.458827,1.24933,0.458827,
1763897292782,1.24933,0.458827,1.24933,0.458827,
1763897292815,1.24933,0.458827,1.24933,0.458827,
1763897292848,1.24932,0.458828,1.24932,0.458828,
1763897292884,1.24932,0.458828,1.24932,0.458828,
1763897292919,1.24932,0.458829,1.24932,0.458829,
1763897292958,1.24932,0.458829,1.24932,0.458829,
1763897292989,1.24932,0.45883,1.24932,0.45883,
1763897293030,1.24932,0.45883,1.24932,0.45883,
1763897293073,1.24932,0.45883,1.24932,0.45883,
1763897293102,1.24932,0.458831,1.24932,0.458831,
1763897293140,1.24931,0.458831,1.24931,0.458831,
1763897293174,1.24931,0.458831,1.24931,0.458831,
1763897293208,1.24931,0.458832,1.24931,0.458832,
1763897293241,1.24931,0.458832,1.24931,0.458832,
1763897293278,1.24931,0.458833,1.24931,0.458833,
1763897293318,1.24931,0.458833,1.24931,0.458833,
1763897293357,1.24931,0.458833,1.24931,0.458833,
1763897293390,1.24931,0.458834,1.24931,0.458834,
1763897293431,1.2493,0.458834,1.2493,0.458834,
1763897293467,1.2493,0.458835,1.2493,0.458835,
1763897293501,1.2493,0.458835,1.2493,0.458835,
1763897293547,1.2493,0.458835,1.2493,0.458835,
1763897293582,1.2493,0.458836,1.2493,0.458836,
1763897293616,1.2493,0.458836,1.2493,0.458836,
1763897293659,1.2493,0.458837,1.2493,0.458837,
1763897293692,1.2493,0.458837,1.2493,0.458837,
1763897293722,1.24929,0.458837,1.24929,0.458837,
1763897293769,1.24929,0.458838,1.24929,0.458838,
1763897293803,1.24929,0.458838,1.24929,0.458838,
1763897293836,1.24929,0.458839,1.24929,0.458839,
1763897293880,1.24929,0.458839,1.24929,0.458839,
1763897293923,1.24929,0.458839,1.24929,0.458839,
1763897293954,1.24929,0.45884,1.24929,0.45884,
1763897293996,1.24929,0.45884,1.24929,0.45884,
1763897294037,1.24928,0.458841,1.24928,0.458841,
1763897294083,1.24928,0.458841,1.24928,0.458841,
1763897294130,1.24928,0.458842,1.24928,0.458842,
1763897294183,1.24928,0.458842,1.24928,0.458842,
1763897294220,1.24928,0.458842,1.24928,0.458842,
1763897294268,1.24928,0.458843,1.24928,0.458843,
1763897294316,1.24928,0.458843,1.24928,0.458843,
1763897294341,1.24928,0.458843,1.24928,0.458843,
1763897294379,1.24927,0.458844,1.24927,0.458844,
1763897294404,1.24927,0.458844,1.24927,0.458844,
1763897294447,1.24927,0.458845,1.24927,0.458845,
1763897294479,1.24927,0.458845,1.24927,0.458845,
1763897294511,1.24927,0.458845,1.24927,0.458845,
1763897294548,1.24927,0.458846,1.24927,0.458846,
1763897294591,1.24927,0.458846,1.24927,0.458846,
1763897294640,1.24927,0.458847,1.24927,0.458847,
1763897294668,1.24926,0.458847,1.24926,0.458847,
1763897294703,1.24926,0.458847,1.24926,0.458847,
1763897294739,1.24926,0.458848,1.24926,0.458848,
1763897294772,1.24926,0.458848,1.24926,0.458848,
1763897294819,1.24926,0.458849,1.24926,0.458849,
1763897294865,1.24926,0.458849,1.24926,0.458849,
1763897294903,1.24926,0.45885,1.24926,0.45885,
1763897294935,1.24926,0.45885,1.24926,0.45885,
1763897294975,1.24925,0.45885,1.24925,0.45885,
1763897295020,1.24925,0.458851,1.24925,0.458851,
1763897295047,1.24925,0.458851,1.24925,0.458851,
1763897295086,1.24925,0.458851,1.24925,0.458851,
1763897295125,1.24925,0.458852,1.24925,0.458852,
1763897295169,1.24925,0.458852,1.24925,0.458852,
1763897295200,1.24925,0.458853,1.24925,0.458853,
1763897295238,1.24925,0.458853,1.24925,0.458853,
1763897295289,1.24924,0.458854,1.24924,0.458854,
1763897295334,1.24924,0.458854,1.24924,0.458854,
1763897295371,1.24924,0.458854,1.24924,0.458854,
1763897295402,1.24924,0.458855,1.24924,0.458855,
1763897295445,1.24924,0.458855,1.24924,0.458855,
1763897295476,1.24924,0.458856,1.24924,0.458856,
1763897295516,1.24924,0.458856,1.24924,0.458856,
1763897295557,1.24924,0.458856,1.24924,0.458856,
1763897295600,1.24923,0.458857,1.24923,0.458857,
1763897295641,1.24923,0.458857,1.24923,0.458857,
1763897295678,1.24923,0.458858,1.24923,0.458858,
1763897295715,1.24923,0.458858,1.24923,0.458858,
1763897295750,1.24923,0.458858,1.24923,0.458858,
1763897295793,1.24923,0.458859,1.24923,0.458859,
1763897295827,1.24923,0.458859,1.24923,0.458859,
1763897295861,1.24923,0.458859,1.24923,0.458859,
1763897295904,1.24922,0.45886,1.24922,0.45886,
1763897295934,1.24922,0.45886,1.24922,0.45886,
1763897295972,1.24922,0.458861,1.24922,0.458861,
1763897296014,1.24922,0.458861,1.24922,0.458861,
1763897296049,1.24922,0.458861,1.24922,0.458861,
1763897296083,1.24922,0.458862,1.24922,0.458862,
1763897296128,1.24922,0.458862,1.24922,0.458862,
1763897296179,1.24922,0.458863,1.24922,0.458863,
1763897296209,1.24921,0.458863,1.24921,0.458863,
1763897296243,1.24921,0.458864,1.24921,0.458864,
1763897296279,1.24921,0.458864,1.24921,0.458864,
1763897296310,1.24921,0.458864,1.24921,0.458864,
1763897296348,1.24921,0.458865,1.24921,0.458865,
1763897296388,1.24921,0.458865,1.24921,0.458865,
1763897296432,1.24921,0.458865,1.24921,0.458865,
1763897296474,1.24921,0.458866,1.24921,0.458866,
1763897296520,1.2492,0.458866,1.2492,0.458866,
1763897296560,1.2492,0.458867,1.2492,0.458867,
1763897296596,1.2492,0.458867,1.2492,0.458867,
1763897296630,1.2492,0.458868,1.2492,0.458868,
1763897296670,1.2492,0.458868,1.2492,0.458868,
1763897296704,1.2492,0.458869,1.2492,0.458868,
1763897296739,1.2492,0.458869,1.2492,0.458869,
1763897296764,1.2492,0.458869,1.2492,0.458869,
1763897296810,1.24919,0.458869,1.24919,0.458869,
1763897296859,1.24919,0.45887,1.24919,0.45887,
1763897296895,1.24919,0.45887,1.24919,0.45887,
1763897296929,1.24919,0.458871,1.24919,0.458871,
1763897296964,1.24919,0.458871,1.24919,0.458871,
1763897297004,1.24919,0.458872,1.24919,0.458872,
1763897297051,1.24919,0.458872,1.24919,0.458872,
1763897297095,1.24919,0.458872,1.24919,0.458872,
1763897297136,1.24918,0.458872,1.24918,0.458872,
1763897297187,1.24918,0.458873,1.24918,0.458873,
1763897297231,1.24918,0.458873,1.24918,0.458873,
1763897297267,1.24918,0.458874,1.24918,0.458874,
1763897297309,1.24918,0.458875,1.24918,0.458874,
1763897297341,1.24918,0.458875,1.24918,0.458875,
1763897297380,1.24918,0.458875,1.24918,0.458875,
1763897297420,1.24918,0.458875,1.24918,0.458875,
1763897297459,1.24917,0.458876,1.24917,0.458876,
1763897297489,1.24917,0.458876,1.24917,0.458876,
1763897297529,1.24917,0.458877,1.24917,0.458877,
1763897297577,1.24917,0.458877,1.24917,0.458877,
1763897297614,1.24917,0.458877,1.24917,0.458877,
1763897297650,1.24917,0.458878,1.24917,0.458878,
1763897297684,1.24917,0.458878,1.24917,0.458878,
1763897297725,1.24917,0.458879,1.24917,0.458879,
1763897297771,1.24916,0.458879,1.24916,0.458879,
1763897297803,1.24916,0.458879,1.24916,0.458879,
1763897297838,1.24916,0.45888,1.24916,0.45888,
1763897297879,1.24916,0.45888,1.24916,0.45888,
1763897297912,1.24916,0.458881,1.24916,0.458881,
1763897297947,1.24916,0.458881,1.24916,0.458881,
1763897297981,1.24916,0.458882,1.24916,0.458882,
1763897298018,1.24916,0.458882,1.24916,0.458882,
1763897298051,1.24915,0.458882,1.24915,0.458882,
1763897298087,1.24915,0.458883,1.24915,0.458883,
1763897298134,1.24915,0.458883,1.24915,0.458883,
1763897298183,1.24915,0.458883,1.24915,0.458883,
1763897298225,1.24915,0.458884,1.24915,0.458884,
1763897298266,1.24915,0.458884,1.24915,0.458884,
1763897298302,1.24915,0.458885,1.24915,0.458885,
1763897298333,1.24915,0.458885,1.24915,0.458885,
1763897298375,1.24914,0.458886,1.24914,0.458886,
1763897298414,1.24914,0.458886,1.24914,0.458886,
1763897298447,1.24914,0.458886,1.24914,0.458886,
1763897298494,1.24914,0.458887,1.24914,0.458887,
1763897298523,1.24914,0.458887,1.24914,0.458887,
1763897298564,1.24914,0.458887,1.24914,0.458887,
1763897298613,1.24914,0.458888,1.24914,0.458888,
1763897298645,1.24914,0.458888,1.24914,0.458888,
1763897298687,1.24913,0.458889,1.24913,0.458889,
1763897298731,1.24913,0.458889,1.24913,0.458889,
1763897298766,1.24913,0.45889,1.24913,0.45889,
1763897298812,1.24913,0.45889,1.24913,0.45889,
1763897298843,1.24913,0.45889,1.24913,0.45889,
1763897298879,1.24913,0.458891,1.24913,0.458891,
1763897298919,1.24913,0.458891,1.24913,0.458891,
1763897298946,1.24913,0.458891,1.24913,0.458892,
1763897298994,1.24912,0.458892,1.24912,0.458892,
1763897299031,1.24912,0.458892,1.24912,0.458892,
1763897299064,1.24912,0.458892,1.24912,0.458892,
1763897299107,1.24912,0.458893,1.24912,0.458893,
1763897299147,1.24912,0.458893,1.24912,0.458893,
1763897299196,1.24912,0.458894,1.24912,0.458894,
1763897299230,1.24912,0.458894,1.24912,0.458894,
1763897299260,1.24912,0.458895,1.24912,0.458895,
1763897299293,1.24911,0.458895,1.24911,0.458895,
1763897299340,1.24911,0.458896,1.24911,0.458896,
1763897299383,1.24911,0.458896,1.24911,0.458896,
1763897299421,1.24911,0.458896,1.24911,0.458896,
1763897299461,1.24911,0.458897,1.24911,0.458897,
1763897299493,1.24911,0.458897,1.24911,0.458897,
1763897299525,1.24911,0.458898,1.24911,0.458898,
1763897299568,1.24911,0.458898,1.24911,0.458898,
1763897299617,1.2491,0.458898,1.2491,0.458898,
1763897299646,1.2491,0.458899,1.2491,0.458899,
1763897299682,1.2491,0.458899,1.2491,0.458899,
1763897299714,1.2491,0.458899,1.2491,0.458899,
1763897299760,1.2491,0.458899,1.2491,0.4589,
1763897299790,1.2491,0.4589,1.2491,0.4589,
1763897299825,1.2491,0.458901,1.2491,0.458901,
1763897299859,1.2491,0.458901,1.2491,0.458901,
1763897299893,1.24909,0.458902,1.24909,0.458902,
1763897299933,1.24909,0.458902,1.24909,0.458902,
1763897299976,1.24909,0.458902,1.24909,0.458902,
1763897300013,1.24909,0.458903,1.24909,0.458903,
1763897300058,1.24909,0.458903,1.24909,0.458903,
1763897300104,1.24909,0.458903,1.24909,0.458903,
1763897300137,1.24909,0.458904,1.24909,0.458904,
1763897300179,1.24909,0.458904,1.24909,0.458904,
1763897300214,1.24908,0.458905,1.24908,0.458905,
1763897300245,1.24908,0.458905,1.24908,0.458905,
1763897300285,1.24908,0.458905,1.24908,0.458905,
1763897300316,1.24908,0.458906,1.24908,0.458906,
1763897300356,1.24908,0.458906,1.24908,0.458906,
1763897300400,1.24908,0.458907,1.24908,0.458907,
1763897300440,1.24908,0.458907,1.24908,0.458907,
1763897300469,1.24907,0.458907,1.24907,0.458907,
1763897300509,1.24907,0.458908,1.24907,0.458908,
1763897300548,1.24907,0.458908,1.24907,0.458908,
1763897300588,1.24907,0.458909,1.24907,0.458909,
1763897300619,1.24907,0.458909,1.24907,0.458909,
1763897300660,1.24907,0.45891,1.24907,0.458909,
1763897300695,1.24907,0.45891,1.24907,0.45891,
1763897300744,1.24907,0.45891,1.24907,0.45891,
1763897300780,1.24906,0.458911,1.24906,0.458911,
1763897300814,1.24906,0.458911,1.24906,0.458911,
1763897300859,1.24906,0.458911,1.24906,0.458911,
1763897300900,1.24906,0.458912,1.24906,0.458912,
1763897300938,1.24906,0.458912,1.24906,0.458912,
1763897300975,1.24906,0.458913,1.24906,0.458913,
1763897301007,1.24906,0.458913,1.24906,0.458913,
1763897301044,1.24906,0.458914,1.24906,0.458914,
1763897301092,1.24905,0.458914,1.24905,0.458914,
1763897301128,1.24905,0.458914,1.24905,0.458914,
1763897301167,1.24905,0.458915,1.24905,0.458915,
1763897301210,1.24905,0.458915,1.24905,0.458915,
1763897301244,1.24905,0.458915,1.24905,0.458915,
1763897301284,1.24905,0.458916,1.24905,0.458916,
1763897301322,1.24905,0.458916,1.24905,0.458916,
1763897301366,1.24905,0.458917,1.24905,0.458917,
1763897301400,1.24904,0.458917,1.24904,0.458917,
1763897301435,1.24904,0.458918,1.24904,0.458918,
1763897301475,1.24904,0.458918,1.24904,0.458918,
1763897301509,1.24904,0.458918,1.24904,0.458918,
1763897301545,1.24904,0.458919,1.24904,0.458919,
1763897301590,1.24904,0.458919,1.24904,0.458919,
1763897301631,1.24904,0.458919,1.24904,0.458919,
1763897301676,1.24904,0.45892,1.24904,0.45892,
1763897301718,1.24903,0.45892,1.24903,0.45892,
1763897301752,1.24903,0.458921,1.24903,0.458921,
1763897301798,1.24903,0.458921,1.24903,0.458921,
1763897301832,1.24903,0.458921,1.24903,0.458921,
1763897301861,1.24903,0.458922,1.24903,0.458922,
1763897301912,1.24903,0.458922,1.24903,0.458922,
1763897301951,1.24903,0.458923,1.24903,0.458923,
1763897302004,1.24903,0.458923,1.24903,0.458923,
1763897302025,1.24902,0.458924,1.24902,0.458924,
1763897302064,1.24902,0.458924,1.24902,0.458924,
1763897302106,1.24902,0.458924,1.24902,0.458924,
1763897302133,1.24902,0.458925,1.24902,0.458925,
1763897302172,1.24902,0.458925,1.24902,0.458925,
1763897302200,1.24902,0.458925,1.24902,0.458925,
1763897302247,1.24902,0.458926,1.24902,0.458926,
1763897302280,1.24902,0.458926,1.24902,0.458926,
1763897302317,1.24901,0.458927,1.24901,0.458927,
1763897302355,1.24901,0.458927,1.24901,0.458927,
1763897302385,1.24901,0.458927,1.24901,0.458927,
1763897302427,1.24901,0.458928,1.24901,0.458928,
1763897302464,1.24901,0.458928,1.24901,0.458928,
1763897302489,1.24901,0.458929,1.24901,0.458929,
1763897302532,1.24901,0.458929,1.24901,0.458929,
1763897302578,1.24901,0.458929,1.24901,0.458929,
1763897302605,1.249,0.45893,1.249,0.45893,
1763897302636,1.249,0.45893,1.249,0.45893,
1763897302673,1.249,0.458931,1.249,0.458931,
1763897302709,1.249,0.458931,1.249,0.458931,
1763897302759,1.249,0.458932,1.249,0.458931,
1763897302792,1.249,0.458932,1.249,0.458932,
1763897302824,1.249,0.458932,1.249,0.458932,
1763897302863,1.249,0.458933,1.249,0.458933,
1763897302900,1.24899,0.458933,1.24899,0.458933,
1763897302936,1.24899,0.458933,1.24899,0.458933,
1763897302970,1.24899,0.458934,1.24899,0.458934,
1763897303006,1.24899,0.458934,1.24899,0.458934,
1763897303041,1.24899,0.458935,1.24899,0.458935,
1763897303083,1.24899,0.458935,1.24899,0.458935,
1763897303116,1.24899,0.458936,1.24899,0.458936,
1763897303149,1.24899,0.458936,1.24899,0.458936,
1763897303191,1.24898,0.458936,1.24898,0.458936,
1763897303230,1.24898,0.458937,1.24898,0.458937,
1763897303275,1.24898,0.458937,1.24898,0.458937,
1763897303310,1.24898,0.458937,1.24898,0.458937,
1763897303345,1.24898,0.458938,1.24898,0.458938,
1763897303391,1.24898,0.458938,1.24898,0.458938,
1763897303424,1.24898,0.458939,1.24898,0.458939,
1763897303457,1.24898,0.458939,1.24898,0.458939,
1763897303496,1.24897,0.45894,1.24897,0.45894,
1763897303535,1.24897,0.45894,1.24897,0.45894,
1763897303568,1.24897,0.45894,1.24897,0.45894,
1763897303612,1.24897,0.458941,1.24897,0.458941,
1763897303642,1.24897,0.458941,1.24897,0.458941,
1763897303683,1.24897,0.458941,1.24897,0.458941,
1763897303723,1.24897,0.458942,1.24897,0.458942,
1763897303772,1.24897,0.458942,1.24897,0.458942,
1763897303803,1.24896,0.458943,1.24896,0.458943,
1763897303839,1.24896,0.458943,1.24896,0.458943,
1763897303890,1.24896,0.458943,1.24896,0.458943,
1763897303927,1.24896,0.458944,1.24896,0.458944,
1763897303958,1.24896,0.458944,1.24896,0.458944,
1763897303996,1.24896,0.458945,1.24896,0.458945,
1763897304035,1.24896,0.458945,1.24896,0.458945,
1763897304066,1.24896,0.458945,1.24896,0.458945,
1763897304097,1.24895,0.458946,1.24895,0.458946,
1763897304131,1.24895,0.458946,1.24895,0.458946,
1763897304167,1.24895,0.458947,1.24895,0.458947,
1763897304213,1.24895,0.458947,1.24895,0.458947,
1763897304251,1.24895,0.458947,1.24895,0.458947,
1763897304286,1.24895,0.458948,1.24895,0.458948,
1763897304326,1.24895,0.458948,1.24895,0.458948,
1763897304367,1.24895,0.458949,1.24895,0.458949,
1763897304400,1.24894,0.458949,1.24894,0.458949,
1763897304437,1.24894,0.458949,1.24894,0.458949,
1763897304471,1.24894,0.45895,1.24894,0.45895,
1763897304512,1.24894,0.45895,1.24894,0.45895,
1763897304551,1.24894,0.458951,1.24894,0.458951,
1763897304588,1.24894,0.458951,1.24894,0.458951,
1763897304627,1.24894,0.458951,1.24894,0.458951,
1763897304673,1.24894,0.458952,1.24894,0.458952,
1763897304710,1.24893,0.458952,1.24893,0.458952,
1763897304748,1.24893,0.458953,1.24893,0.458953,
1763897304789,1.24893,0.458953,1.24893,0.458953,
1763897304832,1.24893,0.458953,1.24893,0.458953,
1763897304866,1.24893,0.458954,1.24893,0.458954,
1763897304906,1.24893,0.458954,1.24893,0.458954,
1763897304948,1.24893,0.458955,1.24893,0.458955,
1763897304988,1.24893,0.458955,1.24893,0.458955,
1763897305030,1.24892,0.458956,1.24892,0.458956,
1763897305058,1.24892,0.458956,1.24892,0.458956,
1763897305096,1.24892,0.458956,1.24892,0.458956,
1763897305141,1.24892,0.458957,1.24892,0.458957,
1763897305187,1.24892,0.458957,1.24892,0.458957,
1763897305218,1.24892,0.458957,1.24892,0.458957,
1763897305259,1.24892,0.458958,1.24892,0.458958,
1763897305295,1.24892,0.458958,1.24892,0.458958,
1763897305326,1.24891,0.458959,1.24891,0.458959,
1763897305370,1.24891,0.458959,1.24891,0.458959,
1763897305404,1.24891,0.45896,1.24891,0.45896,
1763897305447,1.24891,0.45896,1.24891,0.45896,
1763897305487,1.24891,0.45896,1.24891,0.45896,
1763897305517,1.24891,0.45896,1.24891,0.458961,
1763897305553,1.24891,0.458961,1.24891,0.458961,
1763897305595,1.24891,0.458961,1.24891,0.458961,
1763897305631,1.2489,0.458962,1.2489,0.458962,
1763897305661,1.2489,0.458962,1.2489,0.458962,
1763897305698,1.2489,0.458963,1.2489,0.458963,
1763897305744,1.2489,0.458963,1.2489,0.458963,
1763897305789,1.2489,0.458963,1.2489,0.458963,
1763897305823,1.2489,0.458964,1.2489,0.458964,
1763897305866,1.2489,0.458964,1.2489,0.458964,
1763897305896,1.2489,0.458965,1.2489,0.458965,
1763897305935,1.24889,0.458965,1.24889,0.458965,
1763897305979,1.24889,0.458965,1.24889,0.458965,
1763897306010,1.24889,0.458966,1.24889,0.458966,
1763897306055,1.24889,0.458966,1.24889,0.458966,
1763897306088,1.24889,0.458967,1.24889,0.458967,
1763897306123,1.24889,0.458967,1.24889,0.458967,
1763897306159,1.24889,0.458967,1.24889,0.458967,
1763897306200,1.24889,0.458968,1.24889,0.458968,
1763897306235,1.24888,0.458968,1.24888,0.458968,
1763897306282,1.24888,0.458969,1.24888,0.458969,
1763897306308,1.24888,0.458969,1.24888,0.458969,
1763897306350,1.24888,0.458969,1.24888,0.458969,
1763897306383,1.24888,0.45897,1.24888,0.45897,
1763897306416,1.24888,0.45897,1.24888,0.45897,
1763897306462,1.24888,0.458971,1.24888,0.458971,
1763897306491,1.24888,0.458971,1.24888,0.458971,
1763897306536,1.24887,0.458972,1.24887,0.458972,
1763897306573,1.24887,0.458972,1.24887,0.458972,
1763897306615,1.24887,0.458972,1.24887,0.458972,
1763897306661,1.24887,0.458973,1.24887,0.458973,
1763897306711,1.24887,0.458973,1.24887,0.458973,
1763897306730,1.24887,0.458973,1.24887,0.458973,
1763897306777,1.24887,0.458974,1.24887,0.458974,
1763897306812,1.24887,0.458974,1.24887,0.458974,
1763897306840,1.24886,0.458974,1.24886,0.458974,
1763897306882,1.24886,0.458975,1.24886,0.458975,
1763897306916,1.24886,0.458975,1.24886,0.458975,
1763897306945,1.24886,0.458976,1.24886,0.458976,
1763897306992,1.24886,0.458976,1.24886,0.458976,
1763897307038,1.24886,0.458977,1.24886,0.458977,
1763897307065,1.24886,0.458977,1.24886,0.458977,
1763897307111,1.24886,0.458977,1.24886,0.458977,
1763897307140,1.24885,0.458978,1.24885,0.458978,
1763897307176,1.24885,0.458978,1.24885,0.458978,
1763897307206,1.24885,0.458979,1.24885,0.458979,
1763897307247,1.24885,0.458979,1.24885,0.458979,
1763897307295,1.24885,0.45898,1.24885,0.45898,
1763897307327,1.24885,0.45898,1.24885,0.45898,
1763897307359,1.24885,0.45898,1.24885,0.45898,
1763897307398,1.24885,0.458981,1.24885,0.458981,
1763897307439,1.24884,0.458981,1.24884,0.458981,
1763897307476,1.24884,0.458981,1.24884,0.458981,
1763897307506,1.24884,0.458982,1.24884,0.458982,
1763897307530,1.24884,0.458982,1.24884,0.458982,
1763897307574,1.24884,0.458983,1.24884,0.458983,
1763897307611,1.24884,0.458983,1.24884,0.458983,
1763897307645,1.24884,0.458983,1.24884,0.458983,
1763897307683,1.24884,0.458984,1.24884,0.458984,
1763897307721,1.24883,0.458984,1.24883,0.458984,
1763897307763,1.24883,0.458985,1.24883,0.458985,
1763897307795,1.24883,0.458985,1.24883,0.458985,
1763897307847,1.24883,0.458985,1.24883,0.458985,
1763897307881,1.24883,0.458986,1.24883,0.458986,
1763897307924,1.24883,0.458986,1.24883,0.458986,
1763897307955,1.24883,0.458987,1.24883,0.458987,
1763897307986,1.24883,0.458987,1.24883,0.458987,
1763897308030,1.24882,0.458987,1.24882,0.458987,
1763897308070,1.24882,0.458988,1.24882,0.458988,
1763897308102,1.24882,0.458988,1.24882,0.458988,
1763897308134,1.24882,0.458989,1.24882,0.458989,
1763897308159,1.24882,0.458989,1.24882,0.458989,
1763897308199,1.24882,0.458989,1.24882,0.458989,
1763897308240,1.24882,0.45899,1.24882,0.45899,
1763897308274,1.24882,0.45899,1.24882,0.45899,
1763897308314,1.24881,0.458991,1.24881,0.458991,
1763897308360,1.24881,0.458991,1.24881,0.458991,
1763897308399,1.24881,0.458991,1.24881,0.458991,
1763897308430,1.24881,0.458992,1.24881,0.458992,
1763897308475,1.24881,0.458992,1.24881,0.458992,
1763897308505,1.24881,0.458993,1.24881,0.458993,
1763897308541,1.24881,0.458993,1.24881,0.458993,
1763897308577,1.24881,0.458994,1.24881,0.458993,
1763897308613,1.2488,0.458994,1.2488,0.458994,
1763897308648,1.2488,0.458994,1.2488,0.458994,
1763897308684,1.2488,0.458995,1.2488,0.458995,
1763897308729,1.2488,0.458995,1.2488,0.458995,
1763897308776,1.2488,0.458995,1.2488,0.458995,
1763897308814,1.2488,0.458996,1.2488,0.458996,
1763897308856,1.2488,0.458996,1.2488,0.458996,
1763897308892,1.2488,0.458997,1.2488,0.458997,
1763897308935,1.24879,0.458997,1.24879,0.458997,
1763897308969,1.24879,0.458997,1.24879,0.458997,
1763897309004,1.24879,0.458998,1.24879,0.458998,
1763897309051,1.24879,0.458998,1.24879,0.458998,
1763897309097,1.24879,0.458999,1.24879,0.458999,
1763897309132,1.24879,0.458999,1.24879,0.458999,
1763897309172,1.24879,0.458999,1.24879,0.458999,
1763897309211,1.24879,0.459,1.24879,0.459,
1763897309254,1.24878,0.459,1.24878,0.459,
1763897309276,1.24878,0.459001,1.24878,0.459001,
1763897309316,1.24878,0.459001,1.24878,0.459001,
1763897309353,1.24878,0.459001,1.24878,0.459001,
1763897309405,1.24878,0.459002,1.24878,0.459002,
1763897309440,1.24878,0.459002,1.24878,0.459002,
1763897309473,1.24878,0.459003,1.24878,0.459003,
1763897309498,1.24878,0.459003,1.24878,0.459003,
1763897309537,1.24877,0.459003,1.24877,0.459003,
1763897309582,1.24877,0.459004,1.24877,0.459004,
1763897309619,1.24877,0.459004,1.24877,0.459004,
1763897309656,1.24877,0.459005,1.24877,0.459005,
1763897309690,1.24877,0.459005,1.24877,0.459005,
1763897309721,1.24877,0.459005,1.24877,0.459005,
1763897309767,1.24877,0.459006,1.24877,0.459006,
1763897309801,1.24877,0.459006,1.24877,0.459006,
1763897309831,1.24876,0.459007,1.24876,0.459007,
1763897309875,1.24876,0.459007,1.24876,0.459007,
1763897309914,1.24876,0.459008,1.24876,0.459008,
1763897309948,1.24876,0.459008,1.24876,0.459008,
1763897309985,1.24876,0.459008,1.24876,0.459008,
1763897310021,1.24876,0.459008,1.24876,0.459009,
1763897310061,1.24876,0.459009,1.24876,0.459009,
1763897310111,1.24876,0.459009,1.24876,0.459009,
1763897310137,1.24875,0.45901,1.24875,0.45901,
1763897310175,1.24875,0.45901,1.24875,0.45901,
1763897310216,1.24875,0.459011,1.24875,0.459011,
1763897310243,1.24875,0.459011,1.24875,0.459011,
1763897310275,1.24875,0.459012,1.24875,0.459012,
1763897310319,1.24875,0.459012,1.24875,0.459012,
1763897310347,1.24875,0.459012,1.24875,0.459012,
1763897310381,1.24875,0.459012,1.24875,0.459012,
1763897310431,1.24874,0.459013,1.24874,0.459013,
1763897310478,1.24874,0.459013,1.24874,0.459013,
1763897310506,1.24874,0.459014,1.24874,0.459014,
1763897310546,1.24874,0.459014,1.24874,0.459014,
1763897310590,1.24874,0.459015,1.24874,0.459015,
1763897310616,1.24874,0.459015,1.24874,0.459015,
1763897310653,1.24874,0.459015,1.24874,0.459015,
1763897310691,1.24874,0.459016,1.24874,0.459016,
1763897310733,1.24873,0.459016,1.24873,0.459016,
1763897310771,1.24873,0.459017,1.24873,0.459017,
1763897310806,1.24873,0.459017,1.24873,0.459017,
1763897310842,1.24873,0.459017,1.24873,0.459017,
1763897310901,1.24873,0.459018,1.24873,0.459018,
1763897310931,1.24873,0.459018,1.24873,0.459018,
1763897310967,1.24873,0.459019,1.24873,0.459019,
1763897311009,1.24873,0.459019,1.24873,0.459019,
1763897311046,1.24872,0.45902,1.24872,0.45902,
1763897311094,1.24872,0.45902,1.24872,0.45902,
1763897311136,1.24872,0.45902,1.24872,0.45902,
1763897311164,1.24872,0.459021,1.24872,0.459021,
1763897311209,1.24872,0.459021,1.24872,0.459021,
1763897311246,1.24872,0.459021,1.24872,0.459021,
1763897311280,1.24872,0.459022,1.24872,0.459022,
1763897311319,1.24872,0.459022,1.24872,0.459022,
1763897311359,1.24871,0.459023,1.24871,0.459023,
1763897311390,1.24871,0.459023,1.24871,0.459023,
1763897311425,1.24871,0.459023,1.24871,0.459023,
1763897311459,1.24871,0.459024,1.24871,0.459024,
1763897311504,1.24871,0.459024,1.24871,0.459024,
1763897311544,1.24871,0.459025,1.24871,0.459025,
1763897311596,1.24871,0.459025,1.24871,0.459025,
1763897311621,1.24871,0.459025,1.24871,0.459025,
1763897311655,1.2487,0.459026,1.2487,0.459026,
1763897311690,1.2487,0.459026,1.2487,0.459026,
1763897311731,1.2487,0.459027,1.2487,0.459027,
1763897311773,1.2487,0.459027,1.2487,0.459027,
1763897311815,1.2487,0.459027,1.2487,0.459027,
1763897311851,1.2487,0.459028,1.2487,0.459028,
1763897311885,1.2487,0.459028,1.2487,0.459028,
1763897311924,1.2487,0.459029,1.2487,0.459029,
1763897311964,1.24869,0.459029,1.24869,0.459029,
1763897312013,1.24869,0.459029,1.24869,0.459029,
1763897312046,1.24869,0.45903,1.24869,0.45903,
1763897312086,1.24869,0.45903,1.24869,0.45903,
1763897312110,1.24869,0.459031,1.24869,0.459031,
1763897312146,1.24869,0.459031,1.24869,0.459031,
1763897312180,1.24869,0.459031,1.24869,0.459031,
1763897312227,1.24869,0.459032,1.24869,0.459032,
1763897312268,1.24868,0.459032,1.24868,0.459032,
1763897312290,1.24868,0.459033,1.24868,0.459033,
1763897312330,1.24868,0.459033,1.24868,0.459033,
1763897312368,1.24868,0.459033,1.24868,0.459034,
1763897312410,1.24868,0.459034,1.24868,0.459034,
1763897312455,1.24868,0.459034,1.24868,0.459034,
1763897312485,1.24868,0.459034,1.24868,0.459034,
1763897312521,1.24867,0.459035,1.24867,0.459035,
1763897312559,1.24867,0.459035,1.24867,0.459035,
1763897312597,1.24867,0.459036,1.24867,0.459036,
1763897312625,1.24867,0.459036,1.24867,0.459036,
1763897312663,1.24867,0.459037,1.24867,0.459037,
1763897312707,1.24867,0.459037,1.24867,0.459037,
1763897312744,1.24867,0.459037,1.24867,0.459037,
1763897312777,1.24867,0.459038,1.24867,0.459038,
1763897312825,1.24867,0.459038,1.24867,0.459038,
1763897312867,1.24866,0.459039,1.24866,0.459039,
1763897312892,1.24866,0.459039,1.24866,0.459039,
1763897312929,1.24866,0.459039,1.24866,0.459039,
1763897312976,1.24866,0.45904,1.24866,0.45904,
1763897313009,1.24866,0.45904,1.24866,0.45904,
1763897313053,1.24866,0.459041,1.24866,0.459041,
1763897313086,1.24866,0.459041,1.24866,0.459041,
1763897313119,1.24866,0.459041,1.24866,0.459041,
1763897313153,1.24865,0.459042,1.24865,0.459042,
1763897313192,1.24865,0.459042,1.24865,0.459042,
1763897313229,1.24865,0.459043,1.24865,0.459043,
1763897313274,1.24865,0.459043,1.24865,0.459043,
1763897313313,1.24865,0.459043,1.24865,0.459043,
1763897313345,1.24865,0.459044,1.24865,0.459044,
1763897313390,1.24865,0.459044,1.24865,0.459044,
1763897313432,1.24865,0.459045,1.24865,0.459045,
1763897313463,1.24864,0.459045,1.24864,0.459045,
1763897313503,1.24864,0.459045,1.24864,0.459045,
1763897313547,1.24864,0.459046,1.24864,0.459046,
1763897313593,1.24864,0.459046,1.24864,0.459046,
1763897313643,1.24864,0.459046,1.24864,0.459046,
1763897313677,1.24864,0.459047,1.24864,0.459047,
1763897313710,1.24864,0.459047,1.24864,0.459047,
1763897313749,1.24863,0.459048,1.24863,0.459048,
1763897313780,1.24863,0.459048,1.24863,0.459048,
1763897313813,1.24863,0.459049,1.24863,0.459049,
1763897313852,1.24863,0.459049,1.24863,0.459049,
1763897313888,1.24863,0.459049,1.24863,0.459049,
1763897313923,1.24863,0.45905,1.24863,0.45905,
1763897313961,1.24863,0.45905,1.24863,0.45905,
1763897314003,1.24863,0.45905,1.24863,0.459051,
1763897314039,1.24862,0.459051,1.24862,0.459051,
1763897314094,1.24862,0.459051,1.24862,0.459051,
1763897314124,1.24862,0.459052,1.24862,0.459052,
1763897314166,1.24862,0.459052,1.24862,0.459052,
1763897314209,1.24862,0.459053,1.24862,0.459053,
1763897314254,1.24862,0.459053,1.24862,0.459053,
1763897314285,1.24862,0.459053,1.24862,0.459053,
1763897314328,1.24862,0.459054,1.24862,0.459054,
1763897314364,1.24861,0.459054,1.24861,0.459054,
1763897314401,1.24861,0.459055,1.24861,0.459055,
1763897314438,1.24861,0.459055,1.24861,0.459055,
1763897314473,1.24861,0.459056,1.24861,0.459055,
1763897314508,1.24861,0.459056,1.24861,0.459056,
1763897314548,1.24861,0.459056,1.24861,0.459056,
1763897314580,1.24861,0.459057,1.24861,0.459057,
1763897314619,1.24861,0.459057,1.24861,0.459057,
1763897314656,1.2486,0.459057,1.2486,0.459057,
1763897314699,1.2486,0.459058,1.2486,0.459058,
1763897314747,1.2486,0.459058,1.2486,0.459058,
1763897314770,1.2486,0.459059,1.2486,0.459059,
1763897314816,1.2486,0.459059,1.2486,0.459059,
1763897314854,1.2486,0.459059,1.2486,0.459059,
1763897314884,1.2486,0.45906,1.2486,0.45906,
1763897314919,1.2486,0.45906,1.2486,0.45906,
1763897314957,1.24859,0.459061,1.24859,0.45906,
1763897314997,1.24859,0.459061,1.24859,0.459061,
1763897315037,1.24859,0.459062,1.24859,0.459061,
1763897315083,1.24859,0.459062,1.24859,0.459062,
1763897315115,1.24859,0.459062,1.24859,0.459062,
1763897315166,1.24859,0.459062,1.24859,0.459063,
1763897315204,1.24859,0.459063,1.24859,0.459063,
1763897315235,1.24859,0.459063,1.24859,0.459063,
1763897315269,1.24858,0.459064,1.24858,0.459064,
1763897315322,1.24858,0.459064,1.24858,0.459064,
1763897315349,1.24858,0.459065,1.24858,0.459065,
1763897315381,1.24858,0.459065,1.24858,0.459065,
1763897315416,1.24858,0.459065,1.24858,0.459065,
1763897315459,1.24858,0.459066,1.24858,0.459066,
1763897315493,1.24858,0.459066,1.24858,0.459066,
1763897315533,1.24858,0.459066,1.24858,0.459066,
1763897315575,1.24857,0.459067,1.24857,0.459067,
1763897315622,1.24857,0.459067,1.24857,0.459067,
1763897315651,1.24857,0.459068,1.24857,0.459068,
1763897315684,1.24857,0.459068,1.24857,0.459068,
1763897315722,1.24857,0.459069,1.24857,0.459069,
1763897315763,1.24857,0.459069,1.24857,0.459069,
1763897315800,1.24857,0.459069,1.24857,0.459069,
1763897315840,1.24857,0.45907,1.24857,0.45907,
1763897315878,1.24856,0.45907,1.24856,0.45907,
1763897315921,1.24856,0.459071,1.24856,0.459071,
1763897315950,1.24856,0.459071,1.24856,0.459071,
1763897316000,1.24856,0.459071,1.24856,0.459071,
1763897316042,1.24856,0.459072,1.24856,0.459072,
1763897316082,1.24856,0.459072,1.24856,0.459072,
1763897316120,1.24856,0.459073,1.24856,0.459073,
1763897316152,1.24856,0.459073,1.24856,0.459073,
1763897316199,1.24855,0.459073,1.24855,0.459073,
1763897316231,1.24855,0.459074,1.24855,0.459074,
1763897316266,1.24855,0.459074,1.24855,0.459074,
1763897316303,1.24855,0.459075,1.24855,0.459075,
1763897316336,1.24855,0.459075,1.24855,0.459075,
1763897316377,1.24855,0.459075,1.24855,0.459075,
1763897316420,1.24855,0.459076,1.24855,0.459076,
1763897316454,1.24855,0.459076,1.24855,0.459076,
1763897316496,1.24854,0.459077,1.24854,0.459077,
1763897316533,1.24854,0.459077,1.24854,0.459077,
1763897316567,1.24854,0.459077,1.24854,0.459077,
1763897316597,1.24854,0.459078,1.24854,0.459078,
1763897316640,1.24854,0.459078,1.24854,0.459078,
1763897316678,1.24854,0.459079,1.24854,0.459079,
1763897316728,1.24854,0.459079,1.24854,0.459079,
1763897316763,1.24854,0.459079,1.24854,0.459079,
1763897316796,1.24853,0.45908,1.24853,0.45908,
1763897316832,1.24853,0.45908,1.24853,0.45908,
1763897316871,1.24853,0.459081,1.24853,0.459081,
1763897316910,1.24853,0.459081,1.24853,0.459081,
1763897316953,1.24853,0.459081,1.24853,0.459081,
1763897316989,1.24853,0.459082,1.24853,0.459082,
1763897317027,1.24853,0.459082,1.24853,0.459082,
1763897317065,1.24853,0.459083,1.24853,0.459083,
1763897317116,1.24852,0.459083,1.24852,0.459083,
1763897317154,1.24852,0.459083,1.24852,0.459083,
1763897317189,1.24852,0.459084,1.24852,0.459084,
1763897317224,1.24852,0.459084,1.24852,0.459084,
1763897317255,1.24852,0.459084,1.24852,0.459084,
1763897317285,1.24852,0.459085,1.24852,0.459085,
1763897317327,1.24852,0.459085,1.24852,0.459085,
1763897317361,1.24852,0.459086,1.24852,0.459086,
1763897317399,1.24851,0.459086,1.24851,0.459086,
1763897317436,1.24851,0.459086,1.24851,0.459086,
1763897317485,1.24851,0.459087,1.24851,0.459087,
1763897317516,1.24851,0.459087,1.24851,0.459087,
1763897317550,1.24851,0.459088,1.24851,0.459088,
1763897317578,1.24851,0.459088,1.24851,0.459088,
1763897317617,1.24851,0.459089,1.24851,0.459089,
1763897317658,1.24851,0.459089,1.24851,0.459089,
1763897317699,1.2485,0.459089,1.2485,0.459089,
1763897317738,1.2485,0.45909,1.2485,0.45909,
1763897317774,1.2485,0.45909,1.2485,0.45909,
1763897317819,1.2485,0.459091,1.2485,0.459091,
1763897317861,1.2485,0.459091,1.2485,0.459091,
1763897317889,1.2485,0.459091,1.2485,0.459091,
1763897317921,1.2485,0.459092,1.2485,0.459092,
1763897317965,1.2485,0.459092,1.2485,0.459092,
1763897317995,1.24849,0.459092,1.24849,0.459093,
1763897318032,1.24849,0.459093,1.24849,0.459093,
1763897318069,1.24849,0.459093,1.24849,0.459093,
1763897318108,1.24849,0.459094,1.24849,0.459094,
1763897318140,1.24849,0.459094,1.24849,0.459094,
1763897318177,1.24849,0.459094,1.24849,0.459094,
1763897318219,1.24849,0.459095,1.24849,0.459095,
1763897318253,1.24849,0.459095,1.24849,0.459095,
1763897318296,1.24848,0.459096,1.24848,0.459096,
1763897318329,1.24848,0.459096,1.24848,0.459096,
1763897318370,1.24848,0.459097,1.24848,0.459097,
1763897318404,1.24848,0.459097,1.24848,0.459097,
1763897318439,1.24848,0.459097,1.24848,0.459097,
1763897318494,1.24848,0.459098,1.24848,0.459098,
1763897318528,1.24848,0.459098,1.24848,0.459098,
1763897318569,1.24848,0.459098,1.24848,0.459099,
1763897318621,1.24847,0.459099,1.24847,0.459099,
1763897318654,1.24847,0.459099,1.24847,0.459099,
1763897318686,1.24847,0.4591,1.24847,0.4591,
1763897318716,1.24847,0.4591,1.24847,0.4591,
1763897318746,1.24847,0.459101,1.24847,0.459101,
1763897318797,1.24847,0.459101,1.24847,0.459101,
1763897318835,1.24847,0.459101,1.24847,0.459101,
1763897318857,1.24847,0.459102,1.24847,0.459102,
1763897318904,1.24846,0.459102,1.24846,0.459102,
1763897318943,1.24846,0.459103,1.24846,0.459103,
1763897318979,1.24846,0.459103,1.24846,0.459103,
1763897319018,1.24846,0.459103,1.24846,0.459103,
1763897319056,1.24846,0.459104,1.24846,0.459104,
1763897319091,1.24846,0.459104,1.24846,0.459104,
1763897319130,1.24846,0.459105,1.24846,0.459105,
1763897319165,1.24846,0.459105,1.24846,0.459105,
1763897319199,1.24845,0.459105,1.24845,0.459105,
1763897319235,1.24845,0.459106,1.24845,0.459106,
1763897319279,1.24845,0.459106,1.24845,0.459106,
1763897319306,1.24845,0.459107,1.24845,0.459107,
1763897319351,1.24845,0.459107,1.24845,0.459107,
1763897319392,1.24845,0.459107,1.24845,0.459107,
1763897319442,1.24845,0.459108,1.24845,0.459108,
1763897319467,1.24845,0.459108,1.24845,0.459108,
1763897319503,1.24844,0.459108,1.24844,0.459108,
1763897319531,1.24844,0.459109,1.24844,0.459109,
1763897319580,1.24844,0.459109,1.24844,0.459109,
1763897319617,1.24844,0.45911,1.24844,0.45911,
1763897319647,1.24844,0.45911,1.24844,0.45911,
1763897319685,1.24844,0.459111,1.24844,0.459111,
1763897319729,1.24844,0.459111,1.24844,0.459111,
1763897319771,1.24844,0.459111,1.24844,0.459111,
1763897319803,1.24843,0.459111,1.24843,0.459112,
1763897319841,1.24843,0.459112,1.24843,0.459112,
1763897319885,1.24843,0.459113,1.24843,0.459113,
1763897319917,1.24843,0.459113,1.24843,0.459113,
1763897319955,1.24843,0.459114,1.24843,0.459113,
1763897320001,1.24843,0.459114,1.24843,0.459114,
1763897320044,1.24843,0.459114,1.24843,0.459114,
1763897320077,1.24843,0.459114,1.24843,0.459114,
1763897320119,1.24842,0.459115,1.24842,0.459115,
1763897320164,1.24842,0.459115,1.24842,0.459115,
1763897320201,1.24842,0.459116,1.24842,0.459116,
1763897320232,1.24842,0.459116,1.24842,0.459116,
1763897320273,1.24842,0.459117,1.24842,0.459117,
1763897320315,1.24842,0.459117,1.24842,0.459117,
1763897320347,1.24842,0.459117,1.24842,0.459117,
1763897320387,1.24842,0.459118,1.24842,0.459118,
1763897320430,1.24841,0.459118,1.24841,0.459118,
1763897320463,1.24841,0.459118,1.24841,0.459118,
1763897320500,1.24841,0.459119,1.24841,0.459119,
1763897320534,1.24841,0.459119,1.24841,0.459119,
1763897320563,1.24841,0.45912,1.24841,0.45912,
1763897320621,1.24841,0.45912,1.24841,0.45912,
1763897320644,1.24841,0.459121,1.24841,0.459121,
1763897320679,1.24841,0.459121,1.24841,0.459121,
1763897320716,1.2484,0.459121,1.2484,0.459121,
1763897320749,1.2484,0.459122,1.2484,0.459122,
1763897320780,1.2484,0.459122,1.2484,0.459122,
1763897320816,1.2484,0.459122,1.2484,0.459122,
1763897320867,1.2484,0.459123,1.2484,0.459123,
1763897320903,1.2484,0.459123,1.2484,0.459123,
1763897320940,1.2484,0.459124,1.2484,0.459124,
1763897320987,1.2484,0.459124,1.2484,0.459124,
1763897321015,1.24839,0.459125,1.24839,0.459125,
1763897321057,1.24839,0.459125,1.24839,0.459125,
1763897321094,1.24839,0.459125,1.24839,0.459125,
1763897321137,1.24839,0.459126,1.24839,0.459126,
1763897321176,1.24839,0.459126,1.24839,0.459126,
1763897321206,1.24839,0.459127,1.24839,0.459127,
1763897321251,1.24839,0.459127,1.24839,0.459127,
1763897321287,1.24839,0.459127,1.24839,0.459127,
1763897321316,1.24838,0.459128,1.24838,0.459128,
1763897321352,1.24838,0.459128,1.24838,0.459128,
1763897321388,1.24838,0.459128,1.24838,0.459128,
1763897321425,1.24838,0.459129,1.24838,0.459129,
1763897321464,1.24838,0.459129,1.24838,0.459129,
1763897321500,1.24838,0.45913,1.24838,0.45913,
1763897321537,1.24838,0.45913,1.24838,0.45913,
1763897321567,1.24838,0.45913,1.24838,0.45913,
1763897321603,1.24837,0.459131,1.24837,0.459131,
1763897321650,1.24837,0.459131,1.24837,0.459131,
1763897321691,1.24837,0.459132,1.24837,0.459132,
1763897321714,1.24837,0.459132,1.24837,0.459132,
1763897321759,1.24837,0.459133,1.24837,0.459133,
1763897321794,1.24837,0.459133,1.24837,0.459133,
1763897321825,1.24837,0.459133,1.24837,0.459133,
1763897321858,1.24837,0.459134,1.24837,0.459134,
1763897321899,1.24836,0.459134,1.24836,0.459134,
1763897321934,1.24836,0.459134,1.24836,0.459134,
1763897321970,1.24836,0.459135,1.24836,0.459135,
1763897322013,1.24836,0.459135,1.24836,0.459135,
1763897322043,1.24836,0.459136,1.24836,0.459136,
1763897322077,1.24836,0.459136,1.24836,0.459136,
1763897322120,1.24836,0.459137,1.24836,0.459136,
1763897322169,1.24836,0.459137,1.24836,0.459137,
1763897322202,1.24835,0.459137,1.24835,0.459137,
1763897322233,1.24835,0.459138,1.24835,0.459138,
1763897322276,1.24835,0.459138,1.24835,0.459138,
1763897322304,1.24835,0.459138,1.24835,0.459138,
1763897322340,1.24835,0.459139,1.24835,0.459139,
1763897322386,1.24835,0.459139,1.24835,0.459139,
1763897322419,1.24835,0.45914,1.24835,0.45914,
1763897322460,1.24835,0.45914,1.24835,0.45914,
1763897322501,1.24834,0.45914,1.24834,0.459141,
1763897322534,1.24834,0.459141,1.24834,0.459141,
1763897322580,1.24834,0.459141,1.24834,0.459141,
1763897322605,1.24834,0.459142,1.24834,0.459142,
1763897322643,1.24834,0.459142,1.24834,0.459142,
1763897322692,1.24834,0.459142,1.24834,0.459142,
1763897322725,1.24834,0.459143,1.24834,0.459143,
1763897322750,1.24834,0.459143,1.24834,0.459143,
1763897322794,1.24833,0.459144,1.24833,0.459144,
1763897322836,1.24833,0.459144,1.24833,0.459144,
1763897322867,1.24833,0.459144,1.24833,0.459144,
1763897322908,1.24833,0.459145,1.24833,0.459145,
1763897322956,1.24833,0.459145,1.24833,0.459145,
1763897322985,1.24833,0.459146,1.24833,0.459146,
1763897323020,1.24833,0.459146,1.24833,0.459146,
1763897323063,1.24833,0.459147,1.24833,0.459147,
1763897323088,1.24832,0.459147,1.24832,0.459147,
1763897323131,1.24832,0.459147,1.24832,0.459147,
1763897323166,1.24832,0.459148,1.24832,0.459148,
1763897323196,1.24832,0.459148,1.24832,0.459148,
1763897323234,1.24832,0.459148,1.24832,0.459148,
1763897323271,1.24832,0.459149,1.24832,0.459149,
1763897323307,1.24832,0.459149,1.24832,0.459149,
1763897323351,1.24832,0.45915,1.24832,0.45915,
1763897323394,1.24831,0.45915,1.24831,0.45915,
1763897323433,1.24831,0.459151,1.24831,0.45915,
1763897323476,1.24831,0.459151,1.24831,0.459151,
1763897323508,1.24831,0.459151,1.24831,0.459151,
1763897323546,1.24831,0.459152,1.24831,0.459152,
1763897323592,1.24831,0.459152,1.24831,0.459152,
1763897323628,1.24831,0.459152,1.24831,0.459152,
1763897323659,1.24831,0.459153,1.24831,0.459153,
1763897323702,1.2483,0.459153,1.2483,0.459153,
1763897323727,1.2483,0.459154,1.2483,0.459154,
1763897323764,1.2483,0.459154,1.2483,0.459154,
1763897323802,1.2483,0.459154,1.2483,0.459154,
1763897323838,1.2483,0.459155,1.2483,0.459155,
1763897323879,1.2483,0.459155,1.2483,0.459155,
1763897323926,1.2483,0.459156,1.2483,0.459156,
1763897323963,1.2483,0.459156,1.2483,0.459156,
1763897324003,1.24829,0.459156,1.24829,0.459156,
1763897324042,1.24829,0.459157,1.24829,0.459157,
1763897324082,1.24829,0.459157,1.24829,0.459157,
1763897324119,1.24829,0.459158,1.24829,0.459158,
1763897324159,1.24829,0.459158,1.24829,0.459158,
1763897324192,1.24829,0.459158,1.24829,0.459159,
1763897324236,1.24829,0.459159,1.24829,0.459159,
1763897324277,1.24829,0.459159,1.24829,0.459159,
1763897324305,1.24828,0.45916,1.24828,0.45916,
1763897324336,1.24828,0.45916,1.24828,0.45916,
1763897324374,1.24828,0.459161,1.24828,0.459161,
1763897324416,1.24828,0.459161,1.24828,0.459161,
1763897324442,1.24828,0.459161,1.24828,0.459161,
1763897324474,1.24828,0.459162,1.24828,0.459162,
1763897324511,1.24828,0.459162,1.24828,0.459162,
1763897324549,1.24828,0.459162,1.24828,0.459162,
1763897324586,1.24827,0.459163,1.24827,0.459163,
1763897324632,1.24827,0.459163,1.24827,0.459163,
1763897324661,1.24827,0.459164,1.24827,0.459164,
1763897324697,1.24827,0.459164,1.24827,0.459164,
1763897324739,1.24827,0.459165,1.24827,0.459165,
1763897324769,1.24827,0.459165,1.24827,0.459165,
1763897324804,1.24827,0.459165,1.24827,0.459165,
1763897324852,1.24827,0.459165,1.24827,0.459165,
1763897324887,1.24826,0.459166,1.24826,0.459166,
1763897324925,1.24826,0.459166,1.24826,0.459166,
1763897324963,1.24826,0.459167,1.24826,0.459167,
1763897325008,1.24826,0.459167,1.24826,0.459167,
1763897325048,1.24826,0.459168,1.24826,0.459168,
1763897325080,1.24826,0.459168,1.24826,0.459168,
1763897325117,1.24826,0.459168,1.24826,0.459168,
1763897325153,1.24826,0.459169,1.24826,0.459169,
1763897325198,1.24825,0.459169,1.24825,0.459169,
1763897325233,1.24825,0.45917,1.24825,0.45917,
1763897325280,1.24825,0.45917,1.24825,0.45917,
1763897325311,1.24825,0.459171,1.24825,0.459171,
1763897325344,1.24825,0.459171,1.24825,0.459171,
1763897325387,1.24825,0.459171,1.24825,0.459171,
1763897325435,1.24825,0.459172,1.24825,0.459172,
1763897325473,1.24825,0.459172,1.24825,0.459172,
1763897325518,1.24824,0.459172,1.24824,0.459172,
1763897325551,1.24824,0.459173,1.24824,0.459173,
1763897325583,1.24824,0.459173,1.24824,0.459173,
1763897325626,1.24824,0.459174,1.24824,0.459174,
1763897325657,1.24824,0.459174,1.24824,0.459174,
1763897325695,1.24824,0.459174,1.24824,0.459174,
1763897325728,1.24824,0.459175,1.24824,0.459175,
1763897325767,1.24824,0.459175,1.24824,0.459175,
1763897325807,1.24823,0.459176,1.24823,0.459176,
1763897325849,1.24823,0.459176,1.24823,0.459176,
1763897325892,1.24823,0.459176,1.24823,0.459176,
1763897325925,1.24823,0.459177,1.24823,0.459177,
1763897325959,1.24823,0.459177,1.24823,0.459177,
1763897325997,1.24823,0.459178,1.24823,0.459178,
1763897326034,1.24823,0.459178,1.24823,0.459178,
1763897326074,1.24823,0.459178,1.24823,0.459178,
1763897326111,1.24822,0.459179,1.24822,0.459179,
1763897326152,1.24822,0.459179,1.24822,0.459179,
1763897326189,1.24822,0.45918,1.24822,0.45918,
1763897326232,1.24822,0.45918,1.24822,0.45918,
1763897326272,1.24822,0.45918,1.24822,0.45918,
1763897326309,1.24822,0.459181,1.24822,0.459181,
1763897326350,1.24822,0.459181,1.24822,0.459181,
1763897326377,1.24822,0.459182,1.24822,0.459182,
1763897326418,1.24821,0.459182,1.24821,0.459182,
1763897326456,1.24821,0.459183,1.24821,0.459183,
1763897326483,1.24821,0.459183,1.24821,0.459183,
1763897326525,1.24821,0.459183,1.24821,0.459183,
1763897326575,1.24821,0.459183,1.24821,0.459184,
1763897326609,1.24821,0.459184,1.24821,0.459184,
1763897326648,1.24821,0.459184,1.24821,0.459184,
1763897326688,1.24821,0.459185,1.24821,0.459185,
1763897326716,1.2482,0.459185,1.2482,0.459185,
1763897326749,1.2482,0.459186,1.2482,0.459186,
1763897326789,1.2482,0.459186,1.2482,0.459186,
1763897326818,1.2482,0.459186,1.2482,0.459186,
1763897326866,1.2482,0.459187,1.2482,0.459187,
1763897326900,1.2482,0.459187,1.2482,0.459187,
1763897326939,1.2482,0.459188,1.2482,0.459188,
1763897326982,1.2482,0.459188,1.24819,0.459188,
1763897327019,1.24819,0.459188,1.24819,0.459188,
1763897327060,1.24819,0.459189,1.24819,0.459189,
1763897327102,1.24819,0.459189,1.24819,0.459189,
1763897327144,1.24819,0.45919,1.24819,0.45919,
1763897327189,1.24819,0.45919,1.24819,0.45919,
1763897327222,1.24819,0.45919,1.24819,0.45919,
1763897327254,1.24819,0.459191,1.24819,0.459191,
1763897327300,1.24818,0.459191,1.24818,0.459191,
1763897327342,1.24818,0.459192,1.24818,0.459192,
1763897327374,1.24818,0.459192,1.24818,0.459192,
1763897327412,1.24818,0.459192,1.24818,0.459192,
1763897327441,1.24818,0.459193,1.24818,0.459193,
1763897327477,1.24818,0.459193,1.24818,0.459193,
1763897327514,1.24818,0.459194,1.24818,0.459194,
1763897327549,1.24818,0.459194,1.24818,0.459194,
1763897327581,1.24817,0.459194,1.24817,0.459194,
1763897327615,1.24817,0.459195,1.24817,0.459195,
1763897327656,1.24817,0.459195,1.24817,0.459195,
1763897327686,1.24817,0.459196,1.24817,0.459196,
1763897327741,1.24817,0.459196,1.24817,0.459196,
1763897327791,1.24817,0.459196,1.24817,0.459196,
1763897327806,1.24817,0.459197,1.24817,0.459197,
1763897327845,1.24817,0.459197,1.24817,0.459197,
1763897327887,1.24816,0.459198,1.24816,0.459198,
1763897327911,1.24816,0.459198,1.24816,0.459198,
1763897327948,1.24816,0.459198,1.24816,0.459198,
1763897327989,1.24816,0.459199,1.24816,0.459199,
1763897328019,1.24816,0.459199,1.24816,0.459199,
1763897328063,1.24816,0.459199,1.24816,0.459199,
1763897328099,1.24816,0.4592,1.24816,0.4592,
1763897328135,1.24816,0.4592,1.24816,0.4592,
1763897328181,1.24815,0.459201,1.24815,0.459201,
1763897328227,1.24815,0.459201,1.24815,0.459201,
1763897328270,1.24815,0.459202,1.24815,0.459202,
1763897328304,1.24815,0.459202,1.24815,0.459202,
1763897328339,1.24815,0.459202,1.24815,0.459202,
1763897328382,1.24815,0.459203,1.24815,0.459203,
1763897328423,1.24815,0.459203,1.24815,0.459203,
1763897328458,1.24815,0.459204,1.24815,0.459204,
1763897328503,1.24814,0.459204,1.24814,0.459204,
1763897328530,1.24814,0.459204,1.24814,0.459204,
1763897328569,1.24814,0.459205,1.24814,0.459205,
1763897328614,1.24814,0.459205,1.24814,0.459205,
1763897328638,1.24814,0.459205,1.24814,0.459205,
1763897328677,1.24814,0.459206,1.24814,0.459206,
1763897328710,1.24814,0.459206,1.24814,0.459206,
1763897328748,1.24814,0.459207,1.24814,0.459207,
1763897328783,1.24813,0.459207,1.24813,0.459207,
1763897328831,1.24813,0.459208,1.24813,0.459208,
1763897328868,1.24813,0.459208,1.24813,0.459208,
1763897328906,1.24813,0.459208,1.24813,0.459208,
1763897328951,1.24813,0.459209,1.24813,0.459209,
1763897328985,1.24813,0.459209,1.24813,0.459209,
1763897329017,1.24813,0.459209,1.24813,0.459209,
1763897329055,1.24813,0.45921,1.24813,0.45921,
1763897329091,1.24812,0.45921,1.24812,0.45921,
1763897329126,1.24812,0.459211,1.24812,0.459211,
1763897329171,1.24812,0.459211,1.24812,0.459211,
1763897329202,1.24812,0.459212,1.24812,0.459212,
1763897329233,1.24812,0.459212,1.24812,0.459212,
1763897329281,1.24812,0.459212,1.24812,0.459212,
1763897329311,1.24812,0.459213,1.24812,0.459213,
1763897329353,1.24812,0.459213,1.24812,0.459213,
1763897329403,1.24811,0.459214,1.24811,0.459214,
1763897329452,1.24811,0.459214,1.24811,0.459214,
1763897329479,1.24811,0.459214,1.24811,0.459214,
1763897329514,1.24811,0.459215,1.24811,0.459215,
1763897329550,1.24811,0.459215,1.24811,0.459215,
1763897329570,1.24811,0.459215,1.24811,0.459215,
1763897329624,1.24811,0.459216,1.24811,0.459216,
1763897329655,1.24811,0.459216,1.24811,0.459216,
1763897329685,1.2481,0.459217,1.2481,0.459217,
1763897329722,1.2481,0.459217,1.2481,0.459217,
1763897329780,1.2481,0.459218,1.2481,0.459218,
1763897329802,1.2481,0.459218,1.2481,0.459218,
1763897329836,1.2481,0.459218,1.2481,0.459218,
1763897329867,1.2481,0.459219,1.2481,0.459219,
1763897329907,1.2481,0.459219,1.2481,0.459219,
1763897329934,1.2481,0.459219,1.2481,0.459219,
1763897329965,1.24809,0.45922,1.24809,0.45922,
1763897330008,1.24809,0.45922,1.24809,0.45922,
1763897330047,1.24809,0.459221,1.24809,0.459221,
1763897330096,1.24809,0.459221,1.24809,0.459221,
1763897330128,1.24809,0.459222,1.24809,0.459222,
1763897330159,1.24809,0.459222,1.24809,0.459222,
1763897330207,1.24809,0.459222,1.24809,0.459222,
1763897330247,1.24809,0.459223,1.24809,0.459223,
1763897330284,1.24808,0.459223,1.24808,0.459223,
1763897330332,1.24808,0.459223,1.24808,0.459223,
1763897330363,1.24808,0.459224,1.24808,0.459224,
1763897330402,1.24808,0.459224,1.24808,0.459224,
1763897330442,1.24808,0.459225,1.24808,0.459225,
1763897330484,1.24808,0.459225,1.24808,0.459225,
1763897330511,1.24808,0.459226,1.24808,0.459226,
1763897330551,1.24808,0.459226,1.24808,0.459226,
1763897330581,1.24807,0.459226,1.24807,0.459226,
1763897330615,1.24807,0.459227,1.24807,0.459227,
1763897330651,1.24807,0.459227,1.24807,0.459227,
1763897330692,1.24807,0.459227,1.24807,0.459227,
1763897330733,1.24807,0.459228,1.24807,0.459228,
1763897330768,1.24807,0.459228,1.24807,0.459228,
1763897330803,1.24807,0.459229,1.24807,0.459229,
1763897330841,1.24807,0.459229,1.24807,0.459229,
1763897330887,1.24806,0.45923,1.24806,0.45923,
1763897330914,1.24806,0.45923,1.24806,0.45923,
1763897330951,1.24806,0.45923,1.24806,0.45923,
1763897330984,1.24806,0.459231,1.24806,0.459231,
1763897331023,1.24806,0.459231,1.24806,0.459231,
1763897331060,1.24806,0.459231,1.24806,0.459231,
1763897331097,1.24806,0.459232,1.24806,0.459232,
1763897331136,1.24806,0.459232,1.24806,0.459232,
1763897331169,1.24805,0.459233,1.24805,0.459233,
1763897331208,1.24805,0.459233,1.24805,0.459233,
1763897331246,1.24805,0.459233,1.24805,0.459233,
1763897331283,1.24805,0.459234,1.24805,0.459234,
1763897331323,1.24805,0.459234,1.24805,0.459234,
1763897331361,1.24805,0.459235,1.24805,0.459235,
1763897331403,1.24805,0.459235,1.24805,0.459235,
1763897331450,1.24805,0.459236,1.24805,0.459236,
1763897331479,1.24804,0.459236,1.24804,0.459236,
1763897331523,1.24804,0.459236,1.24804,0.459236,
1763897331563,1.24804,0.459237,1.24804,0.459237,
1763897331591,1.24804,0.459237,1.24804,0.459237,
1763897331635,1.24804,0.459238,1.24804,0.459238,
1763897331671,1.24804,0.459238,1.24804,0.459238,
1763897331708,1.24804,0.459238,1.24804,0.459238,
1763897331744,1.24804,0.459239,1.24804,0.459239,
1763897331787,1.24803,0.459239,1.24803,0.459239,
1763897331819,1.24803,0.459239,1.24803,0.459239,
1763897331866,1.24803,0.45924,1.24803,0.45924,
1763897331898,1.24803,0.45924,1.24803,0.45924,
1763897331925,1.24803,0.459241,1.24803,0.459241,
1763897331963,1.24803,0.459241,1.24803,0.459241,
1763897331996,1.24803,0.459241,1.24803,0.459242,
1763897332039,1.24803,0.459242,1.24803,0.459242,
1763897332071,1.24802,0.459242,1.24802,0.459242,
1763897332105,1.24802,0.459243,1.24802,0.459243,
1763897332140,1.24802,0.459243,1.24802,0.459243,
1763897332178,1.24802,0.459244,1.24802,0.459244,
1763897332223,1.24802,0.459244,1.24802,0.459244,
1763897332254,1.24802,0.459244,1.24802,0.459244,
1763897332293,1.24802,0.459245,1.24802,0.459245,
1763897332331,1.24802,0.459245,1.24802,0.459245,
1763897332365,1.24801,0.459245,1.24801,0.459245,
1763897332399,1.24801,0.459246,1.24801,0.459246,
1763897332434,1.24801,0.459246,1.24801,0.459246,
1763897332481,1.24801,0.459247,1.24801,0.459247,
1763897332519,1.24801,0.459247,1.24801,0.459247,
1763897332556,1.24801,0.459248,1.24801,0.459247,
1763897332590,1.24801,0.459248,1.24801,0.459248,
1763897332631,1.24801,0.459248,1.24801,0.459248,
1763897332670,1.248,0.459249,1.248,0.459249,
1763897332712,1.248,0.459249,1.248,0.459249,
1763897332754,1.248,0.459249,1.248,0.459249,
1763897332792,1.248,0.45925,1.248,0.45925,
1763897332827,1.248,0.45925,1.248,0.45925,
1763897332866,1.248,0.459251,1.248,0.459251,
1763897332906,1.248,0.459251,1.248,0.459251,
1763897332936,1.248,0.459252,1.248,0.459252,
1763897332971,1.24799,0.459252,1.24799,0.459252,
1763897333012,1.24799,0.459252,1.24799,0.459252,
1763897333052,1.24799,0.459253,1.24799,0.459253,
1763897333083,1.24799,0.459253,1.24799,0.459253,
1763897333126,1.24799,0.459253,1.24799,0.459253,
1763897333167,1.24799,0.459254,1.24799,0.459254,
1763897333198,1.24799,0.459254,1.24799,0.459254,
1763897333244,1.24799,0.459255,1.24799,0.459255,
1763897333279,1.24798,0.459255,1.24798,0.459255,
1763897333308,1.24798,0.459255,1.24798,0.459255,
1763897333344,1.24798,0.459256,1.24798,0.459256,
1763897333380,1.24798,0.459256,1.24798,0.459256,
1763897333412,1.24798,0.459257,1.24798,0.459257,
1763897333459,1.24798,0.459257,1.24798,0.459257,
1763897333497,1.24798,0.459257,1.24798,0.459257,
1763897333525,1.24798,0.459258,1.24798,0.459258,
1763897333562,1.24797,0.459258,1.24797,0.459258,
1763897333599,1.24797,0.459259,1.24797,0.459259,
1763897333639,1.24797,0.459259,1.24797,0.459259,
1763897333670,1.24797,0.45926,1.24797,0.45926,
1763897333707,1.24797,0.45926,1.24797,0.45926,
1763897333753,1.24797,0.45926,1.24797,0.45926,
1763897333782,1.24797,0.459261,1.24797,0.459261,
1763897333824,1.24797,0.459261,1.24797,0.459261,
1763897333864,1.24796,0.459261,1.24796,0.459261,
1763897333901,1.24796,0.459262,1.24796,0.459262,
1763897333934,1.24796,0.459262,1.24796,0.459262,
1763897333980,1.24796,0.459263,1.24796,0.459263,
1763897334019,1.24796,0.459263,1.24796,0.459263,
1763897334052,1.24796,0.459263,1.24796,0.459263,
1763897334089,1.24796,0.459264,1.24796,0.459264,
1763897334139,1.24796,0.459264,1.24796,0.459264,
1763897334165,1.24795,0.459265,1.24795,0.459265,
1763897334204,1.24795,0.459265,1.24795,0.459265,
1763897334247,1.24795,0.459266,1.24795,0.459266,
1763897334288,1.24795,0.459266,1.24795,0.459266,
1763897334331,1.24795,0.459266,1.24795,0.459266,
1763897334368,1.24795,0.459267,1.24795,0.459267,
1763897334414,1.24795,0.459267,1.24795,0.459267,
1763897334451,1.24795,0.459267,1.24795,0.459267,
1763897334482,1.24794,0.459268,1.24794,0.459268,
1763897334522,1.24794,0.459268,1.24794,0.459268,
1763897334567,1.24794,0.459269,1.24794,0.459269,
1763897334592,1.24794,0.459269,1.24794,0.459269,
1763897334631,1.24794,0.459269,1.24794,0.459269,
1763897334665,1.24794,0.45927,1.24794,0.45927,
1763897334698,1.24794,0.45927,1.24794,0.45927,
1763897334741,1.24794,0.459271,1.24794,0.459271,
1763897334770,1.24793,0.459271,1.24793,0.459271,
1763897334809,1.24793,0.459271,1.24793,0.459271,
1763897334852,1.24793,0.459272,1.24793,0.459272,
1763897334888,1.24793,0.459272,1.24793,0.459272,
1763897334922,1.24793,0.459273,1.24793,0.459273,
1763897334955,1.24793,0.459273,1.24793,0.459273,
1763897335010,1.24793,0.459273,1.24793,0.459273,
1763897335043,1.24793,0.459274,1.24793,0.459274,
1763897335082,1.24792,0.459274,1.24792,0.459274,
1763897335120,1.24792,0.459274,1.24792,0.459275,
1763897335150,1.24792,0.459275,1.24792,0.459275,
1763897335186,1.24792,0.459275,1.24792,0.459275,
1763897335232,1.24792,0.459276,1.24792,0.459276,
1763897335263,1.24792,0.459276,1.24792,0.459276,
1763897335300,1.24792,0.459277,1.24792,0.459277,
1763897335344,1.24792,0.459277,1.24792,0.459277,
1763897335378,1.24791,0.459277,1.24791,0.459277,
1763897335421,1.24791,0.459278,1.24791,0.459278,
1763897335456,1.24791,0.459278,1.24791,0.459278,
1763897335495,1.24791,0.459279,1.24791,0.459279,
1763897335533,1.24791,0.459279,1.24791,0.459279,
1763897335574,1.24791,0.459279,1.24791,0.459279,
1763897335607,1.24791,0.45928,1.24791,0.45928,
1763897335643,1.24791,0.45928,1.24791,0.45928,
1763897335688,1.2479,0.459281,1.2479,0.459281,
1763897335725,1.2479,0.459281,1.2479,0.459281,
1763897335756,1.2479,0.459282,1.2479,0.459281,
1763897335798,1.2479,0.459282,1.2479,0.459282,
1763897335843,1.2479,0.459282,1.2479,0.459282,
1763897335869,1.2479,0.459283,1.2479,0.459283,
1763897335905,1.2479,0.459283,1.2479,0.459283,
1763897335943,1.2479,0.459283,1.2479,0.459283,
1763897335988,1.24789,0.459284,1.24789,0.459284,
1763897336017,1.24789,0.459284,1.24789,0.459284,
1763897336057,1.24789,0.459284,1.24789,0.459284,
1763897336100,1.24789,0.459285,1.24789,0.459285,
1763897336134,1.24789,0.459285,1.24789,0.459285,
1763897336168,1.24789,0.459286,1.24789,0.459286,
1763897336211,1.24789,0.459286,1.24789,0.459286,
1763897336237,1.24789,0.459287,1.24789,0.459286,
1763897336278,1.24788,0.459287,1.24788,0.459287,
1763897336325,1.24788,0.459287,1.24788,0.459287,
1763897336361,1.24788,0.459288,1.24788,0.459288,
1763897336394,1.24788,0.459288,1.24788,0.459288,
1763897336433,1.24788,0.459289,1.24788,0.459289,
1763897336477,1.24788,0.459289,1.24788,0.459289,
1763897336513,1.24788,0.459289,1.24788,0.459289,
1763897336545,1.24788,0.45929,1.24788,0.45929,
1763897336582,1.24787,0.45929,1.24787,0.45929,
1763897336623,1.24787,0.459291,1.24787,0.459291,
1763897336673,1.24787,0.459291,1.24787,0.459291,
1763897336706,1.24787,0.459291,1.24787,0.459291,
1763897336739,1.24787,0.459292,1.24787,0.459292,
1763897336768,1.24787,0.459292,1.24787,0.459292,
1763897336797,1.24787,0.459293,1.24787,0.459293,
1763897336828,1.24787,0.459293,1.24787,0.459293,
1763897336866,1.24786,0.459293,1.24786,0.459293,
1763897336910,1.24786,0.459294,1.24786,0.459294,
1763897336949,1.24786,0.459294,1.24786,0.459294,
1763897336977,1.24786,0.459295,1.24786,0.459295,
1763897337022,1.24786,0.459295,1.24786,0.459295,
1763897337057,1.24786,0.459295,1.24786,0.459295,
1763897337086,1.24786,0.459296,1.24786,0.459296,
1763897337123,1.24786,0.459296,1.24786,0.459296,
1763897337157,1.24785,0.459296,1.24785,0.459296,
1763897337202,1.24785,0.459297,1.24785,0.459297,
1763897337240,1.24785,0.459297,1.24785,0.459297,
1763897337268,1.24785,0.459298,1.24785,0.459298,
1763897337304,1.24785,0.459298,1.24785,0.459298,
1763897337336,1.24785,0.459299,1.24785,0.459299,
1763897337372,1.24785,0.459299,1.24785,0.459299,
1763897337412,1.24785,0.459299,1.24785,0.459299,
1763897337448,1.24784,0.4593,1.24784,0.4593,
1763897337487,1.24784,0.4593,1.24784,0.4593,
1763897337528,1.24784,0.459301,1.24784,0.459301,
1763897337565,1.24784,0.459301,1.24784,0.459301,
1763897337613,1.24784,0.459301,1.24784,0.459301,
1763897337646,1.24784,0.459302,1.24784,0.459302,
1763897337695,1.24784,0.459302,1.24784,0.459302,
1763897337733,1.24784,0.459303,1.24784,0.459303,
1763897337770,1.24783,0.459303,1.24783,0.459303,
1763897337806,1.24783,0.459304,1.24783,0.459304,
1763897337841,1.24783,0.459304,1.24783,0.459304,
1763897337885,1.24783,0.459304,1.24783,0.459304,
1763897337937,1.24783,0.459304,1.24783,0.459305,
1763897337965,1.24783,0.459305,1.24783,0.459305,
1763897338004,1.24783,0.459305,1.24783,0.459305,
1763897338040,1.24783,0.459306,1.24783,0.459306,
1763897338073,1.24782,0.459306,1.24782,0.459306,
1763897338108,1.24782,0.459307,1.24782,0.459306,
1763897338150,1.24782,0.459307,1.24782,0.459307,
1763897338187,1.24782,0.459307,1.24782,0.459307,
1763897338219,1.24782,0.459308,1.24782,0.459308,
1763897338251,1.24782,0.459308,1.24782,0.459308,
1763897338294,1.24782,0.459309,1.24782,0.459309,
1763897338326,1.24782,0.459309,1.24782,0.459309,
1763897338366,1.24781,0.459309,1.24781,0.459309,
1763897338402,1.24781,0.45931,1.24781,0.45931,
1763897338448,1.24781,0.45931,1.24781,0.45931,
1763897338487,1.24781,0.459311,1.24781,0.459311,
1763897338524,1.24781,0.459311,1.24781,0.459311,
1763897338558,1.24781,0.459311,1.24781,0.459311,
1763897338592,1.24781,0.459312,1.24781,0.459312,
1763897338624,1.24781,0.459312,1.24781,0.459312,
1763897338668,1.2478,0.459313,1.2478,0.459313,
1763897338713,1.2478,0.459313,1.2478,0.459313,
1763897338747,1.2478,0.459313,1.2478,0.459313,
1763897338781,1.2478,0.459314,1.2478,0.459314,
1763897338815,1.2478,0.459314,1.2478,0.459314,
1763897338848,1.2478,0.459314,1.2478,0.459314,
1763897338884,1.2478,0.459315,1.2478,0.459315,
1763897338925,1.24779,0.459315,1.24779,0.459315,
1763897338961,1.24779,0.459316,1.24779,0.459316,
1763897339002,1.24779,0.459316,1.24779,0.459316,
1763897339050,1.24779,0.459316,1.24779,0.459316,
1763897339077,1.24779,0.459317,1.24779,0.459317,
1763897339114,1.24779,0.459317,1.24779,0.459317,
1763897339152,1.24779,0.459318,1.24779,0.459318,
1763897339183,1.24779,0.459318,1.24779,0.459318,
1763897339226,1.24779,0.459319,1.24779,0.459318,
1763897339267,1.24778,0.459319,1.24778,0.459319,
1763897339303,1.24778,0.459319,1.24778,0.459319,
1763897339335,1.24778,0.45932,1.24778,0.45932,
1763897339380,1.24778,0.45932,1.24778,0.45932,
1763897339420,1.24778,0.459321,1.24778,0.459321,
1763897339457,1.24778,0.459321,1.24778,0.459321,
1763897339489,1.24778,0.459321,1.24778,0.459321,
1763897339529,1.24777,0.459322,1.24778,0.459322,
1763897339559,1.24777,0.459322,1.24777,0.459322,
1763897339599,1.24777,0.459322,1.24777,0.459322,
1763897339635,1.24777,0.459323,1.24777,0.459323,
1763897339674,1.24777,0.459323,1.24777,0.459323,
1763897339716,1.24777,0.459324,1.24777,0.459324,
1763897339750,1.24777,0.459324,1.24777,0.459324,
1763897339789,1.24777,0.459325,1.24777,0.459325,
1763897339835,1.24777,0.459325,1.24777,0.459325,
1763897339877,1.24776,0.459325,1.24776,0.459325,
1763897339907,1.24776,0.459326,1.24776,0.459326,
1763897339949,1.24776,0.459326,1.24776,0.459326,
1763897339983,1.24776,0.459326,1.24776,0.459326,
1763897340027,1.24776,0.459327,1.24776,0.459327,
1763897340065,1.24776,0.459327,1.24776,0.459327,
1763897340098,1.24776,0.459328,1.24776,0.459328,
1763897340131,1.24775,0.459328,1.24775,0.459328,
1763897340162,1.24775,0.459328,1.24775,0.459328,
1763897340199,1.24775,0.459329,1.24775,0.459329,
1763897340247,1.24775,0.459329,1.24775,0.459329,
1763897340291,1.24775,0.45933,1.24775,0.45933,
1763897340327,1.24775,0.45933,1.24775,0.45933,
1763897340355,1.24775,0.45933,1.24775,0.45933,
1763897340398,1.24775,0.459331,1.24775,0.459331,
1763897340429,1.24774,0.459331,1.24774,0.459331,
1763897340462,1.24774,0.459332,1.24774,0.459332,
1763897340502,1.24774,0.459332,1.24774,0.459332,
1763897340531,1.24774,0.459332,1.24774,0.459332,
1763897340567,1.24774,0.459333,1.24774,0.459333,
1763897340609,1.24774,0.459333,1.24774,0.459333,
1763897340652,1.24774,0.459334,1.24774,0.459334,
1763897340694,1.24774,0.459334,1.24774,0.459334,
1763897340740,1.24773,0.459334,1.24773,0.459334,
1763897340791,1.24773,0.459335,1.24773,0.459335,
1763897340833,1.24773,0.459335,1.24773,0.459335,
1763897340887,1.24773,0.459336,1.24773,0.459336,
1763897340909,1.24773,0.459336,1.24773,0.459336,
1763897340945,1.24773,0.459336,1.24773,0.459336,
1763897340981,1.24773,0.459337,1.24773,0.459337,
1763897341017,1.24773,0.459337,1.24773,0.459337,
1763897341048,1.24772,0.459338,1.24772,0.459338,
1763897341080,1.24772,0.459338,1.24772,0.459338,
1763897341119,1.24772,0.459338,1.24772,0.459338,
1763897341163,1.24772,0.459339,1.24772,0.459339,
1763897341189,1.24772,0.459339,1.24772,0.459339,
1763897341224,1.24772,0.45934,1.24772,0.45934,
1763897341262,1.24772,0.45934,1.24772,0.45934,
1763897341308,1.24772,0.459341,1.24772,0.459341,
1763897341343,1.24771,0.459341,1.24771,0.459341,
1763897341385,1.24771,0.459341,1.24771,0.459341,
1763897341430,1.24771,0.459342,1.24771,0.459342,
1763897341455,1.24771,0.459342,1.24771,0.459342,
1763897341495,1.24771,0.459342,1.24771,0.459342,
1763897341528,1.24771,0.459343,1.24771,0.459343,
1763897341570,1.24771,0.459343,1.24771,0.459343,
1763897341619,1.24771,0.459344,1.24771,0.459344,
1763897341657,1.2477,0.459344,1.2477,0.459344,
1763897341690,1.2477,0.459345,1.2477,0.459345,
1763897341734,1.2477,0.459345,1.2477,0.459345,
1763897341759,1.2477,0.459345,1.2477,0.459345,
1763897341798,1.2477,0.459345,1.2477,0.459345,
1763897341831,1.2477,0.459346,1.2477,0.459346,
1763897341863,1.2477,0.459346,1.2477,0.459346,
1763897341901,1.2477,0.459347,1.2477,0.459347,
1763897341938,1.24769,0.459347,1.24769,0.459347,
1763897341970,1.24769,0.459348,1.24769,0.459348,
1763897342005,1.24769,0.459348,1.24769,0.459348,
1763897342048,1.24769,0.459348,1.24769,0.459348,
1763897342087,1.24769,0.459349,1.24769,0.459349,
1763897342131,1.24769,0.459349,1.24769,0.459349,
1763897342179,1.24769,0.45935,1.24769,0.45935,
1763897342213,1.24769,0.45935,1.24769,0.45935,
1763897342248,1.24768,0.45935,1.24768,0.45935,
1763897342281,1.24768,0.459351,1.24768,0.459351,
1763897342318,1.24768,0.459351,1.24768,0.459351,
1763897342357,1.24768,0.459352,1.24768,0.459352,
1763897342393,1.24768,0.459352,1.24768,0.459352,
1763897342429,1.24768,0.459352,1.24768,0.459352,
1763897342463,1.24768,0.459353,1.24768,0.459353,
1763897342507,1.24768,0.459353,1.24768,0.459353,
1763897342537,1.24767,0.459354,1.24767,0.459354,
1763897342580,1.24767,0.459354,1.24767,0.459354,
1763897342616,1.24767,0.459354,1.24767,0.459354,
1763897342651,1.24767,0.459355,1.24767,0.459355,
1763897342691,1.24767,0.459355,1.24767,0.459355,
1763897342726,1.24767,0.459356,1.24767,0.459356,
1763897342765,1.24767,0.459356,1.24767,0.459356,
1763897342804,1.24767,0.459356,1.24767,0.459356,
1763897342840,1.24766,0.459357,1.24766,0.459357,
1763897342870,1.24766,0.459357,1.24766,0.459357,
1763897342912,1.24766,0.459357,1.24766,0.459358,
1763897342944,1.24766,0.459358,1.24766,0.459358,
1763897342982,1.24766,0.459358,1.24766,0.459358,
1763897343022,1.24766,0.459359,1.24766,0.459359,
1763897343065,1.24766,0.459359,1.24766,0.459359,
1763897343090,1.24766,0.45936,1.24766,0.45936,
1763897343129,1.24765,0.45936,1.24765,0.45936,
1763897343168,1.24765,0.45936,1.24765,0.45936,
1763897343203,1.24765,0.459361,1.24765,0.459361,
1763897343240,1.24765,0.459361,1.24765,0.459361,
1763897343284,1.24765,0.459362,1.24765,0.459362,
1763897343312,1.24765,0.459362,1.24765,0.459362,
1763897343346,1.24765,0.459362,1.24765,0.459362,
1763897343382,1.24765,0.459363,1.24765,0.459363,
1763897343419,1.24764,0.459363,1.24764,0.459363,
1763897343457,1.24764,0.459363,1.24764,0.459363,
1763897343497,1.24764,0.459364,1.24764,0.459364,
1763897343528,1.24764,0.459364,1.24764,0.459364,
1763897343575,1.24764,0.459365,1.24764,0.459365,
1763897343607,1.24764,0.459365,1.24764,0.459365,
1763897343647,1.24764,0.459366,1.24764,0.459366,
1763897343682,1.24764,0.459366,1.24764,0.459366,
1763897343712,1.24763,0.459366,1.24763,0.459366,
1763897343748,1.24763,0.459367,1.24763,0.459367,
1763897343795,1.24763,0.459367,1.24763,0.459367,
1763897343827,1.24763,0.459367,1.24763,0.459367,
1763897343861,1.24763,0.459368,1.24763,0.459368,
1763897343895,1.24763,0.459368,1.24763,0.459368,
1763897343939,1.24763,0.459369,1.24763,0.459369,
1763897343973,1.24763,0.459369,1.24763,0.459369,
1763897344009,1.24762,0.45937,1.24762,0.45937,
1763897344047,1.24762,0.45937,1.24762,0.45937,
1763897344082,1.24762,0.45937,1.24762,0.45937,
1763897344117,1.24762,0.459371,1.24762,0.459371,
1763897344153,1.24762,0.459371,1.24762,0.459371,
1763897344190,1.24762,0.459372,1.24762,0.459372,
1763897344229,1.24762,0.459372,1.24762,0.459372,
1763897344275,1.24762,0.459373,1.24762,0.459372,
1763897344306,1.24761,0.459373,1.24761,0.459373,
1763897344342,1.24761,0.459373,1.24761,0.459373,
1763897344390,1.24761,0.459374,1.24761,0.459374,
1763897344431,1.24761,0.459374,1.24761,0.459374,
1763897344454,1.24761,0.459374,1.24761,0.459374,
1763897344499,1.24761,0.459375,1.24761,0.459375,
1763897344525,1.24761,0.459375,1.24761,0.459375,
1763897344563,1.24761,0.459376,1.24761,0.459375,
1763897344598,1.2476,0.459376,1.2476,0.459376,
1763897344637,1.2476,0.459376,1.2476,0.459376,
1763897344684,1.2476,0.459377,1.2476,0.459377,
1763897344730,1.2476,0.459377,1.2476,0.459377,
1763897344762,1.2476,0.459378,1.2476,0.459378,
1763897344804,1.2476,0.459378,1.2476,0.459378,
1763897344837,1.2476,0.459378,1.2476,0.459378,
1763897344875,1.2476,0.459379,1.2476,0.459379,
1763897344915,1.24759,0.459379,1.24759,0.459379,
1763897344944,1.24759,0.459379,1.24759,0.45938,
1763897344982,1.24759,0.45938,1.24759,0.45938,
1763897345026,1.24759,0.45938,1.24759,0.45938,
1763897345056,1.24759,0.459381,1.24759,0.459381,
1763897345092,1.24759,0.459381,1.24759,0.459381,
1763897345138,1.24759,0.459382,1.24759,0.459382,
1763897345185,1.24759,0.459382,1.24759,0.459382,
1763897345220,1.24758,0.459382,1.24758,0.459382,
1763897345254,1.24758,0.459383,1.24758,0.459383,
1763897345305,1.24758,0.459383,1.24758,0.459383,
1763897345335,1.24758,0.459384,1.24758,0.459384,
1763897345368,1.24758,0.459384,1.24758,0.459384,
1763897345412,1.24758,0.459384,1.24758,0.459384,
1763897345441,1.24758,0.459385,1.24758,0.459385,
1763897345481,1.24758,0.459385,1.24758,0.459385,
1763897345515,1.24757,0.459386,1.24757,0.459386,
1763897345549,1.24757,0.459386,1.24757,0.459386,
1763897345590,1.24757,0.459386,1.24757,0.459386,
1763897345634,1.24757,0.459387,1.24757,0.459387,
1763897345676,1.24757,0.459387,1.24757,0.459387,
1763897345705,1.24757,0.459388,1.24757,0.459388,
1763897345755,1.24757,0.459388,1.24757,0.459388,
1763897345792,1.24757,0.459389,1.24757,0.459388,
1763897345823,1.24756,0.459389,1.24756,0.459389,
1763897345868,1.24756,0.459389,1.24756,0.459389,
1763897345908,1.24756,0.459389,1.24756,0.459389,
1763897345939,1.24756,0.45939,1.24756,0.45939,
1763897345980,1.24756,0.45939,1.24756,0.45939,
1763897346020,1.24756,0.459391,1.24756,0.459391,
1763897346059,1.24756,0.459391,1.24756,0.459391,
1763897346094,1.24756,0.459392,1.24756,0.459392,
1763897346126,1.24755,0.459392,1.24755,0.459392,
1763897346172,1.24755,0.459392,1.24755,0.459392,
1763897346216,1.24755,0.459393,1.24755,0.459393,
1763897346249,1.24755,0.459393,1.24755,0.459393,
1763897346281,1.24755,0.459393,1.24755,0.459393,
1763897346312,1.24755,0.459394,1.24755,0.459394,
1763897346353,1.24755,0.459394,1.24755,0.459394,
1763897346394,1.24755,0.459395,1.24755,0.459395,
1763897346436,1.24754,0.459395,1.24754,0.459395,
1763897346474,1.24754,0.459396,1.24754,0.459396,
1763897346513,1.24754,0.459396,1.24754,0.459396,
1763897346551,1.24754,0.459396,1.24754,0.459396,
1763897346598,1.24754,0.459397,1.24754,0.459397,
1763897346630,1.24754,0.459397,1.24754,0.459397,
1763897346677,1.24754,0.459397,1.24754,0.459397,
1763897346719,1.24754,0.459398,1.24754,0.459398,
1763897346755,1.24753,0.459398,1.24753,0.459398,
1763897346790,1.24753,0.459399,1.24753,0.459399,
1763897346827,1.24753,0.459399,1.24753,0.459399,
1763897346861,1.24753,0.4594,1.24753,0.4594,
1763897346904,1.24753,0.4594,1.24753,0.4594,
1763897346947,1.24753,0.4594,1.24753,0.4594,
1763897346978,1.24753,0.459401,1.24753,0.459401,
1763897347024,1.24753,0.459401,1.24753,0.459401,
1763897347060,1.24752,0.459401,1.24752,0.459401,
1763897347095,1.24752,0.459402,1.24752,0.459402,
1763897347129,1.24752,0.459402,1.24752,0.459402,
1763897347165,1.24752,0.459403,1.24752,0.459403,
1763897347206,1.24752,0.459403,1.24752,0.459403,
1763897347245,1.24752,0.459403,1.24752,0.459404,
1763897347276,1.24752,0.459404,1.24752,0.459404,
1763897347323,1.24752,0.459404,1.24752,0.459404,
1763897347361,1.24751,0.459405,1.24751,0.459405,
1763897347394,1.24751,0.459405,1.24751,0.459405,
1763897347435,1.24751,0.459405,1.24751,0.459405,
1763897347481,1.24751,0.459406,1.24751,0.459406,
1763897347512,1.24751,0.459406,1.24751,0.459406,
1763897347545,1.24751,0.459407,1.24751,0.459407,
1763897347583,1.24751,0.459407,1.24751,0.459407,
1763897347620,1.24751,0.459408,1.24751,0.459408,
1763897347653,1.2475,0.459408,1.2475,0.459408,
1763897347697,1.2475,0.459408,1.2475,0.459408,
1763897347739,1.2475,0.459409,1.2475,0.459409,
1763897347775,1.2475,0.459409,1.2475,0.459409,
1763897347806,1.2475,0.459409,1.2475,0.459409,
1763897347853,1.2475,0.45941,1.2475,0.45941,
1763897347892,1.2475,0.45941,1.2475,0.45941,
1763897347927,1.2475,0.459411,1.2475,0.459411,
1763897347966,1.24749,0.459411,1.24749,0.459411,
1763897348006,1.24749,0.459412,1.24749,0.459412,
1763897348031,1.24749,0.459412,1.24749,0.459412,
1763897348077,1.24749,0.459412,1.24749,0.459412,
1763897348115,1.24749,0.459412,1.24749,0.459412,
1763897348147,1.24749,0.459413,1.24749,0.459413,
1763897348187,1.24749,0.459413,1.24749,0.459413,
1763897348223,1.24749,0.459414,1.24749,0.459414,
1763897348255,1.24748,0.459414,1.24748,0.459414,
1763897348299,1.24748,0.459415,1.24748,0.459415,
1763897348344,1.24748,0.459415,1.24748,0.459415,
1763897348372,1.24748,0.459415,1.24748,0.459415,
1763897348414,1.24748,0.459416,1.24748,0.459416,
1763897348444,1.24748,0.459416,1.24748,0.459416,
1763897348483,1.24748,0.459417,1.24748,0.459417,
1763897348526,1.24748,0.459417,1.24748,0.459417,
1763897348563,1.24747,0.459418,1.24747,0.459418,
1763897348595,1.24747,0.459418,1.24747,0.459418,
1763897348645,1.24747,0.459418,1.24747,0.459418,
1763897348689,1.24747,0.459419,1.24747,0.459419,
1763897348724,1.24747,0.459419,1.24747,0.459419,
1763897348751,1.24747,0.459419,1.24747,0.459419,
1763897348789,1.24747,0.45942,1.24747,0.45942,
1763897348830,1.24747,0.45942,1.24747,0.45942,
1763897348875,1.24746,0.459421,1.24746,0.459421,
1763897348911,1.24746,0.459421,1.24746,0.459421,
1763897348951,1.24746,0.459422,1.24746,0.459422,
1763897348976,1.24746,0.459422,1.24746,0.459422,
1763897349017,1.24746,0.459422,1.24746,0.459422,
1763897349063,1.24746,0.459423,1.24746,0.459423,
1763897349096,1.24746,0.459423,1.24746,0.459423,
1763897349135,1.24746,0.459423,1.24746,0.459423,
1763897349187,1.24745,0.459424,1.24745,0.459424,
1763897349215,1.24745,0.459424,1.24745,0.459424,
1763897349249,1.24745,0.459425,1.24745,0.459425,
1763897349288,1.24745,0.459425,1.24745,0.459425,
1763897349314,1.24745,0.459426,1.24745,0.459426,
1763897349356,1.24745,0.459426,1.24745,0.459426,
1763897349398,1.24745,0.459426,1.24745,0.459426,
1763897349434,1.24745,0.459426,1.24745,0.459427,
1763897349471,1.24744,0.459427,1.24744,0.459427,
1763897349508,1.24744,0.459427,1.24744,0.459427,
1763897349544,1.24744,0.459428,1.24744,0.459428,
1763897349591,1.24744,0.459428,1.24744,0.459428,
1763897349622,1.24744,0.459429,1.24744,0.459429,
1763897349649,1.24744,0.459429,1.24744,0.459429,
1763897349693,1.24744,0.459429,1.24744,0.459429,
1763897349728,1.24744,0.45943,1.24744,0.45943,
1763897349758,1.24743,0.45943,1.24743,0.45943,
1763897349802,1.24743,0.459431,1.24743,0.459431,
1763897349839,1.24743,0.459431,1.24743,0.459431,
1763897349871,1.24743,0.459431,1.24743,0.459431,
1763897349906,1.24743,0.459432,1.24743,0.459432,
1763897349945,1.24743,0.459432,1.24743,0.459432,
1763897349992,1.24743,0.459433,1.24743,0.459433,
1763897350019,1.24743,0.459433,1.24743,0.459433,
1763897350056,1.24742,0.459433,1.24742,0.459433,
1763897350092,1.24742,0.459434,1.24742,0.459434,
1763897350126,1.24742,0.459434,1.24742,0.459434,
1763897350164,1.24742,0.459435,1.24742,0.459435,
1763897350204,1.24742,0.459435,1.24742,0.459435,
1763897350233,1.24742,0.459435,1.24742,0.459435,
1763897350270,1.24742,0.459436,1.24742,0.459436,
1763897350312,1.24742,0.459436,1.24742,0.459436,
1763897350340,1.24741,0.459437,1.24741,0.459437,
1763897350392,1.24741,0.459437,1.24741,0.459437,
1763897350427,1.24741,0.459437,1.24741,0.459437,
1763897350459,1.24741,0.459438,1.24741,0.459438,
1763897350495,1.24741,0.459438,1.24741,0.459438,
1763897350534,1.24741,0.459439,1.24741,0.459439,
1763897350569,1.24741,0.459439,1.24741,0.459439,
1763897350605,1.24741,0.459439,1.24741,0.459439,
1763897350641,1.2474,0.45944,1.2474,0.45944,
1763897350676,1.2474,0.45944,1.2474,0.45944,
1763897350715,1.2474,0.459441,1.2474,0.459441,
1763897350750,1.2474,0.459441,1.2474,0.459441,
1763897350794,1.2474,0.459441,1.2474,0.459441,
1763897350828,1.2474,0.459442,1.2474,0.459442,
1763897350861,1.2474,0.459442,1.2474,0.459442,
1763897350893,1.2474,0.459442,1.2474,0.459442,
1763897350929,1.24739,0.459443,1.24739,0.459443,
1763897350974,1.24739,0.459443,1.24739,0.459443,
1763897351020,1.24739,0.459444,1.24739,0.459444,
1763897351060,1.24739,0.459444,1.24739,0.459444,
1763897351096,1.24739,0.459445,1.24739,0.459445,
1763897351135,1.24739,0.459445,1.24739,0.459445,
1763897351177,1.24739,0.459445,1.24739,0.459445,
1763897351212,1.24739,0.459446,1.24739,0.459446,
1763897351241,1.24738,0.459446,1.24738,0.459446,
1763897351281,1.24738,0.459446,1.24738,0.459446,
1763897351316,1.24738,0.459447,1.24738,0.459447,
1763897351348,1.24738,0.459447,1.24738,0.459447,
1763897351388,1.24738,0.459448,1.24738,0.459448,
1763897351425,1.24738,0.459448,1.24738,0.459448,
1763897351468,1.24738,0.459449,1.24738,0.459449,
1763897351503,1.24738,0.459449,1.24738,0.459449,
1763897351545,1.24737,0.459449,1.24737,0.459449,
1763897351578,1.24737,0.45945,1.24737,0.45945,
1763897351620,1.24737,0.45945,1.24737,0.45945,
1763897351660,1.24737,0.45945,1.24737,0.45945,
1763897351697,1.24737,0.459451,1.24737,0.459451,
1763897351733,1.24737,0.459451,1.24737,0.459451,
1763897351771,1.24737,0.459452,1.24737,0.459452,
1763897351807,1.24737,0.459452,1.24737,0.459452,
1763897351849,1.24736,0.459453,1.24736,0.459453,
1763897351883,1.24736,0.459453,1.24736,0.459453,
1763897351919,1.24736,0.459453,1.24736,0.459453,
1763897351959,1.24736,0.459454,1.24736,0.459454,
1763897351999,1.24736,0.459454,1.24736,0.459454,
1763897352034,1.24736,0.459455,1.24736,0.459455,
1763897352078,1.24736,0.459455,1.24736,0.459455,
1763897352110,1.24736,0.459455,1.24736,0.459455,
1763897352150,1.24735,0.459456,1.24735,0.459456,
1763897352190,1.24735,0.459456,1.24735,0.459456,
1763897352231,1.24735,0.459456,1.24735,0.459457,
1763897352262,1.24735,0.459457,1.24735,0.459457,
1763897352297,1.24735,0.459457,1.24735,0.459457,
1763897352339,1.24735,0.459458,1.24735,0.459458,
1763897352370,1.24735,0.459458,1.24735,0.459458,
1763897352406,1.24734,0.459458,1.24735,0.459458,
1763897352451,1.24734,0.459459,1.24734,0.459459,
1763897352489,1.24734,0.459459,1.24734,0.459459,
1763897352518,1.24734,0.45946,1.24734,0.45946,
1763897352559,1.24734,0.45946,1.24734,0.45946,
1763897352587,1.24734,0.45946,1.24734,0.45946,
1763897352621,1.24734,0.459461,1.24734,0.459461,
1763897352653,1.24734,0.459461,1.24734,0.459461,
1763897352697,1.24733,0.459462,1.24733,0.459462,
1763897352722,1.24733,0.459462,1.24733,0.459462,
1763897352761,1.24733,0.459462,1.24733,0.459462,
1763897352798,1.24733,0.459463,1.24733,0.459463,
1763897352828,1.24733,0.459463,1.24733,0.459463,
1763897352865,1.24733,0.459464,1.24733,0.459464,
1763897352904,1.24733,0.459464,1.24733,0.459464,
1763897352941,1.24733,0.459464,1.24733,0.459464,
1763897352975,1.24733,0.459465,1.24733,0.459465,
1763897353022,1.24732,0.459465,1.24732,0.459465,
1763897353071,1.24732,0.459466,1.24732,0.459466,
1763897353110,1.24732,0.459466,1.24732,0.459466,
1763897353144,1.24732,0.459466,1.24732,0.459466,
1763897353178,1.24732,0.459467,1.24732,0.459467,
1763897353212,1.24732,0.459467,1.24732,0.459467,
1763897353256,1.24732,0.459468,1.24732,0.459468,
1763897353291,1.24731,0.459468,1.24731,0.459468,
1763897353326,1.24731,0.459468,1.24731,0.459468,
1763897353362,1.24731,0.459469,1.24731,0.459469,
1763897353403,1.24731,0.459469,1.24731,0.459469,
1763897353446,1.24731,0.45947,1.24731,0.45947,
1763897353482,1.24731,0.45947,1.24731,0.45947,
1763897353519,1.24731,0.45947,1.24731,0.45947,
1763897353554,1.24731,0.459471,1.24731,0.459471,
1763897353595,1.2473,0.459471,1.2473,0.459471,
1763897353626,1.2473,0.459472,1.2473,0.459472,
1763897353661,1.2473,0.459472,1.2473,0.459472,
1763897353705,1.2473,0.459472,1.2473,0.459472,
1763897353739,1.2473,0.459473,1.2473,0.459473,
1763897353781,1.2473,0.459473,1.2473,0.459473,
1763897353820,1.2473,0.459474,1.2473,0.459474,
1763897353857,1.2473,0.459474,1.2473,0.459474,
1763897353893,1.24729,0.459474,1.24729,0.459474,
1763897353931,1.24729,0.459475,1.24729,0.459475,
1763897353969,1.24729,0.459475,1.24729,0.459475,
1763897354003,1.24729,0.459476,1.24729,0.459476,
1763897354040,1.24729,0.459476,1.24729,0.459476,
1763897354076,1.24729,0.459476,1.24729,0.459476,
1763897354113,1.24729,0.459477,1.24729,0.459477,
1763897354152,1.24729,0.459477,1.24729,0.459477,
1763897354189,1.24728,0.459478,1.24728,0.459478,
1763897354236,1.24728,0.459478,1.24728,0.459478,
1763897354268,1.24728,0.459478,1.24728,0.459478,
1763897354302,1.24728,0.459479,1.24728,0.459479,
1763897354342,1.24728,0.459479,1.24728,0.459479,
1763897354378,1.24728,0.459479,1.24728,0.459479,
1763897354414,1.24728,0.45948,1.24728,0.45948,
1763897354454,1.24728,0.45948,1.24728,0.45948,
1763897354495,1.24727,0.459481,1.24727,0.459481,
1763897354528,1.24727,0.459481,1.24727,0.459481,
1763897354564,1.24727,0.459482,1.24727,0.459482,
1763897354607,1.24727,0.459482,1.24727,0.459482,
1763897354639,1.24727,0.459482,1.24727,0.459482,
1763897354671,1.24727,0.459483,1.24727,0.459483,
1763897354715,1.24727,0.459483,1.24727,0.459483,
1763897354752,1.24727,0.459483,1.24727,0.459483,
1763897354783,1.24726,0.459484,1.24726,0.459484,
1763897354823,1.24726,0.459484,1.24726,0.459484,
1763897354861,1.24726,0.459485,1.24726,0.459485,
1763897354907,1.24726,0.459485,1.24726,0.459485,
1763897354932,1.24726,0.459486,1.24726,0.459486,
1763897354970,1.24726,0.459486,1.24726,0.459486,
1763897355018,1.24726,0.459486,1.24726,0.459486,
1763897355053,1.24726,0.459487,1.24726,0.459487,
1763897355080,1.24725,0.459487,1.24725,0.459487,
1763897355134,1.24725,0.459488,1.24725,0.459488,
1763897355174,1.24725,0.459488,1.24725,0.459488,
1763897355207,1.24725,0.459488,1.24725,0.459488,
1763897355252,1.24725,0.459489,1.24725,0.459489,
1763897355282,1.24725,0.459489,1.24725,0.459489,
1763897355321,1.24725,0.459489,1.24725,0.459489,
1763897355368,1.24725,0.45949,1.24725,0.45949,
1763897355403,1.24724,0.45949,1.24724,0.45949,
1763897355430,1.24724,0.459491,1.24724,0.459491,
1763897355472,1.24724,0.459491,1.24724,0.459491,
1763897355506,1.24724,0.459492,1.24724,0.459492,
1763897355540,1.24724,0.459492,1.24724,0.459492,
1763897355569,1.24724,0.459492,1.24724,0.459492,
1763897355604,1.24724,0.459493,1.24724,0.459493,
1763897355641,1.24724,0.459493,1.24724,0.459493,
1763897355677,1.24723,0.459493,1.24723,0.459493,
1763897355716,1.24723,0.459494,1.24723,0.459494,
1763897355762,1.24723,0.459494,1.24723,0.459494,
1763897355811,1.24723,0.459495,1.24723,0.459495,
1763897355847,1.24723,0.459495,1.24723,0.459495,
1763897355878,1.24723,0.459496,1.24723,0.459496,
1763897355922,1.24723,0.459496,1.24723,0.459496,
1763897355960,1.24723,0.459496,1.24723,0.459496,
1763897355995,1.24722,0.459497,1.24722,0.459497,
1763897356032,1.24722,0.459497,1.24722,0.459497,
1763897356068,1.24722,0.459498,1.24722,0.459498,
1763897356102,1.24722,0.459498,1.24722,0.459498,
1763897356140,1.24722,0.459498,1.24722,0.459498,
1763897356184,1.24722,0.459499,1.24722,0.459499,
1763897356236,1.24722,0.459499,1.24722,0.459499,
1763897356273,1.24722,0.4595,1.24722,0.4595,
1763897356300,1.24721,0.4595,1.24721,0.4595,
1763897356339,1.24721,0.4595,1.24721,0.4595,
1763897356375,1.24721,0.459501,1.24721,0.459501,
1763897356418,1.24721,0.459501,1.24721,0.459501,
1763897356444,1.24721,0.459502,1.24721,0.459501,
1763897356478,1.24721,0.459502,1.24721,0.459502,
1763897356515,1.24721,0.459502,1.24721,0.459502,
1763897356549,1.24721,0.459503,1.24721,0.459503,
1763897356587,1.2472,0.459503,1.2472,0.459503,
1763897356626,1.2472,0.459503,1.2472,0.459503,
1763897356658,1.2472,0.459504,1.2472,0.459504,
1763897356694,1.2472,0.459504,1.2472,0.459504,
1763897356731,1.2472,0.459505,1.2472,0.459505,
1763897356779,1.2472,0.459505,1.2472,0.459505,
1763897356825,1.2472,0.459506,1.2472,0.459506,
1763897356867,1.2472,0.459506,1.2472,0.459506,
1763897356900,1.24719,0.459506,1.24719,0.459506,
1763897356940,1.24719,0.459507,1.24719,0.459507,
1763897356981,1.24719,0.459507,1.24719,0.459507,
1763897357016,1.24719,0.459508,1.24719,0.459508,
1763897357055,1.24719,0.459508,1.24719,0.459508,
1763897357090,1.24719,0.459508,1.24719,0.459508,
1763897357128,1.24719,0.459509,1.24719,0.459509,
1763897357171,1.24719,0.459509,1.24719,0.459509,
1763897357202,1.24718,0.459509,1.24718,0.459509,
1763897357248,1.24718,0.45951,1.24718,0.45951,
1763897357283,1.24718,0.45951,1.24718,0.45951,
1763897357317,1.24718,0.459511,1.24718,0.459511,
1763897357351,1.24718,0.459511,1.24718,0.459511,
1763897357403,1.24718,0.459512,1.24718,0.459512,
1763897357442,1.24718,0.459512,1.24718,0.459512,
1763897357488,1.24718,0.459512,1.24718,0.459512,
1763897357522,1.24717,0.459513,1.24717,0.459513,
1763897357556,1.24717,0.459513,1.24717,0.459513,
1763897357600,1.24717,0.459514,1.24717,0.459514,
1763897357637,1.24717,0.459514,1.24717,0.459514,
1763897357671,1.24717,0.459514,1.24717,0.459514,
1763897357715,1.24717,0.459515,1.24717,0.459515,
1763897357751,1.24717,0.459515,1.24717,0.459515,
1763897357780,1.24717,0.459515,1.24717,0.459515,
1763897357816,1.24716,0.459516,1.24716,0.459516,
1763897357854,1.24716,0.459516,1.24716,0.459516,
1763897357881,1.24716,0.459517,1.24716,0.459517,
1763897357921,1.24716,0.459517,1.24716,0.459517,
1763897357959,1.24716,0.459518,1.24716,0.459518,
1763897358008,1.24716,0.459518,1.24716,0.459518,
1763897358045,1.24716,0.459518,1.24716,0.459518,
1763897358078,1.24716,0.459519,1.24716,0.459519,
1763897358106,1.24715,0.459519,1.24715,0.459519,
1763897358142,1.24715,0.459519,1.24715,0.459519,
1763897358174,1.24715,0.45952,1.24715,0.45952,
1763897358217,1.24715,0.45952,1.24715,0.45952,
1763897358252,1.24715,0.459521,1.24715,0.459521,
1763897358289,1.24715,0.459521,1.24715,0.459521,
1763897358332,1.24715,0.459521,1.24715,0.459521,
1763897358372,1.24715,0.459522,1.24715,0.459522,
1763897358404,1.24714,0.459522,1.24714,0.459522,
1763897358441,1.24714,0.459523,1.24714,0.459523,
1763897358486,1.24714,0.459523,1.24714,0.459523,
1763897358512,1.24714,0.459524,1.24714,0.459524,
1763897358552,1.24714,0.459524,1.24714,0.459524,
1763897358598,1.24714,0.459524,1.24714,0.459524,
1763897358633,1.24714,0.459525,1.24714,0.459525,
1763897358665,1.24714,0.459525,1.24714,0.459525,
1763897358709,1.24713,0.459525,1.24713,0.459525,
1763897358752,1.24713,0.459526,1.24713,0.459526,
1763897358790,1.24713,0.459526,1.24713,0.459526,
1763897358825,1.24713,0.459527,1.24713,0.459527,
1763897358852,1.24713,0.459527,1.24713,0.459527,
1763897358890,1.24713,0.459528,1.24713,0.459528,
1763897358937,1.24713,0.459528,1.24713,0.459528,
1763897358962,1.24713,0.459528,1.24713,0.459528,
1763897358997,1.24712,0.459529,1.24712,0.459529,
1763897359043,1.24712,0.459529,1.24712,0.459529,
1763897359066,1.24712,0.459529,1.24712,0.459529,
1763897359107,1.24712,0.45953,1.24712,0.45953,
1763897359152,1.24712,0.45953,1.24712,0.45953,
1763897359199,1.24712,0.45953,1.24712,0.45953,
1763897359227,1.24712,0.459531,1.24712,0.459531,
1763897359260,1.24712,0.459531,1.24712,0.459531,
1763897359302,1.24711,0.459532,1.24711,0.459532,
1763897359347,1.24711,0.459532,1.24711,0.459532,
1763897359389,1.24711,0.459533,1.24711,0.459533,
1763897359426,1.24711,0.459533,1.24711,0.459533,
1763897359469,1.24711,0.459533,1.24711,0.459533,
1763897359502,1.24711,0.459534,1.24711,0.459534,
1763897359531,1.24711,0.459534,1.24711,0.459534,
1763897359564,1.24711,0.459535,1.24711,0.459535,
1763897359600,1.2471,0.459535,1.2471,0.459535,
1763897359644,1.2471,0.459535,1.2471,0.459535,
1763897359678,1.2471,0.459536,1.2471,0.459536,
1763897359719,1.2471,0.459536,1.2471,0.459536,
1763897359754,1.2471,0.459537,1.2471,0.459537,
1763897359791,1.2471,0.459537,1.2471,0.459537,
1763897359830,1.2471,0.459537,1.2471,0.459537,
1763897359863,1.2471,0.459538,1.2471,0.459538,
1763897359902,1.24709,0.459538,1.24709,0.459538,
1763897359937,1.24709,0.459539,1.24709,0.459539,
1763897359973,1.24709,0.459539,1.24709,0.459539,
1763897360011,1.24709,0.459539,1.24709,0.459539,
1763897360059,1.24709,0.45954,1.24709,0.45954,
1763897360087,1.24709,0.45954,1.24709,0.45954,
1763897360121,1.24709,0.459541,1.24709,0.459541,
1763897360160,1.24709,0.459541,1.24709,0.459541,
1763897360195,1.24708,0.459542,1.24708,0.459542,
1763897360237,1.24708,0.459542,1.24708,0.459542,
1763897360280,1.24708,0.459542,1.24708,0.459542,
1763897360304,1.24708,0.459542,1.24708,0.459542,
1763897360339,1.24708,0.459543,1.24708,0.459543,
1763897360381,1.24708,0.459543,1.24708,0.459543,
1763897360418,1.24708,0.459544,1.24708,0.459544,
1763897360450,1.24708,0.459544,1.24708,0.459544,
1763897360498,1.24707,0.459545,1.24707,0.459545,
1763897360535,1.24707,0.459545,1.24707,0.459545,
1763897360561,1.24707,0.459546,1.24707,0.459545,
1763897360607,1.24707,0.459546,1.24707,0.459546,
1763897360641,1.24707,0.459546,1.24707,0.459546,
1763897360676,1.24707,0.459546,1.24707,0.459547,
1763897360720,1.24707,0.459547,1.24707,0.459547,
1763897360754,1.24707,0.459547,1.24707,0.459547,
1763897360790,1.24706,0.459548,1.24706,0.459548,
1763897360825,1.24706,0.459548,1.24706,0.459548,
1763897360868,1.24706,0.459549,1.24706,0.459549,
1763897360904,1.24706,0.459549,1.24706,0.459549,
1763897360940,1.24706,0.459549,1.24706,0.459549,
1763897360979,1.24706,0.45955,1.24706,0.45955,
1763897361019,1.24706,0.45955,1.24706,0.45955,
1763897361055,1.24706,0.459551,1.24706,0.459551,
1763897361089,1.24705,0.459551,1.24705,0.459551,
1763897361136,1.24705,0.459551,1.24705,0.459551,
1763897361174,1.24705,0.459552,1.24705,0.459552,
1763897361211,1.24705,0.459552,1.24705,0.459552,
1763897361248,1.24705,0.459552,1.24705,0.459552,
1763897361275,1.24705,0.459553,1.24705,0.459553,
1763897361313,1.24705,0.459553,1.24705,0.459553,
1763897361352,1.24705,0.459554,1.24705,0.459554,
1763897361384,1.24704,0.459554,1.24704,0.459554,
1763897361421,1.24704,0.459555,1.24704,0.459554,
1763897361459,1.24704,0.459555,1.24704,0.459555,
1763897361492,1.24704,0.459555,1.24704,0.459555,
1763897361529,1.24704,0.459556,1.24704,0.459556,
1763897361572,1.24704,0.459556,1.24704,0.459556,
1763897361622,1.24704,0.459556,1.24704,0.459556,
1763897361649,1.24704,0.459557,1.24704,0.459557,
1763897361686,1.24703,0.459557,1.24703,0.459557,
1763897361731,1.24703,0.459558,1.24703,0.459558,
1763897361763,1.24703,0.459558,1.24703,0.459558,
1763897361815,1.24703,0.459559,1.24703,0.459559,
1763897361850,1.24703,0.459559,1.24703,0.459559,
1763897361887,1.24703,0.459559,1.24703,0.459559,
1763897361927,1.24703,0.45956,1.24703,0.45956,
1763897361966,1.24703,0.45956,1.24703,0.45956,
1763897362006,1.24702,0.459561,1.24702,0.459561,
1763897362040,1.24702,0.459561,1.24702,0.459561,
1763897362071,1.24702,0.459561,1.24702,0.459561,
1763897362110,1.24702,0.459562,1.24702,0.459562,
1763897362140,1.24702,0.459562,1.24702,0.459562,
1763897362177,1.24702,0.459563,1.24702,0.459563,
1763897362224,1.24702,0.459563,1.24702,0.459563,
1763897362256,1.24702,0.459563,1.24702,0.459563,
1763897362291,1.24701,0.459564,1.24701,0.459564,
1763897362337,1.24701,0.459564,1.24701,0.459564,
1763897362387,1.24701,0.459564,1.24701,0.459564,
1763897362418,1.24701,0.459565,1.24701,0.459565,
1763897362457,1.24701,0.459565,1.24701,0.459565,
1763897362503,1.24701,0.459566,1.24701,0.459566,
1763897362531,1.24701,0.459566,1.24701,0.459566,
1763897362572,1.24701,0.459567,1.24701,0.459567,
1763897362614,1.247,0.459567,1.247,0.459567,
1763897362660,1.247,0.459567,1.247,0.459567,
1763897362692,1.247,0.459568,1.247,0.459568,
1763897362723,1.247,0.459568,1.247,0.459568,
1763897362755,1.247,0.459568,1.247,0.459569,
1763897362799,1.247,0.459569,1.247,0.459569,
1763897362830,1.247,0.459569,1.247,0.459569,
1763897362873,1.247,0.45957,1.247,0.45957,
1763897362909,1.24699,0.45957,1.24699,0.45957,
1763897362948,1.24699,0.45957,1.24699,0.45957,
1763897362977,1.24699,0.459571,1.24699,0.459571,
1763897363009,1.24699,0.459571,1.24699,0.459571,
1763897363051,1.24699,0.459572,1.24699,0.459572,
1763897363087,1.24699,0.459572,1.24699,0.459572,
1763897363118,1.24699,0.459572,1.24699,0.459572,
1763897363155,1.24699,0.459573,1.24699,0.459573,
1763897363205,1.24698,0.459573,1.24698,0.459573,
1763897363236,1.24698,0.459574,1.24698,0.459574,
1763897363271,1.24698,0.459574,1.24698,0.459574,
1763897363308,1.24698,0.459574,1.24698,0.459574,
1763897363352,1.24698,0.459575,1.24698,0.459575,
1763897363381,1.24698,0.459575,1.24698,0.459575,
1763897363418,1.24698,0.459576,1.24698,0.459576,
1763897363445,1.24698,0.459576,1.24698,0.459576,
1763897363491,1.24697,0.459576,1.24697,0.459576,
1763897363538,1.24697,0.459577,1.24697,0.459577,
1763897363563,1.24697,0.459577,1.24697,0.459577,
1763897363595,1.24697,0.459578,1.24697,0.459578,
1763897363625,1.24697,0.459578,1.24697,0.459578,
1763897363662,1.24697,0.459578,1.24697,0.459578,
1763897363705,1.24697,0.459579,1.24697,0.459579,
1763897363748,1.24697,0.459579,1.24697,0.459579,
1763897363793,1.24696,0.45958,1.24696,0.45958,
1763897363822,1.24696,0.45958,1.24696,0.45958,
1763897363867,1.24696,0.459581,1.24696,0.459581,
1763897363890,1.24696,0.459581,1.24696,0.459581,
1763897363929,1.24696,0.459581,1.24696,0.459581,
1763897363974,1.24696,0.459582,1.24696,0.459582,
1763897364005,1.24696,0.459582,1.24696,0.459582,
1763897364047,1.24696,0.459582,1.24696,0.459582,
1763897364082,1.24695,0.459583,1.24695,0.459583,
1763897364117,1.24695,0.459583,1.24695,0.459583,
1763897364148,1.24695,0.459584,1.24695,0.459584,
1763897364190,1.24695,0.459584,1.24695,0.459584,
1763897364228,1.24695,0.459584,1.24695,0.459584,
1763897364266,1.24695,0.459585,1.24695,0.459585,
1763897364307,1.24695,0.459585,1.24695,0.459585,
1763897364346,1.24695,0.459586,1.24695,0.459586,
1763897364391,1.24694,0.459586,1.24694,0.459586,
1763897364420,1.24694,0.459586,1.24694,0.459586,
1763897364460,1.24694,0.459587,1.24694,0.459587,
1763897364509,1.24694,0.459587,1.24694,0.459587,
1763897364552,1.24694,0.459588,1.24694,0.459588,
1763897364585,1.24694,0.459588,1.24694,0.459588,
1763897364626,1.24694,0.459588,1.24694,0.459588,
1763897364668,1.24694,0.459589,1.24694,0.459589,
1763897364707,1.24693,0.459589,1.24693,0.459589,
1763897364735,1.24693,0.45959,1.24693,0.45959,
1763897364780,1.24693,0.45959,1.24693,0.45959,
1763897364819,1.24693,0.45959,1.24693,0.45959,
1763897364871,1.24693,0.459591,1.24693,0.459591,
1763897364898,1.24693,0.459591,1.24693,0.459591,
1763897364935,1.24693,0.459592,1.24693,0.459592,
1763897364979,1.24693,0.459592,1.24693,0.459592,
1763897365011,1.24692,0.459592,1.24692,0.459592,
1763897365048,1.24692,0.459593,1.24692,0.459593,
1763897365092,1.24692,0.459593,1.24692,0.459593,
1763897365143,1.24692,0.459594,1.24692,0.459594,
1763897365165,1.24692,0.459594,1.24692,0.459594,
1763897365207,1.24692,0.459594,1.24692,0.459594,
1763897365246,1.24692,0.459595,1.24692,0.459595,
1763897365285,1.24691,0.459595,1.24691,0.459595,
1763897365324,1.24691,0.459595,1.24691,0.459595,
1763897365367,1.24691,0.459596,1.24691,0.459596,
1763897365411,1.24691,0.459596,1.24691,0.459596,
1763897365443,1.24691,0.459597,1.24691,0.459597,
1763897365476,1.24691,0.459597,1.24691,0.459597,
1763897365511,1.24691,0.459597,1.24691,0.459598,
1763897365549,1.24691,0.459598,1.24691,0.459598,
1763897365578,1.24691,0.459598,1.24691,0.459598,
1763897365624,1.2469,0.459599,1.2469,0.459599,
1763897365659,1.2469,0.459599,1.2469,0.459599,
1763897365689,1.2469,0.459599,1.2469,0.459599,
1763897365737,1.2469,0.4596,1.2469,0.4596,
1763897365787,1.2469,0.4596,1.2469,0.4596,
1763897365832,1.2469,0.459601,1.2469,0.459601,
1763897365865,1.2469,0.459601,1.2469,0.459601,
1763897365896,1.24689,0.459602,1.24689,0.459602,
1763897365937,1.24689,0.459602,1.24689,0.459602,
1763897365969,1.24689,0.459602,1.24689,0.459602,
1763897365999,1.24689,0.459603,1.24689,0.459603,
1763897366042,1.24689,0.459603,1.24689,0.459603,
1763897366073,1.24689,0.459603,1.24689,0.459603,
1763897366115,1.24689,0.459604,1.24689,0.459604,
1763897366163,1.24689,0.459604,1.24689,0.459604,
1763897366197,1.24689,0.459605,1.24689,0.459605,
1763897366235,1.24688,0.459605,1.24688,0.459605,
1763897366273,1.24688,0.459606,1.24688,0.459606,
1763897366314,1.24688,0.459606,1.24688,0.459606,
1763897366340,1.24688,0.459606,1.24688,0.459606,
1763897366381,1.24688,0.459607,1.24688,0.459607,
1763897366413,1.24688,0.459607,1.24688,0.459607,
1763897366450,1.24688,0.459607,1.24688,0.459607,
1763897366486,1.24687,0.459608,1.24687,0.459608,
1763897366524,1.24687,0.459608,1.24687,0.459608,
1763897366563,1.24687,0.459609,1.24687,0.459609,
1763897366602,1.24687,0.459609,1.24687,0.459609,
1763897366646,1.24687,0.459609,1.24687,0.459609,
1763897366675,1.24687,0.45961,1.24687,0.45961,
1763897366733,1.24687,0.45961,1.24687,0.45961,
1763897366767,1.24687,0.459611,1.24687,0.459611,
1763897366807,1.24686,0.459611,1.24686,0.459611,
1763897366834,1.24686,0.459611,1.24686,0.459611,
1763897366884,1.24686,0.459612,1.24686,0.459612,
1763897366921,1.24686,0.459612,1.24686,0.459612,
1763897366948,1.24686,0.459613,1.24686,0.459613,
1763897366985,1.24686,0.459613,1.24686,0.459613,
1763897367027,1.24686,0.459614,1.24686,0.459614,
1763897367051,1.24686,0.459614,1.24686,0.459614,
1763897367101,1.24685,0.459614,1.24685,0.459614,
1763897367143,1.24685,0.459615,1.24685,0.459615,
1763897367183,1.24685,0.459615,1.24685,0.459615,
1763897367233,1.24685,0.459615,1.24685,0.459615,
1763897367266,1.24685,0.459616,1.24685,0.459616,
1763897367303,1.24685,0.459616,1.24685,0.459616,
1763897367349,1.24685,0.459617,1.24685,0.459617,
1763897367395,1.24685,0.459617,1.24685,0.459617,
1763897367415,1.24684,0.459618,1.24684,0.459618,
1763897367451,1.24684,0.459618,1.24684,0.459618,
1763897367490,1.24684,0.459618,1.24684,0.459618,
1763897367528,1.24684,0.459618,1.24684,0.459619,
1763897367579,1.24684,0.459619,1.24684,0.459619,
1763897367615,1.24684,0.45962,1.24684,0.459619,
1763897367645,1.24684,0.45962,1.24684,0.45962,
1763897367700,1.24684,0.45962,1.24684,0.45962,
1763897367734,1.24683,0.459621,1.24683,0.459621,
1763897367772,1.24683,0.459621,1.24683,0.459621,
1763897367814,1.24683,0.459621,1.24683,0.459621,
1763897367851,1.24683,0.459622,1.24683,0.459622,
1763897367888,1.24683,0.459622,1.24683,0.459622,
1763897367919,1.24683,0.459622,1.24683,0.459622,
1763897367952,1.24683,0.459623,1.24683,0.459623,
1763897367995,1.24683,0.459623,1.24683,0.459623,
1763897368030,1.24682,0.459624,1.24682,0.459624,
1763897368066,1.24682,0.459624,1.24682,0.459624,
1763897368105,1.24682,0.459625,1.24682,0.459625,
1763897368143,1.24682,0.459625,1.24682,0.459625,
1763897368187,1.24682,0.459625,1.24682,0.459625,
1763897368227,1.24682,0.459626,1.24682,0.459626,
1763897368267,1.24682,0.459626,1.24682,0.459626,
1763897368309,1.24682,0.459627,1.24682,0.459627,
1763897368349,1.24681,0.459627,1.24681,0.459627,
1763897368380,1.24681,0.459628,1.24681,0.459628,
1763897368416,1.24681,0.459628,1.24681,0.459628,
1763897368447,1.24681,0.459628,1.24681,0.459628,
1763897368486,1.24681,0.459629,1.24681,0.459629,
1763897368525,1.24681,0.459629,1.24681,0.459629,
1763897368563,1.24681,0.459629,1.24681,0.459629,
1763897368603,1.24681,0.45963,1.24681,0.45963,
1763897368634,1.2468,0.45963,1.2468,0.45963,
1763897368676,1.2468,0.459631,1.2468,0.459631,
1763897368725,1.2468,0.459631,1.2468,0.459631,
1763897368754,1.2468,0.459631,1.2468,0.459631,
1763897368807,1.2468,0.459632,1.2468,0.459632,
1763897368854,1.2468,0.459632,1.2468,0.459632,
1763897368896,1.2468,0.459633,1.2468,0.459633,
1763897368942,1.2468,0.459633,1.2468,0.459633,
1763897368976,1.24679,0.459633,1.24679,0.459633,
1763897369024,1.24679,0.459634,1.24679,0.459634,
1763897369065,1.24679,0.459634,1.24679,0.459634,
1763897369099,1.24679,0.459635,1.24679,0.459635,
1763897369145,1.24679,0.459635,1.24679,0.459635,
1763897369186,1.24679,0.459635,1.24679,0.459635,
1763897369222,1.24679,0.459636,1.24679,0.459636,
1763897369258,1.24679,0.459636,1.24679,0.459636,
1763897369294,1.24678,0.459637,1.24678,0.459637,
1763897369341,1.24678,0.459637,1.24678,0.459637,
1763897369378,1.24678,0.459637,1.24678,0.459637,
1763897369423,1.24678,0.459638,1.24678,0.459638,
1763897369455,1.24678,0.459638,1.24678,0.459638,
1763897369495,1.24678,0.459639,1.24678,0.459638,
1763897369543,1.24678,0.459639,1.24678,0.459639,
1763897369589,1.24678,0.459639,1.24678,0.459639,
1763897369621,1.24677,0.45964,1.24677,0.45964,
1763897369657,1.24677,0.45964,1.24677,0.45964,
1763897369687,1.24677,0.459641,1.24677,0.459641,
1763897369722,1.24677,0.459641,1.24677,0.459641,
1763897369760,1.24677,0.459641,1.24677,0.459641,
1763897369794,1.24677,0.459642,1.24677,0.459642,
1763897369859,1.24677,0.459642,1.24677,0.459642,
1763897369888,1.24677,0.459643,1.24677,0.459643,
1763897369927,1.24676,0.459643,1.24676,0.459643,
1763897369952,1.24676,0.459643,1.24676,0.459643,
1763897370004,1.24676,0.459644,1.24676,0.459644,
1763897370036,1.24676,0.459644,1.24676,0.459644,
1763897370066,1.24676,0.459645,1.24676,0.459645,
1763897370110,1.24676,0.459645,1.24676,0.459645,
1763897370142,1.24676,0.459645,1.24676,0.459645,
1763897370178,1.24676,0.459646,1.24676,0.459646,
1763897370220,1.24675,0.459646,1.24675,0.459646,
1763897370248,1.24675,0.459646,1.24675,0.459647,
1763897370281,1.24675,0.459647,1.24675,0.459647,
1763897370321,1.24675,0.459647,1.24675,0.459647,
1763897370355,1.24675,0.459648,1.24675,0.459647,
1763897370403,1.24675,0.459648,1.24675,0.459648,
1763897370449,1.24675,0.459649,1.24675,0.459649,
1763897370486,1.24675,0.459649,1.24675,0.459649,
1763897370514,1.24674,0.459649,1.24674,0.459649,
1763897370555,1.24674,0.45965,1.24674,0.45965,
1763897370600,1.24674,0.45965,1.24674,0.45965,
1763897370631,1.24674,0.459651,1.24674,0.459651,
1763897370671,1.24674,0.459651,1.24674,0.459651,
1763897370705,1.24674,0.459651,1.24674,0.459651,
1763897370744,1.24674,0.459652,1.24674,0.459652,
1763897370787,1.24674,0.459652,1.24674,0.459652,
1763897370810,1.24673,0.459653,1.24673,0.459653,
1763897370853,1.24673,0.459653,1.24673,0.459653,
1763897370895,1.24673,0.459653,1.24673,0.459653,
1763897370934,1.24673,0.459654,1.24673,0.459653,
1763897370980,1.24673,0.459654,1.24673,0.459654,
1763897371011,1.24673,0.459655,1.24673,0.459655,
1763897371048,1.24673,0.459655,1.24673,0.459655,
1763897371090,1.24673,0.459655,1.24673,0.459655,
1763897371120,1.24672,0.459656,1.24672,0.459656,
1763897371157,1.24672,0.459656,1.24672,0.459656,
1763897371201,1.24672,0.459656,1.24672,0.459656,
1763897371224,1.24672,0.459657,1.24672,0.459657,
1763897371261,1.24672,0.459657,1.24672,0.459657,
1763897371294,1.24672,0.459658,1.24672,0.459658,
1763897371339,1.24672,0.459658,1.24672,0.459658,
1763897371373,1.24672,0.459659,1.24672,0.459659,
1763897371411,1.24671,0.459659,1.24671,0.459659,
1763897371446,1.24671,0.459659,1.24671,0.459659,
1763897371485,1.24671,0.45966,1.24671,0.45966,
1763897371517,1.24671,0.45966,1.24671,0.45966,
1763897371550,1.24671,0.45966,1.24671,0.45966,
1763897371587,1.24671,0.459661,1.24671,0.459661,
1763897371635,1.24671,0.459661,1.24671,0.459661,
1763897371676,1.24671,0.459662,1.24671,0.459662,
1763897371700,1.2467,0.459662,1.2467,0.459662,
1763897371741,1.2467,0.459662,1.2467,0.459662,
1763897371783,1.2467,0.459663,1.2467,0.459663,
1763897371810,1.2467,0.459663,1.2467,0.459663,
1763897371852,1.2467,0.459664,1.2467,0.459664,
1763897371895,1.2467,0.459664,1.2467,0.459664,
1763897371927,1.2467,0.459665,1.2467,0.459664,
1763897371962,1.2467,0.459665,1.2467,0.459665,
1763897372009,1.24669,0.459665,1.24669,0.459665,
1763897372041,1.24669,0.459666,1.24669,0.459666,
1763897372076,1.24669,0.459666,1.24669,0.459666,
1763897372124,1.24669,0.459666,1.24669,0.459666,
1763897372168,1.24669,0.459667,1.24669,0.459667,
1763897372200,1.24669,0.459667,1.24669,0.459667,
1763897372237,1.24669,0.459668,1.24669,0.459668,
1763897372280,1.24669,0.459668,1.24669,0.459668,
1763897372312,1.24668,0.459669,1.24668,0.459668,
1763897372348,1.24668,0.459669,1.24668,0.459669,
1763897372383,1.24668,0.459669,1.24668,0.459669,
1763897372417,1.24668,0.45967,1.24668,0.45967,
1763897372462,1.24668,0.45967,1.24668,0.45967,
1763897372499,1.24668,0.45967,1.24668,0.45967,
1763897372531,1.24668,0.459671,1.24668,0.459671,
1763897372574,1.24668,0.459671,1.24668,0.459671,
1763897372642,1.24667,0.459672,1.24667,0.459672,
1763897372685,1.24667,0.459672,1.24667,0.459672,
1763897372737,1.24667,0.459673,1.24667,0.459673,
1763897372772,1.24667,0.459673,1.24667,0.459673,
1763897372822,1.24667,0.459673,1.24667,0.459673,
1763897372875,1.24667,0.459674,1.24667,0.459674,
1763897372898,1.24667,0.459674,1.24667,0.459674,
1763897372941,1.24667,0.459674,1.24667,0.459674,
1763897372969,1.24666,0.459675,1.24666,0.459675,
1763897373007,1.24666,0.459675,1.24666,0.459675,
1763897373052,1.24666,0.459676,1.24666,0.459676,
1763897373078,1.24666,0.459676,1.24666,0.459676,
1763897373116,1.24666,0.459676,1.24666,0.459676,
1763897373159,1.24666,0.459677,1.24666,0.459677,
1763897373195,1.24666,0.459677,1.24666,0.459677,
1763897373222,1.24666,0.459678,1.24666,0.459678,
1763897373268,1.24665,0.459678,1.24665,0.459678,
1763897373306,1.24665,0.459678,1.24665,0.459678,
1763897373354,1.24665,0.459679,1.24665,0.459679,
1763897373387,1.24665,0.459679,1.24665,0.459679,
1763897373416,1.24665,0.45968,1.24665,0.45968,
1763897373460,1.24665,0.45968,1.24665,0.45968,
1763897373492,1.24665,0.45968,1.24665,0.45968,
1763897373533,1.24665,0.459681,1.24665,0.459681,
1763897373585,1.24664,0.459681,1.24664,0.459681,
1763897373614,1.24664,0.459682,1.24664,0.459682,
1763897373652,1.24664,0.459682,1.24664,0.459682,
1763897373695,1.24664,0.459682,1.24664,0.459682,
1763897373730,1.24664,0.459683,1.24664,0.459683,
1763897373761,1.24664,0.459683,1.24664,0.459683,
1763897373802,1.24664,0.459683,1.24664,0.459683,
1763897373839,1.24664,0.459684,1.24664,0.459684,
1763897373885,1.24663,0.459684,1.24663,0.459684,
1763897373919,1.24663,0.459685,1.24663,0.459685,
1763897373964,1.24663,0.459685,1.24663,0.459685,
1763897374001,1.24663,0.459686,1.24663,0.459686,
1763897374045,1.24663,0.459686,1.24663,0.459686,
1763897374076,1.24663,0.459686,1.24663,0.459686,
1763897374119,1.24663,0.459687,1.24663,0.459687,
1763897374161,1.24663,0.459687,1.24663,0.459687,
1763897374198,1.24662,0.459687,1.24662,0.459687,
1763897374238,1.24662,0.459688,1.24662,0.459688,
1763897374280,1.24662,0.459688,1.24662,0.459688,
1763897374323,1.24662,0.459689,1.24662,0.459689,
1763897374352,1.24662,0.459689,1.24662,0.459689,
1763897374394,1.24662,0.45969,1.24662,0.45969,
1763897374431,1.24662,0.45969,1.24662,0.45969,
1763897374462,1.24662,0.45969,1.24662,0.45969,
1763897374503,1.24661,0.459691,1.24661,0.459691,
1763897374543,1.24661,0.459691,1.24661,0.459691,
1763897374579,1.24661,0.459692,1.24661,0.459692,
1763897374620,1.24661,0.459692,1.24661,0.459692,
1763897374653,1.24661,0.459692,1.24661,0.459692,
1763897374683,1.24661,0.459693,1.24661,0.459693,
1763897374725,1.24661,0.459693,1.24661,0.459693,
1763897374778,1.24661,0.459693,1.24661,0.459693,
1763897374816,1.2466,0.459694,1.2466,0.459694,
1763897374858,1.2466,0.459694,1.2466,0.459694,
1763897374900,1.2466,0.459695,1.2466,0.459695,
1763897374934,1.2466,0.459695,1.2466,0.459695,
1763897374970,1.2466,0.459695,1.2466,0.459695,
1763897375004,1.2466,0.459696,1.2466,0.459696,
1763897375035,1.2466,0.459696,1.2466,0.459696,
1763897375079,1.2466,0.459697,1.2466,0.459697,
1763897375108,1.24659,0.459697,1.24659,0.459697,
1763897375156,1.24659,0.459698,1.24659,0.459697,
1763897375193,1.24659,0.459698,1.24659,0.459698,
1763897375241,1.24659,0.459698,1.24659,0.459698,
1763897375274,1.24659,0.459699,1.24659,0.459699,
1763897375307,1.24659,0.459699,1.24659,0.459699,
1763897375339,1.24659,0.459699,1.24659,0.459699,
1763897375393,1.24659,0.4597,1.24659,0.4597,
1763897375436,1.24658,0.4597,1.24658,0.4597,
1763897375468,1.24658,0.459701,1.24658,0.459701,
1763897375502,1.24658,0.459701,1.24658,0.459701,
1763897375547,1.24658,0.459701,1.24658,0.459701,
1763897375595,1.24658,0.459702,1.24658,0.459702,
1763897375621,1.24658,0.459702,1.24658,0.459702,
1763897375657,1.24658,0.459703,1.24658,0.459703,
1763897375693,1.24658,0.459703,1.24658,0.459703,
1763897375725,1.24657,0.459703,1.24657,0.459703,
1763897375757,1.24657,0.459704,1.24657,0.459704,
1763897375796,1.24657,0.459704,1.24657,0.459704,
1763897375834,1.24657,0.459705,1.24657,0.459705,
1763897375866,1.24657,0.459705,1.24657,0.459705,
1763897375904,1.24657,0.459706,1.24657,0.459706,
1763897375945,1.24657,0.459706,1.24657,0.459706,
1763897375984,1.24657,0.459706,1.24657,0.459706,
1763897376016,1.24656,0.459707,1.24656,0.459707,
1763897376059,1.24656,0.459707,1.24656,0.459707,
1763897376093,1.24656,0.459707,1.24656,0.459707,
1763897376138,1.24656,0.459708,1.24656,0.459708,
1763897376185,1.24656,0.459708,1.24656,0.459708,
1763897376205,1.24656,0.459709,1.24656,0.459709,
1763897376242,1.24656,0.459709,1.24656,0.459709,
1763897376274,1.24656,0.45971,1.24656,0.459709,
1763897376318,1.24655,0.45971,1.24655,0.45971,
1763897376349,1.24655,0.45971,1.24655,0.45971,
1763897376384,1.24655,0.459711,1.24655,0.459711,
1763897376424,1.24655,0.459711,1.24655,0.459711,
1763897376460,1.24655,0.459712,1.24655,0.459712,
1763897376499,1.24655,0.459712,1.24655,0.459712,
1763897376528,1.24655,0.459712,1.24655,0.459712,
1763897376560,1.24655,0.459712,1.24655,0.459713,
1763897376605,1.24654,0.459713,1.24654,0.459713,
1763897376656,1.24654,0.459713,1.24654,0.459713,
1763897376682,1.24654,0.459714,1.24654,0.459714,
1763897376728,1.24654,0.459714,1.24654,0.459714,
1763897376763,1.24654,0.459715,1.24654,0.459715,
1763897376799,1.24654,0.459715,1.24654,0.459715,
1763897376838,1.24654,0.459715,1.24654,0.459715,
1763897376867,1.24654,0.459716,1.24654,0.459716,
1763897376903,1.24653,0.459716,1.24653,0.459716,
1763897376943,1.24653,0.459717,1.24653,0.459717,
1763897376983,1.24653,0.459717,1.24653,0.459717,
1763897377015,1.24653,0.459717,1.24653,0.459717,
1763897377058,1.24653,0.459718,1.24653,0.459718,
1763897377088,1.24653,0.459718,1.24653,0.459718,
1763897377120,1.24653,0.459718,1.24653,0.459718,
1763897377164,1.24653,0.459719,1.24653,0.459719,
1763897377196,1.24652,0.459719,1.24652,0.459719,
1763897377225,1.24652,0.45972,1.24652,0.45972,
1763897377265,1.24652,0.45972,1.24652,0.45972,
1763897377319,1.24652,0.459721,1.24652,0.459721,
1763897377345,1.24652,0.459721,1.24652,0.459721,
1763897377382,1.24652,0.459721,1.24652,0.459721,
1763897377426,1.24652,0.459722,1.24652,0.459722,
1763897377464,1.24652,0.459722,1.24652,0.459722,
1763897377496,1.24651,0.459723,1.24651,0.459723,
1763897377539,1.24651,0.459723,1.24651,0.459723,
1763897377582,1.24651,0.459723,1.24651,0.459723,
1763897377616,1.24651,0.459724,1.24651,0.459724,
1763897377654,1.24651,0.459724,1.24651,0.459724,
1763897377700,1.24651,0.459724,1.24651,0.459725,
1763897377743,1.24651,0.459725,1.24651,0.459725,
1763897377771,1.24651,0.459725,1.24651,0.459725,
1763897377821,1.2465,0.459726,1.2465,0.459726,
1763897377856,1.2465,0.459726,1.2465,0.459726,
1763897377892,1.2465,0.459727,1.2465,0.459726,
1763897377932,1.2465,0.459727,1.2465,0.459727,
1763897377976,1.2465,0.459727,1.2465,0.459727,
1763897378008,1.2465,0.459728,1.2465,0.459728,
1763897378045,1.2465,0.459728,1.2465,0.459728,
1763897378082,1.2465,0.459729,1.2465,0.459729,
1763897378121,1.24649,0.459729,1.24649,0.459729,
1763897378156,1.24649,0.459729,1.24649,0.459729,
1763897378194,1.24649,0.45973,1.24649,0.45973,
1763897378235,1.24649,0.45973,1.24649,0.45973,
1763897378271,1.24649,0.459731,1.24649,0.459731,
1763897378304,1.24649,0.459731,1.24649,0.459731,
1763897378354,1.24649,0.459731,1.24649,0.459731,
1763897378390,1.24649,0.459731,1.24649,0.459732,
1763897378444,1.24648,0.459732,1.24648,0.459732,
1763897378472,1.24648,0.459732,1.24648,0.459732,
1763897378515,1.24648,0.459733,1.24648,0.459733,
1763897378551,1.24648,0.459733,1.24648,0.459733,
1763897378590,1.24648,0.459734,1.24648,0.459734,
1763897378639,1.24648,0.459734,1.24648,0.459734,
1763897378685,1.24648,0.459735,1.24648,0.459735,
1763897378729,1.24648,0.459735,1.24648,0.459735,
1763897378767,1.24647,0.459735,1.24647,0.459735,
1763897378800,1.24647,0.459736,1.24647,0.459736,
1763897378839,1.24647,0.459736,1.24647,0.459736,
1763897378870,1.24647,0.459736,1.24647,0.459736,
1763897378915,1.24647,0.459737,1.24647,0.459737,
1763897378946,1.24647,0.459737,1.24647,0.459737,
1763897378985,1.24647,0.459738,1.24647,0.459738,
1763897379037,1.24647,0.459738,1.24646,0.459738,
1763897379065,1.24646,0.459738,1.24646,0.459738,
1763897379098,1.24646,0.459739,1.24646,0.459739,
1763897379137,1.24646,0.459739,1.24646,0.459739,
1763897379172,1.24646,0.45974,1.24646,0.45974,
1763897379210,1.24646,0.45974,1.24646,0.45974,
1763897379257,1.24646,0.45974,1.24646,0.45974,
1763897379296,1.24646,0.459741,1.24646,0.459741,
1763897379326,1.24645,0.459741,1.24645,0.459741,
1763897379359,1.24645,0.459742,1.24645,0.459741,
1763897379397,1.24645,0.459742,1.24645,0.459742,
1763897379439,1.24645,0.459743,1.24645,0.459743,
1763897379468,1.24645,0.459743,1.24645,0.459743,
1763897379499,1.24645,0.459743,1.24645,0.459743,
1763897379534,1.24645,0.459744,1.24645,0.459744,
1763897379571,1.24645,0.459744,1.24645,0.459744,
1763897379609,1.24644,0.459744,1.24644,0.459744,
1763897379652,1.24644,0.459745,1.24644,0.459745,
1763897379690,1.24644,0.459745,1.24644,0.459745,
1763897379720,1.24644,0.459746,1.24644,0.459746,
1763897379763,1.24644,0.459746,1.24644,0.459746,
1763897379810,1.24644,0.459746,1.24644,0.459746,
1763897379855,1.24644,0.459747,1.24644,0.459747,
1763897379877,1.24644,0.459747,1.24644,0.459747,
1763897379915,1.24643,0.459748,1.24643,0.459748,
1763897379956,1.24643,0.459748,1.24643,0.459748,
1763897379991,1.24643,0.459748,1.24643,0.459748,
1763897380022,1.24643,0.459749,1.24643,0.459749,
1763897380061,1.24643,0.459749,1.24643,0.459749,
1763897380105,1.24643,0.45975,1.24643,0.45975,
1763897380141,1.24643,0.45975,1.24643,0.45975,
1763897380172,1.24643,0.45975,1.24643,0.45975,
1763897380212,1.24642,0.459751,1.24642,0.459751,
1763897380254,1.24642,0.459751,1.24642,0.459751,
1763897380296,1.24642,0.459752,1.24642,0.459752,
1763897380328,1.24642,0.459752,1.24642,0.459752,
1763897380368,1.24642,0.459752,1.24642,0.459752,
1763897380412,1.24642,0.459753,1.24642,0.459753,
1763897380447,1.24642,0.459753,1.24642,0.459753,
1763897380484,1.24642,0.459754,1.24642,0.459754,
1763897380521,1.24641,0.459754,1.24641,0.459754,
1763897380556,1.24641,0.459754,1.24641,0.459754,
1763897380599,1.24641,0.459755,1.24641,0.459755,
1763897380628,1.24641,0.459755,1.24641,0.459755,
1763897380668,1.24641,0.459756,1.24641,0.459756,
1763897380697,1.24641,0.459756,1.24641,0.459756,
1763897380736,1.24641,0.459756,1.24641,0.459756,
1763897380777,1.24641,0.459757,1.24641,0.459757,
1763897380811,1.2464,0.459757,1.2464,0.459757,
1763897380851,1.2464,0.459758,1.2464,0.459758,
1763897380887,1.2464,0.459758,1.2464,0.459758,
1763897380927,1.2464,0.459758,1.2464,0.459758,
1763897380961,1.2464,0.459759,1.2464,0.459759,
1763897381002,1.2464,0.459759,1.2464,0.459759,
1763897381043,1.2464,0.45976,1.2464,0.45976,
1763897381078,1.2464,0.45976,1.2464,0.45976,
1763897381123,1.24639,0.45976,1.24639,0.45976,
1763897381155,1.24639,0.459761,1.24639,0.459761,
1763897381188,1.24639,0.459761,1.24639,0.459761,
1763897381230,1.24639,0.459762,1.24639,0.459762,
1763897381274,1.24639,0.459762,1.24639,0.459762,
1763897381311,1.24639,0.459762,1.24639,0.459762,
1763897381357,1.24639,0.459763,1.24639,0.459763,
1763897381392,1.24639,0.459763,1.24639,0.459763,
1763897381433,1.24638,0.459763,1.24638,0.459763,
1763897381462,1.24638,0.459764,1.24638,0.459764,
1763897381501,1.24638,0.459764,1.24638,0.459764,
1763897381541,1.24638,0.459765,1.24638,0.459765,
1763897381580,1.24638,0.459765,1.24638,0.459765,
1763897381613,1.24638,0.459765,1.24638,0.459765,
1763897381655,1.24638,0.459766,1.24638,0.459766,
1763897381692,1.24638,0.459766,1.24638,0.459766,
1763897381728,1.24637,0.459767,1.24637,0.459767,
1763897381767,1.24637,0.459767,1.24637,0.459767,
1763897381812,1.24637,0.459767,1.24637,0.459767,
1763897381846,1.24637,0.459768,1.24637,0.459768,
1763897381882,1.24637,0.459768,1.24637,0.459768,
1763897381916,1.24637,0.459769,1.24637,0.459769,
1763897381956,1.24637,0.459769,1.24637,0.459769,
1763897382004,1.24637,0.459769,1.24637,0.459769,
1763897382039,1.24636,0.45977,1.24636,0.45977,
1763897382070,1.24636,0.45977,1.24636,0.45977,
1763897382117,1.24636,0.459771,1.24636,0.459771,
1763897382158,1.24636,0.459771,1.24636,0.459771,
1763897382194,1.24636,0.459771,1.24636,0.459771,
1763897382227,1.24636,0.459772,1.24636,0.459772,
1763897382277,1.24636,0.459772,1.24636,0.459772,
1763897382321,1.24636,0.459773,1.24636,0.459773,
1763897382348,1.24635,0.459773,1.24635,0.459773,
1763897382392,1.24635,0.459773,1.24635,0.459773,
1763897382429,1.24635,0.459774,1.24635,0.459774,
1763897382468,1.24635,0.459774,1.24635,0.459774,
1763897382507,1.24635,0.459775,1.24635,0.459775,
1763897382552,1.24635,0.459775,1.24635,0.459775,
1763897382588,1.24635,0.459775,1.24635,0.459775,
1763897382618,1.24635,0.459776,1.24635,0.459776,
1763897382667,1.24634,0.459776,1.24634,0.459776,
1763897382700,1.24634,0.459777,1.24634,0.459777,
1763897382740,1.24634,0.459777,1.24634,0.459777,
1763897382776,1.24634,0.459778,1.24634,0.459777,
1763897382812,1.24634,0.459778,1.24634,0.459778,
1763897382843,1.24634,0.459778,1.24634,0.459778,
1763897382888,1.24634,0.459779,1.24634,0.459779,
1763897382921,1.24634,0.459779,1.24634,0.459779,
1763897382960,1.24633,0.45978,1.24633,0.45978,
1763897382992,1.24633,0.45978,1.24633,0.45978,
1763897383035,1.24633,0.45978,1.24633,0.45978,
1763897383067,1.24633,0.45978,1.24633,0.45978,
1763897383102,1.24633,0.459781,1.24633,0.459781,
1763897383149,1.24633,0.459781,1.24633,0.459781,
1763897383187,1.24633,0.459782,1.24633,0.459782,
1763897383235,1.24633,0.459782,1.24633,0.459782,
1763897383261,1.24632,0.459783,1.24632,0.459783,
1763897383306,1.24632,0.459783,1.24632,0.459783,
1763897383353,1.24632,0.459783,1.24632,0.459783,
1763897383375,1.24632,0.459784,1.24632,0.459784,
1763897383413,1.24632,0.459784,1.24632,0.459784,
1763897383454,1.24632,0.459785,1.24632,0.459784,
1763897383486,1.24632,0.459785,1.24632,0.459785,
1763897383532,1.24632,0.459785,1.24632,0.459785,
1763897383570,1.24631,0.459786,1.24631,0.459786,
1763897383610,1.24631,0.459786,1.24631,0.459786,
1763897383647,1.24631,0.459787,1.24631,0.459787,
1763897383685,1.24631,0.459787,1.24631,0.459787,
1763897383725,1.24631,0.459787,1.24631,0.459787,
1763897383755,1.24631,0.459788,1.24631,0.459788,
1763897383803,1.24631,0.459788,1.24631,0.459788,
1763897383834,1.24631,0.459789,1.24631,0.459789,
1763897383883,1.2463,0.459789,1.2463,0.459789,
1763897383915,1.2463,0.459789,1.2463,0.459789,
1763897383959,1.2463,0.45979,1.2463,0.45979,
1763897383985,1.2463,0.45979,1.2463,0.45979,
1763897384028,1.2463,0.45979,1.2463,0.459791,
1763897384063,1.2463,0.459791,1.2463,0.459791,
1763897384103,1.2463,0.459791,1.2463,0.459791,
1763897384141,1.2463,0.459792,1.2463,0.459792,
1763897384187,1.24629,0.459792,1.24629,0.459792,
1763897384213,1.24629,0.459793,1.24629,0.459793,
1763897384256,1.24629,0.459793,1.24629,0.459793,
1763897384295,1.24629,0.459793,1.24629,0.459793,
1763897384327,1.24629,0.459794,1.24629,0.459794,
1763897384368,1.24629,0.459794,1.24629,0.459794,
1763897384410,1.24629,0.459795,1.24629,0.459795,
1763897384447,1.24629,0.459795,1.24629,0.459795,
1763897384487,1.24628,0.459795,1.24628,0.459795,
1763897384525,1.24628,0.459796,1.24628,0.459796,
1763897384565,1.24628,0.459796,1.24628,0.459796,
1763897384604,1.24628,0.459797,1.24628,0.459797,
1763897384641,1.24628,0.459797,1.24628,0.459797,
1763897384680,1.24628,0.459797,1.24628,0.459797,
1763897384715,1.24628,0.459798,1.24628,0.459798,
1763897384754,1.24628,0.459798,1.24628,0.459798,
1763897384785,1.24627,0.459799,1.24627,0.459799,
1763897384827,1.24627,0.459799,1.24627,0.459799,
1763897384864,1.24627,0.459799,1.24627,0.459799,
1763897384895,1.24627,0.4598,1.24627,0.4598,
1763897384938,1.24627,0.4598,1.24627,0.4598,
1763897384975,1.24627,0.4598,1.24627,0.4598,
1763897385003,1.24627,0.459801,1.24627,0.459801,
1763897385042,1.24627,0.459801,1.24627,0.459801,
1763897385074,1.24626,0.459802,1.24626,0.459802,
1763897385112,1.24626,0.459802,1.24626,0.459802,
1763897385153,1.24626,0.459803,1.24626,0.459803,
1763897385192,1.24626,0.459803,1.24626,0.459803,
1763897385231,1.24626,0.459803,1.24626,0.459803,
1763897385270,1.24626,0.459804,1.24626,0.459804,
1763897385300,1.24626,0.459804,1.24626,0.459804,
1763897385340,1.24626,0.459805,1.24626,0.459805,
1763897385374,1.24625,0.459805,1.24625,0.459805,
1763897385412,1.24625,0.459805,1.24625,0.459805,
1763897385456,1.24625,0.459806,1.24625,0.459806,
1763897385492,1.24625,0.459806,1.24625,0.459806,
1763897385526,1.24625,0.459806,1.24625,0.459807,
1763897385563,1.24625,0.459807,1.24625,0.459807,
1763897385597,1.24625,0.459807,1.24625,0.459807,
1763897385640,1.24625,0.459808,1.24625,0.459808,
1763897385674,1.24624,0.459808,1.24624,0.459808,
1763897385724,1.24624,0.459808,1.24624,0.459809,
1763897385761,1.24624,0.459809,1.24624,0.459809,
1763897385795,1.24624,0.459809,1.24624,0.459809,
1763897385838,1.24624,0.45981,1.24624,0.45981,
1763897385875,1.24624,0.45981,1.24624,0.45981,
1763897385902,1.24624,0.459811,1.24624,0.459811,
1763897385937,1.24624,0.459811,1.24624,0.459811,
1763897385980,1.24623,0.459811,1.24623,0.459811,
1763897386020,1.24623,0.459812,1.24623,0.459812,
1763897386063,1.24623,0.459812,1.24623,0.459812,
1763897386087,1.24623,0.459812,1.24623,0.459812,
1763897386128,1.24623,0.459813,1.24623,0.459813,
1763897386168,1.24623,0.459813,1.24623,0.459813,
1763897386205,1.24623,0.459814,1.24623,0.459814,
1763897386237,1.24623,0.459814,1.24623,0.459814,
1763897386273,1.24622,0.459815,1.24622,0.459815,
1763897386301,1.24622,0.459815,1.24622,0.459815,
1763897386341,1.24622,0.459815,1.24622,0.459815,
1763897386368,1.24622,0.459816,1.24622,0.459816,
1763897386409,1.24622,0.459816,1.24622,0.459816,
1763897386462,1.24622,0.459816,1.24622,0.459816,
1763897386491,1.24622,0.459817,1.24622,0.459817,
1763897386523,1.24622,0.459817,1.24622,0.459817,
1763897386563,1.24621,0.459818,1.24621,0.459818,
1763897386591,1.24621,0.459818,1.24621,0.459818,
1763897386631,1.24621,0.459819,1.24621,0.459818,
1763897386672,1.24621,0.459819,1.24621,0.459819,
1763897386706,1.24621,0.459819,1.24621,0.459819,
1763897386746,1.24621,0.45982,1.24621,0.45982,
1763897386787,1.24621,0.45982,1.24621,0.45982,
1763897386825,1.24621,0.45982,1.24621,0.45982,
1763897386861,1.2462,0.459821,1.2462,0.459821,
1763897386901,1.2462,0.459821,1.2462,0.459821,
1763897386938,1.2462,0.459821,1.2462,0.459821,
1763897386981,1.2462,0.459822,1.2462,0.459822,
1763897387025,1.2462,0.459822,1.2462,0.459822,
1763897387066,1.2462,0.459823,1.2462,0.459823,
1763897387115,1.2462,0.459823,1.2462,0.459823,
1763897387165,1.2462,0.459824,1.2462,0.459824,
1763897387207,1.24619,0.459824,1.24619,0.459824,
1763897387247,1.24619,0.459824,1.24619,0.459824,
1763897387290,1.24619,0.459825,1.24619,0.459825,
1763897387318,1.24619,0.459825,1.24619,0.459825,
1763897387354,1.24619,0.459826,1.24619,0.459826,
1763897387391,1.24619,0.459826,1.24619,0.459826,
1763897387421,1.24619,0.459826,1.24619,0.459826,
1763897387460,1.24619,0.459827,1.24619,0.459827,
1763897387508,1.24618,0.459827,1.24618,0.459827,
1763897387547,1.24618,0.459828,1.24618,0.459828,
1763897387592,1.24618,0.459828,1.24618,0.459828,
1763897387628,1.24618,0.459828,1.24618,0.459828,
1763897387657,1.24618,0.459829,1.24618,0.459829,
1763897387688,1.24618,0.459829,1.24618,0.459829,
1763897387722,1.24618,0.459829,1.24618,0.459829,
1763897387761,1.24618,0.45983,1.24618,0.45983,
1763897387811,1.24617,0.45983,1.24617,0.45983,
1763897387840,1.24617,0.459831,1.24617,0.459831,
1763897387877,1.24617,0.459831,1.24617,0.459831,
1763897387923,1.24617,0.459832,1.24617,0.459832,
1763897387955,1.24617,0.459832,1.24617,0.459832,
1763897387989,1.24617,0.459832,1.24617,0.459832,
1763897388032,1.24617,0.459833,1.24617,0.459833,
1763897388078,1.24617,0.459833,1.24617,0.459833,
1763897388115,1.24616,0.459833,1.24616,0.459833,
1763897388149,1.24616,0.459834,1.24616,0.459834,
1763897388191,1.24616,0.459835,1.24616,0.459834,
1763897388235,1.24616,0.459835,1.24616,0.459835,
1763897388262,1.24616,0.459835,1.24616,0.459835,
1763897388301,1.24616,0.459835,1.24616,0.459835,
1763897388349,1.24616,0.459836,1.24616,0.459836,
1763897388395,1.24616,0.459836,1.24616,0.459836,
1763897388422,1.24615,0.459837,1.24615,0.459837,
1763897388467,1.24615,0.459837,1.24615,0.459837,
1763897388501,1.24615,0.459838,1.24615,0.459838,
1763897388540,1.24615,0.459838,1.24615,0.459838,
1763897388587,1.24615,0.459838,1.24615,0.459838,
1763897388615,1.24615,0.459839,1.24615,0.459839,
1763897388645,1.24615,0.459839,1.24615,0.459839,
1763897388682,1.24615,0.459839,1.24615,0.459839,
1763897388724,1.24614,0.45984,1.24614,0.45984,
1763897388764,1.24614,0.45984,1.24614,0.45984,
1763897388806,1.24614,0.459841,1.24614,0.459841,
1763897388840,1.24614,0.459841,1.24614,0.459841,
1763897388882,1.24614,0.459842,1.24614,0.459841,
1763897388914,1.24614,0.459842,1.24614,0.459842,
1763897388941,1.24614,0.459842,1.24614,0.459842,
1763897388983,1.24614,0.459843,1.24614,0.459843,
1763897389021,1.24613,0.459843,1.24613,0.459843,
1763897389060,1.24613,0.459843,1.24613,0.459843,
1763897389108,1.24613,0.459844,1.24613,0.459844,
1763897389147,1.24613,0.459844,1.24613,0.459844,
1763897389175,1.24613,0.459845,1.24613,0.459845,
1763897389220,1.24613,0.459845,1.24613,0.459845,
1763897389272,1.24613,0.459846,1.24613,0.459846,
1763897389297,1.24613,0.459846,1.24613,0.459846,
1763897389340,1.24612,0.459846,1.24612,0.459846,
1763897389370,1.24612,0.459847,1.24612,0.459847,
1763897389410,1.24612,0.459847,1.24612,0.459847,
1763897389443,1.24612,0.459847,1.24612,0.459847,
1763897389480,1.24612,0.459848,1.24612,0.459848,
1763897389519,1.24612,0.459848,1.24612,0.459848,
1763897389556,1.24612,0.459849,1.24612,0.459849,
1763897389586,1.24612,0.459849,1.24612,0.459849,
1763897389631,1.24611,0.45985,1.24611,0.45985,
1763897389665,1.24611,0.45985,1.24611,0.45985,
1763897389704,1.24611,0.45985,1.24611,0.45985,
1763897389742,1.24611,0.459851,1.24611,0.459851,
1763897389782,1.24611,0.459851,1.24611,0.459851,
1763897389825,1.24611,0.459851,1.24611,0.459851,
1763897389854,1.24611,0.459852,1.24611,0.459852,
1763897389897,1.24611,0.459852,1.24611,0.459852,
1763897389936,1.2461,0.459853,1.2461,0.459853,
1763897389968,1.2461,0.459853,1.2461,0.459853,
1763897390005,1.2461,0.459854,1.2461,0.459853,
1763897390047,1.2461,0.459854,1.2461,0.459854,
1763897390083,1.2461,0.459854,1.2461,0.459854,
1763897390125,1.2461,0.459855,1.2461,0.459855,
1763897390162,1.2461,0.459855,1.2461,0.459855,
1763897390203,1.2461,0.459855,1.2461,0.459855,
1763897390238,1.24609,0.459856,1.24609,0.459856,
1763897390283,1.24609,0.459856,1.24609,0.459856,
1763897390314,1.24609,0.459856,1.24609,0.459856,
1763897390359,1.24609,0.459857,1.24609,0.459857,
1763897390382,1.24609,0.459857,1.24609,0.459857,
1763897390422,1.24609,0.459858,1.24609,0.459858,
1763897390466,1.24609,0.459858,1.24609,0.459858,
1763897390497,1.24609,0.459859,1.24609,0.459858,
1763897390534,1.24608,0.459859,1.24608,0.459859,
1763897390577,1.24608,0.459859,1.24608,0.459859,
1763897390609,1.24608,0.45986,1.24608,0.45986,
1763897390652,1.24608,0.45986,1.24608,0.45986,
1763897390690,1.24608,0.45986,1.24608,0.45986,
1763897390736,1.24608,0.459861,1.24608,0.459861,
1763897390765,1.24608,0.459861,1.24608,0.459861,
1763897390801,1.24608,0.459862,1.24608,0.459862,
1763897390847,1.24607,0.459862,1.24607,0.459862,
1763897390887,1.24607,0.459863,1.24607,0.459863,
1763897390919,1.24607,0.459863,1.24607,0.459863,
1763897390961,1.24607,0.459863,1.24607,0.459863,
1763897391000,1.24607,0.459864,1.24607,0.459864,
1763897391033,1.24607,0.459864,1.24607,0.459864,
1763897391068,1.24607,0.459864,1.24607,0.459864,
1763897391106,1.24607,0.459865,1.24607,0.459865,
1763897391143,1.24606,0.459865,1.24606,0.459865,
1763897391182,1.24606,0.459866,1.24606,0.459866,
1763897391217,1.24606,0.459866,1.24606,0.459866,
1763897391258,1.24606,0.459867,1.24606,0.459867,
1763897391297,1.24606,0.459867,1.24606,0.459867,
1763897391339,1.24606,0.459867,1.24606,0.459867,
1763897391390,1.24606,0.459868,1.24606,0.459868,
1763897391424,1.24606,0.459868,1.24606,0.459868,
1763897391454,1.24605,0.459868,1.24605,0.459868,
1763897391497,1.24605,0.459869,1.24605,0.459869,
1763897391527,1.24605,0.459869,1.24605,0.459869,
1763897391562,1.24605,0.45987,1.24605,0.45987,
1763897391608,1.24605,0.45987,1.24605,0.45987,
1763897391646,1.24605,0.459871,1.24605,0.459871,
1763897391678,1.24605,0.459871,1.24605,0.459871,
1763897391715,1.24605,0.459871,1.24605,0.459871,
1763897391754,1.24604,0.459872,1.24604,0.459872,
1763897391790,1.24604,0.459872,1.24604,0.459872,
1763897391826,1.24604,0.459872,1.24604,0.459872,
1763897391863,1.24604,0.459873,1.24604,0.459873,
1763897391898,1.24604,0.459873,1.24604,0.459873,
1763897391942,1.24604,0.459874,1.24604,0.459874,
1763897391987,1.24604,0.459874,1.24604,0.459874,
1763897392033,1.24604,0.459875,1.24604,0.459875,
1763897392071,1.24603,0.459875,1.24603,0.459875,
1763897392107,1.24603,0.459875,1.24603,0.459875,
1763897392147,1.24603,0.459876,1.24603,0.459876,
1763897392193,1.24603,0.459876,1.24603,0.459876,
1763897392222,1.24603,0.459876,1.24603,0.459876,
1763897392267,1.24603,0.459877,1.24603,0.459877,
1763897392301,1.24603,0.459877,1.24603,0.459877,
1763897392335,1.24602,0.459878,1.24602,0.459878,
1763897392371,1.24602,0.459878,1.24602,0.459878,
1763897392408,1.24602,0.459878,1.24602,0.459878,
1763897392452,1.24602,0.459879,1.24602,0.459879,
1763897392484,1.24602,0.459879,1.24602,0.459879,
1763897392518,1.24602,0.45988,1.24602,0.45988,
1763897392560,1.24602,0.45988,1.24602,0.45988,
1763897392595,1.24602,0.45988,1.24602,0.45988,
1763897392630,1.24601,0.459881,1.24601,0.459881,
1763897392676,1.24601,0.459881,1.24601,0.459881,
1763897392718,1.24601,0.459882,1.24601,0.459882,
1763897392753,1.24601,0.459882,1.24601,0.459882,
1763897392797,1.24601,0.459882,1.24601,0.459882,
1763897392833,1.24601,0.459883,1.24601,0.459883,
1763897392863,1.24601,0.459883,1.24601,0.459883,
1763897392897,1.24601,0.459883,1.24601,0.459883,
1763897392940,1.246,0.459884,1.246,0.459884,
1763897392973,1.246,0.459884,1.246,0.459884,
1763897393018,1.246,0.459885,1.246,0.459885,
1763897393058,1.246,0.459885,1.246,0.459885,
1763897393100,1.246,0.459886,1.246,0.459886,
1763897393133,1.246,0.459886,1.246,0.459886,
1763897393166,1.246,0.459886,1.246,0.459886,
1763897393202,1.246,0.459887,1.246,0.459887,
1763897393244,1.246,0.459887,1.24599,0.459887,
1763897393278,1.24599,0.459888,1.24599,0.459888,
1763897393323,1.24599,0.459888,1.24599,0.459888,
1763897393358,1.24599,0.459888,1.24599,0.459889,
1763897393396,1.24599,0.459889,1.24599,0.459889,
1763897393441,1.24599,0.459889,1.24599,0.459889,
1763897393461,1.24599,0.459889,1.24599,0.459889,
1763897393500,1.24599,0.45989,1.24599,0.45989,
1763897393548,1.24598,0.45989,1.24598,0.45989,
1763897393575,1.24598,0.459891,1.24598,0.459891,
1763897393611,1.24598,0.459891,1.24598,0.459891,
1763897393656,1.24598,0.459892,1.24598,0.459892,
1763897393694,1.24598,0.459892,1.24598,0.459892,
1763897393722,1.24598,0.459892,1.24598,0.459892,
1763897393770,1.24598,0.459893,1.24598,0.459893,
1763897393813,1.24598,0.459893,1.24598,0.459893,
1763897393845,1.24597,0.459894,1.24597,0.459894,
1763897393877,1.24597,0.459894,1.24597,0.459894,
1763897393915,1.24597,0.459894,1.24597,0.459894,
1763897393949,1.24597,0.459895,1.24597,0.459895,
1763897393983,1.24597,0.459895,1.24597,0.459895,
1763897394021,1.24597,0.459895,1.24597,0.459895,
1763897394064,1.24597,0.459896,1.24597,0.459896,
1763897394103,1.24597,0.459896,1.24597,0.459896,
1763897394147,1.24596,0.459897,1.24596,0.459897,
1763897394191,1.24596,0.459897,1.24596,0.459897,
1763897394225,1.24596,0.459897,1.24596,0.459897,
1763897394269,1.24596,0.459898,1.24596,0.459898,
1763897394303,1.24596,0.459898,1.24596,0.459898,
1763897394339,1.24596,0.459899,1.24596,0.459899,
1763897394380,1.24596,0.459899,1.24596,0.459899,
1763897394417,1.24596,0.4599,1.24596,0.4599,
1763897394456,1.24595,0.4599,1.24595,0.4599,
1763897394512,1.24595,0.4599,1.24595,0.4599,
1763897394550,1.24595,0.459901,1.24595,0.459901,
1763897394591,1.24595,0.459901,1.24595,0.459901,
1763897394630,1.24595,0.459901,1.24595,0.459901,
1763897394660,1.24595,0.459902,1.24595,0.459902,
1763897394704,1.24595,0.459902,1.24595,0.459902,
1763897394738,1.24595,0.459903,1.24595,0.459903,
1763897394769,1.24594,0.459903,1.24594,0.459903,
1763897394804,1.24594,0.459903,1.24594,0.459903,
1763897394843,1.24594,0.459904,1.24594,0.459904,
1763897394885,1.24594,0.459904,1.24594,0.459904,
1763897394928,1.24594,0.459905,1.24594,0.459905,
1763897394957,1.24594,0.459905,1.24594,0.459905,
1763897395000,1.24594,0.459905,1.24594,0.459906,
1763897395044,1.24594,0.459906,1.24594,0.459906,
1763897395090,1.24593,0.459906,1.24593,0.459906,
1763897395116,1.24593,0.459907,1.24593,0.459907,
1763897395149,1.24593,0.459907,1.24593,0.459907,
1763897395189,1.24593,0.459907,1.24593,0.459907,
1763897395226,1.24593,0.459908,1.24593,0.459908,
1763897395267,1.24593,0.459908,1.24593,0.459908,
1763897395305,1.24593,0.459909,1.24593,0.459909,
1763897395336,1.24593,0.459909,1.24593,0.459909,
1763897395366,1.24592,0.459909,1.24592,0.459909,
1763897395414,1.24592,0.45991,1.24592,0.45991,
1763897395442,1.24592,0.45991,1.24592,0.45991,
1763897395483,1.24592,0.459911,1.24592,0.459911,
1763897395534,1.24592,0.459911,1.24592,0.459911,
1763897395568,1.24592,0.459912,1.24592,0.459912,
1763897395599,1.24592,0.459912,1.24592,0.459912,
1763897395637,1.24592,0.459912,1.24592,0.459912,
1763897395680,1.24591,0.459913,1.24591,0.459913,
1763897395719,1.24591,0.459913,1.24591,0.459913,
1763897395752,1.24591,0.459913,1.24591,0.459913,
1763897395789,1.24591,0.459914,1.24591,0.459914,
1763897395827,1.24591,0.459914,1.24591,0.459914,
1763897395867,1.24591,0.459915,1.24591,0.459915,
1763897395910,1.24591,0.459915,1.24591,0.459915,
1763897395942,1.24591,0.459915,1.24591,0.459915,
1763897395981,1.2459,0.459916,1.2459,0.459916,
1763897396013,1.2459,0.459916,1.2459,0.459916,
1763897396056,1.2459,0.459917,1.2459,0.459917,
1763897396095,1.2459,0.459917,1.2459,0.459917,
1763897396131,1.2459,0.459918,1.2459,0.459918,
1763897396173,1.2459,0.459918,1.2459,0.459918,
1763897396208,1.2459,0.459918,1.2459,0.459918,
1763897396237,1.2459,0.459919,1.2459,0.459919,
1763897396271,1.24589,0.459919,1.24589,0.459919,
1763897396322,1.24589,0.459919,1.24589,0.459919,
1763897396372,1.24589,0.45992,1.24589,0.45992,
1763897396409,1.24589,0.45992,1.24589,0.45992,
1763897396432,1.24589,0.459921,1.24589,0.459921,
1763897396471,1.24589,0.459921,1.24589,0.459921,
1763897396501,1.24589,0.459921,1.24589,0.459921,
1763897396537,1.24589,0.459922,1.24589,0.459922,
1763897396568,1.24588,0.459922,1.24588,0.459922,
1763897396615,1.24588,0.459923,1.24588,0.459923,
1763897396651,1.24588,0.459923,1.24588,0.459923,
1763897396693,1.24588,0.459923,1.24588,0.459923,
1763897396726,1.24588,0.459924,1.24588,0.459924,
1763897396762,1.24588,0.459924,1.24588,0.459924,
1763897396803,1.24588,0.459924,1.24588,0.459924,
1763897396842,1.24588,0.459925,1.24588,0.459925,
1763897396884,1.24587,0.459925,1.24587,0.459925,
1763897396920,1.24587,0.459926,1.24587,0.459926,
1763897396951,1.24587,0.459926,1.24587,0.459926,
1763897396994,1.24587,0.459927,1.24587,0.459927,
1763897397034,1.24587,0.459927,1.24587,0.459927,
1763897397077,1.24587,0.459927,1.24587,0.459927,
1763897397110,1.24587,0.459928,1.24587,0.459928,
1763897397151,1.24587,0.459928,1.24587,0.459928,
1763897397187,1.24586,0.459928,1.24586,0.459928,
1763897397225,1.24586,0.459929,1.24586,0.459929,
1763897397276,1.24586,0.459929,1.24586,0.459929,
1763897397313,1.24586,0.45993,1.24586,0.45993,
1763897397348,1.24586,0.45993,1.24586,0.45993,
1763897397395,1.24586,0.459931,1.24586,0.459931,
1763897397423,1.24586,0.459931,1.24586,0.459931,
1763897397456,1.24586,0.459931,1.24586,0.459931,
1763897397490,1.24585,0.459932,1.24585,0.459932,
1763897397526,1.24585,0.459932,1.24585,0.459932,
1763897397560,1.24585,0.459933,1.24585,0.459933,
1763897397609,1.24585,0.459933,1.24585,0.459933,
1763897397654,1.24585,0.459933,1.24585,0.459933,
1763897397687,1.24585,0.459934,1.24585,0.459934,
1763897397720,1.24585,0.459934,1.24585,0.459934,
1763897397764,1.24585,0.459934,1.24585,0.459934,
1763897397808,1.24584,0.459935,1.24584,0.459935,
1763897397842,1.24584,0.459935,1.24584,0.459935,
1763897397877,1.24584,0.459936,1.24584,0.459936,
1763897397917,1.24584,0.459936,1.24584,0.459936,
1763897397959,1.24584,0.459937,1.24584,0.459937,
1763897397999,1.24584,0.459937,1.24584,0.459937,
1763897398031,1.24584,0.459937,1.24584,0.459937,
1763897398071,1.24584,0.459938,1.24584,0.459938,
1763897398107,1.24583,0.459938,1.24583,0.459938,
1763897398140,1.24583,0.459938,1.24583,0.459938,
1763897398178,1.24583,0.459939,1.24583,0.459939,
1763897398218,1.24583,0.459939,1.24583,0.459939,
1763897398255,1.24583,0.45994,1.24583,0.45994,
1763897398290,1.24583,0.45994,1.24583,0.45994,
1763897398322,1.24583,0.45994,1.24583,0.45994,
1763897398361,1.24583,0.459941,1.24583,0.459941,
1763897398404,1.24582,0.459941,1.24582,0.459941,
1763897398452,1.24582,0.459942,1.24582,0.459942,
1763897398488,1.24582,0.459942,1.24582,0.459942,
1763897398517,1.24582,0.459943,1.24582,0.459943,
1763897398562,1.24582,0.459943,1.24582,0.459943,
1763897398601,1.24582,0.459943,1.24582,0.459943,
1763897398627,1.24582,0.459944,1.24582,0.459944,
1763897398668,1.24582,0.459944,1.24582,0.459944,
1763897398703,1.24581,0.459944,1.24581,0.459944,
1763897398734,1.24581,0.459945,1.24581,0.459945,
1763897398771,1.24581,0.459945,1.24581,0.459945,
1763897398811,1.24581,0.459945,1.24581,0.459945,
1763897398841,1.24581,0.459946,1.24581,0.459946,
1763897398892,1.24581,0.459946,1.24581,0.459946,
1763897398927,1.24581,0.459947,1.24581,0.459947,
1763897398963,1.24581,0.459947,1.24581,0.459947,
1763897399000,1.2458,0.459948,1.2458,0.459948,
1763897399035,1.2458,0.459948,1.2458,0.459948,
1763897399064,1.2458,0.459948,1.2458,0.459948,
1763897399103,1.2458,0.459949,1.2458,0.459949,
1763897399143,1.2458,0.459949,1.2458,0.459949,
1763897399200,1.2458,0.45995,1.2458,0.45995,
1763897399232,1.2458,0.45995,1.2458,0.45995,
1763897399279,1.2458,0.45995,1.2458,0.45995,
1763897399339,1.24579,0.459951,1.24579,0.459951,
1763897399372,1.24579,0.459951,1.24579,0.459951,
1763897399411,1.24579,0.459952,1.24579,0.459952,
1763897399443,1.24579,0.459952,1.24579,0.459952,
1763897399472,1.24579,0.459952,1.24579,0.459952,
1763897399512,1.24579,0.459953,1.24579,0.459953,
1763897399541,1.24579,0.459953,1.24579,0.459953,
1763897399578,1.24579,0.459954,1.24579,0.459954,
1763897399624,1.24578,0.459954,1.24578,0.459954,
1763897399661,1.24578,0.459954,1.24578,0.459954,
1763897399692,1.24578,0.459955,1.24578,0.459955,
1763897399730,1.24578,0.459955,1.24578,0.459955,
1763897399760,1.24578,0.459955,1.24578,0.459955,
1763897399803,1.24578,0.459956,1.24578,0.459956,
1763897399843,1.24578,0.459956,1.24578,0.459956,
1763897399879,1.24578,0.459957,1.24578,0.459957,
1763897399919,1.24577,0.459957,1.24577,0.459957,
1763897399959,1.24577,0.459958,1.24577,0.459958,
1763897399990,1.24577,0.459958,1.24577,0.459958,
1763897400031,1.24577,0.459958,1.24577,0.459958,
1763897400060,1.24577,0.459959,1.24577,0.459959,
1763897400098,1.24577,0.459959,1.24577,0.459959,
1763897400141,1.24577,0.45996,1.24577,0.45996,
1763897400172,1.24577,0.45996,1.24577,0.45996,
1763897400207,1.24576,0.45996,1.24576,0.45996,
1763897400252,1.24576,0.459961,1.24576,0.459961,
1763897400293,1.24576,0.459961,1.24576,0.459961,
1763897400327,1.24576,0.459962,1.24576,0.459962,
1763897400373,1.24576,0.459962,1.24576,0.459962,
1763897400406,1.24576,0.459962,1.24576,0.459962,
1763897400443,1.24576,0.459963,1.24576,0.459963,
1763897400476,1.24576,0.459963,1.24576,0.459963,
1763897400514,1.24575,0.459963,1.24575,0.459963,
1763897400557,1.24575,0.459964,1.24575,0.459964,
1763897400590,1.24575,0.459964,1.24575,0.459964,
1763897400628,1.24575,0.459965,1.24575,0.459965,
1763897400671,1.24575,0.459965,1.24575,0.459965,
1763897400707,1.24575,0.459966,1.24575,0.459966,
1763897400737,1.24575,0.459966,1.24575,0.459966,
1763897400776,1.24575,0.459966,1.24575,0.459966,
1763897400810,1.24574,0.459967,1.24574,0.459967,
1763897400853,1.24574,0.459967,1.24574,0.459967,
1763897400896,1.24574,0.459968,1.24574,0.459968,
1763897400932,1.24574,0.459968,1.24574,0.459968,
1763897400960,1.24574,0.459968,1.24574,0.459968,
1763897400999,1.24574,0.459969,1.24574,0.459969,
1763897401024,1.24574,0.459969,1.24574,0.459969,
1763897401060,1.24574,0.45997,1.24574,0.45997,
1763897401092,1.24573,0.45997,1.24573,0.45997,
1763897401140,1.24573,0.45997,1.24573,0.45997,
1763897401176,1.24573,0.459971,1.24573,0.459971,
1763897401218,1.24573,0.459971,1.24573,0.459971,
1763897401253,1.24573,0.459971,1.24573,0.459971,
1763897401285,1.24573,0.459972,1.24573,0.459972,
1763897401321,1.24573,0.459972,1.24573,0.459972,
1763897401358,1.24573,0.459973,1.24573,0.459973,
1763897401392,1.24572,0.459973,1.24572,0.459973,
1763897401420,1.24572,0.459974,1.24572,0.459974,
1763897401459,1.24572,0.459974,1.24572,0.459974,
1763897401501,1.24572,0.459974,1.24572,0.459974,
1763897401530,1.24572,0.459975,1.24572,0.459975,
1763897401571,1.24572,0.459975,1.24572,0.459975,
1763897401607,1.24572,0.459975,1.24572,0.459975,
1763897401641,1.24572,0.459976,1.24572,0.459976,
1763897401682,1.24571,0.459976,1.24571,0.459976,
1763897401723,1.24571,0.459977,1.24571,0.459977,
1763897401757,1.24571,0.459977,1.24571,0.459977,
1763897401804,1.24571,0.459977,1.24571,0.459977,
1763897401835,1.24571,0.459978,1.24571,0.459978,
1763897401869,1.24571,0.459978,1.24571,0.459978,
1763897401909,1.24571,0.459979,1.24571,0.459979,
1763897401945,1.24571,0.459979,1.24571,0.459979,
1763897401982,1.2457,0.459979,1.2457,0.459979,
1763897402031,1.2457,0.45998,1.2457,0.45998,
1763897402076,1.2457,0.45998,1.2457,0.45998,
1763897402109,1.2457,0.459981,1.2457,0.459981,
1763897402140,1.2457,0.459981,1.2457,0.459981,
1763897402181,1.2457,0.459981,1.2457,0.459981,
1763897402229,1.2457,0.459982,1.2457,0.459982,
1763897402271,1.2457,0.459982,1.2457,0.459982,
1763897402297,1.24569,0.459983,1.24569,0.459982,
1763897402333,1.24569,0.459983,1.24569,0.459983,
1763897402364,1.24569,0.459984,1.24569,0.459983,
1763897402402,1.24569,0.459984,1.24569,0.459984,
1763897402442,1.24569,0.459984,1.24569,0.459984,
1763897402479,1.24569,0.459984,1.24569,0.459984,
1763897402517,1.24569,0.459985,1.24569,0.459985,
1763897402556,1.24569,0.459985,1.24569,0.459985,
1763897402597,1.24568,0.459986,1.24568,0.459986,
1763897402638,1.24568,0.459986,1.24568,0.459986,
1763897402675,1.24568,0.459987,1.24568,0.459987,
1763897402714,1.24568,0.459987,1.24568,0.459987,
1763897402750,1.24568,0.459987,1.24568,0.459987,
1763897402789,1.24568,0.459988,1.24568,0.459988,
1763897402827,1.24568,0.459988,1.24568,0.459988,
1763897402865,1.24568,0.459989,1.24568,0.459989,
1763897402907,1.24567,0.459989,1.24567,0.459989,
1763897402939,1.24567,0.459989,1.24567,0.459989,
1763897402986,1.24567,0.45999,1.24567,0.45999,
1763897403021,1.24567,0.45999,1.24567,0.45999,
1763897403061,1.24567,0.45999,1.24567,0.45999,
1763897403104,1.24567,0.459991,1.24567,0.459991,
1763897403135,1.24567,0.459991,1.24567,0.459991,
1763897403170,1.24567,0.459992,1.24567,0.459992,
1763897403204,1.24566,0.459992,1.24566,0.459992,
1763897403238,1.24566,0.459993,1.24566,0.459993,
1763897403280,1.24566,0.459993,1.24566,0.459993,
1763897403308,1.24566,0.459993,1.24566,0.459993,
1763897403344,1.24566,0.459994,1.24566,0.459994,
1763897403383,1.24566,0.459994,1.24566,0.459994,
1763897403415,1.24566,0.459994,1.24566,0.459994,
1763897403452,1.24566,0.459995,1.24566,0.459995,
1763897403487,1.24565,0.459995,1.24565,0.459995,
1763897403519,1.24565,0.459996,1.24565,0.459996,
1763897403558,1.24565,0.459996,1.24565,0.459996,
1763897403599,1.24565,0.459996,1.24565,0.459996,
1763897403626,1.24565,0.459997,1.24565,0.459997,
1763897403665,1.24565,0.459997,1.24565,0.459997,
1763897403710,1.24565,0.459998,1.24565,0.459998,
1763897403740,1.24565,0.459998,1.24565,0.459998,
1763897403786,1.24564,0.459998,1.24564,0.459998,
1763897403824,1.24564,0.459999,1.24564,0.459999,
1763897403866,1.24564,0.459999,1.24564,0.459999,
1763897403900,1.24564,0.46,1.24564,0.46,
1763897403940,1.24564,0.46,1.24564,0.46,
1763897403971,1.24564,0.46,1.24564,0.46,
1763897404003,1.24564,0.460001,1.24564,0.460001,
1763897404039,1.24564,0.460001,1.24564,0.460001,
1763897404071,1.24563,0.460002,1.24563,0.460002,
1763897404109,1.24563,0.460002,1.24563,0.460002,
1763897404148,1.24563,0.460002,1.24563,0.460002,
1763897404183,1.24563,0.460003,1.24563,0.460003,
1763897404226,1.24563,0.460003,1.24563,0.460003,
1763897404271,1.24563,0.460004,1.24563,0.460004,
1763897404302,1.24563,0.460004,1.24563,0.460004,
1763897404334,1.24563,0.460005,1.24563,0.460005,
1763897404378,1.24562,0.460005,1.24562,0.460005,
1763897404411,1.24562,0.460005,1.24562,0.460005,
1763897404448,1.24562,0.460006,1.24562,0.460006,
1763897404491,1.24562,0.460006,1.24562,0.460006,
1763897404537,1.24562,0.460006,1.24562,0.460006,
1763897404582,1.24562,0.460007,1.24562,0.460007,
1763897404607,1.24562,0.460007,1.24562,0.460007,
1763897404646,1.24562,0.460008,1.24562,0.460008,
1763897404680,1.24561,0.460008,1.24561,0.460008,
1763897404709,1.24561,0.460008,1.24561,0.460008,
1763897404768,1.24561,0.460009,1.24561,0.460009,
1763897404799,1.24561,0.460009,1.24561,0.460009,
1763897404836,1.24561,0.460009,1.24561,0.460009,
1763897404873,1.24561,0.46001,1.24561,0.46001,
1763897404910,1.24561,0.46001,1.24561,0.46001,
1763897404949,1.24561,0.460011,1.24561,0.460011,
1763897404996,1.2456,0.460011,1.2456,0.460011,
1763897405046,1.2456,0.460012,1.2456,0.460012,
1763897405074,1.2456,0.460012,1.2456,0.460012,
1763897405112,1.2456,0.460012,1.2456,0.460012,
1763897405147,1.2456,0.460013,1.2456,0.460013,
1763897405178,1.2456,0.460013,1.2456,0.460013,
1763897405224,1.2456,0.460013,1.2456,0.460013,
1763897405264,1.2456,0.460014,1.2456,0.460014,
1763897405296,1.24559,0.460014,1.24559,0.460014,
1763897405333,1.24559,0.460015,1.24559,0.460015,
1763897405375,1.24559,0.460015,1.24559,0.460015,
1763897405404,1.24559,0.460016,1.24559,0.460016,
1763897405443,1.24559,0.460016,1.24559,0.460016,
1763897405474,1.24559,0.460016,1.24559,0.460016,
1763897405511,1.24559,0.460017,1.24559,0.460017,
1763897405545,1.24559,0.460017,1.24559,0.460017,
1763897405576,1.24558,0.460018,1.24558,0.460018,
1763897405618,1.24558,0.460018,1.24558,0.460018,
1763897405656,1.24558,0.460018,1.24558,0.460018,
1763897405700,1.24558,0.460019,1.24558,0.460019,
1763897405735,1.24558,0.460019,1.24558,0.460019,
1763897405770,1.24558,0.460019,1.24558,0.460019,
1763897405809,1.24558,0.46002,1.24558,0.46002,
1763897405852,1.24558,0.46002,1.24557,0.46002,
1763897405887,1.24557,0.460021,1.24557,0.460021,
1763897405928,1.24557,0.460021,1.24557,0.460021,
1763897405959,1.24557,0.460022,1.24557,0.460022,
1763897405997,1.24557,0.460022,1.24557,0.460022,
1763897406038,1.24557,0.460022,1.24557,0.460022,
1763897406069,1.24557,0.460023,1.24557,0.460023,
1763897406103,1.24557,0.460023,1.24557,0.460023,
1763897406144,1.24556,0.460023,1.24556,0.460023,
1763897406182,1.24556,0.460024,1.24556,0.460024,
1763897406217,1.24556,0.460024,1.24556,0.460024,
1763897406256,1.24556,0.460025,1.24556,0.460025,
1763897406295,1.24556,0.460025,1.24556,0.460025,
1763897406326,1.24556,0.460025,1.24556,0.460025,
1763897406366,1.24556,0.460026,1.24556,0.460026,
1763897406401,1.24556,0.460026,1.24556,0.460026,
1763897406435,1.24556,0.460027,1.24556,0.460027,
1763897406471,1.24555,0.460027,1.24555,0.460027,
1763897406505,1.24555,0.460028,1.24555,0.460028,
1763897406534,1.24555,0.460028,1.24555,0.460028,
1763897406581,1.24555,0.460028,1.24555,0.460028,
1763897406626,1.24555,0.460029,1.24555,0.460029,
1763897406656,1.24555,0.460029,1.24555,0.460029,
1763897406696,1.24555,0.460029,1.24555,0.460029,
1763897406735,1.24554,0.46003,1.24554,0.46003,
1763897406771,1.24554,0.46003,1.24554,0.46003,
1763897406803,1.24554,0.460031,1.24554,0.460031,
1763897406849,1.24554,0.460031,1.24554,0.460031,
1763897406887,1.24554,0.460031,1.24554,0.460032,
1763897406922,1.24554,0.460032,1.24554,0.460032,
1763897406955,1.24554,0.460032,1.24554,0.460032,
1763897406999,1.24554,0.460033,1.24554,0.460033,
1763897407030,1.24553,0.460033,1.24553,0.460033,
1763897407062,1.24553,0.460033,1.24553,0.460033,
1763897407104,1.24553,0.460034,1.24553,0.460034,
1763897407143,1.24553,0.460034,1.24553,0.460034,
1763897407182,1.24553,0.460035,1.24553,0.460035,
1763897407229,1.24553,0.460035,1.24553,0.460035,
1763897407260,1.24553,0.460036,1.24553,0.460036,
1763897407312,1.24553,0.460036,1.24553,0.460036,
1763897407336,1.24552,0.460036,1.24552,0.460036,
1763897407374,1.24552,0.460037,1.24552,0.460037,
1763897407408,1.24552,0.460037,1.24552,0.460037,
1763897407437,1.24552,0.460037,1.24552,0.460037,
1763897407482,1.24552,0.460038,1.24552,0.460038,
1763897407519,1.24552,0.460038,1.24552,0.460038,
1763897407565,1.24552,0.460039,1.24552,0.460039,
1763897407603,1.24552,0.460039,1.24552,0.460039,
1763897407644,1.24551,0.460039,1.24551,0.460039,
1763897407680,1.24551,0.46004,1.24551,0.46004,
1763897407723,1.24551,0.46004,1.24551,0.46004,
1763897407754,1.24551,0.460041,1.24551,0.460041,
1763897407796,1.24551,0.460041,1.24551,0.460041,
1763897407824,1.24551,0.460041,1.24551,0.460041,
1763897407861,1.24551,0.460042,1.24551,0.460042,
1763897407901,1.24551,0.460042,1.24551,0.460042,
1763897407930,1.2455,0.460043,1.2455,0.460043,
1763897407967,1.2455,0.460043,1.2455,0.460043,
1763897408017,1.2455,0.460043,1.2455,0.460043,
1763897408050,1.2455,0.460044,1.2455,0.460044,
1763897408082,1.2455,0.460044,1.2455,0.460044,
1763897408131,1.2455,0.460044,1.2455,0.460044,
1763897408166,1.2455,0.460045,1.2455,0.460045,
1763897408199,1.2455,0.460045,1.2455,0.460045,
1763897408236,1.24549,0.460046,1.24549,0.460046,
1763897408269,1.24549,0.460046,1.24549,0.460046,
1763897408304,1.24549,0.460046,1.24549,0.460046,
1763897408348,1.24549,0.460047,1.24549,0.460047,
1763897408386,1.24549,0.460047,1.24549,0.460047,
1763897408415,1.24549,0.460048,1.24549,0.460048,
1763897408459,1.24549,0.460048,1.24549,0.460048,
1763897408493,1.24549,0.460048,1.24549,0.460048,
1763897408530,1.24548,0.460049,1.24548,0.460049,
1763897408558,1.24548,0.460049,1.24548,0.460049,
1763897408602,1.24548,0.46005,1.24548,0.46005,
1763897408654,1.24548,0.46005,1.24548,0.46005,
1763897408682,1.24548,0.460051,1.24548,0.460051,
1763897408729,1.24548,0.460051,1.24548,0.460051,
1763897408766,1.24548,0.460051,1.24548,0.460051,
1763897408799,1.24548,0.460052,1.24548,0.460052,
1763897408835,1.24547,0.460052,1.24547,0.460052,
1763897408876,1.24547,0.460052,1.24547,0.460052,
1763897408918,1.24547,0.460053,1.24547,0.460053,
1763897408949,1.24547,0.460053,1.24547,0.460053,
1763897408997,1.24547,0.460054,1.24547,0.460054,
1763897409044,1.24547,0.460054,1.24547,0.460054,
1763897409083,1.24547,0.460054,1.24547,0.460054,
1763897409118,1.24547,0.460055,1.24547,0.460055,
1763897409155,1.24546,0.460055,1.24546,0.460055,
1763897409192,1.24546,0.460056,1.24546,0.460056,
1763897409235,1.24546,0.460056,1.24546,0.460056,
1763897409264,1.24546,0.460057,1.24546,0.460057,
1763897409304,1.24546,0.460057,1.24546,0.460057,
1763897409347,1.24546,0.460057,1.24546,0.460057,
1763897409377,1.24546,0.460058,1.24546,0.460058,
1763897409420,1.24546,0.460058,1.24546,0.460058,
1763897409455,1.24545,0.460058,1.24545,0.460058,
1763897409488,1.24545,0.460059,1.24545,0.460059,
1763897409526,1.24545,0.460059,1.24545,0.460059,
1763897409572,1.24545,0.46006,1.24545,0.460059,
1763897409607,1.24545,0.46006,1.24545,0.46006,
1763897409642,1.24545,0.460061,1.24545,0.460061,
1763897409689,1.24545,0.460061,1.24545,0.460061,
1763897409727,1.24545,0.460061,1.24545,0.460061,
1763897409760,1.24544,0.460062,1.24544,0.460062,
1763897409798,1.24544,0.460062,1.24544,0.460062,
1763897409843,1.24544,0.460062,1.24544,0.460062,
1763897409891,1.24544,0.460063,1.24544,0.460063,
1763897409930,1.24544,0.460063,1.24544,0.460063,
1763897409965,1.24544,0.460064,1.24544,0.460064,
1763897410002,1.24544,0.460064,1.24544,0.460064,
1763897410039,1.24544,0.460064,1.24544,0.460064,
1763897410087,1.24543,0.460065,1.24543,0.460065,
1763897410124,1.24543,0.460065,1.24543,0.460065,
1763897410160,1.24543,0.460066,1.24543,0.460066,
1763897410196,1.24543,0.460066,1.24543,0.460066,
1763897410242,1.24543,0.460066,1.24543,0.460066,
1763897410270,1.24543,0.460067,1.24543,0.460067,
1763897410305,1.24543,0.460067,1.24543,0.460067,
1763897410345,1.24543,0.460068,1.24543,0.460068,
1763897410382,1.24542,0.460068,1.24542,0.460068,
1763897410419,1.24542,0.460068,1.24542,0.460068,
1763897410466,1.24542,0.460069,1.24542,0.460069,
1763897410513,1.24542,0.460069,1.24542,0.460069,
1763897410552,1.24542,0.46007,1.24542,0.46007,
1763897410584,1.24542,0.46007,1.24542,0.46007,
1763897410624,1.24542,0.46007,1.24542,0.46007,
1763897410652,1.24542,0.460071,1.24542,0.460071,
1763897410690,1.24541,0.460071,1.24541,0.460071,
1763897410733,1.24541,0.460072,1.24541,0.460072,
1763897410771,1.24541,0.460072,1.24541,0.460072,
1763897410807,1.24541,0.460072,1.24541,0.460072,
1763897410854,1.24541,0.460073,1.24541,0.460073,
1763897410890,1.24541,0.460073,1.24541,0.460073,
1763897410935,1.24541,0.460074,1.24541,0.460074,
1763897410959,1.24541,0.460074,1.24541,0.460074,
1763897410997,1.2454,0.460074,1.2454,0.460074,
1763897411031,1.2454,0.460075,1.2454,0.460075,
1763897411073,1.2454,0.460075,1.2454,0.460075,
1763897411104,1.2454,0.460076,1.2454,0.460076,
1763897411147,1.2454,0.460076,1.2454,0.460076,
1763897411185,1.2454,0.460076,1.2454,0.460076,
1763897411213,1.2454,0.460077,1.2454,0.460077,
1763897411260,1.2454,0.460077,1.2454,0.460077,
1763897411286,1.24539,0.460077,1.24539,0.460077,
1763897411320,1.24539,0.460078,1.24539,0.460078,
1763897411359,1.24539,0.460078,1.24539,0.460078,
1763897411395,1.24539,0.460079,1.24539,0.460079,
1763897411441,1.24539,0.460079,1.24539,0.460079,
1763897411483,1.24539,0.460079,1.24539,0.460079,
1763897411515,1.24539,0.46008,1.24539,0.46008,
1763897411543,1.24539,0.46008,1.24539,0.46008,
1763897411589,1.24538,0.460081,1.24538,0.460081,
1763897411631,1.24538,0.460081,1.24538,0.460081,
1763897411664,1.24538,0.460081,1.24538,0.460081,
1763897411710,1.24538,0.460082,1.24538,0.460082,
1763897411749,1.24538,0.460082,1.24538,0.460082,
1763897411794,1.24538,0.460083,1.24538,0.460083,
1763897411825,1.24538,0.460083,1.24538,0.460083,
1763897411863,1.24538,0.460083,1.24538,0.460083,
1763897411910,1.24537,0.460084,1.24537,0.460084,
1763897411952,1.24537,0.460084,1.24537,0.460084,
1763897411996,1.24537,0.460085,1.24537,0.460085,
1763897412029,1.24537,0.460085,1.24537,0.460085,
1763897412073,1.24537,0.460085,1.24537,0.460085,
1763897412110,1.24537,0.460086,1.24537,0.460086,
1763897412143,1.24537,0.460086,1.24537,0.460086,
1763897412179,1.24537,0.460087,1.24537,0.460087,
1763897412215,1.24536,0.460087,1.24536,0.460087,
1763897412250,1.24536,0.460087,1.24536,0.460087,
1763897412290,1.24536,0.460088,1.24536,0.460088,
1763897412329,1.24536,0.460088,1.24536,0.460088,
1763897412364,1.24536,0.460089,1.24536,0.460089,
1763897412405,1.24536,0.460089,1.24536,0.460089,
1763897412447,1.24536,0.460089,1.24536,0.460089,
1763897412487,1.24536,0.46009,1.24536,0.46009,
1763897412519,1.24535,0.46009,1.24535,0.46009,
1763897412559,1.24535,0.460091,1.24535,0.460091,
1763897412600,1.24535,0.460091,1.24535,0.460091,
1763897412634,1.24535,0.460091,1.24535,0.460091,
1763897412681,1.24535,0.460092,1.24535,0.460092,
1763897412711,1.24535,0.460092,1.24535,0.460092,
1763897412744,1.24535,0.460092,1.24535,0.460092,
1763897412783,1.24535,0.460093,1.24535,0.460093,
1763897412813,1.24534,0.460093,1.24534,0.460093,
1763897412858,1.24534,0.460094,1.24534,0.460094,
1763897412903,1.24534,0.460094,1.24534,0.460094,
1763897412950,1.24534,0.460095,1.24534,0.460095,
1763897413002,1.24534,0.460095,1.24534,0.460095,
1763897413032,1.24534,0.460095,1.24534,0.460095,
1763897413062,1.24534,0.460096,1.24534,0.460096,
1763897413108,1.24534,0.460096,1.24534,0.460096,
1763897413137,1.24533,0.460097,1.24533,0.460097,
1763897413177,1.24533,0.460097,1.24533,0.460097,
1763897413212,1.24533,0.460097,1.24533,0.460097,
1763897413251,1.24533,0.460098,1.24533,0.460098,
1763897413285,1.24533,0.460098,1.24533,0.460098,
1763897413336,1.24533,0.460098,1.24533,0.460098,
1763897413360,1.24533,0.460099,1.24533,0.460099,
1763897413399,1.24533,0.460099,1.24533,0.460099,
1763897413436,1.24532,0.4601,1.24532,0.4601,
1763897413472,1.24532,0.4601,1.24532,0.4601,
1763897413509,1.24532,0.460101,1.24532,0.460101,
1763897413544,1.24532,0.460101,1.24532,0.460101,
1763897413601,1.24532,0.460101,1.24532,0.460101,
1763897413633,1.24532,0.460102,1.24532,0.460102,
1763897413664,1.24532,0.460102,1.24532,0.460102,
1763897413695,1.24532,0.460102,1.24532,0.460102,
1763897413739,1.24531,0.460103,1.24531,0.460103,
1763897413769,1.24531,0.460103,1.24531,0.460103,
1763897413811,1.24531,0.460104,1.24531,0.460104,
1763897413843,1.24531,0.460104,1.24531,0.460104,
1763897413876,1.24531,0.460105,1.24531,0.460105,
1763897413918,1.24531,0.460105,1.24531,0.460105,
1763897413953,1.24531,0.460105,1.24531,0.460105,
1763897413986,1.24531,0.460106,1.24531,0.460106,
1763897414026,1.2453,0.460106,1.2453,0.460106,
1763897414077,1.2453,0.460106,1.2453,0.460106,
1763897414101,1.2453,0.460107,1.2453,0.460107,
1763897414143,1.2453,0.460107,1.2453,0.460107,
1763897414187,1.2453,0.460108,1.2453,0.460108,
1763897414229,1.2453,0.460108,1.2453,0.460108,
1763897414267,1.2453,0.460109,1.2453,0.460109,
1763897414295,1.2453,0.460109,1.2453,0.460109,
1763897414336,1.24529,0.460109,1.24529,0.460109,
1763897414365,1.24529,0.46011,1.24529,0.46011,
1763897414408,1.24529,0.46011,1.24529,0.46011,
1763897414445,1.24529,0.46011,1.24529,0.46011,
1763897414492,1.24529,0.460111,1.24529,0.460111,
1763897414527,1.24529,0.460111,1.24529,0.460111,
1763897414561,1.24529,0.460112,1.24529,0.460112,
1763897414592,1.24529,0.460112,1.24529,0.460112,
1763897414637,1.24528,0.460112,1.24528,0.460112,
1763897414677,1.24528,0.460113,1.24528,0.460113,
1763897414706,1.24528,0.460113,1.24528,0.460113,
1763897414745,1.24528,0.460114,1.24528,0.460114,
1763897414784,1.24528,0.460114,1.24528,0.460114,
1763897414829,1.24528,0.460114,1.24528,0.460114,
1763897414861,1.24528,0.460115,1.24528,0.460115,
1763897414892,1.24528,0.460115,1.24528,0.460115,
1763897414932,1.24527,0.460116,1.24527,0.460116,
1763897414961,1.24527,0.460116,1.24527,0.460116,
1763897415004,1.24527,0.460116,1.24527,0.460116,
1763897415041,1.24527,0.460117,1.24527,0.460117,
1763897415079,1.24527,0.460117,1.24527,0.460117,
1763897415116,1.24527,0.460118,1.24527,0.460118,
1763897415149,1.24527,0.460118,1.24527,0.460118,
1763897415182,1.24527,0.460118,1.24527,0.460118,
1763897415212,1.24526,0.460119,1.24526,0.460119,
1763897415247,1.24526,0.460119,1.24526,0.460119,
1763897415287,1.24526,0.46012,1.24526,0.46012,
1763897415325,1.24526,0.46012,1.24526,0.46012,
1763897415374,1.24526,0.46012,1.24526,0.46012,
1763897415403,1.24526,0.460121,1.24526,0.460121,
1763897415443,1.24526,0.460121,1.24526,0.460121,
1763897415486,1.24526,0.460121,1.24526,0.460121,
1763897415528,1.24525,0.460122,1.24525,0.460122,
1763897415559,1.24525,0.460122,1.24525,0.460122,
1763897415597,1.24525,0.460123,1.24525,0.460123,
1763897415629,1.24525,0.460123,1.24525,0.460123,
1763897415667,1.24525,0.460124,1.24525,0.460124,
1763897415705,1.24525,0.460124,1.24525,0.460124,
1763897415745,1.24525,0.460124,1.24525,0.460124,
1763897415779,1.24525,0.460125,1.24525,0.460125,
1763897415822,1.24524,0.460125,1.24524,0.460125,
1763897415861,1.24524,0.460126,1.24524,0.460126,
1763897415907,1.24524,0.460126,1.24524,0.460126,
1763897415935,1.24524,0.460126,1.24524,0.460126,
1763897415980,1.24524,0.460127,1.24524,0.460127,
1763897416020,1.24524,0.460127,1.24524,0.460127,
1763897416055,1.24524,0.460127,1.24524,0.460127,
1763897416087,1.24524,0.460128,1.24524,0.460128,
1763897416124,1.24523,0.460128,1.24523,0.460128,
1763897416160,1.24523,0.460129,1.24523,0.460129,
1763897416199,1.24523,0.460129,1.24523,0.460129,
1763897416232,1.24523,0.46013,1.24523,0.46013,
1763897416275,1.24523,0.46013,1.24523,0.46013,
1763897416312,1.24523,0.46013,1.24523,0.46013,
1763897416350,1.24523,0.460131,1.24523,0.460131,
1763897416392,1.24523,0.460131,1.24523,0.460131,
1763897416424,1.24522,0.460131,1.24522,0.460131,
1763897416463,1.24522,0.460132,1.24522,0.460132,
1763897416493,1.24522,0.460132,1.24522,0.460132,
1763897416532,1.24522,0.460133,1.24522,0.460133,
1763897416572,1.24522,0.460133,1.24522,0.460133,
1763897416619,1.24522,0.460134,1.24522,0.460134,
1763897416653,1.24522,0.460134,1.24522,0.460134,
1763897416687,1.24522,0.460134,1.24522,0.460134,
1763897416733,1.24521,0.460134,1.24521,0.460135,
1763897416770,1.24521,0.460135,1.24521,0.460135,
1763897416807,1.24521,0.460135,1.24521,0.460135,
1763897416845,1.24521,0.460136,1.24521,0.460136,
1763897416892,1.24521,0.460136,1.24521,0.460136,
1763897416923,1.24521,0.460137,1.24521,0.460137,
1763897416959,1.24521,0.460137,1.24521,0.460137,
1763897417002,1.24521,0.460137,1.24521,0.460137,
1763897417035,1.2452,0.460138,1.2452,0.460138,
1763897417080,1.2452,0.460138,1.2452,0.460138,
1763897417123,1.2452,0.460139,1.2452,0.460139,
1763897417159,1.2452,0.460139,1.2452,0.460139,
1763897417195,1.2452,0.460139,1.2452,0.460139,
1763897417239,1.2452,0.46014,1.2452,0.46014,
1763897417289,1.2452,0.46014,1.2452,0.46014,
1763897417316,1.2452,0.460141,1.2452,0.460141,
1763897417349,1.24519,0.460141,1.24519,0.460141,
1763897417401,1.24519,0.460142,1.24519,0.460141,
1763897417435,1.24519,0.460142,1.24519,0.460142,
1763897417455,1.24519,0.460142,1.24519,0.460142,
1763897417499,1.24519,0.460143,1.24519,0.460143,
1763897417527,1.24519,0.460143,1.24519,0.460143,
1763897417565,1.24519,0.460143,1.24519,0.460143,
1763897417606,1.24519,0.460144,1.24519,0.460144,
1763897417640,1.24518,0.460144,1.24518,0.460144,
1763897417676,1.24518,0.460144,1.24518,0.460144,
1763897417713,1.24518,0.460145,1.24518,0.460145,
1763897417751,1.24518,0.460145,1.24518,0.460145,
1763897417789,1.24518,0.460146,1.24518,0.460146,
1763897417827,1.24518,0.460146,1.24518,0.460146,
1763897417862,1.24518,0.460147,1.24518,0.460147,
1763897417901,1.24518,0.460147,1.24518,0.460147,
1763897417942,1.24517,0.460147,1.24517,0.460147,
1763897417976,1.24517,0.460148,1.24517,0.460148,
1763897418015,1.24517,0.460148,1.24517,0.460148,
1763897418051,1.24517,0.460148,1.24517,0.460148,
1763897418090,1.24517,0.460149,1.24517,0.460149,
1763897418127,1.24517,0.460149,1.24517,0.460149,
1763897418163,1.24517,0.46015,1.24517,0.46015,
1763897418200,1.24517,0.46015,1.24517,0.46015,
1763897418239,1.24516,0.460151,1.24516,0.460151,
1763897418286,1.24516,0.460151,1.24516,0.460151,
1763897418317,1.24516,0.460151,1.24516,0.460151,
1763897418355,1.24516,0.460152,1.24516,0.460152,
1763897418401,1.24516,0.460152,1.24516,0.460152,
1763897418446,1.24516,0.460153,1.24516,0.460153,
1763897418480,1.24516,0.460153,1.24516,0.460153,
1763897418524,1.24516,0.460153,1.24516,0.460153,
1763897418568,1.24515,0.460154,1.24515,0.460154,
1763897418597,1.24515,0.460154,1.24515,0.460154,
1763897418637,1.24515,0.460155,1.24515,0.460154,
1763897418683,1.24515,0.460155,1.24515,0.460155,
1763897418711,1.24515,0.460155,1.24515,0.460155,
1763897418743,1.24515,0.460156,1.24515,0.460156,
1763897418780,1.24515,0.460156,1.24515,0.460156,
1763897418810,1.24515,0.460156,1.24515,0.460156,
1763897418862,1.24514,0.460157,1.24514,0.460157,
1763897418911,1.24514,0.460157,1.24514,0.460157,
1763897418955,1.24514,0.460158,1.24514,0.460158,
1763897418986,1.24514,0.460158,1.24514,0.460158,
1763897419035,1.24514,0.460159,1.24514,0.460159,
1763897419068,1.24514,0.460159,1.24514,0.460159,
1763897419112,1.24514,0.460159,1.24514,0.460159,
1763897419153,1.24513,0.46016,1.24513,0.46016,
1763897419188,1.24513,0.46016,1.24513,0.46016,
1763897419222,1.24513,0.46016,1.24513,0.46016,
1763897419258,1.24513,0.460161,1.24513,0.460161,
1763897419311,1.24513,0.460161,1.24513,0.460161,
1763897419344,1.24513,0.460162,1.24513,0.460162,
1763897419385,1.24513,0.460162,1.24513,0.460162,
1763897419425,1.24513,0.460163,1.24513,0.460163,
1763897419458,1.24513,0.460163,1.24513,0.460163,
1763897419496,1.24512,0.460163,1.24512,0.460163,
1763897419530,1.24512,0.460164,1.24512,0.460164,
1763897419564,1.24512,0.460164,1.24512,0.460164,
1763897419597,1.24512,0.460165,1.24512,0.460164,
1763897419639,1.24512,0.460165,1.24512,0.460165,
1763897419672,1.24512,0.460165,1.24512,0.460165,
1763897419706,1.24512,0.460166,1.24512,0.460166,
1763897419744,1.24512,0.460166,1.24511,0.460166,
1763897419781,1.24511,0.460166,1.24511,0.460166,
1763897419823,1.24511,0.460167,1.24511,0.460167,
1763897419850,1.24511,0.460167,1.24511,0.460167,
1763897419891,1.24511,0.460168,1.24511,0.460168,
1763897419951,1.24511,0.460168,1.24511,0.460168,
1763897419983,1.24511,0.460168,1.24511,0.460168,
1763897420035,1.24511,0.460169,1.24511,0.460169,
1763897420075,1.2451,0.460169,1.2451,0.460169,
1763897420114,1.2451,0.46017,1.2451,0.46017,
1763897420145,1.2451,0.46017,1.2451,0.46017,
1763897420175,1.2451,0.46017,1.2451,0.46017,
1763897420217,1.2451,0.460171,1.2451,0.460171,
1763897420252,1.2451,0.460171,1.2451,0.460171,
1763897420291,1.2451,0.460172,1.2451,0.460172,
1763897420326,1.2451,0.460172,1.2451,0.460172,
1763897420367,1.24509,0.460172,1.24509,0.460172,
1763897420417,1.24509,0.460173,1.24509,0.460173,
1763897420445,1.24509,0.460173,1.24509,0.460173,
1763897420480,1.24509,0.460174,1.24509,0.460174,
1763897420517,1.24509,0.460174,1.24509,0.460174,
1763897420554,1.24509,0.460174,1.24509,0.460174,
1763897420597,1.24509,0.460175,1.24509,0.460175,
1763897420643,1.24509,0.460175,1.24509,0.460175,
1763897420676,1.24508,0.460175,1.24508,0.460176,
1763897420703,1.24508,0.460176,1.24508,0.460176,
1763897420743,1.24508,0.460176,1.24508,0.460176,
1763897420784,1.24508,0.460177,1.24508,0.460177,
1763897420811,1.24508,0.460177,1.24508,0.460177,
1763897420855,1.24508,0.460178,1.24508,0.460178,
1763897420878,1.24508,0.460178,1.24508,0.460178,
1763897420916,1.24508,0.460178,1.24508,0.460178,
1763897420959,1.24507,0.460179,1.24507,0.460179,
1763897420988,1.24507,0.460179,1.24507,0.460179,
1763897421027,1.24507,0.46018,1.24507,0.46018,
1763897421061,1.24507,0.46018,1.24507,0.46018,
1763897421101,1.24507,0.46018,1.24507,0.46018,
1763897421131,1.24507,0.460181,1.24507,0.460181,
1763897421176,1.24507,0.460181,1.24507,0.460181,
1763897421209,1.24507,0.460182,1.24507,0.460182,
1763897421249,1.24506,0.460182,1.24506,0.460182,
1763897421294,1.24506,0.460182,1.24506,0.460182,
1763897421322,1.24506,0.460183,1.24506,0.460183,
1763897421358,1.24506,0.460183,1.24506,0.460183,
1763897421403,1.24506,0.460184,1.24506,0.460183,
1763897421438,1.24506,0.460184,1.24506,0.460184,
1763897421471,1.24506,0.460184,1.24506,0.460184,
1763897421510,1.24506,0.460185,1.24506,0.460185,
1763897421552,1.24505,0.460185,1.24505,0.460185,
1763897421586,1.24505,0.460186,1.24505,0.460186,
1763897421622,1.24505,0.460186,1.24505,0.460186,
1763897421658,1.24505,0.460186,1.24505,0.460186,
1763897421693,1.24505,0.460187,1.24505,0.460187,
1763897421727,1.24505,0.460187,1.24505,0.460187,
1763897421770,1.24505,0.460187,1.24505,0.460187,
1763897421807,1.24505,0.460188,1.24505,0.460188,
1763897421845,1.24504,0.460188,1.24504,0.460188,
1763897421886,1.24504,0.460189,1.24504,0.460189,
1763897421921,1.24504,0.460189,1.24504,0.460189,
1763897421965,1.24504,0.46019,1.24504,0.46019,
1763897421996,1.24504,0.46019,1.24504,0.46019,
1763897422025,1.24504,0.46019,1.24504,0.46019,
1763897422063,1.24504,0.460191,1.24504,0.460191,
1763897422097,1.24504,0.460191,1.24504,0.460191,
1763897422138,1.24503,0.460191,1.24503,0.460191,
1763897422177,1.24503,0.460192,1.24503,0.460192,
1763897422215,1.24503,0.460192,1.24503,0.460192,
1763897422244,1.24503,0.460193,1.24503,0.460193,
1763897422279,1.24503,0.460193,1.24503,0.460193,
1763897422324,1.24503,0.460194,1.24503,0.460193,
1763897422357,1.24503,0.460194,1.24503,0.460194,
1763897422392,1.24503,0.460194,1.24503,0.460194,
1763897422435,1.24502,0.460195,1.24502,0.460195,
1763897422487,1.24502,0.460195,1.24502,0.460195,
1763897422520,1.24502,0.460195,1.24502,0.460195,
1763897422547,1.24502,0.460196,1.24502,0.460196,
1763897422577,1.24502,0.460196,1.24502,0.460196,
1763897422605,1.24502,0.460196,1.24502,0.460196,
1763897422649,1.24502,0.460197,1.24502,0.460197,
1763897422682,1.24502,0.460197,1.24502,0.460197,
1763897422723,1.24501,0.460198,1.24501,0.460198,
1763897422758,1.24501,0.460198,1.24501,0.460198,
1763897422794,1.24501,0.460199,1.24501,0.460199,
1763897422839,1.24501,0.460199,1.24501,0.460199,
1763897422874,1.24501,0.4602,1.24501,0.4602,
1763897422916,1.24501,0.4602,1.24501,0.4602,
1763897422955,1.24501,0.4602,1.24501,0.4602,
1763897423001,1.24501,0.460201,1.24501,0.460201,
1763897423048,1.245,0.460201,1.245,0.460201,
1763897423079,1.245,0.460201,1.245,0.460201,
1763897423117,1.245,0.460202,1.245,0.460202,
1763897423142,1.245,0.460202,1.245,0.460202,
1763897423189,1.245,0.460203,1.245,0.460203,
1763897423221,1.245,0.460203,1.245,0.460203,
1763897423253,1.245,0.460203,1.245,0.460203,
1763897423293,1.245,0.460204,1.245,0.460204,
1763897423332,1.24499,0.460204,1.24499,0.460204,
1763897423362,1.24499,0.460205,1.24499,0.460205,
1763897423392,1.24499,0.460205,1.24499,0.460205,
1763897423442,1.24499,0.460205,1.24499,0.460205,
1763897423480,1.24499,0.460206,1.24499,0.460206,
1763897423510,1.24499,0.460206,1.24499,0.460206,
1763897423549,1.24499,0.460207,1.24499,0.460207,
1763897423582,1.24499,0.460207,1.24499,0.460207,
1763897423631,1.24498,0.460207,1.24498,0.460207,
1763897423668,1.24498,0.460208,1.24498,0.460208,
1763897423704,1.24498,0.460208,1.24498,0.460208,
1763897423737,1.24498,0.460208,1.24498,0.460208,
1763897423783,1.24498,0.460209,1.24498,0.460209,
1763897423829,1.24498,0.460209,1.24498,0.460209,
1763897423863,1.24498,0.46021,1.24498,0.46021,
1763897423905,1.24498,0.46021,1.24498,0.46021,
1763897423943,1.24497,0.46021,1.24497,0.46021,
1763897423984,1.24497,0.460211,1.24497,0.460211,
1763897424019,1.24497,0.460211,1.24497,0.460211,
1763897424051,1.24497,0.460212,1.24497,0.460212,
1763897424086,1.24497,0.460212,1.24497,0.460212,
1763897424130,1.24497,0.460212,1.24497,0.460212,
1763897424179,1.24497,0.460213,1.24497,0.460213,
1763897424209,1.24497,0.460213,1.24497,0.460213,
1763897424248,1.24496,0.460214,1.24496,0.460214,
1763897424291,1.24496,0.460214,1.24496,0.460214,
1763897424319,1.24496,0.460215,1.24496,0.460215,
1763897424356,1.24496,0.460215,1.24496,0.460215,
1763897424404,1.24496,0.460215,1.24496,0.460215,
1763897424442,1.24496,0.460216,1.24496,0.460216,
1763897424480,1.24496,0.460216,1.24496,0.460216,
1763897424506,1.24496,0.460216,1.24496,0.460216,
1763897424531,1.24495,0.460217,1.24495,0.460217,
1763897424579,1.24495,0.460217,1.24495,0.460217,
1763897424627,1.24495,0.460218,1.24495,0.460218,
1763897424653,1.24495,0.460218,1.24495,0.460218,
1763897424705,1.24495,0.460219,1.24495,0.460218,
1763897424733,1.24495,0.460219,1.24495,0.460219,
1763897424771,1.24495,0.460219,1.24495,0.460219,
1763897424804,1.24495,0.46022,1.24495,0.46022,
1763897424837,1.24494,0.46022,1.24494,0.46022,
1763897424875,1.24494,0.46022,1.24494,0.46022,
1763897424919,1.24494,0.460221,1.24494,0.460221,
1763897424960,1.24494,0.460221,1.24494,0.460221,
1763897424995,1.24494,0.460222,1.24494,0.460222,
1763897425031,1.24494,0.460222,1.24494,0.460222,
1763897425077,1.24494,0.460222,1.24494,0.460222,
1763897425117,1.24494,0.460223,1.24494,0.460223,
1763897425163,1.24493,0.460223,1.24493,0.460223,
1763897425192,1.24493,0.460223,1.24493,0.460223,
1763897425232,1.24493,0.460224,1.24493,0.460224,
1763897425271,1.24493,0.460224,1.24493,0.460224,
1763897425303,1.24493,0.460225,1.24493,0.460225,
1763897425342,1.24493,0.460225,1.24493,0.460225,
1763897425396,1.24493,0.460226,1.24493,0.460226,
1763897425439,1.24493,0.460226,1.24493,0.460226,
1763897425475,1.24492,0.460226,1.24492,0.460226,
1763897425526,1.24492,0.460227,1.24492,0.460227,
1763897425575,1.24492,0.460227,1.24492,0.460227,
1763897425597,1.24492,0.460227,1.24492,0.460227,
1763897425640,1.24492,0.460228,1.24492,0.460228,
1763897425671,1.24492,0.460228,1.24492,0.460228,
1763897425714,1.24492,0.460229,1.24492,0.460229,
1763897425757,1.24492,0.460229,1.24492,0.460229,
1763897425803,1.24491,0.460229,1.24491,0.460229,
1763897425828,1.24491,0.46023,1.24491,0.46023,
1763897425862,1.24491,0.46023,1.24491,0.46023,
1763897425901,1.24491,0.460231,1.24491,0.460231,
1763897425931,1.24491,0.460231,1.24491,0.460231,
1763897425961,1.24491,0.460232,1.24491,0.460232,
1763897426004,1.24491,0.460232,1.24491,0.460232,
1763897426043,1.24491,0.460232,1.24491,0.460232,
1763897426073,1.2449,0.460233,1.2449,0.460233,
1763897426119,1.2449,0.460233,1.2449,0.460233,
1763897426145,1.2449,0.460233,1.2449,0.460233,
1763897426178,1.2449,0.460234,1.2449,0.460234,
1763897426222,1.2449,0.460234,1.2449,0.460234,
1763897426258,1.2449,0.460235,1.2449,0.460235,
1763897426288,1.2449,0.460235,1.2449,0.460235,
1763897426332,1.2449,0.460236,1.2449,0.460236,
1763897426369,1.24489,0.460236,1.24489,0.460236,
1763897426403,1.24489,0.460236,1.24489,0.460236,
1763897426443,1.24489,0.460237,1.24489,0.460237,
1763897426477,1.24489,0.460237,1.24489,0.460237,
1763897426514,1.24489,0.460237,1.24489,0.460237,
1763897426549,1.24489,0.460238,1.24489,0.460238,
1763897426582,1.24489,0.460238,1.24489,0.460238,
1763897426626,1.24489,0.460239,1.24489,0.460239,
1763897426669,1.24488,0.460239,1.24488,0.460239,
1763897426713,1.24488,0.460239,1.24488,0.460239,
1763897426742,1.24488,0.46024,1.24488,0.46024,
1763897426777,1.24488,0.46024,1.24488,0.46024,
1763897426810,1.24488,0.460241,1.24488,0.460241,
1763897426849,1.24488,0.460241,1.24488,0.460241,
1763897426887,1.24488,0.460241,1.24488,0.460241,
1763897426928,1.24488,0.460242,1.24488,0.460242,
1763897426960,1.24487,0.460242,1.24487,0.460242,
1763897426996,1.24487,0.460243,1.24487,0.460243,
1763897427039,1.24487,0.460243,1.24487,0.460243,
1763897427079,1.24487,0.460243,1.24487,0.460243,
1763897427130,1.24487,0.460244,1.24487,0.460244,
1763897427162,1.24487,0.460244,1.24487,0.460244,
1763897427190,1.24487,0.460244,1.24487,0.460244,
1763897427235,1.24487,0.460245,1.24487,0.460245,
1763897427267,1.24486,0.460245,1.24486,0.460245,
1763897427295,1.24486,0.460246,1.24486,0.460246,
1763897427332,1.24486,0.460246,1.24486,0.460246,
1763897427370,1.24486,0.460247,1.24486,0.460247,
1763897427406,1.24486,0.460247,1.24486,0.460247,
1763897427456,1.24486,0.460247,1.24486,0.460247,
1763897427503,1.24486,0.460248,1.24486,0.460248,
1763897427533,1.24486,0.460248,1.24486,0.460248,
1763897427577,1.24485,0.460249,1.24485,0.460249,
1763897427633,1.24485,0.460249,1.24485,0.460249,
1763897427677,1.24485,0.460249,1.24485,0.460249,
1763897427713,1.24485,0.46025,1.24485,0.46025,
1763897427748,1.24485,0.46025,1.24485,0.46025,
1763897427782,1.24485,0.460251,1.24485,0.460251,
1763897427813,1.24485,0.460251,1.24485,0.460251,
1763897427858,1.24485,0.460251,1.24485,0.460251,
1763897427901,1.24484,0.460251,1.24484,0.460251,
1763897427926,1.24484,0.460252,1.24484,0.460252,
1763897427967,1.24484,0.460252,1.24484,0.460252,
1763897428008,1.24484,0.460253,1.24484,0.460253,
1763897428047,1.24484,0.460253,1.24484,0.460253,
1763897428080,1.24484,0.460254,1.24484,0.460254,
1763897428113,1.24484,0.460254,1.24484,0.460254,
1763897428157,1.24484,0.460254,1.24484,0.460255,
1763897428198,1.24483,0.460255,1.24483,0.460255,
1763897428228,1.24483,0.460255,1.24483,0.460255,
1763897428271,1.24483,0.460256,1.24483,0.460256,
1763897428311,1.24483,0.460256,1.24483,0.460256,
1763897428344,1.24483,0.460256,1.24483,0.460256,
1763897428383,1.24483,0.460257,1.24483,0.460257,
1763897428415,1.24483,0.460257,1.24483,0.460257,
1763897428443,1.24483,0.460258,1.24483,0.460258,
1763897428487,1.24482,0.460258,1.24482,0.460258,
1763897428524,1.24482,0.460259,1.24482,0.460259,
1763897428563,1.24482,0.460259,1.24482,0.460259,
1763897428604,1.24482,0.460259,1.24482,0.460259,
1763897428643,1.24482,0.46026,1.24482,0.46026,
1763897428677,1.24482,0.46026,1.24482,0.46026,
1763897428720,1.24482,0.46026,1.24482,0.46026,
1763897428749,1.24482,0.460261,1.24482,0.460261,
1763897428785,1.24481,0.460261,1.24481,0.460261,
1763897428820,1.24481,0.460262,1.24481,0.460262,
1763897428866,1.24481,0.460262,1.24481,0.460262,
1763897428913,1.24481,0.460262,1.24481,0.460262,
1763897428941,1.24481,0.460263,1.24481,0.460263,
1763897428973,1.24481,0.460263,1.24481,0.460263,
1763897429001,1.24481,0.460264,1.24481,0.460264,
1763897429038,1.24481,0.460264,1.24481,0.460264,
1763897429081,1.2448,0.460264,1.2448,0.460264,
1763897429123,1.2448,0.460265,1.2448,0.460265,
1763897429153,1.2448,0.460265,1.2448,0.460265,
1763897429187,1.2448,0.460266,1.2448,0.460266,
1763897429232,1.2448,0.460266,1.2448,0.460266,
1763897429267,1.2448,0.460266,1.2448,0.460266,
1763897429301,1.2448,0.460267,1.2448,0.460267,
1763897429340,1.2448,0.460267,1.2448,0.460267,
1763897429381,1.24479,0.460268,1.24479,0.460268,
1763897429424,1.24479,0.460268,1.24479,0.460268,
1763897429478,1.24479,0.460268,1.24479,0.460268,
1763897429516,1.24479,0.460269,1.24479,0.460269,
1763897429550,1.24479,0.460269,1.24479,0.460269,
1763897429591,1.24479,0.46027,1.24479,0.46027,
1763897429637,1.24479,0.46027,1.24479,0.46027,
1763897429670,1.24479,0.46027,1.24479,0.46027,
1763897429703,1.24478,0.460271,1.24478,0.460271,
1763897429751,1.24478,0.460271,1.24478,0.460271,
1763897429783,1.24478,0.460272,1.24478,0.460272,
1763897429816,1.24478,0.460272,1.24478,0.460272,
1763897429848,1.24478,0.460272,1.24478,0.460272,
1763897429883,1.24478,0.460273,1.24478,0.460273,
1763897429928,1.24478,0.460273,1.24478,0.460273,
1763897429954,1.24478,0.460274,1.24478,0.460274,
1763897429987,1.24477,0.460274,1.24477,0.460274,
1763897430030,1.24477,0.460274,1.24477,0.460274,
1763897430063,1.24477,0.460275,1.24477,0.460275,
1763897430099,1.24477,0.460275,1.24477,0.460275,
1763897430151,1.24477,0.460276,1.24477,0.460276,
1763897430188,1.24477,0.460276,1.24477,0.460276,
1763897430246,1.24477,0.460276,1.24477,0.460276,
1763897430277,1.24477,0.460277,1.24477,0.460277,
1763897430305,1.24476,0.460277,1.24476,0.460277,
1763897430343,1.24476,0.460277,1.24476,0.460277,
1763897430380,1.24476,0.460278,1.24476,0.460278,
1763897430422,1.24476,0.460278,1.24476,0.460278,
1763897430456,1.24476,0.460279,1.24476,0.460279,
1763897430489,1.24476,0.460279,1.24476,0.460279,
1763897430530,1.24476,0.460279,1.24476,0.460279,
1763897430576,1.24476,0.46028,1.24476,0.46028,
1763897430599,1.24475,0.46028,1.24475,0.46028,
1763897430635,1.24475,0.460281,1.24475,0.460281,
1763897430670,1.24475,0.460281,1.24475,0.460281,
1763897430703,1.24475,0.460282,1.24475,0.460282,
1763897430748,1.24475,0.460282,1.24475,0.460282,
1763897430799,1.24475,0.460282,1.24475,0.460282,
1763897430840,1.24475,0.460283,1.24475,0.460283,
1763897430871,1.24475,0.460283,1.24475,0.460283,
1763897430915,1.24474,0.460283,1.24474,0.460283,
1763897430952,1.24474,0.460284,1.24474,0.460284,
1763897430990,1.24474,0.460284,1.24474,0.460284,
1763897431040,1.24474,0.460285,1.24474,0.460285,
1763897431073,1.24474,0.460285,1.24474,0.460285,
1763897431112,1.24474,0.460285,1.24474,0.460285,
1763897431150,1.24474,0.460286,1.24474,0.460286,
1763897431187,1.24474,0.460286,1.24474,0.460286,
1763897431223,1.24473,0.460287,1.24473,0.460287,
1763897431263,1.24473,0.460287,1.24473,0.460287,
1763897431308,1.24473,0.460287,1.24473,0.460287,
1763897431352,1.24473,0.460288,1.24473,0.460288,
1763897431388,1.24473,0.460288,1.24473,0.460288,
1763897431432,1.24473,0.460289,1.24473,0.460289,
1763897431468,1.24473,0.460289,1.24473,0.460289,
1763897431506,1.24473,0.460289,1.24473,0.460289,
1763897431556,1.24472,0.46029,1.24472,0.46029,
1763897431590,1.24472,0.46029,1.24472,0.46029,
1763897431617,1.24472,0.460291,1.24472,0.460291,
1763897431650,1.24472,0.460291,1.24472,0.460291,
1763897431688,1.24472,0.460291,1.24472,0.460291,
1763897431728,1.24472,0.460292,1.24472,0.460292,
1763897431766,1.24472,0.460292,1.24472,0.460292,
1763897431808,1.24472,0.460293,1.24472,0.460293,
1763897431844,1.24471,0.460293,1.24471,0.460293,
1763897431878,1.24471,0.460293,1.24471,0.460293,
1763897431929,1.24471,0.460294,1.24471,0.460294,
1763897431971,1.24471,0.460294,1.24471,0.460294,
1763897431997,1.24471,0.460294,1.24471,0.460294,
1763897432029,1.24471,0.460295,1.24471,0.460295,
1763897432063,1.24471,0.460295,1.24471,0.460295,
1763897432099,1.2447,0.460296,1.2447,0.460296,
1763897432130,1.2447,0.460296,1.2447,0.460296,
1763897432176,1.2447,0.460297,1.2447,0.460297,
1763897432219,1.2447,0.460297,1.2447,0.460297,
1763897432257,1.2447,0.460297,1.2447,0.460297,
1763897432291,1.2447,0.460298,1.2447,0.460298,
1763897432339,1.2447,0.460298,1.2447,0.460298,
1763897432381,1.2447,0.460298,1.2447,0.460298,
1763897432420,1.24469,0.460299,1.24469,0.460299,
1763897432456,1.24469,0.460299,1.24469,0.460299,
1763897432496,1.24469,0.4603,1.24469,0.4603,
1763897432531,1.24469,0.4603,1.24469,0.4603,
1763897432563,1.24469,0.460301,1.24469,0.460301,
1763897432611,1.24469,0.460301,1.24469,0.460301,
1763897432650,1.24469,0.460301,1.24469,0.460301,
1763897432683,1.24469,0.460302,1.24469,0.460302,
1763897432722,1.24468,0.460302,1.24468,0.460302,
1763897432771,1.24468,0.460302,1.24468,0.460302,
1763897432811,1.24468,0.460303,1.24468,0.460303,
1763897432856,1.24468,0.460303,1.24468,0.460303,
1763897432885,1.24468,0.460304,1.24468,0.460304,
1763897432912,1.24468,0.460304,1.24468,0.460304,
1763897432949,1.24468,0.460305,1.24468,0.460304,
1763897433002,1.24468,0.460305,1.24468,0.460305,
1763897433031,1.24468,0.460305,1.24468,0.460305,
1763897433062,1.24467,0.460306,1.24467,0.460306,
1763897433098,1.24467,0.460306,1.24467,0.460306,
1763897433142,1.24467,0.460306,1.24467,0.460306,
1763897433177,1.24467,0.460307,1.24467,0.460307,
1763897433219,1.24467,0.460307,1.24467,0.460307,
1763897433271,1.24467,0.460308,1.24467,0.460308,
1763897433305,1.24467,0.460308,1.24467,0.460308,
1763897433339,1.24466,0.460308,1.24466,0.460308,
1763897433390,1.24466,0.460309,1.24466,0.460309,
1763897433419,1.24466,0.460309,1.24466,0.460309,
1763897433458,1.24466,0.46031,1.24466,0.46031,
1763897433501,1.24466,0.46031,1.24466,0.46031,
1763897433534,1.24466,0.46031,1.24466,0.46031,
1763897433569,1.24466,0.460311,1.24466,0.460311,
1763897433617,1.24466,0.460311,1.24466,0.460311,
1763897433648,1.24465,0.460312,1.24465,0.460312,
1763897433677,1.24465,0.460312,1.24465,0.460312,
1763897433715,1.24465,0.460312,1.24465,0.460312,
1763897433750,1.24465,0.460313,1.24465,0.460313,
1763897433791,1.24465,0.460313,1.24465,0.460313,
1763897433837,1.24465,0.460314,1.24465,0.460314,
1763897433887,1.24465,0.460314,1.24465,0.460314,
1763897433914,1.24465,0.460314,1.24465,0.460314,
1763897433945,1.24464,0.460315,1.24464,0.460315,
1763897433984,1.24464,0.460315,1.24464,0.460315,
1763897434014,1.24464,0.460315,1.24464,0.460315,
1763897434066,1.24464,0.460316,1.24464,0.460316,
1763897434095,1.24464,0.460316,1.24464,0.460316,
1763897434151,1.24464,0.460317,1.24464,0.460317,
1763897434184,1.24464,0.460317,1.24464,0.460317,
1763897434210,1.24464,0.460317,1.24464,0.460317,
1763897434256,1.24463,0.460318,1.24463,0.460318,
1763897434288,1.24463,0.460318,1.24463,0.460318,
1763897434321,1.24463,0.460319,1.24463,0.460319,
1763897434357,1.24463,0.460319,1.24463,0.460319,
1763897434387,1.24463,0.46032,1.24463,0.46032,
1763897434423,1.24463,0.46032,1.24463,0.46032,
1763897434455,1.24463,0.46032,1.24463,0.46032,
1763897434506,1.24463,0.460321,1.24463,0.460321,
1763897434559,1.24462,0.460321,1.24462,0.460321,
1763897434591,1.24462,0.460321,1.24462,0.460321,
1763897434626,1.24462,0.460322,1.24462,0.460322,
1763897434671,1.24462,0.460322,1.24462,0.460322,
1763897434710,1.24462,0.460323,1.24462,0.460323,
1763897434744,1.24462,0.460323,1.24462,0.460323,
1763897434780,1.24462,0.460323,1.24462,0.460323,
1763897434815,1.24462,0.460324,1.24462,0.460324,
1763897434845,1.24461,0.460324,1.24461,0.460324,
1763897434887,1.24461,0.460325,1.24461,0.460325,
1763897434928,1.24461,0.460325,1.24461,0.460325,
1763897434964,1.24461,0.460326,1.24461,0.460325,
1763897435011,1.24461,0.460326,1.24461,0.460326,
1763897435046,1.24461,0.460326,1.24461,0.460326,
1763897435075,1.24461,0.460327,1.24461,0.460327,
1763897435116,1.24461,0.460327,1.24461,0.460327,
1763897435160,1.2446,0.460328,1.2446,0.460328,
1763897435200,1.2446,0.460328,1.2446,0.460328,
1763897435235,1.2446,0.460328,1.2446,0.460328,
1763897435269,1.2446,0.460329,1.2446,0.460329,
1763897435312,1.2446,0.460329,1.2446,0.460329,
1763897435347,1.2446,0.460329,1.2446,0.460329,
1763897435383,1.2446,0.46033,1.2446,0.46033,
1763897435428,1.2446,0.46033,1.2446,0.46033,
1763897435456,1.24459,0.460331,1.24459,0.460331,
1763897435489,1.24459,0.460331,1.24459,0.460331,
1763897435535,1.24459,0.460331,1.24459,0.460331,
1763897435559,1.24459,0.460332,1.24459,0.460332,
1763897435596,1.24459,0.460332,1.24459,0.460332,
1763897435632,1.24459,0.460333,1.24459,0.460333,
1763897435665,1.24459,0.460333,1.24459,0.460333,
1763897435710,1.24459,0.460333,1.24459,0.460333,
1763897435756,1.24458,0.460334,1.24458,0.460334,
1763897435797,1.24458,0.460334,1.24458,0.460334,
1763897435826,1.24458,0.460335,1.24458,0.460335,
1763897435859,1.24458,0.460335,1.24458,0.460335,
1763897435902,1.24458,0.460335,1.24458,0.460335,
1763897435934,1.24458,0.460336,1.24458,0.460336,
1763897435966,1.24458,0.460336,1.24458,0.460336,
1763897436009,1.24458,0.460337,1.24458,0.460337,
1763897436039,1.24457,0.460337,1.24457,0.460337,
1763897436075,1.24457,0.460337,1.24457,0.460337,
1763897436105,1.24457,0.460338,1.24457,0.460338,
1763897436143,1.24457,0.460338,1.24457,0.460338,
1763897436176,1.24457,0.460339,1.24457,0.460339,
1763897436221,1.24457,0.460339,1.24457,0.460339,
1763897436265,1.24457,0.460339,1.24457,0.460339,
1763897436301,1.24457,0.46034,1.24457,0.46034,
1763897436340,1.24456,0.46034,1.24456,0.46034,
1763897436372,1.24456,0.460341,1.24456,0.460341,
1763897436414,1.24456,0.460341,1.24456,0.460341,
1763897436443,1.24456,0.460341,1.24456,0.460341,
1763897436480,1.24456,0.460342,1.24456,0.460342,
1763897436528,1.24456,0.460342,1.24456,0.460342,
1763897436575,1.24456,0.460343,1.24456,0.460343,
1763897436598,1.24456,0.460343,1.24456,0.460343,
1763897436637,1.24455,0.460343,1.24455,0.460343,
1763897436673,1.24455,0.460344,1.24455,0.460344,
1763897436701,1.24455,0.460344,1.24455,0.460344,
1763897436742,1.24455,0.460344,1.24455,0.460344,
1763897436783,1.24455,0.460345,1.24455,0.460345,
1763897436808,1.24455,0.460345,1.24455,0.460345,
1763897436848,1.24455,0.460346,1.24455,0.460346,
1763897436883,1.24455,0.460346,1.24455,0.460346,
1763897436915,1.24454,0.460346,1.24454,0.460346,
1763897436959,1.24454,0.460347,1.24454,0.460347,
1763897436990,1.24454,0.460347,1.24454,0.460347,
1763897437022,1.24454,0.460348,1.24454,0.460348,
1763897437064,1.24454,0.460348,1.24454,0.460348,
1763897437101,1.24454,0.460349,1.24454,0.460349,
1763897437138,1.24454,0.460349,1.24454,0.460349,
1763897437179,1.24454,0.460349,1.24454,0.460349,
1763897437223,1.24453,0.46035,1.24453,0.46035,
1763897437258,1.24453,0.46035,1.24453,0.46035,
1763897437301,1.24453,0.460351,1.24453,0.460351,
1763897437328,1.24453,0.460351,1.24453,0.460351,
1763897437366,1.24453,0.460351,1.24453,0.460351,
1763897437415,1.24453,0.460351,1.24453,0.460352,
1763897437442,1.24453,0.460352,1.24453,0.460352,
1763897437480,1.24453,0.460352,1.24453,0.460352,
1763897437517,1.24452,0.460353,1.24452,0.460353,
1763897437562,1.24452,0.460353,1.24452,0.460353,
1763897437592,1.24452,0.460354,1.24452,0.460354,
1763897437632,1.24452,0.460354,1.24452,0.460354,
1763897437673,1.24452,0.460354,1.24452,0.460354,
1763897437703,1.24452,0.460355,1.24452,0.460355,
1763897437743,1.24452,0.460355,1.24452,0.460355,
1763897437790,1.24452,0.460356,1.24452,0.460356,
1763897437819,1.24451,0.460356,1.24451,0.460356,
1763897437859,1.24451,0.460357,1.24451,0.460357,
1763897437902,1.24451,0.460357,1.24451,0.460357,
1763897437939,1.24451,0.460357,1.24451,0.460357,
1763897437974,1.24451,0.460358,1.24451,0.460358,
1763897438020,1.24451,0.460358,1.24451,0.460358,
1763897438058,1.24451,0.460358,1.24451,0.460358,
1763897438092,1.24451,0.460359,1.24451,0.460359,
1763897438137,1.2445,0.460359,1.2445,0.460359,
1763897438169,1.2445,0.460359,1.2445,0.460359,
1763897438204,1.2445,0.46036,1.2445,0.46036,
1763897438240,1.2445,0.46036,1.2445,0.46036,
1763897438278,1.2445,0.460361,1.2445,0.460361,
1763897438317,1.2445,0.460361,1.2445,0.460361,
1763897438359,1.2445,0.460362,1.2445,0.460362,
1763897438400,1.2445,0.460362,1.2445,0.460362,
1763897438440,1.24449,0.460362,1.24449,0.460362,
1763897438480,1.24449,0.460363,1.24449,0.460363,
1763897438518,1.24449,0.460363,1.24449,0.460363,
1763897438562,1.24449,0.460363,1.24449,0.460363,
1763897438597,1.24449,0.460364,1.24449,0.460364,
1763897438629,1.24449,0.460364,1.24449,0.460364,
1763897438678,1.24449,0.460365,1.24449,0.460365,
1763897438717,1.24449,0.460365,1.24449,0.460365,
1763897438742,1.24448,0.460366,1.24448,0.460366,
1763897438788,1.24448,0.460366,1.24448,0.460366,
1763897438825,1.24448,0.460366,1.24448,0.460366,
1763897438856,1.24448,0.460367,1.24448,0.460367,
1763897438898,1.24448,0.460367,1.24448,0.460367,
1763897438938,1.24448,0.460368,1.24448,0.460368,
1763897438968,1.24448,0.460368,1.24448,0.460368,
1763897439014,1.24448,0.460368,1.24448,0.460368,
1763897439053,1.24447,0.460369,1.24447,0.460369,
1763897439085,1.24447,0.460369,1.24447,0.460369,
1763897439122,1.24447,0.460369,1.24447,0.460369,
1763897439163,1.24447,0.46037,1.24447,0.46037,
1763897439194,1.24447,0.46037,1.24447,0.46037,
1763897439235,1.24447,0.460371,1.24447,0.460371,
1763897439266,1.24447,0.460371,1.24447,0.460371,
1763897439312,1.24447,0.460372,1.24447,0.460372,
1763897439345,1.24446,0.460372,1.24446,0.460372,
1763897439380,1.24446,0.460372,1.24446,0.460372,
1763897439419,1.24446,0.460373,1.24446,0.460373,
1763897439455,1.24446,0.460373,1.24446,0.460373,
1763897439492,1.24446,0.460373,1.24446,0.460373,
1763897439535,1.24446,0.460374,1.24446,0.460374,
1763897439576,1.24446,0.460374,1.24446,0.460374,
1763897439605,1.24446,0.460375,1.24446,0.460375,
1763897439640,1.24445,0.460375,1.24445,0.460375,
1763897439687,1.24445,0.460375,1.24445,0.460375,
1763897439713,1.24445,0.460376,1.24445,0.460376,
1763897439751,1.24445,0.460376,1.24445,0.460376,
1763897439782,1.24445,0.460377,1.24445,0.460377,
1763897439818,1.24445,0.460377,1.24445,0.460377,
1763897439860,1.24445,0.460378,1.24445,0.460378,
1763897439898,1.24445,0.460378,1.24445,0.460378,
1763897439935,1.24444,0.460378,1.24444,0.460378,
1763897439973,1.24444,0.460379,1.24444,0.460379,
1763897440021,1.24444,0.460379,1.24444,0.460379,
1763897440064,1.24444,0.460379,1.24444,0.460379,
1763897440091,1.24444,0.46038,1.24444,0.46038,
1763897440129,1.24444,0.46038,1.24444,0.46038,
1763897440167,1.24444,0.460381,1.24444,0.46038,
1763897440210,1.24444,0.460381,1.24444,0.460381,
1763897440241,1.24443,0.460381,1.24443,0.460381,
1763897440287,1.24443,0.460382,1.24443,0.460382,
1763897440326,1.24443,0.460382,1.24443,0.460382,
1763897440360,1.24443,0.460383,1.24443,0.460383,
1763897440391,1.24443,0.460383,1.24443,0.460383,
1763897440434,1.24443,0.460383,1.24443,0.460383,
1763897440459,1.24443,0.460384,1.24443,0.460384,
1763897440496,1.24443,0.460384,1.24443,0.460384,
1763897440544,1.24442,0.460384,1.24442,0.460384,
1763897440572,1.24442,0.460385,1.24442,0.460385,
1763897440610,1.24442,0.460385,1.24442,0.460385,
1763897440646,1.24442,0.460386,1.24442,0.460386,
1763897440692,1.24442,0.460386,1.24442,0.460386,
1763897440737,1.24442,0.460387,1.24442,0.460387,
1763897440782,1.24442,0.460387,1.24442,0.460387,
1763897440825,1.24442,0.460387,1.24442,0.460387,
1763897440867,1.24441,0.460388,1.24441,0.460388,
1763897440894,1.24441,0.460388,1.24441,0.460388,
1763897440931,1.24441,0.460389,1.24441,0.460389,
1763897440964,1.24441,0.460389,1.24441,0.460389,
1763897441010,1.24441,0.460389,1.24441,0.460389,
1763897441050,1.24441,0.46039,1.24441,0.46039,
1763897441082,1.24441,0.46039,1.24441,0.46039,
1763897441119,1.24441,0.46039,1.24441,0.460391,
1763897441157,1.2444,0.460391,1.2444,0.460391,
1763897441199,1.2444,0.460391,1.2444,0.460391,
1763897441229,1.2444,0.460392,1.2444,0.460392,
1763897441268,1.2444,0.460392,1.2444,0.460392,
1763897441305,1.2444,0.460392,1.2444,0.460392,
1763897441336,1.2444,0.460393,1.2444,0.460393,
1763897441369,1.2444,0.460393,1.2444,0.460393,
1763897441411,1.2444,0.460394,1.2444,0.460394,
1763897441456,1.24439,0.460394,1.24439,0.460394,
1763897441503,1.24439,0.460395,1.24439,0.460395,
1763897441544,1.24439,0.460395,1.24439,0.460395,
1763897441582,1.24439,0.460395,1.24439,0.460395,
1763897441612,1.24439,0.460396,1.24439,0.460396,
1763897441647,1.24439,0.460396,1.24439,0.460396,
1763897441684,1.24439,0.460396,1.24439,0.460396,
1763897441722,1.24439,0.460397,1.24439,0.460397,
1763897441769,1.24438,0.460397,1.24438,0.460397,
1763897441806,1.24438,0.460398,1.24438,0.460398,
1763897441838,1.24438,0.460398,1.24438,0.460398,
1763897441873,1.24438,0.460398,1.24438,0.460398,
1763897441915,1.24438,0.460399,1.24438,0.460399,
1763897441943,1.24438,0.460399,1.24438,0.460399,
1763897441979,1.24438,0.4604,1.24438,0.4604,
1763897442028,1.24438,0.4604,1.24438,0.4604,
1763897442069,1.24437,0.4604,1.24437,0.4604,
1763897442097,1.24437,0.460401,1.24437,0.460401,
1763897442139,1.24437,0.460401,1.24437,0.460401,
1763897442177,1.24437,0.460402,1.24437,0.460402,
1763897442205,1.24437,0.460402,1.24437,0.460402,
1763897442252,1.24437,0.460402,1.24437,0.460402,
1763897442290,1.24437,0.460403,1.24437,0.460403,
1763897442330,1.24437,0.460403,1.24437,0.460403,
1763897442377,1.24436,0.460404,1.24436,0.460404,
1763897442416,1.24436,0.460404,1.24436,0.460404,
1763897442448,1.24436,0.460404,1.24436,0.460404,
1763897442493,1.24436,0.460405,1.24436,0.460405,
1763897442536,1.24436,0.460405,1.24436,0.460405,
1763897442567,1.24436,0.460406,1.24436,0.460406,
1763897442619,1.24436,0.460406,1.24436,0.460406,
1763897442648,1.24436,0.460406,1.24436,0.460406,
1763897442681,1.24435,0.460407,1.24435,0.460407,
1763897442718,1.24435,0.460407,1.24435,0.460407,
1763897442767,1.24435,0.460407,1.24435,0.460407,
1763897442803,1.24435,0.460408,1.24435,0.460408,
1763897442848,1.24435,0.460408,1.24435,0.460408,
1763897442879,1.24435,0.460409,1.24435,0.460409,
1763897442923,1.24435,0.460409,1.24435,0.460409,
1763897442972,1.24435,0.46041,1.24435,0.46041,
1763897442998,1.24434,0.46041,1.24434,0.46041,
1763897443037,1.24434,0.46041,1.24434,0.46041,
1763897443075,1.24434,0.460411,1.24434,0.460411,
1763897443118,1.24434,0.460411,1.24434,0.460411,
1763897443152,1.24434,0.460411,1.24434,0.460411,
1763897443181,1.24434,0.460412,1.24434,0.460412,
1763897443215,1.24434,0.460412,1.24434,0.460412,
1763897443255,1.24434,0.460413,1.24434,0.460413,
1763897443288,1.24433,0.460413,1.24433,0.460413,
1763897443324,1.24433,0.460413,1.24433,0.460413,
1763897443371,1.24433,0.460414,1.24433,0.460414,
1763897443400,1.24433,0.460414,1.24433,0.460414,
1763897443436,1.24433,0.460415,1.24433,0.460415,
1763897443484,1.24433,0.460415,1.24433,0.460415,
1763897443531,1.24433,0.460415,1.24433,0.460415,
1763897443562,1.24433,0.460416,1.24433,0.460416,
1763897443594,1.24432,0.460416,1.24432,0.460416,
1763897443634,1.24432,0.460417,1.24432,0.460417,
1763897443673,1.24432,0.460417,1.24432,0.460417,
1763897443702,1.24432,0.460417,1.24432,0.460417,
1763897443737,1.24432,0.460418,1.24432,0.460418,
1763897443783,1.24432,0.460418,1.24432,0.460418,
1763897443806,1.24432,0.460419,1.24432,0.460419,
1763897443842,1.24432,0.460419,1.24432,0.460419,
1763897443878,1.24431,0.460419,1.24431,0.460419,
1763897443910,1.24431,0.46042,1.24431,0.46042,
1763897443953,1.24431,0.46042,1.24431,0.46042,
1763897443992,1.24431,0.460421,1.24431,0.460421,
1763897444023,1.24431,0.460421,1.24431,0.460421,
1763897444071,1.24431,0.460422,1.24431,0.460421,
1763897444110,1.24431,0.460422,1.24431,0.460422,
1763897444141,1.24431,0.460422,1.24431,0.460422,
1763897444169,1.2443,0.460422,1.2443,0.460422,
1763897444215,1.2443,0.460423,1.2443,0.460423,
1763897444245,1.2443,0.460423,1.2443,0.460423,
1763897444283,1.2443,0.460424,1.2443,0.460424,
1763897444336,1.2443,0.460424,1.2443,0.460424,
1763897444372,1.2443,0.460425,1.2443,0.460425,
1763897444404,1.2443,0.460425,1.2443,0.460425,
1763897444441,1.2443,0.460425,1.2443,0.460425,
1763897444472,1.24429,0.460426,1.24429,0.460426,
1763897444516,1.24429,0.460426,1.24429,0.460426,
1763897444552,1.24429,0.460426,1.24429,0.460426,
1763897444584,1.24429,0.460427,1.24429,0.460427,
1763897444622,1.24429,0.460427,1.24429,0.460427,
1763897444653,1.24429,0.460428,1.24429,0.460428,
1763897444683,1.24429,0.460428,1.24429,0.460428,
1763897444730,1.24429,0.460429,1.24429,0.460429,
1763897444766,1.24428,0.460429,1.24428,0.460429,
1763897444800,1.24428,0.460429,1.24428,0.460429,
1763897444836,1.24428,0.46043,1.24428,0.46043,
1763897444870,1.24428,0.46043,1.24428,0.46043,
1763897444911,1.24428,0.46043,1.24428,0.46043,
1763897444940,1.24428,0.460431,1.24428,0.460431,
1763897444979,1.24428,0.460431,1.24428,0.460431,
1763897445016,1.24427,0.460431,1.24427,0.460431,
1763897445052,1.24427,0.460432,1.24427,0.460432,
1763897445082,1.24427,0.460433,1.24427,0.460432,
1763897445116,1.24427,0.460433,1.24427,0.460433,
1763897445155,1.24427,0.460433,1.24427,0.460433,
1763897445197,1.24427,0.460434,1.24427,0.460434,
1763897445237,1.24427,0.460434,1.24427,0.460434,
1763897445266,1.24427,0.460434,1.24427,0.460434,
1763897445302,1.24427,0.460435,1.24427,0.460435,
1763897445345,1.24426,0.460435,1.24426,0.460435,
1763897445391,1.24426,0.460436,1.24426,0.460436,
1763897445420,1.24426,0.460436,1.24426,0.460436,
1763897445457,1.24426,0.460437,1.24426,0.460436,
1763897445500,1.24426,0.460437,1.24426,0.460437,
1763897445531,1.24426,0.460437,1.24426,0.460437,
1763897445570,1.24426,0.460438,1.24426,0.460438,
1763897445608,1.24426,0.460438,1.24426,0.460438,
1763897445643,1.24425,0.460438,1.24425,0.460438,
1763897445679,1.24425,0.460439,1.24425,0.460439,
1763897445729,1.24425,0.460439,1.24425,0.460439,
1763897445764,1.24425,0.46044,1.24425,0.46044,
1763897445799,1.24425,0.46044,1.24425,0.46044,
1763897445828,1.24425,0.460441,1.24425,0.460441,
1763897445874,1.24425,0.460441,1.24425,0.460441,
1763897445919,1.24425,0.460441,1.24425,0.460441,
1763897445950,1.24424,0.460442,1.24424,0.460442,
1763897445987,1.24424,0.460442,1.24424,0.460442,
1763897446019,1.24424,0.460442,1.24424,0.460442,
1763897446048,1.24424,0.460443,1.24424,0.460443,
1763897446088,1.24424,0.460443,1.24424,0.460443,
1763897446119,1.24424,0.460444,1.24424,0.460443,
1763897446156,1.24424,0.460444,1.24424,0.460444,
1763897446196,1.24424,0.460444,1.24424,0.460444,
1763897446239,1.24423,0.460445,1.24423,0.460445,
1763897446273,1.24423,0.460445,1.24423,0.460445,
1763897446309,1.24423,0.460445,1.24423,0.460445,
1763897446366,1.24423,0.460446,1.24423,0.460446,
1763897446396,1.24423,0.460446,1.24423,0.460446,
1763897446427,1.24423,0.460447,1.24423,0.460447,
1763897446472,1.24423,0.460447,1.24423,0.460447,
1763897446505,1.24422,0.460448,1.24422,0.460448,
1763897446539,1.24422,0.460448,1.24422,0.460448,
1763897446576,1.24422,0.460448,1.24422,0.460448,
1763897446613,1.24422,0.460449,1.24422,0.460449,
1763897446653,1.24422,0.460449,1.24422,0.460449,
1763897446702,1.24422,0.460449,1.24422,0.460449,
1763897446744,1.24422,0.46045,1.24422,0.46045,
1763897446783,1.24422,0.46045,1.24422,0.46045,
1763897446817,1.24421,0.460451,1.24421,0.460451,
1763897446861,1.24421,0.460451,1.24421,0.460451,
1763897446904,1.24421,0.460452,1.24421,0.460452,
1763897446932,1.24421,0.460452,1.24421,0.460452,
1763897446963,1.24421,0.460452,1.24421,0.460452,
1763897447007,1.24421,0.460453,1.24421,0.460453,
1763897447051,1.24421,0.460453,1.24421,0.460453,
1763897447077,1.24421,0.460454,1.24421,0.460454,
1763897447121,1.2442,0.460454,1.2442,0.460454,
1763897447157,1.2442,0.460454,1.2442,0.460454,
1763897447194,1.2442,0.460455,1.2442,0.460455,
1763897447230,1.2442,0.460455,1.2442,0.460455,
1763897447271,1.2442,0.460456,1.2442,0.460456,
1763897447308,1.2442,0.460456,1.2442,0.460456,
1763897447342,1.2442,0.460456,1.2442,0.460456,
1763897447370,1.2442,0.460456,1.2442,0.460457,
1763897447412,1.24419,0.460457,1.24419,0.460457,
1763897447451,1.24419,0.460457,1.24419,0.460457,
1763897447495,1.24419,0.460458,1.24419,0.460458,
1763897447536,1.24419,0.460458,1.24419,0.460458,
1763897447568,1.24419,0.460459,1.24419,0.460459,
1763897447603,1.24419,0.460459,1.24419,0.460459,
1763897447651,1.24419,0.460459,1.24419,0.460459,
1763897447688,1.24419,0.46046,1.24419,0.46046,
1763897447735,1.24418,0.46046,1.24418,0.46046,
1763897447772,1.24418,0.460461,1.24418,0.460461,
1763897447799,1.24418,0.460461,1.24418,0.460461,
1763897447843,1.24418,0.460461,1.24418,0.460461,
1763897447885,1.24418,0.460462,1.24418,0.460462,
1763897447914,1.24418,0.460462,1.24418,0.460462,
1763897447945,1.24418,0.460463,1.24418,0.460463,
1763897447978,1.24418,0.460463,1.24418,0.460463,
1763897448014,1.24417,0.460463,1.24417,0.460463,
1763897448054,1.24417,0.460464,1.24417,0.460464,
1763897448096,1.24417,0.460464,1.24417,0.460464,
1763897448128,1.24417,0.460464,1.24417,0.460464,
1763897448175,1.24417,0.460465,1.24417,0.460465,
1763897448211,1.24417,0.460465,1.24417,0.460465,
1763897448251,1.24417,0.460466,1.24417,0.460466,
1763897448287,1.24417,0.460466,1.24417,0.460466,
1763897448328,1.24416,0.460466,1.24416,0.460466,
1763897448358,1.24416,0.460467,1.24416,0.460467,
1763897448393,1.24416,0.460467,1.24416,0.460467,
1763897448435,1.24416,0.460468,1.24416,0.460468,
1763897448478,1.24416,0.460468,1.24416,0.460468,
1763897448517,1.24416,0.460469,1.24416,0.460469,
1763897448555,1.24416,0.460469,1.24416,0.460469,
1763897448597,1.24416,0.460469,1.24416,0.460469,
1763897448645,1.24415,0.46047,1.24415,0.46047,
1763897448675,1.24415,0.46047,1.24415,0.46047,
1763897448715,1.24415,0.460471,1.24415,0.460471,
1763897448742,1.24415,0.460471,1.24415,0.460471,
1763897448776,1.24415,0.460471,1.24415,0.460471,
1763897448816,1.24415,0.460472,1.24415,0.460472,
1763897448863,1.24415,0.460472,1.24415,0.460472,
1763897448892,1.24415,0.460472,1.24415,0.460472,
1763897448932,1.24414,0.460473,1.24414,0.460473,
1763897448973,1.24414,0.460473,1.24414,0.460473,
1763897449007,1.24414,0.460474,1.24414,0.460474,
1763897449047,1.24414,0.460474,1.24414,0.460474,
1763897449087,1.24414,0.460475,1.24414,0.460475,
1763897449129,1.24414,0.460475,1.24414,0.460475,
1763897449173,1.24414,0.460475,1.24414,0.460475,
1763897449197,1.24414,0.460476,1.24414,0.460476,
1763897449240,1.24413,0.460476,1.24413,0.460476,
1763897449296,1.24413,0.460476,1.24413,0.460476,
1763897449320,1.24413,0.460477,1.24413,0.460477,
1763897449353,1.24413,0.460477,1.24413,0.460477,
1763897449396,1.24413,0.460478,1.24413,0.460478,
1763897449429,1.24413,0.460478,1.24413,0.460478,
1763897449470,1.24413,0.460479,1.24413,0.460479,
1763897449511,1.24413,0.460479,1.24413,0.460479,
1763897449539,1.24412,0.460479,1.24412,0.460479,
1763897449583,1.24412,0.460479,1.24412,0.460479,
1763897449617,1.24412,0.46048,1.24412,0.46048,
1763897449652,1.24412,0.46048,1.24412,0.46048,
1763897449691,1.24412,0.460481,1.24412,0.460481,
1763897449719,1.24412,0.460481,1.24412,0.460481,
1763897449760,1.24412,0.460482,1.24412,0.460482,
1763897449798,1.24412,0.460482,1.24412,0.460482,
1763897449852,1.24411,0.460482,1.24411,0.460482,
1763897449885,1.24411,0.460483,1.24411,0.460483,
1763897449915,1.24411,0.460483,1.24411,0.460483,
1763897449945,1.24411,0.460483,1.24411,0.460483,
1763897449981,1.24411,0.460484,1.24411,0.460484,
1763897450018,1.24411,0.460484,1.24411,0.460484,
1763897450060,1.24411,0.460485,1.24411,0.460485,
1763897450100,1.24411,0.460485,1.24411,0.460485,
1763897450141,1.2441,0.460486,1.2441,0.460486,
1763897450191,1.2441,0.460486,1.2441,0.460486,
1763897450211,1.2441,0.460486,1.2441,0.460486,
1763897450260,1.2441,0.460487,1.2441,0.460487,
1763897450292,1.2441,0.460487,1.2441,0.460487,
1763897450326,1.2441,0.460488,1.2441,0.460488,
1763897450369,1.2441,0.460488,1.2441,0.460488,
1763897450412,1.2441,0.460488,1.2441,0.460488,
1763897450444,1.24409,0.460489,1.24409,0.460489,
1763897450485,1.24409,0.460489,1.24409,0.460489,
1763897450529,1.24409,0.460489,1.24409,0.460489,
1763897450573,1.24409,0.46049,1.24409,0.46049,
1763897450619,1.24409,0.46049,1.24409,0.46049,
1763897450646,1.24409,0.460491,1.24409,0.460491,
1763897450688,1.24409,0.460491,1.24409,0.460491,
1763897450733,1.24409,0.460491,1.24409,0.460491,
1763897450767,1.24408,0.460492,1.24408,0.460492,
1763897450800,1.24408,0.460492,1.24408,0.460492,
1763897450842,1.24408,0.460493,1.24408,0.460493,
1763897450874,1.24408,0.460493,1.24408,0.460493,
1763897450916,1.24408,0.460493,1.24408,0.460493,
1763897450950,1.24408,0.460494,1.24408,0.460494,
1763897450986,1.24408,0.460494,1.24408,0.460494,
1763897451030,1.24408,0.460495,1.24408,0.460495,
1763897451080,1.24407,0.460495,1.24407,0.460495,
1763897451111,1.24407,0.460495,1.24407,0.460495,
1763897451142,1.24407,0.460496,1.24407,0.460496,
1763897451182,1.24407,0.460496,1.24407,0.460496,
1763897451216,1.24407,0.460496,1.24407,0.460497,
1763897451262,1.24407,0.460497,1.24407,0.460497,
1763897451307,1.24407,0.460497,1.24407,0.460497,
1763897451348,1.24407,0.460498,1.24407,0.460498,
1763897451380,1.24406,0.460498,1.24406,0.460498,
1763897451417,1.24406,0.460499,1.24406,0.460499,
1763897451466,1.24406,0.460499,1.24406,0.460499,
1763897451506,1.24406,0.460499,1.24406,0.460499,
1763897451537,1.24406,0.4605,1.24406,0.4605,
1763897451573,1.24406,0.4605,1.24406,0.4605,
1763897451617,1.24406,0.4605,1.24406,0.4605,
1763897451660,1.24406,0.460501,1.24406,0.460501,
1763897451700,1.24405,0.460501,1.24405,0.460501,
1763897451736,1.24405,0.460502,1.24405,0.460502,
1763897451774,1.24405,0.460502,1.24405,0.460502,
1763897451814,1.24405,0.460503,1.24405,0.460503,
1763897451855,1.24405,0.460503,1.24405,0.460503,
1763897451895,1.24405,0.460503,1.24405,0.460504,
1763897451951,1.24405,0.460504,1.24405,0.460504,
1763897451971,1.24405,0.460504,1.24405,0.460504,
1763897452012,1.24404,0.460504,1.24404,0.460504,
1763897452045,1.24404,0.460505,1.24404,0.460505,
1763897452084,1.24404,0.460505,1.24404,0.460505,
1763897452121,1.24404,0.460506,1.24404,0.460506,
1763897452160,1.24404,0.460506,1.24404,0.460506,
1763897452194,1.24404,0.460507,1.24404,0.460507,
1763897452230,1.24404,0.460507,1.24404,0.460507,
1763897452269,1.24404,0.460507,1.24404,0.460507,
1763897452314,1.24403,0.460508,1.24403,0.460508,
1763897452342,1.24403,0.460508,1.24403,0.460508,
1763897452377,1.24403,0.460508,1.24403,0.460508,
1763897452416,1.24403,0.460509,1.24403,0.460509,
1763897452455,1.24403,0.460509,1.24403,0.460509,
1763897452486,1.24403,0.46051,1.24403,0.46051,
1763897452525,1.24403,0.46051,1.24403,0.46051,
1763897452561,1.24403,0.460511,1.24403,0.460511,
1763897452595,1.24402,0.460511,1.24402,0.460511,
1763897452637,1.24402,0.460511,1.24402,0.460511,
1763897452678,1.24402,0.460512,1.24402,0.460512,
1763897452712,1.24402,0.460512,1.24402,0.460512,
1763897452750,1.24402,0.460512,1.24402,0.460512,
1763897452789,1.24402,0.460513,1.24402,0.460513,
1763897452823,1.24402,0.460513,1.24402,0.460513,
1763897452853,1.24402,0.460514,1.24402,0.460514,
1763897452899,1.24401,0.460514,1.24401,0.460514,
1763897452935,1.24401,0.460514,1.24401,0.460514,
1763897452969,1.24401,0.460515,1.24401,0.460515,
1763897453008,1.24401,0.460515,1.24401,0.460515,
1763897453046,1.24401,0.460516,1.24401,0.460516,
1763897453089,1.24401,0.460516,1.24401,0.460516,
1763897453130,1.24401,0.460516,1.24401,0.460516,
1763897453160,1.24401,0.460517,1.24401,0.460517,
1763897453205,1.244,0.460517,1.244,0.460517,
1763897453232,1.244,0.460518,1.244,0.460518,
1763897453267,1.244,0.460518,1.244,0.460518,
1763897453297,1.244,0.460518,1.244,0.460519,
1763897453333,1.244,0.460519,1.244,0.460519,
1763897453370,1.244,0.460519,1.244,0.460519,
1763897453406,1.244,0.46052,1.244,0.46052,
1763897453444,1.244,0.46052,1.244,0.46052,
1763897453480,1.24399,0.46052,1.24399,0.46052,
1763897453524,1.24399,0.460521,1.24399,0.460521,
1763897453556,1.24399,0.460521,1.24399,0.460521,
1763897453592,1.24399,0.460522,1.24399,0.460522,
1763897453629,1.24399,0.460522,1.24399,0.460522,
1763897453672,1.24399,0.460522,1.24399,0.460522,
1763897453707,1.24399,0.460523,1.24399,0.460523,
1763897453740,1.24399,0.460523,1.24399,0.460523,
1763897453783,1.24398,0.460523,1.24398,0.460523,
1763897453823,1.24398,0.460524,1.24398,0.460524,
1763897453866,1.24398,0.460524,1.24398,0.460524,
1763897453919,1.24398,0.460525,1.24398,0.460525,
1763897453952,1.24398,0.460525,1.24398,0.460525,
1763897453983,1.24398,0.460526,1.24398,0.460526,
1763897454013,1.24398,0.460526,1.24398,0.460526,
1763897454042,1.24398,0.460526,1.24398,0.460526,
1763897454077,1.24397,0.460527,1.24397,0.460527,
1763897454116,1.24397,0.460527,1.24397,0.460527,
1763897454155,1.24397,0.460527,1.24397,0.460527,
1763897454193,1.24397,0.460528,1.24397,0.460528,
1763897454236,1.24397,0.460528,1.24397,0.460528,
1763897454269,1.24397,0.460529,1.24397,0.460529,
1763897454313,1.24397,0.460529,1.24397,0.460529,
1763897454351,1.24397,0.46053,1.24397,0.46053,
1763897454380,1.24396,0.46053,1.24396,0.46053,
1763897454423,1.24396,0.46053,1.24396,0.46053,
1763897454470,1.24396,0.460531,1.24396,0.460531,
1763897454498,1.24396,0.460531,1.24396,0.460531,
1763897454534,1.24396,0.460532,1.24396,0.460532,
1763897454571,1.24396,0.460532,1.24396,0.460532,
1763897454593,1.24396,0.460532,1.24396,0.460532,
1763897454638,1.24396,0.460533,1.24396,0.460533,
1763897454682,1.24395,0.460533,1.24395,0.460533,
1763897454711,1.24395,0.460533,1.24395,0.460533,
1763897454752,1.24395,0.460534,1.24395,0.460534,
1763897454793,1.24395,0.460534,1.24395,0.460534,
1763897454831,1.24395,0.460535,1.24395,0.460535,
1763897454872,1.24395,0.460535,1.24395,0.460535,
1763897454901,1.24395,0.460535,1.24395,0.460535,
1763897454937,1.24395,0.460536,1.24395,0.460536,
1763897454979,1.24394,0.460536,1.24394,0.460536,
1763897455009,1.24394,0.460537,1.24394,0.460537,
1763897455043,1.24394,0.460537,1.24394,0.460537,
1763897455083,1.24394,0.460537,1.24394,0.460537,
1763897455134,1.24394,0.460538,1.24394,0.460538,
1763897455167,1.24394,0.460538,1.24394,0.460538,
1763897455210,1.24394,0.460539,1.24394,0.460539,
1763897455251,1.24394,0.460539,1.24394,0.460539,
1763897455295,1.24393,0.460539,1.24393,0.460539,
1763897455337,1.24393,0.46054,1.24393,0.46054,
1763897455365,1.24393,0.46054,1.24393,0.46054,
1763897455402,1.24393,0.460541,1.24393,0.460541,
1763897455442,1.24393,0.460541,1.24393,0.460541,
1763897455475,1.24393,0.460541,1.24393,0.460541,
1763897455511,1.24393,0.460542,1.24393,0.460542,
1763897455549,1.24393,0.460542,1.24393,0.460542,
1763897455579,1.24392,0.460543,1.24392,0.460543,
1763897455620,1.24392,0.460543,1.24392,0.460543,
1763897455659,1.24392,0.460543,1.24392,0.460543,
1763897455700,1.24392,0.460544,1.24392,0.460544,
1763897455737,1.24392,0.460544,1.24392,0.460544,
1763897455773,1.24392,0.460545,1.24392,0.460545,
1763897455813,1.24392,0.460545,1.24392,0.460545,
1763897455856,1.24392,0.460545,1.24392,0.460545,
1763897455905,1.24391,0.460546,1.24391,0.460546,
1763897455941,1.24391,0.460546,1.24391,0.460546,
1763897455992,1.24391,0.460547,1.24391,0.460546,
1763897456028,1.24391,0.460547,1.24391,0.460547,
1763897456068,1.24391,0.460547,1.24391,0.460547,
1763897456109,1.24391,0.460548,1.24391,0.460548,
1763897456146,1.24391,0.460548,1.24391,0.460548,
1763897456178,1.24391,0.460549,1.24391,0.460549,
1763897456214,1.2439,0.460549,1.2439,0.460549,
1763897456248,1.2439,0.460549,1.2439,0.460549,
1763897456284,1.2439,0.46055,1.2439,0.46055,
1763897456320,1.2439,0.46055,1.2439,0.46055,
1763897456360,1.2439,0.46055,1.2439,0.46055,
1763897456396,1.2439,0.460551,1.2439,0.460551,
1763897456440,1.2439,0.460551,1.2439,0.460551,
1763897456480,1.2439,0.460552,1.2439,0.460552,
1763897456513,1.24389,0.460552,1.24389,0.460552,
1763897456546,1.24389,0.460552,1.24389,0.460552,
1763897456584,1.24389,0.460553,1.24389,0.460553,
1763897456615,1.24389,0.460553,1.24389,0.460553,
1763897456656,1.24389,0.460554,1.24389,0.460554,
1763897456696,1.24389,0.460554,1.24389,0.460554,
1763897456728,1.24389,0.460554,1.24389,0.460555,
1763897456769,1.24389,0.460555,1.24389,0.460555,
1763897456805,1.24388,0.460555,1.24388,0.460555,
1763897456843,1.24388,0.460555,1.24388,0.460556,
1763897456885,1.24388,0.460556,1.24388,0.460556,
1763897456931,1.24388,0.460556,1.24388,0.460556,
1763897456966,1.24388,0.460557,1.24388,0.460557,
1763897457010,1.24388,0.460557,1.24388,0.460557,
1763897457048,1.24388,0.460558,1.24388,0.460558,
1763897457081,1.24388,0.460558,1.24388,0.460558,
1763897457117,1.24387,0.460558,1.24387,0.460558,
1763897457160,1.24387,0.460559,1.24387,0.460559,
1763897457190,1.24387,0.460559,1.24387,0.460559,
1763897457232,1.24387,0.46056,1.24387,0.46056,
1763897457279,1.24387,0.46056,1.24387,0.46056,
1763897457312,1.24387,0.46056,1.24387,0.46056,
1763897457347,1.24387,0.460561,1.24387,0.460561,
1763897457381,1.24387,0.460561,1.24387,0.460561,
1763897457425,1.24386,0.460562,1.24386,0.460561,
1763897457463,1.24386,0.460562,1.24386,0.460562,
1763897457509,1.24386,0.460562,1.24386,0.460562,
1763897457541,1.24386,0.460563,1.24386,0.460563,
1763897457577,1.24386,0.460563,1.24386,0.460563,
1763897457617,1.24386,0.460564,1.24386,0.460564,
1763897457663,1.24386,0.460564,1.24386,0.460564,
1763897457698,1.24386,0.460564,1.24386,0.460564,
1763897457737,1.24385,0.460565,1.24385,0.460565,
1763897457776,1.24385,0.460565,1.24385,0.460565,
1763897457817,1.24385,0.460566,1.24385,0.460566,
1763897457854,1.24385,0.460566,1.24385,0.460566,
1763897457886,1.24385,0.460566,1.24385,0.460566,
1763897457922,1.24385,0.460567,1.24385,0.460567,
1763897457957,1.24385,0.460567,1.24385,0.460567,
1763897457993,1.24385,0.460567,1.24385,0.460567,
1763897458040,1.24384,0.460568,1.24384,0.460568,
1763897458073,1.24384,0.460568,1.24384,0.460568,
1763897458110,1.24384,0.460569,1.24384,0.460569,
1763897458149,1.24384,0.460569,1.24384,0.460569,
1763897458187,1.24384,0.46057,1.24384,0.46057,
1763897458218,1.24384,0.46057,1.24384,0.46057,
1763897458268,1.24384,0.46057,1.24384,0.46057,
1763897458305,1.24384,0.460571,1.24384,0.460571,
1763897458334,1.24383,0.460571,1.24383,0.460571,
1763897458379,1.24383,0.460572,1.24383,0.460572,
1763897458422,1.24383,0.460572,1.24383,0.460572,
1763897458456,1.24383,0.460572,1.24383,0.460572,
1763897458492,1.24383,0.460573,1.24383,0.460573,
1763897458533,1.24383,0.460573,1.24383,0.460573,
1763897458567,1.24383,0.460573,1.24383,0.460573,
1763897458607,1.24383,0.460574,1.24383,0.460574,
1763897458643,1.24382,0.460574,1.24382,0.460574,
1763897458692,1.24382,0.460575,1.24382,0.460575,
1763897458729,1.24382,0.460575,1.24382,0.460575,
1763897458763,1.24382,0.460576,1.24382,0.460576,
1763897458800,1.24382,0.460576,1.24382,0.460576,
1763897458839,1.24382,0.460576,1.24382,0.460576,
1763897458878,1.24382,0.460577,1.24382,0.460577,
1763897458919,1.24381,0.460577,1.24381,0.460577,
1763897458954,1.24381,0.460577,1.24381,0.460577,
1763897458995,1.24381,0.460578,1.24381,0.460578,
1763897459040,1.24381,0.460578,1.24381,0.460578,
1763897459078,1.24381,0.460579,1.24381,0.460579,
1763897459111,1.24381,0.460579,1.24381,0.460579,
1763897459151,1.24381,0.460579,1.24381,0.460579,
1763897459176,1.24381,0.46058,1.24381,0.46058,
1763897459212,1.2438,0.46058,1.2438,0.46058,
1763897459245,1.2438,0.460581,1.2438,0.460581,
1763897459290,1.2438,0.460581,1.2438,0.460581,
1763897459326,1.2438,0.460581,1.2438,0.460581,
1763897459364,1.2438,0.460582,1.2438,0.460582,
1763897459402,1.2438,0.460582,1.2438,0.460582,
1763897459435,1.2438,0.460583,1.2438,0.460583,
1763897459466,1.2438,0.460583,1.2438,0.460583,
1763897459511,1.2438,0.460583,1.2438,0.460583,
1763897459557,1.24379,0.460584,1.24379,0.460584,
1763897459598,1.24379,0.460584,1.24379,0.460584,
1763897459635,1.24379,0.460585,1.24379,0.460585,
1763897459661,1.24379,0.460585,1.24379,0.460585,
1763897459700,1.24379,0.460585,1.24379,0.460585,
1763897459747,1.24379,0.460586,1.24379,0.460586,
1763897459792,1.24379,0.460586,1.24379,0.460586,
1763897459819,1.24379,0.460586,1.24379,0.460586,
1763897459867,1.24378,0.460587,1.24378,0.460587,
1763897459895,1.24378,0.460587,1.24378,0.460587,
1763897459924,1.24378,0.460588,1.24378,0.460588,
1763897459969,1.24378,0.460588,1.24378,0.460588,
1763897460003,1.24378,0.460588,1.24378,0.460588,
1763897460041,1.24378,0.460589,1.24378,0.460589,
1763897460079,1.24378,0.460589,1.24378,0.460589,
1763897460116,1.24377,0.46059,1.24377,0.46059,
1763897460152,1.24377,0.46059,1.24377,0.46059,
1763897460200,1.24377,0.460591,1.24377,0.460591,
1763897460227,1.24377,0.460591,1.24377,0.460591,
1763897460262,1.24377,0.460591,1.24377,0.460591,
1763897460314,1.24377,0.460592,1.24377,0.460592,
1763897460343,1.24377,0.460592,1.24377,0.460592,
1763897460387,1.24377,0.460592,1.24377,0.460592,
1763897460435,1.24376,0.460593,1.24376,0.460593,
1763897460471,1.24376,0.460593,1.24376,0.460593,
1763897460514,1.24376,0.460594,1.24376,0.460594,
1763897460557,1.24376,0.460594,1.24376,0.460594,
1763897460608,1.24376,0.460594,1.24376,0.460594,
1763897460634,1.24376,0.460595,1.24376,0.460595,
1763897460676,1.24376,0.460595,1.24376,0.460595,
1763897460716,1.24376,0.460596,1.24376,0.460596,
1763897460747,1.24375,0.460596,1.24375,0.460596,
1763897460780,1.24375,0.460596,1.24375,0.460596,
1763897460817,1.24375,0.460597,1.24375,0.460597,
1763897460858,1.24375,0.460597,1.24375,0.460597,
1763897460891,1.24375,0.460598,1.24375,0.460598,
1763897460924,1.24375,0.460598,1.24375,0.460598,
1763897460968,1.24375,0.460598,1.24375,0.460598,
1763897461018,1.24375,0.460599,1.24375,0.460599,
1763897461053,1.24374,0.460599,1.24374,0.460599,
1763897461090,1.24374,0.4606,1.24374,0.4606,
1763897461119,1.24374,0.4606,1.24374,0.4606,
1763897461160,1.24374,0.4606,1.24374,0.4606,
1763897461204,1.24374,0.460601,1.24374,0.460601,
1763897461251,1.24374,0.460601,1.24374,0.460601,
1763897461285,1.24374,0.460602,1.24374,0.460602,
1763897461331,1.24374,0.460602,1.24374,0.460602,
1763897461366,1.24373,0.460602,1.24373,0.460602,
1763897461399,1.24373,0.460603,1.24373,0.460603,
1763897461436,1.24373,0.460603,1.24373,0.460603,
1763897461473,1.24373,0.460604,1.24373,0.460604,
1763897461523,1.24373,0.460604,1.24373,0.460604,
1763897461562,1.24373,0.460604,1.24373,0.460604,
1763897461587,1.24373,0.460605,1.24373,0.460605,
1763897461628,1.24373,0.460605,1.24373,0.460605,
1763897461657,1.24372,0.460606,1.24372,0.460606,
1763897461695,1.24372,0.460606,1.24372,0.460606,
1763897461742,1.24372,0.460606,1.24372,0.460606,
1763897461782,1.24372,0.460607,1.24372,0.460607,
1763897461810,1.24372,0.460607,1.24372,0.460607,
1763897461851,1.24372,0.460607,1.24372,0.460607,
1763897461903,1.24372,0.460608,1.24372,0.460608,
1763897461942,1.24372,0.460608,1.24372,0.460608,
1763897461981,1.24371,0.460609,1.24371,0.460609,
1763897462016,1.24371,0.460609,1.24371,0.460609,
1763897462058,1.24371,0.460609,1.24371,0.460609,
1763897462088,1.24371,0.46061,1.24371,0.46061,
1763897462126,1.24371,0.46061,1.24371,0.46061,
1763897462167,1.24371,0.460611,1.24371,0.460611,
1763897462198,1.24371,0.460611,1.24371,0.460611,
1763897462243,1.24371,0.460612,1.24371,0.460612,
1763897462283,1.2437,0.460612,1.2437,0.460612,
1763897462320,1.2437,0.460612,1.2437,0.460612,
1763897462355,1.2437,0.460613,1.2437,0.460613,
1763897462395,1.2437,0.460613,1.2437,0.460613,
1763897462432,1.2437,0.460613,1.2437,0.460613,
1763897462465,1.2437,0.460614,1.2437,0.460614,
1763897462499,1.2437,0.460614,1.2437,0.460614,
1763897462537,1.2437,0.460614,1.2437,0.460614,
1763897462579,1.24369,0.460615,1.24369,0.460615,
1763897462611,1.24369,0.460615,1.24369,0.460615,
1763897462647,1.24369,0.460616,1.24369,0.460616,
1763897462691,1.24369,0.460616,1.24369,0.460616,
1763897462728,1.24369,0.460617,1.24369,0.460617,
1763897462767,1.24369,0.460617,1.24369,0.460617,
1763897462796,1.24369,0.460617,1.24369,0.460617,
1763897462839,1.24369,0.460618,1.24369,0.460618,
1763897462871,1.24368,0.460618,1.24368,0.460618,
1763897462907,1.24368,0.460619,1.24368,0.460619,
1763897462948,1.24368,0.460619,1.24368,0.460619,
1763897462994,1.24368,0.460619,1.24368,0.460619,
1763897463033,1.24368,0.46062,1.24368,0.46062,
1763897463066,1.24368,0.46062,1.24368,0.46062,
1763897463108,1.24368,0.46062,1.24368,0.46062,
1763897463149,1.24368,0.460621,1.24368,0.460621,
1763897463184,1.24367,0.460621,1.24367,0.460621,
1763897463224,1.24367,0.460622,1.24367,0.460622,
1763897463272,1.24367,0.460622,1.24367,0.460622,
1763897463304,1.24367,0.460622,1.24367,0.460622,
1763897463352,1.24367,0.460623,1.24367,0.460623,
1763897463392,1.24367,0.460623,1.24367,0.460623,
1763897463427,1.24367,0.460624,1.24367,0.460624,
1763897463479,1.24367,0.460624,1.24367,0.460624,
1763897463504,1.24366,0.460625,1.24366,0.460625,
1763897463539,1.24366,0.460625,1.24366,0.460625,
1763897463587,1.24366,0.460625,1.24366,0.460625,
1763897463623,1.24366,0.460626,1.24366,0.460626,
1763897463655,1.24366,0.460626,1.24366,0.460626,
1763897463695,1.24366,0.460626,1.24366,0.460626,
1763897463742,1.24366,0.460627,1.24366,0.460627,
1763897463775,1.24366,0.460627,1.24366,0.460627,
1763897463804,1.24365,0.460628,1.24365,0.460628,
1763897463842,1.24365,0.460628,1.24365,0.460628,
1763897463875,1.24365,0.460629,1.24365,0.460629,
1763897463911,1.24365,0.460629,1.24365,0.460629,
1763897463960,1.24365,0.460629,1.24365,0.460629,
1763897463992,1.24365,0.46063,1.24365,0.46063,
1763897464025,1.24365,0.46063,1.24365,0.46063,
1763897464062,1.24365,0.460631,1.24365,0.460631,
1763897464106,1.24364,0.460631,1.24364,0.460631,
1763897464135,1.24364,0.460631,1.24364,0.460631,
1763897464169,1.24364,0.460632,1.24364,0.460632,
1763897464203,1.24364,0.460632,1.24364,0.460632,
1763897464243,1.24364,0.460632,1.24364,0.460632,
1763897464287,1.24364,0.460633,1.24364,0.460633,
1763897464326,1.24364,0.460633,1.24364,0.460633,
1763897464361,1.24364,0.460634,1.24364,0.460634,
1763897464393,1.24363,0.460634,1.24363,0.460634,
1763897464431,1.24363,0.460634,1.24363,0.460634,
1763897464472,1.24363,0.460635,1.24363,0.460635,
1763897464514,1.24363,0.460635,1.24363,0.460635,
1763897464544,1.24363,0.460636,1.24363,0.460636,
1763897464583,1.24363,0.460636,1.24363,0.460636,
1763897464618,1.24363,0.460636,1.24363,0.460636,
1763897464658,1.24363,0.460637,1.24363,0.460637,
1763897464684,1.24362,0.460637,1.24362,0.460637,
1763897464723,1.24362,0.460638,1.24362,0.460638,
1763897464767,1.24362,0.460638,1.24362,0.460638,
1763897464800,1.24362,0.460638,1.24362,0.460638,
1763897464843,1.24362,0.460639,1.24362,0.460639,
1763897464884,1.24362,0.460639,1.24362,0.460639,
1763897464916,1.24362,0.460639,1.24362,0.460639,
1763897464955,1.24362,0.46064,1.24362,0.46064,
1763897464997,1.24361,0.46064,1.24361,0.46064,
1763897465044,1.24361,0.460641,1.24361,0.460641,
1763897465075,1.24361,0.460641,1.24361,0.460641,
1763897465109,1.24361,0.460641,1.24361,0.460641,
1763897465150,1.24361,0.460642,1.24361,0.460642,
1763897465187,1.24361,0.460642,1.24361,0.460642,
1763897465226,1.24361,0.460643,1.24361,0.460643,
1763897465260,1.24361,0.460643,1.24361,0.460643,
1763897465301,1.2436,0.460644,1.2436,0.460644,
1763897465343,1.2436,0.460644,1.2436,0.460644,
1763897465367,1.2436,0.460644,1.2436,0.460644,
1763897465400,1.2436,0.460645,1.2436,0.460645,
1763897465445,1.2436,0.460645,1.2436,0.460645,
1763897465488,1.2436,0.460646,1.2436,0.460646,
1763897465517,1.2436,0.460646,1.2436,0.460646,
1763897465560,1.2436,0.460646,1.2436,0.460646,
1763897465601,1.24359,0.460646,1.24359,0.460647,
1763897465640,1.24359,0.460647,1.24359,0.460647,
1763897465683,1.24359,0.460647,1.24359,0.460647,
1763897465735,1.24359,0.460648,1.24359,0.460648,
1763897465769,1.24359,0.460648,1.24359,0.460648,
1763897465807,1.24359,0.460649,1.24359,0.460649,
1763897465842,1.24359,0.460649,1.24359,0.460649,
1763897465894,1.24359,0.46065,1.24359,0.46065,
1763897465933,1.24358,0.46065,1.24358,0.46065,
1763897465968,1.24358,0.46065,1.24358,0.46065,
1763897466002,1.24358,0.460651,1.24358,0.460651,
1763897466030,1.24358,0.460651,1.24358,0.460651,
1763897466072,1.24358,0.460652,1.24358,0.460652,
1763897466114,1.24358,0.460652,1.24358,0.460652,
1763897466157,1.24358,0.460652,1.24358,0.460652,
1763897466205,1.24358,0.460653,1.24358,0.460653,
1763897466248,1.24357,0.460653,1.24357,0.460653,
1763897466286,1.24357,0.460653,1.24357,0.460653,
1763897466324,1.24357,0.460654,1.24357,0.460654,
1763897466364,1.24357,0.460654,1.24357,0.460654,
1763897466407,1.24357,0.460655,1.24357,0.460655,
1763897466443,1.24357,0.460655,1.24357,0.460655,
1763897466472,1.24357,0.460655,1.24357,0.460655,
1763897466509,1.24357,0.460656,1.24357,0.460656,
1763897466547,1.24356,0.460656,1.24356,0.460656,
1763897466579,1.24356,0.460656,1.24356,0.460656,
1763897466617,1.24356,0.460657,1.24356,0.460657,
1763897466656,1.24356,0.460657,1.24356,0.460657,
1763897466697,1.24356,0.460658,1.24356,0.460658,
1763897466739,1.24356,0.460658,1.24356,0.460658,
1763897466782,1.24356,0.460659,1.24356,0.460659,
1763897466812,1.24356,0.460659,1.24356,0.460659,
1763897466849,1.24355,0.460659,1.24355,0.460659,
1763897466887,1.24355,0.46066,1.24355,0.46066,
1763897466915,1.24355,0.46066,1.24355,0.46066,
1763897466958,1.24355,0.460661,1.24355,0.460661,
1763897466987,1.24355,0.460661,1.24355,0.460661,
1763897467022,1.24355,0.460661,1.24355,0.460661,
1763897467066,1.24355,0.460662,1.24355,0.460662,
1763897467103,1.24355,0.460662,1.24355,0.460662,
1763897467138,1.24354,0.460662,1.24354,0.460662,
1763897467173,1.24354,0.460663,1.24354,0.460663,
1763897467220,1.24354,0.460663,1.24354,0.460663,
1763897467272,1.24354,0.460664,1.24354,0.460664,
1763897467311,1.24354,0.460664,1.24354,0.460664,
1763897467342,1.24354,0.460665,1.24354,0.460665,
1763897467380,1.24354,0.460665,1.24354,0.460665,
1763897467417,1.24354,0.460665,1.24354,0.460665,
1763897467451,1.24353,0.460666,1.24353,0.460666,
1763897467484,1.24353,0.460666,1.24353,0.460666,
1763897467523,1.24353,0.460667,1.24353,0.460667,
1763897467566,1.24353,0.460667,1.24353,0.460667,
1763897467602,1.24353,0.460667,1.24353,0.460667,
1763897467642,1.24353,0.460667,1.24353,0.460668,
1763897467669,1.24353,0.460668,1.24353,0.460668,
1763897467708,1.24353,0.460668,1.24353,0.460668,
1763897467759,1.24352,0.460669,1.24352,0.460669,
1763897467782,1.24352,0.460669,1.24352,0.460669,
1763897467815,1.24352,0.46067,1.24352,0.460669,
1763897467851,1.24352,0.46067,1.24352,0.46067,
1763897467892,1.24352,0.46067,1.24352,0.46067,
1763897467950,1.24352,0.460671,1.24352,0.460671,
1763897467982,1.24352,0.460671,1.24352,0.460671,
1763897468022,1.24352,0.460672,1.24352,0.460672,
1763897468053,1.24351,0.460672,1.24351,0.460672,
1763897468085,1.24351,0.460673,1.24351,0.460673,
1763897468123,1.24351,0.460673,1.24351,0.460673,
1763897468155,1.24351,0.460673,1.24351,0.460673,
1763897468195,1.24351,0.460674,1.24351,0.460674,
1763897468236,1.24351,0.460674,1.24351,0.460674,
1763897468270,1.24351,0.460674,1.24351,0.460674,
1763897468305,1.24351,0.460675,1.24351,0.460675,
1763897468344,1.2435,0.460675,1.2435,0.460675,
1763897468387,1.2435,0.460675,1.2435,0.460675,
1763897468429,1.2435,0.460676,1.2435,0.460676,
1763897468455,1.2435,0.460676,1.2435,0.460676,
1763897468492,1.2435,0.460677,1.2435,0.460677,
1763897468531,1.2435,0.460677,1.2435,0.460677,
1763897468568,1.2435,0.460678,1.2435,0.460678,
1763897468610,1.2435,0.460678,1.2435,0.460678,
1763897468638,1.24349,0.460678,1.24349,0.460678,
1763897468680,1.24349,0.460679,1.24349,0.460679,
1763897468716,1.24349,0.460679,1.24349,0.460679,
1763897468750,1.24349,0.46068,1.24349,0.460679,
1763897468791,1.24349,0.46068,1.24349,0.46068,
1763897468828,1.24349,0.46068,1.24349,0.46068,
1763897468863,1.24349,0.460681,1.24349,0.460681,
1763897468903,1.24349,0.460681,1.24349,0.460681,
1763897468949,1.24348,0.460681,1.24348,0.460681,
1763897468996,1.24348,0.460682,1.24348,0.460682,
1763897469034,1.24348,0.460682,1.24348,0.460682,
1763897469075,1.24348,0.460683,1.24348,0.460683,
1763897469123,1.24348,0.460683,1.24348,0.460683,
1763897469161,1.24348,0.460684,1.24348,0.460684,
1763897469199,1.24348,0.460684,1.24348,0.460684,
1763897469234,1.24348,0.460684,1.24348,0.460684,
1763897469276,1.24347,0.460685,1.24347,0.460685,
1763897469315,1.24347,0.460685,1.24347,0.460685,
1763897469354,1.24347,0.460685,1.24347,0.460685,
1763897469386,1.24347,0.460686,1.24347,0.460686,
1763897469432,1.24347,0.460686,1.24347,0.460686,
1763897469469,1.24347,0.460687,1.24347,0.460687,
1763897469512,1.24347,0.460687,1.24347,0.460687,
1763897469544,1.24347,0.460687,1.24347,0.460687,
1763897469574,1.24346,0.460688,1.24346,0.460688,
1763897469612,1.24346,0.460688,1.24346,0.460688,
1763897469651,1.24346,0.460689,1.24346,0.460689,
1763897469695,1.24346,0.460689,1.24346,0.460689,
1763897469737,1.24346,0.46069,1.24346,0.46069,
1763897469771,1.24346,0.46069,1.24346,0.46069,
1763897469804,1.24346,0.46069,1.24346,0.46069,
1763897469846,1.24346,0.46069,1.24346,0.460691,
1763897469886,1.24345,0.460691,1.24345,0.460691,
1763897469922,1.24345,0.460691,1.24345,0.460691,
1763897469962,1.24345,0.460692,1.24345,0.460692,
1763897470004,1.24345,0.460692,1.24345,0.460692,
1763897470038,1.24345,0.460693,1.24345,0.460693,
1763897470075,1.24345,0.460693,1.24345,0.460693,
1763897470112,1.24345,0.460693,1.24345,0.460693,
1763897470154,1.24345,0.460694,1.24345,0.460694,
1763897470191,1.24344,0.460694,1.24344,0.460694,
1763897470223,1.24344,0.460694,1.24344,0.460694,
1763897470260,1.24344,0.460695,1.24344,0.460695,
1763897470300,1.24344,0.460695,1.24344,0.460695,
1763897470347,1.24344,0.460696,1.24344,0.460696,
1763897470384,1.24344,0.460696,1.24344,0.460696,
1763897470413,1.24344,0.460696,1.24344,0.460697,
1763897470445,1.24344,0.460697,1.24344,0.460697,
1763897470484,1.24343,0.460697,1.24343,0.460697,
1763897470521,1.24343,0.460698,1.24343,0.460698,
1763897470571,1.24343,0.460698,1.24343,0.460698,
1763897470601,1.24343,0.460699,1.24343,0.460699,
1763897470638,1.24343,0.460699,1.24343,0.460699,
1763897470682,1.24343,0.460699,1.24343,0.460699,
1763897470720,1.24343,0.4607,1.24343,0.4607,
1763897470750,1.24343,0.4607,1.24343,0.4607,
1763897470782,1.24342,0.460701,1.24342,0.460701,
1763897470816,1.24342,0.460701,1.24342,0.460701,
1763897470848,1.24342,0.460701,1.24342,0.460701,
1763897470884,1.24342,0.460702,1.24342,0.460702,
1763897470921,1.24342,0.460702,1.24342,0.460702,
1763897470955,1.24342,0.460702,1.24342,0.460702,
1763897470991,1.24342,0.460703,1.24342,0.460703,
1763897471020,1.24342,0.460703,1.24342,0.460703,
1763897471058,1.24341,0.460704,1.24341,0.460704,
1763897471101,1.24341,0.460704,1.24341,0.460704,
1763897471134,1.24341,0.460704,1.24341,0.460705,
1763897471169,1.24341,0.460705,1.24341,0.460705,
1763897471203,1.24341,0.460705,1.24341,0.460705,
1763897471248,1.24341,0.460705,1.24341,0.460705,
1763897471279,1.24341,0.460706,1.24341,0.460706,
1763897471313,1.24341,0.460707,1.24341,0.460706,
1763897471353,1.2434,0.460707,1.2434,0.460707,
1763897471382,1.2434,0.460707,1.2434,0.460707,
1763897471414,1.2434,0.460708,1.2434,0.460708,
1763897471460,1.2434,0.460708,1.2434,0.460708,
1763897471497,1.2434,0.460708,1.2434,0.460708,
1763897471533,1.2434,0.460709,1.2434,0.460709,
1763897471570,1.2434,0.460709,1.2434,0.460709,
1763897471608,1.2434,0.46071,1.2434,0.46071,
1763897471641,1.24339,0.46071,1.24339,0.46071,
1763897471684,1.24339,0.46071,1.24339,0.46071,
1763897471723,1.24339,0.460711,1.24339,0.460711,
1763897471770,1.24339,0.460711,1.24339,0.460711,
1763897471796,1.24339,0.460711,1.24339,0.460711,
1763897471831,1.24339,0.460712,1.24339,0.460712,
1763897471874,1.24339,0.460712,1.24339,0.460712,
1763897471903,1.24339,0.460713,1.24339,0.460713,
1763897471947,1.24338,0.460713,1.24338,0.460713,
1763897471984,1.24338,0.460714,1.24338,0.460714,
1763897472028,1.24338,0.460714,1.24338,0.460714,
1763897472065,1.24338,0.460714,1.24338,0.460714,
1763897472102,1.24338,0.460715,1.24338,0.460715,
1763897472145,1.24338,0.460715,1.24338,0.460715,
1763897472191,1.24338,0.460715,1.24338,0.460715,
1763897472235,1.24337,0.460716,1.24337,0.460716,
1763897472279,1.24337,0.460716,1.24337,0.460716,
1763897472316,1.24337,0.460717,1.24337,0.460717,
1763897472352,1.24337,0.460717,1.24337,0.460717,
1763897472389,1.24337,0.460717,1.24337,0.460717,
1763897472427,1.24337,0.460718,1.24337,0.460718,
1763897472487,1.24337,0.460718,1.24337,0.460718,
1763897472528,1.24337,0.460719,1.24337,0.460719,
1763897472570,1.24336,0.460719,1.24336,0.460719,
1763897472605,1.24336,0.460719,1.24336,0.460719,
1763897472653,1.24336,0.46072,1.24336,0.46072,
1763897472686,1.24336,0.46072,1.24336,0.46072,
1763897472715,1.24336,0.460721,1.24336,0.460721,
1763897472748,1.24336,0.460721,1.24336,0.460721,
1763897472780,1.24336,0.460721,1.24336,0.460721,
1763897472817,1.24336,0.460722,1.24336,0.460722,
1763897472860,1.24336,0.460722,1.24336,0.460722,
1763897472903,1.24335,0.460723,1.24335,0.460723,
1763897472954,1.24335,0.460723,1.24335,0.460723,
1763897472988,1.24335,0.460724,1.24335,0.460724,
1763897473021,1.24335,0.460724,1.24335,0.460724,
1763897473067,1.24335,0.460724,1.24335,0.460724,
1763897473096,1.24335,0.460725,1.24335,0.460725,
1763897473133,1.24335,0.460725,1.24335,0.460725,
1763897473168,1.24334,0.460725,1.24334,0.460725,
1763897473205,1.24334,0.460726,1.24334,0.460726,
1763897473240,1.24334,0.460726,1.24334,0.460726,
1763897473279,1.24334,0.460727,1.24334,0.460727,
1763897473325,1.24334,0.460727,1.24334,0.460727,
1763897473374,1.24334,0.460727,1.24334,0.460727,
1763897473412,1.24334,0.460728,1.24334,0.460728,
1763897473451,1.24334,0.460728,1.24334,0.460728,
1763897473496,1.24333,0.460728,1.24333,0.460728,
1763897473528,1.24333,0.460729,1.24333,0.460729,
1763897473562,1.24333,0.460729,1.24333,0.460729,
1763897473602,1.24333,0.46073,1.24333,0.46073,
1763897473630,1.24333,0.46073,1.24333,0.46073,
1763897473679,1.24333,0.46073,1.24333,0.46073,
1763897473714,1.24333,0.460731,1.24333,0.460731,
1763897473746,1.24333,0.460731,1.24333,0.460731,
1763897473783,1.24332,0.460732,1.24332,0.460732,
1763897473816,1.24332,0.460732,1.24332,0.460732,
1763897473858,1.24332,0.460732,1.24332,0.460732,
1763897473899,1.24332,0.460733,1.24332,0.460733,
1763897473934,1.24332,0.460733,1.24332,0.460733,
1763897473976,1.24332,0.460734,1.24332,0.460734,
1763897474015,1.24332,0.460734,1.24332,0.460734,
1763897474044,1.24332,0.460735,1.24332,0.460735,
1763897474086,1.24331,0.460735,1.24331,0.460735,
1763897474123,1.24331,0.460735,1.24331,0.460735,
1763897474155,1.24331,0.460736,1.24331,0.460736,
1763897474198,1.24331,0.460736,1.24331,0.460736,
1763897474247,1.24331,0.460736,1.24331,0.460736,
1763897474288,1.24331,0.460737,1.24331,0.460737,
1763897474321,1.24331,0.460737,1.24331,0.460737,
1763897474364,1.24331,0.460737,1.24331,0.460737,
1763897474399,1.2433,0.460738,1.2433,0.460738,
1763897474432,1.2433,0.460738,1.2433,0.460738,
1763897474469,1.2433,0.460739,1.2433,0.460739,
1763897474508,1.2433,0.460739,1.2433,0.460739,
1763897474554,1.2433,0.46074,1.2433,0.46074,
1763897474607,1.2433,0.46074,1.2433,0.46074,
1763897474632,1.2433,0.46074,1.2433,0.46074,
1763897474668,1.2433,0.460741,1.2433,0.460741,
1763897474711,1.24329,0.460741,1.24329,0.460741,
1763897474757,1.24329,0.460742,1.24329,0.460742,
1763897474808,1.24329,0.460742,1.24329,0.460742,
1763897474842,1.24329,0.460742,1.24329,0.460742,
1763897474880,1.24329,0.460743,1.24329,0.460743,
1763897474916,1.24329,0.460743,1.24329,0.460743,
1763897474956,1.24329,0.460744,1.24329,0.460744,
1763897475000,1.24329,0.460744,1.24329,0.460744,
1763897475035,1.24328,0.460744,1.24328,0.460744,
1763897475070,1.24328,0.460745,1.24328,0.460745,
1763897475114,1.24328,0.460745,1.24328,0.460745,
1763897475148,1.24328,0.460746,1.24328,0.460746,
1763897475183,1.24328,0.460746,1.24328,0.460746,
1763897475219,1.24328,0.460746,1.24328,0.460746,
1763897475257,1.24328,0.460747,1.24328,0.460747,
1763897475303,1.24328,0.460747,1.24328,0.460747,
1763897475342,1.24327,0.460748,1.24327,0.460748,
1763897475375,1.24327,0.460748,1.24327,0.460748,
1763897475413,1.24327,0.460748,1.24327,0.460748,
1763897475449,1.24327,0.460749,1.24327,0.460749,
1763897475487,1.24327,0.460749,1.24327,0.460749,
1763897475525,1.24327,0.460749,1.24327,0.460749,
1763897475563,1.24327,0.46075,1.24327,0.46075,
1763897475603,1.24327,0.46075,1.24327,0.46075,
1763897475640,1.24326,0.460751,1.24326,0.460751,
1763897475679,1.24326,0.460751,1.24326,0.460751,
1763897475725,1.24326,0.460752,1.24326,0.460752,
1763897475757,1.24326,0.460752,1.24326,0.460752,
1763897475793,1.24326,0.460752,1.24326,0.460752,
1763897475827,1.24326,0.460753,1.24326,0.460753,
1763897475876,1.24326,0.460753,1.24326,0.460753,
1763897475905,1.24326,0.460753,1.24326,0.460753,
1763897475940,1.24325,0.460754,1.24325,0.460754,
1763897475984,1.24325,0.460754,1.24325,0.460754,
1763897476021,1.24325,0.460755,1.24325,0.460755,
1763897476058,1.24325,0.460755,1.24325,0.460755,
1763897476098,1.24325,0.460756,1.24325,0.460756,
1763897476131,1.24325,0.460756,1.24325,0.460756,
1763897476170,1.24325,0.460756,1.24325,0.460756,
1763897476210,1.24325,0.460756,1.24325,0.460756,
1763897476251,1.24324,0.460757,1.24324,0.460757,
1763897476288,1.24324,0.460757,1.24324,0.460757,
1763897476326,1.24324,0.460758,1.24324,0.460758,
1763897476360,1.24324,0.460758,1.24324,0.460758,
1763897476400,1.24324,0.460759,1.24324,0.460759,
1763897476443,1.24324,0.460759,1.24324,0.460759,
1763897476475,1.24324,0.460759,1.24324,0.460759,
1763897476510,1.24324,0.46076,1.24324,0.46076,
1763897476544,1.24323,0.46076,1.24323,0.46076,
1763897476592,1.24323,0.460761,1.24323,0.460761,
1763897476627,1.24323,0.460761,1.24323,0.460761,
1763897476653,1.24323,0.460761,1.24323,0.460761,
1763897476697,1.24323,0.460762,1.24323,0.460762,
1763897476736,1.24323,0.460762,1.24323,0.460762,
1763897476763,1.24323,0.460763,1.24323,0.460763,
1763897476805,1.24323,0.460763,1.24323,0.460763,
1763897476846,1.24322,0.460763,1.24322,0.460763,
1763897476876,1.24322,0.460764,1.24322,0.460764,
1763897476913,1.24322,0.460764,1.24322,0.460764,
1763897476958,1.24322,0.460764,1.24322,0.460764,
1763897476993,1.24322,0.460765,1.24322,0.460765,
1763897477025,1.24322,0.460765,1.24322,0.460765,
1763897477057,1.24322,0.460766,1.24322,0.460766,
1763897477100,1.24322,0.460766,1.24322,0.460766,
1763897477133,1.24321,0.460767,1.24321,0.460767,
1763897477170,1.24321,0.460767,1.24321,0.460767,
1763897477215,1.24321,0.460767,1.24321,0.460767,
1763897477245,1.24321,0.460768,1.24321,0.460768,
1763897477286,1.24321,0.460768,1.24321,0.460768,
1763897477332,1.24321,0.460768,1.24321,0.460768,
1763897477379,1.24321,0.460769,1.24321,0.460769,
1763897477411,1.24321,0.460769,1.24321,0.460769,
1763897477447,1.2432,0.46077,1.2432,0.46077,
1763897477482,1.2432,0.46077,1.2432,0.46077,
1763897477519,1.2432,0.46077,1.2432,0.46077,
1763897477562,1.2432,0.460771,1.2432,0.460771,
1763897477600,1.2432,0.460771,1.2432,0.460771,
1763897477633,1.2432,0.460772,1.2432,0.460772,
1763897477676,1.2432,0.460772,1.2432,0.460772,
1763897477712,1.2432,0.460772,1.2432,0.460772,
1763897477745,1.24319,0.460773,1.24319,0.460773,
1763897477783,1.24319,0.460773,1.24319,0.460773,
1763897477819,1.24319,0.460774,1.24319,0.460774,
1763897477857,1.24319,0.460774,1.24319,0.460774,
1763897477901,1.24319,0.460774,1.24319,0.460774,
1763897477943,1.24319,0.460775,1.24319,0.460775,
1763897477980,1.24319,0.460775,1.24319,0.460775,
1763897478029,1.24319,0.460776,1.24319,0.460776,
1763897478066,1.24318,0.460776,1.24318,0.460776,
1763897478105,1.24318,0.460777,1.24318,0.460776,
1763897478140,1.24318,0.460777,1.24318,0.460777,
1763897478184,1.24318,0.460777,1.24318,0.460777,
1763897478220,1.24318,0.460778,1.24318,0.460778,
1763897478257,1.24318,0.460778,1.24318,0.460778,
1763897478294,1.24318,0.460778,1.24318,0.460778,
1763897478326,1.24318,0.460779,1.24318,0.460779,
1763897478388,1.24317,0.460779,1.24317,0.460779,
1763897478420,1.24317,0.460779,1.24317,0.460779,
1763897478455,1.24317,0.46078,1.24317,0.46078,
1763897478489,1.24317,0.46078,1.24317,0.46078,
1763897478519,1.24317,0.460781,1.24317,0.460781,
1763897478572,1.24317,0.460781,1.24317,0.460781,
1763897478608,1.24317,0.460781,1.24317,0.460781,
1763897478636,1.24317,0.460782,1.24317,0.460782,
1763897478667,1.24316,0.460782,1.24316,0.460782,
1763897478700,1.24316,0.460783,1.24316,0.460783,
1763897478737,1.24316,0.460783,1.24316,0.460783,
1763897478783,1.24316,0.460784,1.24316,0.460784,
1763897478814,1.24316,0.460784,1.24316,0.460784,
1763897478851,1.24316,0.460784,1.24316,0.460784,
1763897478899,1.24316,0.460785,1.24316,0.460785,
1763897478925,1.24316,0.460785,1.24316,0.460785,
1763897478961,1.24315,0.460786,1.24315,0.460786,
1763897478999,1.24315,0.460786,1.24315,0.460786,
1763897479035,1.24315,0.460786,1.24315,0.460786,
1763897479073,1.24315,0.460787,1.24315,0.460787,
1763897479119,1.24315,0.460787,1.24315,0.460787,
1763897479155,1.24315,0.460787,1.24315,0.460787,
1763897479198,1.24315,0.460788,1.24315,0.460788,
1763897479238,1.24315,0.460788,1.24315,0.460788,
1763897479279,1.24314,0.460789,1.24314,0.460789,
1763897479312,1.24314,0.460789,1.24314,0.460789,
1763897479349,1.24314,0.460789,1.24314,0.460789,
1763897479397,1.24314,0.46079,1.24314,0.46079,
1763897479442,1.24314,0.46079,1.24314,0.46079,
1763897479472,1.24314,0.460791,1.24314,0.460791,
1763897479514,1.24314,0.460791,1.24314,0.460791,
1763897479545,1.24314,0.460791,1.24314,0.460791,
1763897479587,1.24313,0.460792,1.24313,0.460792,
1763897479628,1.24313,0.460792,1.24313,0.460792,
1763897479654,1.24313,0.460793,1.24313,0.460793,
1763897479688,1.24313,0.460793,1.24313,0.460793,
1763897479731,1.24313,0.460793,1.24313,0.460793,
1763897479767,1.24313,0.460794,1.24313,0.460794,
1763897479806,1.24313,0.460794,1.24313,0.460794,
1763897479848,1.24313,0.460795,1.24313,0.460795,
1763897479891,1.24312,0.460795,1.24312,0.460795,
1763897479931,1.24312,0.460795,1.24312,0.460795,
1763897479969,1.24312,0.460796,1.24312,0.460796,
1763897480014,1.24312,0.460796,1.24312,0.460796,
1763897480052,1.24312,0.460796,1.24312,0.460796,
1763897480078,1.24312,0.460797,1.24312,0.460797,
1763897480125,1.24312,0.460797,1.24312,0.460797,
1763897480161,1.24312,0.460798,1.24312,0.460798,
1763897480197,1.24311,0.460798,1.24311,0.460798,
1763897480247,1.24311,0.460799,1.24311,0.460799,
1763897480283,1.24311,0.460799,1.24311,0.460799,
1763897480317,1.24311,0.460799,1.24311,0.460799,
1763897480348,1.24311,0.4608,1.24311,0.4608,
1763897480392,1.24311,0.4608,1.24311,0.4608,
1763897480435,1.24311,0.460801,1.24311,0.460801,
1763897480475,1.24311,0.460801,1.24311,0.460801,
1763897480508,1.2431,0.460801,1.2431,0.460801,
1763897480538,1.2431,0.460802,1.2431,0.460802,
1763897480575,1.2431,0.460802,1.2431,0.460802,
1763897480615,1.2431,0.460802,1.2431,0.460802,
1763897480659,1.2431,0.460803,1.2431,0.460803,
1763897480699,1.2431,0.460803,1.2431,0.460803,
1763897480745,1.2431,0.460804,1.2431,0.460804,
1763897480787,1.2431,0.460804,1.2431,0.460804,
1763897480811,1.24309,0.460805,1.24309,0.460805,
1763897480844,1.24309,0.460805,1.24309,0.460805,
1763897480880,1.24309,0.460805,1.24309,0.460805,
1763897480916,1.24309,0.460806,1.24309,0.460806,
1763897480955,1.24309,0.460806,1.24309,0.460806,
1763897481000,1.24309,0.460806,1.24309,0.460806,
1763897481027,1.24309,0.460807,1.24309,0.460807,
1763897481066,1.24309,0.460807,1.24309,0.460807,
1763897481114,1.24308,0.460808,1.24308,0.460808,
1763897481145,1.24308,0.460808,1.24308,0.460808,
1763897481185,1.24308,0.460808,1.24308,0.460808,
1763897481225,1.24308,0.460809,1.24308,0.460809,
1763897481274,1.24308,0.460809,1.24308,0.460809,
1763897481301,1.24308,0.46081,1.24308,0.46081,
1763897481340,1.24308,0.46081,1.24308,0.46081,
1763897481383,1.24308,0.46081,1.24308,0.46081,
1763897481423,1.24307,0.460811,1.24307,0.460811,
1763897481468,1.24307,0.460811,1.24307,0.460811,
1763897481507,1.24307,0.460812,1.24307,0.460812,
1763897481548,1.24307,0.460812,1.24307,0.460812,
1763897481586,1.24307,0.460813,1.24307,0.460813,
1763897481629,1.24307,0.460813,1.24307,0.460813,
1763897481664,1.24307,0.460813,1.24307,0.460813,
1763897481712,1.24307,0.460814,1.24307,0.460814,
1763897481744,1.24306,0.460814,1.24306,0.460814,
1763897481787,1.24306,0.460814,1.24306,0.460814,
1763897481819,1.24306,0.460815,1.24306,0.460815,
1763897481855,1.24306,0.460815,1.24306,0.460815,
1763897481897,1.24306,0.460816,1.24306,0.460816,
1763897481932,1.24306,0.460816,1.24306,0.460816,
1763897481972,1.24306,0.460816,1.24306,0.460816,
1763897482008,1.24306,0.460817,1.24306,0.460817,
1763897482051,1.24305,0.460817,1.24305,0.460817,
1763897482087,1.24305,0.460817,1.24305,0.460817,
1763897482120,1.24305,0.460818,1.24305,0.460818,
1763897482162,1.24305,0.460818,1.24305,0.460818,
1763897482204,1.24305,0.460819,1.24305,0.460819,
1763897482246,1.24305,0.460819,1.24305,0.460819,
1763897482284,1.24305,0.460819,1.24305,0.46082,
1763897482331,1.24305,0.46082,1.24305,0.46082,
1763897482367,1.24304,0.46082,1.24304,0.46082,
1763897482394,1.24304,0.460821,1.24304,0.460821,
1763897482424,1.24304,0.460821,1.24304,0.460821,
1763897482465,1.24304,0.460822,1.24304,0.460822,
1763897482523,1.24304,0.460822,1.24304,0.460822,
1763897482567,1.24304,0.460822,1.24304,0.460822,
1763897482594,1.24304,0.460823,1.24304,0.460823,
1763897482629,1.24304,0.460823,1.24304,0.460823,
1763897482673,1.24303,0.460823,1.24303,0.460823,
1763897482712,1.24303,0.460824,1.24303,0.460824,
1763897482748,1.24303,0.460824,1.24303,0.460824,
1763897482791,1.24303,0.460825,1.24303,0.460825,
1763897482840,1.24303,0.460825,1.24303,0.460825,
1763897482874,1.24303,0.460826,1.24303,0.460826,
1763897482912,1.24303,0.460826,1.24303,0.460826,
1763897482942,1.24303,0.460826,1.24303,0.460826,
1763897482985,1.24302,0.460826,1.24302,0.460826,
1763897483028,1.24302,0.460827,1.24302,0.460827,
1763897483060,1.24302,0.460827,1.24302,0.460827,
1763897483099,1.24302,0.460828,1.24302,0.460828,
1763897483136,1.24302,0.460828,1.24302,0.460828,
1763897483170,1.24302,0.460829,1.24302,0.460829,
1763897483211,1.24302,0.460829,1.24302,0.460829,
1763897483252,1.24302,0.460829,1.24302,0.460829,
1763897483286,1.24301,0.46083,1.24301,0.46083,
1763897483324,1.24301,0.46083,1.24301,0.46083,
1763897483367,1.24301,0.46083,1.24301,0.46083,
1763897483402,1.24301,0.460831,1.24301,0.460831,
1763897483438,1.24301,0.460831,1.24301,0.460831,
1763897483465,1.24301,0.460832,1.24301,0.460832,
1763897483507,1.24301,0.460832,1.24301,0.460832,
1763897483550,1.24301,0.460833,1.24301,0.460832,
1763897483584,1.243,0.460833,1.243,0.460833,
1763897483622,1.243,0.460833,1.243,0.460833,
1763897483667,1.243,0.460834,1.243,0.460834,
1763897483697,1.243,0.460834,1.243,0.460834,
1763897483733,1.243,0.460834,1.243,0.460834,
1763897483776,1.243,0.460835,1.243,0.460835,
1763897483813,1.243,0.460835,1.243,0.460835,
1763897483852,1.243,0.460836,1.243,0.460836,
1763897483892,1.24299,0.460836,1.24299,0.460836,
1763897483930,1.24299,0.460837,1.24299,0.460836,
1763897483964,1.24299,0.460837,1.24299,0.460837,
1763897484002,1.24299,0.460837,1.24299,0.460837,
1763897484041,1.24299,0.460838,1.24299,0.460838,
1763897484087,1.24299,0.460838,1.24299,0.460838,
1763897484131,1.24299,0.460838,1.24299,0.460838,
1763897484154,1.24299,0.460839,1.24299,0.460839,
1763897484197,1.24298,0.460839,1.24298,0.460839,
1763897484225,1.24298,0.46084,1.24298,0.46084,
1763897484261,1.24298,0.46084,1.24298,0.46084,
1763897484309,1.24298,0.460841,1.24298,0.460841,
1763897484352,1.24298,0.460841,1.24298,0.460841,
1763897484384,1.24298,0.460841,1.24298,0.460841,
1763897484424,1.24298,0.460842,1.24298,0.460842,
1763897484464,1.24298,0.460842,1.24298,0.460842,
1763897484498,1.24297,0.460842,1.24297,0.460842,
1763897484545,1.24297,0.460843,1.24297,0.460843,
1763897484576,1.24297,0.460843,1.24297,0.460843,
1763897484615,1.24297,0.460844,1.24297,0.460844,
1763897484671,1.24297,0.460844,1.24297,0.460844,
1763897484700,1.24297,0.460844,1.24297,0.460844,
1763897484739,1.24297,0.460845,1.24297,0.460845,
1763897484771,1.24297,0.460845,1.24297,0.460845,
1763897484797,1.24296,0.460846,1.24296,0.460846,
1763897484846,1.24296,0.460846,1.24296,0.460846,
1763897484892,1.24296,0.460846,1.24296,0.460846,
1763897484937,1.24296,0.460847,1.24296,0.460847,
1763897484972,1.24296,0.460847,1.24296,0.460847,
1763897485011,1.24296,0.460847,1.24296,0.460847,
1763897485050,1.24296,0.460848,1.24296,0.460848,
1763897485095,1.24295,0.460848,1.24295,0.460848,
1763897485140,1.24295,0.460849,1.24295,0.460849,
1763897485173,1.24295,0.460849,1.24295,0.460849,
1763897485205,1.24295,0.460849,1.24295,0.460849,
1763897485247,1.24295,0.46085,1.24295,0.46085,
1763897485279,1.24295,0.46085,1.24295,0.46085,
1763897485314,1.24295,0.460851,1.24295,0.460851,
1763897485366,1.24295,0.460851,1.24295,0.460851,
1763897485390,1.24295,0.460851,1.24295,0.460851,
1763897485425,1.24294,0.460852,1.24294,0.460852,
1763897485471,1.24294,0.460852,1.24294,0.460852,
1763897485497,1.24294,0.460853,1.24294,0.460853,
1763897485541,1.24294,0.460853,1.24294,0.460853,
1763897485591,1.24294,0.460853,1.24294,0.460853,
1763897485617,1.24294,0.460854,1.24294,0.460854,
1763897485653,1.24294,0.460854,1.24294,0.460854,
1763897485703,1.24294,0.460855,1.24293,0.460855,
1763897485743,1.24293,0.460855,1.24293,0.460855,
1763897485773,1.24293,0.460855,1.24293,0.460855,
1763897485817,1.24293,0.460856,1.24293,0.460856,
1763897485858,1.24293,0.460856,1.24293,0.460856,
1763897485901,1.24293,0.460857,1.24293,0.460857,
1763897485939,1.24293,0.460857,1.24293,0.460857,
1763897485976,1.24293,0.460857,1.24293,0.460857,
1763897486019,1.24292,0.460858,1.24292,0.460858,
1763897486043,1.24292,0.460858,1.24292,0.460858,
1763897486084,1.24292,0.460859,1.24292,0.460859,
1763897486118,1.24292,0.460859,1.24292,0.460859,
1763897486162,1.24292,0.460859,1.24292,0.460859,
1763897486199,1.24292,0.46086,1.24292,0.46086,
1763897486236,1.24292,0.46086,1.24292,0.46086,
1763897486275,1.24292,0.460861,1.24292,0.460861,
1763897486320,1.24291,0.460861,1.24291,0.460861,
1763897486358,1.24291,0.460861,1.24291,0.460861,
1763897486407,1.24291,0.460862,1.24291,0.460862,
1763897486440,1.24291,0.460862,1.24291,0.460862,
1763897486478,1.24291,0.460862,1.24291,0.460862,
1763897486511,1.24291,0.460863,1.24291,0.460863,
1763897486545,1.24291,0.460863,1.24291,0.460863,
1763897486578,1.24291,0.460864,1.24291,0.460864,
1763897486606,1.2429,0.460864,1.2429,0.460864,
1763897486646,1.2429,0.460865,1.2429,0.460865,
1763897486697,1.2429,0.460865,1.2429,0.460865,
1763897486736,1.2429,0.460865,1.2429,0.460865,
1763897486767,1.2429,0.460866,1.2429,0.460866,
1763897486799,1.2429,0.460866,1.2429,0.460866,
1763897486837,1.2429,0.460866,1.2429,0.460867,
1763897486887,1.2429,0.460867,1.2429,0.460867,
1763897486922,1.24289,0.460867,1.24289,0.460867,
1763897486971,1.24289,0.460868,1.24289,0.460868,
1763897486998,1.24289,0.460868,1.24289,0.460868,
1763897487038,1.24289,0.460868,1.24289,0.460869,
1763897487075,1.24289,0.460869,1.24289,0.460869,
1763897487114,1.24289,0.460869,1.24289,0.460869,
1763897487140,1.24289,0.46087,1.24289,0.46087,
1763897487171,1.24289,0.46087,1.24289,0.46087,
1763897487210,1.24288,0.46087,1.24288,0.46087,
1763897487252,1.24288,0.460871,1.24288,0.460871,
1763897487281,1.24288,0.460871,1.24288,0.460871,
1763897487315,1.24288,0.460872,1.24288,0.460872,
1763897487355,1.24288,0.460872,1.24288,0.460872,
1763897487391,1.24288,0.460872,1.24288,0.460872,
1763897487429,1.24288,0.460873,1.24288,0.460873,
1763897487463,1.24288,0.460873,1.24288,0.460873,
1763897487498,1.24287,0.460873,1.24287,0.460874,
1763897487542,1.24287,0.460874,1.24287,0.460874,
1763897487592,1.24287,0.460874,1.24287,0.460874,
1763897487625,1.24287,0.460875,1.24287,0.460875,
1763897487660,1.24287,0.460875,1.24287,0.460875,
1763897487701,1.24287,0.460876,1.24287,0.460876,
1763897487730,1.24287,0.460876,1.24287,0.460876,
1763897487768,1.24287,0.460876,1.24287,0.460876,
1763897487811,1.24286,0.460877,1.24286,0.460877,
1763897487845,1.24286,0.460877,1.24286,0.460877,
1763897487882,1.24286,0.460877,1.24286,0.460877,
1763897487922,1.24286,0.460878,1.24286,0.460878,
1763897487959,1.24286,0.460878,1.24286,0.460878,
1763897488000,1.24286,0.460879,1.24286,0.460879,
1763897488038,1.24286,0.460879,1.24286,0.460879,
1763897488083,1.24286,0.46088,1.24286,0.46088,
1763897488112,1.24285,0.46088,1.24285,0.46088,
1763897488153,1.24285,0.46088,1.24285,0.46088,
1763897488204,1.24285,0.460881,1.24285,0.460881,
1763897488232,1.24285,0.460881,1.24285,0.460881,
1763897488274,1.24285,0.460881,1.24285,0.460882,
1763897488323,1.24285,0.460882,1.24285,0.460882,
1763897488358,1.24285,0.460882,1.24285,0.460882,
1763897488387,1.24285,0.460883,1.24285,0.460883,
1763897488432,1.24284,0.460883,1.24284,0.460883,
1763897488469,1.24284,0.460883,1.24284,0.460883,
1763897488511,1.24284,0.460884,1.24284,0.460884,
1763897488554,1.24284,0.460884,1.24284,0.460884,
1763897488578,1.24284,0.460885,1.24284,0.460885,
1763897488613,1.24284,0.460885,1.24284,0.460885,
1763897488657,1.24284,0.460886,1.24284,0.460886,
1763897488684,1.24284,0.460886,1.24284,0.460886,
1763897488724,1.24283,0.460886,1.24283,0.460886,
1763897488763,1.24283,0.460886,1.24283,0.460886,
1763897488808,1.24283,0.460887,1.24283,0.460887,
1763897488837,1.24283,0.460887,1.24283,0.460887,
1763897488873,1.24283,0.460888,1.24283,0.460888,
1763897488903,1.24283,0.460888,1.24283,0.460888,
1763897488944,1.24283,0.460889,1.24283,0.460889,
1763897488990,1.24283,0.460889,1.24283,0.460889,
1763897489030,1.24282,0.460889,1.24282,0.460889,
1763897489068,1.24282,0.46089,1.24282,0.46089,
1763897489099,1.24282,0.46089,1.24282,0.46089,
1763897489138,1.24282,0.460891,1.24282,0.460891,
1763897489178,1.24282,0.460891,1.24282,0.460891,
1763897489218,1.24282,0.460891,1.24282,0.460891,
1763897489252,1.24282,0.460892,1.24282,0.460892,
1763897489297,1.24282,0.460892,1.24282,0.460892,
1763897489328,1.24281,0.460892,1.24281,0.460892,
1763897489364,1.24281,0.460893,1.24281,0.460893,
1763897489406,1.24281,0.460893,1.24281,0.460893,
1763897489444,1.24281,0.460894,1.24281,0.460894,
1763897489476,1.24281,0.460894,1.24281,0.460894,
1763897489507,1.24281,0.460895,1.24281,0.460895,
1763897489540,1.24281,0.460895,1.24281,0.460895,
1763897489580,1.24281,0.460895,1.24281,0.460895,
1763897489612,1.2428,0.460896,1.2428,0.460896,
1763897489650,1.2428,0.460896,1.2428,0.460896,
1763897489697,1.2428,0.460897,1.2428,0.460897,
1763897489737,1.2428,0.460897,1.2428,0.460897,
1763897489768,1.2428,0.460897,1.2428,0.460897,
1763897489808,1.2428,0.460898,1.2428,0.460898,
1763897489836,1.2428,0.460898,1.2428,0.460898,
1763897489865,1.2428,0.460899,1.2428,0.460899,
1763897489914,1.24279,0.460899,1.24279,0.460899,
1763897489945,1.24279,0.460899,1.24279,0.460899,
1763897489978,1.24279,0.4609,1.24279,0.4609,
1763897490023,1.24279,0.4609,1.24279,0.4609,
1763897490050,1.24279,0.4609,1.24279,0.4609,
1763897490088,1.24279,0.460901,1.24279,0.460901,
1763897490133,1.24279,0.460901,1.24279,0.460901,
1763897490167,1.24279,0.460902,1.24279,0.460902,
1763897490205,1.24278,0.460902,1.24278,0.460902,
1763897490240,1.24278,0.460902,1.24278,0.460902,
1763897490285,1.24278,0.460903,1.24278,0.460903,
1763897490322,1.24278,0.460903,1.24278,0.460903,
1763897490360,1.24278,0.460904,1.24278,0.460904,
1763897490402,1.24278,0.460904,1.24278,0.460904,
1763897490441,1.24278,0.460905,1.24278,0.460905,
1763897490487,1.24278,0.460905,1.24278,0.460905,
1763897490528,1.24277,0.460905,1.24277,0.460905,
1763897490561,1.24277,0.460906,1.24277,0.460906,
1763897490606,1.24277,0.460906,1.24277,0.460906,
1763897490642,1.24277,0.460907,1.24277,0.460906,
1763897490672,1.24277,0.460907,1.24277,0.460907,
1763897490715,1.24277,0.460907,1.24277,0.460907,
1763897490755,1.24277,0.460908,1.24277,0.460908,
1763897490786,1.24277,0.460908,1.24277,0.460908,
1763897490831,1.24276,0.460908,1.24276,0.460908,
1763897490873,1.24276,0.460909,1.24276,0.460909,
1763897490913,1.24276,0.460909,1.24276,0.460909,
1763897490943,1.24276,0.46091,1.24276,0.46091,
1763897490983,1.24276,0.46091,1.24276,0.46091,
1763897491013,1.24276,0.46091,1.24276,0.46091,
1763897491051,1.24276,0.460911,1.24276,0.460911,
1763897491094,1.24276,0.460911,1.24276,0.460911,
1763897491127,1.24275,0.460912,1.24275,0.460912,
1763897491165,1.24275,0.460912,1.24275,0.460912,
1763897491215,1.24275,0.460912,1.24275,0.460912,
1763897491248,1.24275,0.460913,1.24275,0.460913,
1763897491283,1.24275,0.460913,1.24275,0.460913,
1763897491331,1.24275,0.460913,1.24275,0.460913,
1763897491361,1.24275,0.460914,1.24275,0.460914,
1763897491389,1.24275,0.460914,1.24275,0.460914,
1763897491427,1.24274,0.460915,1.24274,0.460915,
1763897491467,1.24274,0.460915,1.24274,0.460915,
1763897491508,1.24274,0.460916,1.24274,0.460916,
1763897491553,1.24274,0.460916,1.24274,0.460916,
1763897491582,1.24274,0.460916,1.24274,0.460916,
1763897491622,1.24274,0.460917,1.24274,0.460917,
1763897491652,1.24274,0.460917,1.24274,0.460917,
1763897491687,1.24274,0.460917,1.24274,0.460917,
1763897491719,1.24273,0.460918,1.24273,0.460918,
1763897491757,1.24273,0.460918,1.24273,0.460918,
1763897491788,1.24273,0.460919,1.24273,0.460919,
1763897491827,1.24273,0.460919,1.24273,0.460919,
1763897491874,1.24273,0.46092,1.24273,0.460919,
1763897491919,1.24273,0.46092,1.24273,0.46092,
1763897491948,1.24273,0.46092,1.24273,0.46092,
1763897491986,1.24273,0.460921,1.24273,0.460921,
1763897492021,1.24272,0.460921,1.24272,0.460921,
1763897492056,1.24272,0.460922,1.24272,0.460922,
1763897492094,1.24272,0.460922,1.24272,0.460922,
1763897492135,1.24272,0.460922,1.24272,0.460922,
1763897492174,1.24272,0.460923,1.24272,0.460923,
1763897492218,1.24272,0.460923,1.24272,0.460923,
1763897492249,1.24272,0.460923,1.24272,0.460923,
1763897492286,1.24272,0.460924,1.24272,0.460924,
1763897492330,1.24271,0.460924,1.24271,0.460924,
1763897492369,1.24271,0.460925,1.24271,0.460925,
1763897492397,1.24271,0.460925,1.24271,0.460925,
1763897492441,1.24271,0.460925,1.24271,0.460925,
1763897492483,1.24271,0.460926,1.24271,0.460926,
1763897492508,1.24271,0.460926,1.24271,0.460926,
1763897492550,1.24271,0.460926,1.24271,0.460926,
1763897492591,1.24271,0.460927,1.24271,0.460927,
1763897492616,1.2427,0.460927,1.2427,0.460927,
1763897492648,1.2427,0.460928,1.2427,0.460928,
1763897492694,1.2427,0.460928,1.2427,0.460928,
1763897492727,1.2427,0.460929,1.2427,0.460929,
1763897492772,1.2427,0.460929,1.2427,0.460929,
1763897492810,1.2427,0.460929,1.2427,0.460929,
1763897492854,1.2427,0.46093,1.2427,0.46093,
1763897492890,1.2427,0.46093,1.2427,0.46093,
1763897492929,1.24269,0.46093,1.24269,0.46093,
1763897492968,1.24269,0.460931,1.24269,0.460931,
1763897493007,1.24269,0.460931,1.24269,0.460931,
1763897493045,1.24269,0.460932,1.24269,0.460932,
1763897493084,1.24269,0.460932,1.24269,0.460932,
1763897493125,1.24269,0.460933,1.24269,0.460933,
1763897493156,1.24269,0.460933,1.24269,0.460933,
1763897493200,1.24269,0.460933,1.24269,0.460933,
1763897493248,1.24268,0.460934,1.24268,0.460934,
1763897493281,1.24268,0.460934,1.24268,0.460934,
1763897493318,1.24268,0.460934,1.24268,0.460934,
1763897493362,1.24268,0.460935,1.24268,0.460935,
1763897493392,1.24268,0.460935,1.24268,0.460935,
1763897493426,1.24268,0.460936,1.24268,0.460936,
1763897493467,1.24268,0.460936,1.24268,0.460936,
1763897493505,1.24268,0.460936,1.24268,0.460936,
1763897493541,1.24267,0.460937,1.24267,0.460937,
1763897493580,1.24267,0.460937,1.24267,0.460937,
1763897493617,1.24267,0.460938,1.24267,0.460938,
1763897493647,1.24267,0.460938,1.24267,0.460938,
1763897493682,1.24267,0.460938,1.24267,0.460938,
1763897493719,1.24267,0.460939,1.24267,0.460939,
1763897493754,1.24267,0.460939,1.24267,0.460939,
1763897493794,1.24267,0.46094,1.24267,0.46094,
1763897493834,1.24266,0.46094,1.24266,0.46094,
1763897493868,1.24266,0.46094,1.24266,0.46094,
1763897493906,1.24266,0.460941,1.24266,0.460941,
1763897493956,1.24266,0.460941,1.24266,0.460941,
1763897493992,1.24266,0.460942,1.24266,0.460942,
1763897494037,1.24266,0.460942,1.24266,0.460942,
1763897494073,1.24266,0.460942,1.24266,0.460942,
1763897494098,1.24266,0.460943,1.24266,0.460943,
1763897494139,1.24265,0.460943,1.24265,0.460943,
1763897494175,1.24265,0.460944,1.24265,0.460944,
1763897494219,1.24265,0.460944,1.24265,0.460944,
1763897494252,1.24265,0.460944,1.24265,0.460944,
1763897494297,1.24265,0.460945,1.24265,0.460945,
1763897494330,1.24265,0.460945,1.24265,0.460945,
1763897494359,1.24265,0.460946,1.24265,0.460946,
1763897494397,1.24265,0.460946,1.24265,0.460946,
1763897494431,1.24264,0.460946,1.24264,0.460946,
1763897494466,1.24264,0.460947,1.24264,0.460947,
1763897494510,1.24264,0.460947,1.24264,0.460947,
1763897494551,1.24264,0.460947,1.24264,0.460947,
1763897494584,1.24264,0.460948,1.24264,0.460948,
1763897494623,1.24264,0.460948,1.24264,0.460948,
1763897494670,1.24264,0.460949,1.24264,0.460949,
1763897494708,1.24264,0.460949,1.24264,0.460949,
1763897494742,1.24263,0.460949,1.24263,0.460949,
1763897494782,1.24263,0.46095,1.24263,0.46095,
1763897494816,1.24263,0.46095,1.24263,0.46095,
1763897494853,1.24263,0.460951,1.24263,0.460951,
1763897494894,1.24263,0.460951,1.24263,0.460951,
1763897494942,1.24263,0.460951,1.24263,0.460951,
1763897494978,1.24263,0.460952,1.24263,0.460952,
1763897495016,1.24263,0.460952,1.24263,0.460952,
1763897495060,1.24262,0.460953,1.24262,0.460953,
1763897495093,1.24262,0.460953,1.24262,0.460953,
1763897495138,1.24262,0.460954,1.24262,0.460954,
1763897495174,1.24262,0.460954,1.24262,0.460954,
1763897495210,1.24262,0.460954,1.24262,0.460954,
1763897495247,1.24262,0.460955,1.24262,0.460955,
1763897495287,1.24262,0.460955,1.24262,0.460955,
1763897495323,1.24262,0.460955,1.24262,0.460955,
1763897495355,1.24261,0.460956,1.24261,0.460956,
1763897495399,1.24261,0.460956,1.24261,0.460956,
1763897495437,1.24261,0.460957,1.24261,0.460957,
1763897495466,1.24261,0.460957,1.24261,0.460957,
1763897495505,1.24261,0.460957,1.24261,0.460957,
1763897495542,1.24261,0.460958,1.24261,0.460958,
1763897495571,1.24261,0.460958,1.24261,0.460958,
1763897495607,1.24261,0.460959,1.24261,0.460959,
1763897495655,1.2426,0.460959,1.2426,0.460959,
1763897495691,1.2426,0.460959,1.2426,0.460959,
1763897495736,1.2426,0.46096,1.2426,0.46096,
1763897495767,1.2426,0.46096,1.2426,0.46096,
1763897495812,1.2426,0.460961,1.2426,0.460961,
1763897495867,1.2426,0.460961,1.2426,0.460961,
1763897495897,1.2426,0.460961,1.2426,0.460961,
1763897495943,1.2426,0.460962,1.2426,0.460962,
1763897495990,1.24259,0.460962,1.24259,0.460962,
1763897496023,1.24259,0.460962,1.24259,0.460962,
1763897496068,1.24259,0.460963,1.24259,0.460963,
1763897496092,1.24259,0.460963,1.24259,0.460963,
1763897496126,1.24259,0.460964,1.24259,0.460964,
1763897496164,1.24259,0.460964,1.24259,0.460964,
1763897496209,1.24259,0.460964,1.24259,0.460964,
1763897496244,1.24259,0.460965,1.24259,0.460965,
1763897496289,1.24258,0.460965,1.24258,0.460965,
1763897496320,1.24258,0.460966,1.24258,0.460966,
1763897496363,1.24258,0.460966,1.24258,0.460966,
1763897496407,1.24258,0.460966,1.24258,0.460966,
1763897496436,1.24258,0.460967,1.24258,0.460967,
1763897496474,1.24258,0.460967,1.24258,0.460967,
1763897496505,1.24258,0.460967,1.24258,0.460967,
1763897496534,1.24258,0.460968,1.24258,0.460968,
1763897496581,1.24257,0.460968,1.24257,0.460968,
1763897496621,1.24257,0.460969,1.24257,0.460969,
1763897496667,1.24257,0.460969,1.24257,0.460969,
1763897496707,1.24257,0.46097,1.24257,0.46097,
1763897496747,1.24257,0.46097,1.24257,0.46097,
1763897496779,1.24257,0.46097,1.24257,0.46097,
1763897496813,1.24257,0.460971,1.24257,0.460971,
1763897496860,1.24257,0.460971,1.24257,0.460971,
1763897496898,1.24256,0.460971,1.24256,0.460971,
1763897496935,1.24256,0.460972,1.24256,0.460972,
1763897496975,1.24256,0.460972,1.24256,0.460972,
1763897497015,1.24256,0.460973,1.24256,0.460973,
1763897497045,1.24256,0.460973,1.24256,0.460973,
1763897497089,1.24256,0.460974,1.24256,0.460974,
1763897497124,1.24256,0.460974,1.24256,0.460974,
1763897497165,1.24256,0.460974,1.24256,0.460974,
1763897497205,1.24255,0.460975,1.24255,0.460975,
1763897497239,1.24255,0.460975,1.24255,0.460975,
1763897497270,1.24255,0.460975,1.24255,0.460975,
1763897497317,1.24255,0.460976,1.24255,0.460976,
1763897497375,1.24255,0.460976,1.24255,0.460976,
1763897497393,1.24255,0.460977,1.24255,0.460977,
1763897497434,1.24255,0.460977,1.24255,0.460977,
1763897497469,1.24255,0.460978,1.24255,0.460978,
1763897497500,1.24254,0.460978,1.24254,0.460978,
1763897497537,1.24254,0.460978,1.24254,0.460978,
1763897497576,1.24254,0.460978,1.24254,0.460978,
1763897497611,1.24254,0.460979,1.24254,0.460979,
1763897497650,1.24254,0.460979,1.24254,0.460979,
1763897497689,1.24254,0.46098,1.24254,0.46098,
1763897497724,1.24254,0.46098,1.24254,0.46098,
1763897497755,1.24254,0.460981,1.24254,0.460981,
1763897497798,1.24253,0.460981,1.24253,0.460981,
1763897497839,1.24253,0.460982,1.24253,0.460982,
1763897497873,1.24253,0.460982,1.24253,0.460982,
1763897497909,1.24253,0.460982,1.24253,0.460982,
1763897497943,1.24253,0.460983,1.24253,0.460983,
1763897497973,1.24253,0.460983,1.24253,0.460983,
1763897498010,1.24253,0.460983,1.24253,0.460983,
1763897498052,1.24253,0.460984,1.24253,0.460984,
1763897498083,1.24252,0.460984,1.24252,0.460984,
1763897498132,1.24252,0.460985,1.24252,0.460985,
1763897498179,1.24252,0.460985,1.24252,0.460985,
1763897498206,1.24252,0.460985,1.24252,0.460985,
1763897498245,1.24252,0.460986,1.24252,0.460986,
1763897498280,1.24252,0.460986,1.24252,0.460986,
1763897498314,1.24252,0.460986,1.24252,0.460986,
1763897498349,1.24252,0.460987,1.24252,0.460987,
1763897498399,1.24251,0.460987,1.24251,0.460987,
1763897498433,1.24251,0.460988,1.24251,0.460988,
1763897498479,1.24251,0.460988,1.24251,0.460988,
1763897498520,1.24251,0.460989,1.24251,0.460989,
1763897498558,1.24251,0.460989,1.24251,0.460989,
1763897498591,1.24251,0.460989,1.24251,0.460989,
1763897498631,1.24251,0.46099,1.24251,0.46099,
1763897498677,1.24251,0.46099,1.24251,0.46099,
1763897498729,1.2425,0.46099,1.2425,0.46099,
1763897498763,1.2425,0.460991,1.2425,0.460991,
1763897498801,1.2425,0.460991,1.2425,0.460991,
1763897498844,1.2425,0.460992,1.2425,0.460992,
1763897498874,1.2425,0.460992,1.2425,0.460992,
1763897498910,1.2425,0.460993,1.2425,0.460993,
1763897498952,1.2425,0.460993,1.2425,0.460993,
1763897498984,1.2425,0.460993,1.2425,0.460993,
1763897499027,1.24249,0.460994,1.24249,0.460994,
1763897499066,1.24249,0.460994,1.24249,0.460994,
1763897499105,1.24249,0.460994,1.24249,0.460994,
1763897499150,1.24249,0.460995,1.24249,0.460995,
1763897499199,1.24249,0.460995,1.24249,0.460995,
1763897499231,1.24249,0.460996,1.24249,0.460996,
1763897499262,1.24249,0.460996,1.24249,0.460996,
1763897499311,1.24249,0.460996,1.24248,0.460996,
1763897499339,1.24248,0.460997,1.24248,0.460997,
1763897499377,1.24248,0.460997,1.24248,0.460997,
1763897499419,1.24248,0.460998,1.24248,0.460998,
1763897499448,1.24248,0.460998,1.24248,0.460998,
1763897499482,1.24248,0.460999,1.24248,0.460998,
1763897499524,1.24248,0.460999,1.24248,0.460999,
1763897499549,1.24248,0.460999,1.24248,0.460999,
1763897499595,1.24247,0.461,1.24247,0.461,
1763897499622,1.24247,0.461,1.24247,0.461,
1763897499668,1.24247,0.461,1.24247,0.461,
1763897499701,1.24247,0.461001,1.24247,0.461001,
1763897499732,1.24247,0.461001,1.24247,0.461001,
1763897499778,1.24247,0.461002,1.24247,0.461002,
1763897499814,1.24247,0.461002,1.24247,0.461002,
1763897499856,1.24247,0.461002,1.24247,0.461002,
1763897499895,1.24246,0.461003,1.24246,0.461003,
1763897499932,1.24246,0.461003,1.24246,0.461003,
1763897499964,1.24246,0.461004,1.24246,0.461004,
1763897500000,1.24246,0.461004,1.24246,0.461004,
1763897500038,1.24246,0.461004,1.24246,0.461004,
1763897500086,1.24246,0.461005,1.24246,0.461005,
1763897500114,1.24246,0.461005,1.24246,0.461005,
1763897500154,1.24246,0.461005,1.24246,0.461005,
1763897500197,1.24245,0.461006,1.24245,0.461006,
1763897500256,1.24245,0.461006,1.24245,0.461006,
1763897500281,1.24245,0.461007,1.24245,0.461007,
1763897500325,1.24245,0.461007,1.24245,0.461007,
1763897500371,1.24245,0.461008,1.24245,0.461008,
1763897500395,1.24245,0.461008,1.24245,0.461008,
1763897500433,1.24245,0.461008,1.24245,0.461008,
1763897500477,1.24245,0.461008,1.24245,0.461009,
1763897500506,1.24244,0.461009,1.24244,0.461009,
1763897500544,1.24244,0.461009,1.24244,0.461009,
1763897500583,1.24244,0.46101,1.24244,0.46101,
1763897500612,1.24244,0.46101,1.24244,0.46101,
1763897500656,1.24244,0.461011,1.24244,0.461011,
1763897500689,1.24244,0.461011,1.24244,0.461011,
1763897500729,1.24244,0.461011,1.24244,0.461011,
1763897500775,1.24244,0.461012,1.24244,0.461012,
1763897500808,1.24243,0.461012,1.24243,0.461012,
1763897500845,1.24243,0.461013,1.24243,0.461013,
1763897500894,1.24243,0.461013,1.24243,0.461013,
1763897500928,1.24243,0.461013,1.24243,0.461013,
1763897500965,1.24243,0.461014,1.24243,0.461014,
1763897501005,1.24243,0.461014,1.24243,0.461014,
1763897501039,1.24243,0.461015,1.24243,0.461015,
1763897501079,1.24243,0.461015,1.24243,0.461015,
1763897501111,1.24242,0.461015,1.24242,0.461015,
1763897501159,1.24242,0.461016,1.24242,0.461016,
1763897501215,1.24242,0.461016,1.24242,0.461016,
1763897501241,1.24242,0.461017,1.24242,0.461017,
1763897501276,1.24242,0.461017,1.24242,0.461017,
1763897501315,1.24242,0.461017,1.24242,0.461017,
1763897501365,1.24242,0.461018,1.24242,0.461018,
1763897501389,1.24242,0.461018,1.24242,0.461018,
1763897501423,1.24241,0.461019,1.24241,0.461019,
1763897501466,1.24241,0.461019,1.24241,0.461019,
1763897501500,1.24241,0.461019,1.24241,0.461019,
1763897501534,1.24241,0.46102,1.24241,0.46102,
1763897501569,1.24241,0.46102,1.24241,0.46102,
1763897501617,1.24241,0.461021,1.24241,0.461021,
1763897501666,1.24241,0.461021,1.24241,0.461021,
1763897501702,1.24241,0.461021,1.24241,0.461021,
1763897501751,1.2424,0.461022,1.2424,0.461022,
1763897501783,1.2424,0.461022,1.2424,0.461022,
1763897501827,1.2424,0.461022,1.2424,0.461022,
1763897501880,1.2424,0.461023,1.2424,0.461023,
1763897501908,1.2424,0.461023,1.2424,0.461023,
1763897501954,1.2424,0.461024,1.2424,0.461024,
1763897501981,1.2424,0.461024,1.2424,0.461024,
1763897502026,1.2424,0.461025,1.2424,0.461025,
1763897502075,1.24239,0.461025,1.24239,0.461025,
1763897502111,1.24239,0.461025,1.24239,0.461025,
1763897502136,1.24239,0.461026,1.24239,0.461026,
1763897502186,1.24239,0.461026,1.24239,0.461026,
1763897502217,1.24239,0.461026,1.24239,0.461026,
1763897502256,1.24239,0.461027,1.24239,0.461027,
1763897502295,1.24239,0.461027,1.24239,0.461027,
1763897502334,1.24239,0.461028,1.24239,0.461028,
1763897502377,1.24238,0.461028,1.24238,0.461028,
1763897502408,1.24238,0.461028,1.24238,0.461028,
1763897502448,1.24238,0.461029,1.24238,0.461029,
1763897502481,1.24238,0.461029,1.24238,0.461029,
1763897502528,1.24238,0.46103,1.24238,0.46103,
1763897502559,1.24238,0.46103,1.24238,0.46103,
1763897502599,1.24238,0.46103,1.24238,0.46103,
1763897502647,1.24238,0.461031,1.24238,0.461031,
1763897502694,1.24237,0.461031,1.24237,0.461031,
1763897502727,1.24237,0.461032,1.24237,0.461032,
1763897502769,1.24237,0.461032,1.24237,0.461032,
1763897502801,1.24237,0.461032,1.24237,0.461032,
1763897502848,1.24237,0.461033,1.24237,0.461033,
1763897502881,1.24237,0.461033,1.24237,0.461033,
1763897502936,1.24237,0.461034,1.24237,0.461033,
1763897502979,1.24237,0.461034,1.24237,0.461034,
1763897503013,1.24236,0.461034,1.24236,0.461034,
1763897503047,1.24236,0.461035,1.24236,0.461035,
1763897503089,1.24236,0.461035,1.24236,0.461035,
1763897503131,1.24236,0.461035,1.24236,0.461035,
1763897503168,1.24236,0.461036,1.24236,0.461036,
1763897503207,1.24236,0.461036,1.24236,0.461036,
1763897503242,1.24236,0.461037,1.24236,0.461037,
1763897503290,1.24236,0.461037,1.24236,0.461037,
1763897503322,1.24235,0.461037,1.24235,0.461037,
1763897503380,1.24235,0.461038,1.24235,0.461038,
1763897503420,1.24235,0.461038,1.24235,0.461038,
1763897503465,1.24235,0.461039,1.24235,0.461039,
1763897503508,1.24235,0.461039,1.24235,0.461039,
1763897503544,1.24235,0.461039,1.24235,0.461039,
1763897503592,1.24235,0.46104,1.24235,0.46104,
1763897503619,1.24235,0.46104,1.24235,0.46104,
1763897503662,1.24234,0.461041,1.24234,0.461041,
1763897503716,1.24234,0.461041,1.24234,0.461041,
1763897503752,1.24234,0.461041,1.24234,0.461041,
1763897503791,1.24234,0.461042,1.24234,0.461042,
1763897503823,1.24234,0.461042,1.24234,0.461042,
1763897503861,1.24234,0.461043,1.24234,0.461043,
1763897503900,1.24234,0.461043,1.24234,0.461043,
1763897503935,1.24234,0.461043,1.24234,0.461043,
1763897503984,1.24233,0.461044,1.24233,0.461044,
1763897504033,1.24233,0.461044,1.24233,0.461044,
1763897504069,1.24233,0.461044,1.24233,0.461044,
1763897504109,1.24233,0.461045,1.24233,0.461045,
1763897504153,1.24233,0.461045,1.24233,0.461045,
1763897504196,1.24233,0.461046,1.24233,0.461046,
1763897504227,1.24233,0.461046,1.24233,0.461046,
1763897504274,1.24233,0.461047,1.24233,0.461047,
1763897504327,1.24232,0.461047,1.24232,0.461047,
1763897504352,1.24232,0.461047,1.24232,0.461047,
1763897504386,1.24232,0.461048,1.24232,0.461048,
1763897504422,1.24232,0.461048,1.24232,0.461048,
1763897504468,1.24232,0.461048,1.24232,0.461048,
1763897504512,1.24232,0.461049,1.24232,0.461049,
1763897504557,1.24232,0.461049,1.24232,0.461049,
1763897504600,1.24232,0.46105,1.24232,0.46105,
1763897504639,1.24231,0.46105,1.24231,0.46105,
1763897504669,1.24231,0.461051,1.24231,0.461051,
1763897504707,1.24231,0.461051,1.24231,0.461051,
1763897504752,1.24231,0.461051,1.24231,0.461051,
1763897504801,1.24231,0.461051,1.24231,0.461051,
1763897504832,1.24231,0.461052,1.24231,0.461052,
1763897504860,1.24231,0.461052,1.24231,0.461052,
1763897504896,1.24231,0.461053,1.24231,0.461053,
1763897504939,1.2423,0.461053,1.2423,0.461053,
1763897504974,1.2423,0.461054,1.2423,0.461054,
1763897505010,1.2423,0.461054,1.2423,0.461054,
1763897505052,1.2423,0.461055,1.2423,0.461055,
1763897505103,1.2423,0.461055,1.2423,0.461055,
1763897505127,1.2423,0.461055,1.2423,0.461055,
1763897505184,1.2423,0.461055,1.2423,0.461056,
1763897505219,1.2423,0.461056,1.2423,0.461056,
1763897505254,1.24229,0.461056,1.24229,0.461056,
1763897505295,1.24229,0.461057,1.24229,0.461057,
1763897505327,1.24229,0.461057,1.24229,0.461057,
1763897505364,1.24229,0.461058,1.24229,0.461058,
1763897505401,1.24229,0.461058,1.24229,0.461058,
1763897505456,1.24229,0.461059,1.24229,0.461058,
1763897505493,1.24229,0.461059,1.24229,0.461059,
1763897505542,1.24229,0.461059,1.24229,0.461059,
1763897505583,1.24228,0.46106,1.24228,0.46106,
1763897505622,1.24228,0.46106,1.24228,0.46106,
1763897505671,1.24228,0.46106,1.24228,0.46106,
1763897505708,1.24228,0.461061,1.24228,0.461061,
1763897505754,1.24228,0.461061,1.24228,0.461061,
1763897505792,1.24228,0.461062,1.24228,0.461062,
1763897505837,1.24228,0.461062,1.24228,0.461062,
1763897505872,1.24228,0.461062,1.24228,0.461062,
1763897505922,1.24227,0.461063,1.24227,0.461063,
1763897505971,1.24227,0.461063,1.24227,0.461063,
1763897506012,1.24227,0.461063,1.24227,0.461063,
1763897506055,1.24227,0.461064,1.24227,0.461064,
1763897506112,1.24227,0.461064,1.24227,0.461064,
1763897506139,1.24227,0.461065,1.24227,0.461065,
1763897506181,1.24227,0.461065,1.24227,0.461065,
1763897506222,1.24227,0.461066,1.24227,0.461066,
1763897506274,1.24226,0.461066,1.24226,0.461066,
1763897506308,1.24226,0.461066,1.24226,0.461066,
1763897506348,1.24226,0.461067,1.24226,0.461067,
1763897506382,1.24226,0.461067,1.24226,0.461067,
1763897506417,1.24226,0.461068,1.24226,0.461067,
1763897506457,1.24226,0.461068,1.24226,0.461068,
1763897506492,1.24226,0.461068,1.24226,0.461068,
1763897506545,1.24226,0.461069,1.24226,0.461069,
1763897506571,1.24225,0.461069,1.24225,0.461069,
1763897506609,1.24225,0.461069,1.24225,0.461069,
1763897506641,1.24225,0.46107,1.24225,0.46107,
1763897506689,1.24225,0.46107,1.24225,0.46107,
1763897506726,1.24225,0.461071,1.24225,0.461071,
1763897506754,1.24225,0.461071,1.24225,0.461071,
1763897506788,1.24225,0.461071,1.24225,0.461071,
1763897506832,1.24225,0.461072,1.24225,0.461072,
1763897506871,1.24224,0.461072,1.24224,0.461072,
1763897506921,1.24224,0.461072,1.24224,0.461073,
1763897506953,1.24224,0.461073,1.24224,0.461073,
1763897507000,1.24224,0.461073,1.24224,0.461073,
1763897507030,1.24224,0.461074,1.24224,0.461074,
1763897507068,1.24224,0.461074,1.24224,0.461074,
1763897507117,1.24224,0.461075,1.24224,0.461075,
1763897507153,1.24224,0.461075,1.24224,0.461075,
1763897507198,1.24223,0.461075,1.24223,0.461075,
1763897507239,1.24223,0.461076,1.24223,0.461076,
1763897507288,1.24223,0.461076,1.24223,0.461076,
1763897507335,1.24223,0.461076,1.24223,0.461076,
1763897507381,1.24223,0.461077,1.24223,0.461077,
1763897507424,1.24223,0.461077,1.24223,0.461077,
1763897507463,1.24223,0.461078,1.24223,0.461078,
1763897507498,1.24223,0.461078,1.24223,0.461078,
1763897507555,1.24222,0.461079,1.24222,0.461079,
1763897507596,1.24222,0.461079,1.24222,0.461079,
1763897507634,1.24222,0.461079,1.24222,0.461079,
1763897507675,1.24222,0.46108,1.24222,0.46108,
1763897507710,1.24222,0.46108,1.24222,0.46108,
1763897507766,1.24222,0.461081,1.24222,0.461081,
1763897507817,1.24222,0.461081,1.24222,0.461081,
1763897507855,1.24222,0.461081,1.24222,0.461081,
1763897507879,1.24221,0.461082,1.24221,0.461082,
1763897507912,1.24221,0.461082,1.24221,0.461082,
1763897507952,1.24221,0.461082,1.24221,0.461083,
1763897507988,1.24221,0.461083,1.24221,0.461083,
1763897508018,1.24221,0.461083,1.24221,0.461083,
1763897508074,1.24221,0.461084,1.24221,0.461084,
1763897508109,1.24221,0.461084,1.24221,0.461084,
1763897508145,1.24221,0.461085,1.24221,0.461085,
1763897508180,1.2422,0.461085,1.2422,0.461085,
1763897508213,1.2422,0.461085,1.2422,0.461085,
1763897508256,1.2422,0.461086,1.2422,0.461086,
1763897508289,1.2422,0.461086,1.2422,0.461086,
1763897508326,1.2422,0.461086,1.2422,0.461086,
1763897508366,1.2422,0.461087,1.2422,0.461087,
1763897508402,1.2422,0.461087,1.2422,0.461087,
1763897508451,1.2422,0.461088,1.2422,0.461088,
1763897508480,1.24219,0.461088,1.24219,0.461088,
1763897508513,1.24219,0.461088,1.24219,0.461088,
1763897508550,1.24219,0.461089,1.24219,0.461089,
1763897508598,1.24219,0.461089,1.24219,0.461089,
1763897508636,1.24219,0.46109,1.24219,0.46109,
1763897508662,1.24219,0.46109,1.24219,0.46109,
1763897508708,1.24219,0.46109,1.24219,0.46109,
1763897508739,1.24219,0.461091,1.24219,0.461091,
1763897508784,1.24218,0.461091,1.24218,0.461091,
1763897508827,1.24218,0.461092,1.24218,0.461092,
1763897508858,1.24218,0.461092,1.24218,0.461092,
1763897508896,1.24218,0.461092,1.24218,0.461092,
1763897508935,1.24218,0.461093,1.24218,0.461093,
1763897508974,1.24218,0.461093,1.24218,0.461093,
1763897509011,1.24218,0.461094,1.24218,0.461094,
1763897509059,1.24218,0.461094,1.24218,0.461094,
1763897509096,1.24217,0.461094,1.24217,0.461094,
1763897509136,1.24217,0.461095,1.24217,0.461095,
1763897509174,1.24217,0.461095,1.24217,0.461095,
1763897509209,1.24217,0.461096,1.24217,0.461096,
1763897509243,1.24217,0.461096,1.24217,0.461096,
1763897509286,1.24217,0.461096,1.24217,0.461096,
1763897509324,1.24217,0.461097,1.24217,0.461097,
1763897509359,1.24217,0.461097,1.24217,0.461097,
1763897509394,1.24216,0.461097,1.24216,0.461097,
1763897509433,1.24216,0.461098,1.24216,0.461098,
1763897509475,1.24216,0.461098,1.24216,0.461098,
1763897509511,1.24216,0.461099,1.24216,0.461099,
1763897509546,1.24216,0.461099,1.24216,0.461099,
1763897509592,1.24216,0.461099,1.24216,0.461099,
1763897509623,1.24216,0.4611,1.24216,0.4611,
1763897509664,1.24216,0.4611,1.24216,0.4611,
1763897509700,1.24215,0.461101,1.24215,0.461101,
1763897509745,1.24215,0.461101,1.24215,0.461101,
1763897509777,1.24215,0.461101,1.24215,0.461101,
1763897509811,1.24215,0.461102,1.24215,0.461102,
1763897509850,1.24215,0.461102,1.24215,0.461102,
1763897509892,1.24215,0.461103,1.24215,0.461103,
1763897509925,1.24215,0.461103,1.24215,0.461103,
1763897509969,1.24215,0.461103,1.24215,0.461103,
1763897510000,1.24214,0.461104,1.24214,0.461104,
1763897510039,1.24214,0.461104,1.24214,0.461104,
1763897510078,1.24214,0.461104,1.24214,0.461104,
1763897510115,1.24214,0.461105,1.24214,0.461105,
1763897510166,1.24214,0.461105,1.24214,0.461105,
1763897510196,1.24214,0.461106,1.24214,0.461106,
1763897510232,1.24214,0.461106,1.24214,0.461106,
1763897510277,1.24214,0.461106,1.24214,0.461106,
1763897510311,1.24213,0.461107,1.24213,0.461107,
1763897510342,1.24213,0.461107,1.24213,0.461107,
1763897510376,1.24213,0.461108,1.24213,0.461108,
1763897510415,1.24213,0.461108,1.24213,0.461108,
1763897510452,1.24213,0.461109,1.24213,0.461109,
1763897510487,1.24213,0.461109,1.24213,0.461109,
1763897510523,1.24213,0.461109,1.24213,0.461109,
1763897510575,1.24213,0.46111,1.24213,0.46111,
1763897510606,1.24212,0.46111,1.24212,0.46111,
1763897510644,1.24212,0.461111,1.24212,0.461111,
1763897510695,1.24212,0.461111,1.24212,0.461111,
1763897510724,1.24212,0.461111,1.24212,0.461111,
1763897510767,1.24212,0.461112,1.24212,0.461112,
1763897510811,1.24212,0.461112,1.24212,0.461112,
1763897510839,1.24212,0.461113,1.24212,0.461113,
1763897510884,1.24212,0.461113,1.24212,0.461113,
1763897510930,1.24211,0.461113,1.24211,0.461113,
1763897510971,1.24211,0.461114,1.24211,0.461114,
1763897511009,1.24211,0.461114,1.24211,0.461114,
1763897511044,1.24211,0.461114,1.24211,0.461114,
1763897511077,1.24211,0.461115,1.24211,0.461115,
1763897511115,1.24211,0.461115,1.24211,0.461115,
1763897511148,1.24211,0.461116,1.24211,0.461116,
1763897511191,1.24211,0.461116,1.24211,0.461116,
1763897511227,1.2421,0.461117,1.2421,0.461117,
1763897511271,1.2421,0.461117,1.2421,0.461117,
1763897511298,1.2421,0.461117,1.2421,0.461117,
1763897511339,1.2421,0.461118,1.2421,0.461118,
1763897511374,1.2421,0.461118,1.2421,0.461118,
1763897511413,1.2421,0.461118,1.2421,0.461118,
1763897511452,1.2421,0.461119,1.2421,0.461119,
1763897511493,1.2421,0.461119,1.2421,0.461119,
1763897511528,1.24209,0.46112,1.24209,0.46112,
1763897511561,1.24209,0.46112,1.24209,0.46112,
1763897511607,1.24209,0.461121,1.24209,0.461121,
1763897511646,1.24209,0.461121,1.24209,0.461121,
1763897511677,1.24209,0.461121,1.24209,0.461121,
1763897511724,1.24209,0.461122,1.24209,0.461122,
1763897511754,1.24209,0.461122,1.24209,0.461122,
1763897511791,1.24209,0.461122,1.24209,0.461122,
1763897511833,1.24208,0.461123,1.24208,0.461123,
1763897511871,1.24208,0.461123,1.24208,0.461123,
1763897511904,1.24208,0.461124,1.24208,0.461124,
1763897511938,1.24208,0.461124,1.24208,0.461124,
1763897511974,1.24208,0.461124,1.24208,0.461124,
1763897512024,1.24208,0.461125,1.24208,0.461125,
1763897512072,1.24208,0.461125,1.24208,0.461125,
1763897512114,1.24208,0.461125,1.24208,0.461125,
1763897512162,1.24207,0.461126,1.24207,0.461126,
1763897512190,1.24207,0.461126,1.24207,0.461126,
1763897512230,1.24207,0.461127,1.24207,0.461127,
1763897512267,1.24207,0.461127,1.24207,0.461127,
1763897512311,1.24207,0.461128,1.24207,0.461128,
1763897512348,1.24207,0.461128,1.24207,0.461128,
1763897512384,1.24207,0.461128,1.24207,0.461128,
1763897512439,1.24207,0.461129,1.24207,0.461129,
1763897512465,1.24206,0.461129,1.24206,0.461129,
1763897512503,1.24206,0.461129,1.24206,0.461129,
1763897512532,1.24206,0.46113,1.24206,0.46113,
1763897512578,1.24206,0.46113,1.24206,0.46113,
1763897512610,1.24206,0.461131,1.24206,0.461131,
1763897512650,1.24206,0.461131,1.24206,0.461131,
1763897512692,1.24206,0.461131,1.24206,0.461131,
1763897512725,1.24205,0.461132,1.24205,0.461132,
1763897512773,1.24205,0.461132,1.24205,0.461132,
1763897512816,1.24205,0.461132,1.24205,0.461132,
1763897512860,1.24205,0.461133,1.24205,0.461133,
1763897512902,1.24205,0.461133,1.24205,0.461133,
1763897512945,1.24205,0.461134,1.24205,0.461134,
1763897512982,1.24205,0.461134,1.24205,0.461134,
1763897513027,1.24205,0.461135,1.24205,0.461135,
1763897513073,1.24205,0.461135,1.24205,0.461135,
1763897513121,1.24204,0.461135,1.24204,0.461135,
1763897513192,1.24204,0.461136,1.24204,0.461136,
1763897513246,1.24204,0.461136,1.24204,0.461136,
1763897513307,1.24204,0.461137,1.24204,0.461137,
1763897513352,1.24204,0.461137,1.24204,0.461137,
1763897513395,1.24204,0.461137,1.24204,0.461137,
1763897513436,1.24204,0.461138,1.24204,0.461138,
1763897513474,1.24203,0.461138,1.24203,0.461138,
1763897513505,1.24203,0.461138,1.24203,0.461139,
1763897513547,1.24203,0.461139,1.24203,0.461139,
1763897513580,1.24203,0.461139,1.24203,0.461139,
1763897513621,1.24203,0.46114,1.24203,0.46114,
1763897513666,1.24203,0.46114,1.24203,0.46114,
1763897513693,1.24203,0.461141,1.24203,0.461141,
1763897513735,1.24203,0.461141,1.24203,0.461141,
1763897513771,1.24203,0.461141,1.24202,0.461141,
1763897513804,1.24202,0.461142,1.24202,0.461142,
1763897513843,1.24202,0.461142,1.24202,0.461142,
1763897513892,1.24202,0.461143,1.24202,0.461143,
1763897513925,1.24202,0.461143,1.24202,0.461143,
1763897513955,1.24202,0.461143,1.24202,0.461143,
1763897513996,1.24202,0.461144,1.24202,0.461144,
1763897514032,1.24202,0.461144,1.24202,0.461144,
1763897514069,1.24201,0.461144,1.24201,0.461144,
1763897514116,1.24201,0.461145,1.24201,0.461145,
1763897514165,1.24201,0.461145,1.24201,0.461145,
1763897514196,1.24201,0.461146,1.24201,0.461146,
1763897514236,1.24201,0.461146,1.24201,0.461146,
1763897514272,1.24201,0.461146,1.24201,0.461146,
1763897514307,1.24201,0.461147,1.24201,0.461147,
1763897514359,1.24201,0.461147,1.24201,0.461147,
1763897514393,1.242,0.461147,1.242,0.461147,
1763897514439,1.242,0.461148,1.242,0.461148,
1763897514479,1.242,0.461148,1.242,0.461148,
1763897514511,1.242,0.461149,1.242,0.461149,
1763897514568,1.242,0.461149,1.242,0.461149,
1763897514589,1.242,0.46115,1.242,0.46115,
1763897514635,1.242,0.46115,1.242,0.46115,
1763897514682,1.242,0.46115,1.242,0.46115,
1763897514712,1.24199,0.461151,1.24199,0.461151,
1763897514747,1.24199,0.461151,1.24199,0.461151,
1763897514788,1.24199,0.461152,1.24199,0.461152,
1763897514831,1.24199,0.461152,1.24199,0.461152,
1763897514859,1.24199,0.461152,1.24199,0.461152,
1763897514893,1.24199,0.461153,1.24199,0.461153,
1763897514939,1.24199,0.461153,1.24199,0.461153,
1763897514967,1.24199,0.461153,1.24199,0.461153,
1763897515009,1.24198,0.461154,1.24198,0.461154,
1763897515052,1.24198,0.461154,1.24198,0.461154,
1763897515089,1.24198,0.461155,1.24198,0.461155,
1763897515130,1.24198,0.461155,1.24198,0.461155,
1763897515191,1.24198,0.461155,1.24198,0.461156,
1763897515247,1.24198,0.461156,1.24198,0.461156,
1763897515288,1.24198,0.461156,1.24198,0.461156,
1763897515318,1.24198,0.461156,1.24198,0.461156,
1763897515359,1.24197,0.461157,1.24197,0.461157,
1763897515394,1.24197,0.461157,1.24197,0.461157,
1763897515455,1.24197,0.461158,1.24197,0.461158,
1763897515490,1.24197,0.461158,1.24197,0.461158,
1763897515526,1.24197,0.461159,1.24197,0.461159,
1763897515573,1.24197,0.461159,1.24197,0.461159,
1763897515604,1.24197,0.461159,1.24197,0.461159,
1763897515645,1.24197,0.461159,1.24197,0.46116,
1763897515699,1.24196,0.46116,1.24196,0.46116,
1763897515726,1.24196,0.461161,1.24196,0.461161,
1763897515763,1.24196,0.461161,1.24196,0.461161,
1763897515811,1.24196,0.461161,1.24196,0.461161,
1763897515843,1.24196,0.461162,1.24196,0.461162,
1763897515891,1.24196,0.461162,1.24196,0.461162,
1763897515933,1.24196,0.461162,1.24196,0.461162,
1763897515958,1.24196,0.461163,1.24196,0.461163,
1763897516004,1.24195,0.461163,1.24195,0.461163,
1763897516040,1.24195,0.461164,1.24195,0.461164,
1763897516089,1.24195,0.461164,1.24195,0.461164,
1763897516116,1.24195,0.461165,1.24195,0.461165,
1763897516154,1.24195,0.461165,1.24195,0.461165,
1763897516187,1.24195,0.461165,1.24195,0.461165,
1763897516227,1.24195,0.461166,1.24195,0.461166,
1763897516275,1.24195,0.461166,1.24195,0.461166,
1763897516322,1.24194,0.461166,1.24194,0.461166,
1763897516357,1.24194,0.461167,1.24194,0.461167,
1763897516396,1.24194,0.461167,1.24194,0.461167,
1763897516434,1.24194,0.461168,1.24194,0.461168,
1763897516472,1.24194,0.461168,1.24194,0.461168,
1763897516506,1.24194,0.461168,1.24194,0.461168,
1763897516549,1.24194,0.461169,1.24194,0.461169,
1763897516593,1.24194,0.461169,1.24194,0.461169,
1763897516639,1.24193,0.46117,1.24193,0.46117,
1763897516671,1.24193,0.46117,1.24193,0.46117,
1763897516710,1.24193,0.46117,1.24193,0.46117,
1763897516753,1.24193,0.461171,1.24193,0.461171,
1763897516792,1.24193,0.461171,1.24193,0.461171,
1763897516834,1.24193,0.461172,1.24193,0.461172,
1763897516877,1.24193,0.461172,1.24193,0.461172,
1763897516906,1.24193,0.461172,1.24193,0.461172,
1763897516943,1.24192,0.461173,1.24192,0.461173,
1763897516987,1.24192,0.461173,1.24192,0.461173,
1763897517021,1.24192,0.461173,1.24192,0.461173,
1763897517063,1.24192,0.461174,1.24192,0.461174,
1763897517098,1.24192,0.461174,1.24192,0.461174,
1763897517139,1.24192,0.461175,1.24192,0.461175,
1763897517173,1.24192,0.461175,1.24192,0.461175,
1763897517212,1.24192,0.461176,1.24192,0.461176,
1763897517246,1.24191,0.461176,1.24191,0.461176,
1763897517284,1.24191,0.461176,1.24191,0.461176,
1763897517323,1.24191,0.461177,1.24191,0.461177,
1763897517366,1.24191,0.461177,1.24191,0.461177,
1763897517409,1.24191,0.461178,1.24191,0.461178,
1763897517456,1.24191,0.461178,1.24191,0.461178,
1763897517488,1.24191,0.461179,1.24191,0.461179,
1763897517524,1.24191,0.461179,1.24191,0.461179,
1763897517560,1.2419,0.461179,1.2419,0.461179,
1763897517593,1.2419,0.461179,1.2419,0.461179,
1763897517639,1.2419,0.46118,1.2419,0.46118,
1763897517679,1.2419,0.46118,1.2419,0.46118,
1763897517709,1.2419,0.461181,1.2419,0.461181,
1763897517753,1.2419,0.461181,1.2419,0.461181,
1763897517796,1.2419,0.461182,1.2419,0.461182,
1763897517824,1.2419,0.461182,1.2419,0.461182,
1763897517854,1.24189,0.461182,1.24189,0.461182,
1763897517882,1.24189,0.461183,1.24189,0.461183,
1763897517917,1.24189,0.461183,1.24189,0.461183,
1763897517955,1.24189,0.461183,1.24189,0.461183,
1763897517988,1.24189,0.461184,1.24189,0.461184,
1763897518031,1.24189,0.461184,1.24189,0.461184,
1763897518063,1.24189,0.461185,1.24189,0.461185,
1763897518098,1.24189,0.461185,1.24189,0.461185,
1763897518134,1.24188,0.461185,1.24188,0.461185,
1763897518178,1.24188,0.461186,1.24188,0.461186,
1763897518212,1.24188,0.461186,1.24188,0.461186,
1763897518244,1.24188,0.461187,1.24188,0.461187,
1763897518293,1.24188,0.461187,1.24188,0.461187,
1763897518325,1.24188,0.461187,1.24188,0.461187,
1763897518359,1.24188,0.461188,1.24188,0.461188,
1763897518393,1.24188,0.461188,1.24188,0.461188,
1763897518428,1.24187,0.461189,1.24187,0.461189,
1763897518467,1.24187,0.461189,1.24187,0.461189,
1763897518500,1.24187,0.461189,1.24187,0.461189,
1763897518538,1.24187,0.46119,1.24187,0.46119,
1763897518575,1.24187,0.46119,1.24187,0.46119,
1763897518609,1.24187,0.461191,1.24187,0.461191,
1763897518640,1.24187,0.461191,1.24187,0.461191,
1763897518675,1.24187,0.461191,1.24187,0.461191,
1763897518715,1.24186,0.461192,1.24186,0.461192,
1763897518753,1.24186,0.461192,1.24186,0.461192,
1763897518791,1.24186,0.461192,1.24186,0.461192,
1763897518842,1.24186,0.461193,1.24186,0.461193,
1763897518878,1.24186,0.461193,1.24186,0.461193,
1763897518913,1.24186,0.461194,1.24186,0.461194,
1763897518960,1.24186,0.461194,1.24186,0.461194,
1763897518996,1.24186,0.461195,1.24186,0.461195,
1763897519036,1.24185,0.461195,1.24185,0.461195,
1763897519075,1.24185,0.461195,1.24185,0.461195,
1763897519103,1.24185,0.461196,1.24185,0.461196,
1763897519150,1.24185,0.461196,1.24185,0.461196,
1763897519191,1.24185,0.461196,1.24185,0.461196,
1763897519225,1.24185,0.461197,1.24185,0.461197,
1763897519269,1.24185,0.461197,1.24185,0.461197,
1763897519303,1.24185,0.461198,1.24185,0.461198,
1763897519341,1.24184,0.461198,1.24184,0.461198,
1763897519370,1.24184,0.461198,1.24184,0.461198,
1763897519405,1.24184,0.461199,1.24184,0.461199,
1763897519451,1.24184,0.461199,1.24184,0.461199,
1763897519484,1.24184,0.4612,1.24184,0.4612,
1763897519519,1.24184,0.4612,1.24184,0.4612,
1763897519558,1.24184,0.4612,1.24184,0.4612,
1763897519593,1.24184,0.461201,1.24184,0.461201,
1763897519631,1.24183,0.461201,1.24183,0.461201,
1763897519674,1.24183,0.461202,1.24183,0.461202,
1763897519702,1.24183,0.461202,1.24183,0.461202,
1763897519739,1.24183,0.461202,1.24183,0.461202,
1763897519778,1.24183,0.461203,1.24183,0.461203,
1763897519810,1.24183,0.461203,1.24183,0.461203,
1763897519858,1.24183,0.461204,1.24183,0.461204,
1763897519892,1.24183,0.461204,1.24183,0.461204,
1763897519923,1.24182,0.461204,1.24182,0.461204,
1763897519964,1.24182,0.461205,1.24182,0.461205,
1763897520004,1.24182,0.461205,1.24182,0.461205,
1763897520046,1.24182,0.461206,1.24182,0.461206,
1763897520085,1.24182,0.461206,1.24182,0.461206,
1763897520129,1.24182,0.461206,1.24182,0.461206,
1763897520167,1.24182,0.461207,1.24182,0.461207,
1763897520195,1.24182,0.461207,1.24182,0.461207,
1763897520238,1.24181,0.461208,1.24181,0.461208,
1763897520274,1.24181,0.461208,1.24181,0.461208,
1763897520314,1.24181,0.461208,1.24181,0.461208,
1763897520346,1.24181,0.461208,1.24181,0.461208,
1763897520384,1.24181,0.461209,1.24181,0.461209,
1763897520420,1.24181,0.461209,1.24181,0.461209,
1763897520459,1.24181,0.46121,1.24181,0.46121,
1763897520509,1.24181,0.46121,1.24181,0.46121,
1763897520542,1.2418,0.461211,1.2418,0.461211,
1763897520584,1.2418,0.461211,1.2418,0.461211,
1763897520618,1.2418,0.461211,1.2418,0.461211,
1763897520656,1.2418,0.461212,1.2418,0.461212,
1763897520688,1.2418,0.461212,1.2418,0.461212,
1763897520734,1.2418,0.461213,1.2418,0.461213,
1763897520781,1.2418,0.461213,1.2418,0.461213,
1763897520827,1.2418,0.461214,1.2418,0.461214,
1763897520856,1.24179,0.461214,1.24179,0.461214,
1763897520890,1.24179,0.461214,1.24179,0.461214,
1763897520920,1.24179,0.461214,1.24179,0.461214,
1763897520961,1.24179,0.461215,1.24179,0.461215,
1763897520993,1.24179,0.461215,1.24179,0.461215,
1763897521031,1.24179,0.461216,1.24179,0.461216,
1763897521071,1.24179,0.461216,1.24179,0.461216,
1763897521119,1.24179,0.461217,1.24179,0.461217,
1763897521154,1.24178,0.461217,1.24178,0.461217,
1763897521186,1.24178,0.461217,1.24178,0.461217,
1763897521226,1.24178,0.461217,1.24178,0.461218,
1763897521260,1.24178,0.461218,1.24178,0.461218,
1763897521298,1.24178,0.461219,1.24178,0.461218,
1763897521337,1.24178,0.461219,1.24178,0.461219,
1763897521372,1.24178,0.461219,1.24178,0.461219,
1763897521412,1.24178,0.46122,1.24178,0.46122,
1763897521447,1.24177,0.46122,1.24177,0.46122,
1763897521498,1.24177,0.461221,1.24177,0.461221,
1763897521525,1.24177,0.461221,1.24177,0.461221,
1763897521569,1.24177,0.461221,1.24177,0.461221,
1763897521597,1.24177,0.461222,1.24177,0.461222,
1763897521633,1.24177,0.461222,1.24177,0.461222,
1763897521682,1.24177,0.461222,1.24177,0.461222,
1763897521708,1.24177,0.461223,1.24177,0.461223,
1763897521747,1.24176,0.461223,1.24176,0.461223,
1763897521789,1.24176,0.461224,1.24176,0.461224,
1763897521818,1.24176,0.461224,1.24176,0.461224,
1763897521854,1.24176,0.461224,1.24176,0.461224,
1763897521898,1.24176,0.461225,1.24176,0.461225,
1763897521935,1.24176,0.461225,1.24176,0.461225,
1763897521985,1.24176,0.461226,1.24176,0.461226,
1763897522024,1.24176,0.461226,1.24176,0.461226,
1763897522057,1.24175,0.461226,1.24175,0.461226,
1763897522105,1.24175,0.461227,1.24175,0.461227,
1763897522132,1.24175,0.461227,1.24175,0.461227,
1763897522176,1.24175,0.461228,1.24175,0.461228,
1763897522215,1.24175,0.461228,1.24175,0.461228,
1763897522244,1.24175,0.461228,1.24175,0.461228,
1763897522288,1.24175,0.461229,1.24175,0.461229,
1763897522319,1.24175,0.461229,1.24175,0.461229,
1763897522366,1.24174,0.46123,1.24174,0.46123,
1763897522404,1.24174,0.46123,1.24174,0.46123,
1763897522443,1.24174,0.46123,1.24174,0.46123,
1763897522477,1.24174,0.461231,1.24174,0.461231,
1763897522526,1.24174,0.461231,1.24174,0.461231,
1763897522556,1.24174,0.461232,1.24174,0.461232,
1763897522593,1.24174,0.461232,1.24174,0.461232,
1763897522634,1.24174,0.461232,1.24174,0.461232,
1763897522667,1.24173,0.461233,1.24173,0.461233,
1763897522708,1.24173,0.461233,1.24173,0.461233,
1763897522755,1.24173,0.461233,1.24173,0.461234,
1763897522799,1.24173,0.461234,1.24173,0.461234,
1763897522825,1.24173,0.461234,1.24173,0.461234,
1763897522869,1.24173,0.461235,1.24173,0.461235,
1763897522902,1.24173,0.461235,1.24173,0.461235,
1763897522944,1.24173,0.461236,1.24173,0.461236,
1763897522988,1.24172,0.461236,1.24172,0.461236,
1763897523024,1.24172,0.461236,1.24172,0.461236,
1763897523057,1.24172,0.461236,1.24172,0.461236,
1763897523092,1.24172,0.461237,1.24172,0.461237,
1763897523126,1.24172,0.461237,1.24172,0.461237,
1763897523163,1.24172,0.461238,1.24172,0.461238,
1763897523198,1.24172,0.461238,1.24172,0.461238,
1763897523235,1.24172,0.461239,1.24172,0.461239,
1763897523279,1.24171,0.461239,1.24171,0.461239,
1763897523329,1.24171,0.46124,1.24171,0.46124,
1763897523359,1.24171,0.46124,1.24171,0.46124,
1763897523405,1.24171,0.46124,1.24171,0.46124,
1763897523434,1.24171,0.461241,1.24171,0.461241,
1763897523468,1.24171,0.461241,1.24171,0.461241,
1763897523509,1.24171,0.461241,1.24171,0.461241,
1763897523545,1.24171,0.461242,1.24171,0.461242,
1763897523588,1.2417,0.461242,1.2417,0.461242,
1763897523617,1.2417,0.461243,1.2417,0.461243,
1763897523658,1.2417,0.461243,1.2417,0.461243,
1763897523710,1.2417,0.461243,1.2417,0.461243,
1763897523751,1.2417,0.461244,1.2417,0.461244,
1763897523776,1.2417,0.461244,1.2417,0.461244,
1763897523816,1.2417,0.461245,1.2417,0.461244,
1763897523854,1.2417,0.461245,1.2417,0.461245,
1763897523895,1.24169,0.461245,1.24169,0.461245,
1763897523936,1.24169,0.461246,1.24169,0.461246,
1763897523975,1.24169,0.461246,1.24169,0.461246,
1763897524011,1.24169,0.461247,1.24169,0.461247,
1763897524049,1.24169,0.461247,1.24169,0.461247,
1763897524083,1.24169,0.461247,1.24169,0.461247,
1763897524124,1.24169,0.461248,1.24169,0.461248,
1763897524163,1.24169,0.461248,1.24169,0.461248,
1763897524205,1.24168,0.461248,1.24168,0.461248,
1763897524255,1.24168,0.461249,1.24168,0.461249,
1763897524289,1.24168,0.461249,1.24168,0.461249,
1763897524327,1.24168,0.46125,1.24168,0.46125,
1763897524366,1.24168,0.46125,1.24168,0.46125,
1763897524407,1.24168,0.46125,1.24168,0.46125,
1763897524433,1.24168,0.461251,1.24168,0.461251,
1763897524475,1.24168,0.461251,1.24168,0.461251,
1763897524506,1.24167,0.461251,1.24167,0.461252,
1763897524546,1.24167,0.461252,1.24167,0.461252,
1763897524592,1.24167,0.461252,1.24167,0.461252,
1763897524628,1.24167,0.461253,1.24167,0.461253,
1763897524657,1.24167,0.461253,1.24167,0.461253,
1763897524702,1.24167,0.461254,1.24167,0.461254,
1763897524742,1.24167,0.461254,1.24167,0.461254,
1763897524777,1.24167,0.461254,1.24167,0.461254,
1763897524818,1.24166,0.461255,1.24166,0.461255,
1763897524856,1.24166,0.461255,1.24166,0.461255,
1763897524900,1.24166,0.461255,1.24166,0.461255,
1763897524935,1.24166,0.461256,1.24166,0.461256,
1763897524966,1.24166,0.461256,1.24166,0.461256,
1763897525002,1.24166,0.461257,1.24166,0.461257,
1763897525043,1.24166,0.461257,1.24166,0.461257,
1763897525077,1.24166,0.461258,1.24166,0.461258,
1763897525126,1.24165,0.461258,1.24165,0.461258,
1763897525173,1.24165,0.461258,1.24165,0.461258,
1763897525207,1.24165,0.461259,1.24165,0.461259,
1763897525238,1.24165,0.461259,1.24165,0.461259,
1763897525280,1.24165,0.46126,1.24165,0.461259,
1763897525330,1.24165,0.46126,1.24165,0.46126,
1763897525354,1.24165,0.46126,1.24165,0.46126,
1763897525392,1.24165,0.461261,1.24165,0.461261,
1763897525428,1.24164,0.461261,1.24164,0.461261,
1763897525464,1.24164,0.461261,1.24164,0.461261,
1763897525504,1.24164,0.461262,1.24164,0.461262,
1763897525544,1.24164,0.461262,1.24164,0.461262,
1763897525580,1.24164,0.461263,1.24164,0.461263,
1763897525616,1.24164,0.461263,1.24164,0.461263,
1763897525660,1.24164,0.461264,1.24164,0.461264,
1763897525700,1.24164,0.461264,1.24164,0.461264,
1763897525734,1.24163,0.461264,1.24163,0.461264,
1763897525771,1.24163,0.461265,1.24163,0.461265,
1763897525812,1.24163,0.461265,1.24163,0.461265,
1763897525853,1.24163,0.461265,1.24163,0.461265,
1763897525900,1.24163,0.461266,1.24163,0.461266,
1763897525935,1.24163,0.461266,1.24163,0.461266,
1763897525971,1.24163,0.461267,1.24163,0.461267,
1763897526015,1.24162,0.461267,1.24163,0.461267,
1763897526054,1.24162,0.461267,1.24162,0.461267,
1763897526091,1.24162,0.461268,1.24162,0.461268,
1763897526120,1.24162,0.461268,1.24162,0.461268,
1763897526159,1.24162,0.461268,1.24162,0.461268,
1763897526195,1.24162,0.461269,1.24162,0.461269,
1763897526234,1.24162,0.461269,1.24162,0.461269,
1763897526282,1.24162,0.46127,1.24162,0.46127,
1763897526320,1.24161,0.46127,1.24161,0.46127,
1763897526360,1.24161,0.461271,1.24161,0.461271,
1763897526393,1.24161,0.461271,1.24161,0.461271,
1763897526440,1.24161,0.461271,1.24161,0.461271,
1763897526472,1.24161,0.461272,1.24161,0.461272,
1763897526512,1.24161,0.461272,1.24161,0.461272,
1763897526551,1.24161,0.461273,1.24161,0.461273,
1763897526588,1.24161,0.461273,1.24161,0.461273,
1763897526628,1.2416,0.461273,1.2416,0.461273,
1763897526667,1.2416,0.461273,1.2416,0.461274,
1763897526702,1.2416,0.461274,1.2416,0.461274,
1763897526740,1.2416,0.461274,1.2416,0.461274,
1763897526769,1.2416,0.461275,1.2416,0.461275,
1763897526811,1.2416,0.461275,1.2416,0.461275,
1763897526865,1.2416,0.461276,1.2416,0.461276,
1763897526896,1.2416,0.461276,1.2416,0.461276,
1763897526931,1.24159,0.461276,1.24159,0.461276,
1763897526971,1.24159,0.461277,1.24159,0.461277,
1763897527004,1.24159,0.461277,1.24159,0.461277,
1763897527045,1.24159,0.461278,1.24159,0.461278,
1763897527093,1.24159,0.461278,1.24159,0.461278,
1763897527131,1.24159,0.461278,1.24159,0.461278,
1763897527164,1.24159,0.461279,1.24159,0.461279,
1763897527206,1.24159,0.461279,1.24159,0.461279,
1763897527251,1.24158,0.46128,1.24158,0.46128,
1763897527290,1.24158,0.46128,1.24158,0.46128,
1763897527327,1.24158,0.46128,1.24158,0.46128,
1763897527361,1.24158,0.461281,1.24158,0.461281,
1763897527392,1.24158,0.461281,1.24158,0.461281,
1763897527438,1.24158,0.461281,1.24158,0.461281,
1763897527483,1.24158,0.461282,1.24158,0.461282,
1763897527520,1.24158,0.461282,1.24158,0.461282,
1763897527557,1.24157,0.461283,1.24157,0.461283,
1763897527599,1.24157,0.461283,1.24157,0.461283,
1763897527629,1.24157,0.461284,1.24157,0.461284,
1763897527678,1.24157,0.461284,1.24157,0.461284,
1763897527713,1.24157,0.461284,1.24157,0.461284,
1763897527751,1.24157,0.461285,1.24157,0.461285,
1763897527803,1.24157,0.461285,1.24157,0.461285,
1763897527839,1.24157,0.461286,1.24157,0.461285,
1763897527871,1.24156,0.461286,1.24156,0.461286,
1763897527915,1.24156,0.461286,1.24156,0.461286,
1763897527950,1.24156,0.461287,1.24156,0.461287,
1763897527989,1.24156,0.461287,1.24156,0.461287,
1763897528025,1.24156,0.461288,1.24156,0.461288,
1763897528067,1.24156,0.461288,1.24156,0.461288,
1763897528100,1.24156,0.461288,1.24156,0.461288,
1763897528147,1.24156,0.461289,1.24156,0.461289,
1763897528174,1.24155,0.461289,1.24155,0.461289,
1763897528220,1.24155,0.461289,1.24155,0.461289,
1763897528275,1.24155,0.46129,1.24155,0.46129,
1763897528312,1.24155,0.46129,1.24155,0.46129,
1763897528340,1.24155,0.461291,1.24155,0.461291,
1763897528386,1.24155,0.461291,1.24155,0.461291,
1763897528414,1.24155,0.461292,1.24155,0.461292,
1763897528455,1.24155,0.461292,1.24155,0.461292,
1763897528489,1.24154,0.461292,1.24154,0.461292,
1763897528527,1.24154,0.461293,1.24154,0.461293,
1763897528567,1.24154,0.461293,1.24154,0.461293,
1763897528612,1.24154,0.461293,1.24154,0.461293,
1763897528655,1.24154,0.461294,1.24154,0.461294,
1763897528679,1.24154,0.461294,1.24154,0.461294,
1763897528730,1.24154,0.461294,1.24154,0.461294,
1763897528765,1.24154,0.461295,1.24154,0.461295,
1763897528805,1.24153,0.461295,1.24153,0.461295,
1763897528843,1.24153,0.461296,1.24153,0.461296,
1763897528877,1.24153,0.461296,1.24153,0.461296,
1763897528921,1.24153,0.461297,1.24153,0.461297,
1763897528956,1.24153,0.461297,1.24153,0.461297,
1763897528997,1.24153,0.461297,1.24153,0.461297,
1763897529035,1.24153,0.461298,1.24153,0.461298,
1763897529073,1.24153,0.461298,1.24153,0.461298,
1763897529104,1.24152,0.461299,1.24152,0.461299,
1763897529148,1.24152,0.461299,1.24152,0.461299,
1763897529201,1.24152,0.461299,1.24152,0.461299,
1763897529234,1.24152,0.4613,1.24152,0.4613,
1763897529269,1.24152,0.4613,1.24152,0.4613,
1763897529316,1.24152,0.4613,1.24152,0.4613,
1763897529346,1.24152,0.461301,1.24152,0.461301,
1763897529381,1.24152,0.461301,1.24152,0.461301,
1763897529411,1.24151,0.461302,1.24151,0.461302,
1763897529444,1.24151,0.461302,1.24151,0.461302,
1763897529489,1.24151,0.461303,1.24151,0.461303,
1763897529530,1.24151,0.461303,1.24151,0.461303,
1763897529563,1.24151,0.461303,1.24151,0.461303,
1763897529612,1.24151,0.461304,1.24151,0.461304,
1763897529650,1.24151,0.461304,1.24151,0.461304,
1763897529690,1.24151,0.461304,1.24151,0.461304,
1763897529732,1.2415,0.461305,1.2415,0.461305,
1763897529772,1.2415,0.461305,1.2415,0.461305,
1763897529813,1.2415,0.461306,1.2415,0.461306,
1763897529844,1.2415,0.461306,1.2415,0.461306,
1763897529886,1.2415,0.461306,1.2415,0.461306,
1763897529933,1.2415,0.461307,1.2415,0.461307,
1763897529967,1.2415,0.461307,1.2415,0.461307,
1763897530000,1.2415,0.461308,1.2415,0.461308,
1763897530043,1.24149,0.461308,1.24149,0.461308,
1763897530071,1.24149,0.461308,1.24149,0.461308,
1763897530110,1.24149,0.461309,1.24149,0.461309,
1763897530150,1.24149,0.461309,1.24149,0.461309,
1763897530184,1.24149,0.46131,1.24149,0.46131,
1763897530216,1.24149,0.46131,1.24149,0.46131,
1763897530252,1.24149,0.46131,1.24149,0.46131,
1763897530285,1.24149,0.461311,1.24149,0.461311,
1763897530318,1.24148,0.461311,1.24148,0.461311,
1763897530367,1.24148,0.461311,1.24148,0.461311,
1763897530411,1.24148,0.461312,1.24148,0.461312,
1763897530438,1.24148,0.461312,1.24148,0.461312,
1763897530476,1.24148,0.461313,1.24148,0.461313,
1763897530505,1.24148,0.461313,1.24148,0.461313,
1763897530535,1.24148,0.461313,1.24148,0.461313,
1763897530572,1.24148,0.461314,1.24148,0.461314,
1763897530600,1.24147,0.461314,1.24147,0.461314,
1763897530644,1.24147,0.461315,1.24147,0.461315,
1763897530697,1.24147,0.461315,1.24147,0.461315,
1763897530736,1.24147,0.461315,1.24147,0.461315,
1763897530770,1.24147,0.461316,1.24147,0.461316,
1763897530808,1.24147,0.461316,1.24147,0.461316,
1763897530843,1.24147,0.461317,1.24147,0.461317,
1763897530899,1.24147,0.461317,1.24147,0.461317,
1763897530921,1.24146,0.461318,1.24146,0.461318,
1763897530968,1.24146,0.461318,1.24146,0.461318,
1763897531003,1.24146,0.461318,1.24146,0.461318,
1763897531032,1.24146,0.461319,1.24146,0.461319,
1763897531077,1.24146,0.461319,1.24146,0.461319,
1763897531119,1.24146,0.461319,1.24146,0.461319,
1763897531154,1.24146,0.46132,1.24146,0.46132,
1763897531183,1.24146,0.46132,1.24146,0.46132,
1763897531219,1.24145,0.46132,1.24145,0.46132,
1763897531264,1.24145,0.461321,1.24145,0.461321,
1763897531307,1.24145,0.461321,1.24145,0.461321,
1763897531340,1.24145,0.461322,1.24145,0.461322,
1763897531379,1.24145,0.461322,1.24145,0.461322,
1763897531416,1.24145,0.461323,1.24145,0.461323,
1763897531452,1.24145,0.461323,1.24145,0.461323,
1763897531485,1.24145,0.461323,1.24145,0.461323,
1763897531532,1.24144,0.461324,1.24144,0.461324,
1763897531566,1.24144,0.461324,1.24144,0.461324,
1763897531603,1.24144,0.461324,1.24144,0.461324,
1763897531640,1.24144,0.461325,1.24144,0.461325,
1763897531683,1.24144,0.461325,1.24144,0.461325,
1763897531708,1.24144,0.461326,1.24144,0.461326,
1763897531756,1.24144,0.461326,1.24144,0.461326,
1763897531798,1.24144,0.461326,1.24144,0.461326,
1763897531834,1.24143,0.461327,1.24143,0.461327,
1763897531871,1.24143,0.461327,1.24143,0.461327,
1763897531902,1.24143,0.461328,1.24143,0.461328,
1763897531935,1.24143,0.461328,1.24143,0.461328,
1763897531981,1.24143,0.461328,1.24143,0.461328,
1763897532017,1.24143,0.461329,1.24143,0.461329,
1763897532054,1.24143,0.461329,1.24143,0.461329,
1763897532092,1.24143,0.46133,1.24143,0.46133,
1763897532132,1.24142,0.46133,1.24142,0.46133,
1763897532176,1.24142,0.46133,1.24142,0.46133,
1763897532215,1.24142,0.461331,1.24142,0.461331,
1763897532258,1.24142,0.461331,1.24142,0.461331,
1763897532303,1.24142,0.461332,1.24142,0.461332,
1763897532336,1.24142,0.461332,1.24142,0.461332,
1763897532368,1.24142,0.461332,1.24142,0.461332,
1763897532410,1.24142,0.461333,1.24142,0.461333,
1763897532459,1.24141,0.461333,1.24141,0.461333,
1763897532489,1.24141,0.461334,1.24141,0.461334,
1763897532525,1.24141,0.461334,1.24141,0.461334,
1763897532560,1.24141,0.461334,1.24141,0.461334,
1763897532599,1.24141,0.461335,1.24141,0.461335,
1763897532650,1.24141,0.461335,1.24141,0.461335,
1763897532691,1.24141,0.461335,1.24141,0.461336,
1763897532721,1.24141,0.461336,1.24141,0.461336,
1763897532755,1.2414,0.461336,1.2414,0.461336,
1763897532793,1.2414,0.461337,1.2414,0.461337,
1763897532828,1.2414,0.461337,1.2414,0.461337,
1763897532868,1.2414,0.461338,1.2414,0.461338,
1763897532905,1.2414,0.461338,1.2414,0.461338,
1763897532939,1.2414,0.461338,1.2414,0.461338,
1763897532975,1.2414,0.461339,1.2414,0.461339,
1763897533015,1.2414,0.461339,1.2414,0.461339,
1763897533054,1.24139,0.46134,1.24139,0.46134,
1763897533099,1.24139,0.46134,1.24139,0.46134,
1763897533130,1.24139,0.46134,1.24139,0.46134,
1763897533161,1.24139,0.461341,1.24139,0.461341,
1763897533197,1.24139,0.461341,1.24139,0.461341,
1763897533238,1.24139,0.461341,1.24139,0.461341,
1763897533270,1.24139,0.461342,1.24139,0.461342,
1763897533300,1.24139,0.461342,1.24139,0.461342,
1763897533338,1.24138,0.461343,1.24138,0.461343,
1763897533374,1.24138,0.461343,1.24138,0.461343,
1763897533410,1.24138,0.461343,1.24138,0.461343,
1763897533454,1.24138,0.461344,1.24138,0.461344,
1763897533495,1.24138,0.461344,1.24138,0.461344,
1763897533530,1.24138,0.461345,1.24138,0.461345,
1763897533568,1.24138,0.461345,1.24138,0.461345,
1763897533599,1.24138,0.461345,1.24138,0.461345,
1763897533647,1.24137,0.461346,1.24137,0.461346,
1763897533686,1.24137,0.461346,1.24137,0.461346,
1763897533724,1.24137,0.461347,1.24137,0.461347,
1763897533763,1.24137,0.461347,1.24137,0.461347,
1763897533795,1.24137,0.461347,1.24137,0.461347,
1763897533842,1.24137,0.461348,1.24137,0.461348,
1763897533883,1.24137,0.461348,1.24137,0.461348,
1763897533925,1.24137,0.461348,1.24137,0.461349,
1763897533973,1.24136,0.461349,1.24136,0.461349,
1763897534020,1.24136,0.461349,1.24136,0.461349,
1763897534049,1.24136,0.46135,1.24136,0.46135,
1763897534084,1.24136,0.46135,1.24136,0.46135,
1763897534134,1.24136,0.461351,1.24136,0.461351,
1763897534162,1.24136,0.461351,1.24136,0.461351,
1763897534203,1.24136,0.461351,1.24136,0.461351,
1763897534243,1.24136,0.461352,1.24136,0.461352,
1763897534285,1.24135,0.461352,1.24135,0.461352,
1763897534313,1.24135,0.461352,1.24135,0.461352,
1763897534348,1.24135,0.461353,1.24135,0.461353,
1763897534394,1.24135,0.461353,1.24135,0.461353,
1763897534431,1.24135,0.461354,1.24135,0.461354,
1763897534461,1.24135,0.461354,1.24135,0.461354,
1763897534502,1.24135,0.461355,1.24135,0.461355,
1763897534536,1.24135,0.461355,1.24135,0.461355,
1763897534575,1.24134,0.461355,1.24134,0.461355,
1763897534619,1.24134,0.461356,1.24134,0.461356,
1763897534657,1.24134,0.461356,1.24134,0.461356,
1763897534696,1.24134,0.461356,1.24134,0.461356,
1763897534736,1.24134,0.461357,1.24134,0.461357,
1763897534775,1.24134,0.461357,1.24134,0.461357,
1763897534801,1.24134,0.461358,1.24134,0.461358,
1763897534842,1.24134,0.461358,1.24134,0.461358,
1763897534876,1.24133,0.461358,1.24133,0.461358,
1763897534919,1.24133,0.461359,1.24133,0.461359,
1763897534947,1.24133,0.461359,1.24133,0.461359,
1763897534987,1.24133,0.46136,1.24133,0.46136,
1763897535027,1.24133,0.46136,1.24133,0.46136,
1763897535056,1.24133,0.46136,1.24133,0.46136,
1763897535095,1.24133,0.461361,1.24133,0.461361,
1763897535139,1.24133,0.461361,1.24133,0.461361,
1763897535172,1.24132,0.461362,1.24132,0.461362,
1763897535213,1.24132,0.461362,1.24132,0.461362,
1763897535248,1.24132,0.461362,1.24132,0.461362,
1763897535288,1.24132,0.461363,1.24132,0.461363,
1763897535314,1.24132,0.461363,1.24132,0.461363,
1763897535355,1.24132,0.461363,1.24132,0.461363,
1763897535393,1.24132,0.461364,1.24132,0.461364,
1763897535444,1.24132,0.461364,1.24132,0.461364,
1763897535484,1.24131,0.461365,1.24131,0.461365,
1763897535515,1.24131,0.461365,1.24131,0.461365,
1763897535548,1.24131,0.461365,1.24131,0.461365,
1763897535588,1.24131,0.461366,1.24131,0.461366,
1763897535627,1.24131,0.461366,1.24131,0.461366,
1763897535656,1.24131,0.461367,1.24131,0.461367,
1763897535701,1.24131,0.461367,1.24131,0.461367,
1763897535744,1.24131,0.461367,1.24131,0.461367,
1763897535783,1.2413,0.461368,1.2413,0.461368,
1763897535815,1.2413,0.461368,1.2413,0.461368,
1763897535851,1.2413,0.461368,1.2413,0.461368,
1763897535886,1.2413,0.461369,1.2413,0.461369,
1763897535921,1.2413,0.461369,1.2413,0.461369,
1763897535958,1.2413,0.46137,1.2413,0.46137,
1763897535990,1.2413,0.46137,1.2413,0.46137,
1763897536023,1.2413,0.461371,1.2413,0.461371,
1763897536063,1.24129,0.461371,1.24129,0.461371,
1763897536095,1.24129,0.461372,1.24129,0.461372,
1763897536135,1.24129,0.461372,1.24129,0.461372,
1763897536177,1.24129,0.461372,1.24129,0.461372,
1763897536224,1.24129,0.461372,1.24129,0.461373,
1763897536251,1.24129,0.461373,1.24129,0.461373,
1763897536299,1.24129,0.461373,1.24129,0.461373,
1763897536334,1.24129,0.461374,1.24129,0.461374,
1763897536382,1.24128,0.461374,1.24128,0.461374,
1763897536420,1.24128,0.461375,1.24128,0.461375,
1763897536461,1.24128,0.461375,1.24128,0.461375,
1763897536494,1.24128,0.461375,1.24128,0.461375,
1763897536528,1.24128,0.461376,1.24128,0.461376,
1763897536570,1.24128,0.461376,1.24128,0.461376,
1763897536608,1.24128,0.461377,1.24128,0.461377,
1763897536647,1.24128,0.461377,1.24128,0.461377,
1763897536693,1.24127,0.461377,1.24127,0.461377,
1763897536736,1.24127,0.461378,1.24127,0.461378,
1763897536780,1.24127,0.461378,1.24127,0.461378,
1763897536814,1.24127,0.461378,1.24127,0.461378,
1763897536846,1.24127,0.461379,1.24127,0.461379,
1763897536883,1.24127,0.461379,1.24127,0.461379,
1763897536913,1.24127,0.461379,1.24127,0.46138,
1763897536950,1.24127,0.46138,1.24127,0.46138,
1763897536993,1.24126,0.46138,1.24126,0.46138,
1763897537041,1.24126,0.461381,1.24126,0.461381,
1763897537072,1.24126,0.461381,1.24126,0.461381,
1763897537126,1.24126,0.461382,1.24126,0.461382,
1763897537164,1.24126,0.461382,1.24126,0.461382,
1763897537207,1.24126,0.461382,1.24126,0.461382,
1763897537235,1.24126,0.461383,1.24126,0.461383,
1763897537269,1.24126,0.461383,1.24126,0.461383,
1763897537308,1.24125,0.461384,1.24125,0.461384,
1763897537341,1.24125,0.461384,1.24125,0.461384,
1763897537383,1.24125,0.461384,1.24125,0.461384,
1763897537419,1.24125,0.461385,1.24125,0.461385,
1763897537455,1.24125,0.461385,1.24125,0.461385,
1763897537495,1.24125,0.461386,1.24125,0.461386,
1763897537538,1.24125,0.461386,1.24125,0.461386,
1763897537573,1.24125,0.461386,1.24125,0.461386,
1763897537601,1.24124,0.461387,1.24124,0.461387,
1763897537642,1.24124,0.461387,1.24124,0.461387,
1763897537676,1.24124,0.461387,1.24124,0.461388,
1763897537709,1.24124,0.461388,1.24124,0.461388,
1763897537748,1.24124,0.461388,1.24124,0.461388,
1763897537788,1.24124,0.461389,1.24124,0.461389,
1763897537815,1.24124,0.461389,1.24124,0.461389,
1763897537849,1.24124,0.461389,1.24124,0.461389,
1763897537889,1.24123,0.46139,1.24123,0.46139,
1763897537929,1.24123,0.46139,1.24123,0.46139,
1763897537968,1.24123,0.461391,1.24123,0.461391,
1763897538003,1.24123,0.461391,1.24123,0.461391,
1763897538038,1.24123,0.461392,1.24123,0.461392,
1763897538073,1.24123,0.461392,1.24123,0.461392,
1763897538110,1.24123,0.461392,1.24123,0.461392,
1763897538147,1.24123,0.461393,1.24123,0.461393,
1763897538185,1.24122,0.461393,1.24122,0.461393,
1763897538223,1.24122,0.461393,1.24122,0.461393,
1763897538253,1.24122,0.461394,1.24122,0.461394,
1763897538306,1.24122,0.461394,1.24122,0.461394,
1763897538352,1.24122,0.461395,1.24122,0.461395,
1763897538402,1.24122,0.461395,1.24122,0.461395,
1763897538452,1.24122,0.461395,1.24122,0.461395,
1763897538502,1.24122,0.461396,1.24122,0.461396,
1763897538551,1.24121,0.461396,1.24121,0.461396,
1763897538573,1.24121,0.461397,1.24121,0.461397,
1763897538612,1.24121,0.461397,1.24121,0.461397,
1763897538649,1.24121,0.461398,1.24121,0.461398,
1763897538678,1.24121,0.461398,1.24121,0.461398,
1763897538712,1.24121,0.461398,1.24121,0.461398,
1763897538751,1.24121,0.461399,1.24121,0.461399,
1763897538789,1.24121,0.461399,1.24121,0.461399,
1763897538822,1.2412,0.461399,1.2412,0.461399,
1763897538856,1.2412,0.4614,1.2412,0.4614,
1763897538894,1.2412,0.4614,1.2412,0.4614,
1763897538927,1.2412,0.4614,1.2412,0.4614,
1763897538963,1.2412,0.461401,1.2412,0.461401,
1763897539001,1.2412,0.461401,1.2412,0.461401,
1763897539055,1.2412,0.461402,1.2412,0.461402,
1763897539090,1.2412,0.461402,1.2412,0.461402,
1763897539126,1.24119,0.461403,1.24119,0.461403,
1763897539161,1.24119,0.461403,1.24119,0.461403,
1763897539207,1.24119,0.461403,1.24119,0.461403,
1763897539237,1.24119,0.461404,1.24119,0.461404,
1763897539270,1.24119,0.461404,1.24119,0.461404,
1763897539310,1.24119,0.461404,1.24119,0.461404,
1763897539339,1.24119,0.461405,1.24119,0.461405,
1763897539376,1.24118,0.461405,1.24119,0.461405,
1763897539417,1.24118,0.461406,1.24118,0.461406,
1763897539452,1.24118,0.461406,1.24118,0.461406,
1763897539482,1.24118,0.461406,1.24118,0.461406,
1763897539530,1.24118,0.461407,1.24118,0.461407,
1763897539566,1.24118,0.461407,1.24118,0.461407,
1763897539608,1.24118,0.461408,1.24118,0.461408,
1763897539641,1.24118,0.461408,1.24118,0.461408,
1763897539687,1.24118,0.461409,1.24118,0.461409,
1763897539724,1.24117,0.461409,1.24117,0.461409,
1763897539760,1.24117,0.461409,1.24117,0.461409,
1763897539795,1.24117,0.461409,1.24117,0.461409,
1763897539839,1.24117,0.46141,1.24117,0.46141,
1763897539879,1.24117,0.46141,1.24117,0.46141,
1763897539908,1.24117,0.461411,1.24117,0.461411,
1763897539950,1.24117,0.461411,1.24117,0.461411,
1763897539997,1.24117,0.461412,1.24117,0.461412,
1763897540041,1.24116,0.461412,1.24116,0.461412,
1763897540069,1.24116,0.461412,1.24116,0.461412,
1763897540106,1.24116,0.461413,1.24116,0.461413,
1763897540148,1.24116,0.461413,1.24116,0.461413,
1763897540189,1.24116,0.461414,1.24116,0.461413,
1763897540223,1.24116,0.461414,1.24116,0.461414,
1763897540270,1.24116,0.461414,1.24116,0.461414,
1763897540305,1.24116,0.461415,1.24116,0.461415,
1763897540336,1.24115,0.461415,1.24115,0.461415,
1763897540380,1.24115,0.461416,1.24115,0.461416,
1763897540407,1.24115,0.461416,1.24115,0.461416,
1763897540436,1.24115,0.461416,1.24115,0.461416,
1763897540475,1.24115,0.461417,1.24115,0.461417,
1763897540509,1.24115,0.461417,1.24115,0.461417,
1763897540546,1.24115,0.461417,1.24115,0.461417,
1763897540590,1.24114,0.461418,1.24114,0.461418,
1763897540631,1.24114,0.461418,1.24114,0.461418,
1763897540664,1.24114,0.461419,1.24114,0.461419,
1763897540701,1.24114,0.461419,1.24114,0.461419,
1763897540740,1.24114,0.46142,1.24114,0.461419,
1763897540764,1.24114,0.46142,1.24114,0.46142,
1763897540810,1.24114,0.46142,1.24114,0.46142,
1763897540847,1.24114,0.461421,1.24114,0.461421,
1763897540874,1.24113,0.461421,1.24113,0.461421,
1763897540911,1.24113,0.461421,1.24113,0.461421,
1763897540950,1.24113,0.461422,1.24113,0.461422,
1763897540988,1.24113,0.461422,1.24113,0.461422,
1763897541024,1.24113,0.461423,1.24113,0.461423,
1763897541067,1.24113,0.461423,1.24113,0.461423,
1763897541119,1.24113,0.461424,1.24113,0.461424,
1763897541159,1.24113,0.461424,1.24113,0.461424,
1763897541187,1.24112,0.461424,1.24112,0.461424,
1763897541226,1.24112,0.461425,1.24112,0.461425,
1763897541266,1.24112,0.461425,1.24112,0.461425,
1763897541293,1.24112,0.461425,1.24112,0.461425,
1763897541328,1.24112,0.461426,1.24112,0.461426,
1763897541364,1.24112,0.461426,1.24112,0.461426,
1763897541393,1.24112,0.461426,1.24112,0.461426,
1763897541440,1.24112,0.461427,1.24112,0.461427,
1763897541473,1.24111,0.461427,1.24111,0.461427,
1763897541508,1.24111,0.461428,1.24111,0.461428,
1763897541552,1.24111,0.461428,1.24111,0.461428,
1763897541583,1.24111,0.461428,1.24111,0.461428,
1763897541618,1.24111,0.461429,1.24111,0.461429,
1763897541660,1.24111,0.461429,1.24111,0.461429,
1763897541690,1.24111,0.46143,1.24111,0.46143,
1763897541722,1.24111,0.46143,1.24111,0.46143,
1763897541767,1.2411,0.461431,1.2411,0.461431,
1763897541812,1.2411,0.461431,1.2411,0.461431,
1763897541848,1.2411,0.461431,1.2411,0.461431,
1763897541881,1.2411,0.461432,1.2411,0.461432,
1763897541921,1.2411,0.461432,1.2411,0.461432,
1763897541972,1.2411,0.461432,1.2411,0.461432,
1763897542006,1.2411,0.461433,1.2411,0.461433,
1763897542050,1.2411,0.461433,1.2411,0.461433,
1763897542087,1.24109,0.461434,1.24109,0.461434,
1763897542115,1.24109,0.461434,1.24109,0.461434,
1763897542151,1.24109,0.461434,1.24109,0.461434,
1763897542193,1.24109,0.461435,1.24109,0.461435,
1763897542240,1.24109,0.461435,1.24109,0.461435,
1763897542269,1.24109,0.461436,1.24109,0.461436,
1763897542311,1.24109,0.461436,1.24109,0.461436,
1763897542344,1.24109,0.461436,1.24109,0.461436,
1763897542378,1.24108,0.461437,1.24108,0.461437,
1763897542416,1.24108,0.461437,1.24108,0.461437,
1763897542450,1.24108,0.461437,1.24108,0.461437,
1763897542480,1.24108,0.461438,1.24108,0.461438,
1763897542517,1.24108,0.461438,1.24108,0.461438,
1763897542563,1.24108,0.461439,1.24108,0.461439,
1763897542597,1.24108,0.461439,1.24108,0.461439,
1763897542632,1.24108,0.46144,1.24108,0.46144,
1763897542670,1.24107,0.46144,1.24107,0.46144,
1763897542708,1.24107,0.46144,1.24107,0.46144,
1763897542749,1.24107,0.461441,1.24107,0.461441,
1763897542787,1.24107,0.461441,1.24107,0.461441,
1763897542820,1.24107,0.461441,1.24107,0.461441,
1763897542853,1.24107,0.461442,1.24107,0.461442,
1763897542896,1.24107,0.461442,1.24107,0.461442,
1763897542934,1.24107,0.461443,1.24107,0.461443,
1763897542973,1.24106,0.461443,1.24106,0.461443,
1763897543010,1.24106,0.461443,1.24106,0.461443,
1763897543046,1.24106,0.461444,1.24106,0.461444,
1763897543075,1.24106,0.461444,1.24106,0.461444,
1763897543112,1.24106,0.461445,1.24106,0.461445,
1763897543160,1.24106,0.461445,1.24106,0.461445,
1763897543193,1.24106,0.461445,1.24106,0.461445,
1763897543228,1.24106,0.461446,1.24106,0.461446,
1763897543266,1.24105,0.461446,1.24105,0.461446,
1763897543307,1.24105,0.461447,1.24105,0.461447,
1763897543342,1.24105,0.461447,1.24105,0.461447,
1763897543390,1.24105,0.461448,1.24105,0.461447,
1763897543427,1.24105,0.461448,1.24105,0.461448,
1763897543468,1.24105,0.461448,1.24105,0.461448,
1763897543506,1.24105,0.461449,1.24105,0.461449,
1763897543547,1.24105,0.461449,1.24105,0.461449,
1763897543585,1.24104,0.461449,1.24104,0.461449,
1763897543623,1.24104,0.46145,1.24104,0.46145,
1763897543659,1.24104,0.46145,1.24104,0.46145,
1763897543697,1.24104,0.46145,1.24104,0.46145,
1763897543747,1.24104,0.461451,1.24104,0.461451,
1763897543785,1.24104,0.461451,1.24104,0.461451,
1763897543809,1.24104,0.461452,1.24104,0.461452,
1763897543855,1.24104,0.461452,1.24104,0.461452,
1763897543879,1.24103,0.461453,1.24103,0.461453,
1763897543919,1.24103,0.461453,1.24103,0.461453,
1763897543960,1.24103,0.461453,1.24103,0.461453,
1763897543991,1.24103,0.461454,1.24103,0.461454,
1763897544035,1.24103,0.461454,1.24103,0.461454,
1763897544074,1.24103,0.461454,1.24103,0.461454,
1763897544111,1.24103,0.461455,1.24103,0.461455,
1763897544141,1.24103,0.461455,1.24103,0.461455,
1763897544187,1.24102,0.461456,1.24102,0.461456,
1763897544235,1.24102,0.461456,1.24102,0.461456,
1763897544265,1.24102,0.461456,1.24102,0.461456,
1763897544298,1.24102,0.461457,1.24102,0.461457,
1763897544341,1.24102,0.461457,1.24102,0.461457,
1763897544390,1.24102,0.461458,1.24102,0.461458,
1763897544422,1.24102,0.461458,1.24102,0.461458,
1763897544457,1.24102,0.461458,1.24102,0.461458,
1763897544492,1.24101,0.461459,1.24101,0.461459,
1763897544522,1.24101,0.461459,1.24101,0.461459,
1763897544553,1.24101,0.46146,1.24101,0.46146,
1763897544597,1.24101,0.46146,1.24101,0.46146,
1763897544644,1.24101,0.46146,1.24101,0.46146,
1763897544682,1.24101,0.461461,1.24101,0.461461,
1763897544714,1.24101,0.461461,1.24101,0.461461,
1763897544753,1.24101,0.461462,1.24101,0.461462,
1763897544785,1.241,0.461462,1.241,0.461462,
1763897544823,1.241,0.461462,1.241,0.461462,
1763897544869,1.241,0.461463,1.241,0.461463,
1763897544899,1.241,0.461463,1.241,0.461463,
1763897544944,1.241,0.461463,1.241,0.461463,
1763897544977,1.241,0.461464,1.241,0.461464,
1763897545022,1.241,0.461464,1.241,0.461464,
1763897545065,1.241,0.461465,1.241,0.461465,
1763897545108,1.24099,0.461465,1.24099,0.461465,
1763897545144,1.24099,0.461466,1.24099,0.461466,
1763897545178,1.24099,0.461466,1.24099,0.461466,
1763897545217,1.24099,0.461466,1.24099,0.461466,
1763897545247,1.24099,0.461467,1.24099,0.461467,
1763897545289,1.24099,0.461467,1.24099,0.461467,
1763897545316,1.24099,0.461467,1.24099,0.461467,
1763897545357,1.24099,0.461468,1.24099,0.461468,
1763897545394,1.24098,0.461468,1.24098,0.461468,
1763897545426,1.24098,0.461469,1.24098,0.461469,
1763897545463,1.24098,0.461469,1.24098,0.461469,
1763897545498,1.24098,0.461469,1.24098,0.461469,
1763897545533,1.24098,0.46147,1.24098,0.46147,
1763897545579,1.24098,0.46147,1.24098,0.46147,
1763897545615,1.24098,0.461471,1.24098,0.461471,
1763897545651,1.24098,0.461471,1.24098,0.461471,
1763897545692,1.24097,0.461471,1.24097,0.461471,
1763897545722,1.24097,0.461472,1.24097,0.461472,
1763897545762,1.24097,0.461472,1.24097,0.461472,
1763897545796,1.24097,0.461473,1.24097,0.461473,
1763897545841,1.24097,0.461473,1.24097,0.461473,
1763897545870,1.24097,0.461473,1.24097,0.461473,
1763897545909,1.24097,0.461474,1.24097,0.461474,
1763897545955,1.24097,0.461474,1.24097,0.461474,
1763897545986,1.24096,0.461475,1.24096,0.461475,
1763897546017,1.24096,0.461475,1.24096,0.461475,
1763897546051,1.24096,0.461476,1.24096,0.461476,
1763897546084,1.24096,0.461476,1.24096,0.461476,
1763897546132,1.24096,0.461476,1.24096,0.461476,
1763897546168,1.24096,0.461476,1.24096,0.461477,
1763897546201,1.24096,0.461477,1.24096,0.461477,
1763897546234,1.24096,0.461477,1.24096,0.461477,
1763897546268,1.24095,0.461477,1.24095,0.461477,
1763897546307,1.24095,0.461478,1.24095,0.461478,
1763897546338,1.24095,0.461479,1.24095,0.461478,
1763897546381,1.24095,0.461479,1.24095,0.461479,
1763897546426,1.24095,0.461479,1.24095,0.461479,
1763897546474,1.24095,0.46148,1.24095,0.46148,
1763897546516,1.24095,0.46148,1.24095,0.46148,
1763897546547,1.24095,0.46148,1.24095,0.46148,
1763897546585,1.24094,0.461481,1.24094,0.461481,
1763897546629,1.24094,0.461481,1.24094,0.461481,
1763897546663,1.24094,0.461482,1.24094,0.461482,
1763897546701,1.24094,0.461482,1.24094,0.461482,
1763897546738,1.24094,0.461482,1.24094,0.461482,
1763897546782,1.24094,0.461483,1.24094,0.461483,
1763897546817,1.24094,0.461483,1.24094,0.461483,
1763897546854,1.24094,0.461484,1.24094,0.461484,
1763897546894,1.24093,0.461484,1.24093,0.461484,
1763897546938,1.24093,0.461484,1.24093,0.461484,
1763897546971,1.24093,0.461485,1.24093,0.461485,
1763897547007,1.24093,0.461485,1.24093,0.461485,
1763897547049,1.24093,0.461485,1.24093,0.461486,
1763897547088,1.24093,0.461486,1.24093,0.461486,
1763897547125,1.24093,0.461486,1.24093,0.461486,
1763897547161,1.24093,0.461487,1.24093,0.461487,
1763897547206,1.24092,0.461487,1.24092,0.461487,
1763897547235,1.24092,0.461488,1.24092,0.461488,
1763897547274,1.24092,0.461488,1.24092,0.461488,
1763897547308,1.24092,0.461488,1.24092,0.461488,
1763897547340,1.24092,0.461489,1.24092,0.461489,
1763897547375,1.24092,0.461489,1.24092,0.461489,
1763897547414,1.24092,0.461489,1.24092,0.461489,
1763897547457,1.24092,0.46149,1.24092,0.46149,
1763897547493,1.24091,0.46149,1.24091,0.46149,
1763897547521,1.24091,0.461491,1.24091,0.461491,
1763897547563,1.24091,0.461491,1.24091,0.461491,
1763897547605,1.24091,0.461492,1.24091,0.461492,
1763897547639,1.24091,0.461492,1.24091,0.461492,
1763897547674,1.24091,0.461492,1.24091,0.461492,
1763897547722,1.24091,0.461492,1.24091,0.461492,
1763897547747,1.24091,0.461493,1.24091,0.461493,
1763897547781,1.2409,0.461493,1.2409,0.461493,
1763897547817,1.2409,0.461494,1.2409,0.461494,
1763897547851,1.2409,0.461494,1.2409,0.461494,
1763897547890,1.2409,0.461495,1.2409,0.461495,
1763897547928,1.2409,0.461495,1.2409,0.461495,
1763897547964,1.2409,0.461496,1.2409,0.461496,
1763897548001,1.2409,0.461496,1.2409,0.461496,
1763897548037,1.2409,0.461496,1.2409,0.461496,
1763897548073,1.24089,0.461497,1.24089,0.461497,
1763897548106,1.24089,0.461497,1.24089,0.461497,
1763897548143,1.24089,0.461497,1.24089,0.461497,
1763897548187,1.24089,0.461498,1.24089,0.461498,
1763897548231,1.24089,0.461498,1.24089,0.461498,
1763897548264,1.24089,0.461498,1.24089,0.461498,
1763897548295,1.24089,0.461499,1.24089,0.461499,
1763897548336,1.24089,0.461499,1.24089,0.461499,
1763897548380,1.24088,0.4615,1.24088,0.4615,
1763897548431,1.24088,0.4615,1.24088,0.4615,
1763897548459,1.24088,0.461501,1.24088,0.461501,
1763897548496,1.24088,0.461501,1.24088,0.461501,
1763897548523,1.24088,0.461501,1.24088,0.461501,
1763897548559,1.24088,0.461502,1.24088,0.461502,
1763897548594,1.24088,0.461502,1.24088,0.461502,
1763897548639,1.24088,0.461502,1.24088,0.461502,
1763897548684,1.24087,0.461503,1.24087,0.461503,
1763897548710,1.24087,0.461503,1.24087,0.461503,
1763897548742,1.24087,0.461504,1.24087,0.461504,
1763897548783,1.24087,0.461504,1.24087,0.461504,
1763897548815,1.24087,0.461504,1.24087,0.461504,
1763897548850,1.24087,0.461505,1.24087,0.461505,
1763897548886,1.24087,0.461505,1.24087,0.461505,
1763897548924,1.24087,0.461506,1.24087,0.461506,
1763897548958,1.24086,0.461506,1.24086,0.461506,
1763897548990,1.24086,0.461506,1.24086,0.461506,
1763897549033,1.24086,0.461507,1.24086,0.461507,
1763897549077,1.24086,0.461507,1.24086,0.461507,
1763897549119,1.24086,0.461508,1.24086,0.461508,
1763897549154,1.24086,0.461508,1.24086,0.461508,
1763897549196,1.24086,0.461508,1.24086,0.461508,
1763897549236,1.24086,0.461509,1.24086,0.461509,
1763897549269,1.24085,0.461509,1.24085,0.461509,
1763897549307,1.24085,0.46151,1.24085,0.46151,
1763897549336,1.24085,0.46151,1.24085,0.46151,
1763897549381,1.24085,0.46151,1.24085,0.46151,
1763897549420,1.24085,0.461511,1.24085,0.461511,
1763897549461,1.24085,0.461511,1.24085,0.461511,
1763897549494,1.24085,0.461511,1.24085,0.461511,
1763897549530,1.24085,0.461512,1.24085,0.461512,
1763897549576,1.24084,0.461512,1.24084,0.461512,
1763897549618,1.24084,0.461513,1.24084,0.461513,
1763897549653,1.24084,0.461513,1.24084,0.461513,
1763897549691,1.24084,0.461513,1.24084,0.461513,
1763897549717,1.24084,0.461514,1.24084,0.461514,
1763897549755,1.24084,0.461514,1.24084,0.461514,
1763897549799,1.24084,0.461515,1.24084,0.461515,
1763897549828,1.24084,0.461515,1.24084,0.461515,
1763897549869,1.24083,0.461515,1.24083,0.461515,
1763897549902,1.24083,0.461516,1.24083,0.461516,
1763897549945,1.24083,0.461516,1.24083,0.461516,
1763897549983,1.24083,0.461517,1.24083,0.461517,
1763897550026,1.24083,0.461517,1.24083,0.461517,
1763897550066,1.24083,0.461518,1.24083,0.461518,
1763897550114,1.24083,0.461518,1.24083,0.461518,
1763897550149,1.24083,0.461518,1.24083,0.461518,
1763897550182,1.24082,0.461518,1.24082,0.461518,
1763897550228,1.24082,0.461519,1.24082,0.461519,
1763897550262,1.24082,0.461519,1.24082,0.461519,
1763897550298,1.24082,0.46152,1.24082,0.46152,
1763897550332,1.24082,0.46152,1.24082,0.46152,
1763897550374,1.24082,0.461521,1.24082,0.461521,
1763897550410,1.24082,0.461521,1.24082,0.461521,
1763897550446,1.24082,0.461521,1.24082,0.461521,
1763897550488,1.24081,0.461522,1.24081,0.461522,
1763897550528,1.24081,0.461522,1.24081,0.461522,
1763897550567,1.24081,0.461523,1.24081,0.461523,
1763897550608,1.24081,0.461523,1.24081,0.461523,
1763897550641,1.24081,0.461523,1.24081,0.461523,
1763897550678,1.24081,0.461524,1.24081,0.461524,
1763897550713,1.24081,0.461524,1.24081,0.461524,
1763897550755,1.24081,0.461524,1.24081,0.461524,
1763897550786,1.2408,0.461525,1.2408,0.461525,
1763897550821,1.2408,0.461525,1.2408,0.461525,
1763897550863,1.2408,0.461526,1.2408,0.461526,
1763897550892,1.2408,0.461526,1.2408,0.461526,
1763897550932,1.2408,0.461526,1.2408,0.461527,
1763897550970,1.2408,0.461527,1.2408,0.461527,
1763897551002,1.2408,0.461527,1.2408,0.461527,
1763897551044,1.2408,0.461528,1.2408,0.461528,
1763897551075,1.24079,0.461528,1.24079,0.461528,
1763897551105,1.24079,0.461529,1.24079,0.461529,
1763897551143,1.24079,0.461529,1.24079,0.461529,
1763897551180,1.24079,0.461529,1.24079,0.461529,
1763897551219,1.24079,0.46153,1.24079,0.46153,
1763897551248,1.24079,0.46153,1.24079,0.46153,
1763897551289,1.24079,0.46153,1.24079,0.46153,
1763897551318,1.24079,0.461531,1.24079,0.461531,
1763897551375,1.24078,0.461531,1.24078,0.461531,
1763897551409,1.24078,0.461532,1.24078,0.461532,
1763897551452,1.24078,0.461532,1.24078,0.461532,
1763897551491,1.24078,0.461532,1.24078,0.461532,
1763897551529,1.24078,0.461533,1.24078,0.461533,
1763897551562,1.24078,0.461533,1.24078,0.461533,
1763897551610,1.24078,0.461533,1.24078,0.461534,
1763897551645,1.24078,0.461534,1.24078,0.461534,
1763897551676,1.24077,0.461534,1.24077,0.461534,
1763897551707,1.24077,0.461535,1.24077,0.461535,
1763897551738,1.24077,0.461535,1.24077,0.461535,
1763897551775,1.24077,0.461536,1.24077,0.461536,
1763897551811,1.24077,0.461536,1.24077,0.461536,
1763897551849,1.24077,0.461536,1.24077,0.461536,
1763897551885,1.24077,0.461537,1.24077,0.461537,
1763897551922,1.24077,0.461537,1.24077,0.461537,
1763897551963,1.24076,0.461537,1.24076,0.461537,
1763897551991,1.24076,0.461538,1.24076,0.461538,
1763897552034,1.24076,0.461538,1.24076,0.461538,
1763897552082,1.24076,0.461539,1.24076,0.461539,
1763897552128,1.24076,0.461539,1.24076,0.461539,
1763897552159,1.24076,0.461539,1.24076,0.46154,
1763897552188,1.24076,0.46154,1.24076,0.46154,
1763897552228,1.24076,0.46154,1.24076,0.46154,
1763897552261,1.24075,0.461541,1.24075,0.461541,
1763897552297,1.24075,0.461541,1.24075,0.461541,
1763897552347,1.24075,0.461541,1.24075,0.461541,
1763897552386,1.24075,0.461542,1.24075,0.461542,
1763897552425,1.24075,0.461542,1.24075,0.461542,
1763897552467,1.24075,0.461543,1.24075,0.461543,
1763897552495,1.24075,0.461543,1.24075,0.461543,
1763897552531,1.24075,0.461543,1.24075,0.461543,
1763897552578,1.24074,0.461544,1.24074,0.461544,
1763897552614,1.24074,0.461544,1.24074,0.461544,
1763897552647,1.24074,0.461545,1.24074,0.461545,
1763897552683,1.24074,0.461545,1.24074,0.461545,
1763897552723,1.24074,0.461545,1.24074,0.461545,
1763897552753,1.24074,0.461546,1.24074,0.461546,
1763897552791,1.24074,0.461546,1.24074,0.461546,
1763897552834,1.24074,0.461547,1.24074,0.461547,
1763897552865,1.24073,0.461547,1.24073,0.461547,
1763897552896,1.24073,0.461547,1.24073,0.461547,
1763897552935,1.24073,0.461548,1.24073,0.461548,
1763897552965,1.24073,0.461548,1.24073,0.461548,
1763897553002,1.24073,0.461548,1.24073,0.461548,
1763897553049,1.24073,0.461549,1.24073,0.461549,
1763897553095,1.24073,0.461549,1.24073,0.461549,
1763897553118,1.24072,0.46155,1.24072,0.46155,
1763897553151,1.24072,0.46155,1.24072,0.46155,
1763897553195,1.24072,0.461551,1.24072,0.461551,
1763897553230,1.24072,0.461551,1.24072,0.461551,
1763897553267,1.24072,0.461551,1.24072,0.461551,
1763897553308,1.24072,0.461552,1.24072,0.461552,
1763897553347,1.24072,0.461552,1.24072,0.461552,
1763897553378,1.24072,0.461552,1.24072,0.461552,
1763897553412,1.24071,0.461553,1.24071,0.461553,
1763897553452,1.24071,0.461553,1.24071,0.461553,
1763897553499,1.24071,0.461554,1.24071,0.461554,
1763897553533,1.24071,0.461554,1.24071,0.461554,
1763897553573,1.24071,0.461555,1.24071,0.461555,
1763897553614,1.24071,0.461555,1.24071,0.461555,
1763897553654,1.24071,0.461555,1.24071,0.461555,
1763897553689,1.24071,0.461556,1.24071,0.461556,
1763897553733,1.24071,0.461556,1.24071,0.461556,
1763897553770,1.2407,0.461556,1.2407,0.461556,
1763897553810,1.2407,0.461557,1.2407,0.461557,
1763897553836,1.2407,0.461557,1.2407,0.461557,
1763897553880,1.2407,0.461558,1.2407,0.461558,
1763897553920,1.2407,0.461558,1.2407,0.461558,
1763897553955,1.2407,0.461558,1.2407,0.461558,
1763897553992,1.2407,0.461559,1.2407,0.461559,
1763897554029,1.24069,0.461559,1.24069,0.461559,
1763897554066,1.24069,0.46156,1.24069,0.46156,
1763897554107,1.24069,0.46156,1.24069,0.46156,
1763897554151,1.24069,0.46156,1.24069,0.46156,
1763897554192,1.24069,0.461561,1.24069,0.461561,
1763897554235,1.24069,0.461561,1.24069,0.461561,
1763897554269,1.24069,0.461561,1.24069,0.461561,
1763897554312,1.24069,0.461562,1.24069,0.461562,
1763897554353,1.24068,0.461562,1.24068,0.461562,
1763897554389,1.24068,0.461563,1.24068,0.461563,
1763897554425,1.24068,0.461563,1.24068,0.461563,
1763897554466,1.24068,0.461563,1.24068,0.461563,
1763897554495,1.24068,0.461564,1.24068,0.461564,
1763897554530,1.24068,0.461564,1.24068,0.461564,
1763897554570,1.24068,0.461565,1.24068,0.461565,
1763897554606,1.24068,0.461565,1.24068,0.461565,
1763897554639,1.24067,0.461565,1.24067,0.461565,
1763897554675,1.24067,0.461566,1.24067,0.461566,
1763897554712,1.24067,0.461566,1.24067,0.461566,
1763897554739,1.24067,0.461567,1.24067,0.461567,
1763897554774,1.24067,0.461567,1.24067,0.461567,
1763897554813,1.24067,0.461567,1.24067,0.461567,
1763897554848,1.24067,0.461568,1.24067,0.461568,
1763897554891,1.24067,0.461568,1.24067,0.461568,
1763897554925,1.24066,0.461569,1.24066,0.461569,
1763897554969,1.24066,0.461569,1.24066,0.461569,
1763897555006,1.24066,0.461569,1.24066,0.461569,
1763897555054,1.24066,0.46157,1.24066,0.46157,
1763897555082,1.24066,0.46157,1.24066,0.46157,
1763897555125,1.24066,0.461571,1.24066,0.461571,
1763897555160,1.24066,0.461571,1.24066,0.461571,
1763897555193,1.24066,0.461571,1.24066,0.461571,
1763897555241,1.24065,0.461572,1.24065,0.461572,
1763897555272,1.24065,0.461572,1.24065,0.461572,
1763897555309,1.24065,0.461572,1.24065,0.461572,
1763897555348,1.24065,0.461573,1.24065,0.461573,
1763897555381,1.24065,0.461573,1.24065,0.461573,
1763897555414,1.24065,0.461574,1.24065,0.461574,
1763897555451,1.24065,0.461574,1.24065,0.461574,
1763897555488,1.24065,0.461574,1.24065,0.461574,
1763897555527,1.24064,0.461575,1.24064,0.461575,
1763897555561,1.24064,0.461575,1.24064,0.461575,
1763897555595,1.24064,0.461576,1.24064,0.461576,
1763897555642,1.24064,0.461576,1.24064,0.461576,
1763897555675,1.24064,0.461576,1.24064,0.461576,
1763897555709,1.24064,0.461577,1.24064,0.461577,
1763897555746,1.24064,0.461577,1.24064,0.461577,
1763897555779,1.24064,0.461578,1.24064,0.461578,
1763897555810,1.24063,0.461578,1.24063,0.461578,
1763897555851,1.24063,0.461578,1.24063,0.461578,
1763897555900,1.24063,0.461579,1.24063,0.461579,
1763897555950,1.24063,0.461579,1.24063,0.461579,
1763897555979,1.24063,0.46158,1.24063,0.46158,
1763897556016,1.24063,0.46158,1.24063,0.46158,
1763897556059,1.24063,0.46158,1.24063,0.46158,
1763897556092,1.24063,0.461581,1.24063,0.461581,
1763897556135,1.24062,0.461581,1.24062,0.461581,
1763897556157,1.24062,0.461581,1.24062,0.461581,
1763897556191,1.24062,0.461582,1.24062,0.461582,
1763897556226,1.24062,0.461582,1.24062,0.461582,
1763897556267,1.24062,0.461583,1.24062,0.461583,
1763897556299,1.24062,0.461583,1.24062,0.461583,
1763897556342,1.24062,0.461584,1.24062,0.461584,
1763897556372,1.24062,0.461584,1.24062,0.461584,
1763897556405,1.24061,0.461584,1.24061,0.461584,
1763897556447,1.24061,0.461585,1.24061,0.461585,
1763897556492,1.24061,0.461585,1.24061,0.461585,
1763897556517,1.24061,0.461585,1.24061,0.461585,
1763897556550,1.24061,0.461586,1.24061,0.461586,
1763897556576,1.24061,0.461586,1.24061,0.461586,
1763897556613,1.24061,0.461587,1.24061,0.461587,
1763897556657,1.24061,0.461587,1.24061,0.461587,
1763897556692,1.2406,0.461587,1.2406,0.461587,
1763897556725,1.2406,0.461588,1.2406,0.461588,
1763897556764,1.2406,0.461588,1.2406,0.461588,
1763897556803,1.2406,0.461589,1.2406,0.461589,
1763897556831,1.2406,0.461589,1.2406,0.461589,
1763897556864,1.2406,0.46159,1.2406,0.46159,
1763897556898,1.2406,0.46159,1.2406,0.46159,
1763897556943,1.2406,0.46159,1.2406,0.46159,
1763897556977,1.24059,0.461591,1.24059,0.461591,
1763897557009,1.24059,0.461591,1.24059,0.461591,
1763897557049,1.24059,0.461591,1.24059,0.461591,
1763897557091,1.24059,0.461592,1.24059,0.461592,
1763897557135,1.24059,0.461592,1.24059,0.461592,
1763897557171,1.24059,0.461593,1.24059,0.461593,
1763897557210,1.24059,0.461593,1.24059,0.461593,
1763897557262,1.24059,0.461593,1.24059,0.461593,
1763897557298,1.24058,0.461594,1.24058,0.461594,
1763897557327,1.24058,0.461594,1.24058,0.461594,
1763897557368,1.24058,0.461595,1.24058,0.461595,
1763897557405,1.24058,0.461595,1.24058,0.461595,
1763897557439,1.24058,0.461595,1.24058,0.461595,
1763897557475,1.24058,0.461596,1.24058,0.461596,
1763897557505,1.24058,0.461596,1.24058,0.461596,
1763897557553,1.24058,0.461597,1.24058,0.461597,
1763897557607,1.24057,0.461597,1.24057,0.461597,
1763897557640,1.24057,0.461597,1.24057,0.461597,
1763897557674,1.24057,0.461598,1.24057,0.461598,
1763897557715,1.24057,0.461598,1.24057,0.461598,
1763897557753,1.24057,0.461598,1.24057,0.461598,
1763897557801,1.24057,0.461599,1.24057,0.461599,
1763897557835,1.24057,0.461599,1.24057,0.461599,
1763897557859,1.24057,0.4616,1.24057,0.4616,
1763897557905,1.24056,0.4616,1.24056,0.4616,
1763897557951,1.24056,0.4616,1.24056,0.4616,
1763897557980,1.24056,0.461601,1.24056,0.461601,
1763897558017,1.24056,0.461601,1.24056,0.461601,
1763897558050,1.24056,0.461602,1.24056,0.461602,
1763897558084,1.24056,0.461602,1.24056,0.461602,
1763897558122,1.24056,0.461602,1.24056,0.461602,
1763897558167,1.24056,0.461603,1.24056,0.461603,
1763897558207,1.24055,0.461603,1.24055,0.461603,
1763897558241,1.24055,0.461604,1.24055,0.461604,
1763897558284,1.24055,0.461604,1.24055,0.461604,
1763897558320,1.24055,0.461604,1.24055,0.461604,
1763897558350,1.24055,0.461605,1.24055,0.461605,
1763897558388,1.24055,0.461605,1.24055,0.461605,
1763897558428,1.24055,0.461606,1.24055,0.461606,
1763897558478,1.24055,0.461606,1.24055,0.461606,
1763897558511,1.24054,0.461606,1.24054,0.461606,
1763897558551,1.24054,0.461607,1.24054,0.461607,
1763897558581,1.24054,0.461607,1.24054,0.461607,
1763897558614,1.24054,0.461607,1.24054,0.461607,
1763897558645,1.24054,0.461608,1.24054,0.461608,
1763897558681,1.24054,0.461608,1.24054,0.461608,
1763897558730,1.24054,0.461609,1.24054,0.461609,
1763897558767,1.24054,0.461609,1.24054,0.461609,
1763897558794,1.24053,0.46161,1.24053,0.46161,
1763897558836,1.24053,0.46161,1.24053,0.46161,
1763897558876,1.24053,0.46161,1.24053,0.46161,
1763897558901,1.24053,0.461611,1.24053,0.461611,
1763897558944,1.24053,0.461611,1.24053,0.461611,
1763897558980,1.24053,0.461611,1.24053,0.461611,
1763897559011,1.24053,0.461612,1.24053,0.461612,
1763897559042,1.24053,0.461612,1.24053,0.461612,
1763897559096,1.24052,0.461612,1.24052,0.461612,
1763897559140,1.24052,0.461613,1.24052,0.461613,
1763897559173,1.24052,0.461613,1.24052,0.461613,
1763897559213,1.24052,0.461614,1.24052,0.461614,
1763897559251,1.24052,0.461614,1.24052,0.461614,
1763897559291,1.24052,0.461615,1.24052,0.461615,
1763897559332,1.24052,0.461615,1.24052,0.461615,
1763897559380,1.24052,0.461615,1.24052,0.461615,
1763897559415,1.24051,0.461616,1.24051,0.461616,
1763897559445,1.24051,0.461616,1.24051,0.461616,
1763897559482,1.24051,0.461617,1.24051,0.461617,
1763897559517,1.24051,0.461617,1.24051,0.461617,
1763897559559,1.24051,0.461617,1.24051,0.461617,
1763897559590,1.24051,0.461618,1.24051,0.461618,
1763897559632,1.24051,0.461618,1.24051,0.461618,
1763897559671,1.24051,0.461619,1.24051,0.461619,
1763897559703,1.2405,0.461619,1.2405,0.461619,
1763897559745,1.2405,0.461619,1.2405,0.461619,
1763897559782,1.2405,0.46162,1.2405,0.46162,
1763897559820,1.2405,0.46162,1.2405,0.46162,
1763897559864,1.2405,0.461621,1.2405,0.461621,
1763897559915,1.2405,0.461621,1.2405,0.461621,
1763897559941,1.2405,0.461621,1.2405,0.461621,
1763897559980,1.2405,0.461622,1.2405,0.461622,
1763897560023,1.24049,0.461622,1.24049,0.461622,
1763897560048,1.24049,0.461622,1.24049,0.461622,
1763897560087,1.24049,0.461623,1.24049,0.461623,
1763897560124,1.24049,0.461623,1.24049,0.461623,
1763897560161,1.24049,0.461624,1.24049,0.461624,
1763897560194,1.24049,0.461624,1.24049,0.461624,
1763897560232,1.24049,0.461624,1.24049,0.461624,
1763897560265,1.24049,0.461625,1.24049,0.461625,
1763897560295,1.24048,0.461625,1.24048,0.461625,
1763897560339,1.24048,0.461625,1.24048,0.461625,
1763897560368,1.24048,0.461626,1.24048,0.461626,
1763897560399,1.24048,0.461626,1.24048,0.461626,
1763897560443,1.24048,0.461627,1.24048,0.461627,
1763897560478,1.24048,0.461627,1.24048,0.461627,
1763897560510,1.24048,0.461628,1.24048,0.461628,
1763897560547,1.24048,0.461628,1.24048,0.461628,
1763897560583,1.24047,0.461629,1.24047,0.461629,
1763897560615,1.24047,0.461629,1.24047,0.461629,
1763897560660,1.24047,0.461629,1.24047,0.461629,
1763897560698,1.24047,0.461629,1.24047,0.461629,
1763897560736,1.24047,0.46163,1.24047,0.46163,
1763897560780,1.24047,0.46163,1.24047,0.46163,
1763897560805,1.24047,0.461631,1.24047,0.461631,
1763897560830,1.24047,0.461631,1.24047,0.461631,
1763897560867,1.24046,0.461632,1.24046,0.461632,
1763897560903,1.24046,0.461632,1.24046,0.461632,
1763897560938,1.24046,0.461632,1.24046,0.461632,
1763897560971,1.24046,0.461633,1.24046,0.461633,
1763897561010,1.24046,0.461633,1.24046,0.461633,
1763897561042,1.24046,0.461633,1.24046,0.461633,
1763897561082,1.24046,0.461634,1.24046,0.461634,
1763897561126,1.24046,0.461634,1.24046,0.461634,
1763897561159,1.24045,0.461635,1.24045,0.461635,
1763897561197,1.24045,0.461635,1.24045,0.461635,
1763897561231,1.24045,0.461635,1.24045,0.461635,
1763897561265,1.24045,0.461636,1.24045,0.461636,
1763897561306,1.24045,0.461636,1.24045,0.461636,
1763897561344,1.24045,0.461637,1.24045,0.461637,
1763897561382,1.24045,0.461637,1.24045,0.461637,
1763897561418,1.24045,0.461637,1.24045,0.461637,
1763897561452,1.24044,0.461638,1.24044,0.461638,
1763897561493,1.24044,0.461638,1.24044,0.461638,
1763897561543,1.24044,0.461639,1.24044,0.461639,
1763897561589,1.24044,0.461639,1.24044,0.461639,
1763897561622,1.24044,0.461639,1.24044,0.461639,
1763897561651,1.24044,0.46164,1.24044,0.46164,
1763897561691,1.24044,0.46164,1.24044,0.46164,
1763897561726,1.24044,0.46164,1.24044,0.46164,
1763897561767,1.24043,0.461641,1.24043,0.461641,
1763897561803,1.24043,0.461641,1.24043,0.461641,
1763897561843,1.24043,0.461642,1.24043,0.461642,
1763897561880,1.24043,0.461642,1.24043,0.461642,
1763897561933,1.24043,0.461643,1.24043,0.461643,
1763897561962,1.24043,0.461643,1.24043,0.461643,
1763897561993,1.24043,0.461643,1.24043,0.461643,
1763897562028,1.24043,0.461644,1.24043,0.461644,
1763897562055,1.24042,0.461644,1.24042,0.461644,
1763897562095,1.24042,0.461644,1.24042,0.461644,
1763897562139,1.24042,0.461645,1.24042,0.461645,
1763897562176,1.24042,0.461645,1.24042,0.461645,
1763897562207,1.24042,0.461646,1.24042,0.461646,
1763897562241,1.24042,0.461646,1.24042,0.461646,
1763897562281,1.24042,0.461646,1.24042,0.461646,
1763897562311,1.24042,0.461647,1.24042,0.461647,
1763897562343,1.24041,0.461647,1.24041,0.461647,
1763897562379,1.24041,0.461648,1.24041,0.461648,
1763897562418,1.24041,0.461648,1.24041,0.461648,
1763897562455,1.24041,0.461648,1.24041,0.461648,
1763897562507,1.24041,0.461649,1.24041,0.461649,
1763897562543,1.24041,0.461649,1.24041,0.461649,
1763897562577,1.24041,0.46165,1.24041,0.46165,
1763897562610,1.24041,0.46165,1.24041,0.46165,
1763897562642,1.2404,0.46165,1.2404,0.46165,
1763897562678,1.2404,0.461651,1.2404,0.461651,
1763897562724,1.2404,0.461651,1.2404,0.461651,
1763897562761,1.2404,0.461652,1.2404,0.461652,
1763897562798,1.2404,0.461652,1.2404,0.461652,
1763897562843,1.2404,0.461652,1.2404,0.461652,
1763897562865,1.2404,0.461653,1.2404,0.461653,
1763897562898,1.2404,0.461653,1.2404,0.461653,
1763897562952,1.24039,0.461654,1.24039,0.461654,
1763897562989,1.24039,0.461654,1.24039,0.461654,
1763897563020,1.24039,0.461654,1.24039,0.461654,
1763897563055,1.24039,0.461655,1.24039,0.461655,
1763897563094,1.24039,0.461655,1.24039,0.461655,
1763897563133,1.24039,0.461655,1.24039,0.461655,
1763897563167,1.24039,0.461656,1.24039,0.461656,
1763897563211,1.24039,0.461656,1.24039,0.461656,
1763897563245,1.24038,0.461657,1.24038,0.461657,
1763897563276,1.24038,0.461657,1.24038,0.461657,
1763897563312,1.24038,0.461658,1.24038,0.461658,
1763897563347,1.24038,0.461658,1.24038,0.461658,
1763897563388,1.24038,0.461658,1.24038,0.461658,
1763897563423,1.24038,0.461659,1.24038,0.461659,
1763897563458,1.24038,0.461659,1.24038,0.461659,
1763897563505,1.24038,0.461659,1.24038,0.461659,
1763897563534,1.24037,0.46166,1.24037,0.46166,
1763897563565,1.24037,0.46166,1.24037,0.46166,
1763897563607,1.24037,0.461661,1.24037,0.461661,
1763897563640,1.24037,0.461661,1.24037,0.461661,
1763897563675,1.24037,0.461661,1.24037,0.461661,
1763897563716,1.24037,0.461662,1.24037,0.461662,
1763897563755,1.24037,0.461662,1.24037,0.461662,
1763897563786,1.24037,0.461662,1.24037,0.461662,
1763897563828,1.24036,0.461663,1.24036,0.461663,
1763897563864,1.24036,0.461663,1.24036,0.461663,
1763897563903,1.24036,0.461664,1.24036,0.461664,
1763897563941,1.24036,0.461664,1.24036,0.461664,
1763897563976,1.24036,0.461665,1.24036,0.461665,
1763897564012,1.24036,0.461665,1.24036,0.461665,
1763897564042,1.24036,0.461665,1.24036,0.461665,
1763897564079,1.24036,0.461666,1.24036,0.461666,
1763897564120,1.24035,0.461666,1.24035,0.461666,
1763897564156,1.24035,0.461666,1.24035,0.461666,
1763897564187,1.24035,0.461667,1.24035,0.461667,
1763897564225,1.24035,0.461667,1.24035,0.461667,
1763897564275,1.24035,0.461668,1.24035,0.461668,
1763897564305,1.24035,0.461668,1.24035,0.461668,
1763897564348,1.24035,0.461668,1.24035,0.461668,
1763897564384,1.24035,0.461669,1.24035,0.461669,
1763897564421,1.24034,0.461669,1.24034,0.461669,
1763897564451,1.24034,0.46167,1.24034,0.46167,
1763897564493,1.24034,0.46167,1.24034,0.46167,
1763897564532,1.24034,0.461671,1.24034,0.461671,
1763897564568,1.24034,0.461671,1.24034,0.461671,
1763897564608,1.24034,0.461671,1.24034,0.461671,
1763897564643,1.24034,0.461672,1.24034,0.461672,
1763897564683,1.24034,0.461672,1.24034,0.461672,
1763897564719,1.24033,0.461672,1.24033,0.461672,
1763897564753,1.24033,0.461673,1.24033,0.461673,
1763897564787,1.24033,0.461673,1.24033,0.461673,
1763897564843,1.24033,0.461674,1.24033,0.461673,
1763897564870,1.24033,0.461674,1.24033,0.461674,
1763897564905,1.24033,0.461674,1.24033,0.461674,
1763897564947,1.24033,0.461675,1.24033,0.461675,
1763897564984,1.24033,0.461675,1.24033,0.461675,
1763897565016,1.24032,0.461675,1.24032,0.461675,
1763897565057,1.24032,0.461676,1.24032,0.461676,
1763897565097,1.24032,0.461676,1.24032,0.461676,
1763897565132,1.24032,0.461677,1.24032,0.461677,
1763897565168,1.24032,0.461677,1.24032,0.461677,
1763897565196,1.24032,0.461677,1.24032,0.461677,
1763897565235,1.24032,0.461678,1.24032,0.461678,
1763897565283,1.24032,0.461678,1.24032,0.461678,
1763897565326,1.24031,0.461679,1.24031,0.461679,
1763897565363,1.24031,0.461679,1.24031,0.461679,
1763897565395,1.24031,0.461679,1.24031,0.461679,
1763897565438,1.24031,0.46168,1.24031,0.46168,
1763897565482,1.24031,0.46168,1.24031,0.46168,
1763897565517,1.24031,0.46168,1.24031,0.46168,
1763897565559,1.24031,0.461681,1.24031,0.461681,
1763897565593,1.2403,0.461681,1.2403,0.461681,
1763897565641,1.2403,0.461682,1.2403,0.461682,
1763897565668,1.2403,0.461682,1.2403,0.461682,
1763897565709,1.2403,0.461683,1.2403,0.461683,
1763897565750,1.2403,0.461683,1.2403,0.461683,
1763897565784,1.2403,0.461683,1.2403,0.461683,
1763897565819,1.2403,0.461684,1.2403,0.461684,
1763897565861,1.2403,0.461684,1.2403,0.461684,
1763897565896,1.2403,0.461685,1.2403,0.461685,
1763897565947,1.24029,0.461685,1.24029,0.461685,
1763897565992,1.24029,0.461685,1.24029,0.461685,
1763897566020,1.24029,0.461686,1.24029,0.461686,
1763897566062,1.24029,0.461686,1.24029,0.461686,
1763897566097,1.24029,0.461686,1.24029,0.461686,
1763897566127,1.24029,0.461687,1.24029,0.461687,
1763897566175,1.24029,0.461687,1.24029,0.461687,
1763897566205,1.24029,0.461688,1.24029,0.461688,
1763897566233,1.24028,0.461688,1.24028,0.461688,
1763897566279,1.24028,0.461688,1.24028,0.461688,
1763897566316,1.24028,0.461689,1.24028,0.461689,
1763897566347,1.24028,0.461689,1.24028,0.461689,
1763897566378,1.24028,0.46169,1.24028,0.46169,
1763897566407,1.24028,0.46169,1.24028,0.46169,
1763897566449,1.24028,0.461691,1.24028,0.461691,
1763897566485,1.24028,0.461691,1.24028,0.461691,
1763897566523,1.24027,0.461691,1.24027,0.461691,
1763897566554,1.24027,0.461692,1.24027,0.461692,
1763897566592,1.24027,0.461692,1.24027,0.461692,
1763897566625,1.24027,0.461692,1.24027,0.461692,
1763897566660,1.24027,0.461693,1.24027,0.461693,
1763897566702,1.24027,0.461693,1.24027,0.461693,
1763897566738,1.24027,0.461694,1.24027,0.461694,
1763897566770,1.24026,0.461694,1.24026,0.461694,
1763897566809,1.24026,0.461694,1.24026,0.461694,
1763897566849,1.24026,0.461695,1.24026,0.461695,
1763897566886,1.24026,0.461695,1.24026,0.461695,
1763897566924,1.24026,0.461696,1.24026,0.461696,
1763897566956,1.24026,0.461696,1.24026,0.461696,
1763897566989,1.24026,0.461696,1.24026,0.461696,
1763897567031,1.24026,0.461697,1.24026,0.461697,
1763897567072,1.24025,0.461697,1.24025,0.461697,
1763897567102,1.24025,0.461698,1.24025,0.461698,
1763897567132,1.24025,0.461698,1.24025,0.461698,
1763897567173,1.24025,0.461698,1.24025,0.461698,
1763897567202,1.24025,0.461699,1.24025,0.461699,
1763897567242,1.24025,0.461699,1.24025,0.461699,
1763897567280,1.24025,0.461699,1.24025,0.461699,
1763897567319,1.24025,0.4617,1.24025,0.4617,
1763897567351,1.24024,0.4617,1.24024,0.4617,
1763897567384,1.24024,0.461701,1.24024,0.461701,
1763897567419,1.24024,0.461701,1.24024,0.461701,
1763897567459,1.24024,0.461702,1.24024,0.461702,
1763897567498,1.24024,0.461702,1.24024,0.461702,
1763897567544,1.24024,0.461702,1.24024,0.461702,
1763897567578,1.24024,0.461703,1.24024,0.461703,
1763897567603,1.24024,0.461703,1.24024,0.461703,
1763897567644,1.24023,0.461703,1.24023,0.461703,
1763897567679,1.24023,0.461704,1.24023,0.461704,
1763897567723,1.24023,0.461704,1.24023,0.461704,
1763897567758,1.24023,0.461705,1.24023,0.461705,
1763897567795,1.24023,0.461705,1.24023,0.461705,
1763897567833,1.24023,0.461706,1.24023,0.461706,
1763897567865,1.24023,0.461706,1.24023,0.461706,
1763897567911,1.24023,0.461706,1.24023,0.461706,
1763897567942,1.24022,0.461707,1.24022,0.461707,
1763897567973,1.24022,0.461707,1.24022,0.461707,
1763897568012,1.24022,0.461707,1.24022,0.461707,
1763897568053,1.24022,0.461708,1.24022,0.461708,
1763897568111,1.24022,0.461708,1.24022,0.461708,
1763897568136,1.24022,0.461709,1.24022,0.461709,
1763897568177,1.24022,0.461709,1.24022,0.461709,
1763897568224,1.24022,0.461709,1.24022,0.461709,
1763897568271,1.24021,0.46171,1.24021,0.46171,
1763897568308,1.24021,0.46171,1.24021,0.46171,
1763897568361,1.24021,0.46171,1.24021,0.46171,
1763897568398,1.24021,0.461711,1.24021,0.461711,
1763897568434,1.24021,0.461711,1.24021,0.461711,
1763897568461,1.24021,0.461712,1.24021,0.461712,
1763897568493,1.24021,0.461712,1.24021,0.461712,
1763897568532,1.24021,0.461712,1.24021,0.461712,
1763897568573,1.2402,0.461713,1.2402,0.461713,
1763897568611,1.2402,0.461713,1.2402,0.461713,
1763897568643,1.2402,0.461714,1.2402,0.461714,
1763897568679,1.2402,0.461714,1.2402,0.461714,
1763897568712,1.2402,0.461715,1.2402,0.461715,
1763897568752,1.2402,0.461715,1.2402,0.461715,
1763897568799,1.2402,0.461715,1.2402,0.461715,
1763897568836,1.2402,0.461715,1.2402,0.461716,
1763897568871,1.24019,0.461716,1.24019,0.461716,
1763897568915,1.24019,0.461716,1.24019,0.461716,
1763897568936,1.24019,0.461717,1.24019,0.461717,
1763897568979,1.24019,0.461717,1.24019,0.461717,
1763897569015,1.24019,0.461718,1.24019,0.461718,
1763897569045,1.24019,0.461718,1.24019,0.461718,
1763897569086,1.24019,0.461718,1.24019,0.461718,
1763897569122,1.24019,0.461719,1.24019,0.461719,
1763897569155,1.24018,0.461719,1.24018,0.461719,
1763897569182,1.24018,0.46172,1.24018,0.46172,
1763897569215,1.24018,0.46172,1.24018,0.46172,
1763897569264,1.24018,0.46172,1.24018,0.46172,
1763897569294,1.24018,0.461721,1.24018,0.461721,
1763897569334,1.24018,0.461721,1.24018,0.461721,
1763897569368,1.24018,0.461722,1.24018,0.461722,
1763897569405,1.24018,0.461722,1.24018,0.461722,
1763897569443,1.24017,0.461722,1.24017,0.461722,
1763897569480,1.24017,0.461722,1.24017,0.461723,
1763897569522,1.24017,0.461723,1.24017,0.461723,
1763897569565,1.24017,0.461723,1.24017,0.461723,
1763897569611,1.24017,0.461724,1.24017,0.461724,
1763897569640,1.24017,0.461724,1.24017,0.461724,
1763897569673,1.24017,0.461725,1.24017,0.461725,
1763897569702,1.24017,0.461725,1.24017,0.461725,
1763897569749,1.24016,0.461726,1.24016,0.461725,
1763897569799,1.24016,0.461726,1.24016,0.461726,
1763897569832,1.24016,0.461726,1.24016,0.461726,
1763897569860,1.24016,0.461727,1.24016,0.461727,
1763897569896,1.24016,0.461727,1.24016,0.461727,
1763897569930,1.24016,0.461727,1.24016,0.461727,
1763897569975,1.24016,0.461728,1.24016,0.461728,
1763897570014,1.24016,0.461728,1.24016,0.461728,
1763897570067,1.24015,0.461729,1.24015,0.461729,
1763897570093,1.24015,0.461729,1.24015,0.461729,
1763897570121,1.24015,0.461729,1.24015,0.461729,
1763897570148,1.24015,0.46173,1.24015,0.46173,
1763897570181,1.24015,0.46173,1.24015,0.46173,
1763897570220,1.24015,0.461731,1.24015,0.461731,
1763897570257,1.24015,0.461731,1.24015,0.461731,
1763897570301,1.24015,0.461731,1.24015,0.461731,
1763897570340,1.24014,0.461732,1.24014,0.461732,
1763897570382,1.24014,0.461732,1.24014,0.461732,
1763897570431,1.24014,0.461732,1.24014,0.461732,
1763897570462,1.24014,0.461733,1.24014,0.461733,
1763897570491,1.24014,0.461733,1.24014,0.461733,
1763897570525,1.24014,0.461734,1.24014,0.461734,
1763897570559,1.24014,0.461734,1.24014,0.461734,
1763897570599,1.24014,0.461735,1.24014,0.461735,
1763897570631,1.24013,0.461735,1.24013,0.461735,
1763897570678,1.24013,0.461735,1.24013,0.461735,
1763897570713,1.24013,0.461736,1.24013,0.461736,
1763897570748,1.24013,0.461736,1.24013,0.461736,
1763897570786,1.24013,0.461736,1.24013,0.461736,
1763897570821,1.24013,0.461737,1.24013,0.461737,
1763897570863,1.24013,0.461737,1.24013,0.461737,
1763897570894,1.24013,0.461738,1.24013,0.461738,
1763897570929,1.24012,0.461738,1.24012,0.461738,
1763897570961,1.24012,0.461738,1.24012,0.461738,
1763897570999,1.24012,0.461739,1.24012,0.461739,
1763897571035,1.24012,0.461739,1.24012,0.461739,
1763897571073,1.24012,0.46174,1.24012,0.46174,
1763897571106,1.24012,0.46174,1.24012,0.46174,
1763897571144,1.24012,0.46174,1.24012,0.46174,
1763897571189,1.24012,0.461741,1.24012,0.461741,
1763897571214,1.24011,0.461741,1.24011,0.461741,
1763897571257,1.24011,0.461741,1.24011,0.461741,
1763897571291,1.24011,0.461742,1.24011,0.461742,
1763897571333,1.24011,0.461742,1.24011,0.461742,
1763897571377,1.24011,0.461743,1.24011,0.461743,
1763897571409,1.24011,0.461743,1.24011,0.461743,
1763897571444,1.24011,0.461744,1.24011,0.461743,
1763897571480,1.24011,0.461744,1.24011,0.461744,
1763897571518,1.2401,0.461744,1.2401,0.461744,
1763897571565,1.2401,0.461745,1.2401,0.461745,
1763897571598,1.2401,0.461745,1.2401,0.461745,
1763897571642,1.2401,0.461745,1.2401,0.461745,
1763897571672,1.2401,0.461746,1.2401,0.461746,
1763897571711,1.2401,0.461746,1.2401,0.461746,
1763897571751,1.2401,0.461747,1.2401,0.461747,
1763897571784,1.2401,0.461747,1.2401,0.461747,
1763897571820,1.24009,0.461747,1.24009,0.461747,
1763897571862,1.24009,0.461748,1.24009,0.461748,
1763897571895,1.24009,0.461748,1.24009,0.461748,
1763897571927,1.24009,0.461749,1.24009,0.461749,
1763897571969,1.24009,0.461749,1.24009,0.461749,
1763897572011,1.24009,0.461749,1.24009,0.461749,
1763897572052,1.24009,0.46175,1.24009,0.46175,
1763897572086,1.24009,0.46175,1.24009,0.46175,
1763897572121,1.24008,0.461751,1.24008,0.461751,
1763897572164,1.24008,0.461751,1.24008,0.461751,
1763897572195,1.24008,0.461751,1.24008,0.461751,
1763897572230,1.24008,0.461752,1.24008,0.461752,
1763897572276,1.24008,0.461752,1.24008,0.461752,
1763897572312,1.24008,0.461753,1.24008,0.461753,
1763897572346,1.24008,0.461753,1.24008,0.461753,
1763897572391,1.24008,0.461754,1.24008,0.461754,
1763897572430,1.24007,0.461754,1.24007,0.461754,
1763897572461,1.24007,0.461754,1.24007,0.461754,
1763897572499,1.24007,0.461754,1.24007,0.461754,
1763897572532,1.24007,0.461755,1.24007,0.461755,
1763897572567,1.24007,0.461755,1.24007,0.461755,
1763897572607,1.24007,0.461756,1.24007,0.461756,
1763897572640,1.24007,0.461756,1.24007,0.461756,
1763897572671,1.24007,0.461757,1.24007,0.461757,
1763897572722,1.24006,0.461757,1.24006,0.461757,
1763897572749,1.24006,0.461757,1.24006,0.461757,
1763897572792,1.24006,0.461758,1.24006,0.461758,
1763897572820,1.24006,0.461758,1.24006,0.461758,
1763897572858,1.24006,0.461758,1.24006,0.461758,
1763897572893,1.24006,0.461759,1.24006,0.461759,
1763897572926,1.24006,0.461759,1.24006,0.461759,
1763897572961,1.24006,0.46176,1.24006,0.46176,
1763897573008,1.24005,0.46176,1.24005,0.46176,
1763897573055,1.24005,0.461761,1.24005,0.461761,
1763897573083,1.24005,0.461761,1.24005,0.461761,
1763897573117,1.24005,0.461761,1.24005,0.461761,
1763897573152,1.24005,0.461762,1.24005,0.461762,
1763897573188,1.24005,0.461762,1.24005,0.461762,
1763897573227,1.24005,0.461762,1.24005,0.461762,
1763897573257,1.24005,0.461763,1.24005,0.461763,
1763897573291,1.24004,0.461763,1.24004,0.461763,
1763897573333,1.24004,0.461764,1.24004,0.461764,
1763897573369,1.24004,0.461764,1.24004,0.461764,
1763897573411,1.24004,0.461764,1.24004,0.461764,
1763897573450,1.24004,0.461765,1.24004,0.461765,
1763897573478,1.24004,0.461765,1.24004,0.461765,
1763897573518,1.24004,0.461765,1.24004,0.461765,
1763897573555,1.24004,0.461766,1.24004,0.461766,
1763897573597,1.24003,0.461766,1.24003,0.461766,
1763897573633,1.24003,0.461767,1.24003,0.461767,
1763897573670,1.24003,0.461767,1.24003,0.461767,
1763897573711,1.24003,0.461768,1.24003,0.461768,
1763897573732,1.24003,0.461768,1.24003,0.461768,
1763897573759,1.24003,0.461768,1.24003,0.461768,
1763897573799,1.24003,0.461769,1.24003,0.461769,
1763897573830,1.24003,0.461769,1.24003,0.461769,
1763897573863,1.24002,0.461769,1.24002,0.461769,
1763897573904,1.24002,0.46177,1.24002,0.46177,
1763897573938,1.24002,0.46177,1.24002,0.46177,
1763897573974,1.24002,0.461771,1.24002,0.461771,
1763897574019,1.24002,0.461771,1.24002,0.461771,
1763897574055,1.24002,0.461771,1.24002,0.461771,
1763897574107,1.24002,0.461772,1.24002,0.461772,
1763897574135,1.24002,0.461772,1.24002,0.461772,
1763897574181,1.24001,0.461773,1.24001,0.461773,
1763897574219,1.24001,0.461773,1.24001,0.461773,
1763897574259,1.24001,0.461774,1.24001,0.461773,
1763897574307,1.24001,0.461774,1.24001,0.461774,
1763897574340,1.24001,0.461774,1.24001,0.461774,
1763897574388,1.24001,0.461775,1.24001,0.461775,
1763897574415,1.24001,0.461775,1.24001,0.461775,
1763897574452,1.24001,0.461775,1.24001,0.461775,
1763897574485,1.24,0.461776,1.24,0.461776,
1763897574518,1.24,0.461776,1.24,0.461776,
1763897574557,1.24,0.461776,1.24,0.461776,
1763897574591,1.24,0.461777,1.24,0.461777,
1763897574633,1.24,0.461777,1.24,0.461777,
1763897574667,1.24,0.461778,1.24,0.461778,
1763897574709,1.24,0.461778,1.24,0.461778,
1763897574756,1.24,0.461779,1.24,0.461779,
1763897574781,1.23999,0.461779,1.23999,0.461779,
1763897574819,1.23999,0.461779,1.23999,0.461779,
1763897574850,1.23999,0.46178,1.23999,0.46178,
1763897574879,1.23999,0.46178,1.23999,0.46178,
1763897574906,1.23999,0.461781,1.23999,0.461781,
1763897574942,1.23999,0.461781,1.23999,0.461781,
1763897574977,1.23999,0.461781,1.23999,0.461781,
1763897575012,1.23999,0.461782,1.23999,0.461782,
1763897575063,1.23998,0.461782,1.23998,0.461782,
1763897575095,1.23998,0.461782,1.23998,0.461782,
1763897575129,1.23998,0.461783,1.23998,0.461783,
1763897575164,1.23998,0.461783,1.23998,0.461783,
1763897575203,1.23998,0.461784,1.23998,0.461784,
1763897575236,1.23998,0.461784,1.23998,0.461784,
1763897575281,1.23998,0.461785,1.23998,0.461785,
1763897575308,1.23998,0.461785,1.23998,0.461785,
1763897575341,1.23997,0.461785,1.23997,0.461785,
1763897575380,1.23997,0.461786,1.23997,0.461786,
1763897575419,1.23997,0.461786,1.23997,0.461786,
1763897575457,1.23997,0.461786,1.23997,0.461786,
1763897575504,1.23997,0.461787,1.23997,0.461787,
1763897575543,1.23997,0.461787,1.23997,0.461787,
1763897575577,1.23997,0.461788,1.23997,0.461788,
1763897575617,1.23997,0.461788,1.23997,0.461788,
1763897575654,1.23996,0.461788,1.23996,0.461788,
1763897575693,1.23996,0.461789,1.23996,0.461789,
1763897575722,1.23996,0.461789,1.23996,0.461789,
1763897575757,1.23996,0.461789,1.23996,0.461789,
1763897575790,1.23996,0.46179,1.23996,0.46179,
1763897575830,1.23996,0.46179,1.23996,0.46179,
1763897575869,1.23996,0.461791,1.23996,0.461791,
1763897575907,1.23996,0.461791,1.23996,0.461791,
1763897575936,1.23995,0.461791,1.23995,0.461791,
1763897575971,1.23995,0.461792,1.23995,0.461792,
1763897576008,1.23995,0.461792,1.23995,0.461792,
1763897576050,1.23995,0.461793,1.23995,0.461793,
1763897576102,1.23995,0.461793,1.23995,0.461793,
1763897576137,1.23995,0.461794,1.23995,0.461794,
1763897576177,1.23995,0.461794,1.23995,0.461794,
1763897576213,1.23995,0.461794,1.23995,0.461794,
1763897576255,1.23994,0.461794,1.23994,0.461794,
1763897576284,1.23994,0.461795,1.23994,0.461795,
1763897576323,1.23994,0.461795,1.23994,0.461795,
1763897576358,1.23994,0.461796,1.23994,0.461796,
1763897576392,1.23994,0.461796,1.23994,0.461796,
1763897576436,1.23994,0.461797,1.23994,0.461796,
1763897576474,1.23994,0.461797,1.23994,0.461797,
1763897576519,1.23994,0.461797,1.23994,0.461797,
1763897576550,1.23993,0.461798,1.23993,0.461798,
1763897576576,1.23993,0.461798,1.23993,0.461798,
1763897576607,1.23993,0.461798,1.23993,0.461798,
1763897576643,1.23993,0.461799,1.23993,0.461799,
1763897576674,1.23993,0.461799,1.23993,0.461799,
1763897576716,1.23993,0.4618,1.23993,0.4618,
1763897576763,1.23993,0.4618,1.23993,0.4618,
1763897576797,1.23993,0.461801,1.23993,0.461801,
1763897576840,1.23992,0.461801,1.23992,0.461801,
1763897576875,1.23992,0.461801,1.23992,0.461801,
1763897576916,1.23992,0.461802,1.23992,0.461802,
1763897576954,1.23992,0.461802,1.23992,0.461802,
1763897576992,1.23992,0.461802,1.23992,0.461802,
1763897577023,1.23992,0.461803,1.23992,0.461803,
1763897577065,1.23992,0.461803,1.23992,0.461803,
1763897577104,1.23992,0.461804,1.23992,0.461804,
1763897577148,1.23991,0.461804,1.23991,0.461804,
1763897577182,1.23991,0.461805,1.23991,0.461805,
1763897577218,1.23991,0.461805,1.23991,0.461805,
1763897577256,1.23991,0.461805,1.23991,0.461805,
1763897577291,1.23991,0.461806,1.23991,0.461806,
1763897577324,1.23991,0.461806,1.23991,0.461806,
1763897577362,1.23991,0.461806,1.23991,0.461806,
1763897577391,1.23991,0.461807,1.23991,0.461807,
1763897577437,1.2399,0.461807,1.2399,0.461807,
1763897577486,1.2399,0.461807,1.2399,0.461807,
1763897577528,1.2399,0.461808,1.2399,0.461808,
1763897577565,1.2399,0.461808,1.2399,0.461808,
1763897577611,1.2399,0.461809,1.2399,0.461809,
1763897577646,1.2399,0.461809,1.2399,0.461809,
1763897577678,1.2399,0.461809,1.2399,0.461809,
1763897577714,1.2399,0.46181,1.2399,0.46181,
1763897577754,1.23989,0.46181,1.23989,0.46181,
1763897577794,1.23989,0.461811,1.23989,0.461811,
1763897577825,1.23989,0.461811,1.23989,0.461811,
1763897577860,1.23989,0.461812,1.23989,0.461811,
1763897577899,1.23989,0.461812,1.23989,0.461812,
1763897577943,1.23989,0.461812,1.23989,0.461812,
1763897577979,1.23989,0.461813,1.23989,0.461813,
1763897578019,1.23989,0.461813,1.23989,0.461813,
1763897578053,1.23988,0.461813,1.23988,0.461813,
1763897578099,1.23988,0.461814,1.23988,0.461814,
1763897578141,1.23988,0.461814,1.23988,0.461814,
1763897578172,1.23988,0.461814,1.23988,0.461815,
1763897578207,1.23988,0.461815,1.23988,0.461815,
1763897578247,1.23988,0.461815,1.23988,0.461815,
1763897578276,1.23988,0.461816,1.23988,0.461816,
1763897578312,1.23988,0.461816,1.23988,0.461816,
1763897578347,1.23987,0.461817,1.23987,0.461816,
1763897578383,1.23987,0.461817,1.23987,0.461817,
1763897578418,1.23987,0.461817,1.23987,0.461817,
1763897578465,1.23987,0.461818,1.23987,0.461818,
1763897578501,1.23987,0.461818,1.23987,0.461818,
1763897578544,1.23987,0.461819,1.23987,0.461819,
1763897578575,1.23987,0.461819,1.23987,0.461819,
1763897578617,1.23987,0.461819,1.23987,0.461819,
1763897578656,1.23986,0.46182,1.23986,0.46182,
1763897578692,1.23986,0.46182,1.23986,0.46182,
1763897578724,1.23986,0.461821,1.23986,0.461821,
1763897578763,1.23986,0.461821,1.23986,0.461821,
1763897578804,1.23986,0.461821,1.23986,0.461821,
1763897578843,1.23986,0.461822,1.23986,0.461822,
1763897578867,1.23986,0.461822,1.23986,0.461822,
1763897578907,1.23986,0.461822,1.23986,0.461822,
1763897578942,1.23985,0.461823,1.23985,0.461823,
1763897578980,1.23985,0.461823,1.23985,0.461823,
1763897579023,1.23985,0.461824,1.23985,0.461824,
1763897579057,1.23985,0.461824,1.23985,0.461824,
1763897579085,1.23985,0.461824,1.23985,0.461824,
1763897579124,1.23985,0.461825,1.23985,0.461825,
1763897579158,1.23985,0.461825,1.23985,0.461825,
1763897579194,1.23985,0.461826,1.23985,0.461826,
1763897579234,1.23984,0.461826,1.23984,0.461826,
1763897579279,1.23984,0.461826,1.23984,0.461826,
1763897579323,1.23984,0.461827,1.23984,0.461827,
1763897579359,1.23984,0.461827,1.23984,0.461827,
1763897579411,1.23984,0.461828,1.23984,0.461828,
1763897579435,1.23984,0.461828,1.23984,0.461828,
1763897579460,1.23984,0.461828,1.23984,0.461828,
1763897579497,1.23983,0.461829,1.23983,0.461829,
1763897579541,1.23983,0.461829,1.23983,0.461829,
1763897579573,1.23983,0.461829,1.23983,0.461829,
1763897579613,1.23983,0.46183,1.23983,0.46183,
1763897579651,1.23983,0.46183,1.23983,0.46183,
1763897579685,1.23983,0.461831,1.23983,0.461831,
1763897579716,1.23983,0.461831,1.23983,0.461831,
1763897579749,1.23983,0.461832,1.23983,0.461832,
1763897579788,1.23982,0.461832,1.23982,0.461832,
1763897579836,1.23982,0.461832,1.23982,0.461832,
1763897579872,1.23982,0.461833,1.23982,0.461833,
1763897579907,1.23982,0.461833,1.23982,0.461833,
1763897579938,1.23982,0.461834,1.23982,0.461833,
1763897579979,1.23982,0.461834,1.23982,0.461834,
1763897580012,1.23982,0.461834,1.23982,0.461834,
1763897580041,1.23982,0.461835,1.23982,0.461835,
1763897580071,1.23982,0.461835,1.23982,0.461835,
1763897580118,1.23981,0.461835,1.23981,0.461835,
1763897580169,1.23981,0.461836,1.23981,0.461836,
1763897580219,1.23981,0.461836,1.23981,0.461836,
1763897580242,1.23981,0.461837,1.23981,0.461837,
1763897580283,1.23981,0.461837,1.23981,0.461837,
1763897580310,1.23981,0.461838,1.23981,0.461838,
1763897580342,1.23981,0.461838,1.23981,0.461838,
1763897580376,1.23981,0.461838,1.2398,0.461838,
1763897580413,1.2398,0.461839,1.2398,0.461839,
1763897580451,1.2398,0.461839,1.2398,0.461839,
1763897580498,1.2398,0.461839,1.2398,0.461839,
1763897580539,1.2398,0.46184,1.2398,0.46184,
1763897580578,1.2398,0.46184,1.2398,0.46184,
1763897580609,1.2398,0.46184,1.2398,0.46184,
1763897580646,1.2398,0.461841,1.2398,0.461841,
1763897580681,1.23979,0.461841,1.23979,0.461841,
1763897580710,1.23979,0.461842,1.23979,0.461842,
1763897580742,1.23979,0.461842,1.23979,0.461842,
1763897580792,1.23979,0.461842,1.23979,0.461842,
1763897580836,1.23979,0.461843,1.23979,0.461843,
1763897580873,1.23979,0.461843,1.23979,0.461843,
1763897580916,1.23979,0.461844,1.23979,0.461844,
1763897580951,1.23979,0.461844,1.23979,0.461844,
1763897580976,1.23978,0.461844,1.23978,0.461844,
1763897581023,1.23978,0.461845,1.23978,0.461845,
1763897581065,1.23978,0.461845,1.23978,0.461845,
1763897581097,1.23978,0.461846,1.23978,0.461846,
1763897581132,1.23978,0.461846,1.23978,0.461846,
1763897581158,1.23978,0.461846,1.23978,0.461846,
1763897581198,1.23978,0.461847,1.23978,0.461847,
1763897581239,1.23978,0.461847,1.23978,0.461847,
1763897581271,1.23977,0.461848,1.23977,0.461848,
1763897581310,1.23977,0.461848,1.23977,0.461848,
1763897581341,1.23977,0.461848,1.23977,0.461848,
1763897581377,1.23977,0.461849,1.23977,0.461849,
1763897581419,1.23977,0.461849,1.23977,0.461849,
1763897581463,1.23977,0.46185,1.23977,0.46185,
1763897581505,1.23977,0.46185,1.23977,0.46185,
1763897581549,1.23977,0.46185,1.23977,0.46185,
1763897581587,1.23976,0.461851,1.23976,0.461851,
1763897581619,1.23976,0.461851,1.23976,0.461851,
1763897581654,1.23976,0.461852,1.23976,0.461852,
1763897581693,1.23976,0.461852,1.23976,0.461852,
1763897581726,1.23976,0.461852,1.23976,0.461852,
1763897581765,1.23976,0.461853,1.23976,0.461853,
1763897581806,1.23976,0.461853,1.23976,0.461853,
1763897581850,1.23976,0.461853,1.23976,0.461854,
1763897581881,1.23975,0.461854,1.23975,0.461854,
1763897581928,1.23975,0.461854,1.23975,0.461854,
1763897581967,1.23975,0.461855,1.23975,0.461855,
1763897582003,1.23975,0.461855,1.23975,0.461855,
1763897582045,1.23975,0.461855,1.23975,0.461855,
1763897582082,1.23975,0.461856,1.23975,0.461856,
1763897582122,1.23975,0.461856,1.23975,0.461856,
1763897582165,1.23975,0.461857,1.23975,0.461857,
1763897582203,1.23974,0.461857,1.23974,0.461857,
1763897582242,1.23974,0.461858,1.23974,0.461857,
1763897582279,1.23974,0.461858,1.23974,0.461858,
1763897582313,1.23974,0.461858,1.23974,0.461858,
1763897582358,1.23974,0.461858,1.23974,0.461859,
1763897582382,1.23974,0.461859,1.23974,0.461859,
1763897582421,1.23974,0.461859,1.23974,0.461859,
1763897582464,1.23974,0.46186,1.23974,0.46186,
1763897582509,1.23973,0.46186,1.23973,0.46186,
1763897582542,1.23973,0.461861,1.23973,0.461861,
1763897582595,1.23973,0.461861,1.23973,0.461861,
1763897582641,1.23973,0.461861,1.23973,0.461861,
1763897582669,1.23973,0.461862,1.23973,0.461862,
1763897582703,1.23973,0.461862,1.23973,0.461862,
1763897582736,1.23973,0.461863,1.23973,0.461863,
1763897582765,1.23973,0.461863,1.23973,0.461863,
1763897582806,1.23972,0.461863,1.23972,0.461863,
1763897582840,1.23972,0.461864,1.23972,0.461864,
1763897582876,1.23972,0.461864,1.23972,0.461864,
1763897582919,1.23972,0.461864,1.23972,0.461864,
1763897582963,1.23972,0.461865,1.23972,0.461865,
1763897582995,1.23972,0.461865,1.23972,0.461865,
1763897583028,1.23972,0.461866,1.23972,0.461866,
1763897583060,1.23972,0.461866,1.23972,0.461866,
1763897583094,1.23971,0.461866,1.23971,0.461866,
1763897583141,1.23971,0.461867,1.23971,0.461867,
1763897583170,1.23971,0.461867,1.23971,0.461867,
1763897583206,1.23971,0.461867,1.23971,0.461867,
1763897583252,1.23971,0.461868,1.23971,0.461868,
1763897583290,1.23971,0.461868,1.23971,0.461868,
1763897583320,1.23971,0.461869,1.23971,0.461869,
1763897583358,1.23971,0.461869,1.23971,0.461869,
1763897583397,1.2397,0.46187,1.2397,0.46187,
1763897583431,1.2397,0.46187,1.2397,0.46187,
1763897583468,1.2397,0.46187,1.2397,0.46187,
1763897583525,1.2397,0.461871,1.2397,0.461871,
1763897583551,1.2397,0.461871,1.2397,0.461871,
1763897583592,1.2397,0.461872,1.2397,0.461872,
1763897583624,1.2397,0.461872,1.2397,0.461872,
1763897583661,1.2397,0.461872,1.2397,0.461872,
1763897583698,1.23969,0.461873,1.23969,0.461873,
1763897583729,1.23969,0.461873,1.23969,0.461873,
1763897583769,1.23969,0.461873,1.23969,0.461873,
1763897583807,1.23969,0.461874,1.23969,0.461874,
1763897583838,1.23969,0.461874,1.23969,0.461874,
1763897583869,1.23969,0.461875,1.23969,0.461875,
1763897583915,1.23969,0.461875,1.23969,0.461875,
1763897583942,1.23969,0.461875,1.23969,0.461875,
1763897583981,1.23968,0.461876,1.23968,0.461876,
1763897584019,1.23968,0.461876,1.23968,0.461876,
1763897584064,1.23968,0.461877,1.23968,0.461877,
1763897584104,1.23968,0.461877,1.23968,0.461877,
1763897584140,1.23968,0.461877,1.23968,0.461877,
1763897584170,1.23968,0.461878,1.23968,0.461878,
1763897584209,1.23968,0.461878,1.23968,0.461878,
1763897584241,1.23968,0.461879,1.23968,0.461879,
1763897584275,1.23967,0.461879,1.23967,0.461879,
1763897584311,1.23967,0.461879,1.23967,0.46188,
1763897584354,1.23967,0.46188,1.23967,0.46188,
1763897584387,1.23967,0.46188,1.23967,0.46188,
1763897584432,1.23967,0.461881,1.23967,0.461881,
1763897584464,1.23967,0.461881,1.23967,0.461881,
1763897584497,1.23967,0.461881,1.23967,0.461881,
1763897584533,1.23967,0.461882,1.23967,0.461882,
1763897584562,1.23966,0.461882,1.23966,0.461882,
1763897584609,1.23966,0.461883,1.23966,0.461883,
1763897584656,1.23966,0.461883,1.23966,0.461883,
1763897584691,1.23966,0.461883,1.23966,0.461883,
1763897584722,1.23966,0.461884,1.23966,0.461884,
1763897584756,1.23966,0.461884,1.23966,0.461884,
1763897584784,1.23966,0.461884,1.23966,0.461884,
1763897584824,1.23966,0.461885,1.23966,0.461885,
1763897584861,1.23965,0.461885,1.23965,0.461885,
1763897584904,1.23965,0.461886,1.23965,0.461886,
1763897584942,1.23965,0.461886,1.23965,0.461886,
1763897584987,1.23965,0.461887,1.23965,0.461887,
1763897585010,1.23965,0.461887,1.23965,0.461887,
1763897585044,1.23965,0.461887,1.23965,0.461887,
1763897585088,1.23965,0.461888,1.23965,0.461888,
1763897585121,1.23965,0.461888,1.23965,0.461888,
1763897585162,1.23964,0.461888,1.23964,0.461888,
1763897585201,1.23964,0.461889,1.23964,0.461889,
1763897585235,1.23964,0.461889,1.23964,0.461889,
1763897585271,1.23964,0.46189,1.23964,0.46189,
1763897585312,1.23964,0.46189,1.23964,0.46189,
1763897585351,1.23964,0.46189,1.23964,0.46189,
1763897585388,1.23964,0.461891,1.23964,0.461891,
1763897585422,1.23964,0.461891,1.23964,0.461891,
1763897585467,1.23963,0.461892,1.23963,0.461892,
1763897585500,1.23963,0.461892,1.23963,0.461892,
1763897585538,1.23963,0.461892,1.23963,0.461892,
1763897585580,1.23963,0.461893,1.23963,0.461893,
1763897585617,1.23963,0.461893,1.23963,0.461893,
1763897585647,1.23963,0.461894,1.23963,0.461894,
1763897585684,1.23963,0.461894,1.23963,0.461894,
1763897585719,1.23963,0.461894,1.23963,0.461894,
1763897585757,1.23962,0.461895,1.23962,0.461895,
1763897585787,1.23962,0.461895,1.23962,0.461895,
1763897585829,1.23962,0.461895,1.23962,0.461896,
1763897585867,1.23962,0.461896,1.23962,0.461896,
1763897585911,1.23962,0.461896,1.23962,0.461896,
1763897585945,1.23962,0.461897,1.23962,0.461897,
1763897585980,1.23962,0.461897,1.23962,0.461897,
1763897586015,1.23962,0.461898,1.23962,0.461898,
1763897586050,1.23961,0.461898,1.23961,0.461898,
1763897586090,1.23961,0.461898,1.23961,0.461898,
1763897586125,1.23961,0.461899,1.23961,0.461899,
1763897586155,1.23961,0.461899,1.23961,0.461899,
1763897586196,1.23961,0.461899,1.23961,0.461899,
1763897586242,1.23961,0.4619,1.23961,0.4619,
1763897586284,1.23961,0.4619,1.23961,0.4619,
1763897586318,1.23961,0.461901,1.23961,0.461901,
1763897586357,1.2396,0.461901,1.2396,0.461901,
1763897586386,1.2396,0.461901,1.2396,0.461901,
1763897586426,1.2396,0.461902,1.2396,0.461902,
1763897586464,1.2396,0.461902,1.2396,0.461902,
1763897586494,1.2396,0.461903,1.2396,0.461903,
1763897586535,1.2396,0.461903,1.2396,0.461903,
1763897586575,1.2396,0.461903,1.2396,0.461903,
1763897586611,1.2396,0.461904,1.2396,0.461904,
1763897586645,1.23959,0.461904,1.23959,0.461904,
1763897586681,1.23959,0.461905,1.23959,0.461905,
1763897586710,1.23959,0.461905,1.23959,0.461905,
1763897586742,1.23959,0.461905,1.23959,0.461905,
1763897586779,1.23959,0.461906,1.23959,0.461906,
1763897586816,1.23959,0.461906,1.23959,0.461906,
1763897586858,1.23959,0.461906,1.23959,0.461906,
1763897586885,1.23959,0.461907,1.23959,0.461907,
1763897586916,1.23958,0.461907,1.23958,0.461907,
1763897586962,1.23958,0.461908,1.23958,0.461908,
1763897586990,1.23958,0.461908,1.23958,0.461908,
1763897587035,1.23958,0.461909,1.23958,0.461908,
1763897587068,1.23958,0.461909,1.23958,0.461909,
1763897587116,1.23958,0.461909,1.23958,0.461909,
1763897587150,1.23958,0.46191,1.23958,0.46191,
1763897587185,1.23958,0.46191,1.23958,0.46191,
1763897587213,1.23957,0.46191,1.23957,0.46191,
1763897587259,1.23957,0.461911,1.23957,0.461911,
1763897587288,1.23957,0.461911,1.23957,0.461911,
1763897587320,1.23957,0.461911,1.23957,0.461911,
1763897587356,1.23957,0.461912,1.23957,0.461912,
1763897587397,1.23957,0.461912,1.23957,0.461912,
1763897587437,1.23957,0.461913,1.23957,0.461913,
1763897587484,1.23957,0.461913,1.23957,0.461913,
1763897587518,1.23956,0.461914,1.23956,0.461914,
1763897587552,1.23956,0.461914,1.23956,0.461914,
1763897587590,1.23956,0.461914,1.23956,0.461914,
1763897587635,1.23956,0.461914,1.23956,0.461915,
1763897587679,1.23956,0.461915,1.23956,0.461915,
1763897587722,1.23956,0.461915,1.23956,0.461915,
1763897587750,1.23956,0.461916,1.23956,0.461916,
1763897587784,1.23956,0.461916,1.23956,0.461916,
1763897587818,1.23955,0.461917,1.23955,0.461917,
1763897587852,1.23955,0.461917,1.23955,0.461917,
1763897587886,1.23955,0.461917,1.23955,0.461917,
1763897587927,1.23955,0.461918,1.23955,0.461918,
1763897587960,1.23955,0.461918,1.23955,0.461918,
1763897588003,1.23955,0.461919,1.23955,0.461919,
1763897588041,1.23955,0.461919,1.23955,0.461919,
1763897588075,1.23955,0.461919,1.23955,0.461919,
1763897588116,1.23954,0.46192,1.23954,0.46192,
1763897588149,1.23954,0.46192,1.23954,0.46192,
1763897588190,1.23954,0.461921,1.23954,0.461921,
1763897588223,1.23954,0.461921,1.23954,0.461921,
1763897588272,1.23954,0.461922,1.23954,0.461921,
1763897588299,1.23954,0.461922,1.23954,0.461922,
1763897588331,1.23954,0.461922,1.23954,0.461922,
1763897588364,1.23954,0.461923,1.23954,0.461923,
1763897588407,1.23953,0.461923,1.23953,0.461923,
1763897588441,1.23953,0.461923,1.23953,0.461923,
1763897588487,1.23953,0.461924,1.23953,0.461924,
1763897588515,1.23953,0.461924,1.23953,0.461924,
1763897588551,1.23953,0.461925,1.23953,0.461925,
1763897588586,1.23953,0.461925,1.23953,0.461925,
1763897588631,1.23953,0.461925,1.23953,0.461925,
1763897588659,1.23953,0.461926,1.23953,0.461926,
1763897588704,1.23952,0.461926,1.23952,0.461926,
1763897588736,1.23952,0.461927,1.23952,0.461927,
1763897588768,1.23952,0.461927,1.23952,0.461927,
1763897588801,1.23952,0.461927,1.23952,0.461927,
1763897588839,1.23952,0.461927,1.23952,0.461927,
1763897588874,1.23952,0.461928,1.23952,0.461928,
1763897588913,1.23952,0.461928,1.23952,0.461928,
1763897588955,1.23952,0.461929,1.23952,0.461929,
1763897589005,1.23951,0.461929,1.23951,0.461929,
1763897589046,1.23951,0.46193,1.23951,0.46193,
1763897589081,1.23951,0.46193,1.23951,0.46193,
1763897589110,1.23951,0.46193,1.23951,0.46193,
1763897589155,1.23951,0.461931,1.23951,0.461931,
1763897589189,1.23951,0.461931,1.23951,0.461931,
1763897589232,1.23951,0.461932,1.23951,0.461932,
1763897589269,1.23951,0.461932,1.23951,0.461932,
1763897589315,1.2395,0.461932,1.2395,0.461932,
1763897589352,1.2395,0.461933,1.2395,0.461933,
1763897589381,1.2395,0.461933,1.2395,0.461933,
1763897589421,1.2395,0.461934,1.2395,0.461934,
1763897589454,1.2395,0.461934,1.2395,0.461934,
1763897589488,1.2395,0.461934,1.2395,0.461934,
1763897589528,1.2395,0.461935,1.2395,0.461935,
1763897589567,1.2395,0.461935,1.2395,0.461935,
1763897589593,1.23949,0.461935,1.23949,0.461935,
1763897589633,1.23949,0.461936,1.23949,0.461936,
1763897589664,1.23949,0.461936,1.23949,0.461936,
1763897589701,1.23949,0.461937,1.23949,0.461937,
1763897589745,1.23949,0.461937,1.23949,0.461937,
1763897589791,1.23949,0.461938,1.23949,0.461938,
1763897589826,1.23949,0.461938,1.23949,0.461938,
1763897589865,1.23949,0.461938,1.23949,0.461938,
1763897589906,1.23948,0.461939,1.23948,0.461939,
1763897589941,1.23948,0.461939,1.23948,0.461939,
1763897589978,1.23948,0.461939,1.23948,0.461939,
1763897590014,1.23948,0.46194,1.23948,0.46194,
1763897590050,1.23948,0.46194,1.23948,0.46194,
1763897590076,1.23948,0.461941,1.23948,0.461941,
1763897590119,1.23948,0.461941,1.23948,0.461941,
1763897590159,1.23948,0.461941,1.23948,0.461941,
1763897590191,1.23947,0.461942,1.23947,0.461942,
1763897590229,1.23947,0.461942,1.23947,0.461942,
1763897590263,1.23947,0.461943,1.23947,0.461943,
1763897590292,1.23947,0.461943,1.23947,0.461943,
1763897590340,1.23947,0.461943,1.23947,0.461943,
1763897590369,1.23947,0.461944,1.23947,0.461944,
1763897590407,1.23947,0.461944,1.23947,0.461944,
1763897590452,1.23947,0.461945,1.23947,0.461945,
1763897590488,1.23946,0.461945,1.23946,0.461945,
1763897590524,1.23946,0.461945,1.23946,0.461945,
1763897590565,1.23946,0.461946,1.23946,0.461946,
1763897590606,1.23946,0.461946,1.23946,0.461946,
1763897590629,1.23946,0.461947,1.23946,0.461947,
1763897590668,1.23946,0.461947,1.23946,0.461947,
1763897590704,1.23946,0.461947,1.23946,0.461947,
1763897590738,1.23946,0.461948,1.23946,0.461948,
1763897590790,1.23945,0.461948,1.23945,0.461948,
1763897590829,1.23945,0.461948,1.23945,0.461948,
1763897590863,1.23945,0.461949,1.23945,0.461949,
1763897590898,1.23945,0.461949,1.23945,0.461949,
1763897590938,1.23945,0.461949,1.23945,0.461949,
1763897590969,1.23945,0.46195,1.23945,0.46195,
1763897591005,1.23945,0.46195,1.23945,0.46195,
1763897591045,1.23945,0.461951,1.23945,0.461951,
1763897591095,1.23944,0.461951,1.23944,0.461951,
1763897591131,1.23944,0.461952,1.23944,0.461952,
1763897591160,1.23944,0.461952,1.23944,0.461952,
1763897591186,1.23944,0.461952,1.23944,0.461952,
1763897591232,1.23944,0.461953,1.23944,0.461953,
1763897591260,1.23944,0.461953,1.23944,0.461953,
1763897591301,1.23944,0.461953,1.23944,0.461954,
1763897591336,1.23944,0.461954,1.23944,0.461954,
1763897591372,1.23943,0.461954,1.23943,0.461954,
1763897591415,1.23943,0.461955,1.23943,0.461955,
1763897591460,1.23943,0.461955,1.23943,0.461955,
1763897591495,1.23943,0.461956,1.23943,0.461956,
1763897591525,1.23943,0.461956,1.23943,0.461956,
1763897591562,1.23943,0.461956,1.23943,0.461956,
1763897591602,1.23943,0.461957,1.23943,0.461957,
1763897591635,1.23942,0.461957,1.23942,0.461957,
1763897591674,1.23942,0.461957,1.23942,0.461957,
1763897591708,1.23942,0.461958,1.23942,0.461958,
1763897591749,1.23942,0.461958,1.23942,0.461958,
1763897591787,1.23942,0.461959,1.23942,0.461959,
1763897591822,1.23942,0.461959,1.23942,0.461959,
1763897591872,1.23942,0.461959,1.23942,0.461959,
1763897591899,1.23942,0.46196,1.23942,0.46196,
1763897591936,1.23942,0.46196,1.23942,0.46196,
1763897591973,1.23941,0.461961,1.23941,0.461961,
1763897592020,1.23941,0.461961,1.23941,0.461961,
1763897592053,1.23941,0.461961,1.23941,0.461961,
1763897592089,1.23941,0.461962,1.23941,0.461962,
1763897592120,1.23941,0.461962,1.23941,0.461962,
1763897592167,1.23941,0.461963,1.23941,0.461963,
1763897592203,1.23941,0.461963,1.23941,0.461963,
1763897592248,1.2394,0.461963,1.2394,0.461963,
1763897592284,1.2394,0.461964,1.2394,0.461964,
1763897592321,1.2394,0.461964,1.2394,0.461964,
1763897592354,1.2394,0.461965,1.2394,0.461965,
1763897592392,1.2394,0.461965,1.2394,0.461965,
1763897592422,1.2394,0.461965,1.2394,0.461965,
1763897592453,1.2394,0.461966,1.2394,0.461966,
1763897592498,1.2394,0.461966,1.2394,0.461966,
1763897592535,1.23939,0.461966,1.23939,0.461966,
1763897592572,1.23939,0.461967,1.23939,0.461967,
1763897592605,1.23939,0.461967,1.23939,0.461967,
1763897592638,1.23939,0.461968,1.23939,0.461968,
1763897592674,1.23939,0.461968,1.23939,0.461968,
1763897592713,1.23939,0.461968,1.23939,0.461968,
1763897592751,1.23939,0.461969,1.23939,0.461969,
1763897592784,1.23939,0.461969,1.23939,0.461969,
1763897592814,1.23939,0.46197,1.23939,0.46197,
1763897592858,1.23938,0.46197,1.23938,0.46197,
1763897592901,1.23938,0.461971,1.23938,0.461971,
1763897592951,1.23938,0.461971,1.23938,0.461971,
1763897592978,1.23938,0.461971,1.23938,0.461971,
1763897593018,1.23938,0.461971,1.23938,0.461972,
1763897593059,1.23938,0.461972,1.23938,0.461972,
1763897593095,1.23938,0.461972,1.23938,0.461972,
1763897593143,1.23937,0.461973,1.23937,0.461973,
1763897593171,1.23937,0.461973,1.23937,0.461973,
1763897593203,1.23937,0.461974,1.23937,0.461974,
1763897593252,1.23937,0.461974,1.23937,0.461974,
1763897593283,1.23937,0.461974,1.23937,0.461974,
1763897593309,1.23937,0.461975,1.23937,0.461975,
1763897593352,1.23937,0.461975,1.23937,0.461975,
1763897593388,1.23937,0.461975,1.23937,0.461975,
1763897593439,1.23936,0.461976,1.23936,0.461976,
1763897593471,1.23936,0.461976,1.23936,0.461976,
1763897593510,1.23936,0.461977,1.23936,0.461977,
1763897593537,1.23936,0.461977,1.23936,0.461977,
1763897593569,1.23936,0.461978,1.23936,0.461978,
1763897593606,1.23936,0.461978,1.23936,0.461978,
1763897593640,1.23936,0.461978,1.23936,0.461978,
1763897593678,1.23936,0.461979,1.23936,0.461979,
1763897593718,1.23935,0.461979,1.23935,0.461979,
1763897593761,1.23935,0.46198,1.23935,0.46198,
1763897593803,1.23935,0.46198,1.23935,0.46198,
1763897593834,1.23935,0.46198,1.23935,0.46198,
1763897593869,1.23935,0.461981,1.23935,0.461981,
1763897593904,1.23935,0.461981,1.23935,0.461981,
1763897593951,1.23935,0.461982,1.23935,0.461981,
1763897593980,1.23935,0.461982,1.23935,0.461982,
1763897594030,1.23934,0.461982,1.23934,0.461982,
1763897594059,1.23934,0.461983,1.23934,0.461983,
1763897594096,1.23934,0.461983,1.23934,0.461983,
1763897594147,1.23934,0.461983,1.23934,0.461983,
1763897594190,1.23934,0.461984,1.23934,0.461984,
1763897594229,1.23934,0.461984,1.23934,0.461984,
1763897594276,1.23934,0.461984,1.23934,0.461984,
1763897594319,1.23934,0.461985,1.23934,0.461985,
1763897594359,1.23933,0.461985,1.23933,0.461985,
1763897594395,1.23933,0.461986,1.23933,0.461986,
1763897594432,1.23933,0.461986,1.23933,0.461986,
1763897594465,1.23933,0.461987,1.23933,0.461987,
1763897594498,1.23933,0.461987,1.23933,0.461987,
1763897594532,1.23933,0.461987,1.23933,0.461987,
1763897594578,1.23933,0.461988,1.23933,0.461988,
1763897594617,1.23933,0.461988,1.23933,0.461988,
1763897594657,1.23932,0.461988,1.23932,0.461988,
1763897594689,1.23932,0.461989,1.23932,0.461989,
1763897594719,1.23932,0.461989,1.23932,0.461989,
1763897594751,1.23932,0.46199,1.23932,0.46199,
1763897594792,1.23932,0.46199,1.23932,0.46199,
1763897594822,1.23932,0.46199,1.23932,0.46199,
1763897594867,1.23932,0.461991,1.23932,0.461991,
1763897594905,1.23932,0.461991,1.23932,0.461991,
1763897594939,1.23931,0.461992,1.23931,0.461992,
1763897594967,1.23931,0.461992,1.23931,0.461992,
1763897594999,1.23931,0.461992,1.23931,0.461992,
1763897595042,1.23931,0.461993,1.23931,0.461993,
1763897595087,1.23931,0.461993,1.23931,0.461993,
1763897595126,1.23931,0.461993,1.23931,0.461993,
1763897595157,1.23931,0.461994,1.23931,0.461994,
1763897595192,1.23931,0.461994,1.23931,0.461994,
1763897595222,1.2393,0.461995,1.2393,0.461995,
1763897595259,1.2393,0.461995,1.2393,0.461995,
1763897595305,1.2393,0.461995,1.2393,0.461995,
1763897595328,1.2393,0.461996,1.2393,0.461996,
1763897595368,1.2393,0.461996,1.2393,0.461996,
1763897595412,1.2393,0.461997,1.2393,0.461997,
1763897595455,1.2393,0.461997,1.2393,0.461997,
1763897595511,1.2393,0.461997,1.2393,0.461997,
1763897595536,1.23929,0.461998,1.23929,0.461998,
1763897595569,1.23929,0.461998,1.23929,0.461998,
1763897595611,1.23929,0.461999,1.23929,0.461999,
1763897595648,1.23929,0.461999,1.23929,0.461999,
1763897595694,1.23929,0.462,1.23929,0.462,
1763897595726,1.23929,0.462,1.23929,0.462,
1763897595757,1.23929,0.462,1.23929,0.462,
1763897595789,1.23929,0.462,1.23929,0.462001,
1763897595826,1.23928,0.462001,1.23928,0.462001,
1763897595861,1.23928,0.462001,1.23928,0.462001,
1763897595895,1.23928,0.462002,1.23928,0.462002,
1763897595937,1.23928,0.462002,1.23928,0.462002,
1763897595979,1.23928,0.462003,1.23928,0.462003,
1763897596015,1.23928,0.462003,1.23928,0.462003,
1763897596049,1.23928,0.462003,1.23928,0.462003,
1763897596084,1.23928,0.462004,1.23928,0.462004,
1763897596133,1.23927,0.462004,1.23927,0.462004,
1763897596175,1.23927,0.462005,1.23927,0.462005,
1763897596199,1.23927,0.462005,1.23927,0.462005,
1763897596235,1.23927,0.462005,1.23927,0.462005,
1763897596271,1.23927,0.462006,1.23927,0.462006,
1763897596306,1.23927,0.462006,1.23927,0.462006,
1763897596340,1.23927,0.462007,1.23927,0.462007,
1763897596378,1.23927,0.462007,1.23927,0.462007,
1763897596417,1.23926,0.462007,1.23926,0.462007,
1763897596459,1.23926,0.462008,1.23926,0.462008,
1763897596494,1.23926,0.462008,1.23926,0.462008,
1763897596539,1.23926,0.462009,1.23926,0.462009,
1763897596574,1.23926,0.462009,1.23926,0.462009,
1763897596619,1.23926,0.462009,1.23926,0.462009,
1763897596647,1.23926,0.46201,1.23926,0.46201,
1763897596679,1.23926,0.46201,1.23926,0.46201,
1763897596725,1.23925,0.46201,1.23925,0.46201,
1763897596755,1.23925,0.462011,1.23925,0.462011,
1763897596800,1.23925,0.462011,1.23925,0.462011,
1763897596827,1.23925,0.462011,1.23925,0.462011,
1763897596860,1.23925,0.462012,1.23925,0.462012,
1763897596898,1.23925,0.462012,1.23925,0.462012,
1763897596934,1.23925,0.462013,1.23925,0.462013,
1763897596967,1.23925,0.462013,1.23925,0.462013,
1763897596998,1.23924,0.462014,1.23924,0.462014,
1763897597042,1.23924,0.462014,1.23924,0.462014,
1763897597077,1.23924,0.462014,1.23924,0.462014,
1763897597117,1.23924,0.462015,1.23924,0.462015,
1763897597145,1.23924,0.462015,1.23924,0.462015,
1763897597182,1.23924,0.462016,1.23924,0.462016,
1763897597214,1.23924,0.462016,1.23924,0.462016,
1763897597245,1.23924,0.462016,1.23924,0.462016,
1763897597278,1.23923,0.462017,1.23923,0.462017,
1763897597324,1.23923,0.462017,1.23923,0.462017,
1763897597355,1.23923,0.462017,1.23923,0.462017,
1763897597407,1.23923,0.462018,1.23923,0.462018,
1763897597447,1.23923,0.462018,1.23923,0.462018,
1763897597477,1.23923,0.462019,1.23923,0.462019,
1763897597512,1.23923,0.462019,1.23923,0.462019,
1763897597552,1.23923,0.462019,1.23923,0.462019,
1763897597583,1.23922,0.46202,1.23922,0.46202,
1763897597618,1.23922,0.46202,1.23922,0.46202,
1763897597662,1.23922,0.462021,1.23922,0.462021,
1763897597695,1.23922,0.462021,1.23922,0.462021,
1763897597726,1.23922,0.462021,1.23922,0.462021,
1763897597768,1.23922,0.462022,1.23922,0.462022,
1763897597804,1.23922,0.462022,1.23922,0.462022,
1763897597838,1.23922,0.462023,1.23922,0.462023,
1763897597867,1.23921,0.462023,1.23921,0.462023,
1763897597910,1.23921,0.462023,1.23921,0.462023,
1763897597938,1.23921,0.462024,1.23921,0.462024,
1763897597983,1.23921,0.462024,1.23921,0.462024,
1763897598016,1.23921,0.462024,1.23921,0.462024,
1763897598047,1.23921,0.462025,1.23921,0.462025,
1763897598080,1.23921,0.462025,1.23921,0.462025,
1763897598125,1.23921,0.462026,1.23921,0.462026,
1763897598165,1.2392,0.462026,1.2392,0.462026,
1763897598206,1.2392,0.462027,1.2392,0.462027,
1763897598241,1.2392,0.462027,1.2392,0.462027,
1763897598275,1.2392,0.462027,1.2392,0.462027,
1763897598310,1.2392,0.462028,1.2392,0.462028,
1763897598346,1.2392,0.462028,1.2392,0.462028,
1763897598394,1.2392,0.462028,1.2392,0.462028,
1763897598430,1.2392,0.462029,1.2392,0.462029,
1763897598464,1.23919,0.462029,1.23919,0.462029,
1763897598496,1.23919,0.46203,1.23919,0.46203,
1763897598536,1.23919,0.46203,1.23919,0.46203,
1763897598574,1.23919,0.462031,1.23919,0.462031,
1763897598608,1.23919,0.462031,1.23919,0.462031,
1763897598648,1.23919,0.462031,1.23919,0.462031,
1763897598679,1.23919,0.462031,1.23919,0.462032,
1763897598714,1.23919,0.462032,1.23919,0.462032,
1763897598745,1.23918,0.462032,1.23918,0.462032,
1763897598790,1.23918,0.462033,1.23918,0.462033,
1763897598827,1.23918,0.462033,1.23918,0.462033,
1763897598858,1.23918,0.462034,1.23918,0.462034,
1763897598901,1.23918,0.462034,1.23918,0.462034,
1763897598942,1.23918,0.462034,1.23918,0.462034,
1763897598976,1.23918,0.462035,1.23918,0.462035,
1763897599016,1.23918,0.462035,1.23918,0.462035,
1763897599052,1.23917,0.462035,1.23917,0.462035,
1763897599091,1.23917,0.462036,1.23917,0.462036,
1763897599121,1.23917,0.462036,1.23917,0.462036,
1763897599159,1.23917,0.462037,1.23917,0.462037,
1763897599196,1.23917,0.462037,1.23917,0.462037,
1763897599230,1.23917,0.462038,1.23917,0.462038,
1763897599269,1.23917,0.462038,1.23917,0.462038,
1763897599311,1.23917,0.462038,1.23917,0.462038,
1763897599351,1.23916,0.462039,1.23916,0.462039,
1763897599386,1.23916,0.462039,1.23916,0.462039,
1763897599423,1.23916,0.462039,1.23916,0.462039,
1763897599473,1.23916,0.46204,1.23916,0.46204,
1763897599508,1.23916,0.46204,1.23916,0.46204,
1763897599545,1.23916,0.462041,1.23916,0.462041,
1763897599588,1.23916,0.462041,1.23916,0.462041,
1763897599634,1.23916,0.462041,1.23916,0.462041,
1763897599679,1.23915,0.462042,1.23915,0.462042,
1763897599713,1.23915,0.462042,1.23915,0.462042,
1763897599743,1.23915,0.462043,1.23915,0.462043,
1763897599778,1.23915,0.462043,1.23915,0.462043,
1763897599819,1.23915,0.462043,1.23915,0.462043,
1763897599853,1.23915,0.462044,1.23915,0.462044,
1763897599903,1.23915,0.462044,1.23915,0.462044,
1763897599938,1.23915,0.462045,1.23915,0.462045,
1763897599976,1.23914,0.462045,1.23914,0.462045,
1763897600012,1.23914,0.462045,1.23914,0.462045,
1763897600049,1.23914,0.462046,1.23914,0.462046,
1763897600087,1.23914,0.462046,1.23914,0.462046,
1763897600136,1.23914,0.462047,1.23914,0.462047,
1763897600175,1.23914,0.462047,1.23914,0.462047,
1763897600200,1.23914,0.462047,1.23914,0.462047,
1763897600237,1.23914,0.462048,1.23914,0.462048,
1763897600266,1.23913,0.462048,1.23913,0.462048,
1763897600312,1.23913,0.462048,1.23913,0.462048,
1763897600356,1.23913,0.462049,1.23913,0.462049,
1763897600399,1.23913,0.462049,1.23913,0.462049,
1763897600437,1.23913,0.46205,1.23913,0.46205,
1763897600473,1.23913,0.46205,1.23913,0.46205,
1763897600511,1.23913,0.462051,1.23913,0.462051,
1763897600548,1.23913,0.462051,1.23913,0.462051,
1763897600592,1.23912,0.462051,1.23912,0.462051,
1763897600621,1.23912,0.462052,1.23912,0.462052,
1763897600659,1.23912,0.462052,1.23912,0.462052,
1763897600697,1.23912,0.462052,1.23912,0.462052,
1763897600731,1.23912,0.462053,1.23912,0.462053,
1763897600772,1.23912,0.462053,1.23912,0.462053,
1763897600803,1.23912,0.462053,1.23912,0.462053,
1763897600835,1.23912,0.462054,1.23912,0.462054,
1763897600871,1.23911,0.462054,1.23911,0.462054,
1763897600905,1.23911,0.462055,1.23911,0.462055,
1763897600942,1.23911,0.462055,1.23911,0.462055,
1763897600977,1.23911,0.462056,1.23911,0.462056,
1763897601015,1.23911,0.462056,1.23911,0.462056,
1763897601056,1.23911,0.462056,1.23911,0.462056,
1763897601081,1.23911,0.462057,1.23911,0.462057,
1763897601122,1.23911,0.462057,1.23911,0.462057,
1763897601160,1.2391,0.462057,1.2391,0.462057,
1763897601197,1.2391,0.462058,1.2391,0.462058,
1763897601234,1.2391,0.462058,1.2391,0.462058,
1763897601268,1.2391,0.462059,1.2391,0.462059,
1763897601304,1.2391,0.462059,1.2391,0.462059,
1763897601349,1.2391,0.462059,1.2391,0.462059,
1763897601384,1.2391,0.46206,1.2391,0.46206,
1763897601415,1.2391,0.46206,1.2391,0.46206,
1763897601461,1.23909,0.462061,1.23909,0.462061,
1763897601497,1.23909,0.462061,1.23909,0.462061,
1763897601535,1.23909,0.462061,1.23909,0.462061,
1763897601581,1.23909,0.462062,1.23909,0.462062,
1763897601620,1.23909,0.462062,1.23909,0.462062,
1763897601650,1.23909,0.462063,1.23909,0.462063,
1763897601689,1.23909,0.462063,1.23909,0.462063,
1763897601731,1.23909,0.462063,1.23909,0.462063,
1763897601773,1.23908,0.462064,1.23908,0.462064,
1763897601807,1.23908,0.462064,1.23908,0.462064,
1763897601838,1.23908,0.462065,1.23908,0.462065,
1763897601879,1.23908,0.462065,1.23908,0.462065,
1763897601910,1.23908,0.462065,1.23908,0.462065,
1763897601954,1.23908,0.462066,1.23908,0.462066,
1763897601995,1.23908,0.462066,1.23908,0.462066,
1763897602015,1.23908,0.462066,1.23908,0.462066,
1763897602047,1.23907,0.462067,1.23907,0.462067,
1763897602082,1.23907,0.462067,1.23907,0.462067,
1763897602123,1.23907,0.462068,1.23907,0.462068,
1763897602156,1.23907,0.462068,1.23907,0.462068,
1763897602201,1.23907,0.462069,1.23907,0.462068,
1763897602235,1.23907,0.462069,1.23907,0.462069,
1763897602269,1.23907,0.462069,1.23907,0.462069,
1763897602307,1.23907,0.46207,1.23907,0.46207,
1763897602340,1.23906,0.46207,1.23906,0.46207,
1763897602388,1.23906,0.46207,1.23906,0.46207,
1763897602439,1.23906,0.462071,1.23906,0.462071,
1763897602469,1.23906,0.462071,1.23906,0.462071,
1763897602505,1.23906,0.462072,1.23906,0.462072,
1763897602529,1.23906,0.462072,1.23906,0.462072,
1763897602566,1.23906,0.462072,1.23906,0.462072,
1763897602596,1.23906,0.462073,1.23906,0.462073,
1763897602631,1.23905,0.462073,1.23905,0.462073,
1763897602675,1.23905,0.462074,1.23905,0.462074,
1763897602709,1.23905,0.462074,1.23905,0.462074,
1763897602741,1.23905,0.462074,1.23905,0.462074,
1763897602783,1.23905,0.462075,1.23905,0.462075,
1763897602814,1.23905,0.462075,1.23905,0.462075,
1763897602854,1.23905,0.462076,1.23905,0.462075,
1763897602893,1.23905,0.462076,1.23905,0.462076,
1763897602930,1.23904,0.462076,1.23904,0.462076,
1763897602976,1.23904,0.462077,1.23904,0.462077,
1763897603009,1.23904,0.462077,1.23904,0.462077,
1763897603039,1.23904,0.462077,1.23904,0.462077,
1763897603078,1.23904,0.462078,1.23904,0.462078,
1763897603118,1.23904,0.462078,1.23904,0.462078,
1763897603141,1.23904,0.462079,1.23904,0.462079,
1763897603185,1.23904,0.462079,1.23904,0.462079,
1763897603231,1.23903,0.46208,1.23903,0.46208,
1763897603260,1.23903,0.46208,1.23903,0.46208,
1763897603289,1.23903,0.46208,1.23903,0.46208,
1763897603319,1.23903,0.462081,1.23903,0.462081,
1763897603354,1.23903,0.462081,1.23903,0.462081,
1763897603404,1.23903,0.462081,1.23903,0.462081,
1763897603452,1.23903,0.462082,1.23903,0.462082,
1763897603481,1.23903,0.462082,1.23903,0.462082,
1763897603519,1.23902,0.462083,1.23902,0.462083,
1763897603553,1.23902,0.462083,1.23902,0.462083,
1763897603583,1.23902,0.462083,1.23902,0.462083,
1763897603620,1.23902,0.462084,1.23902,0.462084,
1763897603665,1.23902,0.462084,1.23902,0.462084,
1763897603691,1.23902,0.462084,1.23902,0.462084,
1763897603727,1.23902,0.462085,1.23902,0.462085,
1763897603769,1.23902,0.462085,1.23902,0.462085,
1763897603805,1.23901,0.462086,1.23901,0.462086,
1763897603837,1.23901,0.462086,1.23901,0.462086,
1763897603885,1.23901,0.462086,1.23901,0.462086,
1763897603917,1.23901,0.462087,1.23901,0.462087,
1763897603947,1.23901,0.462087,1.23901,0.462087,
1763897603983,1.23901,0.462088,1.23901,0.462088,
1763897604013,1.23901,0.462088,1.23901,0.462088,
1763897604048,1.23901,0.462089,1.23901,0.462089,
1763897604088,1.239,0.462089,1.239,0.462089,
1763897604135,1.239,0.462089,1.239,0.462089,
1763897604175,1.239,0.462089,1.239,0.462089,
1763897604206,1.239,0.46209,1.239,0.46209,
1763897604238,1.239,0.46209,1.239,0.46209,
1763897604269,1.239,0.462091,1.239,0.462091,
1763897604311,1.239,0.462091,1.239,0.462091,
1763897604353,1.239,0.462092,1.239,0.462092,
1763897604387,1.23899,0.462092,1.23899,0.462092,
1763897604426,1.23899,0.462092,1.23899,0.462092,
1763897604461,1.23899,0.462093,1.23899,0.462093,
1763897604496,1.23899,0.462093,1.23899,0.462093,
1763897604535,1.23899,0.462093,1.23899,0.462093,
1763897604573,1.23899,0.462094,1.23899,0.462094,
1763897604606,1.23899,0.462094,1.23899,0.462094,
1763897604648,1.23898,0.462095,1.23898,0.462095,
1763897604682,1.23898,0.462095,1.23898,0.462095,
1763897604711,1.23898,0.462095,1.23898,0.462095,
1763897604754,1.23898,0.462096,1.23898,0.462096,
1763897604793,1.23898,0.462096,1.23898,0.462096,
1763897604832,1.23898,0.462097,1.23898,0.462097,
1763897604869,1.23898,0.462097,1.23898,0.462097,
1763897604907,1.23898,0.462097,1.23898,0.462097,
1763897604938,1.23898,0.462098,1.23898,0.462098,
1763897604973,1.23897,0.462098,1.23897,0.462098,
1763897605015,1.23897,0.462099,1.23897,0.462099,
1763897605051,1.23897,0.462099,1.23897,0.462099,
1763897605092,1.23897,0.462099,1.23897,0.462099,
1763897605124,1.23897,0.4621,1.23897,0.4621,
1763897605168,1.23897,0.4621,1.23897,0.4621,
1763897605216,1.23897,0.462101,1.23897,0.462101,
1763897605246,1.23896,0.462101,1.23896,0.462101,
1763897605274,1.23896,0.462101,1.23896,0.462101,
1763897605303,1.23896,0.462102,1.23896,0.462102,
1763897605339,1.23896,0.462102,1.23896,0.462102,
1763897605381,1.23896,0.462102,1.23896,0.462102,
1763897605418,1.23896,0.462103,1.23896,0.462103,
1763897605458,1.23896,0.462103,1.23896,0.462103,
1763897605499,1.23896,0.462104,1.23896,0.462104,
1763897605537,1.23895,0.462104,1.23896,0.462104,
1763897605573,1.23895,0.462105,1.23895,0.462105,
1763897605611,1.23895,0.462105,1.23895,0.462105,
1763897605652,1.23895,0.462105,1.23895,0.462105,
1763897605684,1.23895,0.462106,1.23895,0.462106,
1763897605719,1.23895,0.462106,1.23895,0.462106,
1763897605766,1.23895,0.462107,1.23895,0.462107,
1763897605803,1.23895,0.462107,1.23895,0.462107,
1763897605849,1.23895,0.462107,1.23895,0.462107,
1763897605876,1.23894,0.462108,1.23894,0.462108,
1763897605910,1.23894,0.462108,1.23894,0.462108,
1763897605952,1.23894,0.462108,1.23894,0.462108,
1763897605983,1.23894,0.462109,1.23894,0.462109,
1763897606025,1.23894,0.462109,1.23894,0.462109,
1763897606064,1.23894,0.46211,1.23894,0.46211,
1763897606099,1.23894,0.46211,1.23894,0.46211,
1763897606137,1.23893,0.462111,1.23893,0.462111,
1763897606164,1.23893,0.462111,1.23893,0.462111,
1763897606203,1.23893,0.462111,1.23893,0.462111,
1763897606243,1.23893,0.462111,1.23893,0.462111,
1763897606273,1.23893,0.462112,1.23893,0.462112,
1763897606324,1.23893,0.462112,1.23893,0.462112,
1763897606354,1.23893,0.462113,1.23893,0.462113,
1763897606397,1.23893,0.462113,1.23893,0.462113,
1763897606437,1.23893,0.462114,1.23892,0.462114,
1763897606474,1.23892,0.462114,1.23892,0.462114,
1763897606511,1.23892,0.462114,1.23892,0.462114,
1763897606549,1.23892,0.462115,1.23892,0.462115,
1763897606586,1.23892,0.462115,1.23892,0.462115,
1763897606634,1.23892,0.462115,1.23892,0.462115,
1763897606671,1.23892,0.462116,1.23892,0.462116,
1763897606707,1.23892,0.462116,1.23892,0.462116,
1763897606742,1.23891,0.462117,1.23891,0.462117,
1763897606779,1.23891,0.462117,1.23891,0.462117,
1763897606808,1.23891,0.462117,1.23891,0.462117,
1763897606841,1.23891,0.462118,1.23891,0.462118,
1763897606874,1.23891,0.462118,1.23891,0.462118,
1763897606910,1.23891,0.462119,1.23891,0.462119,
1763897606952,1.23891,0.462119,1.23891,0.462119,
1763897606980,1.23891,0.462119,1.23891,0.462119,
1763897607013,1.2389,0.46212,1.2389,0.46212,
1763897607056,1.2389,0.46212,1.2389,0.46212,
1763897607089,1.2389,0.46212,1.2389,0.46212,
1763897607131,1.2389,0.462121,1.2389,0.462121,
1763897607172,1.2389,0.462121,1.2389,0.462121,
1763897607197,1.2389,0.462122,1.2389,0.462122,
1763897607239,1.2389,0.462122,1.2389,0.462122,
1763897607279,1.2389,0.462123,1.2389,0.462122,
1763897607312,1.23889,0.462123,1.23889,0.462123,
1763897607346,1.23889,0.462123,1.23889,0.462123,
1763897607392,1.23889,0.462124,1.23889,0.462124,
1763897607422,1.23889,0.462124,1.23889,0.462124,
1763897607466,1.23889,0.462125,1.23889,0.462125,
1763897607510,1.23889,0.462125,1.23889,0.462125,
1763897607539,1.23889,0.462125,1.23889,0.462125,
1763897607580,1.23889,0.462126,1.23889,0.462126,
1763897607612,1.23888,0.462126,1.23888,0.462126,
1763897607644,1.23888,0.462126,1.23888,0.462126,
1763897607679,1.23888,0.462127,1.23888,0.462127,
1763897607733,1.23888,0.462127,1.23888,0.462127,
1763897607765,1.23888,0.462128,1.23888,0.462128,
1763897607809,1.23888,0.462128,1.23888,0.462128,
1763897607840,1.23888,0.462128,1.23888,0.462128,
1763897607879,1.23888,0.462129,1.23888,0.462129,
1763897607909,1.23887,0.462129,1.23887,0.462129,
1763897607943,1.23887,0.46213,1.23887,0.46213,
1763897607987,1.23887,0.46213,1.23887,0.46213,
1763897608028,1.23887,0.46213,1.23887,0.46213,
1763897608061,1.23887,0.462131,1.23887,0.462131,
1763897608095,1.23887,0.462131,1.23887,0.462131,
1763897608141,1.23887,0.462132,1.23887,0.462132,
1763897608175,1.23887,0.462132,1.23887,0.462132,
1763897608219,1.23886,0.462132,1.23886,0.462132,
1763897608253,1.23886,0.462133,1.23886,0.462133,
1763897608288,1.23886,0.462133,1.23886,0.462133,
1763897608328,1.23886,0.462134,1.23886,0.462133,
1763897608359,1.23886,0.462134,1.23886,0.462134,
1763897608398,1.23886,0.462134,1.23886,0.462134,
1763897608437,1.23886,0.462135,1.23886,0.462135,
1763897608472,1.23886,0.462135,1.23886,0.462135,
1763897608510,1.23885,0.462136,1.23885,0.462136,
1763897608559,1.23885,0.462136,1.23885,0.462136,
1763897608592,1.23885,0.462136,1.23885,0.462136,
1763897608631,1.23885,0.462137,1.23885,0.462137,
1763897608672,1.23885,0.462137,1.23885,0.462137,
1763897608705,1.23885,0.462137,1.23885,0.462137,
1763897608748,1.23885,0.462138,1.23885,0.462138,
1763897608782,1.23885,0.462138,1.23885,0.462138,
1763897608815,1.23884,0.462139,1.23884,0.462139,
1763897608854,1.23884,0.462139,1.23884,0.462139,
1763897608890,1.23884,0.462139,1.23884,0.462139,
1763897608926,1.23884,0.46214,1.23884,0.46214,
1763897608962,1.23884,0.46214,1.23884,0.46214,
1763897609011,1.23884,0.462141,1.23884,0.462141,
1763897609048,1.23884,0.462141,1.23884,0.462141,
1763897609080,1.23884,0.462141,1.23884,0.462141,
1763897609114,1.23883,0.462142,1.23883,0.462142,
1763897609156,1.23883,0.462142,1.23883,0.462142,
1763897609197,1.23883,0.462143,1.23883,0.462143,
1763897609224,1.23883,0.462143,1.23883,0.462143,
1763897609265,1.23883,0.462143,1.23883,0.462143,
1763897609296,1.23883,0.462144,1.23883,0.462144,
1763897609324,1.23883,0.462144,1.23883,0.462144,
1763897609364,1.23883,0.462144,1.23883,0.462144,
1763897609411,1.23882,0.462145,1.23882,0.462145,
1763897609446,1.23882,0.462145,1.23882,0.462145,
1763897609477,1.23882,0.462146,1.23882,0.462146,
1763897609517,1.23882,0.462146,1.23882,0.462146,
1763897609559,1.23882,0.462146,1.23882,0.462146,
1763897609596,1.23882,0.462147,1.23882,0.462147,
1763897609633,1.23882,0.462147,1.23882,0.462147,
1763897609675,1.23882,0.462148,1.23882,0.462148,
1763897609714,1.23881,0.462148,1.23881,0.462148,
1763897609752,1.23881,0.462148,1.23881,0.462148,
1763897609784,1.23881,0.462149,1.23881,0.462149,
1763897609824,1.23881,0.462149,1.23881,0.462149,
1763897609865,1.23881,0.46215,1.23881,0.46215,
1763897609898,1.23881,0.46215,1.23881,0.46215,
1763897609939,1.23881,0.46215,1.23881,0.46215,
1763897609978,1.23881,0.462151,1.23881,0.462151,
1763897610016,1.2388,0.462151,1.2388,0.462151,
1763897610054,1.2388,0.462152,1.2388,0.462152,
1763897610103,1.2388,0.462152,1.2388,0.462152,
1763897610145,1.2388,0.462152,1.2388,0.462152,
1763897610175,1.2388,0.462153,1.2388,0.462153,
1763897610209,1.2388,0.462153,1.2388,0.462153,
1763897610243,1.2388,0.462154,1.2388,0.462154,
1763897610287,1.2388,0.462154,1.2388,0.462154,
1763897610317,1.23879,0.462154,1.23879,0.462154,
1763897610355,1.23879,0.462155,1.23879,0.462155,
1763897610392,1.23879,0.462155,1.23879,0.462155,
1763897610428,1.23879,0.462156,1.23879,0.462156,
1763897610470,1.23879,0.462156,1.23879,0.462156,
1763897610504,1.23879,0.462156,1.23879,0.462156,
1763897610538,1.23879,0.462156,1.23879,0.462157,
1763897610571,1.23879,0.462157,1.23879,0.462157,
1763897610603,1.23878,0.462157,1.23878,0.462157,
1763897610641,1.23878,0.462158,1.23878,0.462158,
1763897610678,1.23878,0.462158,1.23878,0.462158,
1763897610715,1.23878,0.462159,1.23878,0.462159,
1763897610747,1.23878,0.462159,1.23878,0.462159,
1763897610784,1.23878,0.462159,1.23878,0.462159,
1763897610832,1.23878,0.46216,1.23878,0.46216,
1763897610863,1.23878,0.46216,1.23878,0.46216,
1763897610899,1.23877,0.462161,1.23877,0.462161,
1763897610947,1.23877,0.462161,1.23877,0.462161,
1763897610967,1.23877,0.462161,1.23877,0.462161,
1763897611000,1.23877,0.462162,1.23877,0.462162,
1763897611037,1.23877,0.462162,1.23877,0.462162,
1763897611080,1.23877,0.462163,1.23877,0.462163,
1763897611118,1.23877,0.462163,1.23877,0.462163,
1763897611152,1.23877,0.462163,1.23877,0.462163,
1763897611186,1.23876,0.462164,1.23876,0.462164,
1763897611218,1.23876,0.462164,1.23876,0.462164,
1763897611261,1.23876,0.462164,1.23876,0.462164,
1763897611306,1.23876,0.462165,1.23876,0.462165,
1763897611333,1.23876,0.462165,1.23876,0.462165,
1763897611372,1.23876,0.462166,1.23876,0.462166,
1763897611419,1.23876,0.462166,1.23876,0.462166,
1763897611453,1.23876,0.462166,1.23876,0.462166,
1763897611485,1.23875,0.462167,1.23875,0.462167,
1763897611525,1.23875,0.462167,1.23875,0.462167,
1763897611556,1.23875,0.462168,1.23875,0.462168,
1763897611586,1.23875,0.462168,1.23875,0.462168,
1763897611624,1.23875,0.462168,1.23875,0.462168,
1763897611679,1.23875,0.462169,1.23875,0.462169,
1763897611712,1.23875,0.462169,1.23875,0.462169,
1763897611752,1.23875,0.46217,1.23875,0.46217,
1763897611783,1.23874,0.46217,1.23874,0.46217,
1763897611820,1.23874,0.462171,1.23874,0.462171,
1763897611849,1.23874,0.462171,1.23874,0.462171,
1763897611893,1.23874,0.462171,1.23874,0.462171,
1763897611921,1.23874,0.462171,1.23874,0.462172,
1763897611962,1.23874,0.462172,1.23874,0.462172,
1763897612007,1.23874,0.462172,1.23874,0.462172,
1763897612042,1.23874,0.462173,1.23874,0.462173,
1763897612072,1.23873,0.462173,1.23873,0.462173,
1763897612109,1.23873,0.462173,1.23873,0.462173,
1763897612140,1.23873,0.462174,1.23873,0.462174,
1763897612187,1.23873,0.462174,1.23873,0.462174,
1763897612222,1.23873,0.462175,1.23873,0.462175,
1763897612259,1.23873,0.462175,1.23873,0.462175,
1763897612292,1.23873,0.462176,1.23873,0.462176,
1763897612327,1.23873,0.462176,1.23873,0.462176,
1763897612375,1.23872,0.462176,1.23872,0.462176,
1763897612400,1.23872,0.462177,1.23872,0.462177,
1763897612451,1.23872,0.462177,1.23872,0.462177,
1763897612482,1.23872,0.462177,1.23872,0.462177,
1763897612516,1.23872,0.462178,1.23872,0.462178,
1763897612551,1.23872,0.462178,1.23872,0.462178,
1763897612586,1.23872,0.462179,1.23872,0.462179,
1763897612627,1.23872,0.462179,1.23872,0.462179,
1763897612659,1.23871,0.462179,1.23871,0.462179,
1763897612701,1.23871,0.46218,1.23871,0.46218,
1763897612740,1.23871,0.46218,1.23871,0.46218,
1763897612775,1.23871,0.46218,1.23871,0.462181,
1763897612807,1.23871,0.462181,1.23871,0.462181,
1763897612846,1.23871,0.462181,1.23871,0.462181,
1763897612886,1.23871,0.462182,1.23871,0.462182,
1763897612932,1.23871,0.462182,1.23871,0.462182,
1763897612966,1.2387,0.462182,1.2387,0.462182,
1763897613006,1.2387,0.462183,1.2387,0.462183,
1763897613043,1.2387,0.462183,1.2387,0.462183,
1763897613084,1.2387,0.462184,1.2387,0.462184,
1763897613129,1.2387,0.462184,1.2387,0.462184,
1763897613156,1.2387,0.462184,1.2387,0.462184,
1763897613191,1.2387,0.462185,1.2387,0.462185,
1763897613224,1.2387,0.462185,1.2387,0.462185,
1763897613249,1.23869,0.462186,1.23869,0.462186,
1763897613287,1.23869,0.462186,1.23869,0.462186,
1763897613326,1.23869,0.462187,1.23869,0.462187,
1763897613364,1.23869,0.462187,1.23869,0.462187,
1763897613399,1.23869,0.462187,1.23869,0.462187,
1763897613436,1.23869,0.462188,1.23869,0.462188,
1763897613474,1.23869,0.462188,1.23869,0.462188,
1763897613508,1.23869,0.462188,1.23869,0.462188,
1763897613550,1.23868,0.462189,1.23868,0.462189,
1763897613588,1.23868,0.462189,1.23868,0.462189,
1763897613622,1.23868,0.462189,1.23868,0.462189,
1763897613661,1.23868,0.46219,1.23868,0.46219,
1763897613697,1.23868,0.46219,1.23868,0.46219,
1763897613734,1.23868,0.462191,1.23868,0.462191,
1763897613775,1.23868,0.462191,1.23868,0.462191,
1763897613814,1.23868,0.462192,1.23868,0.462192,
1763897613853,1.23867,0.462192,1.23867,0.462192,
1763897613890,1.23867,0.462192,1.23867,0.462192,
1763897613932,1.23867,0.462193,1.23867,0.462193,
1763897613967,1.23867,0.462193,1.23867,0.462193,
1763897614006,1.23867,0.462194,1.23867,0.462194,
1763897614049,1.23867,0.462194,1.23867,0.462194,
1763897614088,1.23867,0.462194,1.23867,0.462194,
1763897614114,1.23867,0.462195,1.23867,0.462195,
1763897614156,1.23866,0.462195,1.23866,0.462195,
1763897614198,1.23866,0.462195,1.23866,0.462195,
1763897614241,1.23866,0.462196,1.23866,0.462196,
1763897614273,1.23866,0.462196,1.23866,0.462196,
1763897614309,1.23866,0.462197,1.23866,0.462197,
1763897614343,1.23866,0.462197,1.23866,0.462197,
1763897614375,1.23866,0.462197,1.23866,0.462197,
1763897614417,1.23866,0.462198,1.23866,0.462198,
1763897614449,1.23865,0.462198,1.23865,0.462198,
1763897614497,1.23865,0.462198,1.23865,0.462198,
1763897614541,1.23865,0.462199,1.23865,0.462199,
1763897614589,1.23865,0.462199,1.23865,0.462199,
1763897614627,1.23865,0.4622,1.23865,0.4622,
1763897614670,1.23865,0.4622,1.23865,0.4622,
1763897614716,1.23865,0.462201,1.23865,0.462201,
1763897614752,1.23865,0.462201,1.23865,0.462201,
1763897614790,1.23864,0.462201,1.23864,0.462201,
1763897614827,1.23864,0.462202,1.23864,0.462202,
1763897614860,1.23864,0.462202,1.23864,0.462202,
1763897614900,1.23864,0.462202,1.23864,0.462202,
1763897614931,1.23864,0.462203,1.23864,0.462203,
1763897614972,1.23864,0.462203,1.23864,0.462203,
1763897615014,1.23864,0.462204,1.23864,0.462204,
1763897615064,1.23864,0.462204,1.23864,0.462204,
1763897615099,1.23863,0.462204,1.23863,0.462204,
1763897615124,1.23863,0.462205,1.23863,0.462205,
1763897615166,1.23863,0.462205,1.23863,0.462205,
1763897615203,1.23863,0.462206,1.23863,0.462206,
1763897615235,1.23863,0.462206,1.23863,0.462206,
1763897615279,1.23863,0.462206,1.23863,0.462206,
1763897615321,1.23863,0.462207,1.23863,0.462207,
1763897615353,1.23863,0.462207,1.23863,0.462207,
1763897615391,1.23862,0.462207,1.23862,0.462207,
1763897615422,1.23862,0.462208,1.23862,0.462208,
1763897615463,1.23862,0.462208,1.23862,0.462208,
1763897615516,1.23862,0.462209,1.23862,0.462209,
1763897615546,1.23862,0.462209,1.23862,0.462209,
1763897615591,1.23862,0.46221,1.23862,0.46221,
1763897615623,1.23862,0.46221,1.23862,0.46221,
1763897615659,1.23862,0.46221,1.23862,0.46221,
1763897615696,1.23861,0.462211,1.23861,0.462211,
1763897615729,1.23861,0.462211,1.23861,0.462211,
1763897615768,1.23861,0.462211,1.23861,0.462211,
1763897615806,1.23861,0.462212,1.23861,0.462212,
1763897615848,1.23861,0.462212,1.23861,0.462212,
1763897615901,1.23861,0.462213,1.23861,0.462213,
1763897615933,1.23861,0.462213,1.23861,0.462213,
1763897615969,1.23861,0.462213,1.23861,0.462213,
1763897616010,1.2386,0.462214,1.2386,0.462214,
1763897616054,1.2386,0.462214,1.2386,0.462214,
1763897616081,1.2386,0.462215,1.2386,0.462215,
1763897616110,1.2386,0.462215,1.2386,0.462215,
1763897616138,1.2386,0.462215,1.2386,0.462215,
1763897616171,1.2386,0.462216,1.2386,0.462216,
1763897616208,1.2386,0.462216,1.2386,0.462216,
1763897616251,1.2386,0.462217,1.2386,0.462217,
1763897616283,1.23859,0.462217,1.23859,0.462217,
1763897616333,1.23859,0.462217,1.23859,0.462217,
1763897616371,1.23859,0.462218,1.23859,0.462218,
1763897616404,1.23859,0.462218,1.23859,0.462218,
1763897616451,1.23859,0.462219,1.23859,0.462219,
1763897616487,1.23859,0.462219,1.23859,0.462219,
1763897616524,1.23859,0.462219,1.23859,0.462219,
1763897616561,1.23859,0.46222,1.23859,0.46222,
1763897616599,1.23858,0.46222,1.23858,0.46222,
1763897616633,1.23858,0.462221,1.23858,0.462221,
1763897616673,1.23858,0.462221,1.23858,0.462221,
1763897616705,1.23858,0.462221,1.23858,0.462221,
1763897616738,1.23858,0.462222,1.23858,0.462222,
1763897616774,1.23858,0.462222,1.23858,0.462222,
1763897616827,1.23858,0.462223,1.23858,0.462223,
1763897616874,1.23858,0.462223,1.23858,0.462223,
1763897616919,1.23857,0.462223,1.23857,0.462223,
1763897616959,1.23857,0.462224,1.23857,0.462224,
1763897616997,1.23857,0.462224,1.23857,0.462224,
1763897617039,1.23857,0.462224,1.23857,0.462224,
1763897617070,1.23857,0.462225,1.23857,0.462225,
1763897617115,1.23857,0.462225,1.23857,0.462225,
1763897617156,1.23857,0.462225,1.23857,0.462226,
1763897617188,1.23857,0.462226,1.23857,0.462226,
1763897617224,1.23856,0.462226,1.23856,0.462226,
1763897617266,1.23856,0.462227,1.23856,0.462227,
1763897617306,1.23856,0.462227,1.23856,0.462227,
1763897617337,1.23856,0.462228,1.23856,0.462228,
1763897617372,1.23856,0.462228,1.23856,0.462228,
1763897617401,1.23856,0.462228,1.23856,0.462228,
1763897617443,1.23856,0.462229,1.23856,0.462229,
1763897617480,1.23856,0.462229,1.23856,0.462229,
1763897617515,1.23855,0.462229,1.23855,0.462229,
1763897617548,1.23855,0.46223,1.23855,0.46223,
1763897617595,1.23855,0.46223,1.23855,0.46223,
1763897617623,1.23855,0.462231,1.23855,0.462231,
1763897617661,1.23855,0.462231,1.23855,0.462231,
1763897617690,1.23855,0.462231,1.23855,0.462231,
1763897617733,1.23855,0.462232,1.23855,0.462232,
1763897617764,1.23854,0.462232,1.23855,0.462232,
1763897617805,1.23854,0.462233,1.23854,0.462233,
1763897617844,1.23854,0.462233,1.23854,0.462233,
1763897617887,1.23854,0.462233,1.23854,0.462233,
1763897617921,1.23854,0.462234,1.23854,0.462234,
1763897617953,1.23854,0.462234,1.23854,0.462234,
1763897618000,1.23854,0.462235,1.23854,0.462235,
1763897618045,1.23854,0.462235,1.23854,0.462235,
1763897618076,1.23854,0.462235,1.23854,0.462236,
1763897618109,1.23853,0.462236,1.23853,0.462236,
1763897618149,1.23853,0.462236,1.23853,0.462236,
1763897618183,1.23853,0.462236,1.23853,0.462236,
1763897618220,1.23853,0.462237,1.23853,0.462237,
1763897618255,1.23853,0.462237,1.23853,0.462237,
1763897618295,1.23853,0.462238,1.23853,0.462238,
1763897618344,1.23853,0.462238,1.23853,0.462238,
1763897618380,1.23853,0.462239,1.23853,0.462239,
1763897618409,1.23852,0.462239,1.23852,0.462239,
1763897618452,1.23852,0.462239,1.23852,0.462239,
1763897618495,1.23852,0.46224,1.23852,0.46224,
1763897618529,1.23852,0.46224,1.23852,0.46224,
1763897618561,1.23852,0.462241,1.23852,0.462241,
1763897618600,1.23852,0.462241,1.23852,0.462241,
1763897618631,1.23852,0.462241,1.23852,0.462241,
1763897618669,1.23851,0.462242,1.23851,0.462242,
1763897618713,1.23851,0.462242,1.23851,0.462242,
1763897618741,1.23851,0.462242,1.23851,0.462242,
1763897618780,1.23851,0.462243,1.23851,0.462243,
1763897618823,1.23851,0.462243,1.23851,0.462243,
1763897618858,1.23851,0.462244,1.23851,0.462244,
1763897618894,1.23851,0.462244,1.23851,0.462244,
1763897618927,1.23851,0.462244,1.23851,0.462244,
1763897618954,1.23851,0.462245,1.23851,0.462245,
1763897618991,1.2385,0.462245,1.2385,0.462245,
1763897619039,1.2385,0.462246,1.2385,0.462245,
1763897619082,1.2385,0.462246,1.2385,0.462246,
1763897619107,1.2385,0.462246,1.2385,0.462246,
1763897619141,1.2385,0.462247,1.2385,0.462247,
1763897619191,1.2385,0.462247,1.2385,0.462247,
1763897619223,1.2385,0.462248,1.2385,0.462248,
1763897619259,1.23849,0.462248,1.23849,0.462248,
1763897619299,1.23849,0.462248,1.23849,0.462248,
1763897619327,1.23849,0.462249,1.23849,0.462249,
1763897619360,1.23849,0.462249,1.23849,0.462249,
1763897619395,1.23849,0.462249,1.23849,0.462249,
1763897619440,1.23849,0.46225,1.23849,0.46225,
1763897619473,1.23849,0.46225,1.23849,0.46225,
1763897619503,1.23849,0.462251,1.23849,0.462251,
1763897619539,1.23848,0.462251,1.23848,0.462251,
1763897619580,1.23848,0.462251,1.23848,0.462251,
1763897619616,1.23848,0.462252,1.23848,0.462252,
1763897619649,1.23848,0.462252,1.23848,0.462252,
1763897619696,1.23848,0.462253,1.23848,0.462253,
1763897619728,1.23848,0.462253,1.23848,0.462253,
1763897619761,1.23848,0.462253,1.23848,0.462253,
1763897619809,1.23848,0.462254,1.23848,0.462254,
1763897619838,1.23847,0.462254,1.23847,0.462254,
1763897619873,1.23847,0.462255,1.23847,0.462255,
1763897619916,1.23847,0.462255,1.23847,0.462255,
1763897619943,1.23847,0.462255,1.23847,0.462255,
1763897619980,1.23847,0.462256,1.23847,0.462256,
1763897620018,1.23847,0.462256,1.23847,0.462256,
1763897620051,1.23847,0.462256,1.23847,0.462256,
1763897620086,1.23847,0.462257,1.23847,0.462257,
1763897620118,1.23846,0.462257,1.23846,0.462257,
1763897620160,1.23846,0.462258,1.23846,0.462258,
1763897620208,1.23846,0.462258,1.23846,0.462258,
1763897620249,1.23846,0.462258,1.23846,0.462258,
1763897620279,1.23846,0.462259,1.23846,0.462259,
1763897620315,1.23846,0.462259,1.23846,0.462259,
1763897620360,1.23846,0.46226,1.23846,0.46226,
1763897620390,1.23846,0.46226,1.23846,0.46226,
1763897620426,1.23845,0.46226,1.23845,0.46226,
1763897620468,1.23845,0.462261,1.23845,0.462261,
1763897620502,1.23845,0.462261,1.23845,0.462261,
1763897620545,1.23845,0.462262,1.23845,0.462262,
1763897620585,1.23845,0.462262,1.23845,0.462262,
1763897620627,1.23845,0.462262,1.23845,0.462262,
1763897620660,1.23845,0.462263,1.23845,0.462263,
1763897620699,1.23845,0.462263,1.23845,0.462263,
1763897620742,1.23844,0.462264,1.23844,0.462264,
1763897620779,1.23844,0.462264,1.23844,0.462264,
1763897620821,1.23844,0.462264,1.23844,0.462264,
1763897620855,1.23844,0.462265,1.23844,0.462265,
1763897620906,1.23844,0.462265,1.23844,0.462265,
1763897620955,1.23844,0.462266,1.23844,0.462266,
1763897620997,1.23844,0.462266,1.23844,0.462266,
1763897621052,1.23844,0.462266,1.23844,0.462266,
1763897621096,1.23843,0.462267,1.23843,0.462267,
1763897621116,1.23843,0.462267,1.23843,0.462267,
1763897621151,1.23843,0.462268,1.23843,0.462268,
1763897621180,1.23843,0.462268,1.23843,0.462268,
1763897621220,1.23843,0.462268,1.23843,0.462268,
1763897621266,1.23843,0.462269,1.23843,0.462269,
1763897621297,1.23843,0.462269,1.23843,0.462269,
1763897621324,1.23843,0.462269,1.23843,0.462269,
1763897621365,1.23842,0.46227,1.23842,0.46227,
1763897621396,1.23842,0.46227,1.23842,0.46227,
1763897621430,1.23842,0.46227,1.23842,0.46227,
1763897621471,1.23842,0.462271,1.23842,0.462271,
1763897621505,1.23842,0.462271,1.23842,0.462271,
1763897621541,1.23842,0.462272,1.23842,0.462272,
1763897621591,1.23842,0.462272,1.23842,0.462272,
1763897621620,1.23842,0.462273,1.23842,0.462273,
1763897621664,1.23841,0.462273,1.23841,0.462273,
1763897621719,1.23841,0.462273,1.23841,0.462273,
1763897621751,1.23841,0.462274,1.23841,0.462274,
1763897621785,1.23841,0.462274,1.23841,0.462274,
1763897621818,1.23841,0.462275,1.23841,0.462275,
1763897621866,1.23841,0.462275,1.23841,0.462275,
1763897621894,1.23841,0.462276,1.23841,0.462276,
1763897621932,1.23841,0.462276,1.23841,0.462276,
1763897621975,1.2384,0.462276,1.2384,0.462276,
1763897622011,1.2384,0.462276,1.2384,0.462276,
1763897622044,1.2384,0.462277,1.2384,0.462277,
1763897622087,1.2384,0.462277,1.2384,0.462277,
1763897622119,1.2384,0.462278,1.2384,0.462278,
1763897622158,1.2384,0.462278,1.2384,0.462278,
1763897622198,1.2384,0.462278,1.2384,0.462278,
1763897622230,1.2384,0.462279,1.2384,0.462279,
1763897622277,1.23839,0.462279,1.23839,0.462279,
1763897622310,1.23839,0.46228,1.23839,0.46228,
1763897622350,1.23839,0.46228,1.23839,0.46228,
1763897622383,1.23839,0.46228,1.23839,0.46228,
1763897622420,1.23839,0.462281,1.23839,0.462281,
1763897622471,1.23839,0.462281,1.23839,0.462281,
1763897622498,1.23839,0.462282,1.23839,0.462282,
1763897622535,1.23839,0.462282,1.23839,0.462282,
1763897622575,1.23838,0.462282,1.23838,0.462282,
1763897622609,1.23838,0.462283,1.23838,0.462283,
1763897622642,1.23838,0.462283,1.23838,0.462283,
1763897622676,1.23838,0.462284,1.23838,0.462284,
1763897622707,1.23838,0.462284,1.23838,0.462284,
1763897622746,1.23838,0.462284,1.23838,0.462284,
1763897622784,1.23838,0.462285,1.23838,0.462285,
1763897622821,1.23838,0.462285,1.23838,0.462285,
1763897622858,1.23837,0.462286,1.23837,0.462286,
1763897622893,1.23837,0.462286,1.23837,0.462286,
1763897622939,1.23837,0.462286,1.23837,0.462286,
1763897622969,1.23837,0.462287,1.23837,0.462287,
1763897623009,1.23837,0.462287,1.23837,0.462287,
1763897623048,1.23837,0.462287,1.23837,0.462287,
1763897623086,1.23837,0.462288,1.23837,0.462288,
1763897623125,1.23837,0.462288,1.23837,0.462288,
1763897623171,1.23836,0.462289,1.23836,0.462289,
1763897623204,1.23836,0.462289,1.23836,0.462289,
1763897623237,1.23836,0.462289,1.23836,0.462289,
1763897623278,1.23836,0.46229,1.23836,0.46229,
1763897623311,1.23836,0.46229,1.23836,0.46229,
1763897623357,1.23836,0.462291,1.23836,0.462291,
1763897623397,1.23836,0.462291,1.23836,0.462291,
1763897623425,1.23836,0.462291,1.23836,0.462291,
1763897623466,1.23835,0.462292,1.23835,0.462292,
1763897623507,1.23835,0.462292,1.23835,0.462292,
1763897623539,1.23835,0.462293,1.23835,0.462293,
1763897623570,1.23835,0.462293,1.23835,0.462293,
1763897623603,1.23835,0.462293,1.23835,0.462293,
1763897623656,1.23835,0.462294,1.23835,0.462294,
1763897623681,1.23835,0.462294,1.23835,0.462294,
1763897623714,1.23835,0.462294,1.23835,0.462294,
1763897623750,1.23834,0.462295,1.23834,0.462295,
1763897623794,1.23834,0.462295,1.23834,0.462295,
1763897623831,1.23834,0.462296,1.23834,0.462296,
1763897623867,1.23834,0.462296,1.23834,0.462296,
1763897623904,1.23834,0.462296,1.23834,0.462296,
1763897623935,1.23834,0.462297,1.23834,0.462297,
1763897623987,1.23834,0.462297,1.23834,0.462297,
1763897624021,1.23834,0.462298,1.23834,0.462298,
1763897624060,1.23833,0.462298,1.23833,0.462298,
1763897624092,1.23833,0.462299,1.23833,0.462298,
1763897624124,1.23833,0.462299,1.23833,0.462299,
1763897624167,1.23833,0.462299,1.23833,0.462299,
1763897624221,1.23833,0.4623,1.23833,0.4623,
1763897624265,1.23833,0.4623,1.23833,0.4623,
1763897624301,1.23833,0.4623,1.23833,0.4623,
1763897624343,1.23833,0.462301,1.23833,0.462301,
1763897624385,1.23832,0.462301,1.23832,0.462301,
1763897624421,1.23832,0.462302,1.23832,0.462302,
1763897624453,1.23832,0.462302,1.23832,0.462302,
1763897624483,1.23832,0.462302,1.23832,0.462302,
1763897624524,1.23832,0.462303,1.23832,0.462303,
1763897624560,1.23832,0.462303,1.23832,0.462303,
1763897624597,1.23832,0.462304,1.23832,0.462304,
1763897624638,1.23832,0.462304,1.23832,0.462304,
1763897624677,1.23831,0.462304,1.23831,0.462304,
1763897624716,1.23831,0.462305,1.23831,0.462305,
1763897624752,1.23831,0.462305,1.23831,0.462305,
1763897624788,1.23831,0.462305,1.23831,0.462306,
1763897624824,1.23831,0.462306,1.23831,0.462306,
1763897624859,1.23831,0.462306,1.23831,0.462306,
1763897624893,1.23831,0.462307,1.23831,0.462307,
1763897624935,1.23831,0.462307,1.23831,0.462307,
1763897624986,1.2383,0.462307,1.2383,0.462307,
1763897625013,1.2383,0.462308,1.2383,0.462308,
1763897625052,1.2383,0.462308,1.2383,0.462308,
1763897625092,1.2383,0.462309,1.2383,0.462309,
1763897625133,1.2383,0.462309,1.2383,0.462309,
1763897625170,1.2383,0.462309,1.2383,0.462309,
1763897625204,1.2383,0.46231,1.2383,0.46231,
1763897625249,1.2383,0.46231,1.2383,0.46231,
1763897625290,1.23829,0.462311,1.23829,0.462311,
1763897625322,1.23829,0.462311,1.23829,0.462311,
1763897625361,1.23829,0.462311,1.23829,0.462311,
1763897625399,1.23829,0.462312,1.23829,0.462312,
1763897625426,1.23829,0.462312,1.23829,0.462312,
1763897625462,1.23829,0.462313,1.23829,0.462313,
1763897625503,1.23829,0.462313,1.23829,0.462313,
1763897625535,1.23829,0.462313,1.23829,0.462313,
1763897625577,1.23828,0.462314,1.23828,0.462314,
1763897625613,1.23828,0.462314,1.23828,0.462314,
1763897625646,1.23828,0.462314,1.23828,0.462314,
1763897625679,1.23828,0.462315,1.23828,0.462315,
1763897625712,1.23828,0.462315,1.23828,0.462315,
1763897625751,1.23828,0.462316,1.23828,0.462316,
1763897625787,1.23828,0.462316,1.23828,0.462316,
1763897625825,1.23828,0.462316,1.23828,0.462316,
1763897625866,1.23827,0.462317,1.23827,0.462317,
1763897625904,1.23827,0.462317,1.23827,0.462317,
1763897625941,1.23827,0.462317,1.23827,0.462318,
1763897625981,1.23827,0.462318,1.23827,0.462318,
1763897626016,1.23827,0.462318,1.23827,0.462318,
1763897626049,1.23827,0.462319,1.23827,0.462319,
1763897626095,1.23827,0.462319,1.23827,0.462319,
1763897626140,1.23827,0.46232,1.23827,0.46232,
1763897626184,1.23826,0.46232,1.23826,0.46232,
1763897626215,1.23826,0.46232,1.23826,0.46232,
1763897626247,1.23826,0.462321,1.23826,0.462321,
1763897626288,1.23826,0.462321,1.23826,0.462321,
1763897626321,1.23826,0.462321,1.23826,0.462321,
1763897626356,1.23826,0.462322,1.23826,0.462322,
1763897626394,1.23826,0.462322,1.23826,0.462322,
1763897626432,1.23826,0.462323,1.23826,0.462323,
1763897626468,1.23825,0.462323,1.23825,0.462323,
1763897626501,1.23825,0.462323,1.23825,0.462323,
1763897626544,1.23825,0.462324,1.23825,0.462324,
1763897626579,1.23825,0.462324,1.23825,0.462324,
1763897626625,1.23825,0.462325,1.23825,0.462325,
1763897626657,1.23825,0.462325,1.23825,0.462325,
1763897626690,1.23825,0.462325,1.23825,0.462325,
1763897626732,1.23825,0.462326,1.23825,0.462326,
1763897626772,1.23824,0.462326,1.23824,0.462326,
1763897626807,1.23824,0.462327,1.23824,0.462327,
1763897626843,1.23824,0.462327,1.23824,0.462327,
1763897626882,1.23824,0.462327,1.23824,0.462327,
1763897626916,1.23824,0.462328,1.23824,0.462328,
1763897626948,1.23824,0.462328,1.23824,0.462328,
1763897626980,1.23824,0.462329,1.23824,0.462329,
1763897627025,1.23824,0.462329,1.23824,0.462329,
1763897627057,1.23823,0.462329,1.23823,0.462329,
1763897627102,1.23823,0.46233,1.23823,0.46233,
1763897627137,1.23823,0.46233,1.23823,0.46233,
1763897627185,1.23823,0.462331,1.23823,0.462331,
1763897627212,1.23823,0.462331,1.23823,0.462331,
1763897627242,1.23823,0.462331,1.23823,0.462331,
1763897627275,1.23823,0.462332,1.23823,0.462332,
1763897627305,1.23823,0.462332,1.23823,0.462332,
1763897627338,1.23822,0.462332,1.23822,0.462332,
1763897627375,1.23822,0.462333,1.23822,0.462333,
1763897627412,1.23822,0.462333,1.23822,0.462333,
1763897627451,1.23822,0.462334,1.23822,0.462334,
1763897627486,1.23822,0.462334,1.23822,0.462334,
1763897627531,1.23822,0.462334,1.23822,0.462334,
1763897627566,1.23822,0.462335,1.23822,0.462335,
1763897627598,1.23822,0.462335,1.23822,0.462335,
1763897627640,1.23821,0.462336,1.23821,0.462336,
1763897627671,1.23821,0.462336,1.23821,0.462336,
1763897627706,1.23821,0.462336,1.23821,0.462336,
1763897627743,1.23821,0.462337,1.23821,0.462337,
1763897627794,1.23821,0.462337,1.23821,0.462337,
1763897627824,1.23821,0.462338,1.23821,0.462338,
1763897627862,1.23821,0.462338,1.23821,0.462338,
1763897627896,1.23821,0.462338,1.23821,0.462338,
1763897627928,1.2382,0.462339,1.2382,0.462339,
1763897627971,1.2382,0.462339,1.2382,0.462339,
1763897628010,1.2382,0.46234,1.2382,0.46234,
1763897628046,1.2382,0.46234,1.2382,0.46234,
1763897628083,1.2382,0.46234,1.2382,0.46234,
1763897628124,1.2382,0.462341,1.2382,0.462341,
1763897628167,1.2382,0.462341,1.2382,0.462341,
1763897628204,1.2382,0.462341,1.2382,0.462341,
1763897628242,1.23819,0.462342,1.23819,0.462342,
1763897628287,1.23819,0.462342,1.23819,0.462342,
1763897628316,1.23819,0.462343,1.23819,0.462343,
1763897628353,1.23819,0.462343,1.23819,0.462343,
1763897628390,1.23819,0.462343,1.23819,0.462343,
1763897628430,1.23819,0.462344,1.23819,0.462344,
1763897628472,1.23819,0.462344,1.23819,0.462344,
1763897628513,1.23819,0.462345,1.23819,0.462345,
1763897628547,1.23818,0.462345,1.23818,0.462345,
1763897628588,1.23818,0.462345,1.23818,0.462345,
1763897628623,1.23818,0.462346,1.23818,0.462346,
1763897628655,1.23818,0.462346,1.23818,0.462346,
1763897628692,1.23818,0.462347,1.23818,0.462347,
1763897628728,1.23818,0.462347,1.23818,0.462347,
1763897628765,1.23818,0.462347,1.23818,0.462347,
1763897628806,1.23818,0.462348,1.23818,0.462348,
1763897628849,1.23817,0.462348,1.23817,0.462348,
1763897628886,1.23817,0.462348,1.23817,0.462348,
1763897628917,1.23817,0.462349,1.23817,0.462349,
1763897628961,1.23817,0.462349,1.23817,0.462349,
1763897628993,1.23817,0.46235,1.23817,0.46235,
1763897629035,1.23817,0.46235,1.23817,0.46235,
1763897629073,1.23817,0.46235,1.23817,0.46235,
1763897629111,1.23817,0.462351,1.23817,0.462351,
1763897629153,1.23816,0.462351,1.23816,0.462351,
1763897629183,1.23816,0.462352,1.23816,0.462352,
1763897629215,1.23816,0.462352,1.23816,0.462352,
1763897629255,1.23816,0.462353,1.23816,0.462353,
1763897629291,1.23816,0.462353,1.23816,0.462353,
1763897629324,1.23816,0.462353,1.23816,0.462353,
1763897629364,1.23816,0.462353,1.23816,0.462353,
1763897629398,1.23816,0.462354,1.23816,0.462354,
1763897629440,1.23815,0.462354,1.23815,0.462354,
1763897629466,1.23815,0.462355,1.23815,0.462355,
1763897629498,1.23815,0.462355,1.23815,0.462355,
1763897629542,1.23815,0.462356,1.23815,0.462356,
1763897629574,1.23815,0.462356,1.23815,0.462356,
1763897629626,1.23815,0.462356,1.23815,0.462356,
1763897629668,1.23815,0.462357,1.23815,0.462357,
1763897629707,1.23815,0.462357,1.23815,0.462357,
1763897629747,1.23814,0.462358,1.23814,0.462358,
1763897629778,1.23814,0.462358,1.23814,0.462358,
1763897629815,1.23814,0.462358,1.23814,0.462358,
1763897629852,1.23814,0.462359,1.23814,0.462359,
1763897629891,1.23814,0.462359,1.23814,0.462359,
1763897629922,1.23814,0.46236,1.23814,0.46236,
1763897629963,1.23814,0.46236,1.23814,0.46236,
1763897630006,1.23814,0.46236,1.23814,0.46236,
1763897630035,1.23813,0.462361,1.23813,0.462361,
1763897630081,1.23813,0.462361,1.23813,0.462361,
1763897630116,1.23813,0.462361,1.23813,0.462361,
1763897630149,1.23813,0.462362,1.23813,0.462362,
1763897630195,1.23813,0.462362,1.23813,0.462362,
1763897630231,1.23813,0.462363,1.23813,0.462363,
1763897630267,1.23813,0.462363,1.23813,0.462363,
1763897630320,1.23813,0.462363,1.23813,0.462363,
1763897630359,1.23812,0.462364,1.23812,0.462364,
1763897630393,1.23812,0.462364,1.23812,0.462364,
1763897630425,1.23812,0.462365,1.23812,0.462365,
1763897630459,1.23812,0.462365,1.23812,0.462365,
1763897630496,1.23812,0.462365,1.23812,0.462365,
1763897630533,1.23812,0.462366,1.23812,0.462366,
1763897630560,1.23812,0.462366,1.23812,0.462366,
1763897630593,1.23812,0.462367,1.23812,0.462367,
1763897630637,1.23811,0.462367,1.23811,0.462367,
1763897630673,1.23811,0.462367,1.23811,0.462367,
1763897630705,1.23811,0.462368,1.23811,0.462368,
1763897630744,1.23811,0.462368,1.23811,0.462368,
1763897630783,1.23811,0.462368,1.23811,0.462368,
1763897630817,1.23811,0.462369,1.23811,0.462369,
1763897630857,1.23811,0.462369,1.23811,0.462369,
1763897630893,1.23811,0.46237,1.23811,0.46237,
1763897630932,1.2381,0.46237,1.2381,0.46237,
1763897630975,1.2381,0.46237,1.2381,0.46237,
1763897631006,1.2381,0.462371,1.2381,0.462371,
1763897631043,1.2381,0.462371,1.2381,0.462371,
1763897631084,1.2381,0.462372,1.2381,0.462372,
1763897631118,1.2381,0.462372,1.2381,0.462372,
1763897631164,1.2381,0.462372,1.2381,0.462372,
1763897631197,1.2381,0.462373,1.2381,0.462373,
1763897631234,1.23809,0.462373,1.23809,0.462373,
1763897631277,1.23809,0.462373,1.23809,0.462373,
1763897631313,1.23809,0.462374,1.23809,0.462374,
1763897631352,1.23809,0.462374,1.23809,0.462374,
1763897631387,1.23809,0.462375,1.23809,0.462375,
1763897631423,1.23809,0.462375,1.23809,0.462375,
1763897631460,1.23809,0.462376,1.23809,0.462376,
1763897631503,1.23809,0.462376,1.23809,0.462376,
1763897631534,1.23808,0.462376,1.23808,0.462376,
1763897631570,1.23808,0.462377,1.23808,0.462377,
1763897631619,1.23808,0.462377,1.23808,0.462377,
1763897631652,1.23808,0.462377,1.23808,0.462377,
1763897631685,1.23808,0.462378,1.23808,0.462378,
1763897631719,1.23808,0.462378,1.23808,0.462378,
1763897631759,1.23808,0.462379,1.23808,0.462379,
1763897631799,1.23808,0.462379,1.23808,0.462379,
1763897631843,1.23807,0.46238,1.23807,0.46238,
1763897631874,1.23807,0.46238,1.23807,0.46238,
1763897631924,1.23807,0.46238,1.23807,0.46238,
1763897631961,1.23807,0.462381,1.23807,0.462381,
1763897631998,1.23807,0.462381,1.23807,0.462381,
1763897632041,1.23807,0.462381,1.23807,0.462381,
1763897632075,1.23807,0.462382,1.23807,0.462382,
1763897632111,1.23806,0.462382,1.23806,0.462382,
1763897632146,1.23806,0.462382,1.23806,0.462382,
1763897632182,1.23806,0.462383,1.23806,0.462383,
1763897632220,1.23806,0.462383,1.23806,0.462383,
1763897632257,1.23806,0.462384,1.23806,0.462384,
1763897632297,1.23806,0.462384,1.23806,0.462384,
1763897632343,1.23806,0.462385,1.23806,0.462385,
1763897632384,1.23806,0.462385,1.23806,0.462385,
1763897632419,1.23806,0.462385,1.23806,0.462385,
1763897632465,1.23805,0.462386,1.23805,0.462386,
1763897632506,1.23805,0.462386,1.23805,0.462386,
1763897632544,1.23805,0.462387,1.23805,0.462387,
1763897632582,1.23805,0.462387,1.23805,0.462387,
1763897632619,1.23805,0.462387,1.23805,0.462387,
1763897632658,1.23805,0.462388,1.23805,0.462388,
1763897632695,1.23805,0.462388,1.23805,0.462388,
1763897632737,1.23804,0.462388,1.23804,0.462388,
1763897632767,1.23804,0.462389,1.23804,0.462389,
1763897632814,1.23804,0.462389,1.23804,0.462389,
1763897632849,1.23804,0.46239,1.23804,0.46239,
1763897632881,1.23804,0.46239,1.23804,0.46239,
1763897632912,1.23804,0.46239,1.23804,0.46239,
1763897632955,1.23804,0.462391,1.23804,0.462391,
1763897632998,1.23804,0.462391,1.23804,0.462391,
1763897633041,1.23803,0.462392,1.23803,0.462391,
1763897633075,1.23803,0.462392,1.23803,0.462392,
1763897633109,1.23803,0.462392,1.23803,0.462392,
1763897633152,1.23803,0.462393,1.23803,0.462393,
1763897633191,1.23803,0.462393,1.23803,0.462393,
1763897633225,1.23803,0.462394,1.23803,0.462394,
1763897633253,1.23803,0.462394,1.23803,0.462394,
1763897633292,1.23803,0.462394,1.23803,0.462394,
1763897633338,1.23802,0.462395,1.23802,0.462395,
1763897633372,1.23802,0.462395,1.23802,0.462395,
1763897633419,1.23802,0.462395,1.23802,0.462395,
1763897633455,1.23802,0.462396,1.23802,0.462396,
1763897633483,1.23802,0.462396,1.23802,0.462396,
1763897633519,1.23802,0.462397,1.23802,0.462397,
1763897633558,1.23802,0.462397,1.23802,0.462397,
1763897633586,1.23802,0.462397,1.23802,0.462397,
1763897633626,1.23801,0.462398,1.23801,0.462398,
1763897633666,1.23801,0.462398,1.23801,0.462398,
1763897633706,1.23801,0.462399,1.23801,0.462399,
1763897633737,1.23801,0.462399,1.23801,0.462399,
1763897633774,1.23801,0.462399,1.23801,0.462399,
1763897633825,1.23801,0.4624,1.23801,0.4624,
1763897633863,1.23801,0.4624,1.23801,0.4624,
1763897633898,1.23801,0.462401,1.23801,0.462401,
1763897633940,1.238,0.462401,1.238,0.462401,
1763897633982,1.238,0.462402,1.238,0.462402,
1763897634012,1.238,0.462402,1.238,0.462402,
1763897634057,1.238,0.462402,1.238,0.462402,
1763897634082,1.238,0.462402,1.238,0.462402,
1763897634121,1.238,0.462403,1.238,0.462403,
1763897634163,1.238,0.462403,1.238,0.462403,
1763897634208,1.238,0.462404,1.238,0.462404,
1763897634245,1.23799,0.462404,1.23799,0.462404,
1763897634278,1.23799,0.462405,1.23799,0.462404,
1763897634318,1.23799,0.462405,1.23799,0.462405,
1763897634357,1.23799,0.462405,1.23799,0.462405,
1763897634385,1.23799,0.462406,1.23799,0.462406,
1763897634421,1.23799,0.462406,1.23799,0.462406,
1763897634455,1.23799,0.462406,1.23799,0.462406,
1763897634486,1.23799,0.462407,1.23799,0.462407,
1763897634524,1.23798,0.462407,1.23798,0.462407,
1763897634573,1.23798,0.462408,1.23798,0.462408,
1763897634611,1.23798,0.462408,1.23798,0.462408,
1763897634644,1.23798,0.462408,1.23798,0.462408,
1763897634683,1.23798,0.462409,1.23798,0.462409,
1763897634723,1.23798,0.462409,1.23798,0.462409,
1763897634759,1.23798,0.462409,1.23798,0.462409,
1763897634800,1.23798,0.46241,1.23798,0.46241,
1763897634841,1.23797,0.46241,1.23797,0.46241,
1763897634871,1.23797,0.462411,1.23797,0.462411,
1763897634907,1.23797,0.462411,1.23797,0.462411,
1763897634942,1.23797,0.462412,1.23797,0.462412,
1763897634979,1.23797,0.462412,1.23797,0.462412,
1763897635014,1.23797,0.462412,1.23797,0.462412,
1763897635051,1.23797,0.462413,1.23797,0.462413,
1763897635079,1.23797,0.462413,1.23797,0.462413,
1763897635120,1.23796,0.462413,1.23796,0.462413,
1763897635159,1.23796,0.462414,1.23796,0.462414,
1763897635195,1.23796,0.462414,1.23796,0.462414,
1763897635235,1.23796,0.462415,1.23796,0.462415,
1763897635265,1.23796,0.462415,1.23796,0.462415,
1763897635307,1.23796,0.462416,1.23796,0.462415,
1763897635338,1.23796,0.462416,1.23796,0.462416,
1763897635372,1.23796,0.462416,1.23796,0.462416,
1763897635412,1.23795,0.462417,1.23795,0.462417,
1763897635443,1.23795,0.462417,1.23795,0.462417,
1763897635471,1.23795,0.462417,1.23795,0.462417,
1763897635505,1.23795,0.462418,1.23795,0.462418,
1763897635537,1.23795,0.462418,1.23795,0.462418,
1763897635590,1.23795,0.462419,1.23795,0.462418,
1763897635639,1.23795,0.462419,1.23795,0.462419,
1763897635671,1.23795,0.462419,1.23795,0.462419,
1763897635707,1.23794,0.46242,1.23794,0.46242,
1763897635738,1.23794,0.46242,1.23794,0.46242,
1763897635774,1.23794,0.462421,1.23794,0.462421,
1763897635814,1.23794,0.462421,1.23794,0.462421,
1763897635851,1.23794,0.462421,1.23794,0.462421,
1763897635891,1.23794,0.462422,1.23794,0.462422,
1763897635925,1.23794,0.462422,1.23794,0.462422,
1763897635968,1.23794,0.462422,1.23794,0.462422,
1763897636007,1.23793,0.462423,1.23793,0.462423,
1763897636048,1.23793,0.462423,1.23793,0.462423,
1763897636082,1.23793,0.462424,1.23793,0.462424,
1763897636114,1.23793,0.462424,1.23793,0.462424,
1763897636155,1.23793,0.462424,1.23793,0.462424,
1763897636196,1.23793,0.462425,1.23793,0.462425,
1763897636243,1.23793,0.462425,1.23793,0.462425,
1763897636277,1.23793,0.462426,1.23793,0.462426,
1763897636308,1.23792,0.462426,1.23792,0.462426,
1763897636358,1.23792,0.462426,1.23792,0.462426,
1763897636392,1.23792,0.462427,1.23792,0.462427,
1763897636430,1.23792,0.462427,1.23792,0.462427,
1763897636478,1.23792,0.462428,1.23792,0.462428,
1763897636511,1.23792,0.462428,1.23792,0.462428,
1763897636558,1.23792,0.462428,1.23792,0.462428,
1763897636584,1.23792,0.462429,1.23792,0.462429,
1763897636614,1.23791,0.462429,1.23791,0.462429,
1763897636652,1.23791,0.46243,1.23791,0.46243,
1763897636701,1.23791,0.46243,1.23791,0.46243,
1763897636732,1.23791,0.46243,1.23791,0.46243,
1763897636770,1.23791,0.462431,1.23791,0.462431,
1763897636807,1.23791,0.462431,1.23791,0.462431,
1763897636842,1.23791,0.462431,1.23791,0.462431,
1763897636876,1.23791,0.462432,1.23791,0.462432,
1763897636916,1.2379,0.462432,1.2379,0.462432,
1763897636951,1.2379,0.462433,1.2379,0.462433,
1763897636996,1.2379,0.462433,1.2379,0.462433,
1763897637029,1.2379,0.462433,1.2379,0.462433,
1763897637076,1.2379,0.462434,1.2379,0.462434,
1763897637120,1.2379,0.462434,1.2379,0.462434,
1763897637156,1.2379,0.462435,1.2379,0.462435,
1763897637191,1.2379,0.462435,1.2379,0.462435,
1763897637232,1.23789,0.462435,1.23789,0.462435,
1763897637263,1.23789,0.462436,1.23789,0.462436,
1763897637292,1.23789,0.462436,1.23789,0.462436,
1763897637335,1.23789,0.462437,1.23789,0.462437,
1763897637375,1.23789,0.462437,1.23789,0.462437,
1763897637407,1.23789,0.462437,1.23789,0.462437,
1763897637445,1.23789,0.462438,1.23789,0.462438,
1763897637486,1.23789,0.462438,1.23789,0.462438,
1763897637511,1.23788,0.462438,1.23788,0.462438,
1763897637549,1.23788,0.462439,1.23788,0.462439,
1763897637595,1.23788,0.462439,1.23788,0.462439,
1763897637622,1.23788,0.46244,1.23788,0.46244,
1763897637658,1.23788,0.46244,1.23788,0.46244,
1763897637703,1.23788,0.462441,1.23788,0.462441,
1763897637733,1.23788,0.462441,1.23788,0.462441,
1763897637769,1.23788,0.462441,1.23788,0.462441,
1763897637811,1.23787,0.462442,1.23787,0.462442,
1763897637842,1.23787,0.462442,1.23787,0.462442,
1763897637876,1.23787,0.462443,1.23787,0.462443,
1763897637915,1.23787,0.462443,1.23787,0.462443,
1763897637955,1.23787,0.462443,1.23787,0.462443,
1763897637996,1.23787,0.462443,1.23787,0.462444,
1763897638027,1.23787,0.462444,1.23787,0.462444,
1763897638059,1.23787,0.462444,1.23787,0.462444,
1763897638098,1.23786,0.462445,1.23786,0.462445,
1763897638137,1.23786,0.462445,1.23786,0.462445,
1763897638172,1.23786,0.462446,1.23786,0.462446,
1763897638221,1.23786,0.462446,1.23786,0.462446,
1763897638257,1.23786,0.462446,1.23786,0.462446,
1763897638291,1.23786,0.462447,1.23786,0.462447,
1763897638349,1.23786,0.462447,1.23786,0.462447,
1763897638373,1.23786,0.462447,1.23786,0.462447,
1763897638409,1.23785,0.462448,1.23785,0.462448,
1763897638451,1.23785,0.462448,1.23785,0.462448,
1763897638477,1.23785,0.462449,1.23785,0.462449,
1763897638508,1.23785,0.462449,1.23785,0.462449,
1763897638539,1.23785,0.462449,1.23785,0.462449,
1763897638576,1.23785,0.46245,1.23785,0.46245,
1763897638624,1.23785,0.46245,1.23785,0.46245,
1763897638655,1.23785,0.462451,1.23785,0.462451,
1763897638706,1.23784,0.462451,1.23784,0.462451,
1763897638734,1.23784,0.462451,1.23784,0.462451,
1763897638768,1.23784,0.462452,1.23784,0.462452,
1763897638805,1.23784,0.462452,1.23784,0.462452,
1763897638846,1.23784,0.462453,1.23784,0.462453,
1763897638890,1.23784,0.462453,1.23784,0.462453,
1763897638916,1.23784,0.462453,1.23784,0.462453,
1763897638951,1.23784,0.462454,1.23784,0.462454,
1763897638986,1.23783,0.462454,1.23783,0.462454,
1763897639017,1.23783,0.462455,1.23783,0.462455,
1763897639063,1.23783,0.462455,1.23783,0.462455,
1763897639100,1.23783,0.462455,1.23783,0.462455,
1763897639144,1.23783,0.462456,1.23783,0.462456,
1763897639177,1.23783,0.462456,1.23783,0.462456,
1763897639222,1.23783,0.462457,1.23783,0.462457,
1763897639256,1.23783,0.462457,1.23783,0.462457,
1763897639291,1.23782,0.462457,1.23782,0.462457,
1763897639332,1.23782,0.462458,1.23782,0.462458,
1763897639378,1.23782,0.462458,1.23782,0.462458,
1763897639420,1.23782,0.462459,1.23782,0.462458,
1763897639450,1.23782,0.462459,1.23782,0.462459,
1763897639492,1.23782,0.462459,1.23782,0.462459,
1763897639528,1.23782,0.46246,1.23782,0.46246,
1763897639563,1.23782,0.46246,1.23782,0.46246,
1763897639604,1.23781,0.46246,1.23781,0.46246,
1763897639643,1.23781,0.462461,1.23781,0.462461,
1763897639674,1.23781,0.462461,1.23781,0.462461,
1763897639720,1.23781,0.462462,1.23781,0.462462,
1763897639750,1.23781,0.462462,1.23781,0.462462,
1763897639794,1.23781,0.462462,1.23781,0.462462,
1763897639824,1.23781,0.462463,1.23781,0.462463,
1763897639860,1.23781,0.462463,1.23781,0.462463,
1763897639894,1.2378,0.462464,1.2378,0.462464,
1763897639939,1.2378,0.462464,1.2378,0.462464,
1763897639978,1.2378,0.462464,1.2378,0.462464,
1763897640024,1.2378,0.462465,1.2378,0.462465,
1763897640063,1.2378,0.462465,1.2378,0.462465,
1763897640096,1.2378,0.462465,1.2378,0.462465,
1763897640137,1.2378,0.462466,1.2378,0.462466,
1763897640184,1.2378,0.462466,1.2378,0.462466,
1763897640210,1.23779,0.462467,1.23779,0.462467,
1763897640246,1.23779,0.462467,1.23779,0.462467,
1763897640283,1.23779,0.462467,1.23779,0.462467,
1763897640324,1.23779,0.462468,1.23779,0.462468,
1763897640359,1.23779,0.462468,1.23779,0.462468,
1763897640401,1.23779,0.462469,1.23779,0.462469,
1763897640429,1.23779,0.462469,1.23779,0.462469,
1763897640470,1.23779,0.46247,1.23779,0.46247,
1763897640513,1.23778,0.46247,1.23778,0.46247,
1763897640557,1.23778,0.46247,1.23778,0.46247,
1763897640595,1.23778,0.46247,1.23778,0.462471,
1763897640629,1.23778,0.462471,1.23778,0.462471,
1763897640663,1.23778,0.462471,1.23778,0.462471,
1763897640707,1.23778,0.462472,1.23778,0.462472,
1763897640750,1.23778,0.462472,1.23778,0.462472,
1763897640804,1.23778,0.462473,1.23778,0.462472,
1763897640831,1.23777,0.462473,1.23777,0.462473,
1763897640866,1.23777,0.462473,1.23777,0.462473,
1763897640911,1.23777,0.462474,1.23777,0.462474,
1763897640952,1.23777,0.462474,1.23777,0.462474,
1763897640983,1.23777,0.462474,1.23777,0.462474,
1763897641022,1.23777,0.462475,1.23777,0.462475,
1763897641062,1.23777,0.462475,1.23777,0.462475,
1763897641097,1.23777,0.462476,1.23777,0.462476,
1763897641138,1.23776,0.462476,1.23776,0.462476,
1763897641169,1.23776,0.462476,1.23776,0.462476,
1763897641210,1.23776,0.462477,1.23776,0.462477,
1763897641245,1.23776,0.462477,1.23776,0.462477,
1763897641288,1.23776,0.462478,1.23776,0.462478,
1763897641318,1.23776,0.462478,1.23776,0.462478,
1763897641363,1.23776,0.462478,1.23776,0.462478,
1763897641403,1.23776,0.462479,1.23776,0.462479,
1763897641432,1.23775,0.462479,1.23775,0.462479,
1763897641470,1.23775,0.462479,1.23775,0.462479,
1763897641505,1.23775,0.46248,1.23775,0.46248,
1763897641552,1.23775,0.46248,1.23775,0.46248,
1763897641592,1.23775,0.462481,1.23775,0.462481,
1763897641622,1.23775,0.462481,1.23775,0.462481,
1763897641661,1.23775,0.462481,1.23775,0.462481,
1763897641706,1.23775,0.462482,1.23775,0.462482,
1763897641745,1.23774,0.462482,1.23774,0.462482,
1763897641783,1.23774,0.462483,1.23774,0.462483,
1763897641819,1.23774,0.462483,1.23774,0.462483,
1763897641853,1.23774,0.462483,1.23774,0.462483,
1763897641881,1.23774,0.462484,1.23774,0.462484,
1763897641922,1.23774,0.462484,1.23774,0.462484,
1763897641957,1.23774,0.462485,1.23774,0.462485,
1763897641986,1.23774,0.462485,1.23774,0.462485,
1763897642035,1.23773,0.462485,1.23773,0.462485,
1763897642069,1.23773,0.462486,1.23773,0.462486,
1763897642117,1.23773,0.462486,1.23773,0.462486,
1763897642150,1.23773,0.462487,1.23773,0.462487,
1763897642180,1.23773,0.462487,1.23773,0.462487,
1763897642228,1.23773,0.462487,1.23773,0.462487,
1763897642267,1.23773,0.462488,1.23773,0.462488,
1763897642294,1.23773,0.462488,1.23773,0.462488,
1763897642334,1.23772,0.462489,1.23772,0.462489,
1763897642376,1.23772,0.462489,1.23772,0.462489,
1763897642401,1.23772,0.462489,1.23772,0.462489,
1763897642438,1.23772,0.46249,1.23772,0.46249,
1763897642480,1.23772,0.46249,1.23772,0.46249,
1763897642514,1.23772,0.46249,1.23772,0.46249,
1763897642559,1.23772,0.462491,1.23772,0.462491,
1763897642594,1.23772,0.462491,1.23772,0.462491,
1763897642643,1.23771,0.462492,1.23771,0.462492,
1763897642677,1.23771,0.462492,1.23771,0.462492,
1763897642716,1.23771,0.462492,1.23771,0.462492,
1763897642764,1.23771,0.462493,1.23771,0.462493,
1763897642800,1.23771,0.462493,1.23771,0.462493,
1763897642836,1.23771,0.462494,1.23771,0.462494,
1763897642875,1.23771,0.462494,1.23771,0.462494,
1763897642927,1.23771,0.462494,1.23771,0.462494,
1763897642953,1.2377,0.462495,1.2377,0.462495,
1763897642991,1.2377,0.462495,1.2377,0.462495,
1763897643033,1.2377,0.462496,1.2377,0.462496,
1763897643067,1.2377,0.462496,1.2377,0.462496,
1763897643109,1.2377,0.462496,1.2377,0.462496,
1763897643144,1.2377,0.462497,1.2377,0.462497,
1763897643177,1.2377,0.462497,1.2377,0.462497,
1763897643212,1.2377,0.462497,1.2377,0.462497,
1763897643248,1.23769,0.462498,1.23769,0.462498,
1763897643293,1.23769,0.462498,1.23769,0.462498,
1763897643320,1.23769,0.462499,1.23769,0.462499,
1763897643360,1.23769,0.462499,1.23769,0.462499,
1763897643402,1.23769,0.4625,1.23769,0.4625,
1763897643447,1.23769,0.4625,1.23769,0.4625,
1763897643471,1.23769,0.4625,1.23769,0.4625,
1763897643510,1.23769,0.462501,1.23769,0.462501,
1763897643547,1.23768,0.462501,1.23768,0.462501,
1763897643586,1.23768,0.462501,1.23768,0.462501,
1763897643620,1.23768,0.462502,1.23768,0.462502,
1763897643655,1.23768,0.462502,1.23768,0.462502,
1763897643693,1.23768,0.462503,1.23768,0.462503,
1763897643738,1.23768,0.462503,1.23768,0.462503,
1763897643777,1.23768,0.462503,1.23768,0.462503,
1763897643813,1.23768,0.462504,1.23768,0.462504,
1763897643851,1.23767,0.462504,1.23767,0.462504,
1763897643881,1.23767,0.462504,1.23767,0.462504,
1763897643913,1.23767,0.462505,1.23767,0.462505,
1763897643955,1.23767,0.462505,1.23767,0.462505,
1763897643992,1.23767,0.462506,1.23767,0.462506,
1763897644029,1.23767,0.462506,1.23767,0.462506,
1763897644067,1.23767,0.462507,1.23767,0.462507,
1763897644111,1.23767,0.462507,1.23767,0.462507,
1763897644140,1.23766,0.462507,1.23766,0.462507,
1763897644172,1.23766,0.462508,1.23766,0.462508,
1763897644217,1.23766,0.462508,1.23766,0.462508,
1763897644253,1.23766,0.462508,1.23766,0.462508,
1763897644285,1.23766,0.462509,1.23766,0.462509,
1763897644327,1.23766,0.462509,1.23766,0.462509,
1763897644373,1.23766,0.46251,1.23766,0.46251,
1763897644407,1.23766,0.46251,1.23766,0.46251,
1763897644440,1.23765,0.46251,1.23765,0.46251,
1763897644486,1.23765,0.462511,1.23765,0.462511,
1763897644520,1.23765,0.462511,1.23765,0.462511,
1763897644556,1.23765,0.462512,1.23765,0.462512,
1763897644599,1.23765,0.462512,1.23765,0.462512,
1763897644643,1.23765,0.462512,1.23765,0.462512,
1763897644683,1.23765,0.462513,1.23765,0.462513,
1763897644712,1.23765,0.462513,1.23765,0.462513,
1763897644746,1.23764,0.462514,1.23764,0.462514,
1763897644780,1.23764,0.462514,1.23764,0.462514,
1763897644816,1.23764,0.462514,1.23764,0.462514,
1763897644853,1.23764,0.462515,1.23764,0.462515,
1763897644889,1.23764,0.462515,1.23764,0.462515,
1763897644935,1.23764,0.462516,1.23764,0.462516,
1763897644970,1.23764,0.462516,1.23764,0.462516,
1763897645018,1.23764,0.462516,1.23764,0.462516,
1763897645051,1.23763,0.462517,1.23763,0.462517,
1763897645090,1.23763,0.462517,1.23763,0.462517,
1763897645132,1.23763,0.462517,1.23763,0.462517,
1763897645171,1.23763,0.462518,1.23763,0.462518,
1763897645214,1.23763,0.462518,1.23763,0.462518,
1763897645244,1.23763,0.462519,1.23763,0.462519,
1763897645276,1.23763,0.462519,1.23763,0.462519,
1763897645314,1.23763,0.46252,1.23763,0.46252,
1763897645355,1.23762,0.46252,1.23762,0.46252,
1763897645384,1.23762,0.46252,1.23762,0.46252,
1763897645422,1.23762,0.46252,1.23762,0.462521,
1763897645467,1.23762,0.462521,1.23762,0.462521,
1763897645499,1.23762,0.462521,1.23762,0.462521,
1763897645549,1.23762,0.462522,1.23762,0.462522,
1763897645580,1.23762,0.462522,1.23762,0.462522,
1763897645619,1.23762,0.462523,1.23762,0.462523,
1763897645663,1.23761,0.462523,1.23761,0.462523,
1763897645708,1.23761,0.462523,1.23761,0.462523,
1763897645743,1.23761,0.462524,1.23761,0.462524,
1763897645782,1.23761,0.462524,1.23761,0.462524,
1763897645825,1.23761,0.462524,1.23761,0.462524,
1763897645867,1.23761,0.462525,1.23761,0.462525,
1763897645900,1.23761,0.462525,1.23761,0.462525,
1763897645931,1.2376,0.462526,1.2376,0.462526,
1763897645979,1.2376,0.462526,1.2376,0.462526,
1763897646015,1.2376,0.462526,1.2376,0.462526,
1763897646039,1.2376,0.462527,1.2376,0.462527,
1763897646082,1.2376,0.462527,1.2376,0.462527,
1763897646118,1.2376,0.462528,1.2376,0.462528,
1763897646158,1.2376,0.462528,1.2376,0.462528,
1763897646194,1.2376,0.462528,1.2376,0.462528,
1763897646228,1.23759,0.462529,1.23759,0.462529,
1763897646257,1.23759,0.462529,1.23759,0.462529,
1763897646304,1.23759,0.46253,1.23759,0.46253,
1763897646337,1.23759,0.46253,1.23759,0.46253,
1763897646372,1.23759,0.46253,1.23759,0.46253,
1763897646412,1.23759,0.462531,1.23759,0.462531,
1763897646455,1.23759,0.462531,1.23759,0.462531,
1763897646493,1.23759,0.462532,1.23759,0.462532,
1763897646527,1.23759,0.462532,1.23759,0.462532,
1763897646567,1.23758,0.462532,1.23758,0.462532,
1763897646614,1.23758,0.462533,1.23758,0.462533,
1763897646648,1.23758,0.462533,1.23758,0.462533,
1763897646690,1.23758,0.462533,1.23758,0.462533,
1763897646739,1.23758,0.462534,1.23758,0.462534,
1763897646777,1.23758,0.462534,1.23758,0.462534,
1763897646813,1.23758,0.462535,1.23758,0.462535,
1763897646859,1.23757,0.462535,1.23757,0.462535,
1763897646895,1.23757,0.462536,1.23757,0.462536,
1763897646936,1.23757,0.462536,1.23757,0.462536,
1763897646977,1.23757,0.462536,1.23757,0.462536,
1763897647006,1.23757,0.462537,1.23757,0.462537,
1763897647047,1.23757,0.462537,1.23757,0.462537,
1763897647088,1.23757,0.462538,1.23757,0.462538,
1763897647129,1.23757,0.462538,1.23757,0.462538,
1763897647162,1.23756,0.462538,1.23756,0.462538,
1763897647195,1.23756,0.462539,1.23756,0.462539,
1763897647246,1.23756,0.462539,1.23756,0.462539,
1763897647281,1.23756,0.462539,1.23756,0.462539,
1763897647306,1.23756,0.46254,1.23756,0.46254,
1763897647353,1.23756,0.46254,1.23756,0.46254,
1763897647399,1.23756,0.46254,1.23756,0.46254,
1763897647460,1.23756,0.462541,1.23756,0.462541,
1763897647505,1.23755,0.462541,1.23755,0.462541,
1763897647550,1.23755,0.462542,1.23755,0.462542,
1763897647582,1.23755,0.462542,1.23755,0.462542,
1763897647617,1.23755,0.462543,1.23755,0.462543,
1763897647662,1.23755,0.462543,1.23755,0.462543,
1763897647692,1.23755,0.462543,1.23755,0.462543,
1763897647728,1.23755,0.462544,1.23755,0.462544,
1763897647763,1.23755,0.462544,1.23755,0.462544,
1763897647797,1.23754,0.462544,1.23754,0.462544,
1763897647835,1.23754,0.462545,1.23754,0.462545,
1763897647871,1.23754,0.462545,1.23754,0.462545,
1763897647912,1.23754,0.462545,1.23754,0.462545,
1763897647947,1.23754,0.462546,1.23754,0.462546,
1763897647985,1.23754,0.462546,1.23754,0.462546,
1763897648023,1.23754,0.462547,1.23754,0.462547,
1763897648056,1.23754,0.462547,1.23754,0.462547,
1763897648092,1.23753,0.462547,1.23753,0.462547,
1763897648131,1.23753,0.462548,1.23753,0.462548,
1763897648173,1.23753,0.462548,1.23753,0.462548,
1763897648208,1.23753,0.462549,1.23753,0.462549,
1763897648248,1.23753,0.462549,1.23753,0.462549,
1763897648281,1.23753,0.46255,1.23753,0.46255,
1763897648320,1.23753,0.46255,1.23753,0.46255,
1763897648357,1.23753,0.46255,1.23753,0.46255,
1763897648408,1.23752,0.462551,1.23752,0.462551,
1763897648450,1.23752,0.462551,1.23752,0.462551,
1763897648498,1.23752,0.462552,1.23752,0.462552,
1763897648529,1.23752,0.462552,1.23752,0.462552,
1763897648565,1.23752,0.462552,1.23752,0.462552,
1763897648613,1.23752,0.462553,1.23752,0.462553,
1763897648649,1.23752,0.462553,1.23752,0.462553,
1763897648677,1.23752,0.462553,1.23752,0.462553,
1763897648717,1.23751,0.462554,1.23751,0.462554,
1763897648752,1.23751,0.462554,1.23751,0.462554,
1763897648793,1.23751,0.462555,1.23751,0.462555,
1763897648825,1.23751,0.462555,1.23751,0.462555,
1763897648862,1.23751,0.462555,1.23751,0.462555,
1763897648900,1.23751,0.462556,1.23751,0.462556,
1763897648942,1.23751,0.462556,1.23751,0.462556,
1763897648971,1.23751,0.462557,1.23751,0.462557,
1763897649015,1.2375,0.462557,1.2375,0.462557,
1763897649049,1.2375,0.462557,1.2375,0.462557,
1763897649088,1.2375,0.462558,1.2375,0.462558,
1763897649132,1.2375,0.462558,1.2375,0.462558,
1763897649175,1.2375,0.462559,1.2375,0.462559,
1763897649214,1.2375,0.462559,1.2375,0.462559,
1763897649251,1.2375,0.462559,1.2375,0.462559,
1763897649296,1.2375,0.46256,1.2375,0.46256,
1763897649331,1.23749,0.46256,1.23749,0.46256,
1763897649381,1.23749,0.46256,1.23749,0.46256,
1763897649416,1.23749,0.462561,1.23749,0.462561,
1763897649456,1.23749,0.462561,1.23749,0.462561,
1763897649487,1.23749,0.462562,1.23749,0.462562,
1763897649523,1.23749,0.462562,1.23749,0.462562,
1763897649554,1.23749,0.462562,1.23749,0.462562,
1763897649588,1.23749,0.462563,1.23749,0.462563,
1763897649632,1.23748,0.462563,1.23748,0.462563,
1763897649663,1.23748,0.462564,1.23748,0.462564,
1763897649703,1.23748,0.462564,1.23748,0.462564,
1763897649741,1.23748,0.462564,1.23748,0.462564,
1763897649784,1.23748,0.462565,1.23748,0.462565,
1763897649823,1.23748,0.462565,1.23748,0.462565,
1763897649853,1.23748,0.462565,1.23748,0.462565,
1763897649891,1.23748,0.462566,1.23748,0.462566,
1763897649936,1.23747,0.462566,1.23747,0.462566,
1763897649962,1.23747,0.462567,1.23747,0.462567,
1763897650006,1.23747,0.462567,1.23747,0.462567,
1763897650034,1.23747,0.462568,1.23747,0.462568,
1763897650068,1.23747,0.462568,1.23747,0.462568,
1763897650115,1.23747,0.462568,1.23747,0.462568,
1763897650145,1.23747,0.462569,1.23747,0.462569,
1763897650184,1.23747,0.462569,1.23747,0.462569,
1763897650231,1.23746,0.462569,1.23746,0.462569,
1763897650261,1.23746,0.46257,1.23746,0.46257,
1763897650310,1.23746,0.46257,1.23746,0.46257,
1763897650353,1.23746,0.462571,1.23746,0.462571,
1763897650377,1.23746,0.462571,1.23746,0.462571,
1763897650422,1.23746,0.462571,1.23746,0.462571,
1763897650465,1.23746,0.462572,1.23746,0.462572,
1763897650495,1.23746,0.462572,1.23746,0.462572,
1763897650535,1.23745,0.462573,1.23745,0.462573,
1763897650574,1.23745,0.462573,1.23745,0.462573,
1763897650609,1.23745,0.462573,1.23745,0.462573,
1763897650642,1.23745,0.462574,1.23745,0.462574,
1763897650677,1.23745,0.462574,1.23745,0.462574,
1763897650718,1.23745,0.462574,1.23745,0.462574,
1763897650743,1.23745,0.462575,1.23745,0.462575,
1763897650787,1.23745,0.462575,1.23745,0.462575,
1763897650831,1.23744,0.462576,1.23744,0.462576,
1763897650856,1.23744,0.462576,1.23744,0.462576,
1763897650893,1.23744,0.462577,1.23744,0.462577,
1763897650930,1.23744,0.462577,1.23744,0.462577,
1763897650965,1.23744,0.462577,1.23744,0.462577,
1763897651001,1.23744,0.462578,1.23744,0.462578,
1763897651036,1.23744,0.462578,1.23744,0.462578,
1763897651068,1.23744,0.462578,1.23744,0.462578,
1763897651108,1.23743,0.462579,1.23743,0.462579,
1763897651148,1.23743,0.462579,1.23743,0.462579,
1763897651189,1.23743,0.46258,1.23743,0.46258,
1763897651224,1.23743,0.46258,1.23743,0.46258,
1763897651262,1.23743,0.46258,1.23743,0.46258,
1763897651315,1.23743,0.462581,1.23743,0.462581,
1763897651369,1.23743,0.462581,1.23743,0.462581,
1763897651390,1.23743,0.462582,1.23743,0.462582,
1763897651431,1.23742,0.462582,1.23742,0.462582,
1763897651468,1.23742,0.462582,1.23742,0.462582,
1763897651496,1.23742,0.462583,1.23742,0.462583,
1763897651529,1.23742,0.462583,1.23742,0.462583,
1763897651575,1.23742,0.462583,1.23742,0.462583,
1763897651604,1.23742,0.462584,1.23742,0.462584,
1763897651635,1.23742,0.462584,1.23742,0.462584,
1763897651679,1.23742,0.462585,1.23742,0.462585,
1763897651706,1.23741,0.462585,1.23741,0.462585,
1763897651739,1.23741,0.462585,1.23741,0.462585,
1763897651783,1.23741,0.462586,1.23741,0.462586,
1763897651811,1.23741,0.462586,1.23741,0.462586,
1763897651849,1.23741,0.462587,1.23741,0.462587,
1763897651890,1.23741,0.462587,1.23741,0.462587,
1763897651930,1.23741,0.462587,1.23741,0.462587,
1763897651967,1.23741,0.462588,1.23741,0.462588,
1763897651997,1.2374,0.462588,1.2374,0.462588,
1763897652037,1.2374,0.462589,1.2374,0.462589,
1763897652076,1.2374,0.462589,1.2374,0.462589,
1763897652112,1.2374,0.462589,1.2374,0.462589,
1763897652156,1.2374,0.46259,1.2374,0.46259,
1763897652194,1.2374,0.46259,1.2374,0.46259,
