step,x,y,z,yaw,lane_id,segment_id,segment_type,direction,source,target,connect_next
1,-40.000,48.000,0.500,0.000,H_y48.0_x-40.0_-20.0_fwd,H_y48.0_x-40.0_-20.0_fwd,straight,bidirectional,J_m40p00_48p00,J_m20p00_48p00,1
2,-39.500,48.000,0.500,0.000,H_y48.0_x-40.0_-20.0_fwd,H_y48.0_x-40.0_-20.0_fwd,straight,bidirectional,J_m40p00_48p00,J_m20p00_48p00,1
3,-39.000,48.000,0.500,0.000,H_y48.0_x-40.0_-20.0_fwd,H_y48.0_x-40.0_-20.0_fwd,straight,bidirectional,J_m40p00_48p00,J_m20p00_48p00,1
4,-38.500,48.000,0.500,0.000,H_y48.0_x-40.0_-20.0_fwd,H_y48.0_x-40.0_-20.0_fwd,straight,bidirectional,J_m40p00_48p00,J_m20p00_48p00,1
5,-38.000,48.000,0.500,0.000,H_y48.0_x-40.0_-20.0_fwd,H_y48.0_x-40.0_-20.0_fwd,straight,bidirectional,J_m40p00_48p00,J_m20p00_48p00,1
6,-37.500,48.000,0.500,0.000,H_y48.0_x-40.0_-20.0_fwd,H_y48.0_x-40.0_-20.0_fwd,straight,bidirectional,J_m40p00_48p00,J_m20p00_48p00,1
7,-37.000,48.000,0.500,0.000,H_y48.0_x-40.0_-20.0_fwd,H_y48.0_x-40.0_-20.0_fwd,straight,bidirectional,J_m40p00_48p00,J_m20p00_48p00,1
8,-36.500,48.000,0.500,0.000,H_y48.0_x-40.0_-20.0_fwd,H_y48.0_x-40.0_-20.0_fwd,straight,bidirectional,J_m40p00_48p00,J_m20p00_48p00,1
9,-36.000,48.000,0.500,0.000,H_y48.0_x-40.0_-20.0_fwd,H_y48.0_x-40.0_-20.0_fwd,straight,bidirectional,J_m40p00_48p00,J_m20p00_48p00,1
10,-35.500,48.000,0.500,0.000,H_y48.0_x-40.0_-20.0_fwd,H_y48.0_x-40.0_-20.0_fwd,straight,bidirectional,J_m40p00_48p00,J_m20p00_48p00,1
11,-35.000,48.000,0.500,0.000,H_y48.0_x-40.0_-20.0_fwd,H_y48.0_x-40.0_-20.0_fwd,straight,bidirectional,J_m40p00_48p00,J_m20p00_48p00,1
12,-34.500,48.000,0.500,0.000,H_y48.0_x-40.0_-20.0_fwd,H_y48.0_x-40.0_-20.0_fwd,straight,bidirectional,J_m40p00_48p00,J_m20p00_48p00,1
13,-34.000,48.000,0.500,0.000,H_y48.0_x-40.0_-20.0_fwd,H_y48.0_x-40.0_-20.0_fwd,straight,bidirectional,J_m40p00_48p00,J_m20p00_48p00,1
14,-33.500,48.000,0.500,0.000,H_y48.0_x-40.0_-20.0_fwd,H_y48.0_x-40.0_-20.0_fwd,straight,bidirectional,J_m40p00_48p00,J_m20p00_48p00,1
15,-33.000,48.000,0.500,0.000,H_y48.0_x-40.0_-20.0_fwd,H_y48.0_x-40.0_-20.0_fwd,straight,bidirectional,J_m40p00_48p00,J_m20p00_48p00,1
16,-32.500,48.000,0.500,0.000,H_y48.0_x-40.0_-20.0_fwd,H_y48.0_x-40.0_-20.0_fwd,straight,bidirectional,J_m40p00_48p00,J_m20p00_48p00,1
17,-32.000,48.000,0.500,0.000,H_y48.0_x-40.0_-20.0_fwd,H_y48.0_x-40.0_-20.0_fwd,straight,bidirectional,J_m40p00_48p00,J_m20p00_48p00,1
18,-31.500,48.000,0.500,0.000,H_y48.0_x-40.0_-20.0_fwd,H_y48.0_x-40.0_-20.0_fwd,straight,bidirectional,J_m40p00_48p00,J_m20p00_48p00,1
19,-31.000,48.000,0.500,0.000,H_y48.0_x-40.0_-20.0_fwd,H_y48.0_x-40.0_-20.0_fwd,straight,bidirectional,J_m40p00_48p00,J_m20p00_48p00,1
20,-30.500,48.000,0.500,0.000,H_y48.0_x-40.0_-20.0_fwd,H_y48.0_x-40.0_-20.0_fwd,straight,bidirectional,J_m40p00_48p00,J_m20p00_48p00,1
21,-30.000,48.000,0.500,0.000,H_y48.0_x-40.0_-20.0_fwd,H_y48.0_x-40.0_-20.0_fwd,straight,bidirectional,J_m40p00_48p00,J_m20p00_48p00,1
22,-29.500,48.000,0.500,0.000,H_y48.0_x-40.0_-20.0_fwd,H_y48.0_x-40.0_-20.0_fwd,straight,bidirectional,J_m40p00_48p00,J_m20p00_48p00,1
23,-29.000,48.000,0.500,0.000,H_y48.0_x-40.0_-20.0_fwd,H_y48.0_x-40.0_-20.0_fwd,straight,bidirectional,J_m40p00_48p00,J_m20p00_48p00,1
24,-28.500,48.000,0.500,0.000,H_y48.0_x-40.0_-20.0_fwd,H_y48.0_x-40.0_-20.0_fwd,straight,bidirectional,J_m40p00_48p00,J_m20p00_48p00,1
25,-28.000,48.000,0.500,0.000,H_y48.0_x-40.0_-20.0_fwd,H_y48.0_x-40.0_-20.0_fwd,straight,bidirectional,J_m40p00_48p00,J_m20p00_48p00,1
26,-27.500,48.000,0.500,0.000,H_y48.0_x-40.0_-20.0_fwd,H_y48.0_x-40.0_-20.0_fwd,straight,bidirectional,J_m40p00_48p00,J_m20p00_48p00,1
27,-27.000,48.000,0.500,0.000,H_y48.0_x-40.0_-20.0_fwd,H_y48.0_x-40.0_-20.0_fwd,straight,bidirectional,J_m40p00_48p00,J_m20p00_48p00,1
28,-26.500,48.000,0.500,0.000,H_y48.0_x-40.0_-20.0_fwd,H_y48.0_x-40.0_-20.0_fwd,straight,bidirectional,J_m40p00_48p00,J_m20p00_48p00,1
29,-26.000,48.000,0.500,0.000,H_y48.0_x-40.0_-20.0_fwd,H_y48.0_x-40.0_-20.0_fwd,straight,bidirectional,J_m40p00_48p00,J_m20p00_48p00,1
30,-25.500,48.000,0.500,0.000,H_y48.0_x-40.0_-20.0_fwd,H_y48.0_x-40.0_-20.0_fwd,straight,bidirectional,J_m40p00_48p00,J_m20p00_48p00,1
31,-25.000,48.000,0.500,0.000,H_y48.0_x-40.0_-20.0_fwd,H_y48.0_x-40.0_-20.0_fwd,straight,bidirectional,J_m40p00_48p00,J_m20p00_48p00,1
32,-24.500,48.000,0.500,0.000,H_y48.0_x-40.0_-20.0_fwd,H_y48.0_x-40.0_-20.0_fwd,straight,bidirectional,J_m40p00_48p00,J_m20p00_48p00,1
33,-24.000,48.000,0.500,0.000,H_y48.0_x-40.0_-20.0_fwd,H_y48.0_x-40.0_-20.0_fwd,straight,bidirectional,J_m40p00_48p00,J_m20p00_48p00,1
34,-23.500,48.000,0.500,0.000,H_y48.0_x-40.0_-20.0_fwd,H_y48.0_x-40.0_-20.0_fwd,straight,bidirectional,J_m40p00_48p00,J_m20p00_48p00,1
35,-23.000,48.000,0.500,0.000,H_y48.0_x-40.0_-20.0_fwd,H_y48.0_x-40.0_-20.0_fwd,straight,bidirectional,J_m40p00_48p00,J_m20p00_48p00,1
36,-22.500,48.000,0.500,0.000,H_y48.0_x-40.0_-20.0_fwd,H_y48.0_x-40.0_-20.0_fwd,straight,bidirectional,J_m40p00_48p00,J_m20p00_48p00,1
37,-22.000,48.000,0.500,0.000,H_y48.0_x-40.0_-20.0_fwd,H_y48.0_x-40.0_-20.0_fwd,straight,bidirectional,J_m40p00_48p00,J_m20p00_48p00,1
38,-21.500,48.000,0.500,0.000,H_y48.0_x-40.0_-20.0_fwd,H_y48.0_x-40.0_-20.0_fwd,straight,bidirectional,J_m40p00_48p00,J_m20p00_48p00,1
39,-21.000,48.000,0.500,0.000,H_y48.0_x-40.0_-20.0_fwd,H_y48.0_x-40.0_-20.0_fwd,straight,bidirectional,J_m40p00_48p00,J_m20p00_48p00,1
40,-20.500,48.000,0.500,0.000,H_y48.0_x-40.0_-20.0_fwd,H_y48.0_x-40.0_-20.0_fwd,straight,bidirectional,J_m40p00_48p00,J_m20p00_48p00,1
41,-20.000,48.000,0.500,0.000,H_y48.0_x-40.0_-20.0_fwd,H_y48.0_x-40.0_-20.0_fwd,straight,bidirectional,J_m40p00_48p00,J_m20p00_48p00,0
42,-40.000,48.000,0.500,-90.000,V_x-40.0_y26.0_48.0_rev,V_x-40.0_y26.0_48.0_rev,straight,bidirectional,J_m40p00_48p00,J_m40p00_26p00,1
43,-40.000,47.500,0.500,-90.000,V_x-40.0_y26.0_48.0_rev,V_x-40.0_y26.0_48.0_rev,straight,bidirectional,J_m40p00_48p00,J_m40p00_26p00,1
44,-40.000,47.000,0.500,-90.000,V_x-40.0_y26.0_48.0_rev,V_x-40.0_y26.0_48.0_rev,straight,bidirectional,J_m40p00_48p00,J_m40p00_26p00,1
45,-40.000,46.500,0.500,-90.000,V_x-40.0_y26.0_48.0_rev,V_x-40.0_y26.0_48.0_rev,straight,bidirectional,J_m40p00_48p00,J_m40p00_26p00,1
46,-40.000,46.000,0.500,-90.000,V_x-40.0_y26.0_48.0_rev,V_x-40.0_y26.0_48.0_rev,straight,bidirectional,J_m40p00_48p00,J_m40p00_26p00,1
47,-40.000,45.500,0.500,-90.000,V_x-40.0_y26.0_48.0_rev,V_x-40.0_y26.0_48.0_rev,straight,bidirectional,J_m40p00_48p00,J_m40p00_26p00,1
48,-40.000,45.000,0.500,-90.000,V_x-40.0_y26.0_48.0_rev,V_x-40.0_y26.0_48.0_rev,straight,bidirectional,J_m40p00_48p00,J_m40p00_26p00,1
49,-40.000,44.500,0.500,-90.000,V_x-40.0_y26.0_48.0_rev,V_x-40.0_y26.0_48.0_rev,straight,bidirectional,J_m40p00_48p00,J_m40p00_26p00,1
50,-40.000,44.000,0.500,-90.000,V_x-40.0_y26.0_48.0_rev,V_x-40.0_y26.0_48.0_rev,straight,bidirectional,J_m40p00_48p00,J_m40p00_26p00,1
51,-40.000,43.500,0.500,-90.000,V_x-40.0_y26.0_48.0_rev,V_x-40.0_y26.0_48.0_rev,straight,bidirectional,J_m40p00_48p00,J_m40p00_26p00,1
52,-40.000,43.000,0.500,-90.000,V_x-40.0_y26.0_48.0_rev,V_x-40.0_y26.0_48.0_rev,straight,bidirectional,J_m40p00_48p00,J_m40p00_26p00,1
53,-40.000,42.500,0.500,-90.000,V_x-40.0_y26.0_48.0_rev,V_x-40.0_y26.0_48.0_rev,straight,bidirectional,J_m40p00_48p00,J_m40p00_26p00,1
54,-40.000,42.000,0.500,-90.000,V_x-40.0_y26.0_48.0_rev,V_x-40.0_y26.0_48.0_rev,straight,bidirectional,J_m40p00_48p00,J_m40p00_26p00,1
55,-40.000,41.500,0.500,-90.000,V_x-40.0_y26.0_48.0_rev,V_x-40.0_y26.0_48.0_rev,straight,bidirectional,J_m40p00_48p00,J_m40p00_26p00,1
56,-40.000,41.000,0.500,-90.000,V_x-40.0_y26.0_48.0_rev,V_x-40.0_y26.0_48.0_rev,straight,bidirectional,J_m40p00_48p00,J_m40p00_26p00,1
57,-40.000,40.500,0.500,-90.000,V_x-40.0_y26.0_48.0_rev,V_x-40.0_y26.0_48.0_rev,straight,bidirectional,J_m40p00_48p00,J_m40p00_26p00,1
58,-40.000,40.000,0.500,-90.000,V_x-40.0_y26.0_48.0_rev,V_x-40.0_y26.0_48.0_rev,straight,bidirectional,J_m40p00_48p00,J_m40p00_26p00,1
59,-40.000,39.500,0.500,-90.000,V_x-40.0_y26.0_48.0_rev,V_x-40.0_y26.0_48.0_rev,straight,bidirectional,J_m40p00_48p00,J_m40p00_26p00,1
60,-40.000,39.000,0.500,-90.000,V_x-40.0_y26.0_48.0_rev,V_x-40.0_y26.0_48.0_rev,straight,bidirectional,J_m40p00_48p00,J_m40p00_26p00,1
61,-40.000,38.500,0.500,-90.000,V_x-40.0_y26.0_48.0_rev,V_x-40.0_y26.0_48.0_rev,straight,bidirectional,J_m40p00_48p00,J_m40p00_26p00,1
62,-40.000,38.000,0.500,-90.000,V_x-40.0_y26.0_48.0_rev,V_x-40.0_y26.0_48.0_rev,straight,bidirectional,J_m40p00_48p00,J_m40p00_26p00,1
63,-40.000,37.500,0.500,-90.000,V_x-40.0_y26.0_48.0_rev,V_x-40.0_y26.0_48.0_rev,straight,bidirectional,J_m40p00_48p00,J_m40p00_26p00,1
64,-40.000,37.000,0.500,-90.000,V_x-40.0_y26.0_48.0_rev,V_x-40.0_y26.0_48.0_rev,straight,bidirectional,J_m40p00_48p00,J_m40p00_26p00,1
65,-40.000,36.500,0.500,-90.000,V_x-40.0_y26.0_48.0_rev,V_x-40.0_y26.0_48.0_rev,straight,bidirectional,J_m40p00_48p00,J_m40p00_26p00,1
66,-40.000,36.000,0.500,-90.000,V_x-40.0_y26.0_48.0_rev,V_x-40.0_y26.0_48.0_rev,straight,bidirectional,J_m40p00_48p00,J_m40p00_26p00,1
67,-40.000,35.500,0.500,-90.000,V_x-40.0_y26.0_48.0_rev,V_x-40.0_y26.0_48.0_rev,straight,bidirectional,J_m40p00_48p00,J_m40p00_26p00,1
68,-40.000,35.000,0.500,-90.000,V_x-40.0_y26.0_48.0_rev,V_x-40.0_y26.0_48.0_rev,straight,bidirectional,J_m40p00_48p00,J_m40p00_26p00,1
69,-40.000,34.500,0.500,-90.000,V_x-40.0_y26.0_48.0_rev,V_x-40.0_y26.0_48.0_rev,straight,bidirectional,J_m40p00_48p00,J_m40p00_26p00,1
70,-40.000,34.000,0.500,-90.000,V_x-40.0_y26.0_48.0_rev,V_x-40.0_y26.0_48.0_rev,straight,bidirectional,J_m40p00_48p00,J_m40p00_26p00,1
71,-40.000,33.500,0.500,-90.000,V_x-40.0_y26.0_48.0_rev,V_x-40.0_y26.0_48.0_rev,straight,bidirectional,J_m40p00_48p00,J_m40p00_26p00,1
72,-40.000,33.000,0.500,-90.000,V_x-40.0_y26.0_48.0_rev,V_x-40.0_y26.0_48.0_rev,straight,bidirectional,J_m40p00_48p00,J_m40p00_26p00,1
73,-40.000,32.500,0.500,-90.000,V_x-40.0_y26.0_48.0_rev,V_x-40.0_y26.0_48.0_rev,straight,bidirectional,J_m40p00_48p00,J_m40p00_26p00,1
74,-40.000,32.000,0.500,-90.000,V_x-40.0_y26.0_48.0_rev,V_x-40.0_y26.0_48.0_rev,straight,bidirectional,J_m40p00_48p00,J_m40p00_26p00,1
75,-40.000,31.500,0.500,-90.000,V_x-40.0_y26.0_48.0_rev,V_x-40.0_y26.0_48.0_rev,straight,bidirectional,J_m40p00_48p00,J_m40p00_26p00,1
76,-40.000,31.000,0.500,-90.000,V_x-40.0_y26.0_48.0_rev,V_x-40.0_y26.0_48.0_rev,straight,bidirectional,J_m40p00_48p00,J_m40p00_26p00,1
77,-40.000,30.500,0.500,-90.000,V_x-40.0_y26.0_48.0_rev,V_x-40.0_y26.0_48.0_rev,straight,bidirectional,J_m40p00_48p00,J_m40p00_26p00,1
78,-40.000,30.000,0.500,-90.000,V_x-40.0_y26.0_48.0_rev,V_x-40.0_y26.0_48.0_rev,straight,bidirectional,J_m40p00_48p00,J_m40p00_26p00,1
79,-40.000,29.500,0.500,-90.000,V_x-40.0_y26.0_48.0_rev,V_x-40.0_y26.0_48.0_rev,straight,bidirectional,J_m40p00_48p00,J_m40p00_26p00,1
80,-40.000,29.000,0.500,-90.000,V_x-40.0_y26.0_48.0_rev,V_x-40.0_y26.0_48.0_rev,straight,bidirectional,J_m40p00_48p00,J_m40p00_26p00,1
81,-40.000,28.500,0.500,-90.000,V_x-40.0_y26.0_48.0_rev,V_x-40.0_y26.0_48.0_rev,straight,bidirectional,J_m40p00_48p00,J_m40p00_26p00,1
82,-40.000,28.000,0.500,-90.000,V_x-40.0_y26.0_48.0_rev,V_x-40.0_y26.0_48.0_rev,straight,bidirectional,J_m40p00_48p00,J_m40p00_26p00,1
83,-40.000,27.500,0.500,-90.000,V_x-40.0_y26.0_48.0_rev,V_x-40.0_y26.0_48.0_rev,straight,bidirectional,J_m40p00_48p00,J_m40p00_26p00,1
84,-40.000,27.000,0.500,-90.000,V_x-40.0_y26.0_48.0_rev,V_x-40.0_y26.0_48.0_rev,straight,bidirectional,J_m40p00_48p00,J_m40p00_26p00,1
85,-40.000,26.500,0.500,-90.000,V_x-40.0_y26.0_48.0_rev,V_x-40.0_y26.0_48.0_rev,straight,bidirectional,J_m40p00_48p00,J_m40p00_26p00,1
86,-40.000,26.000,0.500,-90.000,V_x-40.0_y26.0_48.0_rev,V_x-40.0_y26.0_48.0_rev,straight,bidirectional,J_m40p00_48p00,J_m40p00_26p00,0
87,-40.000,48.000,0.500,-90.000,outer_top_left_conn0_rev,outer_top_left_conn0_rev,arc_connector,bidirectional,J_m40p00_48p00,ARC_m40p00_44p00,1
88,-40.000,47.500,0.500,-90.000,outer_top_left_conn0_rev,outer_top_left_conn0_rev,arc_connector,bidirectional,J_m40p00_48p00,ARC_m40p00_44p00,1
89,-40.000,47.000,0.500,-90.000,outer_top_left_conn0_rev,outer_top_left_conn0_rev,arc_connector,bidirectional,J_m40p00_48p00,ARC_m40p00_44p00,1
90,-40.000,46.500,0.500,-90.000,outer_top_left_conn0_rev,outer_top_left_conn0_rev,arc_connector,bidirectional,J_m40p00_48p00,ARC_m40p00_44p00,1
91,-40.000,46.000,0.500,-90.000,outer_top_left_conn0_rev,outer_top_left_conn0_rev,arc_connector,bidirectional,J_m40p00_48p00,ARC_m40p00_44p00,1
92,-40.000,45.500,0.500,-90.000,outer_top_left_conn0_rev,outer_top_left_conn0_rev,arc_connector,bidirectional,J_m40p00_48p00,ARC_m40p00_44p00,1
93,-40.000,45.000,0.500,-90.000,outer_top_left_conn0_rev,outer_top_left_conn0_rev,arc_connector,bidirectional,J_m40p00_48p00,ARC_m40p00_44p00,1
94,-40.000,44.500,0.500,-90.000,outer_top_left_conn0_rev,outer_top_left_conn0_rev,arc_connector,bidirectional,J_m40p00_48p00,ARC_m40p00_44p00,1
95,-40.000,44.000,0.500,-90.000,outer_top_left_conn0_rev,outer_top_left_conn0_rev,arc_connector,bidirectional,J_m40p00_48p00,ARC_m40p00_44p00,0
96,-40.000,48.000,0.500,0.000,outer_top_left_conn1_rev,outer_top_left_conn1_rev,arc_connector,bidirectional,J_m40p00_48p00,ARC_m36p00_48p00,1
97,-39.500,48.000,0.500,0.000,outer_top_left_conn1_rev,outer_top_left_conn1_rev,arc_connector,bidirectional,J_m40p00_48p00,ARC_m36p00_48p00,1
98,-39.000,48.000,0.500,0.000,outer_top_left_conn1_rev,outer_top_left_conn1_rev,arc_connector,bidirectional,J_m40p00_48p00,ARC_m36p00_48p00,1
99,-38.500,48.000,0.500,0.000,outer_top_left_conn1_rev,outer_top_left_conn1_rev,arc_connector,bidirectional,J_m40p00_48p00,ARC_m36p00_48p00,1
100,-38.000,48.000,0.500,0.000,outer_top_left_conn1_rev,outer_top_left_conn1_rev,arc_connector,bidirectional,J_m40p00_48p00,ARC_m36p00_48p00,1
101,-37.500,48.000,0.500,0.000,outer_top_left_conn1_rev,outer_top_left_conn1_rev,arc_connector,bidirectional,J_m40p00_48p00,ARC_m36p00_48p00,1
102,-37.000,48.000,0.500,0.000,outer_top_left_conn1_rev,outer_top_left_conn1_rev,arc_connector,bidirectional,J_m40p00_48p00,ARC_m36p00_48p00,1
103,-36.500,48.000,0.500,0.000,outer_top_left_conn1_rev,outer_top_left_conn1_rev,arc_connector,bidirectional,J_m40p00_48p00,ARC_m36p00_48p00,1
104,-36.000,48.000,0.500,0.000,outer_top_left_conn1_rev,outer_top_left_conn1_rev,arc_connector,bidirectional,J_m40p00_48p00,ARC_m36p00_48p00,0
105,-40.000,26.000,0.500,0.000,H_y26.0_x-40.0_-20.0_fwd,H_y26.0_x-40.0_-20.0_fwd,straight,bidirectional,J_m40p00_26p00,J_m20p00_26p00,1
106,-39.500,26.000,0.500,0.000,H_y26.0_x-40.0_-20.0_fwd,H_y26.0_x-40.0_-20.0_fwd,straight,bidirectional,J_m40p00_26p00,J_m20p00_26p00,1
107,-39.000,26.000,0.500,0.000,H_y26.0_x-40.0_-20.0_fwd,H_y26.0_x-40.0_-20.0_fwd,straight,bidirectional,J_m40p00_26p00,J_m20p00_26p00,1
108,-38.500,26.000,0.500,0.000,H_y26.0_x-40.0_-20.0_fwd,H_y26.0_x-40.0_-20.0_fwd,straight,bidirectional,J_m40p00_26p00,J_m20p00_26p00,1
109,-38.000,26.000,0.500,0.000,H_y26.0_x-40.0_-20.0_fwd,H_y26.0_x-40.0_-20.0_fwd,straight,bidirectional,J_m40p00_26p00,J_m20p00_26p00,1
110,-37.500,26.000,0.500,0.000,H_y26.0_x-40.0_-20.0_fwd,H_y26.0_x-40.0_-20.0_fwd,straight,bidirectional,J_m40p00_26p00,J_m20p00_26p00,1
111,-37.000,26.000,0.500,0.000,H_y26.0_x-40.0_-20.0_fwd,H_y26.0_x-40.0_-20.0_fwd,straight,bidirectional,J_m40p00_26p00,J_m20p00_26p00,1
112,-36.500,26.000,0.500,0.000,H_y26.0_x-40.0_-20.0_fwd,H_y26.0_x-40.0_-20.0_fwd,straight,bidirectional,J_m40p00_26p00,J_m20p00_26p00,1
113,-36.000,26.000,0.500,0.000,H_y26.0_x-40.0_-20.0_fwd,H_y26.0_x-40.0_-20.0_fwd,straight,bidirectional,J_m40p00_26p00,J_m20p00_26p00,1
114,-35.500,26.000,0.500,0.000,H_y26.0_x-40.0_-20.0_fwd,H_y26.0_x-40.0_-20.0_fwd,straight,bidirectional,J_m40p00_26p00,J_m20p00_26p00,1
115,-35.000,26.000,0.500,0.000,H_y26.0_x-40.0_-20.0_fwd,H_y26.0_x-40.0_-20.0_fwd,straight,bidirectional,J_m40p00_26p00,J_m20p00_26p00,1
116,-34.500,26.000,0.500,0.000,H_y26.0_x-40.0_-20.0_fwd,H_y26.0_x-40.0_-20.0_fwd,straight,bidirectional,J_m40p00_26p00,J_m20p00_26p00,1
117,-34.000,26.000,0.500,0.000,H_y26.0_x-40.0_-20.0_fwd,H_y26.0_x-40.0_-20.0_fwd,straight,bidirectional,J_m40p00_26p00,J_m20p00_26p00,1
118,-33.500,26.000,0.500,0.000,H_y26.0_x-40.0_-20.0_fwd,H_y26.0_x-40.0_-20.0_fwd,straight,bidirectional,J_m40p00_26p00,J_m20p00_26p00,1
119,-33.000,26.000,0.500,0.000,H_y26.0_x-40.0_-20.0_fwd,H_y26.0_x-40.0_-20.0_fwd,straight,bidirectional,J_m40p00_26p00,J_m20p00_26p00,1
120,-32.500,26.000,0.500,0.000,H_y26.0_x-40.0_-20.0_fwd,H_y26.0_x-40.0_-20.0_fwd,straight,bidirectional,J_m40p00_26p00,J_m20p00_26p00,1
121,-32.000,26.000,0.500,0.000,H_y26.0_x-40.0_-20.0_fwd,H_y26.0_x-40.0_-20.0_fwd,straight,bidirectional,J_m40p00_26p00,J_m20p00_26p00,1
122,-31.500,26.000,0.500,0.000,H_y26.0_x-40.0_-20.0_fwd,H_y26.0_x-40.0_-20.0_fwd,straight,bidirectional,J_m40p00_26p00,J_m20p00_26p00,1
123,-31.000,26.000,0.500,0.000,H_y26.0_x-40.0_-20.0_fwd,H_y26.0_x-40.0_-20.0_fwd,straight,bidirectional,J_m40p00_26p00,J_m20p00_26p00,1
124,-30.500,26.000,0.500,0.000,H_y26.0_x-40.0_-20.0_fwd,H_y26.0_x-40.0_-20.0_fwd,straight,bidirectional,J_m40p00_26p00,J_m20p00_26p00,1
125,-30.000,26.000,0.500,0.000,H_y26.0_x-40.0_-20.0_fwd,H_y26.0_x-40.0_-20.0_fwd,straight,bidirectional,J_m40p00_26p00,J_m20p00_26p00,1
126,-29.500,26.000,0.500,0.000,H_y26.0_x-40.0_-20.0_fwd,H_y26.0_x-40.0_-20.0_fwd,straight,bidirectional,J_m40p00_26p00,J_m20p00_26p00,1
127,-29.000,26.000,0.500,0.000,H_y26.0_x-40.0_-20.0_fwd,H_y26.0_x-40.0_-20.0_fwd,straight,bidirectional,J_m40p00_26p00,J_m20p00_26p00,1
128,-28.500,26.000,0.500,0.000,H_y26.0_x-40.0_-20.0_fwd,H_y26.0_x-40.0_-20.0_fwd,straight,bidirectional,J_m40p00_26p00,J_m20p00_26p00,1
129,-28.000,26.000,0.500,0.000,H_y26.0_x-40.0_-20.0_fwd,H_y26.0_x-40.0_-20.0_fwd,straight,bidirectional,J_m40p00_26p00,J_m20p00_26p00,1
130,-27.500,26.000,0.500,0.000,H_y26.0_x-40.0_-20.0_fwd,H_y26.0_x-40.0_-20.0_fwd,straight,bidirectional,J_m40p00_26p00,J_m20p00_26p00,1
131,-27.000,26.000,0.500,0.000,H_y26.0_x-40.0_-20.0_fwd,H_y26.0_x-40.0_-20.0_fwd,straight,bidirectional,J_m40p00_26p00,J_m20p00_26p00,1
132,-26.500,26.000,0.500,0.000,H_y26.0_x-40.0_-20.0_fwd,H_y26.0_x-40.0_-20.0_fwd,straight,bidirectional,J_m40p00_26p00,J_m20p00_26p00,1
133,-26.000,26.000,0.500,0.000,H_y26.0_x-40.0_-20.0_fwd,H_y26.0_x-40.0_-20.0_fwd,straight,bidirectional,J_m40p00_26p00,J_m20p00_26p00,1
134,-25.500,26.000,0.500,0.000,H_y26.0_x-40.0_-20.0_fwd,H_y26.0_x-40.0_-20.0_fwd,straight,bidirectional,J_m40p00_26p00,J_m20p00_26p00,1
135,-25.000,26.000,0.500,0.000,H_y26.0_x-40.0_-20.0_fwd,H_y26.0_x-40.0_-20.0_fwd,straight,bidirectional,J_m40p00_26p00,J_m20p00_26p00,1
136,-24.500,26.000,0.500,0.000,H_y26.0_x-40.0_-20.0_fwd,H_y26.0_x-40.0_-20.0_fwd,straight,bidirectional,J_m40p00_26p00,J_m20p00_26p00,1
137,-24.000,26.000,0.500,0.000,H_y26.0_x-40.0_-20.0_fwd,H_y26.0_x-40.0_-20.0_fwd,straight,bidirectional,J_m40p00_26p00,J_m20p00_26p00,1
138,-23.500,26.000,0.500,0.000,H_y26.0_x-40.0_-20.0_fwd,H_y26.0_x-40.0_-20.0_fwd,straight,bidirectional,J_m40p00_26p00,J_m20p00_26p00,1
139,-23.000,26.000,0.500,0.000,H_y26.0_x-40.0_-20.0_fwd,H_y26.0_x-40.0_-20.0_fwd,straight,bidirectional,J_m40p00_26p00,J_m20p00_26p00,1
140,-22.500,26.000,0.500,0.000,H_y26.0_x-40.0_-20.0_fwd,H_y26.0_x-40.0_-20.0_fwd,straight,bidirectional,J_m40p00_26p00,J_m20p00_26p00,1
141,-22.000,26.000,0.500,0.000,H_y26.0_x-40.0_-20.0_fwd,H_y26.0_x-40.0_-20.0_fwd,straight,bidirectional,J_m40p00_26p00,J_m20p00_26p00,1
142,-21.500,26.000,0.500,0.000,H_y26.0_x-40.0_-20.0_fwd,H_y26.0_x-40.0_-20.0_fwd,straight,bidirectional,J_m40p00_26p00,J_m20p00_26p00,1
143,-21.000,26.000,0.500,0.000,H_y26.0_x-40.0_-20.0_fwd,H_y26.0_x-40.0_-20.0_fwd,straight,bidirectional,J_m40p00_26p00,J_m20p00_26p00,1
144,-20.500,26.000,0.500,0.000,H_y26.0_x-40.0_-20.0_fwd,H_y26.0_x-40.0_-20.0_fwd,straight,bidirectional,J_m40p00_26p00,J_m20p00_26p00,1
145,-20.000,26.000,0.500,0.000,H_y26.0_x-40.0_-20.0_fwd,H_y26.0_x-40.0_-20.0_fwd,straight,bidirectional,J_m40p00_26p00,J_m20p00_26p00,0
146,-40.000,26.000,0.500,-90.000,V_x-40.0_y-3.0_26.0_rev,V_x-40.0_y-3.0_26.0_rev,straight,bidirectional,J_m40p00_26p00,J_m40p00_m3p00,1
147,-40.000,25.500,0.500,-90.000,V_x-40.0_y-3.0_26.0_rev,V_x-40.0_y-3.0_26.0_rev,straight,bidirectional,J_m40p00_26p00,J_m40p00_m3p00,1
148,-40.000,25.000,0.500,-90.000,V_x-40.0_y-3.0_26.0_rev,V_x-40.0_y-3.0_26.0_rev,straight,bidirectional,J_m40p00_26p00,J_m40p00_m3p00,1
149,-40.000,24.500,0.500,-90.000,V_x-40.0_y-3.0_26.0_rev,V_x-40.0_y-3.0_26.0_rev,straight,bidirectional,J_m40p00_26p00,J_m40p00_m3p00,1
150,-40.000,24.000,0.500,-90.000,V_x-40.0_y-3.0_26.0_rev,V_x-40.0_y-3.0_26.0_rev,straight,bidirectional,J_m40p00_26p00,J_m40p00_m3p00,1
151,-40.000,23.500,0.500,-90.000,V_x-40.0_y-3.0_26.0_rev,V_x-40.0_y-3.0_26.0_rev,straight,bidirectional,J_m40p00_26p00,J_m40p00_m3p00,1
152,-40.000,23.000,0.500,-90.000,V_x-40.0_y-3.0_26.0_rev,V_x-40.0_y-3.0_26.0_rev,straight,bidirectional,J_m40p00_26p00,J_m40p00_m3p00,1
153,-40.000,22.500,0.500,-90.000,V_x-40.0_y-3.0_26.0_rev,V_x-40.0_y-3.0_26.0_rev,straight,bidirectional,J_m40p00_26p00,J_m40p00_m3p00,1
154,-40.000,22.000,0.500,-90.000,V_x-40.0_y-3.0_26.0_rev,V_x-40.0_y-3.0_26.0_rev,straight,bidirectional,J_m40p00_26p00,J_m40p00_m3p00,1
155,-40.000,21.500,0.500,-90.000,V_x-40.0_y-3.0_26.0_rev,V_x-40.0_y-3.0_26.0_rev,straight,bidirectional,J_m40p00_26p00,J_m40p00_m3p00,1
156,-40.000,21.000,0.500,-90.000,V_x-40.0_y-3.0_26.0_rev,V_x-40.0_y-3.0_26.0_rev,straight,bidirectional,J_m40p00_26p00,J_m40p00_m3p00,1
157,-40.000,20.500,0.500,-90.000,V_x-40.0_y-3.0_26.0_rev,V_x-40.0_y-3.0_26.0_rev,straight,bidirectional,J_m40p00_26p00,J_m40p00_m3p00,1
158,-40.000,20.000,0.500,-90.000,V_x-40.0_y-3.0_26.0_rev,V_x-40.0_y-3.0_26.0_rev,straight,bidirectional,J_m40p00_26p00,J_m40p00_m3p00,1
159,-40.000,19.500,0.500,-90.000,V_x-40.0_y-3.0_26.0_rev,V_x-40.0_y-3.0_26.0_rev,straight,bidirectional,J_m40p00_26p00,J_m40p00_m3p00,1
160,-40.000,19.000,0.500,-90.000,V_x-40.0_y-3.0_26.0_rev,V_x-40.0_y-3.0_26.0_rev,straight,bidirectional,J_m40p00_26p00,J_m40p00_m3p00,1
161,-40.000,18.500,0.500,-90.000,V_x-40.0_y-3.0_26.0_rev,V_x-40.0_y-3.0_26.0_rev,straight,bidirectional,J_m40p00_26p00,J_m40p00_m3p00,1
162,-40.000,18.000,0.500,-90.000,V_x-40.0_y-3.0_26.0_rev,V_x-40.0_y-3.0_26.0_rev,straight,bidirectional,J_m40p00_26p00,J_m40p00_m3p00,1
163,-40.000,17.500,0.500,-90.000,V_x-40.0_y-3.0_26.0_rev,V_x-40.0_y-3.0_26.0_rev,straight,bidirectional,J_m40p00_26p00,J_m40p00_m3p00,1
164,-40.000,17.000,0.500,-90.000,V_x-40.0_y-3.0_26.0_rev,V_x-40.0_y-3.0_26.0_rev,straight,bidirectional,J_m40p00_26p00,J_m40p00_m3p00,1
165,-40.000,16.500,0.500,-90.000,V_x-40.0_y-3.0_26.0_rev,V_x-40.0_y-3.0_26.0_rev,straight,bidirectional,J_m40p00_26p00,J_m40p00_m3p00,1
166,-40.000,16.000,0.500,-90.000,V_x-40.0_y-3.0_26.0_rev,V_x-40.0_y-3.0_26.0_rev,straight,bidirectional,J_m40p00_26p00,J_m40p00_m3p00,1
167,-40.000,15.500,0.500,-90.000,V_x-40.0_y-3.0_26.0_rev,V_x-40.0_y-3.0_26.0_rev,straight,bidirectional,J_m40p00_26p00,J_m40p00_m3p00,1
168,-40.000,15.000,0.500,-90.000,V_x-40.0_y-3.0_26.0_rev,V_x-40.0_y-3.0_26.0_rev,straight,bidirectional,J_m40p00_26p00,J_m40p00_m3p00,1
169,-40.000,14.500,0.500,-90.000,V_x-40.0_y-3.0_26.0_rev,V_x-40.0_y-3.0_26.0_rev,straight,bidirectional,J_m40p00_26p00,J_m40p00_m3p00,1
170,-40.000,14.000,0.500,-90.000,V_x-40.0_y-3.0_26.0_rev,V_x-40.0_y-3.0_26.0_rev,straight,bidirectional,J_m40p00_26p00,J_m40p00_m3p00,1
171,-40.000,13.500,0.500,-90.000,V_x-40.0_y-3.0_26.0_rev,V_x-40.0_y-3.0_26.0_rev,straight,bidirectional,J_m40p00_26p00,J_m40p00_m3p00,1
172,-40.000,13.000,0.500,-90.000,V_x-40.0_y-3.0_26.0_rev,V_x-40.0_y-3.0_26.0_rev,straight,bidirectional,J_m40p00_26p00,J_m40p00_m3p00,1
173,-40.000,12.500,0.500,-90.000,V_x-40.0_y-3.0_26.0_rev,V_x-40.0_y-3.0_26.0_rev,straight,bidirectional,J_m40p00_26p00,J_m40p00_m3p00,1
174,-40.000,12.000,0.500,-90.000,V_x-40.0_y-3.0_26.0_rev,V_x-40.0_y-3.0_26.0_rev,straight,bidirectional,J_m40p00_26p00,J_m40p00_m3p00,1
175,-40.000,11.500,0.500,-90.000,V_x-40.0_y-3.0_26.0_rev,V_x-40.0_y-3.0_26.0_rev,straight,bidirectional,J_m40p00_26p00,J_m40p00_m3p00,1
176,-40.000,11.000,0.500,-90.000,V_x-40.0_y-3.0_26.0_rev,V_x-40.0_y-3.0_26.0_rev,straight,bidirectional,J_m40p00_26p00,J_m40p00_m3p00,1
177,-40.000,10.500,0.500,-90.000,V_x-40.0_y-3.0_26.0_rev,V_x-40.0_y-3.0_26.0_rev,straight,bidirectional,J_m40p00_26p00,J_m40p00_m3p00,1
178,-40.000,10.000,0.500,-90.000,V_x-40.0_y-3.0_26.0_rev,V_x-40.0_y-3.0_26.0_rev,straight,bidirectional,J_m40p00_26p00,J_m40p00_m3p00,1
179,-40.000,9.500,0.500,-90.000,V_x-40.0_y-3.0_26.0_rev,V_x-40.0_y-3.0_26.0_rev,straight,bidirectional,J_m40p00_26p00,J_m40p00_m3p00,1
180,-40.000,9.000,0.500,-90.000,V_x-40.0_y-3.0_26.0_rev,V_x-40.0_y-3.0_26.0_rev,straight,bidirectional,J_m40p00_26p00,J_m40p00_m3p00,1
181,-40.000,8.500,0.500,-90.000,V_x-40.0_y-3.0_26.0_rev,V_x-40.0_y-3.0_26.0_rev,straight,bidirectional,J_m40p00_26p00,J_m40p00_m3p00,1
182,-40.000,8.000,0.500,-90.000,V_x-40.0_y-3.0_26.0_rev,V_x-40.0_y-3.0_26.0_rev,straight,bidirectional,J_m40p00_26p00,J_m40p00_m3p00,1
183,-40.000,7.500,0.500,-90.000,V_x-40.0_y-3.0_26.0_rev,V_x-40.0_y-3.0_26.0_rev,straight,bidirectional,J_m40p00_26p00,J_m40p00_m3p00,1
184,-40.000,7.000,0.500,-90.000,V_x-40.0_y-3.0_26.0_rev,V_x-40.0_y-3.0_26.0_rev,straight,bidirectional,J_m40p00_26p00,J_m40p00_m3p00,1
185,-40.000,6.500,0.500,-90.000,V_x-40.0_y-3.0_26.0_rev,V_x-40.0_y-3.0_26.0_rev,straight,bidirectional,J_m40p00_26p00,J_m40p00_m3p00,1
186,-40.000,6.000,0.500,-90.000,V_x-40.0_y-3.0_26.0_rev,V_x-40.0_y-3.0_26.0_rev,straight,bidirectional,J_m40p00_26p00,J_m40p00_m3p00,1
187,-40.000,5.500,0.500,-90.000,V_x-40.0_y-3.0_26.0_rev,V_x-40.0_y-3.0_26.0_rev,straight,bidirectional,J_m40p00_26p00,J_m40p00_m3p00,1
188,-40.000,5.000,0.500,-90.000,V_x-40.0_y-3.0_26.0_rev,V_x-40.0_y-3.0_26.0_rev,straight,bidirectional,J_m40p00_26p00,J_m40p00_m3p00,1
189,-40.000,4.500,0.500,-90.000,V_x-40.0_y-3.0_26.0_rev,V_x-40.0_y-3.0_26.0_rev,straight,bidirectional,J_m40p00_26p00,J_m40p00_m3p00,1
190,-40.000,4.000,0.500,-90.000,V_x-40.0_y-3.0_26.0_rev,V_x-40.0_y-3.0_26.0_rev,straight,bidirectional,J_m40p00_26p00,J_m40p00_m3p00,1
191,-40.000,3.500,0.500,-90.000,V_x-40.0_y-3.0_26.0_rev,V_x-40.0_y-3.0_26.0_rev,straight,bidirectional,J_m40p00_26p00,J_m40p00_m3p00,1
192,-40.000,3.000,0.500,-90.000,V_x-40.0_y-3.0_26.0_rev,V_x-40.0_y-3.0_26.0_rev,straight,bidirectional,J_m40p00_26p00,J_m40p00_m3p00,1
193,-40.000,2.500,0.500,-90.000,V_x-40.0_y-3.0_26.0_rev,V_x-40.0_y-3.0_26.0_rev,straight,bidirectional,J_m40p00_26p00,J_m40p00_m3p00,1
194,-40.000,2.000,0.500,-90.000,V_x-40.0_y-3.0_26.0_rev,V_x-40.0_y-3.0_26.0_rev,straight,bidirectional,J_m40p00_26p00,J_m40p00_m3p00,1
195,-40.000,1.500,0.500,-90.000,V_x-40.0_y-3.0_26.0_rev,V_x-40.0_y-3.0_26.0_rev,straight,bidirectional,J_m40p00_26p00,J_m40p00_m3p00,1
196,-40.000,1.000,0.500,-90.000,V_x-40.0_y-3.0_26.0_rev,V_x-40.0_y-3.0_26.0_rev,straight,bidirectional,J_m40p00_26p00,J_m40p00_m3p00,1
197,-40.000,0.500,0.500,-90.000,V_x-40.0_y-3.0_26.0_rev,V_x-40.0_y-3.0_26.0_rev,straight,bidirectional,J_m40p00_26p00,J_m40p00_m3p00,1
198,-40.000,0.000,0.500,-90.000,V_x-40.0_y-3.0_26.0_rev,V_x-40.0_y-3.0_26.0_rev,straight,bidirectional,J_m40p00_26p00,J_m40p00_m3p00,1
199,-40.000,-0.500,0.500,-90.000,V_x-40.0_y-3.0_26.0_rev,V_x-40.0_y-3.0_26.0_rev,straight,bidirectional,J_m40p00_26p00,J_m40p00_m3p00,1
200,-40.000,-1.000,0.500,-90.000,V_x-40.0_y-3.0_26.0_rev,V_x-40.0_y-3.0_26.0_rev,straight,bidirectional,J_m40p00_26p00,J_m40p00_m3p00,1
201,-40.000,-1.500,0.500,-90.000,V_x-40.0_y-3.0_26.0_rev,V_x-40.0_y-3.0_26.0_rev,straight,bidirectional,J_m40p00_26p00,J_m40p00_m3p00,1
202,-40.000,-2.000,0.500,-90.000,V_x-40.0_y-3.0_26.0_rev,V_x-40.0_y-3.0_26.0_rev,straight,bidirectional,J_m40p00_26p00,J_m40p00_m3p00,1
203,-40.000,-2.500,0.500,-90.000,V_x-40.0_y-3.0_26.0_rev,V_x-40.0_y-3.0_26.0_rev,straight,bidirectional,J_m40p00_26p00,J_m40p00_m3p00,1
204,-40.000,-3.000,0.500,-90.000,V_x-40.0_y-3.0_26.0_rev,V_x-40.0_y-3.0_26.0_rev,straight,bidirectional,J_m40p00_26p00,J_m40p00_m3p00,0
205,-40.000,26.000,0.500,90.000,V_x-40.0_y26.0_48.0_fwd,V_x-40.0_y26.0_48.0_fwd,straight,bidirectional,J_m40p00_26p00,J_m40p00_48p00,1
206,-40.000,26.500,0.500,90.000,V_x-40.0_y26.0_48.0_fwd,V_x-40.0_y26.0_48.0_fwd,straight,bidirectional,J_m40p00_26p00,J_m40p00_48p00,1
207,-40.000,27.000,0.500,90.000,V_x-40.0_y26.0_48.0_fwd,V_x-40.0_y26.0_48.0_fwd,straight,bidirectional,J_m40p00_26p00,J_m40p00_48p00,1
208,-40.000,27.500,0.500,90.000,V_x-40.0_y26.0_48.0_fwd,V_x-40.0_y26.0_48.0_fwd,straight,bidirectional,J_m40p00_26p00,J_m40p00_48p00,1
209,-40.000,28.000,0.500,90.000,V_x-40.0_y26.0_48.0_fwd,V_x-40.0_y26.0_48.0_fwd,straight,bidirectional,J_m40p00_26p00,J_m40p00_48p00,1
210,-40.000,28.500,0.500,90.000,V_x-40.0_y26.0_48.0_fwd,V_x-40.0_y26.0_48.0_fwd,straight,bidirectional,J_m40p00_26p00,J_m40p00_48p00,1
211,-40.000,29.000,0.500,90.000,V_x-40.0_y26.0_48.0_fwd,V_x-40.0_y26.0_48.0_fwd,straight,bidirectional,J_m40p00_26p00,J_m40p00_48p00,1
212,-40.000,29.500,0.500,90.000,V_x-40.0_y26.0_48.0_fwd,V_x-40.0_y26.0_48.0_fwd,straight,bidirectional,J_m40p00_26p00,J_m40p00_48p00,1
213,-40.000,30.000,0.500,90.000,V_x-40.0_y26.0_48.0_fwd,V_x-40.0_y26.0_48.0_fwd,straight,bidirectional,J_m40p00_26p00,J_m40p00_48p00,1
214,-40.000,30.500,0.500,90.000,V_x-40.0_y26.0_48.0_fwd,V_x-40.0_y26.0_48.0_fwd,straight,bidirectional,J_m40p00_26p00,J_m40p00_48p00,1
215,-40.000,31.000,0.500,90.000,V_x-40.0_y26.0_48.0_fwd,V_x-40.0_y26.0_48.0_fwd,straight,bidirectional,J_m40p00_26p00,J_m40p00_48p00,1
216,-40.000,31.500,0.500,90.000,V_x-40.0_y26.0_48.0_fwd,V_x-40.0_y26.0_48.0_fwd,straight,bidirectional,J_m40p00_26p00,J_m40p00_48p00,1
217,-40.000,32.000,0.500,90.000,V_x-40.0_y26.0_48.0_fwd,V_x-40.0_y26.0_48.0_fwd,straight,bidirectional,J_m40p00_26p00,J_m40p00_48p00,1
218,-40.000,32.500,0.500,90.000,V_x-40.0_y26.0_48.0_fwd,V_x-40.0_y26.0_48.0_fwd,straight,bidirectional,J_m40p00_26p00,J_m40p00_48p00,1
219,-40.000,33.000,0.500,90.000,V_x-40.0_y26.0_48.0_fwd,V_x-40.0_y26.0_48.0_fwd,straight,bidirectional,J_m40p00_26p00,J_m40p00_48p00,1
220,-40.000,33.500,0.500,90.000,V_x-40.0_y26.0_48.0_fwd,V_x-40.0_y26.0_48.0_fwd,straight,bidirectional,J_m40p00_26p00,J_m40p00_48p00,1
221,-40.000,34.000,0.500,90.000,V_x-40.0_y26.0_48.0_fwd,V_x-40.0_y26.0_48.0_fwd,straight,bidirectional,J_m40p00_26p00,J_m40p00_48p00,1
222,-40.000,34.500,0.500,90.000,V_x-40.0_y26.0_48.0_fwd,V_x-40.0_y26.0_48.0_fwd,straight,bidirectional,J_m40p00_26p00,J_m40p00_48p00,1
223,-40.000,35.000,0.500,90.000,V_x-40.0_y26.0_48.0_fwd,V_x-40.0_y26.0_48.0_fwd,straight,bidirectional,J_m40p00_26p00,J_m40p00_48p00,1
224,-40.000,35.500,0.500,90.000,V_x-40.0_y26.0_48.0_fwd,V_x-40.0_y26.0_48.0_fwd,straight,bidirectional,J_m40p00_26p00,J_m40p00_48p00,1
225,-40.000,36.000,0.500,90.000,V_x-40.0_y26.0_48.0_fwd,V_x-40.0_y26.0_48.0_fwd,straight,bidirectional,J_m40p00_26p00,J_m40p00_48p00,1
226,-40.000,36.500,0.500,90.000,V_x-40.0_y26.0_48.0_fwd,V_x-40.0_y26.0_48.0_fwd,straight,bidirectional,J_m40p00_26p00,J_m40p00_48p00,1
227,-40.000,37.000,0.500,90.000,V_x-40.0_y26.0_48.0_fwd,V_x-40.0_y26.0_48.0_fwd,straight,bidirectional,J_m40p00_26p00,J_m40p00_48p00,1
228,-40.000,37.500,0.500,90.000,V_x-40.0_y26.0_48.0_fwd,V_x-40.0_y26.0_48.0_fwd,straight,bidirectional,J_m40p00_26p00,J_m40p00_48p00,1
229,-40.000,38.000,0.500,90.000,V_x-40.0_y26.0_48.0_fwd,V_x-40.0_y26.0_48.0_fwd,straight,bidirectional,J_m40p00_26p00,J_m40p00_48p00,1
230,-40.000,38.500,0.500,90.000,V_x-40.0_y26.0_48.0_fwd,V_x-40.0_y26.0_48.0_fwd,straight,bidirectional,J_m40p00_26p00,J_m40p00_48p00,1
231,-40.000,39.000,0.500,90.000,V_x-40.0_y26.0_48.0_fwd,V_x-40.0_y26.0_48.0_fwd,straight,bidirectional,J_m40p00_26p00,J_m40p00_48p00,1
232,-40.000,39.500,0.500,90.000,V_x-40.0_y26.0_48.0_fwd,V_x-40.0_y26.0_48.0_fwd,straight,bidirectional,J_m40p00_26p00,J_m40p00_48p00,1
233,-40.000,40.000,0.500,90.000,V_x-40.0_y26.0_48.0_fwd,V_x-40.0_y26.0_48.0_fwd,straight,bidirectional,J_m40p00_26p00,J_m40p00_48p00,1
234,-40.000,40.500,0.500,90.000,V_x-40.0_y26.0_48.0_fwd,V_x-40.0_y26.0_48.0_fwd,straight,bidirectional,J_m40p00_26p00,J_m40p00_48p00,1
235,-40.000,41.000,0.500,90.000,V_x-40.0_y26.0_48.0_fwd,V_x-40.0_y26.0_48.0_fwd,straight,bidirectional,J_m40p00_26p00,J_m40p00_48p00,1
236,-40.000,41.500,0.500,90.000,V_x-40.0_y26.0_48.0_fwd,V_x-40.0_y26.0_48.0_fwd,straight,bidirectional,J_m40p00_26p00,J_m40p00_48p00,1
237,-40.000,42.000,0.500,90.000,V_x-40.0_y26.0_48.0_fwd,V_x-40.0_y26.0_48.0_fwd,straight,bidirectional,J_m40p00_26p00,J_m40p00_48p00,1
238,-40.000,42.500,0.500,90.000,V_x-40.0_y26.0_48.0_fwd,V_x-40.0_y26.0_48.0_fwd,straight,bidirectional,J_m40p00_26p00,J_m40p00_48p00,1
239,-40.000,43.000,0.500,90.000,V_x-40.0_y26.0_48.0_fwd,V_x-40.0_y26.0_48.0_fwd,straight,bidirectional,J_m40p00_26p00,J_m40p00_48p00,1
240,-40.000,43.500,0.500,90.000,V_x-40.0_y26.0_48.0_fwd,V_x-40.0_y26.0_48.0_fwd,straight,bidirectional,J_m40p00_26p00,J_m40p00_48p00,1
241,-40.000,44.000,0.500,90.000,V_x-40.0_y26.0_48.0_fwd,V_x-40.0_y26.0_48.0_fwd,straight,bidirectional,J_m40p00_26p00,J_m40p00_48p00,1
242,-40.000,44.500,0.500,90.000,V_x-40.0_y26.0_48.0_fwd,V_x-40.0_y26.0_48.0_fwd,straight,bidirectional,J_m40p00_26p00,J_m40p00_48p00,1
243,-40.000,45.000,0.500,90.000,V_x-40.0_y26.0_48.0_fwd,V_x-40.0_y26.0_48.0_fwd,straight,bidirectional,J_m40p00_26p00,J_m40p00_48p00,1
244,-40.000,45.500,0.500,90.000,V_x-40.0_y26.0_48.0_fwd,V_x-40.0_y26.0_48.0_fwd,straight,bidirectional,J_m40p00_26p00,J_m40p00_48p00,1
245,-40.000,46.000,0.500,90.000,V_x-40.0_y26.0_48.0_fwd,V_x-40.0_y26.0_48.0_fwd,straight,bidirectional,J_m40p00_26p00,J_m40p00_48p00,1
246,-40.000,46.500,0.500,90.000,V_x-40.0_y26.0_48.0_fwd,V_x-40.0_y26.0_48.0_fwd,straight,bidirectional,J_m40p00_26p00,J_m40p00_48p00,1
247,-40.000,47.000,0.500,90.000,V_x-40.0_y26.0_48.0_fwd,V_x-40.0_y26.0_48.0_fwd,straight,bidirectional,J_m40p00_26p00,J_m40p00_48p00,1
248,-40.000,47.500,0.500,90.000,V_x-40.0_y26.0_48.0_fwd,V_x-40.0_y26.0_48.0_fwd,straight,bidirectional,J_m40p00_26p00,J_m40p00_48p00,1
249,-40.000,48.000,0.500,90.000,V_x-40.0_y26.0_48.0_fwd,V_x-40.0_y26.0_48.0_fwd,straight,bidirectional,J_m40p00_26p00,J_m40p00_48p00,0
250,-40.000,-3.000,0.500,0.000,H_y-3.0_x-40.0_-20.0_fwd,H_y-3.0_x-40.0_-20.0_fwd,straight,bidirectional,J_m40p00_m3p00,J_m20p00_m3p00,1
251,-39.500,-3.000,0.500,0.000,H_y-3.0_x-40.0_-20.0_fwd,H_y-3.0_x-40.0_-20.0_fwd,straight,bidirectional,J_m40p00_m3p00,J_m20p00_m3p00,1
252,-39.000,-3.000,0.500,0.000,H_y-3.0_x-40.0_-20.0_fwd,H_y-3.0_x-40.0_-20.0_fwd,straight,bidirectional,J_m40p00_m3p00,J_m20p00_m3p00,1
253,-38.500,-3.000,0.500,0.000,H_y-3.0_x-40.0_-20.0_fwd,H_y-3.0_x-40.0_-20.0_fwd,straight,bidirectional,J_m40p00_m3p00,J_m20p00_m3p00,1
254,-38.000,-3.000,0.500,0.000,H_y-3.0_x-40.0_-20.0_fwd,H_y-3.0_x-40.0_-20.0_fwd,straight,bidirectional,J_m40p00_m3p00,J_m20p00_m3p00,1
255,-37.500,-3.000,0.500,0.000,H_y-3.0_x-40.0_-20.0_fwd,H_y-3.0_x-40.0_-20.0_fwd,straight,bidirectional,J_m40p00_m3p00,J_m20p00_m3p00,1
256,-37.000,-3.000,0.500,0.000,H_y-3.0_x-40.0_-20.0_fwd,H_y-3.0_x-40.0_-20.0_fwd,straight,bidirectional,J_m40p00_m3p00,J_m20p00_m3p00,1
257,-36.500,-3.000,0.500,0.000,H_y-3.0_x-40.0_-20.0_fwd,H_y-3.0_x-40.0_-20.0_fwd,straight,bidirectional,J_m40p00_m3p00,J_m20p00_m3p00,1
258,-36.000,-3.000,0.500,0.000,H_y-3.0_x-40.0_-20.0_fwd,H_y-3.0_x-40.0_-20.0_fwd,straight,bidirectional,J_m40p00_m3p00,J_m20p00_m3p00,1
259,-35.500,-3.000,0.500,0.000,H_y-3.0_x-40.0_-20.0_fwd,H_y-3.0_x-40.0_-20.0_fwd,straight,bidirectional,J_m40p00_m3p00,J_m20p00_m3p00,1
260,-35.000,-3.000,0.500,0.000,H_y-3.0_x-40.0_-20.0_fwd,H_y-3.0_x-40.0_-20.0_fwd,straight,bidirectional,J_m40p00_m3p00,J_m20p00_m3p00,1
261,-34.500,-3.000,0.500,0.000,H_y-3.0_x-40.0_-20.0_fwd,H_y-3.0_x-40.0_-20.0_fwd,straight,bidirectional,J_m40p00_m3p00,J_m20p00_m3p00,1
262,-34.000,-3.000,0.500,0.000,H_y-3.0_x-40.0_-20.0_fwd,H_y-3.0_x-40.0_-20.0_fwd,straight,bidirectional,J_m40p00_m3p00,J_m20p00_m3p00,1
263,-33.500,-3.000,0.500,0.000,H_y-3.0_x-40.0_-20.0_fwd,H_y-3.0_x-40.0_-20.0_fwd,straight,bidirectional,J_m40p00_m3p00,J_m20p00_m3p00,1
264,-33.000,-3.000,0.500,0.000,H_y-3.0_x-40.0_-20.0_fwd,H_y-3.0_x-40.0_-20.0_fwd,straight,bidirectional,J_m40p00_m3p00,J_m20p00_m3p00,1
265,-32.500,-3.000,0.500,0.000,H_y-3.0_x-40.0_-20.0_fwd,H_y-3.0_x-40.0_-20.0_fwd,straight,bidirectional,J_m40p00_m3p00,J_m20p00_m3p00,1
266,-32.000,-3.000,0.500,0.000,H_y-3.0_x-40.0_-20.0_fwd,H_y-3.0_x-40.0_-20.0_fwd,straight,bidirectional,J_m40p00_m3p00,J_m20p00_m3p00,1
267,-31.500,-3.000,0.500,0.000,H_y-3.0_x-40.0_-20.0_fwd,H_y-3.0_x-40.0_-20.0_fwd,straight,bidirectional,J_m40p00_m3p00,J_m20p00_m3p00,1
268,-31.000,-3.000,0.500,0.000,H_y-3.0_x-40.0_-20.0_fwd,H_y-3.0_x-40.0_-20.0_fwd,straight,bidirectional,J_m40p00_m3p00,J_m20p00_m3p00,1
269,-30.500,-3.000,0.500,0.000,H_y-3.0_x-40.0_-20.0_fwd,H_y-3.0_x-40.0_-20.0_fwd,straight,bidirectional,J_m40p00_m3p00,J_m20p00_m3p00,1
270,-30.000,-3.000,0.500,0.000,H_y-3.0_x-40.0_-20.0_fwd,H_y-3.0_x-40.0_-20.0_fwd,straight,bidirectional,J_m40p00_m3p00,J_m20p00_m3p00,1
271,-29.500,-3.000,0.500,0.000,H_y-3.0_x-40.0_-20.0_fwd,H_y-3.0_x-40.0_-20.0_fwd,straight,bidirectional,J_m40p00_m3p00,J_m20p00_m3p00,1
272,-29.000,-3.000,0.500,0.000,H_y-3.0_x-40.0_-20.0_fwd,H_y-3.0_x-40.0_-20.0_fwd,straight,bidirectional,J_m40p00_m3p00,J_m20p00_m3p00,1
273,-28.500,-3.000,0.500,0.000,H_y-3.0_x-40.0_-20.0_fwd,H_y-3.0_x-40.0_-20.0_fwd,straight,bidirectional,J_m40p00_m3p00,J_m20p00_m3p00,1
274,-28.000,-3.000,0.500,0.000,H_y-3.0_x-40.0_-20.0_fwd,H_y-3.0_x-40.0_-20.0_fwd,straight,bidirectional,J_m40p00_m3p00,J_m20p00_m3p00,1
275,-27.500,-3.000,0.500,0.000,H_y-3.0_x-40.0_-20.0_fwd,H_y-3.0_x-40.0_-20.0_fwd,straight,bidirectional,J_m40p00_m3p00,J_m20p00_m3p00,1
276,-27.000,-3.000,0.500,0.000,H_y-3.0_x-40.0_-20.0_fwd,H_y-3.0_x-40.0_-20.0_fwd,straight,bidirectional,J_m40p00_m3p00,J_m20p00_m3p00,1
277,-26.500,-3.000,0.500,0.000,H_y-3.0_x-40.0_-20.0_fwd,H_y-3.0_x-40.0_-20.0_fwd,straight,bidirectional,J_m40p00_m3p00,J_m20p00_m3p00,1
278,-26.000,-3.000,0.500,0.000,H_y-3.0_x-40.0_-20.0_fwd,H_y-3.0_x-40.0_-20.0_fwd,straight,bidirectional,J_m40p00_m3p00,J_m20p00_m3p00,1
279,-25.500,-3.000,0.500,0.000,H_y-3.0_x-40.0_-20.0_fwd,H_y-3.0_x-40.0_-20.0_fwd,straight,bidirectional,J_m40p00_m3p00,J_m20p00_m3p00,1
280,-25.000,-3.000,0.500,0.000,H_y-3.0_x-40.0_-20.0_fwd,H_y-3.0_x-40.0_-20.0_fwd,straight,bidirectional,J_m40p00_m3p00,J_m20p00_m3p00,1
281,-24.500,-3.000,0.500,0.000,H_y-3.0_x-40.0_-20.0_fwd,H_y-3.0_x-40.0_-20.0_fwd,straight,bidirectional,J_m40p00_m3p00,J_m20p00_m3p00,1
282,-24.000,-3.000,0.500,0.000,H_y-3.0_x-40.0_-20.0_fwd,H_y-3.0_x-40.0_-20.0_fwd,straight,bidirectional,J_m40p00_m3p00,J_m20p00_m3p00,1
283,-23.500,-3.000,0.500,0.000,H_y-3.0_x-40.0_-20.0_fwd,H_y-3.0_x-40.0_-20.0_fwd,straight,bidirectional,J_m40p00_m3p00,J_m20p00_m3p00,1
284,-23.000,-3.000,0.500,0.000,H_y-3.0_x-40.0_-20.0_fwd,H_y-3.0_x-40.0_-20.0_fwd,straight,bidirectional,J_m40p00_m3p00,J_m20p00_m3p00,1
285,-22.500,-3.000,0.500,0.000,H_y-3.0_x-40.0_-20.0_fwd,H_y-3.0_x-40.0_-20.0_fwd,straight,bidirectional,J_m40p00_m3p00,J_m20p00_m3p00,1
286,-22.000,-3.000,0.500,0.000,H_y-3.0_x-40.0_-20.0_fwd,H_y-3.0_x-40.0_-20.0_fwd,straight,bidirectional,J_m40p00_m3p00,J_m20p00_m3p00,1
287,-21.500,-3.000,0.500,0.000,H_y-3.0_x-40.0_-20.0_fwd,H_y-3.0_x-40.0_-20.0_fwd,straight,bidirectional,J_m40p00_m3p00,J_m20p00_m3p00,1
288,-21.000,-3.000,0.500,0.000,H_y-3.0_x-40.0_-20.0_fwd,H_y-3.0_x-40.0_-20.0_fwd,straight,bidirectional,J_m40p00_m3p00,J_m20p00_m3p00,1
289,-20.500,-3.000,0.500,0.000,H_y-3.0_x-40.0_-20.0_fwd,H_y-3.0_x-40.0_-20.0_fwd,straight,bidirectional,J_m40p00_m3p00,J_m20p00_m3p00,1
290,-20.000,-3.000,0.500,0.000,H_y-3.0_x-40.0_-20.0_fwd,H_y-3.0_x-40.0_-20.0_fwd,straight,bidirectional,J_m40p00_m3p00,J_m20p00_m3p00,0
291,-40.000,-3.000,0.500,-90.000,V_x-40.0_y-34.0_-3.0_rev,V_x-40.0_y-34.0_-3.0_rev,straight,bidirectional,J_m40p00_m3p00,J_m40p00_m34p00,1
292,-40.000,-3.500,0.500,-90.000,V_x-40.0_y-34.0_-3.0_rev,V_x-40.0_y-34.0_-3.0_rev,straight,bidirectional,J_m40p00_m3p00,J_m40p00_m34p00,1
293,-40.000,-4.000,0.500,-90.000,V_x-40.0_y-34.0_-3.0_rev,V_x-40.0_y-34.0_-3.0_rev,straight,bidirectional,J_m40p00_m3p00,J_m40p00_m34p00,1
294,-40.000,-4.500,0.500,-90.000,V_x-40.0_y-34.0_-3.0_rev,V_x-40.0_y-34.0_-3.0_rev,straight,bidirectional,J_m40p00_m3p00,J_m40p00_m34p00,1
295,-40.000,-5.000,0.500,-90.000,V_x-40.0_y-34.0_-3.0_rev,V_x-40.0_y-34.0_-3.0_rev,straight,bidirectional,J_m40p00_m3p00,J_m40p00_m34p00,1
296,-40.000,-5.500,0.500,-90.000,V_x-40.0_y-34.0_-3.0_rev,V_x-40.0_y-34.0_-3.0_rev,straight,bidirectional,J_m40p00_m3p00,J_m40p00_m34p00,1
297,-40.000,-6.000,0.500,-90.000,V_x-40.0_y-34.0_-3.0_rev,V_x-40.0_y-34.0_-3.0_rev,straight,bidirectional,J_m40p00_m3p00,J_m40p00_m34p00,1
298,-40.000,-6.500,0.500,-90.000,V_x-40.0_y-34.0_-3.0_rev,V_x-40.0_y-34.0_-3.0_rev,straight,bidirectional,J_m40p00_m3p00,J_m40p00_m34p00,1
299,-40.000,-7.000,0.500,-90.000,V_x-40.0_y-34.0_-3.0_rev,V_x-40.0_y-34.0_-3.0_rev,straight,bidirectional,J_m40p00_m3p00,J_m40p00_m34p00,1
300,-40.000,-7.500,0.500,-90.000,V_x-40.0_y-34.0_-3.0_rev,V_x-40.0_y-34.0_-3.0_rev,straight,bidirectional,J_m40p00_m3p00,J_m40p00_m34p00,1
301,-40.000,-8.000,0.500,-90.000,V_x-40.0_y-34.0_-3.0_rev,V_x-40.0_y-34.0_-3.0_rev,straight,bidirectional,J_m40p00_m3p00,J_m40p00_m34p00,1
302,-40.000,-8.500,0.500,-90.000,V_x-40.0_y-34.0_-3.0_rev,V_x-40.0_y-34.0_-3.0_rev,straight,bidirectional,J_m40p00_m3p00,J_m40p00_m34p00,1
303,-40.000,-9.000,0.500,-90.000,V_x-40.0_y-34.0_-3.0_rev,V_x-40.0_y-34.0_-3.0_rev,straight,bidirectional,J_m40p00_m3p00,J_m40p00_m34p00,1
304,-40.000,-9.500,0.500,-90.000,V_x-40.0_y-34.0_-3.0_rev,V_x-40.0_y-34.0_-3.0_rev,straight,bidirectional,J_m40p00_m3p00,J_m40p00_m34p00,1
305,-40.000,-10.000,0.500,-90.000,V_x-40.0_y-34.0_-3.0_rev,V_x-40.0_y-34.0_-3.0_rev,straight,bidirectional,J_m40p00_m3p00,J_m40p00_m34p00,1
306,-40.000,-10.500,0.500,-90.000,V_x-40.0_y-34.0_-3.0_rev,V_x-40.0_y-34.0_-3.0_rev,straight,bidirectional,J_m40p00_m3p00,J_m40p00_m34p00,1
307,-40.000,-11.000,0.500,-90.000,V_x-40.0_y-34.0_-3.0_rev,V_x-40.0_y-34.0_-3.0_rev,straight,bidirectional,J_m40p00_m3p00,J_m40p00_m34p00,1
308,-40.000,-11.500,0.500,-90.000,V_x-40.0_y-34.0_-3.0_rev,V_x-40.0_y-34.0_-3.0_rev,straight,bidirectional,J_m40p00_m3p00,J_m40p00_m34p00,1
309,-40.000,-12.000,0.500,-90.000,V_x-40.0_y-34.0_-3.0_rev,V_x-40.0_y-34.0_-3.0_rev,straight,bidirectional,J_m40p00_m3p00,J_m40p00_m34p00,1
310,-40.000,-12.500,0.500,-90.000,V_x-40.0_y-34.0_-3.0_rev,V_x-40.0_y-34.0_-3.0_rev,straight,bidirectional,J_m40p00_m3p00,J_m40p00_m34p00,1
311,-40.000,-13.000,0.500,-90.000,V_x-40.0_y-34.0_-3.0_rev,V_x-40.0_y-34.0_-3.0_rev,straight,bidirectional,J_m40p00_m3p00,J_m40p00_m34p00,1
312,-40.000,-13.500,0.500,-90.000,V_x-40.0_y-34.0_-3.0_rev,V_x-40.0_y-34.0_-3.0_rev,straight,bidirectional,J_m40p00_m3p00,J_m40p00_m34p00,1
313,-40.000,-14.000,0.500,-90.000,V_x-40.0_y-34.0_-3.0_rev,V_x-40.0_y-34.0_-3.0_rev,straight,bidirectional,J_m40p00_m3p00,J_m40p00_m34p00,1
314,-40.000,-14.500,0.500,-90.000,V_x-40.0_y-34.0_-3.0_rev,V_x-40.0_y-34.0_-3.0_rev,straight,bidirectional,J_m40p00_m3p00,J_m40p00_m34p00,1
315,-40.000,-15.000,0.500,-90.000,V_x-40.0_y-34.0_-3.0_rev,V_x-40.0_y-34.0_-3.0_rev,straight,bidirectional,J_m40p00_m3p00,J_m40p00_m34p00,1
316,-40.000,-15.500,0.500,-90.000,V_x-40.0_y-34.0_-3.0_rev,V_x-40.0_y-34.0_-3.0_rev,straight,bidirectional,J_m40p00_m3p00,J_m40p00_m34p00,1
317,-40.000,-16.000,0.500,-90.000,V_x-40.0_y-34.0_-3.0_rev,V_x-40.0_y-34.0_-3.0_rev,straight,bidirectional,J_m40p00_m3p00,J_m40p00_m34p00,1
318,-40.000,-16.500,0.500,-90.000,V_x-40.0_y-34.0_-3.0_rev,V_x-40.0_y-34.0_-3.0_rev,straight,bidirectional,J_m40p00_m3p00,J_m40p00_m34p00,1
319,-40.000,-17.000,0.500,-90.000,V_x-40.0_y-34.0_-3.0_rev,V_x-40.0_y-34.0_-3.0_rev,straight,bidirectional,J_m40p00_m3p00,J_m40p00_m34p00,1
320,-40.000,-17.500,0.500,-90.000,V_x-40.0_y-34.0_-3.0_rev,V_x-40.0_y-34.0_-3.0_rev,straight,bidirectional,J_m40p00_m3p00,J_m40p00_m34p00,1
321,-40.000,-18.000,0.500,-90.000,V_x-40.0_y-34.0_-3.0_rev,V_x-40.0_y-34.0_-3.0_rev,straight,bidirectional,J_m40p00_m3p00,J_m40p00_m34p00,1
322,-40.000,-18.500,0.500,-90.000,V_x-40.0_y-34.0_-3.0_rev,V_x-40.0_y-34.0_-3.0_rev,straight,bidirectional,J_m40p00_m3p00,J_m40p00_m34p00,1
323,-40.000,-19.000,0.500,-90.000,V_x-40.0_y-34.0_-3.0_rev,V_x-40.0_y-34.0_-3.0_rev,straight,bidirectional,J_m40p00_m3p00,J_m40p00_m34p00,1
324,-40.000,-19.500,0.500,-90.000,V_x-40.0_y-34.0_-3.0_rev,V_x-40.0_y-34.0_-3.0_rev,straight,bidirectional,J_m40p00_m3p00,J_m40p00_m34p00,1
325,-40.000,-20.000,0.500,-90.000,V_x-40.0_y-34.0_-3.0_rev,V_x-40.0_y-34.0_-3.0_rev,straight,bidirectional,J_m40p00_m3p00,J_m40p00_m34p00,1
326,-40.000,-20.500,0.500,-90.000,V_x-40.0_y-34.0_-3.0_rev,V_x-40.0_y-34.0_-3.0_rev,straight,bidirectional,J_m40p00_m3p00,J_m40p00_m34p00,1
327,-40.000,-21.000,0.500,-90.000,V_x-40.0_y-34.0_-3.0_rev,V_x-40.0_y-34.0_-3.0_rev,straight,bidirectional,J_m40p00_m3p00,J_m40p00_m34p00,1
328,-40.000,-21.500,0.500,-90.000,V_x-40.0_y-34.0_-3.0_rev,V_x-40.0_y-34.0_-3.0_rev,straight,bidirectional,J_m40p00_m3p00,J_m40p00_m34p00,1
329,-40.000,-22.000,0.500,-90.000,V_x-40.0_y-34.0_-3.0_rev,V_x-40.0_y-34.0_-3.0_rev,straight,bidirectional,J_m40p00_m3p00,J_m40p00_m34p00,1
330,-40.000,-22.500,0.500,-90.000,V_x-40.0_y-34.0_-3.0_rev,V_x-40.0_y-34.0_-3.0_rev,straight,bidirectional,J_m40p00_m3p00,J_m40p00_m34p00,1
331,-40.000,-23.000,0.500,-90.000,V_x-40.0_y-34.0_-3.0_rev,V_x-40.0_y-34.0_-3.0_rev,straight,bidirectional,J_m40p00_m3p00,J_m40p00_m34p00,1
332,-40.000,-23.500,0.500,-90.000,V_x-40.0_y-34.0_-3.0_rev,V_x-40.0_y-34.0_-3.0_rev,straight,bidirectional,J_m40p00_m3p00,J_m40p00_m34p00,1
333,-40.000,-24.000,0.500,-90.000,V_x-40.0_y-34.0_-3.0_rev,V_x-40.0_y-34.0_-3.0_rev,straight,bidirectional,J_m40p00_m3p00,J_m40p00_m34p00,1
334,-40.000,-24.500,0.500,-90.000,V_x-40.0_y-34.0_-3.0_rev,V_x-40.0_y-34.0_-3.0_rev,straight,bidirectional,J_m40p00_m3p00,J_m40p00_m34p00,1
335,-40.000,-25.000,0.500,-90.000,V_x-40.0_y-34.0_-3.0_rev,V_x-40.0_y-34.0_-3.0_rev,straight,bidirectional,J_m40p00_m3p00,J_m40p00_m34p00,1
336,-40.000,-25.500,0.500,-90.000,V_x-40.0_y-34.0_-3.0_rev,V_x-40.0_y-34.0_-3.0_rev,straight,bidirectional,J_m40p00_m3p00,J_m40p00_m34p00,1
337,-40.000,-26.000,0.500,-90.000,V_x-40.0_y-34.0_-3.0_rev,V_x-40.0_y-34.0_-3.0_rev,straight,bidirectional,J_m40p00_m3p00,J_m40p00_m34p00,1
338,-40.000,-26.500,0.500,-90.000,V_x-40.0_y-34.0_-3.0_rev,V_x-40.0_y-34.0_-3.0_rev,straight,bidirectional,J_m40p00_m3p00,J_m40p00_m34p00,1
339,-40.000,-27.000,0.500,-90.000,V_x-40.0_y-34.0_-3.0_rev,V_x-40.0_y-34.0_-3.0_rev,straight,bidirectional,J_m40p00_m3p00,J_m40p00_m34p00,1
340,-40.000,-27.500,0.500,-90.000,V_x-40.0_y-34.0_-3.0_rev,V_x-40.0_y-34.0_-3.0_rev,straight,bidirectional,J_m40p00_m3p00,J_m40p00_m34p00,1
341,-40.000,-28.000,0.500,-90.000,V_x-40.0_y-34.0_-3.0_rev,V_x-40.0_y-34.0_-3.0_rev,straight,bidirectional,J_m40p00_m3p00,J_m40p00_m34p00,1
342,-40.000,-28.500,0.500,-90.000,V_x-40.0_y-34.0_-3.0_rev,V_x-40.0_y-34.0_-3.0_rev,straight,bidirectional,J_m40p00_m3p00,J_m40p00_m34p00,1
343,-40.000,-29.000,0.500,-90.000,V_x-40.0_y-34.0_-3.0_rev,V_x-40.0_y-34.0_-3.0_rev,straight,bidirectional,J_m40p00_m3p00,J_m40p00_m34p00,1
344,-40.000,-29.500,0.500,-90.000,V_x-40.0_y-34.0_-3.0_rev,V_x-40.0_y-34.0_-3.0_rev,straight,bidirectional,J_m40p00_m3p00,J_m40p00_m34p00,1
345,-40.000,-30.000,0.500,-90.000,V_x-40.0_y-34.0_-3.0_rev,V_x-40.0_y-34.0_-3.0_rev,straight,bidirectional,J_m40p00_m3p00,J_m40p00_m34p00,1
346,-40.000,-30.500,0.500,-90.000,V_x-40.0_y-34.0_-3.0_rev,V_x-40.0_y-34.0_-3.0_rev,straight,bidirectional,J_m40p00_m3p00,J_m40p00_m34p00,1
347,-40.000,-31.000,0.500,-90.000,V_x-40.0_y-34.0_-3.0_rev,V_x-40.0_y-34.0_-3.0_rev,straight,bidirectional,J_m40p00_m3p00,J_m40p00_m34p00,1
348,-40.000,-31.500,0.500,-90.000,V_x-40.0_y-34.0_-3.0_rev,V_x-40.0_y-34.0_-3.0_rev,straight,bidirectional,J_m40p00_m3p00,J_m40p00_m34p00,1
349,-40.000,-32.000,0.500,-90.000,V_x-40.0_y-34.0_-3.0_rev,V_x-40.0_y-34.0_-3.0_rev,straight,bidirectional,J_m40p00_m3p00,J_m40p00_m34p00,1
350,-40.000,-32.500,0.500,-90.000,V_x-40.0_y-34.0_-3.0_rev,V_x-40.0_y-34.0_-3.0_rev,straight,bidirectional,J_m40p00_m3p00,J_m40p00_m34p00,1
351,-40.000,-33.000,0.500,-90.000,V_x-40.0_y-34.0_-3.0_rev,V_x-40.0_y-34.0_-3.0_rev,straight,bidirectional,J_m40p00_m3p00,J_m40p00_m34p00,1
352,-40.000,-33.500,0.500,-90.000,V_x-40.0_y-34.0_-3.0_rev,V_x-40.0_y-34.0_-3.0_rev,straight,bidirectional,J_m40p00_m3p00,J_m40p00_m34p00,1
353,-40.000,-34.000,0.500,-90.000,V_x-40.0_y-34.0_-3.0_rev,V_x-40.0_y-34.0_-3.0_rev,straight,bidirectional,J_m40p00_m3p00,J_m40p00_m34p00,0
354,-40.000,-3.000,0.500,90.000,V_x-40.0_y-3.0_26.0_fwd,V_x-40.0_y-3.0_26.0_fwd,straight,bidirectional,J_m40p00_m3p00,J_m40p00_26p00,1
355,-40.000,-2.500,0.500,90.000,V_x-40.0_y-3.0_26.0_fwd,V_x-40.0_y-3.0_26.0_fwd,straight,bidirectional,J_m40p00_m3p00,J_m40p00_26p00,1
356,-40.000,-2.000,0.500,90.000,V_x-40.0_y-3.0_26.0_fwd,V_x-40.0_y-3.0_26.0_fwd,straight,bidirectional,J_m40p00_m3p00,J_m40p00_26p00,1
357,-40.000,-1.500,0.500,90.000,V_x-40.0_y-3.0_26.0_fwd,V_x-40.0_y-3.0_26.0_fwd,straight,bidirectional,J_m40p00_m3p00,J_m40p00_26p00,1
358,-40.000,-1.000,0.500,90.000,V_x-40.0_y-3.0_26.0_fwd,V_x-40.0_y-3.0_26.0_fwd,straight,bidirectional,J_m40p00_m3p00,J_m40p00_26p00,1
359,-40.000,-0.500,0.500,90.000,V_x-40.0_y-3.0_26.0_fwd,V_x-40.0_y-3.0_26.0_fwd,straight,bidirectional,J_m40p00_m3p00,J_m40p00_26p00,1
360,-40.000,0.000,0.500,90.000,V_x-40.0_y-3.0_26.0_fwd,V_x-40.0_y-3.0_26.0_fwd,straight,bidirectional,J_m40p00_m3p00,J_m40p00_26p00,1
361,-40.000,0.500,0.500,90.000,V_x-40.0_y-3.0_26.0_fwd,V_x-40.0_y-3.0_26.0_fwd,straight,bidirectional,J_m40p00_m3p00,J_m40p00_26p00,1
362,-40.000,1.000,0.500,90.000,V_x-40.0_y-3.0_26.0_fwd,V_x-40.0_y-3.0_26.0_fwd,straight,bidirectional,J_m40p00_m3p00,J_m40p00_26p00,1
363,-40.000,1.500,0.500,90.000,V_x-40.0_y-3.0_26.0_fwd,V_x-40.0_y-3.0_26.0_fwd,straight,bidirectional,J_m40p00_m3p00,J_m40p00_26p00,1
364,-40.000,2.000,0.500,90.000,V_x-40.0_y-3.0_26.0_fwd,V_x-40.0_y-3.0_26.0_fwd,straight,bidirectional,J_m40p00_m3p00,J_m40p00_26p00,1
365,-40.000,2.500,0.500,90.000,V_x-40.0_y-3.0_26.0_fwd,V_x-40.0_y-3.0_26.0_fwd,straight,bidirectional,J_m40p00_m3p00,J_m40p00_26p00,1
366,-40.000,3.000,0.500,90.000,V_x-40.0_y-3.0_26.0_fwd,V_x-40.0_y-3.0_26.0_fwd,straight,bidirectional,J_m40p00_m3p00,J_m40p00_26p00,1
367,-40.000,3.500,0.500,90.000,V_x-40.0_y-3.0_26.0_fwd,V_x-40.0_y-3.0_26.0_fwd,straight,bidirectional,J_m40p00_m3p00,J_m40p00_26p00,1
368,-40.000,4.000,0.500,90.000,V_x-40.0_y-3.0_26.0_fwd,V_x-40.0_y-3.0_26.0_fwd,straight,bidirectional,J_m40p00_m3p00,J_m40p00_26p00,1
369,-40.000,4.500,0.500,90.000,V_x-40.0_y-3.0_26.0_fwd,V_x-40.0_y-3.0_26.0_fwd,straight,bidirectional,J_m40p00_m3p00,J_m40p00_26p00,1
370,-40.000,5.000,0.500,90.000,V_x-40.0_y-3.0_26.0_fwd,V_x-40.0_y-3.0_26.0_fwd,straight,bidirectional,J_m40p00_m3p00,J_m40p00_26p00,1
371,-40.000,5.500,0.500,90.000,V_x-40.0_y-3.0_26.0_fwd,V_x-40.0_y-3.0_26.0_fwd,straight,bidirectional,J_m40p00_m3p00,J_m40p00_26p00,1
372,-40.000,6.000,0.500,90.000,V_x-40.0_y-3.0_26.0_fwd,V_x-40.0_y-3.0_26.0_fwd,straight,bidirectional,J_m40p00_m3p00,J_m40p00_26p00,1
373,-40.000,6.500,0.500,90.000,V_x-40.0_y-3.0_26.0_fwd,V_x-40.0_y-3.0_26.0_fwd,straight,bidirectional,J_m40p00_m3p00,J_m40p00_26p00,1
374,-40.000,7.000,0.500,90.000,V_x-40.0_y-3.0_26.0_fwd,V_x-40.0_y-3.0_26.0_fwd,straight,bidirectional,J_m40p00_m3p00,J_m40p00_26p00,1
375,-40.000,7.500,0.500,90.000,V_x-40.0_y-3.0_26.0_fwd,V_x-40.0_y-3.0_26.0_fwd,straight,bidirectional,J_m40p00_m3p00,J_m40p00_26p00,1
376,-40.000,8.000,0.500,90.000,V_x-40.0_y-3.0_26.0_fwd,V_x-40.0_y-3.0_26.0_fwd,straight,bidirectional,J_m40p00_m3p00,J_m40p00_26p00,1
377,-40.000,8.500,0.500,90.000,V_x-40.0_y-3.0_26.0_fwd,V_x-40.0_y-3.0_26.0_fwd,straight,bidirectional,J_m40p00_m3p00,J_m40p00_26p00,1
378,-40.000,9.000,0.500,90.000,V_x-40.0_y-3.0_26.0_fwd,V_x-40.0_y-3.0_26.0_fwd,straight,bidirectional,J_m40p00_m3p00,J_m40p00_26p00,1
379,-40.000,9.500,0.500,90.000,V_x-40.0_y-3.0_26.0_fwd,V_x-40.0_y-3.0_26.0_fwd,straight,bidirectional,J_m40p00_m3p00,J_m40p00_26p00,1
380,-40.000,10.000,0.500,90.000,V_x-40.0_y-3.0_26.0_fwd,V_x-40.0_y-3.0_26.0_fwd,straight,bidirectional,J_m40p00_m3p00,J_m40p00_26p00,1
381,-40.000,10.500,0.500,90.000,V_x-40.0_y-3.0_26.0_fwd,V_x-40.0_y-3.0_26.0_fwd,straight,bidirectional,J_m40p00_m3p00,J_m40p00_26p00,1
382,-40.000,11.000,0.500,90.000,V_x-40.0_y-3.0_26.0_fwd,V_x-40.0_y-3.0_26.0_fwd,straight,bidirectional,J_m40p00_m3p00,J_m40p00_26p00,1
383,-40.000,11.500,0.500,90.000,V_x-40.0_y-3.0_26.0_fwd,V_x-40.0_y-3.0_26.0_fwd,straight,bidirectional,J_m40p00_m3p00,J_m40p00_26p00,1
384,-40.000,12.000,0.500,90.000,V_x-40.0_y-3.0_26.0_fwd,V_x-40.0_y-3.0_26.0_fwd,straight,bidirectional,J_m40p00_m3p00,J_m40p00_26p00,1
385,-40.000,12.500,0.500,90.000,V_x-40.0_y-3.0_26.0_fwd,V_x-40.0_y-3.0_26.0_fwd,straight,bidirectional,J_m40p00_m3p00,J_m40p00_26p00,1
386,-40.000,13.000,0.500,90.000,V_x-40.0_y-3.0_26.0_fwd,V_x-40.0_y-3.0_26.0_fwd,straight,bidirectional,J_m40p00_m3p00,J_m40p00_26p00,1
387,-40.000,13.500,0.500,90.000,V_x-40.0_y-3.0_26.0_fwd,V_x-40.0_y-3.0_26.0_fwd,straight,bidirectional,J_m40p00_m3p00,J_m40p00_26p00,1
388,-40.000,14.000,0.500,90.000,V_x-40.0_y-3.0_26.0_fwd,V_x-40.0_y-3.0_26.0_fwd,straight,bidirectional,J_m40p00_m3p00,J_m40p00_26p00,1
389,-40.000,14.500,0.500,90.000,V_x-40.0_y-3.0_26.0_fwd,V_x-40.0_y-3.0_26.0_fwd,straight,bidirectional,J_m40p00_m3p00,J_m40p00_26p00,1
390,-40.000,15.000,0.500,90.000,V_x-40.0_y-3.0_26.0_fwd,V_x-40.0_y-3.0_26.0_fwd,straight,bidirectional,J_m40p00_m3p00,J_m40p00_26p00,1
391,-40.000,15.500,0.500,90.000,V_x-40.0_y-3.0_26.0_fwd,V_x-40.0_y-3.0_26.0_fwd,straight,bidirectional,J_m40p00_m3p00,J_m40p00_26p00,1
392,-40.000,16.000,0.500,90.000,V_x-40.0_y-3.0_26.0_fwd,V_x-40.0_y-3.0_26.0_fwd,straight,bidirectional,J_m40p00_m3p00,J_m40p00_26p00,1
393,-40.000,16.500,0.500,90.000,V_x-40.0_y-3.0_26.0_fwd,V_x-40.0_y-3.0_26.0_fwd,straight,bidirectional,J_m40p00_m3p00,J_m40p00_26p00,1
394,-40.000,17.000,0.500,90.000,V_x-40.0_y-3.0_26.0_fwd,V_x-40.0_y-3.0_26.0_fwd,straight,bidirectional,J_m40p00_m3p00,J_m40p00_26p00,1
395,-40.000,17.500,0.500,90.000,V_x-40.0_y-3.0_26.0_fwd,V_x-40.0_y-3.0_26.0_fwd,straight,bidirectional,J_m40p00_m3p00,J_m40p00_26p00,1
396,-40.000,18.000,0.500,90.000,V_x-40.0_y-3.0_26.0_fwd,V_x-40.0_y-3.0_26.0_fwd,straight,bidirectional,J_m40p00_m3p00,J_m40p00_26p00,1
397,-40.000,18.500,0.500,90.000,V_x-40.0_y-3.0_26.0_fwd,V_x-40.0_y-3.0_26.0_fwd,straight,bidirectional,J_m40p00_m3p00,J_m40p00_26p00,1
398,-40.000,19.000,0.500,90.000,V_x-40.0_y-3.0_26.0_fwd,V_x-40.0_y-3.0_26.0_fwd,straight,bidirectional,J_m40p00_m3p00,J_m40p00_26p00,1
399,-40.000,19.500,0.500,90.000,V_x-40.0_y-3.0_26.0_fwd,V_x-40.0_y-3.0_26.0_fwd,straight,bidirectional,J_m40p00_m3p00,J_m40p00_26p00,1
400,-40.000,20.000,0.500,90.000,V_x-40.0_y-3.0_26.0_fwd,V_x-40.0_y-3.0_26.0_fwd,straight,bidirectional,J_m40p00_m3p00,J_m40p00_26p00,1
401,-40.000,20.500,0.500,90.000,V_x-40.0_y-3.0_26.0_fwd,V_x-40.0_y-3.0_26.0_fwd,straight,bidirectional,J_m40p00_m3p00,J_m40p00_26p00,1
402,-40.000,21.000,0.500,90.000,V_x-40.0_y-3.0_26.0_fwd,V_x-40.0_y-3.0_26.0_fwd,straight,bidirectional,J_m40p00_m3p00,J_m40p00_26p00,1
403,-40.000,21.500,0.500,90.000,V_x-40.0_y-3.0_26.0_fwd,V_x-40.0_y-3.0_26.0_fwd,straight,bidirectional,J_m40p00_m3p00,J_m40p00_26p00,1
404,-40.000,22.000,0.500,90.000,V_x-40.0_y-3.0_26.0_fwd,V_x-40.0_y-3.0_26.0_fwd,straight,bidirectional,J_m40p00_m3p00,J_m40p00_26p00,1
405,-40.000,22.500,0.500,90.000,V_x-40.0_y-3.0_26.0_fwd,V_x-40.0_y-3.0_26.0_fwd,straight,bidirectional,J_m40p00_m3p00,J_m40p00_26p00,1
406,-40.000,23.000,0.500,90.000,V_x-40.0_y-3.0_26.0_fwd,V_x-40.0_y-3.0_26.0_fwd,straight,bidirectional,J_m40p00_m3p00,J_m40p00_26p00,1
407,-40.000,23.500,0.500,90.000,V_x-40.0_y-3.0_26.0_fwd,V_x-40.0_y-3.0_26.0_fwd,straight,bidirectional,J_m40p00_m3p00,J_m40p00_26p00,1
408,-40.000,24.000,0.500,90.000,V_x-40.0_y-3.0_26.0_fwd,V_x-40.0_y-3.0_26.0_fwd,straight,bidirectional,J_m40p00_m3p00,J_m40p00_26p00,1
409,-40.000,24.500,0.500,90.000,V_x-40.0_y-3.0_26.0_fwd,V_x-40.0_y-3.0_26.0_fwd,straight,bidirectional,J_m40p00_m3p00,J_m40p00_26p00,1
410,-40.000,25.000,0.500,90.000,V_x-40.0_y-3.0_26.0_fwd,V_x-40.0_y-3.0_26.0_fwd,straight,bidirectional,J_m40p00_m3p00,J_m40p00_26p00,1
411,-40.000,25.500,0.500,90.000,V_x-40.0_y-3.0_26.0_fwd,V_x-40.0_y-3.0_26.0_fwd,straight,bidirectional,J_m40p00_m3p00,J_m40p00_26p00,1
412,-40.000,26.000,0.500,90.000,V_x-40.0_y-3.0_26.0_fwd,V_x-40.0_y-3.0_26.0_fwd,straight,bidirectional,J_m40p00_m3p00,J_m40p00_26p00,0
413,-40.000,-3.000,0.500,-90.000,R_W_rev,R_W_rev,roundabout_connector,bidirectional,J_m40p00_m3p00,R_16,1
414,-40.000,-3.500,0.500,-90.000,R_W_rev,R_W_rev,roundabout_connector,bidirectional,J_m40p00_m3p00,R_16,1
415,-40.000,-4.000,0.500,0.000,R_W_rev,R_W_rev,roundabout_connector,bidirectional,J_m40p00_m3p00,R_16,1
416,-39.500,-4.000,0.500,0.000,R_W_rev,R_W_rev,roundabout_connector,bidirectional,J_m40p00_m3p00,R_16,1
417,-39.000,-4.000,0.500,0.000,R_W_rev,R_W_rev,roundabout_connector,bidirectional,J_m40p00_m3p00,R_16,1
418,-38.500,-4.000,0.500,0.000,R_W_rev,R_W_rev,roundabout_connector,bidirectional,J_m40p00_m3p00,R_16,1
419,-38.000,-4.000,0.500,0.000,R_W_rev,R_W_rev,roundabout_connector,bidirectional,J_m40p00_m3p00,R_16,1
420,-37.500,-4.000,0.500,0.000,R_W_rev,R_W_rev,roundabout_connector,bidirectional,J_m40p00_m3p00,R_16,1
421,-37.000,-4.000,0.500,0.000,R_W_rev,R_W_rev,roundabout_connector,bidirectional,J_m40p00_m3p00,R_16,1
422,-36.500,-4.000,0.500,0.000,R_W_rev,R_W_rev,roundabout_connector,bidirectional,J_m40p00_m3p00,R_16,1
423,-36.000,-4.000,0.500,0.000,R_W_rev,R_W_rev,roundabout_connector,bidirectional,J_m40p00_m3p00,R_16,1
424,-35.500,-4.000,0.500,0.000,R_W_rev,R_W_rev,roundabout_connector,bidirectional,J_m40p00_m3p00,R_16,1
425,-35.000,-4.000,0.500,0.000,R_W_rev,R_W_rev,roundabout_connector,bidirectional,J_m40p00_m3p00,R_16,1
426,-34.500,-4.000,0.500,0.000,R_W_rev,R_W_rev,roundabout_connector,bidirectional,J_m40p00_m3p00,R_16,1
427,-34.000,-4.000,0.500,0.000,R_W_rev,R_W_rev,roundabout_connector,bidirectional,J_m40p00_m3p00,R_16,1
428,-33.500,-4.000,0.500,0.000,R_W_rev,R_W_rev,roundabout_connector,bidirectional,J_m40p00_m3p00,R_16,1
429,-33.000,-4.000,0.500,0.000,R_W_rev,R_W_rev,roundabout_connector,bidirectional,J_m40p00_m3p00,R_16,1
430,-32.500,-4.000,0.500,0.000,R_W_rev,R_W_rev,roundabout_connector,bidirectional,J_m40p00_m3p00,R_16,1
431,-32.000,-4.000,0.500,0.000,R_W_rev,R_W_rev,roundabout_connector,bidirectional,J_m40p00_m3p00,R_16,1
432,-31.500,-4.000,0.500,0.000,R_W_rev,R_W_rev,roundabout_connector,bidirectional,J_m40p00_m3p00,R_16,1
433,-31.000,-4.000,0.500,0.000,R_W_rev,R_W_rev,roundabout_connector,bidirectional,J_m40p00_m3p00,R_16,1
434,-30.500,-4.000,0.500,0.000,R_W_rev,R_W_rev,roundabout_connector,bidirectional,J_m40p00_m3p00,R_16,1
435,-30.000,-4.000,0.500,0.000,R_W_rev,R_W_rev,roundabout_connector,bidirectional,J_m40p00_m3p00,R_16,1
436,-29.500,-4.000,0.500,0.000,R_W_rev,R_W_rev,roundabout_connector,bidirectional,J_m40p00_m3p00,R_16,1
437,-29.000,-4.000,0.500,0.000,R_W_rev,R_W_rev,roundabout_connector,bidirectional,J_m40p00_m3p00,R_16,1
438,-28.500,-4.000,0.500,0.000,R_W_rev,R_W_rev,roundabout_connector,bidirectional,J_m40p00_m3p00,R_16,1
439,-28.000,-4.000,0.500,0.000,R_W_rev,R_W_rev,roundabout_connector,bidirectional,J_m40p00_m3p00,R_16,1
440,-27.500,-4.000,0.500,0.000,R_W_rev,R_W_rev,roundabout_connector,bidirectional,J_m40p00_m3p00,R_16,1
441,-27.000,-4.000,0.500,0.000,R_W_rev,R_W_rev,roundabout_connector,bidirectional,J_m40p00_m3p00,R_16,1
442,-26.500,-4.000,0.500,0.000,R_W_rev,R_W_rev,roundabout_connector,bidirectional,J_m40p00_m3p00,R_16,1
443,-26.000,-4.000,0.500,0.000,R_W_rev,R_W_rev,roundabout_connector,bidirectional,J_m40p00_m3p00,R_16,0
444,-40.000,-34.000,0.500,0.000,H_y-34.0_x-40.0_-20.0_fwd,H_y-34.0_x-40.0_-20.0_fwd,straight,bidirectional,J_m40p00_m34p00,J_m20p00_m34p00,1
445,-39.500,-34.000,0.500,0.000,H_y-34.0_x-40.0_-20.0_fwd,H_y-34.0_x-40.0_-20.0_fwd,straight,bidirectional,J_m40p00_m34p00,J_m20p00_m34p00,1
446,-39.000,-34.000,0.500,0.000,H_y-34.0_x-40.0_-20.0_fwd,H_y-34.0_x-40.0_-20.0_fwd,straight,bidirectional,J_m40p00_m34p00,J_m20p00_m34p00,1
447,-38.500,-34.000,0.500,0.000,H_y-34.0_x-40.0_-20.0_fwd,H_y-34.0_x-40.0_-20.0_fwd,straight,bidirectional,J_m40p00_m34p00,J_m20p00_m34p00,1
448,-38.000,-34.000,0.500,0.000,H_y-34.0_x-40.0_-20.0_fwd,H_y-34.0_x-40.0_-20.0_fwd,straight,bidirectional,J_m40p00_m34p00,J_m20p00_m34p00,1
449,-37.500,-34.000,0.500,0.000,H_y-34.0_x-40.0_-20.0_fwd,H_y-34.0_x-40.0_-20.0_fwd,straight,bidirectional,J_m40p00_m34p00,J_m20p00_m34p00,1
450,-37.000,-34.000,0.500,0.000,H_y-34.0_x-40.0_-20.0_fwd,H_y-34.0_x-40.0_-20.0_fwd,straight,bidirectional,J_m40p00_m34p00,J_m20p00_m34p00,1
451,-36.500,-34.000,0.500,0.000,H_y-34.0_x-40.0_-20.0_fwd,H_y-34.0_x-40.0_-20.0_fwd,straight,bidirectional,J_m40p00_m34p00,J_m20p00_m34p00,1
452,-36.000,-34.000,0.500,0.000,H_y-34.0_x-40.0_-20.0_fwd,H_y-34.0_x-40.0_-20.0_fwd,straight,bidirectional,J_m40p00_m34p00,J_m20p00_m34p00,1
453,-35.500,-34.000,0.500,0.000,H_y-34.0_x-40.0_-20.0_fwd,H_y-34.0_x-40.0_-20.0_fwd,straight,bidirectional,J_m40p00_m34p00,J_m20p00_m34p00,1
454,-35.000,-34.000,0.500,0.000,H_y-34.0_x-40.0_-20.0_fwd,H_y-34.0_x-40.0_-20.0_fwd,straight,bidirectional,J_m40p00_m34p00,J_m20p00_m34p00,1
455,-34.500,-34.000,0.500,0.000,H_y-34.0_x-40.0_-20.0_fwd,H_y-34.0_x-40.0_-20.0_fwd,straight,bidirectional,J_m40p00_m34p00,J_m20p00_m34p00,1
456,-34.000,-34.000,0.500,0.000,H_y-34.0_x-40.0_-20.0_fwd,H_y-34.0_x-40.0_-20.0_fwd,straight,bidirectional,J_m40p00_m34p00,J_m20p00_m34p00,1
457,-33.500,-34.000,0.500,0.000,H_y-34.0_x-40.0_-20.0_fwd,H_y-34.0_x-40.0_-20.0_fwd,straight,bidirectional,J_m40p00_m34p00,J_m20p00_m34p00,1
458,-33.000,-34.000,0.500,0.000,H_y-34.0_x-40.0_-20.0_fwd,H_y-34.0_x-40.0_-20.0_fwd,straight,bidirectional,J_m40p00_m34p00,J_m20p00_m34p00,1
459,-32.500,-34.000,0.500,0.000,H_y-34.0_x-40.0_-20.0_fwd,H_y-34.0_x-40.0_-20.0_fwd,straight,bidirectional,J_m40p00_m34p00,J_m20p00_m34p00,1
460,-32.000,-34.000,0.500,0.000,H_y-34.0_x-40.0_-20.0_fwd,H_y-34.0_x-40.0_-20.0_fwd,straight,bidirectional,J_m40p00_m34p00,J_m20p00_m34p00,1
461,-31.500,-34.000,0.500,0.000,H_y-34.0_x-40.0_-20.0_fwd,H_y-34.0_x-40.0_-20.0_fwd,straight,bidirectional,J_m40p00_m34p00,J_m20p00_m34p00,1
462,-31.000,-34.000,0.500,0.000,H_y-34.0_x-40.0_-20.0_fwd,H_y-34.0_x-40.0_-20.0_fwd,straight,bidirectional,J_m40p00_m34p00,J_m20p00_m34p00,1
463,-30.500,-34.000,0.500,0.000,H_y-34.0_x-40.0_-20.0_fwd,H_y-34.0_x-40.0_-20.0_fwd,straight,bidirectional,J_m40p00_m34p00,J_m20p00_m34p00,1
464,-30.000,-34.000,0.500,0.000,H_y-34.0_x-40.0_-20.0_fwd,H_y-34.0_x-40.0_-20.0_fwd,straight,bidirectional,J_m40p00_m34p00,J_m20p00_m34p00,1
465,-29.500,-34.000,0.500,0.000,H_y-34.0_x-40.0_-20.0_fwd,H_y-34.0_x-40.0_-20.0_fwd,straight,bidirectional,J_m40p00_m34p00,J_m20p00_m34p00,1
466,-29.000,-34.000,0.500,0.000,H_y-34.0_x-40.0_-20.0_fwd,H_y-34.0_x-40.0_-20.0_fwd,straight,bidirectional,J_m40p00_m34p00,J_m20p00_m34p00,1
467,-28.500,-34.000,0.500,0.000,H_y-34.0_x-40.0_-20.0_fwd,H_y-34.0_x-40.0_-20.0_fwd,straight,bidirectional,J_m40p00_m34p00,J_m20p00_m34p00,1
468,-28.000,-34.000,0.500,0.000,H_y-34.0_x-40.0_-20.0_fwd,H_y-34.0_x-40.0_-20.0_fwd,straight,bidirectional,J_m40p00_m34p00,J_m20p00_m34p00,1
469,-27.500,-34.000,0.500,0.000,H_y-34.0_x-40.0_-20.0_fwd,H_y-34.0_x-40.0_-20.0_fwd,straight,bidirectional,J_m40p00_m34p00,J_m20p00_m34p00,1
470,-27.000,-34.000,0.500,0.000,H_y-34.0_x-40.0_-20.0_fwd,H_y-34.0_x-40.0_-20.0_fwd,straight,bidirectional,J_m40p00_m34p00,J_m20p00_m34p00,1
471,-26.500,-34.000,0.500,0.000,H_y-34.0_x-40.0_-20.0_fwd,H_y-34.0_x-40.0_-20.0_fwd,straight,bidirectional,J_m40p00_m34p00,J_m20p00_m34p00,1
472,-26.000,-34.000,0.500,0.000,H_y-34.0_x-40.0_-20.0_fwd,H_y-34.0_x-40.0_-20.0_fwd,straight,bidirectional,J_m40p00_m34p00,J_m20p00_m34p00,1
473,-25.500,-34.000,0.500,0.000,H_y-34.0_x-40.0_-20.0_fwd,H_y-34.0_x-40.0_-20.0_fwd,straight,bidirectional,J_m40p00_m34p00,J_m20p00_m34p00,1
474,-25.000,-34.000,0.500,0.000,H_y-34.0_x-40.0_-20.0_fwd,H_y-34.0_x-40.0_-20.0_fwd,straight,bidirectional,J_m40p00_m34p00,J_m20p00_m34p00,1
475,-24.500,-34.000,0.500,0.000,H_y-34.0_x-40.0_-20.0_fwd,H_y-34.0_x-40.0_-20.0_fwd,straight,bidirectional,J_m40p00_m34p00,J_m20p00_m34p00,1
476,-24.000,-34.000,0.500,0.000,H_y-34.0_x-40.0_-20.0_fwd,H_y-34.0_x-40.0_-20.0_fwd,straight,bidirectional,J_m40p00_m34p00,J_m20p00_m34p00,1
477,-23.500,-34.000,0.500,0.000,H_y-34.0_x-40.0_-20.0_fwd,H_y-34.0_x-40.0_-20.0_fwd,straight,bidirectional,J_m40p00_m34p00,J_m20p00_m34p00,1
478,-23.000,-34.000,0.500,0.000,H_y-34.0_x-40.0_-20.0_fwd,H_y-34.0_x-40.0_-20.0_fwd,straight,bidirectional,J_m40p00_m34p00,J_m20p00_m34p00,1
479,-22.500,-34.000,0.500,0.000,H_y-34.0_x-40.0_-20.0_fwd,H_y-34.0_x-40.0_-20.0_fwd,straight,bidirectional,J_m40p00_m34p00,J_m20p00_m34p00,1
480,-22.000,-34.000,0.500,0.000,H_y-34.0_x-40.0_-20.0_fwd,H_y-34.0_x-40.0_-20.0_fwd,straight,bidirectional,J_m40p00_m34p00,J_m20p00_m34p00,1
481,-21.500,-34.000,0.500,0.000,H_y-34.0_x-40.0_-20.0_fwd,H_y-34.0_x-40.0_-20.0_fwd,straight,bidirectional,J_m40p00_m34p00,J_m20p00_m34p00,1
482,-21.000,-34.000,0.500,0.000,H_y-34.0_x-40.0_-20.0_fwd,H_y-34.0_x-40.0_-20.0_fwd,straight,bidirectional,J_m40p00_m34p00,J_m20p00_m34p00,1
483,-20.500,-34.000,0.500,0.000,H_y-34.0_x-40.0_-20.0_fwd,H_y-34.0_x-40.0_-20.0_fwd,straight,bidirectional,J_m40p00_m34p00,J_m20p00_m34p00,1
484,-20.000,-34.000,0.500,0.000,H_y-34.0_x-40.0_-20.0_fwd,H_y-34.0_x-40.0_-20.0_fwd,straight,bidirectional,J_m40p00_m34p00,J_m20p00_m34p00,0
485,-40.000,-34.000,0.500,90.000,V_x-40.0_y-34.0_-3.0_fwd,V_x-40.0_y-34.0_-3.0_fwd,straight,bidirectional,J_m40p00_m34p00,J_m40p00_m3p00,1
486,-40.000,-33.500,0.500,90.000,V_x-40.0_y-34.0_-3.0_fwd,V_x-40.0_y-34.0_-3.0_fwd,straight,bidirectional,J_m40p00_m34p00,J_m40p00_m3p00,1
487,-40.000,-33.000,0.500,90.000,V_x-40.0_y-34.0_-3.0_fwd,V_x-40.0_y-34.0_-3.0_fwd,straight,bidirectional,J_m40p00_m34p00,J_m40p00_m3p00,1
488,-40.000,-32.500,0.500,90.000,V_x-40.0_y-34.0_-3.0_fwd,V_x-40.0_y-34.0_-3.0_fwd,straight,bidirectional,J_m40p00_m34p00,J_m40p00_m3p00,1
489,-40.000,-32.000,0.500,90.000,V_x-40.0_y-34.0_-3.0_fwd,V_x-40.0_y-34.0_-3.0_fwd,straight,bidirectional,J_m40p00_m34p00,J_m40p00_m3p00,1
490,-40.000,-31.500,0.500,90.000,V_x-40.0_y-34.0_-3.0_fwd,V_x-40.0_y-34.0_-3.0_fwd,straight,bidirectional,J_m40p00_m34p00,J_m40p00_m3p00,1
491,-40.000,-31.000,0.500,90.000,V_x-40.0_y-34.0_-3.0_fwd,V_x-40.0_y-34.0_-3.0_fwd,straight,bidirectional,J_m40p00_m34p00,J_m40p00_m3p00,1
492,-40.000,-30.500,0.500,90.000,V_x-40.0_y-34.0_-3.0_fwd,V_x-40.0_y-34.0_-3.0_fwd,straight,bidirectional,J_m40p00_m34p00,J_m40p00_m3p00,1
493,-40.000,-30.000,0.500,90.000,V_x-40.0_y-34.0_-3.0_fwd,V_x-40.0_y-34.0_-3.0_fwd,straight,bidirectional,J_m40p00_m34p00,J_m40p00_m3p00,1
494,-40.000,-29.500,0.500,90.000,V_x-40.0_y-34.0_-3.0_fwd,V_x-40.0_y-34.0_-3.0_fwd,straight,bidirectional,J_m40p00_m34p00,J_m40p00_m3p00,1
495,-40.000,-29.000,0.500,90.000,V_x-40.0_y-34.0_-3.0_fwd,V_x-40.0_y-34.0_-3.0_fwd,straight,bidirectional,J_m40p00_m34p00,J_m40p00_m3p00,1
496,-40.000,-28.500,0.500,90.000,V_x-40.0_y-34.0_-3.0_fwd,V_x-40.0_y-34.0_-3.0_fwd,straight,bidirectional,J_m40p00_m34p00,J_m40p00_m3p00,1
497,-40.000,-28.000,0.500,90.000,V_x-40.0_y-34.0_-3.0_fwd,V_x-40.0_y-34.0_-3.0_fwd,straight,bidirectional,J_m40p00_m34p00,J_m40p00_m3p00,1
498,-40.000,-27.500,0.500,90.000,V_x-40.0_y-34.0_-3.0_fwd,V_x-40.0_y-34.0_-3.0_fwd,straight,bidirectional,J_m40p00_m34p00,J_m40p00_m3p00,1
499,-40.000,-27.000,0.500,90.000,V_x-40.0_y-34.0_-3.0_fwd,V_x-40.0_y-34.0_-3.0_fwd,straight,bidirectional,J_m40p00_m34p00,J_m40p00_m3p00,1
500,-40.000,-26.500,0.500,90.000,V_x-40.0_y-34.0_-3.0_fwd,V_x-40.0_y-34.0_-3.0_fwd,straight,bidirectional,J_m40p00_m34p00,J_m40p00_m3p00,1
501,-40.000,-26.000,0.500,90.000,V_x-40.0_y-34.0_-3.0_fwd,V_x-40.0_y-34.0_-3.0_fwd,straight,bidirectional,J_m40p00_m34p00,J_m40p00_m3p00,1
502,-40.000,-25.500,0.500,90.000,V_x-40.0_y-34.0_-3.0_fwd,V_x-40.0_y-34.0_-3.0_fwd,straight,bidirectional,J_m40p00_m34p00,J_m40p00_m3p00,1
503,-40.000,-25.000,0.500,90.000,V_x-40.0_y-34.0_-3.0_fwd,V_x-40.0_y-34.0_-3.0_fwd,straight,bidirectional,J_m40p00_m34p00,J_m40p00_m3p00,1
504,-40.000,-24.500,0.500,90.000,V_x-40.0_y-34.0_-3.0_fwd,V_x-40.0_y-34.0_-3.0_fwd,straight,bidirectional,J_m40p00_m34p00,J_m40p00_m3p00,1
505,-40.000,-24.000,0.500,90.000,V_x-40.0_y-34.0_-3.0_fwd,V_x-40.0_y-34.0_-3.0_fwd,straight,bidirectional,J_m40p00_m34p00,J_m40p00_m3p00,1
506,-40.000,-23.500,0.500,90.000,V_x-40.0_y-34.0_-3.0_fwd,V_x-40.0_y-34.0_-3.0_fwd,straight,bidirectional,J_m40p00_m34p00,J_m40p00_m3p00,1
507,-40.000,-23.000,0.500,90.000,V_x-40.0_y-34.0_-3.0_fwd,V_x-40.0_y-34.0_-3.0_fwd,straight,bidirectional,J_m40p00_m34p00,J_m40p00_m3p00,1
508,-40.000,-22.500,0.500,90.000,V_x-40.0_y-34.0_-3.0_fwd,V_x-40.0_y-34.0_-3.0_fwd,straight,bidirectional,J_m40p00_m34p00,J_m40p00_m3p00,1
509,-40.000,-22.000,0.500,90.000,V_x-40.0_y-34.0_-3.0_fwd,V_x-40.0_y-34.0_-3.0_fwd,straight,bidirectional,J_m40p00_m34p00,J_m40p00_m3p00,1
510,-40.000,-21.500,0.500,90.000,V_x-40.0_y-34.0_-3.0_fwd,V_x-40.0_y-34.0_-3.0_fwd,straight,bidirectional,J_m40p00_m34p00,J_m40p00_m3p00,1
511,-40.000,-21.000,0.500,90.000,V_x-40.0_y-34.0_-3.0_fwd,V_x-40.0_y-34.0_-3.0_fwd,straight,bidirectional,J_m40p00_m34p00,J_m40p00_m3p00,1
512,-40.000,-20.500,0.500,90.000,V_x-40.0_y-34.0_-3.0_fwd,V_x-40.0_y-34.0_-3.0_fwd,straight,bidirectional,J_m40p00_m34p00,J_m40p00_m3p00,1
513,-40.000,-20.000,0.500,90.000,V_x-40.0_y-34.0_-3.0_fwd,V_x-40.0_y-34.0_-3.0_fwd,straight,bidirectional,J_m40p00_m34p00,J_m40p00_m3p00,1
514,-40.000,-19.500,0.500,90.000,V_x-40.0_y-34.0_-3.0_fwd,V_x-40.0_y-34.0_-3.0_fwd,straight,bidirectional,J_m40p00_m34p00,J_m40p00_m3p00,1
515,-40.000,-19.000,0.500,90.000,V_x-40.0_y-34.0_-3.0_fwd,V_x-40.0_y-34.0_-3.0_fwd,straight,bidirectional,J_m40p00_m34p00,J_m40p00_m3p00,1
516,-40.000,-18.500,0.500,90.000,V_x-40.0_y-34.0_-3.0_fwd,V_x-40.0_y-34.0_-3.0_fwd,straight,bidirectional,J_m40p00_m34p00,J_m40p00_m3p00,1
517,-40.000,-18.000,0.500,90.000,V_x-40.0_y-34.0_-3.0_fwd,V_x-40.0_y-34.0_-3.0_fwd,straight,bidirectional,J_m40p00_m34p00,J_m40p00_m3p00,1
518,-40.000,-17.500,0.500,90.000,V_x-40.0_y-34.0_-3.0_fwd,V_x-40.0_y-34.0_-3.0_fwd,straight,bidirectional,J_m40p00_m34p00,J_m40p00_m3p00,1
519,-40.000,-17.000,0.500,90.000,V_x-40.0_y-34.0_-3.0_fwd,V_x-40.0_y-34.0_-3.0_fwd,straight,bidirectional,J_m40p00_m34p00,J_m40p00_m3p00,1
520,-40.000,-16.500,0.500,90.000,V_x-40.0_y-34.0_-3.0_fwd,V_x-40.0_y-34.0_-3.0_fwd,straight,bidirectional,J_m40p00_m34p00,J_m40p00_m3p00,1
521,-40.000,-16.000,0.500,90.000,V_x-40.0_y-34.0_-3.0_fwd,V_x-40.0_y-34.0_-3.0_fwd,straight,bidirectional,J_m40p00_m34p00,J_m40p00_m3p00,1
522,-40.000,-15.500,0.500,90.000,V_x-40.0_y-34.0_-3.0_fwd,V_x-40.0_y-34.0_-3.0_fwd,straight,bidirectional,J_m40p00_m34p00,J_m40p00_m3p00,1
523,-40.000,-15.000,0.500,90.000,V_x-40.0_y-34.0_-3.0_fwd,V_x-40.0_y-34.0_-3.0_fwd,straight,bidirectional,J_m40p00_m34p00,J_m40p00_m3p00,1
524,-40.000,-14.500,0.500,90.000,V_x-40.0_y-34.0_-3.0_fwd,V_x-40.0_y-34.0_-3.0_fwd,straight,bidirectional,J_m40p00_m34p00,J_m40p00_m3p00,1
525,-40.000,-14.000,0.500,90.000,V_x-40.0_y-34.0_-3.0_fwd,V_x-40.0_y-34.0_-3.0_fwd,straight,bidirectional,J_m40p00_m34p00,J_m40p00_m3p00,1
526,-40.000,-13.500,0.500,90.000,V_x-40.0_y-34.0_-3.0_fwd,V_x-40.0_y-34.0_-3.0_fwd,straight,bidirectional,J_m40p00_m34p00,J_m40p00_m3p00,1
527,-40.000,-13.000,0.500,90.000,V_x-40.0_y-34.0_-3.0_fwd,V_x-40.0_y-34.0_-3.0_fwd,straight,bidirectional,J_m40p00_m34p00,J_m40p00_m3p00,1
528,-40.000,-12.500,0.500,90.000,V_x-40.0_y-34.0_-3.0_fwd,V_x-40.0_y-34.0_-3.0_fwd,straight,bidirectional,J_m40p00_m34p00,J_m40p00_m3p00,1
529,-40.000,-12.000,0.500,90.000,V_x-40.0_y-34.0_-3.0_fwd,V_x-40.0_y-34.0_-3.0_fwd,straight,bidirectional,J_m40p00_m34p00,J_m40p00_m3p00,1
530,-40.000,-11.500,0.500,90.000,V_x-40.0_y-34.0_-3.0_fwd,V_x-40.0_y-34.0_-3.0_fwd,straight,bidirectional,J_m40p00_m34p00,J_m40p00_m3p00,1
531,-40.000,-11.000,0.500,90.000,V_x-40.0_y-34.0_-3.0_fwd,V_x-40.0_y-34.0_-3.0_fwd,straight,bidirectional,J_m40p00_m34p00,J_m40p00_m3p00,1
532,-40.000,-10.500,0.500,90.000,V_x-40.0_y-34.0_-3.0_fwd,V_x-40.0_y-34.0_-3.0_fwd,straight,bidirectional,J_m40p00_m34p00,J_m40p00_m3p00,1
533,-40.000,-10.000,0.500,90.000,V_x-40.0_y-34.0_-3.0_fwd,V_x-40.0_y-34.0_-3.0_fwd,straight,bidirectional,J_m40p00_m34p00,J_m40p00_m3p00,1
534,-40.000,-9.500,0.500,90.000,V_x-40.0_y-34.0_-3.0_fwd,V_x-40.0_y-34.0_-3.0_fwd,straight,bidirectional,J_m40p00_m34p00,J_m40p00_m3p00,1
535,-40.000,-9.000,0.500,90.000,V_x-40.0_y-34.0_-3.0_fwd,V_x-40.0_y-34.0_-3.0_fwd,straight,bidirectional,J_m40p00_m34p00,J_m40p00_m3p00,1
536,-40.000,-8.500,0.500,90.000,V_x-40.0_y-34.0_-3.0_fwd,V_x-40.0_y-34.0_-3.0_fwd,straight,bidirectional,J_m40p00_m34p00,J_m40p00_m3p00,1
537,-40.000,-8.000,0.500,90.000,V_x-40.0_y-34.0_-3.0_fwd,V_x-40.0_y-34.0_-3.0_fwd,straight,bidirectional,J_m40p00_m34p00,J_m40p00_m3p00,1
538,-40.000,-7.500,0.500,90.000,V_x-40.0_y-34.0_-3.0_fwd,V_x-40.0_y-34.0_-3.0_fwd,straight,bidirectional,J_m40p00_m34p00,J_m40p00_m3p00,1
539,-40.000,-7.000,0.500,90.000,V_x-40.0_y-34.0_-3.0_fwd,V_x-40.0_y-34.0_-3.0_fwd,straight,bidirectional,J_m40p00_m34p00,J_m40p00_m3p00,1
540,-40.000,-6.500,0.500,90.000,V_x-40.0_y-34.0_-3.0_fwd,V_x-40.0_y-34.0_-3.0_fwd,straight,bidirectional,J_m40p00_m34p00,J_m40p00_m3p00,1
541,-40.000,-6.000,0.500,90.000,V_x-40.0_y-34.0_-3.0_fwd,V_x-40.0_y-34.0_-3.0_fwd,straight,bidirectional,J_m40p00_m34p00,J_m40p00_m3p00,1
542,-40.000,-5.500,0.500,90.000,V_x-40.0_y-34.0_-3.0_fwd,V_x-40.0_y-34.0_-3.0_fwd,straight,bidirectional,J_m40p00_m34p00,J_m40p00_m3p00,1
543,-40.000,-5.000,0.500,90.000,V_x-40.0_y-34.0_-3.0_fwd,V_x-40.0_y-34.0_-3.0_fwd,straight,bidirectional,J_m40p00_m34p00,J_m40p00_m3p00,1
544,-40.000,-4.500,0.500,90.000,V_x-40.0_y-34.0_-3.0_fwd,V_x-40.0_y-34.0_-3.0_fwd,straight,bidirectional,J_m40p00_m34p00,J_m40p00_m3p00,1
545,-40.000,-4.000,0.500,90.000,V_x-40.0_y-34.0_-3.0_fwd,V_x-40.0_y-34.0_-3.0_fwd,straight,bidirectional,J_m40p00_m34p00,J_m40p00_m3p00,1
546,-40.000,-3.500,0.500,90.000,V_x-40.0_y-34.0_-3.0_fwd,V_x-40.0_y-34.0_-3.0_fwd,straight,bidirectional,J_m40p00_m34p00,J_m40p00_m3p00,1
547,-40.000,-3.000,0.500,90.000,V_x-40.0_y-34.0_-3.0_fwd,V_x-40.0_y-34.0_-3.0_fwd,straight,bidirectional,J_m40p00_m34p00,J_m40p00_m3p00,0
548,-40.000,-34.000,0.500,0.000,outer_bottom_left_conn0_rev,outer_bottom_left_conn0_rev,arc_connector,bidirectional,J_m40p00_m34p00,ARC_m36p00_m34p00,1
549,-39.500,-34.000,0.500,0.000,outer_bottom_left_conn0_rev,outer_bottom_left_conn0_rev,arc_connector,bidirectional,J_m40p00_m34p00,ARC_m36p00_m34p00,1
550,-39.000,-34.000,0.500,0.000,outer_bottom_left_conn0_rev,outer_bottom_left_conn0_rev,arc_connector,bidirectional,J_m40p00_m34p00,ARC_m36p00_m34p00,1
551,-38.500,-34.000,0.500,0.000,outer_bottom_left_conn0_rev,outer_bottom_left_conn0_rev,arc_connector,bidirectional,J_m40p00_m34p00,ARC_m36p00_m34p00,1
552,-38.000,-34.000,0.500,0.000,outer_bottom_left_conn0_rev,outer_bottom_left_conn0_rev,arc_connector,bidirectional,J_m40p00_m34p00,ARC_m36p00_m34p00,1
553,-37.500,-34.000,0.500,0.000,outer_bottom_left_conn0_rev,outer_bottom_left_conn0_rev,arc_connector,bidirectional,J_m40p00_m34p00,ARC_m36p00_m34p00,1
554,-37.000,-34.000,0.500,0.000,outer_bottom_left_conn0_rev,outer_bottom_left_conn0_rev,arc_connector,bidirectional,J_m40p00_m34p00,ARC_m36p00_m34p00,1
555,-36.500,-34.000,0.500,0.000,outer_bottom_left_conn0_rev,outer_bottom_left_conn0_rev,arc_connector,bidirectional,J_m40p00_m34p00,ARC_m36p00_m34p00,1
556,-36.000,-34.000,0.500,0.000,outer_bottom_left_conn0_rev,outer_bottom_left_conn0_rev,arc_connector,bidirectional,J_m40p00_m34p00,ARC_m36p00_m34p00,0
557,-40.000,-34.000,0.500,90.000,outer_bottom_left_conn1_rev,outer_bottom_left_conn1_rev,arc_connector,bidirectional,J_m40p00_m34p00,ARC_m40p00_m30p00,1
558,-40.000,-33.500,0.500,90.000,outer_bottom_left_conn1_rev,outer_bottom_left_conn1_rev,arc_connector,bidirectional,J_m40p00_m34p00,ARC_m40p00_m30p00,1
559,-40.000,-33.000,0.500,90.000,outer_bottom_left_conn1_rev,outer_bottom_left_conn1_rev,arc_connector,bidirectional,J_m40p00_m34p00,ARC_m40p00_m30p00,1
560,-40.000,-32.500,0.500,90.000,outer_bottom_left_conn1_rev,outer_bottom_left_conn1_rev,arc_connector,bidirectional,J_m40p00_m34p00,ARC_m40p00_m30p00,1
561,-40.000,-32.000,0.500,90.000,outer_bottom_left_conn1_rev,outer_bottom_left_conn1_rev,arc_connector,bidirectional,J_m40p00_m34p00,ARC_m40p00_m30p00,1
562,-40.000,-31.500,0.500,90.000,outer_bottom_left_conn1_rev,outer_bottom_left_conn1_rev,arc_connector,bidirectional,J_m40p00_m34p00,ARC_m40p00_m30p00,1
563,-40.000,-31.000,0.500,90.000,outer_bottom_left_conn1_rev,outer_bottom_left_conn1_rev,arc_connector,bidirectional,J_m40p00_m34p00,ARC_m40p00_m30p00,1
564,-40.000,-30.500,0.500,90.000,outer_bottom_left_conn1_rev,outer_bottom_left_conn1_rev,arc_connector,bidirectional,J_m40p00_m34p00,ARC_m40p00_m30p00,1
565,-40.000,-30.000,0.500,90.000,outer_bottom_left_conn1_rev,outer_bottom_left_conn1_rev,arc_connector,bidirectional,J_m40p00_m34p00,ARC_m40p00_m30p00,0
566,-20.000,48.000,0.500,180.000,H_y48.0_x-40.0_-20.0_rev,H_y48.0_x-40.0_-20.0_rev,straight,bidirectional,J_m20p00_48p00,J_m40p00_48p00,1
567,-20.500,48.000,0.500,180.000,H_y48.0_x-40.0_-20.0_rev,H_y48.0_x-40.0_-20.0_rev,straight,bidirectional,J_m20p00_48p00,J_m40p00_48p00,1
568,-21.000,48.000,0.500,180.000,H_y48.0_x-40.0_-20.0_rev,H_y48.0_x-40.0_-20.0_rev,straight,bidirectional,J_m20p00_48p00,J_m40p00_48p00,1
569,-21.500,48.000,0.500,180.000,H_y48.0_x-40.0_-20.0_rev,H_y48.0_x-40.0_-20.0_rev,straight,bidirectional,J_m20p00_48p00,J_m40p00_48p00,1
570,-22.000,48.000,0.500,180.000,H_y48.0_x-40.0_-20.0_rev,H_y48.0_x-40.0_-20.0_rev,straight,bidirectional,J_m20p00_48p00,J_m40p00_48p00,1
571,-22.500,48.000,0.500,180.000,H_y48.0_x-40.0_-20.0_rev,H_y48.0_x-40.0_-20.0_rev,straight,bidirectional,J_m20p00_48p00,J_m40p00_48p00,1
572,-23.000,48.000,0.500,180.000,H_y48.0_x-40.0_-20.0_rev,H_y48.0_x-40.0_-20.0_rev,straight,bidirectional,J_m20p00_48p00,J_m40p00_48p00,1
573,-23.500,48.000,0.500,180.000,H_y48.0_x-40.0_-20.0_rev,H_y48.0_x-40.0_-20.0_rev,straight,bidirectional,J_m20p00_48p00,J_m40p00_48p00,1
574,-24.000,48.000,0.500,180.000,H_y48.0_x-40.0_-20.0_rev,H_y48.0_x-40.0_-20.0_rev,straight,bidirectional,J_m20p00_48p00,J_m40p00_48p00,1
575,-24.500,48.000,0.500,180.000,H_y48.0_x-40.0_-20.0_rev,H_y48.0_x-40.0_-20.0_rev,straight,bidirectional,J_m20p00_48p00,J_m40p00_48p00,1
576,-25.000,48.000,0.500,180.000,H_y48.0_x-40.0_-20.0_rev,H_y48.0_x-40.0_-20.0_rev,straight,bidirectional,J_m20p00_48p00,J_m40p00_48p00,1
577,-25.500,48.000,0.500,180.000,H_y48.0_x-40.0_-20.0_rev,H_y48.0_x-40.0_-20.0_rev,straight,bidirectional,J_m20p00_48p00,J_m40p00_48p00,1
578,-26.000,48.000,0.500,180.000,H_y48.0_x-40.0_-20.0_rev,H_y48.0_x-40.0_-20.0_rev,straight,bidirectional,J_m20p00_48p00,J_m40p00_48p00,1
579,-26.500,48.000,0.500,180.000,H_y48.0_x-40.0_-20.0_rev,H_y48.0_x-40.0_-20.0_rev,straight,bidirectional,J_m20p00_48p00,J_m40p00_48p00,1
580,-27.000,48.000,0.500,180.000,H_y48.0_x-40.0_-20.0_rev,H_y48.0_x-40.0_-20.0_rev,straight,bidirectional,J_m20p00_48p00,J_m40p00_48p00,1
581,-27.500,48.000,0.500,180.000,H_y48.0_x-40.0_-20.0_rev,H_y48.0_x-40.0_-20.0_rev,straight,bidirectional,J_m20p00_48p00,J_m40p00_48p00,1
582,-28.000,48.000,0.500,180.000,H_y48.0_x-40.0_-20.0_rev,H_y48.0_x-40.0_-20.0_rev,straight,bidirectional,J_m20p00_48p00,J_m40p00_48p00,1
583,-28.500,48.000,0.500,180.000,H_y48.0_x-40.0_-20.0_rev,H_y48.0_x-40.0_-20.0_rev,straight,bidirectional,J_m20p00_48p00,J_m40p00_48p00,1
584,-29.000,48.000,0.500,180.000,H_y48.0_x-40.0_-20.0_rev,H_y48.0_x-40.0_-20.0_rev,straight,bidirectional,J_m20p00_48p00,J_m40p00_48p00,1
585,-29.500,48.000,0.500,180.000,H_y48.0_x-40.0_-20.0_rev,H_y48.0_x-40.0_-20.0_rev,straight,bidirectional,J_m20p00_48p00,J_m40p00_48p00,1
586,-30.000,48.000,0.500,180.000,H_y48.0_x-40.0_-20.0_rev,H_y48.0_x-40.0_-20.0_rev,straight,bidirectional,J_m20p00_48p00,J_m40p00_48p00,1
587,-30.500,48.000,0.500,180.000,H_y48.0_x-40.0_-20.0_rev,H_y48.0_x-40.0_-20.0_rev,straight,bidirectional,J_m20p00_48p00,J_m40p00_48p00,1
588,-31.000,48.000,0.500,180.000,H_y48.0_x-40.0_-20.0_rev,H_y48.0_x-40.0_-20.0_rev,straight,bidirectional,J_m20p00_48p00,J_m40p00_48p00,1
589,-31.500,48.000,0.500,180.000,H_y48.0_x-40.0_-20.0_rev,H_y48.0_x-40.0_-20.0_rev,straight,bidirectional,J_m20p00_48p00,J_m40p00_48p00,1
590,-32.000,48.000,0.500,180.000,H_y48.0_x-40.0_-20.0_rev,H_y48.0_x-40.0_-20.0_rev,straight,bidirectional,J_m20p00_48p00,J_m40p00_48p00,1
591,-32.500,48.000,0.500,180.000,H_y48.0_x-40.0_-20.0_rev,H_y48.0_x-40.0_-20.0_rev,straight,bidirectional,J_m20p00_48p00,J_m40p00_48p00,1
592,-33.000,48.000,0.500,180.000,H_y48.0_x-40.0_-20.0_rev,H_y48.0_x-40.0_-20.0_rev,straight,bidirectional,J_m20p00_48p00,J_m40p00_48p00,1
593,-33.500,48.000,0.500,180.000,H_y48.0_x-40.0_-20.0_rev,H_y48.0_x-40.0_-20.0_rev,straight,bidirectional,J_m20p00_48p00,J_m40p00_48p00,1
594,-34.000,48.000,0.500,180.000,H_y48.0_x-40.0_-20.0_rev,H_y48.0_x-40.0_-20.0_rev,straight,bidirectional,J_m20p00_48p00,J_m40p00_48p00,1
595,-34.500,48.000,0.500,180.000,H_y48.0_x-40.0_-20.0_rev,H_y48.0_x-40.0_-20.0_rev,straight,bidirectional,J_m20p00_48p00,J_m40p00_48p00,1
596,-35.000,48.000,0.500,180.000,H_y48.0_x-40.0_-20.0_rev,H_y48.0_x-40.0_-20.0_rev,straight,bidirectional,J_m20p00_48p00,J_m40p00_48p00,1
597,-35.500,48.000,0.500,180.000,H_y48.0_x-40.0_-20.0_rev,H_y48.0_x-40.0_-20.0_rev,straight,bidirectional,J_m20p00_48p00,J_m40p00_48p00,1
598,-36.000,48.000,0.500,180.000,H_y48.0_x-40.0_-20.0_rev,H_y48.0_x-40.0_-20.0_rev,straight,bidirectional,J_m20p00_48p00,J_m40p00_48p00,1
599,-36.500,48.000,0.500,180.000,H_y48.0_x-40.0_-20.0_rev,H_y48.0_x-40.0_-20.0_rev,straight,bidirectional,J_m20p00_48p00,J_m40p00_48p00,1
600,-37.000,48.000,0.500,180.000,H_y48.0_x-40.0_-20.0_rev,H_y48.0_x-40.0_-20.0_rev,straight,bidirectional,J_m20p00_48p00,J_m40p00_48p00,1
601,-37.500,48.000,0.500,180.000,H_y48.0_x-40.0_-20.0_rev,H_y48.0_x-40.0_-20.0_rev,straight,bidirectional,J_m20p00_48p00,J_m40p00_48p00,1
602,-38.000,48.000,0.500,180.000,H_y48.0_x-40.0_-20.0_rev,H_y48.0_x-40.0_-20.0_rev,straight,bidirectional,J_m20p00_48p00,J_m40p00_48p00,1
603,-38.500,48.000,0.500,180.000,H_y48.0_x-40.0_-20.0_rev,H_y48.0_x-40.0_-20.0_rev,straight,bidirectional,J_m20p00_48p00,J_m40p00_48p00,1
604,-39.000,48.000,0.500,180.000,H_y48.0_x-40.0_-20.0_rev,H_y48.0_x-40.0_-20.0_rev,straight,bidirectional,J_m20p00_48p00,J_m40p00_48p00,1
605,-39.500,48.000,0.500,180.000,H_y48.0_x-40.0_-20.0_rev,H_y48.0_x-40.0_-20.0_rev,straight,bidirectional,J_m20p00_48p00,J_m40p00_48p00,1
606,-40.000,48.000,0.500,180.000,H_y48.0_x-40.0_-20.0_rev,H_y48.0_x-40.0_-20.0_rev,straight,bidirectional,J_m20p00_48p00,J_m40p00_48p00,0
607,-20.000,48.000,0.500,0.000,H_y48.0_x-20.0_20.0_fwd,H_y48.0_x-20.0_20.0_fwd,straight,bidirectional,J_m20p00_48p00,J_20p00_48p00,1
608,-19.500,48.000,0.500,0.000,H_y48.0_x-20.0_20.0_fwd,H_y48.0_x-20.0_20.0_fwd,straight,bidirectional,J_m20p00_48p00,J_20p00_48p00,1
609,-19.000,48.000,0.500,0.000,H_y48.0_x-20.0_20.0_fwd,H_y48.0_x-20.0_20.0_fwd,straight,bidirectional,J_m20p00_48p00,J_20p00_48p00,1
610,-18.500,48.000,0.500,0.000,H_y48.0_x-20.0_20.0_fwd,H_y48.0_x-20.0_20.0_fwd,straight,bidirectional,J_m20p00_48p00,J_20p00_48p00,1
611,-18.000,48.000,0.500,0.000,H_y48.0_x-20.0_20.0_fwd,H_y48.0_x-20.0_20.0_fwd,straight,bidirectional,J_m20p00_48p00,J_20p00_48p00,1
612,-17.500,48.000,0.500,0.000,H_y48.0_x-20.0_20.0_fwd,H_y48.0_x-20.0_20.0_fwd,straight,bidirectional,J_m20p00_48p00,J_20p00_48p00,1
613,-17.000,48.000,0.500,0.000,H_y48.0_x-20.0_20.0_fwd,H_y48.0_x-20.0_20.0_fwd,straight,bidirectional,J_m20p00_48p00,J_20p00_48p00,1
614,-16.500,48.000,0.500,0.000,H_y48.0_x-20.0_20.0_fwd,H_y48.0_x-20.0_20.0_fwd,straight,bidirectional,J_m20p00_48p00,J_20p00_48p00,1
615,-16.000,48.000,0.500,0.000,H_y48.0_x-20.0_20.0_fwd,H_y48.0_x-20.0_20.0_fwd,straight,bidirectional,J_m20p00_48p00,J_20p00_48p00,1
616,-15.500,48.000,0.500,0.000,H_y48.0_x-20.0_20.0_fwd,H_y48.0_x-20.0_20.0_fwd,straight,bidirectional,J_m20p00_48p00,J_20p00_48p00,1
617,-15.000,48.000,0.500,0.000,H_y48.0_x-20.0_20.0_fwd,H_y48.0_x-20.0_20.0_fwd,straight,bidirectional,J_m20p00_48p00,J_20p00_48p00,1
618,-14.500,48.000,0.500,0.000,H_y48.0_x-20.0_20.0_fwd,H_y48.0_x-20.0_20.0_fwd,straight,bidirectional,J_m20p00_48p00,J_20p00_48p00,1
619,-14.000,48.000,0.500,0.000,H_y48.0_x-20.0_20.0_fwd,H_y48.0_x-20.0_20.0_fwd,straight,bidirectional,J_m20p00_48p00,J_20p00_48p00,1
620,-13.500,48.000,0.500,0.000,H_y48.0_x-20.0_20.0_fwd,H_y48.0_x-20.0_20.0_fwd,straight,bidirectional,J_m20p00_48p00,J_20p00_48p00,1
621,-13.000,48.000,0.500,0.000,H_y48.0_x-20.0_20.0_fwd,H_y48.0_x-20.0_20.0_fwd,straight,bidirectional,J_m20p00_48p00,J_20p00_48p00,1
622,-12.500,48.000,0.500,0.000,H_y48.0_x-20.0_20.0_fwd,H_y48.0_x-20.0_20.0_fwd,straight,bidirectional,J_m20p00_48p00,J_20p00_48p00,1
623,-12.000,48.000,0.500,0.000,H_y48.0_x-20.0_20.0_fwd,H_y48.0_x-20.0_20.0_fwd,straight,bidirectional,J_m20p00_48p00,J_20p00_48p00,1
624,-11.500,48.000,0.500,0.000,H_y48.0_x-20.0_20.0_fwd,H_y48.0_x-20.0_20.0_fwd,straight,bidirectional,J_m20p00_48p00,J_20p00_48p00,1
625,-11.000,48.000,0.500,0.000,H_y48.0_x-20.0_20.0_fwd,H_y48.0_x-20.0_20.0_fwd,straight,bidirectional,J_m20p00_48p00,J_20p00_48p00,1
626,-10.500,48.000,0.500,0.000,H_y48.0_x-20.0_20.0_fwd,H_y48.0_x-20.0_20.0_fwd,straight,bidirectional,J_m20p00_48p00,J_20p00_48p00,1
627,-10.000,48.000,0.500,0.000,H_y48.0_x-20.0_20.0_fwd,H_y48.0_x-20.0_20.0_fwd,straight,bidirectional,J_m20p00_48p00,J_20p00_48p00,1
628,-9.500,48.000,0.500,0.000,H_y48.0_x-20.0_20.0_fwd,H_y48.0_x-20.0_20.0_fwd,straight,bidirectional,J_m20p00_48p00,J_20p00_48p00,1
629,-9.000,48.000,0.500,0.000,H_y48.0_x-20.0_20.0_fwd,H_y48.0_x-20.0_20.0_fwd,straight,bidirectional,J_m20p00_48p00,J_20p00_48p00,1
630,-8.500,48.000,0.500,0.000,H_y48.0_x-20.0_20.0_fwd,H_y48.0_x-20.0_20.0_fwd,straight,bidirectional,J_m20p00_48p00,J_20p00_48p00,1
631,-8.000,48.000,0.500,0.000,H_y48.0_x-20.0_20.0_fwd,H_y48.0_x-20.0_20.0_fwd,straight,bidirectional,J_m20p00_48p00,J_20p00_48p00,1
632,-7.500,48.000,0.500,0.000,H_y48.0_x-20.0_20.0_fwd,H_y48.0_x-20.0_20.0_fwd,straight,bidirectional,J_m20p00_48p00,J_20p00_48p00,1
633,-7.000,48.000,0.500,0.000,H_y48.0_x-20.0_20.0_fwd,H_y48.0_x-20.0_20.0_fwd,straight,bidirectional,J_m20p00_48p00,J_20p00_48p00,1
634,-6.500,48.000,0.500,0.000,H_y48.0_x-20.0_20.0_fwd,H_y48.0_x-20.0_20.0_fwd,straight,bidirectional,J_m20p00_48p00,J_20p00_48p00,1
635,-6.000,48.000,0.500,0.000,H_y48.0_x-20.0_20.0_fwd,H_y48.0_x-20.0_20.0_fwd,straight,bidirectional,J_m20p00_48p00,J_20p00_48p00,1
636,-5.500,48.000,0.500,0.000,H_y48.0_x-20.0_20.0_fwd,H_y48.0_x-20.0_20.0_fwd,straight,bidirectional,J_m20p00_48p00,J_20p00_48p00,1
637,-5.000,48.000,0.500,0.000,H_y48.0_x-20.0_20.0_fwd,H_y48.0_x-20.0_20.0_fwd,straight,bidirectional,J_m20p00_48p00,J_20p00_48p00,1
638,-4.500,48.000,0.500,0.000,H_y48.0_x-20.0_20.0_fwd,H_y48.0_x-20.0_20.0_fwd,straight,bidirectional,J_m20p00_48p00,J_20p00_48p00,1
639,-4.000,48.000,0.500,0.000,H_y48.0_x-20.0_20.0_fwd,H_y48.0_x-20.0_20.0_fwd,straight,bidirectional,J_m20p00_48p00,J_20p00_48p00,1
640,-3.500,48.000,0.500,0.000,H_y48.0_x-20.0_20.0_fwd,H_y48.0_x-20.0_20.0_fwd,straight,bidirectional,J_m20p00_48p00,J_20p00_48p00,1
641,-3.000,48.000,0.500,0.000,H_y48.0_x-20.0_20.0_fwd,H_y48.0_x-20.0_20.0_fwd,straight,bidirectional,J_m20p00_48p00,J_20p00_48p00,1
642,-2.500,48.000,0.500,0.000,H_y48.0_x-20.0_20.0_fwd,H_y48.0_x-20.0_20.0_fwd,straight,bidirectional,J_m20p00_48p00,J_20p00_48p00,1
643,-2.000,48.000,0.500,0.000,H_y48.0_x-20.0_20.0_fwd,H_y48.0_x-20.0_20.0_fwd,straight,bidirectional,J_m20p00_48p00,J_20p00_48p00,1
644,-1.500,48.000,0.500,0.000,H_y48.0_x-20.0_20.0_fwd,H_y48.0_x-20.0_20.0_fwd,straight,bidirectional,J_m20p00_48p00,J_20p00_48p00,1
645,-1.000,48.000,0.500,0.000,H_y48.0_x-20.0_20.0_fwd,H_y48.0_x-20.0_20.0_fwd,straight,bidirectional,J_m20p00_48p00,J_20p00_48p00,1
646,-0.500,48.000,0.500,0.000,H_y48.0_x-20.0_20.0_fwd,H_y48.0_x-20.0_20.0_fwd,straight,bidirectional,J_m20p00_48p00,J_20p00_48p00,1
647,0.000,48.000,0.500,0.000,H_y48.0_x-20.0_20.0_fwd,H_y48.0_x-20.0_20.0_fwd,straight,bidirectional,J_m20p00_48p00,J_20p00_48p00,1
648,0.500,48.000,0.500,0.000,H_y48.0_x-20.0_20.0_fwd,H_y48.0_x-20.0_20.0_fwd,straight,bidirectional,J_m20p00_48p00,J_20p00_48p00,1
649,1.000,48.000,0.500,0.000,H_y48.0_x-20.0_20.0_fwd,H_y48.0_x-20.0_20.0_fwd,straight,bidirectional,J_m20p00_48p00,J_20p00_48p00,1
650,1.500,48.000,0.500,0.000,H_y48.0_x-20.0_20.0_fwd,H_y48.0_x-20.0_20.0_fwd,straight,bidirectional,J_m20p00_48p00,J_20p00_48p00,1
651,2.000,48.000,0.500,0.000,H_y48.0_x-20.0_20.0_fwd,H_y48.0_x-20.0_20.0_fwd,straight,bidirectional,J_m20p00_48p00,J_20p00_48p00,1
652,2.500,48.000,0.500,0.000,H_y48.0_x-20.0_20.0_fwd,H_y48.0_x-20.0_20.0_fwd,straight,bidirectional,J_m20p00_48p00,J_20p00_48p00,1
653,3.000,48.000,0.500,0.000,H_y48.0_x-20.0_20.0_fwd,H_y48.0_x-20.0_20.0_fwd,straight,bidirectional,J_m20p00_48p00,J_20p00_48p00,1
654,3.500,48.000,0.500,0.000,H_y48.0_x-20.0_20.0_fwd,H_y48.0_x-20.0_20.0_fwd,straight,bidirectional,J_m20p00_48p00,J_20p00_48p00,1
655,4.000,48.000,0.500,0.000,H_y48.0_x-20.0_20.0_fwd,H_y48.0_x-20.0_20.0_fwd,straight,bidirectional,J_m20p00_48p00,J_20p00_48p00,1
656,4.500,48.000,0.500,0.000,H_y48.0_x-20.0_20.0_fwd,H_y48.0_x-20.0_20.0_fwd,straight,bidirectional,J_m20p00_48p00,J_20p00_48p00,1
657,5.000,48.000,0.500,0.000,H_y48.0_x-20.0_20.0_fwd,H_y48.0_x-20.0_20.0_fwd,straight,bidirectional,J_m20p00_48p00,J_20p00_48p00,1
658,5.500,48.000,0.500,0.000,H_y48.0_x-20.0_20.0_fwd,H_y48.0_x-20.0_20.0_fwd,straight,bidirectional,J_m20p00_48p00,J_20p00_48p00,1
659,6.000,48.000,0.500,0.000,H_y48.0_x-20.0_20.0_fwd,H_y48.0_x-20.0_20.0_fwd,straight,bidirectional,J_m20p00_48p00,J_20p00_48p00,1
660,6.500,48.000,0.500,0.000,H_y48.0_x-20.0_20.0_fwd,H_y48.0_x-20.0_20.0_fwd,straight,bidirectional,J_m20p00_48p00,J_20p00_48p00,1
661,7.000,48.000,0.500,0.000,H_y48.0_x-20.0_20.0_fwd,H_y48.0_x-20.0_20.0_fwd,straight,bidirectional,J_m20p00_48p00,J_20p00_48p00,1
662,7.500,48.000,0.500,0.000,H_y48.0_x-20.0_20.0_fwd,H_y48.0_x-20.0_20.0_fwd,straight,bidirectional,J_m20p00_48p00,J_20p00_48p00,1
663,8.000,48.000,0.500,0.000,H_y48.0_x-20.0_20.0_fwd,H_y48.0_x-20.0_20.0_fwd,straight,bidirectional,J_m20p00_48p00,J_20p00_48p00,1
664,8.500,48.000,0.500,0.000,H_y48.0_x-20.0_20.0_fwd,H_y48.0_x-20.0_20.0_fwd,straight,bidirectional,J_m20p00_48p00,J_20p00_48p00,1
665,9.000,48.000,0.500,0.000,H_y48.0_x-20.0_20.0_fwd,H_y48.0_x-20.0_20.0_fwd,straight,bidirectional,J_m20p00_48p00,J_20p00_48p00,1
666,9.500,48.000,0.500,0.000,H_y48.0_x-20.0_20.0_fwd,H_y48.0_x-20.0_20.0_fwd,straight,bidirectional,J_m20p00_48p00,J_20p00_48p00,1
667,10.000,48.000,0.500,0.000,H_y48.0_x-20.0_20.0_fwd,H_y48.0_x-20.0_20.0_fwd,straight,bidirectional,J_m20p00_48p00,J_20p00_48p00,1
668,10.500,48.000,0.500,0.000,H_y48.0_x-20.0_20.0_fwd,H_y48.0_x-20.0_20.0_fwd,straight,bidirectional,J_m20p00_48p00,J_20p00_48p00,1
669,11.000,48.000,0.500,0.000,H_y48.0_x-20.0_20.0_fwd,H_y48.0_x-20.0_20.0_fwd,straight,bidirectional,J_m20p00_48p00,J_20p00_48p00,1
670,11.500,48.000,0.500,0.000,H_y48.0_x-20.0_20.0_fwd,H_y48.0_x-20.0_20.0_fwd,straight,bidirectional,J_m20p00_48p00,J_20p00_48p00,1
671,12.000,48.000,0.500,0.000,H_y48.0_x-20.0_20.0_fwd,H_y48.0_x-20.0_20.0_fwd,straight,bidirectional,J_m20p00_48p00,J_20p00_48p00,1
672,12.500,48.000,0.500,0.000,H_y48.0_x-20.0_20.0_fwd,H_y48.0_x-20.0_20.0_fwd,straight,bidirectional,J_m20p00_48p00,J_20p00_48p00,1
673,13.000,48.000,0.500,0.000,H_y48.0_x-20.0_20.0_fwd,H_y48.0_x-20.0_20.0_fwd,straight,bidirectional,J_m20p00_48p00,J_20p00_48p00,1
674,13.500,48.000,0.500,0.000,H_y48.0_x-20.0_20.0_fwd,H_y48.0_x-20.0_20.0_fwd,straight,bidirectional,J_m20p00_48p00,J_20p00_48p00,1
675,14.000,48.000,0.500,0.000,H_y48.0_x-20.0_20.0_fwd,H_y48.0_x-20.0_20.0_fwd,straight,bidirectional,J_m20p00_48p00,J_20p00_48p00,1
676,14.500,48.000,0.500,0.000,H_y48.0_x-20.0_20.0_fwd,H_y48.0_x-20.0_20.0_fwd,straight,bidirectional,J_m20p00_48p00,J_20p00_48p00,1
677,15.000,48.000,0.500,0.000,H_y48.0_x-20.0_20.0_fwd,H_y48.0_x-20.0_20.0_fwd,straight,bidirectional,J_m20p00_48p00,J_20p00_48p00,1
678,15.500,48.000,0.500,0.000,H_y48.0_x-20.0_20.0_fwd,H_y48.0_x-20.0_20.0_fwd,straight,bidirectional,J_m20p00_48p00,J_20p00_48p00,1
679,16.000,48.000,0.500,0.000,H_y48.0_x-20.0_20.0_fwd,H_y48.0_x-20.0_20.0_fwd,straight,bidirectional,J_m20p00_48p00,J_20p00_48p00,1
680,16.500,48.000,0.500,0.000,H_y48.0_x-20.0_20.0_fwd,H_y48.0_x-20.0_20.0_fwd,straight,bidirectional,J_m20p00_48p00,J_20p00_48p00,1
681,17.000,48.000,0.500,0.000,H_y48.0_x-20.0_20.0_fwd,H_y48.0_x-20.0_20.0_fwd,straight,bidirectional,J_m20p00_48p00,J_20p00_48p00,1
682,17.500,48.000,0.500,0.000,H_y48.0_x-20.0_20.0_fwd,H_y48.0_x-20.0_20.0_fwd,straight,bidirectional,J_m20p00_48p00,J_20p00_48p00,1
683,18.000,48.000,0.500,0.000,H_y48.0_x-20.0_20.0_fwd,H_y48.0_x-20.0_20.0_fwd,straight,bidirectional,J_m20p00_48p00,J_20p00_48p00,1
684,18.500,48.000,0.500,0.000,H_y48.0_x-20.0_20.0_fwd,H_y48.0_x-20.0_20.0_fwd,straight,bidirectional,J_m20p00_48p00,J_20p00_48p00,1
685,19.000,48.000,0.500,0.000,H_y48.0_x-20.0_20.0_fwd,H_y48.0_x-20.0_20.0_fwd,straight,bidirectional,J_m20p00_48p00,J_20p00_48p00,1
686,19.500,48.000,0.500,0.000,H_y48.0_x-20.0_20.0_fwd,H_y48.0_x-20.0_20.0_fwd,straight,bidirectional,J_m20p00_48p00,J_20p00_48p00,1
687,20.000,48.000,0.500,0.000,H_y48.0_x-20.0_20.0_fwd,H_y48.0_x-20.0_20.0_fwd,straight,bidirectional,J_m20p00_48p00,J_20p00_48p00,0
688,-20.000,48.000,0.500,-90.000,V_x-20.0_y26.0_48.0_rev,V_x-20.0_y26.0_48.0_rev,straight,bidirectional,J_m20p00_48p00,J_m20p00_26p00,1
689,-20.000,47.500,0.500,-90.000,V_x-20.0_y26.0_48.0_rev,V_x-20.0_y26.0_48.0_rev,straight,bidirectional,J_m20p00_48p00,J_m20p00_26p00,1
690,-20.000,47.000,0.500,-90.000,V_x-20.0_y26.0_48.0_rev,V_x-20.0_y26.0_48.0_rev,straight,bidirectional,J_m20p00_48p00,J_m20p00_26p00,1
691,-20.000,46.500,0.500,-90.000,V_x-20.0_y26.0_48.0_rev,V_x-20.0_y26.0_48.0_rev,straight,bidirectional,J_m20p00_48p00,J_m20p00_26p00,1
692,-20.000,46.000,0.500,-90.000,V_x-20.0_y26.0_48.0_rev,V_x-20.0_y26.0_48.0_rev,straight,bidirectional,J_m20p00_48p00,J_m20p00_26p00,1
693,-20.000,45.500,0.500,-90.000,V_x-20.0_y26.0_48.0_rev,V_x-20.0_y26.0_48.0_rev,straight,bidirectional,J_m20p00_48p00,J_m20p00_26p00,1
694,-20.000,45.000,0.500,-90.000,V_x-20.0_y26.0_48.0_rev,V_x-20.0_y26.0_48.0_rev,straight,bidirectional,J_m20p00_48p00,J_m20p00_26p00,1
695,-20.000,44.500,0.500,-90.000,V_x-20.0_y26.0_48.0_rev,V_x-20.0_y26.0_48.0_rev,straight,bidirectional,J_m20p00_48p00,J_m20p00_26p00,1
696,-20.000,44.000,0.500,-90.000,V_x-20.0_y26.0_48.0_rev,V_x-20.0_y26.0_48.0_rev,straight,bidirectional,J_m20p00_48p00,J_m20p00_26p00,1
697,-20.000,43.500,0.500,-90.000,V_x-20.0_y26.0_48.0_rev,V_x-20.0_y26.0_48.0_rev,straight,bidirectional,J_m20p00_48p00,J_m20p00_26p00,1
698,-20.000,43.000,0.500,-90.000,V_x-20.0_y26.0_48.0_rev,V_x-20.0_y26.0_48.0_rev,straight,bidirectional,J_m20p00_48p00,J_m20p00_26p00,1
699,-20.000,42.500,0.500,-90.000,V_x-20.0_y26.0_48.0_rev,V_x-20.0_y26.0_48.0_rev,straight,bidirectional,J_m20p00_48p00,J_m20p00_26p00,1
700,-20.000,42.000,0.500,-90.000,V_x-20.0_y26.0_48.0_rev,V_x-20.0_y26.0_48.0_rev,straight,bidirectional,J_m20p00_48p00,J_m20p00_26p00,1
701,-20.000,41.500,0.500,-90.000,V_x-20.0_y26.0_48.0_rev,V_x-20.0_y26.0_48.0_rev,straight,bidirectional,J_m20p00_48p00,J_m20p00_26p00,1
702,-20.000,41.000,0.500,-90.000,V_x-20.0_y26.0_48.0_rev,V_x-20.0_y26.0_48.0_rev,straight,bidirectional,J_m20p00_48p00,J_m20p00_26p00,1
703,-20.000,40.500,0.500,-90.000,V_x-20.0_y26.0_48.0_rev,V_x-20.0_y26.0_48.0_rev,straight,bidirectional,J_m20p00_48p00,J_m20p00_26p00,1
704,-20.000,40.000,0.500,-90.000,V_x-20.0_y26.0_48.0_rev,V_x-20.0_y26.0_48.0_rev,straight,bidirectional,J_m20p00_48p00,J_m20p00_26p00,1
705,-20.000,39.500,0.500,-90.000,V_x-20.0_y26.0_48.0_rev,V_x-20.0_y26.0_48.0_rev,straight,bidirectional,J_m20p00_48p00,J_m20p00_26p00,1
706,-20.000,39.000,0.500,-90.000,V_x-20.0_y26.0_48.0_rev,V_x-20.0_y26.0_48.0_rev,straight,bidirectional,J_m20p00_48p00,J_m20p00_26p00,1
707,-20.000,38.500,0.500,-90.000,V_x-20.0_y26.0_48.0_rev,V_x-20.0_y26.0_48.0_rev,straight,bidirectional,J_m20p00_48p00,J_m20p00_26p00,1
708,-20.000,38.000,0.500,-90.000,V_x-20.0_y26.0_48.0_rev,V_x-20.0_y26.0_48.0_rev,straight,bidirectional,J_m20p00_48p00,J_m20p00_26p00,1
709,-20.000,37.500,0.500,-90.000,V_x-20.0_y26.0_48.0_rev,V_x-20.0_y26.0_48.0_rev,straight,bidirectional,J_m20p00_48p00,J_m20p00_26p00,1
710,-20.000,37.000,0.500,-90.000,V_x-20.0_y26.0_48.0_rev,V_x-20.0_y26.0_48.0_rev,straight,bidirectional,J_m20p00_48p00,J_m20p00_26p00,1
711,-20.000,36.500,0.500,-90.000,V_x-20.0_y26.0_48.0_rev,V_x-20.0_y26.0_48.0_rev,straight,bidirectional,J_m20p00_48p00,J_m20p00_26p00,1
712,-20.000,36.000,0.500,-90.000,V_x-20.0_y26.0_48.0_rev,V_x-20.0_y26.0_48.0_rev,straight,bidirectional,J_m20p00_48p00,J_m20p00_26p00,1
713,-20.000,35.500,0.500,-90.000,V_x-20.0_y26.0_48.0_rev,V_x-20.0_y26.0_48.0_rev,straight,bidirectional,J_m20p00_48p00,J_m20p00_26p00,1
714,-20.000,35.000,0.500,-90.000,V_x-20.0_y26.0_48.0_rev,V_x-20.0_y26.0_48.0_rev,straight,bidirectional,J_m20p00_48p00,J_m20p00_26p00,1
715,-20.000,34.500,0.500,-90.000,V_x-20.0_y26.0_48.0_rev,V_x-20.0_y26.0_48.0_rev,straight,bidirectional,J_m20p00_48p00,J_m20p00_26p00,1
716,-20.000,34.000,0.500,-90.000,V_x-20.0_y26.0_48.0_rev,V_x-20.0_y26.0_48.0_rev,straight,bidirectional,J_m20p00_48p00,J_m20p00_26p00,1
717,-20.000,33.500,0.500,-90.000,V_x-20.0_y26.0_48.0_rev,V_x-20.0_y26.0_48.0_rev,straight,bidirectional,J_m20p00_48p00,J_m20p00_26p00,1
718,-20.000,33.000,0.500,-90.000,V_x-20.0_y26.0_48.0_rev,V_x-20.0_y26.0_48.0_rev,straight,bidirectional,J_m20p00_48p00,J_m20p00_26p00,1
719,-20.000,32.500,0.500,-90.000,V_x-20.0_y26.0_48.0_rev,V_x-20.0_y26.0_48.0_rev,straight,bidirectional,J_m20p00_48p00,J_m20p00_26p00,1
720,-20.000,32.000,0.500,-90.000,V_x-20.0_y26.0_48.0_rev,V_x-20.0_y26.0_48.0_rev,straight,bidirectional,J_m20p00_48p00,J_m20p00_26p00,1
721,-20.000,31.500,0.500,-90.000,V_x-20.0_y26.0_48.0_rev,V_x-20.0_y26.0_48.0_rev,straight,bidirectional,J_m20p00_48p00,J_m20p00_26p00,1
722,-20.000,31.000,0.500,-90.000,V_x-20.0_y26.0_48.0_rev,V_x-20.0_y26.0_48.0_rev,straight,bidirectional,J_m20p00_48p00,J_m20p00_26p00,1
723,-20.000,30.500,0.500,-90.000,V_x-20.0_y26.0_48.0_rev,V_x-20.0_y26.0_48.0_rev,straight,bidirectional,J_m20p00_48p00,J_m20p00_26p00,1
724,-20.000,30.000,0.500,-90.000,V_x-20.0_y26.0_48.0_rev,V_x-20.0_y26.0_48.0_rev,straight,bidirectional,J_m20p00_48p00,J_m20p00_26p00,1
725,-20.000,29.500,0.500,-90.000,V_x-20.0_y26.0_48.0_rev,V_x-20.0_y26.0_48.0_rev,straight,bidirectional,J_m20p00_48p00,J_m20p00_26p00,1
726,-20.000,29.000,0.500,-90.000,V_x-20.0_y26.0_48.0_rev,V_x-20.0_y26.0_48.0_rev,straight,bidirectional,J_m20p00_48p00,J_m20p00_26p00,1
727,-20.000,28.500,0.500,-90.000,V_x-20.0_y26.0_48.0_rev,V_x-20.0_y26.0_48.0_rev,straight,bidirectional,J_m20p00_48p00,J_m20p00_26p00,1
728,-20.000,28.000,0.500,-90.000,V_x-20.0_y26.0_48.0_rev,V_x-20.0_y26.0_48.0_rev,straight,bidirectional,J_m20p00_48p00,J_m20p00_26p00,1
729,-20.000,27.500,0.500,-90.000,V_x-20.0_y26.0_48.0_rev,V_x-20.0_y26.0_48.0_rev,straight,bidirectional,J_m20p00_48p00,J_m20p00_26p00,1
730,-20.000,27.000,0.500,-90.000,V_x-20.0_y26.0_48.0_rev,V_x-20.0_y26.0_48.0_rev,straight,bidirectional,J_m20p00_48p00,J_m20p00_26p00,1
731,-20.000,26.500,0.500,-90.000,V_x-20.0_y26.0_48.0_rev,V_x-20.0_y26.0_48.0_rev,straight,bidirectional,J_m20p00_48p00,J_m20p00_26p00,1
732,-20.000,26.000,0.500,-90.000,V_x-20.0_y26.0_48.0_rev,V_x-20.0_y26.0_48.0_rev,straight,bidirectional,J_m20p00_48p00,J_m20p00_26p00,0
733,-20.000,26.000,0.500,180.000,H_y26.0_x-40.0_-20.0_rev,H_y26.0_x-40.0_-20.0_rev,straight,bidirectional,J_m20p00_26p00,J_m40p00_26p00,1
734,-20.500,26.000,0.500,180.000,H_y26.0_x-40.0_-20.0_rev,H_y26.0_x-40.0_-20.0_rev,straight,bidirectional,J_m20p00_26p00,J_m40p00_26p00,1
735,-21.000,26.000,0.500,180.000,H_y26.0_x-40.0_-20.0_rev,H_y26.0_x-40.0_-20.0_rev,straight,bidirectional,J_m20p00_26p00,J_m40p00_26p00,1
736,-21.500,26.000,0.500,180.000,H_y26.0_x-40.0_-20.0_rev,H_y26.0_x-40.0_-20.0_rev,straight,bidirectional,J_m20p00_26p00,J_m40p00_26p00,1
737,-22.000,26.000,0.500,180.000,H_y26.0_x-40.0_-20.0_rev,H_y26.0_x-40.0_-20.0_rev,straight,bidirectional,J_m20p00_26p00,J_m40p00_26p00,1
738,-22.500,26.000,0.500,180.000,H_y26.0_x-40.0_-20.0_rev,H_y26.0_x-40.0_-20.0_rev,straight,bidirectional,J_m20p00_26p00,J_m40p00_26p00,1
739,-23.000,26.000,0.500,180.000,H_y26.0_x-40.0_-20.0_rev,H_y26.0_x-40.0_-20.0_rev,straight,bidirectional,J_m20p00_26p00,J_m40p00_26p00,1
740,-23.500,26.000,0.500,180.000,H_y26.0_x-40.0_-20.0_rev,H_y26.0_x-40.0_-20.0_rev,straight,bidirectional,J_m20p00_26p00,J_m40p00_26p00,1
741,-24.000,26.000,0.500,180.000,H_y26.0_x-40.0_-20.0_rev,H_y26.0_x-40.0_-20.0_rev,straight,bidirectional,J_m20p00_26p00,J_m40p00_26p00,1
742,-24.500,26.000,0.500,180.000,H_y26.0_x-40.0_-20.0_rev,H_y26.0_x-40.0_-20.0_rev,straight,bidirectional,J_m20p00_26p00,J_m40p00_26p00,1
743,-25.000,26.000,0.500,180.000,H_y26.0_x-40.0_-20.0_rev,H_y26.0_x-40.0_-20.0_rev,straight,bidirectional,J_m20p00_26p00,J_m40p00_26p00,1
744,-25.500,26.000,0.500,180.000,H_y26.0_x-40.0_-20.0_rev,H_y26.0_x-40.0_-20.0_rev,straight,bidirectional,J_m20p00_26p00,J_m40p00_26p00,1
745,-26.000,26.000,0.500,180.000,H_y26.0_x-40.0_-20.0_rev,H_y26.0_x-40.0_-20.0_rev,straight,bidirectional,J_m20p00_26p00,J_m40p00_26p00,1
746,-26.500,26.000,0.500,180.000,H_y26.0_x-40.0_-20.0_rev,H_y26.0_x-40.0_-20.0_rev,straight,bidirectional,J_m20p00_26p00,J_m40p00_26p00,1
747,-27.000,26.000,0.500,180.000,H_y26.0_x-40.0_-20.0_rev,H_y26.0_x-40.0_-20.0_rev,straight,bidirectional,J_m20p00_26p00,J_m40p00_26p00,1
748,-27.500,26.000,0.500,180.000,H_y26.0_x-40.0_-20.0_rev,H_y26.0_x-40.0_-20.0_rev,straight,bidirectional,J_m20p00_26p00,J_m40p00_26p00,1
749,-28.000,26.000,0.500,180.000,H_y26.0_x-40.0_-20.0_rev,H_y26.0_x-40.0_-20.0_rev,straight,bidirectional,J_m20p00_26p00,J_m40p00_26p00,1
750,-28.500,26.000,0.500,180.000,H_y26.0_x-40.0_-20.0_rev,H_y26.0_x-40.0_-20.0_rev,straight,bidirectional,J_m20p00_26p00,J_m40p00_26p00,1
751,-29.000,26.000,0.500,180.000,H_y26.0_x-40.0_-20.0_rev,H_y26.0_x-40.0_-20.0_rev,straight,bidirectional,J_m20p00_26p00,J_m40p00_26p00,1
752,-29.500,26.000,0.500,180.000,H_y26.0_x-40.0_-20.0_rev,H_y26.0_x-40.0_-20.0_rev,straight,bidirectional,J_m20p00_26p00,J_m40p00_26p00,1
753,-30.000,26.000,0.500,180.000,H_y26.0_x-40.0_-20.0_rev,H_y26.0_x-40.0_-20.0_rev,straight,bidirectional,J_m20p00_26p00,J_m40p00_26p00,1
754,-30.500,26.000,0.500,180.000,H_y26.0_x-40.0_-20.0_rev,H_y26.0_x-40.0_-20.0_rev,straight,bidirectional,J_m20p00_26p00,J_m40p00_26p00,1
755,-31.000,26.000,0.500,180.000,H_y26.0_x-40.0_-20.0_rev,H_y26.0_x-40.0_-20.0_rev,straight,bidirectional,J_m20p00_26p00,J_m40p00_26p00,1
756,-31.500,26.000,0.500,180.000,H_y26.0_x-40.0_-20.0_rev,H_y26.0_x-40.0_-20.0_rev,straight,bidirectional,J_m20p00_26p00,J_m40p00_26p00,1
757,-32.000,26.000,0.500,180.000,H_y26.0_x-40.0_-20.0_rev,H_y26.0_x-40.0_-20.0_rev,straight,bidirectional,J_m20p00_26p00,J_m40p00_26p00,1
758,-32.500,26.000,0.500,180.000,H_y26.0_x-40.0_-20.0_rev,H_y26.0_x-40.0_-20.0_rev,straight,bidirectional,J_m20p00_26p00,J_m40p00_26p00,1
759,-33.000,26.000,0.500,180.000,H_y26.0_x-40.0_-20.0_rev,H_y26.0_x-40.0_-20.0_rev,straight,bidirectional,J_m20p00_26p00,J_m40p00_26p00,1
760,-33.500,26.000,0.500,180.000,H_y26.0_x-40.0_-20.0_rev,H_y26.0_x-40.0_-20.0_rev,straight,bidirectional,J_m20p00_26p00,J_m40p00_26p00,1
761,-34.000,26.000,0.500,180.000,H_y26.0_x-40.0_-20.0_rev,H_y26.0_x-40.0_-20.0_rev,straight,bidirectional,J_m20p00_26p00,J_m40p00_26p00,1
762,-34.500,26.000,0.500,180.000,H_y26.0_x-40.0_-20.0_rev,H_y26.0_x-40.0_-20.0_rev,straight,bidirectional,J_m20p00_26p00,J_m40p00_26p00,1
763,-35.000,26.000,0.500,180.000,H_y26.0_x-40.0_-20.0_rev,H_y26.0_x-40.0_-20.0_rev,straight,bidirectional,J_m20p00_26p00,J_m40p00_26p00,1
764,-35.500,26.000,0.500,180.000,H_y26.0_x-40.0_-20.0_rev,H_y26.0_x-40.0_-20.0_rev,straight,bidirectional,J_m20p00_26p00,J_m40p00_26p00,1
765,-36.000,26.000,0.500,180.000,H_y26.0_x-40.0_-20.0_rev,H_y26.0_x-40.0_-20.0_rev,straight,bidirectional,J_m20p00_26p00,J_m40p00_26p00,1
766,-36.500,26.000,0.500,180.000,H_y26.0_x-40.0_-20.0_rev,H_y26.0_x-40.0_-20.0_rev,straight,bidirectional,J_m20p00_26p00,J_m40p00_26p00,1
767,-37.000,26.000,0.500,180.000,H_y26.0_x-40.0_-20.0_rev,H_y26.0_x-40.0_-20.0_rev,straight,bidirectional,J_m20p00_26p00,J_m40p00_26p00,1
768,-37.500,26.000,0.500,180.000,H_y26.0_x-40.0_-20.0_rev,H_y26.0_x-40.0_-20.0_rev,straight,bidirectional,J_m20p00_26p00,J_m40p00_26p00,1
769,-38.000,26.000,0.500,180.000,H_y26.0_x-40.0_-20.0_rev,H_y26.0_x-40.0_-20.0_rev,straight,bidirectional,J_m20p00_26p00,J_m40p00_26p00,1
770,-38.500,26.000,0.500,180.000,H_y26.0_x-40.0_-20.0_rev,H_y26.0_x-40.0_-20.0_rev,straight,bidirectional,J_m20p00_26p00,J_m40p00_26p00,1
771,-39.000,26.000,0.500,180.000,H_y26.0_x-40.0_-20.0_rev,H_y26.0_x-40.0_-20.0_rev,straight,bidirectional,J_m20p00_26p00,J_m40p00_26p00,1
772,-39.500,26.000,0.500,180.000,H_y26.0_x-40.0_-20.0_rev,H_y26.0_x-40.0_-20.0_rev,straight,bidirectional,J_m20p00_26p00,J_m40p00_26p00,1
773,-40.000,26.000,0.500,180.000,H_y26.0_x-40.0_-20.0_rev,H_y26.0_x-40.0_-20.0_rev,straight,bidirectional,J_m20p00_26p00,J_m40p00_26p00,0
774,-20.000,26.000,0.500,0.000,H_y26.0_x-20.0_20.0_fwd,H_y26.0_x-20.0_20.0_fwd,straight,bidirectional,J_m20p00_26p00,J_20p00_26p00,1
775,-19.500,26.000,0.500,0.000,H_y26.0_x-20.0_20.0_fwd,H_y26.0_x-20.0_20.0_fwd,straight,bidirectional,J_m20p00_26p00,J_20p00_26p00,1
776,-19.000,26.000,0.500,0.000,H_y26.0_x-20.0_20.0_fwd,H_y26.0_x-20.0_20.0_fwd,straight,bidirectional,J_m20p00_26p00,J_20p00_26p00,1
777,-18.500,26.000,0.500,0.000,H_y26.0_x-20.0_20.0_fwd,H_y26.0_x-20.0_20.0_fwd,straight,bidirectional,J_m20p00_26p00,J_20p00_26p00,1
778,-18.000,26.000,0.500,0.000,H_y26.0_x-20.0_20.0_fwd,H_y26.0_x-20.0_20.0_fwd,straight,bidirectional,J_m20p00_26p00,J_20p00_26p00,1
779,-17.500,26.000,0.500,0.000,H_y26.0_x-20.0_20.0_fwd,H_y26.0_x-20.0_20.0_fwd,straight,bidirectional,J_m20p00_26p00,J_20p00_26p00,1
780,-17.000,26.000,0.500,0.000,H_y26.0_x-20.0_20.0_fwd,H_y26.0_x-20.0_20.0_fwd,straight,bidirectional,J_m20p00_26p00,J_20p00_26p00,1
781,-16.500,26.000,0.500,0.000,H_y26.0_x-20.0_20.0_fwd,H_y26.0_x-20.0_20.0_fwd,straight,bidirectional,J_m20p00_26p00,J_20p00_26p00,1
782,-16.000,26.000,0.500,0.000,H_y26.0_x-20.0_20.0_fwd,H_y26.0_x-20.0_20.0_fwd,straight,bidirectional,J_m20p00_26p00,J_20p00_26p00,1
783,-15.500,26.000,0.500,0.000,H_y26.0_x-20.0_20.0_fwd,H_y26.0_x-20.0_20.0_fwd,straight,bidirectional,J_m20p00_26p00,J_20p00_26p00,1
784,-15.000,26.000,0.500,0.000,H_y26.0_x-20.0_20.0_fwd,H_y26.0_x-20.0_20.0_fwd,straight,bidirectional,J_m20p00_26p00,J_20p00_26p00,1
785,-14.500,26.000,0.500,0.000,H_y26.0_x-20.0_20.0_fwd,H_y26.0_x-20.0_20.0_fwd,straight,bidirectional,J_m20p00_26p00,J_20p00_26p00,1
786,-14.000,26.000,0.500,0.000,H_y26.0_x-20.0_20.0_fwd,H_y26.0_x-20.0_20.0_fwd,straight,bidirectional,J_m20p00_26p00,J_20p00_26p00,1
787,-13.500,26.000,0.500,0.000,H_y26.0_x-20.0_20.0_fwd,H_y26.0_x-20.0_20.0_fwd,straight,bidirectional,J_m20p00_26p00,J_20p00_26p00,1
788,-13.000,26.000,0.500,0.000,H_y26.0_x-20.0_20.0_fwd,H_y26.0_x-20.0_20.0_fwd,straight,bidirectional,J_m20p00_26p00,J_20p00_26p00,1
789,-12.500,26.000,0.500,0.000,H_y26.0_x-20.0_20.0_fwd,H_y26.0_x-20.0_20.0_fwd,straight,bidirectional,J_m20p00_26p00,J_20p00_26p00,1
790,-12.000,26.000,0.500,0.000,H_y26.0_x-20.0_20.0_fwd,H_y26.0_x-20.0_20.0_fwd,straight,bidirectional,J_m20p00_26p00,J_20p00_26p00,1
791,-11.500,26.000,0.500,0.000,H_y26.0_x-20.0_20.0_fwd,H_y26.0_x-20.0_20.0_fwd,straight,bidirectional,J_m20p00_26p00,J_20p00_26p00,1
792,-11.000,26.000,0.500,0.000,H_y26.0_x-20.0_20.0_fwd,H_y26.0_x-20.0_20.0_fwd,straight,bidirectional,J_m20p00_26p00,J_20p00_26p00,1
793,-10.500,26.000,0.500,0.000,H_y26.0_x-20.0_20.0_fwd,H_y26.0_x-20.0_20.0_fwd,straight,bidirectional,J_m20p00_26p00,J_20p00_26p00,1
794,-10.000,26.000,0.500,0.000,H_y26.0_x-20.0_20.0_fwd,H_y26.0_x-20.0_20.0_fwd,straight,bidirectional,J_m20p00_26p00,J_20p00_26p00,1
795,-9.500,26.000,0.500,0.000,H_y26.0_x-20.0_20.0_fwd,H_y26.0_x-20.0_20.0_fwd,straight,bidirectional,J_m20p00_26p00,J_20p00_26p00,1
796,-9.000,26.000,0.500,0.000,H_y26.0_x-20.0_20.0_fwd,H_y26.0_x-20.0_20.0_fwd,straight,bidirectional,J_m20p00_26p00,J_20p00_26p00,1
797,-8.500,26.000,0.500,0.000,H_y26.0_x-20.0_20.0_fwd,H_y26.0_x-20.0_20.0_fwd,straight,bidirectional,J_m20p00_26p00,J_20p00_26p00,1
798,-8.000,26.000,0.500,0.000,H_y26.0_x-20.0_20.0_fwd,H_y26.0_x-20.0_20.0_fwd,straight,bidirectional,J_m20p00_26p00,J_20p00_26p00,1
799,-7.500,26.000,0.500,0.000,H_y26.0_x-20.0_20.0_fwd,H_y26.0_x-20.0_20.0_fwd,straight,bidirectional,J_m20p00_26p00,J_20p00_26p00,1
800,-7.000,26.000,0.500,0.000,H_y26.0_x-20.0_20.0_fwd,H_y26.0_x-20.0_20.0_fwd,straight,bidirectional,J_m20p00_26p00,J_20p00_26p00,1
801,-6.500,26.000,0.500,0.000,H_y26.0_x-20.0_20.0_fwd,H_y26.0_x-20.0_20.0_fwd,straight,bidirectional,J_m20p00_26p00,J_20p00_26p00,1
802,-6.000,26.000,0.500,0.000,H_y26.0_x-20.0_20.0_fwd,H_y26.0_x-20.0_20.0_fwd,straight,bidirectional,J_m20p00_26p00,J_20p00_26p00,1
803,-5.500,26.000,0.500,0.000,H_y26.0_x-20.0_20.0_fwd,H_y26.0_x-20.0_20.0_fwd,straight,bidirectional,J_m20p00_26p00,J_20p00_26p00,1
804,-5.000,26.000,0.500,0.000,H_y26.0_x-20.0_20.0_fwd,H_y26.0_x-20.0_20.0_fwd,straight,bidirectional,J_m20p00_26p00,J_20p00_26p00,1
805,-4.500,26.000,0.500,0.000,H_y26.0_x-20.0_20.0_fwd,H_y26.0_x-20.0_20.0_fwd,straight,bidirectional,J_m20p00_26p00,J_20p00_26p00,1
806,-4.000,26.000,0.500,0.000,H_y26.0_x-20.0_20.0_fwd,H_y26.0_x-20.0_20.0_fwd,straight,bidirectional,J_m20p00_26p00,J_20p00_26p00,1
807,-3.500,26.000,0.500,0.000,H_y26.0_x-20.0_20.0_fwd,H_y26.0_x-20.0_20.0_fwd,straight,bidirectional,J_m20p00_26p00,J_20p00_26p00,1
808,-3.000,26.000,0.500,0.000,H_y26.0_x-20.0_20.0_fwd,H_y26.0_x-20.0_20.0_fwd,straight,bidirectional,J_m20p00_26p00,J_20p00_26p00,1
809,-2.500,26.000,0.500,0.000,H_y26.0_x-20.0_20.0_fwd,H_y26.0_x-20.0_20.0_fwd,straight,bidirectional,J_m20p00_26p00,J_20p00_26p00,1
810,-2.000,26.000,0.500,0.000,H_y26.0_x-20.0_20.0_fwd,H_y26.0_x-20.0_20.0_fwd,straight,bidirectional,J_m20p00_26p00,J_20p00_26p00,1
811,-1.500,26.000,0.500,0.000,H_y26.0_x-20.0_20.0_fwd,H_y26.0_x-20.0_20.0_fwd,straight,bidirectional,J_m20p00_26p00,J_20p00_26p00,1
812,-1.000,26.000,0.500,0.000,H_y26.0_x-20.0_20.0_fwd,H_y26.0_x-20.0_20.0_fwd,straight,bidirectional,J_m20p00_26p00,J_20p00_26p00,1
813,-0.500,26.000,0.500,0.000,H_y26.0_x-20.0_20.0_fwd,H_y26.0_x-20.0_20.0_fwd,straight,bidirectional,J_m20p00_26p00,J_20p00_26p00,1
814,0.000,26.000,0.500,0.000,H_y26.0_x-20.0_20.0_fwd,H_y26.0_x-20.0_20.0_fwd,straight,bidirectional,J_m20p00_26p00,J_20p00_26p00,1
815,0.500,26.000,0.500,0.000,H_y26.0_x-20.0_20.0_fwd,H_y26.0_x-20.0_20.0_fwd,straight,bidirectional,J_m20p00_26p00,J_20p00_26p00,1
816,1.000,26.000,0.500,0.000,H_y26.0_x-20.0_20.0_fwd,H_y26.0_x-20.0_20.0_fwd,straight,bidirectional,J_m20p00_26p00,J_20p00_26p00,1
817,1.500,26.000,0.500,0.000,H_y26.0_x-20.0_20.0_fwd,H_y26.0_x-20.0_20.0_fwd,straight,bidirectional,J_m20p00_26p00,J_20p00_26p00,1
818,2.000,26.000,0.500,0.000,H_y26.0_x-20.0_20.0_fwd,H_y26.0_x-20.0_20.0_fwd,straight,bidirectional,J_m20p00_26p00,J_20p00_26p00,1
819,2.500,26.000,0.500,0.000,H_y26.0_x-20.0_20.0_fwd,H_y26.0_x-20.0_20.0_fwd,straight,bidirectional,J_m20p00_26p00,J_20p00_26p00,1
820,3.000,26.000,0.500,0.000,H_y26.0_x-20.0_20.0_fwd,H_y26.0_x-20.0_20.0_fwd,straight,bidirectional,J_m20p00_26p00,J_20p00_26p00,1
821,3.500,26.000,0.500,0.000,H_y26.0_x-20.0_20.0_fwd,H_y26.0_x-20.0_20.0_fwd,straight,bidirectional,J_m20p00_26p00,J_20p00_26p00,1
822,4.000,26.000,0.500,0.000,H_y26.0_x-20.0_20.0_fwd,H_y26.0_x-20.0_20.0_fwd,straight,bidirectional,J_m20p00_26p00,J_20p00_26p00,1
823,4.500,26.000,0.500,0.000,H_y26.0_x-20.0_20.0_fwd,H_y26.0_x-20.0_20.0_fwd,straight,bidirectional,J_m20p00_26p00,J_20p00_26p00,1
824,5.000,26.000,0.500,0.000,H_y26.0_x-20.0_20.0_fwd,H_y26.0_x-20.0_20.0_fwd,straight,bidirectional,J_m20p00_26p00,J_20p00_26p00,1
825,5.500,26.000,0.500,0.000,H_y26.0_x-20.0_20.0_fwd,H_y26.0_x-20.0_20.0_fwd,straight,bidirectional,J_m20p00_26p00,J_20p00_26p00,1
826,6.000,26.000,0.500,0.000,H_y26.0_x-20.0_20.0_fwd,H_y26.0_x-20.0_20.0_fwd,straight,bidirectional,J_m20p00_26p00,J_20p00_26p00,1
827,6.500,26.000,0.500,0.000,H_y26.0_x-20.0_20.0_fwd,H_y26.0_x-20.0_20.0_fwd,straight,bidirectional,J_m20p00_26p00,J_20p00_26p00,1
828,7.000,26.000,0.500,0.000,H_y26.0_x-20.0_20.0_fwd,H_y26.0_x-20.0_20.0_fwd,straight,bidirectional,J_m20p00_26p00,J_20p00_26p00,1
829,7.500,26.000,0.500,0.000,H_y26.0_x-20.0_20.0_fwd,H_y26.0_x-20.0_20.0_fwd,straight,bidirectional,J_m20p00_26p00,J_20p00_26p00,1
830,8.000,26.000,0.500,0.000,H_y26.0_x-20.0_20.0_fwd,H_y26.0_x-20.0_20.0_fwd,straight,bidirectional,J_m20p00_26p00,J_20p00_26p00,1
831,8.500,26.000,0.500,0.000,H_y26.0_x-20.0_20.0_fwd,H_y26.0_x-20.0_20.0_fwd,straight,bidirectional,J_m20p00_26p00,J_20p00_26p00,1
832,9.000,26.000,0.500,0.000,H_y26.0_x-20.0_20.0_fwd,H_y26.0_x-20.0_20.0_fwd,straight,bidirectional,J_m20p00_26p00,J_20p00_26p00,1
833,9.500,26.000,0.500,0.000,H_y26.0_x-20.0_20.0_fwd,H_y26.0_x-20.0_20.0_fwd,straight,bidirectional,J_m20p00_26p00,J_20p00_26p00,1
834,10.000,26.000,0.500,0.000,H_y26.0_x-20.0_20.0_fwd,H_y26.0_x-20.0_20.0_fwd,straight,bidirectional,J_m20p00_26p00,J_20p00_26p00,1
835,10.500,26.000,0.500,0.000,H_y26.0_x-20.0_20.0_fwd,H_y26.0_x-20.0_20.0_fwd,straight,bidirectional,J_m20p00_26p00,J_20p00_26p00,1
836,11.000,26.000,0.500,0.000,H_y26.0_x-20.0_20.0_fwd,H_y26.0_x-20.0_20.0_fwd,straight,bidirectional,J_m20p00_26p00,J_20p00_26p00,1
837,11.500,26.000,0.500,0.000,H_y26.0_x-20.0_20.0_fwd,H_y26.0_x-20.0_20.0_fwd,straight,bidirectional,J_m20p00_26p00,J_20p00_26p00,1
838,12.000,26.000,0.500,0.000,H_y26.0_x-20.0_20.0_fwd,H_y26.0_x-20.0_20.0_fwd,straight,bidirectional,J_m20p00_26p00,J_20p00_26p00,1
839,12.500,26.000,0.500,0.000,H_y26.0_x-20.0_20.0_fwd,H_y26.0_x-20.0_20.0_fwd,straight,bidirectional,J_m20p00_26p00,J_20p00_26p00,1
840,13.000,26.000,0.500,0.000,H_y26.0_x-20.0_20.0_fwd,H_y26.0_x-20.0_20.0_fwd,straight,bidirectional,J_m20p00_26p00,J_20p00_26p00,1
841,13.500,26.000,0.500,0.000,H_y26.0_x-20.0_20.0_fwd,H_y26.0_x-20.0_20.0_fwd,straight,bidirectional,J_m20p00_26p00,J_20p00_26p00,1
842,14.000,26.000,0.500,0.000,H_y26.0_x-20.0_20.0_fwd,H_y26.0_x-20.0_20.0_fwd,straight,bidirectional,J_m20p00_26p00,J_20p00_26p00,1
843,14.500,26.000,0.500,0.000,H_y26.0_x-20.0_20.0_fwd,H_y26.0_x-20.0_20.0_fwd,straight,bidirectional,J_m20p00_26p00,J_20p00_26p00,1
844,15.000,26.000,0.500,0.000,H_y26.0_x-20.0_20.0_fwd,H_y26.0_x-20.0_20.0_fwd,straight,bidirectional,J_m20p00_26p00,J_20p00_26p00,1
845,15.500,26.000,0.500,0.000,H_y26.0_x-20.0_20.0_fwd,H_y26.0_x-20.0_20.0_fwd,straight,bidirectional,J_m20p00_26p00,J_20p00_26p00,1
846,16.000,26.000,0.500,0.000,H_y26.0_x-20.0_20.0_fwd,H_y26.0_x-20.0_20.0_fwd,straight,bidirectional,J_m20p00_26p00,J_20p00_26p00,1
847,16.500,26.000,0.500,0.000,H_y26.0_x-20.0_20.0_fwd,H_y26.0_x-20.0_20.0_fwd,straight,bidirectional,J_m20p00_26p00,J_20p00_26p00,1
848,17.000,26.000,0.500,0.000,H_y26.0_x-20.0_20.0_fwd,H_y26.0_x-20.0_20.0_fwd,straight,bidirectional,J_m20p00_26p00,J_20p00_26p00,1
849,17.500,26.000,0.500,0.000,H_y26.0_x-20.0_20.0_fwd,H_y26.0_x-20.0_20.0_fwd,straight,bidirectional,J_m20p00_26p00,J_20p00_26p00,1
850,18.000,26.000,0.500,0.000,H_y26.0_x-20.0_20.0_fwd,H_y26.0_x-20.0_20.0_fwd,straight,bidirectional,J_m20p00_26p00,J_20p00_26p00,1
851,18.500,26.000,0.500,0.000,H_y26.0_x-20.0_20.0_fwd,H_y26.0_x-20.0_20.0_fwd,straight,bidirectional,J_m20p00_26p00,J_20p00_26p00,1
852,19.000,26.000,0.500,0.000,H_y26.0_x-20.0_20.0_fwd,H_y26.0_x-20.0_20.0_fwd,straight,bidirectional,J_m20p00_26p00,J_20p00_26p00,1
853,19.500,26.000,0.500,0.000,H_y26.0_x-20.0_20.0_fwd,H_y26.0_x-20.0_20.0_fwd,straight,bidirectional,J_m20p00_26p00,J_20p00_26p00,1
854,20.000,26.000,0.500,0.000,H_y26.0_x-20.0_20.0_fwd,H_y26.0_x-20.0_20.0_fwd,straight,bidirectional,J_m20p00_26p00,J_20p00_26p00,0
855,-20.000,26.000,0.500,-90.000,V_x-20.0_y-3.0_26.0_rev,V_x-20.0_y-3.0_26.0_rev,straight,bidirectional,J_m20p00_26p00,J_m20p00_m3p00,1
856,-20.000,25.500,0.500,-90.000,V_x-20.0_y-3.0_26.0_rev,V_x-20.0_y-3.0_26.0_rev,straight,bidirectional,J_m20p00_26p00,J_m20p00_m3p00,1
857,-20.000,25.000,0.500,-90.000,V_x-20.0_y-3.0_26.0_rev,V_x-20.0_y-3.0_26.0_rev,straight,bidirectional,J_m20p00_26p00,J_m20p00_m3p00,1
858,-20.000,24.500,0.500,-90.000,V_x-20.0_y-3.0_26.0_rev,V_x-20.0_y-3.0_26.0_rev,straight,bidirectional,J_m20p00_26p00,J_m20p00_m3p00,1
859,-20.000,24.000,0.500,-90.000,V_x-20.0_y-3.0_26.0_rev,V_x-20.0_y-3.0_26.0_rev,straight,bidirectional,J_m20p00_26p00,J_m20p00_m3p00,1
860,-20.000,23.500,0.500,-90.000,V_x-20.0_y-3.0_26.0_rev,V_x-20.0_y-3.0_26.0_rev,straight,bidirectional,J_m20p00_26p00,J_m20p00_m3p00,1
861,-20.000,23.000,0.500,-90.000,V_x-20.0_y-3.0_26.0_rev,V_x-20.0_y-3.0_26.0_rev,straight,bidirectional,J_m20p00_26p00,J_m20p00_m3p00,1
862,-20.000,22.500,0.500,-90.000,V_x-20.0_y-3.0_26.0_rev,V_x-20.0_y-3.0_26.0_rev,straight,bidirectional,J_m20p00_26p00,J_m20p00_m3p00,1
863,-20.000,22.000,0.500,-90.000,V_x-20.0_y-3.0_26.0_rev,V_x-20.0_y-3.0_26.0_rev,straight,bidirectional,J_m20p00_26p00,J_m20p00_m3p00,1
864,-20.000,21.500,0.500,-90.000,V_x-20.0_y-3.0_26.0_rev,V_x-20.0_y-3.0_26.0_rev,straight,bidirectional,J_m20p00_26p00,J_m20p00_m3p00,1
865,-20.000,21.000,0.500,-90.000,V_x-20.0_y-3.0_26.0_rev,V_x-20.0_y-3.0_26.0_rev,straight,bidirectional,J_m20p00_26p00,J_m20p00_m3p00,1
866,-20.000,20.500,0.500,-90.000,V_x-20.0_y-3.0_26.0_rev,V_x-20.0_y-3.0_26.0_rev,straight,bidirectional,J_m20p00_26p00,J_m20p00_m3p00,1
867,-20.000,20.000,0.500,-90.000,V_x-20.0_y-3.0_26.0_rev,V_x-20.0_y-3.0_26.0_rev,straight,bidirectional,J_m20p00_26p00,J_m20p00_m3p00,1
868,-20.000,19.500,0.500,-90.000,V_x-20.0_y-3.0_26.0_rev,V_x-20.0_y-3.0_26.0_rev,straight,bidirectional,J_m20p00_26p00,J_m20p00_m3p00,1
869,-20.000,19.000,0.500,-90.000,V_x-20.0_y-3.0_26.0_rev,V_x-20.0_y-3.0_26.0_rev,straight,bidirectional,J_m20p00_26p00,J_m20p00_m3p00,1
870,-20.000,18.500,0.500,-90.000,V_x-20.0_y-3.0_26.0_rev,V_x-20.0_y-3.0_26.0_rev,straight,bidirectional,J_m20p00_26p00,J_m20p00_m3p00,1
871,-20.000,18.000,0.500,-90.000,V_x-20.0_y-3.0_26.0_rev,V_x-20.0_y-3.0_26.0_rev,straight,bidirectional,J_m20p00_26p00,J_m20p00_m3p00,1
872,-20.000,17.500,0.500,-90.000,V_x-20.0_y-3.0_26.0_rev,V_x-20.0_y-3.0_26.0_rev,straight,bidirectional,J_m20p00_26p00,J_m20p00_m3p00,1
873,-20.000,17.000,0.500,-90.000,V_x-20.0_y-3.0_26.0_rev,V_x-20.0_y-3.0_26.0_rev,straight,bidirectional,J_m20p00_26p00,J_m20p00_m3p00,1
874,-20.000,16.500,0.500,-90.000,V_x-20.0_y-3.0_26.0_rev,V_x-20.0_y-3.0_26.0_rev,straight,bidirectional,J_m20p00_26p00,J_m20p00_m3p00,1
875,-20.000,16.000,0.500,-90.000,V_x-20.0_y-3.0_26.0_rev,V_x-20.0_y-3.0_26.0_rev,straight,bidirectional,J_m20p00_26p00,J_m20p00_m3p00,1
876,-20.000,15.500,0.500,-90.000,V_x-20.0_y-3.0_26.0_rev,V_x-20.0_y-3.0_26.0_rev,straight,bidirectional,J_m20p00_26p00,J_m20p00_m3p00,1
877,-20.000,15.000,0.500,-90.000,V_x-20.0_y-3.0_26.0_rev,V_x-20.0_y-3.0_26.0_rev,straight,bidirectional,J_m20p00_26p00,J_m20p00_m3p00,1
878,-20.000,14.500,0.500,-90.000,V_x-20.0_y-3.0_26.0_rev,V_x-20.0_y-3.0_26.0_rev,straight,bidirectional,J_m20p00_26p00,J_m20p00_m3p00,1
879,-20.000,14.000,0.500,-90.000,V_x-20.0_y-3.0_26.0_rev,V_x-20.0_y-3.0_26.0_rev,straight,bidirectional,J_m20p00_26p00,J_m20p00_m3p00,1
880,-20.000,13.500,0.500,-90.000,V_x-20.0_y-3.0_26.0_rev,V_x-20.0_y-3.0_26.0_rev,straight,bidirectional,J_m20p00_26p00,J_m20p00_m3p00,1
881,-20.000,13.000,0.500,-90.000,V_x-20.0_y-3.0_26.0_rev,V_x-20.0_y-3.0_26.0_rev,straight,bidirectional,J_m20p00_26p00,J_m20p00_m3p00,1
882,-20.000,12.500,0.500,-90.000,V_x-20.0_y-3.0_26.0_rev,V_x-20.0_y-3.0_26.0_rev,straight,bidirectional,J_m20p00_26p00,J_m20p00_m3p00,1
883,-20.000,12.000,0.500,-90.000,V_x-20.0_y-3.0_26.0_rev,V_x-20.0_y-3.0_26.0_rev,straight,bidirectional,J_m20p00_26p00,J_m20p00_m3p00,1
884,-20.000,11.500,0.500,-90.000,V_x-20.0_y-3.0_26.0_rev,V_x-20.0_y-3.0_26.0_rev,straight,bidirectional,J_m20p00_26p00,J_m20p00_m3p00,1
885,-20.000,11.000,0.500,-90.000,V_x-20.0_y-3.0_26.0_rev,V_x-20.0_y-3.0_26.0_rev,straight,bidirectional,J_m20p00_26p00,J_m20p00_m3p00,1
886,-20.000,10.500,0.500,-90.000,V_x-20.0_y-3.0_26.0_rev,V_x-20.0_y-3.0_26.0_rev,straight,bidirectional,J_m20p00_26p00,J_m20p00_m3p00,1
887,-20.000,10.000,0.500,-90.000,V_x-20.0_y-3.0_26.0_rev,V_x-20.0_y-3.0_26.0_rev,straight,bidirectional,J_m20p00_26p00,J_m20p00_m3p00,1
888,-20.000,9.500,0.500,-90.000,V_x-20.0_y-3.0_26.0_rev,V_x-20.0_y-3.0_26.0_rev,straight,bidirectional,J_m20p00_26p00,J_m20p00_m3p00,1
889,-20.000,9.000,0.500,-90.000,V_x-20.0_y-3.0_26.0_rev,V_x-20.0_y-3.0_26.0_rev,straight,bidirectional,J_m20p00_26p00,J_m20p00_m3p00,1
890,-20.000,8.500,0.500,-90.000,V_x-20.0_y-3.0_26.0_rev,V_x-20.0_y-3.0_26.0_rev,straight,bidirectional,J_m20p00_26p00,J_m20p00_m3p00,1
891,-20.000,8.000,0.500,-90.000,V_x-20.0_y-3.0_26.0_rev,V_x-20.0_y-3.0_26.0_rev,straight,bidirectional,J_m20p00_26p00,J_m20p00_m3p00,1
892,-20.000,7.500,0.500,-90.000,V_x-20.0_y-3.0_26.0_rev,V_x-20.0_y-3.0_26.0_rev,straight,bidirectional,J_m20p00_26p00,J_m20p00_m3p00,1
893,-20.000,7.000,0.500,-90.000,V_x-20.0_y-3.0_26.0_rev,V_x-20.0_y-3.0_26.0_rev,straight,bidirectional,J_m20p00_26p00,J_m20p00_m3p00,1
894,-20.000,6.500,0.500,-90.000,V_x-20.0_y-3.0_26.0_rev,V_x-20.0_y-3.0_26.0_rev,straight,bidirectional,J_m20p00_26p00,J_m20p00_m3p00,1
895,-20.000,6.000,0.500,-90.000,V_x-20.0_y-3.0_26.0_rev,V_x-20.0_y-3.0_26.0_rev,straight,bidirectional,J_m20p00_26p00,J_m20p00_m3p00,1
896,-20.000,5.500,0.500,-90.000,V_x-20.0_y-3.0_26.0_rev,V_x-20.0_y-3.0_26.0_rev,straight,bidirectional,J_m20p00_26p00,J_m20p00_m3p00,1
897,-20.000,5.000,0.500,-90.000,V_x-20.0_y-3.0_26.0_rev,V_x-20.0_y-3.0_26.0_rev,straight,bidirectional,J_m20p00_26p00,J_m20p00_m3p00,1
898,-20.000,4.500,0.500,-90.000,V_x-20.0_y-3.0_26.0_rev,V_x-20.0_y-3.0_26.0_rev,straight,bidirectional,J_m20p00_26p00,J_m20p00_m3p00,1
899,-20.000,4.000,0.500,-90.000,V_x-20.0_y-3.0_26.0_rev,V_x-20.0_y-3.0_26.0_rev,straight,bidirectional,J_m20p00_26p00,J_m20p00_m3p00,1
900,-20.000,3.500,0.500,-90.000,V_x-20.0_y-3.0_26.0_rev,V_x-20.0_y-3.0_26.0_rev,straight,bidirectional,J_m20p00_26p00,J_m20p00_m3p00,1
901,-20.000,3.000,0.500,-90.000,V_x-20.0_y-3.0_26.0_rev,V_x-20.0_y-3.0_26.0_rev,straight,bidirectional,J_m20p00_26p00,J_m20p00_m3p00,1
902,-20.000,2.500,0.500,-90.000,V_x-20.0_y-3.0_26.0_rev,V_x-20.0_y-3.0_26.0_rev,straight,bidirectional,J_m20p00_26p00,J_m20p00_m3p00,1
903,-20.000,2.000,0.500,-90.000,V_x-20.0_y-3.0_26.0_rev,V_x-20.0_y-3.0_26.0_rev,straight,bidirectional,J_m20p00_26p00,J_m20p00_m3p00,1
904,-20.000,1.500,0.500,-90.000,V_x-20.0_y-3.0_26.0_rev,V_x-20.0_y-3.0_26.0_rev,straight,bidirectional,J_m20p00_26p00,J_m20p00_m3p00,1
905,-20.000,1.000,0.500,-90.000,V_x-20.0_y-3.0_26.0_rev,V_x-20.0_y-3.0_26.0_rev,straight,bidirectional,J_m20p00_26p00,J_m20p00_m3p00,1
906,-20.000,0.500,0.500,-90.000,V_x-20.0_y-3.0_26.0_rev,V_x-20.0_y-3.0_26.0_rev,straight,bidirectional,J_m20p00_26p00,J_m20p00_m3p00,1
907,-20.000,0.000,0.500,-90.000,V_x-20.0_y-3.0_26.0_rev,V_x-20.0_y-3.0_26.0_rev,straight,bidirectional,J_m20p00_26p00,J_m20p00_m3p00,1
908,-20.000,-0.500,0.500,-90.000,V_x-20.0_y-3.0_26.0_rev,V_x-20.0_y-3.0_26.0_rev,straight,bidirectional,J_m20p00_26p00,J_m20p00_m3p00,1
909,-20.000,-1.000,0.500,-90.000,V_x-20.0_y-3.0_26.0_rev,V_x-20.0_y-3.0_26.0_rev,straight,bidirectional,J_m20p00_26p00,J_m20p00_m3p00,1
910,-20.000,-1.500,0.500,-90.000,V_x-20.0_y-3.0_26.0_rev,V_x-20.0_y-3.0_26.0_rev,straight,bidirectional,J_m20p00_26p00,J_m20p00_m3p00,1
911,-20.000,-2.000,0.500,-90.000,V_x-20.0_y-3.0_26.0_rev,V_x-20.0_y-3.0_26.0_rev,straight,bidirectional,J_m20p00_26p00,J_m20p00_m3p00,1
912,-20.000,-2.500,0.500,-90.000,V_x-20.0_y-3.0_26.0_rev,V_x-20.0_y-3.0_26.0_rev,straight,bidirectional,J_m20p00_26p00,J_m20p00_m3p00,1
913,-20.000,-3.000,0.500,-90.000,V_x-20.0_y-3.0_26.0_rev,V_x-20.0_y-3.0_26.0_rev,straight,bidirectional,J_m20p00_26p00,J_m20p00_m3p00,0
914,-20.000,26.000,0.500,90.000,V_x-20.0_y26.0_48.0_fwd,V_x-20.0_y26.0_48.0_fwd,straight,bidirectional,J_m20p00_26p00,J_m20p00_48p00,1
915,-20.000,26.500,0.500,90.000,V_x-20.0_y26.0_48.0_fwd,V_x-20.0_y26.0_48.0_fwd,straight,bidirectional,J_m20p00_26p00,J_m20p00_48p00,1
916,-20.000,27.000,0.500,90.000,V_x-20.0_y26.0_48.0_fwd,V_x-20.0_y26.0_48.0_fwd,straight,bidirectional,J_m20p00_26p00,J_m20p00_48p00,1
917,-20.000,27.500,0.500,90.000,V_x-20.0_y26.0_48.0_fwd,V_x-20.0_y26.0_48.0_fwd,straight,bidirectional,J_m20p00_26p00,J_m20p00_48p00,1
918,-20.000,28.000,0.500,90.000,V_x-20.0_y26.0_48.0_fwd,V_x-20.0_y26.0_48.0_fwd,straight,bidirectional,J_m20p00_26p00,J_m20p00_48p00,1
919,-20.000,28.500,0.500,90.000,V_x-20.0_y26.0_48.0_fwd,V_x-20.0_y26.0_48.0_fwd,straight,bidirectional,J_m20p00_26p00,J_m20p00_48p00,1
920,-20.000,29.000,0.500,90.000,V_x-20.0_y26.0_48.0_fwd,V_x-20.0_y26.0_48.0_fwd,straight,bidirectional,J_m20p00_26p00,J_m20p00_48p00,1
921,-20.000,29.500,0.500,90.000,V_x-20.0_y26.0_48.0_fwd,V_x-20.0_y26.0_48.0_fwd,straight,bidirectional,J_m20p00_26p00,J_m20p00_48p00,1
922,-20.000,30.000,0.500,90.000,V_x-20.0_y26.0_48.0_fwd,V_x-20.0_y26.0_48.0_fwd,straight,bidirectional,J_m20p00_26p00,J_m20p00_48p00,1
923,-20.000,30.500,0.500,90.000,V_x-20.0_y26.0_48.0_fwd,V_x-20.0_y26.0_48.0_fwd,straight,bidirectional,J_m20p00_26p00,J_m20p00_48p00,1
924,-20.000,31.000,0.500,90.000,V_x-20.0_y26.0_48.0_fwd,V_x-20.0_y26.0_48.0_fwd,straight,bidirectional,J_m20p00_26p00,J_m20p00_48p00,1
925,-20.000,31.500,0.500,90.000,V_x-20.0_y26.0_48.0_fwd,V_x-20.0_y26.0_48.0_fwd,straight,bidirectional,J_m20p00_26p00,J_m20p00_48p00,1
926,-20.000,32.000,0.500,90.000,V_x-20.0_y26.0_48.0_fwd,V_x-20.0_y26.0_48.0_fwd,straight,bidirectional,J_m20p00_26p00,J_m20p00_48p00,1
927,-20.000,32.500,0.500,90.000,V_x-20.0_y26.0_48.0_fwd,V_x-20.0_y26.0_48.0_fwd,straight,bidirectional,J_m20p00_26p00,J_m20p00_48p00,1
928,-20.000,33.000,0.500,90.000,V_x-20.0_y26.0_48.0_fwd,V_x-20.0_y26.0_48.0_fwd,straight,bidirectional,J_m20p00_26p00,J_m20p00_48p00,1
929,-20.000,33.500,0.500,90.000,V_x-20.0_y26.0_48.0_fwd,V_x-20.0_y26.0_48.0_fwd,straight,bidirectional,J_m20p00_26p00,J_m20p00_48p00,1
930,-20.000,34.000,0.500,90.000,V_x-20.0_y26.0_48.0_fwd,V_x-20.0_y26.0_48.0_fwd,straight,bidirectional,J_m20p00_26p00,J_m20p00_48p00,1
931,-20.000,34.500,0.500,90.000,V_x-20.0_y26.0_48.0_fwd,V_x-20.0_y26.0_48.0_fwd,straight,bidirectional,J_m20p00_26p00,J_m20p00_48p00,1
932,-20.000,35.000,0.500,90.000,V_x-20.0_y26.0_48.0_fwd,V_x-20.0_y26.0_48.0_fwd,straight,bidirectional,J_m20p00_26p00,J_m20p00_48p00,1
933,-20.000,35.500,0.500,90.000,V_x-20.0_y26.0_48.0_fwd,V_x-20.0_y26.0_48.0_fwd,straight,bidirectional,J_m20p00_26p00,J_m20p00_48p00,1
934,-20.000,36.000,0.500,90.000,V_x-20.0_y26.0_48.0_fwd,V_x-20.0_y26.0_48.0_fwd,straight,bidirectional,J_m20p00_26p00,J_m20p00_48p00,1
935,-20.000,36.500,0.500,90.000,V_x-20.0_y26.0_48.0_fwd,V_x-20.0_y26.0_48.0_fwd,straight,bidirectional,J_m20p00_26p00,J_m20p00_48p00,1
936,-20.000,37.000,0.500,90.000,V_x-20.0_y26.0_48.0_fwd,V_x-20.0_y26.0_48.0_fwd,straight,bidirectional,J_m20p00_26p00,J_m20p00_48p00,1
937,-20.000,37.500,0.500,90.000,V_x-20.0_y26.0_48.0_fwd,V_x-20.0_y26.0_48.0_fwd,straight,bidirectional,J_m20p00_26p00,J_m20p00_48p00,1
938,-20.000,38.000,0.500,90.000,V_x-20.0_y26.0_48.0_fwd,V_x-20.0_y26.0_48.0_fwd,straight,bidirectional,J_m20p00_26p00,J_m20p00_48p00,1
939,-20.000,38.500,0.500,90.000,V_x-20.0_y26.0_48.0_fwd,V_x-20.0_y26.0_48.0_fwd,straight,bidirectional,J_m20p00_26p00,J_m20p00_48p00,1
940,-20.000,39.000,0.500,90.000,V_x-20.0_y26.0_48.0_fwd,V_x-20.0_y26.0_48.0_fwd,straight,bidirectional,J_m20p00_26p00,J_m20p00_48p00,1
941,-20.000,39.500,0.500,90.000,V_x-20.0_y26.0_48.0_fwd,V_x-20.0_y26.0_48.0_fwd,straight,bidirectional,J_m20p00_26p00,J_m20p00_48p00,1
942,-20.000,40.000,0.500,90.000,V_x-20.0_y26.0_48.0_fwd,V_x-20.0_y26.0_48.0_fwd,straight,bidirectional,J_m20p00_26p00,J_m20p00_48p00,1
943,-20.000,40.500,0.500,90.000,V_x-20.0_y26.0_48.0_fwd,V_x-20.0_y26.0_48.0_fwd,straight,bidirectional,J_m20p00_26p00,J_m20p00_48p00,1
944,-20.000,41.000,0.500,90.000,V_x-20.0_y26.0_48.0_fwd,V_x-20.0_y26.0_48.0_fwd,straight,bidirectional,J_m20p00_26p00,J_m20p00_48p00,1
945,-20.000,41.500,0.500,90.000,V_x-20.0_y26.0_48.0_fwd,V_x-20.0_y26.0_48.0_fwd,straight,bidirectional,J_m20p00_26p00,J_m20p00_48p00,1
946,-20.000,42.000,0.500,90.000,V_x-20.0_y26.0_48.0_fwd,V_x-20.0_y26.0_48.0_fwd,straight,bidirectional,J_m20p00_26p00,J_m20p00_48p00,1
947,-20.000,42.500,0.500,90.000,V_x-20.0_y26.0_48.0_fwd,V_x-20.0_y26.0_48.0_fwd,straight,bidirectional,J_m20p00_26p00,J_m20p00_48p00,1
948,-20.000,43.000,0.500,90.000,V_x-20.0_y26.0_48.0_fwd,V_x-20.0_y26.0_48.0_fwd,straight,bidirectional,J_m20p00_26p00,J_m20p00_48p00,1
949,-20.000,43.500,0.500,90.000,V_x-20.0_y26.0_48.0_fwd,V_x-20.0_y26.0_48.0_fwd,straight,bidirectional,J_m20p00_26p00,J_m20p00_48p00,1
950,-20.000,44.000,0.500,90.000,V_x-20.0_y26.0_48.0_fwd,V_x-20.0_y26.0_48.0_fwd,straight,bidirectional,J_m20p00_26p00,J_m20p00_48p00,1
951,-20.000,44.500,0.500,90.000,V_x-20.0_y26.0_48.0_fwd,V_x-20.0_y26.0_48.0_fwd,straight,bidirectional,J_m20p00_26p00,J_m20p00_48p00,1
952,-20.000,45.000,0.500,90.000,V_x-20.0_y26.0_48.0_fwd,V_x-20.0_y26.0_48.0_fwd,straight,bidirectional,J_m20p00_26p00,J_m20p00_48p00,1
953,-20.000,45.500,0.500,90.000,V_x-20.0_y26.0_48.0_fwd,V_x-20.0_y26.0_48.0_fwd,straight,bidirectional,J_m20p00_26p00,J_m20p00_48p00,1
954,-20.000,46.000,0.500,90.000,V_x-20.0_y26.0_48.0_fwd,V_x-20.0_y26.0_48.0_fwd,straight,bidirectional,J_m20p00_26p00,J_m20p00_48p00,1
955,-20.000,46.500,0.500,90.000,V_x-20.0_y26.0_48.0_fwd,V_x-20.0_y26.0_48.0_fwd,straight,bidirectional,J_m20p00_26p00,J_m20p00_48p00,1
956,-20.000,47.000,0.500,90.000,V_x-20.0_y26.0_48.0_fwd,V_x-20.0_y26.0_48.0_fwd,straight,bidirectional,J_m20p00_26p00,J_m20p00_48p00,1
957,-20.000,47.500,0.500,90.000,V_x-20.0_y26.0_48.0_fwd,V_x-20.0_y26.0_48.0_fwd,straight,bidirectional,J_m20p00_26p00,J_m20p00_48p00,1
958,-20.000,48.000,0.500,90.000,V_x-20.0_y26.0_48.0_fwd,V_x-20.0_y26.0_48.0_fwd,straight,bidirectional,J_m20p00_26p00,J_m20p00_48p00,0
959,-20.000,-3.000,0.500,180.000,H_y-3.0_x-40.0_-20.0_rev,H_y-3.0_x-40.0_-20.0_rev,straight,bidirectional,J_m20p00_m3p00,J_m40p00_m3p00,1
960,-20.500,-3.000,0.500,180.000,H_y-3.0_x-40.0_-20.0_rev,H_y-3.0_x-40.0_-20.0_rev,straight,bidirectional,J_m20p00_m3p00,J_m40p00_m3p00,1
961,-21.000,-3.000,0.500,180.000,H_y-3.0_x-40.0_-20.0_rev,H_y-3.0_x-40.0_-20.0_rev,straight,bidirectional,J_m20p00_m3p00,J_m40p00_m3p00,1
962,-21.500,-3.000,0.500,180.000,H_y-3.0_x-40.0_-20.0_rev,H_y-3.0_x-40.0_-20.0_rev,straight,bidirectional,J_m20p00_m3p00,J_m40p00_m3p00,1
963,-22.000,-3.000,0.500,180.000,H_y-3.0_x-40.0_-20.0_rev,H_y-3.0_x-40.0_-20.0_rev,straight,bidirectional,J_m20p00_m3p00,J_m40p00_m3p00,1
964,-22.500,-3.000,0.500,180.000,H_y-3.0_x-40.0_-20.0_rev,H_y-3.0_x-40.0_-20.0_rev,straight,bidirectional,J_m20p00_m3p00,J_m40p00_m3p00,1
965,-23.000,-3.000,0.500,180.000,H_y-3.0_x-40.0_-20.0_rev,H_y-3.0_x-40.0_-20.0_rev,straight,bidirectional,J_m20p00_m3p00,J_m40p00_m3p00,1
966,-23.500,-3.000,0.500,180.000,H_y-3.0_x-40.0_-20.0_rev,H_y-3.0_x-40.0_-20.0_rev,straight,bidirectional,J_m20p00_m3p00,J_m40p00_m3p00,1
967,-24.000,-3.000,0.500,180.000,H_y-3.0_x-40.0_-20.0_rev,H_y-3.0_x-40.0_-20.0_rev,straight,bidirectional,J_m20p00_m3p00,J_m40p00_m3p00,1
968,-24.500,-3.000,0.500,180.000,H_y-3.0_x-40.0_-20.0_rev,H_y-3.0_x-40.0_-20.0_rev,straight,bidirectional,J_m20p00_m3p00,J_m40p00_m3p00,1
969,-25.000,-3.000,0.500,180.000,H_y-3.0_x-40.0_-20.0_rev,H_y-3.0_x-40.0_-20.0_rev,straight,bidirectional,J_m20p00_m3p00,J_m40p00_m3p00,1
970,-25.500,-3.000,0.500,180.000,H_y-3.0_x-40.0_-20.0_rev,H_y-3.0_x-40.0_-20.0_rev,straight,bidirectional,J_m20p00_m3p00,J_m40p00_m3p00,1
971,-26.000,-3.000,0.500,180.000,H_y-3.0_x-40.0_-20.0_rev,H_y-3.0_x-40.0_-20.0_rev,straight,bidirectional,J_m20p00_m3p00,J_m40p00_m3p00,1
972,-26.500,-3.000,0.500,180.000,H_y-3.0_x-40.0_-20.0_rev,H_y-3.0_x-40.0_-20.0_rev,straight,bidirectional,J_m20p00_m3p00,J_m40p00_m3p00,1
973,-27.000,-3.000,0.500,180.000,H_y-3.0_x-40.0_-20.0_rev,H_y-3.0_x-40.0_-20.0_rev,straight,bidirectional,J_m20p00_m3p00,J_m40p00_m3p00,1
974,-27.500,-3.000,0.500,180.000,H_y-3.0_x-40.0_-20.0_rev,H_y-3.0_x-40.0_-20.0_rev,straight,bidirectional,J_m20p00_m3p00,J_m40p00_m3p00,1
975,-28.000,-3.000,0.500,180.000,H_y-3.0_x-40.0_-20.0_rev,H_y-3.0_x-40.0_-20.0_rev,straight,bidirectional,J_m20p00_m3p00,J_m40p00_m3p00,1
976,-28.500,-3.000,0.500,180.000,H_y-3.0_x-40.0_-20.0_rev,H_y-3.0_x-40.0_-20.0_rev,straight,bidirectional,J_m20p00_m3p00,J_m40p00_m3p00,1
977,-29.000,-3.000,0.500,180.000,H_y-3.0_x-40.0_-20.0_rev,H_y-3.0_x-40.0_-20.0_rev,straight,bidirectional,J_m20p00_m3p00,J_m40p00_m3p00,1
978,-29.500,-3.000,0.500,180.000,H_y-3.0_x-40.0_-20.0_rev,H_y-3.0_x-40.0_-20.0_rev,straight,bidirectional,J_m20p00_m3p00,J_m40p00_m3p00,1
979,-30.000,-3.000,0.500,180.000,H_y-3.0_x-40.0_-20.0_rev,H_y-3.0_x-40.0_-20.0_rev,straight,bidirectional,J_m20p00_m3p00,J_m40p00_m3p00,1
980,-30.500,-3.000,0.500,180.000,H_y-3.0_x-40.0_-20.0_rev,H_y-3.0_x-40.0_-20.0_rev,straight,bidirectional,J_m20p00_m3p00,J_m40p00_m3p00,1
981,-31.000,-3.000,0.500,180.000,H_y-3.0_x-40.0_-20.0_rev,H_y-3.0_x-40.0_-20.0_rev,straight,bidirectional,J_m20p00_m3p00,J_m40p00_m3p00,1
982,-31.500,-3.000,0.500,180.000,H_y-3.0_x-40.0_-20.0_rev,H_y-3.0_x-40.0_-20.0_rev,straight,bidirectional,J_m20p00_m3p00,J_m40p00_m3p00,1
983,-32.000,-3.000,0.500,180.000,H_y-3.0_x-40.0_-20.0_rev,H_y-3.0_x-40.0_-20.0_rev,straight,bidirectional,J_m20p00_m3p00,J_m40p00_m3p00,1
984,-32.500,-3.000,0.500,180.000,H_y-3.0_x-40.0_-20.0_rev,H_y-3.0_x-40.0_-20.0_rev,straight,bidirectional,J_m20p00_m3p00,J_m40p00_m3p00,1
985,-33.000,-3.000,0.500,180.000,H_y-3.0_x-40.0_-20.0_rev,H_y-3.0_x-40.0_-20.0_rev,straight,bidirectional,J_m20p00_m3p00,J_m40p00_m3p00,1
986,-33.500,-3.000,0.500,180.000,H_y-3.0_x-40.0_-20.0_rev,H_y-3.0_x-40.0_-20.0_rev,straight,bidirectional,J_m20p00_m3p00,J_m40p00_m3p00,1
987,-34.000,-3.000,0.500,180.000,H_y-3.0_x-40.0_-20.0_rev,H_y-3.0_x-40.0_-20.0_rev,straight,bidirectional,J_m20p00_m3p00,J_m40p00_m3p00,1
988,-34.500,-3.000,0.500,180.000,H_y-3.0_x-40.0_-20.0_rev,H_y-3.0_x-40.0_-20.0_rev,straight,bidirectional,J_m20p00_m3p00,J_m40p00_m3p00,1
989,-35.000,-3.000,0.500,180.000,H_y-3.0_x-40.0_-20.0_rev,H_y-3.0_x-40.0_-20.0_rev,straight,bidirectional,J_m20p00_m3p00,J_m40p00_m3p00,1
990,-35.500,-3.000,0.500,180.000,H_y-3.0_x-40.0_-20.0_rev,H_y-3.0_x-40.0_-20.0_rev,straight,bidirectional,J_m20p00_m3p00,J_m40p00_m3p00,1
991,-36.000,-3.000,0.500,180.000,H_y-3.0_x-40.0_-20.0_rev,H_y-3.0_x-40.0_-20.0_rev,straight,bidirectional,J_m20p00_m3p00,J_m40p00_m3p00,1
992,-36.500,-3.000,0.500,180.000,H_y-3.0_x-40.0_-20.0_rev,H_y-3.0_x-40.0_-20.0_rev,straight,bidirectional,J_m20p00_m3p00,J_m40p00_m3p00,1
993,-37.000,-3.000,0.500,180.000,H_y-3.0_x-40.0_-20.0_rev,H_y-3.0_x-40.0_-20.0_rev,straight,bidirectional,J_m20p00_m3p00,J_m40p00_m3p00,1
994,-37.500,-3.000,0.500,180.000,H_y-3.0_x-40.0_-20.0_rev,H_y-3.0_x-40.0_-20.0_rev,straight,bidirectional,J_m20p00_m3p00,J_m40p00_m3p00,1
995,-38.000,-3.000,0.500,180.000,H_y-3.0_x-40.0_-20.0_rev,H_y-3.0_x-40.0_-20.0_rev,straight,bidirectional,J_m20p00_m3p00,J_m40p00_m3p00,1
996,-38.500,-3.000,0.500,180.000,H_y-3.0_x-40.0_-20.0_rev,H_y-3.0_x-40.0_-20.0_rev,straight,bidirectional,J_m20p00_m3p00,J_m40p00_m3p00,1
997,-39.000,-3.000,0.500,180.000,H_y-3.0_x-40.0_-20.0_rev,H_y-3.0_x-40.0_-20.0_rev,straight,bidirectional,J_m20p00_m3p00,J_m40p00_m3p00,1
998,-39.500,-3.000,0.500,180.000,H_y-3.0_x-40.0_-20.0_rev,H_y-3.0_x-40.0_-20.0_rev,straight,bidirectional,J_m20p00_m3p00,J_m40p00_m3p00,1
999,-40.000,-3.000,0.500,180.000,H_y-3.0_x-40.0_-20.0_rev,H_y-3.0_x-40.0_-20.0_rev,straight,bidirectional,J_m20p00_m3p00,J_m40p00_m3p00,0
1000,-20.000,-3.000,0.500,0.000,H_y-3.0_x-20.0_20.0_fwd,H_y-3.0_x-20.0_20.0_fwd,straight,bidirectional,J_m20p00_m3p00,J_20p00_m3p00,1
1001,-19.500,-3.000,0.500,0.000,H_y-3.0_x-20.0_20.0_fwd,H_y-3.0_x-20.0_20.0_fwd,straight,bidirectional,J_m20p00_m3p00,J_20p00_m3p00,1
1002,-19.000,-3.000,0.500,0.000,H_y-3.0_x-20.0_20.0_fwd,H_y-3.0_x-20.0_20.0_fwd,straight,bidirectional,J_m20p00_m3p00,J_20p00_m3p00,1
1003,-18.500,-3.000,0.500,0.000,H_y-3.0_x-20.0_20.0_fwd,H_y-3.0_x-20.0_20.0_fwd,straight,bidirectional,J_m20p00_m3p00,J_20p00_m3p00,1
1004,-18.000,-3.000,0.500,0.000,H_y-3.0_x-20.0_20.0_fwd,H_y-3.0_x-20.0_20.0_fwd,straight,bidirectional,J_m20p00_m3p00,J_20p00_m3p00,1
1005,-17.500,-3.000,0.500,0.000,H_y-3.0_x-20.0_20.0_fwd,H_y-3.0_x-20.0_20.0_fwd,straight,bidirectional,J_m20p00_m3p00,J_20p00_m3p00,1
1006,-17.000,-3.000,0.500,0.000,H_y-3.0_x-20.0_20.0_fwd,H_y-3.0_x-20.0_20.0_fwd,straight,bidirectional,J_m20p00_m3p00,J_20p00_m3p00,1
1007,-16.500,-3.000,0.500,0.000,H_y-3.0_x-20.0_20.0_fwd,H_y-3.0_x-20.0_20.0_fwd,straight,bidirectional,J_m20p00_m3p00,J_20p00_m3p00,1
1008,-16.000,-3.000,0.500,0.000,H_y-3.0_x-20.0_20.0_fwd,H_y-3.0_x-20.0_20.0_fwd,straight,bidirectional,J_m20p00_m3p00,J_20p00_m3p00,1
1009,-15.500,-3.000,0.500,0.000,H_y-3.0_x-20.0_20.0_fwd,H_y-3.0_x-20.0_20.0_fwd,straight,bidirectional,J_m20p00_m3p00,J_20p00_m3p00,1
1010,-15.000,-3.000,0.500,0.000,H_y-3.0_x-20.0_20.0_fwd,H_y-3.0_x-20.0_20.0_fwd,straight,bidirectional,J_m20p00_m3p00,J_20p00_m3p00,1
1011,-14.500,-3.000,0.500,0.000,H_y-3.0_x-20.0_20.0_fwd,H_y-3.0_x-20.0_20.0_fwd,straight,bidirectional,J_m20p00_m3p00,J_20p00_m3p00,1
1012,-14.000,-3.000,0.500,0.000,H_y-3.0_x-20.0_20.0_fwd,H_y-3.0_x-20.0_20.0_fwd,straight,bidirectional,J_m20p00_m3p00,J_20p00_m3p00,1
1013,-13.500,-3.000,0.500,0.000,H_y-3.0_x-20.0_20.0_fwd,H_y-3.0_x-20.0_20.0_fwd,straight,bidirectional,J_m20p00_m3p00,J_20p00_m3p00,1
1014,-13.000,-3.000,0.500,0.000,H_y-3.0_x-20.0_20.0_fwd,H_y-3.0_x-20.0_20.0_fwd,straight,bidirectional,J_m20p00_m3p00,J_20p00_m3p00,1
1015,-12.500,-3.000,0.500,0.000,H_y-3.0_x-20.0_20.0_fwd,H_y-3.0_x-20.0_20.0_fwd,straight,bidirectional,J_m20p00_m3p00,J_20p00_m3p00,1
1016,-12.000,-3.000,0.500,0.000,H_y-3.0_x-20.0_20.0_fwd,H_y-3.0_x-20.0_20.0_fwd,straight,bidirectional,J_m20p00_m3p00,J_20p00_m3p00,1
1017,-11.500,-3.000,0.500,0.000,H_y-3.0_x-20.0_20.0_fwd,H_y-3.0_x-20.0_20.0_fwd,straight,bidirectional,J_m20p00_m3p00,J_20p00_m3p00,1
1018,-11.000,-3.000,0.500,0.000,H_y-3.0_x-20.0_20.0_fwd,H_y-3.0_x-20.0_20.0_fwd,straight,bidirectional,J_m20p00_m3p00,J_20p00_m3p00,1
1019,-10.500,-3.000,0.500,0.000,H_y-3.0_x-20.0_20.0_fwd,H_y-3.0_x-20.0_20.0_fwd,straight,bidirectional,J_m20p00_m3p00,J_20p00_m3p00,1
1020,-10.000,-3.000,0.500,0.000,H_y-3.0_x-20.0_20.0_fwd,H_y-3.0_x-20.0_20.0_fwd,straight,bidirectional,J_m20p00_m3p00,J_20p00_m3p00,1
1021,-9.500,-3.000,0.500,0.000,H_y-3.0_x-20.0_20.0_fwd,H_y-3.0_x-20.0_20.0_fwd,straight,bidirectional,J_m20p00_m3p00,J_20p00_m3p00,1
1022,-9.000,-3.000,0.500,0.000,H_y-3.0_x-20.0_20.0_fwd,H_y-3.0_x-20.0_20.0_fwd,straight,bidirectional,J_m20p00_m3p00,J_20p00_m3p00,1
1023,-8.500,-3.000,0.500,0.000,H_y-3.0_x-20.0_20.0_fwd,H_y-3.0_x-20.0_20.0_fwd,straight,bidirectional,J_m20p00_m3p00,J_20p00_m3p00,1
1024,-8.000,-3.000,0.500,0.000,H_y-3.0_x-20.0_20.0_fwd,H_y-3.0_x-20.0_20.0_fwd,straight,bidirectional,J_m20p00_m3p00,J_20p00_m3p00,1
1025,-7.500,-3.000,0.500,0.000,H_y-3.0_x-20.0_20.0_fwd,H_y-3.0_x-20.0_20.0_fwd,straight,bidirectional,J_m20p00_m3p00,J_20p00_m3p00,1
1026,-7.000,-3.000,0.500,0.000,H_y-3.0_x-20.0_20.0_fwd,H_y-3.0_x-20.0_20.0_fwd,straight,bidirectional,J_m20p00_m3p00,J_20p00_m3p00,1
1027,-6.500,-3.000,0.500,0.000,H_y-3.0_x-20.0_20.0_fwd,H_y-3.0_x-20.0_20.0_fwd,straight,bidirectional,J_m20p00_m3p00,J_20p00_m3p00,1
1028,-6.000,-3.000,0.500,0.000,H_y-3.0_x-20.0_20.0_fwd,H_y-3.0_x-20.0_20.0_fwd,straight,bidirectional,J_m20p00_m3p00,J_20p00_m3p00,1
1029,-5.500,-3.000,0.500,0.000,H_y-3.0_x-20.0_20.0_fwd,H_y-3.0_x-20.0_20.0_fwd,straight,bidirectional,J_m20p00_m3p00,J_20p00_m3p00,1
1030,-5.000,-3.000,0.500,0.000,H_y-3.0_x-20.0_20.0_fwd,H_y-3.0_x-20.0_20.0_fwd,straight,bidirectional,J_m20p00_m3p00,J_20p00_m3p00,1
1031,-4.500,-3.000,0.500,0.000,H_y-3.0_x-20.0_20.0_fwd,H_y-3.0_x-20.0_20.0_fwd,straight,bidirectional,J_m20p00_m3p00,J_20p00_m3p00,1
1032,-4.000,-3.000,0.500,0.000,H_y-3.0_x-20.0_20.0_fwd,H_y-3.0_x-20.0_20.0_fwd,straight,bidirectional,J_m20p00_m3p00,J_20p00_m3p00,1
1033,-3.500,-3.000,0.500,0.000,H_y-3.0_x-20.0_20.0_fwd,H_y-3.0_x-20.0_20.0_fwd,straight,bidirectional,J_m20p00_m3p00,J_20p00_m3p00,1
1034,-3.000,-3.000,0.500,0.000,H_y-3.0_x-20.0_20.0_fwd,H_y-3.0_x-20.0_20.0_fwd,straight,bidirectional,J_m20p00_m3p00,J_20p00_m3p00,1
1035,-2.500,-3.000,0.500,0.000,H_y-3.0_x-20.0_20.0_fwd,H_y-3.0_x-20.0_20.0_fwd,straight,bidirectional,J_m20p00_m3p00,J_20p00_m3p00,1
1036,-2.000,-3.000,0.500,0.000,H_y-3.0_x-20.0_20.0_fwd,H_y-3.0_x-20.0_20.0_fwd,straight,bidirectional,J_m20p00_m3p00,J_20p00_m3p00,1
1037,-1.500,-3.000,0.500,0.000,H_y-3.0_x-20.0_20.0_fwd,H_y-3.0_x-20.0_20.0_fwd,straight,bidirectional,J_m20p00_m3p00,J_20p00_m3p00,1
1038,-1.000,-3.000,0.500,0.000,H_y-3.0_x-20.0_20.0_fwd,H_y-3.0_x-20.0_20.0_fwd,straight,bidirectional,J_m20p00_m3p00,J_20p00_m3p00,1
1039,-0.500,-3.000,0.500,0.000,H_y-3.0_x-20.0_20.0_fwd,H_y-3.0_x-20.0_20.0_fwd,straight,bidirectional,J_m20p00_m3p00,J_20p00_m3p00,1
1040,0.000,-3.000,0.500,0.000,H_y-3.0_x-20.0_20.0_fwd,H_y-3.0_x-20.0_20.0_fwd,straight,bidirectional,J_m20p00_m3p00,J_20p00_m3p00,1
1041,0.500,-3.000,0.500,0.000,H_y-3.0_x-20.0_20.0_fwd,H_y-3.0_x-20.0_20.0_fwd,straight,bidirectional,J_m20p00_m3p00,J_20p00_m3p00,1
1042,1.000,-3.000,0.500,0.000,H_y-3.0_x-20.0_20.0_fwd,H_y-3.0_x-20.0_20.0_fwd,straight,bidirectional,J_m20p00_m3p00,J_20p00_m3p00,1
1043,1.500,-3.000,0.500,0.000,H_y-3.0_x-20.0_20.0_fwd,H_y-3.0_x-20.0_20.0_fwd,straight,bidirectional,J_m20p00_m3p00,J_20p00_m3p00,1
1044,2.000,-3.000,0.500,0.000,H_y-3.0_x-20.0_20.0_fwd,H_y-3.0_x-20.0_20.0_fwd,straight,bidirectional,J_m20p00_m3p00,J_20p00_m3p00,1
1045,2.500,-3.000,0.500,0.000,H_y-3.0_x-20.0_20.0_fwd,H_y-3.0_x-20.0_20.0_fwd,straight,bidirectional,J_m20p00_m3p00,J_20p00_m3p00,1
1046,3.000,-3.000,0.500,0.000,H_y-3.0_x-20.0_20.0_fwd,H_y-3.0_x-20.0_20.0_fwd,straight,bidirectional,J_m20p00_m3p00,J_20p00_m3p00,1
1047,3.500,-3.000,0.500,0.000,H_y-3.0_x-20.0_20.0_fwd,H_y-3.0_x-20.0_20.0_fwd,straight,bidirectional,J_m20p00_m3p00,J_20p00_m3p00,1
1048,4.000,-3.000,0.500,0.000,H_y-3.0_x-20.0_20.0_fwd,H_y-3.0_x-20.0_20.0_fwd,straight,bidirectional,J_m20p00_m3p00,J_20p00_m3p00,1
1049,4.500,-3.000,0.500,0.000,H_y-3.0_x-20.0_20.0_fwd,H_y-3.0_x-20.0_20.0_fwd,straight,bidirectional,J_m20p00_m3p00,J_20p00_m3p00,1
1050,5.000,-3.000,0.500,0.000,H_y-3.0_x-20.0_20.0_fwd,H_y-3.0_x-20.0_20.0_fwd,straight,bidirectional,J_m20p00_m3p00,J_20p00_m3p00,1
1051,5.500,-3.000,0.500,0.000,H_y-3.0_x-20.0_20.0_fwd,H_y-3.0_x-20.0_20.0_fwd,straight,bidirectional,J_m20p00_m3p00,J_20p00_m3p00,1
1052,6.000,-3.000,0.500,0.000,H_y-3.0_x-20.0_20.0_fwd,H_y-3.0_x-20.0_20.0_fwd,straight,bidirectional,J_m20p00_m3p00,J_20p00_m3p00,1
1053,6.500,-3.000,0.500,0.000,H_y-3.0_x-20.0_20.0_fwd,H_y-3.0_x-20.0_20.0_fwd,straight,bidirectional,J_m20p00_m3p00,J_20p00_m3p00,1
1054,7.000,-3.000,0.500,0.000,H_y-3.0_x-20.0_20.0_fwd,H_y-3.0_x-20.0_20.0_fwd,straight,bidirectional,J_m20p00_m3p00,J_20p00_m3p00,1
1055,7.500,-3.000,0.500,0.000,H_y-3.0_x-20.0_20.0_fwd,H_y-3.0_x-20.0_20.0_fwd,straight,bidirectional,J_m20p00_m3p00,J_20p00_m3p00,1
1056,8.000,-3.000,0.500,0.000,H_y-3.0_x-20.0_20.0_fwd,H_y-3.0_x-20.0_20.0_fwd,straight,bidirectional,J_m20p00_m3p00,J_20p00_m3p00,1
1057,8.500,-3.000,0.500,0.000,H_y-3.0_x-20.0_20.0_fwd,H_y-3.0_x-20.0_20.0_fwd,straight,bidirectional,J_m20p00_m3p00,J_20p00_m3p00,1
1058,9.000,-3.000,0.500,0.000,H_y-3.0_x-20.0_20.0_fwd,H_y-3.0_x-20.0_20.0_fwd,straight,bidirectional,J_m20p00_m3p00,J_20p00_m3p00,1
1059,9.500,-3.000,0.500,0.000,H_y-3.0_x-20.0_20.0_fwd,H_y-3.0_x-20.0_20.0_fwd,straight,bidirectional,J_m20p00_m3p00,J_20p00_m3p00,1
1060,10.000,-3.000,0.500,0.000,H_y-3.0_x-20.0_20.0_fwd,H_y-3.0_x-20.0_20.0_fwd,straight,bidirectional,J_m20p00_m3p00,J_20p00_m3p00,1
1061,10.500,-3.000,0.500,0.000,H_y-3.0_x-20.0_20.0_fwd,H_y-3.0_x-20.0_20.0_fwd,straight,bidirectional,J_m20p00_m3p00,J_20p00_m3p00,1
1062,11.000,-3.000,0.500,0.000,H_y-3.0_x-20.0_20.0_fwd,H_y-3.0_x-20.0_20.0_fwd,straight,bidirectional,J_m20p00_m3p00,J_20p00_m3p00,1
1063,11.500,-3.000,0.500,0.000,H_y-3.0_x-20.0_20.0_fwd,H_y-3.0_x-20.0_20.0_fwd,straight,bidirectional,J_m20p00_m3p00,J_20p00_m3p00,1
1064,12.000,-3.000,0.500,0.000,H_y-3.0_x-20.0_20.0_fwd,H_y-3.0_x-20.0_20.0_fwd,straight,bidirectional,J_m20p00_m3p00,J_20p00_m3p00,1
1065,12.500,-3.000,0.500,0.000,H_y-3.0_x-20.0_20.0_fwd,H_y-3.0_x-20.0_20.0_fwd,straight,bidirectional,J_m20p00_m3p00,J_20p00_m3p00,1
1066,13.000,-3.000,0.500,0.000,H_y-3.0_x-20.0_20.0_fwd,H_y-3.0_x-20.0_20.0_fwd,straight,bidirectional,J_m20p00_m3p00,J_20p00_m3p00,1
1067,13.500,-3.000,0.500,0.000,H_y-3.0_x-20.0_20.0_fwd,H_y-3.0_x-20.0_20.0_fwd,straight,bidirectional,J_m20p00_m3p00,J_20p00_m3p00,1
1068,14.000,-3.000,0.500,0.000,H_y-3.0_x-20.0_20.0_fwd,H_y-3.0_x-20.0_20.0_fwd,straight,bidirectional,J_m20p00_m3p00,J_20p00_m3p00,1
1069,14.500,-3.000,0.500,0.000,H_y-3.0_x-20.0_20.0_fwd,H_y-3.0_x-20.0_20.0_fwd,straight,bidirectional,J_m20p00_m3p00,J_20p00_m3p00,1
1070,15.000,-3.000,0.500,0.000,H_y-3.0_x-20.0_20.0_fwd,H_y-3.0_x-20.0_20.0_fwd,straight,bidirectional,J_m20p00_m3p00,J_20p00_m3p00,1
1071,15.500,-3.000,0.500,0.000,H_y-3.0_x-20.0_20.0_fwd,H_y-3.0_x-20.0_20.0_fwd,straight,bidirectional,J_m20p00_m3p00,J_20p00_m3p00,1
1072,16.000,-3.000,0.500,0.000,H_y-3.0_x-20.0_20.0_fwd,H_y-3.0_x-20.0_20.0_fwd,straight,bidirectional,J_m20p00_m3p00,J_20p00_m3p00,1
1073,16.500,-3.000,0.500,0.000,H_y-3.0_x-20.0_20.0_fwd,H_y-3.0_x-20.0_20.0_fwd,straight,bidirectional,J_m20p00_m3p00,J_20p00_m3p00,1
1074,17.000,-3.000,0.500,0.000,H_y-3.0_x-20.0_20.0_fwd,H_y-3.0_x-20.0_20.0_fwd,straight,bidirectional,J_m20p00_m3p00,J_20p00_m3p00,1
1075,17.500,-3.000,0.500,0.000,H_y-3.0_x-20.0_20.0_fwd,H_y-3.0_x-20.0_20.0_fwd,straight,bidirectional,J_m20p00_m3p00,J_20p00_m3p00,1
1076,18.000,-3.000,0.500,0.000,H_y-3.0_x-20.0_20.0_fwd,H_y-3.0_x-20.0_20.0_fwd,straight,bidirectional,J_m20p00_m3p00,J_20p00_m3p00,1
1077,18.500,-3.000,0.500,0.000,H_y-3.0_x-20.0_20.0_fwd,H_y-3.0_x-20.0_20.0_fwd,straight,bidirectional,J_m20p00_m3p00,J_20p00_m3p00,1
1078,19.000,-3.000,0.500,0.000,H_y-3.0_x-20.0_20.0_fwd,H_y-3.0_x-20.0_20.0_fwd,straight,bidirectional,J_m20p00_m3p00,J_20p00_m3p00,1
1079,19.500,-3.000,0.500,0.000,H_y-3.0_x-20.0_20.0_fwd,H_y-3.0_x-20.0_20.0_fwd,straight,bidirectional,J_m20p00_m3p00,J_20p00_m3p00,1
1080,20.000,-3.000,0.500,0.000,H_y-3.0_x-20.0_20.0_fwd,H_y-3.0_x-20.0_20.0_fwd,straight,bidirectional,J_m20p00_m3p00,J_20p00_m3p00,0
1081,-20.000,-3.000,0.500,-90.000,V_x-20.0_y-34.0_-3.0_rev,V_x-20.0_y-34.0_-3.0_rev,straight,bidirectional,J_m20p00_m3p00,J_m20p00_m34p00,1
1082,-20.000,-3.500,0.500,-90.000,V_x-20.0_y-34.0_-3.0_rev,V_x-20.0_y-34.0_-3.0_rev,straight,bidirectional,J_m20p00_m3p00,J_m20p00_m34p00,1
1083,-20.000,-4.000,0.500,-90.000,V_x-20.0_y-34.0_-3.0_rev,V_x-20.0_y-34.0_-3.0_rev,straight,bidirectional,J_m20p00_m3p00,J_m20p00_m34p00,1
1084,-20.000,-4.500,0.500,-90.000,V_x-20.0_y-34.0_-3.0_rev,V_x-20.0_y-34.0_-3.0_rev,straight,bidirectional,J_m20p00_m3p00,J_m20p00_m34p00,1
1085,-20.000,-5.000,0.500,-90.000,V_x-20.0_y-34.0_-3.0_rev,V_x-20.0_y-34.0_-3.0_rev,straight,bidirectional,J_m20p00_m3p00,J_m20p00_m34p00,1
1086,-20.000,-5.500,0.500,-90.000,V_x-20.0_y-34.0_-3.0_rev,V_x-20.0_y-34.0_-3.0_rev,straight,bidirectional,J_m20p00_m3p00,J_m20p00_m34p00,1
1087,-20.000,-6.000,0.500,-90.000,V_x-20.0_y-34.0_-3.0_rev,V_x-20.0_y-34.0_-3.0_rev,straight,bidirectional,J_m20p00_m3p00,J_m20p00_m34p00,1
1088,-20.000,-6.500,0.500,-90.000,V_x-20.0_y-34.0_-3.0_rev,V_x-20.0_y-34.0_-3.0_rev,straight,bidirectional,J_m20p00_m3p00,J_m20p00_m34p00,1
1089,-20.000,-7.000,0.500,-90.000,V_x-20.0_y-34.0_-3.0_rev,V_x-20.0_y-34.0_-3.0_rev,straight,bidirectional,J_m20p00_m3p00,J_m20p00_m34p00,1
1090,-20.000,-7.500,0.500,-90.000,V_x-20.0_y-34.0_-3.0_rev,V_x-20.0_y-34.0_-3.0_rev,straight,bidirectional,J_m20p00_m3p00,J_m20p00_m34p00,1
1091,-20.000,-8.000,0.500,-90.000,V_x-20.0_y-34.0_-3.0_rev,V_x-20.0_y-34.0_-3.0_rev,straight,bidirectional,J_m20p00_m3p00,J_m20p00_m34p00,1
1092,-20.000,-8.500,0.500,-90.000,V_x-20.0_y-34.0_-3.0_rev,V_x-20.0_y-34.0_-3.0_rev,straight,bidirectional,J_m20p00_m3p00,J_m20p00_m34p00,1
1093,-20.000,-9.000,0.500,-90.000,V_x-20.0_y-34.0_-3.0_rev,V_x-20.0_y-34.0_-3.0_rev,straight,bidirectional,J_m20p00_m3p00,J_m20p00_m34p00,1
1094,-20.000,-9.500,0.500,-90.000,V_x-20.0_y-34.0_-3.0_rev,V_x-20.0_y-34.0_-3.0_rev,straight,bidirectional,J_m20p00_m3p00,J_m20p00_m34p00,1
1095,-20.000,-10.000,0.500,-90.000,V_x-20.0_y-34.0_-3.0_rev,V_x-20.0_y-34.0_-3.0_rev,straight,bidirectional,J_m20p00_m3p00,J_m20p00_m34p00,1
1096,-20.000,-10.500,0.500,-90.000,V_x-20.0_y-34.0_-3.0_rev,V_x-20.0_y-34.0_-3.0_rev,straight,bidirectional,J_m20p00_m3p00,J_m20p00_m34p00,1
1097,-20.000,-11.000,0.500,-90.000,V_x-20.0_y-34.0_-3.0_rev,V_x-20.0_y-34.0_-3.0_rev,straight,bidirectional,J_m20p00_m3p00,J_m20p00_m34p00,1
1098,-20.000,-11.500,0.500,-90.000,V_x-20.0_y-34.0_-3.0_rev,V_x-20.0_y-34.0_-3.0_rev,straight,bidirectional,J_m20p00_m3p00,J_m20p00_m34p00,1
1099,-20.000,-12.000,0.500,-90.000,V_x-20.0_y-34.0_-3.0_rev,V_x-20.0_y-34.0_-3.0_rev,straight,bidirectional,J_m20p00_m3p00,J_m20p00_m34p00,1
1100,-20.000,-12.500,0.500,-90.000,V_x-20.0_y-34.0_-3.0_rev,V_x-20.0_y-34.0_-3.0_rev,straight,bidirectional,J_m20p00_m3p00,J_m20p00_m34p00,1
1101,-20.000,-13.000,0.500,-90.000,V_x-20.0_y-34.0_-3.0_rev,V_x-20.0_y-34.0_-3.0_rev,straight,bidirectional,J_m20p00_m3p00,J_m20p00_m34p00,1
1102,-20.000,-13.500,0.500,-90.000,V_x-20.0_y-34.0_-3.0_rev,V_x-20.0_y-34.0_-3.0_rev,straight,bidirectional,J_m20p00_m3p00,J_m20p00_m34p00,1
1103,-20.000,-14.000,0.500,-90.000,V_x-20.0_y-34.0_-3.0_rev,V_x-20.0_y-34.0_-3.0_rev,straight,bidirectional,J_m20p00_m3p00,J_m20p00_m34p00,1
1104,-20.000,-14.500,0.500,-90.000,V_x-20.0_y-34.0_-3.0_rev,V_x-20.0_y-34.0_-3.0_rev,straight,bidirectional,J_m20p00_m3p00,J_m20p00_m34p00,1
1105,-20.000,-15.000,0.500,-90.000,V_x-20.0_y-34.0_-3.0_rev,V_x-20.0_y-34.0_-3.0_rev,straight,bidirectional,J_m20p00_m3p00,J_m20p00_m34p00,1
1106,-20.000,-15.500,0.500,-90.000,V_x-20.0_y-34.0_-3.0_rev,V_x-20.0_y-34.0_-3.0_rev,straight,bidirectional,J_m20p00_m3p00,J_m20p00_m34p00,1
1107,-20.000,-16.000,0.500,-90.000,V_x-20.0_y-34.0_-3.0_rev,V_x-20.0_y-34.0_-3.0_rev,straight,bidirectional,J_m20p00_m3p00,J_m20p00_m34p00,1
1108,-20.000,-16.500,0.500,-90.000,V_x-20.0_y-34.0_-3.0_rev,V_x-20.0_y-34.0_-3.0_rev,straight,bidirectional,J_m20p00_m3p00,J_m20p00_m34p00,1
1109,-20.000,-17.000,0.500,-90.000,V_x-20.0_y-34.0_-3.0_rev,V_x-20.0_y-34.0_-3.0_rev,straight,bidirectional,J_m20p00_m3p00,J_m20p00_m34p00,1
1110,-20.000,-17.500,0.500,-90.000,V_x-20.0_y-34.0_-3.0_rev,V_x-20.0_y-34.0_-3.0_rev,straight,bidirectional,J_m20p00_m3p00,J_m20p00_m34p00,1
1111,-20.000,-18.000,0.500,-90.000,V_x-20.0_y-34.0_-3.0_rev,V_x-20.0_y-34.0_-3.0_rev,straight,bidirectional,J_m20p00_m3p00,J_m20p00_m34p00,1
1112,-20.000,-18.500,0.500,-90.000,V_x-20.0_y-34.0_-3.0_rev,V_x-20.0_y-34.0_-3.0_rev,straight,bidirectional,J_m20p00_m3p00,J_m20p00_m34p00,1
1113,-20.000,-19.000,0.500,-90.000,V_x-20.0_y-34.0_-3.0_rev,V_x-20.0_y-34.0_-3.0_rev,straight,bidirectional,J_m20p00_m3p00,J_m20p00_m34p00,1
1114,-20.000,-19.500,0.500,-90.000,V_x-20.0_y-34.0_-3.0_rev,V_x-20.0_y-34.0_-3.0_rev,straight,bidirectional,J_m20p00_m3p00,J_m20p00_m34p00,1
1115,-20.000,-20.000,0.500,-90.000,V_x-20.0_y-34.0_-3.0_rev,V_x-20.0_y-34.0_-3.0_rev,straight,bidirectional,J_m20p00_m3p00,J_m20p00_m34p00,1
1116,-20.000,-20.500,0.500,-90.000,V_x-20.0_y-34.0_-3.0_rev,V_x-20.0_y-34.0_-3.0_rev,straight,bidirectional,J_m20p00_m3p00,J_m20p00_m34p00,1
1117,-20.000,-21.000,0.500,-90.000,V_x-20.0_y-34.0_-3.0_rev,V_x-20.0_y-34.0_-3.0_rev,straight,bidirectional,J_m20p00_m3p00,J_m20p00_m34p00,1
1118,-20.000,-21.500,0.500,-90.000,V_x-20.0_y-34.0_-3.0_rev,V_x-20.0_y-34.0_-3.0_rev,straight,bidirectional,J_m20p00_m3p00,J_m20p00_m34p00,1
1119,-20.000,-22.000,0.500,-90.000,V_x-20.0_y-34.0_-3.0_rev,V_x-20.0_y-34.0_-3.0_rev,straight,bidirectional,J_m20p00_m3p00,J_m20p00_m34p00,1
1120,-20.000,-22.500,0.500,-90.000,V_x-20.0_y-34.0_-3.0_rev,V_x-20.0_y-34.0_-3.0_rev,straight,bidirectional,J_m20p00_m3p00,J_m20p00_m34p00,1
1121,-20.000,-23.000,0.500,-90.000,V_x-20.0_y-34.0_-3.0_rev,V_x-20.0_y-34.0_-3.0_rev,straight,bidirectional,J_m20p00_m3p00,J_m20p00_m34p00,1
1122,-20.000,-23.500,0.500,-90.000,V_x-20.0_y-34.0_-3.0_rev,V_x-20.0_y-34.0_-3.0_rev,straight,bidirectional,J_m20p00_m3p00,J_m20p00_m34p00,1
1123,-20.000,-24.000,0.500,-90.000,V_x-20.0_y-34.0_-3.0_rev,V_x-20.0_y-34.0_-3.0_rev,straight,bidirectional,J_m20p00_m3p00,J_m20p00_m34p00,1
1124,-20.000,-24.500,0.500,-90.000,V_x-20.0_y-34.0_-3.0_rev,V_x-20.0_y-34.0_-3.0_rev,straight,bidirectional,J_m20p00_m3p00,J_m20p00_m34p00,1
1125,-20.000,-25.000,0.500,-90.000,V_x-20.0_y-34.0_-3.0_rev,V_x-20.0_y-34.0_-3.0_rev,straight,bidirectional,J_m20p00_m3p00,J_m20p00_m34p00,1
1126,-20.000,-25.500,0.500,-90.000,V_x-20.0_y-34.0_-3.0_rev,V_x-20.0_y-34.0_-3.0_rev,straight,bidirectional,J_m20p00_m3p00,J_m20p00_m34p00,1
1127,-20.000,-26.000,0.500,-90.000,V_x-20.0_y-34.0_-3.0_rev,V_x-20.0_y-34.0_-3.0_rev,straight,bidirectional,J_m20p00_m3p00,J_m20p00_m34p00,1
1128,-20.000,-26.500,0.500,-90.000,V_x-20.0_y-34.0_-3.0_rev,V_x-20.0_y-34.0_-3.0_rev,straight,bidirectional,J_m20p00_m3p00,J_m20p00_m34p00,1
1129,-20.000,-27.000,0.500,-90.000,V_x-20.0_y-34.0_-3.0_rev,V_x-20.0_y-34.0_-3.0_rev,straight,bidirectional,J_m20p00_m3p00,J_m20p00_m34p00,1
1130,-20.000,-27.500,0.500,-90.000,V_x-20.0_y-34.0_-3.0_rev,V_x-20.0_y-34.0_-3.0_rev,straight,bidirectional,J_m20p00_m3p00,J_m20p00_m34p00,1
1131,-20.000,-28.000,0.500,-90.000,V_x-20.0_y-34.0_-3.0_rev,V_x-20.0_y-34.0_-3.0_rev,straight,bidirectional,J_m20p00_m3p00,J_m20p00_m34p00,1
1132,-20.000,-28.500,0.500,-90.000,V_x-20.0_y-34.0_-3.0_rev,V_x-20.0_y-34.0_-3.0_rev,straight,bidirectional,J_m20p00_m3p00,J_m20p00_m34p00,1
1133,-20.000,-29.000,0.500,-90.000,V_x-20.0_y-34.0_-3.0_rev,V_x-20.0_y-34.0_-3.0_rev,straight,bidirectional,J_m20p00_m3p00,J_m20p00_m34p00,1
1134,-20.000,-29.500,0.500,-90.000,V_x-20.0_y-34.0_-3.0_rev,V_x-20.0_y-34.0_-3.0_rev,straight,bidirectional,J_m20p00_m3p00,J_m20p00_m34p00,1
1135,-20.000,-30.000,0.500,-90.000,V_x-20.0_y-34.0_-3.0_rev,V_x-20.0_y-34.0_-3.0_rev,straight,bidirectional,J_m20p00_m3p00,J_m20p00_m34p00,1
1136,-20.000,-30.500,0.500,-90.000,V_x-20.0_y-34.0_-3.0_rev,V_x-20.0_y-34.0_-3.0_rev,straight,bidirectional,J_m20p00_m3p00,J_m20p00_m34p00,1
1137,-20.000,-31.000,0.500,-90.000,V_x-20.0_y-34.0_-3.0_rev,V_x-20.0_y-34.0_-3.0_rev,straight,bidirectional,J_m20p00_m3p00,J_m20p00_m34p00,1
1138,-20.000,-31.500,0.500,-90.000,V_x-20.0_y-34.0_-3.0_rev,V_x-20.0_y-34.0_-3.0_rev,straight,bidirectional,J_m20p00_m3p00,J_m20p00_m34p00,1
1139,-20.000,-32.000,0.500,-90.000,V_x-20.0_y-34.0_-3.0_rev,V_x-20.0_y-34.0_-3.0_rev,straight,bidirectional,J_m20p00_m3p00,J_m20p00_m34p00,1
1140,-20.000,-32.500,0.500,-90.000,V_x-20.0_y-34.0_-3.0_rev,V_x-20.0_y-34.0_-3.0_rev,straight,bidirectional,J_m20p00_m3p00,J_m20p00_m34p00,1
1141,-20.000,-33.000,0.500,-90.000,V_x-20.0_y-34.0_-3.0_rev,V_x-20.0_y-34.0_-3.0_rev,straight,bidirectional,J_m20p00_m3p00,J_m20p00_m34p00,1
1142,-20.000,-33.500,0.500,-90.000,V_x-20.0_y-34.0_-3.0_rev,V_x-20.0_y-34.0_-3.0_rev,straight,bidirectional,J_m20p00_m3p00,J_m20p00_m34p00,1
1143,-20.000,-34.000,0.500,-90.000,V_x-20.0_y-34.0_-3.0_rev,V_x-20.0_y-34.0_-3.0_rev,straight,bidirectional,J_m20p00_m3p00,J_m20p00_m34p00,0
1144,-20.000,-3.000,0.500,90.000,V_x-20.0_y-3.0_26.0_fwd,V_x-20.0_y-3.0_26.0_fwd,straight,bidirectional,J_m20p00_m3p00,J_m20p00_26p00,1
1145,-20.000,-2.500,0.500,90.000,V_x-20.0_y-3.0_26.0_fwd,V_x-20.0_y-3.0_26.0_fwd,straight,bidirectional,J_m20p00_m3p00,J_m20p00_26p00,1
1146,-20.000,-2.000,0.500,90.000,V_x-20.0_y-3.0_26.0_fwd,V_x-20.0_y-3.0_26.0_fwd,straight,bidirectional,J_m20p00_m3p00,J_m20p00_26p00,1
1147,-20.000,-1.500,0.500,90.000,V_x-20.0_y-3.0_26.0_fwd,V_x-20.0_y-3.0_26.0_fwd,straight,bidirectional,J_m20p00_m3p00,J_m20p00_26p00,1
1148,-20.000,-1.000,0.500,90.000,V_x-20.0_y-3.0_26.0_fwd,V_x-20.0_y-3.0_26.0_fwd,straight,bidirectional,J_m20p00_m3p00,J_m20p00_26p00,1
1149,-20.000,-0.500,0.500,90.000,V_x-20.0_y-3.0_26.0_fwd,V_x-20.0_y-3.0_26.0_fwd,straight,bidirectional,J_m20p00_m3p00,J_m20p00_26p00,1
1150,-20.000,0.000,0.500,90.000,V_x-20.0_y-3.0_26.0_fwd,V_x-20.0_y-3.0_26.0_fwd,straight,bidirectional,J_m20p00_m3p00,J_m20p00_26p00,1
1151,-20.000,0.500,0.500,90.000,V_x-20.0_y-3.0_26.0_fwd,V_x-20.0_y-3.0_26.0_fwd,straight,bidirectional,J_m20p00_m3p00,J_m20p00_26p00,1
1152,-20.000,1.000,0.500,90.000,V_x-20.0_y-3.0_26.0_fwd,V_x-20.0_y-3.0_26.0_fwd,straight,bidirectional,J_m20p00_m3p00,J_m20p00_26p00,1
1153,-20.000,1.500,0.500,90.000,V_x-20.0_y-3.0_26.0_fwd,V_x-20.0_y-3.0_26.0_fwd,straight,bidirectional,J_m20p00_m3p00,J_m20p00_26p00,1
1154,-20.000,2.000,0.500,90.000,V_x-20.0_y-3.0_26.0_fwd,V_x-20.0_y-3.0_26.0_fwd,straight,bidirectional,J_m20p00_m3p00,J_m20p00_26p00,1
1155,-20.000,2.500,0.500,90.000,V_x-20.0_y-3.0_26.0_fwd,V_x-20.0_y-3.0_26.0_fwd,straight,bidirectional,J_m20p00_m3p00,J_m20p00_26p00,1
1156,-20.000,3.000,0.500,90.000,V_x-20.0_y-3.0_26.0_fwd,V_x-20.0_y-3.0_26.0_fwd,straight,bidirectional,J_m20p00_m3p00,J_m20p00_26p00,1
1157,-20.000,3.500,0.500,90.000,V_x-20.0_y-3.0_26.0_fwd,V_x-20.0_y-3.0_26.0_fwd,straight,bidirectional,J_m20p00_m3p00,J_m20p00_26p00,1
1158,-20.000,4.000,0.500,90.000,V_x-20.0_y-3.0_26.0_fwd,V_x-20.0_y-3.0_26.0_fwd,straight,bidirectional,J_m20p00_m3p00,J_m20p00_26p00,1
1159,-20.000,4.500,0.500,90.000,V_x-20.0_y-3.0_26.0_fwd,V_x-20.0_y-3.0_26.0_fwd,straight,bidirectional,J_m20p00_m3p00,J_m20p00_26p00,1
1160,-20.000,5.000,0.500,90.000,V_x-20.0_y-3.0_26.0_fwd,V_x-20.0_y-3.0_26.0_fwd,straight,bidirectional,J_m20p00_m3p00,J_m20p00_26p00,1
1161,-20.000,5.500,0.500,90.000,V_x-20.0_y-3.0_26.0_fwd,V_x-20.0_y-3.0_26.0_fwd,straight,bidirectional,J_m20p00_m3p00,J_m20p00_26p00,1
1162,-20.000,6.000,0.500,90.000,V_x-20.0_y-3.0_26.0_fwd,V_x-20.0_y-3.0_26.0_fwd,straight,bidirectional,J_m20p00_m3p00,J_m20p00_26p00,1
1163,-20.000,6.500,0.500,90.000,V_x-20.0_y-3.0_26.0_fwd,V_x-20.0_y-3.0_26.0_fwd,straight,bidirectional,J_m20p00_m3p00,J_m20p00_26p00,1
1164,-20.000,7.000,0.500,90.000,V_x-20.0_y-3.0_26.0_fwd,V_x-20.0_y-3.0_26.0_fwd,straight,bidirectional,J_m20p00_m3p00,J_m20p00_26p00,1
1165,-20.000,7.500,0.500,90.000,V_x-20.0_y-3.0_26.0_fwd,V_x-20.0_y-3.0_26.0_fwd,straight,bidirectional,J_m20p00_m3p00,J_m20p00_26p00,1
1166,-20.000,8.000,0.500,90.000,V_x-20.0_y-3.0_26.0_fwd,V_x-20.0_y-3.0_26.0_fwd,straight,bidirectional,J_m20p00_m3p00,J_m20p00_26p00,1
1167,-20.000,8.500,0.500,90.000,V_x-20.0_y-3.0_26.0_fwd,V_x-20.0_y-3.0_26.0_fwd,straight,bidirectional,J_m20p00_m3p00,J_m20p00_26p00,1
1168,-20.000,9.000,0.500,90.000,V_x-20.0_y-3.0_26.0_fwd,V_x-20.0_y-3.0_26.0_fwd,straight,bidirectional,J_m20p00_m3p00,J_m20p00_26p00,1
1169,-20.000,9.500,0.500,90.000,V_x-20.0_y-3.0_26.0_fwd,V_x-20.0_y-3.0_26.0_fwd,straight,bidirectional,J_m20p00_m3p00,J_m20p00_26p00,1
1170,-20.000,10.000,0.500,90.000,V_x-20.0_y-3.0_26.0_fwd,V_x-20.0_y-3.0_26.0_fwd,straight,bidirectional,J_m20p00_m3p00,J_m20p00_26p00,1
1171,-20.000,10.500,0.500,90.000,V_x-20.0_y-3.0_26.0_fwd,V_x-20.0_y-3.0_26.0_fwd,straight,bidirectional,J_m20p00_m3p00,J_m20p00_26p00,1
1172,-20.000,11.000,0.500,90.000,V_x-20.0_y-3.0_26.0_fwd,V_x-20.0_y-3.0_26.0_fwd,straight,bidirectional,J_m20p00_m3p00,J_m20p00_26p00,1
1173,-20.000,11.500,0.500,90.000,V_x-20.0_y-3.0_26.0_fwd,V_x-20.0_y-3.0_26.0_fwd,straight,bidirectional,J_m20p00_m3p00,J_m20p00_26p00,1
1174,-20.000,12.000,0.500,90.000,V_x-20.0_y-3.0_26.0_fwd,V_x-20.0_y-3.0_26.0_fwd,straight,bidirectional,J_m20p00_m3p00,J_m20p00_26p00,1
1175,-20.000,12.500,0.500,90.000,V_x-20.0_y-3.0_26.0_fwd,V_x-20.0_y-3.0_26.0_fwd,straight,bidirectional,J_m20p00_m3p00,J_m20p00_26p00,1
1176,-20.000,13.000,0.500,90.000,V_x-20.0_y-3.0_26.0_fwd,V_x-20.0_y-3.0_26.0_fwd,straight,bidirectional,J_m20p00_m3p00,J_m20p00_26p00,1
1177,-20.000,13.500,0.500,90.000,V_x-20.0_y-3.0_26.0_fwd,V_x-20.0_y-3.0_26.0_fwd,straight,bidirectional,J_m20p00_m3p00,J_m20p00_26p00,1
1178,-20.000,14.000,0.500,90.000,V_x-20.0_y-3.0_26.0_fwd,V_x-20.0_y-3.0_26.0_fwd,straight,bidirectional,J_m20p00_m3p00,J_m20p00_26p00,1
1179,-20.000,14.500,0.500,90.000,V_x-20.0_y-3.0_26.0_fwd,V_x-20.0_y-3.0_26.0_fwd,straight,bidirectional,J_m20p00_m3p00,J_m20p00_26p00,1
1180,-20.000,15.000,0.500,90.000,V_x-20.0_y-3.0_26.0_fwd,V_x-20.0_y-3.0_26.0_fwd,straight,bidirectional,J_m20p00_m3p00,J_m20p00_26p00,1
1181,-20.000,15.500,0.500,90.000,V_x-20.0_y-3.0_26.0_fwd,V_x-20.0_y-3.0_26.0_fwd,straight,bidirectional,J_m20p00_m3p00,J_m20p00_26p00,1
1182,-20.000,16.000,0.500,90.000,V_x-20.0_y-3.0_26.0_fwd,V_x-20.0_y-3.0_26.0_fwd,straight,bidirectional,J_m20p00_m3p00,J_m20p00_26p00,1
1183,-20.000,16.500,0.500,90.000,V_x-20.0_y-3.0_26.0_fwd,V_x-20.0_y-3.0_26.0_fwd,straight,bidirectional,J_m20p00_m3p00,J_m20p00_26p00,1
1184,-20.000,17.000,0.500,90.000,V_x-20.0_y-3.0_26.0_fwd,V_x-20.0_y-3.0_26.0_fwd,straight,bidirectional,J_m20p00_m3p00,J_m20p00_26p00,1
1185,-20.000,17.500,0.500,90.000,V_x-20.0_y-3.0_26.0_fwd,V_x-20.0_y-3.0_26.0_fwd,straight,bidirectional,J_m20p00_m3p00,J_m20p00_26p00,1
1186,-20.000,18.000,0.500,90.000,V_x-20.0_y-3.0_26.0_fwd,V_x-20.0_y-3.0_26.0_fwd,straight,bidirectional,J_m20p00_m3p00,J_m20p00_26p00,1
1187,-20.000,18.500,0.500,90.000,V_x-20.0_y-3.0_26.0_fwd,V_x-20.0_y-3.0_26.0_fwd,straight,bidirectional,J_m20p00_m3p00,J_m20p00_26p00,1
1188,-20.000,19.000,0.500,90.000,V_x-20.0_y-3.0_26.0_fwd,V_x-20.0_y-3.0_26.0_fwd,straight,bidirectional,J_m20p00_m3p00,J_m20p00_26p00,1
1189,-20.000,19.500,0.500,90.000,V_x-20.0_y-3.0_26.0_fwd,V_x-20.0_y-3.0_26.0_fwd,straight,bidirectional,J_m20p00_m3p00,J_m20p00_26p00,1
1190,-20.000,20.000,0.500,90.000,V_x-20.0_y-3.0_26.0_fwd,V_x-20.0_y-3.0_26.0_fwd,straight,bidirectional,J_m20p00_m3p00,J_m20p00_26p00,1
1191,-20.000,20.500,0.500,90.000,V_x-20.0_y-3.0_26.0_fwd,V_x-20.0_y-3.0_26.0_fwd,straight,bidirectional,J_m20p00_m3p00,J_m20p00_26p00,1
1192,-20.000,21.000,0.500,90.000,V_x-20.0_y-3.0_26.0_fwd,V_x-20.0_y-3.0_26.0_fwd,straight,bidirectional,J_m20p00_m3p00,J_m20p00_26p00,1
1193,-20.000,21.500,0.500,90.000,V_x-20.0_y-3.0_26.0_fwd,V_x-20.0_y-3.0_26.0_fwd,straight,bidirectional,J_m20p00_m3p00,J_m20p00_26p00,1
1194,-20.000,22.000,0.500,90.000,V_x-20.0_y-3.0_26.0_fwd,V_x-20.0_y-3.0_26.0_fwd,straight,bidirectional,J_m20p00_m3p00,J_m20p00_26p00,1
1195,-20.000,22.500,0.500,90.000,V_x-20.0_y-3.0_26.0_fwd,V_x-20.0_y-3.0_26.0_fwd,straight,bidirectional,J_m20p00_m3p00,J_m20p00_26p00,1
1196,-20.000,23.000,0.500,90.000,V_x-20.0_y-3.0_26.0_fwd,V_x-20.0_y-3.0_26.0_fwd,straight,bidirectional,J_m20p00_m3p00,J_m20p00_26p00,1
1197,-20.000,23.500,0.500,90.000,V_x-20.0_y-3.0_26.0_fwd,V_x-20.0_y-3.0_26.0_fwd,straight,bidirectional,J_m20p00_m3p00,J_m20p00_26p00,1
1198,-20.000,24.000,0.500,90.000,V_x-20.0_y-3.0_26.0_fwd,V_x-20.0_y-3.0_26.0_fwd,straight,bidirectional,J_m20p00_m3p00,J_m20p00_26p00,1
1199,-20.000,24.500,0.500,90.000,V_x-20.0_y-3.0_26.0_fwd,V_x-20.0_y-3.0_26.0_fwd,straight,bidirectional,J_m20p00_m3p00,J_m20p00_26p00,1
1200,-20.000,25.000,0.500,90.000,V_x-20.0_y-3.0_26.0_fwd,V_x-20.0_y-3.0_26.0_fwd,straight,bidirectional,J_m20p00_m3p00,J_m20p00_26p00,1
1201,-20.000,25.500,0.500,90.000,V_x-20.0_y-3.0_26.0_fwd,V_x-20.0_y-3.0_26.0_fwd,straight,bidirectional,J_m20p00_m3p00,J_m20p00_26p00,1
1202,-20.000,26.000,0.500,90.000,V_x-20.0_y-3.0_26.0_fwd,V_x-20.0_y-3.0_26.0_fwd,straight,bidirectional,J_m20p00_m3p00,J_m20p00_26p00,0
1203,-20.000,-3.000,0.500,90.000,R_N_rev,R_N_rev,roundabout_connector,bidirectional,J_m20p00_m3p00,R_08,1
1204,-20.000,-2.500,0.500,90.000,R_N_rev,R_N_rev,roundabout_connector,bidirectional,J_m20p00_m3p00,R_08,1
1205,-20.000,-2.000,0.500,90.000,R_N_rev,R_N_rev,roundabout_connector,bidirectional,J_m20p00_m3p00,R_08,1
1206,-20.000,-1.500,0.500,90.000,R_N_rev,R_N_rev,roundabout_connector,bidirectional,J_m20p00_m3p00,R_08,1
1207,-20.000,-1.000,0.500,90.000,R_N_rev,R_N_rev,roundabout_connector,bidirectional,J_m20p00_m3p00,R_08,1
1208,-20.000,-0.500,0.500,90.000,R_N_rev,R_N_rev,roundabout_connector,bidirectional,J_m20p00_m3p00,R_08,1
1209,-20.000,0.000,0.500,90.000,R_N_rev,R_N_rev,roundabout_connector,bidirectional,J_m20p00_m3p00,R_08,1
1210,-20.000,0.500,0.500,90.000,R_N_rev,R_N_rev,roundabout_connector,bidirectional,J_m20p00_m3p00,R_08,1
1211,-20.000,1.000,0.500,90.000,R_N_rev,R_N_rev,roundabout_connector,bidirectional,J_m20p00_m3p00,R_08,1
1212,-20.000,1.500,0.500,90.000,R_N_rev,R_N_rev,roundabout_connector,bidirectional,J_m20p00_m3p00,R_08,1
1213,-20.000,2.000,0.500,90.000,R_N_rev,R_N_rev,roundabout_connector,bidirectional,J_m20p00_m3p00,R_08,1
1214,-20.000,2.500,0.500,90.000,R_N_rev,R_N_rev,roundabout_connector,bidirectional,J_m20p00_m3p00,R_08,1
1215,-20.000,3.000,0.500,90.000,R_N_rev,R_N_rev,roundabout_connector,bidirectional,J_m20p00_m3p00,R_08,1
1216,-20.000,3.500,0.500,90.000,R_N_rev,R_N_rev,roundabout_connector,bidirectional,J_m20p00_m3p00,R_08,1
1217,-20.000,4.000,0.500,0.000,R_N_rev,R_N_rev,roundabout_connector,bidirectional,J_m20p00_m3p00,R_08,1
1218,-19.500,4.000,0.500,0.000,R_N_rev,R_N_rev,roundabout_connector,bidirectional,J_m20p00_m3p00,R_08,1
1219,-19.000,4.000,0.500,0.000,R_N_rev,R_N_rev,roundabout_connector,bidirectional,J_m20p00_m3p00,R_08,1
1220,-18.500,4.000,0.500,0.000,R_N_rev,R_N_rev,roundabout_connector,bidirectional,J_m20p00_m3p00,R_08,1
1221,-18.000,4.000,0.500,0.000,R_N_rev,R_N_rev,roundabout_connector,bidirectional,J_m20p00_m3p00,R_08,0
1222,-20.000,-34.000,0.500,180.000,H_y-34.0_x-40.0_-20.0_rev,H_y-34.0_x-40.0_-20.0_rev,straight,bidirectional,J_m20p00_m34p00,J_m40p00_m34p00,1
1223,-20.500,-34.000,0.500,180.000,H_y-34.0_x-40.0_-20.0_rev,H_y-34.0_x-40.0_-20.0_rev,straight,bidirectional,J_m20p00_m34p00,J_m40p00_m34p00,1
1224,-21.000,-34.000,0.500,180.000,H_y-34.0_x-40.0_-20.0_rev,H_y-34.0_x-40.0_-20.0_rev,straight,bidirectional,J_m20p00_m34p00,J_m40p00_m34p00,1
1225,-21.500,-34.000,0.500,180.000,H_y-34.0_x-40.0_-20.0_rev,H_y-34.0_x-40.0_-20.0_rev,straight,bidirectional,J_m20p00_m34p00,J_m40p00_m34p00,1
1226,-22.000,-34.000,0.500,180.000,H_y-34.0_x-40.0_-20.0_rev,H_y-34.0_x-40.0_-20.0_rev,straight,bidirectional,J_m20p00_m34p00,J_m40p00_m34p00,1
1227,-22.500,-34.000,0.500,180.000,H_y-34.0_x-40.0_-20.0_rev,H_y-34.0_x-40.0_-20.0_rev,straight,bidirectional,J_m20p00_m34p00,J_m40p00_m34p00,1
1228,-23.000,-34.000,0.500,180.000,H_y-34.0_x-40.0_-20.0_rev,H_y-34.0_x-40.0_-20.0_rev,straight,bidirectional,J_m20p00_m34p00,J_m40p00_m34p00,1
1229,-23.500,-34.000,0.500,180.000,H_y-34.0_x-40.0_-20.0_rev,H_y-34.0_x-40.0_-20.0_rev,straight,bidirectional,J_m20p00_m34p00,J_m40p00_m34p00,1
1230,-24.000,-34.000,0.500,180.000,H_y-34.0_x-40.0_-20.0_rev,H_y-34.0_x-40.0_-20.0_rev,straight,bidirectional,J_m20p00_m34p00,J_m40p00_m34p00,1
1231,-24.500,-34.000,0.500,180.000,H_y-34.0_x-40.0_-20.0_rev,H_y-34.0_x-40.0_-20.0_rev,straight,bidirectional,J_m20p00_m34p00,J_m40p00_m34p00,1
1232,-25.000,-34.000,0.500,180.000,H_y-34.0_x-40.0_-20.0_rev,H_y-34.0_x-40.0_-20.0_rev,straight,bidirectional,J_m20p00_m34p00,J_m40p00_m34p00,1
1233,-25.500,-34.000,0.500,180.000,H_y-34.0_x-40.0_-20.0_rev,H_y-34.0_x-40.0_-20.0_rev,straight,bidirectional,J_m20p00_m34p00,J_m40p00_m34p00,1
1234,-26.000,-34.000,0.500,180.000,H_y-34.0_x-40.0_-20.0_rev,H_y-34.0_x-40.0_-20.0_rev,straight,bidirectional,J_m20p00_m34p00,J_m40p00_m34p00,1
1235,-26.500,-34.000,0.500,180.000,H_y-34.0_x-40.0_-20.0_rev,H_y-34.0_x-40.0_-20.0_rev,straight,bidirectional,J_m20p00_m34p00,J_m40p00_m34p00,1
1236,-27.000,-34.000,0.500,180.000,H_y-34.0_x-40.0_-20.0_rev,H_y-34.0_x-40.0_-20.0_rev,straight,bidirectional,J_m20p00_m34p00,J_m40p00_m34p00,1
1237,-27.500,-34.000,0.500,180.000,H_y-34.0_x-40.0_-20.0_rev,H_y-34.0_x-40.0_-20.0_rev,straight,bidirectional,J_m20p00_m34p00,J_m40p00_m34p00,1
1238,-28.000,-34.000,0.500,180.000,H_y-34.0_x-40.0_-20.0_rev,H_y-34.0_x-40.0_-20.0_rev,straight,bidirectional,J_m20p00_m34p00,J_m40p00_m34p00,1
1239,-28.500,-34.000,0.500,180.000,H_y-34.0_x-40.0_-20.0_rev,H_y-34.0_x-40.0_-20.0_rev,straight,bidirectional,J_m20p00_m34p00,J_m40p00_m34p00,1
1240,-29.000,-34.000,0.500,180.000,H_y-34.0_x-40.0_-20.0_rev,H_y-34.0_x-40.0_-20.0_rev,straight,bidirectional,J_m20p00_m34p00,J_m40p00_m34p00,1
1241,-29.500,-34.000,0.500,180.000,H_y-34.0_x-40.0_-20.0_rev,H_y-34.0_x-40.0_-20.0_rev,straight,bidirectional,J_m20p00_m34p00,J_m40p00_m34p00,1
1242,-30.000,-34.000,0.500,180.000,H_y-34.0_x-40.0_-20.0_rev,H_y-34.0_x-40.0_-20.0_rev,straight,bidirectional,J_m20p00_m34p00,J_m40p00_m34p00,1
1243,-30.500,-34.000,0.500,180.000,H_y-34.0_x-40.0_-20.0_rev,H_y-34.0_x-40.0_-20.0_rev,straight,bidirectional,J_m20p00_m34p00,J_m40p00_m34p00,1
1244,-31.000,-34.000,0.500,180.000,H_y-34.0_x-40.0_-20.0_rev,H_y-34.0_x-40.0_-20.0_rev,straight,bidirectional,J_m20p00_m34p00,J_m40p00_m34p00,1
1245,-31.500,-34.000,0.500,180.000,H_y-34.0_x-40.0_-20.0_rev,H_y-34.0_x-40.0_-20.0_rev,straight,bidirectional,J_m20p00_m34p00,J_m40p00_m34p00,1
1246,-32.000,-34.000,0.500,180.000,H_y-34.0_x-40.0_-20.0_rev,H_y-34.0_x-40.0_-20.0_rev,straight,bidirectional,J_m20p00_m34p00,J_m40p00_m34p00,1
1247,-32.500,-34.000,0.500,180.000,H_y-34.0_x-40.0_-20.0_rev,H_y-34.0_x-40.0_-20.0_rev,straight,bidirectional,J_m20p00_m34p00,J_m40p00_m34p00,1
1248,-33.000,-34.000,0.500,180.000,H_y-34.0_x-40.0_-20.0_rev,H_y-34.0_x-40.0_-20.0_rev,straight,bidirectional,J_m20p00_m34p00,J_m40p00_m34p00,1
1249,-33.500,-34.000,0.500,180.000,H_y-34.0_x-40.0_-20.0_rev,H_y-34.0_x-40.0_-20.0_rev,straight,bidirectional,J_m20p00_m34p00,J_m40p00_m34p00,1
1250,-34.000,-34.000,0.500,180.000,H_y-34.0_x-40.0_-20.0_rev,H_y-34.0_x-40.0_-20.0_rev,straight,bidirectional,J_m20p00_m34p00,J_m40p00_m34p00,1
1251,-34.500,-34.000,0.500,180.000,H_y-34.0_x-40.0_-20.0_rev,H_y-34.0_x-40.0_-20.0_rev,straight,bidirectional,J_m20p00_m34p00,J_m40p00_m34p00,1
1252,-35.000,-34.000,0.500,180.000,H_y-34.0_x-40.0_-20.0_rev,H_y-34.0_x-40.0_-20.0_rev,straight,bidirectional,J_m20p00_m34p00,J_m40p00_m34p00,1
1253,-35.500,-34.000,0.500,180.000,H_y-34.0_x-40.0_-20.0_rev,H_y-34.0_x-40.0_-20.0_rev,straight,bidirectional,J_m20p00_m34p00,J_m40p00_m34p00,1
1254,-36.000,-34.000,0.500,180.000,H_y-34.0_x-40.0_-20.0_rev,H_y-34.0_x-40.0_-20.0_rev,straight,bidirectional,J_m20p00_m34p00,J_m40p00_m34p00,1
1255,-36.500,-34.000,0.500,180.000,H_y-34.0_x-40.0_-20.0_rev,H_y-34.0_x-40.0_-20.0_rev,straight,bidirectional,J_m20p00_m34p00,J_m40p00_m34p00,1
1256,-37.000,-34.000,0.500,180.000,H_y-34.0_x-40.0_-20.0_rev,H_y-34.0_x-40.0_-20.0_rev,straight,bidirectional,J_m20p00_m34p00,J_m40p00_m34p00,1
1257,-37.500,-34.000,0.500,180.000,H_y-34.0_x-40.0_-20.0_rev,H_y-34.0_x-40.0_-20.0_rev,straight,bidirectional,J_m20p00_m34p00,J_m40p00_m34p00,1
1258,-38.000,-34.000,0.500,180.000,H_y-34.0_x-40.0_-20.0_rev,H_y-34.0_x-40.0_-20.0_rev,straight,bidirectional,J_m20p00_m34p00,J_m40p00_m34p00,1
1259,-38.500,-34.000,0.500,180.000,H_y-34.0_x-40.0_-20.0_rev,H_y-34.0_x-40.0_-20.0_rev,straight,bidirectional,J_m20p00_m34p00,J_m40p00_m34p00,1
1260,-39.000,-34.000,0.500,180.000,H_y-34.0_x-40.0_-20.0_rev,H_y-34.0_x-40.0_-20.0_rev,straight,bidirectional,J_m20p00_m34p00,J_m40p00_m34p00,1
1261,-39.500,-34.000,0.500,180.000,H_y-34.0_x-40.0_-20.0_rev,H_y-34.0_x-40.0_-20.0_rev,straight,bidirectional,J_m20p00_m34p00,J_m40p00_m34p00,1
1262,-40.000,-34.000,0.500,180.000,H_y-34.0_x-40.0_-20.0_rev,H_y-34.0_x-40.0_-20.0_rev,straight,bidirectional,J_m20p00_m34p00,J_m40p00_m34p00,0
1263,-20.000,-34.000,0.500,0.000,H_y-34.0_x-20.0_20.0_fwd,H_y-34.0_x-20.0_20.0_fwd,straight,bidirectional,J_m20p00_m34p00,J_20p00_m34p00,1
1264,-19.500,-34.000,0.500,0.000,H_y-34.0_x-20.0_20.0_fwd,H_y-34.0_x-20.0_20.0_fwd,straight,bidirectional,J_m20p00_m34p00,J_20p00_m34p00,1
1265,-19.000,-34.000,0.500,0.000,H_y-34.0_x-20.0_20.0_fwd,H_y-34.0_x-20.0_20.0_fwd,straight,bidirectional,J_m20p00_m34p00,J_20p00_m34p00,1
1266,-18.500,-34.000,0.500,0.000,H_y-34.0_x-20.0_20.0_fwd,H_y-34.0_x-20.0_20.0_fwd,straight,bidirectional,J_m20p00_m34p00,J_20p00_m34p00,1
1267,-18.000,-34.000,0.500,0.000,H_y-34.0_x-20.0_20.0_fwd,H_y-34.0_x-20.0_20.0_fwd,straight,bidirectional,J_m20p00_m34p00,J_20p00_m34p00,1
1268,-17.500,-34.000,0.500,0.000,H_y-34.0_x-20.0_20.0_fwd,H_y-34.0_x-20.0_20.0_fwd,straight,bidirectional,J_m20p00_m34p00,J_20p00_m34p00,1
1269,-17.000,-34.000,0.500,0.000,H_y-34.0_x-20.0_20.0_fwd,H_y-34.0_x-20.0_20.0_fwd,straight,bidirectional,J_m20p00_m34p00,J_20p00_m34p00,1
1270,-16.500,-34.000,0.500,0.000,H_y-34.0_x-20.0_20.0_fwd,H_y-34.0_x-20.0_20.0_fwd,straight,bidirectional,J_m20p00_m34p00,J_20p00_m34p00,1
1271,-16.000,-34.000,0.500,0.000,H_y-34.0_x-20.0_20.0_fwd,H_y-34.0_x-20.0_20.0_fwd,straight,bidirectional,J_m20p00_m34p00,J_20p00_m34p00,1
1272,-15.500,-34.000,0.500,0.000,H_y-34.0_x-20.0_20.0_fwd,H_y-34.0_x-20.0_20.0_fwd,straight,bidirectional,J_m20p00_m34p00,J_20p00_m34p00,1
1273,-15.000,-34.000,0.500,0.000,H_y-34.0_x-20.0_20.0_fwd,H_y-34.0_x-20.0_20.0_fwd,straight,bidirectional,J_m20p00_m34p00,J_20p00_m34p00,1
1274,-14.500,-34.000,0.500,0.000,H_y-34.0_x-20.0_20.0_fwd,H_y-34.0_x-20.0_20.0_fwd,straight,bidirectional,J_m20p00_m34p00,J_20p00_m34p00,1
1275,-14.000,-34.000,0.500,0.000,H_y-34.0_x-20.0_20.0_fwd,H_y-34.0_x-20.0_20.0_fwd,straight,bidirectional,J_m20p00_m34p00,J_20p00_m34p00,1
1276,-13.500,-34.000,0.500,0.000,H_y-34.0_x-20.0_20.0_fwd,H_y-34.0_x-20.0_20.0_fwd,straight,bidirectional,J_m20p00_m34p00,J_20p00_m34p00,1
1277,-13.000,-34.000,0.500,0.000,H_y-34.0_x-20.0_20.0_fwd,H_y-34.0_x-20.0_20.0_fwd,straight,bidirectional,J_m20p00_m34p00,J_20p00_m34p00,1
1278,-12.500,-34.000,0.500,0.000,H_y-34.0_x-20.0_20.0_fwd,H_y-34.0_x-20.0_20.0_fwd,straight,bidirectional,J_m20p00_m34p00,J_20p00_m34p00,1
1279,-12.000,-34.000,0.500,0.000,H_y-34.0_x-20.0_20.0_fwd,H_y-34.0_x-20.0_20.0_fwd,straight,bidirectional,J_m20p00_m34p00,J_20p00_m34p00,1
1280,-11.500,-34.000,0.500,0.000,H_y-34.0_x-20.0_20.0_fwd,H_y-34.0_x-20.0_20.0_fwd,straight,bidirectional,J_m20p00_m34p00,J_20p00_m34p00,1
1281,-11.000,-34.000,0.500,0.000,H_y-34.0_x-20.0_20.0_fwd,H_y-34.0_x-20.0_20.0_fwd,straight,bidirectional,J_m20p00_m34p00,J_20p00_m34p00,1
1282,-10.500,-34.000,0.500,0.000,H_y-34.0_x-20.0_20.0_fwd,H_y-34.0_x-20.0_20.0_fwd,straight,bidirectional,J_m20p00_m34p00,J_20p00_m34p00,1
1283,-10.000,-34.000,0.500,0.000,H_y-34.0_x-20.0_20.0_fwd,H_y-34.0_x-20.0_20.0_fwd,straight,bidirectional,J_m20p00_m34p00,J_20p00_m34p00,1
1284,-9.500,-34.000,0.500,0.000,H_y-34.0_x-20.0_20.0_fwd,H_y-34.0_x-20.0_20.0_fwd,straight,bidirectional,J_m20p00_m34p00,J_20p00_m34p00,1
1285,-9.000,-34.000,0.500,0.000,H_y-34.0_x-20.0_20.0_fwd,H_y-34.0_x-20.0_20.0_fwd,straight,bidirectional,J_m20p00_m34p00,J_20p00_m34p00,1
1286,-8.500,-34.000,0.500,0.000,H_y-34.0_x-20.0_20.0_fwd,H_y-34.0_x-20.0_20.0_fwd,straight,bidirectional,J_m20p00_m34p00,J_20p00_m34p00,1
1287,-8.000,-34.000,0.500,0.000,H_y-34.0_x-20.0_20.0_fwd,H_y-34.0_x-20.0_20.0_fwd,straight,bidirectional,J_m20p00_m34p00,J_20p00_m34p00,1
1288,-7.500,-34.000,0.500,0.000,H_y-34.0_x-20.0_20.0_fwd,H_y-34.0_x-20.0_20.0_fwd,straight,bidirectional,J_m20p00_m34p00,J_20p00_m34p00,1
1289,-7.000,-34.000,0.500,0.000,H_y-34.0_x-20.0_20.0_fwd,H_y-34.0_x-20.0_20.0_fwd,straight,bidirectional,J_m20p00_m34p00,J_20p00_m34p00,1
1290,-6.500,-34.000,0.500,0.000,H_y-34.0_x-20.0_20.0_fwd,H_y-34.0_x-20.0_20.0_fwd,straight,bidirectional,J_m20p00_m34p00,J_20p00_m34p00,1
1291,-6.000,-34.000,0.500,0.000,H_y-34.0_x-20.0_20.0_fwd,H_y-34.0_x-20.0_20.0_fwd,straight,bidirectional,J_m20p00_m34p00,J_20p00_m34p00,1
1292,-5.500,-34.000,0.500,0.000,H_y-34.0_x-20.0_20.0_fwd,H_y-34.0_x-20.0_20.0_fwd,straight,bidirectional,J_m20p00_m34p00,J_20p00_m34p00,1
1293,-5.000,-34.000,0.500,0.000,H_y-34.0_x-20.0_20.0_fwd,H_y-34.0_x-20.0_20.0_fwd,straight,bidirectional,J_m20p00_m34p00,J_20p00_m34p00,1
1294,-4.500,-34.000,0.500,0.000,H_y-34.0_x-20.0_20.0_fwd,H_y-34.0_x-20.0_20.0_fwd,straight,bidirectional,J_m20p00_m34p00,J_20p00_m34p00,1
1295,-4.000,-34.000,0.500,0.000,H_y-34.0_x-20.0_20.0_fwd,H_y-34.0_x-20.0_20.0_fwd,straight,bidirectional,J_m20p00_m34p00,J_20p00_m34p00,1
1296,-3.500,-34.000,0.500,0.000,H_y-34.0_x-20.0_20.0_fwd,H_y-34.0_x-20.0_20.0_fwd,straight,bidirectional,J_m20p00_m34p00,J_20p00_m34p00,1
1297,-3.000,-34.000,0.500,0.000,H_y-34.0_x-20.0_20.0_fwd,H_y-34.0_x-20.0_20.0_fwd,straight,bidirectional,J_m20p00_m34p00,J_20p00_m34p00,1
1298,-2.500,-34.000,0.500,0.000,H_y-34.0_x-20.0_20.0_fwd,H_y-34.0_x-20.0_20.0_fwd,straight,bidirectional,J_m20p00_m34p00,J_20p00_m34p00,1
1299,-2.000,-34.000,0.500,0.000,H_y-34.0_x-20.0_20.0_fwd,H_y-34.0_x-20.0_20.0_fwd,straight,bidirectional,J_m20p00_m34p00,J_20p00_m34p00,1
1300,-1.500,-34.000,0.500,0.000,H_y-34.0_x-20.0_20.0_fwd,H_y-34.0_x-20.0_20.0_fwd,straight,bidirectional,J_m20p00_m34p00,J_20p00_m34p00,1
1301,-1.000,-34.000,0.500,0.000,H_y-34.0_x-20.0_20.0_fwd,H_y-34.0_x-20.0_20.0_fwd,straight,bidirectional,J_m20p00_m34p00,J_20p00_m34p00,1
1302,-0.500,-34.000,0.500,0.000,H_y-34.0_x-20.0_20.0_fwd,H_y-34.0_x-20.0_20.0_fwd,straight,bidirectional,J_m20p00_m34p00,J_20p00_m34p00,1
1303,0.000,-34.000,0.500,0.000,H_y-34.0_x-20.0_20.0_fwd,H_y-34.0_x-20.0_20.0_fwd,straight,bidirectional,J_m20p00_m34p00,J_20p00_m34p00,1
1304,0.500,-34.000,0.500,0.000,H_y-34.0_x-20.0_20.0_fwd,H_y-34.0_x-20.0_20.0_fwd,straight,bidirectional,J_m20p00_m34p00,J_20p00_m34p00,1
1305,1.000,-34.000,0.500,0.000,H_y-34.0_x-20.0_20.0_fwd,H_y-34.0_x-20.0_20.0_fwd,straight,bidirectional,J_m20p00_m34p00,J_20p00_m34p00,1
1306,1.500,-34.000,0.500,0.000,H_y-34.0_x-20.0_20.0_fwd,H_y-34.0_x-20.0_20.0_fwd,straight,bidirectional,J_m20p00_m34p00,J_20p00_m34p00,1
1307,2.000,-34.000,0.500,0.000,H_y-34.0_x-20.0_20.0_fwd,H_y-34.0_x-20.0_20.0_fwd,straight,bidirectional,J_m20p00_m34p00,J_20p00_m34p00,1
1308,2.500,-34.000,0.500,0.000,H_y-34.0_x-20.0_20.0_fwd,H_y-34.0_x-20.0_20.0_fwd,straight,bidirectional,J_m20p00_m34p00,J_20p00_m34p00,1
1309,3.000,-34.000,0.500,0.000,H_y-34.0_x-20.0_20.0_fwd,H_y-34.0_x-20.0_20.0_fwd,straight,bidirectional,J_m20p00_m34p00,J_20p00_m34p00,1
1310,3.500,-34.000,0.500,0.000,H_y-34.0_x-20.0_20.0_fwd,H_y-34.0_x-20.0_20.0_fwd,straight,bidirectional,J_m20p00_m34p00,J_20p00_m34p00,1
1311,4.000,-34.000,0.500,0.000,H_y-34.0_x-20.0_20.0_fwd,H_y-34.0_x-20.0_20.0_fwd,straight,bidirectional,J_m20p00_m34p00,J_20p00_m34p00,1
1312,4.500,-34.000,0.500,0.000,H_y-34.0_x-20.0_20.0_fwd,H_y-34.0_x-20.0_20.0_fwd,straight,bidirectional,J_m20p00_m34p00,J_20p00_m34p00,1
1313,5.000,-34.000,0.500,0.000,H_y-34.0_x-20.0_20.0_fwd,H_y-34.0_x-20.0_20.0_fwd,straight,bidirectional,J_m20p00_m34p00,J_20p00_m34p00,1
1314,5.500,-34.000,0.500,0.000,H_y-34.0_x-20.0_20.0_fwd,H_y-34.0_x-20.0_20.0_fwd,straight,bidirectional,J_m20p00_m34p00,J_20p00_m34p00,1
1315,6.000,-34.000,0.500,0.000,H_y-34.0_x-20.0_20.0_fwd,H_y-34.0_x-20.0_20.0_fwd,straight,bidirectional,J_m20p00_m34p00,J_20p00_m34p00,1
1316,6.500,-34.000,0.500,0.000,H_y-34.0_x-20.0_20.0_fwd,H_y-34.0_x-20.0_20.0_fwd,straight,bidirectional,J_m20p00_m34p00,J_20p00_m34p00,1
1317,7.000,-34.000,0.500,0.000,H_y-34.0_x-20.0_20.0_fwd,H_y-34.0_x-20.0_20.0_fwd,straight,bidirectional,J_m20p00_m34p00,J_20p00_m34p00,1
1318,7.500,-34.000,0.500,0.000,H_y-34.0_x-20.0_20.0_fwd,H_y-34.0_x-20.0_20.0_fwd,straight,bidirectional,J_m20p00_m34p00,J_20p00_m34p00,1
1319,8.000,-34.000,0.500,0.000,H_y-34.0_x-20.0_20.0_fwd,H_y-34.0_x-20.0_20.0_fwd,straight,bidirectional,J_m20p00_m34p00,J_20p00_m34p00,1
1320,8.500,-34.000,0.500,0.000,H_y-34.0_x-20.0_20.0_fwd,H_y-34.0_x-20.0_20.0_fwd,straight,bidirectional,J_m20p00_m34p00,J_20p00_m34p00,1
1321,9.000,-34.000,0.500,0.000,H_y-34.0_x-20.0_20.0_fwd,H_y-34.0_x-20.0_20.0_fwd,straight,bidirectional,J_m20p00_m34p00,J_20p00_m34p00,1
1322,9.500,-34.000,0.500,0.000,H_y-34.0_x-20.0_20.0_fwd,H_y-34.0_x-20.0_20.0_fwd,straight,bidirectional,J_m20p00_m34p00,J_20p00_m34p00,1
1323,10.000,-34.000,0.500,0.000,H_y-34.0_x-20.0_20.0_fwd,H_y-34.0_x-20.0_20.0_fwd,straight,bidirectional,J_m20p00_m34p00,J_20p00_m34p00,1
1324,10.500,-34.000,0.500,0.000,H_y-34.0_x-20.0_20.0_fwd,H_y-34.0_x-20.0_20.0_fwd,straight,bidirectional,J_m20p00_m34p00,J_20p00_m34p00,1
1325,11.000,-34.000,0.500,0.000,H_y-34.0_x-20.0_20.0_fwd,H_y-34.0_x-20.0_20.0_fwd,straight,bidirectional,J_m20p00_m34p00,J_20p00_m34p00,1
1326,11.500,-34.000,0.500,0.000,H_y-34.0_x-20.0_20.0_fwd,H_y-34.0_x-20.0_20.0_fwd,straight,bidirectional,J_m20p00_m34p00,J_20p00_m34p00,1
1327,12.000,-34.000,0.500,0.000,H_y-34.0_x-20.0_20.0_fwd,H_y-34.0_x-20.0_20.0_fwd,straight,bidirectional,J_m20p00_m34p00,J_20p00_m34p00,1
1328,12.500,-34.000,0.500,0.000,H_y-34.0_x-20.0_20.0_fwd,H_y-34.0_x-20.0_20.0_fwd,straight,bidirectional,J_m20p00_m34p00,J_20p00_m34p00,1
1329,13.000,-34.000,0.500,0.000,H_y-34.0_x-20.0_20.0_fwd,H_y-34.0_x-20.0_20.0_fwd,straight,bidirectional,J_m20p00_m34p00,J_20p00_m34p00,1
1330,13.500,-34.000,0.500,0.000,H_y-34.0_x-20.0_20.0_fwd,H_y-34.0_x-20.0_20.0_fwd,straight,bidirectional,J_m20p00_m34p00,J_20p00_m34p00,1
1331,14.000,-34.000,0.500,0.000,H_y-34.0_x-20.0_20.0_fwd,H_y-34.0_x-20.0_20.0_fwd,straight,bidirectional,J_m20p00_m34p00,J_20p00_m34p00,1
1332,14.500,-34.000,0.500,0.000,H_y-34.0_x-20.0_20.0_fwd,H_y-34.0_x-20.0_20.0_fwd,straight,bidirectional,J_m20p00_m34p00,J_20p00_m34p00,1
1333,15.000,-34.000,0.500,0.000,H_y-34.0_x-20.0_20.0_fwd,H_y-34.0_x-20.0_20.0_fwd,straight,bidirectional,J_m20p00_m34p00,J_20p00_m34p00,1
1334,15.500,-34.000,0.500,0.000,H_y-34.0_x-20.0_20.0_fwd,H_y-34.0_x-20.0_20.0_fwd,straight,bidirectional,J_m20p00_m34p00,J_20p00_m34p00,1
1335,16.000,-34.000,0.500,0.000,H_y-34.0_x-20.0_20.0_fwd,H_y-34.0_x-20.0_20.0_fwd,straight,bidirectional,J_m20p00_m34p00,J_20p00_m34p00,1
1336,16.500,-34.000,0.500,0.000,H_y-34.0_x-20.0_20.0_fwd,H_y-34.0_x-20.0_20.0_fwd,straight,bidirectional,J_m20p00_m34p00,J_20p00_m34p00,1
1337,17.000,-34.000,0.500,0.000,H_y-34.0_x-20.0_20.0_fwd,H_y-34.0_x-20.0_20.0_fwd,straight,bidirectional,J_m20p00_m34p00,J_20p00_m34p00,1
1338,17.500,-34.000,0.500,0.000,H_y-34.0_x-20.0_20.0_fwd,H_y-34.0_x-20.0_20.0_fwd,straight,bidirectional,J_m20p00_m34p00,J_20p00_m34p00,1
1339,18.000,-34.000,0.500,0.000,H_y-34.0_x-20.0_20.0_fwd,H_y-34.0_x-20.0_20.0_fwd,straight,bidirectional,J_m20p00_m34p00,J_20p00_m34p00,1
1340,18.500,-34.000,0.500,0.000,H_y-34.0_x-20.0_20.0_fwd,H_y-34.0_x-20.0_20.0_fwd,straight,bidirectional,J_m20p00_m34p00,J_20p00_m34p00,1
1341,19.000,-34.000,0.500,0.000,H_y-34.0_x-20.0_20.0_fwd,H_y-34.0_x-20.0_20.0_fwd,straight,bidirectional,J_m20p00_m34p00,J_20p00_m34p00,1
1342,19.500,-34.000,0.500,0.000,H_y-34.0_x-20.0_20.0_fwd,H_y-34.0_x-20.0_20.0_fwd,straight,bidirectional,J_m20p00_m34p00,J_20p00_m34p00,1
1343,20.000,-34.000,0.500,0.000,H_y-34.0_x-20.0_20.0_fwd,H_y-34.0_x-20.0_20.0_fwd,straight,bidirectional,J_m20p00_m34p00,J_20p00_m34p00,0
1344,-20.000,-34.000,0.500,90.000,V_x-20.0_y-34.0_-3.0_fwd,V_x-20.0_y-34.0_-3.0_fwd,straight,bidirectional,J_m20p00_m34p00,J_m20p00_m3p00,1
1345,-20.000,-33.500,0.500,90.000,V_x-20.0_y-34.0_-3.0_fwd,V_x-20.0_y-34.0_-3.0_fwd,straight,bidirectional,J_m20p00_m34p00,J_m20p00_m3p00,1
1346,-20.000,-33.000,0.500,90.000,V_x-20.0_y-34.0_-3.0_fwd,V_x-20.0_y-34.0_-3.0_fwd,straight,bidirectional,J_m20p00_m34p00,J_m20p00_m3p00,1
1347,-20.000,-32.500,0.500,90.000,V_x-20.0_y-34.0_-3.0_fwd,V_x-20.0_y-34.0_-3.0_fwd,straight,bidirectional,J_m20p00_m34p00,J_m20p00_m3p00,1
1348,-20.000,-32.000,0.500,90.000,V_x-20.0_y-34.0_-3.0_fwd,V_x-20.0_y-34.0_-3.0_fwd,straight,bidirectional,J_m20p00_m34p00,J_m20p00_m3p00,1
1349,-20.000,-31.500,0.500,90.000,V_x-20.0_y-34.0_-3.0_fwd,V_x-20.0_y-34.0_-3.0_fwd,straight,bidirectional,J_m20p00_m34p00,J_m20p00_m3p00,1
1350,-20.000,-31.000,0.500,90.000,V_x-20.0_y-34.0_-3.0_fwd,V_x-20.0_y-34.0_-3.0_fwd,straight,bidirectional,J_m20p00_m34p00,J_m20p00_m3p00,1
1351,-20.000,-30.500,0.500,90.000,V_x-20.0_y-34.0_-3.0_fwd,V_x-20.0_y-34.0_-3.0_fwd,straight,bidirectional,J_m20p00_m34p00,J_m20p00_m3p00,1
1352,-20.000,-30.000,0.500,90.000,V_x-20.0_y-34.0_-3.0_fwd,V_x-20.0_y-34.0_-3.0_fwd,straight,bidirectional,J_m20p00_m34p00,J_m20p00_m3p00,1
1353,-20.000,-29.500,0.500,90.000,V_x-20.0_y-34.0_-3.0_fwd,V_x-20.0_y-34.0_-3.0_fwd,straight,bidirectional,J_m20p00_m34p00,J_m20p00_m3p00,1
1354,-20.000,-29.000,0.500,90.000,V_x-20.0_y-34.0_-3.0_fwd,V_x-20.0_y-34.0_-3.0_fwd,straight,bidirectional,J_m20p00_m34p00,J_m20p00_m3p00,1
1355,-20.000,-28.500,0.500,90.000,V_x-20.0_y-34.0_-3.0_fwd,V_x-20.0_y-34.0_-3.0_fwd,straight,bidirectional,J_m20p00_m34p00,J_m20p00_m3p00,1
1356,-20.000,-28.000,0.500,90.000,V_x-20.0_y-34.0_-3.0_fwd,V_x-20.0_y-34.0_-3.0_fwd,straight,bidirectional,J_m20p00_m34p00,J_m20p00_m3p00,1
1357,-20.000,-27.500,0.500,90.000,V_x-20.0_y-34.0_-3.0_fwd,V_x-20.0_y-34.0_-3.0_fwd,straight,bidirectional,J_m20p00_m34p00,J_m20p00_m3p00,1
1358,-20.000,-27.000,0.500,90.000,V_x-20.0_y-34.0_-3.0_fwd,V_x-20.0_y-34.0_-3.0_fwd,straight,bidirectional,J_m20p00_m34p00,J_m20p00_m3p00,1
1359,-20.000,-26.500,0.500,90.000,V_x-20.0_y-34.0_-3.0_fwd,V_x-20.0_y-34.0_-3.0_fwd,straight,bidirectional,J_m20p00_m34p00,J_m20p00_m3p00,1
1360,-20.000,-26.000,0.500,90.000,V_x-20.0_y-34.0_-3.0_fwd,V_x-20.0_y-34.0_-3.0_fwd,straight,bidirectional,J_m20p00_m34p00,J_m20p00_m3p00,1
1361,-20.000,-25.500,0.500,90.000,V_x-20.0_y-34.0_-3.0_fwd,V_x-20.0_y-34.0_-3.0_fwd,straight,bidirectional,J_m20p00_m34p00,J_m20p00_m3p00,1
1362,-20.000,-25.000,0.500,90.000,V_x-20.0_y-34.0_-3.0_fwd,V_x-20.0_y-34.0_-3.0_fwd,straight,bidirectional,J_m20p00_m34p00,J_m20p00_m3p00,1
1363,-20.000,-24.500,0.500,90.000,V_x-20.0_y-34.0_-3.0_fwd,V_x-20.0_y-34.0_-3.0_fwd,straight,bidirectional,J_m20p00_m34p00,J_m20p00_m3p00,1
1364,-20.000,-24.000,0.500,90.000,V_x-20.0_y-34.0_-3.0_fwd,V_x-20.0_y-34.0_-3.0_fwd,straight,bidirectional,J_m20p00_m34p00,J_m20p00_m3p00,1
1365,-20.000,-23.500,0.500,90.000,V_x-20.0_y-34.0_-3.0_fwd,V_x-20.0_y-34.0_-3.0_fwd,straight,bidirectional,J_m20p00_m34p00,J_m20p00_m3p00,1
1366,-20.000,-23.000,0.500,90.000,V_x-20.0_y-34.0_-3.0_fwd,V_x-20.0_y-34.0_-3.0_fwd,straight,bidirectional,J_m20p00_m34p00,J_m20p00_m3p00,1
1367,-20.000,-22.500,0.500,90.000,V_x-20.0_y-34.0_-3.0_fwd,V_x-20.0_y-34.0_-3.0_fwd,straight,bidirectional,J_m20p00_m34p00,J_m20p00_m3p00,1
1368,-20.000,-22.000,0.500,90.000,V_x-20.0_y-34.0_-3.0_fwd,V_x-20.0_y-34.0_-3.0_fwd,straight,bidirectional,J_m20p00_m34p00,J_m20p00_m3p00,1
1369,-20.000,-21.500,0.500,90.000,V_x-20.0_y-34.0_-3.0_fwd,V_x-20.0_y-34.0_-3.0_fwd,straight,bidirectional,J_m20p00_m34p00,J_m20p00_m3p00,1
1370,-20.000,-21.000,0.500,90.000,V_x-20.0_y-34.0_-3.0_fwd,V_x-20.0_y-34.0_-3.0_fwd,straight,bidirectional,J_m20p00_m34p00,J_m20p00_m3p00,1
1371,-20.000,-20.500,0.500,90.000,V_x-20.0_y-34.0_-3.0_fwd,V_x-20.0_y-34.0_-3.0_fwd,straight,bidirectional,J_m20p00_m34p00,J_m20p00_m3p00,1
1372,-20.000,-20.000,0.500,90.000,V_x-20.0_y-34.0_-3.0_fwd,V_x-20.0_y-34.0_-3.0_fwd,straight,bidirectional,J_m20p00_m34p00,J_m20p00_m3p00,1
1373,-20.000,-19.500,0.500,90.000,V_x-20.0_y-34.0_-3.0_fwd,V_x-20.0_y-34.0_-3.0_fwd,straight,bidirectional,J_m20p00_m34p00,J_m20p00_m3p00,1
1374,-20.000,-19.000,0.500,90.000,V_x-20.0_y-34.0_-3.0_fwd,V_x-20.0_y-34.0_-3.0_fwd,straight,bidirectional,J_m20p00_m34p00,J_m20p00_m3p00,1
1375,-20.000,-18.500,0.500,90.000,V_x-20.0_y-34.0_-3.0_fwd,V_x-20.0_y-34.0_-3.0_fwd,straight,bidirectional,J_m20p00_m34p00,J_m20p00_m3p00,1
1376,-20.000,-18.000,0.500,90.000,V_x-20.0_y-34.0_-3.0_fwd,V_x-20.0_y-34.0_-3.0_fwd,straight,bidirectional,J_m20p00_m34p00,J_m20p00_m3p00,1
1377,-20.000,-17.500,0.500,90.000,V_x-20.0_y-34.0_-3.0_fwd,V_x-20.0_y-34.0_-3.0_fwd,straight,bidirectional,J_m20p00_m34p00,J_m20p00_m3p00,1
1378,-20.000,-17.000,0.500,90.000,V_x-20.0_y-34.0_-3.0_fwd,V_x-20.0_y-34.0_-3.0_fwd,straight,bidirectional,J_m20p00_m34p00,J_m20p00_m3p00,1
1379,-20.000,-16.500,0.500,90.000,V_x-20.0_y-34.0_-3.0_fwd,V_x-20.0_y-34.0_-3.0_fwd,straight,bidirectional,J_m20p00_m34p00,J_m20p00_m3p00,1
1380,-20.000,-16.000,0.500,90.000,V_x-20.0_y-34.0_-3.0_fwd,V_x-20.0_y-34.0_-3.0_fwd,straight,bidirectional,J_m20p00_m34p00,J_m20p00_m3p00,1
1381,-20.000,-15.500,0.500,90.000,V_x-20.0_y-34.0_-3.0_fwd,V_x-20.0_y-34.0_-3.0_fwd,straight,bidirectional,J_m20p00_m34p00,J_m20p00_m3p00,1
1382,-20.000,-15.000,0.500,90.000,V_x-20.0_y-34.0_-3.0_fwd,V_x-20.0_y-34.0_-3.0_fwd,straight,bidirectional,J_m20p00_m34p00,J_m20p00_m3p00,1
1383,-20.000,-14.500,0.500,90.000,V_x-20.0_y-34.0_-3.0_fwd,V_x-20.0_y-34.0_-3.0_fwd,straight,bidirectional,J_m20p00_m34p00,J_m20p00_m3p00,1
1384,-20.000,-14.000,0.500,90.000,V_x-20.0_y-34.0_-3.0_fwd,V_x-20.0_y-34.0_-3.0_fwd,straight,bidirectional,J_m20p00_m34p00,J_m20p00_m3p00,1
1385,-20.000,-13.500,0.500,90.000,V_x-20.0_y-34.0_-3.0_fwd,V_x-20.0_y-34.0_-3.0_fwd,straight,bidirectional,J_m20p00_m34p00,J_m20p00_m3p00,1
1386,-20.000,-13.000,0.500,90.000,V_x-20.0_y-34.0_-3.0_fwd,V_x-20.0_y-34.0_-3.0_fwd,straight,bidirectional,J_m20p00_m34p00,J_m20p00_m3p00,1
1387,-20.000,-12.500,0.500,90.000,V_x-20.0_y-34.0_-3.0_fwd,V_x-20.0_y-34.0_-3.0_fwd,straight,bidirectional,J_m20p00_m34p00,J_m20p00_m3p00,1
1388,-20.000,-12.000,0.500,90.000,V_x-20.0_y-34.0_-3.0_fwd,V_x-20.0_y-34.0_-3.0_fwd,straight,bidirectional,J_m20p00_m34p00,J_m20p00_m3p00,1
1389,-20.000,-11.500,0.500,90.000,V_x-20.0_y-34.0_-3.0_fwd,V_x-20.0_y-34.0_-3.0_fwd,straight,bidirectional,J_m20p00_m34p00,J_m20p00_m3p00,1
1390,-20.000,-11.000,0.500,90.000,V_x-20.0_y-34.0_-3.0_fwd,V_x-20.0_y-34.0_-3.0_fwd,straight,bidirectional,J_m20p00_m34p00,J_m20p00_m3p00,1
1391,-20.000,-10.500,0.500,90.000,V_x-20.0_y-34.0_-3.0_fwd,V_x-20.0_y-34.0_-3.0_fwd,straight,bidirectional,J_m20p00_m34p00,J_m20p00_m3p00,1
1392,-20.000,-10.000,0.500,90.000,V_x-20.0_y-34.0_-3.0_fwd,V_x-20.0_y-34.0_-3.0_fwd,straight,bidirectional,J_m20p00_m34p00,J_m20p00_m3p00,1
1393,-20.000,-9.500,0.500,90.000,V_x-20.0_y-34.0_-3.0_fwd,V_x-20.0_y-34.0_-3.0_fwd,straight,bidirectional,J_m20p00_m34p00,J_m20p00_m3p00,1
1394,-20.000,-9.000,0.500,90.000,V_x-20.0_y-34.0_-3.0_fwd,V_x-20.0_y-34.0_-3.0_fwd,straight,bidirectional,J_m20p00_m34p00,J_m20p00_m3p00,1
1395,-20.000,-8.500,0.500,90.000,V_x-20.0_y-34.0_-3.0_fwd,V_x-20.0_y-34.0_-3.0_fwd,straight,bidirectional,J_m20p00_m34p00,J_m20p00_m3p00,1
1396,-20.000,-8.000,0.500,90.000,V_x-20.0_y-34.0_-3.0_fwd,V_x-20.0_y-34.0_-3.0_fwd,straight,bidirectional,J_m20p00_m34p00,J_m20p00_m3p00,1
1397,-20.000,-7.500,0.500,90.000,V_x-20.0_y-34.0_-3.0_fwd,V_x-20.0_y-34.0_-3.0_fwd,straight,bidirectional,J_m20p00_m34p00,J_m20p00_m3p00,1
1398,-20.000,-7.000,0.500,90.000,V_x-20.0_y-34.0_-3.0_fwd,V_x-20.0_y-34.0_-3.0_fwd,straight,bidirectional,J_m20p00_m34p00,J_m20p00_m3p00,1
1399,-20.000,-6.500,0.500,90.000,V_x-20.0_y-34.0_-3.0_fwd,V_x-20.0_y-34.0_-3.0_fwd,straight,bidirectional,J_m20p00_m34p00,J_m20p00_m3p00,1
1400,-20.000,-6.000,0.500,90.000,V_x-20.0_y-34.0_-3.0_fwd,V_x-20.0_y-34.0_-3.0_fwd,straight,bidirectional,J_m20p00_m34p00,J_m20p00_m3p00,1
1401,-20.000,-5.500,0.500,90.000,V_x-20.0_y-34.0_-3.0_fwd,V_x-20.0_y-34.0_-3.0_fwd,straight,bidirectional,J_m20p00_m34p00,J_m20p00_m3p00,1
1402,-20.000,-5.000,0.500,90.000,V_x-20.0_y-34.0_-3.0_fwd,V_x-20.0_y-34.0_-3.0_fwd,straight,bidirectional,J_m20p00_m34p00,J_m20p00_m3p00,1
1403,-20.000,-4.500,0.500,90.000,V_x-20.0_y-34.0_-3.0_fwd,V_x-20.0_y-34.0_-3.0_fwd,straight,bidirectional,J_m20p00_m34p00,J_m20p00_m3p00,1
1404,-20.000,-4.000,0.500,90.000,V_x-20.0_y-34.0_-3.0_fwd,V_x-20.0_y-34.0_-3.0_fwd,straight,bidirectional,J_m20p00_m34p00,J_m20p00_m3p00,1
1405,-20.000,-3.500,0.500,90.000,V_x-20.0_y-34.0_-3.0_fwd,V_x-20.0_y-34.0_-3.0_fwd,straight,bidirectional,J_m20p00_m34p00,J_m20p00_m3p00,1
1406,-20.000,-3.000,0.500,90.000,V_x-20.0_y-34.0_-3.0_fwd,V_x-20.0_y-34.0_-3.0_fwd,straight,bidirectional,J_m20p00_m34p00,J_m20p00_m3p00,0
1407,-20.000,-34.000,0.500,90.000,R_S_rev,R_S_rev,roundabout_connector,bidirectional,J_m20p00_m34p00,R_24,1
1408,-20.000,-33.500,0.500,90.000,R_S_rev,R_S_rev,roundabout_connector,bidirectional,J_m20p00_m34p00,R_24,1
1409,-20.000,-33.000,0.500,90.000,R_S_rev,R_S_rev,roundabout_connector,bidirectional,J_m20p00_m34p00,R_24,1
1410,-20.000,-32.500,0.500,90.000,R_S_rev,R_S_rev,roundabout_connector,bidirectional,J_m20p00_m34p00,R_24,1
1411,-20.000,-32.000,0.500,90.000,R_S_rev,R_S_rev,roundabout_connector,bidirectional,J_m20p00_m34p00,R_24,1
1412,-20.000,-31.500,0.500,90.000,R_S_rev,R_S_rev,roundabout_connector,bidirectional,J_m20p00_m34p00,R_24,1
1413,-20.000,-31.000,0.500,90.000,R_S_rev,R_S_rev,roundabout_connector,bidirectional,J_m20p00_m34p00,R_24,1
1414,-20.000,-30.500,0.500,90.000,R_S_rev,R_S_rev,roundabout_connector,bidirectional,J_m20p00_m34p00,R_24,1
1415,-20.000,-30.000,0.500,90.000,R_S_rev,R_S_rev,roundabout_connector,bidirectional,J_m20p00_m34p00,R_24,1
1416,-20.000,-29.500,0.500,90.000,R_S_rev,R_S_rev,roundabout_connector,bidirectional,J_m20p00_m34p00,R_24,1
1417,-20.000,-29.000,0.500,90.000,R_S_rev,R_S_rev,roundabout_connector,bidirectional,J_m20p00_m34p00,R_24,1
1418,-20.000,-28.500,0.500,90.000,R_S_rev,R_S_rev,roundabout_connector,bidirectional,J_m20p00_m34p00,R_24,1
1419,-20.000,-28.000,0.500,90.000,R_S_rev,R_S_rev,roundabout_connector,bidirectional,J_m20p00_m34p00,R_24,1
1420,-20.000,-27.500,0.500,90.000,R_S_rev,R_S_rev,roundabout_connector,bidirectional,J_m20p00_m34p00,R_24,1
1421,-20.000,-27.000,0.500,90.000,R_S_rev,R_S_rev,roundabout_connector,bidirectional,J_m20p00_m34p00,R_24,1
1422,-20.000,-26.500,0.500,90.000,R_S_rev,R_S_rev,roundabout_connector,bidirectional,J_m20p00_m34p00,R_24,1
1423,-20.000,-26.000,0.500,90.000,R_S_rev,R_S_rev,roundabout_connector,bidirectional,J_m20p00_m34p00,R_24,1
1424,-20.000,-25.500,0.500,90.000,R_S_rev,R_S_rev,roundabout_connector,bidirectional,J_m20p00_m34p00,R_24,1
1425,-20.000,-25.000,0.500,90.000,R_S_rev,R_S_rev,roundabout_connector,bidirectional,J_m20p00_m34p00,R_24,1
1426,-20.000,-24.500,0.500,90.000,R_S_rev,R_S_rev,roundabout_connector,bidirectional,J_m20p00_m34p00,R_24,1
1427,-20.000,-24.000,0.500,90.000,R_S_rev,R_S_rev,roundabout_connector,bidirectional,J_m20p00_m34p00,R_24,1
1428,-20.000,-23.500,0.500,90.000,R_S_rev,R_S_rev,roundabout_connector,bidirectional,J_m20p00_m34p00,R_24,1
1429,-20.000,-23.000,0.500,90.000,R_S_rev,R_S_rev,roundabout_connector,bidirectional,J_m20p00_m34p00,R_24,1
1430,-20.000,-22.500,0.500,90.000,R_S_rev,R_S_rev,roundabout_connector,bidirectional,J_m20p00_m34p00,R_24,1
1431,-20.000,-22.000,0.500,90.000,R_S_rev,R_S_rev,roundabout_connector,bidirectional,J_m20p00_m34p00,R_24,1
1432,-20.000,-21.500,0.500,90.000,R_S_rev,R_S_rev,roundabout_connector,bidirectional,J_m20p00_m34p00,R_24,1
1433,-20.000,-21.000,0.500,90.000,R_S_rev,R_S_rev,roundabout_connector,bidirectional,J_m20p00_m34p00,R_24,1
1434,-20.000,-20.500,0.500,90.000,R_S_rev,R_S_rev,roundabout_connector,bidirectional,J_m20p00_m34p00,R_24,1
1435,-20.000,-20.000,0.500,90.000,R_S_rev,R_S_rev,roundabout_connector,bidirectional,J_m20p00_m34p00,R_24,1
1436,-20.000,-19.500,0.500,90.000,R_S_rev,R_S_rev,roundabout_connector,bidirectional,J_m20p00_m34p00,R_24,1
1437,-20.000,-19.000,0.500,90.000,R_S_rev,R_S_rev,roundabout_connector,bidirectional,J_m20p00_m34p00,R_24,1
1438,-20.000,-18.500,0.500,90.000,R_S_rev,R_S_rev,roundabout_connector,bidirectional,J_m20p00_m34p00,R_24,1
1439,-20.000,-18.000,0.500,90.000,R_S_rev,R_S_rev,roundabout_connector,bidirectional,J_m20p00_m34p00,R_24,1
1440,-20.000,-17.500,0.500,90.000,R_S_rev,R_S_rev,roundabout_connector,bidirectional,J_m20p00_m34p00,R_24,1
1441,-20.000,-17.000,0.500,90.000,R_S_rev,R_S_rev,roundabout_connector,bidirectional,J_m20p00_m34p00,R_24,1
1442,-20.000,-16.500,0.500,90.000,R_S_rev,R_S_rev,roundabout_connector,bidirectional,J_m20p00_m34p00,R_24,1
1443,-20.000,-16.000,0.500,90.000,R_S_rev,R_S_rev,roundabout_connector,bidirectional,J_m20p00_m34p00,R_24,1
1444,-20.000,-15.500,0.500,90.000,R_S_rev,R_S_rev,roundabout_connector,bidirectional,J_m20p00_m34p00,R_24,1
1445,-20.000,-15.000,0.500,90.000,R_S_rev,R_S_rev,roundabout_connector,bidirectional,J_m20p00_m34p00,R_24,1
1446,-20.000,-14.500,0.500,90.000,R_S_rev,R_S_rev,roundabout_connector,bidirectional,J_m20p00_m34p00,R_24,1
1447,-20.000,-14.000,0.500,90.000,R_S_rev,R_S_rev,roundabout_connector,bidirectional,J_m20p00_m34p00,R_24,1
1448,-20.000,-13.500,0.500,90.000,R_S_rev,R_S_rev,roundabout_connector,bidirectional,J_m20p00_m34p00,R_24,1
1449,-20.000,-13.000,0.500,90.000,R_S_rev,R_S_rev,roundabout_connector,bidirectional,J_m20p00_m34p00,R_24,1
1450,-20.000,-12.500,0.500,90.000,R_S_rev,R_S_rev,roundabout_connector,bidirectional,J_m20p00_m34p00,R_24,1
1451,-20.000,-12.000,0.500,0.000,R_S_rev,R_S_rev,roundabout_connector,bidirectional,J_m20p00_m34p00,R_24,1
1452,-19.500,-12.000,0.500,0.000,R_S_rev,R_S_rev,roundabout_connector,bidirectional,J_m20p00_m34p00,R_24,1
1453,-19.000,-12.000,0.500,0.000,R_S_rev,R_S_rev,roundabout_connector,bidirectional,J_m20p00_m34p00,R_24,1
1454,-18.500,-12.000,0.500,0.000,R_S_rev,R_S_rev,roundabout_connector,bidirectional,J_m20p00_m34p00,R_24,1
1455,-18.000,-12.000,0.500,0.000,R_S_rev,R_S_rev,roundabout_connector,bidirectional,J_m20p00_m34p00,R_24,0
1456,20.000,48.000,0.500,180.000,H_y48.0_x-20.0_20.0_rev,H_y48.0_x-20.0_20.0_rev,straight,bidirectional,J_20p00_48p00,J_m20p00_48p00,1
1457,19.500,48.000,0.500,180.000,H_y48.0_x-20.0_20.0_rev,H_y48.0_x-20.0_20.0_rev,straight,bidirectional,J_20p00_48p00,J_m20p00_48p00,1
1458,19.000,48.000,0.500,180.000,H_y48.0_x-20.0_20.0_rev,H_y48.0_x-20.0_20.0_rev,straight,bidirectional,J_20p00_48p00,J_m20p00_48p00,1
1459,18.500,48.000,0.500,180.000,H_y48.0_x-20.0_20.0_rev,H_y48.0_x-20.0_20.0_rev,straight,bidirectional,J_20p00_48p00,J_m20p00_48p00,1
1460,18.000,48.000,0.500,180.000,H_y48.0_x-20.0_20.0_rev,H_y48.0_x-20.0_20.0_rev,straight,bidirectional,J_20p00_48p00,J_m20p00_48p00,1
1461,17.500,48.000,0.500,180.000,H_y48.0_x-20.0_20.0_rev,H_y48.0_x-20.0_20.0_rev,straight,bidirectional,J_20p00_48p00,J_m20p00_48p00,1
1462,17.000,48.000,0.500,180.000,H_y48.0_x-20.0_20.0_rev,H_y48.0_x-20.0_20.0_rev,straight,bidirectional,J_20p00_48p00,J_m20p00_48p00,1
1463,16.500,48.000,0.500,180.000,H_y48.0_x-20.0_20.0_rev,H_y48.0_x-20.0_20.0_rev,straight,bidirectional,J_20p00_48p00,J_m20p00_48p00,1
1464,16.000,48.000,0.500,180.000,H_y48.0_x-20.0_20.0_rev,H_y48.0_x-20.0_20.0_rev,straight,bidirectional,J_20p00_48p00,J_m20p00_48p00,1
1465,15.500,48.000,0.500,180.000,H_y48.0_x-20.0_20.0_rev,H_y48.0_x-20.0_20.0_rev,straight,bidirectional,J_20p00_48p00,J_m20p00_48p00,1
1466,15.000,48.000,0.500,180.000,H_y48.0_x-20.0_20.0_rev,H_y48.0_x-20.0_20.0_rev,straight,bidirectional,J_20p00_48p00,J_m20p00_48p00,1
1467,14.500,48.000,0.500,180.000,H_y48.0_x-20.0_20.0_rev,H_y48.0_x-20.0_20.0_rev,straight,bidirectional,J_20p00_48p00,J_m20p00_48p00,1
1468,14.000,48.000,0.500,180.000,H_y48.0_x-20.0_20.0_rev,H_y48.0_x-20.0_20.0_rev,straight,bidirectional,J_20p00_48p00,J_m20p00_48p00,1
1469,13.500,48.000,0.500,180.000,H_y48.0_x-20.0_20.0_rev,H_y48.0_x-20.0_20.0_rev,straight,bidirectional,J_20p00_48p00,J_m20p00_48p00,1
1470,13.000,48.000,0.500,180.000,H_y48.0_x-20.0_20.0_rev,H_y48.0_x-20.0_20.0_rev,straight,bidirectional,J_20p00_48p00,J_m20p00_48p00,1
1471,12.500,48.000,0.500,180.000,H_y48.0_x-20.0_20.0_rev,H_y48.0_x-20.0_20.0_rev,straight,bidirectional,J_20p00_48p00,J_m20p00_48p00,1
1472,12.000,48.000,0.500,180.000,H_y48.0_x-20.0_20.0_rev,H_y48.0_x-20.0_20.0_rev,straight,bidirectional,J_20p00_48p00,J_m20p00_48p00,1
1473,11.500,48.000,0.500,180.000,H_y48.0_x-20.0_20.0_rev,H_y48.0_x-20.0_20.0_rev,straight,bidirectional,J_20p00_48p00,J_m20p00_48p00,1
1474,11.000,48.000,0.500,180.000,H_y48.0_x-20.0_20.0_rev,H_y48.0_x-20.0_20.0_rev,straight,bidirectional,J_20p00_48p00,J_m20p00_48p00,1
1475,10.500,48.000,0.500,180.000,H_y48.0_x-20.0_20.0_rev,H_y48.0_x-20.0_20.0_rev,straight,bidirectional,J_20p00_48p00,J_m20p00_48p00,1
1476,10.000,48.000,0.500,180.000,H_y48.0_x-20.0_20.0_rev,H_y48.0_x-20.0_20.0_rev,straight,bidirectional,J_20p00_48p00,J_m20p00_48p00,1
1477,9.500,48.000,0.500,180.000,H_y48.0_x-20.0_20.0_rev,H_y48.0_x-20.0_20.0_rev,straight,bidirectional,J_20p00_48p00,J_m20p00_48p00,1
1478,9.000,48.000,0.500,180.000,H_y48.0_x-20.0_20.0_rev,H_y48.0_x-20.0_20.0_rev,straight,bidirectional,J_20p00_48p00,J_m20p00_48p00,1
1479,8.500,48.000,0.500,180.000,H_y48.0_x-20.0_20.0_rev,H_y48.0_x-20.0_20.0_rev,straight,bidirectional,J_20p00_48p00,J_m20p00_48p00,1
1480,8.000,48.000,0.500,180.000,H_y48.0_x-20.0_20.0_rev,H_y48.0_x-20.0_20.0_rev,straight,bidirectional,J_20p00_48p00,J_m20p00_48p00,1
1481,7.500,48.000,0.500,180.000,H_y48.0_x-20.0_20.0_rev,H_y48.0_x-20.0_20.0_rev,straight,bidirectional,J_20p00_48p00,J_m20p00_48p00,1
1482,7.000,48.000,0.500,180.000,H_y48.0_x-20.0_20.0_rev,H_y48.0_x-20.0_20.0_rev,straight,bidirectional,J_20p00_48p00,J_m20p00_48p00,1
1483,6.500,48.000,0.500,180.000,H_y48.0_x-20.0_20.0_rev,H_y48.0_x-20.0_20.0_rev,straight,bidirectional,J_20p00_48p00,J_m20p00_48p00,1
1484,6.000,48.000,0.500,180.000,H_y48.0_x-20.0_20.0_rev,H_y48.0_x-20.0_20.0_rev,straight,bidirectional,J_20p00_48p00,J_m20p00_48p00,1
1485,5.500,48.000,0.500,180.000,H_y48.0_x-20.0_20.0_rev,H_y48.0_x-20.0_20.0_rev,straight,bidirectional,J_20p00_48p00,J_m20p00_48p00,1
1486,5.000,48.000,0.500,180.000,H_y48.0_x-20.0_20.0_rev,H_y48.0_x-20.0_20.0_rev,straight,bidirectional,J_20p00_48p00,J_m20p00_48p00,1
1487,4.500,48.000,0.500,180.000,H_y48.0_x-20.0_20.0_rev,H_y48.0_x-20.0_20.0_rev,straight,bidirectional,J_20p00_48p00,J_m20p00_48p00,1
1488,4.000,48.000,0.500,180.000,H_y48.0_x-20.0_20.0_rev,H_y48.0_x-20.0_20.0_rev,straight,bidirectional,J_20p00_48p00,J_m20p00_48p00,1
1489,3.500,48.000,0.500,180.000,H_y48.0_x-20.0_20.0_rev,H_y48.0_x-20.0_20.0_rev,straight,bidirectional,J_20p00_48p00,J_m20p00_48p00,1
1490,3.000,48.000,0.500,180.000,H_y48.0_x-20.0_20.0_rev,H_y48.0_x-20.0_20.0_rev,straight,bidirectional,J_20p00_48p00,J_m20p00_48p00,1
1491,2.500,48.000,0.500,180.000,H_y48.0_x-20.0_20.0_rev,H_y48.0_x-20.0_20.0_rev,straight,bidirectional,J_20p00_48p00,J_m20p00_48p00,1
1492,2.000,48.000,0.500,180.000,H_y48.0_x-20.0_20.0_rev,H_y48.0_x-20.0_20.0_rev,straight,bidirectional,J_20p00_48p00,J_m20p00_48p00,1
1493,1.500,48.000,0.500,180.000,H_y48.0_x-20.0_20.0_rev,H_y48.0_x-20.0_20.0_rev,straight,bidirectional,J_20p00_48p00,J_m20p00_48p00,1
1494,1.000,48.000,0.500,180.000,H_y48.0_x-20.0_20.0_rev,H_y48.0_x-20.0_20.0_rev,straight,bidirectional,J_20p00_48p00,J_m20p00_48p00,1
1495,0.500,48.000,0.500,180.000,H_y48.0_x-20.0_20.0_rev,H_y48.0_x-20.0_20.0_rev,straight,bidirectional,J_20p00_48p00,J_m20p00_48p00,1
1496,0.000,48.000,0.500,180.000,H_y48.0_x-20.0_20.0_rev,H_y48.0_x-20.0_20.0_rev,straight,bidirectional,J_20p00_48p00,J_m20p00_48p00,1
1497,-0.500,48.000,0.500,180.000,H_y48.0_x-20.0_20.0_rev,H_y48.0_x-20.0_20.0_rev,straight,bidirectional,J_20p00_48p00,J_m20p00_48p00,1
1498,-1.000,48.000,0.500,180.000,H_y48.0_x-20.0_20.0_rev,H_y48.0_x-20.0_20.0_rev,straight,bidirectional,J_20p00_48p00,J_m20p00_48p00,1
1499,-1.500,48.000,0.500,180.000,H_y48.0_x-20.0_20.0_rev,H_y48.0_x-20.0_20.0_rev,straight,bidirectional,J_20p00_48p00,J_m20p00_48p00,1
1500,-2.000,48.000,0.500,180.000,H_y48.0_x-20.0_20.0_rev,H_y48.0_x-20.0_20.0_rev,straight,bidirectional,J_20p00_48p00,J_m20p00_48p00,1
1501,-2.500,48.000,0.500,180.000,H_y48.0_x-20.0_20.0_rev,H_y48.0_x-20.0_20.0_rev,straight,bidirectional,J_20p00_48p00,J_m20p00_48p00,1
1502,-3.000,48.000,0.500,180.000,H_y48.0_x-20.0_20.0_rev,H_y48.0_x-20.0_20.0_rev,straight,bidirectional,J_20p00_48p00,J_m20p00_48p00,1
1503,-3.500,48.000,0.500,180.000,H_y48.0_x-20.0_20.0_rev,H_y48.0_x-20.0_20.0_rev,straight,bidirectional,J_20p00_48p00,J_m20p00_48p00,1
1504,-4.000,48.000,0.500,180.000,H_y48.0_x-20.0_20.0_rev,H_y48.0_x-20.0_20.0_rev,straight,bidirectional,J_20p00_48p00,J_m20p00_48p00,1
1505,-4.500,48.000,0.500,180.000,H_y48.0_x-20.0_20.0_rev,H_y48.0_x-20.0_20.0_rev,straight,bidirectional,J_20p00_48p00,J_m20p00_48p00,1
1506,-5.000,48.000,0.500,180.000,H_y48.0_x-20.0_20.0_rev,H_y48.0_x-20.0_20.0_rev,straight,bidirectional,J_20p00_48p00,J_m20p00_48p00,1
1507,-5.500,48.000,0.500,180.000,H_y48.0_x-20.0_20.0_rev,H_y48.0_x-20.0_20.0_rev,straight,bidirectional,J_20p00_48p00,J_m20p00_48p00,1
1508,-6.000,48.000,0.500,180.000,H_y48.0_x-20.0_20.0_rev,H_y48.0_x-20.0_20.0_rev,straight,bidirectional,J_20p00_48p00,J_m20p00_48p00,1
1509,-6.500,48.000,0.500,180.000,H_y48.0_x-20.0_20.0_rev,H_y48.0_x-20.0_20.0_rev,straight,bidirectional,J_20p00_48p00,J_m20p00_48p00,1
1510,-7.000,48.000,0.500,180.000,H_y48.0_x-20.0_20.0_rev,H_y48.0_x-20.0_20.0_rev,straight,bidirectional,J_20p00_48p00,J_m20p00_48p00,1
1511,-7.500,48.000,0.500,180.000,H_y48.0_x-20.0_20.0_rev,H_y48.0_x-20.0_20.0_rev,straight,bidirectional,J_20p00_48p00,J_m20p00_48p00,1
1512,-8.000,48.000,0.500,180.000,H_y48.0_x-20.0_20.0_rev,H_y48.0_x-20.0_20.0_rev,straight,bidirectional,J_20p00_48p00,J_m20p00_48p00,1
1513,-8.500,48.000,0.500,180.000,H_y48.0_x-20.0_20.0_rev,H_y48.0_x-20.0_20.0_rev,straight,bidirectional,J_20p00_48p00,J_m20p00_48p00,1
1514,-9.000,48.000,0.500,180.000,H_y48.0_x-20.0_20.0_rev,H_y48.0_x-20.0_20.0_rev,straight,bidirectional,J_20p00_48p00,J_m20p00_48p00,1
1515,-9.500,48.000,0.500,180.000,H_y48.0_x-20.0_20.0_rev,H_y48.0_x-20.0_20.0_rev,straight,bidirectional,J_20p00_48p00,J_m20p00_48p00,1
1516,-10.000,48.000,0.500,180.000,H_y48.0_x-20.0_20.0_rev,H_y48.0_x-20.0_20.0_rev,straight,bidirectional,J_20p00_48p00,J_m20p00_48p00,1
1517,-10.500,48.000,0.500,180.000,H_y48.0_x-20.0_20.0_rev,H_y48.0_x-20.0_20.0_rev,straight,bidirectional,J_20p00_48p00,J_m20p00_48p00,1
1518,-11.000,48.000,0.500,180.000,H_y48.0_x-20.0_20.0_rev,H_y48.0_x-20.0_20.0_rev,straight,bidirectional,J_20p00_48p00,J_m20p00_48p00,1
1519,-11.500,48.000,0.500,180.000,H_y48.0_x-20.0_20.0_rev,H_y48.0_x-20.0_20.0_rev,straight,bidirectional,J_20p00_48p00,J_m20p00_48p00,1
1520,-12.000,48.000,0.500,180.000,H_y48.0_x-20.0_20.0_rev,H_y48.0_x-20.0_20.0_rev,straight,bidirectional,J_20p00_48p00,J_m20p00_48p00,1
1521,-12.500,48.000,0.500,180.000,H_y48.0_x-20.0_20.0_rev,H_y48.0_x-20.0_20.0_rev,straight,bidirectional,J_20p00_48p00,J_m20p00_48p00,1
1522,-13.000,48.000,0.500,180.000,H_y48.0_x-20.0_20.0_rev,H_y48.0_x-20.0_20.0_rev,straight,bidirectional,J_20p00_48p00,J_m20p00_48p00,1
1523,-13.500,48.000,0.500,180.000,H_y48.0_x-20.0_20.0_rev,H_y48.0_x-20.0_20.0_rev,straight,bidirectional,J_20p00_48p00,J_m20p00_48p00,1
1524,-14.000,48.000,0.500,180.000,H_y48.0_x-20.0_20.0_rev,H_y48.0_x-20.0_20.0_rev,straight,bidirectional,J_20p00_48p00,J_m20p00_48p00,1
1525,-14.500,48.000,0.500,180.000,H_y48.0_x-20.0_20.0_rev,H_y48.0_x-20.0_20.0_rev,straight,bidirectional,J_20p00_48p00,J_m20p00_48p00,1
1526,-15.000,48.000,0.500,180.000,H_y48.0_x-20.0_20.0_rev,H_y48.0_x-20.0_20.0_rev,straight,bidirectional,J_20p00_48p00,J_m20p00_48p00,1
1527,-15.500,48.000,0.500,180.000,H_y48.0_x-20.0_20.0_rev,H_y48.0_x-20.0_20.0_rev,straight,bidirectional,J_20p00_48p00,J_m20p00_48p00,1
1528,-16.000,48.000,0.500,180.000,H_y48.0_x-20.0_20.0_rev,H_y48.0_x-20.0_20.0_rev,straight,bidirectional,J_20p00_48p00,J_m20p00_48p00,1
1529,-16.500,48.000,0.500,180.000,H_y48.0_x-20.0_20.0_rev,H_y48.0_x-20.0_20.0_rev,straight,bidirectional,J_20p00_48p00,J_m20p00_48p00,1
1530,-17.000,48.000,0.500,180.000,H_y48.0_x-20.0_20.0_rev,H_y48.0_x-20.0_20.0_rev,straight,bidirectional,J_20p00_48p00,J_m20p00_48p00,1
1531,-17.500,48.000,0.500,180.000,H_y48.0_x-20.0_20.0_rev,H_y48.0_x-20.0_20.0_rev,straight,bidirectional,J_20p00_48p00,J_m20p00_48p00,1
1532,-18.000,48.000,0.500,180.000,H_y48.0_x-20.0_20.0_rev,H_y48.0_x-20.0_20.0_rev,straight,bidirectional,J_20p00_48p00,J_m20p00_48p00,1
1533,-18.500,48.000,0.500,180.000,H_y48.0_x-20.0_20.0_rev,H_y48.0_x-20.0_20.0_rev,straight,bidirectional,J_20p00_48p00,J_m20p00_48p00,1
1534,-19.000,48.000,0.500,180.000,H_y48.0_x-20.0_20.0_rev,H_y48.0_x-20.0_20.0_rev,straight,bidirectional,J_20p00_48p00,J_m20p00_48p00,1
1535,-19.500,48.000,0.500,180.000,H_y48.0_x-20.0_20.0_rev,H_y48.0_x-20.0_20.0_rev,straight,bidirectional,J_20p00_48p00,J_m20p00_48p00,1
1536,-20.000,48.000,0.500,180.000,H_y48.0_x-20.0_20.0_rev,H_y48.0_x-20.0_20.0_rev,straight,bidirectional,J_20p00_48p00,J_m20p00_48p00,0
1537,20.000,48.000,0.500,0.000,H_y48.0_x20.0_40.0_fwd,H_y48.0_x20.0_40.0_fwd,straight,bidirectional,J_20p00_48p00,J_40p00_48p00,1
1538,20.500,48.000,0.500,0.000,H_y48.0_x20.0_40.0_fwd,H_y48.0_x20.0_40.0_fwd,straight,bidirectional,J_20p00_48p00,J_40p00_48p00,1
1539,21.000,48.000,0.500,0.000,H_y48.0_x20.0_40.0_fwd,H_y48.0_x20.0_40.0_fwd,straight,bidirectional,J_20p00_48p00,J_40p00_48p00,1
1540,21.500,48.000,0.500,0.000,H_y48.0_x20.0_40.0_fwd,H_y48.0_x20.0_40.0_fwd,straight,bidirectional,J_20p00_48p00,J_40p00_48p00,1
1541,22.000,48.000,0.500,0.000,H_y48.0_x20.0_40.0_fwd,H_y48.0_x20.0_40.0_fwd,straight,bidirectional,J_20p00_48p00,J_40p00_48p00,1
1542,22.500,48.000,0.500,0.000,H_y48.0_x20.0_40.0_fwd,H_y48.0_x20.0_40.0_fwd,straight,bidirectional,J_20p00_48p00,J_40p00_48p00,1
1543,23.000,48.000,0.500,0.000,H_y48.0_x20.0_40.0_fwd,H_y48.0_x20.0_40.0_fwd,straight,bidirectional,J_20p00_48p00,J_40p00_48p00,1
1544,23.500,48.000,0.500,0.000,H_y48.0_x20.0_40.0_fwd,H_y48.0_x20.0_40.0_fwd,straight,bidirectional,J_20p00_48p00,J_40p00_48p00,1
1545,24.000,48.000,0.500,0.000,H_y48.0_x20.0_40.0_fwd,H_y48.0_x20.0_40.0_fwd,straight,bidirectional,J_20p00_48p00,J_40p00_48p00,1
1546,24.500,48.000,0.500,0.000,H_y48.0_x20.0_40.0_fwd,H_y48.0_x20.0_40.0_fwd,straight,bidirectional,J_20p00_48p00,J_40p00_48p00,1
1547,25.000,48.000,0.500,0.000,H_y48.0_x20.0_40.0_fwd,H_y48.0_x20.0_40.0_fwd,straight,bidirectional,J_20p00_48p00,J_40p00_48p00,1
1548,25.500,48.000,0.500,0.000,H_y48.0_x20.0_40.0_fwd,H_y48.0_x20.0_40.0_fwd,straight,bidirectional,J_20p00_48p00,J_40p00_48p00,1
1549,26.000,48.000,0.500,0.000,H_y48.0_x20.0_40.0_fwd,H_y48.0_x20.0_40.0_fwd,straight,bidirectional,J_20p00_48p00,J_40p00_48p00,1
1550,26.500,48.000,0.500,0.000,H_y48.0_x20.0_40.0_fwd,H_y48.0_x20.0_40.0_fwd,straight,bidirectional,J_20p00_48p00,J_40p00_48p00,1
1551,27.000,48.000,0.500,0.000,H_y48.0_x20.0_40.0_fwd,H_y48.0_x20.0_40.0_fwd,straight,bidirectional,J_20p00_48p00,J_40p00_48p00,1
1552,27.500,48.000,0.500,0.000,H_y48.0_x20.0_40.0_fwd,H_y48.0_x20.0_40.0_fwd,straight,bidirectional,J_20p00_48p00,J_40p00_48p00,1
1553,28.000,48.000,0.500,0.000,H_y48.0_x20.0_40.0_fwd,H_y48.0_x20.0_40.0_fwd,straight,bidirectional,J_20p00_48p00,J_40p00_48p00,1
1554,28.500,48.000,0.500,0.000,H_y48.0_x20.0_40.0_fwd,H_y48.0_x20.0_40.0_fwd,straight,bidirectional,J_20p00_48p00,J_40p00_48p00,1
1555,29.000,48.000,0.500,0.000,H_y48.0_x20.0_40.0_fwd,H_y48.0_x20.0_40.0_fwd,straight,bidirectional,J_20p00_48p00,J_40p00_48p00,1
1556,29.500,48.000,0.500,0.000,H_y48.0_x20.0_40.0_fwd,H_y48.0_x20.0_40.0_fwd,straight,bidirectional,J_20p00_48p00,J_40p00_48p00,1
1557,30.000,48.000,0.500,0.000,H_y48.0_x20.0_40.0_fwd,H_y48.0_x20.0_40.0_fwd,straight,bidirectional,J_20p00_48p00,J_40p00_48p00,1
1558,30.500,48.000,0.500,0.000,H_y48.0_x20.0_40.0_fwd,H_y48.0_x20.0_40.0_fwd,straight,bidirectional,J_20p00_48p00,J_40p00_48p00,1
1559,31.000,48.000,0.500,0.000,H_y48.0_x20.0_40.0_fwd,H_y48.0_x20.0_40.0_fwd,straight,bidirectional,J_20p00_48p00,J_40p00_48p00,1
1560,31.500,48.000,0.500,0.000,H_y48.0_x20.0_40.0_fwd,H_y48.0_x20.0_40.0_fwd,straight,bidirectional,J_20p00_48p00,J_40p00_48p00,1
1561,32.000,48.000,0.500,0.000,H_y48.0_x20.0_40.0_fwd,H_y48.0_x20.0_40.0_fwd,straight,bidirectional,J_20p00_48p00,J_40p00_48p00,1
1562,32.500,48.000,0.500,0.000,H_y48.0_x20.0_40.0_fwd,H_y48.0_x20.0_40.0_fwd,straight,bidirectional,J_20p00_48p00,J_40p00_48p00,1
1563,33.000,48.000,0.500,0.000,H_y48.0_x20.0_40.0_fwd,H_y48.0_x20.0_40.0_fwd,straight,bidirectional,J_20p00_48p00,J_40p00_48p00,1
1564,33.500,48.000,0.500,0.000,H_y48.0_x20.0_40.0_fwd,H_y48.0_x20.0_40.0_fwd,straight,bidirectional,J_20p00_48p00,J_40p00_48p00,1
1565,34.000,48.000,0.500,0.000,H_y48.0_x20.0_40.0_fwd,H_y48.0_x20.0_40.0_fwd,straight,bidirectional,J_20p00_48p00,J_40p00_48p00,1
1566,34.500,48.000,0.500,0.000,H_y48.0_x20.0_40.0_fwd,H_y48.0_x20.0_40.0_fwd,straight,bidirectional,J_20p00_48p00,J_40p00_48p00,1
1567,35.000,48.000,0.500,0.000,H_y48.0_x20.0_40.0_fwd,H_y48.0_x20.0_40.0_fwd,straight,bidirectional,J_20p00_48p00,J_40p00_48p00,1
1568,35.500,48.000,0.500,0.000,H_y48.0_x20.0_40.0_fwd,H_y48.0_x20.0_40.0_fwd,straight,bidirectional,J_20p00_48p00,J_40p00_48p00,1
1569,36.000,48.000,0.500,0.000,H_y48.0_x20.0_40.0_fwd,H_y48.0_x20.0_40.0_fwd,straight,bidirectional,J_20p00_48p00,J_40p00_48p00,1
1570,36.500,48.000,0.500,0.000,H_y48.0_x20.0_40.0_fwd,H_y48.0_x20.0_40.0_fwd,straight,bidirectional,J_20p00_48p00,J_40p00_48p00,1
1571,37.000,48.000,0.500,0.000,H_y48.0_x20.0_40.0_fwd,H_y48.0_x20.0_40.0_fwd,straight,bidirectional,J_20p00_48p00,J_40p00_48p00,1
1572,37.500,48.000,0.500,0.000,H_y48.0_x20.0_40.0_fwd,H_y48.0_x20.0_40.0_fwd,straight,bidirectional,J_20p00_48p00,J_40p00_48p00,1
1573,38.000,48.000,0.500,0.000,H_y48.0_x20.0_40.0_fwd,H_y48.0_x20.0_40.0_fwd,straight,bidirectional,J_20p00_48p00,J_40p00_48p00,1
1574,38.500,48.000,0.500,0.000,H_y48.0_x20.0_40.0_fwd,H_y48.0_x20.0_40.0_fwd,straight,bidirectional,J_20p00_48p00,J_40p00_48p00,1
1575,39.000,48.000,0.500,0.000,H_y48.0_x20.0_40.0_fwd,H_y48.0_x20.0_40.0_fwd,straight,bidirectional,J_20p00_48p00,J_40p00_48p00,1
1576,39.500,48.000,0.500,0.000,H_y48.0_x20.0_40.0_fwd,H_y48.0_x20.0_40.0_fwd,straight,bidirectional,J_20p00_48p00,J_40p00_48p00,1
1577,40.000,48.000,0.500,0.000,H_y48.0_x20.0_40.0_fwd,H_y48.0_x20.0_40.0_fwd,straight,bidirectional,J_20p00_48p00,J_40p00_48p00,0
1578,20.000,48.000,0.500,-90.000,V_x20.0_y26.0_48.0_rev,V_x20.0_y26.0_48.0_rev,straight,bidirectional,J_20p00_48p00,J_20p00_26p00,1
1579,20.000,47.500,0.500,-90.000,V_x20.0_y26.0_48.0_rev,V_x20.0_y26.0_48.0_rev,straight,bidirectional,J_20p00_48p00,J_20p00_26p00,1
1580,20.000,47.000,0.500,-90.000,V_x20.0_y26.0_48.0_rev,V_x20.0_y26.0_48.0_rev,straight,bidirectional,J_20p00_48p00,J_20p00_26p00,1
1581,20.000,46.500,0.500,-90.000,V_x20.0_y26.0_48.0_rev,V_x20.0_y26.0_48.0_rev,straight,bidirectional,J_20p00_48p00,J_20p00_26p00,1
1582,20.000,46.000,0.500,-90.000,V_x20.0_y26.0_48.0_rev,V_x20.0_y26.0_48.0_rev,straight,bidirectional,J_20p00_48p00,J_20p00_26p00,1
1583,20.000,45.500,0.500,-90.000,V_x20.0_y26.0_48.0_rev,V_x20.0_y26.0_48.0_rev,straight,bidirectional,J_20p00_48p00,J_20p00_26p00,1
1584,20.000,45.000,0.500,-90.000,V_x20.0_y26.0_48.0_rev,V_x20.0_y26.0_48.0_rev,straight,bidirectional,J_20p00_48p00,J_20p00_26p00,1
1585,20.000,44.500,0.500,-90.000,V_x20.0_y26.0_48.0_rev,V_x20.0_y26.0_48.0_rev,straight,bidirectional,J_20p00_48p00,J_20p00_26p00,1
1586,20.000,44.000,0.500,-90.000,V_x20.0_y26.0_48.0_rev,V_x20.0_y26.0_48.0_rev,straight,bidirectional,J_20p00_48p00,J_20p00_26p00,1
1587,20.000,43.500,0.500,-90.000,V_x20.0_y26.0_48.0_rev,V_x20.0_y26.0_48.0_rev,straight,bidirectional,J_20p00_48p00,J_20p00_26p00,1
1588,20.000,43.000,0.500,-90.000,V_x20.0_y26.0_48.0_rev,V_x20.0_y26.0_48.0_rev,straight,bidirectional,J_20p00_48p00,J_20p00_26p00,1
1589,20.000,42.500,0.500,-90.000,V_x20.0_y26.0_48.0_rev,V_x20.0_y26.0_48.0_rev,straight,bidirectional,J_20p00_48p00,J_20p00_26p00,1
1590,20.000,42.000,0.500,-90.000,V_x20.0_y26.0_48.0_rev,V_x20.0_y26.0_48.0_rev,straight,bidirectional,J_20p00_48p00,J_20p00_26p00,1
1591,20.000,41.500,0.500,-90.000,V_x20.0_y26.0_48.0_rev,V_x20.0_y26.0_48.0_rev,straight,bidirectional,J_20p00_48p00,J_20p00_26p00,1
1592,20.000,41.000,0.500,-90.000,V_x20.0_y26.0_48.0_rev,V_x20.0_y26.0_48.0_rev,straight,bidirectional,J_20p00_48p00,J_20p00_26p00,1
1593,20.000,40.500,0.500,-90.000,V_x20.0_y26.0_48.0_rev,V_x20.0_y26.0_48.0_rev,straight,bidirectional,J_20p00_48p00,J_20p00_26p00,1
1594,20.000,40.000,0.500,-90.000,V_x20.0_y26.0_48.0_rev,V_x20.0_y26.0_48.0_rev,straight,bidirectional,J_20p00_48p00,J_20p00_26p00,1
1595,20.000,39.500,0.500,-90.000,V_x20.0_y26.0_48.0_rev,V_x20.0_y26.0_48.0_rev,straight,bidirectional,J_20p00_48p00,J_20p00_26p00,1
1596,20.000,39.000,0.500,-90.000,V_x20.0_y26.0_48.0_rev,V_x20.0_y26.0_48.0_rev,straight,bidirectional,J_20p00_48p00,J_20p00_26p00,1
1597,20.000,38.500,0.500,-90.000,V_x20.0_y26.0_48.0_rev,V_x20.0_y26.0_48.0_rev,straight,bidirectional,J_20p00_48p00,J_20p00_26p00,1
1598,20.000,38.000,0.500,-90.000,V_x20.0_y26.0_48.0_rev,V_x20.0_y26.0_48.0_rev,straight,bidirectional,J_20p00_48p00,J_20p00_26p00,1
1599,20.000,37.500,0.500,-90.000,V_x20.0_y26.0_48.0_rev,V_x20.0_y26.0_48.0_rev,straight,bidirectional,J_20p00_48p00,J_20p00_26p00,1
1600,20.000,37.000,0.500,-90.000,V_x20.0_y26.0_48.0_rev,V_x20.0_y26.0_48.0_rev,straight,bidirectional,J_20p00_48p00,J_20p00_26p00,1
1601,20.000,36.500,0.500,-90.000,V_x20.0_y26.0_48.0_rev,V_x20.0_y26.0_48.0_rev,straight,bidirectional,J_20p00_48p00,J_20p00_26p00,1
1602,20.000,36.000,0.500,-90.000,V_x20.0_y26.0_48.0_rev,V_x20.0_y26.0_48.0_rev,straight,bidirectional,J_20p00_48p00,J_20p00_26p00,1
1603,20.000,35.500,0.500,-90.000,V_x20.0_y26.0_48.0_rev,V_x20.0_y26.0_48.0_rev,straight,bidirectional,J_20p00_48p00,J_20p00_26p00,1
1604,20.000,35.000,0.500,-90.000,V_x20.0_y26.0_48.0_rev,V_x20.0_y26.0_48.0_rev,straight,bidirectional,J_20p00_48p00,J_20p00_26p00,1
1605,20.000,34.500,0.500,-90.000,V_x20.0_y26.0_48.0_rev,V_x20.0_y26.0_48.0_rev,straight,bidirectional,J_20p00_48p00,J_20p00_26p00,1
1606,20.000,34.000,0.500,-90.000,V_x20.0_y26.0_48.0_rev,V_x20.0_y26.0_48.0_rev,straight,bidirectional,J_20p00_48p00,J_20p00_26p00,1
1607,20.000,33.500,0.500,-90.000,V_x20.0_y26.0_48.0_rev,V_x20.0_y26.0_48.0_rev,straight,bidirectional,J_20p00_48p00,J_20p00_26p00,1
1608,20.000,33.000,0.500,-90.000,V_x20.0_y26.0_48.0_rev,V_x20.0_y26.0_48.0_rev,straight,bidirectional,J_20p00_48p00,J_20p00_26p00,1
1609,20.000,32.500,0.500,-90.000,V_x20.0_y26.0_48.0_rev,V_x20.0_y26.0_48.0_rev,straight,bidirectional,J_20p00_48p00,J_20p00_26p00,1
1610,20.000,32.000,0.500,-90.000,V_x20.0_y26.0_48.0_rev,V_x20.0_y26.0_48.0_rev,straight,bidirectional,J_20p00_48p00,J_20p00_26p00,1
1611,20.000,31.500,0.500,-90.000,V_x20.0_y26.0_48.0_rev,V_x20.0_y26.0_48.0_rev,straight,bidirectional,J_20p00_48p00,J_20p00_26p00,1
1612,20.000,31.000,0.500,-90.000,V_x20.0_y26.0_48.0_rev,V_x20.0_y26.0_48.0_rev,straight,bidirectional,J_20p00_48p00,J_20p00_26p00,1
1613,20.000,30.500,0.500,-90.000,V_x20.0_y26.0_48.0_rev,V_x20.0_y26.0_48.0_rev,straight,bidirectional,J_20p00_48p00,J_20p00_26p00,1
1614,20.000,30.000,0.500,-90.000,V_x20.0_y26.0_48.0_rev,V_x20.0_y26.0_48.0_rev,straight,bidirectional,J_20p00_48p00,J_20p00_26p00,1
1615,20.000,29.500,0.500,-90.000,V_x20.0_y26.0_48.0_rev,V_x20.0_y26.0_48.0_rev,straight,bidirectional,J_20p00_48p00,J_20p00_26p00,1
1616,20.000,29.000,0.500,-90.000,V_x20.0_y26.0_48.0_rev,V_x20.0_y26.0_48.0_rev,straight,bidirectional,J_20p00_48p00,J_20p00_26p00,1
1617,20.000,28.500,0.500,-90.000,V_x20.0_y26.0_48.0_rev,V_x20.0_y26.0_48.0_rev,straight,bidirectional,J_20p00_48p00,J_20p00_26p00,1
1618,20.000,28.000,0.500,-90.000,V_x20.0_y26.0_48.0_rev,V_x20.0_y26.0_48.0_rev,straight,bidirectional,J_20p00_48p00,J_20p00_26p00,1
1619,20.000,27.500,0.500,-90.000,V_x20.0_y26.0_48.0_rev,V_x20.0_y26.0_48.0_rev,straight,bidirectional,J_20p00_48p00,J_20p00_26p00,1
1620,20.000,27.000,0.500,-90.000,V_x20.0_y26.0_48.0_rev,V_x20.0_y26.0_48.0_rev,straight,bidirectional,J_20p00_48p00,J_20p00_26p00,1
1621,20.000,26.500,0.500,-90.000,V_x20.0_y26.0_48.0_rev,V_x20.0_y26.0_48.0_rev,straight,bidirectional,J_20p00_48p00,J_20p00_26p00,1
1622,20.000,26.000,0.500,-90.000,V_x20.0_y26.0_48.0_rev,V_x20.0_y26.0_48.0_rev,straight,bidirectional,J_20p00_48p00,J_20p00_26p00,0
1623,20.000,26.000,0.500,180.000,H_y26.0_x-20.0_20.0_rev,H_y26.0_x-20.0_20.0_rev,straight,bidirectional,J_20p00_26p00,J_m20p00_26p00,1
1624,19.500,26.000,0.500,180.000,H_y26.0_x-20.0_20.0_rev,H_y26.0_x-20.0_20.0_rev,straight,bidirectional,J_20p00_26p00,J_m20p00_26p00,1
1625,19.000,26.000,0.500,180.000,H_y26.0_x-20.0_20.0_rev,H_y26.0_x-20.0_20.0_rev,straight,bidirectional,J_20p00_26p00,J_m20p00_26p00,1
1626,18.500,26.000,0.500,180.000,H_y26.0_x-20.0_20.0_rev,H_y26.0_x-20.0_20.0_rev,straight,bidirectional,J_20p00_26p00,J_m20p00_26p00,1
1627,18.000,26.000,0.500,180.000,H_y26.0_x-20.0_20.0_rev,H_y26.0_x-20.0_20.0_rev,straight,bidirectional,J_20p00_26p00,J_m20p00_26p00,1
1628,17.500,26.000,0.500,180.000,H_y26.0_x-20.0_20.0_rev,H_y26.0_x-20.0_20.0_rev,straight,bidirectional,J_20p00_26p00,J_m20p00_26p00,1
1629,17.000,26.000,0.500,180.000,H_y26.0_x-20.0_20.0_rev,H_y26.0_x-20.0_20.0_rev,straight,bidirectional,J_20p00_26p00,J_m20p00_26p00,1
1630,16.500,26.000,0.500,180.000,H_y26.0_x-20.0_20.0_rev,H_y26.0_x-20.0_20.0_rev,straight,bidirectional,J_20p00_26p00,J_m20p00_26p00,1
1631,16.000,26.000,0.500,180.000,H_y26.0_x-20.0_20.0_rev,H_y26.0_x-20.0_20.0_rev,straight,bidirectional,J_20p00_26p00,J_m20p00_26p00,1
1632,15.500,26.000,0.500,180.000,H_y26.0_x-20.0_20.0_rev,H_y26.0_x-20.0_20.0_rev,straight,bidirectional,J_20p00_26p00,J_m20p00_26p00,1
1633,15.000,26.000,0.500,180.000,H_y26.0_x-20.0_20.0_rev,H_y26.0_x-20.0_20.0_rev,straight,bidirectional,J_20p00_26p00,J_m20p00_26p00,1
1634,14.500,26.000,0.500,180.000,H_y26.0_x-20.0_20.0_rev,H_y26.0_x-20.0_20.0_rev,straight,bidirectional,J_20p00_26p00,J_m20p00_26p00,1
1635,14.000,26.000,0.500,180.000,H_y26.0_x-20.0_20.0_rev,H_y26.0_x-20.0_20.0_rev,straight,bidirectional,J_20p00_26p00,J_m20p00_26p00,1
1636,13.500,26.000,0.500,180.000,H_y26.0_x-20.0_20.0_rev,H_y26.0_x-20.0_20.0_rev,straight,bidirectional,J_20p00_26p00,J_m20p00_26p00,1
1637,13.000,26.000,0.500,180.000,H_y26.0_x-20.0_20.0_rev,H_y26.0_x-20.0_20.0_rev,straight,bidirectional,J_20p00_26p00,J_m20p00_26p00,1
1638,12.500,26.000,0.500,180.000,H_y26.0_x-20.0_20.0_rev,H_y26.0_x-20.0_20.0_rev,straight,bidirectional,J_20p00_26p00,J_m20p00_26p00,1
1639,12.000,26.000,0.500,180.000,H_y26.0_x-20.0_20.0_rev,H_y26.0_x-20.0_20.0_rev,straight,bidirectional,J_20p00_26p00,J_m20p00_26p00,1
1640,11.500,26.000,0.500,180.000,H_y26.0_x-20.0_20.0_rev,H_y26.0_x-20.0_20.0_rev,straight,bidirectional,J_20p00_26p00,J_m20p00_26p00,1
1641,11.000,26.000,0.500,180.000,H_y26.0_x-20.0_20.0_rev,H_y26.0_x-20.0_20.0_rev,straight,bidirectional,J_20p00_26p00,J_m20p00_26p00,1
1642,10.500,26.000,0.500,180.000,H_y26.0_x-20.0_20.0_rev,H_y26.0_x-20.0_20.0_rev,straight,bidirectional,J_20p00_26p00,J_m20p00_26p00,1
1643,10.000,26.000,0.500,180.000,H_y26.0_x-20.0_20.0_rev,H_y26.0_x-20.0_20.0_rev,straight,bidirectional,J_20p00_26p00,J_m20p00_26p00,1
1644,9.500,26.000,0.500,180.000,H_y26.0_x-20.0_20.0_rev,H_y26.0_x-20.0_20.0_rev,straight,bidirectional,J_20p00_26p00,J_m20p00_26p00,1
1645,9.000,26.000,0.500,180.000,H_y26.0_x-20.0_20.0_rev,H_y26.0_x-20.0_20.0_rev,straight,bidirectional,J_20p00_26p00,J_m20p00_26p00,1
1646,8.500,26.000,0.500,180.000,H_y26.0_x-20.0_20.0_rev,H_y26.0_x-20.0_20.0_rev,straight,bidirectional,J_20p00_26p00,J_m20p00_26p00,1
1647,8.000,26.000,0.500,180.000,H_y26.0_x-20.0_20.0_rev,H_y26.0_x-20.0_20.0_rev,straight,bidirectional,J_20p00_26p00,J_m20p00_26p00,1
1648,7.500,26.000,0.500,180.000,H_y26.0_x-20.0_20.0_rev,H_y26.0_x-20.0_20.0_rev,straight,bidirectional,J_20p00_26p00,J_m20p00_26p00,1
1649,7.000,26.000,0.500,180.000,H_y26.0_x-20.0_20.0_rev,H_y26.0_x-20.0_20.0_rev,straight,bidirectional,J_20p00_26p00,J_m20p00_26p00,1
1650,6.500,26.000,0.500,180.000,H_y26.0_x-20.0_20.0_rev,H_y26.0_x-20.0_20.0_rev,straight,bidirectional,J_20p00_26p00,J_m20p00_26p00,1
1651,6.000,26.000,0.500,180.000,H_y26.0_x-20.0_20.0_rev,H_y26.0_x-20.0_20.0_rev,straight,bidirectional,J_20p00_26p00,J_m20p00_26p00,1
1652,5.500,26.000,0.500,180.000,H_y26.0_x-20.0_20.0_rev,H_y26.0_x-20.0_20.0_rev,straight,bidirectional,J_20p00_26p00,J_m20p00_26p00,1
1653,5.000,26.000,0.500,180.000,H_y26.0_x-20.0_20.0_rev,H_y26.0_x-20.0_20.0_rev,straight,bidirectional,J_20p00_26p00,J_m20p00_26p00,1
1654,4.500,26.000,0.500,180.000,H_y26.0_x-20.0_20.0_rev,H_y26.0_x-20.0_20.0_rev,straight,bidirectional,J_20p00_26p00,J_m20p00_26p00,1
1655,4.000,26.000,0.500,180.000,H_y26.0_x-20.0_20.0_rev,H_y26.0_x-20.0_20.0_rev,straight,bidirectional,J_20p00_26p00,J_m20p00_26p00,1
1656,3.500,26.000,0.500,180.000,H_y26.0_x-20.0_20.0_rev,H_y26.0_x-20.0_20.0_rev,straight,bidirectional,J_20p00_26p00,J_m20p00_26p00,1
1657,3.000,26.000,0.500,180.000,H_y26.0_x-20.0_20.0_rev,H_y26.0_x-20.0_20.0_rev,straight,bidirectional,J_20p00_26p00,J_m20p00_26p00,1
1658,2.500,26.000,0.500,180.000,H_y26.0_x-20.0_20.0_rev,H_y26.0_x-20.0_20.0_rev,straight,bidirectional,J_20p00_26p00,J_m20p00_26p00,1
1659,2.000,26.000,0.500,180.000,H_y26.0_x-20.0_20.0_rev,H_y26.0_x-20.0_20.0_rev,straight,bidirectional,J_20p00_26p00,J_m20p00_26p00,1
1660,1.500,26.000,0.500,180.000,H_y26.0_x-20.0_20.0_rev,H_y26.0_x-20.0_20.0_rev,straight,bidirectional,J_20p00_26p00,J_m20p00_26p00,1
1661,1.000,26.000,0.500,180.000,H_y26.0_x-20.0_20.0_rev,H_y26.0_x-20.0_20.0_rev,straight,bidirectional,J_20p00_26p00,J_m20p00_26p00,1
1662,0.500,26.000,0.500,180.000,H_y26.0_x-20.0_20.0_rev,H_y26.0_x-20.0_20.0_rev,straight,bidirectional,J_20p00_26p00,J_m20p00_26p00,1
1663,0.000,26.000,0.500,180.000,H_y26.0_x-20.0_20.0_rev,H_y26.0_x-20.0_20.0_rev,straight,bidirectional,J_20p00_26p00,J_m20p00_26p00,1
1664,-0.500,26.000,0.500,180.000,H_y26.0_x-20.0_20.0_rev,H_y26.0_x-20.0_20.0_rev,straight,bidirectional,J_20p00_26p00,J_m20p00_26p00,1
1665,-1.000,26.000,0.500,180.000,H_y26.0_x-20.0_20.0_rev,H_y26.0_x-20.0_20.0_rev,straight,bidirectional,J_20p00_26p00,J_m20p00_26p00,1
1666,-1.500,26.000,0.500,180.000,H_y26.0_x-20.0_20.0_rev,H_y26.0_x-20.0_20.0_rev,straight,bidirectional,J_20p00_26p00,J_m20p00_26p00,1
1667,-2.000,26.000,0.500,180.000,H_y26.0_x-20.0_20.0_rev,H_y26.0_x-20.0_20.0_rev,straight,bidirectional,J_20p00_26p00,J_m20p00_26p00,1
1668,-2.500,26.000,0.500,180.000,H_y26.0_x-20.0_20.0_rev,H_y26.0_x-20.0_20.0_rev,straight,bidirectional,J_20p00_26p00,J_m20p00_26p00,1
1669,-3.000,26.000,0.500,180.000,H_y26.0_x-20.0_20.0_rev,H_y26.0_x-20.0_20.0_rev,straight,bidirectional,J_20p00_26p00,J_m20p00_26p00,1
1670,-3.500,26.000,0.500,180.000,H_y26.0_x-20.0_20.0_rev,H_y26.0_x-20.0_20.0_rev,straight,bidirectional,J_20p00_26p00,J_m20p00_26p00,1
1671,-4.000,26.000,0.500,180.000,H_y26.0_x-20.0_20.0_rev,H_y26.0_x-20.0_20.0_rev,straight,bidirectional,J_20p00_26p00,J_m20p00_26p00,1
1672,-4.500,26.000,0.500,180.000,H_y26.0_x-20.0_20.0_rev,H_y26.0_x-20.0_20.0_rev,straight,bidirectional,J_20p00_26p00,J_m20p00_26p00,1
1673,-5.000,26.000,0.500,180.000,H_y26.0_x-20.0_20.0_rev,H_y26.0_x-20.0_20.0_rev,straight,bidirectional,J_20p00_26p00,J_m20p00_26p00,1
1674,-5.500,26.000,0.500,180.000,H_y26.0_x-20.0_20.0_rev,H_y26.0_x-20.0_20.0_rev,straight,bidirectional,J_20p00_26p00,J_m20p00_26p00,1
1675,-6.000,26.000,0.500,180.000,H_y26.0_x-20.0_20.0_rev,H_y26.0_x-20.0_20.0_rev,straight,bidirectional,J_20p00_26p00,J_m20p00_26p00,1
1676,-6.500,26.000,0.500,180.000,H_y26.0_x-20.0_20.0_rev,H_y26.0_x-20.0_20.0_rev,straight,bidirectional,J_20p00_26p00,J_m20p00_26p00,1
1677,-7.000,26.000,0.500,180.000,H_y26.0_x-20.0_20.0_rev,H_y26.0_x-20.0_20.0_rev,straight,bidirectional,J_20p00_26p00,J_m20p00_26p00,1
1678,-7.500,26.000,0.500,180.000,H_y26.0_x-20.0_20.0_rev,H_y26.0_x-20.0_20.0_rev,straight,bidirectional,J_20p00_26p00,J_m20p00_26p00,1
1679,-8.000,26.000,0.500,180.000,H_y26.0_x-20.0_20.0_rev,H_y26.0_x-20.0_20.0_rev,straight,bidirectional,J_20p00_26p00,J_m20p00_26p00,1
1680,-8.500,26.000,0.500,180.000,H_y26.0_x-20.0_20.0_rev,H_y26.0_x-20.0_20.0_rev,straight,bidirectional,J_20p00_26p00,J_m20p00_26p00,1
1681,-9.000,26.000,0.500,180.000,H_y26.0_x-20.0_20.0_rev,H_y26.0_x-20.0_20.0_rev,straight,bidirectional,J_20p00_26p00,J_m20p00_26p00,1
1682,-9.500,26.000,0.500,180.000,H_y26.0_x-20.0_20.0_rev,H_y26.0_x-20.0_20.0_rev,straight,bidirectional,J_20p00_26p00,J_m20p00_26p00,1
1683,-10.000,26.000,0.500,180.000,H_y26.0_x-20.0_20.0_rev,H_y26.0_x-20.0_20.0_rev,straight,bidirectional,J_20p00_26p00,J_m20p00_26p00,1
1684,-10.500,26.000,0.500,180.000,H_y26.0_x-20.0_20.0_rev,H_y26.0_x-20.0_20.0_rev,straight,bidirectional,J_20p00_26p00,J_m20p00_26p00,1
1685,-11.000,26.000,0.500,180.000,H_y26.0_x-20.0_20.0_rev,H_y26.0_x-20.0_20.0_rev,straight,bidirectional,J_20p00_26p00,J_m20p00_26p00,1
1686,-11.500,26.000,0.500,180.000,H_y26.0_x-20.0_20.0_rev,H_y26.0_x-20.0_20.0_rev,straight,bidirectional,J_20p00_26p00,J_m20p00_26p00,1
1687,-12.000,26.000,0.500,180.000,H_y26.0_x-20.0_20.0_rev,H_y26.0_x-20.0_20.0_rev,straight,bidirectional,J_20p00_26p00,J_m20p00_26p00,1
1688,-12.500,26.000,0.500,180.000,H_y26.0_x-20.0_20.0_rev,H_y26.0_x-20.0_20.0_rev,straight,bidirectional,J_20p00_26p00,J_m20p00_26p00,1
1689,-13.000,26.000,0.500,180.000,H_y26.0_x-20.0_20.0_rev,H_y26.0_x-20.0_20.0_rev,straight,bidirectional,J_20p00_26p00,J_m20p00_26p00,1
1690,-13.500,26.000,0.500,180.000,H_y26.0_x-20.0_20.0_rev,H_y26.0_x-20.0_20.0_rev,straight,bidirectional,J_20p00_26p00,J_m20p00_26p00,1
1691,-14.000,26.000,0.500,180.000,H_y26.0_x-20.0_20.0_rev,H_y26.0_x-20.0_20.0_rev,straight,bidirectional,J_20p00_26p00,J_m20p00_26p00,1
1692,-14.500,26.000,0.500,180.000,H_y26.0_x-20.0_20.0_rev,H_y26.0_x-20.0_20.0_rev,straight,bidirectional,J_20p00_26p00,J_m20p00_26p00,1
1693,-15.000,26.000,0.500,180.000,H_y26.0_x-20.0_20.0_rev,H_y26.0_x-20.0_20.0_rev,straight,bidirectional,J_20p00_26p00,J_m20p00_26p00,1
1694,-15.500,26.000,0.500,180.000,H_y26.0_x-20.0_20.0_rev,H_y26.0_x-20.0_20.0_rev,straight,bidirectional,J_20p00_26p00,J_m20p00_26p00,1
1695,-16.000,26.000,0.500,180.000,H_y26.0_x-20.0_20.0_rev,H_y26.0_x-20.0_20.0_rev,straight,bidirectional,J_20p00_26p00,J_m20p00_26p00,1
1696,-16.500,26.000,0.500,180.000,H_y26.0_x-20.0_20.0_rev,H_y26.0_x-20.0_20.0_rev,straight,bidirectional,J_20p00_26p00,J_m20p00_26p00,1
1697,-17.000,26.000,0.500,180.000,H_y26.0_x-20.0_20.0_rev,H_y26.0_x-20.0_20.0_rev,straight,bidirectional,J_20p00_26p00,J_m20p00_26p00,1
1698,-17.500,26.000,0.500,180.000,H_y26.0_x-20.0_20.0_rev,H_y26.0_x-20.0_20.0_rev,straight,bidirectional,J_20p00_26p00,J_m20p00_26p00,1
1699,-18.000,26.000,0.500,180.000,H_y26.0_x-20.0_20.0_rev,H_y26.0_x-20.0_20.0_rev,straight,bidirectional,J_20p00_26p00,J_m20p00_26p00,1
1700,-18.500,26.000,0.500,180.000,H_y26.0_x-20.0_20.0_rev,H_y26.0_x-20.0_20.0_rev,straight,bidirectional,J_20p00_26p00,J_m20p00_26p00,1
1701,-19.000,26.000,0.500,180.000,H_y26.0_x-20.0_20.0_rev,H_y26.0_x-20.0_20.0_rev,straight,bidirectional,J_20p00_26p00,J_m20p00_26p00,1
1702,-19.500,26.000,0.500,180.000,H_y26.0_x-20.0_20.0_rev,H_y26.0_x-20.0_20.0_rev,straight,bidirectional,J_20p00_26p00,J_m20p00_26p00,1
1703,-20.000,26.000,0.500,180.000,H_y26.0_x-20.0_20.0_rev,H_y26.0_x-20.0_20.0_rev,straight,bidirectional,J_20p00_26p00,J_m20p00_26p00,0
1704,20.000,26.000,0.500,0.000,H_y26.0_x20.0_40.0_fwd,H_y26.0_x20.0_40.0_fwd,straight,bidirectional,J_20p00_26p00,J_40p00_26p00,1
1705,20.500,26.000,0.500,0.000,H_y26.0_x20.0_40.0_fwd,H_y26.0_x20.0_40.0_fwd,straight,bidirectional,J_20p00_26p00,J_40p00_26p00,1
1706,21.000,26.000,0.500,0.000,H_y26.0_x20.0_40.0_fwd,H_y26.0_x20.0_40.0_fwd,straight,bidirectional,J_20p00_26p00,J_40p00_26p00,1
1707,21.500,26.000,0.500,0.000,H_y26.0_x20.0_40.0_fwd,H_y26.0_x20.0_40.0_fwd,straight,bidirectional,J_20p00_26p00,J_40p00_26p00,1
1708,22.000,26.000,0.500,0.000,H_y26.0_x20.0_40.0_fwd,H_y26.0_x20.0_40.0_fwd,straight,bidirectional,J_20p00_26p00,J_40p00_26p00,1
1709,22.500,26.000,0.500,0.000,H_y26.0_x20.0_40.0_fwd,H_y26.0_x20.0_40.0_fwd,straight,bidirectional,J_20p00_26p00,J_40p00_26p00,1
1710,23.000,26.000,0.500,0.000,H_y26.0_x20.0_40.0_fwd,H_y26.0_x20.0_40.0_fwd,straight,bidirectional,J_20p00_26p00,J_40p00_26p00,1
1711,23.500,26.000,0.500,0.000,H_y26.0_x20.0_40.0_fwd,H_y26.0_x20.0_40.0_fwd,straight,bidirectional,J_20p00_26p00,J_40p00_26p00,1
1712,24.000,26.000,0.500,0.000,H_y26.0_x20.0_40.0_fwd,H_y26.0_x20.0_40.0_fwd,straight,bidirectional,J_20p00_26p00,J_40p00_26p00,1
1713,24.500,26.000,0.500,0.000,H_y26.0_x20.0_40.0_fwd,H_y26.0_x20.0_40.0_fwd,straight,bidirectional,J_20p00_26p00,J_40p00_26p00,1
1714,25.000,26.000,0.500,0.000,H_y26.0_x20.0_40.0_fwd,H_y26.0_x20.0_40.0_fwd,straight,bidirectional,J_20p00_26p00,J_40p00_26p00,1
1715,25.500,26.000,0.500,0.000,H_y26.0_x20.0_40.0_fwd,H_y26.0_x20.0_40.0_fwd,straight,bidirectional,J_20p00_26p00,J_40p00_26p00,1
1716,26.000,26.000,0.500,0.000,H_y26.0_x20.0_40.0_fwd,H_y26.0_x20.0_40.0_fwd,straight,bidirectional,J_20p00_26p00,J_40p00_26p00,1
1717,26.500,26.000,0.500,0.000,H_y26.0_x20.0_40.0_fwd,H_y26.0_x20.0_40.0_fwd,straight,bidirectional,J_20p00_26p00,J_40p00_26p00,1
1718,27.000,26.000,0.500,0.000,H_y26.0_x20.0_40.0_fwd,H_y26.0_x20.0_40.0_fwd,straight,bidirectional,J_20p00_26p00,J_40p00_26p00,1
1719,27.500,26.000,0.500,0.000,H_y26.0_x20.0_40.0_fwd,H_y26.0_x20.0_40.0_fwd,straight,bidirectional,J_20p00_26p00,J_40p00_26p00,1
1720,28.000,26.000,0.500,0.000,H_y26.0_x20.0_40.0_fwd,H_y26.0_x20.0_40.0_fwd,straight,bidirectional,J_20p00_26p00,J_40p00_26p00,1
1721,28.500,26.000,0.500,0.000,H_y26.0_x20.0_40.0_fwd,H_y26.0_x20.0_40.0_fwd,straight,bidirectional,J_20p00_26p00,J_40p00_26p00,1
1722,29.000,26.000,0.500,0.000,H_y26.0_x20.0_40.0_fwd,H_y26.0_x20.0_40.0_fwd,straight,bidirectional,J_20p00_26p00,J_40p00_26p00,1
1723,29.500,26.000,0.500,0.000,H_y26.0_x20.0_40.0_fwd,H_y26.0_x20.0_40.0_fwd,straight,bidirectional,J_20p00_26p00,J_40p00_26p00,1
1724,30.000,26.000,0.500,0.000,H_y26.0_x20.0_40.0_fwd,H_y26.0_x20.0_40.0_fwd,straight,bidirectional,J_20p00_26p00,J_40p00_26p00,1
1725,30.500,26.000,0.500,0.000,H_y26.0_x20.0_40.0_fwd,H_y26.0_x20.0_40.0_fwd,straight,bidirectional,J_20p00_26p00,J_40p00_26p00,1
1726,31.000,26.000,0.500,0.000,H_y26.0_x20.0_40.0_fwd,H_y26.0_x20.0_40.0_fwd,straight,bidirectional,J_20p00_26p00,J_40p00_26p00,1
1727,31.500,26.000,0.500,0.000,H_y26.0_x20.0_40.0_fwd,H_y26.0_x20.0_40.0_fwd,straight,bidirectional,J_20p00_26p00,J_40p00_26p00,1
1728,32.000,26.000,0.500,0.000,H_y26.0_x20.0_40.0_fwd,H_y26.0_x20.0_40.0_fwd,straight,bidirectional,J_20p00_26p00,J_40p00_26p00,1
1729,32.500,26.000,0.500,0.000,H_y26.0_x20.0_40.0_fwd,H_y26.0_x20.0_40.0_fwd,straight,bidirectional,J_20p00_26p00,J_40p00_26p00,1
1730,33.000,26.000,0.500,0.000,H_y26.0_x20.0_40.0_fwd,H_y26.0_x20.0_40.0_fwd,straight,bidirectional,J_20p00_26p00,J_40p00_26p00,1
1731,33.500,26.000,0.500,0.000,H_y26.0_x20.0_40.0_fwd,H_y26.0_x20.0_40.0_fwd,straight,bidirectional,J_20p00_26p00,J_40p00_26p00,1
1732,34.000,26.000,0.500,0.000,H_y26.0_x20.0_40.0_fwd,H_y26.0_x20.0_40.0_fwd,straight,bidirectional,J_20p00_26p00,J_40p00_26p00,1
1733,34.500,26.000,0.500,0.000,H_y26.0_x20.0_40.0_fwd,H_y26.0_x20.0_40.0_fwd,straight,bidirectional,J_20p00_26p00,J_40p00_26p00,1
1734,35.000,26.000,0.500,0.000,H_y26.0_x20.0_40.0_fwd,H_y26.0_x20.0_40.0_fwd,straight,bidirectional,J_20p00_26p00,J_40p00_26p00,1
1735,35.500,26.000,0.500,0.000,H_y26.0_x20.0_40.0_fwd,H_y26.0_x20.0_40.0_fwd,straight,bidirectional,J_20p00_26p00,J_40p00_26p00,1
1736,36.000,26.000,0.500,0.000,H_y26.0_x20.0_40.0_fwd,H_y26.0_x20.0_40.0_fwd,straight,bidirectional,J_20p00_26p00,J_40p00_26p00,1
1737,36.500,26.000,0.500,0.000,H_y26.0_x20.0_40.0_fwd,H_y26.0_x20.0_40.0_fwd,straight,bidirectional,J_20p00_26p00,J_40p00_26p00,1
1738,37.000,26.000,0.500,0.000,H_y26.0_x20.0_40.0_fwd,H_y26.0_x20.0_40.0_fwd,straight,bidirectional,J_20p00_26p00,J_40p00_26p00,1
1739,37.500,26.000,0.500,0.000,H_y26.0_x20.0_40.0_fwd,H_y26.0_x20.0_40.0_fwd,straight,bidirectional,J_20p00_26p00,J_40p00_26p00,1
1740,38.000,26.000,0.500,0.000,H_y26.0_x20.0_40.0_fwd,H_y26.0_x20.0_40.0_fwd,straight,bidirectional,J_20p00_26p00,J_40p00_26p00,1
1741,38.500,26.000,0.500,0.000,H_y26.0_x20.0_40.0_fwd,H_y26.0_x20.0_40.0_fwd,straight,bidirectional,J_20p00_26p00,J_40p00_26p00,1
1742,39.000,26.000,0.500,0.000,H_y26.0_x20.0_40.0_fwd,H_y26.0_x20.0_40.0_fwd,straight,bidirectional,J_20p00_26p00,J_40p00_26p00,1
1743,39.500,26.000,0.500,0.000,H_y26.0_x20.0_40.0_fwd,H_y26.0_x20.0_40.0_fwd,straight,bidirectional,J_20p00_26p00,J_40p00_26p00,1
1744,40.000,26.000,0.500,0.000,H_y26.0_x20.0_40.0_fwd,H_y26.0_x20.0_40.0_fwd,straight,bidirectional,J_20p00_26p00,J_40p00_26p00,0
1745,20.000,26.000,0.500,-90.000,V_x20.0_y-3.0_26.0_rev,V_x20.0_y-3.0_26.0_rev,straight,bidirectional,J_20p00_26p00,J_20p00_m3p00,1
1746,20.000,25.500,0.500,-90.000,V_x20.0_y-3.0_26.0_rev,V_x20.0_y-3.0_26.0_rev,straight,bidirectional,J_20p00_26p00,J_20p00_m3p00,1
1747,20.000,25.000,0.500,-90.000,V_x20.0_y-3.0_26.0_rev,V_x20.0_y-3.0_26.0_rev,straight,bidirectional,J_20p00_26p00,J_20p00_m3p00,1
1748,20.000,24.500,0.500,-90.000,V_x20.0_y-3.0_26.0_rev,V_x20.0_y-3.0_26.0_rev,straight,bidirectional,J_20p00_26p00,J_20p00_m3p00,1
1749,20.000,24.000,0.500,-90.000,V_x20.0_y-3.0_26.0_rev,V_x20.0_y-3.0_26.0_rev,straight,bidirectional,J_20p00_26p00,J_20p00_m3p00,1
1750,20.000,23.500,0.500,-90.000,V_x20.0_y-3.0_26.0_rev,V_x20.0_y-3.0_26.0_rev,straight,bidirectional,J_20p00_26p00,J_20p00_m3p00,1
1751,20.000,23.000,0.500,-90.000,V_x20.0_y-3.0_26.0_rev,V_x20.0_y-3.0_26.0_rev,straight,bidirectional,J_20p00_26p00,J_20p00_m3p00,1
1752,20.000,22.500,0.500,-90.000,V_x20.0_y-3.0_26.0_rev,V_x20.0_y-3.0_26.0_rev,straight,bidirectional,J_20p00_26p00,J_20p00_m3p00,1
1753,20.000,22.000,0.500,-90.000,V_x20.0_y-3.0_26.0_rev,V_x20.0_y-3.0_26.0_rev,straight,bidirectional,J_20p00_26p00,J_20p00_m3p00,1
1754,20.000,21.500,0.500,-90.000,V_x20.0_y-3.0_26.0_rev,V_x20.0_y-3.0_26.0_rev,straight,bidirectional,J_20p00_26p00,J_20p00_m3p00,1
1755,20.000,21.000,0.500,-90.000,V_x20.0_y-3.0_26.0_rev,V_x20.0_y-3.0_26.0_rev,straight,bidirectional,J_20p00_26p00,J_20p00_m3p00,1
1756,20.000,20.500,0.500,-90.000,V_x20.0_y-3.0_26.0_rev,V_x20.0_y-3.0_26.0_rev,straight,bidirectional,J_20p00_26p00,J_20p00_m3p00,1
1757,20.000,20.000,0.500,-90.000,V_x20.0_y-3.0_26.0_rev,V_x20.0_y-3.0_26.0_rev,straight,bidirectional,J_20p00_26p00,J_20p00_m3p00,1
1758,20.000,19.500,0.500,-90.000,V_x20.0_y-3.0_26.0_rev,V_x20.0_y-3.0_26.0_rev,straight,bidirectional,J_20p00_26p00,J_20p00_m3p00,1
1759,20.000,19.000,0.500,-90.000,V_x20.0_y-3.0_26.0_rev,V_x20.0_y-3.0_26.0_rev,straight,bidirectional,J_20p00_26p00,J_20p00_m3p00,1
1760,20.000,18.500,0.500,-90.000,V_x20.0_y-3.0_26.0_rev,V_x20.0_y-3.0_26.0_rev,straight,bidirectional,J_20p00_26p00,J_20p00_m3p00,1
1761,20.000,18.000,0.500,-90.000,V_x20.0_y-3.0_26.0_rev,V_x20.0_y-3.0_26.0_rev,straight,bidirectional,J_20p00_26p00,J_20p00_m3p00,1
1762,20.000,17.500,0.500,-90.000,V_x20.0_y-3.0_26.0_rev,V_x20.0_y-3.0_26.0_rev,straight,bidirectional,J_20p00_26p00,J_20p00_m3p00,1
1763,20.000,17.000,0.500,-90.000,V_x20.0_y-3.0_26.0_rev,V_x20.0_y-3.0_26.0_rev,straight,bidirectional,J_20p00_26p00,J_20p00_m3p00,1
1764,20.000,16.500,0.500,-90.000,V_x20.0_y-3.0_26.0_rev,V_x20.0_y-3.0_26.0_rev,straight,bidirectional,J_20p00_26p00,J_20p00_m3p00,1
1765,20.000,16.000,0.500,-90.000,V_x20.0_y-3.0_26.0_rev,V_x20.0_y-3.0_26.0_rev,straight,bidirectional,J_20p00_26p00,J_20p00_m3p00,1
1766,20.000,15.500,0.500,-90.000,V_x20.0_y-3.0_26.0_rev,V_x20.0_y-3.0_26.0_rev,straight,bidirectional,J_20p00_26p00,J_20p00_m3p00,1
1767,20.000,15.000,0.500,-90.000,V_x20.0_y-3.0_26.0_rev,V_x20.0_y-3.0_26.0_rev,straight,bidirectional,J_20p00_26p00,J_20p00_m3p00,1
1768,20.000,14.500,0.500,-90.000,V_x20.0_y-3.0_26.0_rev,V_x20.0_y-3.0_26.0_rev,straight,bidirectional,J_20p00_26p00,J_20p00_m3p00,1
1769,20.000,14.000,0.500,-90.000,V_x20.0_y-3.0_26.0_rev,V_x20.0_y-3.0_26.0_rev,straight,bidirectional,J_20p00_26p00,J_20p00_m3p00,1
1770,20.000,13.500,0.500,-90.000,V_x20.0_y-3.0_26.0_rev,V_x20.0_y-3.0_26.0_rev,straight,bidirectional,J_20p00_26p00,J_20p00_m3p00,1
1771,20.000,13.000,0.500,-90.000,V_x20.0_y-3.0_26.0_rev,V_x20.0_y-3.0_26.0_rev,straight,bidirectional,J_20p00_26p00,J_20p00_m3p00,1
1772,20.000,12.500,0.500,-90.000,V_x20.0_y-3.0_26.0_rev,V_x20.0_y-3.0_26.0_rev,straight,bidirectional,J_20p00_26p00,J_20p00_m3p00,1
1773,20.000,12.000,0.500,-90.000,V_x20.0_y-3.0_26.0_rev,V_x20.0_y-3.0_26.0_rev,straight,bidirectional,J_20p00_26p00,J_20p00_m3p00,1
1774,20.000,11.500,0.500,-90.000,V_x20.0_y-3.0_26.0_rev,V_x20.0_y-3.0_26.0_rev,straight,bidirectional,J_20p00_26p00,J_20p00_m3p00,1
1775,20.000,11.000,0.500,-90.000,V_x20.0_y-3.0_26.0_rev,V_x20.0_y-3.0_26.0_rev,straight,bidirectional,J_20p00_26p00,J_20p00_m3p00,1
1776,20.000,10.500,0.500,-90.000,V_x20.0_y-3.0_26.0_rev,V_x20.0_y-3.0_26.0_rev,straight,bidirectional,J_20p00_26p00,J_20p00_m3p00,1
1777,20.000,10.000,0.500,-90.000,V_x20.0_y-3.0_26.0_rev,V_x20.0_y-3.0_26.0_rev,straight,bidirectional,J_20p00_26p00,J_20p00_m3p00,1
1778,20.000,9.500,0.500,-90.000,V_x20.0_y-3.0_26.0_rev,V_x20.0_y-3.0_26.0_rev,straight,bidirectional,J_20p00_26p00,J_20p00_m3p00,1
1779,20.000,9.000,0.500,-90.000,V_x20.0_y-3.0_26.0_rev,V_x20.0_y-3.0_26.0_rev,straight,bidirectional,J_20p00_26p00,J_20p00_m3p00,1
1780,20.000,8.500,0.500,-90.000,V_x20.0_y-3.0_26.0_rev,V_x20.0_y-3.0_26.0_rev,straight,bidirectional,J_20p00_26p00,J_20p00_m3p00,1
1781,20.000,8.000,0.500,-90.000,V_x20.0_y-3.0_26.0_rev,V_x20.0_y-3.0_26.0_rev,straight,bidirectional,J_20p00_26p00,J_20p00_m3p00,1
1782,20.000,7.500,0.500,-90.000,V_x20.0_y-3.0_26.0_rev,V_x20.0_y-3.0_26.0_rev,straight,bidirectional,J_20p00_26p00,J_20p00_m3p00,1
1783,20.000,7.000,0.500,-90.000,V_x20.0_y-3.0_26.0_rev,V_x20.0_y-3.0_26.0_rev,straight,bidirectional,J_20p00_26p00,J_20p00_m3p00,1
1784,20.000,6.500,0.500,-90.000,V_x20.0_y-3.0_26.0_rev,V_x20.0_y-3.0_26.0_rev,straight,bidirectional,J_20p00_26p00,J_20p00_m3p00,1
1785,20.000,6.000,0.500,-90.000,V_x20.0_y-3.0_26.0_rev,V_x20.0_y-3.0_26.0_rev,straight,bidirectional,J_20p00_26p00,J_20p00_m3p00,1
1786,20.000,5.500,0.500,-90.000,V_x20.0_y-3.0_26.0_rev,V_x20.0_y-3.0_26.0_rev,straight,bidirectional,J_20p00_26p00,J_20p00_m3p00,1
1787,20.000,5.000,0.500,-90.000,V_x20.0_y-3.0_26.0_rev,V_x20.0_y-3.0_26.0_rev,straight,bidirectional,J_20p00_26p00,J_20p00_m3p00,1
1788,20.000,4.500,0.500,-90.000,V_x20.0_y-3.0_26.0_rev,V_x20.0_y-3.0_26.0_rev,straight,bidirectional,J_20p00_26p00,J_20p00_m3p00,1
1789,20.000,4.000,0.500,-90.000,V_x20.0_y-3.0_26.0_rev,V_x20.0_y-3.0_26.0_rev,straight,bidirectional,J_20p00_26p00,J_20p00_m3p00,1
1790,20.000,3.500,0.500,-90.000,V_x20.0_y-3.0_26.0_rev,V_x20.0_y-3.0_26.0_rev,straight,bidirectional,J_20p00_26p00,J_20p00_m3p00,1
1791,20.000,3.000,0.500,-90.000,V_x20.0_y-3.0_26.0_rev,V_x20.0_y-3.0_26.0_rev,straight,bidirectional,J_20p00_26p00,J_20p00_m3p00,1
1792,20.000,2.500,0.500,-90.000,V_x20.0_y-3.0_26.0_rev,V_x20.0_y-3.0_26.0_rev,straight,bidirectional,J_20p00_26p00,J_20p00_m3p00,1
1793,20.000,2.000,0.500,-90.000,V_x20.0_y-3.0_26.0_rev,V_x20.0_y-3.0_26.0_rev,straight,bidirectional,J_20p00_26p00,J_20p00_m3p00,1
1794,20.000,1.500,0.500,-90.000,V_x20.0_y-3.0_26.0_rev,V_x20.0_y-3.0_26.0_rev,straight,bidirectional,J_20p00_26p00,J_20p00_m3p00,1
1795,20.000,1.000,0.500,-90.000,V_x20.0_y-3.0_26.0_rev,V_x20.0_y-3.0_26.0_rev,straight,bidirectional,J_20p00_26p00,J_20p00_m3p00,1
1796,20.000,0.500,0.500,-90.000,V_x20.0_y-3.0_26.0_rev,V_x20.0_y-3.0_26.0_rev,straight,bidirectional,J_20p00_26p00,J_20p00_m3p00,1
1797,20.000,0.000,0.500,-90.000,V_x20.0_y-3.0_26.0_rev,V_x20.0_y-3.0_26.0_rev,straight,bidirectional,J_20p00_26p00,J_20p00_m3p00,1
1798,20.000,-0.500,0.500,-90.000,V_x20.0_y-3.0_26.0_rev,V_x20.0_y-3.0_26.0_rev,straight,bidirectional,J_20p00_26p00,J_20p00_m3p00,1
1799,20.000,-1.000,0.500,-90.000,V_x20.0_y-3.0_26.0_rev,V_x20.0_y-3.0_26.0_rev,straight,bidirectional,J_20p00_26p00,J_20p00_m3p00,1
1800,20.000,-1.500,0.500,-90.000,V_x20.0_y-3.0_26.0_rev,V_x20.0_y-3.0_26.0_rev,straight,bidirectional,J_20p00_26p00,J_20p00_m3p00,1
1801,20.000,-2.000,0.500,-90.000,V_x20.0_y-3.0_26.0_rev,V_x20.0_y-3.0_26.0_rev,straight,bidirectional,J_20p00_26p00,J_20p00_m3p00,1
1802,20.000,-2.500,0.500,-90.000,V_x20.0_y-3.0_26.0_rev,V_x20.0_y-3.0_26.0_rev,straight,bidirectional,J_20p00_26p00,J_20p00_m3p00,1
1803,20.000,-3.000,0.500,-90.000,V_x20.0_y-3.0_26.0_rev,V_x20.0_y-3.0_26.0_rev,straight,bidirectional,J_20p00_26p00,J_20p00_m3p00,0
1804,20.000,26.000,0.500,90.000,V_x20.0_y26.0_48.0_fwd,V_x20.0_y26.0_48.0_fwd,straight,bidirectional,J_20p00_26p00,J_20p00_48p00,1
1805,20.000,26.500,0.500,90.000,V_x20.0_y26.0_48.0_fwd,V_x20.0_y26.0_48.0_fwd,straight,bidirectional,J_20p00_26p00,J_20p00_48p00,1
1806,20.000,27.000,0.500,90.000,V_x20.0_y26.0_48.0_fwd,V_x20.0_y26.0_48.0_fwd,straight,bidirectional,J_20p00_26p00,J_20p00_48p00,1
1807,20.000,27.500,0.500,90.000,V_x20.0_y26.0_48.0_fwd,V_x20.0_y26.0_48.0_fwd,straight,bidirectional,J_20p00_26p00,J_20p00_48p00,1
1808,20.000,28.000,0.500,90.000,V_x20.0_y26.0_48.0_fwd,V_x20.0_y26.0_48.0_fwd,straight,bidirectional,J_20p00_26p00,J_20p00_48p00,1
1809,20.000,28.500,0.500,90.000,V_x20.0_y26.0_48.0_fwd,V_x20.0_y26.0_48.0_fwd,straight,bidirectional,J_20p00_26p00,J_20p00_48p00,1
1810,20.000,29.000,0.500,90.000,V_x20.0_y26.0_48.0_fwd,V_x20.0_y26.0_48.0_fwd,straight,bidirectional,J_20p00_26p00,J_20p00_48p00,1
1811,20.000,29.500,0.500,90.000,V_x20.0_y26.0_48.0_fwd,V_x20.0_y26.0_48.0_fwd,straight,bidirectional,J_20p00_26p00,J_20p00_48p00,1
1812,20.000,30.000,0.500,90.000,V_x20.0_y26.0_48.0_fwd,V_x20.0_y26.0_48.0_fwd,straight,bidirectional,J_20p00_26p00,J_20p00_48p00,1
1813,20.000,30.500,0.500,90.000,V_x20.0_y26.0_48.0_fwd,V_x20.0_y26.0_48.0_fwd,straight,bidirectional,J_20p00_26p00,J_20p00_48p00,1
1814,20.000,31.000,0.500,90.000,V_x20.0_y26.0_48.0_fwd,V_x20.0_y26.0_48.0_fwd,straight,bidirectional,J_20p00_26p00,J_20p00_48p00,1
1815,20.000,31.500,0.500,90.000,V_x20.0_y26.0_48.0_fwd,V_x20.0_y26.0_48.0_fwd,straight,bidirectional,J_20p00_26p00,J_20p00_48p00,1
1816,20.000,32.000,0.500,90.000,V_x20.0_y26.0_48.0_fwd,V_x20.0_y26.0_48.0_fwd,straight,bidirectional,J_20p00_26p00,J_20p00_48p00,1
1817,20.000,32.500,0.500,90.000,V_x20.0_y26.0_48.0_fwd,V_x20.0_y26.0_48.0_fwd,straight,bidirectional,J_20p00_26p00,J_20p00_48p00,1
1818,20.000,33.000,0.500,90.000,V_x20.0_y26.0_48.0_fwd,V_x20.0_y26.0_48.0_fwd,straight,bidirectional,J_20p00_26p00,J_20p00_48p00,1
1819,20.000,33.500,0.500,90.000,V_x20.0_y26.0_48.0_fwd,V_x20.0_y26.0_48.0_fwd,straight,bidirectional,J_20p00_26p00,J_20p00_48p00,1
1820,20.000,34.000,0.500,90.000,V_x20.0_y26.0_48.0_fwd,V_x20.0_y26.0_48.0_fwd,straight,bidirectional,J_20p00_26p00,J_20p00_48p00,1
1821,20.000,34.500,0.500,90.000,V_x20.0_y26.0_48.0_fwd,V_x20.0_y26.0_48.0_fwd,straight,bidirectional,J_20p00_26p00,J_20p00_48p00,1
1822,20.000,35.000,0.500,90.000,V_x20.0_y26.0_48.0_fwd,V_x20.0_y26.0_48.0_fwd,straight,bidirectional,J_20p00_26p00,J_20p00_48p00,1
1823,20.000,35.500,0.500,90.000,V_x20.0_y26.0_48.0_fwd,V_x20.0_y26.0_48.0_fwd,straight,bidirectional,J_20p00_26p00,J_20p00_48p00,1
1824,20.000,36.000,0.500,90.000,V_x20.0_y26.0_48.0_fwd,V_x20.0_y26.0_48.0_fwd,straight,bidirectional,J_20p00_26p00,J_20p00_48p00,1
1825,20.000,36.500,0.500,90.000,V_x20.0_y26.0_48.0_fwd,V_x20.0_y26.0_48.0_fwd,straight,bidirectional,J_20p00_26p00,J_20p00_48p00,1
1826,20.000,37.000,0.500,90.000,V_x20.0_y26.0_48.0_fwd,V_x20.0_y26.0_48.0_fwd,straight,bidirectional,J_20p00_26p00,J_20p00_48p00,1
1827,20.000,37.500,0.500,90.000,V_x20.0_y26.0_48.0_fwd,V_x20.0_y26.0_48.0_fwd,straight,bidirectional,J_20p00_26p00,J_20p00_48p00,1
1828,20.000,38.000,0.500,90.000,V_x20.0_y26.0_48.0_fwd,V_x20.0_y26.0_48.0_fwd,straight,bidirectional,J_20p00_26p00,J_20p00_48p00,1
1829,20.000,38.500,0.500,90.000,V_x20.0_y26.0_48.0_fwd,V_x20.0_y26.0_48.0_fwd,straight,bidirectional,J_20p00_26p00,J_20p00_48p00,1
1830,20.000,39.000,0.500,90.000,V_x20.0_y26.0_48.0_fwd,V_x20.0_y26.0_48.0_fwd,straight,bidirectional,J_20p00_26p00,J_20p00_48p00,1
1831,20.000,39.500,0.500,90.000,V_x20.0_y26.0_48.0_fwd,V_x20.0_y26.0_48.0_fwd,straight,bidirectional,J_20p00_26p00,J_20p00_48p00,1
1832,20.000,40.000,0.500,90.000,V_x20.0_y26.0_48.0_fwd,V_x20.0_y26.0_48.0_fwd,straight,bidirectional,J_20p00_26p00,J_20p00_48p00,1
1833,20.000,40.500,0.500,90.000,V_x20.0_y26.0_48.0_fwd,V_x20.0_y26.0_48.0_fwd,straight,bidirectional,J_20p00_26p00,J_20p00_48p00,1
1834,20.000,41.000,0.500,90.000,V_x20.0_y26.0_48.0_fwd,V_x20.0_y26.0_48.0_fwd,straight,bidirectional,J_20p00_26p00,J_20p00_48p00,1
1835,20.000,41.500,0.500,90.000,V_x20.0_y26.0_48.0_fwd,V_x20.0_y26.0_48.0_fwd,straight,bidirectional,J_20p00_26p00,J_20p00_48p00,1
1836,20.000,42.000,0.500,90.000,V_x20.0_y26.0_48.0_fwd,V_x20.0_y26.0_48.0_fwd,straight,bidirectional,J_20p00_26p00,J_20p00_48p00,1
1837,20.000,42.500,0.500,90.000,V_x20.0_y26.0_48.0_fwd,V_x20.0_y26.0_48.0_fwd,straight,bidirectional,J_20p00_26p00,J_20p00_48p00,1
1838,20.000,43.000,0.500,90.000,V_x20.0_y26.0_48.0_fwd,V_x20.0_y26.0_48.0_fwd,straight,bidirectional,J_20p00_26p00,J_20p00_48p00,1
1839,20.000,43.500,0.500,90.000,V_x20.0_y26.0_48.0_fwd,V_x20.0_y26.0_48.0_fwd,straight,bidirectional,J_20p00_26p00,J_20p00_48p00,1
1840,20.000,44.000,0.500,90.000,V_x20.0_y26.0_48.0_fwd,V_x20.0_y26.0_48.0_fwd,straight,bidirectional,J_20p00_26p00,J_20p00_48p00,1
1841,20.000,44.500,0.500,90.000,V_x20.0_y26.0_48.0_fwd,V_x20.0_y26.0_48.0_fwd,straight,bidirectional,J_20p00_26p00,J_20p00_48p00,1
1842,20.000,45.000,0.500,90.000,V_x20.0_y26.0_48.0_fwd,V_x20.0_y26.0_48.0_fwd,straight,bidirectional,J_20p00_26p00,J_20p00_48p00,1
1843,20.000,45.500,0.500,90.000,V_x20.0_y26.0_48.0_fwd,V_x20.0_y26.0_48.0_fwd,straight,bidirectional,J_20p00_26p00,J_20p00_48p00,1
1844,20.000,46.000,0.500,90.000,V_x20.0_y26.0_48.0_fwd,V_x20.0_y26.0_48.0_fwd,straight,bidirectional,J_20p00_26p00,J_20p00_48p00,1
1845,20.000,46.500,0.500,90.000,V_x20.0_y26.0_48.0_fwd,V_x20.0_y26.0_48.0_fwd,straight,bidirectional,J_20p00_26p00,J_20p00_48p00,1
1846,20.000,47.000,0.500,90.000,V_x20.0_y26.0_48.0_fwd,V_x20.0_y26.0_48.0_fwd,straight,bidirectional,J_20p00_26p00,J_20p00_48p00,1
1847,20.000,47.500,0.500,90.000,V_x20.0_y26.0_48.0_fwd,V_x20.0_y26.0_48.0_fwd,straight,bidirectional,J_20p00_26p00,J_20p00_48p00,1
1848,20.000,48.000,0.500,90.000,V_x20.0_y26.0_48.0_fwd,V_x20.0_y26.0_48.0_fwd,straight,bidirectional,J_20p00_26p00,J_20p00_48p00,0
1849,20.000,-3.000,0.500,180.000,H_y-3.0_x-20.0_20.0_rev,H_y-3.0_x-20.0_20.0_rev,straight,bidirectional,J_20p00_m3p00,J_m20p00_m3p00,1
1850,19.500,-3.000,0.500,180.000,H_y-3.0_x-20.0_20.0_rev,H_y-3.0_x-20.0_20.0_rev,straight,bidirectional,J_20p00_m3p00,J_m20p00_m3p00,1
1851,19.000,-3.000,0.500,180.000,H_y-3.0_x-20.0_20.0_rev,H_y-3.0_x-20.0_20.0_rev,straight,bidirectional,J_20p00_m3p00,J_m20p00_m3p00,1
1852,18.500,-3.000,0.500,180.000,H_y-3.0_x-20.0_20.0_rev,H_y-3.0_x-20.0_20.0_rev,straight,bidirectional,J_20p00_m3p00,J_m20p00_m3p00,1
1853,18.000,-3.000,0.500,180.000,H_y-3.0_x-20.0_20.0_rev,H_y-3.0_x-20.0_20.0_rev,straight,bidirectional,J_20p00_m3p00,J_m20p00_m3p00,1
1854,17.500,-3.000,0.500,180.000,H_y-3.0_x-20.0_20.0_rev,H_y-3.0_x-20.0_20.0_rev,straight,bidirectional,J_20p00_m3p00,J_m20p00_m3p00,1
1855,17.000,-3.000,0.500,180.000,H_y-3.0_x-20.0_20.0_rev,H_y-3.0_x-20.0_20.0_rev,straight,bidirectional,J_20p00_m3p00,J_m20p00_m3p00,1
1856,16.500,-3.000,0.500,180.000,H_y-3.0_x-20.0_20.0_rev,H_y-3.0_x-20.0_20.0_rev,straight,bidirectional,J_20p00_m3p00,J_m20p00_m3p00,1
1857,16.000,-3.000,0.500,180.000,H_y-3.0_x-20.0_20.0_rev,H_y-3.0_x-20.0_20.0_rev,straight,bidirectional,J_20p00_m3p00,J_m20p00_m3p00,1
1858,15.500,-3.000,0.500,180.000,H_y-3.0_x-20.0_20.0_rev,H_y-3.0_x-20.0_20.0_rev,straight,bidirectional,J_20p00_m3p00,J_m20p00_m3p00,1
1859,15.000,-3.000,0.500,180.000,H_y-3.0_x-20.0_20.0_rev,H_y-3.0_x-20.0_20.0_rev,straight,bidirectional,J_20p00_m3p00,J_m20p00_m3p00,1
1860,14.500,-3.000,0.500,180.000,H_y-3.0_x-20.0_20.0_rev,H_y-3.0_x-20.0_20.0_rev,straight,bidirectional,J_20p00_m3p00,J_m20p00_m3p00,1
1861,14.000,-3.000,0.500,180.000,H_y-3.0_x-20.0_20.0_rev,H_y-3.0_x-20.0_20.0_rev,straight,bidirectional,J_20p00_m3p00,J_m20p00_m3p00,1
1862,13.500,-3.000,0.500,180.000,H_y-3.0_x-20.0_20.0_rev,H_y-3.0_x-20.0_20.0_rev,straight,bidirectional,J_20p00_m3p00,J_m20p00_m3p00,1
1863,13.000,-3.000,0.500,180.000,H_y-3.0_x-20.0_20.0_rev,H_y-3.0_x-20.0_20.0_rev,straight,bidirectional,J_20p00_m3p00,J_m20p00_m3p00,1
1864,12.500,-3.000,0.500,180.000,H_y-3.0_x-20.0_20.0_rev,H_y-3.0_x-20.0_20.0_rev,straight,bidirectional,J_20p00_m3p00,J_m20p00_m3p00,1
1865,12.000,-3.000,0.500,180.000,H_y-3.0_x-20.0_20.0_rev,H_y-3.0_x-20.0_20.0_rev,straight,bidirectional,J_20p00_m3p00,J_m20p00_m3p00,1
1866,11.500,-3.000,0.500,180.000,H_y-3.0_x-20.0_20.0_rev,H_y-3.0_x-20.0_20.0_rev,straight,bidirectional,J_20p00_m3p00,J_m20p00_m3p00,1
1867,11.000,-3.000,0.500,180.000,H_y-3.0_x-20.0_20.0_rev,H_y-3.0_x-20.0_20.0_rev,straight,bidirectional,J_20p00_m3p00,J_m20p00_m3p00,1
1868,10.500,-3.000,0.500,180.000,H_y-3.0_x-20.0_20.0_rev,H_y-3.0_x-20.0_20.0_rev,straight,bidirectional,J_20p00_m3p00,J_m20p00_m3p00,1
1869,10.000,-3.000,0.500,180.000,H_y-3.0_x-20.0_20.0_rev,H_y-3.0_x-20.0_20.0_rev,straight,bidirectional,J_20p00_m3p00,J_m20p00_m3p00,1
1870,9.500,-3.000,0.500,180.000,H_y-3.0_x-20.0_20.0_rev,H_y-3.0_x-20.0_20.0_rev,straight,bidirectional,J_20p00_m3p00,J_m20p00_m3p00,1
1871,9.000,-3.000,0.500,180.000,H_y-3.0_x-20.0_20.0_rev,H_y-3.0_x-20.0_20.0_rev,straight,bidirectional,J_20p00_m3p00,J_m20p00_m3p00,1
1872,8.500,-3.000,0.500,180.000,H_y-3.0_x-20.0_20.0_rev,H_y-3.0_x-20.0_20.0_rev,straight,bidirectional,J_20p00_m3p00,J_m20p00_m3p00,1
1873,8.000,-3.000,0.500,180.000,H_y-3.0_x-20.0_20.0_rev,H_y-3.0_x-20.0_20.0_rev,straight,bidirectional,J_20p00_m3p00,J_m20p00_m3p00,1
1874,7.500,-3.000,0.500,180.000,H_y-3.0_x-20.0_20.0_rev,H_y-3.0_x-20.0_20.0_rev,straight,bidirectional,J_20p00_m3p00,J_m20p00_m3p00,1
1875,7.000,-3.000,0.500,180.000,H_y-3.0_x-20.0_20.0_rev,H_y-3.0_x-20.0_20.0_rev,straight,bidirectional,J_20p00_m3p00,J_m20p00_m3p00,1
1876,6.500,-3.000,0.500,180.000,H_y-3.0_x-20.0_20.0_rev,H_y-3.0_x-20.0_20.0_rev,straight,bidirectional,J_20p00_m3p00,J_m20p00_m3p00,1
1877,6.000,-3.000,0.500,180.000,H_y-3.0_x-20.0_20.0_rev,H_y-3.0_x-20.0_20.0_rev,straight,bidirectional,J_20p00_m3p00,J_m20p00_m3p00,1
1878,5.500,-3.000,0.500,180.000,H_y-3.0_x-20.0_20.0_rev,H_y-3.0_x-20.0_20.0_rev,straight,bidirectional,J_20p00_m3p00,J_m20p00_m3p00,1
1879,5.000,-3.000,0.500,180.000,H_y-3.0_x-20.0_20.0_rev,H_y-3.0_x-20.0_20.0_rev,straight,bidirectional,J_20p00_m3p00,J_m20p00_m3p00,1
1880,4.500,-3.000,0.500,180.000,H_y-3.0_x-20.0_20.0_rev,H_y-3.0_x-20.0_20.0_rev,straight,bidirectional,J_20p00_m3p00,J_m20p00_m3p00,1
1881,4.000,-3.000,0.500,180.000,H_y-3.0_x-20.0_20.0_rev,H_y-3.0_x-20.0_20.0_rev,straight,bidirectional,J_20p00_m3p00,J_m20p00_m3p00,1
1882,3.500,-3.000,0.500,180.000,H_y-3.0_x-20.0_20.0_rev,H_y-3.0_x-20.0_20.0_rev,straight,bidirectional,J_20p00_m3p00,J_m20p00_m3p00,1
1883,3.000,-3.000,0.500,180.000,H_y-3.0_x-20.0_20.0_rev,H_y-3.0_x-20.0_20.0_rev,straight,bidirectional,J_20p00_m3p00,J_m20p00_m3p00,1
1884,2.500,-3.000,0.500,180.000,H_y-3.0_x-20.0_20.0_rev,H_y-3.0_x-20.0_20.0_rev,straight,bidirectional,J_20p00_m3p00,J_m20p00_m3p00,1
1885,2.000,-3.000,0.500,180.000,H_y-3.0_x-20.0_20.0_rev,H_y-3.0_x-20.0_20.0_rev,straight,bidirectional,J_20p00_m3p00,J_m20p00_m3p00,1
1886,1.500,-3.000,0.500,180.000,H_y-3.0_x-20.0_20.0_rev,H_y-3.0_x-20.0_20.0_rev,straight,bidirectional,J_20p00_m3p00,J_m20p00_m3p00,1
1887,1.000,-3.000,0.500,180.000,H_y-3.0_x-20.0_20.0_rev,H_y-3.0_x-20.0_20.0_rev,straight,bidirectional,J_20p00_m3p00,J_m20p00_m3p00,1
1888,0.500,-3.000,0.500,180.000,H_y-3.0_x-20.0_20.0_rev,H_y-3.0_x-20.0_20.0_rev,straight,bidirectional,J_20p00_m3p00,J_m20p00_m3p00,1
1889,0.000,-3.000,0.500,180.000,H_y-3.0_x-20.0_20.0_rev,H_y-3.0_x-20.0_20.0_rev,straight,bidirectional,J_20p00_m3p00,J_m20p00_m3p00,1
1890,-0.500,-3.000,0.500,180.000,H_y-3.0_x-20.0_20.0_rev,H_y-3.0_x-20.0_20.0_rev,straight,bidirectional,J_20p00_m3p00,J_m20p00_m3p00,1
1891,-1.000,-3.000,0.500,180.000,H_y-3.0_x-20.0_20.0_rev,H_y-3.0_x-20.0_20.0_rev,straight,bidirectional,J_20p00_m3p00,J_m20p00_m3p00,1
1892,-1.500,-3.000,0.500,180.000,H_y-3.0_x-20.0_20.0_rev,H_y-3.0_x-20.0_20.0_rev,straight,bidirectional,J_20p00_m3p00,J_m20p00_m3p00,1
1893,-2.000,-3.000,0.500,180.000,H_y-3.0_x-20.0_20.0_rev,H_y-3.0_x-20.0_20.0_rev,straight,bidirectional,J_20p00_m3p00,J_m20p00_m3p00,1
1894,-2.500,-3.000,0.500,180.000,H_y-3.0_x-20.0_20.0_rev,H_y-3.0_x-20.0_20.0_rev,straight,bidirectional,J_20p00_m3p00,J_m20p00_m3p00,1
1895,-3.000,-3.000,0.500,180.000,H_y-3.0_x-20.0_20.0_rev,H_y-3.0_x-20.0_20.0_rev,straight,bidirectional,J_20p00_m3p00,J_m20p00_m3p00,1
1896,-3.500,-3.000,0.500,180.000,H_y-3.0_x-20.0_20.0_rev,H_y-3.0_x-20.0_20.0_rev,straight,bidirectional,J_20p00_m3p00,J_m20p00_m3p00,1
1897,-4.000,-3.000,0.500,180.000,H_y-3.0_x-20.0_20.0_rev,H_y-3.0_x-20.0_20.0_rev,straight,bidirectional,J_20p00_m3p00,J_m20p00_m3p00,1
1898,-4.500,-3.000,0.500,180.000,H_y-3.0_x-20.0_20.0_rev,H_y-3.0_x-20.0_20.0_rev,straight,bidirectional,J_20p00_m3p00,J_m20p00_m3p00,1
1899,-5.000,-3.000,0.500,180.000,H_y-3.0_x-20.0_20.0_rev,H_y-3.0_x-20.0_20.0_rev,straight,bidirectional,J_20p00_m3p00,J_m20p00_m3p00,1
1900,-5.500,-3.000,0.500,180.000,H_y-3.0_x-20.0_20.0_rev,H_y-3.0_x-20.0_20.0_rev,straight,bidirectional,J_20p00_m3p00,J_m20p00_m3p00,1
1901,-6.000,-3.000,0.500,180.000,H_y-3.0_x-20.0_20.0_rev,H_y-3.0_x-20.0_20.0_rev,straight,bidirectional,J_20p00_m3p00,J_m20p00_m3p00,1
1902,-6.500,-3.000,0.500,180.000,H_y-3.0_x-20.0_20.0_rev,H_y-3.0_x-20.0_20.0_rev,straight,bidirectional,J_20p00_m3p00,J_m20p00_m3p00,1
1903,-7.000,-3.000,0.500,180.000,H_y-3.0_x-20.0_20.0_rev,H_y-3.0_x-20.0_20.0_rev,straight,bidirectional,J_20p00_m3p00,J_m20p00_m3p00,1
1904,-7.500,-3.000,0.500,180.000,H_y-3.0_x-20.0_20.0_rev,H_y-3.0_x-20.0_20.0_rev,straight,bidirectional,J_20p00_m3p00,J_m20p00_m3p00,1
1905,-8.000,-3.000,0.500,180.000,H_y-3.0_x-20.0_20.0_rev,H_y-3.0_x-20.0_20.0_rev,straight,bidirectional,J_20p00_m3p00,J_m20p00_m3p00,1
1906,-8.500,-3.000,0.500,180.000,H_y-3.0_x-20.0_20.0_rev,H_y-3.0_x-20.0_20.0_rev,straight,bidirectional,J_20p00_m3p00,J_m20p00_m3p00,1
1907,-9.000,-3.000,0.500,180.000,H_y-3.0_x-20.0_20.0_rev,H_y-3.0_x-20.0_20.0_rev,straight,bidirectional,J_20p00_m3p00,J_m20p00_m3p00,1
1908,-9.500,-3.000,0.500,180.000,H_y-3.0_x-20.0_20.0_rev,H_y-3.0_x-20.0_20.0_rev,straight,bidirectional,J_20p00_m3p00,J_m20p00_m3p00,1
1909,-10.000,-3.000,0.500,180.000,H_y-3.0_x-20.0_20.0_rev,H_y-3.0_x-20.0_20.0_rev,straight,bidirectional,J_20p00_m3p00,J_m20p00_m3p00,1
1910,-10.500,-3.000,0.500,180.000,H_y-3.0_x-20.0_20.0_rev,H_y-3.0_x-20.0_20.0_rev,straight,bidirectional,J_20p00_m3p00,J_m20p00_m3p00,1
1911,-11.000,-3.000,0.500,180.000,H_y-3.0_x-20.0_20.0_rev,H_y-3.0_x-20.0_20.0_rev,straight,bidirectional,J_20p00_m3p00,J_m20p00_m3p00,1
1912,-11.500,-3.000,0.500,180.000,H_y-3.0_x-20.0_20.0_rev,H_y-3.0_x-20.0_20.0_rev,straight,bidirectional,J_20p00_m3p00,J_m20p00_m3p00,1
1913,-12.000,-3.000,0.500,180.000,H_y-3.0_x-20.0_20.0_rev,H_y-3.0_x-20.0_20.0_rev,straight,bidirectional,J_20p00_m3p00,J_m20p00_m3p00,1
1914,-12.500,-3.000,0.500,180.000,H_y-3.0_x-20.0_20.0_rev,H_y-3.0_x-20.0_20.0_rev,straight,bidirectional,J_20p00_m3p00,J_m20p00_m3p00,1
1915,-13.000,-3.000,0.500,180.000,H_y-3.0_x-20.0_20.0_rev,H_y-3.0_x-20.0_20.0_rev,straight,bidirectional,J_20p00_m3p00,J_m20p00_m3p00,1
1916,-13.500,-3.000,0.500,180.000,H_y-3.0_x-20.0_20.0_rev,H_y-3.0_x-20.0_20.0_rev,straight,bidirectional,J_20p00_m3p00,J_m20p00_m3p00,1
1917,-14.000,-3.000,0.500,180.000,H_y-3.0_x-20.0_20.0_rev,H_y-3.0_x-20.0_20.0_rev,straight,bidirectional,J_20p00_m3p00,J_m20p00_m3p00,1
1918,-14.500,-3.000,0.500,180.000,H_y-3.0_x-20.0_20.0_rev,H_y-3.0_x-20.0_20.0_rev,straight,bidirectional,J_20p00_m3p00,J_m20p00_m3p00,1
1919,-15.000,-3.000,0.500,180.000,H_y-3.0_x-20.0_20.0_rev,H_y-3.0_x-20.0_20.0_rev,straight,bidirectional,J_20p00_m3p00,J_m20p00_m3p00,1
1920,-15.500,-3.000,0.500,180.000,H_y-3.0_x-20.0_20.0_rev,H_y-3.0_x-20.0_20.0_rev,straight,bidirectional,J_20p00_m3p00,J_m20p00_m3p00,1
1921,-16.000,-3.000,0.500,180.000,H_y-3.0_x-20.0_20.0_rev,H_y-3.0_x-20.0_20.0_rev,straight,bidirectional,J_20p00_m3p00,J_m20p00_m3p00,1
1922,-16.500,-3.000,0.500,180.000,H_y-3.0_x-20.0_20.0_rev,H_y-3.0_x-20.0_20.0_rev,straight,bidirectional,J_20p00_m3p00,J_m20p00_m3p00,1
1923,-17.000,-3.000,0.500,180.000,H_y-3.0_x-20.0_20.0_rev,H_y-3.0_x-20.0_20.0_rev,straight,bidirectional,J_20p00_m3p00,J_m20p00_m3p00,1
1924,-17.500,-3.000,0.500,180.000,H_y-3.0_x-20.0_20.0_rev,H_y-3.0_x-20.0_20.0_rev,straight,bidirectional,J_20p00_m3p00,J_m20p00_m3p00,1
1925,-18.000,-3.000,0.500,180.000,H_y-3.0_x-20.0_20.0_rev,H_y-3.0_x-20.0_20.0_rev,straight,bidirectional,J_20p00_m3p00,J_m20p00_m3p00,1
1926,-18.500,-3.000,0.500,180.000,H_y-3.0_x-20.0_20.0_rev,H_y-3.0_x-20.0_20.0_rev,straight,bidirectional,J_20p00_m3p00,J_m20p00_m3p00,1
1927,-19.000,-3.000,0.500,180.000,H_y-3.0_x-20.0_20.0_rev,H_y-3.0_x-20.0_20.0_rev,straight,bidirectional,J_20p00_m3p00,J_m20p00_m3p00,1
1928,-19.500,-3.000,0.500,180.000,H_y-3.0_x-20.0_20.0_rev,H_y-3.0_x-20.0_20.0_rev,straight,bidirectional,J_20p00_m3p00,J_m20p00_m3p00,1
1929,-20.000,-3.000,0.500,180.000,H_y-3.0_x-20.0_20.0_rev,H_y-3.0_x-20.0_20.0_rev,straight,bidirectional,J_20p00_m3p00,J_m20p00_m3p00,0
1930,20.000,-3.000,0.500,0.000,H_y-3.0_x20.0_40.0_fwd,H_y-3.0_x20.0_40.0_fwd,straight,bidirectional,J_20p00_m3p00,J_40p00_m3p00,1
1931,20.500,-3.000,0.500,0.000,H_y-3.0_x20.0_40.0_fwd,H_y-3.0_x20.0_40.0_fwd,straight,bidirectional,J_20p00_m3p00,J_40p00_m3p00,1
1932,21.000,-3.000,0.500,0.000,H_y-3.0_x20.0_40.0_fwd,H_y-3.0_x20.0_40.0_fwd,straight,bidirectional,J_20p00_m3p00,J_40p00_m3p00,1
1933,21.500,-3.000,0.500,0.000,H_y-3.0_x20.0_40.0_fwd,H_y-3.0_x20.0_40.0_fwd,straight,bidirectional,J_20p00_m3p00,J_40p00_m3p00,1
1934,22.000,-3.000,0.500,0.000,H_y-3.0_x20.0_40.0_fwd,H_y-3.0_x20.0_40.0_fwd,straight,bidirectional,J_20p00_m3p00,J_40p00_m3p00,1
1935,22.500,-3.000,0.500,0.000,H_y-3.0_x20.0_40.0_fwd,H_y-3.0_x20.0_40.0_fwd,straight,bidirectional,J_20p00_m3p00,J_40p00_m3p00,1
1936,23.000,-3.000,0.500,0.000,H_y-3.0_x20.0_40.0_fwd,H_y-3.0_x20.0_40.0_fwd,straight,bidirectional,J_20p00_m3p00,J_40p00_m3p00,1
1937,23.500,-3.000,0.500,0.000,H_y-3.0_x20.0_40.0_fwd,H_y-3.0_x20.0_40.0_fwd,straight,bidirectional,J_20p00_m3p00,J_40p00_m3p00,1
1938,24.000,-3.000,0.500,0.000,H_y-3.0_x20.0_40.0_fwd,H_y-3.0_x20.0_40.0_fwd,straight,bidirectional,J_20p00_m3p00,J_40p00_m3p00,1
1939,24.500,-3.000,0.500,0.000,H_y-3.0_x20.0_40.0_fwd,H_y-3.0_x20.0_40.0_fwd,straight,bidirectional,J_20p00_m3p00,J_40p00_m3p00,1
1940,25.000,-3.000,0.500,0.000,H_y-3.0_x20.0_40.0_fwd,H_y-3.0_x20.0_40.0_fwd,straight,bidirectional,J_20p00_m3p00,J_40p00_m3p00,1
1941,25.500,-3.000,0.500,0.000,H_y-3.0_x20.0_40.0_fwd,H_y-3.0_x20.0_40.0_fwd,straight,bidirectional,J_20p00_m3p00,J_40p00_m3p00,1
1942,26.000,-3.000,0.500,0.000,H_y-3.0_x20.0_40.0_fwd,H_y-3.0_x20.0_40.0_fwd,straight,bidirectional,J_20p00_m3p00,J_40p00_m3p00,1
1943,26.500,-3.000,0.500,0.000,H_y-3.0_x20.0_40.0_fwd,H_y-3.0_x20.0_40.0_fwd,straight,bidirectional,J_20p00_m3p00,J_40p00_m3p00,1
1944,27.000,-3.000,0.500,0.000,H_y-3.0_x20.0_40.0_fwd,H_y-3.0_x20.0_40.0_fwd,straight,bidirectional,J_20p00_m3p00,J_40p00_m3p00,1
1945,27.500,-3.000,0.500,0.000,H_y-3.0_x20.0_40.0_fwd,H_y-3.0_x20.0_40.0_fwd,straight,bidirectional,J_20p00_m3p00,J_40p00_m3p00,1
1946,28.000,-3.000,0.500,0.000,H_y-3.0_x20.0_40.0_fwd,H_y-3.0_x20.0_40.0_fwd,straight,bidirectional,J_20p00_m3p00,J_40p00_m3p00,1
1947,28.500,-3.000,0.500,0.000,H_y-3.0_x20.0_40.0_fwd,H_y-3.0_x20.0_40.0_fwd,straight,bidirectional,J_20p00_m3p00,J_40p00_m3p00,1
1948,29.000,-3.000,0.500,0.000,H_y-3.0_x20.0_40.0_fwd,H_y-3.0_x20.0_40.0_fwd,straight,bidirectional,J_20p00_m3p00,J_40p00_m3p00,1
1949,29.500,-3.000,0.500,0.000,H_y-3.0_x20.0_40.0_fwd,H_y-3.0_x20.0_40.0_fwd,straight,bidirectional,J_20p00_m3p00,J_40p00_m3p00,1
1950,30.000,-3.000,0.500,0.000,H_y-3.0_x20.0_40.0_fwd,H_y-3.0_x20.0_40.0_fwd,straight,bidirectional,J_20p00_m3p00,J_40p00_m3p00,1
1951,30.500,-3.000,0.500,0.000,H_y-3.0_x20.0_40.0_fwd,H_y-3.0_x20.0_40.0_fwd,straight,bidirectional,J_20p00_m3p00,J_40p00_m3p00,1
1952,31.000,-3.000,0.500,0.000,H_y-3.0_x20.0_40.0_fwd,H_y-3.0_x20.0_40.0_fwd,straight,bidirectional,J_20p00_m3p00,J_40p00_m3p00,1
1953,31.500,-3.000,0.500,0.000,H_y-3.0_x20.0_40.0_fwd,H_y-3.0_x20.0_40.0_fwd,straight,bidirectional,J_20p00_m3p00,J_40p00_m3p00,1
1954,32.000,-3.000,0.500,0.000,H_y-3.0_x20.0_40.0_fwd,H_y-3.0_x20.0_40.0_fwd,straight,bidirectional,J_20p00_m3p00,J_40p00_m3p00,1
1955,32.500,-3.000,0.500,0.000,H_y-3.0_x20.0_40.0_fwd,H_y-3.0_x20.0_40.0_fwd,straight,bidirectional,J_20p00_m3p00,J_40p00_m3p00,1
1956,33.000,-3.000,0.500,0.000,H_y-3.0_x20.0_40.0_fwd,H_y-3.0_x20.0_40.0_fwd,straight,bidirectional,J_20p00_m3p00,J_40p00_m3p00,1
1957,33.500,-3.000,0.500,0.000,H_y-3.0_x20.0_40.0_fwd,H_y-3.0_x20.0_40.0_fwd,straight,bidirectional,J_20p00_m3p00,J_40p00_m3p00,1
1958,34.000,-3.000,0.500,0.000,H_y-3.0_x20.0_40.0_fwd,H_y-3.0_x20.0_40.0_fwd,straight,bidirectional,J_20p00_m3p00,J_40p00_m3p00,1
1959,34.500,-3.000,0.500,0.000,H_y-3.0_x20.0_40.0_fwd,H_y-3.0_x20.0_40.0_fwd,straight,bidirectional,J_20p00_m3p00,J_40p00_m3p00,1
1960,35.000,-3.000,0.500,0.000,H_y-3.0_x20.0_40.0_fwd,H_y-3.0_x20.0_40.0_fwd,straight,bidirectional,J_20p00_m3p00,J_40p00_m3p00,1
1961,35.500,-3.000,0.500,0.000,H_y-3.0_x20.0_40.0_fwd,H_y-3.0_x20.0_40.0_fwd,straight,bidirectional,J_20p00_m3p00,J_40p00_m3p00,1
1962,36.000,-3.000,0.500,0.000,H_y-3.0_x20.0_40.0_fwd,H_y-3.0_x20.0_40.0_fwd,straight,bidirectional,J_20p00_m3p00,J_40p00_m3p00,1
1963,36.500,-3.000,0.500,0.000,H_y-3.0_x20.0_40.0_fwd,H_y-3.0_x20.0_40.0_fwd,straight,bidirectional,J_20p00_m3p00,J_40p00_m3p00,1
1964,37.000,-3.000,0.500,0.000,H_y-3.0_x20.0_40.0_fwd,H_y-3.0_x20.0_40.0_fwd,straight,bidirectional,J_20p00_m3p00,J_40p00_m3p00,1
1965,37.500,-3.000,0.500,0.000,H_y-3.0_x20.0_40.0_fwd,H_y-3.0_x20.0_40.0_fwd,straight,bidirectional,J_20p00_m3p00,J_40p00_m3p00,1
1966,38.000,-3.000,0.500,0.000,H_y-3.0_x20.0_40.0_fwd,H_y-3.0_x20.0_40.0_fwd,straight,bidirectional,J_20p00_m3p00,J_40p00_m3p00,1
1967,38.500,-3.000,0.500,0.000,H_y-3.0_x20.0_40.0_fwd,H_y-3.0_x20.0_40.0_fwd,straight,bidirectional,J_20p00_m3p00,J_40p00_m3p00,1
1968,39.000,-3.000,0.500,0.000,H_y-3.0_x20.0_40.0_fwd,H_y-3.0_x20.0_40.0_fwd,straight,bidirectional,J_20p00_m3p00,J_40p00_m3p00,1
1969,39.500,-3.000,0.500,0.000,H_y-3.0_x20.0_40.0_fwd,H_y-3.0_x20.0_40.0_fwd,straight,bidirectional,J_20p00_m3p00,J_40p00_m3p00,1
1970,40.000,-3.000,0.500,0.000,H_y-3.0_x20.0_40.0_fwd,H_y-3.0_x20.0_40.0_fwd,straight,bidirectional,J_20p00_m3p00,J_40p00_m3p00,0
1971,20.000,-3.000,0.500,-90.000,V_x20.0_y-34.0_-3.0_rev,V_x20.0_y-34.0_-3.0_rev,straight,bidirectional,J_20p00_m3p00,J_20p00_m34p00,1
1972,20.000,-3.500,0.500,-90.000,V_x20.0_y-34.0_-3.0_rev,V_x20.0_y-34.0_-3.0_rev,straight,bidirectional,J_20p00_m3p00,J_20p00_m34p00,1
1973,20.000,-4.000,0.500,-90.000,V_x20.0_y-34.0_-3.0_rev,V_x20.0_y-34.0_-3.0_rev,straight,bidirectional,J_20p00_m3p00,J_20p00_m34p00,1
1974,20.000,-4.500,0.500,-90.000,V_x20.0_y-34.0_-3.0_rev,V_x20.0_y-34.0_-3.0_rev,straight,bidirectional,J_20p00_m3p00,J_20p00_m34p00,1
1975,20.000,-5.000,0.500,-90.000,V_x20.0_y-34.0_-3.0_rev,V_x20.0_y-34.0_-3.0_rev,straight,bidirectional,J_20p00_m3p00,J_20p00_m34p00,1
1976,20.000,-5.500,0.500,-90.000,V_x20.0_y-34.0_-3.0_rev,V_x20.0_y-34.0_-3.0_rev,straight,bidirectional,J_20p00_m3p00,J_20p00_m34p00,1
1977,20.000,-6.000,0.500,-90.000,V_x20.0_y-34.0_-3.0_rev,V_x20.0_y-34.0_-3.0_rev,straight,bidirectional,J_20p00_m3p00,J_20p00_m34p00,1
1978,20.000,-6.500,0.500,-90.000,V_x20.0_y-34.0_-3.0_rev,V_x20.0_y-34.0_-3.0_rev,straight,bidirectional,J_20p00_m3p00,J_20p00_m34p00,1
1979,20.000,-7.000,0.500,-90.000,V_x20.0_y-34.0_-3.0_rev,V_x20.0_y-34.0_-3.0_rev,straight,bidirectional,J_20p00_m3p00,J_20p00_m34p00,1
1980,20.000,-7.500,0.500,-90.000,V_x20.0_y-34.0_-3.0_rev,V_x20.0_y-34.0_-3.0_rev,straight,bidirectional,J_20p00_m3p00,J_20p00_m34p00,1
1981,20.000,-8.000,0.500,-90.000,V_x20.0_y-34.0_-3.0_rev,V_x20.0_y-34.0_-3.0_rev,straight,bidirectional,J_20p00_m3p00,J_20p00_m34p00,1
1982,20.000,-8.500,0.500,-90.000,V_x20.0_y-34.0_-3.0_rev,V_x20.0_y-34.0_-3.0_rev,straight,bidirectional,J_20p00_m3p00,J_20p00_m34p00,1
1983,20.000,-9.000,0.500,-90.000,V_x20.0_y-34.0_-3.0_rev,V_x20.0_y-34.0_-3.0_rev,straight,bidirectional,J_20p00_m3p00,J_20p00_m34p00,1
1984,20.000,-9.500,0.500,-90.000,V_x20.0_y-34.0_-3.0_rev,V_x20.0_y-34.0_-3.0_rev,straight,bidirectional,J_20p00_m3p00,J_20p00_m34p00,1
1985,20.000,-10.000,0.500,-90.000,V_x20.0_y-34.0_-3.0_rev,V_x20.0_y-34.0_-3.0_rev,straight,bidirectional,J_20p00_m3p00,J_20p00_m34p00,1
1986,20.000,-10.500,0.500,-90.000,V_x20.0_y-34.0_-3.0_rev,V_x20.0_y-34.0_-3.0_rev,straight,bidirectional,J_20p00_m3p00,J_20p00_m34p00,1
1987,20.000,-11.000,0.500,-90.000,V_x20.0_y-34.0_-3.0_rev,V_x20.0_y-34.0_-3.0_rev,straight,bidirectional,J_20p00_m3p00,J_20p00_m34p00,1
1988,20.000,-11.500,0.500,-90.000,V_x20.0_y-34.0_-3.0_rev,V_x20.0_y-34.0_-3.0_rev,straight,bidirectional,J_20p00_m3p00,J_20p00_m34p00,1
1989,20.000,-12.000,0.500,-90.000,V_x20.0_y-34.0_-3.0_rev,V_x20.0_y-34.0_-3.0_rev,straight,bidirectional,J_20p00_m3p00,J_20p00_m34p00,1
1990,20.000,-12.500,0.500,-90.000,V_x20.0_y-34.0_-3.0_rev,V_x20.0_y-34.0_-3.0_rev,straight,bidirectional,J_20p00_m3p00,J_20p00_m34p00,1
1991,20.000,-13.000,0.500,-90.000,V_x20.0_y-34.0_-3.0_rev,V_x20.0_y-34.0_-3.0_rev,straight,bidirectional,J_20p00_m3p00,J_20p00_m34p00,1
1992,20.000,-13.500,0.500,-90.000,V_x20.0_y-34.0_-3.0_rev,V_x20.0_y-34.0_-3.0_rev,straight,bidirectional,J_20p00_m3p00,J_20p00_m34p00,1
1993,20.000,-14.000,0.500,-90.000,V_x20.0_y-34.0_-3.0_rev,V_x20.0_y-34.0_-3.0_rev,straight,bidirectional,J_20p00_m3p00,J_20p00_m34p00,1
1994,20.000,-14.500,0.500,-90.000,V_x20.0_y-34.0_-3.0_rev,V_x20.0_y-34.0_-3.0_rev,straight,bidirectional,J_20p00_m3p00,J_20p00_m34p00,1
1995,20.000,-15.000,0.500,-90.000,V_x20.0_y-34.0_-3.0_rev,V_x20.0_y-34.0_-3.0_rev,straight,bidirectional,J_20p00_m3p00,J_20p00_m34p00,1
1996,20.000,-15.500,0.500,-90.000,V_x20.0_y-34.0_-3.0_rev,V_x20.0_y-34.0_-3.0_rev,straight,bidirectional,J_20p00_m3p00,J_20p00_m34p00,1
1997,20.000,-16.000,0.500,-90.000,V_x20.0_y-34.0_-3.0_rev,V_x20.0_y-34.0_-3.0_rev,straight,bidirectional,J_20p00_m3p00,J_20p00_m34p00,1
1998,20.000,-16.500,0.500,-90.000,V_x20.0_y-34.0_-3.0_rev,V_x20.0_y-34.0_-3.0_rev,straight,bidirectional,J_20p00_m3p00,J_20p00_m34p00,1
1999,20.000,-17.000,0.500,-90.000,V_x20.0_y-34.0_-3.0_rev,V_x20.0_y-34.0_-3.0_rev,straight,bidirectional,J_20p00_m3p00,J_20p00_m34p00,1
2000,20.000,-17.500,0.500,-90.000,V_x20.0_y-34.0_-3.0_rev,V_x20.0_y-34.0_-3.0_rev,straight,bidirectional,J_20p00_m3p00,J_20p00_m34p00,1
2001,20.000,-18.000,0.500,-90.000,V_x20.0_y-34.0_-3.0_rev,V_x20.0_y-34.0_-3.0_rev,straight,bidirectional,J_20p00_m3p00,J_20p00_m34p00,1
2002,20.000,-18.500,0.500,-90.000,V_x20.0_y-34.0_-3.0_rev,V_x20.0_y-34.0_-3.0_rev,straight,bidirectional,J_20p00_m3p00,J_20p00_m34p00,1
2003,20.000,-19.000,0.500,-90.000,V_x20.0_y-34.0_-3.0_rev,V_x20.0_y-34.0_-3.0_rev,straight,bidirectional,J_20p00_m3p00,J_20p00_m34p00,1
2004,20.000,-19.500,0.500,-90.000,V_x20.0_y-34.0_-3.0_rev,V_x20.0_y-34.0_-3.0_rev,straight,bidirectional,J_20p00_m3p00,J_20p00_m34p00,1
2005,20.000,-20.000,0.500,-90.000,V_x20.0_y-34.0_-3.0_rev,V_x20.0_y-34.0_-3.0_rev,straight,bidirectional,J_20p00_m3p00,J_20p00_m34p00,1
2006,20.000,-20.500,0.500,-90.000,V_x20.0_y-34.0_-3.0_rev,V_x20.0_y-34.0_-3.0_rev,straight,bidirectional,J_20p00_m3p00,J_20p00_m34p00,1
2007,20.000,-21.000,0.500,-90.000,V_x20.0_y-34.0_-3.0_rev,V_x20.0_y-34.0_-3.0_rev,straight,bidirectional,J_20p00_m3p00,J_20p00_m34p00,1
2008,20.000,-21.500,0.500,-90.000,V_x20.0_y-34.0_-3.0_rev,V_x20.0_y-34.0_-3.0_rev,straight,bidirectional,J_20p00_m3p00,J_20p00_m34p00,1
2009,20.000,-22.000,0.500,-90.000,V_x20.0_y-34.0_-3.0_rev,V_x20.0_y-34.0_-3.0_rev,straight,bidirectional,J_20p00_m3p00,J_20p00_m34p00,1
2010,20.000,-22.500,0.500,-90.000,V_x20.0_y-34.0_-3.0_rev,V_x20.0_y-34.0_-3.0_rev,straight,bidirectional,J_20p00_m3p00,J_20p00_m34p00,1
2011,20.000,-23.000,0.500,-90.000,V_x20.0_y-34.0_-3.0_rev,V_x20.0_y-34.0_-3.0_rev,straight,bidirectional,J_20p00_m3p00,J_20p00_m34p00,1
2012,20.000,-23.500,0.500,-90.000,V_x20.0_y-34.0_-3.0_rev,V_x20.0_y-34.0_-3.0_rev,straight,bidirectional,J_20p00_m3p00,J_20p00_m34p00,1
2013,20.000,-24.000,0.500,-90.000,V_x20.0_y-34.0_-3.0_rev,V_x20.0_y-34.0_-3.0_rev,straight,bidirectional,J_20p00_m3p00,J_20p00_m34p00,1
2014,20.000,-24.500,0.500,-90.000,V_x20.0_y-34.0_-3.0_rev,V_x20.0_y-34.0_-3.0_rev,straight,bidirectional,J_20p00_m3p00,J_20p00_m34p00,1
2015,20.000,-25.000,0.500,-90.000,V_x20.0_y-34.0_-3.0_rev,V_x20.0_y-34.0_-3.0_rev,straight,bidirectional,J_20p00_m3p00,J_20p00_m34p00,1
2016,20.000,-25.500,0.500,-90.000,V_x20.0_y-34.0_-3.0_rev,V_x20.0_y-34.0_-3.0_rev,straight,bidirectional,J_20p00_m3p00,J_20p00_m34p00,1
2017,20.000,-26.000,0.500,-90.000,V_x20.0_y-34.0_-3.0_rev,V_x20.0_y-34.0_-3.0_rev,straight,bidirectional,J_20p00_m3p00,J_20p00_m34p00,1
2018,20.000,-26.500,0.500,-90.000,V_x20.0_y-34.0_-3.0_rev,V_x20.0_y-34.0_-3.0_rev,straight,bidirectional,J_20p00_m3p00,J_20p00_m34p00,1
2019,20.000,-27.000,0.500,-90.000,V_x20.0_y-34.0_-3.0_rev,V_x20.0_y-34.0_-3.0_rev,straight,bidirectional,J_20p00_m3p00,J_20p00_m34p00,1
2020,20.000,-27.500,0.500,-90.000,V_x20.0_y-34.0_-3.0_rev,V_x20.0_y-34.0_-3.0_rev,straight,bidirectional,J_20p00_m3p00,J_20p00_m34p00,1
2021,20.000,-28.000,0.500,-90.000,V_x20.0_y-34.0_-3.0_rev,V_x20.0_y-34.0_-3.0_rev,straight,bidirectional,J_20p00_m3p00,J_20p00_m34p00,1
2022,20.000,-28.500,0.500,-90.000,V_x20.0_y-34.0_-3.0_rev,V_x20.0_y-34.0_-3.0_rev,straight,bidirectional,J_20p00_m3p00,J_20p00_m34p00,1
2023,20.000,-29.000,0.500,-90.000,V_x20.0_y-34.0_-3.0_rev,V_x20.0_y-34.0_-3.0_rev,straight,bidirectional,J_20p00_m3p00,J_20p00_m34p00,1
2024,20.000,-29.500,0.500,-90.000,V_x20.0_y-34.0_-3.0_rev,V_x20.0_y-34.0_-3.0_rev,straight,bidirectional,J_20p00_m3p00,J_20p00_m34p00,1
2025,20.000,-30.000,0.500,-90.000,V_x20.0_y-34.0_-3.0_rev,V_x20.0_y-34.0_-3.0_rev,straight,bidirectional,J_20p00_m3p00,J_20p00_m34p00,1
2026,20.000,-30.500,0.500,-90.000,V_x20.0_y-34.0_-3.0_rev,V_x20.0_y-34.0_-3.0_rev,straight,bidirectional,J_20p00_m3p00,J_20p00_m34p00,1
2027,20.000,-31.000,0.500,-90.000,V_x20.0_y-34.0_-3.0_rev,V_x20.0_y-34.0_-3.0_rev,straight,bidirectional,J_20p00_m3p00,J_20p00_m34p00,1
2028,20.000,-31.500,0.500,-90.000,V_x20.0_y-34.0_-3.0_rev,V_x20.0_y-34.0_-3.0_rev,straight,bidirectional,J_20p00_m3p00,J_20p00_m34p00,1
2029,20.000,-32.000,0.500,-90.000,V_x20.0_y-34.0_-3.0_rev,V_x20.0_y-34.0_-3.0_rev,straight,bidirectional,J_20p00_m3p00,J_20p00_m34p00,1
2030,20.000,-32.500,0.500,-90.000,V_x20.0_y-34.0_-3.0_rev,V_x20.0_y-34.0_-3.0_rev,straight,bidirectional,J_20p00_m3p00,J_20p00_m34p00,1
2031,20.000,-33.000,0.500,-90.000,V_x20.0_y-34.0_-3.0_rev,V_x20.0_y-34.0_-3.0_rev,straight,bidirectional,J_20p00_m3p00,J_20p00_m34p00,1
2032,20.000,-33.500,0.500,-90.000,V_x20.0_y-34.0_-3.0_rev,V_x20.0_y-34.0_-3.0_rev,straight,bidirectional,J_20p00_m3p00,J_20p00_m34p00,1
2033,20.000,-34.000,0.500,-90.000,V_x20.0_y-34.0_-3.0_rev,V_x20.0_y-34.0_-3.0_rev,straight,bidirectional,J_20p00_m3p00,J_20p00_m34p00,0
2034,20.000,-3.000,0.500,90.000,V_x20.0_y-3.0_26.0_fwd,V_x20.0_y-3.0_26.0_fwd,straight,bidirectional,J_20p00_m3p00,J_20p00_26p00,1
2035,20.000,-2.500,0.500,90.000,V_x20.0_y-3.0_26.0_fwd,V_x20.0_y-3.0_26.0_fwd,straight,bidirectional,J_20p00_m3p00,J_20p00_26p00,1
2036,20.000,-2.000,0.500,90.000,V_x20.0_y-3.0_26.0_fwd,V_x20.0_y-3.0_26.0_fwd,straight,bidirectional,J_20p00_m3p00,J_20p00_26p00,1
2037,20.000,-1.500,0.500,90.000,V_x20.0_y-3.0_26.0_fwd,V_x20.0_y-3.0_26.0_fwd,straight,bidirectional,J_20p00_m3p00,J_20p00_26p00,1
2038,20.000,-1.000,0.500,90.000,V_x20.0_y-3.0_26.0_fwd,V_x20.0_y-3.0_26.0_fwd,straight,bidirectional,J_20p00_m3p00,J_20p00_26p00,1
2039,20.000,-0.500,0.500,90.000,V_x20.0_y-3.0_26.0_fwd,V_x20.0_y-3.0_26.0_fwd,straight,bidirectional,J_20p00_m3p00,J_20p00_26p00,1
2040,20.000,0.000,0.500,90.000,V_x20.0_y-3.0_26.0_fwd,V_x20.0_y-3.0_26.0_fwd,straight,bidirectional,J_20p00_m3p00,J_20p00_26p00,1
2041,20.000,0.500,0.500,90.000,V_x20.0_y-3.0_26.0_fwd,V_x20.0_y-3.0_26.0_fwd,straight,bidirectional,J_20p00_m3p00,J_20p00_26p00,1
2042,20.000,1.000,0.500,90.000,V_x20.0_y-3.0_26.0_fwd,V_x20.0_y-3.0_26.0_fwd,straight,bidirectional,J_20p00_m3p00,J_20p00_26p00,1
2043,20.000,1.500,0.500,90.000,V_x20.0_y-3.0_26.0_fwd,V_x20.0_y-3.0_26.0_fwd,straight,bidirectional,J_20p00_m3p00,J_20p00_26p00,1
2044,20.000,2.000,0.500,90.000,V_x20.0_y-3.0_26.0_fwd,V_x20.0_y-3.0_26.0_fwd,straight,bidirectional,J_20p00_m3p00,J_20p00_26p00,1
2045,20.000,2.500,0.500,90.000,V_x20.0_y-3.0_26.0_fwd,V_x20.0_y-3.0_26.0_fwd,straight,bidirectional,J_20p00_m3p00,J_20p00_26p00,1
2046,20.000,3.000,0.500,90.000,V_x20.0_y-3.0_26.0_fwd,V_x20.0_y-3.0_26.0_fwd,straight,bidirectional,J_20p00_m3p00,J_20p00_26p00,1
2047,20.000,3.500,0.500,90.000,V_x20.0_y-3.0_26.0_fwd,V_x20.0_y-3.0_26.0_fwd,straight,bidirectional,J_20p00_m3p00,J_20p00_26p00,1
2048,20.000,4.000,0.500,90.000,V_x20.0_y-3.0_26.0_fwd,V_x20.0_y-3.0_26.0_fwd,straight,bidirectional,J_20p00_m3p00,J_20p00_26p00,1
2049,20.000,4.500,0.500,90.000,V_x20.0_y-3.0_26.0_fwd,V_x20.0_y-3.0_26.0_fwd,straight,bidirectional,J_20p00_m3p00,J_20p00_26p00,1
2050,20.000,5.000,0.500,90.000,V_x20.0_y-3.0_26.0_fwd,V_x20.0_y-3.0_26.0_fwd,straight,bidirectional,J_20p00_m3p00,J_20p00_26p00,1
2051,20.000,5.500,0.500,90.000,V_x20.0_y-3.0_26.0_fwd,V_x20.0_y-3.0_26.0_fwd,straight,bidirectional,J_20p00_m3p00,J_20p00_26p00,1
2052,20.000,6.000,0.500,90.000,V_x20.0_y-3.0_26.0_fwd,V_x20.0_y-3.0_26.0_fwd,straight,bidirectional,J_20p00_m3p00,J_20p00_26p00,1
2053,20.000,6.500,0.500,90.000,V_x20.0_y-3.0_26.0_fwd,V_x20.0_y-3.0_26.0_fwd,straight,bidirectional,J_20p00_m3p00,J_20p00_26p00,1
2054,20.000,7.000,0.500,90.000,V_x20.0_y-3.0_26.0_fwd,V_x20.0_y-3.0_26.0_fwd,straight,bidirectional,J_20p00_m3p00,J_20p00_26p00,1
2055,20.000,7.500,0.500,90.000,V_x20.0_y-3.0_26.0_fwd,V_x20.0_y-3.0_26.0_fwd,straight,bidirectional,J_20p00_m3p00,J_20p00_26p00,1
2056,20.000,8.000,0.500,90.000,V_x20.0_y-3.0_26.0_fwd,V_x20.0_y-3.0_26.0_fwd,straight,bidirectional,J_20p00_m3p00,J_20p00_26p00,1
2057,20.000,8.500,0.500,90.000,V_x20.0_y-3.0_26.0_fwd,V_x20.0_y-3.0_26.0_fwd,straight,bidirectional,J_20p00_m3p00,J_20p00_26p00,1
2058,20.000,9.000,0.500,90.000,V_x20.0_y-3.0_26.0_fwd,V_x20.0_y-3.0_26.0_fwd,straight,bidirectional,J_20p00_m3p00,J_20p00_26p00,1
2059,20.000,9.500,0.500,90.000,V_x20.0_y-3.0_26.0_fwd,V_x20.0_y-3.0_26.0_fwd,straight,bidirectional,J_20p00_m3p00,J_20p00_26p00,1
2060,20.000,10.000,0.500,90.000,V_x20.0_y-3.0_26.0_fwd,V_x20.0_y-3.0_26.0_fwd,straight,bidirectional,J_20p00_m3p00,J_20p00_26p00,1
2061,20.000,10.500,0.500,90.000,V_x20.0_y-3.0_26.0_fwd,V_x20.0_y-3.0_26.0_fwd,straight,bidirectional,J_20p00_m3p00,J_20p00_26p00,1
2062,20.000,11.000,0.500,90.000,V_x20.0_y-3.0_26.0_fwd,V_x20.0_y-3.0_26.0_fwd,straight,bidirectional,J_20p00_m3p00,J_20p00_26p00,1
2063,20.000,11.500,0.500,90.000,V_x20.0_y-3.0_26.0_fwd,V_x20.0_y-3.0_26.0_fwd,straight,bidirectional,J_20p00_m3p00,J_20p00_26p00,1
2064,20.000,12.000,0.500,90.000,V_x20.0_y-3.0_26.0_fwd,V_x20.0_y-3.0_26.0_fwd,straight,bidirectional,J_20p00_m3p00,J_20p00_26p00,1
2065,20.000,12.500,0.500,90.000,V_x20.0_y-3.0_26.0_fwd,V_x20.0_y-3.0_26.0_fwd,straight,bidirectional,J_20p00_m3p00,J_20p00_26p00,1
2066,20.000,13.000,0.500,90.000,V_x20.0_y-3.0_26.0_fwd,V_x20.0_y-3.0_26.0_fwd,straight,bidirectional,J_20p00_m3p00,J_20p00_26p00,1
2067,20.000,13.500,0.500,90.000,V_x20.0_y-3.0_26.0_fwd,V_x20.0_y-3.0_26.0_fwd,straight,bidirectional,J_20p00_m3p00,J_20p00_26p00,1
2068,20.000,14.000,0.500,90.000,V_x20.0_y-3.0_26.0_fwd,V_x20.0_y-3.0_26.0_fwd,straight,bidirectional,J_20p00_m3p00,J_20p00_26p00,1
2069,20.000,14.500,0.500,90.000,V_x20.0_y-3.0_26.0_fwd,V_x20.0_y-3.0_26.0_fwd,straight,bidirectional,J_20p00_m3p00,J_20p00_26p00,1
2070,20.000,15.000,0.500,90.000,V_x20.0_y-3.0_26.0_fwd,V_x20.0_y-3.0_26.0_fwd,straight,bidirectional,J_20p00_m3p00,J_20p00_26p00,1
2071,20.000,15.500,0.500,90.000,V_x20.0_y-3.0_26.0_fwd,V_x20.0_y-3.0_26.0_fwd,straight,bidirectional,J_20p00_m3p00,J_20p00_26p00,1
2072,20.000,16.000,0.500,90.000,V_x20.0_y-3.0_26.0_fwd,V_x20.0_y-3.0_26.0_fwd,straight,bidirectional,J_20p00_m3p00,J_20p00_26p00,1
2073,20.000,16.500,0.500,90.000,V_x20.0_y-3.0_26.0_fwd,V_x20.0_y-3.0_26.0_fwd,straight,bidirectional,J_20p00_m3p00,J_20p00_26p00,1
2074,20.000,17.000,0.500,90.000,V_x20.0_y-3.0_26.0_fwd,V_x20.0_y-3.0_26.0_fwd,straight,bidirectional,J_20p00_m3p00,J_20p00_26p00,1
2075,20.000,17.500,0.500,90.000,V_x20.0_y-3.0_26.0_fwd,V_x20.0_y-3.0_26.0_fwd,straight,bidirectional,J_20p00_m3p00,J_20p00_26p00,1
2076,20.000,18.000,0.500,90.000,V_x20.0_y-3.0_26.0_fwd,V_x20.0_y-3.0_26.0_fwd,straight,bidirectional,J_20p00_m3p00,J_20p00_26p00,1
2077,20.000,18.500,0.500,90.000,V_x20.0_y-3.0_26.0_fwd,V_x20.0_y-3.0_26.0_fwd,straight,bidirectional,J_20p00_m3p00,J_20p00_26p00,1
2078,20.000,19.000,0.500,90.000,V_x20.0_y-3.0_26.0_fwd,V_x20.0_y-3.0_26.0_fwd,straight,bidirectional,J_20p00_m3p00,J_20p00_26p00,1
2079,20.000,19.500,0.500,90.000,V_x20.0_y-3.0_26.0_fwd,V_x20.0_y-3.0_26.0_fwd,straight,bidirectional,J_20p00_m3p00,J_20p00_26p00,1
2080,20.000,20.000,0.500,90.000,V_x20.0_y-3.0_26.0_fwd,V_x20.0_y-3.0_26.0_fwd,straight,bidirectional,J_20p00_m3p00,J_20p00_26p00,1
2081,20.000,20.500,0.500,90.000,V_x20.0_y-3.0_26.0_fwd,V_x20.0_y-3.0_26.0_fwd,straight,bidirectional,J_20p00_m3p00,J_20p00_26p00,1
2082,20.000,21.000,0.500,90.000,V_x20.0_y-3.0_26.0_fwd,V_x20.0_y-3.0_26.0_fwd,straight,bidirectional,J_20p00_m3p00,J_20p00_26p00,1
2083,20.000,21.500,0.500,90.000,V_x20.0_y-3.0_26.0_fwd,V_x20.0_y-3.0_26.0_fwd,straight,bidirectional,J_20p00_m3p00,J_20p00_26p00,1
2084,20.000,22.000,0.500,90.000,V_x20.0_y-3.0_26.0_fwd,V_x20.0_y-3.0_26.0_fwd,straight,bidirectional,J_20p00_m3p00,J_20p00_26p00,1
2085,20.000,22.500,0.500,90.000,V_x20.0_y-3.0_26.0_fwd,V_x20.0_y-3.0_26.0_fwd,straight,bidirectional,J_20p00_m3p00,J_20p00_26p00,1
2086,20.000,23.000,0.500,90.000,V_x20.0_y-3.0_26.0_fwd,V_x20.0_y-3.0_26.0_fwd,straight,bidirectional,J_20p00_m3p00,J_20p00_26p00,1
2087,20.000,23.500,0.500,90.000,V_x20.0_y-3.0_26.0_fwd,V_x20.0_y-3.0_26.0_fwd,straight,bidirectional,J_20p00_m3p00,J_20p00_26p00,1
2088,20.000,24.000,0.500,90.000,V_x20.0_y-3.0_26.0_fwd,V_x20.0_y-3.0_26.0_fwd,straight,bidirectional,J_20p00_m3p00,J_20p00_26p00,1
2089,20.000,24.500,0.500,90.000,V_x20.0_y-3.0_26.0_fwd,V_x20.0_y-3.0_26.0_fwd,straight,bidirectional,J_20p00_m3p00,J_20p00_26p00,1
2090,20.000,25.000,0.500,90.000,V_x20.0_y-3.0_26.0_fwd,V_x20.0_y-3.0_26.0_fwd,straight,bidirectional,J_20p00_m3p00,J_20p00_26p00,1
2091,20.000,25.500,0.500,90.000,V_x20.0_y-3.0_26.0_fwd,V_x20.0_y-3.0_26.0_fwd,straight,bidirectional,J_20p00_m3p00,J_20p00_26p00,1
2092,20.000,26.000,0.500,90.000,V_x20.0_y-3.0_26.0_fwd,V_x20.0_y-3.0_26.0_fwd,straight,bidirectional,J_20p00_m3p00,J_20p00_26p00,0
2093,20.000,-3.000,0.500,-90.000,R_E_rev,R_E_rev,roundabout_connector,bidirectional,J_20p00_m3p00,R_00,1
2094,20.000,-3.500,0.500,-90.000,R_E_rev,R_E_rev,roundabout_connector,bidirectional,J_20p00_m3p00,R_00,1
2095,20.000,-4.000,0.500,180.000,R_E_rev,R_E_rev,roundabout_connector,bidirectional,J_20p00_m3p00,R_00,1
2096,19.500,-4.000,0.500,180.000,R_E_rev,R_E_rev,roundabout_connector,bidirectional,J_20p00_m3p00,R_00,1
2097,19.000,-4.000,0.500,180.000,R_E_rev,R_E_rev,roundabout_connector,bidirectional,J_20p00_m3p00,R_00,1
2098,18.500,-4.000,0.500,180.000,R_E_rev,R_E_rev,roundabout_connector,bidirectional,J_20p00_m3p00,R_00,1
2099,18.000,-4.000,0.500,180.000,R_E_rev,R_E_rev,roundabout_connector,bidirectional,J_20p00_m3p00,R_00,1
2100,17.500,-4.000,0.500,180.000,R_E_rev,R_E_rev,roundabout_connector,bidirectional,J_20p00_m3p00,R_00,1
2101,17.000,-4.000,0.500,180.000,R_E_rev,R_E_rev,roundabout_connector,bidirectional,J_20p00_m3p00,R_00,1
2102,16.500,-4.000,0.500,180.000,R_E_rev,R_E_rev,roundabout_connector,bidirectional,J_20p00_m3p00,R_00,1
2103,16.000,-4.000,0.500,180.000,R_E_rev,R_E_rev,roundabout_connector,bidirectional,J_20p00_m3p00,R_00,1
2104,15.500,-4.000,0.500,180.000,R_E_rev,R_E_rev,roundabout_connector,bidirectional,J_20p00_m3p00,R_00,1
2105,15.000,-4.000,0.500,180.000,R_E_rev,R_E_rev,roundabout_connector,bidirectional,J_20p00_m3p00,R_00,1
2106,14.500,-4.000,0.500,180.000,R_E_rev,R_E_rev,roundabout_connector,bidirectional,J_20p00_m3p00,R_00,1
2107,14.000,-4.000,0.500,180.000,R_E_rev,R_E_rev,roundabout_connector,bidirectional,J_20p00_m3p00,R_00,1
2108,13.500,-4.000,0.500,180.000,R_E_rev,R_E_rev,roundabout_connector,bidirectional,J_20p00_m3p00,R_00,1
2109,13.000,-4.000,0.500,180.000,R_E_rev,R_E_rev,roundabout_connector,bidirectional,J_20p00_m3p00,R_00,1
2110,12.500,-4.000,0.500,180.000,R_E_rev,R_E_rev,roundabout_connector,bidirectional,J_20p00_m3p00,R_00,1
2111,12.000,-4.000,0.500,180.000,R_E_rev,R_E_rev,roundabout_connector,bidirectional,J_20p00_m3p00,R_00,1
2112,11.500,-4.000,0.500,180.000,R_E_rev,R_E_rev,roundabout_connector,bidirectional,J_20p00_m3p00,R_00,1
2113,11.000,-4.000,0.500,180.000,R_E_rev,R_E_rev,roundabout_connector,bidirectional,J_20p00_m3p00,R_00,1
2114,10.500,-4.000,0.500,180.000,R_E_rev,R_E_rev,roundabout_connector,bidirectional,J_20p00_m3p00,R_00,1
2115,10.000,-4.000,0.500,180.000,R_E_rev,R_E_rev,roundabout_connector,bidirectional,J_20p00_m3p00,R_00,1
2116,9.500,-4.000,0.500,180.000,R_E_rev,R_E_rev,roundabout_connector,bidirectional,J_20p00_m3p00,R_00,1
2117,9.000,-4.000,0.500,180.000,R_E_rev,R_E_rev,roundabout_connector,bidirectional,J_20p00_m3p00,R_00,1
2118,8.500,-4.000,0.500,180.000,R_E_rev,R_E_rev,roundabout_connector,bidirectional,J_20p00_m3p00,R_00,1
2119,8.000,-4.000,0.500,180.000,R_E_rev,R_E_rev,roundabout_connector,bidirectional,J_20p00_m3p00,R_00,1
2120,7.500,-4.000,0.500,180.000,R_E_rev,R_E_rev,roundabout_connector,bidirectional,J_20p00_m3p00,R_00,1
2121,7.000,-4.000,0.500,180.000,R_E_rev,R_E_rev,roundabout_connector,bidirectional,J_20p00_m3p00,R_00,1
2122,6.500,-4.000,0.500,180.000,R_E_rev,R_E_rev,roundabout_connector,bidirectional,J_20p00_m3p00,R_00,1
2123,6.000,-4.000,0.500,180.000,R_E_rev,R_E_rev,roundabout_connector,bidirectional,J_20p00_m3p00,R_00,1
2124,5.500,-4.000,0.500,180.000,R_E_rev,R_E_rev,roundabout_connector,bidirectional,J_20p00_m3p00,R_00,1
2125,5.000,-4.000,0.500,180.000,R_E_rev,R_E_rev,roundabout_connector,bidirectional,J_20p00_m3p00,R_00,1
2126,4.500,-4.000,0.500,180.000,R_E_rev,R_E_rev,roundabout_connector,bidirectional,J_20p00_m3p00,R_00,1
2127,4.000,-4.000,0.500,180.000,R_E_rev,R_E_rev,roundabout_connector,bidirectional,J_20p00_m3p00,R_00,1
2128,3.500,-4.000,0.500,180.000,R_E_rev,R_E_rev,roundabout_connector,bidirectional,J_20p00_m3p00,R_00,1
2129,3.000,-4.000,0.500,180.000,R_E_rev,R_E_rev,roundabout_connector,bidirectional,J_20p00_m3p00,R_00,1
2130,2.500,-4.000,0.500,180.000,R_E_rev,R_E_rev,roundabout_connector,bidirectional,J_20p00_m3p00,R_00,1
2131,2.000,-4.000,0.500,180.000,R_E_rev,R_E_rev,roundabout_connector,bidirectional,J_20p00_m3p00,R_00,1
2132,1.500,-4.000,0.500,180.000,R_E_rev,R_E_rev,roundabout_connector,bidirectional,J_20p00_m3p00,R_00,1
2133,1.000,-4.000,0.500,180.000,R_E_rev,R_E_rev,roundabout_connector,bidirectional,J_20p00_m3p00,R_00,1
2134,0.500,-4.000,0.500,180.000,R_E_rev,R_E_rev,roundabout_connector,bidirectional,J_20p00_m3p00,R_00,1
2135,0.000,-4.000,0.500,180.000,R_E_rev,R_E_rev,roundabout_connector,bidirectional,J_20p00_m3p00,R_00,1
2136,-0.500,-4.000,0.500,180.000,R_E_rev,R_E_rev,roundabout_connector,bidirectional,J_20p00_m3p00,R_00,1
2137,-1.000,-4.000,0.500,180.000,R_E_rev,R_E_rev,roundabout_connector,bidirectional,J_20p00_m3p00,R_00,1
2138,-1.500,-4.000,0.500,180.000,R_E_rev,R_E_rev,roundabout_connector,bidirectional,J_20p00_m3p00,R_00,1
2139,-2.000,-4.000,0.500,180.000,R_E_rev,R_E_rev,roundabout_connector,bidirectional,J_20p00_m3p00,R_00,1
2140,-2.500,-4.000,0.500,180.000,R_E_rev,R_E_rev,roundabout_connector,bidirectional,J_20p00_m3p00,R_00,1
2141,-3.000,-4.000,0.500,180.000,R_E_rev,R_E_rev,roundabout_connector,bidirectional,J_20p00_m3p00,R_00,1
2142,-3.500,-4.000,0.500,180.000,R_E_rev,R_E_rev,roundabout_connector,bidirectional,J_20p00_m3p00,R_00,1
2143,-4.000,-4.000,0.500,180.000,R_E_rev,R_E_rev,roundabout_connector,bidirectional,J_20p00_m3p00,R_00,1
2144,-4.500,-4.000,0.500,180.000,R_E_rev,R_E_rev,roundabout_connector,bidirectional,J_20p00_m3p00,R_00,1
2145,-5.000,-4.000,0.500,180.000,R_E_rev,R_E_rev,roundabout_connector,bidirectional,J_20p00_m3p00,R_00,1
2146,-5.500,-4.000,0.500,180.000,R_E_rev,R_E_rev,roundabout_connector,bidirectional,J_20p00_m3p00,R_00,1
2147,-6.000,-4.000,0.500,180.000,R_E_rev,R_E_rev,roundabout_connector,bidirectional,J_20p00_m3p00,R_00,1
2148,-6.500,-4.000,0.500,180.000,R_E_rev,R_E_rev,roundabout_connector,bidirectional,J_20p00_m3p00,R_00,1
2149,-7.000,-4.000,0.500,180.000,R_E_rev,R_E_rev,roundabout_connector,bidirectional,J_20p00_m3p00,R_00,1
2150,-7.500,-4.000,0.500,180.000,R_E_rev,R_E_rev,roundabout_connector,bidirectional,J_20p00_m3p00,R_00,1
2151,-8.000,-4.000,0.500,180.000,R_E_rev,R_E_rev,roundabout_connector,bidirectional,J_20p00_m3p00,R_00,1
2152,-8.500,-4.000,0.500,180.000,R_E_rev,R_E_rev,roundabout_connector,bidirectional,J_20p00_m3p00,R_00,1
2153,-9.000,-4.000,0.500,180.000,R_E_rev,R_E_rev,roundabout_connector,bidirectional,J_20p00_m3p00,R_00,1
2154,-9.500,-4.000,0.500,180.000,R_E_rev,R_E_rev,roundabout_connector,bidirectional,J_20p00_m3p00,R_00,1
2155,-10.000,-4.000,0.500,180.000,R_E_rev,R_E_rev,roundabout_connector,bidirectional,J_20p00_m3p00,R_00,0
2156,20.000,-34.000,0.500,180.000,H_y-34.0_x-20.0_20.0_rev,H_y-34.0_x-20.0_20.0_rev,straight,bidirectional,J_20p00_m34p00,J_m20p00_m34p00,1
2157,19.500,-34.000,0.500,180.000,H_y-34.0_x-20.0_20.0_rev,H_y-34.0_x-20.0_20.0_rev,straight,bidirectional,J_20p00_m34p00,J_m20p00_m34p00,1
2158,19.000,-34.000,0.500,180.000,H_y-34.0_x-20.0_20.0_rev,H_y-34.0_x-20.0_20.0_rev,straight,bidirectional,J_20p00_m34p00,J_m20p00_m34p00,1
2159,18.500,-34.000,0.500,180.000,H_y-34.0_x-20.0_20.0_rev,H_y-34.0_x-20.0_20.0_rev,straight,bidirectional,J_20p00_m34p00,J_m20p00_m34p00,1
2160,18.000,-34.000,0.500,180.000,H_y-34.0_x-20.0_20.0_rev,H_y-34.0_x-20.0_20.0_rev,straight,bidirectional,J_20p00_m34p00,J_m20p00_m34p00,1
2161,17.500,-34.000,0.500,180.000,H_y-34.0_x-20.0_20.0_rev,H_y-34.0_x-20.0_20.0_rev,straight,bidirectional,J_20p00_m34p00,J_m20p00_m34p00,1
2162,17.000,-34.000,0.500,180.000,H_y-34.0_x-20.0_20.0_rev,H_y-34.0_x-20.0_20.0_rev,straight,bidirectional,J_20p00_m34p00,J_m20p00_m34p00,1
2163,16.500,-34.000,0.500,180.000,H_y-34.0_x-20.0_20.0_rev,H_y-34.0_x-20.0_20.0_rev,straight,bidirectional,J_20p00_m34p00,J_m20p00_m34p00,1
2164,16.000,-34.000,0.500,180.000,H_y-34.0_x-20.0_20.0_rev,H_y-34.0_x-20.0_20.0_rev,straight,bidirectional,J_20p00_m34p00,J_m20p00_m34p00,1
2165,15.500,-34.000,0.500,180.000,H_y-34.0_x-20.0_20.0_rev,H_y-34.0_x-20.0_20.0_rev,straight,bidirectional,J_20p00_m34p00,J_m20p00_m34p00,1
2166,15.000,-34.000,0.500,180.000,H_y-34.0_x-20.0_20.0_rev,H_y-34.0_x-20.0_20.0_rev,straight,bidirectional,J_20p00_m34p00,J_m20p00_m34p00,1
2167,14.500,-34.000,0.500,180.000,H_y-34.0_x-20.0_20.0_rev,H_y-34.0_x-20.0_20.0_rev,straight,bidirectional,J_20p00_m34p00,J_m20p00_m34p00,1
2168,14.000,-34.000,0.500,180.000,H_y-34.0_x-20.0_20.0_rev,H_y-34.0_x-20.0_20.0_rev,straight,bidirectional,J_20p00_m34p00,J_m20p00_m34p00,1
2169,13.500,-34.000,0.500,180.000,H_y-34.0_x-20.0_20.0_rev,H_y-34.0_x-20.0_20.0_rev,straight,bidirectional,J_20p00_m34p00,J_m20p00_m34p00,1
2170,13.000,-34.000,0.500,180.000,H_y-34.0_x-20.0_20.0_rev,H_y-34.0_x-20.0_20.0_rev,straight,bidirectional,J_20p00_m34p00,J_m20p00_m34p00,1
2171,12.500,-34.000,0.500,180.000,H_y-34.0_x-20.0_20.0_rev,H_y-34.0_x-20.0_20.0_rev,straight,bidirectional,J_20p00_m34p00,J_m20p00_m34p00,1
2172,12.000,-34.000,0.500,180.000,H_y-34.0_x-20.0_20.0_rev,H_y-34.0_x-20.0_20.0_rev,straight,bidirectional,J_20p00_m34p00,J_m20p00_m34p00,1
2173,11.500,-34.000,0.500,180.000,H_y-34.0_x-20.0_20.0_rev,H_y-34.0_x-20.0_20.0_rev,straight,bidirectional,J_20p00_m34p00,J_m20p00_m34p00,1
2174,11.000,-34.000,0.500,180.000,H_y-34.0_x-20.0_20.0_rev,H_y-34.0_x-20.0_20.0_rev,straight,bidirectional,J_20p00_m34p00,J_m20p00_m34p00,1
2175,10.500,-34.000,0.500,180.000,H_y-34.0_x-20.0_20.0_rev,H_y-34.0_x-20.0_20.0_rev,straight,bidirectional,J_20p00_m34p00,J_m20p00_m34p00,1
2176,10.000,-34.000,0.500,180.000,H_y-34.0_x-20.0_20.0_rev,H_y-34.0_x-20.0_20.0_rev,straight,bidirectional,J_20p00_m34p00,J_m20p00_m34p00,1
2177,9.500,-34.000,0.500,180.000,H_y-34.0_x-20.0_20.0_rev,H_y-34.0_x-20.0_20.0_rev,straight,bidirectional,J_20p00_m34p00,J_m20p00_m34p00,1
2178,9.000,-34.000,0.500,180.000,H_y-34.0_x-20.0_20.0_rev,H_y-34.0_x-20.0_20.0_rev,straight,bidirectional,J_20p00_m34p00,J_m20p00_m34p00,1
2179,8.500,-34.000,0.500,180.000,H_y-34.0_x-20.0_20.0_rev,H_y-34.0_x-20.0_20.0_rev,straight,bidirectional,J_20p00_m34p00,J_m20p00_m34p00,1
2180,8.000,-34.000,0.500,180.000,H_y-34.0_x-20.0_20.0_rev,H_y-34.0_x-20.0_20.0_rev,straight,bidirectional,J_20p00_m34p00,J_m20p00_m34p00,1
2181,7.500,-34.000,0.500,180.000,H_y-34.0_x-20.0_20.0_rev,H_y-34.0_x-20.0_20.0_rev,straight,bidirectional,J_20p00_m34p00,J_m20p00_m34p00,1
2182,7.000,-34.000,0.500,180.000,H_y-34.0_x-20.0_20.0_rev,H_y-34.0_x-20.0_20.0_rev,straight,bidirectional,J_20p00_m34p00,J_m20p00_m34p00,1
2183,6.500,-34.000,0.500,180.000,H_y-34.0_x-20.0_20.0_rev,H_y-34.0_x-20.0_20.0_rev,straight,bidirectional,J_20p00_m34p00,J_m20p00_m34p00,1
2184,6.000,-34.000,0.500,180.000,H_y-34.0_x-20.0_20.0_rev,H_y-34.0_x-20.0_20.0_rev,straight,bidirectional,J_20p00_m34p00,J_m20p00_m34p00,1
2185,5.500,-34.000,0.500,180.000,H_y-34.0_x-20.0_20.0_rev,H_y-34.0_x-20.0_20.0_rev,straight,bidirectional,J_20p00_m34p00,J_m20p00_m34p00,1
2186,5.000,-34.000,0.500,180.000,H_y-34.0_x-20.0_20.0_rev,H_y-34.0_x-20.0_20.0_rev,straight,bidirectional,J_20p00_m34p00,J_m20p00_m34p00,1
2187,4.500,-34.000,0.500,180.000,H_y-34.0_x-20.0_20.0_rev,H_y-34.0_x-20.0_20.0_rev,straight,bidirectional,J_20p00_m34p00,J_m20p00_m34p00,1
2188,4.000,-34.000,0.500,180.000,H_y-34.0_x-20.0_20.0_rev,H_y-34.0_x-20.0_20.0_rev,straight,bidirectional,J_20p00_m34p00,J_m20p00_m34p00,1
2189,3.500,-34.000,0.500,180.000,H_y-34.0_x-20.0_20.0_rev,H_y-34.0_x-20.0_20.0_rev,straight,bidirectional,J_20p00_m34p00,J_m20p00_m34p00,1
2190,3.000,-34.000,0.500,180.000,H_y-34.0_x-20.0_20.0_rev,H_y-34.0_x-20.0_20.0_rev,straight,bidirectional,J_20p00_m34p00,J_m20p00_m34p00,1
2191,2.500,-34.000,0.500,180.000,H_y-34.0_x-20.0_20.0_rev,H_y-34.0_x-20.0_20.0_rev,straight,bidirectional,J_20p00_m34p00,J_m20p00_m34p00,1
2192,2.000,-34.000,0.500,180.000,H_y-34.0_x-20.0_20.0_rev,H_y-34.0_x-20.0_20.0_rev,straight,bidirectional,J_20p00_m34p00,J_m20p00_m34p00,1
2193,1.500,-34.000,0.500,180.000,H_y-34.0_x-20.0_20.0_rev,H_y-34.0_x-20.0_20.0_rev,straight,bidirectional,J_20p00_m34p00,J_m20p00_m34p00,1
2194,1.000,-34.000,0.500,180.000,H_y-34.0_x-20.0_20.0_rev,H_y-34.0_x-20.0_20.0_rev,straight,bidirectional,J_20p00_m34p00,J_m20p00_m34p00,1
2195,0.500,-34.000,0.500,180.000,H_y-34.0_x-20.0_20.0_rev,H_y-34.0_x-20.0_20.0_rev,straight,bidirectional,J_20p00_m34p00,J_m20p00_m34p00,1
2196,0.000,-34.000,0.500,180.000,H_y-34.0_x-20.0_20.0_rev,H_y-34.0_x-20.0_20.0_rev,straight,bidirectional,J_20p00_m34p00,J_m20p00_m34p00,1
2197,-0.500,-34.000,0.500,180.000,H_y-34.0_x-20.0_20.0_rev,H_y-34.0_x-20.0_20.0_rev,straight,bidirectional,J_20p00_m34p00,J_m20p00_m34p00,1
2198,-1.000,-34.000,0.500,180.000,H_y-34.0_x-20.0_20.0_rev,H_y-34.0_x-20.0_20.0_rev,straight,bidirectional,J_20p00_m34p00,J_m20p00_m34p00,1
2199,-1.500,-34.000,0.500,180.000,H_y-34.0_x-20.0_20.0_rev,H_y-34.0_x-20.0_20.0_rev,straight,bidirectional,J_20p00_m34p00,J_m20p00_m34p00,1
2200,-2.000,-34.000,0.500,180.000,H_y-34.0_x-20.0_20.0_rev,H_y-34.0_x-20.0_20.0_rev,straight,bidirectional,J_20p00_m34p00,J_m20p00_m34p00,1
2201,-2.500,-34.000,0.500,180.000,H_y-34.0_x-20.0_20.0_rev,H_y-34.0_x-20.0_20.0_rev,straight,bidirectional,J_20p00_m34p00,J_m20p00_m34p00,1
2202,-3.000,-34.000,0.500,180.000,H_y-34.0_x-20.0_20.0_rev,H_y-34.0_x-20.0_20.0_rev,straight,bidirectional,J_20p00_m34p00,J_m20p00_m34p00,1
2203,-3.500,-34.000,0.500,180.000,H_y-34.0_x-20.0_20.0_rev,H_y-34.0_x-20.0_20.0_rev,straight,bidirectional,J_20p00_m34p00,J_m20p00_m34p00,1
2204,-4.000,-34.000,0.500,180.000,H_y-34.0_x-20.0_20.0_rev,H_y-34.0_x-20.0_20.0_rev,straight,bidirectional,J_20p00_m34p00,J_m20p00_m34p00,1
2205,-4.500,-34.000,0.500,180.000,H_y-34.0_x-20.0_20.0_rev,H_y-34.0_x-20.0_20.0_rev,straight,bidirectional,J_20p00_m34p00,J_m20p00_m34p00,1
2206,-5.000,-34.000,0.500,180.000,H_y-34.0_x-20.0_20.0_rev,H_y-34.0_x-20.0_20.0_rev,straight,bidirectional,J_20p00_m34p00,J_m20p00_m34p00,1
2207,-5.500,-34.000,0.500,180.000,H_y-34.0_x-20.0_20.0_rev,H_y-34.0_x-20.0_20.0_rev,straight,bidirectional,J_20p00_m34p00,J_m20p00_m34p00,1
2208,-6.000,-34.000,0.500,180.000,H_y-34.0_x-20.0_20.0_rev,H_y-34.0_x-20.0_20.0_rev,straight,bidirectional,J_20p00_m34p00,J_m20p00_m34p00,1
2209,-6.500,-34.000,0.500,180.000,H_y-34.0_x-20.0_20.0_rev,H_y-34.0_x-20.0_20.0_rev,straight,bidirectional,J_20p00_m34p00,J_m20p00_m34p00,1
2210,-7.000,-34.000,0.500,180.000,H_y-34.0_x-20.0_20.0_rev,H_y-34.0_x-20.0_20.0_rev,straight,bidirectional,J_20p00_m34p00,J_m20p00_m34p00,1
2211,-7.500,-34.000,0.500,180.000,H_y-34.0_x-20.0_20.0_rev,H_y-34.0_x-20.0_20.0_rev,straight,bidirectional,J_20p00_m34p00,J_m20p00_m34p00,1
2212,-8.000,-34.000,0.500,180.000,H_y-34.0_x-20.0_20.0_rev,H_y-34.0_x-20.0_20.0_rev,straight,bidirectional,J_20p00_m34p00,J_m20p00_m34p00,1
2213,-8.500,-34.000,0.500,180.000,H_y-34.0_x-20.0_20.0_rev,H_y-34.0_x-20.0_20.0_rev,straight,bidirectional,J_20p00_m34p00,J_m20p00_m34p00,1
2214,-9.000,-34.000,0.500,180.000,H_y-34.0_x-20.0_20.0_rev,H_y-34.0_x-20.0_20.0_rev,straight,bidirectional,J_20p00_m34p00,J_m20p00_m34p00,1
2215,-9.500,-34.000,0.500,180.000,H_y-34.0_x-20.0_20.0_rev,H_y-34.0_x-20.0_20.0_rev,straight,bidirectional,J_20p00_m34p00,J_m20p00_m34p00,1
2216,-10.000,-34.000,0.500,180.000,H_y-34.0_x-20.0_20.0_rev,H_y-34.0_x-20.0_20.0_rev,straight,bidirectional,J_20p00_m34p00,J_m20p00_m34p00,1
2217,-10.500,-34.000,0.500,180.000,H_y-34.0_x-20.0_20.0_rev,H_y-34.0_x-20.0_20.0_rev,straight,bidirectional,J_20p00_m34p00,J_m20p00_m34p00,1
2218,-11.000,-34.000,0.500,180.000,H_y-34.0_x-20.0_20.0_rev,H_y-34.0_x-20.0_20.0_rev,straight,bidirectional,J_20p00_m34p00,J_m20p00_m34p00,1
2219,-11.500,-34.000,0.500,180.000,H_y-34.0_x-20.0_20.0_rev,H_y-34.0_x-20.0_20.0_rev,straight,bidirectional,J_20p00_m34p00,J_m20p00_m34p00,1
2220,-12.000,-34.000,0.500,180.000,H_y-34.0_x-20.0_20.0_rev,H_y-34.0_x-20.0_20.0_rev,straight,bidirectional,J_20p00_m34p00,J_m20p00_m34p00,1
2221,-12.500,-34.000,0.500,180.000,H_y-34.0_x-20.0_20.0_rev,H_y-34.0_x-20.0_20.0_rev,straight,bidirectional,J_20p00_m34p00,J_m20p00_m34p00,1
2222,-13.000,-34.000,0.500,180.000,H_y-34.0_x-20.0_20.0_rev,H_y-34.0_x-20.0_20.0_rev,straight,bidirectional,J_20p00_m34p00,J_m20p00_m34p00,1
2223,-13.500,-34.000,0.500,180.000,H_y-34.0_x-20.0_20.0_rev,H_y-34.0_x-20.0_20.0_rev,straight,bidirectional,J_20p00_m34p00,J_m20p00_m34p00,1
2224,-14.000,-34.000,0.500,180.000,H_y-34.0_x-20.0_20.0_rev,H_y-34.0_x-20.0_20.0_rev,straight,bidirectional,J_20p00_m34p00,J_m20p00_m34p00,1
2225,-14.500,-34.000,0.500,180.000,H_y-34.0_x-20.0_20.0_rev,H_y-34.0_x-20.0_20.0_rev,straight,bidirectional,J_20p00_m34p00,J_m20p00_m34p00,1
2226,-15.000,-34.000,0.500,180.000,H_y-34.0_x-20.0_20.0_rev,H_y-34.0_x-20.0_20.0_rev,straight,bidirectional,J_20p00_m34p00,J_m20p00_m34p00,1
2227,-15.500,-34.000,0.500,180.000,H_y-34.0_x-20.0_20.0_rev,H_y-34.0_x-20.0_20.0_rev,straight,bidirectional,J_20p00_m34p00,J_m20p00_m34p00,1
2228,-16.000,-34.000,0.500,180.000,H_y-34.0_x-20.0_20.0_rev,H_y-34.0_x-20.0_20.0_rev,straight,bidirectional,J_20p00_m34p00,J_m20p00_m34p00,1
2229,-16.500,-34.000,0.500,180.000,H_y-34.0_x-20.0_20.0_rev,H_y-34.0_x-20.0_20.0_rev,straight,bidirectional,J_20p00_m34p00,J_m20p00_m34p00,1
2230,-17.000,-34.000,0.500,180.000,H_y-34.0_x-20.0_20.0_rev,H_y-34.0_x-20.0_20.0_rev,straight,bidirectional,J_20p00_m34p00,J_m20p00_m34p00,1
2231,-17.500,-34.000,0.500,180.000,H_y-34.0_x-20.0_20.0_rev,H_y-34.0_x-20.0_20.0_rev,straight,bidirectional,J_20p00_m34p00,J_m20p00_m34p00,1
2232,-18.000,-34.000,0.500,180.000,H_y-34.0_x-20.0_20.0_rev,H_y-34.0_x-20.0_20.0_rev,straight,bidirectional,J_20p00_m34p00,J_m20p00_m34p00,1
2233,-18.500,-34.000,0.500,180.000,H_y-34.0_x-20.0_20.0_rev,H_y-34.0_x-20.0_20.0_rev,straight,bidirectional,J_20p00_m34p00,J_m20p00_m34p00,1
2234,-19.000,-34.000,0.500,180.000,H_y-34.0_x-20.0_20.0_rev,H_y-34.0_x-20.0_20.0_rev,straight,bidirectional,J_20p00_m34p00,J_m20p00_m34p00,1
2235,-19.500,-34.000,0.500,180.000,H_y-34.0_x-20.0_20.0_rev,H_y-34.0_x-20.0_20.0_rev,straight,bidirectional,J_20p00_m34p00,J_m20p00_m34p00,1
2236,-20.000,-34.000,0.500,180.000,H_y-34.0_x-20.0_20.0_rev,H_y-34.0_x-20.0_20.0_rev,straight,bidirectional,J_20p00_m34p00,J_m20p00_m34p00,0
2237,20.000,-34.000,0.500,0.000,H_y-34.0_x20.0_40.0_fwd,H_y-34.0_x20.0_40.0_fwd,straight,bidirectional,J_20p00_m34p00,J_40p00_m34p00,1
2238,20.500,-34.000,0.500,0.000,H_y-34.0_x20.0_40.0_fwd,H_y-34.0_x20.0_40.0_fwd,straight,bidirectional,J_20p00_m34p00,J_40p00_m34p00,1
2239,21.000,-34.000,0.500,0.000,H_y-34.0_x20.0_40.0_fwd,H_y-34.0_x20.0_40.0_fwd,straight,bidirectional,J_20p00_m34p00,J_40p00_m34p00,1
2240,21.500,-34.000,0.500,0.000,H_y-34.0_x20.0_40.0_fwd,H_y-34.0_x20.0_40.0_fwd,straight,bidirectional,J_20p00_m34p00,J_40p00_m34p00,1
2241,22.000,-34.000,0.500,0.000,H_y-34.0_x20.0_40.0_fwd,H_y-34.0_x20.0_40.0_fwd,straight,bidirectional,J_20p00_m34p00,J_40p00_m34p00,1
2242,22.500,-34.000,0.500,0.000,H_y-34.0_x20.0_40.0_fwd,H_y-34.0_x20.0_40.0_fwd,straight,bidirectional,J_20p00_m34p00,J_40p00_m34p00,1
2243,23.000,-34.000,0.500,0.000,H_y-34.0_x20.0_40.0_fwd,H_y-34.0_x20.0_40.0_fwd,straight,bidirectional,J_20p00_m34p00,J_40p00_m34p00,1
2244,23.500,-34.000,0.500,0.000,H_y-34.0_x20.0_40.0_fwd,H_y-34.0_x20.0_40.0_fwd,straight,bidirectional,J_20p00_m34p00,J_40p00_m34p00,1
2245,24.000,-34.000,0.500,0.000,H_y-34.0_x20.0_40.0_fwd,H_y-34.0_x20.0_40.0_fwd,straight,bidirectional,J_20p00_m34p00,J_40p00_m34p00,1
2246,24.500,-34.000,0.500,0.000,H_y-34.0_x20.0_40.0_fwd,H_y-34.0_x20.0_40.0_fwd,straight,bidirectional,J_20p00_m34p00,J_40p00_m34p00,1
2247,25.000,-34.000,0.500,0.000,H_y-34.0_x20.0_40.0_fwd,H_y-34.0_x20.0_40.0_fwd,straight,bidirectional,J_20p00_m34p00,J_40p00_m34p00,1
2248,25.500,-34.000,0.500,0.000,H_y-34.0_x20.0_40.0_fwd,H_y-34.0_x20.0_40.0_fwd,straight,bidirectional,J_20p00_m34p00,J_40p00_m34p00,1
2249,26.000,-34.000,0.500,0.000,H_y-34.0_x20.0_40.0_fwd,H_y-34.0_x20.0_40.0_fwd,straight,bidirectional,J_20p00_m34p00,J_40p00_m34p00,1
2250,26.500,-34.000,0.500,0.000,H_y-34.0_x20.0_40.0_fwd,H_y-34.0_x20.0_40.0_fwd,straight,bidirectional,J_20p00_m34p00,J_40p00_m34p00,1
2251,27.000,-34.000,0.500,0.000,H_y-34.0_x20.0_40.0_fwd,H_y-34.0_x20.0_40.0_fwd,straight,bidirectional,J_20p00_m34p00,J_40p00_m34p00,1
2252,27.500,-34.000,0.500,0.000,H_y-34.0_x20.0_40.0_fwd,H_y-34.0_x20.0_40.0_fwd,straight,bidirectional,J_20p00_m34p00,J_40p00_m34p00,1
2253,28.000,-34.000,0.500,0.000,H_y-34.0_x20.0_40.0_fwd,H_y-34.0_x20.0_40.0_fwd,straight,bidirectional,J_20p00_m34p00,J_40p00_m34p00,1
2254,28.500,-34.000,0.500,0.000,H_y-34.0_x20.0_40.0_fwd,H_y-34.0_x20.0_40.0_fwd,straight,bidirectional,J_20p00_m34p00,J_40p00_m34p00,1
2255,29.000,-34.000,0.500,0.000,H_y-34.0_x20.0_40.0_fwd,H_y-34.0_x20.0_40.0_fwd,straight,bidirectional,J_20p00_m34p00,J_40p00_m34p00,1
2256,29.500,-34.000,0.500,0.000,H_y-34.0_x20.0_40.0_fwd,H_y-34.0_x20.0_40.0_fwd,straight,bidirectional,J_20p00_m34p00,J_40p00_m34p00,1
2257,30.000,-34.000,0.500,0.000,H_y-34.0_x20.0_40.0_fwd,H_y-34.0_x20.0_40.0_fwd,straight,bidirectional,J_20p00_m34p00,J_40p00_m34p00,1
2258,30.500,-34.000,0.500,0.000,H_y-34.0_x20.0_40.0_fwd,H_y-34.0_x20.0_40.0_fwd,straight,bidirectional,J_20p00_m34p00,J_40p00_m34p00,1
2259,31.000,-34.000,0.500,0.000,H_y-34.0_x20.0_40.0_fwd,H_y-34.0_x20.0_40.0_fwd,straight,bidirectional,J_20p00_m34p00,J_40p00_m34p00,1
2260,31.500,-34.000,0.500,0.000,H_y-34.0_x20.0_40.0_fwd,H_y-34.0_x20.0_40.0_fwd,straight,bidirectional,J_20p00_m34p00,J_40p00_m34p00,1
2261,32.000,-34.000,0.500,0.000,H_y-34.0_x20.0_40.0_fwd,H_y-34.0_x20.0_40.0_fwd,straight,bidirectional,J_20p00_m34p00,J_40p00_m34p00,1
2262,32.500,-34.000,0.500,0.000,H_y-34.0_x20.0_40.0_fwd,H_y-34.0_x20.0_40.0_fwd,straight,bidirectional,J_20p00_m34p00,J_40p00_m34p00,1
2263,33.000,-34.000,0.500,0.000,H_y-34.0_x20.0_40.0_fwd,H_y-34.0_x20.0_40.0_fwd,straight,bidirectional,J_20p00_m34p00,J_40p00_m34p00,1
2264,33.500,-34.000,0.500,0.000,H_y-34.0_x20.0_40.0_fwd,H_y-34.0_x20.0_40.0_fwd,straight,bidirectional,J_20p00_m34p00,J_40p00_m34p00,1
2265,34.000,-34.000,0.500,0.000,H_y-34.0_x20.0_40.0_fwd,H_y-34.0_x20.0_40.0_fwd,straight,bidirectional,J_20p00_m34p00,J_40p00_m34p00,1
2266,34.500,-34.000,0.500,0.000,H_y-34.0_x20.0_40.0_fwd,H_y-34.0_x20.0_40.0_fwd,straight,bidirectional,J_20p00_m34p00,J_40p00_m34p00,1
2267,35.000,-34.000,0.500,0.000,H_y-34.0_x20.0_40.0_fwd,H_y-34.0_x20.0_40.0_fwd,straight,bidirectional,J_20p00_m34p00,J_40p00_m34p00,1
2268,35.500,-34.000,0.500,0.000,H_y-34.0_x20.0_40.0_fwd,H_y-34.0_x20.0_40.0_fwd,straight,bidirectional,J_20p00_m34p00,J_40p00_m34p00,1
2269,36.000,-34.000,0.500,0.000,H_y-34.0_x20.0_40.0_fwd,H_y-34.0_x20.0_40.0_fwd,straight,bidirectional,J_20p00_m34p00,J_40p00_m34p00,1
2270,36.500,-34.000,0.500,0.000,H_y-34.0_x20.0_40.0_fwd,H_y-34.0_x20.0_40.0_fwd,straight,bidirectional,J_20p00_m34p00,J_40p00_m34p00,1
2271,37.000,-34.000,0.500,0.000,H_y-34.0_x20.0_40.0_fwd,H_y-34.0_x20.0_40.0_fwd,straight,bidirectional,J_20p00_m34p00,J_40p00_m34p00,1
2272,37.500,-34.000,0.500,0.000,H_y-34.0_x20.0_40.0_fwd,H_y-34.0_x20.0_40.0_fwd,straight,bidirectional,J_20p00_m34p00,J_40p00_m34p00,1
2273,38.000,-34.000,0.500,0.000,H_y-34.0_x20.0_40.0_fwd,H_y-34.0_x20.0_40.0_fwd,straight,bidirectional,J_20p00_m34p00,J_40p00_m34p00,1
2274,38.500,-34.000,0.500,0.000,H_y-34.0_x20.0_40.0_fwd,H_y-34.0_x20.0_40.0_fwd,straight,bidirectional,J_20p00_m34p00,J_40p00_m34p00,1
2275,39.000,-34.000,0.500,0.000,H_y-34.0_x20.0_40.0_fwd,H_y-34.0_x20.0_40.0_fwd,straight,bidirectional,J_20p00_m34p00,J_40p00_m34p00,1
2276,39.500,-34.000,0.500,0.000,H_y-34.0_x20.0_40.0_fwd,H_y-34.0_x20.0_40.0_fwd,straight,bidirectional,J_20p00_m34p00,J_40p00_m34p00,1
2277,40.000,-34.000,0.500,0.000,H_y-34.0_x20.0_40.0_fwd,H_y-34.0_x20.0_40.0_fwd,straight,bidirectional,J_20p00_m34p00,J_40p00_m34p00,0
2278,20.000,-34.000,0.500,90.000,V_x20.0_y-34.0_-3.0_fwd,V_x20.0_y-34.0_-3.0_fwd,straight,bidirectional,J_20p00_m34p00,J_20p00_m3p00,1
2279,20.000,-33.500,0.500,90.000,V_x20.0_y-34.0_-3.0_fwd,V_x20.0_y-34.0_-3.0_fwd,straight,bidirectional,J_20p00_m34p00,J_20p00_m3p00,1
2280,20.000,-33.000,0.500,90.000,V_x20.0_y-34.0_-3.0_fwd,V_x20.0_y-34.0_-3.0_fwd,straight,bidirectional,J_20p00_m34p00,J_20p00_m3p00,1
2281,20.000,-32.500,0.500,90.000,V_x20.0_y-34.0_-3.0_fwd,V_x20.0_y-34.0_-3.0_fwd,straight,bidirectional,J_20p00_m34p00,J_20p00_m3p00,1
2282,20.000,-32.000,0.500,90.000,V_x20.0_y-34.0_-3.0_fwd,V_x20.0_y-34.0_-3.0_fwd,straight,bidirectional,J_20p00_m34p00,J_20p00_m3p00,1
2283,20.000,-31.500,0.500,90.000,V_x20.0_y-34.0_-3.0_fwd,V_x20.0_y-34.0_-3.0_fwd,straight,bidirectional,J_20p00_m34p00,J_20p00_m3p00,1
2284,20.000,-31.000,0.500,90.000,V_x20.0_y-34.0_-3.0_fwd,V_x20.0_y-34.0_-3.0_fwd,straight,bidirectional,J_20p00_m34p00,J_20p00_m3p00,1
2285,20.000,-30.500,0.500,90.000,V_x20.0_y-34.0_-3.0_fwd,V_x20.0_y-34.0_-3.0_fwd,straight,bidirectional,J_20p00_m34p00,J_20p00_m3p00,1
2286,20.000,-30.000,0.500,90.000,V_x20.0_y-34.0_-3.0_fwd,V_x20.0_y-34.0_-3.0_fwd,straight,bidirectional,J_20p00_m34p00,J_20p00_m3p00,1
2287,20.000,-29.500,0.500,90.000,V_x20.0_y-34.0_-3.0_fwd,V_x20.0_y-34.0_-3.0_fwd,straight,bidirectional,J_20p00_m34p00,J_20p00_m3p00,1
2288,20.000,-29.000,0.500,90.000,V_x20.0_y-34.0_-3.0_fwd,V_x20.0_y-34.0_-3.0_fwd,straight,bidirectional,J_20p00_m34p00,J_20p00_m3p00,1
2289,20.000,-28.500,0.500,90.000,V_x20.0_y-34.0_-3.0_fwd,V_x20.0_y-34.0_-3.0_fwd,straight,bidirectional,J_20p00_m34p00,J_20p00_m3p00,1
2290,20.000,-28.000,0.500,90.000,V_x20.0_y-34.0_-3.0_fwd,V_x20.0_y-34.0_-3.0_fwd,straight,bidirectional,J_20p00_m34p00,J_20p00_m3p00,1
2291,20.000,-27.500,0.500,90.000,V_x20.0_y-34.0_-3.0_fwd,V_x20.0_y-34.0_-3.0_fwd,straight,bidirectional,J_20p00_m34p00,J_20p00_m3p00,1
2292,20.000,-27.000,0.500,90.000,V_x20.0_y-34.0_-3.0_fwd,V_x20.0_y-34.0_-3.0_fwd,straight,bidirectional,J_20p00_m34p00,J_20p00_m3p00,1
2293,20.000,-26.500,0.500,90.000,V_x20.0_y-34.0_-3.0_fwd,V_x20.0_y-34.0_-3.0_fwd,straight,bidirectional,J_20p00_m34p00,J_20p00_m3p00,1
2294,20.000,-26.000,0.500,90.000,V_x20.0_y-34.0_-3.0_fwd,V_x20.0_y-34.0_-3.0_fwd,straight,bidirectional,J_20p00_m34p00,J_20p00_m3p00,1
2295,20.000,-25.500,0.500,90.000,V_x20.0_y-34.0_-3.0_fwd,V_x20.0_y-34.0_-3.0_fwd,straight,bidirectional,J_20p00_m34p00,J_20p00_m3p00,1
2296,20.000,-25.000,0.500,90.000,V_x20.0_y-34.0_-3.0_fwd,V_x20.0_y-34.0_-3.0_fwd,straight,bidirectional,J_20p00_m34p00,J_20p00_m3p00,1
2297,20.000,-24.500,0.500,90.000,V_x20.0_y-34.0_-3.0_fwd,V_x20.0_y-34.0_-3.0_fwd,straight,bidirectional,J_20p00_m34p00,J_20p00_m3p00,1
2298,20.000,-24.000,0.500,90.000,V_x20.0_y-34.0_-3.0_fwd,V_x20.0_y-34.0_-3.0_fwd,straight,bidirectional,J_20p00_m34p00,J_20p00_m3p00,1
2299,20.000,-23.500,0.500,90.000,V_x20.0_y-34.0_-3.0_fwd,V_x20.0_y-34.0_-3.0_fwd,straight,bidirectional,J_20p00_m34p00,J_20p00_m3p00,1
2300,20.000,-23.000,0.500,90.000,V_x20.0_y-34.0_-3.0_fwd,V_x20.0_y-34.0_-3.0_fwd,straight,bidirectional,J_20p00_m34p00,J_20p00_m3p00,1
2301,20.000,-22.500,0.500,90.000,V_x20.0_y-34.0_-3.0_fwd,V_x20.0_y-34.0_-3.0_fwd,straight,bidirectional,J_20p00_m34p00,J_20p00_m3p00,1
2302,20.000,-22.000,0.500,90.000,V_x20.0_y-34.0_-3.0_fwd,V_x20.0_y-34.0_-3.0_fwd,straight,bidirectional,J_20p00_m34p00,J_20p00_m3p00,1
2303,20.000,-21.500,0.500,90.000,V_x20.0_y-34.0_-3.0_fwd,V_x20.0_y-34.0_-3.0_fwd,straight,bidirectional,J_20p00_m34p00,J_20p00_m3p00,1
2304,20.000,-21.000,0.500,90.000,V_x20.0_y-34.0_-3.0_fwd,V_x20.0_y-34.0_-3.0_fwd,straight,bidirectional,J_20p00_m34p00,J_20p00_m3p00,1
2305,20.000,-20.500,0.500,90.000,V_x20.0_y-34.0_-3.0_fwd,V_x20.0_y-34.0_-3.0_fwd,straight,bidirectional,J_20p00_m34p00,J_20p00_m3p00,1
2306,20.000,-20.000,0.500,90.000,V_x20.0_y-34.0_-3.0_fwd,V_x20.0_y-34.0_-3.0_fwd,straight,bidirectional,J_20p00_m34p00,J_20p00_m3p00,1
2307,20.000,-19.500,0.500,90.000,V_x20.0_y-34.0_-3.0_fwd,V_x20.0_y-34.0_-3.0_fwd,straight,bidirectional,J_20p00_m34p00,J_20p00_m3p00,1
2308,20.000,-19.000,0.500,90.000,V_x20.0_y-34.0_-3.0_fwd,V_x20.0_y-34.0_-3.0_fwd,straight,bidirectional,J_20p00_m34p00,J_20p00_m3p00,1
2309,20.000,-18.500,0.500,90.000,V_x20.0_y-34.0_-3.0_fwd,V_x20.0_y-34.0_-3.0_fwd,straight,bidirectional,J_20p00_m34p00,J_20p00_m3p00,1
2310,20.000,-18.000,0.500,90.000,V_x20.0_y-34.0_-3.0_fwd,V_x20.0_y-34.0_-3.0_fwd,straight,bidirectional,J_20p00_m34p00,J_20p00_m3p00,1
2311,20.000,-17.500,0.500,90.000,V_x20.0_y-34.0_-3.0_fwd,V_x20.0_y-34.0_-3.0_fwd,straight,bidirectional,J_20p00_m34p00,J_20p00_m3p00,1
2312,20.000,-17.000,0.500,90.000,V_x20.0_y-34.0_-3.0_fwd,V_x20.0_y-34.0_-3.0_fwd,straight,bidirectional,J_20p00_m34p00,J_20p00_m3p00,1
2313,20.000,-16.500,0.500,90.000,V_x20.0_y-34.0_-3.0_fwd,V_x20.0_y-34.0_-3.0_fwd,straight,bidirectional,J_20p00_m34p00,J_20p00_m3p00,1
2314,20.000,-16.000,0.500,90.000,V_x20.0_y-34.0_-3.0_fwd,V_x20.0_y-34.0_-3.0_fwd,straight,bidirectional,J_20p00_m34p00,J_20p00_m3p00,1
2315,20.000,-15.500,0.500,90.000,V_x20.0_y-34.0_-3.0_fwd,V_x20.0_y-34.0_-3.0_fwd,straight,bidirectional,J_20p00_m34p00,J_20p00_m3p00,1
2316,20.000,-15.000,0.500,90.000,V_x20.0_y-34.0_-3.0_fwd,V_x20.0_y-34.0_-3.0_fwd,straight,bidirectional,J_20p00_m34p00,J_20p00_m3p00,1
2317,20.000,-14.500,0.500,90.000,V_x20.0_y-34.0_-3.0_fwd,V_x20.0_y-34.0_-3.0_fwd,straight,bidirectional,J_20p00_m34p00,J_20p00_m3p00,1
2318,20.000,-14.000,0.500,90.000,V_x20.0_y-34.0_-3.0_fwd,V_x20.0_y-34.0_-3.0_fwd,straight,bidirectional,J_20p00_m34p00,J_20p00_m3p00,1
2319,20.000,-13.500,0.500,90.000,V_x20.0_y-34.0_-3.0_fwd,V_x20.0_y-34.0_-3.0_fwd,straight,bidirectional,J_20p00_m34p00,J_20p00_m3p00,1
2320,20.000,-13.000,0.500,90.000,V_x20.0_y-34.0_-3.0_fwd,V_x20.0_y-34.0_-3.0_fwd,straight,bidirectional,J_20p00_m34p00,J_20p00_m3p00,1
2321,20.000,-12.500,0.500,90.000,V_x20.0_y-34.0_-3.0_fwd,V_x20.0_y-34.0_-3.0_fwd,straight,bidirectional,J_20p00_m34p00,J_20p00_m3p00,1
2322,20.000,-12.000,0.500,90.000,V_x20.0_y-34.0_-3.0_fwd,V_x20.0_y-34.0_-3.0_fwd,straight,bidirectional,J_20p00_m34p00,J_20p00_m3p00,1
2323,20.000,-11.500,0.500,90.000,V_x20.0_y-34.0_-3.0_fwd,V_x20.0_y-34.0_-3.0_fwd,straight,bidirectional,J_20p00_m34p00,J_20p00_m3p00,1
2324,20.000,-11.000,0.500,90.000,V_x20.0_y-34.0_-3.0_fwd,V_x20.0_y-34.0_-3.0_fwd,straight,bidirectional,J_20p00_m34p00,J_20p00_m3p00,1
2325,20.000,-10.500,0.500,90.000,V_x20.0_y-34.0_-3.0_fwd,V_x20.0_y-34.0_-3.0_fwd,straight,bidirectional,J_20p00_m34p00,J_20p00_m3p00,1
2326,20.000,-10.000,0.500,90.000,V_x20.0_y-34.0_-3.0_fwd,V_x20.0_y-34.0_-3.0_fwd,straight,bidirectional,J_20p00_m34p00,J_20p00_m3p00,1
2327,20.000,-9.500,0.500,90.000,V_x20.0_y-34.0_-3.0_fwd,V_x20.0_y-34.0_-3.0_fwd,straight,bidirectional,J_20p00_m34p00,J_20p00_m3p00,1
2328,20.000,-9.000,0.500,90.000,V_x20.0_y-34.0_-3.0_fwd,V_x20.0_y-34.0_-3.0_fwd,straight,bidirectional,J_20p00_m34p00,J_20p00_m3p00,1
2329,20.000,-8.500,0.500,90.000,V_x20.0_y-34.0_-3.0_fwd,V_x20.0_y-34.0_-3.0_fwd,straight,bidirectional,J_20p00_m34p00,J_20p00_m3p00,1
2330,20.000,-8.000,0.500,90.000,V_x20.0_y-34.0_-3.0_fwd,V_x20.0_y-34.0_-3.0_fwd,straight,bidirectional,J_20p00_m34p00,J_20p00_m3p00,1
2331,20.000,-7.500,0.500,90.000,V_x20.0_y-34.0_-3.0_fwd,V_x20.0_y-34.0_-3.0_fwd,straight,bidirectional,J_20p00_m34p00,J_20p00_m3p00,1
2332,20.000,-7.000,0.500,90.000,V_x20.0_y-34.0_-3.0_fwd,V_x20.0_y-34.0_-3.0_fwd,straight,bidirectional,J_20p00_m34p00,J_20p00_m3p00,1
2333,20.000,-6.500,0.500,90.000,V_x20.0_y-34.0_-3.0_fwd,V_x20.0_y-34.0_-3.0_fwd,straight,bidirectional,J_20p00_m34p00,J_20p00_m3p00,1
2334,20.000,-6.000,0.500,90.000,V_x20.0_y-34.0_-3.0_fwd,V_x20.0_y-34.0_-3.0_fwd,straight,bidirectional,J_20p00_m34p00,J_20p00_m3p00,1
2335,20.000,-5.500,0.500,90.000,V_x20.0_y-34.0_-3.0_fwd,V_x20.0_y-34.0_-3.0_fwd,straight,bidirectional,J_20p00_m34p00,J_20p00_m3p00,1
2336,20.000,-5.000,0.500,90.000,V_x20.0_y-34.0_-3.0_fwd,V_x20.0_y-34.0_-3.0_fwd,straight,bidirectional,J_20p00_m34p00,J_20p00_m3p00,1
2337,20.000,-4.500,0.500,90.000,V_x20.0_y-34.0_-3.0_fwd,V_x20.0_y-34.0_-3.0_fwd,straight,bidirectional,J_20p00_m34p00,J_20p00_m3p00,1
2338,20.000,-4.000,0.500,90.000,V_x20.0_y-34.0_-3.0_fwd,V_x20.0_y-34.0_-3.0_fwd,straight,bidirectional,J_20p00_m34p00,J_20p00_m3p00,1
2339,20.000,-3.500,0.500,90.000,V_x20.0_y-34.0_-3.0_fwd,V_x20.0_y-34.0_-3.0_fwd,straight,bidirectional,J_20p00_m34p00,J_20p00_m3p00,1
2340,20.000,-3.000,0.500,90.000,V_x20.0_y-34.0_-3.0_fwd,V_x20.0_y-34.0_-3.0_fwd,straight,bidirectional,J_20p00_m34p00,J_20p00_m3p00,0
2341,20.000,-34.000,0.500,180.000,ENTRY_CONN_x2.0_rev,ENTRY_CONN_x2.0_rev,entry_connector,bidirectional,J_20p00_m34p00,ENTRY_2p00_m34p00,1
2342,19.500,-34.000,0.500,180.000,ENTRY_CONN_x2.0_rev,ENTRY_CONN_x2.0_rev,entry_connector,bidirectional,J_20p00_m34p00,ENTRY_2p00_m34p00,1
2343,19.000,-34.000,0.500,180.000,ENTRY_CONN_x2.0_rev,ENTRY_CONN_x2.0_rev,entry_connector,bidirectional,J_20p00_m34p00,ENTRY_2p00_m34p00,1
2344,18.500,-34.000,0.500,180.000,ENTRY_CONN_x2.0_rev,ENTRY_CONN_x2.0_rev,entry_connector,bidirectional,J_20p00_m34p00,ENTRY_2p00_m34p00,1
2345,18.000,-34.000,0.500,180.000,ENTRY_CONN_x2.0_rev,ENTRY_CONN_x2.0_rev,entry_connector,bidirectional,J_20p00_m34p00,ENTRY_2p00_m34p00,1
2346,17.500,-34.000,0.500,180.000,ENTRY_CONN_x2.0_rev,ENTRY_CONN_x2.0_rev,entry_connector,bidirectional,J_20p00_m34p00,ENTRY_2p00_m34p00,1
2347,17.000,-34.000,0.500,180.000,ENTRY_CONN_x2.0_rev,ENTRY_CONN_x2.0_rev,entry_connector,bidirectional,J_20p00_m34p00,ENTRY_2p00_m34p00,1
2348,16.500,-34.000,0.500,180.000,ENTRY_CONN_x2.0_rev,ENTRY_CONN_x2.0_rev,entry_connector,bidirectional,J_20p00_m34p00,ENTRY_2p00_m34p00,1
2349,16.000,-34.000,0.500,180.000,ENTRY_CONN_x2.0_rev,ENTRY_CONN_x2.0_rev,entry_connector,bidirectional,J_20p00_m34p00,ENTRY_2p00_m34p00,1
2350,15.500,-34.000,0.500,180.000,ENTRY_CONN_x2.0_rev,ENTRY_CONN_x2.0_rev,entry_connector,bidirectional,J_20p00_m34p00,ENTRY_2p00_m34p00,1
2351,15.000,-34.000,0.500,180.000,ENTRY_CONN_x2.0_rev,ENTRY_CONN_x2.0_rev,entry_connector,bidirectional,J_20p00_m34p00,ENTRY_2p00_m34p00,1
2352,14.500,-34.000,0.500,180.000,ENTRY_CONN_x2.0_rev,ENTRY_CONN_x2.0_rev,entry_connector,bidirectional,J_20p00_m34p00,ENTRY_2p00_m34p00,1
2353,14.000,-34.000,0.500,180.000,ENTRY_CONN_x2.0_rev,ENTRY_CONN_x2.0_rev,entry_connector,bidirectional,J_20p00_m34p00,ENTRY_2p00_m34p00,1
2354,13.500,-34.000,0.500,180.000,ENTRY_CONN_x2.0_rev,ENTRY_CONN_x2.0_rev,entry_connector,bidirectional,J_20p00_m34p00,ENTRY_2p00_m34p00,1
2355,13.000,-34.000,0.500,180.000,ENTRY_CONN_x2.0_rev,ENTRY_CONN_x2.0_rev,entry_connector,bidirectional,J_20p00_m34p00,ENTRY_2p00_m34p00,1
2356,12.500,-34.000,0.500,180.000,ENTRY_CONN_x2.0_rev,ENTRY_CONN_x2.0_rev,entry_connector,bidirectional,J_20p00_m34p00,ENTRY_2p00_m34p00,1
2357,12.000,-34.000,0.500,180.000,ENTRY_CONN_x2.0_rev,ENTRY_CONN_x2.0_rev,entry_connector,bidirectional,J_20p00_m34p00,ENTRY_2p00_m34p00,1
2358,11.500,-34.000,0.500,180.000,ENTRY_CONN_x2.0_rev,ENTRY_CONN_x2.0_rev,entry_connector,bidirectional,J_20p00_m34p00,ENTRY_2p00_m34p00,1
2359,11.000,-34.000,0.500,180.000,ENTRY_CONN_x2.0_rev,ENTRY_CONN_x2.0_rev,entry_connector,bidirectional,J_20p00_m34p00,ENTRY_2p00_m34p00,1
2360,10.500,-34.000,0.500,180.000,ENTRY_CONN_x2.0_rev,ENTRY_CONN_x2.0_rev,entry_connector,bidirectional,J_20p00_m34p00,ENTRY_2p00_m34p00,1
2361,10.000,-34.000,0.500,180.000,ENTRY_CONN_x2.0_rev,ENTRY_CONN_x2.0_rev,entry_connector,bidirectional,J_20p00_m34p00,ENTRY_2p00_m34p00,1
2362,9.500,-34.000,0.500,180.000,ENTRY_CONN_x2.0_rev,ENTRY_CONN_x2.0_rev,entry_connector,bidirectional,J_20p00_m34p00,ENTRY_2p00_m34p00,1
2363,9.000,-34.000,0.500,180.000,ENTRY_CONN_x2.0_rev,ENTRY_CONN_x2.0_rev,entry_connector,bidirectional,J_20p00_m34p00,ENTRY_2p00_m34p00,1
2364,8.500,-34.000,0.500,180.000,ENTRY_CONN_x2.0_rev,ENTRY_CONN_x2.0_rev,entry_connector,bidirectional,J_20p00_m34p00,ENTRY_2p00_m34p00,1
2365,8.000,-34.000,0.500,180.000,ENTRY_CONN_x2.0_rev,ENTRY_CONN_x2.0_rev,entry_connector,bidirectional,J_20p00_m34p00,ENTRY_2p00_m34p00,1
2366,7.500,-34.000,0.500,180.000,ENTRY_CONN_x2.0_rev,ENTRY_CONN_x2.0_rev,entry_connector,bidirectional,J_20p00_m34p00,ENTRY_2p00_m34p00,1
2367,7.000,-34.000,0.500,180.000,ENTRY_CONN_x2.0_rev,ENTRY_CONN_x2.0_rev,entry_connector,bidirectional,J_20p00_m34p00,ENTRY_2p00_m34p00,1
2368,6.500,-34.000,0.500,180.000,ENTRY_CONN_x2.0_rev,ENTRY_CONN_x2.0_rev,entry_connector,bidirectional,J_20p00_m34p00,ENTRY_2p00_m34p00,1
2369,6.000,-34.000,0.500,180.000,ENTRY_CONN_x2.0_rev,ENTRY_CONN_x2.0_rev,entry_connector,bidirectional,J_20p00_m34p00,ENTRY_2p00_m34p00,1
2370,5.500,-34.000,0.500,180.000,ENTRY_CONN_x2.0_rev,ENTRY_CONN_x2.0_rev,entry_connector,bidirectional,J_20p00_m34p00,ENTRY_2p00_m34p00,1
2371,5.000,-34.000,0.500,180.000,ENTRY_CONN_x2.0_rev,ENTRY_CONN_x2.0_rev,entry_connector,bidirectional,J_20p00_m34p00,ENTRY_2p00_m34p00,1
2372,4.500,-34.000,0.500,180.000,ENTRY_CONN_x2.0_rev,ENTRY_CONN_x2.0_rev,entry_connector,bidirectional,J_20p00_m34p00,ENTRY_2p00_m34p00,1
2373,4.000,-34.000,0.500,180.000,ENTRY_CONN_x2.0_rev,ENTRY_CONN_x2.0_rev,entry_connector,bidirectional,J_20p00_m34p00,ENTRY_2p00_m34p00,1
2374,3.500,-34.000,0.500,180.000,ENTRY_CONN_x2.0_rev,ENTRY_CONN_x2.0_rev,entry_connector,bidirectional,J_20p00_m34p00,ENTRY_2p00_m34p00,1
2375,3.000,-34.000,0.500,180.000,ENTRY_CONN_x2.0_rev,ENTRY_CONN_x2.0_rev,entry_connector,bidirectional,J_20p00_m34p00,ENTRY_2p00_m34p00,1
2376,2.500,-34.000,0.500,180.000,ENTRY_CONN_x2.0_rev,ENTRY_CONN_x2.0_rev,entry_connector,bidirectional,J_20p00_m34p00,ENTRY_2p00_m34p00,1
2377,2.000,-34.000,0.500,180.000,ENTRY_CONN_x2.0_rev,ENTRY_CONN_x2.0_rev,entry_connector,bidirectional,J_20p00_m34p00,ENTRY_2p00_m34p00,0
2378,40.000,48.000,0.500,180.000,H_y48.0_x20.0_40.0_rev,H_y48.0_x20.0_40.0_rev,straight,bidirectional,J_40p00_48p00,J_20p00_48p00,1
2379,39.500,48.000,0.500,180.000,H_y48.0_x20.0_40.0_rev,H_y48.0_x20.0_40.0_rev,straight,bidirectional,J_40p00_48p00,J_20p00_48p00,1
2380,39.000,48.000,0.500,180.000,H_y48.0_x20.0_40.0_rev,H_y48.0_x20.0_40.0_rev,straight,bidirectional,J_40p00_48p00,J_20p00_48p00,1
2381,38.500,48.000,0.500,180.000,H_y48.0_x20.0_40.0_rev,H_y48.0_x20.0_40.0_rev,straight,bidirectional,J_40p00_48p00,J_20p00_48p00,1
2382,38.000,48.000,0.500,180.000,H_y48.0_x20.0_40.0_rev,H_y48.0_x20.0_40.0_rev,straight,bidirectional,J_40p00_48p00,J_20p00_48p00,1
2383,37.500,48.000,0.500,180.000,H_y48.0_x20.0_40.0_rev,H_y48.0_x20.0_40.0_rev,straight,bidirectional,J_40p00_48p00,J_20p00_48p00,1
2384,37.000,48.000,0.500,180.000,H_y48.0_x20.0_40.0_rev,H_y48.0_x20.0_40.0_rev,straight,bidirectional,J_40p00_48p00,J_20p00_48p00,1
2385,36.500,48.000,0.500,180.000,H_y48.0_x20.0_40.0_rev,H_y48.0_x20.0_40.0_rev,straight,bidirectional,J_40p00_48p00,J_20p00_48p00,1
2386,36.000,48.000,0.500,180.000,H_y48.0_x20.0_40.0_rev,H_y48.0_x20.0_40.0_rev,straight,bidirectional,J_40p00_48p00,J_20p00_48p00,1
2387,35.500,48.000,0.500,180.000,H_y48.0_x20.0_40.0_rev,H_y48.0_x20.0_40.0_rev,straight,bidirectional,J_40p00_48p00,J_20p00_48p00,1
2388,35.000,48.000,0.500,180.000,H_y48.0_x20.0_40.0_rev,H_y48.0_x20.0_40.0_rev,straight,bidirectional,J_40p00_48p00,J_20p00_48p00,1
2389,34.500,48.000,0.500,180.000,H_y48.0_x20.0_40.0_rev,H_y48.0_x20.0_40.0_rev,straight,bidirectional,J_40p00_48p00,J_20p00_48p00,1
2390,34.000,48.000,0.500,180.000,H_y48.0_x20.0_40.0_rev,H_y48.0_x20.0_40.0_rev,straight,bidirectional,J_40p00_48p00,J_20p00_48p00,1
2391,33.500,48.000,0.500,180.000,H_y48.0_x20.0_40.0_rev,H_y48.0_x20.0_40.0_rev,straight,bidirectional,J_40p00_48p00,J_20p00_48p00,1
2392,33.000,48.000,0.500,180.000,H_y48.0_x20.0_40.0_rev,H_y48.0_x20.0_40.0_rev,straight,bidirectional,J_40p00_48p00,J_20p00_48p00,1
2393,32.500,48.000,0.500,180.000,H_y48.0_x20.0_40.0_rev,H_y48.0_x20.0_40.0_rev,straight,bidirectional,J_40p00_48p00,J_20p00_48p00,1
2394,32.000,48.000,0.500,180.000,H_y48.0_x20.0_40.0_rev,H_y48.0_x20.0_40.0_rev,straight,bidirectional,J_40p00_48p00,J_20p00_48p00,1
2395,31.500,48.000,0.500,180.000,H_y48.0_x20.0_40.0_rev,H_y48.0_x20.0_40.0_rev,straight,bidirectional,J_40p00_48p00,J_20p00_48p00,1
2396,31.000,48.000,0.500,180.000,H_y48.0_x20.0_40.0_rev,H_y48.0_x20.0_40.0_rev,straight,bidirectional,J_40p00_48p00,J_20p00_48p00,1
2397,30.500,48.000,0.500,180.000,H_y48.0_x20.0_40.0_rev,H_y48.0_x20.0_40.0_rev,straight,bidirectional,J_40p00_48p00,J_20p00_48p00,1
2398,30.000,48.000,0.500,180.000,H_y48.0_x20.0_40.0_rev,H_y48.0_x20.0_40.0_rev,straight,bidirectional,J_40p00_48p00,J_20p00_48p00,1
2399,29.500,48.000,0.500,180.000,H_y48.0_x20.0_40.0_rev,H_y48.0_x20.0_40.0_rev,straight,bidirectional,J_40p00_48p00,J_20p00_48p00,1
2400,29.000,48.000,0.500,180.000,H_y48.0_x20.0_40.0_rev,H_y48.0_x20.0_40.0_rev,straight,bidirectional,J_40p00_48p00,J_20p00_48p00,1
2401,28.500,48.000,0.500,180.000,H_y48.0_x20.0_40.0_rev,H_y48.0_x20.0_40.0_rev,straight,bidirectional,J_40p00_48p00,J_20p00_48p00,1
2402,28.000,48.000,0.500,180.000,H_y48.0_x20.0_40.0_rev,H_y48.0_x20.0_40.0_rev,straight,bidirectional,J_40p00_48p00,J_20p00_48p00,1
2403,27.500,48.000,0.500,180.000,H_y48.0_x20.0_40.0_rev,H_y48.0_x20.0_40.0_rev,straight,bidirectional,J_40p00_48p00,J_20p00_48p00,1
2404,27.000,48.000,0.500,180.000,H_y48.0_x20.0_40.0_rev,H_y48.0_x20.0_40.0_rev,straight,bidirectional,J_40p00_48p00,J_20p00_48p00,1
2405,26.500,48.000,0.500,180.000,H_y48.0_x20.0_40.0_rev,H_y48.0_x20.0_40.0_rev,straight,bidirectional,J_40p00_48p00,J_20p00_48p00,1
2406,26.000,48.000,0.500,180.000,H_y48.0_x20.0_40.0_rev,H_y48.0_x20.0_40.0_rev,straight,bidirectional,J_40p00_48p00,J_20p00_48p00,1
2407,25.500,48.000,0.500,180.000,H_y48.0_x20.0_40.0_rev,H_y48.0_x20.0_40.0_rev,straight,bidirectional,J_40p00_48p00,J_20p00_48p00,1
2408,25.000,48.000,0.500,180.000,H_y48.0_x20.0_40.0_rev,H_y48.0_x20.0_40.0_rev,straight,bidirectional,J_40p00_48p00,J_20p00_48p00,1
2409,24.500,48.000,0.500,180.000,H_y48.0_x20.0_40.0_rev,H_y48.0_x20.0_40.0_rev,straight,bidirectional,J_40p00_48p00,J_20p00_48p00,1
2410,24.000,48.000,0.500,180.000,H_y48.0_x20.0_40.0_rev,H_y48.0_x20.0_40.0_rev,straight,bidirectional,J_40p00_48p00,J_20p00_48p00,1
2411,23.500,48.000,0.500,180.000,H_y48.0_x20.0_40.0_rev,H_y48.0_x20.0_40.0_rev,straight,bidirectional,J_40p00_48p00,J_20p00_48p00,1
2412,23.000,48.000,0.500,180.000,H_y48.0_x20.0_40.0_rev,H_y48.0_x20.0_40.0_rev,straight,bidirectional,J_40p00_48p00,J_20p00_48p00,1
2413,22.500,48.000,0.500,180.000,H_y48.0_x20.0_40.0_rev,H_y48.0_x20.0_40.0_rev,straight,bidirectional,J_40p00_48p00,J_20p00_48p00,1
2414,22.000,48.000,0.500,180.000,H_y48.0_x20.0_40.0_rev,H_y48.0_x20.0_40.0_rev,straight,bidirectional,J_40p00_48p00,J_20p00_48p00,1
2415,21.500,48.000,0.500,180.000,H_y48.0_x20.0_40.0_rev,H_y48.0_x20.0_40.0_rev,straight,bidirectional,J_40p00_48p00,J_20p00_48p00,1
2416,21.000,48.000,0.500,180.000,H_y48.0_x20.0_40.0_rev,H_y48.0_x20.0_40.0_rev,straight,bidirectional,J_40p00_48p00,J_20p00_48p00,1
2417,20.500,48.000,0.500,180.000,H_y48.0_x20.0_40.0_rev,H_y48.0_x20.0_40.0_rev,straight,bidirectional,J_40p00_48p00,J_20p00_48p00,1
2418,20.000,48.000,0.500,180.000,H_y48.0_x20.0_40.0_rev,H_y48.0_x20.0_40.0_rev,straight,bidirectional,J_40p00_48p00,J_20p00_48p00,0
2419,40.000,48.000,0.500,-90.000,V_x40.0_y26.0_48.0_rev,V_x40.0_y26.0_48.0_rev,straight,bidirectional,J_40p00_48p00,J_40p00_26p00,1
2420,40.000,47.500,0.500,-90.000,V_x40.0_y26.0_48.0_rev,V_x40.0_y26.0_48.0_rev,straight,bidirectional,J_40p00_48p00,J_40p00_26p00,1
2421,40.000,47.000,0.500,-90.000,V_x40.0_y26.0_48.0_rev,V_x40.0_y26.0_48.0_rev,straight,bidirectional,J_40p00_48p00,J_40p00_26p00,1
2422,40.000,46.500,0.500,-90.000,V_x40.0_y26.0_48.0_rev,V_x40.0_y26.0_48.0_rev,straight,bidirectional,J_40p00_48p00,J_40p00_26p00,1
2423,40.000,46.000,0.500,-90.000,V_x40.0_y26.0_48.0_rev,V_x40.0_y26.0_48.0_rev,straight,bidirectional,J_40p00_48p00,J_40p00_26p00,1
2424,40.000,45.500,0.500,-90.000,V_x40.0_y26.0_48.0_rev,V_x40.0_y26.0_48.0_rev,straight,bidirectional,J_40p00_48p00,J_40p00_26p00,1
2425,40.000,45.000,0.500,-90.000,V_x40.0_y26.0_48.0_rev,V_x40.0_y26.0_48.0_rev,straight,bidirectional,J_40p00_48p00,J_40p00_26p00,1
2426,40.000,44.500,0.500,-90.000,V_x40.0_y26.0_48.0_rev,V_x40.0_y26.0_48.0_rev,straight,bidirectional,J_40p00_48p00,J_40p00_26p00,1
2427,40.000,44.000,0.500,-90.000,V_x40.0_y26.0_48.0_rev,V_x40.0_y26.0_48.0_rev,straight,bidirectional,J_40p00_48p00,J_40p00_26p00,1
2428,40.000,43.500,0.500,-90.000,V_x40.0_y26.0_48.0_rev,V_x40.0_y26.0_48.0_rev,straight,bidirectional,J_40p00_48p00,J_40p00_26p00,1
2429,40.000,43.000,0.500,-90.000,V_x40.0_y26.0_48.0_rev,V_x40.0_y26.0_48.0_rev,straight,bidirectional,J_40p00_48p00,J_40p00_26p00,1
2430,40.000,42.500,0.500,-90.000,V_x40.0_y26.0_48.0_rev,V_x40.0_y26.0_48.0_rev,straight,bidirectional,J_40p00_48p00,J_40p00_26p00,1
2431,40.000,42.000,0.500,-90.000,V_x40.0_y26.0_48.0_rev,V_x40.0_y26.0_48.0_rev,straight,bidirectional,J_40p00_48p00,J_40p00_26p00,1
2432,40.000,41.500,0.500,-90.000,V_x40.0_y26.0_48.0_rev,V_x40.0_y26.0_48.0_rev,straight,bidirectional,J_40p00_48p00,J_40p00_26p00,1
2433,40.000,41.000,0.500,-90.000,V_x40.0_y26.0_48.0_rev,V_x40.0_y26.0_48.0_rev,straight,bidirectional,J_40p00_48p00,J_40p00_26p00,1
2434,40.000,40.500,0.500,-90.000,V_x40.0_y26.0_48.0_rev,V_x40.0_y26.0_48.0_rev,straight,bidirectional,J_40p00_48p00,J_40p00_26p00,1
2435,40.000,40.000,0.500,-90.000,V_x40.0_y26.0_48.0_rev,V_x40.0_y26.0_48.0_rev,straight,bidirectional,J_40p00_48p00,J_40p00_26p00,1
2436,40.000,39.500,0.500,-90.000,V_x40.0_y26.0_48.0_rev,V_x40.0_y26.0_48.0_rev,straight,bidirectional,J_40p00_48p00,J_40p00_26p00,1
2437,40.000,39.000,0.500,-90.000,V_x40.0_y26.0_48.0_rev,V_x40.0_y26.0_48.0_rev,straight,bidirectional,J_40p00_48p00,J_40p00_26p00,1
2438,40.000,38.500,0.500,-90.000,V_x40.0_y26.0_48.0_rev,V_x40.0_y26.0_48.0_rev,straight,bidirectional,J_40p00_48p00,J_40p00_26p00,1
2439,40.000,38.000,0.500,-90.000,V_x40.0_y26.0_48.0_rev,V_x40.0_y26.0_48.0_rev,straight,bidirectional,J_40p00_48p00,J_40p00_26p00,1
2440,40.000,37.500,0.500,-90.000,V_x40.0_y26.0_48.0_rev,V_x40.0_y26.0_48.0_rev,straight,bidirectional,J_40p00_48p00,J_40p00_26p00,1
2441,40.000,37.000,0.500,-90.000,V_x40.0_y26.0_48.0_rev,V_x40.0_y26.0_48.0_rev,straight,bidirectional,J_40p00_48p00,J_40p00_26p00,1
2442,40.000,36.500,0.500,-90.000,V_x40.0_y26.0_48.0_rev,V_x40.0_y26.0_48.0_rev,straight,bidirectional,J_40p00_48p00,J_40p00_26p00,1
2443,40.000,36.000,0.500,-90.000,V_x40.0_y26.0_48.0_rev,V_x40.0_y26.0_48.0_rev,straight,bidirectional,J_40p00_48p00,J_40p00_26p00,1
2444,40.000,35.500,0.500,-90.000,V_x40.0_y26.0_48.0_rev,V_x40.0_y26.0_48.0_rev,straight,bidirectional,J_40p00_48p00,J_40p00_26p00,1
2445,40.000,35.000,0.500,-90.000,V_x40.0_y26.0_48.0_rev,V_x40.0_y26.0_48.0_rev,straight,bidirectional,J_40p00_48p00,J_40p00_26p00,1
2446,40.000,34.500,0.500,-90.000,V_x40.0_y26.0_48.0_rev,V_x40.0_y26.0_48.0_rev,straight,bidirectional,J_40p00_48p00,J_40p00_26p00,1
2447,40.000,34.000,0.500,-90.000,V_x40.0_y26.0_48.0_rev,V_x40.0_y26.0_48.0_rev,straight,bidirectional,J_40p00_48p00,J_40p00_26p00,1
2448,40.000,33.500,0.500,-90.000,V_x40.0_y26.0_48.0_rev,V_x40.0_y26.0_48.0_rev,straight,bidirectional,J_40p00_48p00,J_40p00_26p00,1
2449,40.000,33.000,0.500,-90.000,V_x40.0_y26.0_48.0_rev,V_x40.0_y26.0_48.0_rev,straight,bidirectional,J_40p00_48p00,J_40p00_26p00,1
2450,40.000,32.500,0.500,-90.000,V_x40.0_y26.0_48.0_rev,V_x40.0_y26.0_48.0_rev,straight,bidirectional,J_40p00_48p00,J_40p00_26p00,1
2451,40.000,32.000,0.500,-90.000,V_x40.0_y26.0_48.0_rev,V_x40.0_y26.0_48.0_rev,straight,bidirectional,J_40p00_48p00,J_40p00_26p00,1
2452,40.000,31.500,0.500,-90.000,V_x40.0_y26.0_48.0_rev,V_x40.0_y26.0_48.0_rev,straight,bidirectional,J_40p00_48p00,J_40p00_26p00,1
2453,40.000,31.000,0.500,-90.000,V_x40.0_y26.0_48.0_rev,V_x40.0_y26.0_48.0_rev,straight,bidirectional,J_40p00_48p00,J_40p00_26p00,1
2454,40.000,30.500,0.500,-90.000,V_x40.0_y26.0_48.0_rev,V_x40.0_y26.0_48.0_rev,straight,bidirectional,J_40p00_48p00,J_40p00_26p00,1
2455,40.000,30.000,0.500,-90.000,V_x40.0_y26.0_48.0_rev,V_x40.0_y26.0_48.0_rev,straight,bidirectional,J_40p00_48p00,J_40p00_26p00,1
2456,40.000,29.500,0.500,-90.000,V_x40.0_y26.0_48.0_rev,V_x40.0_y26.0_48.0_rev,straight,bidirectional,J_40p00_48p00,J_40p00_26p00,1
2457,40.000,29.000,0.500,-90.000,V_x40.0_y26.0_48.0_rev,V_x40.0_y26.0_48.0_rev,straight,bidirectional,J_40p00_48p00,J_40p00_26p00,1
2458,40.000,28.500,0.500,-90.000,V_x40.0_y26.0_48.0_rev,V_x40.0_y26.0_48.0_rev,straight,bidirectional,J_40p00_48p00,J_40p00_26p00,1
2459,40.000,28.000,0.500,-90.000,V_x40.0_y26.0_48.0_rev,V_x40.0_y26.0_48.0_rev,straight,bidirectional,J_40p00_48p00,J_40p00_26p00,1
2460,40.000,27.500,0.500,-90.000,V_x40.0_y26.0_48.0_rev,V_x40.0_y26.0_48.0_rev,straight,bidirectional,J_40p00_48p00,J_40p00_26p00,1
2461,40.000,27.000,0.500,-90.000,V_x40.0_y26.0_48.0_rev,V_x40.0_y26.0_48.0_rev,straight,bidirectional,J_40p00_48p00,J_40p00_26p00,1
2462,40.000,26.500,0.500,-90.000,V_x40.0_y26.0_48.0_rev,V_x40.0_y26.0_48.0_rev,straight,bidirectional,J_40p00_48p00,J_40p00_26p00,1
2463,40.000,26.000,0.500,-90.000,V_x40.0_y26.0_48.0_rev,V_x40.0_y26.0_48.0_rev,straight,bidirectional,J_40p00_48p00,J_40p00_26p00,0
2464,40.000,48.000,0.500,180.000,outer_top_right_conn0_rev,outer_top_right_conn0_rev,arc_connector,bidirectional,J_40p00_48p00,ARC_36p00_48p00,1
2465,39.500,48.000,0.500,180.000,outer_top_right_conn0_rev,outer_top_right_conn0_rev,arc_connector,bidirectional,J_40p00_48p00,ARC_36p00_48p00,1
2466,39.000,48.000,0.500,180.000,outer_top_right_conn0_rev,outer_top_right_conn0_rev,arc_connector,bidirectional,J_40p00_48p00,ARC_36p00_48p00,1
2467,38.500,48.000,0.500,180.000,outer_top_right_conn0_rev,outer_top_right_conn0_rev,arc_connector,bidirectional,J_40p00_48p00,ARC_36p00_48p00,1
2468,38.000,48.000,0.500,180.000,outer_top_right_conn0_rev,outer_top_right_conn0_rev,arc_connector,bidirectional,J_40p00_48p00,ARC_36p00_48p00,1
2469,37.500,48.000,0.500,180.000,outer_top_right_conn0_rev,outer_top_right_conn0_rev,arc_connector,bidirectional,J_40p00_48p00,ARC_36p00_48p00,1
2470,37.000,48.000,0.500,180.000,outer_top_right_conn0_rev,outer_top_right_conn0_rev,arc_connector,bidirectional,J_40p00_48p00,ARC_36p00_48p00,1
2471,36.500,48.000,0.500,180.000,outer_top_right_conn0_rev,outer_top_right_conn0_rev,arc_connector,bidirectional,J_40p00_48p00,ARC_36p00_48p00,1
2472,36.000,48.000,0.500,180.000,outer_top_right_conn0_rev,outer_top_right_conn0_rev,arc_connector,bidirectional,J_40p00_48p00,ARC_36p00_48p00,0
2473,40.000,48.000,0.500,-90.000,outer_top_right_conn1_rev,outer_top_right_conn1_rev,arc_connector,bidirectional,J_40p00_48p00,ARC_40p00_44p00,1
2474,40.000,47.500,0.500,-90.000,outer_top_right_conn1_rev,outer_top_right_conn1_rev,arc_connector,bidirectional,J_40p00_48p00,ARC_40p00_44p00,1
2475,40.000,47.000,0.500,-90.000,outer_top_right_conn1_rev,outer_top_right_conn1_rev,arc_connector,bidirectional,J_40p00_48p00,ARC_40p00_44p00,1
2476,40.000,46.500,0.500,-90.000,outer_top_right_conn1_rev,outer_top_right_conn1_rev,arc_connector,bidirectional,J_40p00_48p00,ARC_40p00_44p00,1
2477,40.000,46.000,0.500,-90.000,outer_top_right_conn1_rev,outer_top_right_conn1_rev,arc_connector,bidirectional,J_40p00_48p00,ARC_40p00_44p00,1
2478,40.000,45.500,0.500,-90.000,outer_top_right_conn1_rev,outer_top_right_conn1_rev,arc_connector,bidirectional,J_40p00_48p00,ARC_40p00_44p00,1
2479,40.000,45.000,0.500,-90.000,outer_top_right_conn1_rev,outer_top_right_conn1_rev,arc_connector,bidirectional,J_40p00_48p00,ARC_40p00_44p00,1
2480,40.000,44.500,0.500,-90.000,outer_top_right_conn1_rev,outer_top_right_conn1_rev,arc_connector,bidirectional,J_40p00_48p00,ARC_40p00_44p00,1
2481,40.000,44.000,0.500,-90.000,outer_top_right_conn1_rev,outer_top_right_conn1_rev,arc_connector,bidirectional,J_40p00_48p00,ARC_40p00_44p00,0
2482,40.000,26.000,0.500,180.000,H_y26.0_x20.0_40.0_rev,H_y26.0_x20.0_40.0_rev,straight,bidirectional,J_40p00_26p00,J_20p00_26p00,1
2483,39.500,26.000,0.500,180.000,H_y26.0_x20.0_40.0_rev,H_y26.0_x20.0_40.0_rev,straight,bidirectional,J_40p00_26p00,J_20p00_26p00,1
2484,39.000,26.000,0.500,180.000,H_y26.0_x20.0_40.0_rev,H_y26.0_x20.0_40.0_rev,straight,bidirectional,J_40p00_26p00,J_20p00_26p00,1
2485,38.500,26.000,0.500,180.000,H_y26.0_x20.0_40.0_rev,H_y26.0_x20.0_40.0_rev,straight,bidirectional,J_40p00_26p00,J_20p00_26p00,1
2486,38.000,26.000,0.500,180.000,H_y26.0_x20.0_40.0_rev,H_y26.0_x20.0_40.0_rev,straight,bidirectional,J_40p00_26p00,J_20p00_26p00,1
2487,37.500,26.000,0.500,180.000,H_y26.0_x20.0_40.0_rev,H_y26.0_x20.0_40.0_rev,straight,bidirectional,J_40p00_26p00,J_20p00_26p00,1
2488,37.000,26.000,0.500,180.000,H_y26.0_x20.0_40.0_rev,H_y26.0_x20.0_40.0_rev,straight,bidirectional,J_40p00_26p00,J_20p00_26p00,1
2489,36.500,26.000,0.500,180.000,H_y26.0_x20.0_40.0_rev,H_y26.0_x20.0_40.0_rev,straight,bidirectional,J_40p00_26p00,J_20p00_26p00,1
2490,36.000,26.000,0.500,180.000,H_y26.0_x20.0_40.0_rev,H_y26.0_x20.0_40.0_rev,straight,bidirectional,J_40p00_26p00,J_20p00_26p00,1
2491,35.500,26.000,0.500,180.000,H_y26.0_x20.0_40.0_rev,H_y26.0_x20.0_40.0_rev,straight,bidirectional,J_40p00_26p00,J_20p00_26p00,1
2492,35.000,26.000,0.500,180.000,H_y26.0_x20.0_40.0_rev,H_y26.0_x20.0_40.0_rev,straight,bidirectional,J_40p00_26p00,J_20p00_26p00,1
2493,34.500,26.000,0.500,180.000,H_y26.0_x20.0_40.0_rev,H_y26.0_x20.0_40.0_rev,straight,bidirectional,J_40p00_26p00,J_20p00_26p00,1
2494,34.000,26.000,0.500,180.000,H_y26.0_x20.0_40.0_rev,H_y26.0_x20.0_40.0_rev,straight,bidirectional,J_40p00_26p00,J_20p00_26p00,1
2495,33.500,26.000,0.500,180.000,H_y26.0_x20.0_40.0_rev,H_y26.0_x20.0_40.0_rev,straight,bidirectional,J_40p00_26p00,J_20p00_26p00,1
2496,33.000,26.000,0.500,180.000,H_y26.0_x20.0_40.0_rev,H_y26.0_x20.0_40.0_rev,straight,bidirectional,J_40p00_26p00,J_20p00_26p00,1
2497,32.500,26.000,0.500,180.000,H_y26.0_x20.0_40.0_rev,H_y26.0_x20.0_40.0_rev,straight,bidirectional,J_40p00_26p00,J_20p00_26p00,1
2498,32.000,26.000,0.500,180.000,H_y26.0_x20.0_40.0_rev,H_y26.0_x20.0_40.0_rev,straight,bidirectional,J_40p00_26p00,J_20p00_26p00,1
2499,31.500,26.000,0.500,180.000,H_y26.0_x20.0_40.0_rev,H_y26.0_x20.0_40.0_rev,straight,bidirectional,J_40p00_26p00,J_20p00_26p00,1
2500,31.000,26.000,0.500,180.000,H_y26.0_x20.0_40.0_rev,H_y26.0_x20.0_40.0_rev,straight,bidirectional,J_40p00_26p00,J_20p00_26p00,1
2501,30.500,26.000,0.500,180.000,H_y26.0_x20.0_40.0_rev,H_y26.0_x20.0_40.0_rev,straight,bidirectional,J_40p00_26p00,J_20p00_26p00,1
2502,30.000,26.000,0.500,180.000,H_y26.0_x20.0_40.0_rev,H_y26.0_x20.0_40.0_rev,straight,bidirectional,J_40p00_26p00,J_20p00_26p00,1
2503,29.500,26.000,0.500,180.000,H_y26.0_x20.0_40.0_rev,H_y26.0_x20.0_40.0_rev,straight,bidirectional,J_40p00_26p00,J_20p00_26p00,1
2504,29.000,26.000,0.500,180.000,H_y26.0_x20.0_40.0_rev,H_y26.0_x20.0_40.0_rev,straight,bidirectional,J_40p00_26p00,J_20p00_26p00,1
2505,28.500,26.000,0.500,180.000,H_y26.0_x20.0_40.0_rev,H_y26.0_x20.0_40.0_rev,straight,bidirectional,J_40p00_26p00,J_20p00_26p00,1
2506,28.000,26.000,0.500,180.000,H_y26.0_x20.0_40.0_rev,H_y26.0_x20.0_40.0_rev,straight,bidirectional,J_40p00_26p00,J_20p00_26p00,1
2507,27.500,26.000,0.500,180.000,H_y26.0_x20.0_40.0_rev,H_y26.0_x20.0_40.0_rev,straight,bidirectional,J_40p00_26p00,J_20p00_26p00,1
2508,27.000,26.000,0.500,180.000,H_y26.0_x20.0_40.0_rev,H_y26.0_x20.0_40.0_rev,straight,bidirectional,J_40p00_26p00,J_20p00_26p00,1
2509,26.500,26.000,0.500,180.000,H_y26.0_x20.0_40.0_rev,H_y26.0_x20.0_40.0_rev,straight,bidirectional,J_40p00_26p00,J_20p00_26p00,1
2510,26.000,26.000,0.500,180.000,H_y26.0_x20.0_40.0_rev,H_y26.0_x20.0_40.0_rev,straight,bidirectional,J_40p00_26p00,J_20p00_26p00,1
2511,25.500,26.000,0.500,180.000,H_y26.0_x20.0_40.0_rev,H_y26.0_x20.0_40.0_rev,straight,bidirectional,J_40p00_26p00,J_20p00_26p00,1
2512,25.000,26.000,0.500,180.000,H_y26.0_x20.0_40.0_rev,H_y26.0_x20.0_40.0_rev,straight,bidirectional,J_40p00_26p00,J_20p00_26p00,1
2513,24.500,26.000,0.500,180.000,H_y26.0_x20.0_40.0_rev,H_y26.0_x20.0_40.0_rev,straight,bidirectional,J_40p00_26p00,J_20p00_26p00,1
2514,24.000,26.000,0.500,180.000,H_y26.0_x20.0_40.0_rev,H_y26.0_x20.0_40.0_rev,straight,bidirectional,J_40p00_26p00,J_20p00_26p00,1
2515,23.500,26.000,0.500,180.000,H_y26.0_x20.0_40.0_rev,H_y26.0_x20.0_40.0_rev,straight,bidirectional,J_40p00_26p00,J_20p00_26p00,1
2516,23.000,26.000,0.500,180.000,H_y26.0_x20.0_40.0_rev,H_y26.0_x20.0_40.0_rev,straight,bidirectional,J_40p00_26p00,J_20p00_26p00,1
2517,22.500,26.000,0.500,180.000,H_y26.0_x20.0_40.0_rev,H_y26.0_x20.0_40.0_rev,straight,bidirectional,J_40p00_26p00,J_20p00_26p00,1
2518,22.000,26.000,0.500,180.000,H_y26.0_x20.0_40.0_rev,H_y26.0_x20.0_40.0_rev,straight,bidirectional,J_40p00_26p00,J_20p00_26p00,1
2519,21.500,26.000,0.500,180.000,H_y26.0_x20.0_40.0_rev,H_y26.0_x20.0_40.0_rev,straight,bidirectional,J_40p00_26p00,J_20p00_26p00,1
2520,21.000,26.000,0.500,180.000,H_y26.0_x20.0_40.0_rev,H_y26.0_x20.0_40.0_rev,straight,bidirectional,J_40p00_26p00,J_20p00_26p00,1
2521,20.500,26.000,0.500,180.000,H_y26.0_x20.0_40.0_rev,H_y26.0_x20.0_40.0_rev,straight,bidirectional,J_40p00_26p00,J_20p00_26p00,1
2522,20.000,26.000,0.500,180.000,H_y26.0_x20.0_40.0_rev,H_y26.0_x20.0_40.0_rev,straight,bidirectional,J_40p00_26p00,J_20p00_26p00,0
2523,40.000,26.000,0.500,-90.000,V_x40.0_y-3.0_26.0_rev,V_x40.0_y-3.0_26.0_rev,straight,bidirectional,J_40p00_26p00,J_40p00_m3p00,1
2524,40.000,25.500,0.500,-90.000,V_x40.0_y-3.0_26.0_rev,V_x40.0_y-3.0_26.0_rev,straight,bidirectional,J_40p00_26p00,J_40p00_m3p00,1
2525,40.000,25.000,0.500,-90.000,V_x40.0_y-3.0_26.0_rev,V_x40.0_y-3.0_26.0_rev,straight,bidirectional,J_40p00_26p00,J_40p00_m3p00,1
2526,40.000,24.500,0.500,-90.000,V_x40.0_y-3.0_26.0_rev,V_x40.0_y-3.0_26.0_rev,straight,bidirectional,J_40p00_26p00,J_40p00_m3p00,1
2527,40.000,24.000,0.500,-90.000,V_x40.0_y-3.0_26.0_rev,V_x40.0_y-3.0_26.0_rev,straight,bidirectional,J_40p00_26p00,J_40p00_m3p00,1
2528,40.000,23.500,0.500,-90.000,V_x40.0_y-3.0_26.0_rev,V_x40.0_y-3.0_26.0_rev,straight,bidirectional,J_40p00_26p00,J_40p00_m3p00,1
2529,40.000,23.000,0.500,-90.000,V_x40.0_y-3.0_26.0_rev,V_x40.0_y-3.0_26.0_rev,straight,bidirectional,J_40p00_26p00,J_40p00_m3p00,1
2530,40.000,22.500,0.500,-90.000,V_x40.0_y-3.0_26.0_rev,V_x40.0_y-3.0_26.0_rev,straight,bidirectional,J_40p00_26p00,J_40p00_m3p00,1
2531,40.000,22.000,0.500,-90.000,V_x40.0_y-3.0_26.0_rev,V_x40.0_y-3.0_26.0_rev,straight,bidirectional,J_40p00_26p00,J_40p00_m3p00,1
2532,40.000,21.500,0.500,-90.000,V_x40.0_y-3.0_26.0_rev,V_x40.0_y-3.0_26.0_rev,straight,bidirectional,J_40p00_26p00,J_40p00_m3p00,1
2533,40.000,21.000,0.500,-90.000,V_x40.0_y-3.0_26.0_rev,V_x40.0_y-3.0_26.0_rev,straight,bidirectional,J_40p00_26p00,J_40p00_m3p00,1
2534,40.000,20.500,0.500,-90.000,V_x40.0_y-3.0_26.0_rev,V_x40.0_y-3.0_26.0_rev,straight,bidirectional,J_40p00_26p00,J_40p00_m3p00,1
2535,40.000,20.000,0.500,-90.000,V_x40.0_y-3.0_26.0_rev,V_x40.0_y-3.0_26.0_rev,straight,bidirectional,J_40p00_26p00,J_40p00_m3p00,1
2536,40.000,19.500,0.500,-90.000,V_x40.0_y-3.0_26.0_rev,V_x40.0_y-3.0_26.0_rev,straight,bidirectional,J_40p00_26p00,J_40p00_m3p00,1
2537,40.000,19.000,0.500,-90.000,V_x40.0_y-3.0_26.0_rev,V_x40.0_y-3.0_26.0_rev,straight,bidirectional,J_40p00_26p00,J_40p00_m3p00,1
2538,40.000,18.500,0.500,-90.000,V_x40.0_y-3.0_26.0_rev,V_x40.0_y-3.0_26.0_rev,straight,bidirectional,J_40p00_26p00,J_40p00_m3p00,1
2539,40.000,18.000,0.500,-90.000,V_x40.0_y-3.0_26.0_rev,V_x40.0_y-3.0_26.0_rev,straight,bidirectional,J_40p00_26p00,J_40p00_m3p00,1
2540,40.000,17.500,0.500,-90.000,V_x40.0_y-3.0_26.0_rev,V_x40.0_y-3.0_26.0_rev,straight,bidirectional,J_40p00_26p00,J_40p00_m3p00,1
2541,40.000,17.000,0.500,-90.000,V_x40.0_y-3.0_26.0_rev,V_x40.0_y-3.0_26.0_rev,straight,bidirectional,J_40p00_26p00,J_40p00_m3p00,1
2542,40.000,16.500,0.500,-90.000,V_x40.0_y-3.0_26.0_rev,V_x40.0_y-3.0_26.0_rev,straight,bidirectional,J_40p00_26p00,J_40p00_m3p00,1
2543,40.000,16.000,0.500,-90.000,V_x40.0_y-3.0_26.0_rev,V_x40.0_y-3.0_26.0_rev,straight,bidirectional,J_40p00_26p00,J_40p00_m3p00,1
2544,40.000,15.500,0.500,-90.000,V_x40.0_y-3.0_26.0_rev,V_x40.0_y-3.0_26.0_rev,straight,bidirectional,J_40p00_26p00,J_40p00_m3p00,1
2545,40.000,15.000,0.500,-90.000,V_x40.0_y-3.0_26.0_rev,V_x40.0_y-3.0_26.0_rev,straight,bidirectional,J_40p00_26p00,J_40p00_m3p00,1
2546,40.000,14.500,0.500,-90.000,V_x40.0_y-3.0_26.0_rev,V_x40.0_y-3.0_26.0_rev,straight,bidirectional,J_40p00_26p00,J_40p00_m3p00,1
2547,40.000,14.000,0.500,-90.000,V_x40.0_y-3.0_26.0_rev,V_x40.0_y-3.0_26.0_rev,straight,bidirectional,J_40p00_26p00,J_40p00_m3p00,1
2548,40.000,13.500,0.500,-90.000,V_x40.0_y-3.0_26.0_rev,V_x40.0_y-3.0_26.0_rev,straight,bidirectional,J_40p00_26p00,J_40p00_m3p00,1
2549,40.000,13.000,0.500,-90.000,V_x40.0_y-3.0_26.0_rev,V_x40.0_y-3.0_26.0_rev,straight,bidirectional,J_40p00_26p00,J_40p00_m3p00,1
2550,40.000,12.500,0.500,-90.000,V_x40.0_y-3.0_26.0_rev,V_x40.0_y-3.0_26.0_rev,straight,bidirectional,J_40p00_26p00,J_40p00_m3p00,1
2551,40.000,12.000,0.500,-90.000,V_x40.0_y-3.0_26.0_rev,V_x40.0_y-3.0_26.0_rev,straight,bidirectional,J_40p00_26p00,J_40p00_m3p00,1
2552,40.000,11.500,0.500,-90.000,V_x40.0_y-3.0_26.0_rev,V_x40.0_y-3.0_26.0_rev,straight,bidirectional,J_40p00_26p00,J_40p00_m3p00,1
2553,40.000,11.000,0.500,-90.000,V_x40.0_y-3.0_26.0_rev,V_x40.0_y-3.0_26.0_rev,straight,bidirectional,J_40p00_26p00,J_40p00_m3p00,1
2554,40.000,10.500,0.500,-90.000,V_x40.0_y-3.0_26.0_rev,V_x40.0_y-3.0_26.0_rev,straight,bidirectional,J_40p00_26p00,J_40p00_m3p00,1
2555,40.000,10.000,0.500,-90.000,V_x40.0_y-3.0_26.0_rev,V_x40.0_y-3.0_26.0_rev,straight,bidirectional,J_40p00_26p00,J_40p00_m3p00,1
2556,40.000,9.500,0.500,-90.000,V_x40.0_y-3.0_26.0_rev,V_x40.0_y-3.0_26.0_rev,straight,bidirectional,J_40p00_26p00,J_40p00_m3p00,1
2557,40.000,9.000,0.500,-90.000,V_x40.0_y-3.0_26.0_rev,V_x40.0_y-3.0_26.0_rev,straight,bidirectional,J_40p00_26p00,J_40p00_m3p00,1
2558,40.000,8.500,0.500,-90.000,V_x40.0_y-3.0_26.0_rev,V_x40.0_y-3.0_26.0_rev,straight,bidirectional,J_40p00_26p00,J_40p00_m3p00,1
2559,40.000,8.000,0.500,-90.000,V_x40.0_y-3.0_26.0_rev,V_x40.0_y-3.0_26.0_rev,straight,bidirectional,J_40p00_26p00,J_40p00_m3p00,1
2560,40.000,7.500,0.500,-90.000,V_x40.0_y-3.0_26.0_rev,V_x40.0_y-3.0_26.0_rev,straight,bidirectional,J_40p00_26p00,J_40p00_m3p00,1
2561,40.000,7.000,0.500,-90.000,V_x40.0_y-3.0_26.0_rev,V_x40.0_y-3.0_26.0_rev,straight,bidirectional,J_40p00_26p00,J_40p00_m3p00,1
2562,40.000,6.500,0.500,-90.000,V_x40.0_y-3.0_26.0_rev,V_x40.0_y-3.0_26.0_rev,straight,bidirectional,J_40p00_26p00,J_40p00_m3p00,1
2563,40.000,6.000,0.500,-90.000,V_x40.0_y-3.0_26.0_rev,V_x40.0_y-3.0_26.0_rev,straight,bidirectional,J_40p00_26p00,J_40p00_m3p00,1
2564,40.000,5.500,0.500,-90.000,V_x40.0_y-3.0_26.0_rev,V_x40.0_y-3.0_26.0_rev,straight,bidirectional,J_40p00_26p00,J_40p00_m3p00,1
2565,40.000,5.000,0.500,-90.000,V_x40.0_y-3.0_26.0_rev,V_x40.0_y-3.0_26.0_rev,straight,bidirectional,J_40p00_26p00,J_40p00_m3p00,1
2566,40.000,4.500,0.500,-90.000,V_x40.0_y-3.0_26.0_rev,V_x40.0_y-3.0_26.0_rev,straight,bidirectional,J_40p00_26p00,J_40p00_m3p00,1
2567,40.000,4.000,0.500,-90.000,V_x40.0_y-3.0_26.0_rev,V_x40.0_y-3.0_26.0_rev,straight,bidirectional,J_40p00_26p00,J_40p00_m3p00,1
2568,40.000,3.500,0.500,-90.000,V_x40.0_y-3.0_26.0_rev,V_x40.0_y-3.0_26.0_rev,straight,bidirectional,J_40p00_26p00,J_40p00_m3p00,1
2569,40.000,3.000,0.500,-90.000,V_x40.0_y-3.0_26.0_rev,V_x40.0_y-3.0_26.0_rev,straight,bidirectional,J_40p00_26p00,J_40p00_m3p00,1
2570,40.000,2.500,0.500,-90.000,V_x40.0_y-3.0_26.0_rev,V_x40.0_y-3.0_26.0_rev,straight,bidirectional,J_40p00_26p00,J_40p00_m3p00,1
2571,40.000,2.000,0.500,-90.000,V_x40.0_y-3.0_26.0_rev,V_x40.0_y-3.0_26.0_rev,straight,bidirectional,J_40p00_26p00,J_40p00_m3p00,1
2572,40.000,1.500,0.500,-90.000,V_x40.0_y-3.0_26.0_rev,V_x40.0_y-3.0_26.0_rev,straight,bidirectional,J_40p00_26p00,J_40p00_m3p00,1
2573,40.000,1.000,0.500,-90.000,V_x40.0_y-3.0_26.0_rev,V_x40.0_y-3.0_26.0_rev,straight,bidirectional,J_40p00_26p00,J_40p00_m3p00,1
2574,40.000,0.500,0.500,-90.000,V_x40.0_y-3.0_26.0_rev,V_x40.0_y-3.0_26.0_rev,straight,bidirectional,J_40p00_26p00,J_40p00_m3p00,1
2575,40.000,0.000,0.500,-90.000,V_x40.0_y-3.0_26.0_rev,V_x40.0_y-3.0_26.0_rev,straight,bidirectional,J_40p00_26p00,J_40p00_m3p00,1
2576,40.000,-0.500,0.500,-90.000,V_x40.0_y-3.0_26.0_rev,V_x40.0_y-3.0_26.0_rev,straight,bidirectional,J_40p00_26p00,J_40p00_m3p00,1
2577,40.000,-1.000,0.500,-90.000,V_x40.0_y-3.0_26.0_rev,V_x40.0_y-3.0_26.0_rev,straight,bidirectional,J_40p00_26p00,J_40p00_m3p00,1
2578,40.000,-1.500,0.500,-90.000,V_x40.0_y-3.0_26.0_rev,V_x40.0_y-3.0_26.0_rev,straight,bidirectional,J_40p00_26p00,J_40p00_m3p00,1
2579,40.000,-2.000,0.500,-90.000,V_x40.0_y-3.0_26.0_rev,V_x40.0_y-3.0_26.0_rev,straight,bidirectional,J_40p00_26p00,J_40p00_m3p00,1
2580,40.000,-2.500,0.500,-90.000,V_x40.0_y-3.0_26.0_rev,V_x40.0_y-3.0_26.0_rev,straight,bidirectional,J_40p00_26p00,J_40p00_m3p00,1
2581,40.000,-3.000,0.500,-90.000,V_x40.0_y-3.0_26.0_rev,V_x40.0_y-3.0_26.0_rev,straight,bidirectional,J_40p00_26p00,J_40p00_m3p00,0
2582,40.000,26.000,0.500,90.000,V_x40.0_y26.0_48.0_fwd,V_x40.0_y26.0_48.0_fwd,straight,bidirectional,J_40p00_26p00,J_40p00_48p00,1
2583,40.000,26.500,0.500,90.000,V_x40.0_y26.0_48.0_fwd,V_x40.0_y26.0_48.0_fwd,straight,bidirectional,J_40p00_26p00,J_40p00_48p00,1
2584,40.000,27.000,0.500,90.000,V_x40.0_y26.0_48.0_fwd,V_x40.0_y26.0_48.0_fwd,straight,bidirectional,J_40p00_26p00,J_40p00_48p00,1
2585,40.000,27.500,0.500,90.000,V_x40.0_y26.0_48.0_fwd,V_x40.0_y26.0_48.0_fwd,straight,bidirectional,J_40p00_26p00,J_40p00_48p00,1
2586,40.000,28.000,0.500,90.000,V_x40.0_y26.0_48.0_fwd,V_x40.0_y26.0_48.0_fwd,straight,bidirectional,J_40p00_26p00,J_40p00_48p00,1
2587,40.000,28.500,0.500,90.000,V_x40.0_y26.0_48.0_fwd,V_x40.0_y26.0_48.0_fwd,straight,bidirectional,J_40p00_26p00,J_40p00_48p00,1
2588,40.000,29.000,0.500,90.000,V_x40.0_y26.0_48.0_fwd,V_x40.0_y26.0_48.0_fwd,straight,bidirectional,J_40p00_26p00,J_40p00_48p00,1
2589,40.000,29.500,0.500,90.000,V_x40.0_y26.0_48.0_fwd,V_x40.0_y26.0_48.0_fwd,straight,bidirectional,J_40p00_26p00,J_40p00_48p00,1
2590,40.000,30.000,0.500,90.000,V_x40.0_y26.0_48.0_fwd,V_x40.0_y26.0_48.0_fwd,straight,bidirectional,J_40p00_26p00,J_40p00_48p00,1
2591,40.000,30.500,0.500,90.000,V_x40.0_y26.0_48.0_fwd,V_x40.0_y26.0_48.0_fwd,straight,bidirectional,J_40p00_26p00,J_40p00_48p00,1
2592,40.000,31.000,0.500,90.000,V_x40.0_y26.0_48.0_fwd,V_x40.0_y26.0_48.0_fwd,straight,bidirectional,J_40p00_26p00,J_40p00_48p00,1
2593,40.000,31.500,0.500,90.000,V_x40.0_y26.0_48.0_fwd,V_x40.0_y26.0_48.0_fwd,straight,bidirectional,J_40p00_26p00,J_40p00_48p00,1
2594,40.000,32.000,0.500,90.000,V_x40.0_y26.0_48.0_fwd,V_x40.0_y26.0_48.0_fwd,straight,bidirectional,J_40p00_26p00,J_40p00_48p00,1
2595,40.000,32.500,0.500,90.000,V_x40.0_y26.0_48.0_fwd,V_x40.0_y26.0_48.0_fwd,straight,bidirectional,J_40p00_26p00,J_40p00_48p00,1
2596,40.000,33.000,0.500,90.000,V_x40.0_y26.0_48.0_fwd,V_x40.0_y26.0_48.0_fwd,straight,bidirectional,J_40p00_26p00,J_40p00_48p00,1
2597,40.000,33.500,0.500,90.000,V_x40.0_y26.0_48.0_fwd,V_x40.0_y26.0_48.0_fwd,straight,bidirectional,J_40p00_26p00,J_40p00_48p00,1
2598,40.000,34.000,0.500,90.000,V_x40.0_y26.0_48.0_fwd,V_x40.0_y26.0_48.0_fwd,straight,bidirectional,J_40p00_26p00,J_40p00_48p00,1
2599,40.000,34.500,0.500,90.000,V_x40.0_y26.0_48.0_fwd,V_x40.0_y26.0_48.0_fwd,straight,bidirectional,J_40p00_26p00,J_40p00_48p00,1
2600,40.000,35.000,0.500,90.000,V_x40.0_y26.0_48.0_fwd,V_x40.0_y26.0_48.0_fwd,straight,bidirectional,J_40p00_26p00,J_40p00_48p00,1
2601,40.000,35.500,0.500,90.000,V_x40.0_y26.0_48.0_fwd,V_x40.0_y26.0_48.0_fwd,straight,bidirectional,J_40p00_26p00,J_40p00_48p00,1
2602,40.000,36.000,0.500,90.000,V_x40.0_y26.0_48.0_fwd,V_x40.0_y26.0_48.0_fwd,straight,bidirectional,J_40p00_26p00,J_40p00_48p00,1
2603,40.000,36.500,0.500,90.000,V_x40.0_y26.0_48.0_fwd,V_x40.0_y26.0_48.0_fwd,straight,bidirectional,J_40p00_26p00,J_40p00_48p00,1
2604,40.000,37.000,0.500,90.000,V_x40.0_y26.0_48.0_fwd,V_x40.0_y26.0_48.0_fwd,straight,bidirectional,J_40p00_26p00,J_40p00_48p00,1
2605,40.000,37.500,0.500,90.000,V_x40.0_y26.0_48.0_fwd,V_x40.0_y26.0_48.0_fwd,straight,bidirectional,J_40p00_26p00,J_40p00_48p00,1
2606,40.000,38.000,0.500,90.000,V_x40.0_y26.0_48.0_fwd,V_x40.0_y26.0_48.0_fwd,straight,bidirectional,J_40p00_26p00,J_40p00_48p00,1
2607,40.000,38.500,0.500,90.000,V_x40.0_y26.0_48.0_fwd,V_x40.0_y26.0_48.0_fwd,straight,bidirectional,J_40p00_26p00,J_40p00_48p00,1
2608,40.000,39.000,0.500,90.000,V_x40.0_y26.0_48.0_fwd,V_x40.0_y26.0_48.0_fwd,straight,bidirectional,J_40p00_26p00,J_40p00_48p00,1
2609,40.000,39.500,0.500,90.000,V_x40.0_y26.0_48.0_fwd,V_x40.0_y26.0_48.0_fwd,straight,bidirectional,J_40p00_26p00,J_40p00_48p00,1
2610,40.000,40.000,0.500,90.000,V_x40.0_y26.0_48.0_fwd,V_x40.0_y26.0_48.0_fwd,straight,bidirectional,J_40p00_26p00,J_40p00_48p00,1
2611,40.000,40.500,0.500,90.000,V_x40.0_y26.0_48.0_fwd,V_x40.0_y26.0_48.0_fwd,straight,bidirectional,J_40p00_26p00,J_40p00_48p00,1
2612,40.000,41.000,0.500,90.000,V_x40.0_y26.0_48.0_fwd,V_x40.0_y26.0_48.0_fwd,straight,bidirectional,J_40p00_26p00,J_40p00_48p00,1
2613,40.000,41.500,0.500,90.000,V_x40.0_y26.0_48.0_fwd,V_x40.0_y26.0_48.0_fwd,straight,bidirectional,J_40p00_26p00,J_40p00_48p00,1
2614,40.000,42.000,0.500,90.000,V_x40.0_y26.0_48.0_fwd,V_x40.0_y26.0_48.0_fwd,straight,bidirectional,J_40p00_26p00,J_40p00_48p00,1
2615,40.000,42.500,0.500,90.000,V_x40.0_y26.0_48.0_fwd,V_x40.0_y26.0_48.0_fwd,straight,bidirectional,J_40p00_26p00,J_40p00_48p00,1
2616,40.000,43.000,0.500,90.000,V_x40.0_y26.0_48.0_fwd,V_x40.0_y26.0_48.0_fwd,straight,bidirectional,J_40p00_26p00,J_40p00_48p00,1
2617,40.000,43.500,0.500,90.000,V_x40.0_y26.0_48.0_fwd,V_x40.0_y26.0_48.0_fwd,straight,bidirectional,J_40p00_26p00,J_40p00_48p00,1
2618,40.000,44.000,0.500,90.000,V_x40.0_y26.0_48.0_fwd,V_x40.0_y26.0_48.0_fwd,straight,bidirectional,J_40p00_26p00,J_40p00_48p00,1
2619,40.000,44.500,0.500,90.000,V_x40.0_y26.0_48.0_fwd,V_x40.0_y26.0_48.0_fwd,straight,bidirectional,J_40p00_26p00,J_40p00_48p00,1
2620,40.000,45.000,0.500,90.000,V_x40.0_y26.0_48.0_fwd,V_x40.0_y26.0_48.0_fwd,straight,bidirectional,J_40p00_26p00,J_40p00_48p00,1
2621,40.000,45.500,0.500,90.000,V_x40.0_y26.0_48.0_fwd,V_x40.0_y26.0_48.0_fwd,straight,bidirectional,J_40p00_26p00,J_40p00_48p00,1
2622,40.000,46.000,0.500,90.000,V_x40.0_y26.0_48.0_fwd,V_x40.0_y26.0_48.0_fwd,straight,bidirectional,J_40p00_26p00,J_40p00_48p00,1
2623,40.000,46.500,0.500,90.000,V_x40.0_y26.0_48.0_fwd,V_x40.0_y26.0_48.0_fwd,straight,bidirectional,J_40p00_26p00,J_40p00_48p00,1
2624,40.000,47.000,0.500,90.000,V_x40.0_y26.0_48.0_fwd,V_x40.0_y26.0_48.0_fwd,straight,bidirectional,J_40p00_26p00,J_40p00_48p00,1
2625,40.000,47.500,0.500,90.000,V_x40.0_y26.0_48.0_fwd,V_x40.0_y26.0_48.0_fwd,straight,bidirectional,J_40p00_26p00,J_40p00_48p00,1
2626,40.000,48.000,0.500,90.000,V_x40.0_y26.0_48.0_fwd,V_x40.0_y26.0_48.0_fwd,straight,bidirectional,J_40p00_26p00,J_40p00_48p00,0
2627,40.000,-3.000,0.500,180.000,H_y-3.0_x20.0_40.0_rev,H_y-3.0_x20.0_40.0_rev,straight,bidirectional,J_40p00_m3p00,J_20p00_m3p00,1
2628,39.500,-3.000,0.500,180.000,H_y-3.0_x20.0_40.0_rev,H_y-3.0_x20.0_40.0_rev,straight,bidirectional,J_40p00_m3p00,J_20p00_m3p00,1
2629,39.000,-3.000,0.500,180.000,H_y-3.0_x20.0_40.0_rev,H_y-3.0_x20.0_40.0_rev,straight,bidirectional,J_40p00_m3p00,J_20p00_m3p00,1
2630,38.500,-3.000,0.500,180.000,H_y-3.0_x20.0_40.0_rev,H_y-3.0_x20.0_40.0_rev,straight,bidirectional,J_40p00_m3p00,J_20p00_m3p00,1
2631,38.000,-3.000,0.500,180.000,H_y-3.0_x20.0_40.0_rev,H_y-3.0_x20.0_40.0_rev,straight,bidirectional,J_40p00_m3p00,J_20p00_m3p00,1
2632,37.500,-3.000,0.500,180.000,H_y-3.0_x20.0_40.0_rev,H_y-3.0_x20.0_40.0_rev,straight,bidirectional,J_40p00_m3p00,J_20p00_m3p00,1
2633,37.000,-3.000,0.500,180.000,H_y-3.0_x20.0_40.0_rev,H_y-3.0_x20.0_40.0_rev,straight,bidirectional,J_40p00_m3p00,J_20p00_m3p00,1
2634,36.500,-3.000,0.500,180.000,H_y-3.0_x20.0_40.0_rev,H_y-3.0_x20.0_40.0_rev,straight,bidirectional,J_40p00_m3p00,J_20p00_m3p00,1
2635,36.000,-3.000,0.500,180.000,H_y-3.0_x20.0_40.0_rev,H_y-3.0_x20.0_40.0_rev,straight,bidirectional,J_40p00_m3p00,J_20p00_m3p00,1
2636,35.500,-3.000,0.500,180.000,H_y-3.0_x20.0_40.0_rev,H_y-3.0_x20.0_40.0_rev,straight,bidirectional,J_40p00_m3p00,J_20p00_m3p00,1
2637,35.000,-3.000,0.500,180.000,H_y-3.0_x20.0_40.0_rev,H_y-3.0_x20.0_40.0_rev,straight,bidirectional,J_40p00_m3p00,J_20p00_m3p00,1
2638,34.500,-3.000,0.500,180.000,H_y-3.0_x20.0_40.0_rev,H_y-3.0_x20.0_40.0_rev,straight,bidirectional,J_40p00_m3p00,J_20p00_m3p00,1
2639,34.000,-3.000,0.500,180.000,H_y-3.0_x20.0_40.0_rev,H_y-3.0_x20.0_40.0_rev,straight,bidirectional,J_40p00_m3p00,J_20p00_m3p00,1
2640,33.500,-3.000,0.500,180.000,H_y-3.0_x20.0_40.0_rev,H_y-3.0_x20.0_40.0_rev,straight,bidirectional,J_40p00_m3p00,J_20p00_m3p00,1
2641,33.000,-3.000,0.500,180.000,H_y-3.0_x20.0_40.0_rev,H_y-3.0_x20.0_40.0_rev,straight,bidirectional,J_40p00_m3p00,J_20p00_m3p00,1
2642,32.500,-3.000,0.500,180.000,H_y-3.0_x20.0_40.0_rev,H_y-3.0_x20.0_40.0_rev,straight,bidirectional,J_40p00_m3p00,J_20p00_m3p00,1
2643,32.000,-3.000,0.500,180.000,H_y-3.0_x20.0_40.0_rev,H_y-3.0_x20.0_40.0_rev,straight,bidirectional,J_40p00_m3p00,J_20p00_m3p00,1
2644,31.500,-3.000,0.500,180.000,H_y-3.0_x20.0_40.0_rev,H_y-3.0_x20.0_40.0_rev,straight,bidirectional,J_40p00_m3p00,J_20p00_m3p00,1
2645,31.000,-3.000,0.500,180.000,H_y-3.0_x20.0_40.0_rev,H_y-3.0_x20.0_40.0_rev,straight,bidirectional,J_40p00_m3p00,J_20p00_m3p00,1
2646,30.500,-3.000,0.500,180.000,H_y-3.0_x20.0_40.0_rev,H_y-3.0_x20.0_40.0_rev,straight,bidirectional,J_40p00_m3p00,J_20p00_m3p00,1
2647,30.000,-3.000,0.500,180.000,H_y-3.0_x20.0_40.0_rev,H_y-3.0_x20.0_40.0_rev,straight,bidirectional,J_40p00_m3p00,J_20p00_m3p00,1
2648,29.500,-3.000,0.500,180.000,H_y-3.0_x20.0_40.0_rev,H_y-3.0_x20.0_40.0_rev,straight,bidirectional,J_40p00_m3p00,J_20p00_m3p00,1
2649,29.000,-3.000,0.500,180.000,H_y-3.0_x20.0_40.0_rev,H_y-3.0_x20.0_40.0_rev,straight,bidirectional,J_40p00_m3p00,J_20p00_m3p00,1
2650,28.500,-3.000,0.500,180.000,H_y-3.0_x20.0_40.0_rev,H_y-3.0_x20.0_40.0_rev,straight,bidirectional,J_40p00_m3p00,J_20p00_m3p00,1
2651,28.000,-3.000,0.500,180.000,H_y-3.0_x20.0_40.0_rev,H_y-3.0_x20.0_40.0_rev,straight,bidirectional,J_40p00_m3p00,J_20p00_m3p00,1
2652,27.500,-3.000,0.500,180.000,H_y-3.0_x20.0_40.0_rev,H_y-3.0_x20.0_40.0_rev,straight,bidirectional,J_40p00_m3p00,J_20p00_m3p00,1
2653,27.000,-3.000,0.500,180.000,H_y-3.0_x20.0_40.0_rev,H_y-3.0_x20.0_40.0_rev,straight,bidirectional,J_40p00_m3p00,J_20p00_m3p00,1
2654,26.500,-3.000,0.500,180.000,H_y-3.0_x20.0_40.0_rev,H_y-3.0_x20.0_40.0_rev,straight,bidirectional,J_40p00_m3p00,J_20p00_m3p00,1
2655,26.000,-3.000,0.500,180.000,H_y-3.0_x20.0_40.0_rev,H_y-3.0_x20.0_40.0_rev,straight,bidirectional,J_40p00_m3p00,J_20p00_m3p00,1
2656,25.500,-3.000,0.500,180.000,H_y-3.0_x20.0_40.0_rev,H_y-3.0_x20.0_40.0_rev,straight,bidirectional,J_40p00_m3p00,J_20p00_m3p00,1
2657,25.000,-3.000,0.500,180.000,H_y-3.0_x20.0_40.0_rev,H_y-3.0_x20.0_40.0_rev,straight,bidirectional,J_40p00_m3p00,J_20p00_m3p00,1
2658,24.500,-3.000,0.500,180.000,H_y-3.0_x20.0_40.0_rev,H_y-3.0_x20.0_40.0_rev,straight,bidirectional,J_40p00_m3p00,J_20p00_m3p00,1
2659,24.000,-3.000,0.500,180.000,H_y-3.0_x20.0_40.0_rev,H_y-3.0_x20.0_40.0_rev,straight,bidirectional,J_40p00_m3p00,J_20p00_m3p00,1
2660,23.500,-3.000,0.500,180.000,H_y-3.0_x20.0_40.0_rev,H_y-3.0_x20.0_40.0_rev,straight,bidirectional,J_40p00_m3p00,J_20p00_m3p00,1
2661,23.000,-3.000,0.500,180.000,H_y-3.0_x20.0_40.0_rev,H_y-3.0_x20.0_40.0_rev,straight,bidirectional,J_40p00_m3p00,J_20p00_m3p00,1
2662,22.500,-3.000,0.500,180.000,H_y-3.0_x20.0_40.0_rev,H_y-3.0_x20.0_40.0_rev,straight,bidirectional,J_40p00_m3p00,J_20p00_m3p00,1
2663,22.000,-3.000,0.500,180.000,H_y-3.0_x20.0_40.0_rev,H_y-3.0_x20.0_40.0_rev,straight,bidirectional,J_40p00_m3p00,J_20p00_m3p00,1
2664,21.500,-3.000,0.500,180.000,H_y-3.0_x20.0_40.0_rev,H_y-3.0_x20.0_40.0_rev,straight,bidirectional,J_40p00_m3p00,J_20p00_m3p00,1
2665,21.000,-3.000,0.500,180.000,H_y-3.0_x20.0_40.0_rev,H_y-3.0_x20.0_40.0_rev,straight,bidirectional,J_40p00_m3p00,J_20p00_m3p00,1
2666,20.500,-3.000,0.500,180.000,H_y-3.0_x20.0_40.0_rev,H_y-3.0_x20.0_40.0_rev,straight,bidirectional,J_40p00_m3p00,J_20p00_m3p00,1
2667,20.000,-3.000,0.500,180.000,H_y-3.0_x20.0_40.0_rev,H_y-3.0_x20.0_40.0_rev,straight,bidirectional,J_40p00_m3p00,J_20p00_m3p00,0
2668,40.000,-3.000,0.500,-90.000,V_x40.0_y-34.0_-3.0_rev,V_x40.0_y-34.0_-3.0_rev,straight,bidirectional,J_40p00_m3p00,J_40p00_m34p00,1
2669,40.000,-3.500,0.500,-90.000,V_x40.0_y-34.0_-3.0_rev,V_x40.0_y-34.0_-3.0_rev,straight,bidirectional,J_40p00_m3p00,J_40p00_m34p00,1
2670,40.000,-4.000,0.500,-90.000,V_x40.0_y-34.0_-3.0_rev,V_x40.0_y-34.0_-3.0_rev,straight,bidirectional,J_40p00_m3p00,J_40p00_m34p00,1
2671,40.000,-4.500,0.500,-90.000,V_x40.0_y-34.0_-3.0_rev,V_x40.0_y-34.0_-3.0_rev,straight,bidirectional,J_40p00_m3p00,J_40p00_m34p00,1
2672,40.000,-5.000,0.500,-90.000,V_x40.0_y-34.0_-3.0_rev,V_x40.0_y-34.0_-3.0_rev,straight,bidirectional,J_40p00_m3p00,J_40p00_m34p00,1
2673,40.000,-5.500,0.500,-90.000,V_x40.0_y-34.0_-3.0_rev,V_x40.0_y-34.0_-3.0_rev,straight,bidirectional,J_40p00_m3p00,J_40p00_m34p00,1
2674,40.000,-6.000,0.500,-90.000,V_x40.0_y-34.0_-3.0_rev,V_x40.0_y-34.0_-3.0_rev,straight,bidirectional,J_40p00_m3p00,J_40p00_m34p00,1
2675,40.000,-6.500,0.500,-90.000,V_x40.0_y-34.0_-3.0_rev,V_x40.0_y-34.0_-3.0_rev,straight,bidirectional,J_40p00_m3p00,J_40p00_m34p00,1
2676,40.000,-7.000,0.500,-90.000,V_x40.0_y-34.0_-3.0_rev,V_x40.0_y-34.0_-3.0_rev,straight,bidirectional,J_40p00_m3p00,J_40p00_m34p00,1
2677,40.000,-7.500,0.500,-90.000,V_x40.0_y-34.0_-3.0_rev,V_x40.0_y-34.0_-3.0_rev,straight,bidirectional,J_40p00_m3p00,J_40p00_m34p00,1
2678,40.000,-8.000,0.500,-90.000,V_x40.0_y-34.0_-3.0_rev,V_x40.0_y-34.0_-3.0_rev,straight,bidirectional,J_40p00_m3p00,J_40p00_m34p00,1
2679,40.000,-8.500,0.500,-90.000,V_x40.0_y-34.0_-3.0_rev,V_x40.0_y-34.0_-3.0_rev,straight,bidirectional,J_40p00_m3p00,J_40p00_m34p00,1
2680,40.000,-9.000,0.500,-90.000,V_x40.0_y-34.0_-3.0_rev,V_x40.0_y-34.0_-3.0_rev,straight,bidirectional,J_40p00_m3p00,J_40p00_m34p00,1
2681,40.000,-9.500,0.500,-90.000,V_x40.0_y-34.0_-3.0_rev,V_x40.0_y-34.0_-3.0_rev,straight,bidirectional,J_40p00_m3p00,J_40p00_m34p00,1
2682,40.000,-10.000,0.500,-90.000,V_x40.0_y-34.0_-3.0_rev,V_x40.0_y-34.0_-3.0_rev,straight,bidirectional,J_40p00_m3p00,J_40p00_m34p00,1
2683,40.000,-10.500,0.500,-90.000,V_x40.0_y-34.0_-3.0_rev,V_x40.0_y-34.0_-3.0_rev,straight,bidirectional,J_40p00_m3p00,J_40p00_m34p00,1
2684,40.000,-11.000,0.500,-90.000,V_x40.0_y-34.0_-3.0_rev,V_x40.0_y-34.0_-3.0_rev,straight,bidirectional,J_40p00_m3p00,J_40p00_m34p00,1
2685,40.000,-11.500,0.500,-90.000,V_x40.0_y-34.0_-3.0_rev,V_x40.0_y-34.0_-3.0_rev,straight,bidirectional,J_40p00_m3p00,J_40p00_m34p00,1
2686,40.000,-12.000,0.500,-90.000,V_x40.0_y-34.0_-3.0_rev,V_x40.0_y-34.0_-3.0_rev,straight,bidirectional,J_40p00_m3p00,J_40p00_m34p00,1
2687,40.000,-12.500,0.500,-90.000,V_x40.0_y-34.0_-3.0_rev,V_x40.0_y-34.0_-3.0_rev,straight,bidirectional,J_40p00_m3p00,J_40p00_m34p00,1
2688,40.000,-13.000,0.500,-90.000,V_x40.0_y-34.0_-3.0_rev,V_x40.0_y-34.0_-3.0_rev,straight,bidirectional,J_40p00_m3p00,J_40p00_m34p00,1
2689,40.000,-13.500,0.500,-90.000,V_x40.0_y-34.0_-3.0_rev,V_x40.0_y-34.0_-3.0_rev,straight,bidirectional,J_40p00_m3p00,J_40p00_m34p00,1
2690,40.000,-14.000,0.500,-90.000,V_x40.0_y-34.0_-3.0_rev,V_x40.0_y-34.0_-3.0_rev,straight,bidirectional,J_40p00_m3p00,J_40p00_m34p00,1
2691,40.000,-14.500,0.500,-90.000,V_x40.0_y-34.0_-3.0_rev,V_x40.0_y-34.0_-3.0_rev,straight,bidirectional,J_40p00_m3p00,J_40p00_m34p00,1
2692,40.000,-15.000,0.500,-90.000,V_x40.0_y-34.0_-3.0_rev,V_x40.0_y-34.0_-3.0_rev,straight,bidirectional,J_40p00_m3p00,J_40p00_m34p00,1
2693,40.000,-15.500,0.500,-90.000,V_x40.0_y-34.0_-3.0_rev,V_x40.0_y-34.0_-3.0_rev,straight,bidirectional,J_40p00_m3p00,J_40p00_m34p00,1
2694,40.000,-16.000,0.500,-90.000,V_x40.0_y-34.0_-3.0_rev,V_x40.0_y-34.0_-3.0_rev,straight,bidirectional,J_40p00_m3p00,J_40p00_m34p00,1
2695,40.000,-16.500,0.500,-90.000,V_x40.0_y-34.0_-3.0_rev,V_x40.0_y-34.0_-3.0_rev,straight,bidirectional,J_40p00_m3p00,J_40p00_m34p00,1
2696,40.000,-17.000,0.500,-90.000,V_x40.0_y-34.0_-3.0_rev,V_x40.0_y-34.0_-3.0_rev,straight,bidirectional,J_40p00_m3p00,J_40p00_m34p00,1
2697,40.000,-17.500,0.500,-90.000,V_x40.0_y-34.0_-3.0_rev,V_x40.0_y-34.0_-3.0_rev,straight,bidirectional,J_40p00_m3p00,J_40p00_m34p00,1
2698,40.000,-18.000,0.500,-90.000,V_x40.0_y-34.0_-3.0_rev,V_x40.0_y-34.0_-3.0_rev,straight,bidirectional,J_40p00_m3p00,J_40p00_m34p00,1
2699,40.000,-18.500,0.500,-90.000,V_x40.0_y-34.0_-3.0_rev,V_x40.0_y-34.0_-3.0_rev,straight,bidirectional,J_40p00_m3p00,J_40p00_m34p00,1
2700,40.000,-19.000,0.500,-90.000,V_x40.0_y-34.0_-3.0_rev,V_x40.0_y-34.0_-3.0_rev,straight,bidirectional,J_40p00_m3p00,J_40p00_m34p00,1
2701,40.000,-19.500,0.500,-90.000,V_x40.0_y-34.0_-3.0_rev,V_x40.0_y-34.0_-3.0_rev,straight,bidirectional,J_40p00_m3p00,J_40p00_m34p00,1
2702,40.000,-20.000,0.500,-90.000,V_x40.0_y-34.0_-3.0_rev,V_x40.0_y-34.0_-3.0_rev,straight,bidirectional,J_40p00_m3p00,J_40p00_m34p00,1
2703,40.000,-20.500,0.500,-90.000,V_x40.0_y-34.0_-3.0_rev,V_x40.0_y-34.0_-3.0_rev,straight,bidirectional,J_40p00_m3p00,J_40p00_m34p00,1
2704,40.000,-21.000,0.500,-90.000,V_x40.0_y-34.0_-3.0_rev,V_x40.0_y-34.0_-3.0_rev,straight,bidirectional,J_40p00_m3p00,J_40p00_m34p00,1
2705,40.000,-21.500,0.500,-90.000,V_x40.0_y-34.0_-3.0_rev,V_x40.0_y-34.0_-3.0_rev,straight,bidirectional,J_40p00_m3p00,J_40p00_m34p00,1
2706,40.000,-22.000,0.500,-90.000,V_x40.0_y-34.0_-3.0_rev,V_x40.0_y-34.0_-3.0_rev,straight,bidirectional,J_40p00_m3p00,J_40p00_m34p00,1
2707,40.000,-22.500,0.500,-90.000,V_x40.0_y-34.0_-3.0_rev,V_x40.0_y-34.0_-3.0_rev,straight,bidirectional,J_40p00_m3p00,J_40p00_m34p00,1
2708,40.000,-23.000,0.500,-90.000,V_x40.0_y-34.0_-3.0_rev,V_x40.0_y-34.0_-3.0_rev,straight,bidirectional,J_40p00_m3p00,J_40p00_m34p00,1
2709,40.000,-23.500,0.500,-90.000,V_x40.0_y-34.0_-3.0_rev,V_x40.0_y-34.0_-3.0_rev,straight,bidirectional,J_40p00_m3p00,J_40p00_m34p00,1
2710,40.000,-24.000,0.500,-90.000,V_x40.0_y-34.0_-3.0_rev,V_x40.0_y-34.0_-3.0_rev,straight,bidirectional,J_40p00_m3p00,J_40p00_m34p00,1
2711,40.000,-24.500,0.500,-90.000,V_x40.0_y-34.0_-3.0_rev,V_x40.0_y-34.0_-3.0_rev,straight,bidirectional,J_40p00_m3p00,J_40p00_m34p00,1
2712,40.000,-25.000,0.500,-90.000,V_x40.0_y-34.0_-3.0_rev,V_x40.0_y-34.0_-3.0_rev,straight,bidirectional,J_40p00_m3p00,J_40p00_m34p00,1
2713,40.000,-25.500,0.500,-90.000,V_x40.0_y-34.0_-3.0_rev,V_x40.0_y-34.0_-3.0_rev,straight,bidirectional,J_40p00_m3p00,J_40p00_m34p00,1
2714,40.000,-26.000,0.500,-90.000,V_x40.0_y-34.0_-3.0_rev,V_x40.0_y-34.0_-3.0_rev,straight,bidirectional,J_40p00_m3p00,J_40p00_m34p00,1
2715,40.000,-26.500,0.500,-90.000,V_x40.0_y-34.0_-3.0_rev,V_x40.0_y-34.0_-3.0_rev,straight,bidirectional,J_40p00_m3p00,J_40p00_m34p00,1
2716,40.000,-27.000,0.500,-90.000,V_x40.0_y-34.0_-3.0_rev,V_x40.0_y-34.0_-3.0_rev,straight,bidirectional,J_40p00_m3p00,J_40p00_m34p00,1
2717,40.000,-27.500,0.500,-90.000,V_x40.0_y-34.0_-3.0_rev,V_x40.0_y-34.0_-3.0_rev,straight,bidirectional,J_40p00_m3p00,J_40p00_m34p00,1
2718,40.000,-28.000,0.500,-90.000,V_x40.0_y-34.0_-3.0_rev,V_x40.0_y-34.0_-3.0_rev,straight,bidirectional,J_40p00_m3p00,J_40p00_m34p00,1
2719,40.000,-28.500,0.500,-90.000,V_x40.0_y-34.0_-3.0_rev,V_x40.0_y-34.0_-3.0_rev,straight,bidirectional,J_40p00_m3p00,J_40p00_m34p00,1
2720,40.000,-29.000,0.500,-90.000,V_x40.0_y-34.0_-3.0_rev,V_x40.0_y-34.0_-3.0_rev,straight,bidirectional,J_40p00_m3p00,J_40p00_m34p00,1
2721,40.000,-29.500,0.500,-90.000,V_x40.0_y-34.0_-3.0_rev,V_x40.0_y-34.0_-3.0_rev,straight,bidirectional,J_40p00_m3p00,J_40p00_m34p00,1
2722,40.000,-30.000,0.500,-90.000,V_x40.0_y-34.0_-3.0_rev,V_x40.0_y-34.0_-3.0_rev,straight,bidirectional,J_40p00_m3p00,J_40p00_m34p00,1
2723,40.000,-30.500,0.500,-90.000,V_x40.0_y-34.0_-3.0_rev,V_x40.0_y-34.0_-3.0_rev,straight,bidirectional,J_40p00_m3p00,J_40p00_m34p00,1
2724,40.000,-31.000,0.500,-90.000,V_x40.0_y-34.0_-3.0_rev,V_x40.0_y-34.0_-3.0_rev,straight,bidirectional,J_40p00_m3p00,J_40p00_m34p00,1
2725,40.000,-31.500,0.500,-90.000,V_x40.0_y-34.0_-3.0_rev,V_x40.0_y-34.0_-3.0_rev,straight,bidirectional,J_40p00_m3p00,J_40p00_m34p00,1
2726,40.000,-32.000,0.500,-90.000,V_x40.0_y-34.0_-3.0_rev,V_x40.0_y-34.0_-3.0_rev,straight,bidirectional,J_40p00_m3p00,J_40p00_m34p00,1
2727,40.000,-32.500,0.500,-90.000,V_x40.0_y-34.0_-3.0_rev,V_x40.0_y-34.0_-3.0_rev,straight,bidirectional,J_40p00_m3p00,J_40p00_m34p00,1
2728,40.000,-33.000,0.500,-90.000,V_x40.0_y-34.0_-3.0_rev,V_x40.0_y-34.0_-3.0_rev,straight,bidirectional,J_40p00_m3p00,J_40p00_m34p00,1
2729,40.000,-33.500,0.500,-90.000,V_x40.0_y-34.0_-3.0_rev,V_x40.0_y-34.0_-3.0_rev,straight,bidirectional,J_40p00_m3p00,J_40p00_m34p00,1
2730,40.000,-34.000,0.500,-90.000,V_x40.0_y-34.0_-3.0_rev,V_x40.0_y-34.0_-3.0_rev,straight,bidirectional,J_40p00_m3p00,J_40p00_m34p00,0
2731,40.000,-3.000,0.500,90.000,V_x40.0_y-3.0_26.0_fwd,V_x40.0_y-3.0_26.0_fwd,straight,bidirectional,J_40p00_m3p00,J_40p00_26p00,1
2732,40.000,-2.500,0.500,90.000,V_x40.0_y-3.0_26.0_fwd,V_x40.0_y-3.0_26.0_fwd,straight,bidirectional,J_40p00_m3p00,J_40p00_26p00,1
2733,40.000,-2.000,0.500,90.000,V_x40.0_y-3.0_26.0_fwd,V_x40.0_y-3.0_26.0_fwd,straight,bidirectional,J_40p00_m3p00,J_40p00_26p00,1
2734,40.000,-1.500,0.500,90.000,V_x40.0_y-3.0_26.0_fwd,V_x40.0_y-3.0_26.0_fwd,straight,bidirectional,J_40p00_m3p00,J_40p00_26p00,1
2735,40.000,-1.000,0.500,90.000,V_x40.0_y-3.0_26.0_fwd,V_x40.0_y-3.0_26.0_fwd,straight,bidirectional,J_40p00_m3p00,J_40p00_26p00,1
2736,40.000,-0.500,0.500,90.000,V_x40.0_y-3.0_26.0_fwd,V_x40.0_y-3.0_26.0_fwd,straight,bidirectional,J_40p00_m3p00,J_40p00_26p00,1
2737,40.000,0.000,0.500,90.000,V_x40.0_y-3.0_26.0_fwd,V_x40.0_y-3.0_26.0_fwd,straight,bidirectional,J_40p00_m3p00,J_40p00_26p00,1
2738,40.000,0.500,0.500,90.000,V_x40.0_y-3.0_26.0_fwd,V_x40.0_y-3.0_26.0_fwd,straight,bidirectional,J_40p00_m3p00,J_40p00_26p00,1
2739,40.000,1.000,0.500,90.000,V_x40.0_y-3.0_26.0_fwd,V_x40.0_y-3.0_26.0_fwd,straight,bidirectional,J_40p00_m3p00,J_40p00_26p00,1
2740,40.000,1.500,0.500,90.000,V_x40.0_y-3.0_26.0_fwd,V_x40.0_y-3.0_26.0_fwd,straight,bidirectional,J_40p00_m3p00,J_40p00_26p00,1
2741,40.000,2.000,0.500,90.000,V_x40.0_y-3.0_26.0_fwd,V_x40.0_y-3.0_26.0_fwd,straight,bidirectional,J_40p00_m3p00,J_40p00_26p00,1
2742,40.000,2.500,0.500,90.000,V_x40.0_y-3.0_26.0_fwd,V_x40.0_y-3.0_26.0_fwd,straight,bidirectional,J_40p00_m3p00,J_40p00_26p00,1
2743,40.000,3.000,0.500,90.000,V_x40.0_y-3.0_26.0_fwd,V_x40.0_y-3.0_26.0_fwd,straight,bidirectional,J_40p00_m3p00,J_40p00_26p00,1
2744,40.000,3.500,0.500,90.000,V_x40.0_y-3.0_26.0_fwd,V_x40.0_y-3.0_26.0_fwd,straight,bidirectional,J_40p00_m3p00,J_40p00_26p00,1
2745,40.000,4.000,0.500,90.000,V_x40.0_y-3.0_26.0_fwd,V_x40.0_y-3.0_26.0_fwd,straight,bidirectional,J_40p00_m3p00,J_40p00_26p00,1
2746,40.000,4.500,0.500,90.000,V_x40.0_y-3.0_26.0_fwd,V_x40.0_y-3.0_26.0_fwd,straight,bidirectional,J_40p00_m3p00,J_40p00_26p00,1
2747,40.000,5.000,0.500,90.000,V_x40.0_y-3.0_26.0_fwd,V_x40.0_y-3.0_26.0_fwd,straight,bidirectional,J_40p00_m3p00,J_40p00_26p00,1
2748,40.000,5.500,0.500,90.000,V_x40.0_y-3.0_26.0_fwd,V_x40.0_y-3.0_26.0_fwd,straight,bidirectional,J_40p00_m3p00,J_40p00_26p00,1
2749,40.000,6.000,0.500,90.000,V_x40.0_y-3.0_26.0_fwd,V_x40.0_y-3.0_26.0_fwd,straight,bidirectional,J_40p00_m3p00,J_40p00_26p00,1
2750,40.000,6.500,0.500,90.000,V_x40.0_y-3.0_26.0_fwd,V_x40.0_y-3.0_26.0_fwd,straight,bidirectional,J_40p00_m3p00,J_40p00_26p00,1
2751,40.000,7.000,0.500,90.000,V_x40.0_y-3.0_26.0_fwd,V_x40.0_y-3.0_26.0_fwd,straight,bidirectional,J_40p00_m3p00,J_40p00_26p00,1
2752,40.000,7.500,0.500,90.000,V_x40.0_y-3.0_26.0_fwd,V_x40.0_y-3.0_26.0_fwd,straight,bidirectional,J_40p00_m3p00,J_40p00_26p00,1
2753,40.000,8.000,0.500,90.000,V_x40.0_y-3.0_26.0_fwd,V_x40.0_y-3.0_26.0_fwd,straight,bidirectional,J_40p00_m3p00,J_40p00_26p00,1
2754,40.000,8.500,0.500,90.000,V_x40.0_y-3.0_26.0_fwd,V_x40.0_y-3.0_26.0_fwd,straight,bidirectional,J_40p00_m3p00,J_40p00_26p00,1
2755,40.000,9.000,0.500,90.000,V_x40.0_y-3.0_26.0_fwd,V_x40.0_y-3.0_26.0_fwd,straight,bidirectional,J_40p00_m3p00,J_40p00_26p00,1
2756,40.000,9.500,0.500,90.000,V_x40.0_y-3.0_26.0_fwd,V_x40.0_y-3.0_26.0_fwd,straight,bidirectional,J_40p00_m3p00,J_40p00_26p00,1
2757,40.000,10.000,0.500,90.000,V_x40.0_y-3.0_26.0_fwd,V_x40.0_y-3.0_26.0_fwd,straight,bidirectional,J_40p00_m3p00,J_40p00_26p00,1
2758,40.000,10.500,0.500,90.000,V_x40.0_y-3.0_26.0_fwd,V_x40.0_y-3.0_26.0_fwd,straight,bidirectional,J_40p00_m3p00,J_40p00_26p00,1
2759,40.000,11.000,0.500,90.000,V_x40.0_y-3.0_26.0_fwd,V_x40.0_y-3.0_26.0_fwd,straight,bidirectional,J_40p00_m3p00,J_40p00_26p00,1
2760,40.000,11.500,0.500,90.000,V_x40.0_y-3.0_26.0_fwd,V_x40.0_y-3.0_26.0_fwd,straight,bidirectional,J_40p00_m3p00,J_40p00_26p00,1
2761,40.000,12.000,0.500,90.000,V_x40.0_y-3.0_26.0_fwd,V_x40.0_y-3.0_26.0_fwd,straight,bidirectional,J_40p00_m3p00,J_40p00_26p00,1
2762,40.000,12.500,0.500,90.000,V_x40.0_y-3.0_26.0_fwd,V_x40.0_y-3.0_26.0_fwd,straight,bidirectional,J_40p00_m3p00,J_40p00_26p00,1
2763,40.000,13.000,0.500,90.000,V_x40.0_y-3.0_26.0_fwd,V_x40.0_y-3.0_26.0_fwd,straight,bidirectional,J_40p00_m3p00,J_40p00_26p00,1
2764,40.000,13.500,0.500,90.000,V_x40.0_y-3.0_26.0_fwd,V_x40.0_y-3.0_26.0_fwd,straight,bidirectional,J_40p00_m3p00,J_40p00_26p00,1
2765,40.000,14.000,0.500,90.000,V_x40.0_y-3.0_26.0_fwd,V_x40.0_y-3.0_26.0_fwd,straight,bidirectional,J_40p00_m3p00,J_40p00_26p00,1
2766,40.000,14.500,0.500,90.000,V_x40.0_y-3.0_26.0_fwd,V_x40.0_y-3.0_26.0_fwd,straight,bidirectional,J_40p00_m3p00,J_40p00_26p00,1
2767,40.000,15.000,0.500,90.000,V_x40.0_y-3.0_26.0_fwd,V_x40.0_y-3.0_26.0_fwd,straight,bidirectional,J_40p00_m3p00,J_40p00_26p00,1
2768,40.000,15.500,0.500,90.000,V_x40.0_y-3.0_26.0_fwd,V_x40.0_y-3.0_26.0_fwd,straight,bidirectional,J_40p00_m3p00,J_40p00_26p00,1
2769,40.000,16.000,0.500,90.000,V_x40.0_y-3.0_26.0_fwd,V_x40.0_y-3.0_26.0_fwd,straight,bidirectional,J_40p00_m3p00,J_40p00_26p00,1
2770,40.000,16.500,0.500,90.000,V_x40.0_y-3.0_26.0_fwd,V_x40.0_y-3.0_26.0_fwd,straight,bidirectional,J_40p00_m3p00,J_40p00_26p00,1
2771,40.000,17.000,0.500,90.000,V_x40.0_y-3.0_26.0_fwd,V_x40.0_y-3.0_26.0_fwd,straight,bidirectional,J_40p00_m3p00,J_40p00_26p00,1
2772,40.000,17.500,0.500,90.000,V_x40.0_y-3.0_26.0_fwd,V_x40.0_y-3.0_26.0_fwd,straight,bidirectional,J_40p00_m3p00,J_40p00_26p00,1
2773,40.000,18.000,0.500,90.000,V_x40.0_y-3.0_26.0_fwd,V_x40.0_y-3.0_26.0_fwd,straight,bidirectional,J_40p00_m3p00,J_40p00_26p00,1
2774,40.000,18.500,0.500,90.000,V_x40.0_y-3.0_26.0_fwd,V_x40.0_y-3.0_26.0_fwd,straight,bidirectional,J_40p00_m3p00,J_40p00_26p00,1
2775,40.000,19.000,0.500,90.000,V_x40.0_y-3.0_26.0_fwd,V_x40.0_y-3.0_26.0_fwd,straight,bidirectional,J_40p00_m3p00,J_40p00_26p00,1
2776,40.000,19.500,0.500,90.000,V_x40.0_y-3.0_26.0_fwd,V_x40.0_y-3.0_26.0_fwd,straight,bidirectional,J_40p00_m3p00,J_40p00_26p00,1
2777,40.000,20.000,0.500,90.000,V_x40.0_y-3.0_26.0_fwd,V_x40.0_y-3.0_26.0_fwd,straight,bidirectional,J_40p00_m3p00,J_40p00_26p00,1
2778,40.000,20.500,0.500,90.000,V_x40.0_y-3.0_26.0_fwd,V_x40.0_y-3.0_26.0_fwd,straight,bidirectional,J_40p00_m3p00,J_40p00_26p00,1
2779,40.000,21.000,0.500,90.000,V_x40.0_y-3.0_26.0_fwd,V_x40.0_y-3.0_26.0_fwd,straight,bidirectional,J_40p00_m3p00,J_40p00_26p00,1
2780,40.000,21.500,0.500,90.000,V_x40.0_y-3.0_26.0_fwd,V_x40.0_y-3.0_26.0_fwd,straight,bidirectional,J_40p00_m3p00,J_40p00_26p00,1
2781,40.000,22.000,0.500,90.000,V_x40.0_y-3.0_26.0_fwd,V_x40.0_y-3.0_26.0_fwd,straight,bidirectional,J_40p00_m3p00,J_40p00_26p00,1
2782,40.000,22.500,0.500,90.000,V_x40.0_y-3.0_26.0_fwd,V_x40.0_y-3.0_26.0_fwd,straight,bidirectional,J_40p00_m3p00,J_40p00_26p00,1
2783,40.000,23.000,0.500,90.000,V_x40.0_y-3.0_26.0_fwd,V_x40.0_y-3.0_26.0_fwd,straight,bidirectional,J_40p00_m3p00,J_40p00_26p00,1
2784,40.000,23.500,0.500,90.000,V_x40.0_y-3.0_26.0_fwd,V_x40.0_y-3.0_26.0_fwd,straight,bidirectional,J_40p00_m3p00,J_40p00_26p00,1
2785,40.000,24.000,0.500,90.000,V_x40.0_y-3.0_26.0_fwd,V_x40.0_y-3.0_26.0_fwd,straight,bidirectional,J_40p00_m3p00,J_40p00_26p00,1
2786,40.000,24.500,0.500,90.000,V_x40.0_y-3.0_26.0_fwd,V_x40.0_y-3.0_26.0_fwd,straight,bidirectional,J_40p00_m3p00,J_40p00_26p00,1
2787,40.000,25.000,0.500,90.000,V_x40.0_y-3.0_26.0_fwd,V_x40.0_y-3.0_26.0_fwd,straight,bidirectional,J_40p00_m3p00,J_40p00_26p00,1
2788,40.000,25.500,0.500,90.000,V_x40.0_y-3.0_26.0_fwd,V_x40.0_y-3.0_26.0_fwd,straight,bidirectional,J_40p00_m3p00,J_40p00_26p00,1
2789,40.000,26.000,0.500,90.000,V_x40.0_y-3.0_26.0_fwd,V_x40.0_y-3.0_26.0_fwd,straight,bidirectional,J_40p00_m3p00,J_40p00_26p00,0
2790,40.000,-34.000,0.500,180.000,H_y-34.0_x20.0_40.0_rev,H_y-34.0_x20.0_40.0_rev,straight,bidirectional,J_40p00_m34p00,J_20p00_m34p00,1
2791,39.500,-34.000,0.500,180.000,H_y-34.0_x20.0_40.0_rev,H_y-34.0_x20.0_40.0_rev,straight,bidirectional,J_40p00_m34p00,J_20p00_m34p00,1
2792,39.000,-34.000,0.500,180.000,H_y-34.0_x20.0_40.0_rev,H_y-34.0_x20.0_40.0_rev,straight,bidirectional,J_40p00_m34p00,J_20p00_m34p00,1
2793,38.500,-34.000,0.500,180.000,H_y-34.0_x20.0_40.0_rev,H_y-34.0_x20.0_40.0_rev,straight,bidirectional,J_40p00_m34p00,J_20p00_m34p00,1
2794,38.000,-34.000,0.500,180.000,H_y-34.0_x20.0_40.0_rev,H_y-34.0_x20.0_40.0_rev,straight,bidirectional,J_40p00_m34p00,J_20p00_m34p00,1
2795,37.500,-34.000,0.500,180.000,H_y-34.0_x20.0_40.0_rev,H_y-34.0_x20.0_40.0_rev,straight,bidirectional,J_40p00_m34p00,J_20p00_m34p00,1
2796,37.000,-34.000,0.500,180.000,H_y-34.0_x20.0_40.0_rev,H_y-34.0_x20.0_40.0_rev,straight,bidirectional,J_40p00_m34p00,J_20p00_m34p00,1
2797,36.500,-34.000,0.500,180.000,H_y-34.0_x20.0_40.0_rev,H_y-34.0_x20.0_40.0_rev,straight,bidirectional,J_40p00_m34p00,J_20p00_m34p00,1
2798,36.000,-34.000,0.500,180.000,H_y-34.0_x20.0_40.0_rev,H_y-34.0_x20.0_40.0_rev,straight,bidirectional,J_40p00_m34p00,J_20p00_m34p00,1
2799,35.500,-34.000,0.500,180.000,H_y-34.0_x20.0_40.0_rev,H_y-34.0_x20.0_40.0_rev,straight,bidirectional,J_40p00_m34p00,J_20p00_m34p00,1
2800,35.000,-34.000,0.500,180.000,H_y-34.0_x20.0_40.0_rev,H_y-34.0_x20.0_40.0_rev,straight,bidirectional,J_40p00_m34p00,J_20p00_m34p00,1
2801,34.500,-34.000,0.500,180.000,H_y-34.0_x20.0_40.0_rev,H_y-34.0_x20.0_40.0_rev,straight,bidirectional,J_40p00_m34p00,J_20p00_m34p00,1
2802,34.000,-34.000,0.500,180.000,H_y-34.0_x20.0_40.0_rev,H_y-34.0_x20.0_40.0_rev,straight,bidirectional,J_40p00_m34p00,J_20p00_m34p00,1
2803,33.500,-34.000,0.500,180.000,H_y-34.0_x20.0_40.0_rev,H_y-34.0_x20.0_40.0_rev,straight,bidirectional,J_40p00_m34p00,J_20p00_m34p00,1
2804,33.000,-34.000,0.500,180.000,H_y-34.0_x20.0_40.0_rev,H_y-34.0_x20.0_40.0_rev,straight,bidirectional,J_40p00_m34p00,J_20p00_m34p00,1
2805,32.500,-34.000,0.500,180.000,H_y-34.0_x20.0_40.0_rev,H_y-34.0_x20.0_40.0_rev,straight,bidirectional,J_40p00_m34p00,J_20p00_m34p00,1
2806,32.000,-34.000,0.500,180.000,H_y-34.0_x20.0_40.0_rev,H_y-34.0_x20.0_40.0_rev,straight,bidirectional,J_40p00_m34p00,J_20p00_m34p00,1
2807,31.500,-34.000,0.500,180.000,H_y-34.0_x20.0_40.0_rev,H_y-34.0_x20.0_40.0_rev,straight,bidirectional,J_40p00_m34p00,J_20p00_m34p00,1
2808,31.000,-34.000,0.500,180.000,H_y-34.0_x20.0_40.0_rev,H_y-34.0_x20.0_40.0_rev,straight,bidirectional,J_40p00_m34p00,J_20p00_m34p00,1
2809,30.500,-34.000,0.500,180.000,H_y-34.0_x20.0_40.0_rev,H_y-34.0_x20.0_40.0_rev,straight,bidirectional,J_40p00_m34p00,J_20p00_m34p00,1
2810,30.000,-34.000,0.500,180.000,H_y-34.0_x20.0_40.0_rev,H_y-34.0_x20.0_40.0_rev,straight,bidirectional,J_40p00_m34p00,J_20p00_m34p00,1
2811,29.500,-34.000,0.500,180.000,H_y-34.0_x20.0_40.0_rev,H_y-34.0_x20.0_40.0_rev,straight,bidirectional,J_40p00_m34p00,J_20p00_m34p00,1
2812,29.000,-34.000,0.500,180.000,H_y-34.0_x20.0_40.0_rev,H_y-34.0_x20.0_40.0_rev,straight,bidirectional,J_40p00_m34p00,J_20p00_m34p00,1
2813,28.500,-34.000,0.500,180.000,H_y-34.0_x20.0_40.0_rev,H_y-34.0_x20.0_40.0_rev,straight,bidirectional,J_40p00_m34p00,J_20p00_m34p00,1
2814,28.000,-34.000,0.500,180.000,H_y-34.0_x20.0_40.0_rev,H_y-34.0_x20.0_40.0_rev,straight,bidirectional,J_40p00_m34p00,J_20p00_m34p00,1
2815,27.500,-34.000,0.500,180.000,H_y-34.0_x20.0_40.0_rev,H_y-34.0_x20.0_40.0_rev,straight,bidirectional,J_40p00_m34p00,J_20p00_m34p00,1
2816,27.000,-34.000,0.500,180.000,H_y-34.0_x20.0_40.0_rev,H_y-34.0_x20.0_40.0_rev,straight,bidirectional,J_40p00_m34p00,J_20p00_m34p00,1
2817,26.500,-34.000,0.500,180.000,H_y-34.0_x20.0_40.0_rev,H_y-34.0_x20.0_40.0_rev,straight,bidirectional,J_40p00_m34p00,J_20p00_m34p00,1
2818,26.000,-34.000,0.500,180.000,H_y-34.0_x20.0_40.0_rev,H_y-34.0_x20.0_40.0_rev,straight,bidirectional,J_40p00_m34p00,J_20p00_m34p00,1
2819,25.500,-34.000,0.500,180.000,H_y-34.0_x20.0_40.0_rev,H_y-34.0_x20.0_40.0_rev,straight,bidirectional,J_40p00_m34p00,J_20p00_m34p00,1
2820,25.000,-34.000,0.500,180.000,H_y-34.0_x20.0_40.0_rev,H_y-34.0_x20.0_40.0_rev,straight,bidirectional,J_40p00_m34p00,J_20p00_m34p00,1
2821,24.500,-34.000,0.500,180.000,H_y-34.0_x20.0_40.0_rev,H_y-34.0_x20.0_40.0_rev,straight,bidirectional,J_40p00_m34p00,J_20p00_m34p00,1
2822,24.000,-34.000,0.500,180.000,H_y-34.0_x20.0_40.0_rev,H_y-34.0_x20.0_40.0_rev,straight,bidirectional,J_40p00_m34p00,J_20p00_m34p00,1
2823,23.500,-34.000,0.500,180.000,H_y-34.0_x20.0_40.0_rev,H_y-34.0_x20.0_40.0_rev,straight,bidirectional,J_40p00_m34p00,J_20p00_m34p00,1
2824,23.000,-34.000,0.500,180.000,H_y-34.0_x20.0_40.0_rev,H_y-34.0_x20.0_40.0_rev,straight,bidirectional,J_40p00_m34p00,J_20p00_m34p00,1
2825,22.500,-34.000,0.500,180.000,H_y-34.0_x20.0_40.0_rev,H_y-34.0_x20.0_40.0_rev,straight,bidirectional,J_40p00_m34p00,J_20p00_m34p00,1
2826,22.000,-34.000,0.500,180.000,H_y-34.0_x20.0_40.0_rev,H_y-34.0_x20.0_40.0_rev,straight,bidirectional,J_40p00_m34p00,J_20p00_m34p00,1
2827,21.500,-34.000,0.500,180.000,H_y-34.0_x20.0_40.0_rev,H_y-34.0_x20.0_40.0_rev,straight,bidirectional,J_40p00_m34p00,J_20p00_m34p00,1
2828,21.000,-34.000,0.500,180.000,H_y-34.0_x20.0_40.0_rev,H_y-34.0_x20.0_40.0_rev,straight,bidirectional,J_40p00_m34p00,J_20p00_m34p00,1
2829,20.500,-34.000,0.500,180.000,H_y-34.0_x20.0_40.0_rev,H_y-34.0_x20.0_40.0_rev,straight,bidirectional,J_40p00_m34p00,J_20p00_m34p00,1
2830,20.000,-34.000,0.500,180.000,H_y-34.0_x20.0_40.0_rev,H_y-34.0_x20.0_40.0_rev,straight,bidirectional,J_40p00_m34p00,J_20p00_m34p00,0
2831,40.000,-34.000,0.500,90.000,V_x40.0_y-34.0_-3.0_fwd,V_x40.0_y-34.0_-3.0_fwd,straight,bidirectional,J_40p00_m34p00,J_40p00_m3p00,1
2832,40.000,-33.500,0.500,90.000,V_x40.0_y-34.0_-3.0_fwd,V_x40.0_y-34.0_-3.0_fwd,straight,bidirectional,J_40p00_m34p00,J_40p00_m3p00,1
2833,40.000,-33.000,0.500,90.000,V_x40.0_y-34.0_-3.0_fwd,V_x40.0_y-34.0_-3.0_fwd,straight,bidirectional,J_40p00_m34p00,J_40p00_m3p00,1
2834,40.000,-32.500,0.500,90.000,V_x40.0_y-34.0_-3.0_fwd,V_x40.0_y-34.0_-3.0_fwd,straight,bidirectional,J_40p00_m34p00,J_40p00_m3p00,1
2835,40.000,-32.000,0.500,90.000,V_x40.0_y-34.0_-3.0_fwd,V_x40.0_y-34.0_-3.0_fwd,straight,bidirectional,J_40p00_m34p00,J_40p00_m3p00,1
2836,40.000,-31.500,0.500,90.000,V_x40.0_y-34.0_-3.0_fwd,V_x40.0_y-34.0_-3.0_fwd,straight,bidirectional,J_40p00_m34p00,J_40p00_m3p00,1
2837,40.000,-31.000,0.500,90.000,V_x40.0_y-34.0_-3.0_fwd,V_x40.0_y-34.0_-3.0_fwd,straight,bidirectional,J_40p00_m34p00,J_40p00_m3p00,1
2838,40.000,-30.500,0.500,90.000,V_x40.0_y-34.0_-3.0_fwd,V_x40.0_y-34.0_-3.0_fwd,straight,bidirectional,J_40p00_m34p00,J_40p00_m3p00,1
2839,40.000,-30.000,0.500,90.000,V_x40.0_y-34.0_-3.0_fwd,V_x40.0_y-34.0_-3.0_fwd,straight,bidirectional,J_40p00_m34p00,J_40p00_m3p00,1
2840,40.000,-29.500,0.500,90.000,V_x40.0_y-34.0_-3.0_fwd,V_x40.0_y-34.0_-3.0_fwd,straight,bidirectional,J_40p00_m34p00,J_40p00_m3p00,1
2841,40.000,-29.000,0.500,90.000,V_x40.0_y-34.0_-3.0_fwd,V_x40.0_y-34.0_-3.0_fwd,straight,bidirectional,J_40p00_m34p00,J_40p00_m3p00,1
2842,40.000,-28.500,0.500,90.000,V_x40.0_y-34.0_-3.0_fwd,V_x40.0_y-34.0_-3.0_fwd,straight,bidirectional,J_40p00_m34p00,J_40p00_m3p00,1
2843,40.000,-28.000,0.500,90.000,V_x40.0_y-34.0_-3.0_fwd,V_x40.0_y-34.0_-3.0_fwd,straight,bidirectional,J_40p00_m34p00,J_40p00_m3p00,1
2844,40.000,-27.500,0.500,90.000,V_x40.0_y-34.0_-3.0_fwd,V_x40.0_y-34.0_-3.0_fwd,straight,bidirectional,J_40p00_m34p00,J_40p00_m3p00,1
2845,40.000,-27.000,0.500,90.000,V_x40.0_y-34.0_-3.0_fwd,V_x40.0_y-34.0_-3.0_fwd,straight,bidirectional,J_40p00_m34p00,J_40p00_m3p00,1
2846,40.000,-26.500,0.500,90.000,V_x40.0_y-34.0_-3.0_fwd,V_x40.0_y-34.0_-3.0_fwd,straight,bidirectional,J_40p00_m34p00,J_40p00_m3p00,1
2847,40.000,-26.000,0.500,90.000,V_x40.0_y-34.0_-3.0_fwd,V_x40.0_y-34.0_-3.0_fwd,straight,bidirectional,J_40p00_m34p00,J_40p00_m3p00,1
2848,40.000,-25.500,0.500,90.000,V_x40.0_y-34.0_-3.0_fwd,V_x40.0_y-34.0_-3.0_fwd,straight,bidirectional,J_40p00_m34p00,J_40p00_m3p00,1
2849,40.000,-25.000,0.500,90.000,V_x40.0_y-34.0_-3.0_fwd,V_x40.0_y-34.0_-3.0_fwd,straight,bidirectional,J_40p00_m34p00,J_40p00_m3p00,1
2850,40.000,-24.500,0.500,90.000,V_x40.0_y-34.0_-3.0_fwd,V_x40.0_y-34.0_-3.0_fwd,straight,bidirectional,J_40p00_m34p00,J_40p00_m3p00,1
2851,40.000,-24.000,0.500,90.000,V_x40.0_y-34.0_-3.0_fwd,V_x40.0_y-34.0_-3.0_fwd,straight,bidirectional,J_40p00_m34p00,J_40p00_m3p00,1
2852,40.000,-23.500,0.500,90.000,V_x40.0_y-34.0_-3.0_fwd,V_x40.0_y-34.0_-3.0_fwd,straight,bidirectional,J_40p00_m34p00,J_40p00_m3p00,1
2853,40.000,-23.000,0.500,90.000,V_x40.0_y-34.0_-3.0_fwd,V_x40.0_y-34.0_-3.0_fwd,straight,bidirectional,J_40p00_m34p00,J_40p00_m3p00,1
2854,40.000,-22.500,0.500,90.000,V_x40.0_y-34.0_-3.0_fwd,V_x40.0_y-34.0_-3.0_fwd,straight,bidirectional,J_40p00_m34p00,J_40p00_m3p00,1
2855,40.000,-22.000,0.500,90.000,V_x40.0_y-34.0_-3.0_fwd,V_x40.0_y-34.0_-3.0_fwd,straight,bidirectional,J_40p00_m34p00,J_40p00_m3p00,1
2856,40.000,-21.500,0.500,90.000,V_x40.0_y-34.0_-3.0_fwd,V_x40.0_y-34.0_-3.0_fwd,straight,bidirectional,J_40p00_m34p00,J_40p00_m3p00,1
2857,40.000,-21.000,0.500,90.000,V_x40.0_y-34.0_-3.0_fwd,V_x40.0_y-34.0_-3.0_fwd,straight,bidirectional,J_40p00_m34p00,J_40p00_m3p00,1
2858,40.000,-20.500,0.500,90.000,V_x40.0_y-34.0_-3.0_fwd,V_x40.0_y-34.0_-3.0_fwd,straight,bidirectional,J_40p00_m34p00,J_40p00_m3p00,1
2859,40.000,-20.000,0.500,90.000,V_x40.0_y-34.0_-3.0_fwd,V_x40.0_y-34.0_-3.0_fwd,straight,bidirectional,J_40p00_m34p00,J_40p00_m3p00,1
2860,40.000,-19.500,0.500,90.000,V_x40.0_y-34.0_-3.0_fwd,V_x40.0_y-34.0_-3.0_fwd,straight,bidirectional,J_40p00_m34p00,J_40p00_m3p00,1
2861,40.000,-19.000,0.500,90.000,V_x40.0_y-34.0_-3.0_fwd,V_x40.0_y-34.0_-3.0_fwd,straight,bidirectional,J_40p00_m34p00,J_40p00_m3p00,1
2862,40.000,-18.500,0.500,90.000,V_x40.0_y-34.0_-3.0_fwd,V_x40.0_y-34.0_-3.0_fwd,straight,bidirectional,J_40p00_m34p00,J_40p00_m3p00,1
2863,40.000,-18.000,0.500,90.000,V_x40.0_y-34.0_-3.0_fwd,V_x40.0_y-34.0_-3.0_fwd,straight,bidirectional,J_40p00_m34p00,J_40p00_m3p00,1
2864,40.000,-17.500,0.500,90.000,V_x40.0_y-34.0_-3.0_fwd,V_x40.0_y-34.0_-3.0_fwd,straight,bidirectional,J_40p00_m34p00,J_40p00_m3p00,1
2865,40.000,-17.000,0.500,90.000,V_x40.0_y-34.0_-3.0_fwd,V_x40.0_y-34.0_-3.0_fwd,straight,bidirectional,J_40p00_m34p00,J_40p00_m3p00,1
2866,40.000,-16.500,0.500,90.000,V_x40.0_y-34.0_-3.0_fwd,V_x40.0_y-34.0_-3.0_fwd,straight,bidirectional,J_40p00_m34p00,J_40p00_m3p00,1
2867,40.000,-16.000,0.500,90.000,V_x40.0_y-34.0_-3.0_fwd,V_x40.0_y-34.0_-3.0_fwd,straight,bidirectional,J_40p00_m34p00,J_40p00_m3p00,1
2868,40.000,-15.500,0.500,90.000,V_x40.0_y-34.0_-3.0_fwd,V_x40.0_y-34.0_-3.0_fwd,straight,bidirectional,J_40p00_m34p00,J_40p00_m3p00,1
2869,40.000,-15.000,0.500,90.000,V_x40.0_y-34.0_-3.0_fwd,V_x40.0_y-34.0_-3.0_fwd,straight,bidirectional,J_40p00_m34p00,J_40p00_m3p00,1
2870,40.000,-14.500,0.500,90.000,V_x40.0_y-34.0_-3.0_fwd,V_x40.0_y-34.0_-3.0_fwd,straight,bidirectional,J_40p00_m34p00,J_40p00_m3p00,1
2871,40.000,-14.000,0.500,90.000,V_x40.0_y-34.0_-3.0_fwd,V_x40.0_y-34.0_-3.0_fwd,straight,bidirectional,J_40p00_m34p00,J_40p00_m3p00,1
2872,40.000,-13.500,0.500,90.000,V_x40.0_y-34.0_-3.0_fwd,V_x40.0_y-34.0_-3.0_fwd,straight,bidirectional,J_40p00_m34p00,J_40p00_m3p00,1
2873,40.000,-13.000,0.500,90.000,V_x40.0_y-34.0_-3.0_fwd,V_x40.0_y-34.0_-3.0_fwd,straight,bidirectional,J_40p00_m34p00,J_40p00_m3p00,1
2874,40.000,-12.500,0.500,90.000,V_x40.0_y-34.0_-3.0_fwd,V_x40.0_y-34.0_-3.0_fwd,straight,bidirectional,J_40p00_m34p00,J_40p00_m3p00,1
2875,40.000,-12.000,0.500,90.000,V_x40.0_y-34.0_-3.0_fwd,V_x40.0_y-34.0_-3.0_fwd,straight,bidirectional,J_40p00_m34p00,J_40p00_m3p00,1
2876,40.000,-11.500,0.500,90.000,V_x40.0_y-34.0_-3.0_fwd,V_x40.0_y-34.0_-3.0_fwd,straight,bidirectional,J_40p00_m34p00,J_40p00_m3p00,1
2877,40.000,-11.000,0.500,90.000,V_x40.0_y-34.0_-3.0_fwd,V_x40.0_y-34.0_-3.0_fwd,straight,bidirectional,J_40p00_m34p00,J_40p00_m3p00,1
2878,40.000,-10.500,0.500,90.000,V_x40.0_y-34.0_-3.0_fwd,V_x40.0_y-34.0_-3.0_fwd,straight,bidirectional,J_40p00_m34p00,J_40p00_m3p00,1
2879,40.000,-10.000,0.500,90.000,V_x40.0_y-34.0_-3.0_fwd,V_x40.0_y-34.0_-3.0_fwd,straight,bidirectional,J_40p00_m34p00,J_40p00_m3p00,1
2880,40.000,-9.500,0.500,90.000,V_x40.0_y-34.0_-3.0_fwd,V_x40.0_y-34.0_-3.0_fwd,straight,bidirectional,J_40p00_m34p00,J_40p00_m3p00,1
2881,40.000,-9.000,0.500,90.000,V_x40.0_y-34.0_-3.0_fwd,V_x40.0_y-34.0_-3.0_fwd,straight,bidirectional,J_40p00_m34p00,J_40p00_m3p00,1
2882,40.000,-8.500,0.500,90.000,V_x40.0_y-34.0_-3.0_fwd,V_x40.0_y-34.0_-3.0_fwd,straight,bidirectional,J_40p00_m34p00,J_40p00_m3p00,1
2883,40.000,-8.000,0.500,90.000,V_x40.0_y-34.0_-3.0_fwd,V_x40.0_y-34.0_-3.0_fwd,straight,bidirectional,J_40p00_m34p00,J_40p00_m3p00,1
2884,40.000,-7.500,0.500,90.000,V_x40.0_y-34.0_-3.0_fwd,V_x40.0_y-34.0_-3.0_fwd,straight,bidirectional,J_40p00_m34p00,J_40p00_m3p00,1
2885,40.000,-7.000,0.500,90.000,V_x40.0_y-34.0_-3.0_fwd,V_x40.0_y-34.0_-3.0_fwd,straight,bidirectional,J_40p00_m34p00,J_40p00_m3p00,1
2886,40.000,-6.500,0.500,90.000,V_x40.0_y-34.0_-3.0_fwd,V_x40.0_y-34.0_-3.0_fwd,straight,bidirectional,J_40p00_m34p00,J_40p00_m3p00,1
2887,40.000,-6.000,0.500,90.000,V_x40.0_y-34.0_-3.0_fwd,V_x40.0_y-34.0_-3.0_fwd,straight,bidirectional,J_40p00_m34p00,J_40p00_m3p00,1
2888,40.000,-5.500,0.500,90.000,V_x40.0_y-34.0_-3.0_fwd,V_x40.0_y-34.0_-3.0_fwd,straight,bidirectional,J_40p00_m34p00,J_40p00_m3p00,1
2889,40.000,-5.000,0.500,90.000,V_x40.0_y-34.0_-3.0_fwd,V_x40.0_y-34.0_-3.0_fwd,straight,bidirectional,J_40p00_m34p00,J_40p00_m3p00,1
2890,40.000,-4.500,0.500,90.000,V_x40.0_y-34.0_-3.0_fwd,V_x40.0_y-34.0_-3.0_fwd,straight,bidirectional,J_40p00_m34p00,J_40p00_m3p00,1
2891,40.000,-4.000,0.500,90.000,V_x40.0_y-34.0_-3.0_fwd,V_x40.0_y-34.0_-3.0_fwd,straight,bidirectional,J_40p00_m34p00,J_40p00_m3p00,1
2892,40.000,-3.500,0.500,90.000,V_x40.0_y-34.0_-3.0_fwd,V_x40.0_y-34.0_-3.0_fwd,straight,bidirectional,J_40p00_m34p00,J_40p00_m3p00,1
2893,40.000,-3.000,0.500,90.000,V_x40.0_y-34.0_-3.0_fwd,V_x40.0_y-34.0_-3.0_fwd,straight,bidirectional,J_40p00_m34p00,J_40p00_m3p00,0
2894,40.000,-34.000,0.500,90.000,outer_bottom_right_conn0_rev,outer_bottom_right_conn0_rev,arc_connector,bidirectional,J_40p00_m34p00,ARC_40p00_m30p00,1
2895,40.000,-33.500,0.500,90.000,outer_bottom_right_conn0_rev,outer_bottom_right_conn0_rev,arc_connector,bidirectional,J_40p00_m34p00,ARC_40p00_m30p00,1
2896,40.000,-33.000,0.500,90.000,outer_bottom_right_conn0_rev,outer_bottom_right_conn0_rev,arc_connector,bidirectional,J_40p00_m34p00,ARC_40p00_m30p00,1
2897,40.000,-32.500,0.500,90.000,outer_bottom_right_conn0_rev,outer_bottom_right_conn0_rev,arc_connector,bidirectional,J_40p00_m34p00,ARC_40p00_m30p00,1
2898,40.000,-32.000,0.500,90.000,outer_bottom_right_conn0_rev,outer_bottom_right_conn0_rev,arc_connector,bidirectional,J_40p00_m34p00,ARC_40p00_m30p00,1
2899,40.000,-31.500,0.500,90.000,outer_bottom_right_conn0_rev,outer_bottom_right_conn0_rev,arc_connector,bidirectional,J_40p00_m34p00,ARC_40p00_m30p00,1
2900,40.000,-31.000,0.500,90.000,outer_bottom_right_conn0_rev,outer_bottom_right_conn0_rev,arc_connector,bidirectional,J_40p00_m34p00,ARC_40p00_m30p00,1
2901,40.000,-30.500,0.500,90.000,outer_bottom_right_conn0_rev,outer_bottom_right_conn0_rev,arc_connector,bidirectional,J_40p00_m34p00,ARC_40p00_m30p00,1
2902,40.000,-30.000,0.500,90.000,outer_bottom_right_conn0_rev,outer_bottom_right_conn0_rev,arc_connector,bidirectional,J_40p00_m34p00,ARC_40p00_m30p00,0
2903,40.000,-34.000,0.500,180.000,outer_bottom_right_conn1_rev,outer_bottom_right_conn1_rev,arc_connector,bidirectional,J_40p00_m34p00,ARC_36p00_m34p00,1
2904,39.500,-34.000,0.500,180.000,outer_bottom_right_conn1_rev,outer_bottom_right_conn1_rev,arc_connector,bidirectional,J_40p00_m34p00,ARC_36p00_m34p00,1
2905,39.000,-34.000,0.500,180.000,outer_bottom_right_conn1_rev,outer_bottom_right_conn1_rev,arc_connector,bidirectional,J_40p00_m34p00,ARC_36p00_m34p00,1
2906,38.500,-34.000,0.500,180.000,outer_bottom_right_conn1_rev,outer_bottom_right_conn1_rev,arc_connector,bidirectional,J_40p00_m34p00,ARC_36p00_m34p00,1
2907,38.000,-34.000,0.500,180.000,outer_bottom_right_conn1_rev,outer_bottom_right_conn1_rev,arc_connector,bidirectional,J_40p00_m34p00,ARC_36p00_m34p00,1
2908,37.500,-34.000,0.500,180.000,outer_bottom_right_conn1_rev,outer_bottom_right_conn1_rev,arc_connector,bidirectional,J_40p00_m34p00,ARC_36p00_m34p00,1
2909,37.000,-34.000,0.500,180.000,outer_bottom_right_conn1_rev,outer_bottom_right_conn1_rev,arc_connector,bidirectional,J_40p00_m34p00,ARC_36p00_m34p00,1
2910,36.500,-34.000,0.500,180.000,outer_bottom_right_conn1_rev,outer_bottom_right_conn1_rev,arc_connector,bidirectional,J_40p00_m34p00,ARC_36p00_m34p00,1
2911,36.000,-34.000,0.500,180.000,outer_bottom_right_conn1_rev,outer_bottom_right_conn1_rev,arc_connector,bidirectional,J_40p00_m34p00,ARC_36p00_m34p00,0
2912,2.000,-52.000,0.500,90.000,ENTRY_x2.0_fwd,ENTRY_x2.0_fwd,entry_road,bidirectional,ENTRY_2p00_m52p00,ENTRY_2p00_m34p00,1
2913,2.000,-51.500,0.500,90.000,ENTRY_x2.0_fwd,ENTRY_x2.0_fwd,entry_road,bidirectional,ENTRY_2p00_m52p00,ENTRY_2p00_m34p00,1
2914,2.000,-51.000,0.500,90.000,ENTRY_x2.0_fwd,ENTRY_x2.0_fwd,entry_road,bidirectional,ENTRY_2p00_m52p00,ENTRY_2p00_m34p00,1
2915,2.000,-50.500,0.500,90.000,ENTRY_x2.0_fwd,ENTRY_x2.0_fwd,entry_road,bidirectional,ENTRY_2p00_m52p00,ENTRY_2p00_m34p00,1
2916,2.000,-50.000,0.500,90.000,ENTRY_x2.0_fwd,ENTRY_x2.0_fwd,entry_road,bidirectional,ENTRY_2p00_m52p00,ENTRY_2p00_m34p00,1
2917,2.000,-49.500,0.500,90.000,ENTRY_x2.0_fwd,ENTRY_x2.0_fwd,entry_road,bidirectional,ENTRY_2p00_m52p00,ENTRY_2p00_m34p00,1
2918,2.000,-49.000,0.500,90.000,ENTRY_x2.0_fwd,ENTRY_x2.0_fwd,entry_road,bidirectional,ENTRY_2p00_m52p00,ENTRY_2p00_m34p00,1
2919,2.000,-48.500,0.500,90.000,ENTRY_x2.0_fwd,ENTRY_x2.0_fwd,entry_road,bidirectional,ENTRY_2p00_m52p00,ENTRY_2p00_m34p00,1
2920,2.000,-48.000,0.500,90.000,ENTRY_x2.0_fwd,ENTRY_x2.0_fwd,entry_road,bidirectional,ENTRY_2p00_m52p00,ENTRY_2p00_m34p00,1
2921,2.000,-47.500,0.500,90.000,ENTRY_x2.0_fwd,ENTRY_x2.0_fwd,entry_road,bidirectional,ENTRY_2p00_m52p00,ENTRY_2p00_m34p00,1
2922,2.000,-47.000,0.500,90.000,ENTRY_x2.0_fwd,ENTRY_x2.0_fwd,entry_road,bidirectional,ENTRY_2p00_m52p00,ENTRY_2p00_m34p00,1
2923,2.000,-46.500,0.500,90.000,ENTRY_x2.0_fwd,ENTRY_x2.0_fwd,entry_road,bidirectional,ENTRY_2p00_m52p00,ENTRY_2p00_m34p00,1
2924,2.000,-46.000,0.500,90.000,ENTRY_x2.0_fwd,ENTRY_x2.0_fwd,entry_road,bidirectional,ENTRY_2p00_m52p00,ENTRY_2p00_m34p00,1
2925,2.000,-45.500,0.500,90.000,ENTRY_x2.0_fwd,ENTRY_x2.0_fwd,entry_road,bidirectional,ENTRY_2p00_m52p00,ENTRY_2p00_m34p00,1
2926,2.000,-45.000,0.500,90.000,ENTRY_x2.0_fwd,ENTRY_x2.0_fwd,entry_road,bidirectional,ENTRY_2p00_m52p00,ENTRY_2p00_m34p00,1
2927,2.000,-44.500,0.500,90.000,ENTRY_x2.0_fwd,ENTRY_x2.0_fwd,entry_road,bidirectional,ENTRY_2p00_m52p00,ENTRY_2p00_m34p00,1
2928,2.000,-44.000,0.500,90.000,ENTRY_x2.0_fwd,ENTRY_x2.0_fwd,entry_road,bidirectional,ENTRY_2p00_m52p00,ENTRY_2p00_m34p00,1
2929,2.000,-43.500,0.500,90.000,ENTRY_x2.0_fwd,ENTRY_x2.0_fwd,entry_road,bidirectional,ENTRY_2p00_m52p00,ENTRY_2p00_m34p00,1
2930,2.000,-43.000,0.500,90.000,ENTRY_x2.0_fwd,ENTRY_x2.0_fwd,entry_road,bidirectional,ENTRY_2p00_m52p00,ENTRY_2p00_m34p00,1
2931,2.000,-42.500,0.500,90.000,ENTRY_x2.0_fwd,ENTRY_x2.0_fwd,entry_road,bidirectional,ENTRY_2p00_m52p00,ENTRY_2p00_m34p00,1
2932,2.000,-42.000,0.500,90.000,ENTRY_x2.0_fwd,ENTRY_x2.0_fwd,entry_road,bidirectional,ENTRY_2p00_m52p00,ENTRY_2p00_m34p00,1
2933,2.000,-41.500,0.500,90.000,ENTRY_x2.0_fwd,ENTRY_x2.0_fwd,entry_road,bidirectional,ENTRY_2p00_m52p00,ENTRY_2p00_m34p00,1
2934,2.000,-41.000,0.500,90.000,ENTRY_x2.0_fwd,ENTRY_x2.0_fwd,entry_road,bidirectional,ENTRY_2p00_m52p00,ENTRY_2p00_m34p00,1
2935,2.000,-40.500,0.500,90.000,ENTRY_x2.0_fwd,ENTRY_x2.0_fwd,entry_road,bidirectional,ENTRY_2p00_m52p00,ENTRY_2p00_m34p00,1
2936,2.000,-40.000,0.500,90.000,ENTRY_x2.0_fwd,ENTRY_x2.0_fwd,entry_road,bidirectional,ENTRY_2p00_m52p00,ENTRY_2p00_m34p00,1
2937,2.000,-39.500,0.500,90.000,ENTRY_x2.0_fwd,ENTRY_x2.0_fwd,entry_road,bidirectional,ENTRY_2p00_m52p00,ENTRY_2p00_m34p00,1
2938,2.000,-39.000,0.500,90.000,ENTRY_x2.0_fwd,ENTRY_x2.0_fwd,entry_road,bidirectional,ENTRY_2p00_m52p00,ENTRY_2p00_m34p00,1
2939,2.000,-38.500,0.500,90.000,ENTRY_x2.0_fwd,ENTRY_x2.0_fwd,entry_road,bidirectional,ENTRY_2p00_m52p00,ENTRY_2p00_m34p00,1
2940,2.000,-38.000,0.500,90.000,ENTRY_x2.0_fwd,ENTRY_x2.0_fwd,entry_road,bidirectional,ENTRY_2p00_m52p00,ENTRY_2p00_m34p00,1
2941,2.000,-37.500,0.500,90.000,ENTRY_x2.0_fwd,ENTRY_x2.0_fwd,entry_road,bidirectional,ENTRY_2p00_m52p00,ENTRY_2p00_m34p00,1
2942,2.000,-37.000,0.500,90.000,ENTRY_x2.0_fwd,ENTRY_x2.0_fwd,entry_road,bidirectional,ENTRY_2p00_m52p00,ENTRY_2p00_m34p00,1
2943,2.000,-36.500,0.500,90.000,ENTRY_x2.0_fwd,ENTRY_x2.0_fwd,entry_road,bidirectional,ENTRY_2p00_m52p00,ENTRY_2p00_m34p00,1
2944,2.000,-36.000,0.500,90.000,ENTRY_x2.0_fwd,ENTRY_x2.0_fwd,entry_road,bidirectional,ENTRY_2p00_m52p00,ENTRY_2p00_m34p00,1
2945,2.000,-35.500,0.500,90.000,ENTRY_x2.0_fwd,ENTRY_x2.0_fwd,entry_road,bidirectional,ENTRY_2p00_m52p00,ENTRY_2p00_m34p00,1
2946,2.000,-35.000,0.500,90.000,ENTRY_x2.0_fwd,ENTRY_x2.0_fwd,entry_road,bidirectional,ENTRY_2p00_m52p00,ENTRY_2p00_m34p00,1
2947,2.000,-34.500,0.500,90.000,ENTRY_x2.0_fwd,ENTRY_x2.0_fwd,entry_road,bidirectional,ENTRY_2p00_m52p00,ENTRY_2p00_m34p00,1
2948,2.000,-34.000,0.500,90.000,ENTRY_x2.0_fwd,ENTRY_x2.0_fwd,entry_road,bidirectional,ENTRY_2p00_m52p00,ENTRY_2p00_m34p00,0
2949,2.000,-34.000,0.500,-90.000,ENTRY_x2.0_rev,ENTRY_x2.0_rev,entry_road,bidirectional,ENTRY_2p00_m34p00,ENTRY_2p00_m52p00,1
2950,2.000,-34.500,0.500,-90.000,ENTRY_x2.0_rev,ENTRY_x2.0_rev,entry_road,bidirectional,ENTRY_2p00_m34p00,ENTRY_2p00_m52p00,1
2951,2.000,-35.000,0.500,-90.000,ENTRY_x2.0_rev,ENTRY_x2.0_rev,entry_road,bidirectional,ENTRY_2p00_m34p00,ENTRY_2p00_m52p00,1
2952,2.000,-35.500,0.500,-90.000,ENTRY_x2.0_rev,ENTRY_x2.0_rev,entry_road,bidirectional,ENTRY_2p00_m34p00,ENTRY_2p00_m52p00,1
2953,2.000,-36.000,0.500,-90.000,ENTRY_x2.0_rev,ENTRY_x2.0_rev,entry_road,bidirectional,ENTRY_2p00_m34p00,ENTRY_2p00_m52p00,1
2954,2.000,-36.500,0.500,-90.000,ENTRY_x2.0_rev,ENTRY_x2.0_rev,entry_road,bidirectional,ENTRY_2p00_m34p00,ENTRY_2p00_m52p00,1
2955,2.000,-37.000,0.500,-90.000,ENTRY_x2.0_rev,ENTRY_x2.0_rev,entry_road,bidirectional,ENTRY_2p00_m34p00,ENTRY_2p00_m52p00,1
2956,2.000,-37.500,0.500,-90.000,ENTRY_x2.0_rev,ENTRY_x2.0_rev,entry_road,bidirectional,ENTRY_2p00_m34p00,ENTRY_2p00_m52p00,1
2957,2.000,-38.000,0.500,-90.000,ENTRY_x2.0_rev,ENTRY_x2.0_rev,entry_road,bidirectional,ENTRY_2p00_m34p00,ENTRY_2p00_m52p00,1
2958,2.000,-38.500,0.500,-90.000,ENTRY_x2.0_rev,ENTRY_x2.0_rev,entry_road,bidirectional,ENTRY_2p00_m34p00,ENTRY_2p00_m52p00,1
2959,2.000,-39.000,0.500,-90.000,ENTRY_x2.0_rev,ENTRY_x2.0_rev,entry_road,bidirectional,ENTRY_2p00_m34p00,ENTRY_2p00_m52p00,1
2960,2.000,-39.500,0.500,-90.000,ENTRY_x2.0_rev,ENTRY_x2.0_rev,entry_road,bidirectional,ENTRY_2p00_m34p00,ENTRY_2p00_m52p00,1
2961,2.000,-40.000,0.500,-90.000,ENTRY_x2.0_rev,ENTRY_x2.0_rev,entry_road,bidirectional,ENTRY_2p00_m34p00,ENTRY_2p00_m52p00,1
2962,2.000,-40.500,0.500,-90.000,ENTRY_x2.0_rev,ENTRY_x2.0_rev,entry_road,bidirectional,ENTRY_2p00_m34p00,ENTRY_2p00_m52p00,1
2963,2.000,-41.000,0.500,-90.000,ENTRY_x2.0_rev,ENTRY_x2.0_rev,entry_road,bidirectional,ENTRY_2p00_m34p00,ENTRY_2p00_m52p00,1
2964,2.000,-41.500,0.500,-90.000,ENTRY_x2.0_rev,ENTRY_x2.0_rev,entry_road,bidirectional,ENTRY_2p00_m34p00,ENTRY_2p00_m52p00,1
2965,2.000,-42.000,0.500,-90.000,ENTRY_x2.0_rev,ENTRY_x2.0_rev,entry_road,bidirectional,ENTRY_2p00_m34p00,ENTRY_2p00_m52p00,1
2966,2.000,-42.500,0.500,-90.000,ENTRY_x2.0_rev,ENTRY_x2.0_rev,entry_road,bidirectional,ENTRY_2p00_m34p00,ENTRY_2p00_m52p00,1
2967,2.000,-43.000,0.500,-90.000,ENTRY_x2.0_rev,ENTRY_x2.0_rev,entry_road,bidirectional,ENTRY_2p00_m34p00,ENTRY_2p00_m52p00,1
2968,2.000,-43.500,0.500,-90.000,ENTRY_x2.0_rev,ENTRY_x2.0_rev,entry_road,bidirectional,ENTRY_2p00_m34p00,ENTRY_2p00_m52p00,1
2969,2.000,-44.000,0.500,-90.000,ENTRY_x2.0_rev,ENTRY_x2.0_rev,entry_road,bidirectional,ENTRY_2p00_m34p00,ENTRY_2p00_m52p00,1
2970,2.000,-44.500,0.500,-90.000,ENTRY_x2.0_rev,ENTRY_x2.0_rev,entry_road,bidirectional,ENTRY_2p00_m34p00,ENTRY_2p00_m52p00,1
2971,2.000,-45.000,0.500,-90.000,ENTRY_x2.0_rev,ENTRY_x2.0_rev,entry_road,bidirectional,ENTRY_2p00_m34p00,ENTRY_2p00_m52p00,1
2972,2.000,-45.500,0.500,-90.000,ENTRY_x2.0_rev,ENTRY_x2.0_rev,entry_road,bidirectional,ENTRY_2p00_m34p00,ENTRY_2p00_m52p00,1
2973,2.000,-46.000,0.500,-90.000,ENTRY_x2.0_rev,ENTRY_x2.0_rev,entry_road,bidirectional,ENTRY_2p00_m34p00,ENTRY_2p00_m52p00,1
2974,2.000,-46.500,0.500,-90.000,ENTRY_x2.0_rev,ENTRY_x2.0_rev,entry_road,bidirectional,ENTRY_2p00_m34p00,ENTRY_2p00_m52p00,1
2975,2.000,-47.000,0.500,-90.000,ENTRY_x2.0_rev,ENTRY_x2.0_rev,entry_road,bidirectional,ENTRY_2p00_m34p00,ENTRY_2p00_m52p00,1
2976,2.000,-47.500,0.500,-90.000,ENTRY_x2.0_rev,ENTRY_x2.0_rev,entry_road,bidirectional,ENTRY_2p00_m34p00,ENTRY_2p00_m52p00,1
2977,2.000,-48.000,0.500,-90.000,ENTRY_x2.0_rev,ENTRY_x2.0_rev,entry_road,bidirectional,ENTRY_2p00_m34p00,ENTRY_2p00_m52p00,1
2978,2.000,-48.500,0.500,-90.000,ENTRY_x2.0_rev,ENTRY_x2.0_rev,entry_road,bidirectional,ENTRY_2p00_m34p00,ENTRY_2p00_m52p00,1
2979,2.000,-49.000,0.500,-90.000,ENTRY_x2.0_rev,ENTRY_x2.0_rev,entry_road,bidirectional,ENTRY_2p00_m34p00,ENTRY_2p00_m52p00,1
2980,2.000,-49.500,0.500,-90.000,ENTRY_x2.0_rev,ENTRY_x2.0_rev,entry_road,bidirectional,ENTRY_2p00_m34p00,ENTRY_2p00_m52p00,1
2981,2.000,-50.000,0.500,-90.000,ENTRY_x2.0_rev,ENTRY_x2.0_rev,entry_road,bidirectional,ENTRY_2p00_m34p00,ENTRY_2p00_m52p00,1
2982,2.000,-50.500,0.500,-90.000,ENTRY_x2.0_rev,ENTRY_x2.0_rev,entry_road,bidirectional,ENTRY_2p00_m34p00,ENTRY_2p00_m52p00,1
2983,2.000,-51.000,0.500,-90.000,ENTRY_x2.0_rev,ENTRY_x2.0_rev,entry_road,bidirectional,ENTRY_2p00_m34p00,ENTRY_2p00_m52p00,1
2984,2.000,-51.500,0.500,-90.000,ENTRY_x2.0_rev,ENTRY_x2.0_rev,entry_road,bidirectional,ENTRY_2p00_m34p00,ENTRY_2p00_m52p00,1
2985,2.000,-52.000,0.500,-90.000,ENTRY_x2.0_rev,ENTRY_x2.0_rev,entry_road,bidirectional,ENTRY_2p00_m34p00,ENTRY_2p00_m52p00,0
2986,2.000,-34.000,0.500,0.000,ENTRY_CONN_x2.0_fwd,ENTRY_CONN_x2.0_fwd,entry_connector,bidirectional,ENTRY_2p00_m34p00,J_20p00_m34p00,1
2987,2.500,-34.000,0.500,0.000,ENTRY_CONN_x2.0_fwd,ENTRY_CONN_x2.0_fwd,entry_connector,bidirectional,ENTRY_2p00_m34p00,J_20p00_m34p00,1
2988,3.000,-34.000,0.500,0.000,ENTRY_CONN_x2.0_fwd,ENTRY_CONN_x2.0_fwd,entry_connector,bidirectional,ENTRY_2p00_m34p00,J_20p00_m34p00,1
2989,3.500,-34.000,0.500,0.000,ENTRY_CONN_x2.0_fwd,ENTRY_CONN_x2.0_fwd,entry_connector,bidirectional,ENTRY_2p00_m34p00,J_20p00_m34p00,1
2990,4.000,-34.000,0.500,0.000,ENTRY_CONN_x2.0_fwd,ENTRY_CONN_x2.0_fwd,entry_connector,bidirectional,ENTRY_2p00_m34p00,J_20p00_m34p00,1
2991,4.500,-34.000,0.500,0.000,ENTRY_CONN_x2.0_fwd,ENTRY_CONN_x2.0_fwd,entry_connector,bidirectional,ENTRY_2p00_m34p00,J_20p00_m34p00,1
2992,5.000,-34.000,0.500,0.000,ENTRY_CONN_x2.0_fwd,ENTRY_CONN_x2.0_fwd,entry_connector,bidirectional,ENTRY_2p00_m34p00,J_20p00_m34p00,1
2993,5.500,-34.000,0.500,0.000,ENTRY_CONN_x2.0_fwd,ENTRY_CONN_x2.0_fwd,entry_connector,bidirectional,ENTRY_2p00_m34p00,J_20p00_m34p00,1
2994,6.000,-34.000,0.500,0.000,ENTRY_CONN_x2.0_fwd,ENTRY_CONN_x2.0_fwd,entry_connector,bidirectional,ENTRY_2p00_m34p00,J_20p00_m34p00,1
2995,6.500,-34.000,0.500,0.000,ENTRY_CONN_x2.0_fwd,ENTRY_CONN_x2.0_fwd,entry_connector,bidirectional,ENTRY_2p00_m34p00,J_20p00_m34p00,1
2996,7.000,-34.000,0.500,0.000,ENTRY_CONN_x2.0_fwd,ENTRY_CONN_x2.0_fwd,entry_connector,bidirectional,ENTRY_2p00_m34p00,J_20p00_m34p00,1
2997,7.500,-34.000,0.500,0.000,ENTRY_CONN_x2.0_fwd,ENTRY_CONN_x2.0_fwd,entry_connector,bidirectional,ENTRY_2p00_m34p00,J_20p00_m34p00,1
2998,8.000,-34.000,0.500,0.000,ENTRY_CONN_x2.0_fwd,ENTRY_CONN_x2.0_fwd,entry_connector,bidirectional,ENTRY_2p00_m34p00,J_20p00_m34p00,1
2999,8.500,-34.000,0.500,0.000,ENTRY_CONN_x2.0_fwd,ENTRY_CONN_x2.0_fwd,entry_connector,bidirectional,ENTRY_2p00_m34p00,J_20p00_m34p00,1
3000,9.000,-34.000,0.500,0.000,ENTRY_CONN_x2.0_fwd,ENTRY_CONN_x2.0_fwd,entry_connector,bidirectional,ENTRY_2p00_m34p00,J_20p00_m34p00,1
3001,9.500,-34.000,0.500,0.000,ENTRY_CONN_x2.0_fwd,ENTRY_CONN_x2.0_fwd,entry_connector,bidirectional,ENTRY_2p00_m34p00,J_20p00_m34p00,1
3002,10.000,-34.000,0.500,0.000,ENTRY_CONN_x2.0_fwd,ENTRY_CONN_x2.0_fwd,entry_connector,bidirectional,ENTRY_2p00_m34p00,J_20p00_m34p00,1
3003,10.500,-34.000,0.500,0.000,ENTRY_CONN_x2.0_fwd,ENTRY_CONN_x2.0_fwd,entry_connector,bidirectional,ENTRY_2p00_m34p00,J_20p00_m34p00,1
3004,11.000,-34.000,0.500,0.000,ENTRY_CONN_x2.0_fwd,ENTRY_CONN_x2.0_fwd,entry_connector,bidirectional,ENTRY_2p00_m34p00,J_20p00_m34p00,1
3005,11.500,-34.000,0.500,0.000,ENTRY_CONN_x2.0_fwd,ENTRY_CONN_x2.0_fwd,entry_connector,bidirectional,ENTRY_2p00_m34p00,J_20p00_m34p00,1
3006,12.000,-34.000,0.500,0.000,ENTRY_CONN_x2.0_fwd,ENTRY_CONN_x2.0_fwd,entry_connector,bidirectional,ENTRY_2p00_m34p00,J_20p00_m34p00,1
3007,12.500,-34.000,0.500,0.000,ENTRY_CONN_x2.0_fwd,ENTRY_CONN_x2.0_fwd,entry_connector,bidirectional,ENTRY_2p00_m34p00,J_20p00_m34p00,1
3008,13.000,-34.000,0.500,0.000,ENTRY_CONN_x2.0_fwd,ENTRY_CONN_x2.0_fwd,entry_connector,bidirectional,ENTRY_2p00_m34p00,J_20p00_m34p00,1
3009,13.500,-34.000,0.500,0.000,ENTRY_CONN_x2.0_fwd,ENTRY_CONN_x2.0_fwd,entry_connector,bidirectional,ENTRY_2p00_m34p00,J_20p00_m34p00,1
3010,14.000,-34.000,0.500,0.000,ENTRY_CONN_x2.0_fwd,ENTRY_CONN_x2.0_fwd,entry_connector,bidirectional,ENTRY_2p00_m34p00,J_20p00_m34p00,1
3011,14.500,-34.000,0.500,0.000,ENTRY_CONN_x2.0_fwd,ENTRY_CONN_x2.0_fwd,entry_connector,bidirectional,ENTRY_2p00_m34p00,J_20p00_m34p00,1
3012,15.000,-34.000,0.500,0.000,ENTRY_CONN_x2.0_fwd,ENTRY_CONN_x2.0_fwd,entry_connector,bidirectional,ENTRY_2p00_m34p00,J_20p00_m34p00,1
3013,15.500,-34.000,0.500,0.000,ENTRY_CONN_x2.0_fwd,ENTRY_CONN_x2.0_fwd,entry_connector,bidirectional,ENTRY_2p00_m34p00,J_20p00_m34p00,1
3014,16.000,-34.000,0.500,0.000,ENTRY_CONN_x2.0_fwd,ENTRY_CONN_x2.0_fwd,entry_connector,bidirectional,ENTRY_2p00_m34p00,J_20p00_m34p00,1
3015,16.500,-34.000,0.500,0.000,ENTRY_CONN_x2.0_fwd,ENTRY_CONN_x2.0_fwd,entry_connector,bidirectional,ENTRY_2p00_m34p00,J_20p00_m34p00,1
3016,17.000,-34.000,0.500,0.000,ENTRY_CONN_x2.0_fwd,ENTRY_CONN_x2.0_fwd,entry_connector,bidirectional,ENTRY_2p00_m34p00,J_20p00_m34p00,1
3017,17.500,-34.000,0.500,0.000,ENTRY_CONN_x2.0_fwd,ENTRY_CONN_x2.0_fwd,entry_connector,bidirectional,ENTRY_2p00_m34p00,J_20p00_m34p00,1
3018,18.000,-34.000,0.500,0.000,ENTRY_CONN_x2.0_fwd,ENTRY_CONN_x2.0_fwd,entry_connector,bidirectional,ENTRY_2p00_m34p00,J_20p00_m34p00,1
3019,18.500,-34.000,0.500,0.000,ENTRY_CONN_x2.0_fwd,ENTRY_CONN_x2.0_fwd,entry_connector,bidirectional,ENTRY_2p00_m34p00,J_20p00_m34p00,1
3020,19.000,-34.000,0.500,0.000,ENTRY_CONN_x2.0_fwd,ENTRY_CONN_x2.0_fwd,entry_connector,bidirectional,ENTRY_2p00_m34p00,J_20p00_m34p00,1
3021,19.500,-34.000,0.500,0.000,ENTRY_CONN_x2.0_fwd,ENTRY_CONN_x2.0_fwd,entry_connector,bidirectional,ENTRY_2p00_m34p00,J_20p00_m34p00,1
3022,20.000,-34.000,0.500,0.000,ENTRY_CONN_x2.0_fwd,ENTRY_CONN_x2.0_fwd,entry_connector,bidirectional,ENTRY_2p00_m34p00,J_20p00_m34p00,0
3023,2.000,-34.000,0.500,0.000,ENTRY_CONN_x6.0_rev,ENTRY_CONN_x6.0_rev,entry_connector,bidirectional,ENTRY_2p00_m34p00,ENTRY_6p00_m34p00,1
3024,2.500,-34.000,0.500,0.000,ENTRY_CONN_x6.0_rev,ENTRY_CONN_x6.0_rev,entry_connector,bidirectional,ENTRY_2p00_m34p00,ENTRY_6p00_m34p00,1
3025,3.000,-34.000,0.500,0.000,ENTRY_CONN_x6.0_rev,ENTRY_CONN_x6.0_rev,entry_connector,bidirectional,ENTRY_2p00_m34p00,ENTRY_6p00_m34p00,1
3026,3.500,-34.000,0.500,0.000,ENTRY_CONN_x6.0_rev,ENTRY_CONN_x6.0_rev,entry_connector,bidirectional,ENTRY_2p00_m34p00,ENTRY_6p00_m34p00,1
3027,4.000,-34.000,0.500,0.000,ENTRY_CONN_x6.0_rev,ENTRY_CONN_x6.0_rev,entry_connector,bidirectional,ENTRY_2p00_m34p00,ENTRY_6p00_m34p00,1
3028,4.500,-34.000,0.500,0.000,ENTRY_CONN_x6.0_rev,ENTRY_CONN_x6.0_rev,entry_connector,bidirectional,ENTRY_2p00_m34p00,ENTRY_6p00_m34p00,1
3029,5.000,-34.000,0.500,0.000,ENTRY_CONN_x6.0_rev,ENTRY_CONN_x6.0_rev,entry_connector,bidirectional,ENTRY_2p00_m34p00,ENTRY_6p00_m34p00,1
3030,5.500,-34.000,0.500,0.000,ENTRY_CONN_x6.0_rev,ENTRY_CONN_x6.0_rev,entry_connector,bidirectional,ENTRY_2p00_m34p00,ENTRY_6p00_m34p00,1
3031,6.000,-34.000,0.500,0.000,ENTRY_CONN_x6.0_rev,ENTRY_CONN_x6.0_rev,entry_connector,bidirectional,ENTRY_2p00_m34p00,ENTRY_6p00_m34p00,0
3032,6.000,-52.000,0.500,90.000,ENTRY_x6.0_fwd,ENTRY_x6.0_fwd,entry_road,bidirectional,ENTRY_6p00_m52p00,ENTRY_6p00_m34p00,1
3033,6.000,-51.500,0.500,90.000,ENTRY_x6.0_fwd,ENTRY_x6.0_fwd,entry_road,bidirectional,ENTRY_6p00_m52p00,ENTRY_6p00_m34p00,1
3034,6.000,-51.000,0.500,90.000,ENTRY_x6.0_fwd,ENTRY_x6.0_fwd,entry_road,bidirectional,ENTRY_6p00_m52p00,ENTRY_6p00_m34p00,1
3035,6.000,-50.500,0.500,90.000,ENTRY_x6.0_fwd,ENTRY_x6.0_fwd,entry_road,bidirectional,ENTRY_6p00_m52p00,ENTRY_6p00_m34p00,1
3036,6.000,-50.000,0.500,90.000,ENTRY_x6.0_fwd,ENTRY_x6.0_fwd,entry_road,bidirectional,ENTRY_6p00_m52p00,ENTRY_6p00_m34p00,1
3037,6.000,-49.500,0.500,90.000,ENTRY_x6.0_fwd,ENTRY_x6.0_fwd,entry_road,bidirectional,ENTRY_6p00_m52p00,ENTRY_6p00_m34p00,1
3038,6.000,-49.000,0.500,90.000,ENTRY_x6.0_fwd,ENTRY_x6.0_fwd,entry_road,bidirectional,ENTRY_6p00_m52p00,ENTRY_6p00_m34p00,1
3039,6.000,-48.500,0.500,90.000,ENTRY_x6.0_fwd,ENTRY_x6.0_fwd,entry_road,bidirectional,ENTRY_6p00_m52p00,ENTRY_6p00_m34p00,1
3040,6.000,-48.000,0.500,90.000,ENTRY_x6.0_fwd,ENTRY_x6.0_fwd,entry_road,bidirectional,ENTRY_6p00_m52p00,ENTRY_6p00_m34p00,1
3041,6.000,-47.500,0.500,90.000,ENTRY_x6.0_fwd,ENTRY_x6.0_fwd,entry_road,bidirectional,ENTRY_6p00_m52p00,ENTRY_6p00_m34p00,1
3042,6.000,-47.000,0.500,90.000,ENTRY_x6.0_fwd,ENTRY_x6.0_fwd,entry_road,bidirectional,ENTRY_6p00_m52p00,ENTRY_6p00_m34p00,1
3043,6.000,-46.500,0.500,90.000,ENTRY_x6.0_fwd,ENTRY_x6.0_fwd,entry_road,bidirectional,ENTRY_6p00_m52p00,ENTRY_6p00_m34p00,1
3044,6.000,-46.000,0.500,90.000,ENTRY_x6.0_fwd,ENTRY_x6.0_fwd,entry_road,bidirectional,ENTRY_6p00_m52p00,ENTRY_6p00_m34p00,1
3045,6.000,-45.500,0.500,90.000,ENTRY_x6.0_fwd,ENTRY_x6.0_fwd,entry_road,bidirectional,ENTRY_6p00_m52p00,ENTRY_6p00_m34p00,1
3046,6.000,-45.000,0.500,90.000,ENTRY_x6.0_fwd,ENTRY_x6.0_fwd,entry_road,bidirectional,ENTRY_6p00_m52p00,ENTRY_6p00_m34p00,1
3047,6.000,-44.500,0.500,90.000,ENTRY_x6.0_fwd,ENTRY_x6.0_fwd,entry_road,bidirectional,ENTRY_6p00_m52p00,ENTRY_6p00_m34p00,1
3048,6.000,-44.000,0.500,90.000,ENTRY_x6.0_fwd,ENTRY_x6.0_fwd,entry_road,bidirectional,ENTRY_6p00_m52p00,ENTRY_6p00_m34p00,1
3049,6.000,-43.500,0.500,90.000,ENTRY_x6.0_fwd,ENTRY_x6.0_fwd,entry_road,bidirectional,ENTRY_6p00_m52p00,ENTRY_6p00_m34p00,1
3050,6.000,-43.000,0.500,90.000,ENTRY_x6.0_fwd,ENTRY_x6.0_fwd,entry_road,bidirectional,ENTRY_6p00_m52p00,ENTRY_6p00_m34p00,1
3051,6.000,-42.500,0.500,90.000,ENTRY_x6.0_fwd,ENTRY_x6.0_fwd,entry_road,bidirectional,ENTRY_6p00_m52p00,ENTRY_6p00_m34p00,1
3052,6.000,-42.000,0.500,90.000,ENTRY_x6.0_fwd,ENTRY_x6.0_fwd,entry_road,bidirectional,ENTRY_6p00_m52p00,ENTRY_6p00_m34p00,1
3053,6.000,-41.500,0.500,90.000,ENTRY_x6.0_fwd,ENTRY_x6.0_fwd,entry_road,bidirectional,ENTRY_6p00_m52p00,ENTRY_6p00_m34p00,1
3054,6.000,-41.000,0.500,90.000,ENTRY_x6.0_fwd,ENTRY_x6.0_fwd,entry_road,bidirectional,ENTRY_6p00_m52p00,ENTRY_6p00_m34p00,1
3055,6.000,-40.500,0.500,90.000,ENTRY_x6.0_fwd,ENTRY_x6.0_fwd,entry_road,bidirectional,ENTRY_6p00_m52p00,ENTRY_6p00_m34p00,1
3056,6.000,-40.000,0.500,90.000,ENTRY_x6.0_fwd,ENTRY_x6.0_fwd,entry_road,bidirectional,ENTRY_6p00_m52p00,ENTRY_6p00_m34p00,1
3057,6.000,-39.500,0.500,90.000,ENTRY_x6.0_fwd,ENTRY_x6.0_fwd,entry_road,bidirectional,ENTRY_6p00_m52p00,ENTRY_6p00_m34p00,1
3058,6.000,-39.000,0.500,90.000,ENTRY_x6.0_fwd,ENTRY_x6.0_fwd,entry_road,bidirectional,ENTRY_6p00_m52p00,ENTRY_6p00_m34p00,1
3059,6.000,-38.500,0.500,90.000,ENTRY_x6.0_fwd,ENTRY_x6.0_fwd,entry_road,bidirectional,ENTRY_6p00_m52p00,ENTRY_6p00_m34p00,1
3060,6.000,-38.000,0.500,90.000,ENTRY_x6.0_fwd,ENTRY_x6.0_fwd,entry_road,bidirectional,ENTRY_6p00_m52p00,ENTRY_6p00_m34p00,1
3061,6.000,-37.500,0.500,90.000,ENTRY_x6.0_fwd,ENTRY_x6.0_fwd,entry_road,bidirectional,ENTRY_6p00_m52p00,ENTRY_6p00_m34p00,1
3062,6.000,-37.000,0.500,90.000,ENTRY_x6.0_fwd,ENTRY_x6.0_fwd,entry_road,bidirectional,ENTRY_6p00_m52p00,ENTRY_6p00_m34p00,1
3063,6.000,-36.500,0.500,90.000,ENTRY_x6.0_fwd,ENTRY_x6.0_fwd,entry_road,bidirectional,ENTRY_6p00_m52p00,ENTRY_6p00_m34p00,1
3064,6.000,-36.000,0.500,90.000,ENTRY_x6.0_fwd,ENTRY_x6.0_fwd,entry_road,bidirectional,ENTRY_6p00_m52p00,ENTRY_6p00_m34p00,1
3065,6.000,-35.500,0.500,90.000,ENTRY_x6.0_fwd,ENTRY_x6.0_fwd,entry_road,bidirectional,ENTRY_6p00_m52p00,ENTRY_6p00_m34p00,1
3066,6.000,-35.000,0.500,90.000,ENTRY_x6.0_fwd,ENTRY_x6.0_fwd,entry_road,bidirectional,ENTRY_6p00_m52p00,ENTRY_6p00_m34p00,1
3067,6.000,-34.500,0.500,90.000,ENTRY_x6.0_fwd,ENTRY_x6.0_fwd,entry_road,bidirectional,ENTRY_6p00_m52p00,ENTRY_6p00_m34p00,1
3068,6.000,-34.000,0.500,90.000,ENTRY_x6.0_fwd,ENTRY_x6.0_fwd,entry_road,bidirectional,ENTRY_6p00_m52p00,ENTRY_6p00_m34p00,0
3069,6.000,-34.000,0.500,-90.000,ENTRY_x6.0_rev,ENTRY_x6.0_rev,entry_road,bidirectional,ENTRY_6p00_m34p00,ENTRY_6p00_m52p00,1
3070,6.000,-34.500,0.500,-90.000,ENTRY_x6.0_rev,ENTRY_x6.0_rev,entry_road,bidirectional,ENTRY_6p00_m34p00,ENTRY_6p00_m52p00,1
3071,6.000,-35.000,0.500,-90.000,ENTRY_x6.0_rev,ENTRY_x6.0_rev,entry_road,bidirectional,ENTRY_6p00_m34p00,ENTRY_6p00_m52p00,1
3072,6.000,-35.500,0.500,-90.000,ENTRY_x6.0_rev,ENTRY_x6.0_rev,entry_road,bidirectional,ENTRY_6p00_m34p00,ENTRY_6p00_m52p00,1
3073,6.000,-36.000,0.500,-90.000,ENTRY_x6.0_rev,ENTRY_x6.0_rev,entry_road,bidirectional,ENTRY_6p00_m34p00,ENTRY_6p00_m52p00,1
3074,6.000,-36.500,0.500,-90.000,ENTRY_x6.0_rev,ENTRY_x6.0_rev,entry_road,bidirectional,ENTRY_6p00_m34p00,ENTRY_6p00_m52p00,1
3075,6.000,-37.000,0.500,-90.000,ENTRY_x6.0_rev,ENTRY_x6.0_rev,entry_road,bidirectional,ENTRY_6p00_m34p00,ENTRY_6p00_m52p00,1
3076,6.000,-37.500,0.500,-90.000,ENTRY_x6.0_rev,ENTRY_x6.0_rev,entry_road,bidirectional,ENTRY_6p00_m34p00,ENTRY_6p00_m52p00,1
3077,6.000,-38.000,0.500,-90.000,ENTRY_x6.0_rev,ENTRY_x6.0_rev,entry_road,bidirectional,ENTRY_6p00_m34p00,ENTRY_6p00_m52p00,1
3078,6.000,-38.500,0.500,-90.000,ENTRY_x6.0_rev,ENTRY_x6.0_rev,entry_road,bidirectional,ENTRY_6p00_m34p00,ENTRY_6p00_m52p00,1
3079,6.000,-39.000,0.500,-90.000,ENTRY_x6.0_rev,ENTRY_x6.0_rev,entry_road,bidirectional,ENTRY_6p00_m34p00,ENTRY_6p00_m52p00,1
3080,6.000,-39.500,0.500,-90.000,ENTRY_x6.0_rev,ENTRY_x6.0_rev,entry_road,bidirectional,ENTRY_6p00_m34p00,ENTRY_6p00_m52p00,1
3081,6.000,-40.000,0.500,-90.000,ENTRY_x6.0_rev,ENTRY_x6.0_rev,entry_road,bidirectional,ENTRY_6p00_m34p00,ENTRY_6p00_m52p00,1
3082,6.000,-40.500,0.500,-90.000,ENTRY_x6.0_rev,ENTRY_x6.0_rev,entry_road,bidirectional,ENTRY_6p00_m34p00,ENTRY_6p00_m52p00,1
3083,6.000,-41.000,0.500,-90.000,ENTRY_x6.0_rev,ENTRY_x6.0_rev,entry_road,bidirectional,ENTRY_6p00_m34p00,ENTRY_6p00_m52p00,1
3084,6.000,-41.500,0.500,-90.000,ENTRY_x6.0_rev,ENTRY_x6.0_rev,entry_road,bidirectional,ENTRY_6p00_m34p00,ENTRY_6p00_m52p00,1
3085,6.000,-42.000,0.500,-90.000,ENTRY_x6.0_rev,ENTRY_x6.0_rev,entry_road,bidirectional,ENTRY_6p00_m34p00,ENTRY_6p00_m52p00,1
3086,6.000,-42.500,0.500,-90.000,ENTRY_x6.0_rev,ENTRY_x6.0_rev,entry_road,bidirectional,ENTRY_6p00_m34p00,ENTRY_6p00_m52p00,1
3087,6.000,-43.000,0.500,-90.000,ENTRY_x6.0_rev,ENTRY_x6.0_rev,entry_road,bidirectional,ENTRY_6p00_m34p00,ENTRY_6p00_m52p00,1
3088,6.000,-43.500,0.500,-90.000,ENTRY_x6.0_rev,ENTRY_x6.0_rev,entry_road,bidirectional,ENTRY_6p00_m34p00,ENTRY_6p00_m52p00,1
3089,6.000,-44.000,0.500,-90.000,ENTRY_x6.0_rev,ENTRY_x6.0_rev,entry_road,bidirectional,ENTRY_6p00_m34p00,ENTRY_6p00_m52p00,1
3090,6.000,-44.500,0.500,-90.000,ENTRY_x6.0_rev,ENTRY_x6.0_rev,entry_road,bidirectional,ENTRY_6p00_m34p00,ENTRY_6p00_m52p00,1
3091,6.000,-45.000,0.500,-90.000,ENTRY_x6.0_rev,ENTRY_x6.0_rev,entry_road,bidirectional,ENTRY_6p00_m34p00,ENTRY_6p00_m52p00,1
3092,6.000,-45.500,0.500,-90.000,ENTRY_x6.0_rev,ENTRY_x6.0_rev,entry_road,bidirectional,ENTRY_6p00_m34p00,ENTRY_6p00_m52p00,1
3093,6.000,-46.000,0.500,-90.000,ENTRY_x6.0_rev,ENTRY_x6.0_rev,entry_road,bidirectional,ENTRY_6p00_m34p00,ENTRY_6p00_m52p00,1
3094,6.000,-46.500,0.500,-90.000,ENTRY_x6.0_rev,ENTRY_x6.0_rev,entry_road,bidirectional,ENTRY_6p00_m34p00,ENTRY_6p00_m52p00,1
3095,6.000,-47.000,0.500,-90.000,ENTRY_x6.0_rev,ENTRY_x6.0_rev,entry_road,bidirectional,ENTRY_6p00_m34p00,ENTRY_6p00_m52p00,1
3096,6.000,-47.500,0.500,-90.000,ENTRY_x6.0_rev,ENTRY_x6.0_rev,entry_road,bidirectional,ENTRY_6p00_m34p00,ENTRY_6p00_m52p00,1
3097,6.000,-48.000,0.500,-90.000,ENTRY_x6.0_rev,ENTRY_x6.0_rev,entry_road,bidirectional,ENTRY_6p00_m34p00,ENTRY_6p00_m52p00,1
3098,6.000,-48.500,0.500,-90.000,ENTRY_x6.0_rev,ENTRY_x6.0_rev,entry_road,bidirectional,ENTRY_6p00_m34p00,ENTRY_6p00_m52p00,1
3099,6.000,-49.000,0.500,-90.000,ENTRY_x6.0_rev,ENTRY_x6.0_rev,entry_road,bidirectional,ENTRY_6p00_m34p00,ENTRY_6p00_m52p00,1
3100,6.000,-49.500,0.500,-90.000,ENTRY_x6.0_rev,ENTRY_x6.0_rev,entry_road,bidirectional,ENTRY_6p00_m34p00,ENTRY_6p00_m52p00,1
3101,6.000,-50.000,0.500,-90.000,ENTRY_x6.0_rev,ENTRY_x6.0_rev,entry_road,bidirectional,ENTRY_6p00_m34p00,ENTRY_6p00_m52p00,1
3102,6.000,-50.500,0.500,-90.000,ENTRY_x6.0_rev,ENTRY_x6.0_rev,entry_road,bidirectional,ENTRY_6p00_m34p00,ENTRY_6p00_m52p00,1
3103,6.000,-51.000,0.500,-90.000,ENTRY_x6.0_rev,ENTRY_x6.0_rev,entry_road,bidirectional,ENTRY_6p00_m34p00,ENTRY_6p00_m52p00,1
3104,6.000,-51.500,0.500,-90.000,ENTRY_x6.0_rev,ENTRY_x6.0_rev,entry_road,bidirectional,ENTRY_6p00_m34p00,ENTRY_6p00_m52p00,1
3105,6.000,-52.000,0.500,-90.000,ENTRY_x6.0_rev,ENTRY_x6.0_rev,entry_road,bidirectional,ENTRY_6p00_m34p00,ENTRY_6p00_m52p00,0
3106,6.000,-34.000,0.500,180.000,ENTRY_CONN_x6.0_fwd,ENTRY_CONN_x6.0_fwd,entry_connector,bidirectional,ENTRY_6p00_m34p00,ENTRY_2p00_m34p00,1
3107,5.500,-34.000,0.500,180.000,ENTRY_CONN_x6.0_fwd,ENTRY_CONN_x6.0_fwd,entry_connector,bidirectional,ENTRY_6p00_m34p00,ENTRY_2p00_m34p00,1
3108,5.000,-34.000,0.500,180.000,ENTRY_CONN_x6.0_fwd,ENTRY_CONN_x6.0_fwd,entry_connector,bidirectional,ENTRY_6p00_m34p00,ENTRY_2p00_m34p00,1
3109,4.500,-34.000,0.500,180.000,ENTRY_CONN_x6.0_fwd,ENTRY_CONN_x6.0_fwd,entry_connector,bidirectional,ENTRY_6p00_m34p00,ENTRY_2p00_m34p00,1
3110,4.000,-34.000,0.500,180.000,ENTRY_CONN_x6.0_fwd,ENTRY_CONN_x6.0_fwd,entry_connector,bidirectional,ENTRY_6p00_m34p00,ENTRY_2p00_m34p00,1
3111,3.500,-34.000,0.500,180.000,ENTRY_CONN_x6.0_fwd,ENTRY_CONN_x6.0_fwd,entry_connector,bidirectional,ENTRY_6p00_m34p00,ENTRY_2p00_m34p00,1
3112,3.000,-34.000,0.500,180.000,ENTRY_CONN_x6.0_fwd,ENTRY_CONN_x6.0_fwd,entry_connector,bidirectional,ENTRY_6p00_m34p00,ENTRY_2p00_m34p00,1
3113,2.500,-34.000,0.500,180.000,ENTRY_CONN_x6.0_fwd,ENTRY_CONN_x6.0_fwd,entry_connector,bidirectional,ENTRY_6p00_m34p00,ENTRY_2p00_m34p00,1
3114,2.000,-34.000,0.500,180.000,ENTRY_CONN_x6.0_fwd,ENTRY_CONN_x6.0_fwd,entry_connector,bidirectional,ENTRY_6p00_m34p00,ENTRY_2p00_m34p00,0
3115,-40.000,44.000,0.500,86.304,outer_top_left_fwd,outer_top_left_fwd,outer_corner_arc,bidirectional,ARC_m40p00_44p00,ARC_m36p00_48p00,1
3116,-39.968,44.499,0.500,79.146,outer_top_left_fwd,outer_top_left_fwd,outer_corner_arc,bidirectional,ARC_m40p00_44p00,ARC_m36p00_48p00,1
3117,-39.874,44.990,0.500,71.989,outer_top_left_fwd,outer_top_left_fwd,outer_corner_arc,bidirectional,ARC_m40p00_44p00,ARC_m36p00_48p00,1
3118,-39.719,45.465,0.500,64.831,outer_top_left_fwd,outer_top_left_fwd,outer_corner_arc,bidirectional,ARC_m40p00_44p00,ARC_m36p00_48p00,1
3119,-39.507,45.917,0.500,57.673,outer_top_left_fwd,outer_top_left_fwd,outer_corner_arc,bidirectional,ARC_m40p00_44p00,ARC_m36p00_48p00,1
3120,-39.240,46.339,0.500,50.515,outer_top_left_fwd,outer_top_left_fwd,outer_corner_arc,bidirectional,ARC_m40p00_44p00,ARC_m36p00_48p00,1
3121,-38.922,46.724,0.500,43.357,outer_top_left_fwd,outer_top_left_fwd,outer_corner_arc,bidirectional,ARC_m40p00_44p00,ARC_m36p00_48p00,1
3122,-38.559,47.067,0.500,36.198,outer_top_left_fwd,outer_top_left_fwd,outer_corner_arc,bidirectional,ARC_m40p00_44p00,ARC_m36p00_48p00,1
3123,-38.156,47.362,0.500,29.040,outer_top_left_fwd,outer_top_left_fwd,outer_corner_arc,bidirectional,ARC_m40p00_44p00,ARC_m36p00_48p00,1
3124,-37.720,47.605,0.500,21.882,outer_top_left_fwd,outer_top_left_fwd,outer_corner_arc,bidirectional,ARC_m40p00_44p00,ARC_m36p00_48p00,1
3125,-37.256,47.791,0.500,14.724,outer_top_left_fwd,outer_top_left_fwd,outer_corner_arc,bidirectional,ARC_m40p00_44p00,ARC_m36p00_48p00,1
3126,-36.774,47.917,0.500,7.565,outer_top_left_fwd,outer_top_left_fwd,outer_corner_arc,bidirectional,ARC_m40p00_44p00,ARC_m36p00_48p00,1
3127,-36.279,47.983,0.500,3.462,outer_top_left_fwd,outer_top_left_fwd,outer_corner_arc,bidirectional,ARC_m40p00_44p00,ARC_m36p00_48p00,1
3128,-36.000,48.000,0.500,3.462,outer_top_left_fwd,outer_top_left_fwd,outer_corner_arc,bidirectional,ARC_m40p00_44p00,ARC_m36p00_48p00,0
3129,-40.000,44.000,0.500,90.000,outer_top_left_conn0_fwd,outer_top_left_conn0_fwd,arc_connector,bidirectional,ARC_m40p00_44p00,J_m40p00_48p00,1
3130,-40.000,44.500,0.500,90.000,outer_top_left_conn0_fwd,outer_top_left_conn0_fwd,arc_connector,bidirectional,ARC_m40p00_44p00,J_m40p00_48p00,1
3131,-40.000,45.000,0.500,90.000,outer_top_left_conn0_fwd,outer_top_left_conn0_fwd,arc_connector,bidirectional,ARC_m40p00_44p00,J_m40p00_48p00,1
3132,-40.000,45.500,0.500,90.000,outer_top_left_conn0_fwd,outer_top_left_conn0_fwd,arc_connector,bidirectional,ARC_m40p00_44p00,J_m40p00_48p00,1
3133,-40.000,46.000,0.500,90.000,outer_top_left_conn0_fwd,outer_top_left_conn0_fwd,arc_connector,bidirectional,ARC_m40p00_44p00,J_m40p00_48p00,1
3134,-40.000,46.500,0.500,90.000,outer_top_left_conn0_fwd,outer_top_left_conn0_fwd,arc_connector,bidirectional,ARC_m40p00_44p00,J_m40p00_48p00,1
3135,-40.000,47.000,0.500,90.000,outer_top_left_conn0_fwd,outer_top_left_conn0_fwd,arc_connector,bidirectional,ARC_m40p00_44p00,J_m40p00_48p00,1
3136,-40.000,47.500,0.500,90.000,outer_top_left_conn0_fwd,outer_top_left_conn0_fwd,arc_connector,bidirectional,ARC_m40p00_44p00,J_m40p00_48p00,1
3137,-40.000,48.000,0.500,90.000,outer_top_left_conn0_fwd,outer_top_left_conn0_fwd,arc_connector,bidirectional,ARC_m40p00_44p00,J_m40p00_48p00,0
3138,-36.000,48.000,0.500,-176.538,outer_top_left_rev,outer_top_left_rev,outer_corner_arc,bidirectional,ARC_m36p00_48p00,ARC_m40p00_44p00,1
3139,-36.279,47.983,0.500,-172.435,outer_top_left_rev,outer_top_left_rev,outer_corner_arc,bidirectional,ARC_m36p00_48p00,ARC_m40p00_44p00,1
3140,-36.774,47.917,0.500,-165.276,outer_top_left_rev,outer_top_left_rev,outer_corner_arc,bidirectional,ARC_m36p00_48p00,ARC_m40p00_44p00,1
3141,-37.256,47.791,0.500,-158.118,outer_top_left_rev,outer_top_left_rev,outer_corner_arc,bidirectional,ARC_m36p00_48p00,ARC_m40p00_44p00,1
3142,-37.720,47.605,0.500,-150.960,outer_top_left_rev,outer_top_left_rev,outer_corner_arc,bidirectional,ARC_m36p00_48p00,ARC_m40p00_44p00,1
3143,-38.156,47.362,0.500,-143.802,outer_top_left_rev,outer_top_left_rev,outer_corner_arc,bidirectional,ARC_m36p00_48p00,ARC_m40p00_44p00,1
3144,-38.559,47.067,0.500,-136.643,outer_top_left_rev,outer_top_left_rev,outer_corner_arc,bidirectional,ARC_m36p00_48p00,ARC_m40p00_44p00,1
3145,-38.922,46.724,0.500,-129.485,outer_top_left_rev,outer_top_left_rev,outer_corner_arc,bidirectional,ARC_m36p00_48p00,ARC_m40p00_44p00,1
3146,-39.240,46.339,0.500,-122.327,outer_top_left_rev,outer_top_left_rev,outer_corner_arc,bidirectional,ARC_m36p00_48p00,ARC_m40p00_44p00,1
3147,-39.507,45.917,0.500,-115.169,outer_top_left_rev,outer_top_left_rev,outer_corner_arc,bidirectional,ARC_m36p00_48p00,ARC_m40p00_44p00,1
3148,-39.719,45.465,0.500,-108.011,outer_top_left_rev,outer_top_left_rev,outer_corner_arc,bidirectional,ARC_m36p00_48p00,ARC_m40p00_44p00,1
3149,-39.874,44.990,0.500,-100.854,outer_top_left_rev,outer_top_left_rev,outer_corner_arc,bidirectional,ARC_m36p00_48p00,ARC_m40p00_44p00,1
3150,-39.968,44.499,0.500,-93.696,outer_top_left_rev,outer_top_left_rev,outer_corner_arc,bidirectional,ARC_m36p00_48p00,ARC_m40p00_44p00,1
3151,-40.000,44.000,0.500,-93.696,outer_top_left_rev,outer_top_left_rev,outer_corner_arc,bidirectional,ARC_m36p00_48p00,ARC_m40p00_44p00,0
3152,-36.000,48.000,0.500,180.000,outer_top_left_conn1_fwd,outer_top_left_conn1_fwd,arc_connector,bidirectional,ARC_m36p00_48p00,J_m40p00_48p00,1
3153,-36.500,48.000,0.500,180.000,outer_top_left_conn1_fwd,outer_top_left_conn1_fwd,arc_connector,bidirectional,ARC_m36p00_48p00,J_m40p00_48p00,1
3154,-37.000,48.000,0.500,180.000,outer_top_left_conn1_fwd,outer_top_left_conn1_fwd,arc_connector,bidirectional,ARC_m36p00_48p00,J_m40p00_48p00,1
3155,-37.500,48.000,0.500,180.000,outer_top_left_conn1_fwd,outer_top_left_conn1_fwd,arc_connector,bidirectional,ARC_m36p00_48p00,J_m40p00_48p00,1
3156,-38.000,48.000,0.500,180.000,outer_top_left_conn1_fwd,outer_top_left_conn1_fwd,arc_connector,bidirectional,ARC_m36p00_48p00,J_m40p00_48p00,1
3157,-38.500,48.000,0.500,180.000,outer_top_left_conn1_fwd,outer_top_left_conn1_fwd,arc_connector,bidirectional,ARC_m36p00_48p00,J_m40p00_48p00,1
3158,-39.000,48.000,0.500,180.000,outer_top_left_conn1_fwd,outer_top_left_conn1_fwd,arc_connector,bidirectional,ARC_m36p00_48p00,J_m40p00_48p00,1
3159,-39.500,48.000,0.500,180.000,outer_top_left_conn1_fwd,outer_top_left_conn1_fwd,arc_connector,bidirectional,ARC_m36p00_48p00,J_m40p00_48p00,1
3160,-40.000,48.000,0.500,180.000,outer_top_left_conn1_fwd,outer_top_left_conn1_fwd,arc_connector,bidirectional,ARC_m36p00_48p00,J_m40p00_48p00,0
3161,36.000,48.000,0.500,-3.696,outer_top_right_fwd,outer_top_right_fwd,outer_corner_arc,bidirectional,ARC_36p00_48p00,ARC_40p00_44p00,1
3162,36.499,47.968,0.500,-10.854,outer_top_right_fwd,outer_top_right_fwd,outer_corner_arc,bidirectional,ARC_36p00_48p00,ARC_40p00_44p00,1
3163,36.990,47.874,0.500,-18.011,outer_top_right_fwd,outer_top_right_fwd,outer_corner_arc,bidirectional,ARC_36p00_48p00,ARC_40p00_44p00,1
3164,37.465,47.719,0.500,-25.169,outer_top_right_fwd,outer_top_right_fwd,outer_corner_arc,bidirectional,ARC_36p00_48p00,ARC_40p00_44p00,1
3165,37.917,47.507,0.500,-32.327,outer_top_right_fwd,outer_top_right_fwd,outer_corner_arc,bidirectional,ARC_36p00_48p00,ARC_40p00_44p00,1
3166,38.339,47.240,0.500,-39.485,outer_top_right_fwd,outer_top_right_fwd,outer_corner_arc,bidirectional,ARC_36p00_48p00,ARC_40p00_44p00,1
3167,38.724,46.922,0.500,-46.643,outer_top_right_fwd,outer_top_right_fwd,outer_corner_arc,bidirectional,ARC_36p00_48p00,ARC_40p00_44p00,1
3168,39.067,46.559,0.500,-53.802,outer_top_right_fwd,outer_top_right_fwd,outer_corner_arc,bidirectional,ARC_36p00_48p00,ARC_40p00_44p00,1
3169,39.362,46.156,0.500,-60.960,outer_top_right_fwd,outer_top_right_fwd,outer_corner_arc,bidirectional,ARC_36p00_48p00,ARC_40p00_44p00,1
3170,39.605,45.720,0.500,-68.118,outer_top_right_fwd,outer_top_right_fwd,outer_corner_arc,bidirectional,ARC_36p00_48p00,ARC_40p00_44p00,1
3171,39.791,45.256,0.500,-75.276,outer_top_right_fwd,outer_top_right_fwd,outer_corner_arc,bidirectional,ARC_36p00_48p00,ARC_40p00_44p00,1
3172,39.917,44.774,0.500,-82.435,outer_top_right_fwd,outer_top_right_fwd,outer_corner_arc,bidirectional,ARC_36p00_48p00,ARC_40p00_44p00,1
3173,39.983,44.279,0.500,-86.538,outer_top_right_fwd,outer_top_right_fwd,outer_corner_arc,bidirectional,ARC_36p00_48p00,ARC_40p00_44p00,1
3174,40.000,44.000,0.500,-86.538,outer_top_right_fwd,outer_top_right_fwd,outer_corner_arc,bidirectional,ARC_36p00_48p00,ARC_40p00_44p00,0
3175,36.000,48.000,0.500,0.000,outer_top_right_conn0_fwd,outer_top_right_conn0_fwd,arc_connector,bidirectional,ARC_36p00_48p00,J_40p00_48p00,1
3176,36.500,48.000,0.500,0.000,outer_top_right_conn0_fwd,outer_top_right_conn0_fwd,arc_connector,bidirectional,ARC_36p00_48p00,J_40p00_48p00,1
3177,37.000,48.000,0.500,0.000,outer_top_right_conn0_fwd,outer_top_right_conn0_fwd,arc_connector,bidirectional,ARC_36p00_48p00,J_40p00_48p00,1
3178,37.500,48.000,0.500,0.000,outer_top_right_conn0_fwd,outer_top_right_conn0_fwd,arc_connector,bidirectional,ARC_36p00_48p00,J_40p00_48p00,1
3179,38.000,48.000,0.500,0.000,outer_top_right_conn0_fwd,outer_top_right_conn0_fwd,arc_connector,bidirectional,ARC_36p00_48p00,J_40p00_48p00,1
3180,38.500,48.000,0.500,0.000,outer_top_right_conn0_fwd,outer_top_right_conn0_fwd,arc_connector,bidirectional,ARC_36p00_48p00,J_40p00_48p00,1
3181,39.000,48.000,0.500,0.000,outer_top_right_conn0_fwd,outer_top_right_conn0_fwd,arc_connector,bidirectional,ARC_36p00_48p00,J_40p00_48p00,1
3182,39.500,48.000,0.500,0.000,outer_top_right_conn0_fwd,outer_top_right_conn0_fwd,arc_connector,bidirectional,ARC_36p00_48p00,J_40p00_48p00,1
3183,40.000,48.000,0.500,0.000,outer_top_right_conn0_fwd,outer_top_right_conn0_fwd,arc_connector,bidirectional,ARC_36p00_48p00,J_40p00_48p00,0
3184,40.000,44.000,0.500,93.462,outer_top_right_rev,outer_top_right_rev,outer_corner_arc,bidirectional,ARC_40p00_44p00,ARC_36p00_48p00,1
3185,39.983,44.279,0.500,97.565,outer_top_right_rev,outer_top_right_rev,outer_corner_arc,bidirectional,ARC_40p00_44p00,ARC_36p00_48p00,1
3186,39.917,44.774,0.500,104.724,outer_top_right_rev,outer_top_right_rev,outer_corner_arc,bidirectional,ARC_40p00_44p00,ARC_36p00_48p00,1
3187,39.791,45.256,0.500,111.882,outer_top_right_rev,outer_top_right_rev,outer_corner_arc,bidirectional,ARC_40p00_44p00,ARC_36p00_48p00,1
3188,39.605,45.720,0.500,119.040,outer_top_right_rev,outer_top_right_rev,outer_corner_arc,bidirectional,ARC_40p00_44p00,ARC_36p00_48p00,1
3189,39.362,46.156,0.500,126.198,outer_top_right_rev,outer_top_right_rev,outer_corner_arc,bidirectional,ARC_40p00_44p00,ARC_36p00_48p00,1
3190,39.067,46.559,0.500,133.357,outer_top_right_rev,outer_top_right_rev,outer_corner_arc,bidirectional,ARC_40p00_44p00,ARC_36p00_48p00,1
3191,38.724,46.922,0.500,140.515,outer_top_right_rev,outer_top_right_rev,outer_corner_arc,bidirectional,ARC_40p00_44p00,ARC_36p00_48p00,1
3192,38.339,47.240,0.500,147.673,outer_top_right_rev,outer_top_right_rev,outer_corner_arc,bidirectional,ARC_40p00_44p00,ARC_36p00_48p00,1
3193,37.917,47.507,0.500,154.831,outer_top_right_rev,outer_top_right_rev,outer_corner_arc,bidirectional,ARC_40p00_44p00,ARC_36p00_48p00,1
3194,37.465,47.719,0.500,161.989,outer_top_right_rev,outer_top_right_rev,outer_corner_arc,bidirectional,ARC_40p00_44p00,ARC_36p00_48p00,1
3195,36.990,47.874,0.500,169.146,outer_top_right_rev,outer_top_right_rev,outer_corner_arc,bidirectional,ARC_40p00_44p00,ARC_36p00_48p00,1
3196,36.499,47.968,0.500,176.304,outer_top_right_rev,outer_top_right_rev,outer_corner_arc,bidirectional,ARC_40p00_44p00,ARC_36p00_48p00,1
3197,36.000,48.000,0.500,176.304,outer_top_right_rev,outer_top_right_rev,outer_corner_arc,bidirectional,ARC_40p00_44p00,ARC_36p00_48p00,0
3198,40.000,44.000,0.500,90.000,outer_top_right_conn1_fwd,outer_top_right_conn1_fwd,arc_connector,bidirectional,ARC_40p00_44p00,J_40p00_48p00,1
3199,40.000,44.500,0.500,90.000,outer_top_right_conn1_fwd,outer_top_right_conn1_fwd,arc_connector,bidirectional,ARC_40p00_44p00,J_40p00_48p00,1
3200,40.000,45.000,0.500,90.000,outer_top_right_conn1_fwd,outer_top_right_conn1_fwd,arc_connector,bidirectional,ARC_40p00_44p00,J_40p00_48p00,1
3201,40.000,45.500,0.500,90.000,outer_top_right_conn1_fwd,outer_top_right_conn1_fwd,arc_connector,bidirectional,ARC_40p00_44p00,J_40p00_48p00,1
3202,40.000,46.000,0.500,90.000,outer_top_right_conn1_fwd,outer_top_right_conn1_fwd,arc_connector,bidirectional,ARC_40p00_44p00,J_40p00_48p00,1
3203,40.000,46.500,0.500,90.000,outer_top_right_conn1_fwd,outer_top_right_conn1_fwd,arc_connector,bidirectional,ARC_40p00_44p00,J_40p00_48p00,1
3204,40.000,47.000,0.500,90.000,outer_top_right_conn1_fwd,outer_top_right_conn1_fwd,arc_connector,bidirectional,ARC_40p00_44p00,J_40p00_48p00,1
3205,40.000,47.500,0.500,90.000,outer_top_right_conn1_fwd,outer_top_right_conn1_fwd,arc_connector,bidirectional,ARC_40p00_44p00,J_40p00_48p00,1
3206,40.000,48.000,0.500,90.000,outer_top_right_conn1_fwd,outer_top_right_conn1_fwd,arc_connector,bidirectional,ARC_40p00_44p00,J_40p00_48p00,0
3207,40.000,-30.000,0.500,-93.696,outer_bottom_right_fwd,outer_bottom_right_fwd,outer_corner_arc,bidirectional,ARC_40p00_m30p00,ARC_36p00_m34p00,1
3208,39.968,-30.499,0.500,-100.854,outer_bottom_right_fwd,outer_bottom_right_fwd,outer_corner_arc,bidirectional,ARC_40p00_m30p00,ARC_36p00_m34p00,1
3209,39.874,-30.990,0.500,-108.011,outer_bottom_right_fwd,outer_bottom_right_fwd,outer_corner_arc,bidirectional,ARC_40p00_m30p00,ARC_36p00_m34p00,1
3210,39.719,-31.465,0.500,-115.169,outer_bottom_right_fwd,outer_bottom_right_fwd,outer_corner_arc,bidirectional,ARC_40p00_m30p00,ARC_36p00_m34p00,1
3211,39.507,-31.917,0.500,-122.327,outer_bottom_right_fwd,outer_bottom_right_fwd,outer_corner_arc,bidirectional,ARC_40p00_m30p00,ARC_36p00_m34p00,1
3212,39.240,-32.339,0.500,-129.485,outer_bottom_right_fwd,outer_bottom_right_fwd,outer_corner_arc,bidirectional,ARC_40p00_m30p00,ARC_36p00_m34p00,1
3213,38.922,-32.724,0.500,-136.643,outer_bottom_right_fwd,outer_bottom_right_fwd,outer_corner_arc,bidirectional,ARC_40p00_m30p00,ARC_36p00_m34p00,1
3214,38.559,-33.067,0.500,-143.802,outer_bottom_right_fwd,outer_bottom_right_fwd,outer_corner_arc,bidirectional,ARC_40p00_m30p00,ARC_36p00_m34p00,1
3215,38.156,-33.362,0.500,-150.960,outer_bottom_right_fwd,outer_bottom_right_fwd,outer_corner_arc,bidirectional,ARC_40p00_m30p00,ARC_36p00_m34p00,1
3216,37.720,-33.605,0.500,-158.118,outer_bottom_right_fwd,outer_bottom_right_fwd,outer_corner_arc,bidirectional,ARC_40p00_m30p00,ARC_36p00_m34p00,1
3217,37.256,-33.791,0.500,-165.276,outer_bottom_right_fwd,outer_bottom_right_fwd,outer_corner_arc,bidirectional,ARC_40p00_m30p00,ARC_36p00_m34p00,1
3218,36.774,-33.917,0.500,-172.435,outer_bottom_right_fwd,outer_bottom_right_fwd,outer_corner_arc,bidirectional,ARC_40p00_m30p00,ARC_36p00_m34p00,1
3219,36.279,-33.983,0.500,-176.538,outer_bottom_right_fwd,outer_bottom_right_fwd,outer_corner_arc,bidirectional,ARC_40p00_m30p00,ARC_36p00_m34p00,1
3220,36.000,-34.000,0.500,-176.538,outer_bottom_right_fwd,outer_bottom_right_fwd,outer_corner_arc,bidirectional,ARC_40p00_m30p00,ARC_36p00_m34p00,0
3221,40.000,-30.000,0.500,-90.000,outer_bottom_right_conn0_fwd,outer_bottom_right_conn0_fwd,arc_connector,bidirectional,ARC_40p00_m30p00,J_40p00_m34p00,1
3222,40.000,-30.500,0.500,-90.000,outer_bottom_right_conn0_fwd,outer_bottom_right_conn0_fwd,arc_connector,bidirectional,ARC_40p00_m30p00,J_40p00_m34p00,1
3223,40.000,-31.000,0.500,-90.000,outer_bottom_right_conn0_fwd,outer_bottom_right_conn0_fwd,arc_connector,bidirectional,ARC_40p00_m30p00,J_40p00_m34p00,1
3224,40.000,-31.500,0.500,-90.000,outer_bottom_right_conn0_fwd,outer_bottom_right_conn0_fwd,arc_connector,bidirectional,ARC_40p00_m30p00,J_40p00_m34p00,1
3225,40.000,-32.000,0.500,-90.000,outer_bottom_right_conn0_fwd,outer_bottom_right_conn0_fwd,arc_connector,bidirectional,ARC_40p00_m30p00,J_40p00_m34p00,1
3226,40.000,-32.500,0.500,-90.000,outer_bottom_right_conn0_fwd,outer_bottom_right_conn0_fwd,arc_connector,bidirectional,ARC_40p00_m30p00,J_40p00_m34p00,1
3227,40.000,-33.000,0.500,-90.000,outer_bottom_right_conn0_fwd,outer_bottom_right_conn0_fwd,arc_connector,bidirectional,ARC_40p00_m30p00,J_40p00_m34p00,1
3228,40.000,-33.500,0.500,-90.000,outer_bottom_right_conn0_fwd,outer_bottom_right_conn0_fwd,arc_connector,bidirectional,ARC_40p00_m30p00,J_40p00_m34p00,1
3229,40.000,-34.000,0.500,-90.000,outer_bottom_right_conn0_fwd,outer_bottom_right_conn0_fwd,arc_connector,bidirectional,ARC_40p00_m30p00,J_40p00_m34p00,0
3230,36.000,-34.000,0.500,3.462,outer_bottom_right_rev,outer_bottom_right_rev,outer_corner_arc,bidirectional,ARC_36p00_m34p00,ARC_40p00_m30p00,1
3231,36.279,-33.983,0.500,7.565,outer_bottom_right_rev,outer_bottom_right_rev,outer_corner_arc,bidirectional,ARC_36p00_m34p00,ARC_40p00_m30p00,1
3232,36.774,-33.917,0.500,14.724,outer_bottom_right_rev,outer_bottom_right_rev,outer_corner_arc,bidirectional,ARC_36p00_m34p00,ARC_40p00_m30p00,1
3233,37.256,-33.791,0.500,21.882,outer_bottom_right_rev,outer_bottom_right_rev,outer_corner_arc,bidirectional,ARC_36p00_m34p00,ARC_40p00_m30p00,1
3234,37.720,-33.605,0.500,29.040,outer_bottom_right_rev,outer_bottom_right_rev,outer_corner_arc,bidirectional,ARC_36p00_m34p00,ARC_40p00_m30p00,1
3235,38.156,-33.362,0.500,36.198,outer_bottom_right_rev,outer_bottom_right_rev,outer_corner_arc,bidirectional,ARC_36p00_m34p00,ARC_40p00_m30p00,1
3236,38.559,-33.067,0.500,43.357,outer_bottom_right_rev,outer_bottom_right_rev,outer_corner_arc,bidirectional,ARC_36p00_m34p00,ARC_40p00_m30p00,1
3237,38.922,-32.724,0.500,50.515,outer_bottom_right_rev,outer_bottom_right_rev,outer_corner_arc,bidirectional,ARC_36p00_m34p00,ARC_40p00_m30p00,1
3238,39.240,-32.339,0.500,57.673,outer_bottom_right_rev,outer_bottom_right_rev,outer_corner_arc,bidirectional,ARC_36p00_m34p00,ARC_40p00_m30p00,1
3239,39.507,-31.917,0.500,64.831,outer_bottom_right_rev,outer_bottom_right_rev,outer_corner_arc,bidirectional,ARC_36p00_m34p00,ARC_40p00_m30p00,1
3240,39.719,-31.465,0.500,71.989,outer_bottom_right_rev,outer_bottom_right_rev,outer_corner_arc,bidirectional,ARC_36p00_m34p00,ARC_40p00_m30p00,1
3241,39.874,-30.990,0.500,79.146,outer_bottom_right_rev,outer_bottom_right_rev,outer_corner_arc,bidirectional,ARC_36p00_m34p00,ARC_40p00_m30p00,1
3242,39.968,-30.499,0.500,86.304,outer_bottom_right_rev,outer_bottom_right_rev,outer_corner_arc,bidirectional,ARC_36p00_m34p00,ARC_40p00_m30p00,1
3243,40.000,-30.000,0.500,86.304,outer_bottom_right_rev,outer_bottom_right_rev,outer_corner_arc,bidirectional,ARC_36p00_m34p00,ARC_40p00_m30p00,0
3244,36.000,-34.000,0.500,0.000,outer_bottom_right_conn1_fwd,outer_bottom_right_conn1_fwd,arc_connector,bidirectional,ARC_36p00_m34p00,J_40p00_m34p00,1
3245,36.500,-34.000,0.500,0.000,outer_bottom_right_conn1_fwd,outer_bottom_right_conn1_fwd,arc_connector,bidirectional,ARC_36p00_m34p00,J_40p00_m34p00,1
3246,37.000,-34.000,0.500,0.000,outer_bottom_right_conn1_fwd,outer_bottom_right_conn1_fwd,arc_connector,bidirectional,ARC_36p00_m34p00,J_40p00_m34p00,1
3247,37.500,-34.000,0.500,0.000,outer_bottom_right_conn1_fwd,outer_bottom_right_conn1_fwd,arc_connector,bidirectional,ARC_36p00_m34p00,J_40p00_m34p00,1
3248,38.000,-34.000,0.500,0.000,outer_bottom_right_conn1_fwd,outer_bottom_right_conn1_fwd,arc_connector,bidirectional,ARC_36p00_m34p00,J_40p00_m34p00,1
3249,38.500,-34.000,0.500,0.000,outer_bottom_right_conn1_fwd,outer_bottom_right_conn1_fwd,arc_connector,bidirectional,ARC_36p00_m34p00,J_40p00_m34p00,1
3250,39.000,-34.000,0.500,0.000,outer_bottom_right_conn1_fwd,outer_bottom_right_conn1_fwd,arc_connector,bidirectional,ARC_36p00_m34p00,J_40p00_m34p00,1
3251,39.500,-34.000,0.500,0.000,outer_bottom_right_conn1_fwd,outer_bottom_right_conn1_fwd,arc_connector,bidirectional,ARC_36p00_m34p00,J_40p00_m34p00,1
3252,40.000,-34.000,0.500,0.000,outer_bottom_right_conn1_fwd,outer_bottom_right_conn1_fwd,arc_connector,bidirectional,ARC_36p00_m34p00,J_40p00_m34p00,0
3253,-36.000,-34.000,0.500,176.304,outer_bottom_left_fwd,outer_bottom_left_fwd,outer_corner_arc,bidirectional,ARC_m36p00_m34p00,ARC_m40p00_m30p00,1
3254,-36.499,-33.968,0.500,169.146,outer_bottom_left_fwd,outer_bottom_left_fwd,outer_corner_arc,bidirectional,ARC_m36p00_m34p00,ARC_m40p00_m30p00,1
3255,-36.990,-33.874,0.500,161.989,outer_bottom_left_fwd,outer_bottom_left_fwd,outer_corner_arc,bidirectional,ARC_m36p00_m34p00,ARC_m40p00_m30p00,1
3256,-37.465,-33.719,0.500,154.831,outer_bottom_left_fwd,outer_bottom_left_fwd,outer_corner_arc,bidirectional,ARC_m36p00_m34p00,ARC_m40p00_m30p00,1
3257,-37.917,-33.507,0.500,147.673,outer_bottom_left_fwd,outer_bottom_left_fwd,outer_corner_arc,bidirectional,ARC_m36p00_m34p00,ARC_m40p00_m30p00,1
3258,-38.339,-33.240,0.500,140.515,outer_bottom_left_fwd,outer_bottom_left_fwd,outer_corner_arc,bidirectional,ARC_m36p00_m34p00,ARC_m40p00_m30p00,1
3259,-38.724,-32.922,0.500,133.357,outer_bottom_left_fwd,outer_bottom_left_fwd,outer_corner_arc,bidirectional,ARC_m36p00_m34p00,ARC_m40p00_m30p00,1
3260,-39.067,-32.559,0.500,126.198,outer_bottom_left_fwd,outer_bottom_left_fwd,outer_corner_arc,bidirectional,ARC_m36p00_m34p00,ARC_m40p00_m30p00,1
3261,-39.362,-32.156,0.500,119.040,outer_bottom_left_fwd,outer_bottom_left_fwd,outer_corner_arc,bidirectional,ARC_m36p00_m34p00,ARC_m40p00_m30p00,1
3262,-39.605,-31.720,0.500,111.882,outer_bottom_left_fwd,outer_bottom_left_fwd,outer_corner_arc,bidirectional,ARC_m36p00_m34p00,ARC_m40p00_m30p00,1
3263,-39.791,-31.256,0.500,104.724,outer_bottom_left_fwd,outer_bottom_left_fwd,outer_corner_arc,bidirectional,ARC_m36p00_m34p00,ARC_m40p00_m30p00,1
3264,-39.917,-30.774,0.500,97.565,outer_bottom_left_fwd,outer_bottom_left_fwd,outer_corner_arc,bidirectional,ARC_m36p00_m34p00,ARC_m40p00_m30p00,1
3265,-39.983,-30.279,0.500,93.462,outer_bottom_left_fwd,outer_bottom_left_fwd,outer_corner_arc,bidirectional,ARC_m36p00_m34p00,ARC_m40p00_m30p00,1
3266,-40.000,-30.000,0.500,93.462,outer_bottom_left_fwd,outer_bottom_left_fwd,outer_corner_arc,bidirectional,ARC_m36p00_m34p00,ARC_m40p00_m30p00,0
3267,-36.000,-34.000,0.500,180.000,outer_bottom_left_conn0_fwd,outer_bottom_left_conn0_fwd,arc_connector,bidirectional,ARC_m36p00_m34p00,J_m40p00_m34p00,1
3268,-36.500,-34.000,0.500,180.000,outer_bottom_left_conn0_fwd,outer_bottom_left_conn0_fwd,arc_connector,bidirectional,ARC_m36p00_m34p00,J_m40p00_m34p00,1
3269,-37.000,-34.000,0.500,180.000,outer_bottom_left_conn0_fwd,outer_bottom_left_conn0_fwd,arc_connector,bidirectional,ARC_m36p00_m34p00,J_m40p00_m34p00,1
3270,-37.500,-34.000,0.500,180.000,outer_bottom_left_conn0_fwd,outer_bottom_left_conn0_fwd,arc_connector,bidirectional,ARC_m36p00_m34p00,J_m40p00_m34p00,1
3271,-38.000,-34.000,0.500,180.000,outer_bottom_left_conn0_fwd,outer_bottom_left_conn0_fwd,arc_connector,bidirectional,ARC_m36p00_m34p00,J_m40p00_m34p00,1
3272,-38.500,-34.000,0.500,180.000,outer_bottom_left_conn0_fwd,outer_bottom_left_conn0_fwd,arc_connector,bidirectional,ARC_m36p00_m34p00,J_m40p00_m34p00,1
3273,-39.000,-34.000,0.500,180.000,outer_bottom_left_conn0_fwd,outer_bottom_left_conn0_fwd,arc_connector,bidirectional,ARC_m36p00_m34p00,J_m40p00_m34p00,1
3274,-39.500,-34.000,0.500,180.000,outer_bottom_left_conn0_fwd,outer_bottom_left_conn0_fwd,arc_connector,bidirectional,ARC_m36p00_m34p00,J_m40p00_m34p00,1
3275,-40.000,-34.000,0.500,180.000,outer_bottom_left_conn0_fwd,outer_bottom_left_conn0_fwd,arc_connector,bidirectional,ARC_m36p00_m34p00,J_m40p00_m34p00,0
3276,-40.000,-30.000,0.500,-86.538,outer_bottom_left_rev,outer_bottom_left_rev,outer_corner_arc,bidirectional,ARC_m40p00_m30p00,ARC_m36p00_m34p00,1
3277,-39.983,-30.279,0.500,-82.435,outer_bottom_left_rev,outer_bottom_left_rev,outer_corner_arc,bidirectional,ARC_m40p00_m30p00,ARC_m36p00_m34p00,1
3278,-39.917,-30.774,0.500,-75.276,outer_bottom_left_rev,outer_bottom_left_rev,outer_corner_arc,bidirectional,ARC_m40p00_m30p00,ARC_m36p00_m34p00,1
3279,-39.791,-31.256,0.500,-68.118,outer_bottom_left_rev,outer_bottom_left_rev,outer_corner_arc,bidirectional,ARC_m40p00_m30p00,ARC_m36p00_m34p00,1
3280,-39.605,-31.720,0.500,-60.960,outer_bottom_left_rev,outer_bottom_left_rev,outer_corner_arc,bidirectional,ARC_m40p00_m30p00,ARC_m36p00_m34p00,1
3281,-39.362,-32.156,0.500,-53.802,outer_bottom_left_rev,outer_bottom_left_rev,outer_corner_arc,bidirectional,ARC_m40p00_m30p00,ARC_m36p00_m34p00,1
3282,-39.067,-32.559,0.500,-46.643,outer_bottom_left_rev,outer_bottom_left_rev,outer_corner_arc,bidirectional,ARC_m40p00_m30p00,ARC_m36p00_m34p00,1
3283,-38.724,-32.922,0.500,-39.485,outer_bottom_left_rev,outer_bottom_left_rev,outer_corner_arc,bidirectional,ARC_m40p00_m30p00,ARC_m36p00_m34p00,1
3284,-38.339,-33.240,0.500,-32.327,outer_bottom_left_rev,outer_bottom_left_rev,outer_corner_arc,bidirectional,ARC_m40p00_m30p00,ARC_m36p00_m34p00,1
3285,-37.917,-33.507,0.500,-25.169,outer_bottom_left_rev,outer_bottom_left_rev,outer_corner_arc,bidirectional,ARC_m40p00_m30p00,ARC_m36p00_m34p00,1
3286,-37.465,-33.719,0.500,-18.011,outer_bottom_left_rev,outer_bottom_left_rev,outer_corner_arc,bidirectional,ARC_m40p00_m30p00,ARC_m36p00_m34p00,1
3287,-36.990,-33.874,0.500,-10.854,outer_bottom_left_rev,outer_bottom_left_rev,outer_corner_arc,bidirectional,ARC_m40p00_m30p00,ARC_m36p00_m34p00,1
3288,-36.499,-33.968,0.500,-3.696,outer_bottom_left_rev,outer_bottom_left_rev,outer_corner_arc,bidirectional,ARC_m40p00_m30p00,ARC_m36p00_m34p00,1
3289,-36.000,-34.000,0.500,-3.696,outer_bottom_left_rev,outer_bottom_left_rev,outer_corner_arc,bidirectional,ARC_m40p00_m30p00,ARC_m36p00_m34p00,0
3290,-40.000,-30.000,0.500,-90.000,outer_bottom_left_conn1_fwd,outer_bottom_left_conn1_fwd,arc_connector,bidirectional,ARC_m40p00_m30p00,J_m40p00_m34p00,1
3291,-40.000,-30.500,0.500,-90.000,outer_bottom_left_conn1_fwd,outer_bottom_left_conn1_fwd,arc_connector,bidirectional,ARC_m40p00_m30p00,J_m40p00_m34p00,1
3292,-40.000,-31.000,0.500,-90.000,outer_bottom_left_conn1_fwd,outer_bottom_left_conn1_fwd,arc_connector,bidirectional,ARC_m40p00_m30p00,J_m40p00_m34p00,1
3293,-40.000,-31.500,0.500,-90.000,outer_bottom_left_conn1_fwd,outer_bottom_left_conn1_fwd,arc_connector,bidirectional,ARC_m40p00_m30p00,J_m40p00_m34p00,1
3294,-40.000,-32.000,0.500,-90.000,outer_bottom_left_conn1_fwd,outer_bottom_left_conn1_fwd,arc_connector,bidirectional,ARC_m40p00_m30p00,J_m40p00_m34p00,1
3295,-40.000,-32.500,0.500,-90.000,outer_bottom_left_conn1_fwd,outer_bottom_left_conn1_fwd,arc_connector,bidirectional,ARC_m40p00_m30p00,J_m40p00_m34p00,1
3296,-40.000,-33.000,0.500,-90.000,outer_bottom_left_conn1_fwd,outer_bottom_left_conn1_fwd,arc_connector,bidirectional,ARC_m40p00_m30p00,J_m40p00_m34p00,1
3297,-40.000,-33.500,0.500,-90.000,outer_bottom_left_conn1_fwd,outer_bottom_left_conn1_fwd,arc_connector,bidirectional,ARC_m40p00_m30p00,J_m40p00_m34p00,1
3298,-40.000,-34.000,0.500,-90.000,outer_bottom_left_conn1_fwd,outer_bottom_left_conn1_fwd,arc_connector,bidirectional,ARC_m40p00_m30p00,J_m40p00_m34p00,0
3299,-10.000,-4.000,0.500,92.010,RING_00_fwd,RING_00_fwd,roundabout_arc,bidirectional,R_00,R_01,1
3300,-10.018,-3.500,0.500,95.426,RING_00_fwd,RING_00_fwd,roundabout_arc,bidirectional,R_00,R_01,1
3301,-10.065,-3.003,0.500,98.843,RING_00_fwd,RING_00_fwd,roundabout_arc,bidirectional,R_00,R_01,1
3302,-10.142,-2.509,0.500,98.843,RING_00_fwd,RING_00_fwd,roundabout_arc,bidirectional,R_00,R_01,0
3303,-10.002,-4.071,0.500,-92.407,RING_31_rev,RING_31_rev,roundabout_arc,bidirectional,R_00,R_31,1
3304,-10.023,-4.570,0.500,-95.824,RING_31_rev,RING_31_rev,roundabout_arc,bidirectional,R_00,R_31,1
3305,-10.073,-5.067,0.500,-99.240,RING_31_rev,RING_31_rev,roundabout_arc,bidirectional,R_00,R_31,1
3306,-10.154,-5.561,0.500,-99.240,RING_31_rev,RING_31_rev,roundabout_arc,bidirectional,R_00,R_31,0
3307,-10.000,-4.000,0.500,0.000,R_E_fwd,R_E_fwd,roundabout_connector,bidirectional,R_00,J_20p00_m3p00,1
3308,-9.500,-4.000,0.500,0.000,R_E_fwd,R_E_fwd,roundabout_connector,bidirectional,R_00,J_20p00_m3p00,1
3309,-9.000,-4.000,0.500,0.000,R_E_fwd,R_E_fwd,roundabout_connector,bidirectional,R_00,J_20p00_m3p00,1
3310,-8.500,-4.000,0.500,0.000,R_E_fwd,R_E_fwd,roundabout_connector,bidirectional,R_00,J_20p00_m3p00,1
3311,-8.000,-4.000,0.500,0.000,R_E_fwd,R_E_fwd,roundabout_connector,bidirectional,R_00,J_20p00_m3p00,1
3312,-7.500,-4.000,0.500,0.000,R_E_fwd,R_E_fwd,roundabout_connector,bidirectional,R_00,J_20p00_m3p00,1
3313,-7.000,-4.000,0.500,0.000,R_E_fwd,R_E_fwd,roundabout_connector,bidirectional,R_00,J_20p00_m3p00,1
3314,-6.500,-4.000,0.500,0.000,R_E_fwd,R_E_fwd,roundabout_connector,bidirectional,R_00,J_20p00_m3p00,1
3315,-6.000,-4.000,0.500,0.000,R_E_fwd,R_E_fwd,roundabout_connector,bidirectional,R_00,J_20p00_m3p00,1
3316,-5.500,-4.000,0.500,0.000,R_E_fwd,R_E_fwd,roundabout_connector,bidirectional,R_00,J_20p00_m3p00,1
3317,-5.000,-4.000,0.500,0.000,R_E_fwd,R_E_fwd,roundabout_connector,bidirectional,R_00,J_20p00_m3p00,1
3318,-4.500,-4.000,0.500,0.000,R_E_fwd,R_E_fwd,roundabout_connector,bidirectional,R_00,J_20p00_m3p00,1
3319,-4.000,-4.000,0.500,0.000,R_E_fwd,R_E_fwd,roundabout_connector,bidirectional,R_00,J_20p00_m3p00,1
3320,-3.500,-4.000,0.500,0.000,R_E_fwd,R_E_fwd,roundabout_connector,bidirectional,R_00,J_20p00_m3p00,1
3321,-3.000,-4.000,0.500,0.000,R_E_fwd,R_E_fwd,roundabout_connector,bidirectional,R_00,J_20p00_m3p00,1
3322,-2.500,-4.000,0.500,0.000,R_E_fwd,R_E_fwd,roundabout_connector,bidirectional,R_00,J_20p00_m3p00,1
3323,-2.000,-4.000,0.500,0.000,R_E_fwd,R_E_fwd,roundabout_connector,bidirectional,R_00,J_20p00_m3p00,1
3324,-1.500,-4.000,0.500,0.000,R_E_fwd,R_E_fwd,roundabout_connector,bidirectional,R_00,J_20p00_m3p00,1
3325,-1.000,-4.000,0.500,0.000,R_E_fwd,R_E_fwd,roundabout_connector,bidirectional,R_00,J_20p00_m3p00,1
3326,-0.500,-4.000,0.500,0.000,R_E_fwd,R_E_fwd,roundabout_connector,bidirectional,R_00,J_20p00_m3p00,1
3327,0.000,-4.000,0.500,0.000,R_E_fwd,R_E_fwd,roundabout_connector,bidirectional,R_00,J_20p00_m3p00,1
3328,0.500,-4.000,0.500,0.000,R_E_fwd,R_E_fwd,roundabout_connector,bidirectional,R_00,J_20p00_m3p00,1
3329,1.000,-4.000,0.500,0.000,R_E_fwd,R_E_fwd,roundabout_connector,bidirectional,R_00,J_20p00_m3p00,1
3330,1.500,-4.000,0.500,0.000,R_E_fwd,R_E_fwd,roundabout_connector,bidirectional,R_00,J_20p00_m3p00,1
3331,2.000,-4.000,0.500,0.000,R_E_fwd,R_E_fwd,roundabout_connector,bidirectional,R_00,J_20p00_m3p00,1
3332,2.500,-4.000,0.500,0.000,R_E_fwd,R_E_fwd,roundabout_connector,bidirectional,R_00,J_20p00_m3p00,1
3333,3.000,-4.000,0.500,0.000,R_E_fwd,R_E_fwd,roundabout_connector,bidirectional,R_00,J_20p00_m3p00,1
3334,3.500,-4.000,0.500,0.000,R_E_fwd,R_E_fwd,roundabout_connector,bidirectional,R_00,J_20p00_m3p00,1
3335,4.000,-4.000,0.500,0.000,R_E_fwd,R_E_fwd,roundabout_connector,bidirectional,R_00,J_20p00_m3p00,1
3336,4.500,-4.000,0.500,0.000,R_E_fwd,R_E_fwd,roundabout_connector,bidirectional,R_00,J_20p00_m3p00,1
3337,5.000,-4.000,0.500,0.000,R_E_fwd,R_E_fwd,roundabout_connector,bidirectional,R_00,J_20p00_m3p00,1
3338,5.500,-4.000,0.500,0.000,R_E_fwd,R_E_fwd,roundabout_connector,bidirectional,R_00,J_20p00_m3p00,1
3339,6.000,-4.000,0.500,0.000,R_E_fwd,R_E_fwd,roundabout_connector,bidirectional,R_00,J_20p00_m3p00,1
3340,6.500,-4.000,0.500,0.000,R_E_fwd,R_E_fwd,roundabout_connector,bidirectional,R_00,J_20p00_m3p00,1
3341,7.000,-4.000,0.500,0.000,R_E_fwd,R_E_fwd,roundabout_connector,bidirectional,R_00,J_20p00_m3p00,1
3342,7.500,-4.000,0.500,0.000,R_E_fwd,R_E_fwd,roundabout_connector,bidirectional,R_00,J_20p00_m3p00,1
3343,8.000,-4.000,0.500,0.000,R_E_fwd,R_E_fwd,roundabout_connector,bidirectional,R_00,J_20p00_m3p00,1
3344,8.500,-4.000,0.500,0.000,R_E_fwd,R_E_fwd,roundabout_connector,bidirectional,R_00,J_20p00_m3p00,1
3345,9.000,-4.000,0.500,0.000,R_E_fwd,R_E_fwd,roundabout_connector,bidirectional,R_00,J_20p00_m3p00,1
3346,9.500,-4.000,0.500,0.000,R_E_fwd,R_E_fwd,roundabout_connector,bidirectional,R_00,J_20p00_m3p00,1
3347,10.000,-4.000,0.500,0.000,R_E_fwd,R_E_fwd,roundabout_connector,bidirectional,R_00,J_20p00_m3p00,1
3348,10.500,-4.000,0.500,0.000,R_E_fwd,R_E_fwd,roundabout_connector,bidirectional,R_00,J_20p00_m3p00,1
3349,11.000,-4.000,0.500,0.000,R_E_fwd,R_E_fwd,roundabout_connector,bidirectional,R_00,J_20p00_m3p00,1
3350,11.500,-4.000,0.500,0.000,R_E_fwd,R_E_fwd,roundabout_connector,bidirectional,R_00,J_20p00_m3p00,1
3351,12.000,-4.000,0.500,0.000,R_E_fwd,R_E_fwd,roundabout_connector,bidirectional,R_00,J_20p00_m3p00,1
3352,12.500,-4.000,0.500,0.000,R_E_fwd,R_E_fwd,roundabout_connector,bidirectional,R_00,J_20p00_m3p00,1
3353,13.000,-4.000,0.500,0.000,R_E_fwd,R_E_fwd,roundabout_connector,bidirectional,R_00,J_20p00_m3p00,1
3354,13.500,-4.000,0.500,0.000,R_E_fwd,R_E_fwd,roundabout_connector,bidirectional,R_00,J_20p00_m3p00,1
3355,14.000,-4.000,0.500,0.000,R_E_fwd,R_E_fwd,roundabout_connector,bidirectional,R_00,J_20p00_m3p00,1
3356,14.500,-4.000,0.500,0.000,R_E_fwd,R_E_fwd,roundabout_connector,bidirectional,R_00,J_20p00_m3p00,1
3357,15.000,-4.000,0.500,0.000,R_E_fwd,R_E_fwd,roundabout_connector,bidirectional,R_00,J_20p00_m3p00,1
3358,15.500,-4.000,0.500,0.000,R_E_fwd,R_E_fwd,roundabout_connector,bidirectional,R_00,J_20p00_m3p00,1
3359,16.000,-4.000,0.500,0.000,R_E_fwd,R_E_fwd,roundabout_connector,bidirectional,R_00,J_20p00_m3p00,1
3360,16.500,-4.000,0.500,0.000,R_E_fwd,R_E_fwd,roundabout_connector,bidirectional,R_00,J_20p00_m3p00,1
3361,17.000,-4.000,0.500,0.000,R_E_fwd,R_E_fwd,roundabout_connector,bidirectional,R_00,J_20p00_m3p00,1
3362,17.500,-4.000,0.500,0.000,R_E_fwd,R_E_fwd,roundabout_connector,bidirectional,R_00,J_20p00_m3p00,1
3363,18.000,-4.000,0.500,0.000,R_E_fwd,R_E_fwd,roundabout_connector,bidirectional,R_00,J_20p00_m3p00,1
3364,18.500,-4.000,0.500,0.000,R_E_fwd,R_E_fwd,roundabout_connector,bidirectional,R_00,J_20p00_m3p00,1
3365,19.000,-4.000,0.500,0.000,R_E_fwd,R_E_fwd,roundabout_connector,bidirectional,R_00,J_20p00_m3p00,1
3366,19.500,-4.000,0.500,0.000,R_E_fwd,R_E_fwd,roundabout_connector,bidirectional,R_00,J_20p00_m3p00,1
3367,20.000,-4.000,0.500,90.000,R_E_fwd,R_E_fwd,roundabout_connector,bidirectional,R_00,J_20p00_m3p00,1
3368,20.000,-3.500,0.500,90.000,R_E_fwd,R_E_fwd,roundabout_connector,bidirectional,R_00,J_20p00_m3p00,1
3369,20.000,-3.000,0.500,90.000,R_E_fwd,R_E_fwd,roundabout_connector,bidirectional,R_00,J_20p00_m3p00,0
3370,-10.142,-2.509,0.500,-81.157,RING_00_rev,RING_00_rev,roundabout_arc,bidirectional,R_01,R_00,1
3371,-10.065,-3.003,0.500,-84.574,RING_00_rev,RING_00_rev,roundabout_arc,bidirectional,R_01,R_00,1
3372,-10.018,-3.500,0.500,-87.990,RING_00_rev,RING_00_rev,roundabout_arc,bidirectional,R_01,R_00,1
3373,-10.000,-4.000,0.500,-87.990,RING_00_rev,RING_00_rev,roundabout_arc,bidirectional,R_01,R_00,0
3374,-10.154,-2.439,0.500,103.260,RING_01_fwd,RING_01_fwd,roundabout_arc,bidirectional,R_01,R_02,1
3375,-10.268,-1.953,0.500,106.676,RING_01_fwd,RING_01_fwd,roundabout_arc,bidirectional,R_01,R_02,1
3376,-10.412,-1.474,0.500,110.093,RING_01_fwd,RING_01_fwd,roundabout_arc,bidirectional,R_01,R_02,1
3377,-10.584,-1.004,0.500,110.093,RING_01_fwd,RING_01_fwd,roundabout_arc,bidirectional,R_01,R_02,0
3378,-10.584,-1.004,0.500,-69.907,RING_01_rev,RING_01_rev,roundabout_arc,bidirectional,R_02,R_01,1
3379,-10.412,-1.474,0.500,-73.324,RING_01_rev,RING_01_rev,roundabout_arc,bidirectional,R_02,R_01,1
3380,-10.268,-1.953,0.500,-76.740,RING_01_rev,RING_01_rev,roundabout_arc,bidirectional,R_02,R_01,1
3381,-10.154,-2.439,0.500,-76.740,RING_01_rev,RING_01_rev,roundabout_arc,bidirectional,R_02,R_01,0
3382,-10.609,-0.939,0.500,114.510,RING_02_fwd,RING_02_fwd,roundabout_arc,bidirectional,R_02,R_03,1
3383,-10.816,-0.484,0.500,117.926,RING_02_fwd,RING_02_fwd,roundabout_arc,bidirectional,R_02,R_03,1
3384,-11.050,-0.042,0.500,121.343,RING_02_fwd,RING_02_fwd,roundabout_arc,bidirectional,R_02,R_03,1
3385,-11.310,0.385,0.500,121.343,RING_02_fwd,RING_02_fwd,roundabout_arc,bidirectional,R_02,R_03,0
3386,-11.310,0.385,0.500,-58.657,RING_02_rev,RING_02_rev,roundabout_arc,bidirectional,R_03,R_02,1
3387,-11.050,-0.042,0.500,-62.074,RING_02_rev,RING_02_rev,roundabout_arc,bidirectional,R_03,R_02,1
3388,-10.816,-0.484,0.500,-65.490,RING_02_rev,RING_02_rev,roundabout_arc,bidirectional,R_03,R_02,1
3389,-10.609,-0.939,0.500,-65.490,RING_02_rev,RING_02_rev,roundabout_arc,bidirectional,R_03,R_02,0
3390,-11.348,0.445,0.500,125.760,RING_03_fwd,RING_03_fwd,roundabout_arc,bidirectional,R_03,R_04,1
3391,-11.640,0.850,0.500,129.176,RING_03_fwd,RING_03_fwd,roundabout_arc,bidirectional,R_03,R_04,1
3392,-11.956,1.238,0.500,132.593,RING_03_fwd,RING_03_fwd,roundabout_arc,bidirectional,R_03,R_04,1
3393,-12.294,1.606,0.500,132.593,RING_03_fwd,RING_03_fwd,roundabout_arc,bidirectional,R_03,R_04,0
3394,-12.294,1.606,0.500,-47.407,RING_03_rev,RING_03_rev,roundabout_arc,bidirectional,R_04,R_03,1
3395,-11.956,1.238,0.500,-50.824,RING_03_rev,RING_03_rev,roundabout_arc,bidirectional,R_04,R_03,1
3396,-11.640,0.850,0.500,-54.240,RING_03_rev,RING_03_rev,roundabout_arc,bidirectional,R_04,R_03,1
3397,-11.348,0.445,0.500,-54.240,RING_03_rev,RING_03_rev,roundabout_arc,bidirectional,R_04,R_03,0
3398,-12.343,1.657,0.500,137.010,RING_04_fwd,RING_04_fwd,roundabout_arc,bidirectional,R_04,R_05,1
3399,-12.709,1.998,0.500,140.426,RING_04_fwd,RING_04_fwd,roundabout_arc,bidirectional,R_04,R_05,1
3400,-13.094,2.316,0.500,143.843,RING_04_fwd,RING_04_fwd,roundabout_arc,bidirectional,R_04,R_05,1
3401,-13.498,2.611,0.500,143.843,RING_04_fwd,RING_04_fwd,roundabout_arc,bidirectional,R_04,R_05,0
3402,-13.498,2.611,0.500,-36.157,RING_04_rev,RING_04_rev,roundabout_arc,bidirectional,R_05,R_04,1
3403,-13.094,2.316,0.500,-39.574,RING_04_rev,RING_04_rev,roundabout_arc,bidirectional,R_05,R_04,1
3404,-12.709,1.998,0.500,-42.990,RING_04_rev,RING_04_rev,roundabout_arc,bidirectional,R_05,R_04,1
3405,-12.343,1.657,0.500,-42.990,RING_04_rev,RING_04_rev,roundabout_arc,bidirectional,R_05,R_04,0
3406,-13.555,2.652,0.500,148.260,RING_05_fwd,RING_05_fwd,roundabout_arc,bidirectional,R_05,R_06,1
3407,-13.981,2.915,0.500,151.676,RING_05_fwd,RING_05_fwd,roundabout_arc,bidirectional,R_05,R_06,1
3408,-14.421,3.152,0.500,155.093,RING_05_fwd,RING_05_fwd,roundabout_arc,bidirectional,R_05,R_06,1
3409,-14.874,3.362,0.500,155.093,RING_05_fwd,RING_05_fwd,roundabout_arc,bidirectional,R_05,R_06,0
3410,-14.874,3.362,0.500,-24.907,RING_05_rev,RING_05_rev,roundabout_arc,bidirectional,R_06,R_05,1
3411,-14.421,3.152,0.500,-28.324,RING_05_rev,RING_05_rev,roundabout_arc,bidirectional,R_06,R_05,1
3412,-13.981,2.915,0.500,-31.740,RING_05_rev,RING_05_rev,roundabout_arc,bidirectional,R_06,R_05,1
3413,-13.555,2.652,0.500,-31.740,RING_05_rev,RING_05_rev,roundabout_arc,bidirectional,R_06,R_05,0
3414,-14.939,3.391,0.500,159.510,RING_06_fwd,RING_06_fwd,roundabout_arc,bidirectional,R_06,R_07,1
3415,-15.407,3.566,0.500,162.926,RING_06_fwd,RING_06_fwd,roundabout_arc,bidirectional,R_06,R_07,1
3416,-15.885,3.713,0.500,166.343,RING_06_fwd,RING_06_fwd,roundabout_arc,bidirectional,R_06,R_07,1
3417,-16.370,3.831,0.500,166.343,RING_06_fwd,RING_06_fwd,roundabout_arc,bidirectional,R_06,R_07,0
3418,-16.370,3.831,0.500,-13.657,RING_06_rev,RING_06_rev,roundabout_arc,bidirectional,R_07,R_06,1
3419,-15.885,3.713,0.500,-17.074,RING_06_rev,RING_06_rev,roundabout_arc,bidirectional,R_07,R_06,1
3420,-15.407,3.566,0.500,-20.490,RING_06_rev,RING_06_rev,roundabout_arc,bidirectional,R_07,R_06,1
3421,-14.939,3.391,0.500,-20.490,RING_06_rev,RING_06_rev,roundabout_arc,bidirectional,R_07,R_06,0
3422,-16.439,3.846,0.500,170.760,RING_07_fwd,RING_07_fwd,roundabout_arc,bidirectional,R_07,R_08,1
3423,-16.933,3.927,0.500,174.176,RING_07_fwd,RING_07_fwd,roundabout_arc,bidirectional,R_07,R_08,1
3424,-17.430,3.977,0.500,177.593,RING_07_fwd,RING_07_fwd,roundabout_arc,bidirectional,R_07,R_08,1
3425,-17.929,3.998,0.500,177.593,RING_07_fwd,RING_07_fwd,roundabout_arc,bidirectional,R_07,R_08,0
3426,-17.929,3.998,0.500,-2.407,RING_07_rev,RING_07_rev,roundabout_arc,bidirectional,R_08,R_07,1
3427,-17.430,3.977,0.500,-5.824,RING_07_rev,RING_07_rev,roundabout_arc,bidirectional,R_08,R_07,1
3428,-16.933,3.927,0.500,-9.240,RING_07_rev,RING_07_rev,roundabout_arc,bidirectional,R_08,R_07,1
3429,-16.439,3.846,0.500,-9.240,RING_07_rev,RING_07_rev,roundabout_arc,bidirectional,R_08,R_07,0
3430,-18.000,4.000,0.500,-177.990,RING_08_fwd,RING_08_fwd,roundabout_arc,bidirectional,R_08,R_09,1
3431,-18.500,3.982,0.500,-174.574,RING_08_fwd,RING_08_fwd,roundabout_arc,bidirectional,R_08,R_09,1
3432,-18.997,3.935,0.500,-171.157,RING_08_fwd,RING_08_fwd,roundabout_arc,bidirectional,R_08,R_09,1
3433,-19.491,3.858,0.500,-171.157,RING_08_fwd,RING_08_fwd,roundabout_arc,bidirectional,R_08,R_09,0
3434,-18.000,4.000,0.500,180.000,R_N_fwd,R_N_fwd,roundabout_connector,bidirectional,R_08,J_m20p00_m3p00,1
3435,-18.500,4.000,0.500,180.000,R_N_fwd,R_N_fwd,roundabout_connector,bidirectional,R_08,J_m20p00_m3p00,1
3436,-19.000,4.000,0.500,180.000,R_N_fwd,R_N_fwd,roundabout_connector,bidirectional,R_08,J_m20p00_m3p00,1
3437,-19.500,4.000,0.500,180.000,R_N_fwd,R_N_fwd,roundabout_connector,bidirectional,R_08,J_m20p00_m3p00,1
3438,-20.000,4.000,0.500,-90.000,R_N_fwd,R_N_fwd,roundabout_connector,bidirectional,R_08,J_m20p00_m3p00,1
3439,-20.000,3.500,0.500,-90.000,R_N_fwd,R_N_fwd,roundabout_connector,bidirectional,R_08,J_m20p00_m3p00,1
3440,-20.000,3.000,0.500,-90.000,R_N_fwd,R_N_fwd,roundabout_connector,bidirectional,R_08,J_m20p00_m3p00,1
3441,-20.000,2.500,0.500,-90.000,R_N_fwd,R_N_fwd,roundabout_connector,bidirectional,R_08,J_m20p00_m3p00,1
3442,-20.000,2.000,0.500,-90.000,R_N_fwd,R_N_fwd,roundabout_connector,bidirectional,R_08,J_m20p00_m3p00,1
3443,-20.000,1.500,0.500,-90.000,R_N_fwd,R_N_fwd,roundabout_connector,bidirectional,R_08,J_m20p00_m3p00,1
3444,-20.000,1.000,0.500,-90.000,R_N_fwd,R_N_fwd,roundabout_connector,bidirectional,R_08,J_m20p00_m3p00,1
3445,-20.000,0.500,0.500,-90.000,R_N_fwd,R_N_fwd,roundabout_connector,bidirectional,R_08,J_m20p00_m3p00,1
3446,-20.000,0.000,0.500,-90.000,R_N_fwd,R_N_fwd,roundabout_connector,bidirectional,R_08,J_m20p00_m3p00,1
3447,-20.000,-0.500,0.500,-90.000,R_N_fwd,R_N_fwd,roundabout_connector,bidirectional,R_08,J_m20p00_m3p00,1
3448,-20.000,-1.000,0.500,-90.000,R_N_fwd,R_N_fwd,roundabout_connector,bidirectional,R_08,J_m20p00_m3p00,1
3449,-20.000,-1.500,0.500,-90.000,R_N_fwd,R_N_fwd,roundabout_connector,bidirectional,R_08,J_m20p00_m3p00,1
3450,-20.000,-2.000,0.500,-90.000,R_N_fwd,R_N_fwd,roundabout_connector,bidirectional,R_08,J_m20p00_m3p00,1
3451,-20.000,-2.500,0.500,-90.000,R_N_fwd,R_N_fwd,roundabout_connector,bidirectional,R_08,J_m20p00_m3p00,1
3452,-20.000,-3.000,0.500,-90.000,R_N_fwd,R_N_fwd,roundabout_connector,bidirectional,R_08,J_m20p00_m3p00,0
3453,-19.491,3.858,0.500,8.843,RING_08_rev,RING_08_rev,roundabout_arc,bidirectional,R_09,R_08,1
3454,-18.997,3.935,0.500,5.426,RING_08_rev,RING_08_rev,roundabout_arc,bidirectional,R_09,R_08,1
3455,-18.500,3.982,0.500,2.010,RING_08_rev,RING_08_rev,roundabout_arc,bidirectional,R_09,R_08,1
3456,-18.000,4.000,0.500,2.010,RING_08_rev,RING_08_rev,roundabout_arc,bidirectional,R_09,R_08,0
3457,-19.561,3.846,0.500,-166.740,RING_09_fwd,RING_09_fwd,roundabout_arc,bidirectional,R_09,R_10,1
3458,-20.047,3.732,0.500,-163.324,RING_09_fwd,RING_09_fwd,roundabout_arc,bidirectional,R_09,R_10,1
3459,-20.526,3.588,0.500,-159.907,RING_09_fwd,RING_09_fwd,roundabout_arc,bidirectional,R_09,R_10,1
3460,-20.996,3.416,0.500,-159.907,RING_09_fwd,RING_09_fwd,roundabout_arc,bidirectional,R_09,R_10,0
3461,-20.996,3.416,0.500,20.093,RING_09_rev,RING_09_rev,roundabout_arc,bidirectional,R_10,R_09,1
3462,-20.526,3.588,0.500,16.676,RING_09_rev,RING_09_rev,roundabout_arc,bidirectional,R_10,R_09,1
3463,-20.047,3.732,0.500,13.260,RING_09_rev,RING_09_rev,roundabout_arc,bidirectional,R_10,R_09,1
3464,-19.561,3.846,0.500,13.260,RING_09_rev,RING_09_rev,roundabout_arc,bidirectional,R_10,R_09,0
3465,-21.061,3.391,0.500,-155.490,RING_10_fwd,RING_10_fwd,roundabout_arc,bidirectional,R_10,R_11,1
3466,-21.516,3.184,0.500,-152.074,RING_10_fwd,RING_10_fwd,roundabout_arc,bidirectional,R_10,R_11,1
3467,-21.958,2.950,0.500,-148.657,RING_10_fwd,RING_10_fwd,roundabout_arc,bidirectional,R_10,R_11,1
3468,-22.385,2.690,0.500,-148.657,RING_10_fwd,RING_10_fwd,roundabout_arc,bidirectional,R_10,R_11,0
3469,-22.385,2.690,0.500,31.343,RING_10_rev,RING_10_rev,roundabout_arc,bidirectional,R_11,R_10,1
3470,-21.958,2.950,0.500,27.926,RING_10_rev,RING_10_rev,roundabout_arc,bidirectional,R_11,R_10,1
3471,-21.516,3.184,0.500,24.510,RING_10_rev,RING_10_rev,roundabout_arc,bidirectional,R_11,R_10,1
3472,-21.061,3.391,0.500,24.510,RING_10_rev,RING_10_rev,roundabout_arc,bidirectional,R_11,R_10,0
3473,-22.445,2.652,0.500,-144.240,RING_11_fwd,RING_11_fwd,roundabout_arc,bidirectional,R_11,R_12,1
3474,-22.850,2.360,0.500,-140.824,RING_11_fwd,RING_11_fwd,roundabout_arc,bidirectional,R_11,R_12,1
3475,-23.238,2.044,0.500,-137.407,RING_11_fwd,RING_11_fwd,roundabout_arc,bidirectional,R_11,R_12,1
3476,-23.606,1.706,0.500,-137.407,RING_11_fwd,RING_11_fwd,roundabout_arc,bidirectional,R_11,R_12,0
3477,-23.606,1.706,0.500,42.593,RING_11_rev,RING_11_rev,roundabout_arc,bidirectional,R_12,R_11,1
3478,-23.238,2.044,0.500,39.176,RING_11_rev,RING_11_rev,roundabout_arc,bidirectional,R_12,R_11,1
3479,-22.850,2.360,0.500,35.760,RING_11_rev,RING_11_rev,roundabout_arc,bidirectional,R_12,R_11,1
3480,-22.445,2.652,0.500,35.760,RING_11_rev,RING_11_rev,roundabout_arc,bidirectional,R_12,R_11,0
3481,-23.657,1.657,0.500,-132.990,RING_12_fwd,RING_12_fwd,roundabout_arc,bidirectional,R_12,R_13,1
3482,-23.998,1.291,0.500,-129.574,RING_12_fwd,RING_12_fwd,roundabout_arc,bidirectional,R_12,R_13,1
3483,-24.316,0.906,0.500,-126.157,RING_12_fwd,RING_12_fwd,roundabout_arc,bidirectional,R_12,R_13,1
3484,-24.611,0.502,0.500,-126.157,RING_12_fwd,RING_12_fwd,roundabout_arc,bidirectional,R_12,R_13,0
3485,-24.611,0.502,0.500,53.843,RING_12_rev,RING_12_rev,roundabout_arc,bidirectional,R_13,R_12,1
3486,-24.316,0.906,0.500,50.426,RING_12_rev,RING_12_rev,roundabout_arc,bidirectional,R_13,R_12,1
3487,-23.998,1.291,0.500,47.010,RING_12_rev,RING_12_rev,roundabout_arc,bidirectional,R_13,R_12,1
3488,-23.657,1.657,0.500,47.010,RING_12_rev,RING_12_rev,roundabout_arc,bidirectional,R_13,R_12,0
3489,-24.652,0.445,0.500,-121.740,RING_13_fwd,RING_13_fwd,roundabout_arc,bidirectional,R_13,R_14,1
3490,-24.915,0.019,0.500,-118.324,RING_13_fwd,RING_13_fwd,roundabout_arc,bidirectional,R_13,R_14,1
3491,-25.152,-0.421,0.500,-114.907,RING_13_fwd,RING_13_fwd,roundabout_arc,bidirectional,R_13,R_14,1
3492,-25.362,-0.874,0.500,-114.907,RING_13_fwd,RING_13_fwd,roundabout_arc,bidirectional,R_13,R_14,0
3493,-25.362,-0.874,0.500,65.093,RING_13_rev,RING_13_rev,roundabout_arc,bidirectional,R_14,R_13,1
3494,-25.152,-0.421,0.500,61.676,RING_13_rev,RING_13_rev,roundabout_arc,bidirectional,R_14,R_13,1
3495,-24.915,0.019,0.500,58.260,RING_13_rev,RING_13_rev,roundabout_arc,bidirectional,R_14,R_13,1
3496,-24.652,0.445,0.500,58.260,RING_13_rev,RING_13_rev,roundabout_arc,bidirectional,R_14,R_13,0
3497,-25.391,-0.939,0.500,-110.490,RING_14_fwd,RING_14_fwd,roundabout_arc,bidirectional,R_14,R_15,1
3498,-25.566,-1.407,0.500,-107.074,RING_14_fwd,RING_14_fwd,roundabout_arc,bidirectional,R_14,R_15,1
3499,-25.713,-1.885,0.500,-103.657,RING_14_fwd,RING_14_fwd,roundabout_arc,bidirectional,R_14,R_15,1
3500,-25.831,-2.370,0.500,-103.657,RING_14_fwd,RING_14_fwd,roundabout_arc,bidirectional,R_14,R_15,0
3501,-25.831,-2.370,0.500,76.343,RING_14_rev,RING_14_rev,roundabout_arc,bidirectional,R_15,R_14,1
3502,-25.713,-1.885,0.500,72.926,RING_14_rev,RING_14_rev,roundabout_arc,bidirectional,R_15,R_14,1
3503,-25.566,-1.407,0.500,69.510,RING_14_rev,RING_14_rev,roundabout_arc,bidirectional,R_15,R_14,1
3504,-25.391,-0.939,0.500,69.510,RING_14_rev,RING_14_rev,roundabout_arc,bidirectional,R_15,R_14,0
3505,-25.846,-2.439,0.500,-99.240,RING_15_fwd,RING_15_fwd,roundabout_arc,bidirectional,R_15,R_16,1
3506,-25.927,-2.933,0.500,-95.824,RING_15_fwd,RING_15_fwd,roundabout_arc,bidirectional,R_15,R_16,1
3507,-25.977,-3.430,0.500,-92.407,RING_15_fwd,RING_15_fwd,roundabout_arc,bidirectional,R_15,R_16,1
3508,-25.998,-3.929,0.500,-92.407,RING_15_fwd,RING_15_fwd,roundabout_arc,bidirectional,R_15,R_16,0
3509,-25.998,-3.929,0.500,87.593,RING_15_rev,RING_15_rev,roundabout_arc,bidirectional,R_16,R_15,1
3510,-25.977,-3.430,0.500,84.176,RING_15_rev,RING_15_rev,roundabout_arc,bidirectional,R_16,R_15,1
3511,-25.927,-2.933,0.500,80.760,RING_15_rev,RING_15_rev,roundabout_arc,bidirectional,R_16,R_15,1
3512,-25.846,-2.439,0.500,80.760,RING_15_rev,RING_15_rev,roundabout_arc,bidirectional,R_16,R_15,0
3513,-26.000,-4.000,0.500,-87.990,RING_16_fwd,RING_16_fwd,roundabout_arc,bidirectional,R_16,R_17,1
3514,-25.982,-4.500,0.500,-84.574,RING_16_fwd,RING_16_fwd,roundabout_arc,bidirectional,R_16,R_17,1
3515,-25.935,-4.997,0.500,-81.157,RING_16_fwd,RING_16_fwd,roundabout_arc,bidirectional,R_16,R_17,1
3516,-25.858,-5.491,0.500,-81.157,RING_16_fwd,RING_16_fwd,roundabout_arc,bidirectional,R_16,R_17,0
3517,-26.000,-4.000,0.500,180.000,R_W_fwd,R_W_fwd,roundabout_connector,bidirectional,R_16,J_m40p00_m3p00,1
3518,-26.500,-4.000,0.500,180.000,R_W_fwd,R_W_fwd,roundabout_connector,bidirectional,R_16,J_m40p00_m3p00,1
3519,-27.000,-4.000,0.500,180.000,R_W_fwd,R_W_fwd,roundabout_connector,bidirectional,R_16,J_m40p00_m3p00,1
3520,-27.500,-4.000,0.500,180.000,R_W_fwd,R_W_fwd,roundabout_connector,bidirectional,R_16,J_m40p00_m3p00,1
3521,-28.000,-4.000,0.500,180.000,R_W_fwd,R_W_fwd,roundabout_connector,bidirectional,R_16,J_m40p00_m3p00,1
3522,-28.500,-4.000,0.500,180.000,R_W_fwd,R_W_fwd,roundabout_connector,bidirectional,R_16,J_m40p00_m3p00,1
3523,-29.000,-4.000,0.500,180.000,R_W_fwd,R_W_fwd,roundabout_connector,bidirectional,R_16,J_m40p00_m3p00,1
3524,-29.500,-4.000,0.500,180.000,R_W_fwd,R_W_fwd,roundabout_connector,bidirectional,R_16,J_m40p00_m3p00,1
3525,-30.000,-4.000,0.500,180.000,R_W_fwd,R_W_fwd,roundabout_connector,bidirectional,R_16,J_m40p00_m3p00,1
3526,-30.500,-4.000,0.500,180.000,R_W_fwd,R_W_fwd,roundabout_connector,bidirectional,R_16,J_m40p00_m3p00,1
3527,-31.000,-4.000,0.500,180.000,R_W_fwd,R_W_fwd,roundabout_connector,bidirectional,R_16,J_m40p00_m3p00,1
3528,-31.500,-4.000,0.500,180.000,R_W_fwd,R_W_fwd,roundabout_connector,bidirectional,R_16,J_m40p00_m3p00,1
3529,-32.000,-4.000,0.500,180.000,R_W_fwd,R_W_fwd,roundabout_connector,bidirectional,R_16,J_m40p00_m3p00,1
3530,-32.500,-4.000,0.500,180.000,R_W_fwd,R_W_fwd,roundabout_connector,bidirectional,R_16,J_m40p00_m3p00,1
3531,-33.000,-4.000,0.500,180.000,R_W_fwd,R_W_fwd,roundabout_connector,bidirectional,R_16,J_m40p00_m3p00,1
3532,-33.500,-4.000,0.500,180.000,R_W_fwd,R_W_fwd,roundabout_connector,bidirectional,R_16,J_m40p00_m3p00,1
3533,-34.000,-4.000,0.500,180.000,R_W_fwd,R_W_fwd,roundabout_connector,bidirectional,R_16,J_m40p00_m3p00,1
3534,-34.500,-4.000,0.500,180.000,R_W_fwd,R_W_fwd,roundabout_connector,bidirectional,R_16,J_m40p00_m3p00,1
3535,-35.000,-4.000,0.500,180.000,R_W_fwd,R_W_fwd,roundabout_connector,bidirectional,R_16,J_m40p00_m3p00,1
3536,-35.500,-4.000,0.500,180.000,R_W_fwd,R_W_fwd,roundabout_connector,bidirectional,R_16,J_m40p00_m3p00,1
3537,-36.000,-4.000,0.500,180.000,R_W_fwd,R_W_fwd,roundabout_connector,bidirectional,R_16,J_m40p00_m3p00,1
3538,-36.500,-4.000,0.500,180.000,R_W_fwd,R_W_fwd,roundabout_connector,bidirectional,R_16,J_m40p00_m3p00,1
3539,-37.000,-4.000,0.500,180.000,R_W_fwd,R_W_fwd,roundabout_connector,bidirectional,R_16,J_m40p00_m3p00,1
3540,-37.500,-4.000,0.500,180.000,R_W_fwd,R_W_fwd,roundabout_connector,bidirectional,R_16,J_m40p00_m3p00,1
3541,-38.000,-4.000,0.500,180.000,R_W_fwd,R_W_fwd,roundabout_connector,bidirectional,R_16,J_m40p00_m3p00,1
3542,-38.500,-4.000,0.500,180.000,R_W_fwd,R_W_fwd,roundabout_connector,bidirectional,R_16,J_m40p00_m3p00,1
3543,-39.000,-4.000,0.500,180.000,R_W_fwd,R_W_fwd,roundabout_connector,bidirectional,R_16,J_m40p00_m3p00,1
3544,-39.500,-4.000,0.500,180.000,R_W_fwd,R_W_fwd,roundabout_connector,bidirectional,R_16,J_m40p00_m3p00,1
3545,-40.000,-4.000,0.500,90.000,R_W_fwd,R_W_fwd,roundabout_connector,bidirectional,R_16,J_m40p00_m3p00,1
3546,-40.000,-3.500,0.500,90.000,R_W_fwd,R_W_fwd,roundabout_connector,bidirectional,R_16,J_m40p00_m3p00,1
3547,-40.000,-3.000,0.500,90.000,R_W_fwd,R_W_fwd,roundabout_connector,bidirectional,R_16,J_m40p00_m3p00,0
3548,-25.858,-5.491,0.500,98.843,RING_16_rev,RING_16_rev,roundabout_arc,bidirectional,R_17,R_16,1
3549,-25.935,-4.997,0.500,95.426,RING_16_rev,RING_16_rev,roundabout_arc,bidirectional,R_17,R_16,1
3550,-25.982,-4.500,0.500,92.010,RING_16_rev,RING_16_rev,roundabout_arc,bidirectional,R_17,R_16,1
3551,-26.000,-4.000,0.500,92.010,RING_16_rev,RING_16_rev,roundabout_arc,bidirectional,R_17,R_16,0
3552,-25.846,-5.561,0.500,-76.740,RING_17_fwd,RING_17_fwd,roundabout_arc,bidirectional,R_17,R_18,1
3553,-25.732,-6.047,0.500,-73.324,RING_17_fwd,RING_17_fwd,roundabout_arc,bidirectional,R_17,R_18,1
3554,-25.588,-6.526,0.500,-69.907,RING_17_fwd,RING_17_fwd,roundabout_arc,bidirectional,R_17,R_18,1
3555,-25.416,-6.996,0.500,-69.907,RING_17_fwd,RING_17_fwd,roundabout_arc,bidirectional,R_17,R_18,0
3556,-25.416,-6.996,0.500,110.093,RING_17_rev,RING_17_rev,roundabout_arc,bidirectional,R_18,R_17,1
3557,-25.588,-6.526,0.500,106.676,RING_17_rev,RING_17_rev,roundabout_arc,bidirectional,R_18,R_17,1
3558,-25.732,-6.047,0.500,103.260,RING_17_rev,RING_17_rev,roundabout_arc,bidirectional,R_18,R_17,1
3559,-25.846,-5.561,0.500,103.260,RING_17_rev,RING_17_rev,roundabout_arc,bidirectional,R_18,R_17,0
3560,-25.391,-7.061,0.500,-65.490,RING_18_fwd,RING_18_fwd,roundabout_arc,bidirectional,R_18,R_19,1
3561,-25.184,-7.516,0.500,-62.074,RING_18_fwd,RING_18_fwd,roundabout_arc,bidirectional,R_18,R_19,1
3562,-24.950,-7.958,0.500,-58.657,RING_18_fwd,RING_18_fwd,roundabout_arc,bidirectional,R_18,R_19,1
3563,-24.690,-8.385,0.500,-58.657,RING_18_fwd,RING_18_fwd,roundabout_arc,bidirectional,R_18,R_19,0
3564,-24.690,-8.385,0.500,121.343,RING_18_rev,RING_18_rev,roundabout_arc,bidirectional,R_19,R_18,1
3565,-24.950,-7.958,0.500,117.926,RING_18_rev,RING_18_rev,roundabout_arc,bidirectional,R_19,R_18,1
3566,-25.184,-7.516,0.500,114.510,RING_18_rev,RING_18_rev,roundabout_arc,bidirectional,R_19,R_18,1
3567,-25.391,-7.061,0.500,114.510,RING_18_rev,RING_18_rev,roundabout_arc,bidirectional,R_19,R_18,0
3568,-24.652,-8.445,0.500,-54.240,RING_19_fwd,RING_19_fwd,roundabout_arc,bidirectional,R_19,R_20,1
3569,-24.360,-8.850,0.500,-50.824,RING_19_fwd,RING_19_fwd,roundabout_arc,bidirectional,R_19,R_20,1
3570,-24.044,-9.238,0.500,-47.407,RING_19_fwd,RING_19_fwd,roundabout_arc,bidirectional,R_19,R_20,1
3571,-23.706,-9.606,0.500,-47.407,RING_19_fwd,RING_19_fwd,roundabout_arc,bidirectional,R_19,R_20,0
3572,-23.706,-9.606,0.500,132.593,RING_19_rev,RING_19_rev,roundabout_arc,bidirectional,R_20,R_19,1
3573,-24.044,-9.238,0.500,129.176,RING_19_rev,RING_19_rev,roundabout_arc,bidirectional,R_20,R_19,1
3574,-24.360,-8.850,0.500,125.760,RING_19_rev,RING_19_rev,roundabout_arc,bidirectional,R_20,R_19,1
3575,-24.652,-8.445,0.500,125.760,RING_19_rev,RING_19_rev,roundabout_arc,bidirectional,R_20,R_19,0
3576,-23.657,-9.657,0.500,-42.990,RING_20_fwd,RING_20_fwd,roundabout_arc,bidirectional,R_20,R_21,1
3577,-23.291,-9.998,0.500,-39.574,RING_20_fwd,RING_20_fwd,roundabout_arc,bidirectional,R_20,R_21,1
3578,-22.906,-10.316,0.500,-36.157,RING_20_fwd,RING_20_fwd,roundabout_arc,bidirectional,R_20,R_21,1
3579,-22.502,-10.611,0.500,-36.157,RING_20_fwd,RING_20_fwd,roundabout_arc,bidirectional,R_20,R_21,0
3580,-22.502,-10.611,0.500,143.843,RING_20_rev,RING_20_rev,roundabout_arc,bidirectional,R_21,R_20,1
3581,-22.906,-10.316,0.500,140.426,RING_20_rev,RING_20_rev,roundabout_arc,bidirectional,R_21,R_20,1
3582,-23.291,-9.998,0.500,137.010,RING_20_rev,RING_20_rev,roundabout_arc,bidirectional,R_21,R_20,1
3583,-23.657,-9.657,0.500,137.010,RING_20_rev,RING_20_rev,roundabout_arc,bidirectional,R_21,R_20,0
3584,-22.445,-10.652,0.500,-31.740,RING_21_fwd,RING_21_fwd,roundabout_arc,bidirectional,R_21,R_22,1
3585,-22.019,-10.915,0.500,-28.324,RING_21_fwd,RING_21_fwd,roundabout_arc,bidirectional,R_21,R_22,1
3586,-21.579,-11.152,0.500,-24.907,RING_21_fwd,RING_21_fwd,roundabout_arc,bidirectional,R_21,R_22,1
3587,-21.126,-11.362,0.500,-24.907,RING_21_fwd,RING_21_fwd,roundabout_arc,bidirectional,R_21,R_22,0
3588,-21.126,-11.362,0.500,155.093,RING_21_rev,RING_21_rev,roundabout_arc,bidirectional,R_22,R_21,1
3589,-21.579,-11.152,0.500,151.676,RING_21_rev,RING_21_rev,roundabout_arc,bidirectional,R_22,R_21,1
3590,-22.019,-10.915,0.500,148.260,RING_21_rev,RING_21_rev,roundabout_arc,bidirectional,R_22,R_21,1
3591,-22.445,-10.652,0.500,148.260,RING_21_rev,RING_21_rev,roundabout_arc,bidirectional,R_22,R_21,0
3592,-21.061,-11.391,0.500,-20.490,RING_22_fwd,RING_22_fwd,roundabout_arc,bidirectional,R_22,R_23,1
3593,-20.593,-11.566,0.500,-17.074,RING_22_fwd,RING_22_fwd,roundabout_arc,bidirectional,R_22,R_23,1
3594,-20.115,-11.713,0.500,-13.657,RING_22_fwd,RING_22_fwd,roundabout_arc,bidirectional,R_22,R_23,1
3595,-19.630,-11.831,0.500,-13.657,RING_22_fwd,RING_22_fwd,roundabout_arc,bidirectional,R_22,R_23,0
3596,-19.630,-11.831,0.500,166.343,RING_22_rev,RING_22_rev,roundabout_arc,bidirectional,R_23,R_22,1
3597,-20.115,-11.713,0.500,162.926,RING_22_rev,RING_22_rev,roundabout_arc,bidirectional,R_23,R_22,1
3598,-20.593,-11.566,0.500,159.510,RING_22_rev,RING_22_rev,roundabout_arc,bidirectional,R_23,R_22,1
3599,-21.061,-11.391,0.500,159.510,RING_22_rev,RING_22_rev,roundabout_arc,bidirectional,R_23,R_22,0
3600,-19.561,-11.846,0.500,-9.240,RING_23_fwd,RING_23_fwd,roundabout_arc,bidirectional,R_23,R_24,1
3601,-19.067,-11.927,0.500,-5.824,RING_23_fwd,RING_23_fwd,roundabout_arc,bidirectional,R_23,R_24,1
3602,-18.570,-11.977,0.500,-2.407,RING_23_fwd,RING_23_fwd,roundabout_arc,bidirectional,R_23,R_24,1
3603,-18.071,-11.998,0.500,-2.407,RING_23_fwd,RING_23_fwd,roundabout_arc,bidirectional,R_23,R_24,0
3604,-18.071,-11.998,0.500,177.593,RING_23_rev,RING_23_rev,roundabout_arc,bidirectional,R_24,R_23,1
3605,-18.570,-11.977,0.500,174.176,RING_23_rev,RING_23_rev,roundabout_arc,bidirectional,R_24,R_23,1
3606,-19.067,-11.927,0.500,170.760,RING_23_rev,RING_23_rev,roundabout_arc,bidirectional,R_24,R_23,1
3607,-19.561,-11.846,0.500,170.760,RING_23_rev,RING_23_rev,roundabout_arc,bidirectional,R_24,R_23,0
3608,-18.000,-12.000,0.500,2.010,RING_24_fwd,RING_24_fwd,roundabout_arc,bidirectional,R_24,R_25,1
3609,-17.500,-11.982,0.500,5.426,RING_24_fwd,RING_24_fwd,roundabout_arc,bidirectional,R_24,R_25,1
3610,-17.003,-11.935,0.500,8.843,RING_24_fwd,RING_24_fwd,roundabout_arc,bidirectional,R_24,R_25,1
3611,-16.509,-11.858,0.500,8.843,RING_24_fwd,RING_24_fwd,roundabout_arc,bidirectional,R_24,R_25,0
3612,-18.000,-12.000,0.500,180.000,R_S_fwd,R_S_fwd,roundabout_connector,bidirectional,R_24,J_m20p00_m34p00,1
3613,-18.500,-12.000,0.500,180.000,R_S_fwd,R_S_fwd,roundabout_connector,bidirectional,R_24,J_m20p00_m34p00,1
3614,-19.000,-12.000,0.500,180.000,R_S_fwd,R_S_fwd,roundabout_connector,bidirectional,R_24,J_m20p00_m34p00,1
3615,-19.500,-12.000,0.500,180.000,R_S_fwd,R_S_fwd,roundabout_connector,bidirectional,R_24,J_m20p00_m34p00,1
3616,-20.000,-12.000,0.500,-90.000,R_S_fwd,R_S_fwd,roundabout_connector,bidirectional,R_24,J_m20p00_m34p00,1
3617,-20.000,-12.500,0.500,-90.000,R_S_fwd,R_S_fwd,roundabout_connector,bidirectional,R_24,J_m20p00_m34p00,1
3618,-20.000,-13.000,0.500,-90.000,R_S_fwd,R_S_fwd,roundabout_connector,bidirectional,R_24,J_m20p00_m34p00,1
3619,-20.000,-13.500,0.500,-90.000,R_S_fwd,R_S_fwd,roundabout_connector,bidirectional,R_24,J_m20p00_m34p00,1
3620,-20.000,-14.000,0.500,-90.000,R_S_fwd,R_S_fwd,roundabout_connector,bidirectional,R_24,J_m20p00_m34p00,1
3621,-20.000,-14.500,0.500,-90.000,R_S_fwd,R_S_fwd,roundabout_connector,bidirectional,R_24,J_m20p00_m34p00,1
3622,-20.000,-15.000,0.500,-90.000,R_S_fwd,R_S_fwd,roundabout_connector,bidirectional,R_24,J_m20p00_m34p00,1
3623,-20.000,-15.500,0.500,-90.000,R_S_fwd,R_S_fwd,roundabout_connector,bidirectional,R_24,J_m20p00_m34p00,1
3624,-20.000,-16.000,0.500,-90.000,R_S_fwd,R_S_fwd,roundabout_connector,bidirectional,R_24,J_m20p00_m34p00,1
3625,-20.000,-16.500,0.500,-90.000,R_S_fwd,R_S_fwd,roundabout_connector,bidirectional,R_24,J_m20p00_m34p00,1
3626,-20.000,-17.000,0.500,-90.000,R_S_fwd,R_S_fwd,roundabout_connector,bidirectional,R_24,J_m20p00_m34p00,1
3627,-20.000,-17.500,0.500,-90.000,R_S_fwd,R_S_fwd,roundabout_connector,bidirectional,R_24,J_m20p00_m34p00,1
3628,-20.000,-18.000,0.500,-90.000,R_S_fwd,R_S_fwd,roundabout_connector,bidirectional,R_24,J_m20p00_m34p00,1
3629,-20.000,-18.500,0.500,-90.000,R_S_fwd,R_S_fwd,roundabout_connector,bidirectional,R_24,J_m20p00_m34p00,1
3630,-20.000,-19.000,0.500,-90.000,R_S_fwd,R_S_fwd,roundabout_connector,bidirectional,R_24,J_m20p00_m34p00,1
3631,-20.000,-19.500,0.500,-90.000,R_S_fwd,R_S_fwd,roundabout_connector,bidirectional,R_24,J_m20p00_m34p00,1
3632,-20.000,-20.000,0.500,-90.000,R_S_fwd,R_S_fwd,roundabout_connector,bidirectional,R_24,J_m20p00_m34p00,1
3633,-20.000,-20.500,0.500,-90.000,R_S_fwd,R_S_fwd,roundabout_connector,bidirectional,R_24,J_m20p00_m34p00,1
3634,-20.000,-21.000,0.500,-90.000,R_S_fwd,R_S_fwd,roundabout_connector,bidirectional,R_24,J_m20p00_m34p00,1
3635,-20.000,-21.500,0.500,-90.000,R_S_fwd,R_S_fwd,roundabout_connector,bidirectional,R_24,J_m20p00_m34p00,1
3636,-20.000,-22.000,0.500,-90.000,R_S_fwd,R_S_fwd,roundabout_connector,bidirectional,R_24,J_m20p00_m34p00,1
3637,-20.000,-22.500,0.500,-90.000,R_S_fwd,R_S_fwd,roundabout_connector,bidirectional,R_24,J_m20p00_m34p00,1
3638,-20.000,-23.000,0.500,-90.000,R_S_fwd,R_S_fwd,roundabout_connector,bidirectional,R_24,J_m20p00_m34p00,1
3639,-20.000,-23.500,0.500,-90.000,R_S_fwd,R_S_fwd,roundabout_connector,bidirectional,R_24,J_m20p00_m34p00,1
3640,-20.000,-24.000,0.500,-90.000,R_S_fwd,R_S_fwd,roundabout_connector,bidirectional,R_24,J_m20p00_m34p00,1
3641,-20.000,-24.500,0.500,-90.000,R_S_fwd,R_S_fwd,roundabout_connector,bidirectional,R_24,J_m20p00_m34p00,1
3642,-20.000,-25.000,0.500,-90.000,R_S_fwd,R_S_fwd,roundabout_connector,bidirectional,R_24,J_m20p00_m34p00,1
3643,-20.000,-25.500,0.500,-90.000,R_S_fwd,R_S_fwd,roundabout_connector,bidirectional,R_24,J_m20p00_m34p00,1
3644,-20.000,-26.000,0.500,-90.000,R_S_fwd,R_S_fwd,roundabout_connector,bidirectional,R_24,J_m20p00_m34p00,1
3645,-20.000,-26.500,0.500,-90.000,R_S_fwd,R_S_fwd,roundabout_connector,bidirectional,R_24,J_m20p00_m34p00,1
3646,-20.000,-27.000,0.500,-90.000,R_S_fwd,R_S_fwd,roundabout_connector,bidirectional,R_24,J_m20p00_m34p00,1
3647,-20.000,-27.500,0.500,-90.000,R_S_fwd,R_S_fwd,roundabout_connector,bidirectional,R_24,J_m20p00_m34p00,1
3648,-20.000,-28.000,0.500,-90.000,R_S_fwd,R_S_fwd,roundabout_connector,bidirectional,R_24,J_m20p00_m34p00,1
3649,-20.000,-28.500,0.500,-90.000,R_S_fwd,R_S_fwd,roundabout_connector,bidirectional,R_24,J_m20p00_m34p00,1
3650,-20.000,-29.000,0.500,-90.000,R_S_fwd,R_S_fwd,roundabout_connector,bidirectional,R_24,J_m20p00_m34p00,1
3651,-20.000,-29.500,0.500,-90.000,R_S_fwd,R_S_fwd,roundabout_connector,bidirectional,R_24,J_m20p00_m34p00,1
3652,-20.000,-30.000,0.500,-90.000,R_S_fwd,R_S_fwd,roundabout_connector,bidirectional,R_24,J_m20p00_m34p00,1
3653,-20.000,-30.500,0.500,-90.000,R_S_fwd,R_S_fwd,roundabout_connector,bidirectional,R_24,J_m20p00_m34p00,1
3654,-20.000,-31.000,0.500,-90.000,R_S_fwd,R_S_fwd,roundabout_connector,bidirectional,R_24,J_m20p00_m34p00,1
3655,-20.000,-31.500,0.500,-90.000,R_S_fwd,R_S_fwd,roundabout_connector,bidirectional,R_24,J_m20p00_m34p00,1
3656,-20.000,-32.000,0.500,-90.000,R_S_fwd,R_S_fwd,roundabout_connector,bidirectional,R_24,J_m20p00_m34p00,1
3657,-20.000,-32.500,0.500,-90.000,R_S_fwd,R_S_fwd,roundabout_connector,bidirectional,R_24,J_m20p00_m34p00,1
3658,-20.000,-33.000,0.500,-90.000,R_S_fwd,R_S_fwd,roundabout_connector,bidirectional,R_24,J_m20p00_m34p00,1
3659,-20.000,-33.500,0.500,-90.000,R_S_fwd,R_S_fwd,roundabout_connector,bidirectional,R_24,J_m20p00_m34p00,1
3660,-20.000,-34.000,0.500,-90.000,R_S_fwd,R_S_fwd,roundabout_connector,bidirectional,R_24,J_m20p00_m34p00,0
3661,-16.509,-11.858,0.500,-171.157,RING_24_rev,RING_24_rev,roundabout_arc,bidirectional,R_25,R_24,1
3662,-17.003,-11.935,0.500,-174.574,RING_24_rev,RING_24_rev,roundabout_arc,bidirectional,R_25,R_24,1
3663,-17.500,-11.982,0.500,-177.990,RING_24_rev,RING_24_rev,roundabout_arc,bidirectional,R_25,R_24,1
3664,-18.000,-12.000,0.500,-177.990,RING_24_rev,RING_24_rev,roundabout_arc,bidirectional,R_25,R_24,0
3665,-16.439,-11.846,0.500,13.260,RING_25_fwd,RING_25_fwd,roundabout_arc,bidirectional,R_25,R_26,1
3666,-15.953,-11.732,0.500,16.676,RING_25_fwd,RING_25_fwd,roundabout_arc,bidirectional,R_25,R_26,1
3667,-15.474,-11.588,0.500,20.093,RING_25_fwd,RING_25_fwd,roundabout_arc,bidirectional,R_25,R_26,1
3668,-15.004,-11.416,0.500,20.093,RING_25_fwd,RING_25_fwd,roundabout_arc,bidirectional,R_25,R_26,0
3669,-15.004,-11.416,0.500,-159.907,RING_25_rev,RING_25_rev,roundabout_arc,bidirectional,R_26,R_25,1
3670,-15.474,-11.588,0.500,-163.324,RING_25_rev,RING_25_rev,roundabout_arc,bidirectional,R_26,R_25,1
3671,-15.953,-11.732,0.500,-166.740,RING_25_rev,RING_25_rev,roundabout_arc,bidirectional,R_26,R_25,1
3672,-16.439,-11.846,0.500,-166.740,RING_25_rev,RING_25_rev,roundabout_arc,bidirectional,R_26,R_25,0
3673,-14.939,-11.391,0.500,24.510,RING_26_fwd,RING_26_fwd,roundabout_arc,bidirectional,R_26,R_27,1
3674,-14.484,-11.184,0.500,27.926,RING_26_fwd,RING_26_fwd,roundabout_arc,bidirectional,R_26,R_27,1
3675,-14.042,-10.950,0.500,31.343,RING_26_fwd,RING_26_fwd,roundabout_arc,bidirectional,R_26,R_27,1
3676,-13.615,-10.690,0.500,31.343,RING_26_fwd,RING_26_fwd,roundabout_arc,bidirectional,R_26,R_27,0
3677,-13.615,-10.690,0.500,-148.657,RING_26_rev,RING_26_rev,roundabout_arc,bidirectional,R_27,R_26,1
3678,-14.042,-10.950,0.500,-152.074,RING_26_rev,RING_26_rev,roundabout_arc,bidirectional,R_27,R_26,1
3679,-14.484,-11.184,0.500,-155.490,RING_26_rev,RING_26_rev,roundabout_arc,bidirectional,R_27,R_26,1
3680,-14.939,-11.391,0.500,-155.490,RING_26_rev,RING_26_rev,roundabout_arc,bidirectional,R_27,R_26,0
3681,-13.555,-10.652,0.500,35.760,RING_27_fwd,RING_27_fwd,roundabout_arc,bidirectional,R_27,R_28,1
3682,-13.150,-10.360,0.500,39.176,RING_27_fwd,RING_27_fwd,roundabout_arc,bidirectional,R_27,R_28,1
3683,-12.762,-10.044,0.500,42.593,RING_27_fwd,RING_27_fwd,roundabout_arc,bidirectional,R_27,R_28,1
3684,-12.394,-9.706,0.500,42.593,RING_27_fwd,RING_27_fwd,roundabout_arc,bidirectional,R_27,R_28,0
3685,-12.394,-9.706,0.500,-137.407,RING_27_rev,RING_27_rev,roundabout_arc,bidirectional,R_28,R_27,1
3686,-12.762,-10.044,0.500,-140.824,RING_27_rev,RING_27_rev,roundabout_arc,bidirectional,R_28,R_27,1
3687,-13.150,-10.360,0.500,-144.240,RING_27_rev,RING_27_rev,roundabout_arc,bidirectional,R_28,R_27,1
3688,-13.555,-10.652,0.500,-144.240,RING_27_rev,RING_27_rev,roundabout_arc,bidirectional,R_28,R_27,0
3689,-12.343,-9.657,0.500,47.010,RING_28_fwd,RING_28_fwd,roundabout_arc,bidirectional,R_28,R_29,1
3690,-12.002,-9.291,0.500,50.426,RING_28_fwd,RING_28_fwd,roundabout_arc,bidirectional,R_28,R_29,1
3691,-11.684,-8.906,0.500,53.843,RING_28_fwd,RING_28_fwd,roundabout_arc,bidirectional,R_28,R_29,1
3692,-11.389,-8.502,0.500,53.843,RING_28_fwd,RING_28_fwd,roundabout_arc,bidirectional,R_28,R_29,0
3693,-11.389,-8.502,0.500,-126.157,RING_28_rev,RING_28_rev,roundabout_arc,bidirectional,R_29,R_28,1
3694,-11.684,-8.906,0.500,-129.574,RING_28_rev,RING_28_rev,roundabout_arc,bidirectional,R_29,R_28,1
3695,-12.002,-9.291,0.500,-132.990,RING_28_rev,RING_28_rev,roundabout_arc,bidirectional,R_29,R_28,1
3696,-12.343,-9.657,0.500,-132.990,RING_28_rev,RING_28_rev,roundabout_arc,bidirectional,R_29,R_28,0
3697,-11.348,-8.445,0.500,58.260,RING_29_fwd,RING_29_fwd,roundabout_arc,bidirectional,R_29,R_30,1
3698,-11.085,-8.019,0.500,61.676,RING_29_fwd,RING_29_fwd,roundabout_arc,bidirectional,R_29,R_30,1
3699,-10.848,-7.579,0.500,65.093,RING_29_fwd,RING_29_fwd,roundabout_arc,bidirectional,R_29,R_30,1
3700,-10.638,-7.126,0.500,65.093,RING_29_fwd,RING_29_fwd,roundabout_arc,bidirectional,R_29,R_30,0
3701,-10.638,-7.126,0.500,-114.907,RING_29_rev,RING_29_rev,roundabout_arc,bidirectional,R_30,R_29,1
3702,-10.848,-7.579,0.500,-118.324,RING_29_rev,RING_29_rev,roundabout_arc,bidirectional,R_30,R_29,1
3703,-11.085,-8.019,0.500,-121.740,RING_29_rev,RING_29_rev,roundabout_arc,bidirectional,R_30,R_29,1
3704,-11.348,-8.445,0.500,-121.740,RING_29_rev,RING_29_rev,roundabout_arc,bidirectional,R_30,R_29,0
3705,-10.609,-7.061,0.500,69.510,RING_30_fwd,RING_30_fwd,roundabout_arc,bidirectional,R_30,R_31,1
3706,-10.434,-6.593,0.500,72.926,RING_30_fwd,RING_30_fwd,roundabout_arc,bidirectional,R_30,R_31,1
3707,-10.287,-6.115,0.500,76.343,RING_30_fwd,RING_30_fwd,roundabout_arc,bidirectional,R_30,R_31,1
3708,-10.169,-5.630,0.500,76.343,RING_30_fwd,RING_30_fwd,roundabout_arc,bidirectional,R_30,R_31,0
3709,-10.169,-5.630,0.500,-103.657,RING_30_rev,RING_30_rev,roundabout_arc,bidirectional,R_31,R_30,1
3710,-10.287,-6.115,0.500,-107.074,RING_30_rev,RING_30_rev,roundabout_arc,bidirectional,R_31,R_30,1
3711,-10.434,-6.593,0.500,-110.490,RING_30_rev,RING_30_rev,roundabout_arc,bidirectional,R_31,R_30,1
3712,-10.609,-7.061,0.500,-110.490,RING_30_rev,RING_30_rev,roundabout_arc,bidirectional,R_31,R_30,0
3713,-10.154,-5.561,0.500,80.760,RING_31_fwd,RING_31_fwd,roundabout_arc,bidirectional,R_31,R_00,1
3714,-10.073,-5.067,0.500,84.176,RING_31_fwd,RING_31_fwd,roundabout_arc,bidirectional,R_31,R_00,1
3715,-10.023,-4.570,0.500,87.593,RING_31_fwd,RING_31_fwd,roundabout_arc,bidirectional,R_31,R_00,1
3716,-10.002,-4.071,0.500,87.593,RING_31_fwd,RING_31_fwd,roundabout_arc,bidirectional,R_31,R_00,0
