step,x,y,z,yaw,lane_id,segment_id,parent_segment_id,lane_side,direction,direction_group,connect_next
209,-40.0,24.5,0.5,0.0,H_y26.0_x-40.0_-20.0_forward_right,H_y26.0_x-40.0_-20.0,H_y26.0_x-40.0_-20.0,right,forward,forward_right,1
210,-39.5,24.5,0.5,0.0,H_y26.0_x-40.0_-20.0_forward_right,H_y26.0_x-40.0_-20.0,H_y26.0_x-40.0_-20.0,right,forward,forward_right,1
211,-39.0,24.5,0.5,0.0,H_y26.0_x-40.0_-20.0_forward_right,H_y26.0_x-40.0_-20.0,H_y26.0_x-40.0_-20.0,right,forward,forward_right,1
212,-38.5,24.5,0.5,0.0,H_y26.0_x-40.0_-20.0_forward_right,H_y26.0_x-40.0_-20.0,H_y26.0_x-40.0_-20.0,right,forward,forward_right,1
213,-38.0,24.5,0.5,0.0,H_y26.0_x-40.0_-20.0_forward_right,H_y26.0_x-40.0_-20.0,H_y26.0_x-40.0_-20.0,right,forward,forward_right,1
214,-37.5,24.5,0.5,0.0,H_y26.0_x-40.0_-20.0_forward_right,H_y26.0_x-40.0_-20.0,H_y26.0_x-40.0_-20.0,right,forward,forward_right,1
215,-37.0,24.5,0.5,0.0,H_y26.0_x-40.0_-20.0_forward_right,H_y26.0_x-40.0_-20.0,H_y26.0_x-40.0_-20.0,right,forward,forward_right,1
216,-36.5,24.5,0.5,0.0,H_y26.0_x-40.0_-20.0_forward_right,H_y26.0_x-40.0_-20.0,H_y26.0_x-40.0_-20.0,right,forward,forward_right,1
217,-36.0,24.5,0.5,0.0,H_y26.0_x-40.0_-20.0_forward_right,H_y26.0_x-40.0_-20.0,H_y26.0_x-40.0_-20.0,right,forward,forward_right,1
218,-35.5,24.5,0.5,0.0,H_y26.0_x-40.0_-20.0_forward_right,H_y26.0_x-40.0_-20.0,H_y26.0_x-40.0_-20.0,right,forward,forward_right,1
219,-35.0,24.5,0.5,0.0,H_y26.0_x-40.0_-20.0_forward_right,H_y26.0_x-40.0_-20.0,H_y26.0_x-40.0_-20.0,right,forward,forward_right,1
220,-34.5,24.5,0.5,0.0,H_y26.0_x-40.0_-20.0_forward_right,H_y26.0_x-40.0_-20.0,H_y26.0_x-40.0_-20.0,right,forward,forward_right,1
221,-34.0,24.5,0.5,0.0,H_y26.0_x-40.0_-20.0_forward_right,H_y26.0_x-40.0_-20.0,H_y26.0_x-40.0_-20.0,right,forward,forward_right,1
222,-33.5,24.5,0.5,0.0,H_y26.0_x-40.0_-20.0_forward_right,H_y26.0_x-40.0_-20.0,H_y26.0_x-40.0_-20.0,right,forward,forward_right,1
223,-33.0,24.5,0.5,0.0,H_y26.0_x-40.0_-20.0_forward_right,H_y26.0_x-40.0_-20.0,H_y26.0_x-40.0_-20.0,right,forward,forward_right,1
224,-32.5,24.5,0.5,0.0,H_y26.0_x-40.0_-20.0_forward_right,H_y26.0_x-40.0_-20.0,H_y26.0_x-40.0_-20.0,right,forward,forward_right,1
225,-32.0,24.5,0.5,0.0,H_y26.0_x-40.0_-20.0_forward_right,H_y26.0_x-40.0_-20.0,H_y26.0_x-40.0_-20.0,right,forward,forward_right,1
226,-31.5,24.5,0.5,0.0,H_y26.0_x-40.0_-20.0_forward_right,H_y26.0_x-40.0_-20.0,H_y26.0_x-40.0_-20.0,right,forward,forward_right,1
227,-31.0,24.5,0.5,0.0,H_y26.0_x-40.0_-20.0_forward_right,H_y26.0_x-40.0_-20.0,H_y26.0_x-40.0_-20.0,right,forward,forward_right,1
228,-30.5,24.5,0.5,0.0,H_y26.0_x-40.0_-20.0_forward_right,H_y26.0_x-40.0_-20.0,H_y26.0_x-40.0_-20.0,right,forward,forward_right,1
229,-30.0,24.5,0.5,0.0,H_y26.0_x-40.0_-20.0_forward_right,H_y26.0_x-40.0_-20.0,H_y26.0_x-40.0_-20.0,right,forward,forward_right,1
230,-29.5,24.5,0.5,0.0,H_y26.0_x-40.0_-20.0_forward_right,H_y26.0_x-40.0_-20.0,H_y26.0_x-40.0_-20.0,right,forward,forward_right,1
231,-29.0,24.5,0.5,0.0,H_y26.0_x-40.0_-20.0_forward_right,H_y26.0_x-40.0_-20.0,H_y26.0_x-40.0_-20.0,right,forward,forward_right,1
232,-28.5,24.5,0.5,0.0,H_y26.0_x-40.0_-20.0_forward_right,H_y26.0_x-40.0_-20.0,H_y26.0_x-40.0_-20.0,right,forward,forward_right,1
233,-28.0,24.5,0.5,0.0,H_y26.0_x-40.0_-20.0_forward_right,H_y26.0_x-40.0_-20.0,H_y26.0_x-40.0_-20.0,right,forward,forward_right,1
234,-27.5,24.5,0.5,0.0,H_y26.0_x-40.0_-20.0_forward_right,H_y26.0_x-40.0_-20.0,H_y26.0_x-40.0_-20.0,right,forward,forward_right,1
235,-27.0,24.5,0.5,0.0,H_y26.0_x-40.0_-20.0_forward_right,H_y26.0_x-40.0_-20.0,H_y26.0_x-40.0_-20.0,right,forward,forward_right,1
236,-26.5,24.5,0.5,0.0,H_y26.0_x-40.0_-20.0_forward_right,H_y26.0_x-40.0_-20.0,H_y26.0_x-40.0_-20.0,right,forward,forward_right,1
237,-26.0,24.5,0.5,0.0,H_y26.0_x-40.0_-20.0_forward_right,H_y26.0_x-40.0_-20.0,H_y26.0_x-40.0_-20.0,right,forward,forward_right,1
238,-25.5,24.5,0.5,0.0,H_y26.0_x-40.0_-20.0_forward_right,H_y26.0_x-40.0_-20.0,H_y26.0_x-40.0_-20.0,right,forward,forward_right,1
239,-25.0,24.5,0.5,0.0,H_y26.0_x-40.0_-20.0_forward_right,H_y26.0_x-40.0_-20.0,H_y26.0_x-40.0_-20.0,right,forward,forward_right,1
240,-24.5,24.5,0.5,0.0,H_y26.0_x-40.0_-20.0_forward_right,H_y26.0_x-40.0_-20.0,H_y26.0_x-40.0_-20.0,right,forward,forward_right,1
241,-24.0,24.5,0.5,0.0,H_y26.0_x-40.0_-20.0_forward_right,H_y26.0_x-40.0_-20.0,H_y26.0_x-40.0_-20.0,right,forward,forward_right,1
242,-23.5,24.5,0.5,0.0,H_y26.0_x-40.0_-20.0_forward_right,H_y26.0_x-40.0_-20.0,H_y26.0_x-40.0_-20.0,right,forward,forward_right,1
243,-23.0,24.5,0.5,0.0,H_y26.0_x-40.0_-20.0_forward_right,H_y26.0_x-40.0_-20.0,H_y26.0_x-40.0_-20.0,right,forward,forward_right,1
244,-22.5,24.5,0.5,0.0,H_y26.0_x-40.0_-20.0_forward_right,H_y26.0_x-40.0_-20.0,H_y26.0_x-40.0_-20.0,right,forward,forward_right,1
245,-22.0,24.5,0.5,0.0,H_y26.0_x-40.0_-20.0_forward_right,H_y26.0_x-40.0_-20.0,H_y26.0_x-40.0_-20.0,right,forward,forward_right,1
246,-21.5,24.5,0.5,0.0,H_y26.0_x-40.0_-20.0_forward_right,H_y26.0_x-40.0_-20.0,H_y26.0_x-40.0_-20.0,right,forward,forward_right,1
247,-21.0,24.5,0.5,0.0,H_y26.0_x-40.0_-20.0_forward_right,H_y26.0_x-40.0_-20.0,H_y26.0_x-40.0_-20.0,right,forward,forward_right,1
248,-20.5,24.5,0.5,0.0,H_y26.0_x-40.0_-20.0_forward_right,H_y26.0_x-40.0_-20.0,H_y26.0_x-40.0_-20.0,right,forward,forward_right,1
249,-20.0,24.5,0.5,0.0,H_y26.0_x-40.0_-20.0_forward_right,H_y26.0_x-40.0_-20.0,H_y26.0_x-40.0_-20.0,right,forward,forward_right,0
250,-20.0,27.5,0.5,180.0,H_y26.0_x-40.0_-20.0_reverse_right,H_y26.0_x-40.0_-20.0,H_y26.0_x-40.0_-20.0,right,reverse,reverse_right,1
251,-20.5,27.5,0.5,180.0,H_y26.0_x-40.0_-20.0_reverse_right,H_y26.0_x-40.0_-20.0,H_y26.0_x-40.0_-20.0,right,reverse,reverse_right,1
252,-21.0,27.5,0.5,180.0,H_y26.0_x-40.0_-20.0_reverse_right,H_y26.0_x-40.0_-20.0,H_y26.0_x-40.0_-20.0,right,reverse,reverse_right,1
253,-21.5,27.5,0.5,180.0,H_y26.0_x-40.0_-20.0_reverse_right,H_y26.0_x-40.0_-20.0,H_y26.0_x-40.0_-20.0,right,reverse,reverse_right,1
254,-22.0,27.5,0.5,180.0,H_y26.0_x-40.0_-20.0_reverse_right,H_y26.0_x-40.0_-20.0,H_y26.0_x-40.0_-20.0,right,reverse,reverse_right,1
255,-22.5,27.5,0.5,180.0,H_y26.0_x-40.0_-20.0_reverse_right,H_y26.0_x-40.0_-20.0,H_y26.0_x-40.0_-20.0,right,reverse,reverse_right,1
256,-23.0,27.5,0.5,180.0,H_y26.0_x-40.0_-20.0_reverse_right,H_y26.0_x-40.0_-20.0,H_y26.0_x-40.0_-20.0,right,reverse,reverse_right,1
257,-23.5,27.5,0.5,180.0,H_y26.0_x-40.0_-20.0_reverse_right,H_y26.0_x-40.0_-20.0,H_y26.0_x-40.0_-20.0,right,reverse,reverse_right,1
258,-24.0,27.5,0.5,180.0,H_y26.0_x-40.0_-20.0_reverse_right,H_y26.0_x-40.0_-20.0,H_y26.0_x-40.0_-20.0,right,reverse,reverse_right,1
259,-24.5,27.5,0.5,180.0,H_y26.0_x-40.0_-20.0_reverse_right,H_y26.0_x-40.0_-20.0,H_y26.0_x-40.0_-20.0,right,reverse,reverse_right,1
260,-25.0,27.5,0.5,180.0,H_y26.0_x-40.0_-20.0_reverse_right,H_y26.0_x-40.0_-20.0,H_y26.0_x-40.0_-20.0,right,reverse,reverse_right,1
261,-25.5,27.5,0.5,180.0,H_y26.0_x-40.0_-20.0_reverse_right,H_y26.0_x-40.0_-20.0,H_y26.0_x-40.0_-20.0,right,reverse,reverse_right,1
262,-26.0,27.5,0.5,180.0,H_y26.0_x-40.0_-20.0_reverse_right,H_y26.0_x-40.0_-20.0,H_y26.0_x-40.0_-20.0,right,reverse,reverse_right,1
263,-26.5,27.5,0.5,180.0,H_y26.0_x-40.0_-20.0_reverse_right,H_y26.0_x-40.0_-20.0,H_y26.0_x-40.0_-20.0,right,reverse,reverse_right,1
264,-27.0,27.5,0.5,180.0,H_y26.0_x-40.0_-20.0_reverse_right,H_y26.0_x-40.0_-20.0,H_y26.0_x-40.0_-20.0,right,reverse,reverse_right,1
265,-27.5,27.5,0.5,180.0,H_y26.0_x-40.0_-20.0_reverse_right,H_y26.0_x-40.0_-20.0,H_y26.0_x-40.0_-20.0,right,reverse,reverse_right,1
266,-28.0,27.5,0.5,180.0,H_y26.0_x-40.0_-20.0_reverse_right,H_y26.0_x-40.0_-20.0,H_y26.0_x-40.0_-20.0,right,reverse,reverse_right,1
267,-28.5,27.5,0.5,180.0,H_y26.0_x-40.0_-20.0_reverse_right,H_y26.0_x-40.0_-20.0,H_y26.0_x-40.0_-20.0,right,reverse,reverse_right,1
268,-29.0,27.5,0.5,180.0,H_y26.0_x-40.0_-20.0_reverse_right,H_y26.0_x-40.0_-20.0,H_y26.0_x-40.0_-20.0,right,reverse,reverse_right,1
269,-29.5,27.5,0.5,180.0,H_y26.0_x-40.0_-20.0_reverse_right,H_y26.0_x-40.0_-20.0,H_y26.0_x-40.0_-20.0,right,reverse,reverse_right,1
270,-30.0,27.5,0.5,180.0,H_y26.0_x-40.0_-20.0_reverse_right,H_y26.0_x-40.0_-20.0,H_y26.0_x-40.0_-20.0,right,reverse,reverse_right,1
271,-30.5,27.5,0.5,180.0,H_y26.0_x-40.0_-20.0_reverse_right,H_y26.0_x-40.0_-20.0,H_y26.0_x-40.0_-20.0,right,reverse,reverse_right,1
272,-31.0,27.5,0.5,180.0,H_y26.0_x-40.0_-20.0_reverse_right,H_y26.0_x-40.0_-20.0,H_y26.0_x-40.0_-20.0,right,reverse,reverse_right,1
273,-31.5,27.5,0.5,180.0,H_y26.0_x-40.0_-20.0_reverse_right,H_y26.0_x-40.0_-20.0,H_y26.0_x-40.0_-20.0,right,reverse,reverse_right,1
274,-32.0,27.5,0.5,180.0,H_y26.0_x-40.0_-20.0_reverse_right,H_y26.0_x-40.0_-20.0,H_y26.0_x-40.0_-20.0,right,reverse,reverse_right,1
275,-32.5,27.5,0.5,180.0,H_y26.0_x-40.0_-20.0_reverse_right,H_y26.0_x-40.0_-20.0,H_y26.0_x-40.0_-20.0,right,reverse,reverse_right,1
276,-33.0,27.5,0.5,180.0,H_y26.0_x-40.0_-20.0_reverse_right,H_y26.0_x-40.0_-20.0,H_y26.0_x-40.0_-20.0,right,reverse,reverse_right,1
277,-33.5,27.5,0.5,180.0,H_y26.0_x-40.0_-20.0_reverse_right,H_y26.0_x-40.0_-20.0,H_y26.0_x-40.0_-20.0,right,reverse,reverse_right,1
278,-34.0,27.5,0.5,180.0,H_y26.0_x-40.0_-20.0_reverse_right,H_y26.0_x-40.0_-20.0,H_y26.0_x-40.0_-20.0,right,reverse,reverse_right,1
279,-34.5,27.5,0.5,180.0,H_y26.0_x-40.0_-20.0_reverse_right,H_y26.0_x-40.0_-20.0,H_y26.0_x-40.0_-20.0,right,reverse,reverse_right,1
280,-35.0,27.5,0.5,180.0,H_y26.0_x-40.0_-20.0_reverse_right,H_y26.0_x-40.0_-20.0,H_y26.0_x-40.0_-20.0,right,reverse,reverse_right,1
281,-35.5,27.5,0.5,180.0,H_y26.0_x-40.0_-20.0_reverse_right,H_y26.0_x-40.0_-20.0,H_y26.0_x-40.0_-20.0,right,reverse,reverse_right,1
282,-36.0,27.5,0.5,180.0,H_y26.0_x-40.0_-20.0_reverse_right,H_y26.0_x-40.0_-20.0,H_y26.0_x-40.0_-20.0,right,reverse,reverse_right,1
283,-36.5,27.5,0.5,180.0,H_y26.0_x-40.0_-20.0_reverse_right,H_y26.0_x-40.0_-20.0,H_y26.0_x-40.0_-20.0,right,reverse,reverse_right,1
284,-37.0,27.5,0.5,180.0,H_y26.0_x-40.0_-20.0_reverse_right,H_y26.0_x-40.0_-20.0,H_y26.0_x-40.0_-20.0,right,reverse,reverse_right,1
285,-37.5,27.5,0.5,180.0,H_y26.0_x-40.0_-20.0_reverse_right,H_y26.0_x-40.0_-20.0,H_y26.0_x-40.0_-20.0,right,reverse,reverse_right,1
286,-38.0,27.5,0.5,180.0,H_y26.0_x-40.0_-20.0_reverse_right,H_y26.0_x-40.0_-20.0,H_y26.0_x-40.0_-20.0,right,reverse,reverse_right,1
287,-38.5,27.5,0.5,180.0,H_y26.0_x-40.0_-20.0_reverse_right,H_y26.0_x-40.0_-20.0,H_y26.0_x-40.0_-20.0,right,reverse,reverse_right,1
288,-39.0,27.5,0.5,180.0,H_y26.0_x-40.0_-20.0_reverse_right,H_y26.0_x-40.0_-20.0,H_y26.0_x-40.0_-20.0,right,reverse,reverse_right,1
289,-39.5,27.5,0.5,180.0,H_y26.0_x-40.0_-20.0_reverse_right,H_y26.0_x-40.0_-20.0,H_y26.0_x-40.0_-20.0,right,reverse,reverse_right,1
290,-40.0,27.5,0.5,180.0,H_y26.0_x-40.0_-20.0_reverse_right,H_y26.0_x-40.0_-20.0,H_y26.0_x-40.0_-20.0,right,reverse,reverse_right,0
291,-43.2,26.0,0.5,-90.0,V_x-40.0_y-3.0_26.0_forward_right,V_x-40.0_y-3.0_26.0,V_x-40.0_y-3.0_26.0,right,forward,forward_right,1
292,-43.2,25.5,0.5,-90.0,V_x-40.0_y-3.0_26.0_forward_right,V_x-40.0_y-3.0_26.0,V_x-40.0_y-3.0_26.0,right,forward,forward_right,1
293,-43.2,25.0,0.5,-90.0,V_x-40.0_y-3.0_26.0_forward_right,V_x-40.0_y-3.0_26.0,V_x-40.0_y-3.0_26.0,right,forward,forward_right,1
294,-43.2,24.5,0.5,-90.0,V_x-40.0_y-3.0_26.0_forward_right,V_x-40.0_y-3.0_26.0,V_x-40.0_y-3.0_26.0,right,forward,forward_right,1
295,-43.2,24.0,0.5,-90.0,V_x-40.0_y-3.0_26.0_forward_right,V_x-40.0_y-3.0_26.0,V_x-40.0_y-3.0_26.0,right,forward,forward_right,1
296,-43.2,23.5,0.5,-90.0,V_x-40.0_y-3.0_26.0_forward_right,V_x-40.0_y-3.0_26.0,V_x-40.0_y-3.0_26.0,right,forward,forward_right,1
297,-43.2,23.0,0.5,-90.0,V_x-40.0_y-3.0_26.0_forward_right,V_x-40.0_y-3.0_26.0,V_x-40.0_y-3.0_26.0,right,forward,forward_right,1
298,-43.2,22.5,0.5,-90.0,V_x-40.0_y-3.0_26.0_forward_right,V_x-40.0_y-3.0_26.0,V_x-40.0_y-3.0_26.0,right,forward,forward_right,1
299,-43.2,22.0,0.5,-90.0,V_x-40.0_y-3.0_26.0_forward_right,V_x-40.0_y-3.0_26.0,V_x-40.0_y-3.0_26.0,right,forward,forward_right,1
300,-43.2,21.5,0.5,-90.0,V_x-40.0_y-3.0_26.0_forward_right,V_x-40.0_y-3.0_26.0,V_x-40.0_y-3.0_26.0,right,forward,forward_right,1
301,-43.2,21.0,0.5,-90.0,V_x-40.0_y-3.0_26.0_forward_right,V_x-40.0_y-3.0_26.0,V_x-40.0_y-3.0_26.0,right,forward,forward_right,1
302,-43.2,20.5,0.5,-90.0,V_x-40.0_y-3.0_26.0_forward_right,V_x-40.0_y-3.0_26.0,V_x-40.0_y-3.0_26.0,right,forward,forward_right,1
303,-43.2,20.0,0.5,-90.0,V_x-40.0_y-3.0_26.0_forward_right,V_x-40.0_y-3.0_26.0,V_x-40.0_y-3.0_26.0,right,forward,forward_right,1
304,-43.2,19.5,0.5,-90.0,V_x-40.0_y-3.0_26.0_forward_right,V_x-40.0_y-3.0_26.0,V_x-40.0_y-3.0_26.0,right,forward,forward_right,1
305,-43.2,19.0,0.5,-90.0,V_x-40.0_y-3.0_26.0_forward_right,V_x-40.0_y-3.0_26.0,V_x-40.0_y-3.0_26.0,right,forward,forward_right,1
306,-43.2,18.5,0.5,-90.0,V_x-40.0_y-3.0_26.0_forward_right,V_x-40.0_y-3.0_26.0,V_x-40.0_y-3.0_26.0,right,forward,forward_right,1
307,-43.2,18.0,0.5,-90.0,V_x-40.0_y-3.0_26.0_forward_right,V_x-40.0_y-3.0_26.0,V_x-40.0_y-3.0_26.0,right,forward,forward_right,1
308,-43.2,17.5,0.5,-90.0,V_x-40.0_y-3.0_26.0_forward_right,V_x-40.0_y-3.0_26.0,V_x-40.0_y-3.0_26.0,right,forward,forward_right,1
309,-43.2,17.0,0.5,-90.0,V_x-40.0_y-3.0_26.0_forward_right,V_x-40.0_y-3.0_26.0,V_x-40.0_y-3.0_26.0,right,forward,forward_right,1
310,-43.2,16.5,0.5,-90.0,V_x-40.0_y-3.0_26.0_forward_right,V_x-40.0_y-3.0_26.0,V_x-40.0_y-3.0_26.0,right,forward,forward_right,1
311,-43.2,16.0,0.5,-90.0,V_x-40.0_y-3.0_26.0_forward_right,V_x-40.0_y-3.0_26.0,V_x-40.0_y-3.0_26.0,right,forward,forward_right,1
312,-43.2,15.5,0.5,-90.0,V_x-40.0_y-3.0_26.0_forward_right,V_x-40.0_y-3.0_26.0,V_x-40.0_y-3.0_26.0,right,forward,forward_right,1
313,-43.2,15.0,0.5,-90.0,V_x-40.0_y-3.0_26.0_forward_right,V_x-40.0_y-3.0_26.0,V_x-40.0_y-3.0_26.0,right,forward,forward_right,1
314,-43.2,14.5,0.5,-90.0,V_x-40.0_y-3.0_26.0_forward_right,V_x-40.0_y-3.0_26.0,V_x-40.0_y-3.0_26.0,right,forward,forward_right,1
315,-43.2,14.0,0.5,-90.0,V_x-40.0_y-3.0_26.0_forward_right,V_x-40.0_y-3.0_26.0,V_x-40.0_y-3.0_26.0,right,forward,forward_right,1
316,-43.2,13.5,0.5,-90.0,V_x-40.0_y-3.0_26.0_forward_right,V_x-40.0_y-3.0_26.0,V_x-40.0_y-3.0_26.0,right,forward,forward_right,1
317,-43.2,13.0,0.5,-90.0,V_x-40.0_y-3.0_26.0_forward_right,V_x-40.0_y-3.0_26.0,V_x-40.0_y-3.0_26.0,right,forward,forward_right,1
318,-43.2,12.5,0.5,-90.0,V_x-40.0_y-3.0_26.0_forward_right,V_x-40.0_y-3.0_26.0,V_x-40.0_y-3.0_26.0,right,forward,forward_right,1
319,-43.2,12.0,0.5,-90.0,V_x-40.0_y-3.0_26.0_forward_right,V_x-40.0_y-3.0_26.0,V_x-40.0_y-3.0_26.0,right,forward,forward_right,1
320,-43.2,11.5,0.5,-90.0,V_x-40.0_y-3.0_26.0_forward_right,V_x-40.0_y-3.0_26.0,V_x-40.0_y-3.0_26.0,right,forward,forward_right,1
321,-43.2,11.0,0.5,-90.0,V_x-40.0_y-3.0_26.0_forward_right,V_x-40.0_y-3.0_26.0,V_x-40.0_y-3.0_26.0,right,forward,forward_right,1
322,-43.2,10.5,0.5,-90.0,V_x-40.0_y-3.0_26.0_forward_right,V_x-40.0_y-3.0_26.0,V_x-40.0_y-3.0_26.0,right,forward,forward_right,1
323,-43.2,10.0,0.5,-90.0,V_x-40.0_y-3.0_26.0_forward_right,V_x-40.0_y-3.0_26.0,V_x-40.0_y-3.0_26.0,right,forward,forward_right,1
324,-43.2,9.5,0.5,-90.0,V_x-40.0_y-3.0_26.0_forward_right,V_x-40.0_y-3.0_26.0,V_x-40.0_y-3.0_26.0,right,forward,forward_right,1
325,-43.2,9.0,0.5,-90.0,V_x-40.0_y-3.0_26.0_forward_right,V_x-40.0_y-3.0_26.0,V_x-40.0_y-3.0_26.0,right,forward,forward_right,1
326,-43.2,8.5,0.5,-90.0,V_x-40.0_y-3.0_26.0_forward_right,V_x-40.0_y-3.0_26.0,V_x-40.0_y-3.0_26.0,right,forward,forward_right,1
327,-43.2,8.0,0.5,-90.0,V_x-40.0_y-3.0_26.0_forward_right,V_x-40.0_y-3.0_26.0,V_x-40.0_y-3.0_26.0,right,forward,forward_right,1
328,-43.2,7.5,0.5,-90.0,V_x-40.0_y-3.0_26.0_forward_right,V_x-40.0_y-3.0_26.0,V_x-40.0_y-3.0_26.0,right,forward,forward_right,1
329,-43.2,7.0,0.5,-90.0,V_x-40.0_y-3.0_26.0_forward_right,V_x-40.0_y-3.0_26.0,V_x-40.0_y-3.0_26.0,right,forward,forward_right,1
330,-43.2,6.5,0.5,-90.0,V_x-40.0_y-3.0_26.0_forward_right,V_x-40.0_y-3.0_26.0,V_x-40.0_y-3.0_26.0,right,forward,forward_right,1
331,-43.2,6.0,0.5,-90.0,V_x-40.0_y-3.0_26.0_forward_right,V_x-40.0_y-3.0_26.0,V_x-40.0_y-3.0_26.0,right,forward,forward_right,1
332,-43.2,5.5,0.5,-90.0,V_x-40.0_y-3.0_26.0_forward_right,V_x-40.0_y-3.0_26.0,V_x-40.0_y-3.0_26.0,right,forward,forward_right,1
333,-43.2,5.0,0.5,-90.0,V_x-40.0_y-3.0_26.0_forward_right,V_x-40.0_y-3.0_26.0,V_x-40.0_y-3.0_26.0,right,forward,forward_right,1
334,-43.2,4.5,0.5,-90.0,V_x-40.0_y-3.0_26.0_forward_right,V_x-40.0_y-3.0_26.0,V_x-40.0_y-3.0_26.0,right,forward,forward_right,1
335,-43.2,4.0,0.5,-90.0,V_x-40.0_y-3.0_26.0_forward_right,V_x-40.0_y-3.0_26.0,V_x-40.0_y-3.0_26.0,right,forward,forward_right,1
336,-43.2,3.5,0.5,-90.0,V_x-40.0_y-3.0_26.0_forward_right,V_x-40.0_y-3.0_26.0,V_x-40.0_y-3.0_26.0,right,forward,forward_right,1
337,-43.2,3.0,0.5,-90.0,V_x-40.0_y-3.0_26.0_forward_right,V_x-40.0_y-3.0_26.0,V_x-40.0_y-3.0_26.0,right,forward,forward_right,1
338,-43.2,2.5,0.5,-90.0,V_x-40.0_y-3.0_26.0_forward_right,V_x-40.0_y-3.0_26.0,V_x-40.0_y-3.0_26.0,right,forward,forward_right,1
339,-43.2,2.0,0.5,-90.0,V_x-40.0_y-3.0_26.0_forward_right,V_x-40.0_y-3.0_26.0,V_x-40.0_y-3.0_26.0,right,forward,forward_right,1
340,-43.2,1.5,0.5,-90.0,V_x-40.0_y-3.0_26.0_forward_right,V_x-40.0_y-3.0_26.0,V_x-40.0_y-3.0_26.0,right,forward,forward_right,1
341,-43.2,1.0,0.5,-90.0,V_x-40.0_y-3.0_26.0_forward_right,V_x-40.0_y-3.0_26.0,V_x-40.0_y-3.0_26.0,right,forward,forward_right,1
342,-43.2,0.5,0.5,-90.0,V_x-40.0_y-3.0_26.0_forward_right,V_x-40.0_y-3.0_26.0,V_x-40.0_y-3.0_26.0,right,forward,forward_right,1
343,-43.2,-0.0,0.5,-90.0,V_x-40.0_y-3.0_26.0_forward_right,V_x-40.0_y-3.0_26.0,V_x-40.0_y-3.0_26.0,right,forward,forward_right,1
344,-43.2,-0.5,0.5,-90.0,V_x-40.0_y-3.0_26.0_forward_right,V_x-40.0_y-3.0_26.0,V_x-40.0_y-3.0_26.0,right,forward,forward_right,1
345,-43.2,-1.0,0.5,-90.0,V_x-40.0_y-3.0_26.0_forward_right,V_x-40.0_y-3.0_26.0,V_x-40.0_y-3.0_26.0,right,forward,forward_right,1
346,-43.2,-1.5,0.5,-90.0,V_x-40.0_y-3.0_26.0_forward_right,V_x-40.0_y-3.0_26.0,V_x-40.0_y-3.0_26.0,right,forward,forward_right,1
347,-43.2,-2.0,0.5,-90.0,V_x-40.0_y-3.0_26.0_forward_right,V_x-40.0_y-3.0_26.0,V_x-40.0_y-3.0_26.0,right,forward,forward_right,1
348,-43.2,-2.5,0.5,-90.0,V_x-40.0_y-3.0_26.0_forward_right,V_x-40.0_y-3.0_26.0,V_x-40.0_y-3.0_26.0,right,forward,forward_right,1
349,-43.2,-3.0,0.5,-90.0,V_x-40.0_y-3.0_26.0_forward_right,V_x-40.0_y-3.0_26.0,V_x-40.0_y-3.0_26.0,right,forward,forward_right,0
350,-40.2,-3.0,0.5,90.0,V_x-40.0_y-3.0_26.0_reverse_right,V_x-40.0_y-3.0_26.0,V_x-40.0_y-3.0_26.0,right,reverse,reverse_right,1
351,-40.2,-2.5,0.5,90.0,V_x-40.0_y-3.0_26.0_reverse_right,V_x-40.0_y-3.0_26.0,V_x-40.0_y-3.0_26.0,right,reverse,reverse_right,1
352,-40.2,-2.0,0.5,90.0,V_x-40.0_y-3.0_26.0_reverse_right,V_x-40.0_y-3.0_26.0,V_x-40.0_y-3.0_26.0,right,reverse,reverse_right,1
353,-40.2,-1.5,0.5,90.0,V_x-40.0_y-3.0_26.0_reverse_right,V_x-40.0_y-3.0_26.0,V_x-40.0_y-3.0_26.0,right,reverse,reverse_right,1
354,-40.2,-1.0,0.5,90.0,V_x-40.0_y-3.0_26.0_reverse_right,V_x-40.0_y-3.0_26.0,V_x-40.0_y-3.0_26.0,right,reverse,reverse_right,1
355,-40.2,-0.5,0.5,90.0,V_x-40.0_y-3.0_26.0_reverse_right,V_x-40.0_y-3.0_26.0,V_x-40.0_y-3.0_26.0,right,reverse,reverse_right,1
356,-40.2,0.0,0.5,90.0,V_x-40.0_y-3.0_26.0_reverse_right,V_x-40.0_y-3.0_26.0,V_x-40.0_y-3.0_26.0,right,reverse,reverse_right,1
357,-40.2,0.5,0.5,90.0,V_x-40.0_y-3.0_26.0_reverse_right,V_x-40.0_y-3.0_26.0,V_x-40.0_y-3.0_26.0,right,reverse,reverse_right,1
358,-40.2,1.0,0.5,90.0,V_x-40.0_y-3.0_26.0_reverse_right,V_x-40.0_y-3.0_26.0,V_x-40.0_y-3.0_26.0,right,reverse,reverse_right,1
359,-40.2,1.5,0.5,90.0,V_x-40.0_y-3.0_26.0_reverse_right,V_x-40.0_y-3.0_26.0,V_x-40.0_y-3.0_26.0,right,reverse,reverse_right,1
360,-40.2,2.0,0.5,90.0,V_x-40.0_y-3.0_26.0_reverse_right,V_x-40.0_y-3.0_26.0,V_x-40.0_y-3.0_26.0,right,reverse,reverse_right,1
361,-40.2,2.5,0.5,90.0,V_x-40.0_y-3.0_26.0_reverse_right,V_x-40.0_y-3.0_26.0,V_x-40.0_y-3.0_26.0,right,reverse,reverse_right,1
362,-40.2,3.0,0.5,90.0,V_x-40.0_y-3.0_26.0_reverse_right,V_x-40.0_y-3.0_26.0,V_x-40.0_y-3.0_26.0,right,reverse,reverse_right,1
363,-40.2,3.5,0.5,90.0,V_x-40.0_y-3.0_26.0_reverse_right,V_x-40.0_y-3.0_26.0,V_x-40.0_y-3.0_26.0,right,reverse,reverse_right,1
364,-40.2,4.0,0.5,90.0,V_x-40.0_y-3.0_26.0_reverse_right,V_x-40.0_y-3.0_26.0,V_x-40.0_y-3.0_26.0,right,reverse,reverse_right,1
365,-40.2,4.5,0.5,90.0,V_x-40.0_y-3.0_26.0_reverse_right,V_x-40.0_y-3.0_26.0,V_x-40.0_y-3.0_26.0,right,reverse,reverse_right,1
366,-40.2,5.0,0.5,90.0,V_x-40.0_y-3.0_26.0_reverse_right,V_x-40.0_y-3.0_26.0,V_x-40.0_y-3.0_26.0,right,reverse,reverse_right,1
367,-40.2,5.5,0.5,90.0,V_x-40.0_y-3.0_26.0_reverse_right,V_x-40.0_y-3.0_26.0,V_x-40.0_y-3.0_26.0,right,reverse,reverse_right,1
368,-40.2,6.0,0.5,90.0,V_x-40.0_y-3.0_26.0_reverse_right,V_x-40.0_y-3.0_26.0,V_x-40.0_y-3.0_26.0,right,reverse,reverse_right,1
369,-40.2,6.5,0.5,90.0,V_x-40.0_y-3.0_26.0_reverse_right,V_x-40.0_y-3.0_26.0,V_x-40.0_y-3.0_26.0,right,reverse,reverse_right,1
370,-40.2,7.0,0.5,90.0,V_x-40.0_y-3.0_26.0_reverse_right,V_x-40.0_y-3.0_26.0,V_x-40.0_y-3.0_26.0,right,reverse,reverse_right,1
371,-40.2,7.5,0.5,90.0,V_x-40.0_y-3.0_26.0_reverse_right,V_x-40.0_y-3.0_26.0,V_x-40.0_y-3.0_26.0,right,reverse,reverse_right,1
372,-40.2,8.0,0.5,90.0,V_x-40.0_y-3.0_26.0_reverse_right,V_x-40.0_y-3.0_26.0,V_x-40.0_y-3.0_26.0,right,reverse,reverse_right,1
373,-40.2,8.5,0.5,90.0,V_x-40.0_y-3.0_26.0_reverse_right,V_x-40.0_y-3.0_26.0,V_x-40.0_y-3.0_26.0,right,reverse,reverse_right,1
374,-40.2,9.0,0.5,90.0,V_x-40.0_y-3.0_26.0_reverse_right,V_x-40.0_y-3.0_26.0,V_x-40.0_y-3.0_26.0,right,reverse,reverse_right,1
375,-40.2,9.5,0.5,90.0,V_x-40.0_y-3.0_26.0_reverse_right,V_x-40.0_y-3.0_26.0,V_x-40.0_y-3.0_26.0,right,reverse,reverse_right,1
376,-40.2,10.0,0.5,90.0,V_x-40.0_y-3.0_26.0_reverse_right,V_x-40.0_y-3.0_26.0,V_x-40.0_y-3.0_26.0,right,reverse,reverse_right,1
377,-40.2,10.5,0.5,90.0,V_x-40.0_y-3.0_26.0_reverse_right,V_x-40.0_y-3.0_26.0,V_x-40.0_y-3.0_26.0,right,reverse,reverse_right,1
378,-40.2,11.0,0.5,90.0,V_x-40.0_y-3.0_26.0_reverse_right,V_x-40.0_y-3.0_26.0,V_x-40.0_y-3.0_26.0,right,reverse,reverse_right,1
379,-40.2,11.5,0.5,90.0,V_x-40.0_y-3.0_26.0_reverse_right,V_x-40.0_y-3.0_26.0,V_x-40.0_y-3.0_26.0,right,reverse,reverse_right,1
380,-40.2,12.0,0.5,90.0,V_x-40.0_y-3.0_26.0_reverse_right,V_x-40.0_y-3.0_26.0,V_x-40.0_y-3.0_26.0,right,reverse,reverse_right,1
381,-40.2,12.5,0.5,90.0,V_x-40.0_y-3.0_26.0_reverse_right,V_x-40.0_y-3.0_26.0,V_x-40.0_y-3.0_26.0,right,reverse,reverse_right,1
382,-40.2,13.0,0.5,90.0,V_x-40.0_y-3.0_26.0_reverse_right,V_x-40.0_y-3.0_26.0,V_x-40.0_y-3.0_26.0,right,reverse,reverse_right,1
383,-40.2,13.5,0.5,90.0,V_x-40.0_y-3.0_26.0_reverse_right,V_x-40.0_y-3.0_26.0,V_x-40.0_y-3.0_26.0,right,reverse,reverse_right,1
384,-40.2,14.0,0.5,90.0,V_x-40.0_y-3.0_26.0_reverse_right,V_x-40.0_y-3.0_26.0,V_x-40.0_y-3.0_26.0,right,reverse,reverse_right,1
385,-40.2,14.5,0.5,90.0,V_x-40.0_y-3.0_26.0_reverse_right,V_x-40.0_y-3.0_26.0,V_x-40.0_y-3.0_26.0,right,reverse,reverse_right,1
386,-40.2,15.0,0.5,90.0,V_x-40.0_y-3.0_26.0_reverse_right,V_x-40.0_y-3.0_26.0,V_x-40.0_y-3.0_26.0,right,reverse,reverse_right,1
387,-40.2,15.5,0.5,90.0,V_x-40.0_y-3.0_26.0_reverse_right,V_x-40.0_y-3.0_26.0,V_x-40.0_y-3.0_26.0,right,reverse,reverse_right,1
388,-40.2,16.0,0.5,90.0,V_x-40.0_y-3.0_26.0_reverse_right,V_x-40.0_y-3.0_26.0,V_x-40.0_y-3.0_26.0,right,reverse,reverse_right,1
389,-40.2,16.5,0.5,90.0,V_x-40.0_y-3.0_26.0_reverse_right,V_x-40.0_y-3.0_26.0,V_x-40.0_y-3.0_26.0,right,reverse,reverse_right,1
390,-40.2,17.0,0.5,90.0,V_x-40.0_y-3.0_26.0_reverse_right,V_x-40.0_y-3.0_26.0,V_x-40.0_y-3.0_26.0,right,reverse,reverse_right,1
391,-40.2,17.5,0.5,90.0,V_x-40.0_y-3.0_26.0_reverse_right,V_x-40.0_y-3.0_26.0,V_x-40.0_y-3.0_26.0,right,reverse,reverse_right,1
392,-40.2,18.0,0.5,90.0,V_x-40.0_y-3.0_26.0_reverse_right,V_x-40.0_y-3.0_26.0,V_x-40.0_y-3.0_26.0,right,reverse,reverse_right,1
393,-40.2,18.5,0.5,90.0,V_x-40.0_y-3.0_26.0_reverse_right,V_x-40.0_y-3.0_26.0,V_x-40.0_y-3.0_26.0,right,reverse,reverse_right,1
394,-40.2,19.0,0.5,90.0,V_x-40.0_y-3.0_26.0_reverse_right,V_x-40.0_y-3.0_26.0,V_x-40.0_y-3.0_26.0,right,reverse,reverse_right,1
395,-40.2,19.5,0.5,90.0,V_x-40.0_y-3.0_26.0_reverse_right,V_x-40.0_y-3.0_26.0,V_x-40.0_y-3.0_26.0,right,reverse,reverse_right,1
396,-40.2,20.0,0.5,90.0,V_x-40.0_y-3.0_26.0_reverse_right,V_x-40.0_y-3.0_26.0,V_x-40.0_y-3.0_26.0,right,reverse,reverse_right,1
397,-40.2,20.5,0.5,90.0,V_x-40.0_y-3.0_26.0_reverse_right,V_x-40.0_y-3.0_26.0,V_x-40.0_y-3.0_26.0,right,reverse,reverse_right,1
398,-40.2,21.0,0.5,90.0,V_x-40.0_y-3.0_26.0_reverse_right,V_x-40.0_y-3.0_26.0,V_x-40.0_y-3.0_26.0,right,reverse,reverse_right,1
399,-40.2,21.5,0.5,90.0,V_x-40.0_y-3.0_26.0_reverse_right,V_x-40.0_y-3.0_26.0,V_x-40.0_y-3.0_26.0,right,reverse,reverse_right,1
400,-40.2,22.0,0.5,90.0,V_x-40.0_y-3.0_26.0_reverse_right,V_x-40.0_y-3.0_26.0,V_x-40.0_y-3.0_26.0,right,reverse,reverse_right,1
401,-40.2,22.5,0.5,90.0,V_x-40.0_y-3.0_26.0_reverse_right,V_x-40.0_y-3.0_26.0,V_x-40.0_y-3.0_26.0,right,reverse,reverse_right,1
402,-40.2,23.0,0.5,90.0,V_x-40.0_y-3.0_26.0_reverse_right,V_x-40.0_y-3.0_26.0,V_x-40.0_y-3.0_26.0,right,reverse,reverse_right,1
403,-40.2,23.5,0.5,90.0,V_x-40.0_y-3.0_26.0_reverse_right,V_x-40.0_y-3.0_26.0,V_x-40.0_y-3.0_26.0,right,reverse,reverse_right,1
404,-40.2,24.0,0.5,90.0,V_x-40.0_y-3.0_26.0_reverse_right,V_x-40.0_y-3.0_26.0,V_x-40.0_y-3.0_26.0,right,reverse,reverse_right,1
405,-40.2,24.5,0.5,90.0,V_x-40.0_y-3.0_26.0_reverse_right,V_x-40.0_y-3.0_26.0,V_x-40.0_y-3.0_26.0,right,reverse,reverse_right,1
406,-40.2,25.0,0.5,90.0,V_x-40.0_y-3.0_26.0_reverse_right,V_x-40.0_y-3.0_26.0,V_x-40.0_y-3.0_26.0,right,reverse,reverse_right,1
407,-40.2,25.5,0.5,90.0,V_x-40.0_y-3.0_26.0_reverse_right,V_x-40.0_y-3.0_26.0,V_x-40.0_y-3.0_26.0,right,reverse,reverse_right,1
408,-40.2,26.0,0.5,90.0,V_x-40.0_y-3.0_26.0_reverse_right,V_x-40.0_y-3.0_26.0,V_x-40.0_y-3.0_26.0,right,reverse,reverse_right,0
797,-20.0,46.5,0.5,0.0,H_y48.0_x-20.0_20.0_forward_right,H_y48.0_x-20.0_20.0,H_y48.0_x-20.0_20.0,right,forward,forward_right,1
798,-19.5,46.5,0.5,0.0,H_y48.0_x-20.0_20.0_forward_right,H_y48.0_x-20.0_20.0,H_y48.0_x-20.0_20.0,right,forward,forward_right,1
799,-19.0,46.5,0.5,0.0,H_y48.0_x-20.0_20.0_forward_right,H_y48.0_x-20.0_20.0,H_y48.0_x-20.0_20.0,right,forward,forward_right,1
800,-18.5,46.5,0.5,0.0,H_y48.0_x-20.0_20.0_forward_right,H_y48.0_x-20.0_20.0,H_y48.0_x-20.0_20.0,right,forward,forward_right,1
801,-18.0,46.5,0.5,0.0,H_y48.0_x-20.0_20.0_forward_right,H_y48.0_x-20.0_20.0,H_y48.0_x-20.0_20.0,right,forward,forward_right,1
802,-17.5,46.5,0.5,0.0,H_y48.0_x-20.0_20.0_forward_right,H_y48.0_x-20.0_20.0,H_y48.0_x-20.0_20.0,right,forward,forward_right,1
803,-17.0,46.5,0.5,0.0,H_y48.0_x-20.0_20.0_forward_right,H_y48.0_x-20.0_20.0,H_y48.0_x-20.0_20.0,right,forward,forward_right,1
804,-16.5,46.5,0.5,0.0,H_y48.0_x-20.0_20.0_forward_right,H_y48.0_x-20.0_20.0,H_y48.0_x-20.0_20.0,right,forward,forward_right,1
805,-16.0,46.5,0.5,0.0,H_y48.0_x-20.0_20.0_forward_right,H_y48.0_x-20.0_20.0,H_y48.0_x-20.0_20.0,right,forward,forward_right,1
806,-15.5,46.5,0.5,0.0,H_y48.0_x-20.0_20.0_forward_right,H_y48.0_x-20.0_20.0,H_y48.0_x-20.0_20.0,right,forward,forward_right,1
807,-15.0,46.5,0.5,0.0,H_y48.0_x-20.0_20.0_forward_right,H_y48.0_x-20.0_20.0,H_y48.0_x-20.0_20.0,right,forward,forward_right,1
808,-14.5,46.5,0.5,0.0,H_y48.0_x-20.0_20.0_forward_right,H_y48.0_x-20.0_20.0,H_y48.0_x-20.0_20.0,right,forward,forward_right,1
809,-14.0,46.5,0.5,0.0,H_y48.0_x-20.0_20.0_forward_right,H_y48.0_x-20.0_20.0,H_y48.0_x-20.0_20.0,right,forward,forward_right,1
810,-13.5,46.5,0.5,0.0,H_y48.0_x-20.0_20.0_forward_right,H_y48.0_x-20.0_20.0,H_y48.0_x-20.0_20.0,right,forward,forward_right,1
811,-13.0,46.5,0.5,0.0,H_y48.0_x-20.0_20.0_forward_right,H_y48.0_x-20.0_20.0,H_y48.0_x-20.0_20.0,right,forward,forward_right,1
812,-12.5,46.5,0.5,0.0,H_y48.0_x-20.0_20.0_forward_right,H_y48.0_x-20.0_20.0,H_y48.0_x-20.0_20.0,right,forward,forward_right,1
813,-12.0,46.5,0.5,0.0,H_y48.0_x-20.0_20.0_forward_right,H_y48.0_x-20.0_20.0,H_y48.0_x-20.0_20.0,right,forward,forward_right,1
814,-11.5,46.5,0.5,0.0,H_y48.0_x-20.0_20.0_forward_right,H_y48.0_x-20.0_20.0,H_y48.0_x-20.0_20.0,right,forward,forward_right,1
815,-11.0,46.5,0.5,0.0,H_y48.0_x-20.0_20.0_forward_right,H_y48.0_x-20.0_20.0,H_y48.0_x-20.0_20.0,right,forward,forward_right,1
816,-10.5,46.5,0.5,0.0,H_y48.0_x-20.0_20.0_forward_right,H_y48.0_x-20.0_20.0,H_y48.0_x-20.0_20.0,right,forward,forward_right,1
817,-10.0,46.5,0.5,0.0,H_y48.0_x-20.0_20.0_forward_right,H_y48.0_x-20.0_20.0,H_y48.0_x-20.0_20.0,right,forward,forward_right,1
818,-9.5,46.5,0.5,0.0,H_y48.0_x-20.0_20.0_forward_right,H_y48.0_x-20.0_20.0,H_y48.0_x-20.0_20.0,right,forward,forward_right,1
819,-9.0,46.5,0.5,0.0,H_y48.0_x-20.0_20.0_forward_right,H_y48.0_x-20.0_20.0,H_y48.0_x-20.0_20.0,right,forward,forward_right,1
820,-8.5,46.5,0.5,0.0,H_y48.0_x-20.0_20.0_forward_right,H_y48.0_x-20.0_20.0,H_y48.0_x-20.0_20.0,right,forward,forward_right,1
821,-8.0,46.5,0.5,0.0,H_y48.0_x-20.0_20.0_forward_right,H_y48.0_x-20.0_20.0,H_y48.0_x-20.0_20.0,right,forward,forward_right,1
822,-7.5,46.5,0.5,0.0,H_y48.0_x-20.0_20.0_forward_right,H_y48.0_x-20.0_20.0,H_y48.0_x-20.0_20.0,right,forward,forward_right,1
823,-7.0,46.5,0.5,0.0,H_y48.0_x-20.0_20.0_forward_right,H_y48.0_x-20.0_20.0,H_y48.0_x-20.0_20.0,right,forward,forward_right,1
824,-6.5,46.5,0.5,0.0,H_y48.0_x-20.0_20.0_forward_right,H_y48.0_x-20.0_20.0,H_y48.0_x-20.0_20.0,right,forward,forward_right,1
825,-6.0,46.5,0.5,0.0,H_y48.0_x-20.0_20.0_forward_right,H_y48.0_x-20.0_20.0,H_y48.0_x-20.0_20.0,right,forward,forward_right,1
826,-5.5,46.5,0.5,0.0,H_y48.0_x-20.0_20.0_forward_right,H_y48.0_x-20.0_20.0,H_y48.0_x-20.0_20.0,right,forward,forward_right,1
827,-5.0,46.5,0.5,0.0,H_y48.0_x-20.0_20.0_forward_right,H_y48.0_x-20.0_20.0,H_y48.0_x-20.0_20.0,right,forward,forward_right,1
828,-4.5,46.5,0.5,0.0,H_y48.0_x-20.0_20.0_forward_right,H_y48.0_x-20.0_20.0,H_y48.0_x-20.0_20.0,right,forward,forward_right,1
829,-4.0,46.5,0.5,0.0,H_y48.0_x-20.0_20.0_forward_right,H_y48.0_x-20.0_20.0,H_y48.0_x-20.0_20.0,right,forward,forward_right,1
830,-3.5,46.5,0.5,0.0,H_y48.0_x-20.0_20.0_forward_right,H_y48.0_x-20.0_20.0,H_y48.0_x-20.0_20.0,right,forward,forward_right,1
831,-3.0,46.5,0.5,0.0,H_y48.0_x-20.0_20.0_forward_right,H_y48.0_x-20.0_20.0,H_y48.0_x-20.0_20.0,right,forward,forward_right,1
832,-2.5,46.5,0.5,0.0,H_y48.0_x-20.0_20.0_forward_right,H_y48.0_x-20.0_20.0,H_y48.0_x-20.0_20.0,right,forward,forward_right,1
833,-2.0,46.5,0.5,0.0,H_y48.0_x-20.0_20.0_forward_right,H_y48.0_x-20.0_20.0,H_y48.0_x-20.0_20.0,right,forward,forward_right,1
834,-1.5,46.5,0.5,0.0,H_y48.0_x-20.0_20.0_forward_right,H_y48.0_x-20.0_20.0,H_y48.0_x-20.0_20.0,right,forward,forward_right,1
835,-1.0,46.5,0.5,0.0,H_y48.0_x-20.0_20.0_forward_right,H_y48.0_x-20.0_20.0,H_y48.0_x-20.0_20.0,right,forward,forward_right,1
836,-0.5,46.5,0.5,0.0,H_y48.0_x-20.0_20.0_forward_right,H_y48.0_x-20.0_20.0,H_y48.0_x-20.0_20.0,right,forward,forward_right,1
837,0.0,46.5,0.5,0.0,H_y48.0_x-20.0_20.0_forward_right,H_y48.0_x-20.0_20.0,H_y48.0_x-20.0_20.0,right,forward,forward_right,1
838,0.5,46.5,0.5,0.0,H_y48.0_x-20.0_20.0_forward_right,H_y48.0_x-20.0_20.0,H_y48.0_x-20.0_20.0,right,forward,forward_right,1
839,1.0,46.5,0.5,0.0,H_y48.0_x-20.0_20.0_forward_right,H_y48.0_x-20.0_20.0,H_y48.0_x-20.0_20.0,right,forward,forward_right,1
840,1.5,46.5,0.5,0.0,H_y48.0_x-20.0_20.0_forward_right,H_y48.0_x-20.0_20.0,H_y48.0_x-20.0_20.0,right,forward,forward_right,1
841,2.0,46.5,0.5,0.0,H_y48.0_x-20.0_20.0_forward_right,H_y48.0_x-20.0_20.0,H_y48.0_x-20.0_20.0,right,forward,forward_right,1
842,2.5,46.5,0.5,0.0,H_y48.0_x-20.0_20.0_forward_right,H_y48.0_x-20.0_20.0,H_y48.0_x-20.0_20.0,right,forward,forward_right,1
843,3.0,46.5,0.5,0.0,H_y48.0_x-20.0_20.0_forward_right,H_y48.0_x-20.0_20.0,H_y48.0_x-20.0_20.0,right,forward,forward_right,1
844,3.5,46.5,0.5,0.0,H_y48.0_x-20.0_20.0_forward_right,H_y48.0_x-20.0_20.0,H_y48.0_x-20.0_20.0,right,forward,forward_right,1
845,4.0,46.5,0.5,0.0,H_y48.0_x-20.0_20.0_forward_right,H_y48.0_x-20.0_20.0,H_y48.0_x-20.0_20.0,right,forward,forward_right,1
846,4.5,46.5,0.5,0.0,H_y48.0_x-20.0_20.0_forward_right,H_y48.0_x-20.0_20.0,H_y48.0_x-20.0_20.0,right,forward,forward_right,1
847,5.0,46.5,0.5,0.0,H_y48.0_x-20.0_20.0_forward_right,H_y48.0_x-20.0_20.0,H_y48.0_x-20.0_20.0,right,forward,forward_right,1
848,5.5,46.5,0.5,0.0,H_y48.0_x-20.0_20.0_forward_right,H_y48.0_x-20.0_20.0,H_y48.0_x-20.0_20.0,right,forward,forward_right,1
849,6.0,46.5,0.5,0.0,H_y48.0_x-20.0_20.0_forward_right,H_y48.0_x-20.0_20.0,H_y48.0_x-20.0_20.0,right,forward,forward_right,1
850,6.5,46.5,0.5,0.0,H_y48.0_x-20.0_20.0_forward_right,H_y48.0_x-20.0_20.0,H_y48.0_x-20.0_20.0,right,forward,forward_right,1
851,7.0,46.5,0.5,0.0,H_y48.0_x-20.0_20.0_forward_right,H_y48.0_x-20.0_20.0,H_y48.0_x-20.0_20.0,right,forward,forward_right,1
852,7.5,46.5,0.5,0.0,H_y48.0_x-20.0_20.0_forward_right,H_y48.0_x-20.0_20.0,H_y48.0_x-20.0_20.0,right,forward,forward_right,1
853,8.0,46.5,0.5,0.0,H_y48.0_x-20.0_20.0_forward_right,H_y48.0_x-20.0_20.0,H_y48.0_x-20.0_20.0,right,forward,forward_right,1
854,8.5,46.5,0.5,0.0,H_y48.0_x-20.0_20.0_forward_right,H_y48.0_x-20.0_20.0,H_y48.0_x-20.0_20.0,right,forward,forward_right,1
855,9.0,46.5,0.5,0.0,H_y48.0_x-20.0_20.0_forward_right,H_y48.0_x-20.0_20.0,H_y48.0_x-20.0_20.0,right,forward,forward_right,1
856,9.5,46.5,0.5,0.0,H_y48.0_x-20.0_20.0_forward_right,H_y48.0_x-20.0_20.0,H_y48.0_x-20.0_20.0,right,forward,forward_right,1
857,10.0,46.5,0.5,0.0,H_y48.0_x-20.0_20.0_forward_right,H_y48.0_x-20.0_20.0,H_y48.0_x-20.0_20.0,right,forward,forward_right,1
858,10.5,46.5,0.5,0.0,H_y48.0_x-20.0_20.0_forward_right,H_y48.0_x-20.0_20.0,H_y48.0_x-20.0_20.0,right,forward,forward_right,1
859,11.0,46.5,0.5,0.0,H_y48.0_x-20.0_20.0_forward_right,H_y48.0_x-20.0_20.0,H_y48.0_x-20.0_20.0,right,forward,forward_right,1
860,11.5,46.5,0.5,0.0,H_y48.0_x-20.0_20.0_forward_right,H_y48.0_x-20.0_20.0,H_y48.0_x-20.0_20.0,right,forward,forward_right,1
861,12.0,46.5,0.5,0.0,H_y48.0_x-20.0_20.0_forward_right,H_y48.0_x-20.0_20.0,H_y48.0_x-20.0_20.0,right,forward,forward_right,1
862,12.5,46.5,0.5,0.0,H_y48.0_x-20.0_20.0_forward_right,H_y48.0_x-20.0_20.0,H_y48.0_x-20.0_20.0,right,forward,forward_right,1
863,13.0,46.5,0.5,0.0,H_y48.0_x-20.0_20.0_forward_right,H_y48.0_x-20.0_20.0,H_y48.0_x-20.0_20.0,right,forward,forward_right,1
864,13.5,46.5,0.5,0.0,H_y48.0_x-20.0_20.0_forward_right,H_y48.0_x-20.0_20.0,H_y48.0_x-20.0_20.0,right,forward,forward_right,1
865,14.0,46.5,0.5,0.0,H_y48.0_x-20.0_20.0_forward_right,H_y48.0_x-20.0_20.0,H_y48.0_x-20.0_20.0,right,forward,forward_right,1
866,14.5,46.5,0.5,0.0,H_y48.0_x-20.0_20.0_forward_right,H_y48.0_x-20.0_20.0,H_y48.0_x-20.0_20.0,right,forward,forward_right,1
867,15.0,46.5,0.5,0.0,H_y48.0_x-20.0_20.0_forward_right,H_y48.0_x-20.0_20.0,H_y48.0_x-20.0_20.0,right,forward,forward_right,1
868,15.5,46.5,0.5,0.0,H_y48.0_x-20.0_20.0_forward_right,H_y48.0_x-20.0_20.0,H_y48.0_x-20.0_20.0,right,forward,forward_right,1
869,16.0,46.5,0.5,0.0,H_y48.0_x-20.0_20.0_forward_right,H_y48.0_x-20.0_20.0,H_y48.0_x-20.0_20.0,right,forward,forward_right,1
870,16.5,46.5,0.5,0.0,H_y48.0_x-20.0_20.0_forward_right,H_y48.0_x-20.0_20.0,H_y48.0_x-20.0_20.0,right,forward,forward_right,1
871,17.0,46.5,0.5,0.0,H_y48.0_x-20.0_20.0_forward_right,H_y48.0_x-20.0_20.0,H_y48.0_x-20.0_20.0,right,forward,forward_right,1
872,17.5,46.5,0.5,0.0,H_y48.0_x-20.0_20.0_forward_right,H_y48.0_x-20.0_20.0,H_y48.0_x-20.0_20.0,right,forward,forward_right,1
873,18.0,46.5,0.5,0.0,H_y48.0_x-20.0_20.0_forward_right,H_y48.0_x-20.0_20.0,H_y48.0_x-20.0_20.0,right,forward,forward_right,1
874,18.5,46.5,0.5,0.0,H_y48.0_x-20.0_20.0_forward_right,H_y48.0_x-20.0_20.0,H_y48.0_x-20.0_20.0,right,forward,forward_right,1
875,19.0,46.5,0.5,0.0,H_y48.0_x-20.0_20.0_forward_right,H_y48.0_x-20.0_20.0,H_y48.0_x-20.0_20.0,right,forward,forward_right,1
876,19.5,46.5,0.5,0.0,H_y48.0_x-20.0_20.0_forward_right,H_y48.0_x-20.0_20.0,H_y48.0_x-20.0_20.0,right,forward,forward_right,1
877,20.0,46.5,0.5,0.0,H_y48.0_x-20.0_20.0_forward_right,H_y48.0_x-20.0_20.0,H_y48.0_x-20.0_20.0,right,forward,forward_right,0
878,20.0,49.5,0.5,180.0,H_y48.0_x-20.0_20.0_reverse_right,H_y48.0_x-20.0_20.0,H_y48.0_x-20.0_20.0,right,reverse,reverse_right,1
879,19.5,49.5,0.5,180.0,H_y48.0_x-20.0_20.0_reverse_right,H_y48.0_x-20.0_20.0,H_y48.0_x-20.0_20.0,right,reverse,reverse_right,1
880,19.0,49.5,0.5,180.0,H_y48.0_x-20.0_20.0_reverse_right,H_y48.0_x-20.0_20.0,H_y48.0_x-20.0_20.0,right,reverse,reverse_right,1
881,18.5,49.5,0.5,180.0,H_y48.0_x-20.0_20.0_reverse_right,H_y48.0_x-20.0_20.0,H_y48.0_x-20.0_20.0,right,reverse,reverse_right,1
882,18.0,49.5,0.5,180.0,H_y48.0_x-20.0_20.0_reverse_right,H_y48.0_x-20.0_20.0,H_y48.0_x-20.0_20.0,right,reverse,reverse_right,1
883,17.5,49.5,0.5,180.0,H_y48.0_x-20.0_20.0_reverse_right,H_y48.0_x-20.0_20.0,H_y48.0_x-20.0_20.0,right,reverse,reverse_right,1
884,17.0,49.5,0.5,180.0,H_y48.0_x-20.0_20.0_reverse_right,H_y48.0_x-20.0_20.0,H_y48.0_x-20.0_20.0,right,reverse,reverse_right,1
885,16.5,49.5,0.5,180.0,H_y48.0_x-20.0_20.0_reverse_right,H_y48.0_x-20.0_20.0,H_y48.0_x-20.0_20.0,right,reverse,reverse_right,1
886,16.0,49.5,0.5,180.0,H_y48.0_x-20.0_20.0_reverse_right,H_y48.0_x-20.0_20.0,H_y48.0_x-20.0_20.0,right,reverse,reverse_right,1
887,15.5,49.5,0.5,180.0,H_y48.0_x-20.0_20.0_reverse_right,H_y48.0_x-20.0_20.0,H_y48.0_x-20.0_20.0,right,reverse,reverse_right,1
888,15.0,49.5,0.5,180.0,H_y48.0_x-20.0_20.0_reverse_right,H_y48.0_x-20.0_20.0,H_y48.0_x-20.0_20.0,right,reverse,reverse_right,1
889,14.5,49.5,0.5,180.0,H_y48.0_x-20.0_20.0_reverse_right,H_y48.0_x-20.0_20.0,H_y48.0_x-20.0_20.0,right,reverse,reverse_right,1
890,14.0,49.5,0.5,180.0,H_y48.0_x-20.0_20.0_reverse_right,H_y48.0_x-20.0_20.0,H_y48.0_x-20.0_20.0,right,reverse,reverse_right,1
891,13.5,49.5,0.5,180.0,H_y48.0_x-20.0_20.0_reverse_right,H_y48.0_x-20.0_20.0,H_y48.0_x-20.0_20.0,right,reverse,reverse_right,1
892,13.0,49.5,0.5,180.0,H_y48.0_x-20.0_20.0_reverse_right,H_y48.0_x-20.0_20.0,H_y48.0_x-20.0_20.0,right,reverse,reverse_right,1
893,12.5,49.5,0.5,180.0,H_y48.0_x-20.0_20.0_reverse_right,H_y48.0_x-20.0_20.0,H_y48.0_x-20.0_20.0,right,reverse,reverse_right,1
894,12.0,49.5,0.5,180.0,H_y48.0_x-20.0_20.0_reverse_right,H_y48.0_x-20.0_20.0,H_y48.0_x-20.0_20.0,right,reverse,reverse_right,1
895,11.5,49.5,0.5,180.0,H_y48.0_x-20.0_20.0_reverse_right,H_y48.0_x-20.0_20.0,H_y48.0_x-20.0_20.0,right,reverse,reverse_right,1
896,11.0,49.5,0.5,180.0,H_y48.0_x-20.0_20.0_reverse_right,H_y48.0_x-20.0_20.0,H_y48.0_x-20.0_20.0,right,reverse,reverse_right,1
897,10.5,49.5,0.5,180.0,H_y48.0_x-20.0_20.0_reverse_right,H_y48.0_x-20.0_20.0,H_y48.0_x-20.0_20.0,right,reverse,reverse_right,1
898,10.0,49.5,0.5,180.0,H_y48.0_x-20.0_20.0_reverse_right,H_y48.0_x-20.0_20.0,H_y48.0_x-20.0_20.0,right,reverse,reverse_right,1
899,9.5,49.5,0.5,180.0,H_y48.0_x-20.0_20.0_reverse_right,H_y48.0_x-20.0_20.0,H_y48.0_x-20.0_20.0,right,reverse,reverse_right,1
900,9.0,49.5,0.5,180.0,H_y48.0_x-20.0_20.0_reverse_right,H_y48.0_x-20.0_20.0,H_y48.0_x-20.0_20.0,right,reverse,reverse_right,1
901,8.5,49.5,0.5,180.0,H_y48.0_x-20.0_20.0_reverse_right,H_y48.0_x-20.0_20.0,H_y48.0_x-20.0_20.0,right,reverse,reverse_right,1
902,8.0,49.5,0.5,180.0,H_y48.0_x-20.0_20.0_reverse_right,H_y48.0_x-20.0_20.0,H_y48.0_x-20.0_20.0,right,reverse,reverse_right,1
903,7.5,49.5,0.5,180.0,H_y48.0_x-20.0_20.0_reverse_right,H_y48.0_x-20.0_20.0,H_y48.0_x-20.0_20.0,right,reverse,reverse_right,1
904,7.0,49.5,0.5,180.0,H_y48.0_x-20.0_20.0_reverse_right,H_y48.0_x-20.0_20.0,H_y48.0_x-20.0_20.0,right,reverse,reverse_right,1
905,6.5,49.5,0.5,180.0,H_y48.0_x-20.0_20.0_reverse_right,H_y48.0_x-20.0_20.0,H_y48.0_x-20.0_20.0,right,reverse,reverse_right,1
906,6.0,49.5,0.5,180.0,H_y48.0_x-20.0_20.0_reverse_right,H_y48.0_x-20.0_20.0,H_y48.0_x-20.0_20.0,right,reverse,reverse_right,1
907,5.5,49.5,0.5,180.0,H_y48.0_x-20.0_20.0_reverse_right,H_y48.0_x-20.0_20.0,H_y48.0_x-20.0_20.0,right,reverse,reverse_right,1
908,5.0,49.5,0.5,180.0,H_y48.0_x-20.0_20.0_reverse_right,H_y48.0_x-20.0_20.0,H_y48.0_x-20.0_20.0,right,reverse,reverse_right,1
909,4.5,49.5,0.5,180.0,H_y48.0_x-20.0_20.0_reverse_right,H_y48.0_x-20.0_20.0,H_y48.0_x-20.0_20.0,right,reverse,reverse_right,1
910,4.0,49.5,0.5,180.0,H_y48.0_x-20.0_20.0_reverse_right,H_y48.0_x-20.0_20.0,H_y48.0_x-20.0_20.0,right,reverse,reverse_right,1
911,3.5,49.5,0.5,180.0,H_y48.0_x-20.0_20.0_reverse_right,H_y48.0_x-20.0_20.0,H_y48.0_x-20.0_20.0,right,reverse,reverse_right,1
912,3.0,49.5,0.5,180.0,H_y48.0_x-20.0_20.0_reverse_right,H_y48.0_x-20.0_20.0,H_y48.0_x-20.0_20.0,right,reverse,reverse_right,1
913,2.5,49.5,0.5,180.0,H_y48.0_x-20.0_20.0_reverse_right,H_y48.0_x-20.0_20.0,H_y48.0_x-20.0_20.0,right,reverse,reverse_right,1
914,2.0,49.5,0.5,180.0,H_y48.0_x-20.0_20.0_reverse_right,H_y48.0_x-20.0_20.0,H_y48.0_x-20.0_20.0,right,reverse,reverse_right,1
915,1.5,49.5,0.5,180.0,H_y48.0_x-20.0_20.0_reverse_right,H_y48.0_x-20.0_20.0,H_y48.0_x-20.0_20.0,right,reverse,reverse_right,1
916,1.0,49.5,0.5,180.0,H_y48.0_x-20.0_20.0_reverse_right,H_y48.0_x-20.0_20.0,H_y48.0_x-20.0_20.0,right,reverse,reverse_right,1
917,0.5,49.5,0.5,180.0,H_y48.0_x-20.0_20.0_reverse_right,H_y48.0_x-20.0_20.0,H_y48.0_x-20.0_20.0,right,reverse,reverse_right,1
918,0.0,49.5,0.5,180.0,H_y48.0_x-20.0_20.0_reverse_right,H_y48.0_x-20.0_20.0,H_y48.0_x-20.0_20.0,right,reverse,reverse_right,1
919,-0.5,49.5,0.5,180.0,H_y48.0_x-20.0_20.0_reverse_right,H_y48.0_x-20.0_20.0,H_y48.0_x-20.0_20.0,right,reverse,reverse_right,1
920,-1.0,49.5,0.5,180.0,H_y48.0_x-20.0_20.0_reverse_right,H_y48.0_x-20.0_20.0,H_y48.0_x-20.0_20.0,right,reverse,reverse_right,1
921,-1.5,49.5,0.5,180.0,H_y48.0_x-20.0_20.0_reverse_right,H_y48.0_x-20.0_20.0,H_y48.0_x-20.0_20.0,right,reverse,reverse_right,1
922,-2.0,49.5,0.5,180.0,H_y48.0_x-20.0_20.0_reverse_right,H_y48.0_x-20.0_20.0,H_y48.0_x-20.0_20.0,right,reverse,reverse_right,1
923,-2.5,49.5,0.5,180.0,H_y48.0_x-20.0_20.0_reverse_right,H_y48.0_x-20.0_20.0,H_y48.0_x-20.0_20.0,right,reverse,reverse_right,1
924,-3.0,49.5,0.5,180.0,H_y48.0_x-20.0_20.0_reverse_right,H_y48.0_x-20.0_20.0,H_y48.0_x-20.0_20.0,right,reverse,reverse_right,1
925,-3.5,49.5,0.5,180.0,H_y48.0_x-20.0_20.0_reverse_right,H_y48.0_x-20.0_20.0,H_y48.0_x-20.0_20.0,right,reverse,reverse_right,1
926,-4.0,49.5,0.5,180.0,H_y48.0_x-20.0_20.0_reverse_right,H_y48.0_x-20.0_20.0,H_y48.0_x-20.0_20.0,right,reverse,reverse_right,1
927,-4.5,49.5,0.5,180.0,H_y48.0_x-20.0_20.0_reverse_right,H_y48.0_x-20.0_20.0,H_y48.0_x-20.0_20.0,right,reverse,reverse_right,1
928,-5.0,49.5,0.5,180.0,H_y48.0_x-20.0_20.0_reverse_right,H_y48.0_x-20.0_20.0,H_y48.0_x-20.0_20.0,right,reverse,reverse_right,1
929,-5.5,49.5,0.5,180.0,H_y48.0_x-20.0_20.0_reverse_right,H_y48.0_x-20.0_20.0,H_y48.0_x-20.0_20.0,right,reverse,reverse_right,1
930,-6.0,49.5,0.5,180.0,H_y48.0_x-20.0_20.0_reverse_right,H_y48.0_x-20.0_20.0,H_y48.0_x-20.0_20.0,right,reverse,reverse_right,1
931,-6.5,49.5,0.5,180.0,H_y48.0_x-20.0_20.0_reverse_right,H_y48.0_x-20.0_20.0,H_y48.0_x-20.0_20.0,right,reverse,reverse_right,1
932,-7.0,49.5,0.5,180.0,H_y48.0_x-20.0_20.0_reverse_right,H_y48.0_x-20.0_20.0,H_y48.0_x-20.0_20.0,right,reverse,reverse_right,1
933,-7.5,49.5,0.5,180.0,H_y48.0_x-20.0_20.0_reverse_right,H_y48.0_x-20.0_20.0,H_y48.0_x-20.0_20.0,right,reverse,reverse_right,1
934,-8.0,49.5,0.5,180.0,H_y48.0_x-20.0_20.0_reverse_right,H_y48.0_x-20.0_20.0,H_y48.0_x-20.0_20.0,right,reverse,reverse_right,1
935,-8.5,49.5,0.5,180.0,H_y48.0_x-20.0_20.0_reverse_right,H_y48.0_x-20.0_20.0,H_y48.0_x-20.0_20.0,right,reverse,reverse_right,1
936,-9.0,49.5,0.5,180.0,H_y48.0_x-20.0_20.0_reverse_right,H_y48.0_x-20.0_20.0,H_y48.0_x-20.0_20.0,right,reverse,reverse_right,1
937,-9.5,49.5,0.5,180.0,H_y48.0_x-20.0_20.0_reverse_right,H_y48.0_x-20.0_20.0,H_y48.0_x-20.0_20.0,right,reverse,reverse_right,1
938,-10.0,49.5,0.5,180.0,H_y48.0_x-20.0_20.0_reverse_right,H_y48.0_x-20.0_20.0,H_y48.0_x-20.0_20.0,right,reverse,reverse_right,1
939,-10.5,49.5,0.5,180.0,H_y48.0_x-20.0_20.0_reverse_right,H_y48.0_x-20.0_20.0,H_y48.0_x-20.0_20.0,right,reverse,reverse_right,1
940,-11.0,49.5,0.5,180.0,H_y48.0_x-20.0_20.0_reverse_right,H_y48.0_x-20.0_20.0,H_y48.0_x-20.0_20.0,right,reverse,reverse_right,1
941,-11.5,49.5,0.5,180.0,H_y48.0_x-20.0_20.0_reverse_right,H_y48.0_x-20.0_20.0,H_y48.0_x-20.0_20.0,right,reverse,reverse_right,1
942,-12.0,49.5,0.5,180.0,H_y48.0_x-20.0_20.0_reverse_right,H_y48.0_x-20.0_20.0,H_y48.0_x-20.0_20.0,right,reverse,reverse_right,1
943,-12.5,49.5,0.5,180.0,H_y48.0_x-20.0_20.0_reverse_right,H_y48.0_x-20.0_20.0,H_y48.0_x-20.0_20.0,right,reverse,reverse_right,1
944,-13.0,49.5,0.5,180.0,H_y48.0_x-20.0_20.0_reverse_right,H_y48.0_x-20.0_20.0,H_y48.0_x-20.0_20.0,right,reverse,reverse_right,1
945,-13.5,49.5,0.5,180.0,H_y48.0_x-20.0_20.0_reverse_right,H_y48.0_x-20.0_20.0,H_y48.0_x-20.0_20.0,right,reverse,reverse_right,1
946,-14.0,49.5,0.5,180.0,H_y48.0_x-20.0_20.0_reverse_right,H_y48.0_x-20.0_20.0,H_y48.0_x-20.0_20.0,right,reverse,reverse_right,1
947,-14.5,49.5,0.5,180.0,H_y48.0_x-20.0_20.0_reverse_right,H_y48.0_x-20.0_20.0,H_y48.0_x-20.0_20.0,right,reverse,reverse_right,1
948,-15.0,49.5,0.5,180.0,H_y48.0_x-20.0_20.0_reverse_right,H_y48.0_x-20.0_20.0,H_y48.0_x-20.0_20.0,right,reverse,reverse_right,1
949,-15.5,49.5,0.5,180.0,H_y48.0_x-20.0_20.0_reverse_right,H_y48.0_x-20.0_20.0,H_y48.0_x-20.0_20.0,right,reverse,reverse_right,1
950,-16.0,49.5,0.5,180.0,H_y48.0_x-20.0_20.0_reverse_right,H_y48.0_x-20.0_20.0,H_y48.0_x-20.0_20.0,right,reverse,reverse_right,1
951,-16.5,49.5,0.5,180.0,H_y48.0_x-20.0_20.0_reverse_right,H_y48.0_x-20.0_20.0,H_y48.0_x-20.0_20.0,right,reverse,reverse_right,1
952,-17.0,49.5,0.5,180.0,H_y48.0_x-20.0_20.0_reverse_right,H_y48.0_x-20.0_20.0,H_y48.0_x-20.0_20.0,right,reverse,reverse_right,1
953,-17.5,49.5,0.5,180.0,H_y48.0_x-20.0_20.0_reverse_right,H_y48.0_x-20.0_20.0,H_y48.0_x-20.0_20.0,right,reverse,reverse_right,1
954,-18.0,49.5,0.5,180.0,H_y48.0_x-20.0_20.0_reverse_right,H_y48.0_x-20.0_20.0,H_y48.0_x-20.0_20.0,right,reverse,reverse_right,1
955,-18.5,49.5,0.5,180.0,H_y48.0_x-20.0_20.0_reverse_right,H_y48.0_x-20.0_20.0,H_y48.0_x-20.0_20.0,right,reverse,reverse_right,1
956,-19.0,49.5,0.5,180.0,H_y48.0_x-20.0_20.0_reverse_right,H_y48.0_x-20.0_20.0,H_y48.0_x-20.0_20.0,right,reverse,reverse_right,1
957,-19.5,49.5,0.5,180.0,H_y48.0_x-20.0_20.0_reverse_right,H_y48.0_x-20.0_20.0,H_y48.0_x-20.0_20.0,right,reverse,reverse_right,1
958,-20.0,49.5,0.5,180.0,H_y48.0_x-20.0_20.0_reverse_right,H_y48.0_x-20.0_20.0,H_y48.0_x-20.0_20.0,right,reverse,reverse_right,0
1049,-20.0,24.5,0.5,0.0,H_y26.0_x-20.0_20.0_forward_right,H_y26.0_x-20.0_20.0,H_y26.0_x-20.0_20.0,right,forward,forward_right,1
1050,-19.5,24.5,0.5,0.0,H_y26.0_x-20.0_20.0_forward_right,H_y26.0_x-20.0_20.0,H_y26.0_x-20.0_20.0,right,forward,forward_right,1
1051,-19.0,24.5,0.5,0.0,H_y26.0_x-20.0_20.0_forward_right,H_y26.0_x-20.0_20.0,H_y26.0_x-20.0_20.0,right,forward,forward_right,1
1052,-18.5,24.5,0.5,0.0,H_y26.0_x-20.0_20.0_forward_right,H_y26.0_x-20.0_20.0,H_y26.0_x-20.0_20.0,right,forward,forward_right,1
1053,-18.0,24.5,0.5,0.0,H_y26.0_x-20.0_20.0_forward_right,H_y26.0_x-20.0_20.0,H_y26.0_x-20.0_20.0,right,forward,forward_right,1
1054,-17.5,24.5,0.5,0.0,H_y26.0_x-20.0_20.0_forward_right,H_y26.0_x-20.0_20.0,H_y26.0_x-20.0_20.0,right,forward,forward_right,1
1055,-17.0,24.5,0.5,0.0,H_y26.0_x-20.0_20.0_forward_right,H_y26.0_x-20.0_20.0,H_y26.0_x-20.0_20.0,right,forward,forward_right,1
1056,-16.5,24.5,0.5,0.0,H_y26.0_x-20.0_20.0_forward_right,H_y26.0_x-20.0_20.0,H_y26.0_x-20.0_20.0,right,forward,forward_right,1
1057,-16.0,24.5,0.5,0.0,H_y26.0_x-20.0_20.0_forward_right,H_y26.0_x-20.0_20.0,H_y26.0_x-20.0_20.0,right,forward,forward_right,1
1058,-15.5,24.5,0.5,0.0,H_y26.0_x-20.0_20.0_forward_right,H_y26.0_x-20.0_20.0,H_y26.0_x-20.0_20.0,right,forward,forward_right,1
1059,-15.0,24.5,0.5,0.0,H_y26.0_x-20.0_20.0_forward_right,H_y26.0_x-20.0_20.0,H_y26.0_x-20.0_20.0,right,forward,forward_right,1
1060,-14.5,24.5,0.5,0.0,H_y26.0_x-20.0_20.0_forward_right,H_y26.0_x-20.0_20.0,H_y26.0_x-20.0_20.0,right,forward,forward_right,1
1061,-14.0,24.5,0.5,0.0,H_y26.0_x-20.0_20.0_forward_right,H_y26.0_x-20.0_20.0,H_y26.0_x-20.0_20.0,right,forward,forward_right,1
1062,-13.5,24.5,0.5,0.0,H_y26.0_x-20.0_20.0_forward_right,H_y26.0_x-20.0_20.0,H_y26.0_x-20.0_20.0,right,forward,forward_right,1
1063,-13.0,24.5,0.5,0.0,H_y26.0_x-20.0_20.0_forward_right,H_y26.0_x-20.0_20.0,H_y26.0_x-20.0_20.0,right,forward,forward_right,1
1064,-12.5,24.5,0.5,0.0,H_y26.0_x-20.0_20.0_forward_right,H_y26.0_x-20.0_20.0,H_y26.0_x-20.0_20.0,right,forward,forward_right,1
1065,-12.0,24.5,0.5,0.0,H_y26.0_x-20.0_20.0_forward_right,H_y26.0_x-20.0_20.0,H_y26.0_x-20.0_20.0,right,forward,forward_right,1
1066,-11.5,24.5,0.5,0.0,H_y26.0_x-20.0_20.0_forward_right,H_y26.0_x-20.0_20.0,H_y26.0_x-20.0_20.0,right,forward,forward_right,1
1067,-11.0,24.5,0.5,0.0,H_y26.0_x-20.0_20.0_forward_right,H_y26.0_x-20.0_20.0,H_y26.0_x-20.0_20.0,right,forward,forward_right,1
1068,-10.5,24.5,0.5,0.0,H_y26.0_x-20.0_20.0_forward_right,H_y26.0_x-20.0_20.0,H_y26.0_x-20.0_20.0,right,forward,forward_right,1
1069,-10.0,24.5,0.5,0.0,H_y26.0_x-20.0_20.0_forward_right,H_y26.0_x-20.0_20.0,H_y26.0_x-20.0_20.0,right,forward,forward_right,1
1070,-9.5,24.5,0.5,0.0,H_y26.0_x-20.0_20.0_forward_right,H_y26.0_x-20.0_20.0,H_y26.0_x-20.0_20.0,right,forward,forward_right,1
1071,-9.0,24.5,0.5,0.0,H_y26.0_x-20.0_20.0_forward_right,H_y26.0_x-20.0_20.0,H_y26.0_x-20.0_20.0,right,forward,forward_right,1
1072,-8.5,24.5,0.5,0.0,H_y26.0_x-20.0_20.0_forward_right,H_y26.0_x-20.0_20.0,H_y26.0_x-20.0_20.0,right,forward,forward_right,1
1073,-8.0,24.5,0.5,0.0,H_y26.0_x-20.0_20.0_forward_right,H_y26.0_x-20.0_20.0,H_y26.0_x-20.0_20.0,right,forward,forward_right,1
1074,-7.5,24.5,0.5,0.0,H_y26.0_x-20.0_20.0_forward_right,H_y26.0_x-20.0_20.0,H_y26.0_x-20.0_20.0,right,forward,forward_right,1
1075,-7.0,24.5,0.5,0.0,H_y26.0_x-20.0_20.0_forward_right,H_y26.0_x-20.0_20.0,H_y26.0_x-20.0_20.0,right,forward,forward_right,1
1076,-6.5,24.5,0.5,0.0,H_y26.0_x-20.0_20.0_forward_right,H_y26.0_x-20.0_20.0,H_y26.0_x-20.0_20.0,right,forward,forward_right,1
1077,-6.0,24.5,0.5,0.0,H_y26.0_x-20.0_20.0_forward_right,H_y26.0_x-20.0_20.0,H_y26.0_x-20.0_20.0,right,forward,forward_right,1
1078,-5.5,24.5,0.5,0.0,H_y26.0_x-20.0_20.0_forward_right,H_y26.0_x-20.0_20.0,H_y26.0_x-20.0_20.0,right,forward,forward_right,1
1079,-5.0,24.5,0.5,0.0,H_y26.0_x-20.0_20.0_forward_right,H_y26.0_x-20.0_20.0,H_y26.0_x-20.0_20.0,right,forward,forward_right,1
1080,-4.5,24.5,0.5,0.0,H_y26.0_x-20.0_20.0_forward_right,H_y26.0_x-20.0_20.0,H_y26.0_x-20.0_20.0,right,forward,forward_right,1
1081,-4.0,24.5,0.5,0.0,H_y26.0_x-20.0_20.0_forward_right,H_y26.0_x-20.0_20.0,H_y26.0_x-20.0_20.0,right,forward,forward_right,1
1082,-3.5,24.5,0.5,0.0,H_y26.0_x-20.0_20.0_forward_right,H_y26.0_x-20.0_20.0,H_y26.0_x-20.0_20.0,right,forward,forward_right,1
1083,-3.0,24.5,0.5,0.0,H_y26.0_x-20.0_20.0_forward_right,H_y26.0_x-20.0_20.0,H_y26.0_x-20.0_20.0,right,forward,forward_right,1
1084,-2.5,24.5,0.5,0.0,H_y26.0_x-20.0_20.0_forward_right,H_y26.0_x-20.0_20.0,H_y26.0_x-20.0_20.0,right,forward,forward_right,1
1085,-2.0,24.5,0.5,0.0,H_y26.0_x-20.0_20.0_forward_right,H_y26.0_x-20.0_20.0,H_y26.0_x-20.0_20.0,right,forward,forward_right,1
1086,-1.5,24.5,0.5,0.0,H_y26.0_x-20.0_20.0_forward_right,H_y26.0_x-20.0_20.0,H_y26.0_x-20.0_20.0,right,forward,forward_right,1
1087,-1.0,24.5,0.5,0.0,H_y26.0_x-20.0_20.0_forward_right,H_y26.0_x-20.0_20.0,H_y26.0_x-20.0_20.0,right,forward,forward_right,1
1088,-0.5,24.5,0.5,0.0,H_y26.0_x-20.0_20.0_forward_right,H_y26.0_x-20.0_20.0,H_y26.0_x-20.0_20.0,right,forward,forward_right,1
1089,0.0,24.5,0.5,0.0,H_y26.0_x-20.0_20.0_forward_right,H_y26.0_x-20.0_20.0,H_y26.0_x-20.0_20.0,right,forward,forward_right,1
1090,0.5,24.5,0.5,0.0,H_y26.0_x-20.0_20.0_forward_right,H_y26.0_x-20.0_20.0,H_y26.0_x-20.0_20.0,right,forward,forward_right,1
1091,1.0,24.5,0.5,0.0,H_y26.0_x-20.0_20.0_forward_right,H_y26.0_x-20.0_20.0,H_y26.0_x-20.0_20.0,right,forward,forward_right,1
1092,1.5,24.5,0.5,0.0,H_y26.0_x-20.0_20.0_forward_right,H_y26.0_x-20.0_20.0,H_y26.0_x-20.0_20.0,right,forward,forward_right,1
1093,2.0,24.5,0.5,0.0,H_y26.0_x-20.0_20.0_forward_right,H_y26.0_x-20.0_20.0,H_y26.0_x-20.0_20.0,right,forward,forward_right,1
1094,2.5,24.5,0.5,0.0,H_y26.0_x-20.0_20.0_forward_right,H_y26.0_x-20.0_20.0,H_y26.0_x-20.0_20.0,right,forward,forward_right,1
1095,3.0,24.5,0.5,0.0,H_y26.0_x-20.0_20.0_forward_right,H_y26.0_x-20.0_20.0,H_y26.0_x-20.0_20.0,right,forward,forward_right,1
1096,3.5,24.5,0.5,0.0,H_y26.0_x-20.0_20.0_forward_right,H_y26.0_x-20.0_20.0,H_y26.0_x-20.0_20.0,right,forward,forward_right,1
1097,4.0,24.5,0.5,0.0,H_y26.0_x-20.0_20.0_forward_right,H_y26.0_x-20.0_20.0,H_y26.0_x-20.0_20.0,right,forward,forward_right,1
1098,4.5,24.5,0.5,0.0,H_y26.0_x-20.0_20.0_forward_right,H_y26.0_x-20.0_20.0,H_y26.0_x-20.0_20.0,right,forward,forward_right,1
1099,5.0,24.5,0.5,0.0,H_y26.0_x-20.0_20.0_forward_right,H_y26.0_x-20.0_20.0,H_y26.0_x-20.0_20.0,right,forward,forward_right,1
1100,5.5,24.5,0.5,0.0,H_y26.0_x-20.0_20.0_forward_right,H_y26.0_x-20.0_20.0,H_y26.0_x-20.0_20.0,right,forward,forward_right,1
1101,6.0,24.5,0.5,0.0,H_y26.0_x-20.0_20.0_forward_right,H_y26.0_x-20.0_20.0,H_y26.0_x-20.0_20.0,right,forward,forward_right,1
1102,6.5,24.5,0.5,0.0,H_y26.0_x-20.0_20.0_forward_right,H_y26.0_x-20.0_20.0,H_y26.0_x-20.0_20.0,right,forward,forward_right,1
1103,7.0,24.5,0.5,0.0,H_y26.0_x-20.0_20.0_forward_right,H_y26.0_x-20.0_20.0,H_y26.0_x-20.0_20.0,right,forward,forward_right,1
1104,7.5,24.5,0.5,0.0,H_y26.0_x-20.0_20.0_forward_right,H_y26.0_x-20.0_20.0,H_y26.0_x-20.0_20.0,right,forward,forward_right,1
1105,8.0,24.5,0.5,0.0,H_y26.0_x-20.0_20.0_forward_right,H_y26.0_x-20.0_20.0,H_y26.0_x-20.0_20.0,right,forward,forward_right,1
1106,8.5,24.5,0.5,0.0,H_y26.0_x-20.0_20.0_forward_right,H_y26.0_x-20.0_20.0,H_y26.0_x-20.0_20.0,right,forward,forward_right,1
1107,9.0,24.5,0.5,0.0,H_y26.0_x-20.0_20.0_forward_right,H_y26.0_x-20.0_20.0,H_y26.0_x-20.0_20.0,right,forward,forward_right,1
1108,9.5,24.5,0.5,0.0,H_y26.0_x-20.0_20.0_forward_right,H_y26.0_x-20.0_20.0,H_y26.0_x-20.0_20.0,right,forward,forward_right,1
1109,10.0,24.5,0.5,0.0,H_y26.0_x-20.0_20.0_forward_right,H_y26.0_x-20.0_20.0,H_y26.0_x-20.0_20.0,right,forward,forward_right,1
1110,10.5,24.5,0.5,0.0,H_y26.0_x-20.0_20.0_forward_right,H_y26.0_x-20.0_20.0,H_y26.0_x-20.0_20.0,right,forward,forward_right,1
1111,11.0,24.5,0.5,0.0,H_y26.0_x-20.0_20.0_forward_right,H_y26.0_x-20.0_20.0,H_y26.0_x-20.0_20.0,right,forward,forward_right,1
1112,11.5,24.5,0.5,0.0,H_y26.0_x-20.0_20.0_forward_right,H_y26.0_x-20.0_20.0,H_y26.0_x-20.0_20.0,right,forward,forward_right,1
1113,12.0,24.5,0.5,0.0,H_y26.0_x-20.0_20.0_forward_right,H_y26.0_x-20.0_20.0,H_y26.0_x-20.0_20.0,right,forward,forward_right,1
1114,12.5,24.5,0.5,0.0,H_y26.0_x-20.0_20.0_forward_right,H_y26.0_x-20.0_20.0,H_y26.0_x-20.0_20.0,right,forward,forward_right,1
1115,13.0,24.5,0.5,0.0,H_y26.0_x-20.0_20.0_forward_right,H_y26.0_x-20.0_20.0,H_y26.0_x-20.0_20.0,right,forward,forward_right,1
1116,13.5,24.5,0.5,0.0,H_y26.0_x-20.0_20.0_forward_right,H_y26.0_x-20.0_20.0,H_y26.0_x-20.0_20.0,right,forward,forward_right,1
1117,14.0,24.5,0.5,0.0,H_y26.0_x-20.0_20.0_forward_right,H_y26.0_x-20.0_20.0,H_y26.0_x-20.0_20.0,right,forward,forward_right,1
1118,14.5,24.5,0.5,0.0,H_y26.0_x-20.0_20.0_forward_right,H_y26.0_x-20.0_20.0,H_y26.0_x-20.0_20.0,right,forward,forward_right,1
1119,15.0,24.5,0.5,0.0,H_y26.0_x-20.0_20.0_forward_right,H_y26.0_x-20.0_20.0,H_y26.0_x-20.0_20.0,right,forward,forward_right,1
1120,15.5,24.5,0.5,0.0,H_y26.0_x-20.0_20.0_forward_right,H_y26.0_x-20.0_20.0,H_y26.0_x-20.0_20.0,right,forward,forward_right,1
1121,16.0,24.5,0.5,0.0,H_y26.0_x-20.0_20.0_forward_right,H_y26.0_x-20.0_20.0,H_y26.0_x-20.0_20.0,right,forward,forward_right,1
1122,16.5,24.5,0.5,0.0,H_y26.0_x-20.0_20.0_forward_right,H_y26.0_x-20.0_20.0,H_y26.0_x-20.0_20.0,right,forward,forward_right,1
1123,17.0,24.5,0.5,0.0,H_y26.0_x-20.0_20.0_forward_right,H_y26.0_x-20.0_20.0,H_y26.0_x-20.0_20.0,right,forward,forward_right,1
1124,17.5,24.5,0.5,0.0,H_y26.0_x-20.0_20.0_forward_right,H_y26.0_x-20.0_20.0,H_y26.0_x-20.0_20.0,right,forward,forward_right,1
1125,18.0,24.5,0.5,0.0,H_y26.0_x-20.0_20.0_forward_right,H_y26.0_x-20.0_20.0,H_y26.0_x-20.0_20.0,right,forward,forward_right,1
1126,18.5,24.5,0.5,0.0,H_y26.0_x-20.0_20.0_forward_right,H_y26.0_x-20.0_20.0,H_y26.0_x-20.0_20.0,right,forward,forward_right,1
1127,19.0,24.5,0.5,0.0,H_y26.0_x-20.0_20.0_forward_right,H_y26.0_x-20.0_20.0,H_y26.0_x-20.0_20.0,right,forward,forward_right,1
1128,19.5,24.5,0.5,0.0,H_y26.0_x-20.0_20.0_forward_right,H_y26.0_x-20.0_20.0,H_y26.0_x-20.0_20.0,right,forward,forward_right,1
1129,20.0,24.5,0.5,0.0,H_y26.0_x-20.0_20.0_forward_right,H_y26.0_x-20.0_20.0,H_y26.0_x-20.0_20.0,right,forward,forward_right,0
1130,20.0,27.5,0.5,180.0,H_y26.0_x-20.0_20.0_reverse_right,H_y26.0_x-20.0_20.0,H_y26.0_x-20.0_20.0,right,reverse,reverse_right,1
1131,19.5,27.5,0.5,180.0,H_y26.0_x-20.0_20.0_reverse_right,H_y26.0_x-20.0_20.0,H_y26.0_x-20.0_20.0,right,reverse,reverse_right,1
1132,19.0,27.5,0.5,180.0,H_y26.0_x-20.0_20.0_reverse_right,H_y26.0_x-20.0_20.0,H_y26.0_x-20.0_20.0,right,reverse,reverse_right,1
1133,18.5,27.5,0.5,180.0,H_y26.0_x-20.0_20.0_reverse_right,H_y26.0_x-20.0_20.0,H_y26.0_x-20.0_20.0,right,reverse,reverse_right,1
1134,18.0,27.5,0.5,180.0,H_y26.0_x-20.0_20.0_reverse_right,H_y26.0_x-20.0_20.0,H_y26.0_x-20.0_20.0,right,reverse,reverse_right,1
1135,17.5,27.5,0.5,180.0,H_y26.0_x-20.0_20.0_reverse_right,H_y26.0_x-20.0_20.0,H_y26.0_x-20.0_20.0,right,reverse,reverse_right,1
1136,17.0,27.5,0.5,180.0,H_y26.0_x-20.0_20.0_reverse_right,H_y26.0_x-20.0_20.0,H_y26.0_x-20.0_20.0,right,reverse,reverse_right,1
1137,16.5,27.5,0.5,180.0,H_y26.0_x-20.0_20.0_reverse_right,H_y26.0_x-20.0_20.0,H_y26.0_x-20.0_20.0,right,reverse,reverse_right,1
1138,16.0,27.5,0.5,180.0,H_y26.0_x-20.0_20.0_reverse_right,H_y26.0_x-20.0_20.0,H_y26.0_x-20.0_20.0,right,reverse,reverse_right,1
1139,15.5,27.5,0.5,180.0,H_y26.0_x-20.0_20.0_reverse_right,H_y26.0_x-20.0_20.0,H_y26.0_x-20.0_20.0,right,reverse,reverse_right,1
1140,15.0,27.5,0.5,180.0,H_y26.0_x-20.0_20.0_reverse_right,H_y26.0_x-20.0_20.0,H_y26.0_x-20.0_20.0,right,reverse,reverse_right,1
1141,14.5,27.5,0.5,180.0,H_y26.0_x-20.0_20.0_reverse_right,H_y26.0_x-20.0_20.0,H_y26.0_x-20.0_20.0,right,reverse,reverse_right,1
1142,14.0,27.5,0.5,180.0,H_y26.0_x-20.0_20.0_reverse_right,H_y26.0_x-20.0_20.0,H_y26.0_x-20.0_20.0,right,reverse,reverse_right,1
1143,13.5,27.5,0.5,180.0,H_y26.0_x-20.0_20.0_reverse_right,H_y26.0_x-20.0_20.0,H_y26.0_x-20.0_20.0,right,reverse,reverse_right,1
1144,13.0,27.5,0.5,180.0,H_y26.0_x-20.0_20.0_reverse_right,H_y26.0_x-20.0_20.0,H_y26.0_x-20.0_20.0,right,reverse,reverse_right,1
1145,12.5,27.5,0.5,180.0,H_y26.0_x-20.0_20.0_reverse_right,H_y26.0_x-20.0_20.0,H_y26.0_x-20.0_20.0,right,reverse,reverse_right,1
1146,12.0,27.5,0.5,180.0,H_y26.0_x-20.0_20.0_reverse_right,H_y26.0_x-20.0_20.0,H_y26.0_x-20.0_20.0,right,reverse,reverse_right,1
1147,11.5,27.5,0.5,180.0,H_y26.0_x-20.0_20.0_reverse_right,H_y26.0_x-20.0_20.0,H_y26.0_x-20.0_20.0,right,reverse,reverse_right,1
1148,11.0,27.5,0.5,180.0,H_y26.0_x-20.0_20.0_reverse_right,H_y26.0_x-20.0_20.0,H_y26.0_x-20.0_20.0,right,reverse,reverse_right,1
1149,10.5,27.5,0.5,180.0,H_y26.0_x-20.0_20.0_reverse_right,H_y26.0_x-20.0_20.0,H_y26.0_x-20.0_20.0,right,reverse,reverse_right,1
1150,10.0,27.5,0.5,180.0,H_y26.0_x-20.0_20.0_reverse_right,H_y26.0_x-20.0_20.0,H_y26.0_x-20.0_20.0,right,reverse,reverse_right,1
1151,9.5,27.5,0.5,180.0,H_y26.0_x-20.0_20.0_reverse_right,H_y26.0_x-20.0_20.0,H_y26.0_x-20.0_20.0,right,reverse,reverse_right,1
1152,9.0,27.5,0.5,180.0,H_y26.0_x-20.0_20.0_reverse_right,H_y26.0_x-20.0_20.0,H_y26.0_x-20.0_20.0,right,reverse,reverse_right,1
1153,8.5,27.5,0.5,180.0,H_y26.0_x-20.0_20.0_reverse_right,H_y26.0_x-20.0_20.0,H_y26.0_x-20.0_20.0,right,reverse,reverse_right,1
1154,8.0,27.5,0.5,180.0,H_y26.0_x-20.0_20.0_reverse_right,H_y26.0_x-20.0_20.0,H_y26.0_x-20.0_20.0,right,reverse,reverse_right,1
1155,7.5,27.5,0.5,180.0,H_y26.0_x-20.0_20.0_reverse_right,H_y26.0_x-20.0_20.0,H_y26.0_x-20.0_20.0,right,reverse,reverse_right,1
1156,7.0,27.5,0.5,180.0,H_y26.0_x-20.0_20.0_reverse_right,H_y26.0_x-20.0_20.0,H_y26.0_x-20.0_20.0,right,reverse,reverse_right,1
1157,6.5,27.5,0.5,180.0,H_y26.0_x-20.0_20.0_reverse_right,H_y26.0_x-20.0_20.0,H_y26.0_x-20.0_20.0,right,reverse,reverse_right,1
1158,6.0,27.5,0.5,180.0,H_y26.0_x-20.0_20.0_reverse_right,H_y26.0_x-20.0_20.0,H_y26.0_x-20.0_20.0,right,reverse,reverse_right,1
1159,5.5,27.5,0.5,180.0,H_y26.0_x-20.0_20.0_reverse_right,H_y26.0_x-20.0_20.0,H_y26.0_x-20.0_20.0,right,reverse,reverse_right,1
1160,5.0,27.5,0.5,180.0,H_y26.0_x-20.0_20.0_reverse_right,H_y26.0_x-20.0_20.0,H_y26.0_x-20.0_20.0,right,reverse,reverse_right,1
1161,4.5,27.5,0.5,180.0,H_y26.0_x-20.0_20.0_reverse_right,H_y26.0_x-20.0_20.0,H_y26.0_x-20.0_20.0,right,reverse,reverse_right,1
1162,4.0,27.5,0.5,180.0,H_y26.0_x-20.0_20.0_reverse_right,H_y26.0_x-20.0_20.0,H_y26.0_x-20.0_20.0,right,reverse,reverse_right,1
1163,3.5,27.5,0.5,180.0,H_y26.0_x-20.0_20.0_reverse_right,H_y26.0_x-20.0_20.0,H_y26.0_x-20.0_20.0,right,reverse,reverse_right,1
1164,3.0,27.5,0.5,180.0,H_y26.0_x-20.0_20.0_reverse_right,H_y26.0_x-20.0_20.0,H_y26.0_x-20.0_20.0,right,reverse,reverse_right,1
1165,2.5,27.5,0.5,180.0,H_y26.0_x-20.0_20.0_reverse_right,H_y26.0_x-20.0_20.0,H_y26.0_x-20.0_20.0,right,reverse,reverse_right,1
1166,2.0,27.5,0.5,180.0,H_y26.0_x-20.0_20.0_reverse_right,H_y26.0_x-20.0_20.0,H_y26.0_x-20.0_20.0,right,reverse,reverse_right,1
1167,1.5,27.5,0.5,180.0,H_y26.0_x-20.0_20.0_reverse_right,H_y26.0_x-20.0_20.0,H_y26.0_x-20.0_20.0,right,reverse,reverse_right,1
1168,1.0,27.5,0.5,180.0,H_y26.0_x-20.0_20.0_reverse_right,H_y26.0_x-20.0_20.0,H_y26.0_x-20.0_20.0,right,reverse,reverse_right,1
1169,0.5,27.5,0.5,180.0,H_y26.0_x-20.0_20.0_reverse_right,H_y26.0_x-20.0_20.0,H_y26.0_x-20.0_20.0,right,reverse,reverse_right,1
1170,0.0,27.5,0.5,180.0,H_y26.0_x-20.0_20.0_reverse_right,H_y26.0_x-20.0_20.0,H_y26.0_x-20.0_20.0,right,reverse,reverse_right,1
1171,-0.5,27.5,0.5,180.0,H_y26.0_x-20.0_20.0_reverse_right,H_y26.0_x-20.0_20.0,H_y26.0_x-20.0_20.0,right,reverse,reverse_right,1
1172,-1.0,27.5,0.5,180.0,H_y26.0_x-20.0_20.0_reverse_right,H_y26.0_x-20.0_20.0,H_y26.0_x-20.0_20.0,right,reverse,reverse_right,1
1173,-1.5,27.5,0.5,180.0,H_y26.0_x-20.0_20.0_reverse_right,H_y26.0_x-20.0_20.0,H_y26.0_x-20.0_20.0,right,reverse,reverse_right,1
1174,-2.0,27.5,0.5,180.0,H_y26.0_x-20.0_20.0_reverse_right,H_y26.0_x-20.0_20.0,H_y26.0_x-20.0_20.0,right,reverse,reverse_right,1
1175,-2.5,27.5,0.5,180.0,H_y26.0_x-20.0_20.0_reverse_right,H_y26.0_x-20.0_20.0,H_y26.0_x-20.0_20.0,right,reverse,reverse_right,1
1176,-3.0,27.5,0.5,180.0,H_y26.0_x-20.0_20.0_reverse_right,H_y26.0_x-20.0_20.0,H_y26.0_x-20.0_20.0,right,reverse,reverse_right,1
1177,-3.5,27.5,0.5,180.0,H_y26.0_x-20.0_20.0_reverse_right,H_y26.0_x-20.0_20.0,H_y26.0_x-20.0_20.0,right,reverse,reverse_right,1
1178,-4.0,27.5,0.5,180.0,H_y26.0_x-20.0_20.0_reverse_right,H_y26.0_x-20.0_20.0,H_y26.0_x-20.0_20.0,right,reverse,reverse_right,1
1179,-4.5,27.5,0.5,180.0,H_y26.0_x-20.0_20.0_reverse_right,H_y26.0_x-20.0_20.0,H_y26.0_x-20.0_20.0,right,reverse,reverse_right,1
1180,-5.0,27.5,0.5,180.0,H_y26.0_x-20.0_20.0_reverse_right,H_y26.0_x-20.0_20.0,H_y26.0_x-20.0_20.0,right,reverse,reverse_right,1
1181,-5.5,27.5,0.5,180.0,H_y26.0_x-20.0_20.0_reverse_right,H_y26.0_x-20.0_20.0,H_y26.0_x-20.0_20.0,right,reverse,reverse_right,1
1182,-6.0,27.5,0.5,180.0,H_y26.0_x-20.0_20.0_reverse_right,H_y26.0_x-20.0_20.0,H_y26.0_x-20.0_20.0,right,reverse,reverse_right,1
1183,-6.5,27.5,0.5,180.0,H_y26.0_x-20.0_20.0_reverse_right,H_y26.0_x-20.0_20.0,H_y26.0_x-20.0_20.0,right,reverse,reverse_right,1
1184,-7.0,27.5,0.5,180.0,H_y26.0_x-20.0_20.0_reverse_right,H_y26.0_x-20.0_20.0,H_y26.0_x-20.0_20.0,right,reverse,reverse_right,1
1185,-7.5,27.5,0.5,180.0,H_y26.0_x-20.0_20.0_reverse_right,H_y26.0_x-20.0_20.0,H_y26.0_x-20.0_20.0,right,reverse,reverse_right,1
1186,-8.0,27.5,0.5,180.0,H_y26.0_x-20.0_20.0_reverse_right,H_y26.0_x-20.0_20.0,H_y26.0_x-20.0_20.0,right,reverse,reverse_right,1
1187,-8.5,27.5,0.5,180.0,H_y26.0_x-20.0_20.0_reverse_right,H_y26.0_x-20.0_20.0,H_y26.0_x-20.0_20.0,right,reverse,reverse_right,1
1188,-9.0,27.5,0.5,180.0,H_y26.0_x-20.0_20.0_reverse_right,H_y26.0_x-20.0_20.0,H_y26.0_x-20.0_20.0,right,reverse,reverse_right,1
1189,-9.5,27.5,0.5,180.0,H_y26.0_x-20.0_20.0_reverse_right,H_y26.0_x-20.0_20.0,H_y26.0_x-20.0_20.0,right,reverse,reverse_right,1
1190,-10.0,27.5,0.5,180.0,H_y26.0_x-20.0_20.0_reverse_right,H_y26.0_x-20.0_20.0,H_y26.0_x-20.0_20.0,right,reverse,reverse_right,1
1191,-10.5,27.5,0.5,180.0,H_y26.0_x-20.0_20.0_reverse_right,H_y26.0_x-20.0_20.0,H_y26.0_x-20.0_20.0,right,reverse,reverse_right,1
1192,-11.0,27.5,0.5,180.0,H_y26.0_x-20.0_20.0_reverse_right,H_y26.0_x-20.0_20.0,H_y26.0_x-20.0_20.0,right,reverse,reverse_right,1
1193,-11.5,27.5,0.5,180.0,H_y26.0_x-20.0_20.0_reverse_right,H_y26.0_x-20.0_20.0,H_y26.0_x-20.0_20.0,right,reverse,reverse_right,1
1194,-12.0,27.5,0.5,180.0,H_y26.0_x-20.0_20.0_reverse_right,H_y26.0_x-20.0_20.0,H_y26.0_x-20.0_20.0,right,reverse,reverse_right,1
1195,-12.5,27.5,0.5,180.0,H_y26.0_x-20.0_20.0_reverse_right,H_y26.0_x-20.0_20.0,H_y26.0_x-20.0_20.0,right,reverse,reverse_right,1
1196,-13.0,27.5,0.5,180.0,H_y26.0_x-20.0_20.0_reverse_right,H_y26.0_x-20.0_20.0,H_y26.0_x-20.0_20.0,right,reverse,reverse_right,1
1197,-13.5,27.5,0.5,180.0,H_y26.0_x-20.0_20.0_reverse_right,H_y26.0_x-20.0_20.0,H_y26.0_x-20.0_20.0,right,reverse,reverse_right,1
1198,-14.0,27.5,0.5,180.0,H_y26.0_x-20.0_20.0_reverse_right,H_y26.0_x-20.0_20.0,H_y26.0_x-20.0_20.0,right,reverse,reverse_right,1
1199,-14.5,27.5,0.5,180.0,H_y26.0_x-20.0_20.0_reverse_right,H_y26.0_x-20.0_20.0,H_y26.0_x-20.0_20.0,right,reverse,reverse_right,1
1200,-15.0,27.5,0.5,180.0,H_y26.0_x-20.0_20.0_reverse_right,H_y26.0_x-20.0_20.0,H_y26.0_x-20.0_20.0,right,reverse,reverse_right,1
1201,-15.5,27.5,0.5,180.0,H_y26.0_x-20.0_20.0_reverse_right,H_y26.0_x-20.0_20.0,H_y26.0_x-20.0_20.0,right,reverse,reverse_right,1
1202,-16.0,27.5,0.5,180.0,H_y26.0_x-20.0_20.0_reverse_right,H_y26.0_x-20.0_20.0,H_y26.0_x-20.0_20.0,right,reverse,reverse_right,1
1203,-16.5,27.5,0.5,180.0,H_y26.0_x-20.0_20.0_reverse_right,H_y26.0_x-20.0_20.0,H_y26.0_x-20.0_20.0,right,reverse,reverse_right,1
1204,-17.0,27.5,0.5,180.0,H_y26.0_x-20.0_20.0_reverse_right,H_y26.0_x-20.0_20.0,H_y26.0_x-20.0_20.0,right,reverse,reverse_right,1
1205,-17.5,27.5,0.5,180.0,H_y26.0_x-20.0_20.0_reverse_right,H_y26.0_x-20.0_20.0,H_y26.0_x-20.0_20.0,right,reverse,reverse_right,1
1206,-18.0,27.5,0.5,180.0,H_y26.0_x-20.0_20.0_reverse_right,H_y26.0_x-20.0_20.0,H_y26.0_x-20.0_20.0,right,reverse,reverse_right,1
1207,-18.5,27.5,0.5,180.0,H_y26.0_x-20.0_20.0_reverse_right,H_y26.0_x-20.0_20.0,H_y26.0_x-20.0_20.0,right,reverse,reverse_right,1
1208,-19.0,27.5,0.5,180.0,H_y26.0_x-20.0_20.0_reverse_right,H_y26.0_x-20.0_20.0,H_y26.0_x-20.0_20.0,right,reverse,reverse_right,1
1209,-19.5,27.5,0.5,180.0,H_y26.0_x-20.0_20.0_reverse_right,H_y26.0_x-20.0_20.0,H_y26.0_x-20.0_20.0,right,reverse,reverse_right,1
1210,-20.0,27.5,0.5,180.0,H_y26.0_x-20.0_20.0_reverse_right,H_y26.0_x-20.0_20.0,H_y26.0_x-20.0_20.0,right,reverse,reverse_right,0
1655,20.0,-32.5,0.5,180.0,H_y-34.0_x-20.0_20.0_forward_right,H_y-34.0_x-20.0_20.0,H_y-34.0_x-20.0_20.0,right,forward,forward_right,1
1656,19.5,-32.5,0.5,180.0,H_y-34.0_x-20.0_20.0_forward_right,H_y-34.0_x-20.0_20.0,H_y-34.0_x-20.0_20.0,right,forward,forward_right,1
1657,19.0,-32.5,0.5,180.0,H_y-34.0_x-20.0_20.0_forward_right,H_y-34.0_x-20.0_20.0,H_y-34.0_x-20.0_20.0,right,forward,forward_right,1
1658,18.5,-32.5,0.5,180.0,H_y-34.0_x-20.0_20.0_forward_right,H_y-34.0_x-20.0_20.0,H_y-34.0_x-20.0_20.0,right,forward,forward_right,1
1659,18.0,-32.5,0.5,180.0,H_y-34.0_x-20.0_20.0_forward_right,H_y-34.0_x-20.0_20.0,H_y-34.0_x-20.0_20.0,right,forward,forward_right,1
1660,17.5,-32.5,0.5,180.0,H_y-34.0_x-20.0_20.0_forward_right,H_y-34.0_x-20.0_20.0,H_y-34.0_x-20.0_20.0,right,forward,forward_right,1
1661,17.0,-32.5,0.5,180.0,H_y-34.0_x-20.0_20.0_forward_right,H_y-34.0_x-20.0_20.0,H_y-34.0_x-20.0_20.0,right,forward,forward_right,1
1662,16.5,-32.5,0.5,180.0,H_y-34.0_x-20.0_20.0_forward_right,H_y-34.0_x-20.0_20.0,H_y-34.0_x-20.0_20.0,right,forward,forward_right,1
1663,16.0,-32.5,0.5,180.0,H_y-34.0_x-20.0_20.0_forward_right,H_y-34.0_x-20.0_20.0,H_y-34.0_x-20.0_20.0,right,forward,forward_right,1
1664,15.5,-32.5,0.5,180.0,H_y-34.0_x-20.0_20.0_forward_right,H_y-34.0_x-20.0_20.0,H_y-34.0_x-20.0_20.0,right,forward,forward_right,1
1665,15.0,-32.5,0.5,180.0,H_y-34.0_x-20.0_20.0_forward_right,H_y-34.0_x-20.0_20.0,H_y-34.0_x-20.0_20.0,right,forward,forward_right,1
1666,14.5,-32.5,0.5,180.0,H_y-34.0_x-20.0_20.0_forward_right,H_y-34.0_x-20.0_20.0,H_y-34.0_x-20.0_20.0,right,forward,forward_right,1
1667,14.0,-32.5,0.5,180.0,H_y-34.0_x-20.0_20.0_forward_right,H_y-34.0_x-20.0_20.0,H_y-34.0_x-20.0_20.0,right,forward,forward_right,1
1668,13.5,-32.5,0.5,180.0,H_y-34.0_x-20.0_20.0_forward_right,H_y-34.0_x-20.0_20.0,H_y-34.0_x-20.0_20.0,right,forward,forward_right,1
1669,13.0,-32.5,0.5,180.0,H_y-34.0_x-20.0_20.0_forward_right,H_y-34.0_x-20.0_20.0,H_y-34.0_x-20.0_20.0,right,forward,forward_right,1
1670,12.5,-32.5,0.5,180.0,H_y-34.0_x-20.0_20.0_forward_right,H_y-34.0_x-20.0_20.0,H_y-34.0_x-20.0_20.0,right,forward,forward_right,1
1671,12.0,-32.5,0.5,180.0,H_y-34.0_x-20.0_20.0_forward_right,H_y-34.0_x-20.0_20.0,H_y-34.0_x-20.0_20.0,right,forward,forward_right,1
1672,11.5,-32.5,0.5,180.0,H_y-34.0_x-20.0_20.0_forward_right,H_y-34.0_x-20.0_20.0,H_y-34.0_x-20.0_20.0,right,forward,forward_right,1
1673,11.0,-32.5,0.5,180.0,H_y-34.0_x-20.0_20.0_forward_right,H_y-34.0_x-20.0_20.0,H_y-34.0_x-20.0_20.0,right,forward,forward_right,1
1674,10.5,-32.5,0.5,180.0,H_y-34.0_x-20.0_20.0_forward_right,H_y-34.0_x-20.0_20.0,H_y-34.0_x-20.0_20.0,right,forward,forward_right,1
1675,10.0,-32.5,0.5,180.0,H_y-34.0_x-20.0_20.0_forward_right,H_y-34.0_x-20.0_20.0,H_y-34.0_x-20.0_20.0,right,forward,forward_right,1
1676,9.5,-32.5,0.5,180.0,H_y-34.0_x-20.0_20.0_forward_right,H_y-34.0_x-20.0_20.0,H_y-34.0_x-20.0_20.0,right,forward,forward_right,1
1677,9.0,-32.5,0.5,180.0,H_y-34.0_x-20.0_20.0_forward_right,H_y-34.0_x-20.0_20.0,H_y-34.0_x-20.0_20.0,right,forward,forward_right,1
1678,8.5,-32.5,0.5,180.0,H_y-34.0_x-20.0_20.0_forward_right,H_y-34.0_x-20.0_20.0,H_y-34.0_x-20.0_20.0,right,forward,forward_right,1
1679,8.0,-32.5,0.5,180.0,H_y-34.0_x-20.0_20.0_forward_right,H_y-34.0_x-20.0_20.0,H_y-34.0_x-20.0_20.0,right,forward,forward_right,1
1680,7.5,-32.5,0.5,180.0,H_y-34.0_x-20.0_20.0_forward_right,H_y-34.0_x-20.0_20.0,H_y-34.0_x-20.0_20.0,right,forward,forward_right,1
1681,7.0,-32.5,0.5,180.0,H_y-34.0_x-20.0_20.0_forward_right,H_y-34.0_x-20.0_20.0,H_y-34.0_x-20.0_20.0,right,forward,forward_right,1
1682,6.5,-32.5,0.5,180.0,H_y-34.0_x-20.0_20.0_forward_right,H_y-34.0_x-20.0_20.0,H_y-34.0_x-20.0_20.0,right,forward,forward_right,1
1683,6.0,-32.5,0.5,180.0,H_y-34.0_x-20.0_20.0_forward_right,H_y-34.0_x-20.0_20.0,H_y-34.0_x-20.0_20.0,right,forward,forward_right,1
1684,5.5,-32.5,0.5,180.0,H_y-34.0_x-20.0_20.0_forward_right,H_y-34.0_x-20.0_20.0,H_y-34.0_x-20.0_20.0,right,forward,forward_right,1
1685,5.0,-32.5,0.5,180.0,H_y-34.0_x-20.0_20.0_forward_right,H_y-34.0_x-20.0_20.0,H_y-34.0_x-20.0_20.0,right,forward,forward_right,1
1686,4.5,-32.5,0.5,180.0,H_y-34.0_x-20.0_20.0_forward_right,H_y-34.0_x-20.0_20.0,H_y-34.0_x-20.0_20.0,right,forward,forward_right,1
1687,4.0,-32.5,0.5,180.0,H_y-34.0_x-20.0_20.0_forward_right,H_y-34.0_x-20.0_20.0,H_y-34.0_x-20.0_20.0,right,forward,forward_right,1
1688,3.5,-32.5,0.5,180.0,H_y-34.0_x-20.0_20.0_forward_right,H_y-34.0_x-20.0_20.0,H_y-34.0_x-20.0_20.0,right,forward,forward_right,1
1689,3.0,-32.5,0.5,180.0,H_y-34.0_x-20.0_20.0_forward_right,H_y-34.0_x-20.0_20.0,H_y-34.0_x-20.0_20.0,right,forward,forward_right,1
1690,2.5,-32.5,0.5,180.0,H_y-34.0_x-20.0_20.0_forward_right,H_y-34.0_x-20.0_20.0,H_y-34.0_x-20.0_20.0,right,forward,forward_right,1
1691,2.0,-32.5,0.5,180.0,H_y-34.0_x-20.0_20.0_forward_right,H_y-34.0_x-20.0_20.0,H_y-34.0_x-20.0_20.0,right,forward,forward_right,1
1692,1.5,-32.5,0.5,180.0,H_y-34.0_x-20.0_20.0_forward_right,H_y-34.0_x-20.0_20.0,H_y-34.0_x-20.0_20.0,right,forward,forward_right,1
1693,1.0,-32.5,0.5,180.0,H_y-34.0_x-20.0_20.0_forward_right,H_y-34.0_x-20.0_20.0,H_y-34.0_x-20.0_20.0,right,forward,forward_right,1
1694,0.5,-32.5,0.5,180.0,H_y-34.0_x-20.0_20.0_forward_right,H_y-34.0_x-20.0_20.0,H_y-34.0_x-20.0_20.0,right,forward,forward_right,1
1695,0.0,-32.5,0.5,180.0,H_y-34.0_x-20.0_20.0_forward_right,H_y-34.0_x-20.0_20.0,H_y-34.0_x-20.0_20.0,right,forward,forward_right,1
1696,-0.5,-32.5,0.5,180.0,H_y-34.0_x-20.0_20.0_forward_right,H_y-34.0_x-20.0_20.0,H_y-34.0_x-20.0_20.0,right,forward,forward_right,1
1697,-1.0,-32.5,0.5,180.0,H_y-34.0_x-20.0_20.0_forward_right,H_y-34.0_x-20.0_20.0,H_y-34.0_x-20.0_20.0,right,forward,forward_right,1
1698,-1.5,-32.5,0.5,180.0,H_y-34.0_x-20.0_20.0_forward_right,H_y-34.0_x-20.0_20.0,H_y-34.0_x-20.0_20.0,right,forward,forward_right,1
1699,-2.0,-32.5,0.5,180.0,H_y-34.0_x-20.0_20.0_forward_right,H_y-34.0_x-20.0_20.0,H_y-34.0_x-20.0_20.0,right,forward,forward_right,1
1700,-2.5,-32.5,0.5,180.0,H_y-34.0_x-20.0_20.0_forward_right,H_y-34.0_x-20.0_20.0,H_y-34.0_x-20.0_20.0,right,forward,forward_right,1
1701,-3.0,-32.5,0.5,180.0,H_y-34.0_x-20.0_20.0_forward_right,H_y-34.0_x-20.0_20.0,H_y-34.0_x-20.0_20.0,right,forward,forward_right,1
1702,-3.5,-32.5,0.5,180.0,H_y-34.0_x-20.0_20.0_forward_right,H_y-34.0_x-20.0_20.0,H_y-34.0_x-20.0_20.0,right,forward,forward_right,1
1703,-4.0,-32.5,0.5,180.0,H_y-34.0_x-20.0_20.0_forward_right,H_y-34.0_x-20.0_20.0,H_y-34.0_x-20.0_20.0,right,forward,forward_right,1
1704,-4.5,-32.5,0.5,180.0,H_y-34.0_x-20.0_20.0_forward_right,H_y-34.0_x-20.0_20.0,H_y-34.0_x-20.0_20.0,right,forward,forward_right,1
1705,-5.0,-32.5,0.5,180.0,H_y-34.0_x-20.0_20.0_forward_right,H_y-34.0_x-20.0_20.0,H_y-34.0_x-20.0_20.0,right,forward,forward_right,1
1706,-5.5,-32.5,0.5,180.0,H_y-34.0_x-20.0_20.0_forward_right,H_y-34.0_x-20.0_20.0,H_y-34.0_x-20.0_20.0,right,forward,forward_right,1
1707,-6.0,-32.5,0.5,180.0,H_y-34.0_x-20.0_20.0_forward_right,H_y-34.0_x-20.0_20.0,H_y-34.0_x-20.0_20.0,right,forward,forward_right,1
1708,-6.5,-32.5,0.5,180.0,H_y-34.0_x-20.0_20.0_forward_right,H_y-34.0_x-20.0_20.0,H_y-34.0_x-20.0_20.0,right,forward,forward_right,1
1709,-7.0,-32.5,0.5,180.0,H_y-34.0_x-20.0_20.0_forward_right,H_y-34.0_x-20.0_20.0,H_y-34.0_x-20.0_20.0,right,forward,forward_right,1
1710,-7.5,-32.5,0.5,180.0,H_y-34.0_x-20.0_20.0_forward_right,H_y-34.0_x-20.0_20.0,H_y-34.0_x-20.0_20.0,right,forward,forward_right,1
1711,-8.0,-32.5,0.5,180.0,H_y-34.0_x-20.0_20.0_forward_right,H_y-34.0_x-20.0_20.0,H_y-34.0_x-20.0_20.0,right,forward,forward_right,1
1712,-8.5,-32.5,0.5,180.0,H_y-34.0_x-20.0_20.0_forward_right,H_y-34.0_x-20.0_20.0,H_y-34.0_x-20.0_20.0,right,forward,forward_right,1
1713,-9.0,-32.5,0.5,180.0,H_y-34.0_x-20.0_20.0_forward_right,H_y-34.0_x-20.0_20.0,H_y-34.0_x-20.0_20.0,right,forward,forward_right,1
1714,-9.5,-32.5,0.5,180.0,H_y-34.0_x-20.0_20.0_forward_right,H_y-34.0_x-20.0_20.0,H_y-34.0_x-20.0_20.0,right,forward,forward_right,1
1715,-10.0,-32.5,0.5,180.0,H_y-34.0_x-20.0_20.0_forward_right,H_y-34.0_x-20.0_20.0,H_y-34.0_x-20.0_20.0,right,forward,forward_right,1
1716,-10.5,-32.5,0.5,180.0,H_y-34.0_x-20.0_20.0_forward_right,H_y-34.0_x-20.0_20.0,H_y-34.0_x-20.0_20.0,right,forward,forward_right,1
1717,-11.0,-32.5,0.5,180.0,H_y-34.0_x-20.0_20.0_forward_right,H_y-34.0_x-20.0_20.0,H_y-34.0_x-20.0_20.0,right,forward,forward_right,1
1718,-11.5,-32.5,0.5,180.0,H_y-34.0_x-20.0_20.0_forward_right,H_y-34.0_x-20.0_20.0,H_y-34.0_x-20.0_20.0,right,forward,forward_right,1
1719,-12.0,-32.5,0.5,180.0,H_y-34.0_x-20.0_20.0_forward_right,H_y-34.0_x-20.0_20.0,H_y-34.0_x-20.0_20.0,right,forward,forward_right,1
1720,-12.5,-32.5,0.5,180.0,H_y-34.0_x-20.0_20.0_forward_right,H_y-34.0_x-20.0_20.0,H_y-34.0_x-20.0_20.0,right,forward,forward_right,1
1721,-13.0,-32.5,0.5,180.0,H_y-34.0_x-20.0_20.0_forward_right,H_y-34.0_x-20.0_20.0,H_y-34.0_x-20.0_20.0,right,forward,forward_right,1
1722,-13.5,-32.5,0.5,180.0,H_y-34.0_x-20.0_20.0_forward_right,H_y-34.0_x-20.0_20.0,H_y-34.0_x-20.0_20.0,right,forward,forward_right,1
1723,-14.0,-32.5,0.5,180.0,H_y-34.0_x-20.0_20.0_forward_right,H_y-34.0_x-20.0_20.0,H_y-34.0_x-20.0_20.0,right,forward,forward_right,1
1724,-14.5,-32.5,0.5,180.0,H_y-34.0_x-20.0_20.0_forward_right,H_y-34.0_x-20.0_20.0,H_y-34.0_x-20.0_20.0,right,forward,forward_right,1
1725,-15.0,-32.5,0.5,180.0,H_y-34.0_x-20.0_20.0_forward_right,H_y-34.0_x-20.0_20.0,H_y-34.0_x-20.0_20.0,right,forward,forward_right,1
1726,-15.5,-32.5,0.5,180.0,H_y-34.0_x-20.0_20.0_forward_right,H_y-34.0_x-20.0_20.0,H_y-34.0_x-20.0_20.0,right,forward,forward_right,1
1727,-16.0,-32.5,0.5,180.0,H_y-34.0_x-20.0_20.0_forward_right,H_y-34.0_x-20.0_20.0,H_y-34.0_x-20.0_20.0,right,forward,forward_right,1
1728,-16.5,-32.5,0.5,180.0,H_y-34.0_x-20.0_20.0_forward_right,H_y-34.0_x-20.0_20.0,H_y-34.0_x-20.0_20.0,right,forward,forward_right,1
1729,-17.0,-32.5,0.5,180.0,H_y-34.0_x-20.0_20.0_forward_right,H_y-34.0_x-20.0_20.0,H_y-34.0_x-20.0_20.0,right,forward,forward_right,1
1730,-17.5,-32.5,0.5,180.0,H_y-34.0_x-20.0_20.0_forward_right,H_y-34.0_x-20.0_20.0,H_y-34.0_x-20.0_20.0,right,forward,forward_right,1
1731,-18.0,-32.5,0.5,180.0,H_y-34.0_x-20.0_20.0_forward_right,H_y-34.0_x-20.0_20.0,H_y-34.0_x-20.0_20.0,right,forward,forward_right,1
1732,-18.5,-32.5,0.5,180.0,H_y-34.0_x-20.0_20.0_forward_right,H_y-34.0_x-20.0_20.0,H_y-34.0_x-20.0_20.0,right,forward,forward_right,1
1733,-19.0,-32.5,0.5,180.0,H_y-34.0_x-20.0_20.0_forward_right,H_y-34.0_x-20.0_20.0,H_y-34.0_x-20.0_20.0,right,forward,forward_right,1
1734,-19.5,-32.5,0.5,180.0,H_y-34.0_x-20.0_20.0_forward_right,H_y-34.0_x-20.0_20.0,H_y-34.0_x-20.0_20.0,right,forward,forward_right,1
1735,-20.0,-32.5,0.5,180.0,H_y-34.0_x-20.0_20.0_forward_right,H_y-34.0_x-20.0_20.0,H_y-34.0_x-20.0_20.0,right,forward,forward_right,0
1736,-20.0,-35.5,0.5,0.0,H_y-34.0_x-20.0_20.0_reverse_right,H_y-34.0_x-20.0_20.0,H_y-34.0_x-20.0_20.0,right,reverse,reverse_right,1
1737,-19.5,-35.5,0.5,0.0,H_y-34.0_x-20.0_20.0_reverse_right,H_y-34.0_x-20.0_20.0,H_y-34.0_x-20.0_20.0,right,reverse,reverse_right,1
1738,-19.0,-35.5,0.5,0.0,H_y-34.0_x-20.0_20.0_reverse_right,H_y-34.0_x-20.0_20.0,H_y-34.0_x-20.0_20.0,right,reverse,reverse_right,1
1739,-18.5,-35.5,0.5,0.0,H_y-34.0_x-20.0_20.0_reverse_right,H_y-34.0_x-20.0_20.0,H_y-34.0_x-20.0_20.0,right,reverse,reverse_right,1
1740,-18.0,-35.5,0.5,0.0,H_y-34.0_x-20.0_20.0_reverse_right,H_y-34.0_x-20.0_20.0,H_y-34.0_x-20.0_20.0,right,reverse,reverse_right,1
1741,-17.5,-35.5,0.5,0.0,H_y-34.0_x-20.0_20.0_reverse_right,H_y-34.0_x-20.0_20.0,H_y-34.0_x-20.0_20.0,right,reverse,reverse_right,1
1742,-17.0,-35.5,0.5,0.0,H_y-34.0_x-20.0_20.0_reverse_right,H_y-34.0_x-20.0_20.0,H_y-34.0_x-20.0_20.0,right,reverse,reverse_right,1
1743,-16.5,-35.5,0.5,0.0,H_y-34.0_x-20.0_20.0_reverse_right,H_y-34.0_x-20.0_20.0,H_y-34.0_x-20.0_20.0,right,reverse,reverse_right,1
1744,-16.0,-35.5,0.5,0.0,H_y-34.0_x-20.0_20.0_reverse_right,H_y-34.0_x-20.0_20.0,H_y-34.0_x-20.0_20.0,right,reverse,reverse_right,1
1745,-15.5,-35.5,0.5,0.0,H_y-34.0_x-20.0_20.0_reverse_right,H_y-34.0_x-20.0_20.0,H_y-34.0_x-20.0_20.0,right,reverse,reverse_right,1
1746,-15.0,-35.5,0.5,0.0,H_y-34.0_x-20.0_20.0_reverse_right,H_y-34.0_x-20.0_20.0,H_y-34.0_x-20.0_20.0,right,reverse,reverse_right,1
1747,-14.5,-35.5,0.5,0.0,H_y-34.0_x-20.0_20.0_reverse_right,H_y-34.0_x-20.0_20.0,H_y-34.0_x-20.0_20.0,right,reverse,reverse_right,1
1748,-14.0,-35.5,0.5,0.0,H_y-34.0_x-20.0_20.0_reverse_right,H_y-34.0_x-20.0_20.0,H_y-34.0_x-20.0_20.0,right,reverse,reverse_right,1
1749,-13.5,-35.5,0.5,0.0,H_y-34.0_x-20.0_20.0_reverse_right,H_y-34.0_x-20.0_20.0,H_y-34.0_x-20.0_20.0,right,reverse,reverse_right,1
1750,-13.0,-35.5,0.5,0.0,H_y-34.0_x-20.0_20.0_reverse_right,H_y-34.0_x-20.0_20.0,H_y-34.0_x-20.0_20.0,right,reverse,reverse_right,1
1751,-12.5,-35.5,0.5,0.0,H_y-34.0_x-20.0_20.0_reverse_right,H_y-34.0_x-20.0_20.0,H_y-34.0_x-20.0_20.0,right,reverse,reverse_right,1
1752,-12.0,-35.5,0.5,0.0,H_y-34.0_x-20.0_20.0_reverse_right,H_y-34.0_x-20.0_20.0,H_y-34.0_x-20.0_20.0,right,reverse,reverse_right,1
1753,-11.5,-35.5,0.5,0.0,H_y-34.0_x-20.0_20.0_reverse_right,H_y-34.0_x-20.0_20.0,H_y-34.0_x-20.0_20.0,right,reverse,reverse_right,1
1754,-11.0,-35.5,0.5,0.0,H_y-34.0_x-20.0_20.0_reverse_right,H_y-34.0_x-20.0_20.0,H_y-34.0_x-20.0_20.0,right,reverse,reverse_right,1
1755,-10.5,-35.5,0.5,0.0,H_y-34.0_x-20.0_20.0_reverse_right,H_y-34.0_x-20.0_20.0,H_y-34.0_x-20.0_20.0,right,reverse,reverse_right,1
1756,-10.0,-35.5,0.5,0.0,H_y-34.0_x-20.0_20.0_reverse_right,H_y-34.0_x-20.0_20.0,H_y-34.0_x-20.0_20.0,right,reverse,reverse_right,1
1757,-9.5,-35.5,0.5,0.0,H_y-34.0_x-20.0_20.0_reverse_right,H_y-34.0_x-20.0_20.0,H_y-34.0_x-20.0_20.0,right,reverse,reverse_right,1
1758,-9.0,-35.5,0.5,0.0,H_y-34.0_x-20.0_20.0_reverse_right,H_y-34.0_x-20.0_20.0,H_y-34.0_x-20.0_20.0,right,reverse,reverse_right,1
1759,-8.5,-35.5,0.5,0.0,H_y-34.0_x-20.0_20.0_reverse_right,H_y-34.0_x-20.0_20.0,H_y-34.0_x-20.0_20.0,right,reverse,reverse_right,1
1760,-8.0,-35.5,0.5,0.0,H_y-34.0_x-20.0_20.0_reverse_right,H_y-34.0_x-20.0_20.0,H_y-34.0_x-20.0_20.0,right,reverse,reverse_right,1
1761,-7.5,-35.5,0.5,0.0,H_y-34.0_x-20.0_20.0_reverse_right,H_y-34.0_x-20.0_20.0,H_y-34.0_x-20.0_20.0,right,reverse,reverse_right,1
1762,-7.0,-35.5,0.5,0.0,H_y-34.0_x-20.0_20.0_reverse_right,H_y-34.0_x-20.0_20.0,H_y-34.0_x-20.0_20.0,right,reverse,reverse_right,1
1763,-6.5,-35.5,0.5,0.0,H_y-34.0_x-20.0_20.0_reverse_right,H_y-34.0_x-20.0_20.0,H_y-34.0_x-20.0_20.0,right,reverse,reverse_right,1
1764,-6.0,-35.5,0.5,0.0,H_y-34.0_x-20.0_20.0_reverse_right,H_y-34.0_x-20.0_20.0,H_y-34.0_x-20.0_20.0,right,reverse,reverse_right,1
1765,-5.5,-35.5,0.5,0.0,H_y-34.0_x-20.0_20.0_reverse_right,H_y-34.0_x-20.0_20.0,H_y-34.0_x-20.0_20.0,right,reverse,reverse_right,1
1766,-5.0,-35.5,0.5,0.0,H_y-34.0_x-20.0_20.0_reverse_right,H_y-34.0_x-20.0_20.0,H_y-34.0_x-20.0_20.0,right,reverse,reverse_right,1
1767,-4.5,-35.5,0.5,0.0,H_y-34.0_x-20.0_20.0_reverse_right,H_y-34.0_x-20.0_20.0,H_y-34.0_x-20.0_20.0,right,reverse,reverse_right,1
1768,-4.0,-35.5,0.5,0.0,H_y-34.0_x-20.0_20.0_reverse_right,H_y-34.0_x-20.0_20.0,H_y-34.0_x-20.0_20.0,right,reverse,reverse_right,1
1769,-3.5,-35.5,0.5,0.0,H_y-34.0_x-20.0_20.0_reverse_right,H_y-34.0_x-20.0_20.0,H_y-34.0_x-20.0_20.0,right,reverse,reverse_right,1
1770,-3.0,-35.5,0.5,0.0,H_y-34.0_x-20.0_20.0_reverse_right,H_y-34.0_x-20.0_20.0,H_y-34.0_x-20.0_20.0,right,reverse,reverse_right,1
1771,-2.5,-35.5,0.5,0.0,H_y-34.0_x-20.0_20.0_reverse_right,H_y-34.0_x-20.0_20.0,H_y-34.0_x-20.0_20.0,right,reverse,reverse_right,1
1772,-2.0,-35.5,0.5,0.0,H_y-34.0_x-20.0_20.0_reverse_right,H_y-34.0_x-20.0_20.0,H_y-34.0_x-20.0_20.0,right,reverse,reverse_right,1
1773,-1.5,-35.5,0.5,0.0,H_y-34.0_x-20.0_20.0_reverse_right,H_y-34.0_x-20.0_20.0,H_y-34.0_x-20.0_20.0,right,reverse,reverse_right,1
1774,-1.0,-35.5,0.5,0.0,H_y-34.0_x-20.0_20.0_reverse_right,H_y-34.0_x-20.0_20.0,H_y-34.0_x-20.0_20.0,right,reverse,reverse_right,1
1775,-0.5,-35.5,0.5,0.0,H_y-34.0_x-20.0_20.0_reverse_right,H_y-34.0_x-20.0_20.0,H_y-34.0_x-20.0_20.0,right,reverse,reverse_right,1
1776,0.0,-35.5,0.5,0.0,H_y-34.0_x-20.0_20.0_reverse_right,H_y-34.0_x-20.0_20.0,H_y-34.0_x-20.0_20.0,right,reverse,reverse_right,1
1777,0.5,-35.5,0.5,0.0,H_y-34.0_x-20.0_20.0_reverse_right,H_y-34.0_x-20.0_20.0,H_y-34.0_x-20.0_20.0,right,reverse,reverse_right,1
1778,1.0,-35.5,0.5,0.0,H_y-34.0_x-20.0_20.0_reverse_right,H_y-34.0_x-20.0_20.0,H_y-34.0_x-20.0_20.0,right,reverse,reverse_right,1
1779,1.5,-35.5,0.5,0.0,H_y-34.0_x-20.0_20.0_reverse_right,H_y-34.0_x-20.0_20.0,H_y-34.0_x-20.0_20.0,right,reverse,reverse_right,1
1780,2.0,-35.5,0.5,0.0,H_y-34.0_x-20.0_20.0_reverse_right,H_y-34.0_x-20.0_20.0,H_y-34.0_x-20.0_20.0,right,reverse,reverse_right,1
1781,2.5,-35.5,0.5,0.0,H_y-34.0_x-20.0_20.0_reverse_right,H_y-34.0_x-20.0_20.0,H_y-34.0_x-20.0_20.0,right,reverse,reverse_right,1
1782,3.0,-35.5,0.5,0.0,H_y-34.0_x-20.0_20.0_reverse_right,H_y-34.0_x-20.0_20.0,H_y-34.0_x-20.0_20.0,right,reverse,reverse_right,1
1783,3.5,-35.5,0.5,0.0,H_y-34.0_x-20.0_20.0_reverse_right,H_y-34.0_x-20.0_20.0,H_y-34.0_x-20.0_20.0,right,reverse,reverse_right,1
1784,4.0,-35.5,0.5,0.0,H_y-34.0_x-20.0_20.0_reverse_right,H_y-34.0_x-20.0_20.0,H_y-34.0_x-20.0_20.0,right,reverse,reverse_right,1
1785,4.5,-35.5,0.5,0.0,H_y-34.0_x-20.0_20.0_reverse_right,H_y-34.0_x-20.0_20.0,H_y-34.0_x-20.0_20.0,right,reverse,reverse_right,1
1786,5.0,-35.5,0.5,0.0,H_y-34.0_x-20.0_20.0_reverse_right,H_y-34.0_x-20.0_20.0,H_y-34.0_x-20.0_20.0,right,reverse,reverse_right,1
1787,5.5,-35.5,0.5,0.0,H_y-34.0_x-20.0_20.0_reverse_right,H_y-34.0_x-20.0_20.0,H_y-34.0_x-20.0_20.0,right,reverse,reverse_right,1
1788,6.0,-35.5,0.5,0.0,H_y-34.0_x-20.0_20.0_reverse_right,H_y-34.0_x-20.0_20.0,H_y-34.0_x-20.0_20.0,right,reverse,reverse_right,1
1789,6.5,-35.5,0.5,0.0,H_y-34.0_x-20.0_20.0_reverse_right,H_y-34.0_x-20.0_20.0,H_y-34.0_x-20.0_20.0,right,reverse,reverse_right,1
1790,7.0,-35.5,0.5,0.0,H_y-34.0_x-20.0_20.0_reverse_right,H_y-34.0_x-20.0_20.0,H_y-34.0_x-20.0_20.0,right,reverse,reverse_right,1
1791,7.5,-35.5,0.5,0.0,H_y-34.0_x-20.0_20.0_reverse_right,H_y-34.0_x-20.0_20.0,H_y-34.0_x-20.0_20.0,right,reverse,reverse_right,1
1792,8.0,-35.5,0.5,0.0,H_y-34.0_x-20.0_20.0_reverse_right,H_y-34.0_x-20.0_20.0,H_y-34.0_x-20.0_20.0,right,reverse,reverse_right,1
1793,8.5,-35.5,0.5,0.0,H_y-34.0_x-20.0_20.0_reverse_right,H_y-34.0_x-20.0_20.0,H_y-34.0_x-20.0_20.0,right,reverse,reverse_right,1
1794,9.0,-35.5,0.5,0.0,H_y-34.0_x-20.0_20.0_reverse_right,H_y-34.0_x-20.0_20.0,H_y-34.0_x-20.0_20.0,right,reverse,reverse_right,1
1795,9.5,-35.5,0.5,0.0,H_y-34.0_x-20.0_20.0_reverse_right,H_y-34.0_x-20.0_20.0,H_y-34.0_x-20.0_20.0,right,reverse,reverse_right,1
1796,10.0,-35.5,0.5,0.0,H_y-34.0_x-20.0_20.0_reverse_right,H_y-34.0_x-20.0_20.0,H_y-34.0_x-20.0_20.0,right,reverse,reverse_right,1
1797,10.5,-35.5,0.5,0.0,H_y-34.0_x-20.0_20.0_reverse_right,H_y-34.0_x-20.0_20.0,H_y-34.0_x-20.0_20.0,right,reverse,reverse_right,1
1798,11.0,-35.5,0.5,0.0,H_y-34.0_x-20.0_20.0_reverse_right,H_y-34.0_x-20.0_20.0,H_y-34.0_x-20.0_20.0,right,reverse,reverse_right,1
1799,11.5,-35.5,0.5,0.0,H_y-34.0_x-20.0_20.0_reverse_right,H_y-34.0_x-20.0_20.0,H_y-34.0_x-20.0_20.0,right,reverse,reverse_right,1
1800,12.0,-35.5,0.5,0.0,H_y-34.0_x-20.0_20.0_reverse_right,H_y-34.0_x-20.0_20.0,H_y-34.0_x-20.0_20.0,right,reverse,reverse_right,1
1801,12.5,-35.5,0.5,0.0,H_y-34.0_x-20.0_20.0_reverse_right,H_y-34.0_x-20.0_20.0,H_y-34.0_x-20.0_20.0,right,reverse,reverse_right,1
1802,13.0,-35.5,0.5,0.0,H_y-34.0_x-20.0_20.0_reverse_right,H_y-34.0_x-20.0_20.0,H_y-34.0_x-20.0_20.0,right,reverse,reverse_right,1
1803,13.5,-35.5,0.5,0.0,H_y-34.0_x-20.0_20.0_reverse_right,H_y-34.0_x-20.0_20.0,H_y-34.0_x-20.0_20.0,right,reverse,reverse_right,1
1804,14.0,-35.5,0.5,0.0,H_y-34.0_x-20.0_20.0_reverse_right,H_y-34.0_x-20.0_20.0,H_y-34.0_x-20.0_20.0,right,reverse,reverse_right,1
1805,14.5,-35.5,0.5,0.0,H_y-34.0_x-20.0_20.0_reverse_right,H_y-34.0_x-20.0_20.0,H_y-34.0_x-20.0_20.0,right,reverse,reverse_right,1
1806,15.0,-35.5,0.5,0.0,H_y-34.0_x-20.0_20.0_reverse_right,H_y-34.0_x-20.0_20.0,H_y-34.0_x-20.0_20.0,right,reverse,reverse_right,1
1807,15.5,-35.5,0.5,0.0,H_y-34.0_x-20.0_20.0_reverse_right,H_y-34.0_x-20.0_20.0,H_y-34.0_x-20.0_20.0,right,reverse,reverse_right,1
1808,16.0,-35.5,0.5,0.0,H_y-34.0_x-20.0_20.0_reverse_right,H_y-34.0_x-20.0_20.0,H_y-34.0_x-20.0_20.0,right,reverse,reverse_right,1
1809,16.5,-35.5,0.5,0.0,H_y-34.0_x-20.0_20.0_reverse_right,H_y-34.0_x-20.0_20.0,H_y-34.0_x-20.0_20.0,right,reverse,reverse_right,1
1810,17.0,-35.5,0.5,0.0,H_y-34.0_x-20.0_20.0_reverse_right,H_y-34.0_x-20.0_20.0,H_y-34.0_x-20.0_20.0,right,reverse,reverse_right,1
1811,17.5,-35.5,0.5,0.0,H_y-34.0_x-20.0_20.0_reverse_right,H_y-34.0_x-20.0_20.0,H_y-34.0_x-20.0_20.0,right,reverse,reverse_right,1
1812,18.0,-35.5,0.5,0.0,H_y-34.0_x-20.0_20.0_reverse_right,H_y-34.0_x-20.0_20.0,H_y-34.0_x-20.0_20.0,right,reverse,reverse_right,1
1813,18.5,-35.5,0.5,0.0,H_y-34.0_x-20.0_20.0_reverse_right,H_y-34.0_x-20.0_20.0,H_y-34.0_x-20.0_20.0,right,reverse,reverse_right,1
1814,19.0,-35.5,0.5,0.0,H_y-34.0_x-20.0_20.0_reverse_right,H_y-34.0_x-20.0_20.0,H_y-34.0_x-20.0_20.0,right,reverse,reverse_right,1
1815,19.5,-35.5,0.5,0.0,H_y-34.0_x-20.0_20.0_reverse_right,H_y-34.0_x-20.0_20.0,H_y-34.0_x-20.0_20.0,right,reverse,reverse_right,1
1816,20.0,-35.5,0.5,0.0,H_y-34.0_x-20.0_20.0_reverse_right,H_y-34.0_x-20.0_20.0,H_y-34.0_x-20.0_20.0,right,reverse,reverse_right,0
1997,20.25,26.0,0.5,90.0,V_x20.0_y26.0_48.0_forward_right,V_x20.0_y26.0_48.0,V_x20.0_y26.0_48.0,right,forward,forward_right,1
1998,20.25,26.5,0.5,90.0,V_x20.0_y26.0_48.0_forward_right,V_x20.0_y26.0_48.0,V_x20.0_y26.0_48.0,right,forward,forward_right,1
1999,20.25,27.0,0.5,90.0,V_x20.0_y26.0_48.0_forward_right,V_x20.0_y26.0_48.0,V_x20.0_y26.0_48.0,right,forward,forward_right,1
2000,20.25,27.5,0.5,90.0,V_x20.0_y26.0_48.0_forward_right,V_x20.0_y26.0_48.0,V_x20.0_y26.0_48.0,right,forward,forward_right,1
2001,20.25,28.0,0.5,90.0,V_x20.0_y26.0_48.0_forward_right,V_x20.0_y26.0_48.0,V_x20.0_y26.0_48.0,right,forward,forward_right,1
2002,20.25,28.5,0.5,90.0,V_x20.0_y26.0_48.0_forward_right,V_x20.0_y26.0_48.0,V_x20.0_y26.0_48.0,right,forward,forward_right,1
2003,20.25,29.0,0.5,90.0,V_x20.0_y26.0_48.0_forward_right,V_x20.0_y26.0_48.0,V_x20.0_y26.0_48.0,right,forward,forward_right,1
2004,20.25,29.5,0.5,90.0,V_x20.0_y26.0_48.0_forward_right,V_x20.0_y26.0_48.0,V_x20.0_y26.0_48.0,right,forward,forward_right,1
2005,20.25,30.0,0.5,90.0,V_x20.0_y26.0_48.0_forward_right,V_x20.0_y26.0_48.0,V_x20.0_y26.0_48.0,right,forward,forward_right,1
2006,20.25,30.5,0.5,90.0,V_x20.0_y26.0_48.0_forward_right,V_x20.0_y26.0_48.0,V_x20.0_y26.0_48.0,right,forward,forward_right,1
2007,20.25,31.0,0.5,90.0,V_x20.0_y26.0_48.0_forward_right,V_x20.0_y26.0_48.0,V_x20.0_y26.0_48.0,right,forward,forward_right,1
2008,20.25,31.5,0.5,90.0,V_x20.0_y26.0_48.0_forward_right,V_x20.0_y26.0_48.0,V_x20.0_y26.0_48.0,right,forward,forward_right,1
2009,20.25,32.0,0.5,90.0,V_x20.0_y26.0_48.0_forward_right,V_x20.0_y26.0_48.0,V_x20.0_y26.0_48.0,right,forward,forward_right,1
2010,20.25,32.5,0.5,90.0,V_x20.0_y26.0_48.0_forward_right,V_x20.0_y26.0_48.0,V_x20.0_y26.0_48.0,right,forward,forward_right,1
2011,20.25,33.0,0.5,90.0,V_x20.0_y26.0_48.0_forward_right,V_x20.0_y26.0_48.0,V_x20.0_y26.0_48.0,right,forward,forward_right,1
2012,20.25,33.5,0.5,90.0,V_x20.0_y26.0_48.0_forward_right,V_x20.0_y26.0_48.0,V_x20.0_y26.0_48.0,right,forward,forward_right,1
2013,20.25,34.0,0.5,90.0,V_x20.0_y26.0_48.0_forward_right,V_x20.0_y26.0_48.0,V_x20.0_y26.0_48.0,right,forward,forward_right,1
2014,20.25,34.5,0.5,90.0,V_x20.0_y26.0_48.0_forward_right,V_x20.0_y26.0_48.0,V_x20.0_y26.0_48.0,right,forward,forward_right,1
2015,20.25,35.0,0.5,90.0,V_x20.0_y26.0_48.0_forward_right,V_x20.0_y26.0_48.0,V_x20.0_y26.0_48.0,right,forward,forward_right,1
2016,20.25,35.5,0.5,90.0,V_x20.0_y26.0_48.0_forward_right,V_x20.0_y26.0_48.0,V_x20.0_y26.0_48.0,right,forward,forward_right,1
2017,20.25,36.0,0.5,90.0,V_x20.0_y26.0_48.0_forward_right,V_x20.0_y26.0_48.0,V_x20.0_y26.0_48.0,right,forward,forward_right,1
2018,20.25,36.5,0.5,90.0,V_x20.0_y26.0_48.0_forward_right,V_x20.0_y26.0_48.0,V_x20.0_y26.0_48.0,right,forward,forward_right,1
2019,20.25,37.0,0.5,90.0,V_x20.0_y26.0_48.0_forward_right,V_x20.0_y26.0_48.0,V_x20.0_y26.0_48.0,right,forward,forward_right,1
2020,20.25,37.5,0.5,90.0,V_x20.0_y26.0_48.0_forward_right,V_x20.0_y26.0_48.0,V_x20.0_y26.0_48.0,right,forward,forward_right,1
2021,20.25,38.0,0.5,90.0,V_x20.0_y26.0_48.0_forward_right,V_x20.0_y26.0_48.0,V_x20.0_y26.0_48.0,right,forward,forward_right,1
2022,20.25,38.5,0.5,90.0,V_x20.0_y26.0_48.0_forward_right,V_x20.0_y26.0_48.0,V_x20.0_y26.0_48.0,right,forward,forward_right,1
2023,20.25,39.0,0.5,90.0,V_x20.0_y26.0_48.0_forward_right,V_x20.0_y26.0_48.0,V_x20.0_y26.0_48.0,right,forward,forward_right,1
2024,20.25,39.5,0.5,90.0,V_x20.0_y26.0_48.0_forward_right,V_x20.0_y26.0_48.0,V_x20.0_y26.0_48.0,right,forward,forward_right,1
2025,20.25,40.0,0.5,90.0,V_x20.0_y26.0_48.0_forward_right,V_x20.0_y26.0_48.0,V_x20.0_y26.0_48.0,right,forward,forward_right,1
2026,20.25,40.5,0.5,90.0,V_x20.0_y26.0_48.0_forward_right,V_x20.0_y26.0_48.0,V_x20.0_y26.0_48.0,right,forward,forward_right,1
2027,20.25,41.0,0.5,90.0,V_x20.0_y26.0_48.0_forward_right,V_x20.0_y26.0_48.0,V_x20.0_y26.0_48.0,right,forward,forward_right,1
2028,20.25,41.5,0.5,90.0,V_x20.0_y26.0_48.0_forward_right,V_x20.0_y26.0_48.0,V_x20.0_y26.0_48.0,right,forward,forward_right,1
2029,20.25,42.0,0.5,90.0,V_x20.0_y26.0_48.0_forward_right,V_x20.0_y26.0_48.0,V_x20.0_y26.0_48.0,right,forward,forward_right,1
2030,20.25,42.5,0.5,90.0,V_x20.0_y26.0_48.0_forward_right,V_x20.0_y26.0_48.0,V_x20.0_y26.0_48.0,right,forward,forward_right,1
2031,20.25,43.0,0.5,90.0,V_x20.0_y26.0_48.0_forward_right,V_x20.0_y26.0_48.0,V_x20.0_y26.0_48.0,right,forward,forward_right,1
2032,20.25,43.5,0.5,90.0,V_x20.0_y26.0_48.0_forward_right,V_x20.0_y26.0_48.0,V_x20.0_y26.0_48.0,right,forward,forward_right,1
2033,20.25,44.0,0.5,90.0,V_x20.0_y26.0_48.0_forward_right,V_x20.0_y26.0_48.0,V_x20.0_y26.0_48.0,right,forward,forward_right,1
2034,20.25,44.5,0.5,90.0,V_x20.0_y26.0_48.0_forward_right,V_x20.0_y26.0_48.0,V_x20.0_y26.0_48.0,right,forward,forward_right,1
2035,20.25,45.0,0.5,90.0,V_x20.0_y26.0_48.0_forward_right,V_x20.0_y26.0_48.0,V_x20.0_y26.0_48.0,right,forward,forward_right,1
2036,20.25,45.5,0.5,90.0,V_x20.0_y26.0_48.0_forward_right,V_x20.0_y26.0_48.0,V_x20.0_y26.0_48.0,right,forward,forward_right,1
2037,20.25,46.0,0.5,90.0,V_x20.0_y26.0_48.0_forward_right,V_x20.0_y26.0_48.0,V_x20.0_y26.0_48.0,right,forward,forward_right,1
2038,20.25,46.5,0.5,90.0,V_x20.0_y26.0_48.0_forward_right,V_x20.0_y26.0_48.0,V_x20.0_y26.0_48.0,right,forward,forward_right,1
2039,20.25,47.0,0.5,90.0,V_x20.0_y26.0_48.0_forward_right,V_x20.0_y26.0_48.0,V_x20.0_y26.0_48.0,right,forward,forward_right,1
2040,20.25,47.5,0.5,90.0,V_x20.0_y26.0_48.0_forward_right,V_x20.0_y26.0_48.0,V_x20.0_y26.0_48.0,right,forward,forward_right,1
2041,20.25,48.0,0.5,90.0,V_x20.0_y26.0_48.0_forward_right,V_x20.0_y26.0_48.0,V_x20.0_y26.0_48.0,right,forward,forward_right,0
2042,17.25,48.0,0.5,-90.0,V_x20.0_y26.0_48.0_reverse_right,V_x20.0_y26.0_48.0,V_x20.0_y26.0_48.0,right,reverse,reverse_right,1
2043,17.25,47.5,0.5,-90.0,V_x20.0_y26.0_48.0_reverse_right,V_x20.0_y26.0_48.0,V_x20.0_y26.0_48.0,right,reverse,reverse_right,1
2044,17.25,47.0,0.5,-90.0,V_x20.0_y26.0_48.0_reverse_right,V_x20.0_y26.0_48.0,V_x20.0_y26.0_48.0,right,reverse,reverse_right,1
2045,17.25,46.5,0.5,-90.0,V_x20.0_y26.0_48.0_reverse_right,V_x20.0_y26.0_48.0,V_x20.0_y26.0_48.0,right,reverse,reverse_right,1
2046,17.25,46.0,0.5,-90.0,V_x20.0_y26.0_48.0_reverse_right,V_x20.0_y26.0_48.0,V_x20.0_y26.0_48.0,right,reverse,reverse_right,1
2047,17.25,45.5,0.5,-90.0,V_x20.0_y26.0_48.0_reverse_right,V_x20.0_y26.0_48.0,V_x20.0_y26.0_48.0,right,reverse,reverse_right,1
2048,17.25,45.0,0.5,-90.0,V_x20.0_y26.0_48.0_reverse_right,V_x20.0_y26.0_48.0,V_x20.0_y26.0_48.0,right,reverse,reverse_right,1
2049,17.25,44.5,0.5,-90.0,V_x20.0_y26.0_48.0_reverse_right,V_x20.0_y26.0_48.0,V_x20.0_y26.0_48.0,right,reverse,reverse_right,1
2050,17.25,44.0,0.5,-90.0,V_x20.0_y26.0_48.0_reverse_right,V_x20.0_y26.0_48.0,V_x20.0_y26.0_48.0,right,reverse,reverse_right,1
2051,17.25,43.5,0.5,-90.0,V_x20.0_y26.0_48.0_reverse_right,V_x20.0_y26.0_48.0,V_x20.0_y26.0_48.0,right,reverse,reverse_right,1
2052,17.25,43.0,0.5,-90.0,V_x20.0_y26.0_48.0_reverse_right,V_x20.0_y26.0_48.0,V_x20.0_y26.0_48.0,right,reverse,reverse_right,1
2053,17.25,42.5,0.5,-90.0,V_x20.0_y26.0_48.0_reverse_right,V_x20.0_y26.0_48.0,V_x20.0_y26.0_48.0,right,reverse,reverse_right,1
2054,17.25,42.0,0.5,-90.0,V_x20.0_y26.0_48.0_reverse_right,V_x20.0_y26.0_48.0,V_x20.0_y26.0_48.0,right,reverse,reverse_right,1
2055,17.25,41.5,0.5,-90.0,V_x20.0_y26.0_48.0_reverse_right,V_x20.0_y26.0_48.0,V_x20.0_y26.0_48.0,right,reverse,reverse_right,1
2056,17.25,41.0,0.5,-90.0,V_x20.0_y26.0_48.0_reverse_right,V_x20.0_y26.0_48.0,V_x20.0_y26.0_48.0,right,reverse,reverse_right,1
2057,17.25,40.5,0.5,-90.0,V_x20.0_y26.0_48.0_reverse_right,V_x20.0_y26.0_48.0,V_x20.0_y26.0_48.0,right,reverse,reverse_right,1
2058,17.25,40.0,0.5,-90.0,V_x20.0_y26.0_48.0_reverse_right,V_x20.0_y26.0_48.0,V_x20.0_y26.0_48.0,right,reverse,reverse_right,1
2059,17.25,39.5,0.5,-90.0,V_x20.0_y26.0_48.0_reverse_right,V_x20.0_y26.0_48.0,V_x20.0_y26.0_48.0,right,reverse,reverse_right,1
2060,17.25,39.0,0.5,-90.0,V_x20.0_y26.0_48.0_reverse_right,V_x20.0_y26.0_48.0,V_x20.0_y26.0_48.0,right,reverse,reverse_right,1
2061,17.25,38.5,0.5,-90.0,V_x20.0_y26.0_48.0_reverse_right,V_x20.0_y26.0_48.0,V_x20.0_y26.0_48.0,right,reverse,reverse_right,1
2062,17.25,38.0,0.5,-90.0,V_x20.0_y26.0_48.0_reverse_right,V_x20.0_y26.0_48.0,V_x20.0_y26.0_48.0,right,reverse,reverse_right,1
2063,17.25,37.5,0.5,-90.0,V_x20.0_y26.0_48.0_reverse_right,V_x20.0_y26.0_48.0,V_x20.0_y26.0_48.0,right,reverse,reverse_right,1
2064,17.25,37.0,0.5,-90.0,V_x20.0_y26.0_48.0_reverse_right,V_x20.0_y26.0_48.0,V_x20.0_y26.0_48.0,right,reverse,reverse_right,1
2065,17.25,36.5,0.5,-90.0,V_x20.0_y26.0_48.0_reverse_right,V_x20.0_y26.0_48.0,V_x20.0_y26.0_48.0,right,reverse,reverse_right,1
2066,17.25,36.0,0.5,-90.0,V_x20.0_y26.0_48.0_reverse_right,V_x20.0_y26.0_48.0,V_x20.0_y26.0_48.0,right,reverse,reverse_right,1
2067,17.25,35.5,0.5,-90.0,V_x20.0_y26.0_48.0_reverse_right,V_x20.0_y26.0_48.0,V_x20.0_y26.0_48.0,right,reverse,reverse_right,1
2068,17.25,35.0,0.5,-90.0,V_x20.0_y26.0_48.0_reverse_right,V_x20.0_y26.0_48.0,V_x20.0_y26.0_48.0,right,reverse,reverse_right,1
2069,17.25,34.5,0.5,-90.0,V_x20.0_y26.0_48.0_reverse_right,V_x20.0_y26.0_48.0,V_x20.0_y26.0_48.0,right,reverse,reverse_right,1
2070,17.25,34.0,0.5,-90.0,V_x20.0_y26.0_48.0_reverse_right,V_x20.0_y26.0_48.0,V_x20.0_y26.0_48.0,right,reverse,reverse_right,1
2071,17.25,33.5,0.5,-90.0,V_x20.0_y26.0_48.0_reverse_right,V_x20.0_y26.0_48.0,V_x20.0_y26.0_48.0,right,reverse,reverse_right,1
2072,17.25,33.0,0.5,-90.0,V_x20.0_y26.0_48.0_reverse_right,V_x20.0_y26.0_48.0,V_x20.0_y26.0_48.0,right,reverse,reverse_right,1
2073,17.25,32.5,0.5,-90.0,V_x20.0_y26.0_48.0_reverse_right,V_x20.0_y26.0_48.0,V_x20.0_y26.0_48.0,right,reverse,reverse_right,1
2074,17.25,32.0,0.5,-90.0,V_x20.0_y26.0_48.0_reverse_right,V_x20.0_y26.0_48.0,V_x20.0_y26.0_48.0,right,reverse,reverse_right,1
2075,17.25,31.5,0.5,-90.0,V_x20.0_y26.0_48.0_reverse_right,V_x20.0_y26.0_48.0,V_x20.0_y26.0_48.0,right,reverse,reverse_right,1
2076,17.25,31.0,0.5,-90.0,V_x20.0_y26.0_48.0_reverse_right,V_x20.0_y26.0_48.0,V_x20.0_y26.0_48.0,right,reverse,reverse_right,1
2077,17.25,30.5,0.5,-90.0,V_x20.0_y26.0_48.0_reverse_right,V_x20.0_y26.0_48.0,V_x20.0_y26.0_48.0,right,reverse,reverse_right,1
2078,17.25,30.0,0.5,-90.0,V_x20.0_y26.0_48.0_reverse_right,V_x20.0_y26.0_48.0,V_x20.0_y26.0_48.0,right,reverse,reverse_right,1
2079,17.25,29.5,0.5,-90.0,V_x20.0_y26.0_48.0_reverse_right,V_x20.0_y26.0_48.0,V_x20.0_y26.0_48.0,right,reverse,reverse_right,1
2080,17.25,29.0,0.5,-90.0,V_x20.0_y26.0_48.0_reverse_right,V_x20.0_y26.0_48.0,V_x20.0_y26.0_48.0,right,reverse,reverse_right,1
2081,17.25,28.5,0.5,-90.0,V_x20.0_y26.0_48.0_reverse_right,V_x20.0_y26.0_48.0,V_x20.0_y26.0_48.0,right,reverse,reverse_right,1
2082,17.25,28.0,0.5,-90.0,V_x20.0_y26.0_48.0_reverse_right,V_x20.0_y26.0_48.0,V_x20.0_y26.0_48.0,right,reverse,reverse_right,1
2083,17.25,27.5,0.5,-90.0,V_x20.0_y26.0_48.0_reverse_right,V_x20.0_y26.0_48.0,V_x20.0_y26.0_48.0,right,reverse,reverse_right,1
2084,17.25,27.0,0.5,-90.0,V_x20.0_y26.0_48.0_reverse_right,V_x20.0_y26.0_48.0,V_x20.0_y26.0_48.0,right,reverse,reverse_right,1
2085,17.25,26.5,0.5,-90.0,V_x20.0_y26.0_48.0_reverse_right,V_x20.0_y26.0_48.0,V_x20.0_y26.0_48.0,right,reverse,reverse_right,1
2086,17.25,26.0,0.5,-90.0,V_x20.0_y26.0_48.0_reverse_right,V_x20.0_y26.0_48.0,V_x20.0_y26.0_48.0,right,reverse,reverse_right,0
2087,20.0,24.5,0.5,0.0,H_y26.0_x20.0_40.0_forward_right,H_y26.0_x20.0_40.0,H_y26.0_x20.0_40.0,right,forward,forward_right,1
2088,20.5,24.5,0.5,0.0,H_y26.0_x20.0_40.0_forward_right,H_y26.0_x20.0_40.0,H_y26.0_x20.0_40.0,right,forward,forward_right,1
2089,21.0,24.5,0.5,0.0,H_y26.0_x20.0_40.0_forward_right,H_y26.0_x20.0_40.0,H_y26.0_x20.0_40.0,right,forward,forward_right,1
2090,21.5,24.5,0.5,0.0,H_y26.0_x20.0_40.0_forward_right,H_y26.0_x20.0_40.0,H_y26.0_x20.0_40.0,right,forward,forward_right,1
2091,22.0,24.5,0.5,0.0,H_y26.0_x20.0_40.0_forward_right,H_y26.0_x20.0_40.0,H_y26.0_x20.0_40.0,right,forward,forward_right,1
2092,22.5,24.5,0.5,0.0,H_y26.0_x20.0_40.0_forward_right,H_y26.0_x20.0_40.0,H_y26.0_x20.0_40.0,right,forward,forward_right,1
2093,23.0,24.5,0.5,0.0,H_y26.0_x20.0_40.0_forward_right,H_y26.0_x20.0_40.0,H_y26.0_x20.0_40.0,right,forward,forward_right,1
2094,23.5,24.5,0.5,0.0,H_y26.0_x20.0_40.0_forward_right,H_y26.0_x20.0_40.0,H_y26.0_x20.0_40.0,right,forward,forward_right,1
2095,24.0,24.5,0.5,0.0,H_y26.0_x20.0_40.0_forward_right,H_y26.0_x20.0_40.0,H_y26.0_x20.0_40.0,right,forward,forward_right,1
2096,24.5,24.5,0.5,0.0,H_y26.0_x20.0_40.0_forward_right,H_y26.0_x20.0_40.0,H_y26.0_x20.0_40.0,right,forward,forward_right,1
2097,25.0,24.5,0.5,0.0,H_y26.0_x20.0_40.0_forward_right,H_y26.0_x20.0_40.0,H_y26.0_x20.0_40.0,right,forward,forward_right,1
2098,25.5,24.5,0.5,0.0,H_y26.0_x20.0_40.0_forward_right,H_y26.0_x20.0_40.0,H_y26.0_x20.0_40.0,right,forward,forward_right,1
2099,26.0,24.5,0.5,0.0,H_y26.0_x20.0_40.0_forward_right,H_y26.0_x20.0_40.0,H_y26.0_x20.0_40.0,right,forward,forward_right,1
2100,26.5,24.5,0.5,0.0,H_y26.0_x20.0_40.0_forward_right,H_y26.0_x20.0_40.0,H_y26.0_x20.0_40.0,right,forward,forward_right,1
2101,27.0,24.5,0.5,0.0,H_y26.0_x20.0_40.0_forward_right,H_y26.0_x20.0_40.0,H_y26.0_x20.0_40.0,right,forward,forward_right,1
2102,27.5,24.5,0.5,0.0,H_y26.0_x20.0_40.0_forward_right,H_y26.0_x20.0_40.0,H_y26.0_x20.0_40.0,right,forward,forward_right,1
2103,28.0,24.5,0.5,0.0,H_y26.0_x20.0_40.0_forward_right,H_y26.0_x20.0_40.0,H_y26.0_x20.0_40.0,right,forward,forward_right,1
2104,28.5,24.5,0.5,0.0,H_y26.0_x20.0_40.0_forward_right,H_y26.0_x20.0_40.0,H_y26.0_x20.0_40.0,right,forward,forward_right,1
2105,29.0,24.5,0.5,0.0,H_y26.0_x20.0_40.0_forward_right,H_y26.0_x20.0_40.0,H_y26.0_x20.0_40.0,right,forward,forward_right,1
2106,29.5,24.5,0.5,0.0,H_y26.0_x20.0_40.0_forward_right,H_y26.0_x20.0_40.0,H_y26.0_x20.0_40.0,right,forward,forward_right,1
2107,30.0,24.5,0.5,0.0,H_y26.0_x20.0_40.0_forward_right,H_y26.0_x20.0_40.0,H_y26.0_x20.0_40.0,right,forward,forward_right,1
2108,30.5,24.5,0.5,0.0,H_y26.0_x20.0_40.0_forward_right,H_y26.0_x20.0_40.0,H_y26.0_x20.0_40.0,right,forward,forward_right,1
2109,31.0,24.5,0.5,0.0,H_y26.0_x20.0_40.0_forward_right,H_y26.0_x20.0_40.0,H_y26.0_x20.0_40.0,right,forward,forward_right,1
2110,31.5,24.5,0.5,0.0,H_y26.0_x20.0_40.0_forward_right,H_y26.0_x20.0_40.0,H_y26.0_x20.0_40.0,right,forward,forward_right,1
2111,32.0,24.5,0.5,0.0,H_y26.0_x20.0_40.0_forward_right,H_y26.0_x20.0_40.0,H_y26.0_x20.0_40.0,right,forward,forward_right,1
2112,32.5,24.5,0.5,0.0,H_y26.0_x20.0_40.0_forward_right,H_y26.0_x20.0_40.0,H_y26.0_x20.0_40.0,right,forward,forward_right,1
2113,33.0,24.5,0.5,0.0,H_y26.0_x20.0_40.0_forward_right,H_y26.0_x20.0_40.0,H_y26.0_x20.0_40.0,right,forward,forward_right,1
2114,33.5,24.5,0.5,0.0,H_y26.0_x20.0_40.0_forward_right,H_y26.0_x20.0_40.0,H_y26.0_x20.0_40.0,right,forward,forward_right,1
2115,34.0,24.5,0.5,0.0,H_y26.0_x20.0_40.0_forward_right,H_y26.0_x20.0_40.0,H_y26.0_x20.0_40.0,right,forward,forward_right,1
2116,34.5,24.5,0.5,0.0,H_y26.0_x20.0_40.0_forward_right,H_y26.0_x20.0_40.0,H_y26.0_x20.0_40.0,right,forward,forward_right,1
2117,35.0,24.5,0.5,0.0,H_y26.0_x20.0_40.0_forward_right,H_y26.0_x20.0_40.0,H_y26.0_x20.0_40.0,right,forward,forward_right,1
2118,35.5,24.5,0.5,0.0,H_y26.0_x20.0_40.0_forward_right,H_y26.0_x20.0_40.0,H_y26.0_x20.0_40.0,right,forward,forward_right,1
2119,36.0,24.5,0.5,0.0,H_y26.0_x20.0_40.0_forward_right,H_y26.0_x20.0_40.0,H_y26.0_x20.0_40.0,right,forward,forward_right,1
2120,36.5,24.5,0.5,0.0,H_y26.0_x20.0_40.0_forward_right,H_y26.0_x20.0_40.0,H_y26.0_x20.0_40.0,right,forward,forward_right,1
2121,37.0,24.5,0.5,0.0,H_y26.0_x20.0_40.0_forward_right,H_y26.0_x20.0_40.0,H_y26.0_x20.0_40.0,right,forward,forward_right,1
2122,37.5,24.5,0.5,0.0,H_y26.0_x20.0_40.0_forward_right,H_y26.0_x20.0_40.0,H_y26.0_x20.0_40.0,right,forward,forward_right,1
2123,38.0,24.5,0.5,0.0,H_y26.0_x20.0_40.0_forward_right,H_y26.0_x20.0_40.0,H_y26.0_x20.0_40.0,right,forward,forward_right,1
2124,38.5,24.5,0.5,0.0,H_y26.0_x20.0_40.0_forward_right,H_y26.0_x20.0_40.0,H_y26.0_x20.0_40.0,right,forward,forward_right,1
2125,39.0,24.5,0.5,0.0,H_y26.0_x20.0_40.0_forward_right,H_y26.0_x20.0_40.0,H_y26.0_x20.0_40.0,right,forward,forward_right,1
2126,39.5,24.5,0.5,0.0,H_y26.0_x20.0_40.0_forward_right,H_y26.0_x20.0_40.0,H_y26.0_x20.0_40.0,right,forward,forward_right,1
2127,40.0,24.5,0.5,0.0,H_y26.0_x20.0_40.0_forward_right,H_y26.0_x20.0_40.0,H_y26.0_x20.0_40.0,right,forward,forward_right,0
2128,40.0,27.5,0.5,180.0,H_y26.0_x20.0_40.0_reverse_right,H_y26.0_x20.0_40.0,H_y26.0_x20.0_40.0,right,reverse,reverse_right,1
2129,39.5,27.5,0.5,180.0,H_y26.0_x20.0_40.0_reverse_right,H_y26.0_x20.0_40.0,H_y26.0_x20.0_40.0,right,reverse,reverse_right,1
2130,39.0,27.5,0.5,180.0,H_y26.0_x20.0_40.0_reverse_right,H_y26.0_x20.0_40.0,H_y26.0_x20.0_40.0,right,reverse,reverse_right,1
2131,38.5,27.5,0.5,180.0,H_y26.0_x20.0_40.0_reverse_right,H_y26.0_x20.0_40.0,H_y26.0_x20.0_40.0,right,reverse,reverse_right,1
2132,38.0,27.5,0.5,180.0,H_y26.0_x20.0_40.0_reverse_right,H_y26.0_x20.0_40.0,H_y26.0_x20.0_40.0,right,reverse,reverse_right,1
2133,37.5,27.5,0.5,180.0,H_y26.0_x20.0_40.0_reverse_right,H_y26.0_x20.0_40.0,H_y26.0_x20.0_40.0,right,reverse,reverse_right,1
2134,37.0,27.5,0.5,180.0,H_y26.0_x20.0_40.0_reverse_right,H_y26.0_x20.0_40.0,H_y26.0_x20.0_40.0,right,reverse,reverse_right,1
2135,36.5,27.5,0.5,180.0,H_y26.0_x20.0_40.0_reverse_right,H_y26.0_x20.0_40.0,H_y26.0_x20.0_40.0,right,reverse,reverse_right,1
2136,36.0,27.5,0.5,180.0,H_y26.0_x20.0_40.0_reverse_right,H_y26.0_x20.0_40.0,H_y26.0_x20.0_40.0,right,reverse,reverse_right,1
2137,35.5,27.5,0.5,180.0,H_y26.0_x20.0_40.0_reverse_right,H_y26.0_x20.0_40.0,H_y26.0_x20.0_40.0,right,reverse,reverse_right,1
2138,35.0,27.5,0.5,180.0,H_y26.0_x20.0_40.0_reverse_right,H_y26.0_x20.0_40.0,H_y26.0_x20.0_40.0,right,reverse,reverse_right,1
2139,34.5,27.5,0.5,180.0,H_y26.0_x20.0_40.0_reverse_right,H_y26.0_x20.0_40.0,H_y26.0_x20.0_40.0,right,reverse,reverse_right,1
2140,34.0,27.5,0.5,180.0,H_y26.0_x20.0_40.0_reverse_right,H_y26.0_x20.0_40.0,H_y26.0_x20.0_40.0,right,reverse,reverse_right,1
2141,33.5,27.5,0.5,180.0,H_y26.0_x20.0_40.0_reverse_right,H_y26.0_x20.0_40.0,H_y26.0_x20.0_40.0,right,reverse,reverse_right,1
2142,33.0,27.5,0.5,180.0,H_y26.0_x20.0_40.0_reverse_right,H_y26.0_x20.0_40.0,H_y26.0_x20.0_40.0,right,reverse,reverse_right,1
2143,32.5,27.5,0.5,180.0,H_y26.0_x20.0_40.0_reverse_right,H_y26.0_x20.0_40.0,H_y26.0_x20.0_40.0,right,reverse,reverse_right,1
2144,32.0,27.5,0.5,180.0,H_y26.0_x20.0_40.0_reverse_right,H_y26.0_x20.0_40.0,H_y26.0_x20.0_40.0,right,reverse,reverse_right,1
2145,31.5,27.5,0.5,180.0,H_y26.0_x20.0_40.0_reverse_right,H_y26.0_x20.0_40.0,H_y26.0_x20.0_40.0,right,reverse,reverse_right,1
2146,31.0,27.5,0.5,180.0,H_y26.0_x20.0_40.0_reverse_right,H_y26.0_x20.0_40.0,H_y26.0_x20.0_40.0,right,reverse,reverse_right,1
2147,30.5,27.5,0.5,180.0,H_y26.0_x20.0_40.0_reverse_right,H_y26.0_x20.0_40.0,H_y26.0_x20.0_40.0,right,reverse,reverse_right,1
2148,30.0,27.5,0.5,180.0,H_y26.0_x20.0_40.0_reverse_right,H_y26.0_x20.0_40.0,H_y26.0_x20.0_40.0,right,reverse,reverse_right,1
2149,29.5,27.5,0.5,180.0,H_y26.0_x20.0_40.0_reverse_right,H_y26.0_x20.0_40.0,H_y26.0_x20.0_40.0,right,reverse,reverse_right,1
2150,29.0,27.5,0.5,180.0,H_y26.0_x20.0_40.0_reverse_right,H_y26.0_x20.0_40.0,H_y26.0_x20.0_40.0,right,reverse,reverse_right,1
2151,28.5,27.5,0.5,180.0,H_y26.0_x20.0_40.0_reverse_right,H_y26.0_x20.0_40.0,H_y26.0_x20.0_40.0,right,reverse,reverse_right,1
2152,28.0,27.5,0.5,180.0,H_y26.0_x20.0_40.0_reverse_right,H_y26.0_x20.0_40.0,H_y26.0_x20.0_40.0,right,reverse,reverse_right,1
2153,27.5,27.5,0.5,180.0,H_y26.0_x20.0_40.0_reverse_right,H_y26.0_x20.0_40.0,H_y26.0_x20.0_40.0,right,reverse,reverse_right,1
2154,27.0,27.5,0.5,180.0,H_y26.0_x20.0_40.0_reverse_right,H_y26.0_x20.0_40.0,H_y26.0_x20.0_40.0,right,reverse,reverse_right,1
2155,26.5,27.5,0.5,180.0,H_y26.0_x20.0_40.0_reverse_right,H_y26.0_x20.0_40.0,H_y26.0_x20.0_40.0,right,reverse,reverse_right,1
2156,26.0,27.5,0.5,180.0,H_y26.0_x20.0_40.0_reverse_right,H_y26.0_x20.0_40.0,H_y26.0_x20.0_40.0,right,reverse,reverse_right,1
2157,25.5,27.5,0.5,180.0,H_y26.0_x20.0_40.0_reverse_right,H_y26.0_x20.0_40.0,H_y26.0_x20.0_40.0,right,reverse,reverse_right,1
2158,25.0,27.5,0.5,180.0,H_y26.0_x20.0_40.0_reverse_right,H_y26.0_x20.0_40.0,H_y26.0_x20.0_40.0,right,reverse,reverse_right,1
2159,24.5,27.5,0.5,180.0,H_y26.0_x20.0_40.0_reverse_right,H_y26.0_x20.0_40.0,H_y26.0_x20.0_40.0,right,reverse,reverse_right,1
2160,24.0,27.5,0.5,180.0,H_y26.0_x20.0_40.0_reverse_right,H_y26.0_x20.0_40.0,H_y26.0_x20.0_40.0,right,reverse,reverse_right,1
2161,23.5,27.5,0.5,180.0,H_y26.0_x20.0_40.0_reverse_right,H_y26.0_x20.0_40.0,H_y26.0_x20.0_40.0,right,reverse,reverse_right,1
2162,23.0,27.5,0.5,180.0,H_y26.0_x20.0_40.0_reverse_right,H_y26.0_x20.0_40.0,H_y26.0_x20.0_40.0,right,reverse,reverse_right,1
2163,22.5,27.5,0.5,180.0,H_y26.0_x20.0_40.0_reverse_right,H_y26.0_x20.0_40.0,H_y26.0_x20.0_40.0,right,reverse,reverse_right,1
2164,22.0,27.5,0.5,180.0,H_y26.0_x20.0_40.0_reverse_right,H_y26.0_x20.0_40.0,H_y26.0_x20.0_40.0,right,reverse,reverse_right,1
2165,21.5,27.5,0.5,180.0,H_y26.0_x20.0_40.0_reverse_right,H_y26.0_x20.0_40.0,H_y26.0_x20.0_40.0,right,reverse,reverse_right,1
2166,21.0,27.5,0.5,180.0,H_y26.0_x20.0_40.0_reverse_right,H_y26.0_x20.0_40.0,H_y26.0_x20.0_40.0,right,reverse,reverse_right,1
2167,20.5,27.5,0.5,180.0,H_y26.0_x20.0_40.0_reverse_right,H_y26.0_x20.0_40.0,H_y26.0_x20.0_40.0,right,reverse,reverse_right,1
2168,20.0,27.5,0.5,180.0,H_y26.0_x20.0_40.0_reverse_right,H_y26.0_x20.0_40.0,H_y26.0_x20.0_40.0,right,reverse,reverse_right,0
2169,20.25,-3.0,0.5,90.0,V_x20.0_y-3.0_26.0_forward_right,V_x20.0_y-3.0_26.0,V_x20.0_y-3.0_26.0,right,forward,forward_right,1
2170,20.25,-2.5,0.5,90.0,V_x20.0_y-3.0_26.0_forward_right,V_x20.0_y-3.0_26.0,V_x20.0_y-3.0_26.0,right,forward,forward_right,1
2171,20.25,-2.0,0.5,90.0,V_x20.0_y-3.0_26.0_forward_right,V_x20.0_y-3.0_26.0,V_x20.0_y-3.0_26.0,right,forward,forward_right,1
2172,20.25,-1.5,0.5,90.0,V_x20.0_y-3.0_26.0_forward_right,V_x20.0_y-3.0_26.0,V_x20.0_y-3.0_26.0,right,forward,forward_right,1
2173,20.25,-1.0,0.5,90.0,V_x20.0_y-3.0_26.0_forward_right,V_x20.0_y-3.0_26.0,V_x20.0_y-3.0_26.0,right,forward,forward_right,1
2174,20.25,-0.5,0.5,90.0,V_x20.0_y-3.0_26.0_forward_right,V_x20.0_y-3.0_26.0,V_x20.0_y-3.0_26.0,right,forward,forward_right,1
2175,20.25,-0.0,0.5,90.0,V_x20.0_y-3.0_26.0_forward_right,V_x20.0_y-3.0_26.0,V_x20.0_y-3.0_26.0,right,forward,forward_right,1
2176,20.25,0.5,0.5,90.0,V_x20.0_y-3.0_26.0_forward_right,V_x20.0_y-3.0_26.0,V_x20.0_y-3.0_26.0,right,forward,forward_right,1
2177,20.25,1.0,0.5,90.0,V_x20.0_y-3.0_26.0_forward_right,V_x20.0_y-3.0_26.0,V_x20.0_y-3.0_26.0,right,forward,forward_right,1
2178,20.25,1.5,0.5,90.0,V_x20.0_y-3.0_26.0_forward_right,V_x20.0_y-3.0_26.0,V_x20.0_y-3.0_26.0,right,forward,forward_right,1
2179,20.25,2.0,0.5,90.0,V_x20.0_y-3.0_26.0_forward_right,V_x20.0_y-3.0_26.0,V_x20.0_y-3.0_26.0,right,forward,forward_right,1
2180,20.25,2.5,0.5,90.0,V_x20.0_y-3.0_26.0_forward_right,V_x20.0_y-3.0_26.0,V_x20.0_y-3.0_26.0,right,forward,forward_right,1
2181,20.25,3.0,0.5,90.0,V_x20.0_y-3.0_26.0_forward_right,V_x20.0_y-3.0_26.0,V_x20.0_y-3.0_26.0,right,forward,forward_right,1
2182,20.25,3.5,0.5,90.0,V_x20.0_y-3.0_26.0_forward_right,V_x20.0_y-3.0_26.0,V_x20.0_y-3.0_26.0,right,forward,forward_right,1
2183,20.25,4.0,0.5,90.0,V_x20.0_y-3.0_26.0_forward_right,V_x20.0_y-3.0_26.0,V_x20.0_y-3.0_26.0,right,forward,forward_right,1
2184,20.25,4.5,0.5,90.0,V_x20.0_y-3.0_26.0_forward_right,V_x20.0_y-3.0_26.0,V_x20.0_y-3.0_26.0,right,forward,forward_right,1
2185,20.25,5.0,0.5,90.0,V_x20.0_y-3.0_26.0_forward_right,V_x20.0_y-3.0_26.0,V_x20.0_y-3.0_26.0,right,forward,forward_right,1
2186,20.25,5.5,0.5,90.0,V_x20.0_y-3.0_26.0_forward_right,V_x20.0_y-3.0_26.0,V_x20.0_y-3.0_26.0,right,forward,forward_right,1
2187,20.25,6.0,0.5,90.0,V_x20.0_y-3.0_26.0_forward_right,V_x20.0_y-3.0_26.0,V_x20.0_y-3.0_26.0,right,forward,forward_right,1
2188,20.25,6.5,0.5,90.0,V_x20.0_y-3.0_26.0_forward_right,V_x20.0_y-3.0_26.0,V_x20.0_y-3.0_26.0,right,forward,forward_right,1
2189,20.25,7.0,0.5,90.0,V_x20.0_y-3.0_26.0_forward_right,V_x20.0_y-3.0_26.0,V_x20.0_y-3.0_26.0,right,forward,forward_right,1
2190,20.25,7.5,0.5,90.0,V_x20.0_y-3.0_26.0_forward_right,V_x20.0_y-3.0_26.0,V_x20.0_y-3.0_26.0,right,forward,forward_right,1
2191,20.25,8.0,0.5,90.0,V_x20.0_y-3.0_26.0_forward_right,V_x20.0_y-3.0_26.0,V_x20.0_y-3.0_26.0,right,forward,forward_right,1
2192,20.25,8.5,0.5,90.0,V_x20.0_y-3.0_26.0_forward_right,V_x20.0_y-3.0_26.0,V_x20.0_y-3.0_26.0,right,forward,forward_right,1
2193,20.25,9.0,0.5,90.0,V_x20.0_y-3.0_26.0_forward_right,V_x20.0_y-3.0_26.0,V_x20.0_y-3.0_26.0,right,forward,forward_right,1
2194,20.25,9.5,0.5,90.0,V_x20.0_y-3.0_26.0_forward_right,V_x20.0_y-3.0_26.0,V_x20.0_y-3.0_26.0,right,forward,forward_right,1
2195,20.25,10.0,0.5,90.0,V_x20.0_y-3.0_26.0_forward_right,V_x20.0_y-3.0_26.0,V_x20.0_y-3.0_26.0,right,forward,forward_right,1
2196,20.25,10.5,0.5,90.0,V_x20.0_y-3.0_26.0_forward_right,V_x20.0_y-3.0_26.0,V_x20.0_y-3.0_26.0,right,forward,forward_right,1
2197,20.25,11.0,0.5,90.0,V_x20.0_y-3.0_26.0_forward_right,V_x20.0_y-3.0_26.0,V_x20.0_y-3.0_26.0,right,forward,forward_right,1
2198,20.25,11.5,0.5,90.0,V_x20.0_y-3.0_26.0_forward_right,V_x20.0_y-3.0_26.0,V_x20.0_y-3.0_26.0,right,forward,forward_right,1
2199,20.25,12.0,0.5,90.0,V_x20.0_y-3.0_26.0_forward_right,V_x20.0_y-3.0_26.0,V_x20.0_y-3.0_26.0,right,forward,forward_right,1
2200,20.25,12.5,0.5,90.0,V_x20.0_y-3.0_26.0_forward_right,V_x20.0_y-3.0_26.0,V_x20.0_y-3.0_26.0,right,forward,forward_right,1
2201,20.25,13.0,0.5,90.0,V_x20.0_y-3.0_26.0_forward_right,V_x20.0_y-3.0_26.0,V_x20.0_y-3.0_26.0,right,forward,forward_right,1
2202,20.25,13.5,0.5,90.0,V_x20.0_y-3.0_26.0_forward_right,V_x20.0_y-3.0_26.0,V_x20.0_y-3.0_26.0,right,forward,forward_right,1
2203,20.25,14.0,0.5,90.0,V_x20.0_y-3.0_26.0_forward_right,V_x20.0_y-3.0_26.0,V_x20.0_y-3.0_26.0,right,forward,forward_right,1
2204,20.25,14.5,0.5,90.0,V_x20.0_y-3.0_26.0_forward_right,V_x20.0_y-3.0_26.0,V_x20.0_y-3.0_26.0,right,forward,forward_right,1
2205,20.25,15.0,0.5,90.0,V_x20.0_y-3.0_26.0_forward_right,V_x20.0_y-3.0_26.0,V_x20.0_y-3.0_26.0,right,forward,forward_right,1
2206,20.25,15.5,0.5,90.0,V_x20.0_y-3.0_26.0_forward_right,V_x20.0_y-3.0_26.0,V_x20.0_y-3.0_26.0,right,forward,forward_right,1
2207,20.25,16.0,0.5,90.0,V_x20.0_y-3.0_26.0_forward_right,V_x20.0_y-3.0_26.0,V_x20.0_y-3.0_26.0,right,forward,forward_right,1
2208,20.25,16.5,0.5,90.0,V_x20.0_y-3.0_26.0_forward_right,V_x20.0_y-3.0_26.0,V_x20.0_y-3.0_26.0,right,forward,forward_right,1
2209,20.25,17.0,0.5,90.0,V_x20.0_y-3.0_26.0_forward_right,V_x20.0_y-3.0_26.0,V_x20.0_y-3.0_26.0,right,forward,forward_right,1
2210,20.25,17.5,0.5,90.0,V_x20.0_y-3.0_26.0_forward_right,V_x20.0_y-3.0_26.0,V_x20.0_y-3.0_26.0,right,forward,forward_right,1
2211,20.25,18.0,0.5,90.0,V_x20.0_y-3.0_26.0_forward_right,V_x20.0_y-3.0_26.0,V_x20.0_y-3.0_26.0,right,forward,forward_right,1
2212,20.25,18.5,0.5,90.0,V_x20.0_y-3.0_26.0_forward_right,V_x20.0_y-3.0_26.0,V_x20.0_y-3.0_26.0,right,forward,forward_right,1
2213,20.25,19.0,0.5,90.0,V_x20.0_y-3.0_26.0_forward_right,V_x20.0_y-3.0_26.0,V_x20.0_y-3.0_26.0,right,forward,forward_right,1
2214,20.25,19.5,0.5,90.0,V_x20.0_y-3.0_26.0_forward_right,V_x20.0_y-3.0_26.0,V_x20.0_y-3.0_26.0,right,forward,forward_right,1
2215,20.25,20.0,0.5,90.0,V_x20.0_y-3.0_26.0_forward_right,V_x20.0_y-3.0_26.0,V_x20.0_y-3.0_26.0,right,forward,forward_right,1
2216,20.25,20.5,0.5,90.0,V_x20.0_y-3.0_26.0_forward_right,V_x20.0_y-3.0_26.0,V_x20.0_y-3.0_26.0,right,forward,forward_right,1
2217,20.25,21.0,0.5,90.0,V_x20.0_y-3.0_26.0_forward_right,V_x20.0_y-3.0_26.0,V_x20.0_y-3.0_26.0,right,forward,forward_right,1
2218,20.25,21.5,0.5,90.0,V_x20.0_y-3.0_26.0_forward_right,V_x20.0_y-3.0_26.0,V_x20.0_y-3.0_26.0,right,forward,forward_right,1
2219,20.25,22.0,0.5,90.0,V_x20.0_y-3.0_26.0_forward_right,V_x20.0_y-3.0_26.0,V_x20.0_y-3.0_26.0,right,forward,forward_right,1
2220,20.25,22.5,0.5,90.0,V_x20.0_y-3.0_26.0_forward_right,V_x20.0_y-3.0_26.0,V_x20.0_y-3.0_26.0,right,forward,forward_right,1
2221,20.25,23.0,0.5,90.0,V_x20.0_y-3.0_26.0_forward_right,V_x20.0_y-3.0_26.0,V_x20.0_y-3.0_26.0,right,forward,forward_right,1
2222,20.25,23.5,0.5,90.0,V_x20.0_y-3.0_26.0_forward_right,V_x20.0_y-3.0_26.0,V_x20.0_y-3.0_26.0,right,forward,forward_right,1
2223,20.25,24.0,0.5,90.0,V_x20.0_y-3.0_26.0_forward_right,V_x20.0_y-3.0_26.0,V_x20.0_y-3.0_26.0,right,forward,forward_right,1
2224,20.25,24.5,0.5,90.0,V_x20.0_y-3.0_26.0_forward_right,V_x20.0_y-3.0_26.0,V_x20.0_y-3.0_26.0,right,forward,forward_right,1
2225,20.25,25.0,0.5,90.0,V_x20.0_y-3.0_26.0_forward_right,V_x20.0_y-3.0_26.0,V_x20.0_y-3.0_26.0,right,forward,forward_right,1
2226,20.25,25.5,0.5,90.0,V_x20.0_y-3.0_26.0_forward_right,V_x20.0_y-3.0_26.0,V_x20.0_y-3.0_26.0,right,forward,forward_right,1
2227,20.25,26.0,0.5,90.0,V_x20.0_y-3.0_26.0_forward_right,V_x20.0_y-3.0_26.0,V_x20.0_y-3.0_26.0,right,forward,forward_right,0
2228,17.25,26.0,0.5,-90.0,V_x20.0_y-3.0_26.0_reverse_right,V_x20.0_y-3.0_26.0,V_x20.0_y-3.0_26.0,right,reverse,reverse_right,1
2229,17.25,25.5,0.5,-90.0,V_x20.0_y-3.0_26.0_reverse_right,V_x20.0_y-3.0_26.0,V_x20.0_y-3.0_26.0,right,reverse,reverse_right,1
2230,17.25,25.0,0.5,-90.0,V_x20.0_y-3.0_26.0_reverse_right,V_x20.0_y-3.0_26.0,V_x20.0_y-3.0_26.0,right,reverse,reverse_right,1
2231,17.25,24.5,0.5,-90.0,V_x20.0_y-3.0_26.0_reverse_right,V_x20.0_y-3.0_26.0,V_x20.0_y-3.0_26.0,right,reverse,reverse_right,1
2232,17.25,24.0,0.5,-90.0,V_x20.0_y-3.0_26.0_reverse_right,V_x20.0_y-3.0_26.0,V_x20.0_y-3.0_26.0,right,reverse,reverse_right,1
2233,17.25,23.5,0.5,-90.0,V_x20.0_y-3.0_26.0_reverse_right,V_x20.0_y-3.0_26.0,V_x20.0_y-3.0_26.0,right,reverse,reverse_right,1
2234,17.25,23.0,0.5,-90.0,V_x20.0_y-3.0_26.0_reverse_right,V_x20.0_y-3.0_26.0,V_x20.0_y-3.0_26.0,right,reverse,reverse_right,1
2235,17.25,22.5,0.5,-90.0,V_x20.0_y-3.0_26.0_reverse_right,V_x20.0_y-3.0_26.0,V_x20.0_y-3.0_26.0,right,reverse,reverse_right,1
2236,17.25,22.0,0.5,-90.0,V_x20.0_y-3.0_26.0_reverse_right,V_x20.0_y-3.0_26.0,V_x20.0_y-3.0_26.0,right,reverse,reverse_right,1
2237,17.25,21.5,0.5,-90.0,V_x20.0_y-3.0_26.0_reverse_right,V_x20.0_y-3.0_26.0,V_x20.0_y-3.0_26.0,right,reverse,reverse_right,1
2238,17.25,21.0,0.5,-90.0,V_x20.0_y-3.0_26.0_reverse_right,V_x20.0_y-3.0_26.0,V_x20.0_y-3.0_26.0,right,reverse,reverse_right,1
2239,17.25,20.5,0.5,-90.0,V_x20.0_y-3.0_26.0_reverse_right,V_x20.0_y-3.0_26.0,V_x20.0_y-3.0_26.0,right,reverse,reverse_right,1
2240,17.25,20.0,0.5,-90.0,V_x20.0_y-3.0_26.0_reverse_right,V_x20.0_y-3.0_26.0,V_x20.0_y-3.0_26.0,right,reverse,reverse_right,1
2241,17.25,19.5,0.5,-90.0,V_x20.0_y-3.0_26.0_reverse_right,V_x20.0_y-3.0_26.0,V_x20.0_y-3.0_26.0,right,reverse,reverse_right,1
2242,17.25,19.0,0.5,-90.0,V_x20.0_y-3.0_26.0_reverse_right,V_x20.0_y-3.0_26.0,V_x20.0_y-3.0_26.0,right,reverse,reverse_right,1
2243,17.25,18.5,0.5,-90.0,V_x20.0_y-3.0_26.0_reverse_right,V_x20.0_y-3.0_26.0,V_x20.0_y-3.0_26.0,right,reverse,reverse_right,1
2244,17.25,18.0,0.5,-90.0,V_x20.0_y-3.0_26.0_reverse_right,V_x20.0_y-3.0_26.0,V_x20.0_y-3.0_26.0,right,reverse,reverse_right,1
2245,17.25,17.5,0.5,-90.0,V_x20.0_y-3.0_26.0_reverse_right,V_x20.0_y-3.0_26.0,V_x20.0_y-3.0_26.0,right,reverse,reverse_right,1
2246,17.25,17.0,0.5,-90.0,V_x20.0_y-3.0_26.0_reverse_right,V_x20.0_y-3.0_26.0,V_x20.0_y-3.0_26.0,right,reverse,reverse_right,1
2247,17.25,16.5,0.5,-90.0,V_x20.0_y-3.0_26.0_reverse_right,V_x20.0_y-3.0_26.0,V_x20.0_y-3.0_26.0,right,reverse,reverse_right,1
2248,17.25,16.0,0.5,-90.0,V_x20.0_y-3.0_26.0_reverse_right,V_x20.0_y-3.0_26.0,V_x20.0_y-3.0_26.0,right,reverse,reverse_right,1
2249,17.25,15.5,0.5,-90.0,V_x20.0_y-3.0_26.0_reverse_right,V_x20.0_y-3.0_26.0,V_x20.0_y-3.0_26.0,right,reverse,reverse_right,1
2250,17.25,15.0,0.5,-90.0,V_x20.0_y-3.0_26.0_reverse_right,V_x20.0_y-3.0_26.0,V_x20.0_y-3.0_26.0,right,reverse,reverse_right,1
2251,17.25,14.5,0.5,-90.0,V_x20.0_y-3.0_26.0_reverse_right,V_x20.0_y-3.0_26.0,V_x20.0_y-3.0_26.0,right,reverse,reverse_right,1
2252,17.25,14.0,0.5,-90.0,V_x20.0_y-3.0_26.0_reverse_right,V_x20.0_y-3.0_26.0,V_x20.0_y-3.0_26.0,right,reverse,reverse_right,1
2253,17.25,13.5,0.5,-90.0,V_x20.0_y-3.0_26.0_reverse_right,V_x20.0_y-3.0_26.0,V_x20.0_y-3.0_26.0,right,reverse,reverse_right,1
2254,17.25,13.0,0.5,-90.0,V_x20.0_y-3.0_26.0_reverse_right,V_x20.0_y-3.0_26.0,V_x20.0_y-3.0_26.0,right,reverse,reverse_right,1
2255,17.25,12.5,0.5,-90.0,V_x20.0_y-3.0_26.0_reverse_right,V_x20.0_y-3.0_26.0,V_x20.0_y-3.0_26.0,right,reverse,reverse_right,1
2256,17.25,12.0,0.5,-90.0,V_x20.0_y-3.0_26.0_reverse_right,V_x20.0_y-3.0_26.0,V_x20.0_y-3.0_26.0,right,reverse,reverse_right,1
2257,17.25,11.5,0.5,-90.0,V_x20.0_y-3.0_26.0_reverse_right,V_x20.0_y-3.0_26.0,V_x20.0_y-3.0_26.0,right,reverse,reverse_right,1
2258,17.25,11.0,0.5,-90.0,V_x20.0_y-3.0_26.0_reverse_right,V_x20.0_y-3.0_26.0,V_x20.0_y-3.0_26.0,right,reverse,reverse_right,1
2259,17.25,10.5,0.5,-90.0,V_x20.0_y-3.0_26.0_reverse_right,V_x20.0_y-3.0_26.0,V_x20.0_y-3.0_26.0,right,reverse,reverse_right,1
2260,17.25,10.0,0.5,-90.0,V_x20.0_y-3.0_26.0_reverse_right,V_x20.0_y-3.0_26.0,V_x20.0_y-3.0_26.0,right,reverse,reverse_right,1
2261,17.25,9.5,0.5,-90.0,V_x20.0_y-3.0_26.0_reverse_right,V_x20.0_y-3.0_26.0,V_x20.0_y-3.0_26.0,right,reverse,reverse_right,1
2262,17.25,9.0,0.5,-90.0,V_x20.0_y-3.0_26.0_reverse_right,V_x20.0_y-3.0_26.0,V_x20.0_y-3.0_26.0,right,reverse,reverse_right,1
2263,17.25,8.5,0.5,-90.0,V_x20.0_y-3.0_26.0_reverse_right,V_x20.0_y-3.0_26.0,V_x20.0_y-3.0_26.0,right,reverse,reverse_right,1
2264,17.25,8.0,0.5,-90.0,V_x20.0_y-3.0_26.0_reverse_right,V_x20.0_y-3.0_26.0,V_x20.0_y-3.0_26.0,right,reverse,reverse_right,1
2265,17.25,7.5,0.5,-90.0,V_x20.0_y-3.0_26.0_reverse_right,V_x20.0_y-3.0_26.0,V_x20.0_y-3.0_26.0,right,reverse,reverse_right,1
2266,17.25,7.0,0.5,-90.0,V_x20.0_y-3.0_26.0_reverse_right,V_x20.0_y-3.0_26.0,V_x20.0_y-3.0_26.0,right,reverse,reverse_right,1
2267,17.25,6.5,0.5,-90.0,V_x20.0_y-3.0_26.0_reverse_right,V_x20.0_y-3.0_26.0,V_x20.0_y-3.0_26.0,right,reverse,reverse_right,1
2268,17.25,6.0,0.5,-90.0,V_x20.0_y-3.0_26.0_reverse_right,V_x20.0_y-3.0_26.0,V_x20.0_y-3.0_26.0,right,reverse,reverse_right,1
2269,17.25,5.5,0.5,-90.0,V_x20.0_y-3.0_26.0_reverse_right,V_x20.0_y-3.0_26.0,V_x20.0_y-3.0_26.0,right,reverse,reverse_right,1
2270,17.25,5.0,0.5,-90.0,V_x20.0_y-3.0_26.0_reverse_right,V_x20.0_y-3.0_26.0,V_x20.0_y-3.0_26.0,right,reverse,reverse_right,1
2271,17.25,4.5,0.5,-90.0,V_x20.0_y-3.0_26.0_reverse_right,V_x20.0_y-3.0_26.0,V_x20.0_y-3.0_26.0,right,reverse,reverse_right,1
2272,17.25,4.0,0.5,-90.0,V_x20.0_y-3.0_26.0_reverse_right,V_x20.0_y-3.0_26.0,V_x20.0_y-3.0_26.0,right,reverse,reverse_right,1
2273,17.25,3.5,0.5,-90.0,V_x20.0_y-3.0_26.0_reverse_right,V_x20.0_y-3.0_26.0,V_x20.0_y-3.0_26.0,right,reverse,reverse_right,1
2274,17.25,3.0,0.5,-90.0,V_x20.0_y-3.0_26.0_reverse_right,V_x20.0_y-3.0_26.0,V_x20.0_y-3.0_26.0,right,reverse,reverse_right,1
2275,17.25,2.5,0.5,-90.0,V_x20.0_y-3.0_26.0_reverse_right,V_x20.0_y-3.0_26.0,V_x20.0_y-3.0_26.0,right,reverse,reverse_right,1
2276,17.25,2.0,0.5,-90.0,V_x20.0_y-3.0_26.0_reverse_right,V_x20.0_y-3.0_26.0,V_x20.0_y-3.0_26.0,right,reverse,reverse_right,1
2277,17.25,1.5,0.5,-90.0,V_x20.0_y-3.0_26.0_reverse_right,V_x20.0_y-3.0_26.0,V_x20.0_y-3.0_26.0,right,reverse,reverse_right,1
2278,17.25,1.0,0.5,-90.0,V_x20.0_y-3.0_26.0_reverse_right,V_x20.0_y-3.0_26.0,V_x20.0_y-3.0_26.0,right,reverse,reverse_right,1
2279,17.25,0.5,0.5,-90.0,V_x20.0_y-3.0_26.0_reverse_right,V_x20.0_y-3.0_26.0,V_x20.0_y-3.0_26.0,right,reverse,reverse_right,1
2280,17.25,0.0,0.5,-90.0,V_x20.0_y-3.0_26.0_reverse_right,V_x20.0_y-3.0_26.0,V_x20.0_y-3.0_26.0,right,reverse,reverse_right,1
2281,17.25,-0.5,0.5,-90.0,V_x20.0_y-3.0_26.0_reverse_right,V_x20.0_y-3.0_26.0,V_x20.0_y-3.0_26.0,right,reverse,reverse_right,1
2282,17.25,-1.0,0.5,-90.0,V_x20.0_y-3.0_26.0_reverse_right,V_x20.0_y-3.0_26.0,V_x20.0_y-3.0_26.0,right,reverse,reverse_right,1
2283,17.25,-1.5,0.5,-90.0,V_x20.0_y-3.0_26.0_reverse_right,V_x20.0_y-3.0_26.0,V_x20.0_y-3.0_26.0,right,reverse,reverse_right,1
2284,17.25,-2.0,0.5,-90.0,V_x20.0_y-3.0_26.0_reverse_right,V_x20.0_y-3.0_26.0,V_x20.0_y-3.0_26.0,right,reverse,reverse_right,1
2285,17.25,-2.5,0.5,-90.0,V_x20.0_y-3.0_26.0_reverse_right,V_x20.0_y-3.0_26.0,V_x20.0_y-3.0_26.0,right,reverse,reverse_right,1
2286,17.25,-3.0,0.5,-90.0,V_x20.0_y-3.0_26.0_reverse_right,V_x20.0_y-3.0_26.0,V_x20.0_y-3.0_26.0,right,reverse,reverse_right,0
2369,20.25,-34.0,0.5,90.0,V_x20.0_y-34.0_-3.0_forward_right,V_x20.0_y-34.0_-3.0,V_x20.0_y-34.0_-3.0,right,forward,forward_right,1
2370,20.25,-33.5,0.5,90.0,V_x20.0_y-34.0_-3.0_forward_right,V_x20.0_y-34.0_-3.0,V_x20.0_y-34.0_-3.0,right,forward,forward_right,1
2371,20.25,-33.0,0.5,90.0,V_x20.0_y-34.0_-3.0_forward_right,V_x20.0_y-34.0_-3.0,V_x20.0_y-34.0_-3.0,right,forward,forward_right,1
2372,20.25,-32.5,0.5,90.0,V_x20.0_y-34.0_-3.0_forward_right,V_x20.0_y-34.0_-3.0,V_x20.0_y-34.0_-3.0,right,forward,forward_right,1
2373,20.25,-32.0,0.5,90.0,V_x20.0_y-34.0_-3.0_forward_right,V_x20.0_y-34.0_-3.0,V_x20.0_y-34.0_-3.0,right,forward,forward_right,1
2374,20.25,-31.5,0.5,90.0,V_x20.0_y-34.0_-3.0_forward_right,V_x20.0_y-34.0_-3.0,V_x20.0_y-34.0_-3.0,right,forward,forward_right,1
2375,20.25,-31.0,0.5,90.0,V_x20.0_y-34.0_-3.0_forward_right,V_x20.0_y-34.0_-3.0,V_x20.0_y-34.0_-3.0,right,forward,forward_right,1
2376,20.25,-30.5,0.5,90.0,V_x20.0_y-34.0_-3.0_forward_right,V_x20.0_y-34.0_-3.0,V_x20.0_y-34.0_-3.0,right,forward,forward_right,1
2377,20.25,-30.0,0.5,90.0,V_x20.0_y-34.0_-3.0_forward_right,V_x20.0_y-34.0_-3.0,V_x20.0_y-34.0_-3.0,right,forward,forward_right,1
2378,20.25,-29.5,0.5,90.0,V_x20.0_y-34.0_-3.0_forward_right,V_x20.0_y-34.0_-3.0,V_x20.0_y-34.0_-3.0,right,forward,forward_right,1
2379,20.25,-29.0,0.5,90.0,V_x20.0_y-34.0_-3.0_forward_right,V_x20.0_y-34.0_-3.0,V_x20.0_y-34.0_-3.0,right,forward,forward_right,1
2380,20.25,-28.5,0.5,90.0,V_x20.0_y-34.0_-3.0_forward_right,V_x20.0_y-34.0_-3.0,V_x20.0_y-34.0_-3.0,right,forward,forward_right,1
2381,20.25,-28.0,0.5,90.0,V_x20.0_y-34.0_-3.0_forward_right,V_x20.0_y-34.0_-3.0,V_x20.0_y-34.0_-3.0,right,forward,forward_right,1
2382,20.25,-27.5,0.5,90.0,V_x20.0_y-34.0_-3.0_forward_right,V_x20.0_y-34.0_-3.0,V_x20.0_y-34.0_-3.0,right,forward,forward_right,1
2383,20.25,-27.0,0.5,90.0,V_x20.0_y-34.0_-3.0_forward_right,V_x20.0_y-34.0_-3.0,V_x20.0_y-34.0_-3.0,right,forward,forward_right,1
2384,20.25,-26.5,0.5,90.0,V_x20.0_y-34.0_-3.0_forward_right,V_x20.0_y-34.0_-3.0,V_x20.0_y-34.0_-3.0,right,forward,forward_right,1
2385,20.25,-26.0,0.5,90.0,V_x20.0_y-34.0_-3.0_forward_right,V_x20.0_y-34.0_-3.0,V_x20.0_y-34.0_-3.0,right,forward,forward_right,1
2386,20.25,-25.5,0.5,90.0,V_x20.0_y-34.0_-3.0_forward_right,V_x20.0_y-34.0_-3.0,V_x20.0_y-34.0_-3.0,right,forward,forward_right,1
2387,20.25,-25.0,0.5,90.0,V_x20.0_y-34.0_-3.0_forward_right,V_x20.0_y-34.0_-3.0,V_x20.0_y-34.0_-3.0,right,forward,forward_right,1
2388,20.25,-24.5,0.5,90.0,V_x20.0_y-34.0_-3.0_forward_right,V_x20.0_y-34.0_-3.0,V_x20.0_y-34.0_-3.0,right,forward,forward_right,1
2389,20.25,-24.0,0.5,90.0,V_x20.0_y-34.0_-3.0_forward_right,V_x20.0_y-34.0_-3.0,V_x20.0_y-34.0_-3.0,right,forward,forward_right,1
2390,20.25,-23.5,0.5,90.0,V_x20.0_y-34.0_-3.0_forward_right,V_x20.0_y-34.0_-3.0,V_x20.0_y-34.0_-3.0,right,forward,forward_right,1
2391,20.25,-23.0,0.5,90.0,V_x20.0_y-34.0_-3.0_forward_right,V_x20.0_y-34.0_-3.0,V_x20.0_y-34.0_-3.0,right,forward,forward_right,1
2392,20.25,-22.5,0.5,90.0,V_x20.0_y-34.0_-3.0_forward_right,V_x20.0_y-34.0_-3.0,V_x20.0_y-34.0_-3.0,right,forward,forward_right,1
2393,20.25,-22.0,0.5,90.0,V_x20.0_y-34.0_-3.0_forward_right,V_x20.0_y-34.0_-3.0,V_x20.0_y-34.0_-3.0,right,forward,forward_right,1
2394,20.25,-21.5,0.5,90.0,V_x20.0_y-34.0_-3.0_forward_right,V_x20.0_y-34.0_-3.0,V_x20.0_y-34.0_-3.0,right,forward,forward_right,1
2395,20.25,-21.0,0.5,90.0,V_x20.0_y-34.0_-3.0_forward_right,V_x20.0_y-34.0_-3.0,V_x20.0_y-34.0_-3.0,right,forward,forward_right,1
2396,20.25,-20.5,0.5,90.0,V_x20.0_y-34.0_-3.0_forward_right,V_x20.0_y-34.0_-3.0,V_x20.0_y-34.0_-3.0,right,forward,forward_right,1
2397,20.25,-20.0,0.5,90.0,V_x20.0_y-34.0_-3.0_forward_right,V_x20.0_y-34.0_-3.0,V_x20.0_y-34.0_-3.0,right,forward,forward_right,1
2398,20.25,-19.5,0.5,90.0,V_x20.0_y-34.0_-3.0_forward_right,V_x20.0_y-34.0_-3.0,V_x20.0_y-34.0_-3.0,right,forward,forward_right,1
2399,20.25,-19.0,0.5,90.0,V_x20.0_y-34.0_-3.0_forward_right,V_x20.0_y-34.0_-3.0,V_x20.0_y-34.0_-3.0,right,forward,forward_right,1
2400,20.25,-18.5,0.5,90.0,V_x20.0_y-34.0_-3.0_forward_right,V_x20.0_y-34.0_-3.0,V_x20.0_y-34.0_-3.0,right,forward,forward_right,1
2401,20.25,-18.0,0.5,90.0,V_x20.0_y-34.0_-3.0_forward_right,V_x20.0_y-34.0_-3.0,V_x20.0_y-34.0_-3.0,right,forward,forward_right,1
2402,20.25,-17.5,0.5,90.0,V_x20.0_y-34.0_-3.0_forward_right,V_x20.0_y-34.0_-3.0,V_x20.0_y-34.0_-3.0,right,forward,forward_right,1
2403,20.25,-17.0,0.5,90.0,V_x20.0_y-34.0_-3.0_forward_right,V_x20.0_y-34.0_-3.0,V_x20.0_y-34.0_-3.0,right,forward,forward_right,1
2404,20.25,-16.5,0.5,90.0,V_x20.0_y-34.0_-3.0_forward_right,V_x20.0_y-34.0_-3.0,V_x20.0_y-34.0_-3.0,right,forward,forward_right,1
2405,20.25,-16.0,0.5,90.0,V_x20.0_y-34.0_-3.0_forward_right,V_x20.0_y-34.0_-3.0,V_x20.0_y-34.0_-3.0,right,forward,forward_right,1
2406,20.25,-15.5,0.5,90.0,V_x20.0_y-34.0_-3.0_forward_right,V_x20.0_y-34.0_-3.0,V_x20.0_y-34.0_-3.0,right,forward,forward_right,1
2407,20.25,-15.0,0.5,90.0,V_x20.0_y-34.0_-3.0_forward_right,V_x20.0_y-34.0_-3.0,V_x20.0_y-34.0_-3.0,right,forward,forward_right,1
2408,20.25,-14.5,0.5,90.0,V_x20.0_y-34.0_-3.0_forward_right,V_x20.0_y-34.0_-3.0,V_x20.0_y-34.0_-3.0,right,forward,forward_right,1
2409,20.25,-14.0,0.5,90.0,V_x20.0_y-34.0_-3.0_forward_right,V_x20.0_y-34.0_-3.0,V_x20.0_y-34.0_-3.0,right,forward,forward_right,1
2410,20.25,-13.5,0.5,90.0,V_x20.0_y-34.0_-3.0_forward_right,V_x20.0_y-34.0_-3.0,V_x20.0_y-34.0_-3.0,right,forward,forward_right,1
2411,20.25,-13.0,0.5,90.0,V_x20.0_y-34.0_-3.0_forward_right,V_x20.0_y-34.0_-3.0,V_x20.0_y-34.0_-3.0,right,forward,forward_right,1
2412,20.25,-12.5,0.5,90.0,V_x20.0_y-34.0_-3.0_forward_right,V_x20.0_y-34.0_-3.0,V_x20.0_y-34.0_-3.0,right,forward,forward_right,1
2413,20.25,-12.0,0.5,90.0,V_x20.0_y-34.0_-3.0_forward_right,V_x20.0_y-34.0_-3.0,V_x20.0_y-34.0_-3.0,right,forward,forward_right,1
2414,20.25,-11.5,0.5,90.0,V_x20.0_y-34.0_-3.0_forward_right,V_x20.0_y-34.0_-3.0,V_x20.0_y-34.0_-3.0,right,forward,forward_right,1
2415,20.25,-11.0,0.5,90.0,V_x20.0_y-34.0_-3.0_forward_right,V_x20.0_y-34.0_-3.0,V_x20.0_y-34.0_-3.0,right,forward,forward_right,1
2416,20.25,-10.5,0.5,90.0,V_x20.0_y-34.0_-3.0_forward_right,V_x20.0_y-34.0_-3.0,V_x20.0_y-34.0_-3.0,right,forward,forward_right,1
2417,20.25,-10.0,0.5,90.0,V_x20.0_y-34.0_-3.0_forward_right,V_x20.0_y-34.0_-3.0,V_x20.0_y-34.0_-3.0,right,forward,forward_right,1
2418,20.25,-9.5,0.5,90.0,V_x20.0_y-34.0_-3.0_forward_right,V_x20.0_y-34.0_-3.0,V_x20.0_y-34.0_-3.0,right,forward,forward_right,1
2419,20.25,-9.0,0.5,90.0,V_x20.0_y-34.0_-3.0_forward_right,V_x20.0_y-34.0_-3.0,V_x20.0_y-34.0_-3.0,right,forward,forward_right,1
2420,20.25,-8.5,0.5,90.0,V_x20.0_y-34.0_-3.0_forward_right,V_x20.0_y-34.0_-3.0,V_x20.0_y-34.0_-3.0,right,forward,forward_right,1
2421,20.25,-8.0,0.5,90.0,V_x20.0_y-34.0_-3.0_forward_right,V_x20.0_y-34.0_-3.0,V_x20.0_y-34.0_-3.0,right,forward,forward_right,1
2422,20.25,-7.5,0.5,90.0,V_x20.0_y-34.0_-3.0_forward_right,V_x20.0_y-34.0_-3.0,V_x20.0_y-34.0_-3.0,right,forward,forward_right,1
2423,20.25,-7.0,0.5,90.0,V_x20.0_y-34.0_-3.0_forward_right,V_x20.0_y-34.0_-3.0,V_x20.0_y-34.0_-3.0,right,forward,forward_right,1
2424,20.25,-6.5,0.5,90.0,V_x20.0_y-34.0_-3.0_forward_right,V_x20.0_y-34.0_-3.0,V_x20.0_y-34.0_-3.0,right,forward,forward_right,1
2425,20.25,-6.0,0.5,90.0,V_x20.0_y-34.0_-3.0_forward_right,V_x20.0_y-34.0_-3.0,V_x20.0_y-34.0_-3.0,right,forward,forward_right,1
2426,20.25,-5.5,0.5,90.0,V_x20.0_y-34.0_-3.0_forward_right,V_x20.0_y-34.0_-3.0,V_x20.0_y-34.0_-3.0,right,forward,forward_right,1
2427,20.25,-5.0,0.5,90.0,V_x20.0_y-34.0_-3.0_forward_right,V_x20.0_y-34.0_-3.0,V_x20.0_y-34.0_-3.0,right,forward,forward_right,1
2428,20.25,-4.5,0.5,90.0,V_x20.0_y-34.0_-3.0_forward_right,V_x20.0_y-34.0_-3.0,V_x20.0_y-34.0_-3.0,right,forward,forward_right,1
2429,20.25,-4.0,0.5,90.0,V_x20.0_y-34.0_-3.0_forward_right,V_x20.0_y-34.0_-3.0,V_x20.0_y-34.0_-3.0,right,forward,forward_right,1
2430,20.25,-3.5,0.5,90.0,V_x20.0_y-34.0_-3.0_forward_right,V_x20.0_y-34.0_-3.0,V_x20.0_y-34.0_-3.0,right,forward,forward_right,1
2431,20.25,-3.0,0.5,90.0,V_x20.0_y-34.0_-3.0_forward_right,V_x20.0_y-34.0_-3.0,V_x20.0_y-34.0_-3.0,right,forward,forward_right,0
2432,17.25,-3.0,0.5,-90.0,V_x20.0_y-34.0_-3.0_reverse_right,V_x20.0_y-34.0_-3.0,V_x20.0_y-34.0_-3.0,right,reverse,reverse_right,1
2433,17.25,-3.5,0.5,-90.0,V_x20.0_y-34.0_-3.0_reverse_right,V_x20.0_y-34.0_-3.0,V_x20.0_y-34.0_-3.0,right,reverse,reverse_right,1
2434,17.25,-4.0,0.5,-90.0,V_x20.0_y-34.0_-3.0_reverse_right,V_x20.0_y-34.0_-3.0,V_x20.0_y-34.0_-3.0,right,reverse,reverse_right,1
2435,17.25,-4.5,0.5,-90.0,V_x20.0_y-34.0_-3.0_reverse_right,V_x20.0_y-34.0_-3.0,V_x20.0_y-34.0_-3.0,right,reverse,reverse_right,1
2436,17.25,-5.0,0.5,-90.0,V_x20.0_y-34.0_-3.0_reverse_right,V_x20.0_y-34.0_-3.0,V_x20.0_y-34.0_-3.0,right,reverse,reverse_right,1
2437,17.25,-5.5,0.5,-90.0,V_x20.0_y-34.0_-3.0_reverse_right,V_x20.0_y-34.0_-3.0,V_x20.0_y-34.0_-3.0,right,reverse,reverse_right,1
2438,17.25,-6.0,0.5,-90.0,V_x20.0_y-34.0_-3.0_reverse_right,V_x20.0_y-34.0_-3.0,V_x20.0_y-34.0_-3.0,right,reverse,reverse_right,1
2439,17.25,-6.5,0.5,-90.0,V_x20.0_y-34.0_-3.0_reverse_right,V_x20.0_y-34.0_-3.0,V_x20.0_y-34.0_-3.0,right,reverse,reverse_right,1
2440,17.25,-7.0,0.5,-90.0,V_x20.0_y-34.0_-3.0_reverse_right,V_x20.0_y-34.0_-3.0,V_x20.0_y-34.0_-3.0,right,reverse,reverse_right,1
2441,17.25,-7.5,0.5,-90.0,V_x20.0_y-34.0_-3.0_reverse_right,V_x20.0_y-34.0_-3.0,V_x20.0_y-34.0_-3.0,right,reverse,reverse_right,1
2442,17.25,-8.0,0.5,-90.0,V_x20.0_y-34.0_-3.0_reverse_right,V_x20.0_y-34.0_-3.0,V_x20.0_y-34.0_-3.0,right,reverse,reverse_right,1
2443,17.25,-8.5,0.5,-90.0,V_x20.0_y-34.0_-3.0_reverse_right,V_x20.0_y-34.0_-3.0,V_x20.0_y-34.0_-3.0,right,reverse,reverse_right,1
2444,17.25,-9.0,0.5,-90.0,V_x20.0_y-34.0_-3.0_reverse_right,V_x20.0_y-34.0_-3.0,V_x20.0_y-34.0_-3.0,right,reverse,reverse_right,1
2445,17.25,-9.5,0.5,-90.0,V_x20.0_y-34.0_-3.0_reverse_right,V_x20.0_y-34.0_-3.0,V_x20.0_y-34.0_-3.0,right,reverse,reverse_right,1
2446,17.25,-10.0,0.5,-90.0,V_x20.0_y-34.0_-3.0_reverse_right,V_x20.0_y-34.0_-3.0,V_x20.0_y-34.0_-3.0,right,reverse,reverse_right,1
2447,17.25,-10.5,0.5,-90.0,V_x20.0_y-34.0_-3.0_reverse_right,V_x20.0_y-34.0_-3.0,V_x20.0_y-34.0_-3.0,right,reverse,reverse_right,1
2448,17.25,-11.0,0.5,-90.0,V_x20.0_y-34.0_-3.0_reverse_right,V_x20.0_y-34.0_-3.0,V_x20.0_y-34.0_-3.0,right,reverse,reverse_right,1
2449,17.25,-11.5,0.5,-90.0,V_x20.0_y-34.0_-3.0_reverse_right,V_x20.0_y-34.0_-3.0,V_x20.0_y-34.0_-3.0,right,reverse,reverse_right,1
2450,17.25,-12.0,0.5,-90.0,V_x20.0_y-34.0_-3.0_reverse_right,V_x20.0_y-34.0_-3.0,V_x20.0_y-34.0_-3.0,right,reverse,reverse_right,1
2451,17.25,-12.5,0.5,-90.0,V_x20.0_y-34.0_-3.0_reverse_right,V_x20.0_y-34.0_-3.0,V_x20.0_y-34.0_-3.0,right,reverse,reverse_right,1
2452,17.25,-13.0,0.5,-90.0,V_x20.0_y-34.0_-3.0_reverse_right,V_x20.0_y-34.0_-3.0,V_x20.0_y-34.0_-3.0,right,reverse,reverse_right,1
2453,17.25,-13.5,0.5,-90.0,V_x20.0_y-34.0_-3.0_reverse_right,V_x20.0_y-34.0_-3.0,V_x20.0_y-34.0_-3.0,right,reverse,reverse_right,1
2454,17.25,-14.0,0.5,-90.0,V_x20.0_y-34.0_-3.0_reverse_right,V_x20.0_y-34.0_-3.0,V_x20.0_y-34.0_-3.0,right,reverse,reverse_right,1
2455,17.25,-14.5,0.5,-90.0,V_x20.0_y-34.0_-3.0_reverse_right,V_x20.0_y-34.0_-3.0,V_x20.0_y-34.0_-3.0,right,reverse,reverse_right,1
2456,17.25,-15.0,0.5,-90.0,V_x20.0_y-34.0_-3.0_reverse_right,V_x20.0_y-34.0_-3.0,V_x20.0_y-34.0_-3.0,right,reverse,reverse_right,1
2457,17.25,-15.5,0.5,-90.0,V_x20.0_y-34.0_-3.0_reverse_right,V_x20.0_y-34.0_-3.0,V_x20.0_y-34.0_-3.0,right,reverse,reverse_right,1
2458,17.25,-16.0,0.5,-90.0,V_x20.0_y-34.0_-3.0_reverse_right,V_x20.0_y-34.0_-3.0,V_x20.0_y-34.0_-3.0,right,reverse,reverse_right,1
2459,17.25,-16.5,0.5,-90.0,V_x20.0_y-34.0_-3.0_reverse_right,V_x20.0_y-34.0_-3.0,V_x20.0_y-34.0_-3.0,right,reverse,reverse_right,1
2460,17.25,-17.0,0.5,-90.0,V_x20.0_y-34.0_-3.0_reverse_right,V_x20.0_y-34.0_-3.0,V_x20.0_y-34.0_-3.0,right,reverse,reverse_right,1
2461,17.25,-17.5,0.5,-90.0,V_x20.0_y-34.0_-3.0_reverse_right,V_x20.0_y-34.0_-3.0,V_x20.0_y-34.0_-3.0,right,reverse,reverse_right,1
2462,17.25,-18.0,0.5,-90.0,V_x20.0_y-34.0_-3.0_reverse_right,V_x20.0_y-34.0_-3.0,V_x20.0_y-34.0_-3.0,right,reverse,reverse_right,1
2463,17.25,-18.5,0.5,-90.0,V_x20.0_y-34.0_-3.0_reverse_right,V_x20.0_y-34.0_-3.0,V_x20.0_y-34.0_-3.0,right,reverse,reverse_right,1
2464,17.25,-19.0,0.5,-90.0,V_x20.0_y-34.0_-3.0_reverse_right,V_x20.0_y-34.0_-3.0,V_x20.0_y-34.0_-3.0,right,reverse,reverse_right,1
2465,17.25,-19.5,0.5,-90.0,V_x20.0_y-34.0_-3.0_reverse_right,V_x20.0_y-34.0_-3.0,V_x20.0_y-34.0_-3.0,right,reverse,reverse_right,1
2466,17.25,-20.0,0.5,-90.0,V_x20.0_y-34.0_-3.0_reverse_right,V_x20.0_y-34.0_-3.0,V_x20.0_y-34.0_-3.0,right,reverse,reverse_right,1
2467,17.25,-20.5,0.5,-90.0,V_x20.0_y-34.0_-3.0_reverse_right,V_x20.0_y-34.0_-3.0,V_x20.0_y-34.0_-3.0,right,reverse,reverse_right,1
2468,17.25,-21.0,0.5,-90.0,V_x20.0_y-34.0_-3.0_reverse_right,V_x20.0_y-34.0_-3.0,V_x20.0_y-34.0_-3.0,right,reverse,reverse_right,1
2469,17.25,-21.5,0.5,-90.0,V_x20.0_y-34.0_-3.0_reverse_right,V_x20.0_y-34.0_-3.0,V_x20.0_y-34.0_-3.0,right,reverse,reverse_right,1
2470,17.25,-22.0,0.5,-90.0,V_x20.0_y-34.0_-3.0_reverse_right,V_x20.0_y-34.0_-3.0,V_x20.0_y-34.0_-3.0,right,reverse,reverse_right,1
2471,17.25,-22.5,0.5,-90.0,V_x20.0_y-34.0_-3.0_reverse_right,V_x20.0_y-34.0_-3.0,V_x20.0_y-34.0_-3.0,right,reverse,reverse_right,1
2472,17.25,-23.0,0.5,-90.0,V_x20.0_y-34.0_-3.0_reverse_right,V_x20.0_y-34.0_-3.0,V_x20.0_y-34.0_-3.0,right,reverse,reverse_right,1
2473,17.25,-23.5,0.5,-90.0,V_x20.0_y-34.0_-3.0_reverse_right,V_x20.0_y-34.0_-3.0,V_x20.0_y-34.0_-3.0,right,reverse,reverse_right,1
2474,17.25,-24.0,0.5,-90.0,V_x20.0_y-34.0_-3.0_reverse_right,V_x20.0_y-34.0_-3.0,V_x20.0_y-34.0_-3.0,right,reverse,reverse_right,1
2475,17.25,-24.5,0.5,-90.0,V_x20.0_y-34.0_-3.0_reverse_right,V_x20.0_y-34.0_-3.0,V_x20.0_y-34.0_-3.0,right,reverse,reverse_right,1
2476,17.25,-25.0,0.5,-90.0,V_x20.0_y-34.0_-3.0_reverse_right,V_x20.0_y-34.0_-3.0,V_x20.0_y-34.0_-3.0,right,reverse,reverse_right,1
2477,17.25,-25.5,0.5,-90.0,V_x20.0_y-34.0_-3.0_reverse_right,V_x20.0_y-34.0_-3.0,V_x20.0_y-34.0_-3.0,right,reverse,reverse_right,1
2478,17.25,-26.0,0.5,-90.0,V_x20.0_y-34.0_-3.0_reverse_right,V_x20.0_y-34.0_-3.0,V_x20.0_y-34.0_-3.0,right,reverse,reverse_right,1
2479,17.25,-26.5,0.5,-90.0,V_x20.0_y-34.0_-3.0_reverse_right,V_x20.0_y-34.0_-3.0,V_x20.0_y-34.0_-3.0,right,reverse,reverse_right,1
2480,17.25,-27.0,0.5,-90.0,V_x20.0_y-34.0_-3.0_reverse_right,V_x20.0_y-34.0_-3.0,V_x20.0_y-34.0_-3.0,right,reverse,reverse_right,1
2481,17.25,-27.5,0.5,-90.0,V_x20.0_y-34.0_-3.0_reverse_right,V_x20.0_y-34.0_-3.0,V_x20.0_y-34.0_-3.0,right,reverse,reverse_right,1
2482,17.25,-28.0,0.5,-90.0,V_x20.0_y-34.0_-3.0_reverse_right,V_x20.0_y-34.0_-3.0,V_x20.0_y-34.0_-3.0,right,reverse,reverse_right,1
2483,17.25,-28.5,0.5,-90.0,V_x20.0_y-34.0_-3.0_reverse_right,V_x20.0_y-34.0_-3.0,V_x20.0_y-34.0_-3.0,right,reverse,reverse_right,1
2484,17.25,-29.0,0.5,-90.0,V_x20.0_y-34.0_-3.0_reverse_right,V_x20.0_y-34.0_-3.0,V_x20.0_y-34.0_-3.0,right,reverse,reverse_right,1
2485,17.25,-29.5,0.5,-90.0,V_x20.0_y-34.0_-3.0_reverse_right,V_x20.0_y-34.0_-3.0,V_x20.0_y-34.0_-3.0,right,reverse,reverse_right,1
2486,17.25,-30.0,0.5,-90.0,V_x20.0_y-34.0_-3.0_reverse_right,V_x20.0_y-34.0_-3.0,V_x20.0_y-34.0_-3.0,right,reverse,reverse_right,1
2487,17.25,-30.5,0.5,-90.0,V_x20.0_y-34.0_-3.0_reverse_right,V_x20.0_y-34.0_-3.0,V_x20.0_y-34.0_-3.0,right,reverse,reverse_right,1
2488,17.25,-31.0,0.5,-90.0,V_x20.0_y-34.0_-3.0_reverse_right,V_x20.0_y-34.0_-3.0,V_x20.0_y-34.0_-3.0,right,reverse,reverse_right,1
2489,17.25,-31.5,0.5,-90.0,V_x20.0_y-34.0_-3.0_reverse_right,V_x20.0_y-34.0_-3.0,V_x20.0_y-34.0_-3.0,right,reverse,reverse_right,1
2490,17.25,-32.0,0.5,-90.0,V_x20.0_y-34.0_-3.0_reverse_right,V_x20.0_y-34.0_-3.0,V_x20.0_y-34.0_-3.0,right,reverse,reverse_right,1
2491,17.25,-32.5,0.5,-90.0,V_x20.0_y-34.0_-3.0_reverse_right,V_x20.0_y-34.0_-3.0,V_x20.0_y-34.0_-3.0,right,reverse,reverse_right,1
2492,17.25,-33.0,0.5,-90.0,V_x20.0_y-34.0_-3.0_reverse_right,V_x20.0_y-34.0_-3.0,V_x20.0_y-34.0_-3.0,right,reverse,reverse_right,1
2493,17.25,-33.5,0.5,-90.0,V_x20.0_y-34.0_-3.0_reverse_right,V_x20.0_y-34.0_-3.0,V_x20.0_y-34.0_-3.0,right,reverse,reverse_right,1
2494,17.25,-34.0,0.5,-90.0,V_x20.0_y-34.0_-3.0_reverse_right,V_x20.0_y-34.0_-3.0,V_x20.0_y-34.0_-3.0,right,reverse,reverse_right,0
2703,20.0,-32.5,0.5,180.0,ENTRY_CONN_x2.0_forward_right,ENTRY_CONN_x2.0,ENTRY_CONN_x2.0,right,forward,forward_right,1
2704,19.5,-32.5,0.5,180.0,ENTRY_CONN_x2.0_forward_right,ENTRY_CONN_x2.0,ENTRY_CONN_x2.0,right,forward,forward_right,1
2705,19.0,-32.5,0.5,180.0,ENTRY_CONN_x2.0_forward_right,ENTRY_CONN_x2.0,ENTRY_CONN_x2.0,right,forward,forward_right,1
2706,18.5,-32.5,0.5,180.0,ENTRY_CONN_x2.0_forward_right,ENTRY_CONN_x2.0,ENTRY_CONN_x2.0,right,forward,forward_right,1
2707,18.0,-32.5,0.5,180.0,ENTRY_CONN_x2.0_forward_right,ENTRY_CONN_x2.0,ENTRY_CONN_x2.0,right,forward,forward_right,1
2708,17.5,-32.5,0.5,180.0,ENTRY_CONN_x2.0_forward_right,ENTRY_CONN_x2.0,ENTRY_CONN_x2.0,right,forward,forward_right,1
2709,17.0,-32.5,0.5,180.0,ENTRY_CONN_x2.0_forward_right,ENTRY_CONN_x2.0,ENTRY_CONN_x2.0,right,forward,forward_right,1
2710,16.5,-32.5,0.5,180.0,ENTRY_CONN_x2.0_forward_right,ENTRY_CONN_x2.0,ENTRY_CONN_x2.0,right,forward,forward_right,1
2711,16.0,-32.5,0.5,180.0,ENTRY_CONN_x2.0_forward_right,ENTRY_CONN_x2.0,ENTRY_CONN_x2.0,right,forward,forward_right,1
2712,15.5,-32.5,0.5,180.0,ENTRY_CONN_x2.0_forward_right,ENTRY_CONN_x2.0,ENTRY_CONN_x2.0,right,forward,forward_right,1
2713,15.0,-32.5,0.5,180.0,ENTRY_CONN_x2.0_forward_right,ENTRY_CONN_x2.0,ENTRY_CONN_x2.0,right,forward,forward_right,1
2714,14.5,-32.5,0.5,180.0,ENTRY_CONN_x2.0_forward_right,ENTRY_CONN_x2.0,ENTRY_CONN_x2.0,right,forward,forward_right,1
2715,14.0,-32.5,0.5,180.0,ENTRY_CONN_x2.0_forward_right,ENTRY_CONN_x2.0,ENTRY_CONN_x2.0,right,forward,forward_right,1
2716,13.5,-32.5,0.5,180.0,ENTRY_CONN_x2.0_forward_right,ENTRY_CONN_x2.0,ENTRY_CONN_x2.0,right,forward,forward_right,1
2717,13.0,-32.5,0.5,180.0,ENTRY_CONN_x2.0_forward_right,ENTRY_CONN_x2.0,ENTRY_CONN_x2.0,right,forward,forward_right,1
2718,12.5,-32.5,0.5,180.0,ENTRY_CONN_x2.0_forward_right,ENTRY_CONN_x2.0,ENTRY_CONN_x2.0,right,forward,forward_right,1
2719,12.0,-32.5,0.5,180.0,ENTRY_CONN_x2.0_forward_right,ENTRY_CONN_x2.0,ENTRY_CONN_x2.0,right,forward,forward_right,1
2720,11.5,-32.5,0.5,180.0,ENTRY_CONN_x2.0_forward_right,ENTRY_CONN_x2.0,ENTRY_CONN_x2.0,right,forward,forward_right,1
2721,11.0,-32.5,0.5,180.0,ENTRY_CONN_x2.0_forward_right,ENTRY_CONN_x2.0,ENTRY_CONN_x2.0,right,forward,forward_right,1
2722,10.5,-32.5,0.5,180.0,ENTRY_CONN_x2.0_forward_right,ENTRY_CONN_x2.0,ENTRY_CONN_x2.0,right,forward,forward_right,1
2723,10.0,-32.5,0.5,180.0,ENTRY_CONN_x2.0_forward_right,ENTRY_CONN_x2.0,ENTRY_CONN_x2.0,right,forward,forward_right,1
2724,9.5,-32.5,0.5,180.0,ENTRY_CONN_x2.0_forward_right,ENTRY_CONN_x2.0,ENTRY_CONN_x2.0,right,forward,forward_right,1
2725,9.0,-32.5,0.5,180.0,ENTRY_CONN_x2.0_forward_right,ENTRY_CONN_x2.0,ENTRY_CONN_x2.0,right,forward,forward_right,1
2726,8.5,-32.5,0.5,180.0,ENTRY_CONN_x2.0_forward_right,ENTRY_CONN_x2.0,ENTRY_CONN_x2.0,right,forward,forward_right,1
2727,8.0,-32.5,0.5,180.0,ENTRY_CONN_x2.0_forward_right,ENTRY_CONN_x2.0,ENTRY_CONN_x2.0,right,forward,forward_right,1
2728,7.5,-32.5,0.5,180.0,ENTRY_CONN_x2.0_forward_right,ENTRY_CONN_x2.0,ENTRY_CONN_x2.0,right,forward,forward_right,1
2729,7.0,-32.5,0.5,180.0,ENTRY_CONN_x2.0_forward_right,ENTRY_CONN_x2.0,ENTRY_CONN_x2.0,right,forward,forward_right,1
2730,6.5,-32.5,0.5,180.0,ENTRY_CONN_x2.0_forward_right,ENTRY_CONN_x2.0,ENTRY_CONN_x2.0,right,forward,forward_right,1
2731,6.0,-32.5,0.5,180.0,ENTRY_CONN_x2.0_forward_right,ENTRY_CONN_x2.0,ENTRY_CONN_x2.0,right,forward,forward_right,1
2732,5.5,-32.5,0.5,180.0,ENTRY_CONN_x2.0_forward_right,ENTRY_CONN_x2.0,ENTRY_CONN_x2.0,right,forward,forward_right,1
2733,5.0,-32.5,0.5,180.0,ENTRY_CONN_x2.0_forward_right,ENTRY_CONN_x2.0,ENTRY_CONN_x2.0,right,forward,forward_right,1
2734,4.5,-32.5,0.5,180.0,ENTRY_CONN_x2.0_forward_right,ENTRY_CONN_x2.0,ENTRY_CONN_x2.0,right,forward,forward_right,1
2735,4.0,-32.5,0.5,180.0,ENTRY_CONN_x2.0_forward_right,ENTRY_CONN_x2.0,ENTRY_CONN_x2.0,right,forward,forward_right,1
2736,3.5,-32.5,0.5,180.0,ENTRY_CONN_x2.0_forward_right,ENTRY_CONN_x2.0,ENTRY_CONN_x2.0,right,forward,forward_right,1
2737,3.0,-32.5,0.5,180.0,ENTRY_CONN_x2.0_forward_right,ENTRY_CONN_x2.0,ENTRY_CONN_x2.0,right,forward,forward_right,1
2738,2.5,-32.5,0.5,180.0,ENTRY_CONN_x2.0_forward_right,ENTRY_CONN_x2.0,ENTRY_CONN_x2.0,right,forward,forward_right,1
2739,2.0,-32.5,0.5,180.0,ENTRY_CONN_x2.0_forward_right,ENTRY_CONN_x2.0,ENTRY_CONN_x2.0,right,forward,forward_right,0
2740,2.0,-35.5,0.5,0.0,ENTRY_CONN_x2.0_reverse_right,ENTRY_CONN_x2.0,ENTRY_CONN_x2.0,right,reverse,reverse_right,1
2741,2.5,-35.5,0.5,0.0,ENTRY_CONN_x2.0_reverse_right,ENTRY_CONN_x2.0,ENTRY_CONN_x2.0,right,reverse,reverse_right,1
2742,3.0,-35.5,0.5,0.0,ENTRY_CONN_x2.0_reverse_right,ENTRY_CONN_x2.0,ENTRY_CONN_x2.0,right,reverse,reverse_right,1
2743,3.5,-35.5,0.5,0.0,ENTRY_CONN_x2.0_reverse_right,ENTRY_CONN_x2.0,ENTRY_CONN_x2.0,right,reverse,reverse_right,1
2744,4.0,-35.5,0.5,0.0,ENTRY_CONN_x2.0_reverse_right,ENTRY_CONN_x2.0,ENTRY_CONN_x2.0,right,reverse,reverse_right,1
2745,4.5,-35.5,0.5,0.0,ENTRY_CONN_x2.0_reverse_right,ENTRY_CONN_x2.0,ENTRY_CONN_x2.0,right,reverse,reverse_right,1
2746,5.0,-35.5,0.5,0.0,ENTRY_CONN_x2.0_reverse_right,ENTRY_CONN_x2.0,ENTRY_CONN_x2.0,right,reverse,reverse_right,1
2747,5.5,-35.5,0.5,0.0,ENTRY_CONN_x2.0_reverse_right,ENTRY_CONN_x2.0,ENTRY_CONN_x2.0,right,reverse,reverse_right,1
2748,6.0,-35.5,0.5,0.0,ENTRY_CONN_x2.0_reverse_right,ENTRY_CONN_x2.0,ENTRY_CONN_x2.0,right,reverse,reverse_right,1
2749,6.5,-35.5,0.5,0.0,ENTRY_CONN_x2.0_reverse_right,ENTRY_CONN_x2.0,ENTRY_CONN_x2.0,right,reverse,reverse_right,1
2750,7.0,-35.5,0.5,0.0,ENTRY_CONN_x2.0_reverse_right,ENTRY_CONN_x2.0,ENTRY_CONN_x2.0,right,reverse,reverse_right,1
2751,7.5,-35.5,0.5,0.0,ENTRY_CONN_x2.0_reverse_right,ENTRY_CONN_x2.0,ENTRY_CONN_x2.0,right,reverse,reverse_right,1
2752,8.0,-35.5,0.5,0.0,ENTRY_CONN_x2.0_reverse_right,ENTRY_CONN_x2.0,ENTRY_CONN_x2.0,right,reverse,reverse_right,1
2753,8.5,-35.5,0.5,0.0,ENTRY_CONN_x2.0_reverse_right,ENTRY_CONN_x2.0,ENTRY_CONN_x2.0,right,reverse,reverse_right,1
2754,9.0,-35.5,0.5,0.0,ENTRY_CONN_x2.0_reverse_right,ENTRY_CONN_x2.0,ENTRY_CONN_x2.0,right,reverse,reverse_right,1
2755,9.5,-35.5,0.5,0.0,ENTRY_CONN_x2.0_reverse_right,ENTRY_CONN_x2.0,ENTRY_CONN_x2.0,right,reverse,reverse_right,1
2756,10.0,-35.5,0.5,0.0,ENTRY_CONN_x2.0_reverse_right,ENTRY_CONN_x2.0,ENTRY_CONN_x2.0,right,reverse,reverse_right,1
2757,10.5,-35.5,0.5,0.0,ENTRY_CONN_x2.0_reverse_right,ENTRY_CONN_x2.0,ENTRY_CONN_x2.0,right,reverse,reverse_right,1
2758,11.0,-35.5,0.5,0.0,ENTRY_CONN_x2.0_reverse_right,ENTRY_CONN_x2.0,ENTRY_CONN_x2.0,right,reverse,reverse_right,1
2759,11.5,-35.5,0.5,0.0,ENTRY_CONN_x2.0_reverse_right,ENTRY_CONN_x2.0,ENTRY_CONN_x2.0,right,reverse,reverse_right,1
2760,12.0,-35.5,0.5,0.0,ENTRY_CONN_x2.0_reverse_right,ENTRY_CONN_x2.0,ENTRY_CONN_x2.0,right,reverse,reverse_right,1
2761,12.5,-35.5,0.5,0.0,ENTRY_CONN_x2.0_reverse_right,ENTRY_CONN_x2.0,ENTRY_CONN_x2.0,right,reverse,reverse_right,1
2762,13.0,-35.5,0.5,0.0,ENTRY_CONN_x2.0_reverse_right,ENTRY_CONN_x2.0,ENTRY_CONN_x2.0,right,reverse,reverse_right,1
2763,13.5,-35.5,0.5,0.0,ENTRY_CONN_x2.0_reverse_right,ENTRY_CONN_x2.0,ENTRY_CONN_x2.0,right,reverse,reverse_right,1
2764,14.0,-35.5,0.5,0.0,ENTRY_CONN_x2.0_reverse_right,ENTRY_CONN_x2.0,ENTRY_CONN_x2.0,right,reverse,reverse_right,1
2765,14.5,-35.5,0.5,0.0,ENTRY_CONN_x2.0_reverse_right,ENTRY_CONN_x2.0,ENTRY_CONN_x2.0,right,reverse,reverse_right,1
2766,15.0,-35.5,0.5,0.0,ENTRY_CONN_x2.0_reverse_right,ENTRY_CONN_x2.0,ENTRY_CONN_x2.0,right,reverse,reverse_right,1
2767,15.5,-35.5,0.5,0.0,ENTRY_CONN_x2.0_reverse_right,ENTRY_CONN_x2.0,ENTRY_CONN_x2.0,right,reverse,reverse_right,1
2768,16.0,-35.5,0.5,0.0,ENTRY_CONN_x2.0_reverse_right,ENTRY_CONN_x2.0,ENTRY_CONN_x2.0,right,reverse,reverse_right,1
2769,16.5,-35.5,0.5,0.0,ENTRY_CONN_x2.0_reverse_right,ENTRY_CONN_x2.0,ENTRY_CONN_x2.0,right,reverse,reverse_right,1
2770,17.0,-35.5,0.5,0.0,ENTRY_CONN_x2.0_reverse_right,ENTRY_CONN_x2.0,ENTRY_CONN_x2.0,right,reverse,reverse_right,1
2771,17.5,-35.5,0.5,0.0,ENTRY_CONN_x2.0_reverse_right,ENTRY_CONN_x2.0,ENTRY_CONN_x2.0,right,reverse,reverse_right,1
2772,18.0,-35.5,0.5,0.0,ENTRY_CONN_x2.0_reverse_right,ENTRY_CONN_x2.0,ENTRY_CONN_x2.0,right,reverse,reverse_right,1
2773,18.5,-35.5,0.5,0.0,ENTRY_CONN_x2.0_reverse_right,ENTRY_CONN_x2.0,ENTRY_CONN_x2.0,right,reverse,reverse_right,1
2774,19.0,-35.5,0.5,0.0,ENTRY_CONN_x2.0_reverse_right,ENTRY_CONN_x2.0,ENTRY_CONN_x2.0,right,reverse,reverse_right,1
2775,19.5,-35.5,0.5,0.0,ENTRY_CONN_x2.0_reverse_right,ENTRY_CONN_x2.0,ENTRY_CONN_x2.0,right,reverse,reverse_right,1
2776,20.0,-35.5,0.5,0.0,ENTRY_CONN_x2.0_reverse_right,ENTRY_CONN_x2.0,ENTRY_CONN_x2.0,right,reverse,reverse_right,0
2903,43.2,-3.0,0.5,90.0,V_x40.0_y-3.0_26.0_forward_right,V_x40.0_y-3.0_26.0,V_x40.0_y-3.0_26.0,right,forward,forward_right,1
2904,43.2,-2.5,0.5,90.0,V_x40.0_y-3.0_26.0_forward_right,V_x40.0_y-3.0_26.0,V_x40.0_y-3.0_26.0,right,forward,forward_right,1
2905,43.2,-2.0,0.5,90.0,V_x40.0_y-3.0_26.0_forward_right,V_x40.0_y-3.0_26.0,V_x40.0_y-3.0_26.0,right,forward,forward_right,1
2906,43.2,-1.5,0.5,90.0,V_x40.0_y-3.0_26.0_forward_right,V_x40.0_y-3.0_26.0,V_x40.0_y-3.0_26.0,right,forward,forward_right,1
2907,43.2,-1.0,0.5,90.0,V_x40.0_y-3.0_26.0_forward_right,V_x40.0_y-3.0_26.0,V_x40.0_y-3.0_26.0,right,forward,forward_right,1
2908,43.2,-0.5,0.5,90.0,V_x40.0_y-3.0_26.0_forward_right,V_x40.0_y-3.0_26.0,V_x40.0_y-3.0_26.0,right,forward,forward_right,1
2909,43.2,-0.0,0.5,90.0,V_x40.0_y-3.0_26.0_forward_right,V_x40.0_y-3.0_26.0,V_x40.0_y-3.0_26.0,right,forward,forward_right,1
2910,43.2,0.5,0.5,90.0,V_x40.0_y-3.0_26.0_forward_right,V_x40.0_y-3.0_26.0,V_x40.0_y-3.0_26.0,right,forward,forward_right,1
2911,43.2,1.0,0.5,90.0,V_x40.0_y-3.0_26.0_forward_right,V_x40.0_y-3.0_26.0,V_x40.0_y-3.0_26.0,right,forward,forward_right,1
2912,43.2,1.5,0.5,90.0,V_x40.0_y-3.0_26.0_forward_right,V_x40.0_y-3.0_26.0,V_x40.0_y-3.0_26.0,right,forward,forward_right,1
2913,43.2,2.0,0.5,90.0,V_x40.0_y-3.0_26.0_forward_right,V_x40.0_y-3.0_26.0,V_x40.0_y-3.0_26.0,right,forward,forward_right,1
2914,43.2,2.5,0.5,90.0,V_x40.0_y-3.0_26.0_forward_right,V_x40.0_y-3.0_26.0,V_x40.0_y-3.0_26.0,right,forward,forward_right,1
2915,43.2,3.0,0.5,90.0,V_x40.0_y-3.0_26.0_forward_right,V_x40.0_y-3.0_26.0,V_x40.0_y-3.0_26.0,right,forward,forward_right,1
2916,43.2,3.5,0.5,90.0,V_x40.0_y-3.0_26.0_forward_right,V_x40.0_y-3.0_26.0,V_x40.0_y-3.0_26.0,right,forward,forward_right,1
2917,43.2,4.0,0.5,90.0,V_x40.0_y-3.0_26.0_forward_right,V_x40.0_y-3.0_26.0,V_x40.0_y-3.0_26.0,right,forward,forward_right,1
2918,43.2,4.5,0.5,90.0,V_x40.0_y-3.0_26.0_forward_right,V_x40.0_y-3.0_26.0,V_x40.0_y-3.0_26.0,right,forward,forward_right,1
2919,43.2,5.0,0.5,90.0,V_x40.0_y-3.0_26.0_forward_right,V_x40.0_y-3.0_26.0,V_x40.0_y-3.0_26.0,right,forward,forward_right,1
2920,43.2,5.5,0.5,90.0,V_x40.0_y-3.0_26.0_forward_right,V_x40.0_y-3.0_26.0,V_x40.0_y-3.0_26.0,right,forward,forward_right,1
2921,43.2,6.0,0.5,90.0,V_x40.0_y-3.0_26.0_forward_right,V_x40.0_y-3.0_26.0,V_x40.0_y-3.0_26.0,right,forward,forward_right,1
2922,43.2,6.5,0.5,90.0,V_x40.0_y-3.0_26.0_forward_right,V_x40.0_y-3.0_26.0,V_x40.0_y-3.0_26.0,right,forward,forward_right,1
2923,43.2,7.0,0.5,90.0,V_x40.0_y-3.0_26.0_forward_right,V_x40.0_y-3.0_26.0,V_x40.0_y-3.0_26.0,right,forward,forward_right,1
2924,43.2,7.5,0.5,90.0,V_x40.0_y-3.0_26.0_forward_right,V_x40.0_y-3.0_26.0,V_x40.0_y-3.0_26.0,right,forward,forward_right,1
2925,43.2,8.0,0.5,90.0,V_x40.0_y-3.0_26.0_forward_right,V_x40.0_y-3.0_26.0,V_x40.0_y-3.0_26.0,right,forward,forward_right,1
2926,43.2,8.5,0.5,90.0,V_x40.0_y-3.0_26.0_forward_right,V_x40.0_y-3.0_26.0,V_x40.0_y-3.0_26.0,right,forward,forward_right,1
2927,43.2,9.0,0.5,90.0,V_x40.0_y-3.0_26.0_forward_right,V_x40.0_y-3.0_26.0,V_x40.0_y-3.0_26.0,right,forward,forward_right,1
2928,43.2,9.5,0.5,90.0,V_x40.0_y-3.0_26.0_forward_right,V_x40.0_y-3.0_26.0,V_x40.0_y-3.0_26.0,right,forward,forward_right,1
2929,43.2,10.0,0.5,90.0,V_x40.0_y-3.0_26.0_forward_right,V_x40.0_y-3.0_26.0,V_x40.0_y-3.0_26.0,right,forward,forward_right,1
2930,43.2,10.5,0.5,90.0,V_x40.0_y-3.0_26.0_forward_right,V_x40.0_y-3.0_26.0,V_x40.0_y-3.0_26.0,right,forward,forward_right,1
2931,43.2,11.0,0.5,90.0,V_x40.0_y-3.0_26.0_forward_right,V_x40.0_y-3.0_26.0,V_x40.0_y-3.0_26.0,right,forward,forward_right,1
2932,43.2,11.5,0.5,90.0,V_x40.0_y-3.0_26.0_forward_right,V_x40.0_y-3.0_26.0,V_x40.0_y-3.0_26.0,right,forward,forward_right,1
2933,43.2,12.0,0.5,90.0,V_x40.0_y-3.0_26.0_forward_right,V_x40.0_y-3.0_26.0,V_x40.0_y-3.0_26.0,right,forward,forward_right,1
2934,43.2,12.5,0.5,90.0,V_x40.0_y-3.0_26.0_forward_right,V_x40.0_y-3.0_26.0,V_x40.0_y-3.0_26.0,right,forward,forward_right,1
2935,43.2,13.0,0.5,90.0,V_x40.0_y-3.0_26.0_forward_right,V_x40.0_y-3.0_26.0,V_x40.0_y-3.0_26.0,right,forward,forward_right,1
2936,43.2,13.5,0.5,90.0,V_x40.0_y-3.0_26.0_forward_right,V_x40.0_y-3.0_26.0,V_x40.0_y-3.0_26.0,right,forward,forward_right,1
2937,43.2,14.0,0.5,90.0,V_x40.0_y-3.0_26.0_forward_right,V_x40.0_y-3.0_26.0,V_x40.0_y-3.0_26.0,right,forward,forward_right,1
2938,43.2,14.5,0.5,90.0,V_x40.0_y-3.0_26.0_forward_right,V_x40.0_y-3.0_26.0,V_x40.0_y-3.0_26.0,right,forward,forward_right,1
2939,43.2,15.0,0.5,90.0,V_x40.0_y-3.0_26.0_forward_right,V_x40.0_y-3.0_26.0,V_x40.0_y-3.0_26.0,right,forward,forward_right,1
2940,43.2,15.5,0.5,90.0,V_x40.0_y-3.0_26.0_forward_right,V_x40.0_y-3.0_26.0,V_x40.0_y-3.0_26.0,right,forward,forward_right,1
2941,43.2,16.0,0.5,90.0,V_x40.0_y-3.0_26.0_forward_right,V_x40.0_y-3.0_26.0,V_x40.0_y-3.0_26.0,right,forward,forward_right,1
2942,43.2,16.5,0.5,90.0,V_x40.0_y-3.0_26.0_forward_right,V_x40.0_y-3.0_26.0,V_x40.0_y-3.0_26.0,right,forward,forward_right,1
2943,43.2,17.0,0.5,90.0,V_x40.0_y-3.0_26.0_forward_right,V_x40.0_y-3.0_26.0,V_x40.0_y-3.0_26.0,right,forward,forward_right,1
2944,43.2,17.5,0.5,90.0,V_x40.0_y-3.0_26.0_forward_right,V_x40.0_y-3.0_26.0,V_x40.0_y-3.0_26.0,right,forward,forward_right,1
2945,43.2,18.0,0.5,90.0,V_x40.0_y-3.0_26.0_forward_right,V_x40.0_y-3.0_26.0,V_x40.0_y-3.0_26.0,right,forward,forward_right,1
2946,43.2,18.5,0.5,90.0,V_x40.0_y-3.0_26.0_forward_right,V_x40.0_y-3.0_26.0,V_x40.0_y-3.0_26.0,right,forward,forward_right,1
2947,43.2,19.0,0.5,90.0,V_x40.0_y-3.0_26.0_forward_right,V_x40.0_y-3.0_26.0,V_x40.0_y-3.0_26.0,right,forward,forward_right,1
2948,43.2,19.5,0.5,90.0,V_x40.0_y-3.0_26.0_forward_right,V_x40.0_y-3.0_26.0,V_x40.0_y-3.0_26.0,right,forward,forward_right,1
2949,43.2,20.0,0.5,90.0,V_x40.0_y-3.0_26.0_forward_right,V_x40.0_y-3.0_26.0,V_x40.0_y-3.0_26.0,right,forward,forward_right,1
2950,43.2,20.5,0.5,90.0,V_x40.0_y-3.0_26.0_forward_right,V_x40.0_y-3.0_26.0,V_x40.0_y-3.0_26.0,right,forward,forward_right,1
2951,43.2,21.0,0.5,90.0,V_x40.0_y-3.0_26.0_forward_right,V_x40.0_y-3.0_26.0,V_x40.0_y-3.0_26.0,right,forward,forward_right,1
2952,43.2,21.5,0.5,90.0,V_x40.0_y-3.0_26.0_forward_right,V_x40.0_y-3.0_26.0,V_x40.0_y-3.0_26.0,right,forward,forward_right,1
2953,43.2,22.0,0.5,90.0,V_x40.0_y-3.0_26.0_forward_right,V_x40.0_y-3.0_26.0,V_x40.0_y-3.0_26.0,right,forward,forward_right,1
2954,43.2,22.5,0.5,90.0,V_x40.0_y-3.0_26.0_forward_right,V_x40.0_y-3.0_26.0,V_x40.0_y-3.0_26.0,right,forward,forward_right,1
2955,43.2,23.0,0.5,90.0,V_x40.0_y-3.0_26.0_forward_right,V_x40.0_y-3.0_26.0,V_x40.0_y-3.0_26.0,right,forward,forward_right,1
2956,43.2,23.5,0.5,90.0,V_x40.0_y-3.0_26.0_forward_right,V_x40.0_y-3.0_26.0,V_x40.0_y-3.0_26.0,right,forward,forward_right,1
2957,43.2,24.0,0.5,90.0,V_x40.0_y-3.0_26.0_forward_right,V_x40.0_y-3.0_26.0,V_x40.0_y-3.0_26.0,right,forward,forward_right,1
2958,43.2,24.5,0.5,90.0,V_x40.0_y-3.0_26.0_forward_right,V_x40.0_y-3.0_26.0,V_x40.0_y-3.0_26.0,right,forward,forward_right,1
2959,43.2,25.0,0.5,90.0,V_x40.0_y-3.0_26.0_forward_right,V_x40.0_y-3.0_26.0,V_x40.0_y-3.0_26.0,right,forward,forward_right,1
2960,43.2,25.5,0.5,90.0,V_x40.0_y-3.0_26.0_forward_right,V_x40.0_y-3.0_26.0,V_x40.0_y-3.0_26.0,right,forward,forward_right,1
2961,43.2,26.0,0.5,90.0,V_x40.0_y-3.0_26.0_forward_right,V_x40.0_y-3.0_26.0,V_x40.0_y-3.0_26.0,right,forward,forward_right,0
2962,40.2,26.0,0.5,-90.0,V_x40.0_y-3.0_26.0_reverse_right,V_x40.0_y-3.0_26.0,V_x40.0_y-3.0_26.0,right,reverse,reverse_right,1
2963,40.2,25.5,0.5,-90.0,V_x40.0_y-3.0_26.0_reverse_right,V_x40.0_y-3.0_26.0,V_x40.0_y-3.0_26.0,right,reverse,reverse_right,1
2964,40.2,25.0,0.5,-90.0,V_x40.0_y-3.0_26.0_reverse_right,V_x40.0_y-3.0_26.0,V_x40.0_y-3.0_26.0,right,reverse,reverse_right,1
2965,40.2,24.5,0.5,-90.0,V_x40.0_y-3.0_26.0_reverse_right,V_x40.0_y-3.0_26.0,V_x40.0_y-3.0_26.0,right,reverse,reverse_right,1
2966,40.2,24.0,0.5,-90.0,V_x40.0_y-3.0_26.0_reverse_right,V_x40.0_y-3.0_26.0,V_x40.0_y-3.0_26.0,right,reverse,reverse_right,1
2967,40.2,23.5,0.5,-90.0,V_x40.0_y-3.0_26.0_reverse_right,V_x40.0_y-3.0_26.0,V_x40.0_y-3.0_26.0,right,reverse,reverse_right,1
2968,40.2,23.0,0.5,-90.0,V_x40.0_y-3.0_26.0_reverse_right,V_x40.0_y-3.0_26.0,V_x40.0_y-3.0_26.0,right,reverse,reverse_right,1
2969,40.2,22.5,0.5,-90.0,V_x40.0_y-3.0_26.0_reverse_right,V_x40.0_y-3.0_26.0,V_x40.0_y-3.0_26.0,right,reverse,reverse_right,1
2970,40.2,22.0,0.5,-90.0,V_x40.0_y-3.0_26.0_reverse_right,V_x40.0_y-3.0_26.0,V_x40.0_y-3.0_26.0,right,reverse,reverse_right,1
2971,40.2,21.5,0.5,-90.0,V_x40.0_y-3.0_26.0_reverse_right,V_x40.0_y-3.0_26.0,V_x40.0_y-3.0_26.0,right,reverse,reverse_right,1
2972,40.2,21.0,0.5,-90.0,V_x40.0_y-3.0_26.0_reverse_right,V_x40.0_y-3.0_26.0,V_x40.0_y-3.0_26.0,right,reverse,reverse_right,1
2973,40.2,20.5,0.5,-90.0,V_x40.0_y-3.0_26.0_reverse_right,V_x40.0_y-3.0_26.0,V_x40.0_y-3.0_26.0,right,reverse,reverse_right,1
2974,40.2,20.0,0.5,-90.0,V_x40.0_y-3.0_26.0_reverse_right,V_x40.0_y-3.0_26.0,V_x40.0_y-3.0_26.0,right,reverse,reverse_right,1
2975,40.2,19.5,0.5,-90.0,V_x40.0_y-3.0_26.0_reverse_right,V_x40.0_y-3.0_26.0,V_x40.0_y-3.0_26.0,right,reverse,reverse_right,1
2976,40.2,19.0,0.5,-90.0,V_x40.0_y-3.0_26.0_reverse_right,V_x40.0_y-3.0_26.0,V_x40.0_y-3.0_26.0,right,reverse,reverse_right,1
2977,40.2,18.5,0.5,-90.0,V_x40.0_y-3.0_26.0_reverse_right,V_x40.0_y-3.0_26.0,V_x40.0_y-3.0_26.0,right,reverse,reverse_right,1
2978,40.2,18.0,0.5,-90.0,V_x40.0_y-3.0_26.0_reverse_right,V_x40.0_y-3.0_26.0,V_x40.0_y-3.0_26.0,right,reverse,reverse_right,1
2979,40.2,17.5,0.5,-90.0,V_x40.0_y-3.0_26.0_reverse_right,V_x40.0_y-3.0_26.0,V_x40.0_y-3.0_26.0,right,reverse,reverse_right,1
2980,40.2,17.0,0.5,-90.0,V_x40.0_y-3.0_26.0_reverse_right,V_x40.0_y-3.0_26.0,V_x40.0_y-3.0_26.0,right,reverse,reverse_right,1
2981,40.2,16.5,0.5,-90.0,V_x40.0_y-3.0_26.0_reverse_right,V_x40.0_y-3.0_26.0,V_x40.0_y-3.0_26.0,right,reverse,reverse_right,1
2982,40.2,16.0,0.5,-90.0,V_x40.0_y-3.0_26.0_reverse_right,V_x40.0_y-3.0_26.0,V_x40.0_y-3.0_26.0,right,reverse,reverse_right,1
2983,40.2,15.5,0.5,-90.0,V_x40.0_y-3.0_26.0_reverse_right,V_x40.0_y-3.0_26.0,V_x40.0_y-3.0_26.0,right,reverse,reverse_right,1
2984,40.2,15.0,0.5,-90.0,V_x40.0_y-3.0_26.0_reverse_right,V_x40.0_y-3.0_26.0,V_x40.0_y-3.0_26.0,right,reverse,reverse_right,1
2985,40.2,14.5,0.5,-90.0,V_x40.0_y-3.0_26.0_reverse_right,V_x40.0_y-3.0_26.0,V_x40.0_y-3.0_26.0,right,reverse,reverse_right,1
2986,40.2,14.0,0.5,-90.0,V_x40.0_y-3.0_26.0_reverse_right,V_x40.0_y-3.0_26.0,V_x40.0_y-3.0_26.0,right,reverse,reverse_right,1
2987,40.2,13.5,0.5,-90.0,V_x40.0_y-3.0_26.0_reverse_right,V_x40.0_y-3.0_26.0,V_x40.0_y-3.0_26.0,right,reverse,reverse_right,1
2988,40.2,13.0,0.5,-90.0,V_x40.0_y-3.0_26.0_reverse_right,V_x40.0_y-3.0_26.0,V_x40.0_y-3.0_26.0,right,reverse,reverse_right,1
2989,40.2,12.5,0.5,-90.0,V_x40.0_y-3.0_26.0_reverse_right,V_x40.0_y-3.0_26.0,V_x40.0_y-3.0_26.0,right,reverse,reverse_right,1
2990,40.2,12.0,0.5,-90.0,V_x40.0_y-3.0_26.0_reverse_right,V_x40.0_y-3.0_26.0,V_x40.0_y-3.0_26.0,right,reverse,reverse_right,1
2991,40.2,11.5,0.5,-90.0,V_x40.0_y-3.0_26.0_reverse_right,V_x40.0_y-3.0_26.0,V_x40.0_y-3.0_26.0,right,reverse,reverse_right,1
2992,40.2,11.0,0.5,-90.0,V_x40.0_y-3.0_26.0_reverse_right,V_x40.0_y-3.0_26.0,V_x40.0_y-3.0_26.0,right,reverse,reverse_right,1
2993,40.2,10.5,0.5,-90.0,V_x40.0_y-3.0_26.0_reverse_right,V_x40.0_y-3.0_26.0,V_x40.0_y-3.0_26.0,right,reverse,reverse_right,1
2994,40.2,10.0,0.5,-90.0,V_x40.0_y-3.0_26.0_reverse_right,V_x40.0_y-3.0_26.0,V_x40.0_y-3.0_26.0,right,reverse,reverse_right,1
2995,40.2,9.5,0.5,-90.0,V_x40.0_y-3.0_26.0_reverse_right,V_x40.0_y-3.0_26.0,V_x40.0_y-3.0_26.0,right,reverse,reverse_right,1
2996,40.2,9.0,0.5,-90.0,V_x40.0_y-3.0_26.0_reverse_right,V_x40.0_y-3.0_26.0,V_x40.0_y-3.0_26.0,right,reverse,reverse_right,1
2997,40.2,8.5,0.5,-90.0,V_x40.0_y-3.0_26.0_reverse_right,V_x40.0_y-3.0_26.0,V_x40.0_y-3.0_26.0,right,reverse,reverse_right,1
2998,40.2,8.0,0.5,-90.0,V_x40.0_y-3.0_26.0_reverse_right,V_x40.0_y-3.0_26.0,V_x40.0_y-3.0_26.0,right,reverse,reverse_right,1
2999,40.2,7.5,0.5,-90.0,V_x40.0_y-3.0_26.0_reverse_right,V_x40.0_y-3.0_26.0,V_x40.0_y-3.0_26.0,right,reverse,reverse_right,1
3000,40.2,7.0,0.5,-90.0,V_x40.0_y-3.0_26.0_reverse_right,V_x40.0_y-3.0_26.0,V_x40.0_y-3.0_26.0,right,reverse,reverse_right,1
3001,40.2,6.5,0.5,-90.0,V_x40.0_y-3.0_26.0_reverse_right,V_x40.0_y-3.0_26.0,V_x40.0_y-3.0_26.0,right,reverse,reverse_right,1
3002,40.2,6.0,0.5,-90.0,V_x40.0_y-3.0_26.0_reverse_right,V_x40.0_y-3.0_26.0,V_x40.0_y-3.0_26.0,right,reverse,reverse_right,1
3003,40.2,5.5,0.5,-90.0,V_x40.0_y-3.0_26.0_reverse_right,V_x40.0_y-3.0_26.0,V_x40.0_y-3.0_26.0,right,reverse,reverse_right,1
3004,40.2,5.0,0.5,-90.0,V_x40.0_y-3.0_26.0_reverse_right,V_x40.0_y-3.0_26.0,V_x40.0_y-3.0_26.0,right,reverse,reverse_right,1
3005,40.2,4.5,0.5,-90.0,V_x40.0_y-3.0_26.0_reverse_right,V_x40.0_y-3.0_26.0,V_x40.0_y-3.0_26.0,right,reverse,reverse_right,1
3006,40.2,4.0,0.5,-90.0,V_x40.0_y-3.0_26.0_reverse_right,V_x40.0_y-3.0_26.0,V_x40.0_y-3.0_26.0,right,reverse,reverse_right,1
3007,40.2,3.5,0.5,-90.0,V_x40.0_y-3.0_26.0_reverse_right,V_x40.0_y-3.0_26.0,V_x40.0_y-3.0_26.0,right,reverse,reverse_right,1
3008,40.2,3.0,0.5,-90.0,V_x40.0_y-3.0_26.0_reverse_right,V_x40.0_y-3.0_26.0,V_x40.0_y-3.0_26.0,right,reverse,reverse_right,1
3009,40.2,2.5,0.5,-90.0,V_x40.0_y-3.0_26.0_reverse_right,V_x40.0_y-3.0_26.0,V_x40.0_y-3.0_26.0,right,reverse,reverse_right,1
3010,40.2,2.0,0.5,-90.0,V_x40.0_y-3.0_26.0_reverse_right,V_x40.0_y-3.0_26.0,V_x40.0_y-3.0_26.0,right,reverse,reverse_right,1
3011,40.2,1.5,0.5,-90.0,V_x40.0_y-3.0_26.0_reverse_right,V_x40.0_y-3.0_26.0,V_x40.0_y-3.0_26.0,right,reverse,reverse_right,1
3012,40.2,1.0,0.5,-90.0,V_x40.0_y-3.0_26.0_reverse_right,V_x40.0_y-3.0_26.0,V_x40.0_y-3.0_26.0,right,reverse,reverse_right,1
3013,40.2,0.5,0.5,-90.0,V_x40.0_y-3.0_26.0_reverse_right,V_x40.0_y-3.0_26.0,V_x40.0_y-3.0_26.0,right,reverse,reverse_right,1
3014,40.2,0.0,0.5,-90.0,V_x40.0_y-3.0_26.0_reverse_right,V_x40.0_y-3.0_26.0,V_x40.0_y-3.0_26.0,right,reverse,reverse_right,1
3015,40.2,-0.5,0.5,-90.0,V_x40.0_y-3.0_26.0_reverse_right,V_x40.0_y-3.0_26.0,V_x40.0_y-3.0_26.0,right,reverse,reverse_right,1
3016,40.2,-1.0,0.5,-90.0,V_x40.0_y-3.0_26.0_reverse_right,V_x40.0_y-3.0_26.0,V_x40.0_y-3.0_26.0,right,reverse,reverse_right,1
3017,40.2,-1.5,0.5,-90.0,V_x40.0_y-3.0_26.0_reverse_right,V_x40.0_y-3.0_26.0,V_x40.0_y-3.0_26.0,right,reverse,reverse_right,1
3018,40.2,-2.0,0.5,-90.0,V_x40.0_y-3.0_26.0_reverse_right,V_x40.0_y-3.0_26.0,V_x40.0_y-3.0_26.0,right,reverse,reverse_right,1
3019,40.2,-2.5,0.5,-90.0,V_x40.0_y-3.0_26.0_reverse_right,V_x40.0_y-3.0_26.0,V_x40.0_y-3.0_26.0,right,reverse,reverse_right,1
3020,40.2,-3.0,0.5,-90.0,V_x40.0_y-3.0_26.0_reverse_right,V_x40.0_y-3.0_26.0,V_x40.0_y-3.0_26.0,right,reverse,reverse_right,0
3183,2.0,-34.0,0.5,-90.0,ENTRY_x2.0_reverse_right,ENTRY_x2.0,ENTRY_x2.0,right,reverse,reverse_right,1
3184,2.0,-34.5,0.5,-90.0,ENTRY_x2.0_reverse_right,ENTRY_x2.0,ENTRY_x2.0,right,reverse,reverse_right,1
3185,2.0,-35.0,0.5,-90.0,ENTRY_x2.0_reverse_right,ENTRY_x2.0,ENTRY_x2.0,right,reverse,reverse_right,1
3186,2.0,-35.5,0.5,-90.0,ENTRY_x2.0_reverse_right,ENTRY_x2.0,ENTRY_x2.0,right,reverse,reverse_right,1
3187,2.0,-36.0,0.5,-90.0,ENTRY_x2.0_reverse_right,ENTRY_x2.0,ENTRY_x2.0,right,reverse,reverse_right,1
3188,2.0,-36.5,0.5,-90.0,ENTRY_x2.0_reverse_right,ENTRY_x2.0,ENTRY_x2.0,right,reverse,reverse_right,1
3189,2.0,-37.0,0.5,-90.0,ENTRY_x2.0_reverse_right,ENTRY_x2.0,ENTRY_x2.0,right,reverse,reverse_right,1
3190,2.0,-37.5,0.5,-90.0,ENTRY_x2.0_reverse_right,ENTRY_x2.0,ENTRY_x2.0,right,reverse,reverse_right,1
3191,2.0,-38.0,0.5,-90.0,ENTRY_x2.0_reverse_right,ENTRY_x2.0,ENTRY_x2.0,right,reverse,reverse_right,1
3192,2.0,-38.5,0.5,-90.0,ENTRY_x2.0_reverse_right,ENTRY_x2.0,ENTRY_x2.0,right,reverse,reverse_right,1
3193,2.0,-39.0,0.5,-90.0,ENTRY_x2.0_reverse_right,ENTRY_x2.0,ENTRY_x2.0,right,reverse,reverse_right,1
3194,2.0,-39.5,0.5,-90.0,ENTRY_x2.0_reverse_right,ENTRY_x2.0,ENTRY_x2.0,right,reverse,reverse_right,1
3195,2.0,-40.0,0.5,-90.0,ENTRY_x2.0_reverse_right,ENTRY_x2.0,ENTRY_x2.0,right,reverse,reverse_right,1
3196,2.0,-40.5,0.5,-90.0,ENTRY_x2.0_reverse_right,ENTRY_x2.0,ENTRY_x2.0,right,reverse,reverse_right,1
3197,2.0,-41.0,0.5,-90.0,ENTRY_x2.0_reverse_right,ENTRY_x2.0,ENTRY_x2.0,right,reverse,reverse_right,1
3198,2.0,-41.5,0.5,-90.0,ENTRY_x2.0_reverse_right,ENTRY_x2.0,ENTRY_x2.0,right,reverse,reverse_right,1
3199,2.0,-42.0,0.5,-90.0,ENTRY_x2.0_reverse_right,ENTRY_x2.0,ENTRY_x2.0,right,reverse,reverse_right,1
3200,2.0,-42.5,0.5,-90.0,ENTRY_x2.0_reverse_right,ENTRY_x2.0,ENTRY_x2.0,right,reverse,reverse_right,1
3201,2.0,-43.0,0.5,-90.0,ENTRY_x2.0_reverse_right,ENTRY_x2.0,ENTRY_x2.0,right,reverse,reverse_right,1
3202,2.0,-43.5,0.5,-90.0,ENTRY_x2.0_reverse_right,ENTRY_x2.0,ENTRY_x2.0,right,reverse,reverse_right,1
3203,2.0,-44.0,0.5,-90.0,ENTRY_x2.0_reverse_right,ENTRY_x2.0,ENTRY_x2.0,right,reverse,reverse_right,1
3204,2.0,-44.5,0.5,-90.0,ENTRY_x2.0_reverse_right,ENTRY_x2.0,ENTRY_x2.0,right,reverse,reverse_right,1
3205,2.0,-45.0,0.5,-90.0,ENTRY_x2.0_reverse_right,ENTRY_x2.0,ENTRY_x2.0,right,reverse,reverse_right,1
3206,2.0,-45.5,0.5,-90.0,ENTRY_x2.0_reverse_right,ENTRY_x2.0,ENTRY_x2.0,right,reverse,reverse_right,1
3207,2.0,-46.0,0.5,-90.0,ENTRY_x2.0_reverse_right,ENTRY_x2.0,ENTRY_x2.0,right,reverse,reverse_right,1
3208,2.0,-46.5,0.5,-90.0,ENTRY_x2.0_reverse_right,ENTRY_x2.0,ENTRY_x2.0,right,reverse,reverse_right,1
3209,2.0,-47.0,0.5,-90.0,ENTRY_x2.0_reverse_right,ENTRY_x2.0,ENTRY_x2.0,right,reverse,reverse_right,1
3210,2.0,-47.5,0.5,-90.0,ENTRY_x2.0_reverse_right,ENTRY_x2.0,ENTRY_x2.0,right,reverse,reverse_right,1
3211,2.0,-48.0,0.5,-90.0,ENTRY_x2.0_reverse_right,ENTRY_x2.0,ENTRY_x2.0,right,reverse,reverse_right,1
3212,2.0,-48.5,0.5,-90.0,ENTRY_x2.0_reverse_right,ENTRY_x2.0,ENTRY_x2.0,right,reverse,reverse_right,1
3213,2.0,-49.0,0.5,-90.0,ENTRY_x2.0_reverse_right,ENTRY_x2.0,ENTRY_x2.0,right,reverse,reverse_right,1
3214,2.0,-49.5,0.5,-90.0,ENTRY_x2.0_reverse_right,ENTRY_x2.0,ENTRY_x2.0,right,reverse,reverse_right,1
3215,2.0,-50.0,0.5,-90.0,ENTRY_x2.0_reverse_right,ENTRY_x2.0,ENTRY_x2.0,right,reverse,reverse_right,1
3216,2.0,-50.5,0.5,-90.0,ENTRY_x2.0_reverse_right,ENTRY_x2.0,ENTRY_x2.0,right,reverse,reverse_right,1
3217,2.0,-51.0,0.5,-90.0,ENTRY_x2.0_reverse_right,ENTRY_x2.0,ENTRY_x2.0,right,reverse,reverse_right,1
3218,2.0,-51.5,0.5,-90.0,ENTRY_x2.0_reverse_right,ENTRY_x2.0,ENTRY_x2.0,right,reverse,reverse_right,1
3219,2.0,-52.0,0.5,-90.0,ENTRY_x2.0_reverse_right,ENTRY_x2.0,ENTRY_x2.0,right,reverse,reverse_right,0
3220,6.0,-32.5,0.5,180.0,ENTRY_CONN_x6.0_forward_right,ENTRY_CONN_x6.0,ENTRY_CONN_x6.0,right,forward,forward_right,1
3221,5.5,-32.5,0.5,180.0,ENTRY_CONN_x6.0_forward_right,ENTRY_CONN_x6.0,ENTRY_CONN_x6.0,right,forward,forward_right,1
3222,5.0,-32.5,0.5,180.0,ENTRY_CONN_x6.0_forward_right,ENTRY_CONN_x6.0,ENTRY_CONN_x6.0,right,forward,forward_right,1
3223,4.5,-32.5,0.5,180.0,ENTRY_CONN_x6.0_forward_right,ENTRY_CONN_x6.0,ENTRY_CONN_x6.0,right,forward,forward_right,1
3224,4.0,-32.5,0.5,180.0,ENTRY_CONN_x6.0_forward_right,ENTRY_CONN_x6.0,ENTRY_CONN_x6.0,right,forward,forward_right,1
3225,3.5,-32.5,0.5,180.0,ENTRY_CONN_x6.0_forward_right,ENTRY_CONN_x6.0,ENTRY_CONN_x6.0,right,forward,forward_right,1
3226,3.0,-32.5,0.5,180.0,ENTRY_CONN_x6.0_forward_right,ENTRY_CONN_x6.0,ENTRY_CONN_x6.0,right,forward,forward_right,1
3227,2.5,-32.5,0.5,180.0,ENTRY_CONN_x6.0_forward_right,ENTRY_CONN_x6.0,ENTRY_CONN_x6.0,right,forward,forward_right,1
3228,2.0,-32.5,0.5,180.0,ENTRY_CONN_x6.0_forward_right,ENTRY_CONN_x6.0,ENTRY_CONN_x6.0,right,forward,forward_right,0
3229,2.0,-35.5,0.5,0.0,ENTRY_CONN_x6.0_reverse_right,ENTRY_CONN_x6.0,ENTRY_CONN_x6.0,right,reverse,reverse_right,1
3230,2.5,-35.5,0.5,0.0,ENTRY_CONN_x6.0_reverse_right,ENTRY_CONN_x6.0,ENTRY_CONN_x6.0,right,reverse,reverse_right,1
3231,3.0,-35.5,0.5,0.0,ENTRY_CONN_x6.0_reverse_right,ENTRY_CONN_x6.0,ENTRY_CONN_x6.0,right,reverse,reverse_right,1
3232,3.5,-35.5,0.5,0.0,ENTRY_CONN_x6.0_reverse_right,ENTRY_CONN_x6.0,ENTRY_CONN_x6.0,right,reverse,reverse_right,1
3233,4.0,-35.5,0.5,0.0,ENTRY_CONN_x6.0_reverse_right,ENTRY_CONN_x6.0,ENTRY_CONN_x6.0,right,reverse,reverse_right,1
3234,4.5,-35.5,0.5,0.0,ENTRY_CONN_x6.0_reverse_right,ENTRY_CONN_x6.0,ENTRY_CONN_x6.0,right,reverse,reverse_right,1
3235,5.0,-35.5,0.5,0.0,ENTRY_CONN_x6.0_reverse_right,ENTRY_CONN_x6.0,ENTRY_CONN_x6.0,right,reverse,reverse_right,1
3236,5.5,-35.5,0.5,0.0,ENTRY_CONN_x6.0_reverse_right,ENTRY_CONN_x6.0,ENTRY_CONN_x6.0,right,reverse,reverse_right,1
3237,6.0,-35.5,0.5,0.0,ENTRY_CONN_x6.0_reverse_right,ENTRY_CONN_x6.0,ENTRY_CONN_x6.0,right,reverse,reverse_right,0
3238,6.0,-52.0,0.5,90.0,ENTRY_x6.0_forward_right,ENTRY_x6.0,ENTRY_x6.0,right,forward,forward_right,1
3239,6.0,-51.5,0.5,90.0,ENTRY_x6.0_forward_right,ENTRY_x6.0,ENTRY_x6.0,right,forward,forward_right,1
3240,6.0,-51.0,0.5,90.0,ENTRY_x6.0_forward_right,ENTRY_x6.0,ENTRY_x6.0,right,forward,forward_right,1
3241,6.0,-50.5,0.5,90.0,ENTRY_x6.0_forward_right,ENTRY_x6.0,ENTRY_x6.0,right,forward,forward_right,1
3242,6.0,-50.0,0.5,90.0,ENTRY_x6.0_forward_right,ENTRY_x6.0,ENTRY_x6.0,right,forward,forward_right,1
3243,6.0,-49.5,0.5,90.0,ENTRY_x6.0_forward_right,ENTRY_x6.0,ENTRY_x6.0,right,forward,forward_right,1
3244,6.0,-49.0,0.5,90.0,ENTRY_x6.0_forward_right,ENTRY_x6.0,ENTRY_x6.0,right,forward,forward_right,1
3245,6.0,-48.5,0.5,90.0,ENTRY_x6.0_forward_right,ENTRY_x6.0,ENTRY_x6.0,right,forward,forward_right,1
3246,6.0,-48.0,0.5,90.0,ENTRY_x6.0_forward_right,ENTRY_x6.0,ENTRY_x6.0,right,forward,forward_right,1
3247,6.0,-47.5,0.5,90.0,ENTRY_x6.0_forward_right,ENTRY_x6.0,ENTRY_x6.0,right,forward,forward_right,1
3248,6.0,-47.0,0.5,90.0,ENTRY_x6.0_forward_right,ENTRY_x6.0,ENTRY_x6.0,right,forward,forward_right,1
3249,6.0,-46.5,0.5,90.0,ENTRY_x6.0_forward_right,ENTRY_x6.0,ENTRY_x6.0,right,forward,forward_right,1
3250,6.0,-46.0,0.5,90.0,ENTRY_x6.0_forward_right,ENTRY_x6.0,ENTRY_x6.0,right,forward,forward_right,1
3251,6.0,-45.5,0.5,90.0,ENTRY_x6.0_forward_right,ENTRY_x6.0,ENTRY_x6.0,right,forward,forward_right,1
3252,6.0,-45.0,0.5,90.0,ENTRY_x6.0_forward_right,ENTRY_x6.0,ENTRY_x6.0,right,forward,forward_right,1
3253,6.0,-44.5,0.5,90.0,ENTRY_x6.0_forward_right,ENTRY_x6.0,ENTRY_x6.0,right,forward,forward_right,1
3254,6.0,-44.0,0.5,90.0,ENTRY_x6.0_forward_right,ENTRY_x6.0,ENTRY_x6.0,right,forward,forward_right,1
3255,6.0,-43.5,0.5,90.0,ENTRY_x6.0_forward_right,ENTRY_x6.0,ENTRY_x6.0,right,forward,forward_right,1
3256,6.0,-43.0,0.5,90.0,ENTRY_x6.0_forward_right,ENTRY_x6.0,ENTRY_x6.0,right,forward,forward_right,1
3257,6.0,-42.5,0.5,90.0,ENTRY_x6.0_forward_right,ENTRY_x6.0,ENTRY_x6.0,right,forward,forward_right,1
3258,6.0,-42.0,0.5,90.0,ENTRY_x6.0_forward_right,ENTRY_x6.0,ENTRY_x6.0,right,forward,forward_right,1
3259,6.0,-41.5,0.5,90.0,ENTRY_x6.0_forward_right,ENTRY_x6.0,ENTRY_x6.0,right,forward,forward_right,1
3260,6.0,-41.0,0.5,90.0,ENTRY_x6.0_forward_right,ENTRY_x6.0,ENTRY_x6.0,right,forward,forward_right,1
3261,6.0,-40.5,0.5,90.0,ENTRY_x6.0_forward_right,ENTRY_x6.0,ENTRY_x6.0,right,forward,forward_right,1
3262,6.0,-40.0,0.5,90.0,ENTRY_x6.0_forward_right,ENTRY_x6.0,ENTRY_x6.0,right,forward,forward_right,1
3263,6.0,-39.5,0.5,90.0,ENTRY_x6.0_forward_right,ENTRY_x6.0,ENTRY_x6.0,right,forward,forward_right,1
3264,6.0,-39.0,0.5,90.0,ENTRY_x6.0_forward_right,ENTRY_x6.0,ENTRY_x6.0,right,forward,forward_right,1
3265,6.0,-38.5,0.5,90.0,ENTRY_x6.0_forward_right,ENTRY_x6.0,ENTRY_x6.0,right,forward,forward_right,1
3266,6.0,-38.0,0.5,90.0,ENTRY_x6.0_forward_right,ENTRY_x6.0,ENTRY_x6.0,right,forward,forward_right,1
3267,6.0,-37.5,0.5,90.0,ENTRY_x6.0_forward_right,ENTRY_x6.0,ENTRY_x6.0,right,forward,forward_right,1
3268,6.0,-37.0,0.5,90.0,ENTRY_x6.0_forward_right,ENTRY_x6.0,ENTRY_x6.0,right,forward,forward_right,1
3269,6.0,-36.5,0.5,90.0,ENTRY_x6.0_forward_right,ENTRY_x6.0,ENTRY_x6.0,right,forward,forward_right,1
3270,6.0,-36.0,0.5,90.0,ENTRY_x6.0_forward_right,ENTRY_x6.0,ENTRY_x6.0,right,forward,forward_right,1
3271,6.0,-35.5,0.5,90.0,ENTRY_x6.0_forward_right,ENTRY_x6.0,ENTRY_x6.0,right,forward,forward_right,1
3272,6.0,-35.0,0.5,90.0,ENTRY_x6.0_forward_right,ENTRY_x6.0,ENTRY_x6.0,right,forward,forward_right,1
3273,6.0,-34.5,0.5,90.0,ENTRY_x6.0_forward_right,ENTRY_x6.0,ENTRY_x6.0,right,forward,forward_right,1
3274,6.0,-34.0,0.5,90.0,ENTRY_x6.0_forward_right,ENTRY_x6.0,ENTRY_x6.0,right,forward,forward_right,0
3387,-9.251,-3.696,0.5,92.062,RING_00_forward_right,RING_00,RING_00,right,forward,forward_right,1
3388,-9.275000000000002,-3.109,0.5,95.402,RING_00_forward_right,RING_00,RING_00,right,forward,forward_right,1
3389,-9.333000000000002,-2.522,0.5,98.859,RING_00_forward_right,RING_00,RING_00,right,forward,forward_right,1
3390,-9.410000000000002,-2.028,0.5,98.859,RING_00_forward_right,RING_00,RING_00,right,forward,forward_right,0
3391,-9.424,-5.554,0.5,80.688,RING_31_forward_right,RING_31,RING_31,right,forward,forward_right,1
3392,-9.331,-4.967,0.5,84.255,RING_31_forward_right,RING_31,RING_31,right,forward,forward_right,1
3393,-9.274,-4.383,0.5,87.59,RING_31_forward_right,RING_31,RING_31,right,forward,forward_right,1
3394,-9.253000000000002,-3.884,0.5,87.59,RING_31_forward_right,RING_31,RING_31,right,forward,forward_right,0
3395,-9.444000000000004,-1.846,0.5,103.201,RING_01_forward_right,RING_01,RING_01,right,forward,forward_right,1
3396,-9.582000000000004,-1.271,0.5,106.732,RING_01_forward_right,RING_01,RING_01,right,forward,forward_right,1
3397,-9.753000000000002,-0.7079999999999997,0.5,110.1,RING_01_forward_right,RING_01,RING_01,right,forward,forward_right,1
3398,-9.925000000000002,-0.238,0.5,110.1,RING_01_forward_right,RING_01,RING_01,right,forward,forward_right,0
3399,-9.994,-0.068,0.5,114.463,RING_02_forward_right,RING_02,RING_02,right,forward,forward_right,1
3400,-10.240000000000002,0.4679999999999995,0.5,117.897,RING_02_forward_right,RING_02,RING_02,right,forward,forward_right,1
3401,-10.519000000000002,0.9880000000000004,0.5,121.337,RING_02_forward_right,RING_02,RING_02,right,forward,forward_right,1
3402,-10.779000000000002,1.415000000000001,0.5,121.337,RING_02_forward_right,RING_02,RING_02,right,forward,forward_right,0
3403,-10.881000000000002,1.572000000000001,0.5,125.791,RING_03_forward_right,RING_03,RING_03,right,forward,forward_right,1
3404,-11.227000000000002,2.047,0.5,129.161,RING_03_forward_right,RING_03,RING_03,right,forward,forward_right,1
3405,-11.601000000000004,2.503,0.5,132.567,RING_03_forward_right,RING_03,RING_03,right,forward,forward_right,1
3406,-11.939000000000002,2.871,0.5,132.567,RING_03_forward_right,RING_03,RING_03,right,forward,forward_right,0
3407,-12.070000000000002,3.0040000000000004,0.5,137.025,RING_04_forward_right,RING_04,RING_04,right,forward,forward_right,1
3408,-12.504,3.405,0.5,140.444,RING_04_forward_right,RING_04,RING_04,right,forward,forward_right,1
3409,-12.959000000000003,3.777,0.5,143.863,RING_04_forward_right,RING_04,RING_04,right,forward,forward_right,1
3410,-13.363,4.072,0.5,143.863,RING_04_forward_right,RING_04,RING_04,right,forward,forward_right,0
3411,-13.517000000000005,4.178,0.5,148.31,RING_05_forward_right,RING_05,RING_05,right,forward,forward_right,1
3412,-14.020000000000003,4.486,0.5,151.691,RING_05_forward_right,RING_05,RING_05,right,forward,forward_right,1
3413,-14.54,4.762999999999999,0.5,155.129,RING_05_forward_right,RING_05,RING_05,right,forward,forward_right,1
3414,-14.993000000000006,4.973,0.5,155.129,RING_05_forward_right,RING_05,RING_05,right,forward,forward_right,0
3415,-15.164,5.046,0.5,159.498,RING_06_forward_right,RING_06,RING_06,right,forward,forward_right,1
3416,-15.716,5.250000000000001,0.5,162.906,RING_06_forward_right,RING_06,RING_06,right,forward,forward_right,1
3417,-16.28,5.419999999999999,0.5,166.326,RING_06_forward_right,RING_06,RING_06,right,forward,forward_right,1
3418,-16.765,5.538000000000001,0.5,166.326,RING_06_forward_right,RING_06,RING_06,right,forward,forward_right,0
3419,-16.946000000000005,5.576000000000001,0.5,170.688,RING_07_forward_right,RING_07,RING_07,right,forward,forward_right,1
3420,-17.533,5.669000000000001,0.5,174.255,RING_07_forward_right,RING_07,RING_07,right,forward,forward_right,1
3421,-18.117000000000004,5.726,0.5,177.59,RING_07_forward_right,RING_07,RING_07,right,forward,forward_right,1
3422,-18.616,5.747000000000001,0.5,177.59,RING_07_forward_right,RING_07,RING_07,right,forward,forward_right,0
3423,-18.80400000000001,5.749,0.5,-177.938,RING_08_forward_right,RING_08,RING_08,right,forward,forward_right,1
3424,-19.390999999999995,5.724999999999999,0.5,-174.598,RING_08_forward_right,RING_08,RING_08,right,forward,forward_right,1
3425,-19.978,5.666999999999999,0.5,-171.141,RING_08_forward_right,RING_08,RING_08,right,forward,forward_right,1
3426,-20.472,5.590000000000001,0.5,-171.141,RING_08_forward_right,RING_08,RING_08,right,forward,forward_right,0
3427,-20.654000000000003,5.556,0.5,-166.799,RING_09_forward_right,RING_09,RING_09,right,forward,forward_right,1
3428,-21.229,5.418,0.5,-163.268,RING_09_forward_right,RING_09,RING_09,right,forward,forward_right,1
3429,-21.792,5.247000000000001,0.5,-159.9,RING_09_forward_right,RING_09,RING_09,right,forward,forward_right,1
3430,-22.262,5.075,0.5,-159.9,RING_09_forward_right,RING_09,RING_09,right,forward,forward_right,0
3431,-22.43200000000001,5.006000000000001,0.5,-155.537,RING_10_forward_right,RING_10,RING_10,right,forward,forward_right,1
3432,-22.968000000000004,4.759999999999999,0.5,-152.103,RING_10_forward_right,RING_10,RING_10,right,forward,forward_right,1
3433,-23.488,4.481,0.5,-148.663,RING_10_forward_right,RING_10,RING_10,right,forward,forward_right,1
3434,-23.915,4.221,0.5,-148.663,RING_10_forward_right,RING_10,RING_10,right,forward,forward_right,0
3435,-24.072000000000003,4.119000000000001,0.5,-144.209,RING_11_forward_right,RING_11,RING_11,right,forward,forward_right,1
3436,-24.547000000000004,3.773000000000001,0.5,-140.839,RING_11_forward_right,RING_11,RING_11,right,forward,forward_right,1
3437,-25.003,3.399000000000001,0.5,-137.433,RING_11_forward_right,RING_11,RING_11,right,forward,forward_right,1
3438,-25.37100000000001,3.061,0.5,-137.433,RING_11_forward_right,RING_11,RING_11,right,forward,forward_right,0
3439,-25.504000000000005,2.9300000000000006,0.5,-132.975,RING_12_forward_right,RING_12,RING_12,right,forward,forward_right,1
3440,-25.905,2.496,0.5,-129.556,RING_12_forward_right,RING_12,RING_12,right,forward,forward_right,1
3441,-26.277,2.0409999999999995,0.5,-126.137,RING_12_forward_right,RING_12,RING_12,right,forward,forward_right,1
3442,-26.572000000000003,1.6369999999999996,0.5,-126.137,RING_12_forward_right,RING_12,RING_12,right,forward,forward_right,0
3443,-26.678000000000004,1.4829999999999997,0.5,-121.69,RING_13_forward_right,RING_13,RING_13,right,forward,forward_right,1
3444,-26.986000000000004,0.9799999999999996,0.5,-118.309,RING_13_forward_right,RING_13,RING_13,right,forward,forward_right,1
3445,-27.263000000000005,0.4599999999999999,0.5,-114.871,RING_13_forward_right,RING_13,RING_13,right,forward,forward_right,1
3446,-27.473,0.0070000000000005,0.5,-114.871,RING_13_forward_right,RING_13,RING_13,right,forward,forward_right,0
3447,-27.546,-0.1639999999999997,0.5,-110.502,RING_14_forward_right,RING_14,RING_14,right,forward,forward_right,1
3448,-27.75,-0.7159999999999997,0.5,-107.094,RING_14_forward_right,RING_14,RING_14,right,forward,forward_right,1
3449,-27.92,-1.2800000000000002,0.5,-103.674,RING_14_forward_right,RING_14,RING_14,right,forward,forward_right,1
3450,-28.038000000000004,-1.7650000000000003,0.5,-103.674,RING_14_forward_right,RING_14,RING_14,right,forward,forward_right,0
3451,-28.076,-1.946,0.5,-99.312,RING_15_forward_right,RING_15,RING_15,right,forward,forward_right,1
3452,-28.169000000000004,-2.533,0.5,-95.745,RING_15_forward_right,RING_15,RING_15,right,forward,forward_right,1
3453,-28.226,-3.117,0.5,-92.41,RING_15_forward_right,RING_15,RING_15,right,forward,forward_right,1
3454,-28.247,-3.616,0.5,-92.41,RING_15_forward_right,RING_15,RING_15,right,forward,forward_right,0
3455,-28.249,-3.804,0.5,-87.938,RING_16_forward_right,RING_16,RING_16,right,forward,forward_right,1
3456,-28.225,-4.391,0.5,-84.598,RING_16_forward_right,RING_16,RING_16,right,forward,forward_right,1
3457,-28.167,-4.978,0.5,-81.141,RING_16_forward_right,RING_16,RING_16,right,forward,forward_right,1
3458,-28.090000000000003,-5.472,0.5,-81.141,RING_16_forward_right,RING_16,RING_16,right,forward,forward_right,0
3459,-28.056000000000004,-5.654,0.5,-76.799,RING_17_forward_right,RING_17,RING_17,right,forward,forward_right,1
3460,-27.918,-6.229,0.5,-73.268,RING_17_forward_right,RING_17,RING_17,right,forward,forward_right,1
3461,-27.747,-6.792,0.5,-69.9,RING_17_forward_right,RING_17,RING_17,right,forward,forward_right,1
3462,-27.575000000000003,-7.262,0.5,-69.9,RING_17_forward_right,RING_17,RING_17,right,forward,forward_right,0
3463,-27.506,-7.432,0.5,-65.537,RING_18_forward_right,RING_18,RING_18,right,forward,forward_right,1
3464,-27.260000000000005,-7.968,0.5,-62.103,RING_18_forward_right,RING_18,RING_18,right,forward,forward_right,1
3465,-26.981,-8.488,0.5,-58.663,RING_18_forward_right,RING_18,RING_18,right,forward,forward_right,1
3466,-26.721000000000004,-8.915,0.5,-58.663,RING_18_forward_right,RING_18,RING_18,right,forward,forward_right,0
3467,-26.619,-9.072,0.5,-54.209,RING_19_forward_right,RING_19,RING_19,right,forward,forward_right,1
3468,-26.273000000000003,-9.547,0.5,-50.839,RING_19_forward_right,RING_19,RING_19,right,forward,forward_right,1
3469,-25.899,-10.003,0.5,-47.433,RING_19_forward_right,RING_19,RING_19,right,forward,forward_right,1
3470,-25.561,-10.371,0.5,-47.433,RING_19_forward_right,RING_19,RING_19,right,forward,forward_right,0
3471,-25.43,-10.504,0.5,-42.975,RING_20_forward_right,RING_20,RING_20,right,forward,forward_right,1
3472,-24.99600000000001,-10.905,0.5,-39.556,RING_20_forward_right,RING_20,RING_20,right,forward,forward_right,1
3473,-24.541000000000004,-11.277,0.5,-36.137,RING_20_forward_right,RING_20,RING_20,right,forward,forward_right,1
3474,-24.137,-11.572,0.5,-36.137,RING_20_forward_right,RING_20,RING_20,right,forward,forward_right,0
3475,-23.983000000000004,-11.678,0.5,-31.69,RING_21_forward_right,RING_21,RING_21,right,forward,forward_right,1
3476,-23.480000000000004,-11.986,0.5,-28.309,RING_21_forward_right,RING_21,RING_21,right,forward,forward_right,1
3477,-22.96,-12.263000000000002,0.5,-24.871,RING_21_forward_right,RING_21,RING_21,right,forward,forward_right,1
3478,-22.507000000000005,-12.473000000000004,0.5,-24.871,RING_21_forward_right,RING_21,RING_21,right,forward,forward_right,0
3479,-22.336,-12.546,0.5,-20.502,RING_22_forward_right,RING_22,RING_22,right,forward,forward_right,1
3480,-21.784,-12.75,0.5,-17.094,RING_22_forward_right,RING_22,RING_22,right,forward,forward_right,1
3481,-21.22,-12.920000000000002,0.5,-13.674,RING_22_forward_right,RING_22,RING_22,right,forward,forward_right,1
3482,-20.735,-13.038,0.5,-13.674,RING_22_forward_right,RING_22,RING_22,right,forward,forward_right,0
3483,-20.55400000000001,-13.076,0.5,-9.312,RING_23_forward_right,RING_23,RING_23,right,forward,forward_right,1
3484,-19.967,-13.169,0.5,-5.745,RING_23_forward_right,RING_23,RING_23,right,forward,forward_right,1
3485,-19.383000000000003,-13.226000000000004,0.5,-2.41,RING_23_forward_right,RING_23,RING_23,right,forward,forward_right,1
3486,-18.884,-13.247,0.5,-2.41,RING_23_forward_right,RING_23,RING_23,right,forward,forward_right,0
3487,-18.696000000000005,-13.249000000000002,0.5,2.062,RING_24_forward_right,RING_24,RING_24,right,forward,forward_right,1
3488,-18.109,-13.224999999999998,0.5,5.402,RING_24_forward_right,RING_24,RING_24,right,forward,forward_right,1
3489,-17.522,-13.167000000000002,0.5,8.859,RING_24_forward_right,RING_24,RING_24,right,forward,forward_right,1
3490,-17.028,-13.09,0.5,8.859,RING_24_forward_right,RING_24,RING_24,right,forward,forward_right,0
3491,-16.846000000000004,-13.056,0.5,13.201,RING_25_forward_right,RING_25,RING_25,right,forward,forward_right,1
3492,-16.271,-12.918,0.5,16.732,RING_25_forward_right,RING_25,RING_25,right,forward,forward_right,1
3493,-15.708000000000006,-12.747,0.5,20.1,RING_25_forward_right,RING_25,RING_25,right,forward,forward_right,1
3494,-15.238,-12.575,0.5,20.1,RING_25_forward_right,RING_25,RING_25,right,forward,forward_right,0
3495,-15.068,-12.506,0.5,24.463,RING_26_forward_right,RING_26,RING_26,right,forward,forward_right,1
3496,-14.532000000000004,-12.260000000000002,0.5,27.897,RING_26_forward_right,RING_26,RING_26,right,forward,forward_right,1
3497,-14.012,-11.981000000000002,0.5,31.337,RING_26_forward_right,RING_26,RING_26,right,forward,forward_right,1
3498,-13.585,-11.721,0.5,31.337,RING_26_forward_right,RING_26,RING_26,right,forward,forward_right,0
3499,-13.428000000000004,-11.619,0.5,35.791,RING_27_forward_right,RING_27,RING_27,right,forward,forward_right,1
3500,-12.953000000000005,-11.273,0.5,39.161,RING_27_forward_right,RING_27,RING_27,right,forward,forward_right,1
3501,-12.497,-10.899,0.5,42.567,RING_27_forward_right,RING_27,RING_27,right,forward,forward_right,1
3502,-12.129,-10.561,0.5,42.567,RING_27_forward_right,RING_27,RING_27,right,forward,forward_right,0
3503,-11.996000000000002,-10.43,0.5,47.025,RING_28_forward_right,RING_28,RING_28,right,forward,forward_right,1
3504,-11.595000000000002,-9.996,0.5,50.444,RING_28_forward_right,RING_28,RING_28,right,forward,forward_right,1
3505,-11.223000000000004,-9.541,0.5,53.863,RING_28_forward_right,RING_28,RING_28,right,forward,forward_right,1
3506,-10.928000000000004,-9.137,0.5,53.863,RING_28_forward_right,RING_28,RING_28,right,forward,forward_right,0
3507,-10.822,-8.983,0.5,58.31,RING_29_forward_right,RING_29,RING_29,right,forward,forward_right,1
3508,-10.514,-8.48,0.5,61.691,RING_29_forward_right,RING_29,RING_29,right,forward,forward_right,1
3509,-10.237000000000002,-7.960000000000001,0.5,65.129,RING_29_forward_right,RING_29,RING_29,right,forward,forward_right,1
3510,-10.027,-7.507,0.5,65.129,RING_29_forward_right,RING_29,RING_29,right,forward,forward_right,0
3511,-9.954000000000002,-7.336,0.5,69.498,RING_30_forward_right,RING_30,RING_30,right,forward,forward_right,1
3512,-9.750000000000002,-6.784,0.5,72.906,RING_30_forward_right,RING_30,RING_30,right,forward,forward_right,1
3513,-9.580000000000002,-6.22,0.5,76.326,RING_30_forward_right,RING_30,RING_30,right,forward,forward_right,1
3514,-9.462,-5.735,0.5,76.326,RING_30_forward_right,RING_30,RING_30,right,forward,forward_right,0
3699,-40.0,-4.5,0.5,0.0,roundabout_left_horizontal_forward_right,roundabout_left_horizontal_clean,roundabout_left_horizontal_clean,right,forward,forward_right,1
3700,-39.5,-4.5,0.5,0.0,roundabout_left_horizontal_forward_right,roundabout_left_horizontal_clean,roundabout_left_horizontal_clean,right,forward,forward_right,1
3701,-39.0,-4.5,0.5,0.0,roundabout_left_horizontal_forward_right,roundabout_left_horizontal_clean,roundabout_left_horizontal_clean,right,forward,forward_right,1
3702,-38.5,-4.5,0.5,0.0,roundabout_left_horizontal_forward_right,roundabout_left_horizontal_clean,roundabout_left_horizontal_clean,right,forward,forward_right,1
3703,-38.0,-4.5,0.5,0.0,roundabout_left_horizontal_forward_right,roundabout_left_horizontal_clean,roundabout_left_horizontal_clean,right,forward,forward_right,1
3704,-37.5,-4.5,0.5,0.0,roundabout_left_horizontal_forward_right,roundabout_left_horizontal_clean,roundabout_left_horizontal_clean,right,forward,forward_right,1
3705,-37.0,-4.5,0.5,0.0,roundabout_left_horizontal_forward_right,roundabout_left_horizontal_clean,roundabout_left_horizontal_clean,right,forward,forward_right,1
3706,-36.5,-4.5,0.5,0.0,roundabout_left_horizontal_forward_right,roundabout_left_horizontal_clean,roundabout_left_horizontal_clean,right,forward,forward_right,1
3707,-36.0,-4.5,0.5,0.0,roundabout_left_horizontal_forward_right,roundabout_left_horizontal_clean,roundabout_left_horizontal_clean,right,forward,forward_right,1
3708,-35.5,-4.5,0.5,0.0,roundabout_left_horizontal_forward_right,roundabout_left_horizontal_clean,roundabout_left_horizontal_clean,right,forward,forward_right,1
3709,-35.0,-4.5,0.5,0.0,roundabout_left_horizontal_forward_right,roundabout_left_horizontal_clean,roundabout_left_horizontal_clean,right,forward,forward_right,1
3710,-34.5,-4.5,0.5,0.0,roundabout_left_horizontal_forward_right,roundabout_left_horizontal_clean,roundabout_left_horizontal_clean,right,forward,forward_right,1
3711,-34.0,-4.5,0.5,0.0,roundabout_left_horizontal_forward_right,roundabout_left_horizontal_clean,roundabout_left_horizontal_clean,right,forward,forward_right,1
3712,-33.5,-4.5,0.5,0.0,roundabout_left_horizontal_forward_right,roundabout_left_horizontal_clean,roundabout_left_horizontal_clean,right,forward,forward_right,1
3713,-33.0,-4.5,0.5,0.0,roundabout_left_horizontal_forward_right,roundabout_left_horizontal_clean,roundabout_left_horizontal_clean,right,forward,forward_right,1
3714,-32.5,-4.5,0.5,0.0,roundabout_left_horizontal_forward_right,roundabout_left_horizontal_clean,roundabout_left_horizontal_clean,right,forward,forward_right,1
3715,-32.0,-4.5,0.5,0.0,roundabout_left_horizontal_forward_right,roundabout_left_horizontal_clean,roundabout_left_horizontal_clean,right,forward,forward_right,1
3716,-31.5,-4.5,0.5,0.0,roundabout_left_horizontal_forward_right,roundabout_left_horizontal_clean,roundabout_left_horizontal_clean,right,forward,forward_right,1
3717,-31.0,-4.5,0.5,0.0,roundabout_left_horizontal_forward_right,roundabout_left_horizontal_clean,roundabout_left_horizontal_clean,right,forward,forward_right,1
3718,-30.5,-4.5,0.5,0.0,roundabout_left_horizontal_forward_right,roundabout_left_horizontal_clean,roundabout_left_horizontal_clean,right,forward,forward_right,1
3719,-30.0,-4.5,0.5,0.0,roundabout_left_horizontal_forward_right,roundabout_left_horizontal_clean,roundabout_left_horizontal_clean,right,forward,forward_right,1
3720,-29.5,-4.5,0.5,0.0,roundabout_left_horizontal_forward_right,roundabout_left_horizontal_clean,roundabout_left_horizontal_clean,right,forward,forward_right,1
3721,-29.0,-4.5,0.5,0.0,roundabout_left_horizontal_forward_right,roundabout_left_horizontal_clean,roundabout_left_horizontal_clean,right,forward,forward_right,1
3722,-28.5,-4.5,0.5,0.0,roundabout_left_horizontal_forward_right,roundabout_left_horizontal_clean,roundabout_left_horizontal_clean,right,forward,forward_right,1
3723,-28.219,-4.5,0.5,0.0,roundabout_left_horizontal_forward_right,roundabout_left_horizontal_clean,roundabout_left_horizontal_clean,right,forward,forward_right,0
3724,-9.281,-4.5,0.5,0.0,roundabout_right_horizontal_forward_right,roundabout_right_horizontal_clean,roundabout_right_horizontal_clean,right,forward,forward_right,1
3725,-8.781,-4.5,0.5,0.0,roundabout_right_horizontal_forward_right,roundabout_right_horizontal_clean,roundabout_right_horizontal_clean,right,forward,forward_right,1
3726,-8.281,-4.5,0.5,0.0,roundabout_right_horizontal_forward_right,roundabout_right_horizontal_clean,roundabout_right_horizontal_clean,right,forward,forward_right,1
3727,-7.781,-4.5,0.5,0.0,roundabout_right_horizontal_forward_right,roundabout_right_horizontal_clean,roundabout_right_horizontal_clean,right,forward,forward_right,1
3728,-7.281,-4.5,0.5,0.0,roundabout_right_horizontal_forward_right,roundabout_right_horizontal_clean,roundabout_right_horizontal_clean,right,forward,forward_right,1
3729,-6.781,-4.5,0.5,0.0,roundabout_right_horizontal_forward_right,roundabout_right_horizontal_clean,roundabout_right_horizontal_clean,right,forward,forward_right,1
3730,-6.281,-4.5,0.5,0.0,roundabout_right_horizontal_forward_right,roundabout_right_horizontal_clean,roundabout_right_horizontal_clean,right,forward,forward_right,1
3731,-5.781,-4.5,0.5,0.0,roundabout_right_horizontal_forward_right,roundabout_right_horizontal_clean,roundabout_right_horizontal_clean,right,forward,forward_right,1
3732,-5.281,-4.5,0.5,0.0,roundabout_right_horizontal_forward_right,roundabout_right_horizontal_clean,roundabout_right_horizontal_clean,right,forward,forward_right,1
3733,-4.781,-4.5,0.5,0.0,roundabout_right_horizontal_forward_right,roundabout_right_horizontal_clean,roundabout_right_horizontal_clean,right,forward,forward_right,1
3734,-4.281,-4.5,0.5,0.0,roundabout_right_horizontal_forward_right,roundabout_right_horizontal_clean,roundabout_right_horizontal_clean,right,forward,forward_right,1
3735,-3.781,-4.5,0.5,0.0,roundabout_right_horizontal_forward_right,roundabout_right_horizontal_clean,roundabout_right_horizontal_clean,right,forward,forward_right,1
3736,-3.281,-4.5,0.5,0.0,roundabout_right_horizontal_forward_right,roundabout_right_horizontal_clean,roundabout_right_horizontal_clean,right,forward,forward_right,1
3737,-2.781,-4.5,0.5,0.0,roundabout_right_horizontal_forward_right,roundabout_right_horizontal_clean,roundabout_right_horizontal_clean,right,forward,forward_right,1
3738,-2.281,-4.5,0.5,0.0,roundabout_right_horizontal_forward_right,roundabout_right_horizontal_clean,roundabout_right_horizontal_clean,right,forward,forward_right,1
3739,-1.781,-4.5,0.5,0.0,roundabout_right_horizontal_forward_right,roundabout_right_horizontal_clean,roundabout_right_horizontal_clean,right,forward,forward_right,1
3740,-1.281,-4.5,0.5,0.0,roundabout_right_horizontal_forward_right,roundabout_right_horizontal_clean,roundabout_right_horizontal_clean,right,forward,forward_right,1
3741,-0.781,-4.5,0.5,0.0,roundabout_right_horizontal_forward_right,roundabout_right_horizontal_clean,roundabout_right_horizontal_clean,right,forward,forward_right,1
3742,-0.281,-4.5,0.5,0.0,roundabout_right_horizontal_forward_right,roundabout_right_horizontal_clean,roundabout_right_horizontal_clean,right,forward,forward_right,1
3743,0.219,-4.5,0.5,0.0,roundabout_right_horizontal_forward_right,roundabout_right_horizontal_clean,roundabout_right_horizontal_clean,right,forward,forward_right,1
3744,0.719,-4.5,0.5,0.0,roundabout_right_horizontal_forward_right,roundabout_right_horizontal_clean,roundabout_right_horizontal_clean,right,forward,forward_right,1
3745,1.219,-4.5,0.5,0.0,roundabout_right_horizontal_forward_right,roundabout_right_horizontal_clean,roundabout_right_horizontal_clean,right,forward,forward_right,1
3746,1.719,-4.5,0.5,0.0,roundabout_right_horizontal_forward_right,roundabout_right_horizontal_clean,roundabout_right_horizontal_clean,right,forward,forward_right,1
3747,2.219,-4.5,0.5,0.0,roundabout_right_horizontal_forward_right,roundabout_right_horizontal_clean,roundabout_right_horizontal_clean,right,forward,forward_right,1
3748,2.719,-4.5,0.5,0.0,roundabout_right_horizontal_forward_right,roundabout_right_horizontal_clean,roundabout_right_horizontal_clean,right,forward,forward_right,1
3749,3.219,-4.5,0.5,0.0,roundabout_right_horizontal_forward_right,roundabout_right_horizontal_clean,roundabout_right_horizontal_clean,right,forward,forward_right,1
3750,3.719,-4.5,0.5,0.0,roundabout_right_horizontal_forward_right,roundabout_right_horizontal_clean,roundabout_right_horizontal_clean,right,forward,forward_right,1
3751,4.219,-4.5,0.5,0.0,roundabout_right_horizontal_forward_right,roundabout_right_horizontal_clean,roundabout_right_horizontal_clean,right,forward,forward_right,1
3752,4.719,-4.5,0.5,0.0,roundabout_right_horizontal_forward_right,roundabout_right_horizontal_clean,roundabout_right_horizontal_clean,right,forward,forward_right,1
3753,5.219,-4.5,0.5,0.0,roundabout_right_horizontal_forward_right,roundabout_right_horizontal_clean,roundabout_right_horizontal_clean,right,forward,forward_right,1
3754,5.719,-4.5,0.5,0.0,roundabout_right_horizontal_forward_right,roundabout_right_horizontal_clean,roundabout_right_horizontal_clean,right,forward,forward_right,1
3755,6.219,-4.5,0.5,0.0,roundabout_right_horizontal_forward_right,roundabout_right_horizontal_clean,roundabout_right_horizontal_clean,right,forward,forward_right,1
3756,6.719,-4.5,0.5,0.0,roundabout_right_horizontal_forward_right,roundabout_right_horizontal_clean,roundabout_right_horizontal_clean,right,forward,forward_right,1
3757,7.219,-4.5,0.5,0.0,roundabout_right_horizontal_forward_right,roundabout_right_horizontal_clean,roundabout_right_horizontal_clean,right,forward,forward_right,1
3758,7.719,-4.5,0.5,0.0,roundabout_right_horizontal_forward_right,roundabout_right_horizontal_clean,roundabout_right_horizontal_clean,right,forward,forward_right,1
3759,8.219,-4.5,0.5,0.0,roundabout_right_horizontal_forward_right,roundabout_right_horizontal_clean,roundabout_right_horizontal_clean,right,forward,forward_right,1
3760,8.719,-4.5,0.5,0.0,roundabout_right_horizontal_forward_right,roundabout_right_horizontal_clean,roundabout_right_horizontal_clean,right,forward,forward_right,1
3761,9.219,-4.5,0.5,0.0,roundabout_right_horizontal_forward_right,roundabout_right_horizontal_clean,roundabout_right_horizontal_clean,right,forward,forward_right,1
3762,9.719,-4.5,0.5,0.0,roundabout_right_horizontal_forward_right,roundabout_right_horizontal_clean,roundabout_right_horizontal_clean,right,forward,forward_right,1
3763,10.219,-4.5,0.5,0.0,roundabout_right_horizontal_forward_right,roundabout_right_horizontal_clean,roundabout_right_horizontal_clean,right,forward,forward_right,1
3764,10.719,-4.5,0.5,0.0,roundabout_right_horizontal_forward_right,roundabout_right_horizontal_clean,roundabout_right_horizontal_clean,right,forward,forward_right,1
3765,11.219,-4.5,0.5,0.0,roundabout_right_horizontal_forward_right,roundabout_right_horizontal_clean,roundabout_right_horizontal_clean,right,forward,forward_right,1
3766,11.719,-4.5,0.5,0.0,roundabout_right_horizontal_forward_right,roundabout_right_horizontal_clean,roundabout_right_horizontal_clean,right,forward,forward_right,1
3767,12.219,-4.5,0.5,0.0,roundabout_right_horizontal_forward_right,roundabout_right_horizontal_clean,roundabout_right_horizontal_clean,right,forward,forward_right,1
3768,12.719,-4.5,0.5,0.0,roundabout_right_horizontal_forward_right,roundabout_right_horizontal_clean,roundabout_right_horizontal_clean,right,forward,forward_right,1
3769,13.219,-4.5,0.5,0.0,roundabout_right_horizontal_forward_right,roundabout_right_horizontal_clean,roundabout_right_horizontal_clean,right,forward,forward_right,1
3770,13.719,-4.5,0.5,0.0,roundabout_right_horizontal_forward_right,roundabout_right_horizontal_clean,roundabout_right_horizontal_clean,right,forward,forward_right,1
3771,14.219,-4.5,0.5,0.0,roundabout_right_horizontal_forward_right,roundabout_right_horizontal_clean,roundabout_right_horizontal_clean,right,forward,forward_right,1
3772,14.719,-4.5,0.5,0.0,roundabout_right_horizontal_forward_right,roundabout_right_horizontal_clean,roundabout_right_horizontal_clean,right,forward,forward_right,1
3773,15.219,-4.5,0.5,0.0,roundabout_right_horizontal_forward_right,roundabout_right_horizontal_clean,roundabout_right_horizontal_clean,right,forward,forward_right,1
3774,15.719,-4.5,0.5,0.0,roundabout_right_horizontal_forward_right,roundabout_right_horizontal_clean,roundabout_right_horizontal_clean,right,forward,forward_right,1
3775,16.219,-4.5,0.5,0.0,roundabout_right_horizontal_forward_right,roundabout_right_horizontal_clean,roundabout_right_horizontal_clean,right,forward,forward_right,1
3776,16.719,-4.5,0.5,0.0,roundabout_right_horizontal_forward_right,roundabout_right_horizontal_clean,roundabout_right_horizontal_clean,right,forward,forward_right,1
3777,17.219,-4.5,0.5,0.0,roundabout_right_horizontal_forward_right,roundabout_right_horizontal_clean,roundabout_right_horizontal_clean,right,forward,forward_right,1
3778,17.719,-4.5,0.5,0.0,roundabout_right_horizontal_forward_right,roundabout_right_horizontal_clean,roundabout_right_horizontal_clean,right,forward,forward_right,1
3779,18.219,-4.5,0.5,0.0,roundabout_right_horizontal_forward_right,roundabout_right_horizontal_clean,roundabout_right_horizontal_clean,right,forward,forward_right,1
3780,18.719,-4.5,0.5,0.0,roundabout_right_horizontal_forward_right,roundabout_right_horizontal_clean,roundabout_right_horizontal_clean,right,forward,forward_right,1
3781,19.219,-4.5,0.5,0.0,roundabout_right_horizontal_forward_right,roundabout_right_horizontal_clean,roundabout_right_horizontal_clean,right,forward,forward_right,1
3782,19.719,-4.5,0.5,0.0,roundabout_right_horizontal_forward_right,roundabout_right_horizontal_clean,roundabout_right_horizontal_clean,right,forward,forward_right,1
3783,20.219,-4.5,0.5,0.0,roundabout_right_horizontal_forward_right,roundabout_right_horizontal_clean,roundabout_right_horizontal_clean,right,forward,forward_right,1
3784,20.719,-4.5,0.5,0.0,roundabout_right_horizontal_forward_right,roundabout_right_horizontal_clean,roundabout_right_horizontal_clean,right,forward,forward_right,1
3785,21.219,-4.5,0.5,0.0,roundabout_right_horizontal_forward_right,roundabout_right_horizontal_clean,roundabout_right_horizontal_clean,right,forward,forward_right,1
3786,21.719,-4.5,0.5,0.0,roundabout_right_horizontal_forward_right,roundabout_right_horizontal_clean,roundabout_right_horizontal_clean,right,forward,forward_right,1
3787,22.219,-4.5,0.5,0.0,roundabout_right_horizontal_forward_right,roundabout_right_horizontal_clean,roundabout_right_horizontal_clean,right,forward,forward_right,1
3788,22.719,-4.5,0.5,0.0,roundabout_right_horizontal_forward_right,roundabout_right_horizontal_clean,roundabout_right_horizontal_clean,right,forward,forward_right,1
3789,23.219,-4.5,0.5,0.0,roundabout_right_horizontal_forward_right,roundabout_right_horizontal_clean,roundabout_right_horizontal_clean,right,forward,forward_right,1
3790,23.719,-4.5,0.5,0.0,roundabout_right_horizontal_forward_right,roundabout_right_horizontal_clean,roundabout_right_horizontal_clean,right,forward,forward_right,1
3791,24.219,-4.5,0.5,0.0,roundabout_right_horizontal_forward_right,roundabout_right_horizontal_clean,roundabout_right_horizontal_clean,right,forward,forward_right,1
3792,24.719,-4.5,0.5,0.0,roundabout_right_horizontal_forward_right,roundabout_right_horizontal_clean,roundabout_right_horizontal_clean,right,forward,forward_right,1
3793,25.219,-4.5,0.5,0.0,roundabout_right_horizontal_forward_right,roundabout_right_horizontal_clean,roundabout_right_horizontal_clean,right,forward,forward_right,1
3794,25.719,-4.5,0.5,0.0,roundabout_right_horizontal_forward_right,roundabout_right_horizontal_clean,roundabout_right_horizontal_clean,right,forward,forward_right,1
3795,26.219,-4.5,0.5,0.0,roundabout_right_horizontal_forward_right,roundabout_right_horizontal_clean,roundabout_right_horizontal_clean,right,forward,forward_right,1
3796,26.719,-4.5,0.5,0.0,roundabout_right_horizontal_forward_right,roundabout_right_horizontal_clean,roundabout_right_horizontal_clean,right,forward,forward_right,1
3797,27.219,-4.5,0.5,0.0,roundabout_right_horizontal_forward_right,roundabout_right_horizontal_clean,roundabout_right_horizontal_clean,right,forward,forward_right,1
3798,27.719,-4.5,0.5,0.0,roundabout_right_horizontal_forward_right,roundabout_right_horizontal_clean,roundabout_right_horizontal_clean,right,forward,forward_right,1
3799,28.219,-4.5,0.5,0.0,roundabout_right_horizontal_forward_right,roundabout_right_horizontal_clean,roundabout_right_horizontal_clean,right,forward,forward_right,1
3800,28.719,-4.5,0.5,0.0,roundabout_right_horizontal_forward_right,roundabout_right_horizontal_clean,roundabout_right_horizontal_clean,right,forward,forward_right,1
3801,29.219,-4.5,0.5,0.0,roundabout_right_horizontal_forward_right,roundabout_right_horizontal_clean,roundabout_right_horizontal_clean,right,forward,forward_right,1
3802,29.719,-4.5,0.5,0.0,roundabout_right_horizontal_forward_right,roundabout_right_horizontal_clean,roundabout_right_horizontal_clean,right,forward,forward_right,1
3803,30.219,-4.5,0.5,0.0,roundabout_right_horizontal_forward_right,roundabout_right_horizontal_clean,roundabout_right_horizontal_clean,right,forward,forward_right,1
3804,30.719,-4.5,0.5,0.0,roundabout_right_horizontal_forward_right,roundabout_right_horizontal_clean,roundabout_right_horizontal_clean,right,forward,forward_right,1
3805,31.219,-4.5,0.5,0.0,roundabout_right_horizontal_forward_right,roundabout_right_horizontal_clean,roundabout_right_horizontal_clean,right,forward,forward_right,1
3806,31.719,-4.5,0.5,0.0,roundabout_right_horizontal_forward_right,roundabout_right_horizontal_clean,roundabout_right_horizontal_clean,right,forward,forward_right,1
3807,32.219,-4.5,0.5,0.0,roundabout_right_horizontal_forward_right,roundabout_right_horizontal_clean,roundabout_right_horizontal_clean,right,forward,forward_right,1
3808,32.719,-4.5,0.5,0.0,roundabout_right_horizontal_forward_right,roundabout_right_horizontal_clean,roundabout_right_horizontal_clean,right,forward,forward_right,1
3809,33.219,-4.5,0.5,0.0,roundabout_right_horizontal_forward_right,roundabout_right_horizontal_clean,roundabout_right_horizontal_clean,right,forward,forward_right,1
3810,33.719,-4.5,0.5,0.0,roundabout_right_horizontal_forward_right,roundabout_right_horizontal_clean,roundabout_right_horizontal_clean,right,forward,forward_right,1
3811,34.219,-4.5,0.5,0.0,roundabout_right_horizontal_forward_right,roundabout_right_horizontal_clean,roundabout_right_horizontal_clean,right,forward,forward_right,1
3812,34.719,-4.5,0.5,0.0,roundabout_right_horizontal_forward_right,roundabout_right_horizontal_clean,roundabout_right_horizontal_clean,right,forward,forward_right,1
3813,35.219,-4.5,0.5,0.0,roundabout_right_horizontal_forward_right,roundabout_right_horizontal_clean,roundabout_right_horizontal_clean,right,forward,forward_right,1
3814,35.719,-4.5,0.5,0.0,roundabout_right_horizontal_forward_right,roundabout_right_horizontal_clean,roundabout_right_horizontal_clean,right,forward,forward_right,1
3815,36.219,-4.5,0.5,0.0,roundabout_right_horizontal_forward_right,roundabout_right_horizontal_clean,roundabout_right_horizontal_clean,right,forward,forward_right,1
3816,36.719,-4.5,0.5,0.0,roundabout_right_horizontal_forward_right,roundabout_right_horizontal_clean,roundabout_right_horizontal_clean,right,forward,forward_right,1
3817,37.219,-4.5,0.5,0.0,roundabout_right_horizontal_forward_right,roundabout_right_horizontal_clean,roundabout_right_horizontal_clean,right,forward,forward_right,1
3818,37.719,-4.5,0.5,0.0,roundabout_right_horizontal_forward_right,roundabout_right_horizontal_clean,roundabout_right_horizontal_clean,right,forward,forward_right,1
3819,38.219,-4.5,0.5,0.0,roundabout_right_horizontal_forward_right,roundabout_right_horizontal_clean,roundabout_right_horizontal_clean,right,forward,forward_right,1
3820,38.719,-4.5,0.5,0.0,roundabout_right_horizontal_forward_right,roundabout_right_horizontal_clean,roundabout_right_horizontal_clean,right,forward,forward_right,1
3821,39.219,-4.5,0.5,0.0,roundabout_right_horizontal_forward_right,roundabout_right_horizontal_clean,roundabout_right_horizontal_clean,right,forward,forward_right,1
3822,39.719,-4.5,0.5,0.0,roundabout_right_horizontal_forward_right,roundabout_right_horizontal_clean,roundabout_right_horizontal_clean,right,forward,forward_right,1
3823,40.0,-4.5,0.5,0.0,roundabout_right_horizontal_forward_right,roundabout_right_horizontal_clean,roundabout_right_horizontal_clean,right,forward,forward_right,0
3824,-27.979,-1.5,0.5,180.0,roundabout_left_horizontal_reverse_right,roundabout_left_horizontal_clean,roundabout_left_horizontal_clean,right,reverse,reverse_right,1
3825,-28.479,-1.5,0.5,180.0,roundabout_left_horizontal_reverse_right,roundabout_left_horizontal_clean,roundabout_left_horizontal_clean,right,reverse,reverse_right,1
3826,-28.979,-1.5,0.5,180.0,roundabout_left_horizontal_reverse_right,roundabout_left_horizontal_clean,roundabout_left_horizontal_clean,right,reverse,reverse_right,1
3827,-29.479,-1.5,0.5,180.0,roundabout_left_horizontal_reverse_right,roundabout_left_horizontal_clean,roundabout_left_horizontal_clean,right,reverse,reverse_right,1
3828,-29.979,-1.5,0.5,180.0,roundabout_left_horizontal_reverse_right,roundabout_left_horizontal_clean,roundabout_left_horizontal_clean,right,reverse,reverse_right,1
3829,-30.479,-1.5,0.5,180.0,roundabout_left_horizontal_reverse_right,roundabout_left_horizontal_clean,roundabout_left_horizontal_clean,right,reverse,reverse_right,1
3830,-30.979,-1.5,0.5,180.0,roundabout_left_horizontal_reverse_right,roundabout_left_horizontal_clean,roundabout_left_horizontal_clean,right,reverse,reverse_right,1
3831,-31.479,-1.5,0.5,180.0,roundabout_left_horizontal_reverse_right,roundabout_left_horizontal_clean,roundabout_left_horizontal_clean,right,reverse,reverse_right,1
3832,-31.979,-1.5,0.5,180.0,roundabout_left_horizontal_reverse_right,roundabout_left_horizontal_clean,roundabout_left_horizontal_clean,right,reverse,reverse_right,1
3833,-32.479,-1.5,0.5,180.0,roundabout_left_horizontal_reverse_right,roundabout_left_horizontal_clean,roundabout_left_horizontal_clean,right,reverse,reverse_right,1
3834,-32.979,-1.5,0.5,180.0,roundabout_left_horizontal_reverse_right,roundabout_left_horizontal_clean,roundabout_left_horizontal_clean,right,reverse,reverse_right,1
3835,-33.479,-1.5,0.5,180.0,roundabout_left_horizontal_reverse_right,roundabout_left_horizontal_clean,roundabout_left_horizontal_clean,right,reverse,reverse_right,1
3836,-33.979,-1.5,0.5,180.0,roundabout_left_horizontal_reverse_right,roundabout_left_horizontal_clean,roundabout_left_horizontal_clean,right,reverse,reverse_right,1
3837,-34.479,-1.5,0.5,180.0,roundabout_left_horizontal_reverse_right,roundabout_left_horizontal_clean,roundabout_left_horizontal_clean,right,reverse,reverse_right,1
3838,-34.979,-1.5,0.5,180.0,roundabout_left_horizontal_reverse_right,roundabout_left_horizontal_clean,roundabout_left_horizontal_clean,right,reverse,reverse_right,1
3839,-35.479,-1.5,0.5,180.0,roundabout_left_horizontal_reverse_right,roundabout_left_horizontal_clean,roundabout_left_horizontal_clean,right,reverse,reverse_right,1
3840,-35.979,-1.5,0.5,180.0,roundabout_left_horizontal_reverse_right,roundabout_left_horizontal_clean,roundabout_left_horizontal_clean,right,reverse,reverse_right,1
3841,-36.479,-1.5,0.5,180.0,roundabout_left_horizontal_reverse_right,roundabout_left_horizontal_clean,roundabout_left_horizontal_clean,right,reverse,reverse_right,1
3842,-36.979,-1.5,0.5,180.0,roundabout_left_horizontal_reverse_right,roundabout_left_horizontal_clean,roundabout_left_horizontal_clean,right,reverse,reverse_right,1
3843,-37.479,-1.5,0.5,180.0,roundabout_left_horizontal_reverse_right,roundabout_left_horizontal_clean,roundabout_left_horizontal_clean,right,reverse,reverse_right,1
3844,-37.979,-1.5,0.5,180.0,roundabout_left_horizontal_reverse_right,roundabout_left_horizontal_clean,roundabout_left_horizontal_clean,right,reverse,reverse_right,1
3845,-38.479,-1.5,0.5,180.0,roundabout_left_horizontal_reverse_right,roundabout_left_horizontal_clean,roundabout_left_horizontal_clean,right,reverse,reverse_right,1
3846,-38.979,-1.5,0.5,180.0,roundabout_left_horizontal_reverse_right,roundabout_left_horizontal_clean,roundabout_left_horizontal_clean,right,reverse,reverse_right,1
3847,-39.479,-1.5,0.5,180.0,roundabout_left_horizontal_reverse_right,roundabout_left_horizontal_clean,roundabout_left_horizontal_clean,right,reverse,reverse_right,1
3848,-39.979,-1.5,0.5,180.0,roundabout_left_horizontal_reverse_right,roundabout_left_horizontal_clean,roundabout_left_horizontal_clean,right,reverse,reverse_right,0
3849,40.0,-1.5,0.5,180.0,roundabout_right_horizontal_reverse_right,roundabout_right_horizontal_clean,roundabout_right_horizontal_clean,right,reverse,reverse_right,1
3850,39.5,-1.5,0.5,180.0,roundabout_right_horizontal_reverse_right,roundabout_right_horizontal_clean,roundabout_right_horizontal_clean,right,reverse,reverse_right,1
3851,39.0,-1.5,0.5,180.0,roundabout_right_horizontal_reverse_right,roundabout_right_horizontal_clean,roundabout_right_horizontal_clean,right,reverse,reverse_right,1
3852,38.5,-1.5,0.5,180.0,roundabout_right_horizontal_reverse_right,roundabout_right_horizontal_clean,roundabout_right_horizontal_clean,right,reverse,reverse_right,1
3853,38.0,-1.5,0.5,180.0,roundabout_right_horizontal_reverse_right,roundabout_right_horizontal_clean,roundabout_right_horizontal_clean,right,reverse,reverse_right,1
3854,37.5,-1.5,0.5,180.0,roundabout_right_horizontal_reverse_right,roundabout_right_horizontal_clean,roundabout_right_horizontal_clean,right,reverse,reverse_right,1
3855,37.0,-1.5,0.5,180.0,roundabout_right_horizontal_reverse_right,roundabout_right_horizontal_clean,roundabout_right_horizontal_clean,right,reverse,reverse_right,1
3856,36.5,-1.5,0.5,180.0,roundabout_right_horizontal_reverse_right,roundabout_right_horizontal_clean,roundabout_right_horizontal_clean,right,reverse,reverse_right,1
3857,36.0,-1.5,0.5,180.0,roundabout_right_horizontal_reverse_right,roundabout_right_horizontal_clean,roundabout_right_horizontal_clean,right,reverse,reverse_right,1
3858,35.5,-1.5,0.5,180.0,roundabout_right_horizontal_reverse_right,roundabout_right_horizontal_clean,roundabout_right_horizontal_clean,right,reverse,reverse_right,1
3859,35.0,-1.5,0.5,180.0,roundabout_right_horizontal_reverse_right,roundabout_right_horizontal_clean,roundabout_right_horizontal_clean,right,reverse,reverse_right,1
3860,34.5,-1.5,0.5,180.0,roundabout_right_horizontal_reverse_right,roundabout_right_horizontal_clean,roundabout_right_horizontal_clean,right,reverse,reverse_right,1
3861,34.0,-1.5,0.5,180.0,roundabout_right_horizontal_reverse_right,roundabout_right_horizontal_clean,roundabout_right_horizontal_clean,right,reverse,reverse_right,1
3862,33.5,-1.5,0.5,180.0,roundabout_right_horizontal_reverse_right,roundabout_right_horizontal_clean,roundabout_right_horizontal_clean,right,reverse,reverse_right,1
3863,33.0,-1.5,0.5,180.0,roundabout_right_horizontal_reverse_right,roundabout_right_horizontal_clean,roundabout_right_horizontal_clean,right,reverse,reverse_right,1
3864,32.5,-1.5,0.5,180.0,roundabout_right_horizontal_reverse_right,roundabout_right_horizontal_clean,roundabout_right_horizontal_clean,right,reverse,reverse_right,1
3865,32.0,-1.5,0.5,180.0,roundabout_right_horizontal_reverse_right,roundabout_right_horizontal_clean,roundabout_right_horizontal_clean,right,reverse,reverse_right,1
3866,31.5,-1.5,0.5,180.0,roundabout_right_horizontal_reverse_right,roundabout_right_horizontal_clean,roundabout_right_horizontal_clean,right,reverse,reverse_right,1
3867,31.0,-1.5,0.5,180.0,roundabout_right_horizontal_reverse_right,roundabout_right_horizontal_clean,roundabout_right_horizontal_clean,right,reverse,reverse_right,1
3868,30.5,-1.5,0.5,180.0,roundabout_right_horizontal_reverse_right,roundabout_right_horizontal_clean,roundabout_right_horizontal_clean,right,reverse,reverse_right,1
3869,30.0,-1.5,0.5,180.0,roundabout_right_horizontal_reverse_right,roundabout_right_horizontal_clean,roundabout_right_horizontal_clean,right,reverse,reverse_right,1
3870,29.5,-1.5,0.5,180.0,roundabout_right_horizontal_reverse_right,roundabout_right_horizontal_clean,roundabout_right_horizontal_clean,right,reverse,reverse_right,1
3871,29.0,-1.5,0.5,180.0,roundabout_right_horizontal_reverse_right,roundabout_right_horizontal_clean,roundabout_right_horizontal_clean,right,reverse,reverse_right,1
3872,28.5,-1.5,0.5,180.0,roundabout_right_horizontal_reverse_right,roundabout_right_horizontal_clean,roundabout_right_horizontal_clean,right,reverse,reverse_right,1
3873,28.0,-1.5,0.5,180.0,roundabout_right_horizontal_reverse_right,roundabout_right_horizontal_clean,roundabout_right_horizontal_clean,right,reverse,reverse_right,1
3874,27.5,-1.5,0.5,180.0,roundabout_right_horizontal_reverse_right,roundabout_right_horizontal_clean,roundabout_right_horizontal_clean,right,reverse,reverse_right,1
3875,27.0,-1.5,0.5,180.0,roundabout_right_horizontal_reverse_right,roundabout_right_horizontal_clean,roundabout_right_horizontal_clean,right,reverse,reverse_right,1
3876,26.5,-1.5,0.5,180.0,roundabout_right_horizontal_reverse_right,roundabout_right_horizontal_clean,roundabout_right_horizontal_clean,right,reverse,reverse_right,1
3877,26.0,-1.5,0.5,180.0,roundabout_right_horizontal_reverse_right,roundabout_right_horizontal_clean,roundabout_right_horizontal_clean,right,reverse,reverse_right,1
3878,25.5,-1.5,0.5,180.0,roundabout_right_horizontal_reverse_right,roundabout_right_horizontal_clean,roundabout_right_horizontal_clean,right,reverse,reverse_right,1
3879,25.0,-1.5,0.5,180.0,roundabout_right_horizontal_reverse_right,roundabout_right_horizontal_clean,roundabout_right_horizontal_clean,right,reverse,reverse_right,1
3880,24.5,-1.5,0.5,180.0,roundabout_right_horizontal_reverse_right,roundabout_right_horizontal_clean,roundabout_right_horizontal_clean,right,reverse,reverse_right,1
3881,24.0,-1.5,0.5,180.0,roundabout_right_horizontal_reverse_right,roundabout_right_horizontal_clean,roundabout_right_horizontal_clean,right,reverse,reverse_right,1
3882,23.5,-1.5,0.5,180.0,roundabout_right_horizontal_reverse_right,roundabout_right_horizontal_clean,roundabout_right_horizontal_clean,right,reverse,reverse_right,1
3883,23.0,-1.5,0.5,180.0,roundabout_right_horizontal_reverse_right,roundabout_right_horizontal_clean,roundabout_right_horizontal_clean,right,reverse,reverse_right,1
3884,22.5,-1.5,0.5,180.0,roundabout_right_horizontal_reverse_right,roundabout_right_horizontal_clean,roundabout_right_horizontal_clean,right,reverse,reverse_right,1
3885,22.0,-1.5,0.5,180.0,roundabout_right_horizontal_reverse_right,roundabout_right_horizontal_clean,roundabout_right_horizontal_clean,right,reverse,reverse_right,1
3886,21.5,-1.5,0.5,180.0,roundabout_right_horizontal_reverse_right,roundabout_right_horizontal_clean,roundabout_right_horizontal_clean,right,reverse,reverse_right,1
3887,21.0,-1.5,0.5,180.0,roundabout_right_horizontal_reverse_right,roundabout_right_horizontal_clean,roundabout_right_horizontal_clean,right,reverse,reverse_right,1
3888,20.5,-1.5,0.5,180.0,roundabout_right_horizontal_reverse_right,roundabout_right_horizontal_clean,roundabout_right_horizontal_clean,right,reverse,reverse_right,1
3889,20.0,-1.5,0.5,180.0,roundabout_right_horizontal_reverse_right,roundabout_right_horizontal_clean,roundabout_right_horizontal_clean,right,reverse,reverse_right,1
3890,19.5,-1.5,0.5,180.0,roundabout_right_horizontal_reverse_right,roundabout_right_horizontal_clean,roundabout_right_horizontal_clean,right,reverse,reverse_right,1
3891,19.0,-1.5,0.5,180.0,roundabout_right_horizontal_reverse_right,roundabout_right_horizontal_clean,roundabout_right_horizontal_clean,right,reverse,reverse_right,1
3892,18.5,-1.5,0.5,180.0,roundabout_right_horizontal_reverse_right,roundabout_right_horizontal_clean,roundabout_right_horizontal_clean,right,reverse,reverse_right,1
3893,18.0,-1.5,0.5,180.0,roundabout_right_horizontal_reverse_right,roundabout_right_horizontal_clean,roundabout_right_horizontal_clean,right,reverse,reverse_right,1
3894,17.5,-1.5,0.5,180.0,roundabout_right_horizontal_reverse_right,roundabout_right_horizontal_clean,roundabout_right_horizontal_clean,right,reverse,reverse_right,1
3895,17.0,-1.5,0.5,180.0,roundabout_right_horizontal_reverse_right,roundabout_right_horizontal_clean,roundabout_right_horizontal_clean,right,reverse,reverse_right,1
3896,16.5,-1.5,0.5,180.0,roundabout_right_horizontal_reverse_right,roundabout_right_horizontal_clean,roundabout_right_horizontal_clean,right,reverse,reverse_right,1
3897,16.0,-1.5,0.5,180.0,roundabout_right_horizontal_reverse_right,roundabout_right_horizontal_clean,roundabout_right_horizontal_clean,right,reverse,reverse_right,1
3898,15.5,-1.5,0.5,180.0,roundabout_right_horizontal_reverse_right,roundabout_right_horizontal_clean,roundabout_right_horizontal_clean,right,reverse,reverse_right,1
3899,15.0,-1.5,0.5,180.0,roundabout_right_horizontal_reverse_right,roundabout_right_horizontal_clean,roundabout_right_horizontal_clean,right,reverse,reverse_right,1
3900,14.5,-1.5,0.5,180.0,roundabout_right_horizontal_reverse_right,roundabout_right_horizontal_clean,roundabout_right_horizontal_clean,right,reverse,reverse_right,1
3901,14.0,-1.5,0.5,180.0,roundabout_right_horizontal_reverse_right,roundabout_right_horizontal_clean,roundabout_right_horizontal_clean,right,reverse,reverse_right,1
3902,13.5,-1.5,0.5,180.0,roundabout_right_horizontal_reverse_right,roundabout_right_horizontal_clean,roundabout_right_horizontal_clean,right,reverse,reverse_right,1
3903,13.0,-1.5,0.5,180.0,roundabout_right_horizontal_reverse_right,roundabout_right_horizontal_clean,roundabout_right_horizontal_clean,right,reverse,reverse_right,1
3904,12.5,-1.5,0.5,180.0,roundabout_right_horizontal_reverse_right,roundabout_right_horizontal_clean,roundabout_right_horizontal_clean,right,reverse,reverse_right,1
3905,12.0,-1.5,0.5,180.0,roundabout_right_horizontal_reverse_right,roundabout_right_horizontal_clean,roundabout_right_horizontal_clean,right,reverse,reverse_right,1
3906,11.5,-1.5,0.5,180.0,roundabout_right_horizontal_reverse_right,roundabout_right_horizontal_clean,roundabout_right_horizontal_clean,right,reverse,reverse_right,1
3907,11.0,-1.5,0.5,180.0,roundabout_right_horizontal_reverse_right,roundabout_right_horizontal_clean,roundabout_right_horizontal_clean,right,reverse,reverse_right,1
3908,10.5,-1.5,0.5,180.0,roundabout_right_horizontal_reverse_right,roundabout_right_horizontal_clean,roundabout_right_horizontal_clean,right,reverse,reverse_right,1
3909,10.0,-1.5,0.5,180.0,roundabout_right_horizontal_reverse_right,roundabout_right_horizontal_clean,roundabout_right_horizontal_clean,right,reverse,reverse_right,1
3910,9.5,-1.5,0.5,180.0,roundabout_right_horizontal_reverse_right,roundabout_right_horizontal_clean,roundabout_right_horizontal_clean,right,reverse,reverse_right,1
3911,9.0,-1.5,0.5,180.0,roundabout_right_horizontal_reverse_right,roundabout_right_horizontal_clean,roundabout_right_horizontal_clean,right,reverse,reverse_right,1
3912,8.5,-1.5,0.5,180.0,roundabout_right_horizontal_reverse_right,roundabout_right_horizontal_clean,roundabout_right_horizontal_clean,right,reverse,reverse_right,1
3913,8.0,-1.5,0.5,180.0,roundabout_right_horizontal_reverse_right,roundabout_right_horizontal_clean,roundabout_right_horizontal_clean,right,reverse,reverse_right,1
3914,7.5,-1.5,0.5,180.0,roundabout_right_horizontal_reverse_right,roundabout_right_horizontal_clean,roundabout_right_horizontal_clean,right,reverse,reverse_right,1
3915,7.0,-1.5,0.5,180.0,roundabout_right_horizontal_reverse_right,roundabout_right_horizontal_clean,roundabout_right_horizontal_clean,right,reverse,reverse_right,1
3916,6.5,-1.5,0.5,180.0,roundabout_right_horizontal_reverse_right,roundabout_right_horizontal_clean,roundabout_right_horizontal_clean,right,reverse,reverse_right,1
3917,6.0,-1.5,0.5,180.0,roundabout_right_horizontal_reverse_right,roundabout_right_horizontal_clean,roundabout_right_horizontal_clean,right,reverse,reverse_right,1
3918,5.5,-1.5,0.5,180.0,roundabout_right_horizontal_reverse_right,roundabout_right_horizontal_clean,roundabout_right_horizontal_clean,right,reverse,reverse_right,1
3919,5.0,-1.5,0.5,180.0,roundabout_right_horizontal_reverse_right,roundabout_right_horizontal_clean,roundabout_right_horizontal_clean,right,reverse,reverse_right,1
3920,4.5,-1.5,0.5,180.0,roundabout_right_horizontal_reverse_right,roundabout_right_horizontal_clean,roundabout_right_horizontal_clean,right,reverse,reverse_right,1
3921,4.0,-1.5,0.5,180.0,roundabout_right_horizontal_reverse_right,roundabout_right_horizontal_clean,roundabout_right_horizontal_clean,right,reverse,reverse_right,1
3922,3.5,-1.5,0.5,180.0,roundabout_right_horizontal_reverse_right,roundabout_right_horizontal_clean,roundabout_right_horizontal_clean,right,reverse,reverse_right,1
3923,3.0,-1.5,0.5,180.0,roundabout_right_horizontal_reverse_right,roundabout_right_horizontal_clean,roundabout_right_horizontal_clean,right,reverse,reverse_right,1
3924,2.5,-1.5,0.5,180.0,roundabout_right_horizontal_reverse_right,roundabout_right_horizontal_clean,roundabout_right_horizontal_clean,right,reverse,reverse_right,1
3925,2.0,-1.5,0.5,180.0,roundabout_right_horizontal_reverse_right,roundabout_right_horizontal_clean,roundabout_right_horizontal_clean,right,reverse,reverse_right,1
3926,1.5,-1.5,0.5,180.0,roundabout_right_horizontal_reverse_right,roundabout_right_horizontal_clean,roundabout_right_horizontal_clean,right,reverse,reverse_right,1
3927,1.0,-1.5,0.5,180.0,roundabout_right_horizontal_reverse_right,roundabout_right_horizontal_clean,roundabout_right_horizontal_clean,right,reverse,reverse_right,1
3928,0.5,-1.5,0.5,180.0,roundabout_right_horizontal_reverse_right,roundabout_right_horizontal_clean,roundabout_right_horizontal_clean,right,reverse,reverse_right,1
3929,0.0,-1.5,0.5,180.0,roundabout_right_horizontal_reverse_right,roundabout_right_horizontal_clean,roundabout_right_horizontal_clean,right,reverse,reverse_right,1
3930,-0.5,-1.5,0.5,180.0,roundabout_right_horizontal_reverse_right,roundabout_right_horizontal_clean,roundabout_right_horizontal_clean,right,reverse,reverse_right,1
3931,-1.0,-1.5,0.5,180.0,roundabout_right_horizontal_reverse_right,roundabout_right_horizontal_clean,roundabout_right_horizontal_clean,right,reverse,reverse_right,1
3932,-1.5,-1.5,0.5,180.0,roundabout_right_horizontal_reverse_right,roundabout_right_horizontal_clean,roundabout_right_horizontal_clean,right,reverse,reverse_right,1
3933,-2.0,-1.5,0.5,180.0,roundabout_right_horizontal_reverse_right,roundabout_right_horizontal_clean,roundabout_right_horizontal_clean,right,reverse,reverse_right,1
3934,-2.5,-1.5,0.5,180.0,roundabout_right_horizontal_reverse_right,roundabout_right_horizontal_clean,roundabout_right_horizontal_clean,right,reverse,reverse_right,1
3935,-3.0,-1.5,0.5,180.0,roundabout_right_horizontal_reverse_right,roundabout_right_horizontal_clean,roundabout_right_horizontal_clean,right,reverse,reverse_right,1
3936,-3.5,-1.5,0.5,180.0,roundabout_right_horizontal_reverse_right,roundabout_right_horizontal_clean,roundabout_right_horizontal_clean,right,reverse,reverse_right,1
3937,-4.0,-1.5,0.5,180.0,roundabout_right_horizontal_reverse_right,roundabout_right_horizontal_clean,roundabout_right_horizontal_clean,right,reverse,reverse_right,1
3938,-4.5,-1.5,0.5,180.0,roundabout_right_horizontal_reverse_right,roundabout_right_horizontal_clean,roundabout_right_horizontal_clean,right,reverse,reverse_right,1
3939,-5.0,-1.5,0.5,180.0,roundabout_right_horizontal_reverse_right,roundabout_right_horizontal_clean,roundabout_right_horizontal_clean,right,reverse,reverse_right,1
3940,-5.5,-1.5,0.5,180.0,roundabout_right_horizontal_reverse_right,roundabout_right_horizontal_clean,roundabout_right_horizontal_clean,right,reverse,reverse_right,1
3941,-6.0,-1.5,0.5,180.0,roundabout_right_horizontal_reverse_right,roundabout_right_horizontal_clean,roundabout_right_horizontal_clean,right,reverse,reverse_right,1
3942,-6.5,-1.5,0.5,180.0,roundabout_right_horizontal_reverse_right,roundabout_right_horizontal_clean,roundabout_right_horizontal_clean,right,reverse,reverse_right,1
3943,-7.0,-1.5,0.5,180.0,roundabout_right_horizontal_reverse_right,roundabout_right_horizontal_clean,roundabout_right_horizontal_clean,right,reverse,reverse_right,1
3944,-7.5,-1.5,0.5,180.0,roundabout_right_horizontal_reverse_right,roundabout_right_horizontal_clean,roundabout_right_horizontal_clean,right,reverse,reverse_right,1
3945,-8.0,-1.5,0.5,180.0,roundabout_right_horizontal_reverse_right,roundabout_right_horizontal_clean,roundabout_right_horizontal_clean,right,reverse,reverse_right,1
3946,-8.5,-1.5,0.5,180.0,roundabout_right_horizontal_reverse_right,roundabout_right_horizontal_clean,roundabout_right_horizontal_clean,right,reverse,reverse_right,1
3947,-9.0,-1.5,0.5,180.0,roundabout_right_horizontal_reverse_right,roundabout_right_horizontal_clean,roundabout_right_horizontal_clean,right,reverse,reverse_right,1
3948,-9.5,-1.5,0.5,180.0,roundabout_right_horizontal_reverse_right,roundabout_right_horizontal_clean,roundabout_right_horizontal_clean,right,reverse,reverse_right,0
3949,-17.25,-34.0,0.5,90.0,roundabout_bottom_vertical_forward_right,roundabout_bottom_vertical_clean,roundabout_bottom_vertical_clean,right,forward,forward_right,1
3950,-17.25,-33.5,0.5,90.0,roundabout_bottom_vertical_forward_right,roundabout_bottom_vertical_clean,roundabout_bottom_vertical_clean,right,forward,forward_right,1
3951,-17.25,-33.0,0.5,90.0,roundabout_bottom_vertical_forward_right,roundabout_bottom_vertical_clean,roundabout_bottom_vertical_clean,right,forward,forward_right,1
3952,-17.25,-32.5,0.5,90.0,roundabout_bottom_vertical_forward_right,roundabout_bottom_vertical_clean,roundabout_bottom_vertical_clean,right,forward,forward_right,1
3953,-17.25,-32.0,0.5,90.0,roundabout_bottom_vertical_forward_right,roundabout_bottom_vertical_clean,roundabout_bottom_vertical_clean,right,forward,forward_right,1
3954,-17.25,-31.5,0.5,90.0,roundabout_bottom_vertical_forward_right,roundabout_bottom_vertical_clean,roundabout_bottom_vertical_clean,right,forward,forward_right,1
3955,-17.25,-31.0,0.5,90.0,roundabout_bottom_vertical_forward_right,roundabout_bottom_vertical_clean,roundabout_bottom_vertical_clean,right,forward,forward_right,1
3956,-17.25,-30.5,0.5,90.0,roundabout_bottom_vertical_forward_right,roundabout_bottom_vertical_clean,roundabout_bottom_vertical_clean,right,forward,forward_right,1
3957,-17.25,-30.0,0.5,90.0,roundabout_bottom_vertical_forward_right,roundabout_bottom_vertical_clean,roundabout_bottom_vertical_clean,right,forward,forward_right,1
3958,-17.25,-29.5,0.5,90.0,roundabout_bottom_vertical_forward_right,roundabout_bottom_vertical_clean,roundabout_bottom_vertical_clean,right,forward,forward_right,1
3959,-17.25,-29.0,0.5,90.0,roundabout_bottom_vertical_forward_right,roundabout_bottom_vertical_clean,roundabout_bottom_vertical_clean,right,forward,forward_right,1
3960,-17.25,-28.5,0.5,90.0,roundabout_bottom_vertical_forward_right,roundabout_bottom_vertical_clean,roundabout_bottom_vertical_clean,right,forward,forward_right,1
3961,-17.25,-28.0,0.5,90.0,roundabout_bottom_vertical_forward_right,roundabout_bottom_vertical_clean,roundabout_bottom_vertical_clean,right,forward,forward_right,1
3962,-17.25,-27.5,0.5,90.0,roundabout_bottom_vertical_forward_right,roundabout_bottom_vertical_clean,roundabout_bottom_vertical_clean,right,forward,forward_right,1
3963,-17.25,-27.0,0.5,90.0,roundabout_bottom_vertical_forward_right,roundabout_bottom_vertical_clean,roundabout_bottom_vertical_clean,right,forward,forward_right,1
3964,-17.25,-26.5,0.5,90.0,roundabout_bottom_vertical_forward_right,roundabout_bottom_vertical_clean,roundabout_bottom_vertical_clean,right,forward,forward_right,1
3965,-17.25,-26.0,0.5,90.0,roundabout_bottom_vertical_forward_right,roundabout_bottom_vertical_clean,roundabout_bottom_vertical_clean,right,forward,forward_right,1
3966,-17.25,-25.5,0.5,90.0,roundabout_bottom_vertical_forward_right,roundabout_bottom_vertical_clean,roundabout_bottom_vertical_clean,right,forward,forward_right,1
3967,-17.25,-25.0,0.5,90.0,roundabout_bottom_vertical_forward_right,roundabout_bottom_vertical_clean,roundabout_bottom_vertical_clean,right,forward,forward_right,1
3968,-17.25,-24.5,0.5,90.0,roundabout_bottom_vertical_forward_right,roundabout_bottom_vertical_clean,roundabout_bottom_vertical_clean,right,forward,forward_right,1
3969,-17.25,-24.0,0.5,90.0,roundabout_bottom_vertical_forward_right,roundabout_bottom_vertical_clean,roundabout_bottom_vertical_clean,right,forward,forward_right,1
3970,-17.25,-23.5,0.5,90.0,roundabout_bottom_vertical_forward_right,roundabout_bottom_vertical_clean,roundabout_bottom_vertical_clean,right,forward,forward_right,1
3971,-17.25,-23.0,0.5,90.0,roundabout_bottom_vertical_forward_right,roundabout_bottom_vertical_clean,roundabout_bottom_vertical_clean,right,forward,forward_right,1
3972,-17.25,-22.5,0.5,90.0,roundabout_bottom_vertical_forward_right,roundabout_bottom_vertical_clean,roundabout_bottom_vertical_clean,right,forward,forward_right,1
3973,-17.25,-22.0,0.5,90.0,roundabout_bottom_vertical_forward_right,roundabout_bottom_vertical_clean,roundabout_bottom_vertical_clean,right,forward,forward_right,1
3974,-17.25,-21.5,0.5,90.0,roundabout_bottom_vertical_forward_right,roundabout_bottom_vertical_clean,roundabout_bottom_vertical_clean,right,forward,forward_right,1
3975,-17.25,-21.0,0.5,90.0,roundabout_bottom_vertical_forward_right,roundabout_bottom_vertical_clean,roundabout_bottom_vertical_clean,right,forward,forward_right,1
3976,-17.25,-20.5,0.5,90.0,roundabout_bottom_vertical_forward_right,roundabout_bottom_vertical_clean,roundabout_bottom_vertical_clean,right,forward,forward_right,1
3977,-17.25,-20.0,0.5,90.0,roundabout_bottom_vertical_forward_right,roundabout_bottom_vertical_clean,roundabout_bottom_vertical_clean,right,forward,forward_right,1
3978,-17.25,-19.5,0.5,90.0,roundabout_bottom_vertical_forward_right,roundabout_bottom_vertical_clean,roundabout_bottom_vertical_clean,right,forward,forward_right,1
3979,-17.25,-19.0,0.5,90.0,roundabout_bottom_vertical_forward_right,roundabout_bottom_vertical_clean,roundabout_bottom_vertical_clean,right,forward,forward_right,1
3980,-17.25,-18.5,0.5,90.0,roundabout_bottom_vertical_forward_right,roundabout_bottom_vertical_clean,roundabout_bottom_vertical_clean,right,forward,forward_right,1
3981,-17.25,-18.0,0.5,90.0,roundabout_bottom_vertical_forward_right,roundabout_bottom_vertical_clean,roundabout_bottom_vertical_clean,right,forward,forward_right,1
3982,-17.25,-17.5,0.5,90.0,roundabout_bottom_vertical_forward_right,roundabout_bottom_vertical_clean,roundabout_bottom_vertical_clean,right,forward,forward_right,1
3983,-17.25,-17.0,0.5,90.0,roundabout_bottom_vertical_forward_right,roundabout_bottom_vertical_clean,roundabout_bottom_vertical_clean,right,forward,forward_right,1
3984,-17.25,-16.5,0.5,90.0,roundabout_bottom_vertical_forward_right,roundabout_bottom_vertical_clean,roundabout_bottom_vertical_clean,right,forward,forward_right,1
3985,-17.25,-16.0,0.5,90.0,roundabout_bottom_vertical_forward_right,roundabout_bottom_vertical_clean,roundabout_bottom_vertical_clean,right,forward,forward_right,1
3986,-17.25,-15.5,0.5,90.0,roundabout_bottom_vertical_forward_right,roundabout_bottom_vertical_clean,roundabout_bottom_vertical_clean,right,forward,forward_right,1
3987,-17.25,-15.0,0.5,90.0,roundabout_bottom_vertical_forward_right,roundabout_bottom_vertical_clean,roundabout_bottom_vertical_clean,right,forward,forward_right,1
3988,-17.25,-14.5,0.5,90.0,roundabout_bottom_vertical_forward_right,roundabout_bottom_vertical_clean,roundabout_bottom_vertical_clean,right,forward,forward_right,1
3989,-17.25,-14.0,0.5,90.0,roundabout_bottom_vertical_forward_right,roundabout_bottom_vertical_clean,roundabout_bottom_vertical_clean,right,forward,forward_right,1
3990,-17.25,-13.5,0.5,90.0,roundabout_bottom_vertical_forward_right,roundabout_bottom_vertical_clean,roundabout_bottom_vertical_clean,right,forward,forward_right,1
3991,-17.25,-13.13,0.5,90.0,roundabout_bottom_vertical_forward_right,roundabout_bottom_vertical_clean,roundabout_bottom_vertical_clean,right,forward,forward_right,0
3992,-17.25,5.63,0.5,90.0,roundabout_top_vertical_forward_right,roundabout_top_vertical_clean,roundabout_top_vertical_clean,right,forward,forward_right,1
3993,-17.25,6.13,0.5,90.0,roundabout_top_vertical_forward_right,roundabout_top_vertical_clean,roundabout_top_vertical_clean,right,forward,forward_right,1
3994,-17.25,6.63,0.5,90.0,roundabout_top_vertical_forward_right,roundabout_top_vertical_clean,roundabout_top_vertical_clean,right,forward,forward_right,1
3995,-17.25,7.13,0.5,90.0,roundabout_top_vertical_forward_right,roundabout_top_vertical_clean,roundabout_top_vertical_clean,right,forward,forward_right,1
3996,-17.25,7.63,0.5,90.0,roundabout_top_vertical_forward_right,roundabout_top_vertical_clean,roundabout_top_vertical_clean,right,forward,forward_right,1
3997,-17.25,8.13,0.5,90.0,roundabout_top_vertical_forward_right,roundabout_top_vertical_clean,roundabout_top_vertical_clean,right,forward,forward_right,1
3998,-17.25,8.63,0.5,90.0,roundabout_top_vertical_forward_right,roundabout_top_vertical_clean,roundabout_top_vertical_clean,right,forward,forward_right,1
3999,-17.25,9.13,0.5,90.0,roundabout_top_vertical_forward_right,roundabout_top_vertical_clean,roundabout_top_vertical_clean,right,forward,forward_right,1
4000,-17.25,9.63,0.5,90.0,roundabout_top_vertical_forward_right,roundabout_top_vertical_clean,roundabout_top_vertical_clean,right,forward,forward_right,1
4001,-17.25,10.13,0.5,90.0,roundabout_top_vertical_forward_right,roundabout_top_vertical_clean,roundabout_top_vertical_clean,right,forward,forward_right,1
4002,-17.25,10.63,0.5,90.0,roundabout_top_vertical_forward_right,roundabout_top_vertical_clean,roundabout_top_vertical_clean,right,forward,forward_right,1
4003,-17.25,11.13,0.5,90.0,roundabout_top_vertical_forward_right,roundabout_top_vertical_clean,roundabout_top_vertical_clean,right,forward,forward_right,1
4004,-17.25,11.63,0.5,90.0,roundabout_top_vertical_forward_right,roundabout_top_vertical_clean,roundabout_top_vertical_clean,right,forward,forward_right,1
4005,-17.25,12.13,0.5,90.0,roundabout_top_vertical_forward_right,roundabout_top_vertical_clean,roundabout_top_vertical_clean,right,forward,forward_right,1
4006,-17.25,12.63,0.5,90.0,roundabout_top_vertical_forward_right,roundabout_top_vertical_clean,roundabout_top_vertical_clean,right,forward,forward_right,1
4007,-17.25,13.13,0.5,90.0,roundabout_top_vertical_forward_right,roundabout_top_vertical_clean,roundabout_top_vertical_clean,right,forward,forward_right,1
4008,-17.25,13.63,0.5,90.0,roundabout_top_vertical_forward_right,roundabout_top_vertical_clean,roundabout_top_vertical_clean,right,forward,forward_right,1
4009,-17.25,14.13,0.5,90.0,roundabout_top_vertical_forward_right,roundabout_top_vertical_clean,roundabout_top_vertical_clean,right,forward,forward_right,1
4010,-17.25,14.63,0.5,90.0,roundabout_top_vertical_forward_right,roundabout_top_vertical_clean,roundabout_top_vertical_clean,right,forward,forward_right,1
4011,-17.25,15.13,0.5,90.0,roundabout_top_vertical_forward_right,roundabout_top_vertical_clean,roundabout_top_vertical_clean,right,forward,forward_right,1
4012,-17.25,15.63,0.5,90.0,roundabout_top_vertical_forward_right,roundabout_top_vertical_clean,roundabout_top_vertical_clean,right,forward,forward_right,1
4013,-17.25,16.13,0.5,90.0,roundabout_top_vertical_forward_right,roundabout_top_vertical_clean,roundabout_top_vertical_clean,right,forward,forward_right,1
4014,-17.25,16.63,0.5,90.0,roundabout_top_vertical_forward_right,roundabout_top_vertical_clean,roundabout_top_vertical_clean,right,forward,forward_right,1
4015,-17.25,17.13,0.5,90.0,roundabout_top_vertical_forward_right,roundabout_top_vertical_clean,roundabout_top_vertical_clean,right,forward,forward_right,1
4016,-17.25,17.63,0.5,90.0,roundabout_top_vertical_forward_right,roundabout_top_vertical_clean,roundabout_top_vertical_clean,right,forward,forward_right,1
4017,-17.25,18.13,0.5,90.0,roundabout_top_vertical_forward_right,roundabout_top_vertical_clean,roundabout_top_vertical_clean,right,forward,forward_right,1
4018,-17.25,18.63,0.5,90.0,roundabout_top_vertical_forward_right,roundabout_top_vertical_clean,roundabout_top_vertical_clean,right,forward,forward_right,1
4019,-17.25,19.13,0.5,90.0,roundabout_top_vertical_forward_right,roundabout_top_vertical_clean,roundabout_top_vertical_clean,right,forward,forward_right,1
4020,-17.25,19.63,0.5,90.0,roundabout_top_vertical_forward_right,roundabout_top_vertical_clean,roundabout_top_vertical_clean,right,forward,forward_right,1
4021,-17.25,20.13,0.5,90.0,roundabout_top_vertical_forward_right,roundabout_top_vertical_clean,roundabout_top_vertical_clean,right,forward,forward_right,1
4022,-17.25,20.63,0.5,90.0,roundabout_top_vertical_forward_right,roundabout_top_vertical_clean,roundabout_top_vertical_clean,right,forward,forward_right,1
4023,-17.25,21.13,0.5,90.0,roundabout_top_vertical_forward_right,roundabout_top_vertical_clean,roundabout_top_vertical_clean,right,forward,forward_right,1
4024,-17.25,21.63,0.5,90.0,roundabout_top_vertical_forward_right,roundabout_top_vertical_clean,roundabout_top_vertical_clean,right,forward,forward_right,1
4025,-17.25,22.13,0.5,90.0,roundabout_top_vertical_forward_right,roundabout_top_vertical_clean,roundabout_top_vertical_clean,right,forward,forward_right,1
4026,-17.25,22.63,0.5,90.0,roundabout_top_vertical_forward_right,roundabout_top_vertical_clean,roundabout_top_vertical_clean,right,forward,forward_right,1
4027,-17.25,23.13,0.5,90.0,roundabout_top_vertical_forward_right,roundabout_top_vertical_clean,roundabout_top_vertical_clean,right,forward,forward_right,1
4028,-17.25,23.63,0.5,90.0,roundabout_top_vertical_forward_right,roundabout_top_vertical_clean,roundabout_top_vertical_clean,right,forward,forward_right,1
4029,-17.25,24.13,0.5,90.0,roundabout_top_vertical_forward_right,roundabout_top_vertical_clean,roundabout_top_vertical_clean,right,forward,forward_right,1
4030,-17.25,24.63,0.5,90.0,roundabout_top_vertical_forward_right,roundabout_top_vertical_clean,roundabout_top_vertical_clean,right,forward,forward_right,1
4031,-17.25,25.13,0.5,90.0,roundabout_top_vertical_forward_right,roundabout_top_vertical_clean,roundabout_top_vertical_clean,right,forward,forward_right,1
4032,-17.25,25.63,0.5,90.0,roundabout_top_vertical_forward_right,roundabout_top_vertical_clean,roundabout_top_vertical_clean,right,forward,forward_right,1
4033,-17.25,26.13,0.5,90.0,roundabout_top_vertical_forward_right,roundabout_top_vertical_clean,roundabout_top_vertical_clean,right,forward,forward_right,1
4034,-17.25,26.63,0.5,90.0,roundabout_top_vertical_forward_right,roundabout_top_vertical_clean,roundabout_top_vertical_clean,right,forward,forward_right,1
4035,-17.25,27.13,0.5,90.0,roundabout_top_vertical_forward_right,roundabout_top_vertical_clean,roundabout_top_vertical_clean,right,forward,forward_right,1
4036,-17.25,27.63,0.5,90.0,roundabout_top_vertical_forward_right,roundabout_top_vertical_clean,roundabout_top_vertical_clean,right,forward,forward_right,1
4037,-17.25,28.13,0.5,90.0,roundabout_top_vertical_forward_right,roundabout_top_vertical_clean,roundabout_top_vertical_clean,right,forward,forward_right,1
4038,-17.25,28.63,0.5,90.0,roundabout_top_vertical_forward_right,roundabout_top_vertical_clean,roundabout_top_vertical_clean,right,forward,forward_right,1
4039,-17.25,29.13,0.5,90.0,roundabout_top_vertical_forward_right,roundabout_top_vertical_clean,roundabout_top_vertical_clean,right,forward,forward_right,1
4040,-17.25,29.63,0.5,90.0,roundabout_top_vertical_forward_right,roundabout_top_vertical_clean,roundabout_top_vertical_clean,right,forward,forward_right,1
4041,-17.25,30.13,0.5,90.0,roundabout_top_vertical_forward_right,roundabout_top_vertical_clean,roundabout_top_vertical_clean,right,forward,forward_right,1
4042,-17.25,30.63,0.5,90.0,roundabout_top_vertical_forward_right,roundabout_top_vertical_clean,roundabout_top_vertical_clean,right,forward,forward_right,1
4043,-17.25,31.13,0.5,90.0,roundabout_top_vertical_forward_right,roundabout_top_vertical_clean,roundabout_top_vertical_clean,right,forward,forward_right,1
4044,-17.25,31.63,0.5,90.0,roundabout_top_vertical_forward_right,roundabout_top_vertical_clean,roundabout_top_vertical_clean,right,forward,forward_right,1
4045,-17.25,32.13,0.5,90.0,roundabout_top_vertical_forward_right,roundabout_top_vertical_clean,roundabout_top_vertical_clean,right,forward,forward_right,1
4046,-17.25,32.63,0.5,90.0,roundabout_top_vertical_forward_right,roundabout_top_vertical_clean,roundabout_top_vertical_clean,right,forward,forward_right,1
4047,-17.25,33.13,0.5,90.0,roundabout_top_vertical_forward_right,roundabout_top_vertical_clean,roundabout_top_vertical_clean,right,forward,forward_right,1
4048,-17.25,33.63,0.5,90.0,roundabout_top_vertical_forward_right,roundabout_top_vertical_clean,roundabout_top_vertical_clean,right,forward,forward_right,1
4049,-17.25,34.13,0.5,90.0,roundabout_top_vertical_forward_right,roundabout_top_vertical_clean,roundabout_top_vertical_clean,right,forward,forward_right,1
4050,-17.25,34.63,0.5,90.0,roundabout_top_vertical_forward_right,roundabout_top_vertical_clean,roundabout_top_vertical_clean,right,forward,forward_right,1
4051,-17.25,35.13,0.5,90.0,roundabout_top_vertical_forward_right,roundabout_top_vertical_clean,roundabout_top_vertical_clean,right,forward,forward_right,1
4052,-17.25,35.63,0.5,90.0,roundabout_top_vertical_forward_right,roundabout_top_vertical_clean,roundabout_top_vertical_clean,right,forward,forward_right,1
4053,-17.25,36.13,0.5,90.0,roundabout_top_vertical_forward_right,roundabout_top_vertical_clean,roundabout_top_vertical_clean,right,forward,forward_right,1
4054,-17.25,36.63,0.5,90.0,roundabout_top_vertical_forward_right,roundabout_top_vertical_clean,roundabout_top_vertical_clean,right,forward,forward_right,1
4055,-17.25,37.13,0.5,90.0,roundabout_top_vertical_forward_right,roundabout_top_vertical_clean,roundabout_top_vertical_clean,right,forward,forward_right,1
4056,-17.25,37.63,0.5,90.0,roundabout_top_vertical_forward_right,roundabout_top_vertical_clean,roundabout_top_vertical_clean,right,forward,forward_right,1
4057,-17.25,38.13,0.5,90.0,roundabout_top_vertical_forward_right,roundabout_top_vertical_clean,roundabout_top_vertical_clean,right,forward,forward_right,1
4058,-17.25,38.63,0.5,90.0,roundabout_top_vertical_forward_right,roundabout_top_vertical_clean,roundabout_top_vertical_clean,right,forward,forward_right,1
4059,-17.25,39.13,0.5,90.0,roundabout_top_vertical_forward_right,roundabout_top_vertical_clean,roundabout_top_vertical_clean,right,forward,forward_right,1
4060,-17.25,39.63,0.5,90.0,roundabout_top_vertical_forward_right,roundabout_top_vertical_clean,roundabout_top_vertical_clean,right,forward,forward_right,1
4061,-17.25,40.13,0.5,90.0,roundabout_top_vertical_forward_right,roundabout_top_vertical_clean,roundabout_top_vertical_clean,right,forward,forward_right,1
4062,-17.25,40.63,0.5,90.0,roundabout_top_vertical_forward_right,roundabout_top_vertical_clean,roundabout_top_vertical_clean,right,forward,forward_right,1
4063,-17.25,41.13,0.5,90.0,roundabout_top_vertical_forward_right,roundabout_top_vertical_clean,roundabout_top_vertical_clean,right,forward,forward_right,1
4064,-17.25,41.63,0.5,90.0,roundabout_top_vertical_forward_right,roundabout_top_vertical_clean,roundabout_top_vertical_clean,right,forward,forward_right,1
4065,-17.25,42.13,0.5,90.0,roundabout_top_vertical_forward_right,roundabout_top_vertical_clean,roundabout_top_vertical_clean,right,forward,forward_right,1
4066,-17.25,42.63,0.5,90.0,roundabout_top_vertical_forward_right,roundabout_top_vertical_clean,roundabout_top_vertical_clean,right,forward,forward_right,1
4067,-17.25,43.13,0.5,90.0,roundabout_top_vertical_forward_right,roundabout_top_vertical_clean,roundabout_top_vertical_clean,right,forward,forward_right,1
4068,-17.25,43.63,0.5,90.0,roundabout_top_vertical_forward_right,roundabout_top_vertical_clean,roundabout_top_vertical_clean,right,forward,forward_right,1
4069,-17.25,44.13,0.5,90.0,roundabout_top_vertical_forward_right,roundabout_top_vertical_clean,roundabout_top_vertical_clean,right,forward,forward_right,1
4070,-17.25,44.63,0.5,90.0,roundabout_top_vertical_forward_right,roundabout_top_vertical_clean,roundabout_top_vertical_clean,right,forward,forward_right,1
4071,-17.25,45.13,0.5,90.0,roundabout_top_vertical_forward_right,roundabout_top_vertical_clean,roundabout_top_vertical_clean,right,forward,forward_right,1
4072,-17.25,45.63,0.5,90.0,roundabout_top_vertical_forward_right,roundabout_top_vertical_clean,roundabout_top_vertical_clean,right,forward,forward_right,1
4073,-17.25,46.13,0.5,90.0,roundabout_top_vertical_forward_right,roundabout_top_vertical_clean,roundabout_top_vertical_clean,right,forward,forward_right,1
4074,-17.25,46.63,0.5,90.0,roundabout_top_vertical_forward_right,roundabout_top_vertical_clean,roundabout_top_vertical_clean,right,forward,forward_right,1
4075,-17.25,47.13,0.5,90.0,roundabout_top_vertical_forward_right,roundabout_top_vertical_clean,roundabout_top_vertical_clean,right,forward,forward_right,1
4076,-17.25,47.63,0.5,90.0,roundabout_top_vertical_forward_right,roundabout_top_vertical_clean,roundabout_top_vertical_clean,right,forward,forward_right,1
4077,-17.25,48.0,0.5,90.0,roundabout_top_vertical_forward_right,roundabout_top_vertical_clean,roundabout_top_vertical_clean,right,forward,forward_right,0
4078,-20.25,-13.13,0.5,-90.0,roundabout_bottom_vertical_reverse_right,roundabout_bottom_vertical_clean,roundabout_bottom_vertical_clean,right,reverse,reverse_right,1
4079,-20.25,-13.63,0.5,-90.0,roundabout_bottom_vertical_reverse_right,roundabout_bottom_vertical_clean,roundabout_bottom_vertical_clean,right,reverse,reverse_right,1
4080,-20.25,-14.13,0.5,-90.0,roundabout_bottom_vertical_reverse_right,roundabout_bottom_vertical_clean,roundabout_bottom_vertical_clean,right,reverse,reverse_right,1
4081,-20.25,-14.63,0.5,-90.0,roundabout_bottom_vertical_reverse_right,roundabout_bottom_vertical_clean,roundabout_bottom_vertical_clean,right,reverse,reverse_right,1
4082,-20.25,-15.13,0.5,-90.0,roundabout_bottom_vertical_reverse_right,roundabout_bottom_vertical_clean,roundabout_bottom_vertical_clean,right,reverse,reverse_right,1
4083,-20.25,-15.63,0.5,-90.0,roundabout_bottom_vertical_reverse_right,roundabout_bottom_vertical_clean,roundabout_bottom_vertical_clean,right,reverse,reverse_right,1
4084,-20.25,-16.13,0.5,-90.0,roundabout_bottom_vertical_reverse_right,roundabout_bottom_vertical_clean,roundabout_bottom_vertical_clean,right,reverse,reverse_right,1
4085,-20.25,-16.63,0.5,-90.0,roundabout_bottom_vertical_reverse_right,roundabout_bottom_vertical_clean,roundabout_bottom_vertical_clean,right,reverse,reverse_right,1
4086,-20.25,-17.13,0.5,-90.0,roundabout_bottom_vertical_reverse_right,roundabout_bottom_vertical_clean,roundabout_bottom_vertical_clean,right,reverse,reverse_right,1
4087,-20.25,-17.63,0.5,-90.0,roundabout_bottom_vertical_reverse_right,roundabout_bottom_vertical_clean,roundabout_bottom_vertical_clean,right,reverse,reverse_right,1
4088,-20.25,-18.13,0.5,-90.0,roundabout_bottom_vertical_reverse_right,roundabout_bottom_vertical_clean,roundabout_bottom_vertical_clean,right,reverse,reverse_right,1
4089,-20.25,-18.63,0.5,-90.0,roundabout_bottom_vertical_reverse_right,roundabout_bottom_vertical_clean,roundabout_bottom_vertical_clean,right,reverse,reverse_right,1
4090,-20.25,-19.13,0.5,-90.0,roundabout_bottom_vertical_reverse_right,roundabout_bottom_vertical_clean,roundabout_bottom_vertical_clean,right,reverse,reverse_right,1
4091,-20.25,-19.63,0.5,-90.0,roundabout_bottom_vertical_reverse_right,roundabout_bottom_vertical_clean,roundabout_bottom_vertical_clean,right,reverse,reverse_right,1
4092,-20.25,-20.13,0.5,-90.0,roundabout_bottom_vertical_reverse_right,roundabout_bottom_vertical_clean,roundabout_bottom_vertical_clean,right,reverse,reverse_right,1
4093,-20.25,-20.63,0.5,-90.0,roundabout_bottom_vertical_reverse_right,roundabout_bottom_vertical_clean,roundabout_bottom_vertical_clean,right,reverse,reverse_right,1
4094,-20.25,-21.13,0.5,-90.0,roundabout_bottom_vertical_reverse_right,roundabout_bottom_vertical_clean,roundabout_bottom_vertical_clean,right,reverse,reverse_right,1
4095,-20.25,-21.63,0.5,-90.0,roundabout_bottom_vertical_reverse_right,roundabout_bottom_vertical_clean,roundabout_bottom_vertical_clean,right,reverse,reverse_right,1
4096,-20.25,-22.13,0.5,-90.0,roundabout_bottom_vertical_reverse_right,roundabout_bottom_vertical_clean,roundabout_bottom_vertical_clean,right,reverse,reverse_right,1
4097,-20.25,-22.63,0.5,-90.0,roundabout_bottom_vertical_reverse_right,roundabout_bottom_vertical_clean,roundabout_bottom_vertical_clean,right,reverse,reverse_right,1
4098,-20.25,-23.13,0.5,-90.0,roundabout_bottom_vertical_reverse_right,roundabout_bottom_vertical_clean,roundabout_bottom_vertical_clean,right,reverse,reverse_right,1
4099,-20.25,-23.63,0.5,-90.0,roundabout_bottom_vertical_reverse_right,roundabout_bottom_vertical_clean,roundabout_bottom_vertical_clean,right,reverse,reverse_right,1
4100,-20.25,-24.13,0.5,-90.0,roundabout_bottom_vertical_reverse_right,roundabout_bottom_vertical_clean,roundabout_bottom_vertical_clean,right,reverse,reverse_right,1
4101,-20.25,-24.63,0.5,-90.0,roundabout_bottom_vertical_reverse_right,roundabout_bottom_vertical_clean,roundabout_bottom_vertical_clean,right,reverse,reverse_right,1
4102,-20.25,-25.13,0.5,-90.0,roundabout_bottom_vertical_reverse_right,roundabout_bottom_vertical_clean,roundabout_bottom_vertical_clean,right,reverse,reverse_right,1
4103,-20.25,-25.63,0.5,-90.0,roundabout_bottom_vertical_reverse_right,roundabout_bottom_vertical_clean,roundabout_bottom_vertical_clean,right,reverse,reverse_right,1
4104,-20.25,-26.13,0.5,-90.0,roundabout_bottom_vertical_reverse_right,roundabout_bottom_vertical_clean,roundabout_bottom_vertical_clean,right,reverse,reverse_right,1
4105,-20.25,-26.63,0.5,-90.0,roundabout_bottom_vertical_reverse_right,roundabout_bottom_vertical_clean,roundabout_bottom_vertical_clean,right,reverse,reverse_right,1
4106,-20.25,-27.13,0.5,-90.0,roundabout_bottom_vertical_reverse_right,roundabout_bottom_vertical_clean,roundabout_bottom_vertical_clean,right,reverse,reverse_right,1
4107,-20.25,-27.63,0.5,-90.0,roundabout_bottom_vertical_reverse_right,roundabout_bottom_vertical_clean,roundabout_bottom_vertical_clean,right,reverse,reverse_right,1
4108,-20.25,-28.13,0.5,-90.0,roundabout_bottom_vertical_reverse_right,roundabout_bottom_vertical_clean,roundabout_bottom_vertical_clean,right,reverse,reverse_right,1
4109,-20.25,-28.63,0.5,-90.0,roundabout_bottom_vertical_reverse_right,roundabout_bottom_vertical_clean,roundabout_bottom_vertical_clean,right,reverse,reverse_right,1
4110,-20.25,-29.13,0.5,-90.0,roundabout_bottom_vertical_reverse_right,roundabout_bottom_vertical_clean,roundabout_bottom_vertical_clean,right,reverse,reverse_right,1
4111,-20.25,-29.63,0.5,-90.0,roundabout_bottom_vertical_reverse_right,roundabout_bottom_vertical_clean,roundabout_bottom_vertical_clean,right,reverse,reverse_right,1
4112,-20.25,-30.13,0.5,-90.0,roundabout_bottom_vertical_reverse_right,roundabout_bottom_vertical_clean,roundabout_bottom_vertical_clean,right,reverse,reverse_right,1
4113,-20.25,-30.63,0.5,-90.0,roundabout_bottom_vertical_reverse_right,roundabout_bottom_vertical_clean,roundabout_bottom_vertical_clean,right,reverse,reverse_right,1
4114,-20.25,-31.13,0.5,-90.0,roundabout_bottom_vertical_reverse_right,roundabout_bottom_vertical_clean,roundabout_bottom_vertical_clean,right,reverse,reverse_right,1
4115,-20.25,-31.63,0.5,-90.0,roundabout_bottom_vertical_reverse_right,roundabout_bottom_vertical_clean,roundabout_bottom_vertical_clean,right,reverse,reverse_right,1
4116,-20.25,-32.13,0.5,-90.0,roundabout_bottom_vertical_reverse_right,roundabout_bottom_vertical_clean,roundabout_bottom_vertical_clean,right,reverse,reverse_right,1
4117,-20.25,-32.63,0.5,-90.0,roundabout_bottom_vertical_reverse_right,roundabout_bottom_vertical_clean,roundabout_bottom_vertical_clean,right,reverse,reverse_right,1
4118,-20.25,-33.13,0.5,-90.0,roundabout_bottom_vertical_reverse_right,roundabout_bottom_vertical_clean,roundabout_bottom_vertical_clean,right,reverse,reverse_right,1
4119,-20.25,-33.63,0.5,-90.0,roundabout_bottom_vertical_reverse_right,roundabout_bottom_vertical_clean,roundabout_bottom_vertical_clean,right,reverse,reverse_right,1
4120,-20.25,-34.0,0.5,-90.0,roundabout_bottom_vertical_reverse_right,roundabout_bottom_vertical_clean,roundabout_bottom_vertical_clean,right,reverse,reverse_right,0
4121,-20.25,48.0,0.5,-90.0,roundabout_top_vertical_reverse_right,roundabout_top_vertical_clean,roundabout_top_vertical_clean,right,reverse,reverse_right,1
4122,-20.25,47.5,0.5,-90.0,roundabout_top_vertical_reverse_right,roundabout_top_vertical_clean,roundabout_top_vertical_clean,right,reverse,reverse_right,1
4123,-20.25,47.0,0.5,-90.0,roundabout_top_vertical_reverse_right,roundabout_top_vertical_clean,roundabout_top_vertical_clean,right,reverse,reverse_right,1
4124,-20.25,46.5,0.5,-90.0,roundabout_top_vertical_reverse_right,roundabout_top_vertical_clean,roundabout_top_vertical_clean,right,reverse,reverse_right,1
4125,-20.25,46.0,0.5,-90.0,roundabout_top_vertical_reverse_right,roundabout_top_vertical_clean,roundabout_top_vertical_clean,right,reverse,reverse_right,1
4126,-20.25,45.5,0.5,-90.0,roundabout_top_vertical_reverse_right,roundabout_top_vertical_clean,roundabout_top_vertical_clean,right,reverse,reverse_right,1
4127,-20.25,45.0,0.5,-90.0,roundabout_top_vertical_reverse_right,roundabout_top_vertical_clean,roundabout_top_vertical_clean,right,reverse,reverse_right,1
4128,-20.25,44.5,0.5,-90.0,roundabout_top_vertical_reverse_right,roundabout_top_vertical_clean,roundabout_top_vertical_clean,right,reverse,reverse_right,1
4129,-20.25,44.0,0.5,-90.0,roundabout_top_vertical_reverse_right,roundabout_top_vertical_clean,roundabout_top_vertical_clean,right,reverse,reverse_right,1
4130,-20.25,43.5,0.5,-90.0,roundabout_top_vertical_reverse_right,roundabout_top_vertical_clean,roundabout_top_vertical_clean,right,reverse,reverse_right,1
4131,-20.25,43.0,0.5,-90.0,roundabout_top_vertical_reverse_right,roundabout_top_vertical_clean,roundabout_top_vertical_clean,right,reverse,reverse_right,1
4132,-20.25,42.5,0.5,-90.0,roundabout_top_vertical_reverse_right,roundabout_top_vertical_clean,roundabout_top_vertical_clean,right,reverse,reverse_right,1
4133,-20.25,42.0,0.5,-90.0,roundabout_top_vertical_reverse_right,roundabout_top_vertical_clean,roundabout_top_vertical_clean,right,reverse,reverse_right,1
4134,-20.25,41.5,0.5,-90.0,roundabout_top_vertical_reverse_right,roundabout_top_vertical_clean,roundabout_top_vertical_clean,right,reverse,reverse_right,1
4135,-20.25,41.0,0.5,-90.0,roundabout_top_vertical_reverse_right,roundabout_top_vertical_clean,roundabout_top_vertical_clean,right,reverse,reverse_right,1
4136,-20.25,40.5,0.5,-90.0,roundabout_top_vertical_reverse_right,roundabout_top_vertical_clean,roundabout_top_vertical_clean,right,reverse,reverse_right,1
4137,-20.25,40.0,0.5,-90.0,roundabout_top_vertical_reverse_right,roundabout_top_vertical_clean,roundabout_top_vertical_clean,right,reverse,reverse_right,1
4138,-20.25,39.5,0.5,-90.0,roundabout_top_vertical_reverse_right,roundabout_top_vertical_clean,roundabout_top_vertical_clean,right,reverse,reverse_right,1
4139,-20.25,39.0,0.5,-90.0,roundabout_top_vertical_reverse_right,roundabout_top_vertical_clean,roundabout_top_vertical_clean,right,reverse,reverse_right,1
4140,-20.25,38.5,0.5,-90.0,roundabout_top_vertical_reverse_right,roundabout_top_vertical_clean,roundabout_top_vertical_clean,right,reverse,reverse_right,1
4141,-20.25,38.0,0.5,-90.0,roundabout_top_vertical_reverse_right,roundabout_top_vertical_clean,roundabout_top_vertical_clean,right,reverse,reverse_right,1
4142,-20.25,37.5,0.5,-90.0,roundabout_top_vertical_reverse_right,roundabout_top_vertical_clean,roundabout_top_vertical_clean,right,reverse,reverse_right,1
4143,-20.25,37.0,0.5,-90.0,roundabout_top_vertical_reverse_right,roundabout_top_vertical_clean,roundabout_top_vertical_clean,right,reverse,reverse_right,1
4144,-20.25,36.5,0.5,-90.0,roundabout_top_vertical_reverse_right,roundabout_top_vertical_clean,roundabout_top_vertical_clean,right,reverse,reverse_right,1
4145,-20.25,36.0,0.5,-90.0,roundabout_top_vertical_reverse_right,roundabout_top_vertical_clean,roundabout_top_vertical_clean,right,reverse,reverse_right,1
4146,-20.25,35.5,0.5,-90.0,roundabout_top_vertical_reverse_right,roundabout_top_vertical_clean,roundabout_top_vertical_clean,right,reverse,reverse_right,1
4147,-20.25,35.0,0.5,-90.0,roundabout_top_vertical_reverse_right,roundabout_top_vertical_clean,roundabout_top_vertical_clean,right,reverse,reverse_right,1
4148,-20.25,34.5,0.5,-90.0,roundabout_top_vertical_reverse_right,roundabout_top_vertical_clean,roundabout_top_vertical_clean,right,reverse,reverse_right,1
4149,-20.25,34.0,0.5,-90.0,roundabout_top_vertical_reverse_right,roundabout_top_vertical_clean,roundabout_top_vertical_clean,right,reverse,reverse_right,1
4150,-20.25,33.5,0.5,-90.0,roundabout_top_vertical_reverse_right,roundabout_top_vertical_clean,roundabout_top_vertical_clean,right,reverse,reverse_right,1
4151,-20.25,33.0,0.5,-90.0,roundabout_top_vertical_reverse_right,roundabout_top_vertical_clean,roundabout_top_vertical_clean,right,reverse,reverse_right,1
4152,-20.25,32.5,0.5,-90.0,roundabout_top_vertical_reverse_right,roundabout_top_vertical_clean,roundabout_top_vertical_clean,right,reverse,reverse_right,1
4153,-20.25,32.0,0.5,-90.0,roundabout_top_vertical_reverse_right,roundabout_top_vertical_clean,roundabout_top_vertical_clean,right,reverse,reverse_right,1
4154,-20.25,31.5,0.5,-90.0,roundabout_top_vertical_reverse_right,roundabout_top_vertical_clean,roundabout_top_vertical_clean,right,reverse,reverse_right,1
4155,-20.25,31.0,0.5,-90.0,roundabout_top_vertical_reverse_right,roundabout_top_vertical_clean,roundabout_top_vertical_clean,right,reverse,reverse_right,1
4156,-20.25,30.5,0.5,-90.0,roundabout_top_vertical_reverse_right,roundabout_top_vertical_clean,roundabout_top_vertical_clean,right,reverse,reverse_right,1
4157,-20.25,30.0,0.5,-90.0,roundabout_top_vertical_reverse_right,roundabout_top_vertical_clean,roundabout_top_vertical_clean,right,reverse,reverse_right,1
4158,-20.25,29.5,0.5,-90.0,roundabout_top_vertical_reverse_right,roundabout_top_vertical_clean,roundabout_top_vertical_clean,right,reverse,reverse_right,1
4159,-20.25,29.0,0.5,-90.0,roundabout_top_vertical_reverse_right,roundabout_top_vertical_clean,roundabout_top_vertical_clean,right,reverse,reverse_right,1
4160,-20.25,28.5,0.5,-90.0,roundabout_top_vertical_reverse_right,roundabout_top_vertical_clean,roundabout_top_vertical_clean,right,reverse,reverse_right,1
4161,-20.25,28.0,0.5,-90.0,roundabout_top_vertical_reverse_right,roundabout_top_vertical_clean,roundabout_top_vertical_clean,right,reverse,reverse_right,1
4162,-20.25,27.5,0.5,-90.0,roundabout_top_vertical_reverse_right,roundabout_top_vertical_clean,roundabout_top_vertical_clean,right,reverse,reverse_right,1
4163,-20.25,27.0,0.5,-90.0,roundabout_top_vertical_reverse_right,roundabout_top_vertical_clean,roundabout_top_vertical_clean,right,reverse,reverse_right,1
4164,-20.25,26.5,0.5,-90.0,roundabout_top_vertical_reverse_right,roundabout_top_vertical_clean,roundabout_top_vertical_clean,right,reverse,reverse_right,1
4165,-20.25,26.0,0.5,-90.0,roundabout_top_vertical_reverse_right,roundabout_top_vertical_clean,roundabout_top_vertical_clean,right,reverse,reverse_right,1
4166,-20.25,25.5,0.5,-90.0,roundabout_top_vertical_reverse_right,roundabout_top_vertical_clean,roundabout_top_vertical_clean,right,reverse,reverse_right,1
4167,-20.25,25.0,0.5,-90.0,roundabout_top_vertical_reverse_right,roundabout_top_vertical_clean,roundabout_top_vertical_clean,right,reverse,reverse_right,1
4168,-20.25,24.5,0.5,-90.0,roundabout_top_vertical_reverse_right,roundabout_top_vertical_clean,roundabout_top_vertical_clean,right,reverse,reverse_right,1
4169,-20.25,24.0,0.5,-90.0,roundabout_top_vertical_reverse_right,roundabout_top_vertical_clean,roundabout_top_vertical_clean,right,reverse,reverse_right,1
4170,-20.25,23.5,0.5,-90.0,roundabout_top_vertical_reverse_right,roundabout_top_vertical_clean,roundabout_top_vertical_clean,right,reverse,reverse_right,1
4171,-20.25,23.0,0.5,-90.0,roundabout_top_vertical_reverse_right,roundabout_top_vertical_clean,roundabout_top_vertical_clean,right,reverse,reverse_right,1
4172,-20.25,22.5,0.5,-90.0,roundabout_top_vertical_reverse_right,roundabout_top_vertical_clean,roundabout_top_vertical_clean,right,reverse,reverse_right,1
4173,-20.25,22.0,0.5,-90.0,roundabout_top_vertical_reverse_right,roundabout_top_vertical_clean,roundabout_top_vertical_clean,right,reverse,reverse_right,1
4174,-20.25,21.5,0.5,-90.0,roundabout_top_vertical_reverse_right,roundabout_top_vertical_clean,roundabout_top_vertical_clean,right,reverse,reverse_right,1
4175,-20.25,21.0,0.5,-90.0,roundabout_top_vertical_reverse_right,roundabout_top_vertical_clean,roundabout_top_vertical_clean,right,reverse,reverse_right,1
4176,-20.25,20.5,0.5,-90.0,roundabout_top_vertical_reverse_right,roundabout_top_vertical_clean,roundabout_top_vertical_clean,right,reverse,reverse_right,1
4177,-20.25,20.0,0.5,-90.0,roundabout_top_vertical_reverse_right,roundabout_top_vertical_clean,roundabout_top_vertical_clean,right,reverse,reverse_right,1
4178,-20.25,19.5,0.5,-90.0,roundabout_top_vertical_reverse_right,roundabout_top_vertical_clean,roundabout_top_vertical_clean,right,reverse,reverse_right,1
4179,-20.25,19.0,0.5,-90.0,roundabout_top_vertical_reverse_right,roundabout_top_vertical_clean,roundabout_top_vertical_clean,right,reverse,reverse_right,1
4180,-20.25,18.5,0.5,-90.0,roundabout_top_vertical_reverse_right,roundabout_top_vertical_clean,roundabout_top_vertical_clean,right,reverse,reverse_right,1
4181,-20.25,18.0,0.5,-90.0,roundabout_top_vertical_reverse_right,roundabout_top_vertical_clean,roundabout_top_vertical_clean,right,reverse,reverse_right,1
4182,-20.25,17.5,0.5,-90.0,roundabout_top_vertical_reverse_right,roundabout_top_vertical_clean,roundabout_top_vertical_clean,right,reverse,reverse_right,1
4183,-20.25,17.0,0.5,-90.0,roundabout_top_vertical_reverse_right,roundabout_top_vertical_clean,roundabout_top_vertical_clean,right,reverse,reverse_right,1
4184,-20.25,16.5,0.5,-90.0,roundabout_top_vertical_reverse_right,roundabout_top_vertical_clean,roundabout_top_vertical_clean,right,reverse,reverse_right,1
4185,-20.25,16.0,0.5,-90.0,roundabout_top_vertical_reverse_right,roundabout_top_vertical_clean,roundabout_top_vertical_clean,right,reverse,reverse_right,1
4186,-20.25,15.5,0.5,-90.0,roundabout_top_vertical_reverse_right,roundabout_top_vertical_clean,roundabout_top_vertical_clean,right,reverse,reverse_right,1
4187,-20.25,15.0,0.5,-90.0,roundabout_top_vertical_reverse_right,roundabout_top_vertical_clean,roundabout_top_vertical_clean,right,reverse,reverse_right,1
4188,-20.25,14.5,0.5,-90.0,roundabout_top_vertical_reverse_right,roundabout_top_vertical_clean,roundabout_top_vertical_clean,right,reverse,reverse_right,1
4189,-20.25,14.0,0.5,-90.0,roundabout_top_vertical_reverse_right,roundabout_top_vertical_clean,roundabout_top_vertical_clean,right,reverse,reverse_right,1
4190,-20.25,13.5,0.5,-90.0,roundabout_top_vertical_reverse_right,roundabout_top_vertical_clean,roundabout_top_vertical_clean,right,reverse,reverse_right,1
4191,-20.25,13.0,0.5,-90.0,roundabout_top_vertical_reverse_right,roundabout_top_vertical_clean,roundabout_top_vertical_clean,right,reverse,reverse_right,1
4192,-20.25,12.5,0.5,-90.0,roundabout_top_vertical_reverse_right,roundabout_top_vertical_clean,roundabout_top_vertical_clean,right,reverse,reverse_right,1
4193,-20.25,12.0,0.5,-90.0,roundabout_top_vertical_reverse_right,roundabout_top_vertical_clean,roundabout_top_vertical_clean,right,reverse,reverse_right,1
4194,-20.25,11.5,0.5,-90.0,roundabout_top_vertical_reverse_right,roundabout_top_vertical_clean,roundabout_top_vertical_clean,right,reverse,reverse_right,1
4195,-20.25,11.0,0.5,-90.0,roundabout_top_vertical_reverse_right,roundabout_top_vertical_clean,roundabout_top_vertical_clean,right,reverse,reverse_right,1
4196,-20.25,10.5,0.5,-90.0,roundabout_top_vertical_reverse_right,roundabout_top_vertical_clean,roundabout_top_vertical_clean,right,reverse,reverse_right,1
4197,-20.25,10.0,0.5,-90.0,roundabout_top_vertical_reverse_right,roundabout_top_vertical_clean,roundabout_top_vertical_clean,right,reverse,reverse_right,1
4198,-20.25,9.5,0.5,-90.0,roundabout_top_vertical_reverse_right,roundabout_top_vertical_clean,roundabout_top_vertical_clean,right,reverse,reverse_right,1
4199,-20.25,9.0,0.5,-90.0,roundabout_top_vertical_reverse_right,roundabout_top_vertical_clean,roundabout_top_vertical_clean,right,reverse,reverse_right,1
4200,-20.25,8.5,0.5,-90.0,roundabout_top_vertical_reverse_right,roundabout_top_vertical_clean,roundabout_top_vertical_clean,right,reverse,reverse_right,1
4201,-20.25,8.0,0.5,-90.0,roundabout_top_vertical_reverse_right,roundabout_top_vertical_clean,roundabout_top_vertical_clean,right,reverse,reverse_right,1
4202,-20.25,7.5,0.5,-90.0,roundabout_top_vertical_reverse_right,roundabout_top_vertical_clean,roundabout_top_vertical_clean,right,reverse,reverse_right,1
4203,-20.25,7.0,0.5,-90.0,roundabout_top_vertical_reverse_right,roundabout_top_vertical_clean,roundabout_top_vertical_clean,right,reverse,reverse_right,1
4204,-20.25,6.5,0.5,-90.0,roundabout_top_vertical_reverse_right,roundabout_top_vertical_clean,roundabout_top_vertical_clean,right,reverse,reverse_right,1
4205,-20.25,6.0,0.5,-90.0,roundabout_top_vertical_reverse_right,roundabout_top_vertical_clean,roundabout_top_vertical_clean,right,reverse,reverse_right,1
4206,-20.25,5.63,0.5,-90.0,roundabout_top_vertical_reverse_right,roundabout_top_vertical_clean,roundabout_top_vertical_clean,right,reverse,reverse_right,0
4207,-43.2,-31.0,0.5,90.0,V_x-40.0_bottom_forward_right,V_x-40.0_y-34.0_-3.0,V_x-40.0_y-34.0_-3.0,right,forward,forward_right,1
4208,-43.2,-30.5,0.5,90.0,V_x-40.0_bottom_forward_right,V_x-40.0_y-34.0_-3.0,V_x-40.0_y-34.0_-3.0,right,forward,forward_right,1
4209,-43.2,-30.0,0.5,90.0,V_x-40.0_bottom_forward_right,V_x-40.0_y-34.0_-3.0,V_x-40.0_y-34.0_-3.0,right,forward,forward_right,1
4210,-43.2,-29.5,0.5,90.0,V_x-40.0_bottom_forward_right,V_x-40.0_y-34.0_-3.0,V_x-40.0_y-34.0_-3.0,right,forward,forward_right,1
4211,-43.2,-29.0,0.5,90.0,V_x-40.0_bottom_forward_right,V_x-40.0_y-34.0_-3.0,V_x-40.0_y-34.0_-3.0,right,forward,forward_right,1
4212,-43.2,-28.5,0.5,90.0,V_x-40.0_bottom_forward_right,V_x-40.0_y-34.0_-3.0,V_x-40.0_y-34.0_-3.0,right,forward,forward_right,1
4213,-43.2,-28.0,0.5,90.0,V_x-40.0_bottom_forward_right,V_x-40.0_y-34.0_-3.0,V_x-40.0_y-34.0_-3.0,right,forward,forward_right,1
4214,-43.2,-27.5,0.5,90.0,V_x-40.0_bottom_forward_right,V_x-40.0_y-34.0_-3.0,V_x-40.0_y-34.0_-3.0,right,forward,forward_right,1
4215,-43.2,-27.0,0.5,90.0,V_x-40.0_bottom_forward_right,V_x-40.0_y-34.0_-3.0,V_x-40.0_y-34.0_-3.0,right,forward,forward_right,1
4216,-43.2,-26.5,0.5,90.0,V_x-40.0_bottom_forward_right,V_x-40.0_y-34.0_-3.0,V_x-40.0_y-34.0_-3.0,right,forward,forward_right,1
4217,-43.2,-26.0,0.5,90.0,V_x-40.0_bottom_forward_right,V_x-40.0_y-34.0_-3.0,V_x-40.0_y-34.0_-3.0,right,forward,forward_right,1
4218,-43.2,-25.5,0.5,90.0,V_x-40.0_bottom_forward_right,V_x-40.0_y-34.0_-3.0,V_x-40.0_y-34.0_-3.0,right,forward,forward_right,1
4219,-43.2,-25.0,0.5,90.0,V_x-40.0_bottom_forward_right,V_x-40.0_y-34.0_-3.0,V_x-40.0_y-34.0_-3.0,right,forward,forward_right,1
4220,-43.2,-24.5,0.5,90.0,V_x-40.0_bottom_forward_right,V_x-40.0_y-34.0_-3.0,V_x-40.0_y-34.0_-3.0,right,forward,forward_right,1
4221,-43.2,-24.0,0.5,90.0,V_x-40.0_bottom_forward_right,V_x-40.0_y-34.0_-3.0,V_x-40.0_y-34.0_-3.0,right,forward,forward_right,1
4222,-43.2,-23.5,0.5,90.0,V_x-40.0_bottom_forward_right,V_x-40.0_y-34.0_-3.0,V_x-40.0_y-34.0_-3.0,right,forward,forward_right,1
4223,-43.2,-23.0,0.5,90.0,V_x-40.0_bottom_forward_right,V_x-40.0_y-34.0_-3.0,V_x-40.0_y-34.0_-3.0,right,forward,forward_right,1
4224,-43.2,-22.5,0.5,90.0,V_x-40.0_bottom_forward_right,V_x-40.0_y-34.0_-3.0,V_x-40.0_y-34.0_-3.0,right,forward,forward_right,1
4225,-43.2,-22.0,0.5,90.0,V_x-40.0_bottom_forward_right,V_x-40.0_y-34.0_-3.0,V_x-40.0_y-34.0_-3.0,right,forward,forward_right,1
4226,-43.2,-21.5,0.5,90.0,V_x-40.0_bottom_forward_right,V_x-40.0_y-34.0_-3.0,V_x-40.0_y-34.0_-3.0,right,forward,forward_right,1
4227,-43.2,-21.0,0.5,90.0,V_x-40.0_bottom_forward_right,V_x-40.0_y-34.0_-3.0,V_x-40.0_y-34.0_-3.0,right,forward,forward_right,1
4228,-43.2,-20.5,0.5,90.0,V_x-40.0_bottom_forward_right,V_x-40.0_y-34.0_-3.0,V_x-40.0_y-34.0_-3.0,right,forward,forward_right,1
4229,-43.2,-20.0,0.5,90.0,V_x-40.0_bottom_forward_right,V_x-40.0_y-34.0_-3.0,V_x-40.0_y-34.0_-3.0,right,forward,forward_right,1
4230,-43.2,-19.5,0.5,90.0,V_x-40.0_bottom_forward_right,V_x-40.0_y-34.0_-3.0,V_x-40.0_y-34.0_-3.0,right,forward,forward_right,1
4231,-43.2,-19.0,0.5,90.0,V_x-40.0_bottom_forward_right,V_x-40.0_y-34.0_-3.0,V_x-40.0_y-34.0_-3.0,right,forward,forward_right,1
4232,-43.2,-18.5,0.5,90.0,V_x-40.0_bottom_forward_right,V_x-40.0_y-34.0_-3.0,V_x-40.0_y-34.0_-3.0,right,forward,forward_right,1
4233,-43.2,-18.0,0.5,90.0,V_x-40.0_bottom_forward_right,V_x-40.0_y-34.0_-3.0,V_x-40.0_y-34.0_-3.0,right,forward,forward_right,1
4234,-43.2,-17.5,0.5,90.0,V_x-40.0_bottom_forward_right,V_x-40.0_y-34.0_-3.0,V_x-40.0_y-34.0_-3.0,right,forward,forward_right,1
4235,-43.2,-17.0,0.5,90.0,V_x-40.0_bottom_forward_right,V_x-40.0_y-34.0_-3.0,V_x-40.0_y-34.0_-3.0,right,forward,forward_right,1
4236,-43.2,-16.5,0.5,90.0,V_x-40.0_bottom_forward_right,V_x-40.0_y-34.0_-3.0,V_x-40.0_y-34.0_-3.0,right,forward,forward_right,1
4237,-43.2,-16.0,0.5,90.0,V_x-40.0_bottom_forward_right,V_x-40.0_y-34.0_-3.0,V_x-40.0_y-34.0_-3.0,right,forward,forward_right,1
4238,-43.2,-15.5,0.5,90.0,V_x-40.0_bottom_forward_right,V_x-40.0_y-34.0_-3.0,V_x-40.0_y-34.0_-3.0,right,forward,forward_right,1
4239,-43.2,-15.0,0.5,90.0,V_x-40.0_bottom_forward_right,V_x-40.0_y-34.0_-3.0,V_x-40.0_y-34.0_-3.0,right,forward,forward_right,1
4240,-43.2,-14.5,0.5,90.0,V_x-40.0_bottom_forward_right,V_x-40.0_y-34.0_-3.0,V_x-40.0_y-34.0_-3.0,right,forward,forward_right,1
4241,-43.2,-14.0,0.5,90.0,V_x-40.0_bottom_forward_right,V_x-40.0_y-34.0_-3.0,V_x-40.0_y-34.0_-3.0,right,forward,forward_right,1
4242,-43.2,-13.5,0.5,90.0,V_x-40.0_bottom_forward_right,V_x-40.0_y-34.0_-3.0,V_x-40.0_y-34.0_-3.0,right,forward,forward_right,1
4243,-43.2,-13.0,0.5,90.0,V_x-40.0_bottom_forward_right,V_x-40.0_y-34.0_-3.0,V_x-40.0_y-34.0_-3.0,right,forward,forward_right,1
4244,-43.2,-12.5,0.5,90.0,V_x-40.0_bottom_forward_right,V_x-40.0_y-34.0_-3.0,V_x-40.0_y-34.0_-3.0,right,forward,forward_right,1
4245,-43.2,-12.0,0.5,90.0,V_x-40.0_bottom_forward_right,V_x-40.0_y-34.0_-3.0,V_x-40.0_y-34.0_-3.0,right,forward,forward_right,1
4246,-43.2,-11.5,0.5,90.0,V_x-40.0_bottom_forward_right,V_x-40.0_y-34.0_-3.0,V_x-40.0_y-34.0_-3.0,right,forward,forward_right,1
4247,-43.2,-11.0,0.5,90.0,V_x-40.0_bottom_forward_right,V_x-40.0_y-34.0_-3.0,V_x-40.0_y-34.0_-3.0,right,forward,forward_right,1
4248,-43.2,-10.5,0.5,90.0,V_x-40.0_bottom_forward_right,V_x-40.0_y-34.0_-3.0,V_x-40.0_y-34.0_-3.0,right,forward,forward_right,1
4249,-43.2,-10.0,0.5,90.0,V_x-40.0_bottom_forward_right,V_x-40.0_y-34.0_-3.0,V_x-40.0_y-34.0_-3.0,right,forward,forward_right,1
4250,-43.2,-9.5,0.5,90.0,V_x-40.0_bottom_forward_right,V_x-40.0_y-34.0_-3.0,V_x-40.0_y-34.0_-3.0,right,forward,forward_right,1
4251,-43.2,-9.0,0.5,90.0,V_x-40.0_bottom_forward_right,V_x-40.0_y-34.0_-3.0,V_x-40.0_y-34.0_-3.0,right,forward,forward_right,1
4252,-43.2,-8.5,0.5,90.0,V_x-40.0_bottom_forward_right,V_x-40.0_y-34.0_-3.0,V_x-40.0_y-34.0_-3.0,right,forward,forward_right,1
4253,-43.2,-8.0,0.5,90.0,V_x-40.0_bottom_forward_right,V_x-40.0_y-34.0_-3.0,V_x-40.0_y-34.0_-3.0,right,forward,forward_right,1
4254,-43.2,-7.5,0.5,90.0,V_x-40.0_bottom_forward_right,V_x-40.0_y-34.0_-3.0,V_x-40.0_y-34.0_-3.0,right,forward,forward_right,1
4255,-43.2,-7.0,0.5,90.0,V_x-40.0_bottom_forward_right,V_x-40.0_y-34.0_-3.0,V_x-40.0_y-34.0_-3.0,right,forward,forward_right,1
4256,-43.2,-6.5,0.5,90.0,V_x-40.0_bottom_forward_right,V_x-40.0_y-34.0_-3.0,V_x-40.0_y-34.0_-3.0,right,forward,forward_right,1
4257,-43.2,-6.0,0.5,90.0,V_x-40.0_bottom_forward_right,V_x-40.0_y-34.0_-3.0,V_x-40.0_y-34.0_-3.0,right,forward,forward_right,1
4258,-43.2,-5.5,0.5,90.0,V_x-40.0_bottom_forward_right,V_x-40.0_y-34.0_-3.0,V_x-40.0_y-34.0_-3.0,right,forward,forward_right,1
4259,-43.2,-5.0,0.5,90.0,V_x-40.0_bottom_forward_right,V_x-40.0_y-34.0_-3.0,V_x-40.0_y-34.0_-3.0,right,forward,forward_right,1
4260,-43.2,-4.5,0.5,90.0,V_x-40.0_bottom_forward_right,V_x-40.0_y-34.0_-3.0,V_x-40.0_y-34.0_-3.0,right,forward,forward_right,1
4261,-43.2,-4.0,0.5,90.0,V_x-40.0_bottom_forward_right,V_x-40.0_y-34.0_-3.0,V_x-40.0_y-34.0_-3.0,right,forward,forward_right,1
4262,-43.2,-3.5,0.5,90.0,V_x-40.0_bottom_forward_right,V_x-40.0_y-34.0_-3.0,V_x-40.0_y-34.0_-3.0,right,forward,forward_right,1
4263,-43.2,-3.0,0.5,90.0,V_x-40.0_bottom_forward_right,V_x-40.0_y-34.0_-3.0,V_x-40.0_y-34.0_-3.0,right,forward,forward_right,0
4264,-40.2,-3.0,0.5,-90.0,V_x-40.0_bottom_reverse_right,V_x-40.0_y-34.0_-3.0,V_x-40.0_y-34.0_-3.0,right,reverse,reverse_right,1
4265,-40.2,-3.5,0.5,-90.0,V_x-40.0_bottom_reverse_right,V_x-40.0_y-34.0_-3.0,V_x-40.0_y-34.0_-3.0,right,reverse,reverse_right,1
4266,-40.2,-4.0,0.5,-90.0,V_x-40.0_bottom_reverse_right,V_x-40.0_y-34.0_-3.0,V_x-40.0_y-34.0_-3.0,right,reverse,reverse_right,1
4267,-40.2,-4.5,0.5,-90.0,V_x-40.0_bottom_reverse_right,V_x-40.0_y-34.0_-3.0,V_x-40.0_y-34.0_-3.0,right,reverse,reverse_right,1
4268,-40.2,-5.0,0.5,-90.0,V_x-40.0_bottom_reverse_right,V_x-40.0_y-34.0_-3.0,V_x-40.0_y-34.0_-3.0,right,reverse,reverse_right,1
4269,-40.2,-5.5,0.5,-90.0,V_x-40.0_bottom_reverse_right,V_x-40.0_y-34.0_-3.0,V_x-40.0_y-34.0_-3.0,right,reverse,reverse_right,1
4270,-40.2,-6.0,0.5,-90.0,V_x-40.0_bottom_reverse_right,V_x-40.0_y-34.0_-3.0,V_x-40.0_y-34.0_-3.0,right,reverse,reverse_right,1
4271,-40.2,-6.5,0.5,-90.0,V_x-40.0_bottom_reverse_right,V_x-40.0_y-34.0_-3.0,V_x-40.0_y-34.0_-3.0,right,reverse,reverse_right,1
4272,-40.2,-7.0,0.5,-90.0,V_x-40.0_bottom_reverse_right,V_x-40.0_y-34.0_-3.0,V_x-40.0_y-34.0_-3.0,right,reverse,reverse_right,1
4273,-40.2,-7.5,0.5,-90.0,V_x-40.0_bottom_reverse_right,V_x-40.0_y-34.0_-3.0,V_x-40.0_y-34.0_-3.0,right,reverse,reverse_right,1
4274,-40.2,-8.0,0.5,-90.0,V_x-40.0_bottom_reverse_right,V_x-40.0_y-34.0_-3.0,V_x-40.0_y-34.0_-3.0,right,reverse,reverse_right,1
4275,-40.2,-8.5,0.5,-90.0,V_x-40.0_bottom_reverse_right,V_x-40.0_y-34.0_-3.0,V_x-40.0_y-34.0_-3.0,right,reverse,reverse_right,1
4276,-40.2,-9.0,0.5,-90.0,V_x-40.0_bottom_reverse_right,V_x-40.0_y-34.0_-3.0,V_x-40.0_y-34.0_-3.0,right,reverse,reverse_right,1
4277,-40.2,-9.5,0.5,-90.0,V_x-40.0_bottom_reverse_right,V_x-40.0_y-34.0_-3.0,V_x-40.0_y-34.0_-3.0,right,reverse,reverse_right,1
4278,-40.2,-10.0,0.5,-90.0,V_x-40.0_bottom_reverse_right,V_x-40.0_y-34.0_-3.0,V_x-40.0_y-34.0_-3.0,right,reverse,reverse_right,1
4279,-40.2,-10.5,0.5,-90.0,V_x-40.0_bottom_reverse_right,V_x-40.0_y-34.0_-3.0,V_x-40.0_y-34.0_-3.0,right,reverse,reverse_right,1
4280,-40.2,-11.0,0.5,-90.0,V_x-40.0_bottom_reverse_right,V_x-40.0_y-34.0_-3.0,V_x-40.0_y-34.0_-3.0,right,reverse,reverse_right,1
4281,-40.2,-11.5,0.5,-90.0,V_x-40.0_bottom_reverse_right,V_x-40.0_y-34.0_-3.0,V_x-40.0_y-34.0_-3.0,right,reverse,reverse_right,1
4282,-40.2,-12.0,0.5,-90.0,V_x-40.0_bottom_reverse_right,V_x-40.0_y-34.0_-3.0,V_x-40.0_y-34.0_-3.0,right,reverse,reverse_right,1
4283,-40.2,-12.5,0.5,-90.0,V_x-40.0_bottom_reverse_right,V_x-40.0_y-34.0_-3.0,V_x-40.0_y-34.0_-3.0,right,reverse,reverse_right,1
4284,-40.2,-13.0,0.5,-90.0,V_x-40.0_bottom_reverse_right,V_x-40.0_y-34.0_-3.0,V_x-40.0_y-34.0_-3.0,right,reverse,reverse_right,1
4285,-40.2,-13.5,0.5,-90.0,V_x-40.0_bottom_reverse_right,V_x-40.0_y-34.0_-3.0,V_x-40.0_y-34.0_-3.0,right,reverse,reverse_right,1
4286,-40.2,-14.0,0.5,-90.0,V_x-40.0_bottom_reverse_right,V_x-40.0_y-34.0_-3.0,V_x-40.0_y-34.0_-3.0,right,reverse,reverse_right,1
4287,-40.2,-14.5,0.5,-90.0,V_x-40.0_bottom_reverse_right,V_x-40.0_y-34.0_-3.0,V_x-40.0_y-34.0_-3.0,right,reverse,reverse_right,1
4288,-40.2,-15.0,0.5,-90.0,V_x-40.0_bottom_reverse_right,V_x-40.0_y-34.0_-3.0,V_x-40.0_y-34.0_-3.0,right,reverse,reverse_right,1
4289,-40.2,-15.5,0.5,-90.0,V_x-40.0_bottom_reverse_right,V_x-40.0_y-34.0_-3.0,V_x-40.0_y-34.0_-3.0,right,reverse,reverse_right,1
4290,-40.2,-16.0,0.5,-90.0,V_x-40.0_bottom_reverse_right,V_x-40.0_y-34.0_-3.0,V_x-40.0_y-34.0_-3.0,right,reverse,reverse_right,1
4291,-40.2,-16.5,0.5,-90.0,V_x-40.0_bottom_reverse_right,V_x-40.0_y-34.0_-3.0,V_x-40.0_y-34.0_-3.0,right,reverse,reverse_right,1
4292,-40.2,-17.0,0.5,-90.0,V_x-40.0_bottom_reverse_right,V_x-40.0_y-34.0_-3.0,V_x-40.0_y-34.0_-3.0,right,reverse,reverse_right,1
4293,-40.2,-17.5,0.5,-90.0,V_x-40.0_bottom_reverse_right,V_x-40.0_y-34.0_-3.0,V_x-40.0_y-34.0_-3.0,right,reverse,reverse_right,1
4294,-40.2,-18.0,0.5,-90.0,V_x-40.0_bottom_reverse_right,V_x-40.0_y-34.0_-3.0,V_x-40.0_y-34.0_-3.0,right,reverse,reverse_right,1
4295,-40.2,-18.5,0.5,-90.0,V_x-40.0_bottom_reverse_right,V_x-40.0_y-34.0_-3.0,V_x-40.0_y-34.0_-3.0,right,reverse,reverse_right,1
4296,-40.2,-19.0,0.5,-90.0,V_x-40.0_bottom_reverse_right,V_x-40.0_y-34.0_-3.0,V_x-40.0_y-34.0_-3.0,right,reverse,reverse_right,1
4297,-40.2,-19.5,0.5,-90.0,V_x-40.0_bottom_reverse_right,V_x-40.0_y-34.0_-3.0,V_x-40.0_y-34.0_-3.0,right,reverse,reverse_right,1
4298,-40.2,-20.0,0.5,-90.0,V_x-40.0_bottom_reverse_right,V_x-40.0_y-34.0_-3.0,V_x-40.0_y-34.0_-3.0,right,reverse,reverse_right,1
4299,-40.2,-20.5,0.5,-90.0,V_x-40.0_bottom_reverse_right,V_x-40.0_y-34.0_-3.0,V_x-40.0_y-34.0_-3.0,right,reverse,reverse_right,1
4300,-40.2,-21.0,0.5,-90.0,V_x-40.0_bottom_reverse_right,V_x-40.0_y-34.0_-3.0,V_x-40.0_y-34.0_-3.0,right,reverse,reverse_right,1
4301,-40.2,-21.5,0.5,-90.0,V_x-40.0_bottom_reverse_right,V_x-40.0_y-34.0_-3.0,V_x-40.0_y-34.0_-3.0,right,reverse,reverse_right,1
4302,-40.2,-22.0,0.5,-90.0,V_x-40.0_bottom_reverse_right,V_x-40.0_y-34.0_-3.0,V_x-40.0_y-34.0_-3.0,right,reverse,reverse_right,1
4303,-40.2,-22.5,0.5,-90.0,V_x-40.0_bottom_reverse_right,V_x-40.0_y-34.0_-3.0,V_x-40.0_y-34.0_-3.0,right,reverse,reverse_right,1
4304,-40.2,-23.0,0.5,-90.0,V_x-40.0_bottom_reverse_right,V_x-40.0_y-34.0_-3.0,V_x-40.0_y-34.0_-3.0,right,reverse,reverse_right,1
4305,-40.2,-23.5,0.5,-90.0,V_x-40.0_bottom_reverse_right,V_x-40.0_y-34.0_-3.0,V_x-40.0_y-34.0_-3.0,right,reverse,reverse_right,1
4306,-40.2,-24.0,0.5,-90.0,V_x-40.0_bottom_reverse_right,V_x-40.0_y-34.0_-3.0,V_x-40.0_y-34.0_-3.0,right,reverse,reverse_right,1
4307,-40.2,-24.5,0.5,-90.0,V_x-40.0_bottom_reverse_right,V_x-40.0_y-34.0_-3.0,V_x-40.0_y-34.0_-3.0,right,reverse,reverse_right,1
4308,-40.2,-25.0,0.5,-90.0,V_x-40.0_bottom_reverse_right,V_x-40.0_y-34.0_-3.0,V_x-40.0_y-34.0_-3.0,right,reverse,reverse_right,1
4309,-40.2,-25.5,0.5,-90.0,V_x-40.0_bottom_reverse_right,V_x-40.0_y-34.0_-3.0,V_x-40.0_y-34.0_-3.0,right,reverse,reverse_right,1
4310,-40.2,-26.0,0.5,-90.0,V_x-40.0_bottom_reverse_right,V_x-40.0_y-34.0_-3.0,V_x-40.0_y-34.0_-3.0,right,reverse,reverse_right,1
4311,-40.2,-26.5,0.5,-90.0,V_x-40.0_bottom_reverse_right,V_x-40.0_y-34.0_-3.0,V_x-40.0_y-34.0_-3.0,right,reverse,reverse_right,1
4312,-40.2,-27.0,0.5,-90.0,V_x-40.0_bottom_reverse_right,V_x-40.0_y-34.0_-3.0,V_x-40.0_y-34.0_-3.0,right,reverse,reverse_right,1
4313,-40.2,-27.5,0.5,-90.0,V_x-40.0_bottom_reverse_right,V_x-40.0_y-34.0_-3.0,V_x-40.0_y-34.0_-3.0,right,reverse,reverse_right,1
4314,-40.2,-28.0,0.5,-90.0,V_x-40.0_bottom_reverse_right,V_x-40.0_y-34.0_-3.0,V_x-40.0_y-34.0_-3.0,right,reverse,reverse_right,1
4315,-40.2,-28.5,0.5,-90.0,V_x-40.0_bottom_reverse_right,V_x-40.0_y-34.0_-3.0,V_x-40.0_y-34.0_-3.0,right,reverse,reverse_right,1
4316,-40.2,-29.0,0.5,-90.0,V_x-40.0_bottom_reverse_right,V_x-40.0_y-34.0_-3.0,V_x-40.0_y-34.0_-3.0,right,reverse,reverse_right,1
4317,-40.2,-29.5,0.5,-90.0,V_x-40.0_bottom_reverse_right,V_x-40.0_y-34.0_-3.0,V_x-40.0_y-34.0_-3.0,right,reverse,reverse_right,1
4318,-40.2,-30.0,0.5,-90.0,V_x-40.0_bottom_reverse_right,V_x-40.0_y-34.0_-3.0,V_x-40.0_y-34.0_-3.0,right,reverse,reverse_right,1
4319,-40.2,-30.5,0.5,-90.0,V_x-40.0_bottom_reverse_right,V_x-40.0_y-34.0_-3.0,V_x-40.0_y-34.0_-3.0,right,reverse,reverse_right,1
4320,-40.2,-31.0,0.5,-90.0,V_x-40.0_bottom_reverse_right,V_x-40.0_y-34.0_-3.0,V_x-40.0_y-34.0_-3.0,right,reverse,reverse_right,1
4321,-40.2,-31.5,0.5,-90.0,V_x-40.0_bottom_reverse_right,V_x-40.0_y-34.0_-3.0,V_x-40.0_y-34.0_-3.0,right,reverse,reverse_right,1
4322,-40.2,-32.0,0.5,-90.0,V_x-40.0_bottom_reverse_right,V_x-40.0_y-34.0_-3.0,V_x-40.0_y-34.0_-3.0,right,reverse,reverse_right,1
4323,-40.2,-32.5,0.5,-90.0,V_x-40.0_bottom_reverse_right,V_x-40.0_y-34.0_-3.0,V_x-40.0_y-34.0_-3.0,right,reverse,reverse_right,1
4324,-40.2,-33.0,0.5,-90.0,V_x-40.0_bottom_reverse_right,V_x-40.0_y-34.0_-3.0,V_x-40.0_y-34.0_-3.0,right,reverse,reverse_right,1
4325,-40.2,-33.5,0.5,-90.0,V_x-40.0_bottom_reverse_right,V_x-40.0_y-34.0_-3.0,V_x-40.0_y-34.0_-3.0,right,reverse,reverse_right,1
4326,-40.2,-34.0,0.5,-90.0,V_x-40.0_bottom_reverse_right,V_x-40.0_y-34.0_-3.0,V_x-40.0_y-34.0_-3.0,right,reverse,reverse_right,0
4327,-43.2,26.0,0.5,90.0,V_x-40.0_top_forward_right,V_x-40.0_y26.0_48.0,V_x-40.0_y26.0_48.0,right,forward,forward_right,1
4328,-43.2,26.5,0.5,90.0,V_x-40.0_top_forward_right,V_x-40.0_y26.0_48.0,V_x-40.0_y26.0_48.0,right,forward,forward_right,1
4329,-43.2,27.0,0.5,90.0,V_x-40.0_top_forward_right,V_x-40.0_y26.0_48.0,V_x-40.0_y26.0_48.0,right,forward,forward_right,1
4330,-43.2,27.5,0.5,90.0,V_x-40.0_top_forward_right,V_x-40.0_y26.0_48.0,V_x-40.0_y26.0_48.0,right,forward,forward_right,1
4331,-43.2,28.0,0.5,90.0,V_x-40.0_top_forward_right,V_x-40.0_y26.0_48.0,V_x-40.0_y26.0_48.0,right,forward,forward_right,1
4332,-43.2,28.5,0.5,90.0,V_x-40.0_top_forward_right,V_x-40.0_y26.0_48.0,V_x-40.0_y26.0_48.0,right,forward,forward_right,1
4333,-43.2,29.0,0.5,90.0,V_x-40.0_top_forward_right,V_x-40.0_y26.0_48.0,V_x-40.0_y26.0_48.0,right,forward,forward_right,1
4334,-43.2,29.5,0.5,90.0,V_x-40.0_top_forward_right,V_x-40.0_y26.0_48.0,V_x-40.0_y26.0_48.0,right,forward,forward_right,1
4335,-43.2,30.0,0.5,90.0,V_x-40.0_top_forward_right,V_x-40.0_y26.0_48.0,V_x-40.0_y26.0_48.0,right,forward,forward_right,1
4336,-43.2,30.5,0.5,90.0,V_x-40.0_top_forward_right,V_x-40.0_y26.0_48.0,V_x-40.0_y26.0_48.0,right,forward,forward_right,1
4337,-43.2,31.0,0.5,90.0,V_x-40.0_top_forward_right,V_x-40.0_y26.0_48.0,V_x-40.0_y26.0_48.0,right,forward,forward_right,1
4338,-43.2,31.5,0.5,90.0,V_x-40.0_top_forward_right,V_x-40.0_y26.0_48.0,V_x-40.0_y26.0_48.0,right,forward,forward_right,1
4339,-43.2,32.0,0.5,90.0,V_x-40.0_top_forward_right,V_x-40.0_y26.0_48.0,V_x-40.0_y26.0_48.0,right,forward,forward_right,1
4340,-43.2,32.5,0.5,90.0,V_x-40.0_top_forward_right,V_x-40.0_y26.0_48.0,V_x-40.0_y26.0_48.0,right,forward,forward_right,1
4341,-43.2,33.0,0.5,90.0,V_x-40.0_top_forward_right,V_x-40.0_y26.0_48.0,V_x-40.0_y26.0_48.0,right,forward,forward_right,1
4342,-43.2,33.5,0.5,90.0,V_x-40.0_top_forward_right,V_x-40.0_y26.0_48.0,V_x-40.0_y26.0_48.0,right,forward,forward_right,1
4343,-43.2,34.0,0.5,90.0,V_x-40.0_top_forward_right,V_x-40.0_y26.0_48.0,V_x-40.0_y26.0_48.0,right,forward,forward_right,1
4344,-43.2,34.5,0.5,90.0,V_x-40.0_top_forward_right,V_x-40.0_y26.0_48.0,V_x-40.0_y26.0_48.0,right,forward,forward_right,1
4345,-43.2,35.0,0.5,90.0,V_x-40.0_top_forward_right,V_x-40.0_y26.0_48.0,V_x-40.0_y26.0_48.0,right,forward,forward_right,1
4346,-43.2,35.5,0.5,90.0,V_x-40.0_top_forward_right,V_x-40.0_y26.0_48.0,V_x-40.0_y26.0_48.0,right,forward,forward_right,1
4347,-43.2,36.0,0.5,90.0,V_x-40.0_top_forward_right,V_x-40.0_y26.0_48.0,V_x-40.0_y26.0_48.0,right,forward,forward_right,1
4348,-43.2,36.5,0.5,90.0,V_x-40.0_top_forward_right,V_x-40.0_y26.0_48.0,V_x-40.0_y26.0_48.0,right,forward,forward_right,1
4349,-43.2,37.0,0.5,90.0,V_x-40.0_top_forward_right,V_x-40.0_y26.0_48.0,V_x-40.0_y26.0_48.0,right,forward,forward_right,1
4350,-43.2,37.5,0.5,90.0,V_x-40.0_top_forward_right,V_x-40.0_y26.0_48.0,V_x-40.0_y26.0_48.0,right,forward,forward_right,1
4351,-43.2,38.0,0.5,90.0,V_x-40.0_top_forward_right,V_x-40.0_y26.0_48.0,V_x-40.0_y26.0_48.0,right,forward,forward_right,1
4352,-43.2,38.5,0.5,90.0,V_x-40.0_top_forward_right,V_x-40.0_y26.0_48.0,V_x-40.0_y26.0_48.0,right,forward,forward_right,1
4353,-43.2,39.0,0.5,90.0,V_x-40.0_top_forward_right,V_x-40.0_y26.0_48.0,V_x-40.0_y26.0_48.0,right,forward,forward_right,1
4354,-43.2,39.5,0.5,90.0,V_x-40.0_top_forward_right,V_x-40.0_y26.0_48.0,V_x-40.0_y26.0_48.0,right,forward,forward_right,1
4355,-43.2,40.0,0.5,90.0,V_x-40.0_top_forward_right,V_x-40.0_y26.0_48.0,V_x-40.0_y26.0_48.0,right,forward,forward_right,1
4356,-43.2,40.5,0.5,90.0,V_x-40.0_top_forward_right,V_x-40.0_y26.0_48.0,V_x-40.0_y26.0_48.0,right,forward,forward_right,1
4357,-43.2,41.0,0.5,90.0,V_x-40.0_top_forward_right,V_x-40.0_y26.0_48.0,V_x-40.0_y26.0_48.0,right,forward,forward_right,1
4358,-43.2,41.5,0.5,90.0,V_x-40.0_top_forward_right,V_x-40.0_y26.0_48.0,V_x-40.0_y26.0_48.0,right,forward,forward_right,1
4359,-43.2,42.0,0.5,90.0,V_x-40.0_top_forward_right,V_x-40.0_y26.0_48.0,V_x-40.0_y26.0_48.0,right,forward,forward_right,1
4360,-43.2,42.5,0.5,90.0,V_x-40.0_top_forward_right,V_x-40.0_y26.0_48.0,V_x-40.0_y26.0_48.0,right,forward,forward_right,1
4361,-43.2,43.0,0.5,90.0,V_x-40.0_top_forward_right,V_x-40.0_y26.0_48.0,V_x-40.0_y26.0_48.0,right,forward,forward_right,1
4362,-43.2,43.5,0.5,90.0,V_x-40.0_top_forward_right,V_x-40.0_y26.0_48.0,V_x-40.0_y26.0_48.0,right,forward,forward_right,1
4363,-43.2,44.0,0.5,90.0,V_x-40.0_top_forward_right,V_x-40.0_y26.0_48.0,V_x-40.0_y26.0_48.0,right,forward,forward_right,1
4364,-43.2,44.5,0.5,90.0,V_x-40.0_top_forward_right,V_x-40.0_y26.0_48.0,V_x-40.0_y26.0_48.0,right,forward,forward_right,1
4365,-43.2,45.0,0.5,90.0,V_x-40.0_top_forward_right,V_x-40.0_y26.0_48.0,V_x-40.0_y26.0_48.0,right,forward,forward_right,0
4366,-40.2,48.0,0.5,-90.0,V_x-40.0_top_reverse_right,V_x-40.0_y26.0_48.0,V_x-40.0_y26.0_48.0,right,reverse,reverse_right,1
4367,-40.2,47.5,0.5,-90.0,V_x-40.0_top_reverse_right,V_x-40.0_y26.0_48.0,V_x-40.0_y26.0_48.0,right,reverse,reverse_right,1
4368,-40.2,47.0,0.5,-90.0,V_x-40.0_top_reverse_right,V_x-40.0_y26.0_48.0,V_x-40.0_y26.0_48.0,right,reverse,reverse_right,1
4369,-40.2,46.5,0.5,-90.0,V_x-40.0_top_reverse_right,V_x-40.0_y26.0_48.0,V_x-40.0_y26.0_48.0,right,reverse,reverse_right,1
4370,-40.2,46.0,0.5,-90.0,V_x-40.0_top_reverse_right,V_x-40.0_y26.0_48.0,V_x-40.0_y26.0_48.0,right,reverse,reverse_right,1
4371,-40.2,45.5,0.5,-90.0,V_x-40.0_top_reverse_right,V_x-40.0_y26.0_48.0,V_x-40.0_y26.0_48.0,right,reverse,reverse_right,1
4372,-40.2,45.0,0.5,-90.0,V_x-40.0_top_reverse_right,V_x-40.0_y26.0_48.0,V_x-40.0_y26.0_48.0,right,reverse,reverse_right,1
4373,-40.2,44.5,0.5,-90.0,V_x-40.0_top_reverse_right,V_x-40.0_y26.0_48.0,V_x-40.0_y26.0_48.0,right,reverse,reverse_right,1
4374,-40.2,44.0,0.5,-90.0,V_x-40.0_top_reverse_right,V_x-40.0_y26.0_48.0,V_x-40.0_y26.0_48.0,right,reverse,reverse_right,1
4375,-40.2,43.5,0.5,-90.0,V_x-40.0_top_reverse_right,V_x-40.0_y26.0_48.0,V_x-40.0_y26.0_48.0,right,reverse,reverse_right,1
4376,-40.2,43.0,0.5,-90.0,V_x-40.0_top_reverse_right,V_x-40.0_y26.0_48.0,V_x-40.0_y26.0_48.0,right,reverse,reverse_right,1
4377,-40.2,42.5,0.5,-90.0,V_x-40.0_top_reverse_right,V_x-40.0_y26.0_48.0,V_x-40.0_y26.0_48.0,right,reverse,reverse_right,1
4378,-40.2,42.0,0.5,-90.0,V_x-40.0_top_reverse_right,V_x-40.0_y26.0_48.0,V_x-40.0_y26.0_48.0,right,reverse,reverse_right,1
4379,-40.2,41.5,0.5,-90.0,V_x-40.0_top_reverse_right,V_x-40.0_y26.0_48.0,V_x-40.0_y26.0_48.0,right,reverse,reverse_right,1
4380,-40.2,41.0,0.5,-90.0,V_x-40.0_top_reverse_right,V_x-40.0_y26.0_48.0,V_x-40.0_y26.0_48.0,right,reverse,reverse_right,1
4381,-40.2,40.5,0.5,-90.0,V_x-40.0_top_reverse_right,V_x-40.0_y26.0_48.0,V_x-40.0_y26.0_48.0,right,reverse,reverse_right,1
4382,-40.2,40.0,0.5,-90.0,V_x-40.0_top_reverse_right,V_x-40.0_y26.0_48.0,V_x-40.0_y26.0_48.0,right,reverse,reverse_right,1
4383,-40.2,39.5,0.5,-90.0,V_x-40.0_top_reverse_right,V_x-40.0_y26.0_48.0,V_x-40.0_y26.0_48.0,right,reverse,reverse_right,1
4384,-40.2,39.0,0.5,-90.0,V_x-40.0_top_reverse_right,V_x-40.0_y26.0_48.0,V_x-40.0_y26.0_48.0,right,reverse,reverse_right,1
4385,-40.2,38.5,0.5,-90.0,V_x-40.0_top_reverse_right,V_x-40.0_y26.0_48.0,V_x-40.0_y26.0_48.0,right,reverse,reverse_right,1
4386,-40.2,38.0,0.5,-90.0,V_x-40.0_top_reverse_right,V_x-40.0_y26.0_48.0,V_x-40.0_y26.0_48.0,right,reverse,reverse_right,1
4387,-40.2,37.5,0.5,-90.0,V_x-40.0_top_reverse_right,V_x-40.0_y26.0_48.0,V_x-40.0_y26.0_48.0,right,reverse,reverse_right,1
4388,-40.2,37.0,0.5,-90.0,V_x-40.0_top_reverse_right,V_x-40.0_y26.0_48.0,V_x-40.0_y26.0_48.0,right,reverse,reverse_right,1
4389,-40.2,36.5,0.5,-90.0,V_x-40.0_top_reverse_right,V_x-40.0_y26.0_48.0,V_x-40.0_y26.0_48.0,right,reverse,reverse_right,1
4390,-40.2,36.0,0.5,-90.0,V_x-40.0_top_reverse_right,V_x-40.0_y26.0_48.0,V_x-40.0_y26.0_48.0,right,reverse,reverse_right,1
4391,-40.2,35.5,0.5,-90.0,V_x-40.0_top_reverse_right,V_x-40.0_y26.0_48.0,V_x-40.0_y26.0_48.0,right,reverse,reverse_right,1
4392,-40.2,35.0,0.5,-90.0,V_x-40.0_top_reverse_right,V_x-40.0_y26.0_48.0,V_x-40.0_y26.0_48.0,right,reverse,reverse_right,1
4393,-40.2,34.5,0.5,-90.0,V_x-40.0_top_reverse_right,V_x-40.0_y26.0_48.0,V_x-40.0_y26.0_48.0,right,reverse,reverse_right,1
4394,-40.2,34.0,0.5,-90.0,V_x-40.0_top_reverse_right,V_x-40.0_y26.0_48.0,V_x-40.0_y26.0_48.0,right,reverse,reverse_right,1
4395,-40.2,33.5,0.5,-90.0,V_x-40.0_top_reverse_right,V_x-40.0_y26.0_48.0,V_x-40.0_y26.0_48.0,right,reverse,reverse_right,1
4396,-40.2,33.0,0.5,-90.0,V_x-40.0_top_reverse_right,V_x-40.0_y26.0_48.0,V_x-40.0_y26.0_48.0,right,reverse,reverse_right,1
4397,-40.2,32.5,0.5,-90.0,V_x-40.0_top_reverse_right,V_x-40.0_y26.0_48.0,V_x-40.0_y26.0_48.0,right,reverse,reverse_right,1
4398,-40.2,32.0,0.5,-90.0,V_x-40.0_top_reverse_right,V_x-40.0_y26.0_48.0,V_x-40.0_y26.0_48.0,right,reverse,reverse_right,1
4399,-40.2,31.5,0.5,-90.0,V_x-40.0_top_reverse_right,V_x-40.0_y26.0_48.0,V_x-40.0_y26.0_48.0,right,reverse,reverse_right,1
4400,-40.2,31.0,0.5,-90.0,V_x-40.0_top_reverse_right,V_x-40.0_y26.0_48.0,V_x-40.0_y26.0_48.0,right,reverse,reverse_right,1
4401,-40.2,30.5,0.5,-90.0,V_x-40.0_top_reverse_right,V_x-40.0_y26.0_48.0,V_x-40.0_y26.0_48.0,right,reverse,reverse_right,1
4402,-40.2,30.0,0.5,-90.0,V_x-40.0_top_reverse_right,V_x-40.0_y26.0_48.0,V_x-40.0_y26.0_48.0,right,reverse,reverse_right,1
4403,-40.2,29.5,0.5,-90.0,V_x-40.0_top_reverse_right,V_x-40.0_y26.0_48.0,V_x-40.0_y26.0_48.0,right,reverse,reverse_right,1
4404,-40.2,29.0,0.5,-90.0,V_x-40.0_top_reverse_right,V_x-40.0_y26.0_48.0,V_x-40.0_y26.0_48.0,right,reverse,reverse_right,1
4405,-40.2,28.5,0.5,-90.0,V_x-40.0_top_reverse_right,V_x-40.0_y26.0_48.0,V_x-40.0_y26.0_48.0,right,reverse,reverse_right,1
4406,-40.2,28.0,0.5,-90.0,V_x-40.0_top_reverse_right,V_x-40.0_y26.0_48.0,V_x-40.0_y26.0_48.0,right,reverse,reverse_right,1
4407,-40.2,27.5,0.5,-90.0,V_x-40.0_top_reverse_right,V_x-40.0_y26.0_48.0,V_x-40.0_y26.0_48.0,right,reverse,reverse_right,1
4408,-40.2,27.0,0.5,-90.0,V_x-40.0_top_reverse_right,V_x-40.0_y26.0_48.0,V_x-40.0_y26.0_48.0,right,reverse,reverse_right,1
4409,-40.2,26.5,0.5,-90.0,V_x-40.0_top_reverse_right,V_x-40.0_y26.0_48.0,V_x-40.0_y26.0_48.0,right,reverse,reverse_right,1
4410,-40.2,26.0,0.5,-90.0,V_x-40.0_top_reverse_right,V_x-40.0_y26.0_48.0,V_x-40.0_y26.0_48.0,right,reverse,reverse_right,0
4411,43.2,-31.0,0.5,90.0,V_x40.0_bottom_forward_right,V_x40.0_y-34.0_-3.0,V_x40.0_y-34.0_-3.0,right,forward,forward_right,1
4412,43.2,-30.5,0.5,90.0,V_x40.0_bottom_forward_right,V_x40.0_y-34.0_-3.0,V_x40.0_y-34.0_-3.0,right,forward,forward_right,1
4413,43.2,-30.0,0.5,90.0,V_x40.0_bottom_forward_right,V_x40.0_y-34.0_-3.0,V_x40.0_y-34.0_-3.0,right,forward,forward_right,1
4414,43.2,-29.5,0.5,90.0,V_x40.0_bottom_forward_right,V_x40.0_y-34.0_-3.0,V_x40.0_y-34.0_-3.0,right,forward,forward_right,1
4415,43.2,-29.0,0.5,90.0,V_x40.0_bottom_forward_right,V_x40.0_y-34.0_-3.0,V_x40.0_y-34.0_-3.0,right,forward,forward_right,1
4416,43.2,-28.5,0.5,90.0,V_x40.0_bottom_forward_right,V_x40.0_y-34.0_-3.0,V_x40.0_y-34.0_-3.0,right,forward,forward_right,1
4417,43.2,-28.0,0.5,90.0,V_x40.0_bottom_forward_right,V_x40.0_y-34.0_-3.0,V_x40.0_y-34.0_-3.0,right,forward,forward_right,1
4418,43.2,-27.5,0.5,90.0,V_x40.0_bottom_forward_right,V_x40.0_y-34.0_-3.0,V_x40.0_y-34.0_-3.0,right,forward,forward_right,1
4419,43.2,-27.0,0.5,90.0,V_x40.0_bottom_forward_right,V_x40.0_y-34.0_-3.0,V_x40.0_y-34.0_-3.0,right,forward,forward_right,1
4420,43.2,-26.5,0.5,90.0,V_x40.0_bottom_forward_right,V_x40.0_y-34.0_-3.0,V_x40.0_y-34.0_-3.0,right,forward,forward_right,1
4421,43.2,-26.0,0.5,90.0,V_x40.0_bottom_forward_right,V_x40.0_y-34.0_-3.0,V_x40.0_y-34.0_-3.0,right,forward,forward_right,1
4422,43.2,-25.5,0.5,90.0,V_x40.0_bottom_forward_right,V_x40.0_y-34.0_-3.0,V_x40.0_y-34.0_-3.0,right,forward,forward_right,1
4423,43.2,-25.0,0.5,90.0,V_x40.0_bottom_forward_right,V_x40.0_y-34.0_-3.0,V_x40.0_y-34.0_-3.0,right,forward,forward_right,1
4424,43.2,-24.5,0.5,90.0,V_x40.0_bottom_forward_right,V_x40.0_y-34.0_-3.0,V_x40.0_y-34.0_-3.0,right,forward,forward_right,1
4425,43.2,-24.0,0.5,90.0,V_x40.0_bottom_forward_right,V_x40.0_y-34.0_-3.0,V_x40.0_y-34.0_-3.0,right,forward,forward_right,1
4426,43.2,-23.5,0.5,90.0,V_x40.0_bottom_forward_right,V_x40.0_y-34.0_-3.0,V_x40.0_y-34.0_-3.0,right,forward,forward_right,1
4427,43.2,-23.0,0.5,90.0,V_x40.0_bottom_forward_right,V_x40.0_y-34.0_-3.0,V_x40.0_y-34.0_-3.0,right,forward,forward_right,1
4428,43.2,-22.5,0.5,90.0,V_x40.0_bottom_forward_right,V_x40.0_y-34.0_-3.0,V_x40.0_y-34.0_-3.0,right,forward,forward_right,1
4429,43.2,-22.0,0.5,90.0,V_x40.0_bottom_forward_right,V_x40.0_y-34.0_-3.0,V_x40.0_y-34.0_-3.0,right,forward,forward_right,1
4430,43.2,-21.5,0.5,90.0,V_x40.0_bottom_forward_right,V_x40.0_y-34.0_-3.0,V_x40.0_y-34.0_-3.0,right,forward,forward_right,1
4431,43.2,-21.0,0.5,90.0,V_x40.0_bottom_forward_right,V_x40.0_y-34.0_-3.0,V_x40.0_y-34.0_-3.0,right,forward,forward_right,1
4432,43.2,-20.5,0.5,90.0,V_x40.0_bottom_forward_right,V_x40.0_y-34.0_-3.0,V_x40.0_y-34.0_-3.0,right,forward,forward_right,1
4433,43.2,-20.0,0.5,90.0,V_x40.0_bottom_forward_right,V_x40.0_y-34.0_-3.0,V_x40.0_y-34.0_-3.0,right,forward,forward_right,1
4434,43.2,-19.5,0.5,90.0,V_x40.0_bottom_forward_right,V_x40.0_y-34.0_-3.0,V_x40.0_y-34.0_-3.0,right,forward,forward_right,1
4435,43.2,-19.0,0.5,90.0,V_x40.0_bottom_forward_right,V_x40.0_y-34.0_-3.0,V_x40.0_y-34.0_-3.0,right,forward,forward_right,1
4436,43.2,-18.5,0.5,90.0,V_x40.0_bottom_forward_right,V_x40.0_y-34.0_-3.0,V_x40.0_y-34.0_-3.0,right,forward,forward_right,1
4437,43.2,-18.0,0.5,90.0,V_x40.0_bottom_forward_right,V_x40.0_y-34.0_-3.0,V_x40.0_y-34.0_-3.0,right,forward,forward_right,1
4438,43.2,-17.5,0.5,90.0,V_x40.0_bottom_forward_right,V_x40.0_y-34.0_-3.0,V_x40.0_y-34.0_-3.0,right,forward,forward_right,1
4439,43.2,-17.0,0.5,90.0,V_x40.0_bottom_forward_right,V_x40.0_y-34.0_-3.0,V_x40.0_y-34.0_-3.0,right,forward,forward_right,1
4440,43.2,-16.5,0.5,90.0,V_x40.0_bottom_forward_right,V_x40.0_y-34.0_-3.0,V_x40.0_y-34.0_-3.0,right,forward,forward_right,1
4441,43.2,-16.0,0.5,90.0,V_x40.0_bottom_forward_right,V_x40.0_y-34.0_-3.0,V_x40.0_y-34.0_-3.0,right,forward,forward_right,1
4442,43.2,-15.5,0.5,90.0,V_x40.0_bottom_forward_right,V_x40.0_y-34.0_-3.0,V_x40.0_y-34.0_-3.0,right,forward,forward_right,1
4443,43.2,-15.0,0.5,90.0,V_x40.0_bottom_forward_right,V_x40.0_y-34.0_-3.0,V_x40.0_y-34.0_-3.0,right,forward,forward_right,1
4444,43.2,-14.5,0.5,90.0,V_x40.0_bottom_forward_right,V_x40.0_y-34.0_-3.0,V_x40.0_y-34.0_-3.0,right,forward,forward_right,1
4445,43.2,-14.0,0.5,90.0,V_x40.0_bottom_forward_right,V_x40.0_y-34.0_-3.0,V_x40.0_y-34.0_-3.0,right,forward,forward_right,1
4446,43.2,-13.5,0.5,90.0,V_x40.0_bottom_forward_right,V_x40.0_y-34.0_-3.0,V_x40.0_y-34.0_-3.0,right,forward,forward_right,1
4447,43.2,-13.0,0.5,90.0,V_x40.0_bottom_forward_right,V_x40.0_y-34.0_-3.0,V_x40.0_y-34.0_-3.0,right,forward,forward_right,1
4448,43.2,-12.5,0.5,90.0,V_x40.0_bottom_forward_right,V_x40.0_y-34.0_-3.0,V_x40.0_y-34.0_-3.0,right,forward,forward_right,1
4449,43.2,-12.0,0.5,90.0,V_x40.0_bottom_forward_right,V_x40.0_y-34.0_-3.0,V_x40.0_y-34.0_-3.0,right,forward,forward_right,1
4450,43.2,-11.5,0.5,90.0,V_x40.0_bottom_forward_right,V_x40.0_y-34.0_-3.0,V_x40.0_y-34.0_-3.0,right,forward,forward_right,1
4451,43.2,-11.0,0.5,90.0,V_x40.0_bottom_forward_right,V_x40.0_y-34.0_-3.0,V_x40.0_y-34.0_-3.0,right,forward,forward_right,1
4452,43.2,-10.5,0.5,90.0,V_x40.0_bottom_forward_right,V_x40.0_y-34.0_-3.0,V_x40.0_y-34.0_-3.0,right,forward,forward_right,1
4453,43.2,-10.0,0.5,90.0,V_x40.0_bottom_forward_right,V_x40.0_y-34.0_-3.0,V_x40.0_y-34.0_-3.0,right,forward,forward_right,1
4454,43.2,-9.5,0.5,90.0,V_x40.0_bottom_forward_right,V_x40.0_y-34.0_-3.0,V_x40.0_y-34.0_-3.0,right,forward,forward_right,1
4455,43.2,-9.0,0.5,90.0,V_x40.0_bottom_forward_right,V_x40.0_y-34.0_-3.0,V_x40.0_y-34.0_-3.0,right,forward,forward_right,1
4456,43.2,-8.5,0.5,90.0,V_x40.0_bottom_forward_right,V_x40.0_y-34.0_-3.0,V_x40.0_y-34.0_-3.0,right,forward,forward_right,1
4457,43.2,-8.0,0.5,90.0,V_x40.0_bottom_forward_right,V_x40.0_y-34.0_-3.0,V_x40.0_y-34.0_-3.0,right,forward,forward_right,1
4458,43.2,-7.5,0.5,90.0,V_x40.0_bottom_forward_right,V_x40.0_y-34.0_-3.0,V_x40.0_y-34.0_-3.0,right,forward,forward_right,1
4459,43.2,-7.0,0.5,90.0,V_x40.0_bottom_forward_right,V_x40.0_y-34.0_-3.0,V_x40.0_y-34.0_-3.0,right,forward,forward_right,1
4460,43.2,-6.5,0.5,90.0,V_x40.0_bottom_forward_right,V_x40.0_y-34.0_-3.0,V_x40.0_y-34.0_-3.0,right,forward,forward_right,1
4461,43.2,-6.0,0.5,90.0,V_x40.0_bottom_forward_right,V_x40.0_y-34.0_-3.0,V_x40.0_y-34.0_-3.0,right,forward,forward_right,1
4462,43.2,-5.5,0.5,90.0,V_x40.0_bottom_forward_right,V_x40.0_y-34.0_-3.0,V_x40.0_y-34.0_-3.0,right,forward,forward_right,1
4463,43.2,-5.0,0.5,90.0,V_x40.0_bottom_forward_right,V_x40.0_y-34.0_-3.0,V_x40.0_y-34.0_-3.0,right,forward,forward_right,1
4464,43.2,-4.5,0.5,90.0,V_x40.0_bottom_forward_right,V_x40.0_y-34.0_-3.0,V_x40.0_y-34.0_-3.0,right,forward,forward_right,1
4465,43.2,-4.0,0.5,90.0,V_x40.0_bottom_forward_right,V_x40.0_y-34.0_-3.0,V_x40.0_y-34.0_-3.0,right,forward,forward_right,1
4466,43.2,-3.5,0.5,90.0,V_x40.0_bottom_forward_right,V_x40.0_y-34.0_-3.0,V_x40.0_y-34.0_-3.0,right,forward,forward_right,1
4467,43.2,-3.0,0.5,90.0,V_x40.0_bottom_forward_right,V_x40.0_y-34.0_-3.0,V_x40.0_y-34.0_-3.0,right,forward,forward_right,0
4468,40.2,-3.0,0.5,-90.0,V_x40.0_bottom_reverse_right,V_x40.0_y-34.0_-3.0,V_x40.0_y-34.0_-3.0,right,reverse,reverse_right,1
4469,40.2,-3.5,0.5,-90.0,V_x40.0_bottom_reverse_right,V_x40.0_y-34.0_-3.0,V_x40.0_y-34.0_-3.0,right,reverse,reverse_right,1
4470,40.2,-4.0,0.5,-90.0,V_x40.0_bottom_reverse_right,V_x40.0_y-34.0_-3.0,V_x40.0_y-34.0_-3.0,right,reverse,reverse_right,1
4471,40.2,-4.5,0.5,-90.0,V_x40.0_bottom_reverse_right,V_x40.0_y-34.0_-3.0,V_x40.0_y-34.0_-3.0,right,reverse,reverse_right,1
4472,40.2,-5.0,0.5,-90.0,V_x40.0_bottom_reverse_right,V_x40.0_y-34.0_-3.0,V_x40.0_y-34.0_-3.0,right,reverse,reverse_right,1
4473,40.2,-5.5,0.5,-90.0,V_x40.0_bottom_reverse_right,V_x40.0_y-34.0_-3.0,V_x40.0_y-34.0_-3.0,right,reverse,reverse_right,1
4474,40.2,-6.0,0.5,-90.0,V_x40.0_bottom_reverse_right,V_x40.0_y-34.0_-3.0,V_x40.0_y-34.0_-3.0,right,reverse,reverse_right,1
4475,40.2,-6.5,0.5,-90.0,V_x40.0_bottom_reverse_right,V_x40.0_y-34.0_-3.0,V_x40.0_y-34.0_-3.0,right,reverse,reverse_right,1
4476,40.2,-7.0,0.5,-90.0,V_x40.0_bottom_reverse_right,V_x40.0_y-34.0_-3.0,V_x40.0_y-34.0_-3.0,right,reverse,reverse_right,1
4477,40.2,-7.5,0.5,-90.0,V_x40.0_bottom_reverse_right,V_x40.0_y-34.0_-3.0,V_x40.0_y-34.0_-3.0,right,reverse,reverse_right,1
4478,40.2,-8.0,0.5,-90.0,V_x40.0_bottom_reverse_right,V_x40.0_y-34.0_-3.0,V_x40.0_y-34.0_-3.0,right,reverse,reverse_right,1
4479,40.2,-8.5,0.5,-90.0,V_x40.0_bottom_reverse_right,V_x40.0_y-34.0_-3.0,V_x40.0_y-34.0_-3.0,right,reverse,reverse_right,1
4480,40.2,-9.0,0.5,-90.0,V_x40.0_bottom_reverse_right,V_x40.0_y-34.0_-3.0,V_x40.0_y-34.0_-3.0,right,reverse,reverse_right,1
4481,40.2,-9.5,0.5,-90.0,V_x40.0_bottom_reverse_right,V_x40.0_y-34.0_-3.0,V_x40.0_y-34.0_-3.0,right,reverse,reverse_right,1
4482,40.2,-10.0,0.5,-90.0,V_x40.0_bottom_reverse_right,V_x40.0_y-34.0_-3.0,V_x40.0_y-34.0_-3.0,right,reverse,reverse_right,1
4483,40.2,-10.5,0.5,-90.0,V_x40.0_bottom_reverse_right,V_x40.0_y-34.0_-3.0,V_x40.0_y-34.0_-3.0,right,reverse,reverse_right,1
4484,40.2,-11.0,0.5,-90.0,V_x40.0_bottom_reverse_right,V_x40.0_y-34.0_-3.0,V_x40.0_y-34.0_-3.0,right,reverse,reverse_right,1
4485,40.2,-11.5,0.5,-90.0,V_x40.0_bottom_reverse_right,V_x40.0_y-34.0_-3.0,V_x40.0_y-34.0_-3.0,right,reverse,reverse_right,1
4486,40.2,-12.0,0.5,-90.0,V_x40.0_bottom_reverse_right,V_x40.0_y-34.0_-3.0,V_x40.0_y-34.0_-3.0,right,reverse,reverse_right,1
4487,40.2,-12.5,0.5,-90.0,V_x40.0_bottom_reverse_right,V_x40.0_y-34.0_-3.0,V_x40.0_y-34.0_-3.0,right,reverse,reverse_right,1
4488,40.2,-13.0,0.5,-90.0,V_x40.0_bottom_reverse_right,V_x40.0_y-34.0_-3.0,V_x40.0_y-34.0_-3.0,right,reverse,reverse_right,1
4489,40.2,-13.5,0.5,-90.0,V_x40.0_bottom_reverse_right,V_x40.0_y-34.0_-3.0,V_x40.0_y-34.0_-3.0,right,reverse,reverse_right,1
4490,40.2,-14.0,0.5,-90.0,V_x40.0_bottom_reverse_right,V_x40.0_y-34.0_-3.0,V_x40.0_y-34.0_-3.0,right,reverse,reverse_right,1
4491,40.2,-14.5,0.5,-90.0,V_x40.0_bottom_reverse_right,V_x40.0_y-34.0_-3.0,V_x40.0_y-34.0_-3.0,right,reverse,reverse_right,1
4492,40.2,-15.0,0.5,-90.0,V_x40.0_bottom_reverse_right,V_x40.0_y-34.0_-3.0,V_x40.0_y-34.0_-3.0,right,reverse,reverse_right,1
4493,40.2,-15.5,0.5,-90.0,V_x40.0_bottom_reverse_right,V_x40.0_y-34.0_-3.0,V_x40.0_y-34.0_-3.0,right,reverse,reverse_right,1
4494,40.2,-16.0,0.5,-90.0,V_x40.0_bottom_reverse_right,V_x40.0_y-34.0_-3.0,V_x40.0_y-34.0_-3.0,right,reverse,reverse_right,1
4495,40.2,-16.5,0.5,-90.0,V_x40.0_bottom_reverse_right,V_x40.0_y-34.0_-3.0,V_x40.0_y-34.0_-3.0,right,reverse,reverse_right,1
4496,40.2,-17.0,0.5,-90.0,V_x40.0_bottom_reverse_right,V_x40.0_y-34.0_-3.0,V_x40.0_y-34.0_-3.0,right,reverse,reverse_right,1
4497,40.2,-17.5,0.5,-90.0,V_x40.0_bottom_reverse_right,V_x40.0_y-34.0_-3.0,V_x40.0_y-34.0_-3.0,right,reverse,reverse_right,1
4498,40.2,-18.0,0.5,-90.0,V_x40.0_bottom_reverse_right,V_x40.0_y-34.0_-3.0,V_x40.0_y-34.0_-3.0,right,reverse,reverse_right,1
4499,40.2,-18.5,0.5,-90.0,V_x40.0_bottom_reverse_right,V_x40.0_y-34.0_-3.0,V_x40.0_y-34.0_-3.0,right,reverse,reverse_right,1
4500,40.2,-19.0,0.5,-90.0,V_x40.0_bottom_reverse_right,V_x40.0_y-34.0_-3.0,V_x40.0_y-34.0_-3.0,right,reverse,reverse_right,1
4501,40.2,-19.5,0.5,-90.0,V_x40.0_bottom_reverse_right,V_x40.0_y-34.0_-3.0,V_x40.0_y-34.0_-3.0,right,reverse,reverse_right,1
4502,40.2,-20.0,0.5,-90.0,V_x40.0_bottom_reverse_right,V_x40.0_y-34.0_-3.0,V_x40.0_y-34.0_-3.0,right,reverse,reverse_right,1
4503,40.2,-20.5,0.5,-90.0,V_x40.0_bottom_reverse_right,V_x40.0_y-34.0_-3.0,V_x40.0_y-34.0_-3.0,right,reverse,reverse_right,1
4504,40.2,-21.0,0.5,-90.0,V_x40.0_bottom_reverse_right,V_x40.0_y-34.0_-3.0,V_x40.0_y-34.0_-3.0,right,reverse,reverse_right,1
4505,40.2,-21.5,0.5,-90.0,V_x40.0_bottom_reverse_right,V_x40.0_y-34.0_-3.0,V_x40.0_y-34.0_-3.0,right,reverse,reverse_right,1
4506,40.2,-22.0,0.5,-90.0,V_x40.0_bottom_reverse_right,V_x40.0_y-34.0_-3.0,V_x40.0_y-34.0_-3.0,right,reverse,reverse_right,1
4507,40.2,-22.5,0.5,-90.0,V_x40.0_bottom_reverse_right,V_x40.0_y-34.0_-3.0,V_x40.0_y-34.0_-3.0,right,reverse,reverse_right,1
4508,40.2,-23.0,0.5,-90.0,V_x40.0_bottom_reverse_right,V_x40.0_y-34.0_-3.0,V_x40.0_y-34.0_-3.0,right,reverse,reverse_right,1
4509,40.2,-23.5,0.5,-90.0,V_x40.0_bottom_reverse_right,V_x40.0_y-34.0_-3.0,V_x40.0_y-34.0_-3.0,right,reverse,reverse_right,1
4510,40.2,-24.0,0.5,-90.0,V_x40.0_bottom_reverse_right,V_x40.0_y-34.0_-3.0,V_x40.0_y-34.0_-3.0,right,reverse,reverse_right,1
4511,40.2,-24.5,0.5,-90.0,V_x40.0_bottom_reverse_right,V_x40.0_y-34.0_-3.0,V_x40.0_y-34.0_-3.0,right,reverse,reverse_right,1
4512,40.2,-25.0,0.5,-90.0,V_x40.0_bottom_reverse_right,V_x40.0_y-34.0_-3.0,V_x40.0_y-34.0_-3.0,right,reverse,reverse_right,1
4513,40.2,-25.5,0.5,-90.0,V_x40.0_bottom_reverse_right,V_x40.0_y-34.0_-3.0,V_x40.0_y-34.0_-3.0,right,reverse,reverse_right,1
4514,40.2,-26.0,0.5,-90.0,V_x40.0_bottom_reverse_right,V_x40.0_y-34.0_-3.0,V_x40.0_y-34.0_-3.0,right,reverse,reverse_right,1
4515,40.2,-26.5,0.5,-90.0,V_x40.0_bottom_reverse_right,V_x40.0_y-34.0_-3.0,V_x40.0_y-34.0_-3.0,right,reverse,reverse_right,1
4516,40.2,-27.0,0.5,-90.0,V_x40.0_bottom_reverse_right,V_x40.0_y-34.0_-3.0,V_x40.0_y-34.0_-3.0,right,reverse,reverse_right,1
4517,40.2,-27.5,0.5,-90.0,V_x40.0_bottom_reverse_right,V_x40.0_y-34.0_-3.0,V_x40.0_y-34.0_-3.0,right,reverse,reverse_right,1
4518,40.2,-28.0,0.5,-90.0,V_x40.0_bottom_reverse_right,V_x40.0_y-34.0_-3.0,V_x40.0_y-34.0_-3.0,right,reverse,reverse_right,1
4519,40.2,-28.5,0.5,-90.0,V_x40.0_bottom_reverse_right,V_x40.0_y-34.0_-3.0,V_x40.0_y-34.0_-3.0,right,reverse,reverse_right,1
4520,40.2,-29.0,0.5,-90.0,V_x40.0_bottom_reverse_right,V_x40.0_y-34.0_-3.0,V_x40.0_y-34.0_-3.0,right,reverse,reverse_right,1
4521,40.2,-29.5,0.5,-90.0,V_x40.0_bottom_reverse_right,V_x40.0_y-34.0_-3.0,V_x40.0_y-34.0_-3.0,right,reverse,reverse_right,1
4522,40.2,-30.0,0.5,-90.0,V_x40.0_bottom_reverse_right,V_x40.0_y-34.0_-3.0,V_x40.0_y-34.0_-3.0,right,reverse,reverse_right,1
4523,40.2,-30.5,0.5,-90.0,V_x40.0_bottom_reverse_right,V_x40.0_y-34.0_-3.0,V_x40.0_y-34.0_-3.0,right,reverse,reverse_right,1
4524,40.2,-31.0,0.5,-90.0,V_x40.0_bottom_reverse_right,V_x40.0_y-34.0_-3.0,V_x40.0_y-34.0_-3.0,right,reverse,reverse_right,1
4525,40.2,-31.5,0.5,-90.0,V_x40.0_bottom_reverse_right,V_x40.0_y-34.0_-3.0,V_x40.0_y-34.0_-3.0,right,reverse,reverse_right,1
4526,40.2,-32.0,0.5,-90.0,V_x40.0_bottom_reverse_right,V_x40.0_y-34.0_-3.0,V_x40.0_y-34.0_-3.0,right,reverse,reverse_right,1
4527,40.2,-32.5,0.5,-90.0,V_x40.0_bottom_reverse_right,V_x40.0_y-34.0_-3.0,V_x40.0_y-34.0_-3.0,right,reverse,reverse_right,1
4528,40.2,-33.0,0.5,-90.0,V_x40.0_bottom_reverse_right,V_x40.0_y-34.0_-3.0,V_x40.0_y-34.0_-3.0,right,reverse,reverse_right,1
4529,40.2,-33.5,0.5,-90.0,V_x40.0_bottom_reverse_right,V_x40.0_y-34.0_-3.0,V_x40.0_y-34.0_-3.0,right,reverse,reverse_right,1
4530,40.2,-34.0,0.5,-90.0,V_x40.0_bottom_reverse_right,V_x40.0_y-34.0_-3.0,V_x40.0_y-34.0_-3.0,right,reverse,reverse_right,0
4531,43.2,26.0,0.5,90.0,V_x40.0_top_forward_right,V_x40.0_y26.0_48.0,V_x40.0_y26.0_48.0,right,forward,forward_right,1
4532,43.2,26.5,0.5,90.0,V_x40.0_top_forward_right,V_x40.0_y26.0_48.0,V_x40.0_y26.0_48.0,right,forward,forward_right,1
4533,43.2,27.0,0.5,90.0,V_x40.0_top_forward_right,V_x40.0_y26.0_48.0,V_x40.0_y26.0_48.0,right,forward,forward_right,1
4534,43.2,27.5,0.5,90.0,V_x40.0_top_forward_right,V_x40.0_y26.0_48.0,V_x40.0_y26.0_48.0,right,forward,forward_right,1
4535,43.2,28.0,0.5,90.0,V_x40.0_top_forward_right,V_x40.0_y26.0_48.0,V_x40.0_y26.0_48.0,right,forward,forward_right,1
4536,43.2,28.5,0.5,90.0,V_x40.0_top_forward_right,V_x40.0_y26.0_48.0,V_x40.0_y26.0_48.0,right,forward,forward_right,1
4537,43.2,29.0,0.5,90.0,V_x40.0_top_forward_right,V_x40.0_y26.0_48.0,V_x40.0_y26.0_48.0,right,forward,forward_right,1
4538,43.2,29.5,0.5,90.0,V_x40.0_top_forward_right,V_x40.0_y26.0_48.0,V_x40.0_y26.0_48.0,right,forward,forward_right,1
4539,43.2,30.0,0.5,90.0,V_x40.0_top_forward_right,V_x40.0_y26.0_48.0,V_x40.0_y26.0_48.0,right,forward,forward_right,1
4540,43.2,30.5,0.5,90.0,V_x40.0_top_forward_right,V_x40.0_y26.0_48.0,V_x40.0_y26.0_48.0,right,forward,forward_right,1
4541,43.2,31.0,0.5,90.0,V_x40.0_top_forward_right,V_x40.0_y26.0_48.0,V_x40.0_y26.0_48.0,right,forward,forward_right,1
4542,43.2,31.5,0.5,90.0,V_x40.0_top_forward_right,V_x40.0_y26.0_48.0,V_x40.0_y26.0_48.0,right,forward,forward_right,1
4543,43.2,32.0,0.5,90.0,V_x40.0_top_forward_right,V_x40.0_y26.0_48.0,V_x40.0_y26.0_48.0,right,forward,forward_right,1
4544,43.2,32.5,0.5,90.0,V_x40.0_top_forward_right,V_x40.0_y26.0_48.0,V_x40.0_y26.0_48.0,right,forward,forward_right,1
4545,43.2,33.0,0.5,90.0,V_x40.0_top_forward_right,V_x40.0_y26.0_48.0,V_x40.0_y26.0_48.0,right,forward,forward_right,1
4546,43.2,33.5,0.5,90.0,V_x40.0_top_forward_right,V_x40.0_y26.0_48.0,V_x40.0_y26.0_48.0,right,forward,forward_right,1
4547,43.2,34.0,0.5,90.0,V_x40.0_top_forward_right,V_x40.0_y26.0_48.0,V_x40.0_y26.0_48.0,right,forward,forward_right,1
4548,43.2,34.5,0.5,90.0,V_x40.0_top_forward_right,V_x40.0_y26.0_48.0,V_x40.0_y26.0_48.0,right,forward,forward_right,1
4549,43.2,35.0,0.5,90.0,V_x40.0_top_forward_right,V_x40.0_y26.0_48.0,V_x40.0_y26.0_48.0,right,forward,forward_right,1
4550,43.2,35.5,0.5,90.0,V_x40.0_top_forward_right,V_x40.0_y26.0_48.0,V_x40.0_y26.0_48.0,right,forward,forward_right,1
4551,43.2,36.0,0.5,90.0,V_x40.0_top_forward_right,V_x40.0_y26.0_48.0,V_x40.0_y26.0_48.0,right,forward,forward_right,1
4552,43.2,36.5,0.5,90.0,V_x40.0_top_forward_right,V_x40.0_y26.0_48.0,V_x40.0_y26.0_48.0,right,forward,forward_right,1
4553,43.2,37.0,0.5,90.0,V_x40.0_top_forward_right,V_x40.0_y26.0_48.0,V_x40.0_y26.0_48.0,right,forward,forward_right,1
4554,43.2,37.5,0.5,90.0,V_x40.0_top_forward_right,V_x40.0_y26.0_48.0,V_x40.0_y26.0_48.0,right,forward,forward_right,1
4555,43.2,38.0,0.5,90.0,V_x40.0_top_forward_right,V_x40.0_y26.0_48.0,V_x40.0_y26.0_48.0,right,forward,forward_right,1
4556,43.2,38.5,0.5,90.0,V_x40.0_top_forward_right,V_x40.0_y26.0_48.0,V_x40.0_y26.0_48.0,right,forward,forward_right,1
4557,43.2,39.0,0.5,90.0,V_x40.0_top_forward_right,V_x40.0_y26.0_48.0,V_x40.0_y26.0_48.0,right,forward,forward_right,1
4558,43.2,39.5,0.5,90.0,V_x40.0_top_forward_right,V_x40.0_y26.0_48.0,V_x40.0_y26.0_48.0,right,forward,forward_right,1
4559,43.2,40.0,0.5,90.0,V_x40.0_top_forward_right,V_x40.0_y26.0_48.0,V_x40.0_y26.0_48.0,right,forward,forward_right,1
4560,43.2,40.5,0.5,90.0,V_x40.0_top_forward_right,V_x40.0_y26.0_48.0,V_x40.0_y26.0_48.0,right,forward,forward_right,1
4561,43.2,41.0,0.5,90.0,V_x40.0_top_forward_right,V_x40.0_y26.0_48.0,V_x40.0_y26.0_48.0,right,forward,forward_right,1
4562,43.2,41.5,0.5,90.0,V_x40.0_top_forward_right,V_x40.0_y26.0_48.0,V_x40.0_y26.0_48.0,right,forward,forward_right,1
4563,43.2,42.0,0.5,90.0,V_x40.0_top_forward_right,V_x40.0_y26.0_48.0,V_x40.0_y26.0_48.0,right,forward,forward_right,1
4564,43.2,42.5,0.5,90.0,V_x40.0_top_forward_right,V_x40.0_y26.0_48.0,V_x40.0_y26.0_48.0,right,forward,forward_right,1
4565,43.2,43.0,0.5,90.0,V_x40.0_top_forward_right,V_x40.0_y26.0_48.0,V_x40.0_y26.0_48.0,right,forward,forward_right,1
4566,43.2,43.5,0.5,90.0,V_x40.0_top_forward_right,V_x40.0_y26.0_48.0,V_x40.0_y26.0_48.0,right,forward,forward_right,1
4567,43.2,44.0,0.5,90.0,V_x40.0_top_forward_right,V_x40.0_y26.0_48.0,V_x40.0_y26.0_48.0,right,forward,forward_right,1
4568,43.2,44.5,0.5,90.0,V_x40.0_top_forward_right,V_x40.0_y26.0_48.0,V_x40.0_y26.0_48.0,right,forward,forward_right,1
4569,43.2,45.0,0.5,90.0,V_x40.0_top_forward_right,V_x40.0_y26.0_48.0,V_x40.0_y26.0_48.0,right,forward,forward_right,0
4570,40.2,48.0,0.5,-90.0,V_x40.0_top_reverse_right,V_x40.0_y26.0_48.0,V_x40.0_y26.0_48.0,right,reverse,reverse_right,1
4571,40.2,47.5,0.5,-90.0,V_x40.0_top_reverse_right,V_x40.0_y26.0_48.0,V_x40.0_y26.0_48.0,right,reverse,reverse_right,1
4572,40.2,47.0,0.5,-90.0,V_x40.0_top_reverse_right,V_x40.0_y26.0_48.0,V_x40.0_y26.0_48.0,right,reverse,reverse_right,1
4573,40.2,46.5,0.5,-90.0,V_x40.0_top_reverse_right,V_x40.0_y26.0_48.0,V_x40.0_y26.0_48.0,right,reverse,reverse_right,1
4574,40.2,46.0,0.5,-90.0,V_x40.0_top_reverse_right,V_x40.0_y26.0_48.0,V_x40.0_y26.0_48.0,right,reverse,reverse_right,1
4575,40.2,45.5,0.5,-90.0,V_x40.0_top_reverse_right,V_x40.0_y26.0_48.0,V_x40.0_y26.0_48.0,right,reverse,reverse_right,1
4576,40.2,45.0,0.5,-90.0,V_x40.0_top_reverse_right,V_x40.0_y26.0_48.0,V_x40.0_y26.0_48.0,right,reverse,reverse_right,1
4577,40.2,44.5,0.5,-90.0,V_x40.0_top_reverse_right,V_x40.0_y26.0_48.0,V_x40.0_y26.0_48.0,right,reverse,reverse_right,1
4578,40.2,44.0,0.5,-90.0,V_x40.0_top_reverse_right,V_x40.0_y26.0_48.0,V_x40.0_y26.0_48.0,right,reverse,reverse_right,1
4579,40.2,43.5,0.5,-90.0,V_x40.0_top_reverse_right,V_x40.0_y26.0_48.0,V_x40.0_y26.0_48.0,right,reverse,reverse_right,1
4580,40.2,43.0,0.5,-90.0,V_x40.0_top_reverse_right,V_x40.0_y26.0_48.0,V_x40.0_y26.0_48.0,right,reverse,reverse_right,1
4581,40.2,42.5,0.5,-90.0,V_x40.0_top_reverse_right,V_x40.0_y26.0_48.0,V_x40.0_y26.0_48.0,right,reverse,reverse_right,1
4582,40.2,42.0,0.5,-90.0,V_x40.0_top_reverse_right,V_x40.0_y26.0_48.0,V_x40.0_y26.0_48.0,right,reverse,reverse_right,1
4583,40.2,41.5,0.5,-90.0,V_x40.0_top_reverse_right,V_x40.0_y26.0_48.0,V_x40.0_y26.0_48.0,right,reverse,reverse_right,1
4584,40.2,41.0,0.5,-90.0,V_x40.0_top_reverse_right,V_x40.0_y26.0_48.0,V_x40.0_y26.0_48.0,right,reverse,reverse_right,1
4585,40.2,40.5,0.5,-90.0,V_x40.0_top_reverse_right,V_x40.0_y26.0_48.0,V_x40.0_y26.0_48.0,right,reverse,reverse_right,1
4586,40.2,40.0,0.5,-90.0,V_x40.0_top_reverse_right,V_x40.0_y26.0_48.0,V_x40.0_y26.0_48.0,right,reverse,reverse_right,1
4587,40.2,39.5,0.5,-90.0,V_x40.0_top_reverse_right,V_x40.0_y26.0_48.0,V_x40.0_y26.0_48.0,right,reverse,reverse_right,1
4588,40.2,39.0,0.5,-90.0,V_x40.0_top_reverse_right,V_x40.0_y26.0_48.0,V_x40.0_y26.0_48.0,right,reverse,reverse_right,1
4589,40.2,38.5,0.5,-90.0,V_x40.0_top_reverse_right,V_x40.0_y26.0_48.0,V_x40.0_y26.0_48.0,right,reverse,reverse_right,1
4590,40.2,38.0,0.5,-90.0,V_x40.0_top_reverse_right,V_x40.0_y26.0_48.0,V_x40.0_y26.0_48.0,right,reverse,reverse_right,1
4591,40.2,37.5,0.5,-90.0,V_x40.0_top_reverse_right,V_x40.0_y26.0_48.0,V_x40.0_y26.0_48.0,right,reverse,reverse_right,1
4592,40.2,37.0,0.5,-90.0,V_x40.0_top_reverse_right,V_x40.0_y26.0_48.0,V_x40.0_y26.0_48.0,right,reverse,reverse_right,1
4593,40.2,36.5,0.5,-90.0,V_x40.0_top_reverse_right,V_x40.0_y26.0_48.0,V_x40.0_y26.0_48.0,right,reverse,reverse_right,1
4594,40.2,36.0,0.5,-90.0,V_x40.0_top_reverse_right,V_x40.0_y26.0_48.0,V_x40.0_y26.0_48.0,right,reverse,reverse_right,1
4595,40.2,35.5,0.5,-90.0,V_x40.0_top_reverse_right,V_x40.0_y26.0_48.0,V_x40.0_y26.0_48.0,right,reverse,reverse_right,1
4596,40.2,35.0,0.5,-90.0,V_x40.0_top_reverse_right,V_x40.0_y26.0_48.0,V_x40.0_y26.0_48.0,right,reverse,reverse_right,1
4597,40.2,34.5,0.5,-90.0,V_x40.0_top_reverse_right,V_x40.0_y26.0_48.0,V_x40.0_y26.0_48.0,right,reverse,reverse_right,1
4598,40.2,34.0,0.5,-90.0,V_x40.0_top_reverse_right,V_x40.0_y26.0_48.0,V_x40.0_y26.0_48.0,right,reverse,reverse_right,1
4599,40.2,33.5,0.5,-90.0,V_x40.0_top_reverse_right,V_x40.0_y26.0_48.0,V_x40.0_y26.0_48.0,right,reverse,reverse_right,1
4600,40.2,33.0,0.5,-90.0,V_x40.0_top_reverse_right,V_x40.0_y26.0_48.0,V_x40.0_y26.0_48.0,right,reverse,reverse_right,1
4601,40.2,32.5,0.5,-90.0,V_x40.0_top_reverse_right,V_x40.0_y26.0_48.0,V_x40.0_y26.0_48.0,right,reverse,reverse_right,1
4602,40.2,32.0,0.5,-90.0,V_x40.0_top_reverse_right,V_x40.0_y26.0_48.0,V_x40.0_y26.0_48.0,right,reverse,reverse_right,1
4603,40.2,31.5,0.5,-90.0,V_x40.0_top_reverse_right,V_x40.0_y26.0_48.0,V_x40.0_y26.0_48.0,right,reverse,reverse_right,1
4604,40.2,31.0,0.5,-90.0,V_x40.0_top_reverse_right,V_x40.0_y26.0_48.0,V_x40.0_y26.0_48.0,right,reverse,reverse_right,1
4605,40.2,30.5,0.5,-90.0,V_x40.0_top_reverse_right,V_x40.0_y26.0_48.0,V_x40.0_y26.0_48.0,right,reverse,reverse_right,1
4606,40.2,30.0,0.5,-90.0,V_x40.0_top_reverse_right,V_x40.0_y26.0_48.0,V_x40.0_y26.0_48.0,right,reverse,reverse_right,1
4607,40.2,29.5,0.5,-90.0,V_x40.0_top_reverse_right,V_x40.0_y26.0_48.0,V_x40.0_y26.0_48.0,right,reverse,reverse_right,1
4608,40.2,29.0,0.5,-90.0,V_x40.0_top_reverse_right,V_x40.0_y26.0_48.0,V_x40.0_y26.0_48.0,right,reverse,reverse_right,1
4609,40.2,28.5,0.5,-90.0,V_x40.0_top_reverse_right,V_x40.0_y26.0_48.0,V_x40.0_y26.0_48.0,right,reverse,reverse_right,1
4610,40.2,28.0,0.5,-90.0,V_x40.0_top_reverse_right,V_x40.0_y26.0_48.0,V_x40.0_y26.0_48.0,right,reverse,reverse_right,1
4611,40.2,27.5,0.5,-90.0,V_x40.0_top_reverse_right,V_x40.0_y26.0_48.0,V_x40.0_y26.0_48.0,right,reverse,reverse_right,1
4612,40.2,27.0,0.5,-90.0,V_x40.0_top_reverse_right,V_x40.0_y26.0_48.0,V_x40.0_y26.0_48.0,right,reverse,reverse_right,1
4613,40.2,26.5,0.5,-90.0,V_x40.0_top_reverse_right,V_x40.0_y26.0_48.0,V_x40.0_y26.0_48.0,right,reverse,reverse_right,1
4614,40.2,26.0,0.5,-90.0,V_x40.0_top_reverse_right,V_x40.0_y26.0_48.0,V_x40.0_y26.0_48.0,right,reverse,reverse_right,0
4615,-41.7,46.5,0.5,0.0,H_y48.0_x-40.0_-20.0_forward_right,H_y48.0_x-40.0_-20.0,H_y48.0_x-40.0_-20.0,right,forward,forward_right,1
4616,-41.2,46.5,0.5,0.0,H_y48.0_x-40.0_-20.0_forward_right,H_y48.0_x-40.0_-20.0,H_y48.0_x-40.0_-20.0,right,forward,forward_right,1
4617,-40.7,46.5,0.5,0.0,H_y48.0_x-40.0_-20.0_forward_right,H_y48.0_x-40.0_-20.0,H_y48.0_x-40.0_-20.0,right,forward,forward_right,1
4618,-40.2,46.5,0.5,0.0,H_y48.0_x-40.0_-20.0_forward_right,H_y48.0_x-40.0_-20.0,H_y48.0_x-40.0_-20.0,right,forward,forward_right,1
4619,-39.7,46.5,0.5,0.0,H_y48.0_x-40.0_-20.0_forward_right,H_y48.0_x-40.0_-20.0,H_y48.0_x-40.0_-20.0,right,forward,forward_right,1
4620,-39.2,46.5,0.5,0.0,H_y48.0_x-40.0_-20.0_forward_right,H_y48.0_x-40.0_-20.0,H_y48.0_x-40.0_-20.0,right,forward,forward_right,1
4621,-38.7,46.5,0.5,0.0,H_y48.0_x-40.0_-20.0_forward_right,H_y48.0_x-40.0_-20.0,H_y48.0_x-40.0_-20.0,right,forward,forward_right,1
4622,-38.2,46.5,0.5,0.0,H_y48.0_x-40.0_-20.0_forward_right,H_y48.0_x-40.0_-20.0,H_y48.0_x-40.0_-20.0,right,forward,forward_right,1
4623,-37.7,46.5,0.5,0.0,H_y48.0_x-40.0_-20.0_forward_right,H_y48.0_x-40.0_-20.0,H_y48.0_x-40.0_-20.0,right,forward,forward_right,1
4624,-37.2,46.5,0.5,0.0,H_y48.0_x-40.0_-20.0_forward_right,H_y48.0_x-40.0_-20.0,H_y48.0_x-40.0_-20.0,right,forward,forward_right,1
4625,-36.7,46.5,0.5,0.0,H_y48.0_x-40.0_-20.0_forward_right,H_y48.0_x-40.0_-20.0,H_y48.0_x-40.0_-20.0,right,forward,forward_right,1
4626,-36.2,46.5,0.5,0.0,H_y48.0_x-40.0_-20.0_forward_right,H_y48.0_x-40.0_-20.0,H_y48.0_x-40.0_-20.0,right,forward,forward_right,1
4627,-35.7,46.5,0.5,0.0,H_y48.0_x-40.0_-20.0_forward_right,H_y48.0_x-40.0_-20.0,H_y48.0_x-40.0_-20.0,right,forward,forward_right,1
4628,-35.2,46.5,0.5,0.0,H_y48.0_x-40.0_-20.0_forward_right,H_y48.0_x-40.0_-20.0,H_y48.0_x-40.0_-20.0,right,forward,forward_right,1
4629,-34.7,46.5,0.5,0.0,H_y48.0_x-40.0_-20.0_forward_right,H_y48.0_x-40.0_-20.0,H_y48.0_x-40.0_-20.0,right,forward,forward_right,1
4630,-34.2,46.5,0.5,0.0,H_y48.0_x-40.0_-20.0_forward_right,H_y48.0_x-40.0_-20.0,H_y48.0_x-40.0_-20.0,right,forward,forward_right,1
4631,-33.7,46.5,0.5,0.0,H_y48.0_x-40.0_-20.0_forward_right,H_y48.0_x-40.0_-20.0,H_y48.0_x-40.0_-20.0,right,forward,forward_right,1
4632,-33.2,46.5,0.5,0.0,H_y48.0_x-40.0_-20.0_forward_right,H_y48.0_x-40.0_-20.0,H_y48.0_x-40.0_-20.0,right,forward,forward_right,1
4633,-32.7,46.5,0.5,0.0,H_y48.0_x-40.0_-20.0_forward_right,H_y48.0_x-40.0_-20.0,H_y48.0_x-40.0_-20.0,right,forward,forward_right,1
4634,-32.2,46.5,0.5,0.0,H_y48.0_x-40.0_-20.0_forward_right,H_y48.0_x-40.0_-20.0,H_y48.0_x-40.0_-20.0,right,forward,forward_right,1
4635,-31.7,46.5,0.5,0.0,H_y48.0_x-40.0_-20.0_forward_right,H_y48.0_x-40.0_-20.0,H_y48.0_x-40.0_-20.0,right,forward,forward_right,1
4636,-31.2,46.5,0.5,0.0,H_y48.0_x-40.0_-20.0_forward_right,H_y48.0_x-40.0_-20.0,H_y48.0_x-40.0_-20.0,right,forward,forward_right,1
4637,-30.7,46.5,0.5,0.0,H_y48.0_x-40.0_-20.0_forward_right,H_y48.0_x-40.0_-20.0,H_y48.0_x-40.0_-20.0,right,forward,forward_right,1
4638,-30.2,46.5,0.5,0.0,H_y48.0_x-40.0_-20.0_forward_right,H_y48.0_x-40.0_-20.0,H_y48.0_x-40.0_-20.0,right,forward,forward_right,1
4639,-29.7,46.5,0.5,0.0,H_y48.0_x-40.0_-20.0_forward_right,H_y48.0_x-40.0_-20.0,H_y48.0_x-40.0_-20.0,right,forward,forward_right,1
4640,-29.2,46.5,0.5,0.0,H_y48.0_x-40.0_-20.0_forward_right,H_y48.0_x-40.0_-20.0,H_y48.0_x-40.0_-20.0,right,forward,forward_right,1
4641,-28.7,46.5,0.5,0.0,H_y48.0_x-40.0_-20.0_forward_right,H_y48.0_x-40.0_-20.0,H_y48.0_x-40.0_-20.0,right,forward,forward_right,1
4642,-28.2,46.5,0.5,0.0,H_y48.0_x-40.0_-20.0_forward_right,H_y48.0_x-40.0_-20.0,H_y48.0_x-40.0_-20.0,right,forward,forward_right,1
4643,-27.7,46.5,0.5,0.0,H_y48.0_x-40.0_-20.0_forward_right,H_y48.0_x-40.0_-20.0,H_y48.0_x-40.0_-20.0,right,forward,forward_right,1
4644,-27.2,46.5,0.5,0.0,H_y48.0_x-40.0_-20.0_forward_right,H_y48.0_x-40.0_-20.0,H_y48.0_x-40.0_-20.0,right,forward,forward_right,1
4645,-26.7,46.5,0.5,0.0,H_y48.0_x-40.0_-20.0_forward_right,H_y48.0_x-40.0_-20.0,H_y48.0_x-40.0_-20.0,right,forward,forward_right,1
4646,-26.2,46.5,0.5,0.0,H_y48.0_x-40.0_-20.0_forward_right,H_y48.0_x-40.0_-20.0,H_y48.0_x-40.0_-20.0,right,forward,forward_right,1
4647,-25.7,46.5,0.5,0.0,H_y48.0_x-40.0_-20.0_forward_right,H_y48.0_x-40.0_-20.0,H_y48.0_x-40.0_-20.0,right,forward,forward_right,1
4648,-25.2,46.5,0.5,0.0,H_y48.0_x-40.0_-20.0_forward_right,H_y48.0_x-40.0_-20.0,H_y48.0_x-40.0_-20.0,right,forward,forward_right,1
4649,-24.7,46.5,0.5,0.0,H_y48.0_x-40.0_-20.0_forward_right,H_y48.0_x-40.0_-20.0,H_y48.0_x-40.0_-20.0,right,forward,forward_right,1
4650,-24.2,46.5,0.5,0.0,H_y48.0_x-40.0_-20.0_forward_right,H_y48.0_x-40.0_-20.0,H_y48.0_x-40.0_-20.0,right,forward,forward_right,1
4651,-23.7,46.5,0.5,0.0,H_y48.0_x-40.0_-20.0_forward_right,H_y48.0_x-40.0_-20.0,H_y48.0_x-40.0_-20.0,right,forward,forward_right,1
4652,-23.2,46.5,0.5,0.0,H_y48.0_x-40.0_-20.0_forward_right,H_y48.0_x-40.0_-20.0,H_y48.0_x-40.0_-20.0,right,forward,forward_right,1
4653,-22.7,46.5,0.5,0.0,H_y48.0_x-40.0_-20.0_forward_right,H_y48.0_x-40.0_-20.0,H_y48.0_x-40.0_-20.0,right,forward,forward_right,1
4654,-22.2,46.5,0.5,0.0,H_y48.0_x-40.0_-20.0_forward_right,H_y48.0_x-40.0_-20.0,H_y48.0_x-40.0_-20.0,right,forward,forward_right,1
4655,-21.7,46.5,0.5,0.0,H_y48.0_x-40.0_-20.0_forward_right,H_y48.0_x-40.0_-20.0,H_y48.0_x-40.0_-20.0,right,forward,forward_right,1
4656,-21.2,46.5,0.5,0.0,H_y48.0_x-40.0_-20.0_forward_right,H_y48.0_x-40.0_-20.0,H_y48.0_x-40.0_-20.0,right,forward,forward_right,1
4657,-20.7,46.5,0.5,0.0,H_y48.0_x-40.0_-20.0_forward_right,H_y48.0_x-40.0_-20.0,H_y48.0_x-40.0_-20.0,right,forward,forward_right,1
4658,-20.2,46.5,0.5,0.0,H_y48.0_x-40.0_-20.0_forward_right,H_y48.0_x-40.0_-20.0,H_y48.0_x-40.0_-20.0,right,forward,forward_right,1
4659,-20.0,46.5,0.5,0.0,H_y48.0_x-40.0_-20.0_forward_right,H_y48.0_x-40.0_-20.0,H_y48.0_x-40.0_-20.0,right,forward,forward_right,0
4660,-20.0,49.5,0.5,180.0,H_y48.0_x-40.0_-20.0_reverse_right,H_y48.0_x-40.0_-20.0,H_y48.0_x-40.0_-20.0,right,reverse,reverse_right,1
4661,-20.5,49.5,0.5,180.0,H_y48.0_x-40.0_-20.0_reverse_right,H_y48.0_x-40.0_-20.0,H_y48.0_x-40.0_-20.0,right,reverse,reverse_right,1
4662,-21.0,49.5,0.5,180.0,H_y48.0_x-40.0_-20.0_reverse_right,H_y48.0_x-40.0_-20.0,H_y48.0_x-40.0_-20.0,right,reverse,reverse_right,1
4663,-21.5,49.5,0.5,180.0,H_y48.0_x-40.0_-20.0_reverse_right,H_y48.0_x-40.0_-20.0,H_y48.0_x-40.0_-20.0,right,reverse,reverse_right,1
4664,-22.0,49.5,0.5,180.0,H_y48.0_x-40.0_-20.0_reverse_right,H_y48.0_x-40.0_-20.0,H_y48.0_x-40.0_-20.0,right,reverse,reverse_right,1
4665,-22.5,49.5,0.5,180.0,H_y48.0_x-40.0_-20.0_reverse_right,H_y48.0_x-40.0_-20.0,H_y48.0_x-40.0_-20.0,right,reverse,reverse_right,1
4666,-23.0,49.5,0.5,180.0,H_y48.0_x-40.0_-20.0_reverse_right,H_y48.0_x-40.0_-20.0,H_y48.0_x-40.0_-20.0,right,reverse,reverse_right,1
4667,-23.5,49.5,0.5,180.0,H_y48.0_x-40.0_-20.0_reverse_right,H_y48.0_x-40.0_-20.0,H_y48.0_x-40.0_-20.0,right,reverse,reverse_right,1
4668,-24.0,49.5,0.5,180.0,H_y48.0_x-40.0_-20.0_reverse_right,H_y48.0_x-40.0_-20.0,H_y48.0_x-40.0_-20.0,right,reverse,reverse_right,1
4669,-24.5,49.5,0.5,180.0,H_y48.0_x-40.0_-20.0_reverse_right,H_y48.0_x-40.0_-20.0,H_y48.0_x-40.0_-20.0,right,reverse,reverse_right,1
4670,-25.0,49.5,0.5,180.0,H_y48.0_x-40.0_-20.0_reverse_right,H_y48.0_x-40.0_-20.0,H_y48.0_x-40.0_-20.0,right,reverse,reverse_right,1
4671,-25.5,49.5,0.5,180.0,H_y48.0_x-40.0_-20.0_reverse_right,H_y48.0_x-40.0_-20.0,H_y48.0_x-40.0_-20.0,right,reverse,reverse_right,1
4672,-26.0,49.5,0.5,180.0,H_y48.0_x-40.0_-20.0_reverse_right,H_y48.0_x-40.0_-20.0,H_y48.0_x-40.0_-20.0,right,reverse,reverse_right,1
4673,-26.5,49.5,0.5,180.0,H_y48.0_x-40.0_-20.0_reverse_right,H_y48.0_x-40.0_-20.0,H_y48.0_x-40.0_-20.0,right,reverse,reverse_right,1
4674,-27.0,49.5,0.5,180.0,H_y48.0_x-40.0_-20.0_reverse_right,H_y48.0_x-40.0_-20.0,H_y48.0_x-40.0_-20.0,right,reverse,reverse_right,1
4675,-27.5,49.5,0.5,180.0,H_y48.0_x-40.0_-20.0_reverse_right,H_y48.0_x-40.0_-20.0,H_y48.0_x-40.0_-20.0,right,reverse,reverse_right,1
4676,-28.0,49.5,0.5,180.0,H_y48.0_x-40.0_-20.0_reverse_right,H_y48.0_x-40.0_-20.0,H_y48.0_x-40.0_-20.0,right,reverse,reverse_right,1
4677,-28.5,49.5,0.5,180.0,H_y48.0_x-40.0_-20.0_reverse_right,H_y48.0_x-40.0_-20.0,H_y48.0_x-40.0_-20.0,right,reverse,reverse_right,1
4678,-29.0,49.5,0.5,180.0,H_y48.0_x-40.0_-20.0_reverse_right,H_y48.0_x-40.0_-20.0,H_y48.0_x-40.0_-20.0,right,reverse,reverse_right,1
4679,-29.5,49.5,0.5,180.0,H_y48.0_x-40.0_-20.0_reverse_right,H_y48.0_x-40.0_-20.0,H_y48.0_x-40.0_-20.0,right,reverse,reverse_right,1
4680,-30.0,49.5,0.5,180.0,H_y48.0_x-40.0_-20.0_reverse_right,H_y48.0_x-40.0_-20.0,H_y48.0_x-40.0_-20.0,right,reverse,reverse_right,1
4681,-30.5,49.5,0.5,180.0,H_y48.0_x-40.0_-20.0_reverse_right,H_y48.0_x-40.0_-20.0,H_y48.0_x-40.0_-20.0,right,reverse,reverse_right,1
4682,-31.0,49.5,0.5,180.0,H_y48.0_x-40.0_-20.0_reverse_right,H_y48.0_x-40.0_-20.0,H_y48.0_x-40.0_-20.0,right,reverse,reverse_right,1
4683,-31.5,49.5,0.5,180.0,H_y48.0_x-40.0_-20.0_reverse_right,H_y48.0_x-40.0_-20.0,H_y48.0_x-40.0_-20.0,right,reverse,reverse_right,1
4684,-32.0,49.5,0.5,180.0,H_y48.0_x-40.0_-20.0_reverse_right,H_y48.0_x-40.0_-20.0,H_y48.0_x-40.0_-20.0,right,reverse,reverse_right,1
4685,-32.5,49.5,0.5,180.0,H_y48.0_x-40.0_-20.0_reverse_right,H_y48.0_x-40.0_-20.0,H_y48.0_x-40.0_-20.0,right,reverse,reverse_right,1
4686,-33.0,49.5,0.5,180.0,H_y48.0_x-40.0_-20.0_reverse_right,H_y48.0_x-40.0_-20.0,H_y48.0_x-40.0_-20.0,right,reverse,reverse_right,1
4687,-33.5,49.5,0.5,180.0,H_y48.0_x-40.0_-20.0_reverse_right,H_y48.0_x-40.0_-20.0,H_y48.0_x-40.0_-20.0,right,reverse,reverse_right,1
4688,-34.0,49.5,0.5,180.0,H_y48.0_x-40.0_-20.0_reverse_right,H_y48.0_x-40.0_-20.0,H_y48.0_x-40.0_-20.0,right,reverse,reverse_right,1
4689,-34.5,49.5,0.5,180.0,H_y48.0_x-40.0_-20.0_reverse_right,H_y48.0_x-40.0_-20.0,H_y48.0_x-40.0_-20.0,right,reverse,reverse_right,1
4690,-35.0,49.5,0.5,180.0,H_y48.0_x-40.0_-20.0_reverse_right,H_y48.0_x-40.0_-20.0,H_y48.0_x-40.0_-20.0,right,reverse,reverse_right,1
4691,-35.5,49.5,0.5,180.0,H_y48.0_x-40.0_-20.0_reverse_right,H_y48.0_x-40.0_-20.0,H_y48.0_x-40.0_-20.0,right,reverse,reverse_right,1
4692,-36.0,49.5,0.5,180.0,H_y48.0_x-40.0_-20.0_reverse_right,H_y48.0_x-40.0_-20.0,H_y48.0_x-40.0_-20.0,right,reverse,reverse_right,1
4693,-36.5,49.5,0.5,180.0,H_y48.0_x-40.0_-20.0_reverse_right,H_y48.0_x-40.0_-20.0,H_y48.0_x-40.0_-20.0,right,reverse,reverse_right,1
4694,-37.0,49.5,0.5,180.0,H_y48.0_x-40.0_-20.0_reverse_right,H_y48.0_x-40.0_-20.0,H_y48.0_x-40.0_-20.0,right,reverse,reverse_right,1
4695,-37.5,49.5,0.5,180.0,H_y48.0_x-40.0_-20.0_reverse_right,H_y48.0_x-40.0_-20.0,H_y48.0_x-40.0_-20.0,right,reverse,reverse_right,1
4696,-38.0,49.5,0.5,180.0,H_y48.0_x-40.0_-20.0_reverse_right,H_y48.0_x-40.0_-20.0,H_y48.0_x-40.0_-20.0,right,reverse,reverse_right,1
4697,-38.5,49.5,0.5,180.0,H_y48.0_x-40.0_-20.0_reverse_right,H_y48.0_x-40.0_-20.0,H_y48.0_x-40.0_-20.0,right,reverse,reverse_right,1
4698,-39.0,49.5,0.5,180.0,H_y48.0_x-40.0_-20.0_reverse_right,H_y48.0_x-40.0_-20.0,H_y48.0_x-40.0_-20.0,right,reverse,reverse_right,1
4699,-39.5,49.5,0.5,180.0,H_y48.0_x-40.0_-20.0_reverse_right,H_y48.0_x-40.0_-20.0,H_y48.0_x-40.0_-20.0,right,reverse,reverse_right,1
4700,-40.0,49.5,0.5,180.0,H_y48.0_x-40.0_-20.0_reverse_right,H_y48.0_x-40.0_-20.0,H_y48.0_x-40.0_-20.0,right,reverse,reverse_right,1
4701,-40.5,49.5,0.5,180.0,H_y48.0_x-40.0_-20.0_reverse_right,H_y48.0_x-40.0_-20.0,H_y48.0_x-40.0_-20.0,right,reverse,reverse_right,1
4702,-41.0,49.5,0.5,180.0,H_y48.0_x-40.0_-20.0_reverse_right,H_y48.0_x-40.0_-20.0,H_y48.0_x-40.0_-20.0,right,reverse,reverse_right,1
4703,-41.5,49.5,0.5,180.0,H_y48.0_x-40.0_-20.0_reverse_right,H_y48.0_x-40.0_-20.0,H_y48.0_x-40.0_-20.0,right,reverse,reverse_right,1
4704,-41.7,49.5,0.5,180.0,H_y48.0_x-40.0_-20.0_reverse_right,H_y48.0_x-40.0_-20.0,H_y48.0_x-40.0_-20.0,right,reverse,reverse_right,0
4705,20.0,46.5,0.5,0.0,H_y48.0_x20.0_40.0_forward_right,H_y48.0_x20.0_40.0,H_y48.0_x20.0_40.0,right,forward,forward_right,1
4706,20.5,46.5,0.5,0.0,H_y48.0_x20.0_40.0_forward_right,H_y48.0_x20.0_40.0,H_y48.0_x20.0_40.0,right,forward,forward_right,1
4707,21.0,46.5,0.5,0.0,H_y48.0_x20.0_40.0_forward_right,H_y48.0_x20.0_40.0,H_y48.0_x20.0_40.0,right,forward,forward_right,1
4708,21.5,46.5,0.5,0.0,H_y48.0_x20.0_40.0_forward_right,H_y48.0_x20.0_40.0,H_y48.0_x20.0_40.0,right,forward,forward_right,1
4709,22.0,46.5,0.5,0.0,H_y48.0_x20.0_40.0_forward_right,H_y48.0_x20.0_40.0,H_y48.0_x20.0_40.0,right,forward,forward_right,1
4710,22.5,46.5,0.5,0.0,H_y48.0_x20.0_40.0_forward_right,H_y48.0_x20.0_40.0,H_y48.0_x20.0_40.0,right,forward,forward_right,1
4711,23.0,46.5,0.5,0.0,H_y48.0_x20.0_40.0_forward_right,H_y48.0_x20.0_40.0,H_y48.0_x20.0_40.0,right,forward,forward_right,1
4712,23.5,46.5,0.5,0.0,H_y48.0_x20.0_40.0_forward_right,H_y48.0_x20.0_40.0,H_y48.0_x20.0_40.0,right,forward,forward_right,1
4713,24.0,46.5,0.5,0.0,H_y48.0_x20.0_40.0_forward_right,H_y48.0_x20.0_40.0,H_y48.0_x20.0_40.0,right,forward,forward_right,1
4714,24.5,46.5,0.5,0.0,H_y48.0_x20.0_40.0_forward_right,H_y48.0_x20.0_40.0,H_y48.0_x20.0_40.0,right,forward,forward_right,1
4715,25.0,46.5,0.5,0.0,H_y48.0_x20.0_40.0_forward_right,H_y48.0_x20.0_40.0,H_y48.0_x20.0_40.0,right,forward,forward_right,1
4716,25.5,46.5,0.5,0.0,H_y48.0_x20.0_40.0_forward_right,H_y48.0_x20.0_40.0,H_y48.0_x20.0_40.0,right,forward,forward_right,1
4717,26.0,46.5,0.5,0.0,H_y48.0_x20.0_40.0_forward_right,H_y48.0_x20.0_40.0,H_y48.0_x20.0_40.0,right,forward,forward_right,1
4718,26.5,46.5,0.5,0.0,H_y48.0_x20.0_40.0_forward_right,H_y48.0_x20.0_40.0,H_y48.0_x20.0_40.0,right,forward,forward_right,1
4719,27.0,46.5,0.5,0.0,H_y48.0_x20.0_40.0_forward_right,H_y48.0_x20.0_40.0,H_y48.0_x20.0_40.0,right,forward,forward_right,1
4720,27.5,46.5,0.5,0.0,H_y48.0_x20.0_40.0_forward_right,H_y48.0_x20.0_40.0,H_y48.0_x20.0_40.0,right,forward,forward_right,1
4721,28.0,46.5,0.5,0.0,H_y48.0_x20.0_40.0_forward_right,H_y48.0_x20.0_40.0,H_y48.0_x20.0_40.0,right,forward,forward_right,1
4722,28.5,46.5,0.5,0.0,H_y48.0_x20.0_40.0_forward_right,H_y48.0_x20.0_40.0,H_y48.0_x20.0_40.0,right,forward,forward_right,1
4723,29.0,46.5,0.5,0.0,H_y48.0_x20.0_40.0_forward_right,H_y48.0_x20.0_40.0,H_y48.0_x20.0_40.0,right,forward,forward_right,1
4724,29.5,46.5,0.5,0.0,H_y48.0_x20.0_40.0_forward_right,H_y48.0_x20.0_40.0,H_y48.0_x20.0_40.0,right,forward,forward_right,1
4725,30.0,46.5,0.5,0.0,H_y48.0_x20.0_40.0_forward_right,H_y48.0_x20.0_40.0,H_y48.0_x20.0_40.0,right,forward,forward_right,1
4726,30.5,46.5,0.5,0.0,H_y48.0_x20.0_40.0_forward_right,H_y48.0_x20.0_40.0,H_y48.0_x20.0_40.0,right,forward,forward_right,1
4727,31.0,46.5,0.5,0.0,H_y48.0_x20.0_40.0_forward_right,H_y48.0_x20.0_40.0,H_y48.0_x20.0_40.0,right,forward,forward_right,1
4728,31.5,46.5,0.5,0.0,H_y48.0_x20.0_40.0_forward_right,H_y48.0_x20.0_40.0,H_y48.0_x20.0_40.0,right,forward,forward_right,1
4729,32.0,46.5,0.5,0.0,H_y48.0_x20.0_40.0_forward_right,H_y48.0_x20.0_40.0,H_y48.0_x20.0_40.0,right,forward,forward_right,1
4730,32.5,46.5,0.5,0.0,H_y48.0_x20.0_40.0_forward_right,H_y48.0_x20.0_40.0,H_y48.0_x20.0_40.0,right,forward,forward_right,1
4731,33.0,46.5,0.5,0.0,H_y48.0_x20.0_40.0_forward_right,H_y48.0_x20.0_40.0,H_y48.0_x20.0_40.0,right,forward,forward_right,1
4732,33.5,46.5,0.5,0.0,H_y48.0_x20.0_40.0_forward_right,H_y48.0_x20.0_40.0,H_y48.0_x20.0_40.0,right,forward,forward_right,1
4733,34.0,46.5,0.5,0.0,H_y48.0_x20.0_40.0_forward_right,H_y48.0_x20.0_40.0,H_y48.0_x20.0_40.0,right,forward,forward_right,1
4734,34.5,46.5,0.5,0.0,H_y48.0_x20.0_40.0_forward_right,H_y48.0_x20.0_40.0,H_y48.0_x20.0_40.0,right,forward,forward_right,1
4735,35.0,46.5,0.5,0.0,H_y48.0_x20.0_40.0_forward_right,H_y48.0_x20.0_40.0,H_y48.0_x20.0_40.0,right,forward,forward_right,1
4736,35.5,46.5,0.5,0.0,H_y48.0_x20.0_40.0_forward_right,H_y48.0_x20.0_40.0,H_y48.0_x20.0_40.0,right,forward,forward_right,1
4737,36.0,46.5,0.5,0.0,H_y48.0_x20.0_40.0_forward_right,H_y48.0_x20.0_40.0,H_y48.0_x20.0_40.0,right,forward,forward_right,1
4738,36.5,46.5,0.5,0.0,H_y48.0_x20.0_40.0_forward_right,H_y48.0_x20.0_40.0,H_y48.0_x20.0_40.0,right,forward,forward_right,1
4739,37.0,46.5,0.5,0.0,H_y48.0_x20.0_40.0_forward_right,H_y48.0_x20.0_40.0,H_y48.0_x20.0_40.0,right,forward,forward_right,1
4740,37.5,46.5,0.5,0.0,H_y48.0_x20.0_40.0_forward_right,H_y48.0_x20.0_40.0,H_y48.0_x20.0_40.0,right,forward,forward_right,1
4741,38.0,46.5,0.5,0.0,H_y48.0_x20.0_40.0_forward_right,H_y48.0_x20.0_40.0,H_y48.0_x20.0_40.0,right,forward,forward_right,1
4742,38.5,46.5,0.5,0.0,H_y48.0_x20.0_40.0_forward_right,H_y48.0_x20.0_40.0,H_y48.0_x20.0_40.0,right,forward,forward_right,1
4743,39.0,46.5,0.5,0.0,H_y48.0_x20.0_40.0_forward_right,H_y48.0_x20.0_40.0,H_y48.0_x20.0_40.0,right,forward,forward_right,1
4744,39.5,46.5,0.5,0.0,H_y48.0_x20.0_40.0_forward_right,H_y48.0_x20.0_40.0,H_y48.0_x20.0_40.0,right,forward,forward_right,1
4745,40.0,46.5,0.5,0.0,H_y48.0_x20.0_40.0_forward_right,H_y48.0_x20.0_40.0,H_y48.0_x20.0_40.0,right,forward,forward_right,1
4746,40.5,46.5,0.5,0.0,H_y48.0_x20.0_40.0_forward_right,H_y48.0_x20.0_40.0,H_y48.0_x20.0_40.0,right,forward,forward_right,1
4747,41.0,46.5,0.5,0.0,H_y48.0_x20.0_40.0_forward_right,H_y48.0_x20.0_40.0,H_y48.0_x20.0_40.0,right,forward,forward_right,1
4748,41.5,46.5,0.5,0.0,H_y48.0_x20.0_40.0_forward_right,H_y48.0_x20.0_40.0,H_y48.0_x20.0_40.0,right,forward,forward_right,1
4749,41.7,46.5,0.5,0.0,H_y48.0_x20.0_40.0_forward_right,H_y48.0_x20.0_40.0,H_y48.0_x20.0_40.0,right,forward,forward_right,0
4750,41.7,49.5,0.5,180.0,H_y48.0_x20.0_40.0_reverse_right,H_y48.0_x20.0_40.0,H_y48.0_x20.0_40.0,right,reverse,reverse_right,1
4751,41.2,49.5,0.5,180.0,H_y48.0_x20.0_40.0_reverse_right,H_y48.0_x20.0_40.0,H_y48.0_x20.0_40.0,right,reverse,reverse_right,1
4752,40.7,49.5,0.5,180.0,H_y48.0_x20.0_40.0_reverse_right,H_y48.0_x20.0_40.0,H_y48.0_x20.0_40.0,right,reverse,reverse_right,1
4753,40.2,49.5,0.5,180.0,H_y48.0_x20.0_40.0_reverse_right,H_y48.0_x20.0_40.0,H_y48.0_x20.0_40.0,right,reverse,reverse_right,1
4754,39.7,49.5,0.5,180.0,H_y48.0_x20.0_40.0_reverse_right,H_y48.0_x20.0_40.0,H_y48.0_x20.0_40.0,right,reverse,reverse_right,1
4755,39.2,49.5,0.5,180.0,H_y48.0_x20.0_40.0_reverse_right,H_y48.0_x20.0_40.0,H_y48.0_x20.0_40.0,right,reverse,reverse_right,1
4756,38.7,49.5,0.5,180.0,H_y48.0_x20.0_40.0_reverse_right,H_y48.0_x20.0_40.0,H_y48.0_x20.0_40.0,right,reverse,reverse_right,1
4757,38.2,49.5,0.5,180.0,H_y48.0_x20.0_40.0_reverse_right,H_y48.0_x20.0_40.0,H_y48.0_x20.0_40.0,right,reverse,reverse_right,1
4758,37.7,49.5,0.5,180.0,H_y48.0_x20.0_40.0_reverse_right,H_y48.0_x20.0_40.0,H_y48.0_x20.0_40.0,right,reverse,reverse_right,1
4759,37.2,49.5,0.5,180.0,H_y48.0_x20.0_40.0_reverse_right,H_y48.0_x20.0_40.0,H_y48.0_x20.0_40.0,right,reverse,reverse_right,1
4760,36.7,49.5,0.5,180.0,H_y48.0_x20.0_40.0_reverse_right,H_y48.0_x20.0_40.0,H_y48.0_x20.0_40.0,right,reverse,reverse_right,1
4761,36.2,49.5,0.5,180.0,H_y48.0_x20.0_40.0_reverse_right,H_y48.0_x20.0_40.0,H_y48.0_x20.0_40.0,right,reverse,reverse_right,1
4762,35.7,49.5,0.5,180.0,H_y48.0_x20.0_40.0_reverse_right,H_y48.0_x20.0_40.0,H_y48.0_x20.0_40.0,right,reverse,reverse_right,1
4763,35.2,49.5,0.5,180.0,H_y48.0_x20.0_40.0_reverse_right,H_y48.0_x20.0_40.0,H_y48.0_x20.0_40.0,right,reverse,reverse_right,1
4764,34.7,49.5,0.5,180.0,H_y48.0_x20.0_40.0_reverse_right,H_y48.0_x20.0_40.0,H_y48.0_x20.0_40.0,right,reverse,reverse_right,1
4765,34.2,49.5,0.5,180.0,H_y48.0_x20.0_40.0_reverse_right,H_y48.0_x20.0_40.0,H_y48.0_x20.0_40.0,right,reverse,reverse_right,1
4766,33.7,49.5,0.5,180.0,H_y48.0_x20.0_40.0_reverse_right,H_y48.0_x20.0_40.0,H_y48.0_x20.0_40.0,right,reverse,reverse_right,1
4767,33.2,49.5,0.5,180.0,H_y48.0_x20.0_40.0_reverse_right,H_y48.0_x20.0_40.0,H_y48.0_x20.0_40.0,right,reverse,reverse_right,1
4768,32.7,49.5,0.5,180.0,H_y48.0_x20.0_40.0_reverse_right,H_y48.0_x20.0_40.0,H_y48.0_x20.0_40.0,right,reverse,reverse_right,1
4769,32.2,49.5,0.5,180.0,H_y48.0_x20.0_40.0_reverse_right,H_y48.0_x20.0_40.0,H_y48.0_x20.0_40.0,right,reverse,reverse_right,1
4770,31.7,49.5,0.5,180.0,H_y48.0_x20.0_40.0_reverse_right,H_y48.0_x20.0_40.0,H_y48.0_x20.0_40.0,right,reverse,reverse_right,1
4771,31.2,49.5,0.5,180.0,H_y48.0_x20.0_40.0_reverse_right,H_y48.0_x20.0_40.0,H_y48.0_x20.0_40.0,right,reverse,reverse_right,1
4772,30.7,49.5,0.5,180.0,H_y48.0_x20.0_40.0_reverse_right,H_y48.0_x20.0_40.0,H_y48.0_x20.0_40.0,right,reverse,reverse_right,1
4773,30.2,49.5,0.5,180.0,H_y48.0_x20.0_40.0_reverse_right,H_y48.0_x20.0_40.0,H_y48.0_x20.0_40.0,right,reverse,reverse_right,1
4774,29.7,49.5,0.5,180.0,H_y48.0_x20.0_40.0_reverse_right,H_y48.0_x20.0_40.0,H_y48.0_x20.0_40.0,right,reverse,reverse_right,1
4775,29.2,49.5,0.5,180.0,H_y48.0_x20.0_40.0_reverse_right,H_y48.0_x20.0_40.0,H_y48.0_x20.0_40.0,right,reverse,reverse_right,1
4776,28.7,49.5,0.5,180.0,H_y48.0_x20.0_40.0_reverse_right,H_y48.0_x20.0_40.0,H_y48.0_x20.0_40.0,right,reverse,reverse_right,1
4777,28.2,49.5,0.5,180.0,H_y48.0_x20.0_40.0_reverse_right,H_y48.0_x20.0_40.0,H_y48.0_x20.0_40.0,right,reverse,reverse_right,1
4778,27.7,49.5,0.5,180.0,H_y48.0_x20.0_40.0_reverse_right,H_y48.0_x20.0_40.0,H_y48.0_x20.0_40.0,right,reverse,reverse_right,1
4779,27.2,49.5,0.5,180.0,H_y48.0_x20.0_40.0_reverse_right,H_y48.0_x20.0_40.0,H_y48.0_x20.0_40.0,right,reverse,reverse_right,1
4780,26.7,49.5,0.5,180.0,H_y48.0_x20.0_40.0_reverse_right,H_y48.0_x20.0_40.0,H_y48.0_x20.0_40.0,right,reverse,reverse_right,1
4781,26.2,49.5,0.5,180.0,H_y48.0_x20.0_40.0_reverse_right,H_y48.0_x20.0_40.0,H_y48.0_x20.0_40.0,right,reverse,reverse_right,1
4782,25.7,49.5,0.5,180.0,H_y48.0_x20.0_40.0_reverse_right,H_y48.0_x20.0_40.0,H_y48.0_x20.0_40.0,right,reverse,reverse_right,1
4783,25.2,49.5,0.5,180.0,H_y48.0_x20.0_40.0_reverse_right,H_y48.0_x20.0_40.0,H_y48.0_x20.0_40.0,right,reverse,reverse_right,1
4784,24.7,49.5,0.5,180.0,H_y48.0_x20.0_40.0_reverse_right,H_y48.0_x20.0_40.0,H_y48.0_x20.0_40.0,right,reverse,reverse_right,1
4785,24.2,49.5,0.5,180.0,H_y48.0_x20.0_40.0_reverse_right,H_y48.0_x20.0_40.0,H_y48.0_x20.0_40.0,right,reverse,reverse_right,1
4786,23.7,49.5,0.5,180.0,H_y48.0_x20.0_40.0_reverse_right,H_y48.0_x20.0_40.0,H_y48.0_x20.0_40.0,right,reverse,reverse_right,1
4787,23.2,49.5,0.5,180.0,H_y48.0_x20.0_40.0_reverse_right,H_y48.0_x20.0_40.0,H_y48.0_x20.0_40.0,right,reverse,reverse_right,1
4788,22.7,49.5,0.5,180.0,H_y48.0_x20.0_40.0_reverse_right,H_y48.0_x20.0_40.0,H_y48.0_x20.0_40.0,right,reverse,reverse_right,1
4789,22.2,49.5,0.5,180.0,H_y48.0_x20.0_40.0_reverse_right,H_y48.0_x20.0_40.0,H_y48.0_x20.0_40.0,right,reverse,reverse_right,1
4790,21.7,49.5,0.5,180.0,H_y48.0_x20.0_40.0_reverse_right,H_y48.0_x20.0_40.0,H_y48.0_x20.0_40.0,right,reverse,reverse_right,1
4791,21.2,49.5,0.5,180.0,H_y48.0_x20.0_40.0_reverse_right,H_y48.0_x20.0_40.0,H_y48.0_x20.0_40.0,right,reverse,reverse_right,1
4792,20.7,49.5,0.5,180.0,H_y48.0_x20.0_40.0_reverse_right,H_y48.0_x20.0_40.0,H_y48.0_x20.0_40.0,right,reverse,reverse_right,1
4793,20.2,49.5,0.5,180.0,H_y48.0_x20.0_40.0_reverse_right,H_y48.0_x20.0_40.0,H_y48.0_x20.0_40.0,right,reverse,reverse_right,1
4794,20.0,49.5,0.5,180.0,H_y48.0_x20.0_40.0_reverse_right,H_y48.0_x20.0_40.0,H_y48.0_x20.0_40.0,right,reverse,reverse_right,0
4795,-41.7,-32.5,0.5,0.0,H_y-34.0_x-40.0_-20.0_forward_right,H_y-34.0_x-40.0_-20.0,H_y-34.0_x-40.0_-20.0,right,forward,forward_right,1
4796,-41.2,-32.5,0.5,0.0,H_y-34.0_x-40.0_-20.0_forward_right,H_y-34.0_x-40.0_-20.0,H_y-34.0_x-40.0_-20.0,right,forward,forward_right,1
4797,-40.7,-32.5,0.5,0.0,H_y-34.0_x-40.0_-20.0_forward_right,H_y-34.0_x-40.0_-20.0,H_y-34.0_x-40.0_-20.0,right,forward,forward_right,1
4798,-40.2,-32.5,0.5,0.0,H_y-34.0_x-40.0_-20.0_forward_right,H_y-34.0_x-40.0_-20.0,H_y-34.0_x-40.0_-20.0,right,forward,forward_right,1
4799,-39.7,-32.5,0.5,0.0,H_y-34.0_x-40.0_-20.0_forward_right,H_y-34.0_x-40.0_-20.0,H_y-34.0_x-40.0_-20.0,right,forward,forward_right,1
4800,-39.2,-32.5,0.5,0.0,H_y-34.0_x-40.0_-20.0_forward_right,H_y-34.0_x-40.0_-20.0,H_y-34.0_x-40.0_-20.0,right,forward,forward_right,1
4801,-38.7,-32.5,0.5,0.0,H_y-34.0_x-40.0_-20.0_forward_right,H_y-34.0_x-40.0_-20.0,H_y-34.0_x-40.0_-20.0,right,forward,forward_right,1
4802,-38.2,-32.5,0.5,0.0,H_y-34.0_x-40.0_-20.0_forward_right,H_y-34.0_x-40.0_-20.0,H_y-34.0_x-40.0_-20.0,right,forward,forward_right,1
4803,-37.7,-32.5,0.5,0.0,H_y-34.0_x-40.0_-20.0_forward_right,H_y-34.0_x-40.0_-20.0,H_y-34.0_x-40.0_-20.0,right,forward,forward_right,1
4804,-37.2,-32.5,0.5,0.0,H_y-34.0_x-40.0_-20.0_forward_right,H_y-34.0_x-40.0_-20.0,H_y-34.0_x-40.0_-20.0,right,forward,forward_right,1
4805,-36.7,-32.5,0.5,0.0,H_y-34.0_x-40.0_-20.0_forward_right,H_y-34.0_x-40.0_-20.0,H_y-34.0_x-40.0_-20.0,right,forward,forward_right,1
4806,-36.2,-32.5,0.5,0.0,H_y-34.0_x-40.0_-20.0_forward_right,H_y-34.0_x-40.0_-20.0,H_y-34.0_x-40.0_-20.0,right,forward,forward_right,1
4807,-35.7,-32.5,0.5,0.0,H_y-34.0_x-40.0_-20.0_forward_right,H_y-34.0_x-40.0_-20.0,H_y-34.0_x-40.0_-20.0,right,forward,forward_right,1
4808,-35.2,-32.5,0.5,0.0,H_y-34.0_x-40.0_-20.0_forward_right,H_y-34.0_x-40.0_-20.0,H_y-34.0_x-40.0_-20.0,right,forward,forward_right,1
4809,-34.7,-32.5,0.5,0.0,H_y-34.0_x-40.0_-20.0_forward_right,H_y-34.0_x-40.0_-20.0,H_y-34.0_x-40.0_-20.0,right,forward,forward_right,1
4810,-34.2,-32.5,0.5,0.0,H_y-34.0_x-40.0_-20.0_forward_right,H_y-34.0_x-40.0_-20.0,H_y-34.0_x-40.0_-20.0,right,forward,forward_right,1
4811,-33.7,-32.5,0.5,0.0,H_y-34.0_x-40.0_-20.0_forward_right,H_y-34.0_x-40.0_-20.0,H_y-34.0_x-40.0_-20.0,right,forward,forward_right,1
4812,-33.2,-32.5,0.5,0.0,H_y-34.0_x-40.0_-20.0_forward_right,H_y-34.0_x-40.0_-20.0,H_y-34.0_x-40.0_-20.0,right,forward,forward_right,1
4813,-32.7,-32.5,0.5,0.0,H_y-34.0_x-40.0_-20.0_forward_right,H_y-34.0_x-40.0_-20.0,H_y-34.0_x-40.0_-20.0,right,forward,forward_right,1
4814,-32.2,-32.5,0.5,0.0,H_y-34.0_x-40.0_-20.0_forward_right,H_y-34.0_x-40.0_-20.0,H_y-34.0_x-40.0_-20.0,right,forward,forward_right,1
4815,-31.7,-32.5,0.5,0.0,H_y-34.0_x-40.0_-20.0_forward_right,H_y-34.0_x-40.0_-20.0,H_y-34.0_x-40.0_-20.0,right,forward,forward_right,1
4816,-31.2,-32.5,0.5,0.0,H_y-34.0_x-40.0_-20.0_forward_right,H_y-34.0_x-40.0_-20.0,H_y-34.0_x-40.0_-20.0,right,forward,forward_right,1
4817,-30.7,-32.5,0.5,0.0,H_y-34.0_x-40.0_-20.0_forward_right,H_y-34.0_x-40.0_-20.0,H_y-34.0_x-40.0_-20.0,right,forward,forward_right,1
4818,-30.2,-32.5,0.5,0.0,H_y-34.0_x-40.0_-20.0_forward_right,H_y-34.0_x-40.0_-20.0,H_y-34.0_x-40.0_-20.0,right,forward,forward_right,1
4819,-29.7,-32.5,0.5,0.0,H_y-34.0_x-40.0_-20.0_forward_right,H_y-34.0_x-40.0_-20.0,H_y-34.0_x-40.0_-20.0,right,forward,forward_right,1
4820,-29.2,-32.5,0.5,0.0,H_y-34.0_x-40.0_-20.0_forward_right,H_y-34.0_x-40.0_-20.0,H_y-34.0_x-40.0_-20.0,right,forward,forward_right,1
4821,-28.7,-32.5,0.5,0.0,H_y-34.0_x-40.0_-20.0_forward_right,H_y-34.0_x-40.0_-20.0,H_y-34.0_x-40.0_-20.0,right,forward,forward_right,1
4822,-28.2,-32.5,0.5,0.0,H_y-34.0_x-40.0_-20.0_forward_right,H_y-34.0_x-40.0_-20.0,H_y-34.0_x-40.0_-20.0,right,forward,forward_right,1
4823,-27.7,-32.5,0.5,0.0,H_y-34.0_x-40.0_-20.0_forward_right,H_y-34.0_x-40.0_-20.0,H_y-34.0_x-40.0_-20.0,right,forward,forward_right,1
4824,-27.2,-32.5,0.5,0.0,H_y-34.0_x-40.0_-20.0_forward_right,H_y-34.0_x-40.0_-20.0,H_y-34.0_x-40.0_-20.0,right,forward,forward_right,1
4825,-26.7,-32.5,0.5,0.0,H_y-34.0_x-40.0_-20.0_forward_right,H_y-34.0_x-40.0_-20.0,H_y-34.0_x-40.0_-20.0,right,forward,forward_right,1
4826,-26.2,-32.5,0.5,0.0,H_y-34.0_x-40.0_-20.0_forward_right,H_y-34.0_x-40.0_-20.0,H_y-34.0_x-40.0_-20.0,right,forward,forward_right,1
4827,-25.7,-32.5,0.5,0.0,H_y-34.0_x-40.0_-20.0_forward_right,H_y-34.0_x-40.0_-20.0,H_y-34.0_x-40.0_-20.0,right,forward,forward_right,1
4828,-25.2,-32.5,0.5,0.0,H_y-34.0_x-40.0_-20.0_forward_right,H_y-34.0_x-40.0_-20.0,H_y-34.0_x-40.0_-20.0,right,forward,forward_right,1
4829,-24.7,-32.5,0.5,0.0,H_y-34.0_x-40.0_-20.0_forward_right,H_y-34.0_x-40.0_-20.0,H_y-34.0_x-40.0_-20.0,right,forward,forward_right,1
4830,-24.2,-32.5,0.5,0.0,H_y-34.0_x-40.0_-20.0_forward_right,H_y-34.0_x-40.0_-20.0,H_y-34.0_x-40.0_-20.0,right,forward,forward_right,1
4831,-23.7,-32.5,0.5,0.0,H_y-34.0_x-40.0_-20.0_forward_right,H_y-34.0_x-40.0_-20.0,H_y-34.0_x-40.0_-20.0,right,forward,forward_right,1
4832,-23.2,-32.5,0.5,0.0,H_y-34.0_x-40.0_-20.0_forward_right,H_y-34.0_x-40.0_-20.0,H_y-34.0_x-40.0_-20.0,right,forward,forward_right,1
4833,-22.7,-32.5,0.5,0.0,H_y-34.0_x-40.0_-20.0_forward_right,H_y-34.0_x-40.0_-20.0,H_y-34.0_x-40.0_-20.0,right,forward,forward_right,1
4834,-22.2,-32.5,0.5,0.0,H_y-34.0_x-40.0_-20.0_forward_right,H_y-34.0_x-40.0_-20.0,H_y-34.0_x-40.0_-20.0,right,forward,forward_right,1
4835,-21.7,-32.5,0.5,0.0,H_y-34.0_x-40.0_-20.0_forward_right,H_y-34.0_x-40.0_-20.0,H_y-34.0_x-40.0_-20.0,right,forward,forward_right,1
4836,-21.2,-32.5,0.5,0.0,H_y-34.0_x-40.0_-20.0_forward_right,H_y-34.0_x-40.0_-20.0,H_y-34.0_x-40.0_-20.0,right,forward,forward_right,1
4837,-20.7,-32.5,0.5,0.0,H_y-34.0_x-40.0_-20.0_forward_right,H_y-34.0_x-40.0_-20.0,H_y-34.0_x-40.0_-20.0,right,forward,forward_right,1
4838,-20.2,-32.5,0.5,0.0,H_y-34.0_x-40.0_-20.0_forward_right,H_y-34.0_x-40.0_-20.0,H_y-34.0_x-40.0_-20.0,right,forward,forward_right,1
4839,-20.0,-32.5,0.5,0.0,H_y-34.0_x-40.0_-20.0_forward_right,H_y-34.0_x-40.0_-20.0,H_y-34.0_x-40.0_-20.0,right,forward,forward_right,0
4840,-20.0,-35.5,0.5,180.0,H_y-34.0_x-40.0_-20.0_reverse_right,H_y-34.0_x-40.0_-20.0,H_y-34.0_x-40.0_-20.0,right,reverse,reverse_right,1
4841,-20.5,-35.5,0.5,180.0,H_y-34.0_x-40.0_-20.0_reverse_right,H_y-34.0_x-40.0_-20.0,H_y-34.0_x-40.0_-20.0,right,reverse,reverse_right,1
4842,-21.0,-35.5,0.5,180.0,H_y-34.0_x-40.0_-20.0_reverse_right,H_y-34.0_x-40.0_-20.0,H_y-34.0_x-40.0_-20.0,right,reverse,reverse_right,1
4843,-21.5,-35.5,0.5,180.0,H_y-34.0_x-40.0_-20.0_reverse_right,H_y-34.0_x-40.0_-20.0,H_y-34.0_x-40.0_-20.0,right,reverse,reverse_right,1
4844,-22.0,-35.5,0.5,180.0,H_y-34.0_x-40.0_-20.0_reverse_right,H_y-34.0_x-40.0_-20.0,H_y-34.0_x-40.0_-20.0,right,reverse,reverse_right,1
4845,-22.5,-35.5,0.5,180.0,H_y-34.0_x-40.0_-20.0_reverse_right,H_y-34.0_x-40.0_-20.0,H_y-34.0_x-40.0_-20.0,right,reverse,reverse_right,1
4846,-23.0,-35.5,0.5,180.0,H_y-34.0_x-40.0_-20.0_reverse_right,H_y-34.0_x-40.0_-20.0,H_y-34.0_x-40.0_-20.0,right,reverse,reverse_right,1
4847,-23.5,-35.5,0.5,180.0,H_y-34.0_x-40.0_-20.0_reverse_right,H_y-34.0_x-40.0_-20.0,H_y-34.0_x-40.0_-20.0,right,reverse,reverse_right,1
4848,-24.0,-35.5,0.5,180.0,H_y-34.0_x-40.0_-20.0_reverse_right,H_y-34.0_x-40.0_-20.0,H_y-34.0_x-40.0_-20.0,right,reverse,reverse_right,1
4849,-24.5,-35.5,0.5,180.0,H_y-34.0_x-40.0_-20.0_reverse_right,H_y-34.0_x-40.0_-20.0,H_y-34.0_x-40.0_-20.0,right,reverse,reverse_right,1
4850,-25.0,-35.5,0.5,180.0,H_y-34.0_x-40.0_-20.0_reverse_right,H_y-34.0_x-40.0_-20.0,H_y-34.0_x-40.0_-20.0,right,reverse,reverse_right,1
4851,-25.5,-35.5,0.5,180.0,H_y-34.0_x-40.0_-20.0_reverse_right,H_y-34.0_x-40.0_-20.0,H_y-34.0_x-40.0_-20.0,right,reverse,reverse_right,1
4852,-26.0,-35.5,0.5,180.0,H_y-34.0_x-40.0_-20.0_reverse_right,H_y-34.0_x-40.0_-20.0,H_y-34.0_x-40.0_-20.0,right,reverse,reverse_right,1
4853,-26.5,-35.5,0.5,180.0,H_y-34.0_x-40.0_-20.0_reverse_right,H_y-34.0_x-40.0_-20.0,H_y-34.0_x-40.0_-20.0,right,reverse,reverse_right,1
4854,-27.0,-35.5,0.5,180.0,H_y-34.0_x-40.0_-20.0_reverse_right,H_y-34.0_x-40.0_-20.0,H_y-34.0_x-40.0_-20.0,right,reverse,reverse_right,1
4855,-27.5,-35.5,0.5,180.0,H_y-34.0_x-40.0_-20.0_reverse_right,H_y-34.0_x-40.0_-20.0,H_y-34.0_x-40.0_-20.0,right,reverse,reverse_right,1
4856,-28.0,-35.5,0.5,180.0,H_y-34.0_x-40.0_-20.0_reverse_right,H_y-34.0_x-40.0_-20.0,H_y-34.0_x-40.0_-20.0,right,reverse,reverse_right,1
4857,-28.5,-35.5,0.5,180.0,H_y-34.0_x-40.0_-20.0_reverse_right,H_y-34.0_x-40.0_-20.0,H_y-34.0_x-40.0_-20.0,right,reverse,reverse_right,1
4858,-29.0,-35.5,0.5,180.0,H_y-34.0_x-40.0_-20.0_reverse_right,H_y-34.0_x-40.0_-20.0,H_y-34.0_x-40.0_-20.0,right,reverse,reverse_right,1
4859,-29.5,-35.5,0.5,180.0,H_y-34.0_x-40.0_-20.0_reverse_right,H_y-34.0_x-40.0_-20.0,H_y-34.0_x-40.0_-20.0,right,reverse,reverse_right,1
4860,-30.0,-35.5,0.5,180.0,H_y-34.0_x-40.0_-20.0_reverse_right,H_y-34.0_x-40.0_-20.0,H_y-34.0_x-40.0_-20.0,right,reverse,reverse_right,1
4861,-30.5,-35.5,0.5,180.0,H_y-34.0_x-40.0_-20.0_reverse_right,H_y-34.0_x-40.0_-20.0,H_y-34.0_x-40.0_-20.0,right,reverse,reverse_right,1
4862,-31.0,-35.5,0.5,180.0,H_y-34.0_x-40.0_-20.0_reverse_right,H_y-34.0_x-40.0_-20.0,H_y-34.0_x-40.0_-20.0,right,reverse,reverse_right,1
4863,-31.5,-35.5,0.5,180.0,H_y-34.0_x-40.0_-20.0_reverse_right,H_y-34.0_x-40.0_-20.0,H_y-34.0_x-40.0_-20.0,right,reverse,reverse_right,1
4864,-32.0,-35.5,0.5,180.0,H_y-34.0_x-40.0_-20.0_reverse_right,H_y-34.0_x-40.0_-20.0,H_y-34.0_x-40.0_-20.0,right,reverse,reverse_right,1
4865,-32.5,-35.5,0.5,180.0,H_y-34.0_x-40.0_-20.0_reverse_right,H_y-34.0_x-40.0_-20.0,H_y-34.0_x-40.0_-20.0,right,reverse,reverse_right,1
4866,-33.0,-35.5,0.5,180.0,H_y-34.0_x-40.0_-20.0_reverse_right,H_y-34.0_x-40.0_-20.0,H_y-34.0_x-40.0_-20.0,right,reverse,reverse_right,1
4867,-33.5,-35.5,0.5,180.0,H_y-34.0_x-40.0_-20.0_reverse_right,H_y-34.0_x-40.0_-20.0,H_y-34.0_x-40.0_-20.0,right,reverse,reverse_right,1
4868,-34.0,-35.5,0.5,180.0,H_y-34.0_x-40.0_-20.0_reverse_right,H_y-34.0_x-40.0_-20.0,H_y-34.0_x-40.0_-20.0,right,reverse,reverse_right,1
4869,-34.5,-35.5,0.5,180.0,H_y-34.0_x-40.0_-20.0_reverse_right,H_y-34.0_x-40.0_-20.0,H_y-34.0_x-40.0_-20.0,right,reverse,reverse_right,1
4870,-35.0,-35.5,0.5,180.0,H_y-34.0_x-40.0_-20.0_reverse_right,H_y-34.0_x-40.0_-20.0,H_y-34.0_x-40.0_-20.0,right,reverse,reverse_right,1
4871,-35.5,-35.5,0.5,180.0,H_y-34.0_x-40.0_-20.0_reverse_right,H_y-34.0_x-40.0_-20.0,H_y-34.0_x-40.0_-20.0,right,reverse,reverse_right,1
4872,-36.0,-35.5,0.5,180.0,H_y-34.0_x-40.0_-20.0_reverse_right,H_y-34.0_x-40.0_-20.0,H_y-34.0_x-40.0_-20.0,right,reverse,reverse_right,1
4873,-36.5,-35.5,0.5,180.0,H_y-34.0_x-40.0_-20.0_reverse_right,H_y-34.0_x-40.0_-20.0,H_y-34.0_x-40.0_-20.0,right,reverse,reverse_right,1
4874,-37.0,-35.5,0.5,180.0,H_y-34.0_x-40.0_-20.0_reverse_right,H_y-34.0_x-40.0_-20.0,H_y-34.0_x-40.0_-20.0,right,reverse,reverse_right,1
4875,-37.5,-35.5,0.5,180.0,H_y-34.0_x-40.0_-20.0_reverse_right,H_y-34.0_x-40.0_-20.0,H_y-34.0_x-40.0_-20.0,right,reverse,reverse_right,1
4876,-38.0,-35.5,0.5,180.0,H_y-34.0_x-40.0_-20.0_reverse_right,H_y-34.0_x-40.0_-20.0,H_y-34.0_x-40.0_-20.0,right,reverse,reverse_right,1
4877,-38.5,-35.5,0.5,180.0,H_y-34.0_x-40.0_-20.0_reverse_right,H_y-34.0_x-40.0_-20.0,H_y-34.0_x-40.0_-20.0,right,reverse,reverse_right,1
4878,-39.0,-35.5,0.5,180.0,H_y-34.0_x-40.0_-20.0_reverse_right,H_y-34.0_x-40.0_-20.0,H_y-34.0_x-40.0_-20.0,right,reverse,reverse_right,1
4879,-39.5,-35.5,0.5,180.0,H_y-34.0_x-40.0_-20.0_reverse_right,H_y-34.0_x-40.0_-20.0,H_y-34.0_x-40.0_-20.0,right,reverse,reverse_right,1
4880,-40.0,-35.5,0.5,180.0,H_y-34.0_x-40.0_-20.0_reverse_right,H_y-34.0_x-40.0_-20.0,H_y-34.0_x-40.0_-20.0,right,reverse,reverse_right,1
4881,-40.5,-35.5,0.5,180.0,H_y-34.0_x-40.0_-20.0_reverse_right,H_y-34.0_x-40.0_-20.0,H_y-34.0_x-40.0_-20.0,right,reverse,reverse_right,1
4882,-41.0,-35.5,0.5,180.0,H_y-34.0_x-40.0_-20.0_reverse_right,H_y-34.0_x-40.0_-20.0,H_y-34.0_x-40.0_-20.0,right,reverse,reverse_right,1
4883,-41.5,-35.5,0.5,180.0,H_y-34.0_x-40.0_-20.0_reverse_right,H_y-34.0_x-40.0_-20.0,H_y-34.0_x-40.0_-20.0,right,reverse,reverse_right,1
4884,-41.7,-35.5,0.5,180.0,H_y-34.0_x-40.0_-20.0_reverse_right,H_y-34.0_x-40.0_-20.0,H_y-34.0_x-40.0_-20.0,right,reverse,reverse_right,0
4885,20.0,-32.5,0.5,0.0,H_y-34.0_x20.0_40.0_forward_right,H_y-34.0_x20.0_40.0,H_y-34.0_x20.0_40.0,right,forward,forward_right,1
4886,20.5,-32.5,0.5,0.0,H_y-34.0_x20.0_40.0_forward_right,H_y-34.0_x20.0_40.0,H_y-34.0_x20.0_40.0,right,forward,forward_right,1
4887,21.0,-32.5,0.5,0.0,H_y-34.0_x20.0_40.0_forward_right,H_y-34.0_x20.0_40.0,H_y-34.0_x20.0_40.0,right,forward,forward_right,1
4888,21.5,-32.5,0.5,0.0,H_y-34.0_x20.0_40.0_forward_right,H_y-34.0_x20.0_40.0,H_y-34.0_x20.0_40.0,right,forward,forward_right,1
4889,22.0,-32.5,0.5,0.0,H_y-34.0_x20.0_40.0_forward_right,H_y-34.0_x20.0_40.0,H_y-34.0_x20.0_40.0,right,forward,forward_right,1
4890,22.5,-32.5,0.5,0.0,H_y-34.0_x20.0_40.0_forward_right,H_y-34.0_x20.0_40.0,H_y-34.0_x20.0_40.0,right,forward,forward_right,1
4891,23.0,-32.5,0.5,0.0,H_y-34.0_x20.0_40.0_forward_right,H_y-34.0_x20.0_40.0,H_y-34.0_x20.0_40.0,right,forward,forward_right,1
4892,23.5,-32.5,0.5,0.0,H_y-34.0_x20.0_40.0_forward_right,H_y-34.0_x20.0_40.0,H_y-34.0_x20.0_40.0,right,forward,forward_right,1
4893,24.0,-32.5,0.5,0.0,H_y-34.0_x20.0_40.0_forward_right,H_y-34.0_x20.0_40.0,H_y-34.0_x20.0_40.0,right,forward,forward_right,1
4894,24.5,-32.5,0.5,0.0,H_y-34.0_x20.0_40.0_forward_right,H_y-34.0_x20.0_40.0,H_y-34.0_x20.0_40.0,right,forward,forward_right,1
4895,25.0,-32.5,0.5,0.0,H_y-34.0_x20.0_40.0_forward_right,H_y-34.0_x20.0_40.0,H_y-34.0_x20.0_40.0,right,forward,forward_right,1
4896,25.5,-32.5,0.5,0.0,H_y-34.0_x20.0_40.0_forward_right,H_y-34.0_x20.0_40.0,H_y-34.0_x20.0_40.0,right,forward,forward_right,1
4897,26.0,-32.5,0.5,0.0,H_y-34.0_x20.0_40.0_forward_right,H_y-34.0_x20.0_40.0,H_y-34.0_x20.0_40.0,right,forward,forward_right,1
4898,26.5,-32.5,0.5,0.0,H_y-34.0_x20.0_40.0_forward_right,H_y-34.0_x20.0_40.0,H_y-34.0_x20.0_40.0,right,forward,forward_right,1
4899,27.0,-32.5,0.5,0.0,H_y-34.0_x20.0_40.0_forward_right,H_y-34.0_x20.0_40.0,H_y-34.0_x20.0_40.0,right,forward,forward_right,1
4900,27.5,-32.5,0.5,0.0,H_y-34.0_x20.0_40.0_forward_right,H_y-34.0_x20.0_40.0,H_y-34.0_x20.0_40.0,right,forward,forward_right,1
4901,28.0,-32.5,0.5,0.0,H_y-34.0_x20.0_40.0_forward_right,H_y-34.0_x20.0_40.0,H_y-34.0_x20.0_40.0,right,forward,forward_right,1
4902,28.5,-32.5,0.5,0.0,H_y-34.0_x20.0_40.0_forward_right,H_y-34.0_x20.0_40.0,H_y-34.0_x20.0_40.0,right,forward,forward_right,1
4903,29.0,-32.5,0.5,0.0,H_y-34.0_x20.0_40.0_forward_right,H_y-34.0_x20.0_40.0,H_y-34.0_x20.0_40.0,right,forward,forward_right,1
4904,29.5,-32.5,0.5,0.0,H_y-34.0_x20.0_40.0_forward_right,H_y-34.0_x20.0_40.0,H_y-34.0_x20.0_40.0,right,forward,forward_right,1
4905,30.0,-32.5,0.5,0.0,H_y-34.0_x20.0_40.0_forward_right,H_y-34.0_x20.0_40.0,H_y-34.0_x20.0_40.0,right,forward,forward_right,1
4906,30.5,-32.5,0.5,0.0,H_y-34.0_x20.0_40.0_forward_right,H_y-34.0_x20.0_40.0,H_y-34.0_x20.0_40.0,right,forward,forward_right,1
4907,31.0,-32.5,0.5,0.0,H_y-34.0_x20.0_40.0_forward_right,H_y-34.0_x20.0_40.0,H_y-34.0_x20.0_40.0,right,forward,forward_right,1
4908,31.5,-32.5,0.5,0.0,H_y-34.0_x20.0_40.0_forward_right,H_y-34.0_x20.0_40.0,H_y-34.0_x20.0_40.0,right,forward,forward_right,1
4909,32.0,-32.5,0.5,0.0,H_y-34.0_x20.0_40.0_forward_right,H_y-34.0_x20.0_40.0,H_y-34.0_x20.0_40.0,right,forward,forward_right,1
4910,32.5,-32.5,0.5,0.0,H_y-34.0_x20.0_40.0_forward_right,H_y-34.0_x20.0_40.0,H_y-34.0_x20.0_40.0,right,forward,forward_right,1
4911,33.0,-32.5,0.5,0.0,H_y-34.0_x20.0_40.0_forward_right,H_y-34.0_x20.0_40.0,H_y-34.0_x20.0_40.0,right,forward,forward_right,1
4912,33.5,-32.5,0.5,0.0,H_y-34.0_x20.0_40.0_forward_right,H_y-34.0_x20.0_40.0,H_y-34.0_x20.0_40.0,right,forward,forward_right,1
4913,34.0,-32.5,0.5,0.0,H_y-34.0_x20.0_40.0_forward_right,H_y-34.0_x20.0_40.0,H_y-34.0_x20.0_40.0,right,forward,forward_right,1
4914,34.5,-32.5,0.5,0.0,H_y-34.0_x20.0_40.0_forward_right,H_y-34.0_x20.0_40.0,H_y-34.0_x20.0_40.0,right,forward,forward_right,1
4915,35.0,-32.5,0.5,0.0,H_y-34.0_x20.0_40.0_forward_right,H_y-34.0_x20.0_40.0,H_y-34.0_x20.0_40.0,right,forward,forward_right,1
4916,35.5,-32.5,0.5,0.0,H_y-34.0_x20.0_40.0_forward_right,H_y-34.0_x20.0_40.0,H_y-34.0_x20.0_40.0,right,forward,forward_right,1
4917,36.0,-32.5,0.5,0.0,H_y-34.0_x20.0_40.0_forward_right,H_y-34.0_x20.0_40.0,H_y-34.0_x20.0_40.0,right,forward,forward_right,1
4918,36.5,-32.5,0.5,0.0,H_y-34.0_x20.0_40.0_forward_right,H_y-34.0_x20.0_40.0,H_y-34.0_x20.0_40.0,right,forward,forward_right,1
4919,37.0,-32.5,0.5,0.0,H_y-34.0_x20.0_40.0_forward_right,H_y-34.0_x20.0_40.0,H_y-34.0_x20.0_40.0,right,forward,forward_right,1
4920,37.5,-32.5,0.5,0.0,H_y-34.0_x20.0_40.0_forward_right,H_y-34.0_x20.0_40.0,H_y-34.0_x20.0_40.0,right,forward,forward_right,1
4921,38.0,-32.5,0.5,0.0,H_y-34.0_x20.0_40.0_forward_right,H_y-34.0_x20.0_40.0,H_y-34.0_x20.0_40.0,right,forward,forward_right,1
4922,38.5,-32.5,0.5,0.0,H_y-34.0_x20.0_40.0_forward_right,H_y-34.0_x20.0_40.0,H_y-34.0_x20.0_40.0,right,forward,forward_right,1
4923,39.0,-32.5,0.5,0.0,H_y-34.0_x20.0_40.0_forward_right,H_y-34.0_x20.0_40.0,H_y-34.0_x20.0_40.0,right,forward,forward_right,1
4924,39.5,-32.5,0.5,0.0,H_y-34.0_x20.0_40.0_forward_right,H_y-34.0_x20.0_40.0,H_y-34.0_x20.0_40.0,right,forward,forward_right,1
4925,40.0,-32.5,0.5,0.0,H_y-34.0_x20.0_40.0_forward_right,H_y-34.0_x20.0_40.0,H_y-34.0_x20.0_40.0,right,forward,forward_right,1
4926,40.5,-32.5,0.5,0.0,H_y-34.0_x20.0_40.0_forward_right,H_y-34.0_x20.0_40.0,H_y-34.0_x20.0_40.0,right,forward,forward_right,1
4927,41.0,-32.5,0.5,0.0,H_y-34.0_x20.0_40.0_forward_right,H_y-34.0_x20.0_40.0,H_y-34.0_x20.0_40.0,right,forward,forward_right,1
4928,41.5,-32.5,0.5,0.0,H_y-34.0_x20.0_40.0_forward_right,H_y-34.0_x20.0_40.0,H_y-34.0_x20.0_40.0,right,forward,forward_right,1
4929,41.7,-32.5,0.5,0.0,H_y-34.0_x20.0_40.0_forward_right,H_y-34.0_x20.0_40.0,H_y-34.0_x20.0_40.0,right,forward,forward_right,0
4930,41.7,-35.5,0.5,180.0,H_y-34.0_x20.0_40.0_reverse_right,H_y-34.0_x20.0_40.0,H_y-34.0_x20.0_40.0,right,reverse,reverse_right,1
4931,41.2,-35.5,0.5,180.0,H_y-34.0_x20.0_40.0_reverse_right,H_y-34.0_x20.0_40.0,H_y-34.0_x20.0_40.0,right,reverse,reverse_right,1
4932,40.7,-35.5,0.5,180.0,H_y-34.0_x20.0_40.0_reverse_right,H_y-34.0_x20.0_40.0,H_y-34.0_x20.0_40.0,right,reverse,reverse_right,1
4933,40.2,-35.5,0.5,180.0,H_y-34.0_x20.0_40.0_reverse_right,H_y-34.0_x20.0_40.0,H_y-34.0_x20.0_40.0,right,reverse,reverse_right,1
4934,39.7,-35.5,0.5,180.0,H_y-34.0_x20.0_40.0_reverse_right,H_y-34.0_x20.0_40.0,H_y-34.0_x20.0_40.0,right,reverse,reverse_right,1
4935,39.2,-35.5,0.5,180.0,H_y-34.0_x20.0_40.0_reverse_right,H_y-34.0_x20.0_40.0,H_y-34.0_x20.0_40.0,right,reverse,reverse_right,1
4936,38.7,-35.5,0.5,180.0,H_y-34.0_x20.0_40.0_reverse_right,H_y-34.0_x20.0_40.0,H_y-34.0_x20.0_40.0,right,reverse,reverse_right,1
4937,38.2,-35.5,0.5,180.0,H_y-34.0_x20.0_40.0_reverse_right,H_y-34.0_x20.0_40.0,H_y-34.0_x20.0_40.0,right,reverse,reverse_right,1
4938,37.7,-35.5,0.5,180.0,H_y-34.0_x20.0_40.0_reverse_right,H_y-34.0_x20.0_40.0,H_y-34.0_x20.0_40.0,right,reverse,reverse_right,1
4939,37.2,-35.5,0.5,180.0,H_y-34.0_x20.0_40.0_reverse_right,H_y-34.0_x20.0_40.0,H_y-34.0_x20.0_40.0,right,reverse,reverse_right,1
4940,36.7,-35.5,0.5,180.0,H_y-34.0_x20.0_40.0_reverse_right,H_y-34.0_x20.0_40.0,H_y-34.0_x20.0_40.0,right,reverse,reverse_right,1
4941,36.2,-35.5,0.5,180.0,H_y-34.0_x20.0_40.0_reverse_right,H_y-34.0_x20.0_40.0,H_y-34.0_x20.0_40.0,right,reverse,reverse_right,1
4942,35.7,-35.5,0.5,180.0,H_y-34.0_x20.0_40.0_reverse_right,H_y-34.0_x20.0_40.0,H_y-34.0_x20.0_40.0,right,reverse,reverse_right,1
4943,35.2,-35.5,0.5,180.0,H_y-34.0_x20.0_40.0_reverse_right,H_y-34.0_x20.0_40.0,H_y-34.0_x20.0_40.0,right,reverse,reverse_right,1
4944,34.7,-35.5,0.5,180.0,H_y-34.0_x20.0_40.0_reverse_right,H_y-34.0_x20.0_40.0,H_y-34.0_x20.0_40.0,right,reverse,reverse_right,1
4945,34.2,-35.5,0.5,180.0,H_y-34.0_x20.0_40.0_reverse_right,H_y-34.0_x20.0_40.0,H_y-34.0_x20.0_40.0,right,reverse,reverse_right,1
4946,33.7,-35.5,0.5,180.0,H_y-34.0_x20.0_40.0_reverse_right,H_y-34.0_x20.0_40.0,H_y-34.0_x20.0_40.0,right,reverse,reverse_right,1
4947,33.2,-35.5,0.5,180.0,H_y-34.0_x20.0_40.0_reverse_right,H_y-34.0_x20.0_40.0,H_y-34.0_x20.0_40.0,right,reverse,reverse_right,1
4948,32.7,-35.5,0.5,180.0,H_y-34.0_x20.0_40.0_reverse_right,H_y-34.0_x20.0_40.0,H_y-34.0_x20.0_40.0,right,reverse,reverse_right,1
4949,32.2,-35.5,0.5,180.0,H_y-34.0_x20.0_40.0_reverse_right,H_y-34.0_x20.0_40.0,H_y-34.0_x20.0_40.0,right,reverse,reverse_right,1
4950,31.7,-35.5,0.5,180.0,H_y-34.0_x20.0_40.0_reverse_right,H_y-34.0_x20.0_40.0,H_y-34.0_x20.0_40.0,right,reverse,reverse_right,1
4951,31.2,-35.5,0.5,180.0,H_y-34.0_x20.0_40.0_reverse_right,H_y-34.0_x20.0_40.0,H_y-34.0_x20.0_40.0,right,reverse,reverse_right,1
4952,30.7,-35.5,0.5,180.0,H_y-34.0_x20.0_40.0_reverse_right,H_y-34.0_x20.0_40.0,H_y-34.0_x20.0_40.0,right,reverse,reverse_right,1
4953,30.2,-35.5,0.5,180.0,H_y-34.0_x20.0_40.0_reverse_right,H_y-34.0_x20.0_40.0,H_y-34.0_x20.0_40.0,right,reverse,reverse_right,1
4954,29.7,-35.5,0.5,180.0,H_y-34.0_x20.0_40.0_reverse_right,H_y-34.0_x20.0_40.0,H_y-34.0_x20.0_40.0,right,reverse,reverse_right,1
4955,29.2,-35.5,0.5,180.0,H_y-34.0_x20.0_40.0_reverse_right,H_y-34.0_x20.0_40.0,H_y-34.0_x20.0_40.0,right,reverse,reverse_right,1
4956,28.7,-35.5,0.5,180.0,H_y-34.0_x20.0_40.0_reverse_right,H_y-34.0_x20.0_40.0,H_y-34.0_x20.0_40.0,right,reverse,reverse_right,1
4957,28.2,-35.5,0.5,180.0,H_y-34.0_x20.0_40.0_reverse_right,H_y-34.0_x20.0_40.0,H_y-34.0_x20.0_40.0,right,reverse,reverse_right,1
4958,27.7,-35.5,0.5,180.0,H_y-34.0_x20.0_40.0_reverse_right,H_y-34.0_x20.0_40.0,H_y-34.0_x20.0_40.0,right,reverse,reverse_right,1
4959,27.2,-35.5,0.5,180.0,H_y-34.0_x20.0_40.0_reverse_right,H_y-34.0_x20.0_40.0,H_y-34.0_x20.0_40.0,right,reverse,reverse_right,1
4960,26.7,-35.5,0.5,180.0,H_y-34.0_x20.0_40.0_reverse_right,H_y-34.0_x20.0_40.0,H_y-34.0_x20.0_40.0,right,reverse,reverse_right,1
4961,26.2,-35.5,0.5,180.0,H_y-34.0_x20.0_40.0_reverse_right,H_y-34.0_x20.0_40.0,H_y-34.0_x20.0_40.0,right,reverse,reverse_right,1
4962,25.7,-35.5,0.5,180.0,H_y-34.0_x20.0_40.0_reverse_right,H_y-34.0_x20.0_40.0,H_y-34.0_x20.0_40.0,right,reverse,reverse_right,1
4963,25.2,-35.5,0.5,180.0,H_y-34.0_x20.0_40.0_reverse_right,H_y-34.0_x20.0_40.0,H_y-34.0_x20.0_40.0,right,reverse,reverse_right,1
4964,24.7,-35.5,0.5,180.0,H_y-34.0_x20.0_40.0_reverse_right,H_y-34.0_x20.0_40.0,H_y-34.0_x20.0_40.0,right,reverse,reverse_right,1
4965,24.2,-35.5,0.5,180.0,H_y-34.0_x20.0_40.0_reverse_right,H_y-34.0_x20.0_40.0,H_y-34.0_x20.0_40.0,right,reverse,reverse_right,1
4966,23.7,-35.5,0.5,180.0,H_y-34.0_x20.0_40.0_reverse_right,H_y-34.0_x20.0_40.0,H_y-34.0_x20.0_40.0,right,reverse,reverse_right,1
4967,23.2,-35.5,0.5,180.0,H_y-34.0_x20.0_40.0_reverse_right,H_y-34.0_x20.0_40.0,H_y-34.0_x20.0_40.0,right,reverse,reverse_right,1
4968,22.7,-35.5,0.5,180.0,H_y-34.0_x20.0_40.0_reverse_right,H_y-34.0_x20.0_40.0,H_y-34.0_x20.0_40.0,right,reverse,reverse_right,1
4969,22.2,-35.5,0.5,180.0,H_y-34.0_x20.0_40.0_reverse_right,H_y-34.0_x20.0_40.0,H_y-34.0_x20.0_40.0,right,reverse,reverse_right,1
4970,21.7,-35.5,0.5,180.0,H_y-34.0_x20.0_40.0_reverse_right,H_y-34.0_x20.0_40.0,H_y-34.0_x20.0_40.0,right,reverse,reverse_right,1
4971,21.2,-35.5,0.5,180.0,H_y-34.0_x20.0_40.0_reverse_right,H_y-34.0_x20.0_40.0,H_y-34.0_x20.0_40.0,right,reverse,reverse_right,1
4972,20.7,-35.5,0.5,180.0,H_y-34.0_x20.0_40.0_reverse_right,H_y-34.0_x20.0_40.0,H_y-34.0_x20.0_40.0,right,reverse,reverse_right,1
4973,20.2,-35.5,0.5,180.0,H_y-34.0_x20.0_40.0_reverse_right,H_y-34.0_x20.0_40.0,H_y-34.0_x20.0_40.0,right,reverse,reverse_right,1
4974,20.0,-35.5,0.5,180.0,H_y-34.0_x20.0_40.0_reverse_right,H_y-34.0_x20.0_40.0,H_y-34.0_x20.0_40.0,right,reverse,reverse_right,0
4975,-41.7,-32.5,0.5,-180.0,reference_bottom_left_blue_quarter_arc,reference_bottom_left_blue_quarter_arc,reference_bottom_left_blue_quarter_arc,right,forward,forward_right,1
4976,-41.807,-32.496,0.5,-184.091,reference_bottom_left_blue_quarter_arc,reference_bottom_left_blue_quarter_arc,reference_bottom_left_blue_quarter_arc,right,forward,forward_right,1
4977,-41.913,-32.485,0.5,-188.182,reference_bottom_left_blue_quarter_arc,reference_bottom_left_blue_quarter_arc,reference_bottom_left_blue_quarter_arc,right,forward,forward_right,1
4978,-42.019,-32.466,0.5,-192.273,reference_bottom_left_blue_quarter_arc,reference_bottom_left_blue_quarter_arc,reference_bottom_left_blue_quarter_arc,right,forward,forward_right,1
4979,-42.123,-32.439,0.5,-196.364,reference_bottom_left_blue_quarter_arc,reference_bottom_left_blue_quarter_arc,reference_bottom_left_blue_quarter_arc,right,forward,forward_right,1
4980,-42.224,-32.405,0.5,-200.455,reference_bottom_left_blue_quarter_arc,reference_bottom_left_blue_quarter_arc,reference_bottom_left_blue_quarter_arc,right,forward,forward_right,1
4981,-42.323,-32.364,0.5,-204.545,reference_bottom_left_blue_quarter_arc,reference_bottom_left_blue_quarter_arc,reference_bottom_left_blue_quarter_arc,right,forward,forward_right,1
4982,-42.419,-32.317,0.5,-208.636,reference_bottom_left_blue_quarter_arc,reference_bottom_left_blue_quarter_arc,reference_bottom_left_blue_quarter_arc,right,forward,forward_right,1
4983,-42.511,-32.262,0.5,-212.727,reference_bottom_left_blue_quarter_arc,reference_bottom_left_blue_quarter_arc,reference_bottom_left_blue_quarter_arc,right,forward,forward_right,1
4984,-42.599,-32.201,0.5,-216.818,reference_bottom_left_blue_quarter_arc,reference_bottom_left_blue_quarter_arc,reference_bottom_left_blue_quarter_arc,right,forward,forward_right,1
4985,-42.682,-32.134,0.5,-220.909,reference_bottom_left_blue_quarter_arc,reference_bottom_left_blue_quarter_arc,reference_bottom_left_blue_quarter_arc,right,forward,forward_right,1
4986,-42.761,-32.061,0.5,-225.0,reference_bottom_left_blue_quarter_arc,reference_bottom_left_blue_quarter_arc,reference_bottom_left_blue_quarter_arc,right,forward,forward_right,1
4987,-42.834,-31.982,0.5,-229.091,reference_bottom_left_blue_quarter_arc,reference_bottom_left_blue_quarter_arc,reference_bottom_left_blue_quarter_arc,right,forward,forward_right,1
4988,-42.901,-31.899,0.5,-233.182,reference_bottom_left_blue_quarter_arc,reference_bottom_left_blue_quarter_arc,reference_bottom_left_blue_quarter_arc,right,forward,forward_right,1
4989,-42.962,-31.811,0.5,-237.273,reference_bottom_left_blue_quarter_arc,reference_bottom_left_blue_quarter_arc,reference_bottom_left_blue_quarter_arc,right,forward,forward_right,1
4990,-43.017,-31.719,0.5,-241.364,reference_bottom_left_blue_quarter_arc,reference_bottom_left_blue_quarter_arc,reference_bottom_left_blue_quarter_arc,right,forward,forward_right,1
4991,-43.064,-31.623,0.5,-245.455,reference_bottom_left_blue_quarter_arc,reference_bottom_left_blue_quarter_arc,reference_bottom_left_blue_quarter_arc,right,forward,forward_right,1
4992,-43.105,-31.524,0.5,-249.545,reference_bottom_left_blue_quarter_arc,reference_bottom_left_blue_quarter_arc,reference_bottom_left_blue_quarter_arc,right,forward,forward_right,1
4993,-43.139,-31.423,0.5,-253.636,reference_bottom_left_blue_quarter_arc,reference_bottom_left_blue_quarter_arc,reference_bottom_left_blue_quarter_arc,right,forward,forward_right,1
4994,-43.166,-31.319,0.5,-257.727,reference_bottom_left_blue_quarter_arc,reference_bottom_left_blue_quarter_arc,reference_bottom_left_blue_quarter_arc,right,forward,forward_right,1
4995,-43.185,-31.213,0.5,-261.818,reference_bottom_left_blue_quarter_arc,reference_bottom_left_blue_quarter_arc,reference_bottom_left_blue_quarter_arc,right,forward,forward_right,1
4996,-43.196,-31.107,0.5,-265.909,reference_bottom_left_blue_quarter_arc,reference_bottom_left_blue_quarter_arc,reference_bottom_left_blue_quarter_arc,right,forward,forward_right,1
4997,-43.2,-31.0,0.5,-270.0,reference_bottom_left_blue_quarter_arc,reference_bottom_left_blue_quarter_arc,reference_bottom_left_blue_quarter_arc,right,forward,forward_right,0
5021,-43.2,45.0,0.5,90.0,reference_top_left_blue_quarter_arc,reference_top_left_blue_quarter_arc,reference_top_left_blue_quarter_arc,right,forward,forward_right,1
5022,-43.196,45.107,0.5,85.909,reference_top_left_blue_quarter_arc,reference_top_left_blue_quarter_arc,reference_top_left_blue_quarter_arc,right,forward,forward_right,1
5023,-43.185,45.213,0.5,81.818,reference_top_left_blue_quarter_arc,reference_top_left_blue_quarter_arc,reference_top_left_blue_quarter_arc,right,forward,forward_right,1
5024,-43.166,45.319,0.5,77.727,reference_top_left_blue_quarter_arc,reference_top_left_blue_quarter_arc,reference_top_left_blue_quarter_arc,right,forward,forward_right,1
5025,-43.139,45.423,0.5,73.636,reference_top_left_blue_quarter_arc,reference_top_left_blue_quarter_arc,reference_top_left_blue_quarter_arc,right,forward,forward_right,1
5026,-43.105,45.524,0.5,69.545,reference_top_left_blue_quarter_arc,reference_top_left_blue_quarter_arc,reference_top_left_blue_quarter_arc,right,forward,forward_right,1
5027,-43.064,45.623,0.5,65.455,reference_top_left_blue_quarter_arc,reference_top_left_blue_quarter_arc,reference_top_left_blue_quarter_arc,right,forward,forward_right,1
5028,-43.017,45.719,0.5,61.364,reference_top_left_blue_quarter_arc,reference_top_left_blue_quarter_arc,reference_top_left_blue_quarter_arc,right,forward,forward_right,1
5029,-42.962,45.811,0.5,57.273,reference_top_left_blue_quarter_arc,reference_top_left_blue_quarter_arc,reference_top_left_blue_quarter_arc,right,forward,forward_right,1
5030,-42.901,45.899,0.5,53.182,reference_top_left_blue_quarter_arc,reference_top_left_blue_quarter_arc,reference_top_left_blue_quarter_arc,right,forward,forward_right,1
5031,-42.834,45.982,0.5,49.091,reference_top_left_blue_quarter_arc,reference_top_left_blue_quarter_arc,reference_top_left_blue_quarter_arc,right,forward,forward_right,1
5032,-42.761,46.061,0.5,45.0,reference_top_left_blue_quarter_arc,reference_top_left_blue_quarter_arc,reference_top_left_blue_quarter_arc,right,forward,forward_right,1
5033,-42.682,46.134,0.5,40.909,reference_top_left_blue_quarter_arc,reference_top_left_blue_quarter_arc,reference_top_left_blue_quarter_arc,right,forward,forward_right,1
5034,-42.599,46.201,0.5,36.818,reference_top_left_blue_quarter_arc,reference_top_left_blue_quarter_arc,reference_top_left_blue_quarter_arc,right,forward,forward_right,1
5035,-42.511,46.262,0.5,32.727,reference_top_left_blue_quarter_arc,reference_top_left_blue_quarter_arc,reference_top_left_blue_quarter_arc,right,forward,forward_right,1
5036,-42.419,46.317,0.5,28.636,reference_top_left_blue_quarter_arc,reference_top_left_blue_quarter_arc,reference_top_left_blue_quarter_arc,right,forward,forward_right,1
5037,-42.323,46.364,0.5,24.545,reference_top_left_blue_quarter_arc,reference_top_left_blue_quarter_arc,reference_top_left_blue_quarter_arc,right,forward,forward_right,1
5038,-42.224,46.405,0.5,20.455,reference_top_left_blue_quarter_arc,reference_top_left_blue_quarter_arc,reference_top_left_blue_quarter_arc,right,forward,forward_right,1
5039,-42.123,46.439,0.5,16.364,reference_top_left_blue_quarter_arc,reference_top_left_blue_quarter_arc,reference_top_left_blue_quarter_arc,right,forward,forward_right,1
5040,-42.019,46.466,0.5,12.273,reference_top_left_blue_quarter_arc,reference_top_left_blue_quarter_arc,reference_top_left_blue_quarter_arc,right,forward,forward_right,1
5041,-41.913,46.485,0.5,8.182,reference_top_left_blue_quarter_arc,reference_top_left_blue_quarter_arc,reference_top_left_blue_quarter_arc,right,forward,forward_right,1
5042,-41.807,46.496,0.5,4.091,reference_top_left_blue_quarter_arc,reference_top_left_blue_quarter_arc,reference_top_left_blue_quarter_arc,right,forward,forward_right,1
5043,-41.7,46.5,0.5,0.0,reference_top_left_blue_quarter_arc,reference_top_left_blue_quarter_arc,reference_top_left_blue_quarter_arc,right,forward,forward_right,0
5067,43.2,-31.0,0.5,-90.0,reference_bottom_right_blue_quarter_arc,reference_bottom_right_blue_quarter_arc,reference_bottom_right_blue_quarter_arc,right,forward,forward_right,1
5068,43.196,-31.107,0.5,-94.091,reference_bottom_right_blue_quarter_arc,reference_bottom_right_blue_quarter_arc,reference_bottom_right_blue_quarter_arc,right,forward,forward_right,1
5069,43.185,-31.213,0.5,-98.182,reference_bottom_right_blue_quarter_arc,reference_bottom_right_blue_quarter_arc,reference_bottom_right_blue_quarter_arc,right,forward,forward_right,1
5070,43.166,-31.319,0.5,-102.273,reference_bottom_right_blue_quarter_arc,reference_bottom_right_blue_quarter_arc,reference_bottom_right_blue_quarter_arc,right,forward,forward_right,1
5071,43.139,-31.423,0.5,-106.364,reference_bottom_right_blue_quarter_arc,reference_bottom_right_blue_quarter_arc,reference_bottom_right_blue_quarter_arc,right,forward,forward_right,1
5072,43.105,-31.524,0.5,-110.455,reference_bottom_right_blue_quarter_arc,reference_bottom_right_blue_quarter_arc,reference_bottom_right_blue_quarter_arc,right,forward,forward_right,1
5073,43.064,-31.623,0.5,-114.545,reference_bottom_right_blue_quarter_arc,reference_bottom_right_blue_quarter_arc,reference_bottom_right_blue_quarter_arc,right,forward,forward_right,1
5074,43.017,-31.719,0.5,-118.636,reference_bottom_right_blue_quarter_arc,reference_bottom_right_blue_quarter_arc,reference_bottom_right_blue_quarter_arc,right,forward,forward_right,1
5075,42.962,-31.811,0.5,-122.727,reference_bottom_right_blue_quarter_arc,reference_bottom_right_blue_quarter_arc,reference_bottom_right_blue_quarter_arc,right,forward,forward_right,1
5076,42.901,-31.899,0.5,-126.818,reference_bottom_right_blue_quarter_arc,reference_bottom_right_blue_quarter_arc,reference_bottom_right_blue_quarter_arc,right,forward,forward_right,1
5077,42.834,-31.982,0.5,-130.909,reference_bottom_right_blue_quarter_arc,reference_bottom_right_blue_quarter_arc,reference_bottom_right_blue_quarter_arc,right,forward,forward_right,1
5078,42.761,-32.061,0.5,-135.0,reference_bottom_right_blue_quarter_arc,reference_bottom_right_blue_quarter_arc,reference_bottom_right_blue_quarter_arc,right,forward,forward_right,1
5079,42.682,-32.134,0.5,-139.091,reference_bottom_right_blue_quarter_arc,reference_bottom_right_blue_quarter_arc,reference_bottom_right_blue_quarter_arc,right,forward,forward_right,1
5080,42.599,-32.201,0.5,-143.182,reference_bottom_right_blue_quarter_arc,reference_bottom_right_blue_quarter_arc,reference_bottom_right_blue_quarter_arc,right,forward,forward_right,1
5081,42.511,-32.262,0.5,-147.273,reference_bottom_right_blue_quarter_arc,reference_bottom_right_blue_quarter_arc,reference_bottom_right_blue_quarter_arc,right,forward,forward_right,1
5082,42.419,-32.317,0.5,-151.364,reference_bottom_right_blue_quarter_arc,reference_bottom_right_blue_quarter_arc,reference_bottom_right_blue_quarter_arc,right,forward,forward_right,1
5083,42.323,-32.364,0.5,-155.455,reference_bottom_right_blue_quarter_arc,reference_bottom_right_blue_quarter_arc,reference_bottom_right_blue_quarter_arc,right,forward,forward_right,1
5084,42.224,-32.405,0.5,-159.545,reference_bottom_right_blue_quarter_arc,reference_bottom_right_blue_quarter_arc,reference_bottom_right_blue_quarter_arc,right,forward,forward_right,1
5085,42.123,-32.439,0.5,-163.636,reference_bottom_right_blue_quarter_arc,reference_bottom_right_blue_quarter_arc,reference_bottom_right_blue_quarter_arc,right,forward,forward_right,1
5086,42.019,-32.466,0.5,-167.727,reference_bottom_right_blue_quarter_arc,reference_bottom_right_blue_quarter_arc,reference_bottom_right_blue_quarter_arc,right,forward,forward_right,1
5087,41.913,-32.485,0.5,-171.818,reference_bottom_right_blue_quarter_arc,reference_bottom_right_blue_quarter_arc,reference_bottom_right_blue_quarter_arc,right,forward,forward_right,1
5088,41.807,-32.496,0.5,-175.909,reference_bottom_right_blue_quarter_arc,reference_bottom_right_blue_quarter_arc,reference_bottom_right_blue_quarter_arc,right,forward,forward_right,1
5089,41.7,-32.5,0.5,-180.0,reference_bottom_right_blue_quarter_arc,reference_bottom_right_blue_quarter_arc,reference_bottom_right_blue_quarter_arc,right,forward,forward_right,0
5113,43.2,45.0,0.5,90.0,reference_top_right_blue_quarter_arc,reference_top_right_blue_quarter_arc,reference_top_right_blue_quarter_arc,right,forward,forward_right,1
5114,43.196,45.107,0.5,94.091,reference_top_right_blue_quarter_arc,reference_top_right_blue_quarter_arc,reference_top_right_blue_quarter_arc,right,forward,forward_right,1
5115,43.185,45.213,0.5,98.182,reference_top_right_blue_quarter_arc,reference_top_right_blue_quarter_arc,reference_top_right_blue_quarter_arc,right,forward,forward_right,1
5116,43.166,45.319,0.5,102.273,reference_top_right_blue_quarter_arc,reference_top_right_blue_quarter_arc,reference_top_right_blue_quarter_arc,right,forward,forward_right,1
5117,43.139,45.423,0.5,106.364,reference_top_right_blue_quarter_arc,reference_top_right_blue_quarter_arc,reference_top_right_blue_quarter_arc,right,forward,forward_right,1
5118,43.105,45.524,0.5,110.455,reference_top_right_blue_quarter_arc,reference_top_right_blue_quarter_arc,reference_top_right_blue_quarter_arc,right,forward,forward_right,1
5119,43.064,45.623,0.5,114.545,reference_top_right_blue_quarter_arc,reference_top_right_blue_quarter_arc,reference_top_right_blue_quarter_arc,right,forward,forward_right,1
5120,43.017,45.719,0.5,118.636,reference_top_right_blue_quarter_arc,reference_top_right_blue_quarter_arc,reference_top_right_blue_quarter_arc,right,forward,forward_right,1
5121,42.962,45.811,0.5,122.727,reference_top_right_blue_quarter_arc,reference_top_right_blue_quarter_arc,reference_top_right_blue_quarter_arc,right,forward,forward_right,1
5122,42.901,45.899,0.5,126.818,reference_top_right_blue_quarter_arc,reference_top_right_blue_quarter_arc,reference_top_right_blue_quarter_arc,right,forward,forward_right,1
5123,42.834,45.982,0.5,130.909,reference_top_right_blue_quarter_arc,reference_top_right_blue_quarter_arc,reference_top_right_blue_quarter_arc,right,forward,forward_right,1
5124,42.761,46.061,0.5,135.0,reference_top_right_blue_quarter_arc,reference_top_right_blue_quarter_arc,reference_top_right_blue_quarter_arc,right,forward,forward_right,1
5125,42.682,46.134,0.5,139.091,reference_top_right_blue_quarter_arc,reference_top_right_blue_quarter_arc,reference_top_right_blue_quarter_arc,right,forward,forward_right,1
5126,42.599,46.201,0.5,143.182,reference_top_right_blue_quarter_arc,reference_top_right_blue_quarter_arc,reference_top_right_blue_quarter_arc,right,forward,forward_right,1
5127,42.511,46.262,0.5,147.273,reference_top_right_blue_quarter_arc,reference_top_right_blue_quarter_arc,reference_top_right_blue_quarter_arc,right,forward,forward_right,1
5128,42.419,46.317,0.5,151.364,reference_top_right_blue_quarter_arc,reference_top_right_blue_quarter_arc,reference_top_right_blue_quarter_arc,right,forward,forward_right,1
5129,42.323,46.364,0.5,155.455,reference_top_right_blue_quarter_arc,reference_top_right_blue_quarter_arc,reference_top_right_blue_quarter_arc,right,forward,forward_right,1
5130,42.224,46.405,0.5,159.545,reference_top_right_blue_quarter_arc,reference_top_right_blue_quarter_arc,reference_top_right_blue_quarter_arc,right,forward,forward_right,1
5131,42.123,46.439,0.5,163.636,reference_top_right_blue_quarter_arc,reference_top_right_blue_quarter_arc,reference_top_right_blue_quarter_arc,right,forward,forward_right,1
5132,42.019,46.466,0.5,167.727,reference_top_right_blue_quarter_arc,reference_top_right_blue_quarter_arc,reference_top_right_blue_quarter_arc,right,forward,forward_right,1
5133,41.913,46.485,0.5,171.818,reference_top_right_blue_quarter_arc,reference_top_right_blue_quarter_arc,reference_top_right_blue_quarter_arc,right,forward,forward_right,1
5134,41.807,46.496,0.5,175.909,reference_top_right_blue_quarter_arc,reference_top_right_blue_quarter_arc,reference_top_right_blue_quarter_arc,right,forward,forward_right,1
5135,41.7,46.5,0.5,180.0,reference_top_right_blue_quarter_arc,reference_top_right_blue_quarter_arc,reference_top_right_blue_quarter_arc,right,forward,forward_right,0
5136,-38.7,-35.5,0.5,177.859,reference_bottom_left_orange_quarter_arc,reference_bottom_left_orange_quarter_arc,reference_bottom_left_orange_quarter_arc,right,reverse,reverse_right,1
5137,-38.807,-35.496,0.5,174.075,reference_bottom_left_orange_quarter_arc,reference_bottom_left_orange_quarter_arc,reference_bottom_left_orange_quarter_arc,right,reverse,reverse_right,1
5138,-38.913,-35.485,0.5,169.838,reference_bottom_left_orange_quarter_arc,reference_bottom_left_orange_quarter_arc,reference_bottom_left_orange_quarter_arc,right,reverse,reverse_right,1
5139,-39.019,-35.466,0.5,165.446,reference_bottom_left_orange_quarter_arc,reference_bottom_left_orange_quarter_arc,reference_bottom_left_orange_quarter_arc,right,reverse,reverse_right,1
5140,-39.123,-35.439,0.5,161.395,reference_bottom_left_orange_quarter_arc,reference_bottom_left_orange_quarter_arc,reference_bottom_left_orange_quarter_arc,right,reverse,reverse_right,1
5141,-39.224,-35.405,0.5,157.504,reference_bottom_left_orange_quarter_arc,reference_bottom_left_orange_quarter_arc,reference_bottom_left_orange_quarter_arc,right,reverse,reverse_right,1
5142,-39.323,-35.364,0.5,153.914,reference_bottom_left_orange_quarter_arc,reference_bottom_left_orange_quarter_arc,reference_bottom_left_orange_quarter_arc,right,reverse,reverse_right,1
5143,-39.419,-35.317,0.5,149.128,reference_bottom_left_orange_quarter_arc,reference_bottom_left_orange_quarter_arc,reference_bottom_left_orange_quarter_arc,right,reverse,reverse_right,1
5144,-39.511,-35.262,0.5,145.271,reference_bottom_left_orange_quarter_arc,reference_bottom_left_orange_quarter_arc,reference_bottom_left_orange_quarter_arc,right,reverse,reverse_right,1
5145,-39.599,-35.201,0.5,141.089,reference_bottom_left_orange_quarter_arc,reference_bottom_left_orange_quarter_arc,reference_bottom_left_orange_quarter_arc,right,reverse,reverse_right,1
5146,-39.682,-35.134,0.5,137.261,reference_bottom_left_orange_quarter_arc,reference_bottom_left_orange_quarter_arc,reference_bottom_left_orange_quarter_arc,right,reverse,reverse_right,1
5147,-39.761,-35.061,0.5,132.739,reference_bottom_left_orange_quarter_arc,reference_bottom_left_orange_quarter_arc,reference_bottom_left_orange_quarter_arc,right,reverse,reverse_right,1
5148,-39.834,-34.982,0.5,128.911,reference_bottom_left_orange_quarter_arc,reference_bottom_left_orange_quarter_arc,reference_bottom_left_orange_quarter_arc,right,reverse,reverse_right,1
5149,-39.901,-34.899,0.5,124.729,reference_bottom_left_orange_quarter_arc,reference_bottom_left_orange_quarter_arc,reference_bottom_left_orange_quarter_arc,right,reverse,reverse_right,1
5150,-39.962,-34.811,0.5,120.872,reference_bottom_left_orange_quarter_arc,reference_bottom_left_orange_quarter_arc,reference_bottom_left_orange_quarter_arc,right,reverse,reverse_right,1
5151,-40.017,-34.719,0.5,116.086,reference_bottom_left_orange_quarter_arc,reference_bottom_left_orange_quarter_arc,reference_bottom_left_orange_quarter_arc,right,reverse,reverse_right,1
5152,-40.064,-34.623,0.5,112.496,reference_bottom_left_orange_quarter_arc,reference_bottom_left_orange_quarter_arc,reference_bottom_left_orange_quarter_arc,right,reverse,reverse_right,1
5153,-40.105,-34.524,0.5,108.605,reference_bottom_left_orange_quarter_arc,reference_bottom_left_orange_quarter_arc,reference_bottom_left_orange_quarter_arc,right,reverse,reverse_right,1
5154,-40.139,-34.423,0.5,104.554,reference_bottom_left_orange_quarter_arc,reference_bottom_left_orange_quarter_arc,reference_bottom_left_orange_quarter_arc,right,reverse,reverse_right,1
5155,-40.166,-34.319,0.5,100.162,reference_bottom_left_orange_quarter_arc,reference_bottom_left_orange_quarter_arc,reference_bottom_left_orange_quarter_arc,right,reverse,reverse_right,1
5156,-40.185,-34.213,0.5,95.925,reference_bottom_left_orange_quarter_arc,reference_bottom_left_orange_quarter_arc,reference_bottom_left_orange_quarter_arc,right,reverse,reverse_right,1
5157,-40.196,-34.107,0.5,92.141,reference_bottom_left_orange_quarter_arc,reference_bottom_left_orange_quarter_arc,reference_bottom_left_orange_quarter_arc,right,reverse,reverse_right,1
5158,-40.2,-34.0,0.5,92.141,reference_bottom_left_orange_quarter_arc,reference_bottom_left_orange_quarter_arc,reference_bottom_left_orange_quarter_arc,right,reverse,reverse_right,0
5159,-40.2,48.0,0.5,87.859,reference_top_left_orange_quarter_arc,reference_top_left_orange_quarter_arc,reference_top_left_orange_quarter_arc,right,reverse,reverse_right,1
5160,-40.196,48.107,0.5,84.075,reference_top_left_orange_quarter_arc,reference_top_left_orange_quarter_arc,reference_top_left_orange_quarter_arc,right,reverse,reverse_right,1
5161,-40.185,48.213,0.5,79.838,reference_top_left_orange_quarter_arc,reference_top_left_orange_quarter_arc,reference_top_left_orange_quarter_arc,right,reverse,reverse_right,1
5162,-40.166,48.319,0.5,75.446,reference_top_left_orange_quarter_arc,reference_top_left_orange_quarter_arc,reference_top_left_orange_quarter_arc,right,reverse,reverse_right,1
5163,-40.139,48.423,0.5,71.395,reference_top_left_orange_quarter_arc,reference_top_left_orange_quarter_arc,reference_top_left_orange_quarter_arc,right,reverse,reverse_right,1
5164,-40.105,48.524,0.5,67.504,reference_top_left_orange_quarter_arc,reference_top_left_orange_quarter_arc,reference_top_left_orange_quarter_arc,right,reverse,reverse_right,1
5165,-40.064,48.623,0.5,63.914,reference_top_left_orange_quarter_arc,reference_top_left_orange_quarter_arc,reference_top_left_orange_quarter_arc,right,reverse,reverse_right,1
5166,-40.017,48.719,0.5,59.128,reference_top_left_orange_quarter_arc,reference_top_left_orange_quarter_arc,reference_top_left_orange_quarter_arc,right,reverse,reverse_right,1
5167,-39.962,48.811,0.5,55.271,reference_top_left_orange_quarter_arc,reference_top_left_orange_quarter_arc,reference_top_left_orange_quarter_arc,right,reverse,reverse_right,1
5168,-39.901,48.899,0.5,51.089,reference_top_left_orange_quarter_arc,reference_top_left_orange_quarter_arc,reference_top_left_orange_quarter_arc,right,reverse,reverse_right,1
5169,-39.834,48.982,0.5,47.261,reference_top_left_orange_quarter_arc,reference_top_left_orange_quarter_arc,reference_top_left_orange_quarter_arc,right,reverse,reverse_right,1
5170,-39.761,49.061,0.5,42.739,reference_top_left_orange_quarter_arc,reference_top_left_orange_quarter_arc,reference_top_left_orange_quarter_arc,right,reverse,reverse_right,1
5171,-39.682,49.134,0.5,38.911,reference_top_left_orange_quarter_arc,reference_top_left_orange_quarter_arc,reference_top_left_orange_quarter_arc,right,reverse,reverse_right,1
5172,-39.599,49.201,0.5,34.729,reference_top_left_orange_quarter_arc,reference_top_left_orange_quarter_arc,reference_top_left_orange_quarter_arc,right,reverse,reverse_right,1
5173,-39.511,49.262,0.5,30.872,reference_top_left_orange_quarter_arc,reference_top_left_orange_quarter_arc,reference_top_left_orange_quarter_arc,right,reverse,reverse_right,1
5174,-39.419,49.317,0.5,26.086,reference_top_left_orange_quarter_arc,reference_top_left_orange_quarter_arc,reference_top_left_orange_quarter_arc,right,reverse,reverse_right,1
5175,-39.323,49.364,0.5,22.496,reference_top_left_orange_quarter_arc,reference_top_left_orange_quarter_arc,reference_top_left_orange_quarter_arc,right,reverse,reverse_right,1
5176,-39.224,49.405,0.5,18.605,reference_top_left_orange_quarter_arc,reference_top_left_orange_quarter_arc,reference_top_left_orange_quarter_arc,right,reverse,reverse_right,1
5177,-39.123,49.439,0.5,14.554,reference_top_left_orange_quarter_arc,reference_top_left_orange_quarter_arc,reference_top_left_orange_quarter_arc,right,reverse,reverse_right,1
5178,-39.019,49.466,0.5,10.162,reference_top_left_orange_quarter_arc,reference_top_left_orange_quarter_arc,reference_top_left_orange_quarter_arc,right,reverse,reverse_right,1
5179,-38.913,49.485,0.5,5.925,reference_top_left_orange_quarter_arc,reference_top_left_orange_quarter_arc,reference_top_left_orange_quarter_arc,right,reverse,reverse_right,1
5180,-38.807,49.496,0.5,2.141,reference_top_left_orange_quarter_arc,reference_top_left_orange_quarter_arc,reference_top_left_orange_quarter_arc,right,reverse,reverse_right,1
5181,-38.7,49.5,0.5,2.141,reference_top_left_orange_quarter_arc,reference_top_left_orange_quarter_arc,reference_top_left_orange_quarter_arc,right,reverse,reverse_right,0
5182,40.2,-34.0,0.5,-92.141,reference_bottom_right_orange_quarter_arc,reference_bottom_right_orange_quarter_arc,reference_bottom_right_orange_quarter_arc,right,reverse,reverse_right,1
5183,40.196,-34.107,0.5,-95.925,reference_bottom_right_orange_quarter_arc,reference_bottom_right_orange_quarter_arc,reference_bottom_right_orange_quarter_arc,right,reverse,reverse_right,1
5184,40.185,-34.213,0.5,-100.162,reference_bottom_right_orange_quarter_arc,reference_bottom_right_orange_quarter_arc,reference_bottom_right_orange_quarter_arc,right,reverse,reverse_right,1
5185,40.166,-34.319,0.5,-104.554,reference_bottom_right_orange_quarter_arc,reference_bottom_right_orange_quarter_arc,reference_bottom_right_orange_quarter_arc,right,reverse,reverse_right,1
5186,40.139,-34.423,0.5,-108.605,reference_bottom_right_orange_quarter_arc,reference_bottom_right_orange_quarter_arc,reference_bottom_right_orange_quarter_arc,right,reverse,reverse_right,1
5187,40.105,-34.524,0.5,-112.496,reference_bottom_right_orange_quarter_arc,reference_bottom_right_orange_quarter_arc,reference_bottom_right_orange_quarter_arc,right,reverse,reverse_right,1
5188,40.064,-34.623,0.5,-116.086,reference_bottom_right_orange_quarter_arc,reference_bottom_right_orange_quarter_arc,reference_bottom_right_orange_quarter_arc,right,reverse,reverse_right,1
5189,40.017,-34.719,0.5,-120.872,reference_bottom_right_orange_quarter_arc,reference_bottom_right_orange_quarter_arc,reference_bottom_right_orange_quarter_arc,right,reverse,reverse_right,1
5190,39.962,-34.811,0.5,-124.729,reference_bottom_right_orange_quarter_arc,reference_bottom_right_orange_quarter_arc,reference_bottom_right_orange_quarter_arc,right,reverse,reverse_right,1
5191,39.901,-34.899,0.5,-128.911,reference_bottom_right_orange_quarter_arc,reference_bottom_right_orange_quarter_arc,reference_bottom_right_orange_quarter_arc,right,reverse,reverse_right,1
5192,39.834,-34.982,0.5,-132.739,reference_bottom_right_orange_quarter_arc,reference_bottom_right_orange_quarter_arc,reference_bottom_right_orange_quarter_arc,right,reverse,reverse_right,1
5193,39.761,-35.061,0.5,-137.261,reference_bottom_right_orange_quarter_arc,reference_bottom_right_orange_quarter_arc,reference_bottom_right_orange_quarter_arc,right,reverse,reverse_right,1
5194,39.682,-35.134,0.5,-141.089,reference_bottom_right_orange_quarter_arc,reference_bottom_right_orange_quarter_arc,reference_bottom_right_orange_quarter_arc,right,reverse,reverse_right,1
5195,39.599,-35.201,0.5,-145.271,reference_bottom_right_orange_quarter_arc,reference_bottom_right_orange_quarter_arc,reference_bottom_right_orange_quarter_arc,right,reverse,reverse_right,1
5196,39.511,-35.262,0.5,-149.128,reference_bottom_right_orange_quarter_arc,reference_bottom_right_orange_quarter_arc,reference_bottom_right_orange_quarter_arc,right,reverse,reverse_right,1
5197,39.419,-35.317,0.5,-153.914,reference_bottom_right_orange_quarter_arc,reference_bottom_right_orange_quarter_arc,reference_bottom_right_orange_quarter_arc,right,reverse,reverse_right,1
5198,39.323,-35.364,0.5,-157.504,reference_bottom_right_orange_quarter_arc,reference_bottom_right_orange_quarter_arc,reference_bottom_right_orange_quarter_arc,right,reverse,reverse_right,1
5199,39.224,-35.405,0.5,-161.395,reference_bottom_right_orange_quarter_arc,reference_bottom_right_orange_quarter_arc,reference_bottom_right_orange_quarter_arc,right,reverse,reverse_right,1
5200,39.123,-35.439,0.5,-165.446,reference_bottom_right_orange_quarter_arc,reference_bottom_right_orange_quarter_arc,reference_bottom_right_orange_quarter_arc,right,reverse,reverse_right,1
5201,39.019,-35.466,0.5,-169.838,reference_bottom_right_orange_quarter_arc,reference_bottom_right_orange_quarter_arc,reference_bottom_right_orange_quarter_arc,right,reverse,reverse_right,1
5202,38.913,-35.485,0.5,-174.075,reference_bottom_right_orange_quarter_arc,reference_bottom_right_orange_quarter_arc,reference_bottom_right_orange_quarter_arc,right,reverse,reverse_right,1
5203,38.807,-35.496,0.5,-177.859,reference_bottom_right_orange_quarter_arc,reference_bottom_right_orange_quarter_arc,reference_bottom_right_orange_quarter_arc,right,reverse,reverse_right,1
5204,38.7,-35.5,0.5,-177.859,reference_bottom_right_orange_quarter_arc,reference_bottom_right_orange_quarter_arc,reference_bottom_right_orange_quarter_arc,right,reverse,reverse_right,0
5205,38.7,49.5,0.5,-2.141,reference_top_right_orange_quarter_arc,reference_top_right_orange_quarter_arc,reference_top_right_orange_quarter_arc,right,reverse,reverse_right,1
5206,38.807,49.496,0.5,-5.925,reference_top_right_orange_quarter_arc,reference_top_right_orange_quarter_arc,reference_top_right_orange_quarter_arc,right,reverse,reverse_right,1
5207,38.913,49.485,0.5,-10.162,reference_top_right_orange_quarter_arc,reference_top_right_orange_quarter_arc,reference_top_right_orange_quarter_arc,right,reverse,reverse_right,1
5208,39.019,49.466,0.5,-14.554,reference_top_right_orange_quarter_arc,reference_top_right_orange_quarter_arc,reference_top_right_orange_quarter_arc,right,reverse,reverse_right,1
5209,39.123,49.439,0.5,-18.605,reference_top_right_orange_quarter_arc,reference_top_right_orange_quarter_arc,reference_top_right_orange_quarter_arc,right,reverse,reverse_right,1
5210,39.224,49.405,0.5,-22.496,reference_top_right_orange_quarter_arc,reference_top_right_orange_quarter_arc,reference_top_right_orange_quarter_arc,right,reverse,reverse_right,1
5211,39.323,49.364,0.5,-26.086,reference_top_right_orange_quarter_arc,reference_top_right_orange_quarter_arc,reference_top_right_orange_quarter_arc,right,reverse,reverse_right,1
5212,39.419,49.317,0.5,-30.872,reference_top_right_orange_quarter_arc,reference_top_right_orange_quarter_arc,reference_top_right_orange_quarter_arc,right,reverse,reverse_right,1
5213,39.511,49.262,0.5,-34.729,reference_top_right_orange_quarter_arc,reference_top_right_orange_quarter_arc,reference_top_right_orange_quarter_arc,right,reverse,reverse_right,1
5214,39.599,49.201,0.5,-38.911,reference_top_right_orange_quarter_arc,reference_top_right_orange_quarter_arc,reference_top_right_orange_quarter_arc,right,reverse,reverse_right,1
5215,39.682,49.134,0.5,-42.739,reference_top_right_orange_quarter_arc,reference_top_right_orange_quarter_arc,reference_top_right_orange_quarter_arc,right,reverse,reverse_right,1
5216,39.761,49.061,0.5,-47.261,reference_top_right_orange_quarter_arc,reference_top_right_orange_quarter_arc,reference_top_right_orange_quarter_arc,right,reverse,reverse_right,1
5217,39.834,48.982,0.5,-51.089,reference_top_right_orange_quarter_arc,reference_top_right_orange_quarter_arc,reference_top_right_orange_quarter_arc,right,reverse,reverse_right,1
5218,39.901,48.899,0.5,-55.271,reference_top_right_orange_quarter_arc,reference_top_right_orange_quarter_arc,reference_top_right_orange_quarter_arc,right,reverse,reverse_right,1
5219,39.962,48.811,0.5,-59.128,reference_top_right_orange_quarter_arc,reference_top_right_orange_quarter_arc,reference_top_right_orange_quarter_arc,right,reverse,reverse_right,1
5220,40.017,48.719,0.5,-63.914,reference_top_right_orange_quarter_arc,reference_top_right_orange_quarter_arc,reference_top_right_orange_quarter_arc,right,reverse,reverse_right,1
5221,40.064,48.623,0.5,-67.504,reference_top_right_orange_quarter_arc,reference_top_right_orange_quarter_arc,reference_top_right_orange_quarter_arc,right,reverse,reverse_right,1
5222,40.105,48.524,0.5,-71.395,reference_top_right_orange_quarter_arc,reference_top_right_orange_quarter_arc,reference_top_right_orange_quarter_arc,right,reverse,reverse_right,1
5223,40.139,48.423,0.5,-75.446,reference_top_right_orange_quarter_arc,reference_top_right_orange_quarter_arc,reference_top_right_orange_quarter_arc,right,reverse,reverse_right,1
5224,40.166,48.319,0.5,-79.838,reference_top_right_orange_quarter_arc,reference_top_right_orange_quarter_arc,reference_top_right_orange_quarter_arc,right,reverse,reverse_right,1
5225,40.185,48.213,0.5,-84.075,reference_top_right_orange_quarter_arc,reference_top_right_orange_quarter_arc,reference_top_right_orange_quarter_arc,right,reverse,reverse_right,1
5226,40.196,48.107,0.5,-87.859,reference_top_right_orange_quarter_arc,reference_top_right_orange_quarter_arc,reference_top_right_orange_quarter_arc,right,reverse,reverse_right,1
5227,40.2,48.0,0.5,-87.859,reference_top_right_orange_quarter_arc,reference_top_right_orange_quarter_arc,reference_top_right_orange_quarter_arc,right,reverse,reverse_right,0
5228,21.45,24.5,0.5,-180.0,smooth_same_color_arc_forward_right_x20p25_y24p5_top_right,smooth_same_color_arc_forward_right_x20p25_y24p5_top_right,smooth_same_color_arc_forward_right_x20p25_y24p5_top_right,right,forward,forward_right,1
5229,21.339,24.505,0.5,-185.294,smooth_same_color_arc_forward_right_x20p25_y24p5_top_right,smooth_same_color_arc_forward_right_x20p25_y24p5_top_right,smooth_same_color_arc_forward_right_x20p25_y24p5_top_right,right,forward,forward_right,1
5230,21.23,24.52,0.5,-190.588,smooth_same_color_arc_forward_right_x20p25_y24p5_top_right,smooth_same_color_arc_forward_right_x20p25_y24p5_top_right,smooth_same_color_arc_forward_right_x20p25_y24p5_top_right,right,forward,forward_right,1
5231,21.122,24.546,0.5,-195.882,smooth_same_color_arc_forward_right_x20p25_y24p5_top_right,smooth_same_color_arc_forward_right_x20p25_y24p5_top_right,smooth_same_color_arc_forward_right_x20p25_y24p5_top_right,right,forward,forward_right,1
5232,21.017,24.581,0.5,-201.176,smooth_same_color_arc_forward_right_x20p25_y24p5_top_right,smooth_same_color_arc_forward_right_x20p25_y24p5_top_right,smooth_same_color_arc_forward_right_x20p25_y24p5_top_right,right,forward,forward_right,1
5233,20.915,24.626,0.5,-206.471,smooth_same_color_arc_forward_right_x20p25_y24p5_top_right,smooth_same_color_arc_forward_right_x20p25_y24p5_top_right,smooth_same_color_arc_forward_right_x20p25_y24p5_top_right,right,forward,forward_right,1
5234,20.818,24.68,0.5,-211.765,smooth_same_color_arc_forward_right_x20p25_y24p5_top_right,smooth_same_color_arc_forward_right_x20p25_y24p5_top_right,smooth_same_color_arc_forward_right_x20p25_y24p5_top_right,right,forward,forward_right,1
5235,20.727,24.742,0.5,-217.059,smooth_same_color_arc_forward_right_x20p25_y24p5_top_right,smooth_same_color_arc_forward_right_x20p25_y24p5_top_right,smooth_same_color_arc_forward_right_x20p25_y24p5_top_right,right,forward,forward_right,1
5236,20.642,24.813,0.5,-222.353,smooth_same_color_arc_forward_right_x20p25_y24p5_top_right,smooth_same_color_arc_forward_right_x20p25_y24p5_top_right,smooth_same_color_arc_forward_right_x20p25_y24p5_top_right,right,forward,forward_right,1
5237,20.563,24.892,0.5,-227.647,smooth_same_color_arc_forward_right_x20p25_y24p5_top_right,smooth_same_color_arc_forward_right_x20p25_y24p5_top_right,smooth_same_color_arc_forward_right_x20p25_y24p5_top_right,right,forward,forward_right,1
5238,20.492,24.977,0.5,-232.941,smooth_same_color_arc_forward_right_x20p25_y24p5_top_right,smooth_same_color_arc_forward_right_x20p25_y24p5_top_right,smooth_same_color_arc_forward_right_x20p25_y24p5_top_right,right,forward,forward_right,1
5239,20.43,25.068,0.5,-238.235,smooth_same_color_arc_forward_right_x20p25_y24p5_top_right,smooth_same_color_arc_forward_right_x20p25_y24p5_top_right,smooth_same_color_arc_forward_right_x20p25_y24p5_top_right,right,forward,forward_right,1
5240,20.376,25.165,0.5,-243.529,smooth_same_color_arc_forward_right_x20p25_y24p5_top_right,smooth_same_color_arc_forward_right_x20p25_y24p5_top_right,smooth_same_color_arc_forward_right_x20p25_y24p5_top_right,right,forward,forward_right,1
5241,20.331,25.267,0.5,-248.824,smooth_same_color_arc_forward_right_x20p25_y24p5_top_right,smooth_same_color_arc_forward_right_x20p25_y24p5_top_right,smooth_same_color_arc_forward_right_x20p25_y24p5_top_right,right,forward,forward_right,1
5242,20.296,25.372,0.5,-254.118,smooth_same_color_arc_forward_right_x20p25_y24p5_top_right,smooth_same_color_arc_forward_right_x20p25_y24p5_top_right,smooth_same_color_arc_forward_right_x20p25_y24p5_top_right,right,forward,forward_right,1
5243,20.27,25.48,0.5,-259.412,smooth_same_color_arc_forward_right_x20p25_y24p5_top_right,smooth_same_color_arc_forward_right_x20p25_y24p5_top_right,smooth_same_color_arc_forward_right_x20p25_y24p5_top_right,right,forward,forward_right,1
5244,20.255,25.589,0.5,-264.706,smooth_same_color_arc_forward_right_x20p25_y24p5_top_right,smooth_same_color_arc_forward_right_x20p25_y24p5_top_right,smooth_same_color_arc_forward_right_x20p25_y24p5_top_right,right,forward,forward_right,1
5245,20.25,25.7,0.5,-270.0,smooth_same_color_arc_forward_right_x20p25_y24p5_top_right,smooth_same_color_arc_forward_right_x20p25_y24p5_top_right,smooth_same_color_arc_forward_right_x20p25_y24p5_top_right,right,forward,forward_right,0
5246,21.45,24.5,0.5,180.0,smooth_same_color_arc_forward_right_x20p25_y24p5_bottom_right,smooth_same_color_arc_forward_right_x20p25_y24p5_bottom_right,smooth_same_color_arc_forward_right_x20p25_y24p5_bottom_right,right,forward,forward_right,1
5247,21.339,24.495,0.5,185.294,smooth_same_color_arc_forward_right_x20p25_y24p5_bottom_right,smooth_same_color_arc_forward_right_x20p25_y24p5_bottom_right,smooth_same_color_arc_forward_right_x20p25_y24p5_bottom_right,right,forward,forward_right,1
5248,21.23,24.48,0.5,190.588,smooth_same_color_arc_forward_right_x20p25_y24p5_bottom_right,smooth_same_color_arc_forward_right_x20p25_y24p5_bottom_right,smooth_same_color_arc_forward_right_x20p25_y24p5_bottom_right,right,forward,forward_right,1
5249,21.122,24.454,0.5,195.882,smooth_same_color_arc_forward_right_x20p25_y24p5_bottom_right,smooth_same_color_arc_forward_right_x20p25_y24p5_bottom_right,smooth_same_color_arc_forward_right_x20p25_y24p5_bottom_right,right,forward,forward_right,1
5250,21.017,24.419,0.5,201.176,smooth_same_color_arc_forward_right_x20p25_y24p5_bottom_right,smooth_same_color_arc_forward_right_x20p25_y24p5_bottom_right,smooth_same_color_arc_forward_right_x20p25_y24p5_bottom_right,right,forward,forward_right,1
5251,20.915,24.374,0.5,206.471,smooth_same_color_arc_forward_right_x20p25_y24p5_bottom_right,smooth_same_color_arc_forward_right_x20p25_y24p5_bottom_right,smooth_same_color_arc_forward_right_x20p25_y24p5_bottom_right,right,forward,forward_right,1
5252,20.818,24.32,0.5,211.765,smooth_same_color_arc_forward_right_x20p25_y24p5_bottom_right,smooth_same_color_arc_forward_right_x20p25_y24p5_bottom_right,smooth_same_color_arc_forward_right_x20p25_y24p5_bottom_right,right,forward,forward_right,1
5253,20.727,24.258,0.5,217.059,smooth_same_color_arc_forward_right_x20p25_y24p5_bottom_right,smooth_same_color_arc_forward_right_x20p25_y24p5_bottom_right,smooth_same_color_arc_forward_right_x20p25_y24p5_bottom_right,right,forward,forward_right,1
5254,20.642,24.187,0.5,222.353,smooth_same_color_arc_forward_right_x20p25_y24p5_bottom_right,smooth_same_color_arc_forward_right_x20p25_y24p5_bottom_right,smooth_same_color_arc_forward_right_x20p25_y24p5_bottom_right,right,forward,forward_right,1
5255,20.563,24.108,0.5,227.647,smooth_same_color_arc_forward_right_x20p25_y24p5_bottom_right,smooth_same_color_arc_forward_right_x20p25_y24p5_bottom_right,smooth_same_color_arc_forward_right_x20p25_y24p5_bottom_right,right,forward,forward_right,1
5256,20.492,24.023,0.5,232.941,smooth_same_color_arc_forward_right_x20p25_y24p5_bottom_right,smooth_same_color_arc_forward_right_x20p25_y24p5_bottom_right,smooth_same_color_arc_forward_right_x20p25_y24p5_bottom_right,right,forward,forward_right,1
5257,20.43,23.932,0.5,238.235,smooth_same_color_arc_forward_right_x20p25_y24p5_bottom_right,smooth_same_color_arc_forward_right_x20p25_y24p5_bottom_right,smooth_same_color_arc_forward_right_x20p25_y24p5_bottom_right,right,forward,forward_right,1
5258,20.376,23.835,0.5,243.529,smooth_same_color_arc_forward_right_x20p25_y24p5_bottom_right,smooth_same_color_arc_forward_right_x20p25_y24p5_bottom_right,smooth_same_color_arc_forward_right_x20p25_y24p5_bottom_right,right,forward,forward_right,1
5259,20.331,23.733,0.5,248.824,smooth_same_color_arc_forward_right_x20p25_y24p5_bottom_right,smooth_same_color_arc_forward_right_x20p25_y24p5_bottom_right,smooth_same_color_arc_forward_right_x20p25_y24p5_bottom_right,right,forward,forward_right,1
5260,20.296,23.628,0.5,254.118,smooth_same_color_arc_forward_right_x20p25_y24p5_bottom_right,smooth_same_color_arc_forward_right_x20p25_y24p5_bottom_right,smooth_same_color_arc_forward_right_x20p25_y24p5_bottom_right,right,forward,forward_right,1
5261,20.27,23.52,0.5,259.412,smooth_same_color_arc_forward_right_x20p25_y24p5_bottom_right,smooth_same_color_arc_forward_right_x20p25_y24p5_bottom_right,smooth_same_color_arc_forward_right_x20p25_y24p5_bottom_right,right,forward,forward_right,1
5262,20.255,23.411,0.5,264.706,smooth_same_color_arc_forward_right_x20p25_y24p5_bottom_right,smooth_same_color_arc_forward_right_x20p25_y24p5_bottom_right,smooth_same_color_arc_forward_right_x20p25_y24p5_bottom_right,right,forward,forward_right,1
5263,20.25,23.3,0.5,270.0,smooth_same_color_arc_forward_right_x20p25_y24p5_bottom_right,smooth_same_color_arc_forward_right_x20p25_y24p5_bottom_right,smooth_same_color_arc_forward_right_x20p25_y24p5_bottom_right,right,forward,forward_right,0
5264,19.05,24.5,0.5,0.0,smooth_same_color_arc_forward_right_x20p25_y24p5_top_left,smooth_same_color_arc_forward_right_x20p25_y24p5_top_left,smooth_same_color_arc_forward_right_x20p25_y24p5_top_left,right,forward,forward_right,1
5265,19.161,24.505,0.5,5.294,smooth_same_color_arc_forward_right_x20p25_y24p5_top_left,smooth_same_color_arc_forward_right_x20p25_y24p5_top_left,smooth_same_color_arc_forward_right_x20p25_y24p5_top_left,right,forward,forward_right,1
5266,19.27,24.52,0.5,10.588,smooth_same_color_arc_forward_right_x20p25_y24p5_top_left,smooth_same_color_arc_forward_right_x20p25_y24p5_top_left,smooth_same_color_arc_forward_right_x20p25_y24p5_top_left,right,forward,forward_right,1
5267,19.378,24.546,0.5,15.882,smooth_same_color_arc_forward_right_x20p25_y24p5_top_left,smooth_same_color_arc_forward_right_x20p25_y24p5_top_left,smooth_same_color_arc_forward_right_x20p25_y24p5_top_left,right,forward,forward_right,1
5268,19.483,24.581,0.5,21.176,smooth_same_color_arc_forward_right_x20p25_y24p5_top_left,smooth_same_color_arc_forward_right_x20p25_y24p5_top_left,smooth_same_color_arc_forward_right_x20p25_y24p5_top_left,right,forward,forward_right,1
5269,19.585,24.626,0.5,26.471,smooth_same_color_arc_forward_right_x20p25_y24p5_top_left,smooth_same_color_arc_forward_right_x20p25_y24p5_top_left,smooth_same_color_arc_forward_right_x20p25_y24p5_top_left,right,forward,forward_right,1
5270,19.682,24.68,0.5,31.765,smooth_same_color_arc_forward_right_x20p25_y24p5_top_left,smooth_same_color_arc_forward_right_x20p25_y24p5_top_left,smooth_same_color_arc_forward_right_x20p25_y24p5_top_left,right,forward,forward_right,1
5271,19.773,24.742,0.5,37.059,smooth_same_color_arc_forward_right_x20p25_y24p5_top_left,smooth_same_color_arc_forward_right_x20p25_y24p5_top_left,smooth_same_color_arc_forward_right_x20p25_y24p5_top_left,right,forward,forward_right,1
5272,19.858,24.813,0.5,42.353,smooth_same_color_arc_forward_right_x20p25_y24p5_top_left,smooth_same_color_arc_forward_right_x20p25_y24p5_top_left,smooth_same_color_arc_forward_right_x20p25_y24p5_top_left,right,forward,forward_right,1
5273,19.937,24.892,0.5,47.647,smooth_same_color_arc_forward_right_x20p25_y24p5_top_left,smooth_same_color_arc_forward_right_x20p25_y24p5_top_left,smooth_same_color_arc_forward_right_x20p25_y24p5_top_left,right,forward,forward_right,1
5274,20.008,24.977,0.5,52.941,smooth_same_color_arc_forward_right_x20p25_y24p5_top_left,smooth_same_color_arc_forward_right_x20p25_y24p5_top_left,smooth_same_color_arc_forward_right_x20p25_y24p5_top_left,right,forward,forward_right,1
5275,20.07,25.068,0.5,58.235,smooth_same_color_arc_forward_right_x20p25_y24p5_top_left,smooth_same_color_arc_forward_right_x20p25_y24p5_top_left,smooth_same_color_arc_forward_right_x20p25_y24p5_top_left,right,forward,forward_right,1
5276,20.124,25.165,0.5,63.529,smooth_same_color_arc_forward_right_x20p25_y24p5_top_left,smooth_same_color_arc_forward_right_x20p25_y24p5_top_left,smooth_same_color_arc_forward_right_x20p25_y24p5_top_left,right,forward,forward_right,1
5277,20.169,25.267,0.5,68.824,smooth_same_color_arc_forward_right_x20p25_y24p5_top_left,smooth_same_color_arc_forward_right_x20p25_y24p5_top_left,smooth_same_color_arc_forward_right_x20p25_y24p5_top_left,right,forward,forward_right,1
5278,20.204,25.372,0.5,74.118,smooth_same_color_arc_forward_right_x20p25_y24p5_top_left,smooth_same_color_arc_forward_right_x20p25_y24p5_top_left,smooth_same_color_arc_forward_right_x20p25_y24p5_top_left,right,forward,forward_right,1
5279,20.23,25.48,0.5,79.412,smooth_same_color_arc_forward_right_x20p25_y24p5_top_left,smooth_same_color_arc_forward_right_x20p25_y24p5_top_left,smooth_same_color_arc_forward_right_x20p25_y24p5_top_left,right,forward,forward_right,1
5280,20.245,25.589,0.5,84.706,smooth_same_color_arc_forward_right_x20p25_y24p5_top_left,smooth_same_color_arc_forward_right_x20p25_y24p5_top_left,smooth_same_color_arc_forward_right_x20p25_y24p5_top_left,right,forward,forward_right,1
5281,20.25,25.7,0.5,90.0,smooth_same_color_arc_forward_right_x20p25_y24p5_top_left,smooth_same_color_arc_forward_right_x20p25_y24p5_top_left,smooth_same_color_arc_forward_right_x20p25_y24p5_top_left,right,forward,forward_right,0
5282,19.05,24.5,0.5,0.0,smooth_same_color_arc_forward_right_x20p25_y24p5_bottom_left,smooth_same_color_arc_forward_right_x20p25_y24p5_bottom_left,smooth_same_color_arc_forward_right_x20p25_y24p5_bottom_left,right,forward,forward_right,1
5283,19.161,24.495,0.5,-5.294,smooth_same_color_arc_forward_right_x20p25_y24p5_bottom_left,smooth_same_color_arc_forward_right_x20p25_y24p5_bottom_left,smooth_same_color_arc_forward_right_x20p25_y24p5_bottom_left,right,forward,forward_right,1
5284,19.27,24.48,0.5,-10.588,smooth_same_color_arc_forward_right_x20p25_y24p5_bottom_left,smooth_same_color_arc_forward_right_x20p25_y24p5_bottom_left,smooth_same_color_arc_forward_right_x20p25_y24p5_bottom_left,right,forward,forward_right,1
5285,19.378,24.454,0.5,-15.882,smooth_same_color_arc_forward_right_x20p25_y24p5_bottom_left,smooth_same_color_arc_forward_right_x20p25_y24p5_bottom_left,smooth_same_color_arc_forward_right_x20p25_y24p5_bottom_left,right,forward,forward_right,1
5286,19.483,24.419,0.5,-21.176,smooth_same_color_arc_forward_right_x20p25_y24p5_bottom_left,smooth_same_color_arc_forward_right_x20p25_y24p5_bottom_left,smooth_same_color_arc_forward_right_x20p25_y24p5_bottom_left,right,forward,forward_right,1
5287,19.585,24.374,0.5,-26.471,smooth_same_color_arc_forward_right_x20p25_y24p5_bottom_left,smooth_same_color_arc_forward_right_x20p25_y24p5_bottom_left,smooth_same_color_arc_forward_right_x20p25_y24p5_bottom_left,right,forward,forward_right,1
5288,19.682,24.32,0.5,-31.765,smooth_same_color_arc_forward_right_x20p25_y24p5_bottom_left,smooth_same_color_arc_forward_right_x20p25_y24p5_bottom_left,smooth_same_color_arc_forward_right_x20p25_y24p5_bottom_left,right,forward,forward_right,1
5289,19.773,24.258,0.5,-37.059,smooth_same_color_arc_forward_right_x20p25_y24p5_bottom_left,smooth_same_color_arc_forward_right_x20p25_y24p5_bottom_left,smooth_same_color_arc_forward_right_x20p25_y24p5_bottom_left,right,forward,forward_right,1
5290,19.858,24.187,0.5,-42.353,smooth_same_color_arc_forward_right_x20p25_y24p5_bottom_left,smooth_same_color_arc_forward_right_x20p25_y24p5_bottom_left,smooth_same_color_arc_forward_right_x20p25_y24p5_bottom_left,right,forward,forward_right,1
5291,19.937,24.108,0.5,-47.647,smooth_same_color_arc_forward_right_x20p25_y24p5_bottom_left,smooth_same_color_arc_forward_right_x20p25_y24p5_bottom_left,smooth_same_color_arc_forward_right_x20p25_y24p5_bottom_left,right,forward,forward_right,1
5292,20.008,24.023,0.5,-52.941,smooth_same_color_arc_forward_right_x20p25_y24p5_bottom_left,smooth_same_color_arc_forward_right_x20p25_y24p5_bottom_left,smooth_same_color_arc_forward_right_x20p25_y24p5_bottom_left,right,forward,forward_right,1
5293,20.07,23.932,0.5,-58.235,smooth_same_color_arc_forward_right_x20p25_y24p5_bottom_left,smooth_same_color_arc_forward_right_x20p25_y24p5_bottom_left,smooth_same_color_arc_forward_right_x20p25_y24p5_bottom_left,right,forward,forward_right,1
5294,20.124,23.835,0.5,-63.529,smooth_same_color_arc_forward_right_x20p25_y24p5_bottom_left,smooth_same_color_arc_forward_right_x20p25_y24p5_bottom_left,smooth_same_color_arc_forward_right_x20p25_y24p5_bottom_left,right,forward,forward_right,1
5295,20.169,23.733,0.5,-68.824,smooth_same_color_arc_forward_right_x20p25_y24p5_bottom_left,smooth_same_color_arc_forward_right_x20p25_y24p5_bottom_left,smooth_same_color_arc_forward_right_x20p25_y24p5_bottom_left,right,forward,forward_right,1
5296,20.204,23.628,0.5,-74.118,smooth_same_color_arc_forward_right_x20p25_y24p5_bottom_left,smooth_same_color_arc_forward_right_x20p25_y24p5_bottom_left,smooth_same_color_arc_forward_right_x20p25_y24p5_bottom_left,right,forward,forward_right,1
5297,20.23,23.52,0.5,-79.412,smooth_same_color_arc_forward_right_x20p25_y24p5_bottom_left,smooth_same_color_arc_forward_right_x20p25_y24p5_bottom_left,smooth_same_color_arc_forward_right_x20p25_y24p5_bottom_left,right,forward,forward_right,1
5298,20.245,23.411,0.5,-84.706,smooth_same_color_arc_forward_right_x20p25_y24p5_bottom_left,smooth_same_color_arc_forward_right_x20p25_y24p5_bottom_left,smooth_same_color_arc_forward_right_x20p25_y24p5_bottom_left,right,forward,forward_right,1
5299,20.25,23.3,0.5,-90.0,smooth_same_color_arc_forward_right_x20p25_y24p5_bottom_left,smooth_same_color_arc_forward_right_x20p25_y24p5_bottom_left,smooth_same_color_arc_forward_right_x20p25_y24p5_bottom_left,right,forward,forward_right,0
5300,-16.05,24.5,0.5,-180.0,smooth_same_color_arc_forward_right_xm17p25_y24p5_top_right,smooth_same_color_arc_forward_right_xm17p25_y24p5_top_right,smooth_same_color_arc_forward_right_xm17p25_y24p5_top_right,right,forward,forward_right,1
5301,-16.161,24.505,0.5,-185.294,smooth_same_color_arc_forward_right_xm17p25_y24p5_top_right,smooth_same_color_arc_forward_right_xm17p25_y24p5_top_right,smooth_same_color_arc_forward_right_xm17p25_y24p5_top_right,right,forward,forward_right,1
5302,-16.27,24.52,0.5,-190.588,smooth_same_color_arc_forward_right_xm17p25_y24p5_top_right,smooth_same_color_arc_forward_right_xm17p25_y24p5_top_right,smooth_same_color_arc_forward_right_xm17p25_y24p5_top_right,right,forward,forward_right,1
5303,-16.378,24.546,0.5,-195.882,smooth_same_color_arc_forward_right_xm17p25_y24p5_top_right,smooth_same_color_arc_forward_right_xm17p25_y24p5_top_right,smooth_same_color_arc_forward_right_xm17p25_y24p5_top_right,right,forward,forward_right,1
5304,-16.483,24.581,0.5,-201.176,smooth_same_color_arc_forward_right_xm17p25_y24p5_top_right,smooth_same_color_arc_forward_right_xm17p25_y24p5_top_right,smooth_same_color_arc_forward_right_xm17p25_y24p5_top_right,right,forward,forward_right,1
5305,-16.585,24.626,0.5,-206.471,smooth_same_color_arc_forward_right_xm17p25_y24p5_top_right,smooth_same_color_arc_forward_right_xm17p25_y24p5_top_right,smooth_same_color_arc_forward_right_xm17p25_y24p5_top_right,right,forward,forward_right,1
5306,-16.682,24.68,0.5,-211.765,smooth_same_color_arc_forward_right_xm17p25_y24p5_top_right,smooth_same_color_arc_forward_right_xm17p25_y24p5_top_right,smooth_same_color_arc_forward_right_xm17p25_y24p5_top_right,right,forward,forward_right,1
5307,-16.773,24.742,0.5,-217.059,smooth_same_color_arc_forward_right_xm17p25_y24p5_top_right,smooth_same_color_arc_forward_right_xm17p25_y24p5_top_right,smooth_same_color_arc_forward_right_xm17p25_y24p5_top_right,right,forward,forward_right,1
5308,-16.858,24.813,0.5,-222.353,smooth_same_color_arc_forward_right_xm17p25_y24p5_top_right,smooth_same_color_arc_forward_right_xm17p25_y24p5_top_right,smooth_same_color_arc_forward_right_xm17p25_y24p5_top_right,right,forward,forward_right,1
5309,-16.937,24.892,0.5,-227.647,smooth_same_color_arc_forward_right_xm17p25_y24p5_top_right,smooth_same_color_arc_forward_right_xm17p25_y24p5_top_right,smooth_same_color_arc_forward_right_xm17p25_y24p5_top_right,right,forward,forward_right,1
5310,-17.008,24.977,0.5,-232.941,smooth_same_color_arc_forward_right_xm17p25_y24p5_top_right,smooth_same_color_arc_forward_right_xm17p25_y24p5_top_right,smooth_same_color_arc_forward_right_xm17p25_y24p5_top_right,right,forward,forward_right,1
5311,-17.07,25.068,0.5,-238.235,smooth_same_color_arc_forward_right_xm17p25_y24p5_top_right,smooth_same_color_arc_forward_right_xm17p25_y24p5_top_right,smooth_same_color_arc_forward_right_xm17p25_y24p5_top_right,right,forward,forward_right,1
5312,-17.124,25.165,0.5,-243.529,smooth_same_color_arc_forward_right_xm17p25_y24p5_top_right,smooth_same_color_arc_forward_right_xm17p25_y24p5_top_right,smooth_same_color_arc_forward_right_xm17p25_y24p5_top_right,right,forward,forward_right,1
5313,-17.169,25.267,0.5,-248.824,smooth_same_color_arc_forward_right_xm17p25_y24p5_top_right,smooth_same_color_arc_forward_right_xm17p25_y24p5_top_right,smooth_same_color_arc_forward_right_xm17p25_y24p5_top_right,right,forward,forward_right,1
5314,-17.204,25.372,0.5,-254.118,smooth_same_color_arc_forward_right_xm17p25_y24p5_top_right,smooth_same_color_arc_forward_right_xm17p25_y24p5_top_right,smooth_same_color_arc_forward_right_xm17p25_y24p5_top_right,right,forward,forward_right,1
5315,-17.23,25.48,0.5,-259.412,smooth_same_color_arc_forward_right_xm17p25_y24p5_top_right,smooth_same_color_arc_forward_right_xm17p25_y24p5_top_right,smooth_same_color_arc_forward_right_xm17p25_y24p5_top_right,right,forward,forward_right,1
5316,-17.245,25.589,0.5,-264.706,smooth_same_color_arc_forward_right_xm17p25_y24p5_top_right,smooth_same_color_arc_forward_right_xm17p25_y24p5_top_right,smooth_same_color_arc_forward_right_xm17p25_y24p5_top_right,right,forward,forward_right,1
5317,-17.25,25.7,0.5,-270.0,smooth_same_color_arc_forward_right_xm17p25_y24p5_top_right,smooth_same_color_arc_forward_right_xm17p25_y24p5_top_right,smooth_same_color_arc_forward_right_xm17p25_y24p5_top_right,right,forward,forward_right,0
5318,-16.05,24.5,0.5,180.0,smooth_same_color_arc_forward_right_xm17p25_y24p5_bottom_right,smooth_same_color_arc_forward_right_xm17p25_y24p5_bottom_right,smooth_same_color_arc_forward_right_xm17p25_y24p5_bottom_right,right,forward,forward_right,1
5319,-16.161,24.495,0.5,185.294,smooth_same_color_arc_forward_right_xm17p25_y24p5_bottom_right,smooth_same_color_arc_forward_right_xm17p25_y24p5_bottom_right,smooth_same_color_arc_forward_right_xm17p25_y24p5_bottom_right,right,forward,forward_right,1
5320,-16.27,24.48,0.5,190.588,smooth_same_color_arc_forward_right_xm17p25_y24p5_bottom_right,smooth_same_color_arc_forward_right_xm17p25_y24p5_bottom_right,smooth_same_color_arc_forward_right_xm17p25_y24p5_bottom_right,right,forward,forward_right,1
5321,-16.378,24.454,0.5,195.882,smooth_same_color_arc_forward_right_xm17p25_y24p5_bottom_right,smooth_same_color_arc_forward_right_xm17p25_y24p5_bottom_right,smooth_same_color_arc_forward_right_xm17p25_y24p5_bottom_right,right,forward,forward_right,1
5322,-16.483,24.419,0.5,201.176,smooth_same_color_arc_forward_right_xm17p25_y24p5_bottom_right,smooth_same_color_arc_forward_right_xm17p25_y24p5_bottom_right,smooth_same_color_arc_forward_right_xm17p25_y24p5_bottom_right,right,forward,forward_right,1
5323,-16.585,24.374,0.5,206.471,smooth_same_color_arc_forward_right_xm17p25_y24p5_bottom_right,smooth_same_color_arc_forward_right_xm17p25_y24p5_bottom_right,smooth_same_color_arc_forward_right_xm17p25_y24p5_bottom_right,right,forward,forward_right,1
5324,-16.682,24.32,0.5,211.765,smooth_same_color_arc_forward_right_xm17p25_y24p5_bottom_right,smooth_same_color_arc_forward_right_xm17p25_y24p5_bottom_right,smooth_same_color_arc_forward_right_xm17p25_y24p5_bottom_right,right,forward,forward_right,1
5325,-16.773,24.258,0.5,217.059,smooth_same_color_arc_forward_right_xm17p25_y24p5_bottom_right,smooth_same_color_arc_forward_right_xm17p25_y24p5_bottom_right,smooth_same_color_arc_forward_right_xm17p25_y24p5_bottom_right,right,forward,forward_right,1
5326,-16.858,24.187,0.5,222.353,smooth_same_color_arc_forward_right_xm17p25_y24p5_bottom_right,smooth_same_color_arc_forward_right_xm17p25_y24p5_bottom_right,smooth_same_color_arc_forward_right_xm17p25_y24p5_bottom_right,right,forward,forward_right,1
5327,-16.937,24.108,0.5,227.647,smooth_same_color_arc_forward_right_xm17p25_y24p5_bottom_right,smooth_same_color_arc_forward_right_xm17p25_y24p5_bottom_right,smooth_same_color_arc_forward_right_xm17p25_y24p5_bottom_right,right,forward,forward_right,1
5328,-17.008,24.023,0.5,232.941,smooth_same_color_arc_forward_right_xm17p25_y24p5_bottom_right,smooth_same_color_arc_forward_right_xm17p25_y24p5_bottom_right,smooth_same_color_arc_forward_right_xm17p25_y24p5_bottom_right,right,forward,forward_right,1
5329,-17.07,23.932,0.5,238.235,smooth_same_color_arc_forward_right_xm17p25_y24p5_bottom_right,smooth_same_color_arc_forward_right_xm17p25_y24p5_bottom_right,smooth_same_color_arc_forward_right_xm17p25_y24p5_bottom_right,right,forward,forward_right,1
5330,-17.124,23.835,0.5,243.529,smooth_same_color_arc_forward_right_xm17p25_y24p5_bottom_right,smooth_same_color_arc_forward_right_xm17p25_y24p5_bottom_right,smooth_same_color_arc_forward_right_xm17p25_y24p5_bottom_right,right,forward,forward_right,1
5331,-17.169,23.733,0.5,248.824,smooth_same_color_arc_forward_right_xm17p25_y24p5_bottom_right,smooth_same_color_arc_forward_right_xm17p25_y24p5_bottom_right,smooth_same_color_arc_forward_right_xm17p25_y24p5_bottom_right,right,forward,forward_right,1
5332,-17.204,23.628,0.5,254.118,smooth_same_color_arc_forward_right_xm17p25_y24p5_bottom_right,smooth_same_color_arc_forward_right_xm17p25_y24p5_bottom_right,smooth_same_color_arc_forward_right_xm17p25_y24p5_bottom_right,right,forward,forward_right,1
5333,-17.23,23.52,0.5,259.412,smooth_same_color_arc_forward_right_xm17p25_y24p5_bottom_right,smooth_same_color_arc_forward_right_xm17p25_y24p5_bottom_right,smooth_same_color_arc_forward_right_xm17p25_y24p5_bottom_right,right,forward,forward_right,1
5334,-17.245,23.411,0.5,264.706,smooth_same_color_arc_forward_right_xm17p25_y24p5_bottom_right,smooth_same_color_arc_forward_right_xm17p25_y24p5_bottom_right,smooth_same_color_arc_forward_right_xm17p25_y24p5_bottom_right,right,forward,forward_right,1
5335,-17.25,23.3,0.5,270.0,smooth_same_color_arc_forward_right_xm17p25_y24p5_bottom_right,smooth_same_color_arc_forward_right_xm17p25_y24p5_bottom_right,smooth_same_color_arc_forward_right_xm17p25_y24p5_bottom_right,right,forward,forward_right,0
5336,-18.45,24.5,0.5,0.0,smooth_same_color_arc_forward_right_xm17p25_y24p5_top_left,smooth_same_color_arc_forward_right_xm17p25_y24p5_top_left,smooth_same_color_arc_forward_right_xm17p25_y24p5_top_left,right,forward,forward_right,1
5337,-18.339,24.505,0.5,5.294,smooth_same_color_arc_forward_right_xm17p25_y24p5_top_left,smooth_same_color_arc_forward_right_xm17p25_y24p5_top_left,smooth_same_color_arc_forward_right_xm17p25_y24p5_top_left,right,forward,forward_right,1
5338,-18.23,24.52,0.5,10.588,smooth_same_color_arc_forward_right_xm17p25_y24p5_top_left,smooth_same_color_arc_forward_right_xm17p25_y24p5_top_left,smooth_same_color_arc_forward_right_xm17p25_y24p5_top_left,right,forward,forward_right,1
5339,-18.122,24.546,0.5,15.882,smooth_same_color_arc_forward_right_xm17p25_y24p5_top_left,smooth_same_color_arc_forward_right_xm17p25_y24p5_top_left,smooth_same_color_arc_forward_right_xm17p25_y24p5_top_left,right,forward,forward_right,1
5340,-18.017,24.581,0.5,21.176,smooth_same_color_arc_forward_right_xm17p25_y24p5_top_left,smooth_same_color_arc_forward_right_xm17p25_y24p5_top_left,smooth_same_color_arc_forward_right_xm17p25_y24p5_top_left,right,forward,forward_right,1
5341,-17.915,24.626,0.5,26.471,smooth_same_color_arc_forward_right_xm17p25_y24p5_top_left,smooth_same_color_arc_forward_right_xm17p25_y24p5_top_left,smooth_same_color_arc_forward_right_xm17p25_y24p5_top_left,right,forward,forward_right,1
5342,-17.818,24.68,0.5,31.765,smooth_same_color_arc_forward_right_xm17p25_y24p5_top_left,smooth_same_color_arc_forward_right_xm17p25_y24p5_top_left,smooth_same_color_arc_forward_right_xm17p25_y24p5_top_left,right,forward,forward_right,1
5343,-17.727,24.742,0.5,37.059,smooth_same_color_arc_forward_right_xm17p25_y24p5_top_left,smooth_same_color_arc_forward_right_xm17p25_y24p5_top_left,smooth_same_color_arc_forward_right_xm17p25_y24p5_top_left,right,forward,forward_right,1
5344,-17.642,24.813,0.5,42.353,smooth_same_color_arc_forward_right_xm17p25_y24p5_top_left,smooth_same_color_arc_forward_right_xm17p25_y24p5_top_left,smooth_same_color_arc_forward_right_xm17p25_y24p5_top_left,right,forward,forward_right,1
5345,-17.563,24.892,0.5,47.647,smooth_same_color_arc_forward_right_xm17p25_y24p5_top_left,smooth_same_color_arc_forward_right_xm17p25_y24p5_top_left,smooth_same_color_arc_forward_right_xm17p25_y24p5_top_left,right,forward,forward_right,1
5346,-17.492,24.977,0.5,52.941,smooth_same_color_arc_forward_right_xm17p25_y24p5_top_left,smooth_same_color_arc_forward_right_xm17p25_y24p5_top_left,smooth_same_color_arc_forward_right_xm17p25_y24p5_top_left,right,forward,forward_right,1
5347,-17.43,25.068,0.5,58.235,smooth_same_color_arc_forward_right_xm17p25_y24p5_top_left,smooth_same_color_arc_forward_right_xm17p25_y24p5_top_left,smooth_same_color_arc_forward_right_xm17p25_y24p5_top_left,right,forward,forward_right,1
5348,-17.376,25.165,0.5,63.529,smooth_same_color_arc_forward_right_xm17p25_y24p5_top_left,smooth_same_color_arc_forward_right_xm17p25_y24p5_top_left,smooth_same_color_arc_forward_right_xm17p25_y24p5_top_left,right,forward,forward_right,1
5349,-17.331,25.267,0.5,68.824,smooth_same_color_arc_forward_right_xm17p25_y24p5_top_left,smooth_same_color_arc_forward_right_xm17p25_y24p5_top_left,smooth_same_color_arc_forward_right_xm17p25_y24p5_top_left,right,forward,forward_right,1
5350,-17.296,25.372,0.5,74.118,smooth_same_color_arc_forward_right_xm17p25_y24p5_top_left,smooth_same_color_arc_forward_right_xm17p25_y24p5_top_left,smooth_same_color_arc_forward_right_xm17p25_y24p5_top_left,right,forward,forward_right,1
5351,-17.27,25.48,0.5,79.412,smooth_same_color_arc_forward_right_xm17p25_y24p5_top_left,smooth_same_color_arc_forward_right_xm17p25_y24p5_top_left,smooth_same_color_arc_forward_right_xm17p25_y24p5_top_left,right,forward,forward_right,1
5352,-17.255,25.589,0.5,84.706,smooth_same_color_arc_forward_right_xm17p25_y24p5_top_left,smooth_same_color_arc_forward_right_xm17p25_y24p5_top_left,smooth_same_color_arc_forward_right_xm17p25_y24p5_top_left,right,forward,forward_right,1
5353,-17.25,25.7,0.5,90.0,smooth_same_color_arc_forward_right_xm17p25_y24p5_top_left,smooth_same_color_arc_forward_right_xm17p25_y24p5_top_left,smooth_same_color_arc_forward_right_xm17p25_y24p5_top_left,right,forward,forward_right,0
5354,-18.45,24.5,0.5,0.0,smooth_same_color_arc_forward_right_xm17p25_y24p5_bottom_left,smooth_same_color_arc_forward_right_xm17p25_y24p5_bottom_left,smooth_same_color_arc_forward_right_xm17p25_y24p5_bottom_left,right,forward,forward_right,1
5355,-18.339,24.495,0.5,-5.294,smooth_same_color_arc_forward_right_xm17p25_y24p5_bottom_left,smooth_same_color_arc_forward_right_xm17p25_y24p5_bottom_left,smooth_same_color_arc_forward_right_xm17p25_y24p5_bottom_left,right,forward,forward_right,1
5356,-18.23,24.48,0.5,-10.588,smooth_same_color_arc_forward_right_xm17p25_y24p5_bottom_left,smooth_same_color_arc_forward_right_xm17p25_y24p5_bottom_left,smooth_same_color_arc_forward_right_xm17p25_y24p5_bottom_left,right,forward,forward_right,1
5357,-18.122,24.454,0.5,-15.882,smooth_same_color_arc_forward_right_xm17p25_y24p5_bottom_left,smooth_same_color_arc_forward_right_xm17p25_y24p5_bottom_left,smooth_same_color_arc_forward_right_xm17p25_y24p5_bottom_left,right,forward,forward_right,1
5358,-18.017,24.419,0.5,-21.176,smooth_same_color_arc_forward_right_xm17p25_y24p5_bottom_left,smooth_same_color_arc_forward_right_xm17p25_y24p5_bottom_left,smooth_same_color_arc_forward_right_xm17p25_y24p5_bottom_left,right,forward,forward_right,1
5359,-17.915,24.374,0.5,-26.471,smooth_same_color_arc_forward_right_xm17p25_y24p5_bottom_left,smooth_same_color_arc_forward_right_xm17p25_y24p5_bottom_left,smooth_same_color_arc_forward_right_xm17p25_y24p5_bottom_left,right,forward,forward_right,1
5360,-17.818,24.32,0.5,-31.765,smooth_same_color_arc_forward_right_xm17p25_y24p5_bottom_left,smooth_same_color_arc_forward_right_xm17p25_y24p5_bottom_left,smooth_same_color_arc_forward_right_xm17p25_y24p5_bottom_left,right,forward,forward_right,1
5361,-17.727,24.258,0.5,-37.059,smooth_same_color_arc_forward_right_xm17p25_y24p5_bottom_left,smooth_same_color_arc_forward_right_xm17p25_y24p5_bottom_left,smooth_same_color_arc_forward_right_xm17p25_y24p5_bottom_left,right,forward,forward_right,1
5362,-17.642,24.187,0.5,-42.353,smooth_same_color_arc_forward_right_xm17p25_y24p5_bottom_left,smooth_same_color_arc_forward_right_xm17p25_y24p5_bottom_left,smooth_same_color_arc_forward_right_xm17p25_y24p5_bottom_left,right,forward,forward_right,1
5363,-17.563,24.108,0.5,-47.647,smooth_same_color_arc_forward_right_xm17p25_y24p5_bottom_left,smooth_same_color_arc_forward_right_xm17p25_y24p5_bottom_left,smooth_same_color_arc_forward_right_xm17p25_y24p5_bottom_left,right,forward,forward_right,1
5364,-17.492,24.023,0.5,-52.941,smooth_same_color_arc_forward_right_xm17p25_y24p5_bottom_left,smooth_same_color_arc_forward_right_xm17p25_y24p5_bottom_left,smooth_same_color_arc_forward_right_xm17p25_y24p5_bottom_left,right,forward,forward_right,1
5365,-17.43,23.932,0.5,-58.235,smooth_same_color_arc_forward_right_xm17p25_y24p5_bottom_left,smooth_same_color_arc_forward_right_xm17p25_y24p5_bottom_left,smooth_same_color_arc_forward_right_xm17p25_y24p5_bottom_left,right,forward,forward_right,1
5366,-17.376,23.835,0.5,-63.529,smooth_same_color_arc_forward_right_xm17p25_y24p5_bottom_left,smooth_same_color_arc_forward_right_xm17p25_y24p5_bottom_left,smooth_same_color_arc_forward_right_xm17p25_y24p5_bottom_left,right,forward,forward_right,1
5367,-17.331,23.733,0.5,-68.824,smooth_same_color_arc_forward_right_xm17p25_y24p5_bottom_left,smooth_same_color_arc_forward_right_xm17p25_y24p5_bottom_left,smooth_same_color_arc_forward_right_xm17p25_y24p5_bottom_left,right,forward,forward_right,1
5368,-17.296,23.628,0.5,-74.118,smooth_same_color_arc_forward_right_xm17p25_y24p5_bottom_left,smooth_same_color_arc_forward_right_xm17p25_y24p5_bottom_left,smooth_same_color_arc_forward_right_xm17p25_y24p5_bottom_left,right,forward,forward_right,1
5369,-17.27,23.52,0.5,-79.412,smooth_same_color_arc_forward_right_xm17p25_y24p5_bottom_left,smooth_same_color_arc_forward_right_xm17p25_y24p5_bottom_left,smooth_same_color_arc_forward_right_xm17p25_y24p5_bottom_left,right,forward,forward_right,1
5370,-17.255,23.411,0.5,-84.706,smooth_same_color_arc_forward_right_xm17p25_y24p5_bottom_left,smooth_same_color_arc_forward_right_xm17p25_y24p5_bottom_left,smooth_same_color_arc_forward_right_xm17p25_y24p5_bottom_left,right,forward,forward_right,1
5371,-17.25,23.3,0.5,-90.0,smooth_same_color_arc_forward_right_xm17p25_y24p5_bottom_left,smooth_same_color_arc_forward_right_xm17p25_y24p5_bottom_left,smooth_same_color_arc_forward_right_xm17p25_y24p5_bottom_left,right,forward,forward_right,0
5372,21.45,46.5,0.5,-180.0,smooth_same_color_arc_forward_right_x20p25_y46p5_top_right,smooth_same_color_arc_forward_right_x20p25_y46p5_top_right,smooth_same_color_arc_forward_right_x20p25_y46p5_top_right,right,forward,forward_right,1
5373,21.339,46.505,0.5,-185.294,smooth_same_color_arc_forward_right_x20p25_y46p5_top_right,smooth_same_color_arc_forward_right_x20p25_y46p5_top_right,smooth_same_color_arc_forward_right_x20p25_y46p5_top_right,right,forward,forward_right,1
5374,21.23,46.52,0.5,-190.588,smooth_same_color_arc_forward_right_x20p25_y46p5_top_right,smooth_same_color_arc_forward_right_x20p25_y46p5_top_right,smooth_same_color_arc_forward_right_x20p25_y46p5_top_right,right,forward,forward_right,1
5375,21.122,46.546,0.5,-195.882,smooth_same_color_arc_forward_right_x20p25_y46p5_top_right,smooth_same_color_arc_forward_right_x20p25_y46p5_top_right,smooth_same_color_arc_forward_right_x20p25_y46p5_top_right,right,forward,forward_right,1
5376,21.017,46.581,0.5,-201.176,smooth_same_color_arc_forward_right_x20p25_y46p5_top_right,smooth_same_color_arc_forward_right_x20p25_y46p5_top_right,smooth_same_color_arc_forward_right_x20p25_y46p5_top_right,right,forward,forward_right,1
5377,20.915,46.626,0.5,-206.471,smooth_same_color_arc_forward_right_x20p25_y46p5_top_right,smooth_same_color_arc_forward_right_x20p25_y46p5_top_right,smooth_same_color_arc_forward_right_x20p25_y46p5_top_right,right,forward,forward_right,1
5378,20.818,46.68,0.5,-211.765,smooth_same_color_arc_forward_right_x20p25_y46p5_top_right,smooth_same_color_arc_forward_right_x20p25_y46p5_top_right,smooth_same_color_arc_forward_right_x20p25_y46p5_top_right,right,forward,forward_right,1
5379,20.727,46.742,0.5,-217.059,smooth_same_color_arc_forward_right_x20p25_y46p5_top_right,smooth_same_color_arc_forward_right_x20p25_y46p5_top_right,smooth_same_color_arc_forward_right_x20p25_y46p5_top_right,right,forward,forward_right,1
5380,20.642,46.813,0.5,-222.353,smooth_same_color_arc_forward_right_x20p25_y46p5_top_right,smooth_same_color_arc_forward_right_x20p25_y46p5_top_right,smooth_same_color_arc_forward_right_x20p25_y46p5_top_right,right,forward,forward_right,1
5381,20.563,46.892,0.5,-227.647,smooth_same_color_arc_forward_right_x20p25_y46p5_top_right,smooth_same_color_arc_forward_right_x20p25_y46p5_top_right,smooth_same_color_arc_forward_right_x20p25_y46p5_top_right,right,forward,forward_right,1
5382,20.492,46.977,0.5,-232.941,smooth_same_color_arc_forward_right_x20p25_y46p5_top_right,smooth_same_color_arc_forward_right_x20p25_y46p5_top_right,smooth_same_color_arc_forward_right_x20p25_y46p5_top_right,right,forward,forward_right,1
5383,20.43,47.068,0.5,-238.235,smooth_same_color_arc_forward_right_x20p25_y46p5_top_right,smooth_same_color_arc_forward_right_x20p25_y46p5_top_right,smooth_same_color_arc_forward_right_x20p25_y46p5_top_right,right,forward,forward_right,1
5384,20.376,47.165,0.5,-243.529,smooth_same_color_arc_forward_right_x20p25_y46p5_top_right,smooth_same_color_arc_forward_right_x20p25_y46p5_top_right,smooth_same_color_arc_forward_right_x20p25_y46p5_top_right,right,forward,forward_right,1
5385,20.331,47.267,0.5,-248.824,smooth_same_color_arc_forward_right_x20p25_y46p5_top_right,smooth_same_color_arc_forward_right_x20p25_y46p5_top_right,smooth_same_color_arc_forward_right_x20p25_y46p5_top_right,right,forward,forward_right,1
5386,20.296,47.372,0.5,-254.118,smooth_same_color_arc_forward_right_x20p25_y46p5_top_right,smooth_same_color_arc_forward_right_x20p25_y46p5_top_right,smooth_same_color_arc_forward_right_x20p25_y46p5_top_right,right,forward,forward_right,1
5387,20.27,47.48,0.5,-259.412,smooth_same_color_arc_forward_right_x20p25_y46p5_top_right,smooth_same_color_arc_forward_right_x20p25_y46p5_top_right,smooth_same_color_arc_forward_right_x20p25_y46p5_top_right,right,forward,forward_right,1
5388,20.255,47.589,0.5,-264.706,smooth_same_color_arc_forward_right_x20p25_y46p5_top_right,smooth_same_color_arc_forward_right_x20p25_y46p5_top_right,smooth_same_color_arc_forward_right_x20p25_y46p5_top_right,right,forward,forward_right,1
5389,20.25,47.7,0.5,-270.0,smooth_same_color_arc_forward_right_x20p25_y46p5_top_right,smooth_same_color_arc_forward_right_x20p25_y46p5_top_right,smooth_same_color_arc_forward_right_x20p25_y46p5_top_right,right,forward,forward_right,0
5390,21.45,46.5,0.5,180.0,smooth_same_color_arc_forward_right_x20p25_y46p5_bottom_right,smooth_same_color_arc_forward_right_x20p25_y46p5_bottom_right,smooth_same_color_arc_forward_right_x20p25_y46p5_bottom_right,right,forward,forward_right,1
5391,21.339,46.495,0.5,185.294,smooth_same_color_arc_forward_right_x20p25_y46p5_bottom_right,smooth_same_color_arc_forward_right_x20p25_y46p5_bottom_right,smooth_same_color_arc_forward_right_x20p25_y46p5_bottom_right,right,forward,forward_right,1
5392,21.23,46.48,0.5,190.588,smooth_same_color_arc_forward_right_x20p25_y46p5_bottom_right,smooth_same_color_arc_forward_right_x20p25_y46p5_bottom_right,smooth_same_color_arc_forward_right_x20p25_y46p5_bottom_right,right,forward,forward_right,1
5393,21.122,46.454,0.5,195.882,smooth_same_color_arc_forward_right_x20p25_y46p5_bottom_right,smooth_same_color_arc_forward_right_x20p25_y46p5_bottom_right,smooth_same_color_arc_forward_right_x20p25_y46p5_bottom_right,right,forward,forward_right,1
5394,21.017,46.419,0.5,201.176,smooth_same_color_arc_forward_right_x20p25_y46p5_bottom_right,smooth_same_color_arc_forward_right_x20p25_y46p5_bottom_right,smooth_same_color_arc_forward_right_x20p25_y46p5_bottom_right,right,forward,forward_right,1
5395,20.915,46.374,0.5,206.471,smooth_same_color_arc_forward_right_x20p25_y46p5_bottom_right,smooth_same_color_arc_forward_right_x20p25_y46p5_bottom_right,smooth_same_color_arc_forward_right_x20p25_y46p5_bottom_right,right,forward,forward_right,1
5396,20.818,46.32,0.5,211.765,smooth_same_color_arc_forward_right_x20p25_y46p5_bottom_right,smooth_same_color_arc_forward_right_x20p25_y46p5_bottom_right,smooth_same_color_arc_forward_right_x20p25_y46p5_bottom_right,right,forward,forward_right,1
5397,20.727,46.258,0.5,217.059,smooth_same_color_arc_forward_right_x20p25_y46p5_bottom_right,smooth_same_color_arc_forward_right_x20p25_y46p5_bottom_right,smooth_same_color_arc_forward_right_x20p25_y46p5_bottom_right,right,forward,forward_right,1
5398,20.642,46.187,0.5,222.353,smooth_same_color_arc_forward_right_x20p25_y46p5_bottom_right,smooth_same_color_arc_forward_right_x20p25_y46p5_bottom_right,smooth_same_color_arc_forward_right_x20p25_y46p5_bottom_right,right,forward,forward_right,1
5399,20.563,46.108,0.5,227.647,smooth_same_color_arc_forward_right_x20p25_y46p5_bottom_right,smooth_same_color_arc_forward_right_x20p25_y46p5_bottom_right,smooth_same_color_arc_forward_right_x20p25_y46p5_bottom_right,right,forward,forward_right,1
5400,20.492,46.023,0.5,232.941,smooth_same_color_arc_forward_right_x20p25_y46p5_bottom_right,smooth_same_color_arc_forward_right_x20p25_y46p5_bottom_right,smooth_same_color_arc_forward_right_x20p25_y46p5_bottom_right,right,forward,forward_right,1
5401,20.43,45.932,0.5,238.235,smooth_same_color_arc_forward_right_x20p25_y46p5_bottom_right,smooth_same_color_arc_forward_right_x20p25_y46p5_bottom_right,smooth_same_color_arc_forward_right_x20p25_y46p5_bottom_right,right,forward,forward_right,1
5402,20.376,45.835,0.5,243.529,smooth_same_color_arc_forward_right_x20p25_y46p5_bottom_right,smooth_same_color_arc_forward_right_x20p25_y46p5_bottom_right,smooth_same_color_arc_forward_right_x20p25_y46p5_bottom_right,right,forward,forward_right,1
5403,20.331,45.733,0.5,248.824,smooth_same_color_arc_forward_right_x20p25_y46p5_bottom_right,smooth_same_color_arc_forward_right_x20p25_y46p5_bottom_right,smooth_same_color_arc_forward_right_x20p25_y46p5_bottom_right,right,forward,forward_right,1
5404,20.296,45.628,0.5,254.118,smooth_same_color_arc_forward_right_x20p25_y46p5_bottom_right,smooth_same_color_arc_forward_right_x20p25_y46p5_bottom_right,smooth_same_color_arc_forward_right_x20p25_y46p5_bottom_right,right,forward,forward_right,1
5405,20.27,45.52,0.5,259.412,smooth_same_color_arc_forward_right_x20p25_y46p5_bottom_right,smooth_same_color_arc_forward_right_x20p25_y46p5_bottom_right,smooth_same_color_arc_forward_right_x20p25_y46p5_bottom_right,right,forward,forward_right,1
5406,20.255,45.411,0.5,264.706,smooth_same_color_arc_forward_right_x20p25_y46p5_bottom_right,smooth_same_color_arc_forward_right_x20p25_y46p5_bottom_right,smooth_same_color_arc_forward_right_x20p25_y46p5_bottom_right,right,forward,forward_right,1
5407,20.25,45.3,0.5,270.0,smooth_same_color_arc_forward_right_x20p25_y46p5_bottom_right,smooth_same_color_arc_forward_right_x20p25_y46p5_bottom_right,smooth_same_color_arc_forward_right_x20p25_y46p5_bottom_right,right,forward,forward_right,0
5408,19.05,46.5,0.5,0.0,smooth_same_color_arc_forward_right_x20p25_y46p5_top_left,smooth_same_color_arc_forward_right_x20p25_y46p5_top_left,smooth_same_color_arc_forward_right_x20p25_y46p5_top_left,right,forward,forward_right,1
5409,19.161,46.505,0.5,5.294,smooth_same_color_arc_forward_right_x20p25_y46p5_top_left,smooth_same_color_arc_forward_right_x20p25_y46p5_top_left,smooth_same_color_arc_forward_right_x20p25_y46p5_top_left,right,forward,forward_right,1
5410,19.27,46.52,0.5,10.588,smooth_same_color_arc_forward_right_x20p25_y46p5_top_left,smooth_same_color_arc_forward_right_x20p25_y46p5_top_left,smooth_same_color_arc_forward_right_x20p25_y46p5_top_left,right,forward,forward_right,1
5411,19.378,46.546,0.5,15.882,smooth_same_color_arc_forward_right_x20p25_y46p5_top_left,smooth_same_color_arc_forward_right_x20p25_y46p5_top_left,smooth_same_color_arc_forward_right_x20p25_y46p5_top_left,right,forward,forward_right,1
5412,19.483,46.581,0.5,21.176,smooth_same_color_arc_forward_right_x20p25_y46p5_top_left,smooth_same_color_arc_forward_right_x20p25_y46p5_top_left,smooth_same_color_arc_forward_right_x20p25_y46p5_top_left,right,forward,forward_right,1
5413,19.585,46.626,0.5,26.471,smooth_same_color_arc_forward_right_x20p25_y46p5_top_left,smooth_same_color_arc_forward_right_x20p25_y46p5_top_left,smooth_same_color_arc_forward_right_x20p25_y46p5_top_left,right,forward,forward_right,1
5414,19.682,46.68,0.5,31.765,smooth_same_color_arc_forward_right_x20p25_y46p5_top_left,smooth_same_color_arc_forward_right_x20p25_y46p5_top_left,smooth_same_color_arc_forward_right_x20p25_y46p5_top_left,right,forward,forward_right,1
5415,19.773,46.742,0.5,37.059,smooth_same_color_arc_forward_right_x20p25_y46p5_top_left,smooth_same_color_arc_forward_right_x20p25_y46p5_top_left,smooth_same_color_arc_forward_right_x20p25_y46p5_top_left,right,forward,forward_right,1
5416,19.858,46.813,0.5,42.353,smooth_same_color_arc_forward_right_x20p25_y46p5_top_left,smooth_same_color_arc_forward_right_x20p25_y46p5_top_left,smooth_same_color_arc_forward_right_x20p25_y46p5_top_left,right,forward,forward_right,1
5417,19.937,46.892,0.5,47.647,smooth_same_color_arc_forward_right_x20p25_y46p5_top_left,smooth_same_color_arc_forward_right_x20p25_y46p5_top_left,smooth_same_color_arc_forward_right_x20p25_y46p5_top_left,right,forward,forward_right,1
5418,20.008,46.977,0.5,52.941,smooth_same_color_arc_forward_right_x20p25_y46p5_top_left,smooth_same_color_arc_forward_right_x20p25_y46p5_top_left,smooth_same_color_arc_forward_right_x20p25_y46p5_top_left,right,forward,forward_right,1
5419,20.07,47.068,0.5,58.235,smooth_same_color_arc_forward_right_x20p25_y46p5_top_left,smooth_same_color_arc_forward_right_x20p25_y46p5_top_left,smooth_same_color_arc_forward_right_x20p25_y46p5_top_left,right,forward,forward_right,1
5420,20.124,47.165,0.5,63.529,smooth_same_color_arc_forward_right_x20p25_y46p5_top_left,smooth_same_color_arc_forward_right_x20p25_y46p5_top_left,smooth_same_color_arc_forward_right_x20p25_y46p5_top_left,right,forward,forward_right,1
5421,20.169,47.267,0.5,68.824,smooth_same_color_arc_forward_right_x20p25_y46p5_top_left,smooth_same_color_arc_forward_right_x20p25_y46p5_top_left,smooth_same_color_arc_forward_right_x20p25_y46p5_top_left,right,forward,forward_right,1
5422,20.204,47.372,0.5,74.118,smooth_same_color_arc_forward_right_x20p25_y46p5_top_left,smooth_same_color_arc_forward_right_x20p25_y46p5_top_left,smooth_same_color_arc_forward_right_x20p25_y46p5_top_left,right,forward,forward_right,1
5423,20.23,47.48,0.5,79.412,smooth_same_color_arc_forward_right_x20p25_y46p5_top_left,smooth_same_color_arc_forward_right_x20p25_y46p5_top_left,smooth_same_color_arc_forward_right_x20p25_y46p5_top_left,right,forward,forward_right,1
5424,20.245,47.589,0.5,84.706,smooth_same_color_arc_forward_right_x20p25_y46p5_top_left,smooth_same_color_arc_forward_right_x20p25_y46p5_top_left,smooth_same_color_arc_forward_right_x20p25_y46p5_top_left,right,forward,forward_right,1
5425,20.25,47.7,0.5,90.0,smooth_same_color_arc_forward_right_x20p25_y46p5_top_left,smooth_same_color_arc_forward_right_x20p25_y46p5_top_left,smooth_same_color_arc_forward_right_x20p25_y46p5_top_left,right,forward,forward_right,0
5426,19.05,46.5,0.5,0.0,smooth_same_color_arc_forward_right_x20p25_y46p5_bottom_left,smooth_same_color_arc_forward_right_x20p25_y46p5_bottom_left,smooth_same_color_arc_forward_right_x20p25_y46p5_bottom_left,right,forward,forward_right,1
5427,19.161,46.495,0.5,-5.294,smooth_same_color_arc_forward_right_x20p25_y46p5_bottom_left,smooth_same_color_arc_forward_right_x20p25_y46p5_bottom_left,smooth_same_color_arc_forward_right_x20p25_y46p5_bottom_left,right,forward,forward_right,1
5428,19.27,46.48,0.5,-10.588,smooth_same_color_arc_forward_right_x20p25_y46p5_bottom_left,smooth_same_color_arc_forward_right_x20p25_y46p5_bottom_left,smooth_same_color_arc_forward_right_x20p25_y46p5_bottom_left,right,forward,forward_right,1
5429,19.378,46.454,0.5,-15.882,smooth_same_color_arc_forward_right_x20p25_y46p5_bottom_left,smooth_same_color_arc_forward_right_x20p25_y46p5_bottom_left,smooth_same_color_arc_forward_right_x20p25_y46p5_bottom_left,right,forward,forward_right,1
5430,19.483,46.419,0.5,-21.176,smooth_same_color_arc_forward_right_x20p25_y46p5_bottom_left,smooth_same_color_arc_forward_right_x20p25_y46p5_bottom_left,smooth_same_color_arc_forward_right_x20p25_y46p5_bottom_left,right,forward,forward_right,1
5431,19.585,46.374,0.5,-26.471,smooth_same_color_arc_forward_right_x20p25_y46p5_bottom_left,smooth_same_color_arc_forward_right_x20p25_y46p5_bottom_left,smooth_same_color_arc_forward_right_x20p25_y46p5_bottom_left,right,forward,forward_right,1
5432,19.682,46.32,0.5,-31.765,smooth_same_color_arc_forward_right_x20p25_y46p5_bottom_left,smooth_same_color_arc_forward_right_x20p25_y46p5_bottom_left,smooth_same_color_arc_forward_right_x20p25_y46p5_bottom_left,right,forward,forward_right,1
5433,19.773,46.258,0.5,-37.059,smooth_same_color_arc_forward_right_x20p25_y46p5_bottom_left,smooth_same_color_arc_forward_right_x20p25_y46p5_bottom_left,smooth_same_color_arc_forward_right_x20p25_y46p5_bottom_left,right,forward,forward_right,1
5434,19.858,46.187,0.5,-42.353,smooth_same_color_arc_forward_right_x20p25_y46p5_bottom_left,smooth_same_color_arc_forward_right_x20p25_y46p5_bottom_left,smooth_same_color_arc_forward_right_x20p25_y46p5_bottom_left,right,forward,forward_right,1
5435,19.937,46.108,0.5,-47.647,smooth_same_color_arc_forward_right_x20p25_y46p5_bottom_left,smooth_same_color_arc_forward_right_x20p25_y46p5_bottom_left,smooth_same_color_arc_forward_right_x20p25_y46p5_bottom_left,right,forward,forward_right,1
5436,20.008,46.023,0.5,-52.941,smooth_same_color_arc_forward_right_x20p25_y46p5_bottom_left,smooth_same_color_arc_forward_right_x20p25_y46p5_bottom_left,smooth_same_color_arc_forward_right_x20p25_y46p5_bottom_left,right,forward,forward_right,1
5437,20.07,45.932,0.5,-58.235,smooth_same_color_arc_forward_right_x20p25_y46p5_bottom_left,smooth_same_color_arc_forward_right_x20p25_y46p5_bottom_left,smooth_same_color_arc_forward_right_x20p25_y46p5_bottom_left,right,forward,forward_right,1
5438,20.124,45.835,0.5,-63.529,smooth_same_color_arc_forward_right_x20p25_y46p5_bottom_left,smooth_same_color_arc_forward_right_x20p25_y46p5_bottom_left,smooth_same_color_arc_forward_right_x20p25_y46p5_bottom_left,right,forward,forward_right,1
5439,20.169,45.733,0.5,-68.824,smooth_same_color_arc_forward_right_x20p25_y46p5_bottom_left,smooth_same_color_arc_forward_right_x20p25_y46p5_bottom_left,smooth_same_color_arc_forward_right_x20p25_y46p5_bottom_left,right,forward,forward_right,1
5440,20.204,45.628,0.5,-74.118,smooth_same_color_arc_forward_right_x20p25_y46p5_bottom_left,smooth_same_color_arc_forward_right_x20p25_y46p5_bottom_left,smooth_same_color_arc_forward_right_x20p25_y46p5_bottom_left,right,forward,forward_right,1
5441,20.23,45.52,0.5,-79.412,smooth_same_color_arc_forward_right_x20p25_y46p5_bottom_left,smooth_same_color_arc_forward_right_x20p25_y46p5_bottom_left,smooth_same_color_arc_forward_right_x20p25_y46p5_bottom_left,right,forward,forward_right,1
5442,20.245,45.411,0.5,-84.706,smooth_same_color_arc_forward_right_x20p25_y46p5_bottom_left,smooth_same_color_arc_forward_right_x20p25_y46p5_bottom_left,smooth_same_color_arc_forward_right_x20p25_y46p5_bottom_left,right,forward,forward_right,1
5443,20.25,45.3,0.5,-90.0,smooth_same_color_arc_forward_right_x20p25_y46p5_bottom_left,smooth_same_color_arc_forward_right_x20p25_y46p5_bottom_left,smooth_same_color_arc_forward_right_x20p25_y46p5_bottom_left,right,forward,forward_right,0
5444,-16.05,46.5,0.5,-180.0,smooth_same_color_arc_forward_right_xm17p25_y46p5_top_right,smooth_same_color_arc_forward_right_xm17p25_y46p5_top_right,smooth_same_color_arc_forward_right_xm17p25_y46p5_top_right,right,forward,forward_right,1
5445,-16.161,46.505,0.5,-185.294,smooth_same_color_arc_forward_right_xm17p25_y46p5_top_right,smooth_same_color_arc_forward_right_xm17p25_y46p5_top_right,smooth_same_color_arc_forward_right_xm17p25_y46p5_top_right,right,forward,forward_right,1
5446,-16.27,46.52,0.5,-190.588,smooth_same_color_arc_forward_right_xm17p25_y46p5_top_right,smooth_same_color_arc_forward_right_xm17p25_y46p5_top_right,smooth_same_color_arc_forward_right_xm17p25_y46p5_top_right,right,forward,forward_right,1
5447,-16.378,46.546,0.5,-195.882,smooth_same_color_arc_forward_right_xm17p25_y46p5_top_right,smooth_same_color_arc_forward_right_xm17p25_y46p5_top_right,smooth_same_color_arc_forward_right_xm17p25_y46p5_top_right,right,forward,forward_right,1
5448,-16.483,46.581,0.5,-201.176,smooth_same_color_arc_forward_right_xm17p25_y46p5_top_right,smooth_same_color_arc_forward_right_xm17p25_y46p5_top_right,smooth_same_color_arc_forward_right_xm17p25_y46p5_top_right,right,forward,forward_right,1
5449,-16.585,46.626,0.5,-206.471,smooth_same_color_arc_forward_right_xm17p25_y46p5_top_right,smooth_same_color_arc_forward_right_xm17p25_y46p5_top_right,smooth_same_color_arc_forward_right_xm17p25_y46p5_top_right,right,forward,forward_right,1
5450,-16.682,46.68,0.5,-211.765,smooth_same_color_arc_forward_right_xm17p25_y46p5_top_right,smooth_same_color_arc_forward_right_xm17p25_y46p5_top_right,smooth_same_color_arc_forward_right_xm17p25_y46p5_top_right,right,forward,forward_right,1
5451,-16.773,46.742,0.5,-217.059,smooth_same_color_arc_forward_right_xm17p25_y46p5_top_right,smooth_same_color_arc_forward_right_xm17p25_y46p5_top_right,smooth_same_color_arc_forward_right_xm17p25_y46p5_top_right,right,forward,forward_right,1
5452,-16.858,46.813,0.5,-222.353,smooth_same_color_arc_forward_right_xm17p25_y46p5_top_right,smooth_same_color_arc_forward_right_xm17p25_y46p5_top_right,smooth_same_color_arc_forward_right_xm17p25_y46p5_top_right,right,forward,forward_right,1
5453,-16.937,46.892,0.5,-227.647,smooth_same_color_arc_forward_right_xm17p25_y46p5_top_right,smooth_same_color_arc_forward_right_xm17p25_y46p5_top_right,smooth_same_color_arc_forward_right_xm17p25_y46p5_top_right,right,forward,forward_right,1
5454,-17.008,46.977,0.5,-232.941,smooth_same_color_arc_forward_right_xm17p25_y46p5_top_right,smooth_same_color_arc_forward_right_xm17p25_y46p5_top_right,smooth_same_color_arc_forward_right_xm17p25_y46p5_top_right,right,forward,forward_right,1
5455,-17.07,47.068,0.5,-238.235,smooth_same_color_arc_forward_right_xm17p25_y46p5_top_right,smooth_same_color_arc_forward_right_xm17p25_y46p5_top_right,smooth_same_color_arc_forward_right_xm17p25_y46p5_top_right,right,forward,forward_right,1
5456,-17.124,47.165,0.5,-243.529,smooth_same_color_arc_forward_right_xm17p25_y46p5_top_right,smooth_same_color_arc_forward_right_xm17p25_y46p5_top_right,smooth_same_color_arc_forward_right_xm17p25_y46p5_top_right,right,forward,forward_right,1
5457,-17.169,47.267,0.5,-248.824,smooth_same_color_arc_forward_right_xm17p25_y46p5_top_right,smooth_same_color_arc_forward_right_xm17p25_y46p5_top_right,smooth_same_color_arc_forward_right_xm17p25_y46p5_top_right,right,forward,forward_right,1
5458,-17.204,47.372,0.5,-254.118,smooth_same_color_arc_forward_right_xm17p25_y46p5_top_right,smooth_same_color_arc_forward_right_xm17p25_y46p5_top_right,smooth_same_color_arc_forward_right_xm17p25_y46p5_top_right,right,forward,forward_right,1
5459,-17.23,47.48,0.5,-259.412,smooth_same_color_arc_forward_right_xm17p25_y46p5_top_right,smooth_same_color_arc_forward_right_xm17p25_y46p5_top_right,smooth_same_color_arc_forward_right_xm17p25_y46p5_top_right,right,forward,forward_right,1
5460,-17.245,47.589,0.5,-264.706,smooth_same_color_arc_forward_right_xm17p25_y46p5_top_right,smooth_same_color_arc_forward_right_xm17p25_y46p5_top_right,smooth_same_color_arc_forward_right_xm17p25_y46p5_top_right,right,forward,forward_right,1
5461,-17.25,47.7,0.5,-270.0,smooth_same_color_arc_forward_right_xm17p25_y46p5_top_right,smooth_same_color_arc_forward_right_xm17p25_y46p5_top_right,smooth_same_color_arc_forward_right_xm17p25_y46p5_top_right,right,forward,forward_right,0
5462,-16.05,46.5,0.5,180.0,smooth_same_color_arc_forward_right_xm17p25_y46p5_bottom_right,smooth_same_color_arc_forward_right_xm17p25_y46p5_bottom_right,smooth_same_color_arc_forward_right_xm17p25_y46p5_bottom_right,right,forward,forward_right,1
5463,-16.161,46.495,0.5,185.294,smooth_same_color_arc_forward_right_xm17p25_y46p5_bottom_right,smooth_same_color_arc_forward_right_xm17p25_y46p5_bottom_right,smooth_same_color_arc_forward_right_xm17p25_y46p5_bottom_right,right,forward,forward_right,1
5464,-16.27,46.48,0.5,190.588,smooth_same_color_arc_forward_right_xm17p25_y46p5_bottom_right,smooth_same_color_arc_forward_right_xm17p25_y46p5_bottom_right,smooth_same_color_arc_forward_right_xm17p25_y46p5_bottom_right,right,forward,forward_right,1
5465,-16.378,46.454,0.5,195.882,smooth_same_color_arc_forward_right_xm17p25_y46p5_bottom_right,smooth_same_color_arc_forward_right_xm17p25_y46p5_bottom_right,smooth_same_color_arc_forward_right_xm17p25_y46p5_bottom_right,right,forward,forward_right,1
5466,-16.483,46.419,0.5,201.176,smooth_same_color_arc_forward_right_xm17p25_y46p5_bottom_right,smooth_same_color_arc_forward_right_xm17p25_y46p5_bottom_right,smooth_same_color_arc_forward_right_xm17p25_y46p5_bottom_right,right,forward,forward_right,1
5467,-16.585,46.374,0.5,206.471,smooth_same_color_arc_forward_right_xm17p25_y46p5_bottom_right,smooth_same_color_arc_forward_right_xm17p25_y46p5_bottom_right,smooth_same_color_arc_forward_right_xm17p25_y46p5_bottom_right,right,forward,forward_right,1
5468,-16.682,46.32,0.5,211.765,smooth_same_color_arc_forward_right_xm17p25_y46p5_bottom_right,smooth_same_color_arc_forward_right_xm17p25_y46p5_bottom_right,smooth_same_color_arc_forward_right_xm17p25_y46p5_bottom_right,right,forward,forward_right,1
5469,-16.773,46.258,0.5,217.059,smooth_same_color_arc_forward_right_xm17p25_y46p5_bottom_right,smooth_same_color_arc_forward_right_xm17p25_y46p5_bottom_right,smooth_same_color_arc_forward_right_xm17p25_y46p5_bottom_right,right,forward,forward_right,1
5470,-16.858,46.187,0.5,222.353,smooth_same_color_arc_forward_right_xm17p25_y46p5_bottom_right,smooth_same_color_arc_forward_right_xm17p25_y46p5_bottom_right,smooth_same_color_arc_forward_right_xm17p25_y46p5_bottom_right,right,forward,forward_right,1
5471,-16.937,46.108,0.5,227.647,smooth_same_color_arc_forward_right_xm17p25_y46p5_bottom_right,smooth_same_color_arc_forward_right_xm17p25_y46p5_bottom_right,smooth_same_color_arc_forward_right_xm17p25_y46p5_bottom_right,right,forward,forward_right,1
5472,-17.008,46.023,0.5,232.941,smooth_same_color_arc_forward_right_xm17p25_y46p5_bottom_right,smooth_same_color_arc_forward_right_xm17p25_y46p5_bottom_right,smooth_same_color_arc_forward_right_xm17p25_y46p5_bottom_right,right,forward,forward_right,1
5473,-17.07,45.932,0.5,238.235,smooth_same_color_arc_forward_right_xm17p25_y46p5_bottom_right,smooth_same_color_arc_forward_right_xm17p25_y46p5_bottom_right,smooth_same_color_arc_forward_right_xm17p25_y46p5_bottom_right,right,forward,forward_right,1
5474,-17.124,45.835,0.5,243.529,smooth_same_color_arc_forward_right_xm17p25_y46p5_bottom_right,smooth_same_color_arc_forward_right_xm17p25_y46p5_bottom_right,smooth_same_color_arc_forward_right_xm17p25_y46p5_bottom_right,right,forward,forward_right,1
5475,-17.169,45.733,0.5,248.824,smooth_same_color_arc_forward_right_xm17p25_y46p5_bottom_right,smooth_same_color_arc_forward_right_xm17p25_y46p5_bottom_right,smooth_same_color_arc_forward_right_xm17p25_y46p5_bottom_right,right,forward,forward_right,1
5476,-17.204,45.628,0.5,254.118,smooth_same_color_arc_forward_right_xm17p25_y46p5_bottom_right,smooth_same_color_arc_forward_right_xm17p25_y46p5_bottom_right,smooth_same_color_arc_forward_right_xm17p25_y46p5_bottom_right,right,forward,forward_right,1
5477,-17.23,45.52,0.5,259.412,smooth_same_color_arc_forward_right_xm17p25_y46p5_bottom_right,smooth_same_color_arc_forward_right_xm17p25_y46p5_bottom_right,smooth_same_color_arc_forward_right_xm17p25_y46p5_bottom_right,right,forward,forward_right,1
5478,-17.245,45.411,0.5,264.706,smooth_same_color_arc_forward_right_xm17p25_y46p5_bottom_right,smooth_same_color_arc_forward_right_xm17p25_y46p5_bottom_right,smooth_same_color_arc_forward_right_xm17p25_y46p5_bottom_right,right,forward,forward_right,1
5479,-17.25,45.3,0.5,270.0,smooth_same_color_arc_forward_right_xm17p25_y46p5_bottom_right,smooth_same_color_arc_forward_right_xm17p25_y46p5_bottom_right,smooth_same_color_arc_forward_right_xm17p25_y46p5_bottom_right,right,forward,forward_right,0
5480,-18.45,46.5,0.5,0.0,smooth_same_color_arc_forward_right_xm17p25_y46p5_top_left,smooth_same_color_arc_forward_right_xm17p25_y46p5_top_left,smooth_same_color_arc_forward_right_xm17p25_y46p5_top_left,right,forward,forward_right,1
5481,-18.339,46.505,0.5,5.294,smooth_same_color_arc_forward_right_xm17p25_y46p5_top_left,smooth_same_color_arc_forward_right_xm17p25_y46p5_top_left,smooth_same_color_arc_forward_right_xm17p25_y46p5_top_left,right,forward,forward_right,1
5482,-18.23,46.52,0.5,10.588,smooth_same_color_arc_forward_right_xm17p25_y46p5_top_left,smooth_same_color_arc_forward_right_xm17p25_y46p5_top_left,smooth_same_color_arc_forward_right_xm17p25_y46p5_top_left,right,forward,forward_right,1
5483,-18.122,46.546,0.5,15.882,smooth_same_color_arc_forward_right_xm17p25_y46p5_top_left,smooth_same_color_arc_forward_right_xm17p25_y46p5_top_left,smooth_same_color_arc_forward_right_xm17p25_y46p5_top_left,right,forward,forward_right,1
5484,-18.017,46.581,0.5,21.176,smooth_same_color_arc_forward_right_xm17p25_y46p5_top_left,smooth_same_color_arc_forward_right_xm17p25_y46p5_top_left,smooth_same_color_arc_forward_right_xm17p25_y46p5_top_left,right,forward,forward_right,1
5485,-17.915,46.626,0.5,26.471,smooth_same_color_arc_forward_right_xm17p25_y46p5_top_left,smooth_same_color_arc_forward_right_xm17p25_y46p5_top_left,smooth_same_color_arc_forward_right_xm17p25_y46p5_top_left,right,forward,forward_right,1
5486,-17.818,46.68,0.5,31.765,smooth_same_color_arc_forward_right_xm17p25_y46p5_top_left,smooth_same_color_arc_forward_right_xm17p25_y46p5_top_left,smooth_same_color_arc_forward_right_xm17p25_y46p5_top_left,right,forward,forward_right,1
5487,-17.727,46.742,0.5,37.059,smooth_same_color_arc_forward_right_xm17p25_y46p5_top_left,smooth_same_color_arc_forward_right_xm17p25_y46p5_top_left,smooth_same_color_arc_forward_right_xm17p25_y46p5_top_left,right,forward,forward_right,1
5488,-17.642,46.813,0.5,42.353,smooth_same_color_arc_forward_right_xm17p25_y46p5_top_left,smooth_same_color_arc_forward_right_xm17p25_y46p5_top_left,smooth_same_color_arc_forward_right_xm17p25_y46p5_top_left,right,forward,forward_right,1
5489,-17.563,46.892,0.5,47.647,smooth_same_color_arc_forward_right_xm17p25_y46p5_top_left,smooth_same_color_arc_forward_right_xm17p25_y46p5_top_left,smooth_same_color_arc_forward_right_xm17p25_y46p5_top_left,right,forward,forward_right,1
5490,-17.492,46.977,0.5,52.941,smooth_same_color_arc_forward_right_xm17p25_y46p5_top_left,smooth_same_color_arc_forward_right_xm17p25_y46p5_top_left,smooth_same_color_arc_forward_right_xm17p25_y46p5_top_left,right,forward,forward_right,1
5491,-17.43,47.068,0.5,58.235,smooth_same_color_arc_forward_right_xm17p25_y46p5_top_left,smooth_same_color_arc_forward_right_xm17p25_y46p5_top_left,smooth_same_color_arc_forward_right_xm17p25_y46p5_top_left,right,forward,forward_right,1
5492,-17.376,47.165,0.5,63.529,smooth_same_color_arc_forward_right_xm17p25_y46p5_top_left,smooth_same_color_arc_forward_right_xm17p25_y46p5_top_left,smooth_same_color_arc_forward_right_xm17p25_y46p5_top_left,right,forward,forward_right,1
5493,-17.331,47.267,0.5,68.824,smooth_same_color_arc_forward_right_xm17p25_y46p5_top_left,smooth_same_color_arc_forward_right_xm17p25_y46p5_top_left,smooth_same_color_arc_forward_right_xm17p25_y46p5_top_left,right,forward,forward_right,1
5494,-17.296,47.372,0.5,74.118,smooth_same_color_arc_forward_right_xm17p25_y46p5_top_left,smooth_same_color_arc_forward_right_xm17p25_y46p5_top_left,smooth_same_color_arc_forward_right_xm17p25_y46p5_top_left,right,forward,forward_right,1
5495,-17.27,47.48,0.5,79.412,smooth_same_color_arc_forward_right_xm17p25_y46p5_top_left,smooth_same_color_arc_forward_right_xm17p25_y46p5_top_left,smooth_same_color_arc_forward_right_xm17p25_y46p5_top_left,right,forward,forward_right,1
5496,-17.255,47.589,0.5,84.706,smooth_same_color_arc_forward_right_xm17p25_y46p5_top_left,smooth_same_color_arc_forward_right_xm17p25_y46p5_top_left,smooth_same_color_arc_forward_right_xm17p25_y46p5_top_left,right,forward,forward_right,1
5497,-17.25,47.7,0.5,90.0,smooth_same_color_arc_forward_right_xm17p25_y46p5_top_left,smooth_same_color_arc_forward_right_xm17p25_y46p5_top_left,smooth_same_color_arc_forward_right_xm17p25_y46p5_top_left,right,forward,forward_right,0
5498,-18.45,46.5,0.5,0.0,smooth_same_color_arc_forward_right_xm17p25_y46p5_bottom_left,smooth_same_color_arc_forward_right_xm17p25_y46p5_bottom_left,smooth_same_color_arc_forward_right_xm17p25_y46p5_bottom_left,right,forward,forward_right,1
5499,-18.339,46.495,0.5,-5.294,smooth_same_color_arc_forward_right_xm17p25_y46p5_bottom_left,smooth_same_color_arc_forward_right_xm17p25_y46p5_bottom_left,smooth_same_color_arc_forward_right_xm17p25_y46p5_bottom_left,right,forward,forward_right,1
5500,-18.23,46.48,0.5,-10.588,smooth_same_color_arc_forward_right_xm17p25_y46p5_bottom_left,smooth_same_color_arc_forward_right_xm17p25_y46p5_bottom_left,smooth_same_color_arc_forward_right_xm17p25_y46p5_bottom_left,right,forward,forward_right,1
5501,-18.122,46.454,0.5,-15.882,smooth_same_color_arc_forward_right_xm17p25_y46p5_bottom_left,smooth_same_color_arc_forward_right_xm17p25_y46p5_bottom_left,smooth_same_color_arc_forward_right_xm17p25_y46p5_bottom_left,right,forward,forward_right,1
5502,-18.017,46.419,0.5,-21.176,smooth_same_color_arc_forward_right_xm17p25_y46p5_bottom_left,smooth_same_color_arc_forward_right_xm17p25_y46p5_bottom_left,smooth_same_color_arc_forward_right_xm17p25_y46p5_bottom_left,right,forward,forward_right,1
5503,-17.915,46.374,0.5,-26.471,smooth_same_color_arc_forward_right_xm17p25_y46p5_bottom_left,smooth_same_color_arc_forward_right_xm17p25_y46p5_bottom_left,smooth_same_color_arc_forward_right_xm17p25_y46p5_bottom_left,right,forward,forward_right,1
5504,-17.818,46.32,0.5,-31.765,smooth_same_color_arc_forward_right_xm17p25_y46p5_bottom_left,smooth_same_color_arc_forward_right_xm17p25_y46p5_bottom_left,smooth_same_color_arc_forward_right_xm17p25_y46p5_bottom_left,right,forward,forward_right,1
5505,-17.727,46.258,0.5,-37.059,smooth_same_color_arc_forward_right_xm17p25_y46p5_bottom_left,smooth_same_color_arc_forward_right_xm17p25_y46p5_bottom_left,smooth_same_color_arc_forward_right_xm17p25_y46p5_bottom_left,right,forward,forward_right,1
5506,-17.642,46.187,0.5,-42.353,smooth_same_color_arc_forward_right_xm17p25_y46p5_bottom_left,smooth_same_color_arc_forward_right_xm17p25_y46p5_bottom_left,smooth_same_color_arc_forward_right_xm17p25_y46p5_bottom_left,right,forward,forward_right,1
5507,-17.563,46.108,0.5,-47.647,smooth_same_color_arc_forward_right_xm17p25_y46p5_bottom_left,smooth_same_color_arc_forward_right_xm17p25_y46p5_bottom_left,smooth_same_color_arc_forward_right_xm17p25_y46p5_bottom_left,right,forward,forward_right,1
5508,-17.492,46.023,0.5,-52.941,smooth_same_color_arc_forward_right_xm17p25_y46p5_bottom_left,smooth_same_color_arc_forward_right_xm17p25_y46p5_bottom_left,smooth_same_color_arc_forward_right_xm17p25_y46p5_bottom_left,right,forward,forward_right,1
5509,-17.43,45.932,0.5,-58.235,smooth_same_color_arc_forward_right_xm17p25_y46p5_bottom_left,smooth_same_color_arc_forward_right_xm17p25_y46p5_bottom_left,smooth_same_color_arc_forward_right_xm17p25_y46p5_bottom_left,right,forward,forward_right,1
5510,-17.376,45.835,0.5,-63.529,smooth_same_color_arc_forward_right_xm17p25_y46p5_bottom_left,smooth_same_color_arc_forward_right_xm17p25_y46p5_bottom_left,smooth_same_color_arc_forward_right_xm17p25_y46p5_bottom_left,right,forward,forward_right,1
5511,-17.331,45.733,0.5,-68.824,smooth_same_color_arc_forward_right_xm17p25_y46p5_bottom_left,smooth_same_color_arc_forward_right_xm17p25_y46p5_bottom_left,smooth_same_color_arc_forward_right_xm17p25_y46p5_bottom_left,right,forward,forward_right,1
5512,-17.296,45.628,0.5,-74.118,smooth_same_color_arc_forward_right_xm17p25_y46p5_bottom_left,smooth_same_color_arc_forward_right_xm17p25_y46p5_bottom_left,smooth_same_color_arc_forward_right_xm17p25_y46p5_bottom_left,right,forward,forward_right,1
5513,-17.27,45.52,0.5,-79.412,smooth_same_color_arc_forward_right_xm17p25_y46p5_bottom_left,smooth_same_color_arc_forward_right_xm17p25_y46p5_bottom_left,smooth_same_color_arc_forward_right_xm17p25_y46p5_bottom_left,right,forward,forward_right,1
5514,-17.255,45.411,0.5,-84.706,smooth_same_color_arc_forward_right_xm17p25_y46p5_bottom_left,smooth_same_color_arc_forward_right_xm17p25_y46p5_bottom_left,smooth_same_color_arc_forward_right_xm17p25_y46p5_bottom_left,right,forward,forward_right,1
5515,-17.25,45.3,0.5,-90.0,smooth_same_color_arc_forward_right_xm17p25_y46p5_bottom_left,smooth_same_color_arc_forward_right_xm17p25_y46p5_bottom_left,smooth_same_color_arc_forward_right_xm17p25_y46p5_bottom_left,right,forward,forward_right,0
5516,21.45,-32.5,0.5,-180.0,smooth_same_color_arc_forward_right_x20p25_ym32p5_top_right,smooth_same_color_arc_forward_right_x20p25_ym32p5_top_right,smooth_same_color_arc_forward_right_x20p25_ym32p5_top_right,right,forward,forward_right,1
5517,21.339,-32.495,0.5,-185.294,smooth_same_color_arc_forward_right_x20p25_ym32p5_top_right,smooth_same_color_arc_forward_right_x20p25_ym32p5_top_right,smooth_same_color_arc_forward_right_x20p25_ym32p5_top_right,right,forward,forward_right,1
5518,21.23,-32.48,0.5,-190.588,smooth_same_color_arc_forward_right_x20p25_ym32p5_top_right,smooth_same_color_arc_forward_right_x20p25_ym32p5_top_right,smooth_same_color_arc_forward_right_x20p25_ym32p5_top_right,right,forward,forward_right,1
5519,21.122,-32.454,0.5,-195.882,smooth_same_color_arc_forward_right_x20p25_ym32p5_top_right,smooth_same_color_arc_forward_right_x20p25_ym32p5_top_right,smooth_same_color_arc_forward_right_x20p25_ym32p5_top_right,right,forward,forward_right,1
5520,21.017,-32.419,0.5,-201.176,smooth_same_color_arc_forward_right_x20p25_ym32p5_top_right,smooth_same_color_arc_forward_right_x20p25_ym32p5_top_right,smooth_same_color_arc_forward_right_x20p25_ym32p5_top_right,right,forward,forward_right,1
5521,20.915,-32.374,0.5,-206.471,smooth_same_color_arc_forward_right_x20p25_ym32p5_top_right,smooth_same_color_arc_forward_right_x20p25_ym32p5_top_right,smooth_same_color_arc_forward_right_x20p25_ym32p5_top_right,right,forward,forward_right,1
5522,20.818,-32.32,0.5,-211.765,smooth_same_color_arc_forward_right_x20p25_ym32p5_top_right,smooth_same_color_arc_forward_right_x20p25_ym32p5_top_right,smooth_same_color_arc_forward_right_x20p25_ym32p5_top_right,right,forward,forward_right,1
5523,20.727,-32.258,0.5,-217.059,smooth_same_color_arc_forward_right_x20p25_ym32p5_top_right,smooth_same_color_arc_forward_right_x20p25_ym32p5_top_right,smooth_same_color_arc_forward_right_x20p25_ym32p5_top_right,right,forward,forward_right,1
5524,20.642,-32.187,0.5,-222.353,smooth_same_color_arc_forward_right_x20p25_ym32p5_top_right,smooth_same_color_arc_forward_right_x20p25_ym32p5_top_right,smooth_same_color_arc_forward_right_x20p25_ym32p5_top_right,right,forward,forward_right,1
5525,20.563,-32.108,0.5,-227.647,smooth_same_color_arc_forward_right_x20p25_ym32p5_top_right,smooth_same_color_arc_forward_right_x20p25_ym32p5_top_right,smooth_same_color_arc_forward_right_x20p25_ym32p5_top_right,right,forward,forward_right,1
5526,20.492,-32.023,0.5,-232.941,smooth_same_color_arc_forward_right_x20p25_ym32p5_top_right,smooth_same_color_arc_forward_right_x20p25_ym32p5_top_right,smooth_same_color_arc_forward_right_x20p25_ym32p5_top_right,right,forward,forward_right,1
5527,20.43,-31.932,0.5,-238.235,smooth_same_color_arc_forward_right_x20p25_ym32p5_top_right,smooth_same_color_arc_forward_right_x20p25_ym32p5_top_right,smooth_same_color_arc_forward_right_x20p25_ym32p5_top_right,right,forward,forward_right,1
5528,20.376,-31.835,0.5,-243.529,smooth_same_color_arc_forward_right_x20p25_ym32p5_top_right,smooth_same_color_arc_forward_right_x20p25_ym32p5_top_right,smooth_same_color_arc_forward_right_x20p25_ym32p5_top_right,right,forward,forward_right,1
5529,20.331,-31.733,0.5,-248.824,smooth_same_color_arc_forward_right_x20p25_ym32p5_top_right,smooth_same_color_arc_forward_right_x20p25_ym32p5_top_right,smooth_same_color_arc_forward_right_x20p25_ym32p5_top_right,right,forward,forward_right,1
5530,20.296,-31.628,0.5,-254.118,smooth_same_color_arc_forward_right_x20p25_ym32p5_top_right,smooth_same_color_arc_forward_right_x20p25_ym32p5_top_right,smooth_same_color_arc_forward_right_x20p25_ym32p5_top_right,right,forward,forward_right,1
5531,20.27,-31.52,0.5,-259.412,smooth_same_color_arc_forward_right_x20p25_ym32p5_top_right,smooth_same_color_arc_forward_right_x20p25_ym32p5_top_right,smooth_same_color_arc_forward_right_x20p25_ym32p5_top_right,right,forward,forward_right,1
5532,20.255,-31.411,0.5,-264.706,smooth_same_color_arc_forward_right_x20p25_ym32p5_top_right,smooth_same_color_arc_forward_right_x20p25_ym32p5_top_right,smooth_same_color_arc_forward_right_x20p25_ym32p5_top_right,right,forward,forward_right,1
5533,20.25,-31.3,0.5,-270.0,smooth_same_color_arc_forward_right_x20p25_ym32p5_top_right,smooth_same_color_arc_forward_right_x20p25_ym32p5_top_right,smooth_same_color_arc_forward_right_x20p25_ym32p5_top_right,right,forward,forward_right,0
5534,21.45,-32.5,0.5,180.0,smooth_same_color_arc_forward_right_x20p25_ym32p5_bottom_right,smooth_same_color_arc_forward_right_x20p25_ym32p5_bottom_right,smooth_same_color_arc_forward_right_x20p25_ym32p5_bottom_right,right,forward,forward_right,1
5535,21.339,-32.505,0.5,185.294,smooth_same_color_arc_forward_right_x20p25_ym32p5_bottom_right,smooth_same_color_arc_forward_right_x20p25_ym32p5_bottom_right,smooth_same_color_arc_forward_right_x20p25_ym32p5_bottom_right,right,forward,forward_right,1
5536,21.23,-32.52,0.5,190.588,smooth_same_color_arc_forward_right_x20p25_ym32p5_bottom_right,smooth_same_color_arc_forward_right_x20p25_ym32p5_bottom_right,smooth_same_color_arc_forward_right_x20p25_ym32p5_bottom_right,right,forward,forward_right,1
5537,21.122,-32.546,0.5,195.882,smooth_same_color_arc_forward_right_x20p25_ym32p5_bottom_right,smooth_same_color_arc_forward_right_x20p25_ym32p5_bottom_right,smooth_same_color_arc_forward_right_x20p25_ym32p5_bottom_right,right,forward,forward_right,1
5538,21.017,-32.581,0.5,201.176,smooth_same_color_arc_forward_right_x20p25_ym32p5_bottom_right,smooth_same_color_arc_forward_right_x20p25_ym32p5_bottom_right,smooth_same_color_arc_forward_right_x20p25_ym32p5_bottom_right,right,forward,forward_right,1
5539,20.915,-32.626,0.5,206.471,smooth_same_color_arc_forward_right_x20p25_ym32p5_bottom_right,smooth_same_color_arc_forward_right_x20p25_ym32p5_bottom_right,smooth_same_color_arc_forward_right_x20p25_ym32p5_bottom_right,right,forward,forward_right,1
5540,20.818,-32.68,0.5,211.765,smooth_same_color_arc_forward_right_x20p25_ym32p5_bottom_right,smooth_same_color_arc_forward_right_x20p25_ym32p5_bottom_right,smooth_same_color_arc_forward_right_x20p25_ym32p5_bottom_right,right,forward,forward_right,1
5541,20.727,-32.742,0.5,217.059,smooth_same_color_arc_forward_right_x20p25_ym32p5_bottom_right,smooth_same_color_arc_forward_right_x20p25_ym32p5_bottom_right,smooth_same_color_arc_forward_right_x20p25_ym32p5_bottom_right,right,forward,forward_right,1
5542,20.642,-32.813,0.5,222.353,smooth_same_color_arc_forward_right_x20p25_ym32p5_bottom_right,smooth_same_color_arc_forward_right_x20p25_ym32p5_bottom_right,smooth_same_color_arc_forward_right_x20p25_ym32p5_bottom_right,right,forward,forward_right,1
5543,20.563,-32.892,0.5,227.647,smooth_same_color_arc_forward_right_x20p25_ym32p5_bottom_right,smooth_same_color_arc_forward_right_x20p25_ym32p5_bottom_right,smooth_same_color_arc_forward_right_x20p25_ym32p5_bottom_right,right,forward,forward_right,1
5544,20.492,-32.977,0.5,232.941,smooth_same_color_arc_forward_right_x20p25_ym32p5_bottom_right,smooth_same_color_arc_forward_right_x20p25_ym32p5_bottom_right,smooth_same_color_arc_forward_right_x20p25_ym32p5_bottom_right,right,forward,forward_right,1
5545,20.43,-33.068,0.5,238.235,smooth_same_color_arc_forward_right_x20p25_ym32p5_bottom_right,smooth_same_color_arc_forward_right_x20p25_ym32p5_bottom_right,smooth_same_color_arc_forward_right_x20p25_ym32p5_bottom_right,right,forward,forward_right,1
5546,20.376,-33.165,0.5,243.529,smooth_same_color_arc_forward_right_x20p25_ym32p5_bottom_right,smooth_same_color_arc_forward_right_x20p25_ym32p5_bottom_right,smooth_same_color_arc_forward_right_x20p25_ym32p5_bottom_right,right,forward,forward_right,1
5547,20.331,-33.267,0.5,248.824,smooth_same_color_arc_forward_right_x20p25_ym32p5_bottom_right,smooth_same_color_arc_forward_right_x20p25_ym32p5_bottom_right,smooth_same_color_arc_forward_right_x20p25_ym32p5_bottom_right,right,forward,forward_right,1
5548,20.296,-33.372,0.5,254.118,smooth_same_color_arc_forward_right_x20p25_ym32p5_bottom_right,smooth_same_color_arc_forward_right_x20p25_ym32p5_bottom_right,smooth_same_color_arc_forward_right_x20p25_ym32p5_bottom_right,right,forward,forward_right,1
5549,20.27,-33.48,0.5,259.412,smooth_same_color_arc_forward_right_x20p25_ym32p5_bottom_right,smooth_same_color_arc_forward_right_x20p25_ym32p5_bottom_right,smooth_same_color_arc_forward_right_x20p25_ym32p5_bottom_right,right,forward,forward_right,1
5550,20.255,-33.589,0.5,264.706,smooth_same_color_arc_forward_right_x20p25_ym32p5_bottom_right,smooth_same_color_arc_forward_right_x20p25_ym32p5_bottom_right,smooth_same_color_arc_forward_right_x20p25_ym32p5_bottom_right,right,forward,forward_right,1
5551,20.25,-33.7,0.5,270.0,smooth_same_color_arc_forward_right_x20p25_ym32p5_bottom_right,smooth_same_color_arc_forward_right_x20p25_ym32p5_bottom_right,smooth_same_color_arc_forward_right_x20p25_ym32p5_bottom_right,right,forward,forward_right,0
5552,19.05,-32.5,0.5,0.0,smooth_same_color_arc_forward_right_x20p25_ym32p5_top_left,smooth_same_color_arc_forward_right_x20p25_ym32p5_top_left,smooth_same_color_arc_forward_right_x20p25_ym32p5_top_left,right,forward,forward_right,1
5553,19.161,-32.495,0.5,5.294,smooth_same_color_arc_forward_right_x20p25_ym32p5_top_left,smooth_same_color_arc_forward_right_x20p25_ym32p5_top_left,smooth_same_color_arc_forward_right_x20p25_ym32p5_top_left,right,forward,forward_right,1
5554,19.27,-32.48,0.5,10.588,smooth_same_color_arc_forward_right_x20p25_ym32p5_top_left,smooth_same_color_arc_forward_right_x20p25_ym32p5_top_left,smooth_same_color_arc_forward_right_x20p25_ym32p5_top_left,right,forward,forward_right,1
5555,19.378,-32.454,0.5,15.882,smooth_same_color_arc_forward_right_x20p25_ym32p5_top_left,smooth_same_color_arc_forward_right_x20p25_ym32p5_top_left,smooth_same_color_arc_forward_right_x20p25_ym32p5_top_left,right,forward,forward_right,1
5556,19.483,-32.419,0.5,21.176,smooth_same_color_arc_forward_right_x20p25_ym32p5_top_left,smooth_same_color_arc_forward_right_x20p25_ym32p5_top_left,smooth_same_color_arc_forward_right_x20p25_ym32p5_top_left,right,forward,forward_right,1
5557,19.585,-32.374,0.5,26.471,smooth_same_color_arc_forward_right_x20p25_ym32p5_top_left,smooth_same_color_arc_forward_right_x20p25_ym32p5_top_left,smooth_same_color_arc_forward_right_x20p25_ym32p5_top_left,right,forward,forward_right,1
5558,19.682,-32.32,0.5,31.765,smooth_same_color_arc_forward_right_x20p25_ym32p5_top_left,smooth_same_color_arc_forward_right_x20p25_ym32p5_top_left,smooth_same_color_arc_forward_right_x20p25_ym32p5_top_left,right,forward,forward_right,1
5559,19.773,-32.258,0.5,37.059,smooth_same_color_arc_forward_right_x20p25_ym32p5_top_left,smooth_same_color_arc_forward_right_x20p25_ym32p5_top_left,smooth_same_color_arc_forward_right_x20p25_ym32p5_top_left,right,forward,forward_right,1
5560,19.858,-32.187,0.5,42.353,smooth_same_color_arc_forward_right_x20p25_ym32p5_top_left,smooth_same_color_arc_forward_right_x20p25_ym32p5_top_left,smooth_same_color_arc_forward_right_x20p25_ym32p5_top_left,right,forward,forward_right,1
5561,19.937,-32.108,0.5,47.647,smooth_same_color_arc_forward_right_x20p25_ym32p5_top_left,smooth_same_color_arc_forward_right_x20p25_ym32p5_top_left,smooth_same_color_arc_forward_right_x20p25_ym32p5_top_left,right,forward,forward_right,1
5562,20.008,-32.023,0.5,52.941,smooth_same_color_arc_forward_right_x20p25_ym32p5_top_left,smooth_same_color_arc_forward_right_x20p25_ym32p5_top_left,smooth_same_color_arc_forward_right_x20p25_ym32p5_top_left,right,forward,forward_right,1
5563,20.07,-31.932,0.5,58.235,smooth_same_color_arc_forward_right_x20p25_ym32p5_top_left,smooth_same_color_arc_forward_right_x20p25_ym32p5_top_left,smooth_same_color_arc_forward_right_x20p25_ym32p5_top_left,right,forward,forward_right,1
5564,20.124,-31.835,0.5,63.529,smooth_same_color_arc_forward_right_x20p25_ym32p5_top_left,smooth_same_color_arc_forward_right_x20p25_ym32p5_top_left,smooth_same_color_arc_forward_right_x20p25_ym32p5_top_left,right,forward,forward_right,1
5565,20.169,-31.733,0.5,68.824,smooth_same_color_arc_forward_right_x20p25_ym32p5_top_left,smooth_same_color_arc_forward_right_x20p25_ym32p5_top_left,smooth_same_color_arc_forward_right_x20p25_ym32p5_top_left,right,forward,forward_right,1
5566,20.204,-31.628,0.5,74.118,smooth_same_color_arc_forward_right_x20p25_ym32p5_top_left,smooth_same_color_arc_forward_right_x20p25_ym32p5_top_left,smooth_same_color_arc_forward_right_x20p25_ym32p5_top_left,right,forward,forward_right,1
5567,20.23,-31.52,0.5,79.412,smooth_same_color_arc_forward_right_x20p25_ym32p5_top_left,smooth_same_color_arc_forward_right_x20p25_ym32p5_top_left,smooth_same_color_arc_forward_right_x20p25_ym32p5_top_left,right,forward,forward_right,1
5568,20.245,-31.411,0.5,84.706,smooth_same_color_arc_forward_right_x20p25_ym32p5_top_left,smooth_same_color_arc_forward_right_x20p25_ym32p5_top_left,smooth_same_color_arc_forward_right_x20p25_ym32p5_top_left,right,forward,forward_right,1
5569,20.25,-31.3,0.5,90.0,smooth_same_color_arc_forward_right_x20p25_ym32p5_top_left,smooth_same_color_arc_forward_right_x20p25_ym32p5_top_left,smooth_same_color_arc_forward_right_x20p25_ym32p5_top_left,right,forward,forward_right,0
5570,19.05,-32.5,0.5,0.0,smooth_same_color_arc_forward_right_x20p25_ym32p5_bottom_left,smooth_same_color_arc_forward_right_x20p25_ym32p5_bottom_left,smooth_same_color_arc_forward_right_x20p25_ym32p5_bottom_left,right,forward,forward_right,1
5571,19.161,-32.505,0.5,-5.294,smooth_same_color_arc_forward_right_x20p25_ym32p5_bottom_left,smooth_same_color_arc_forward_right_x20p25_ym32p5_bottom_left,smooth_same_color_arc_forward_right_x20p25_ym32p5_bottom_left,right,forward,forward_right,1
5572,19.27,-32.52,0.5,-10.588,smooth_same_color_arc_forward_right_x20p25_ym32p5_bottom_left,smooth_same_color_arc_forward_right_x20p25_ym32p5_bottom_left,smooth_same_color_arc_forward_right_x20p25_ym32p5_bottom_left,right,forward,forward_right,1
5573,19.378,-32.546,0.5,-15.882,smooth_same_color_arc_forward_right_x20p25_ym32p5_bottom_left,smooth_same_color_arc_forward_right_x20p25_ym32p5_bottom_left,smooth_same_color_arc_forward_right_x20p25_ym32p5_bottom_left,right,forward,forward_right,1
5574,19.483,-32.581,0.5,-21.176,smooth_same_color_arc_forward_right_x20p25_ym32p5_bottom_left,smooth_same_color_arc_forward_right_x20p25_ym32p5_bottom_left,smooth_same_color_arc_forward_right_x20p25_ym32p5_bottom_left,right,forward,forward_right,1
5575,19.585,-32.626,0.5,-26.471,smooth_same_color_arc_forward_right_x20p25_ym32p5_bottom_left,smooth_same_color_arc_forward_right_x20p25_ym32p5_bottom_left,smooth_same_color_arc_forward_right_x20p25_ym32p5_bottom_left,right,forward,forward_right,1
5576,19.682,-32.68,0.5,-31.765,smooth_same_color_arc_forward_right_x20p25_ym32p5_bottom_left,smooth_same_color_arc_forward_right_x20p25_ym32p5_bottom_left,smooth_same_color_arc_forward_right_x20p25_ym32p5_bottom_left,right,forward,forward_right,1
5577,19.773,-32.742,0.5,-37.059,smooth_same_color_arc_forward_right_x20p25_ym32p5_bottom_left,smooth_same_color_arc_forward_right_x20p25_ym32p5_bottom_left,smooth_same_color_arc_forward_right_x20p25_ym32p5_bottom_left,right,forward,forward_right,1
5578,19.858,-32.813,0.5,-42.353,smooth_same_color_arc_forward_right_x20p25_ym32p5_bottom_left,smooth_same_color_arc_forward_right_x20p25_ym32p5_bottom_left,smooth_same_color_arc_forward_right_x20p25_ym32p5_bottom_left,right,forward,forward_right,1
5579,19.937,-32.892,0.5,-47.647,smooth_same_color_arc_forward_right_x20p25_ym32p5_bottom_left,smooth_same_color_arc_forward_right_x20p25_ym32p5_bottom_left,smooth_same_color_arc_forward_right_x20p25_ym32p5_bottom_left,right,forward,forward_right,1
5580,20.008,-32.977,0.5,-52.941,smooth_same_color_arc_forward_right_x20p25_ym32p5_bottom_left,smooth_same_color_arc_forward_right_x20p25_ym32p5_bottom_left,smooth_same_color_arc_forward_right_x20p25_ym32p5_bottom_left,right,forward,forward_right,1
5581,20.07,-33.068,0.5,-58.235,smooth_same_color_arc_forward_right_x20p25_ym32p5_bottom_left,smooth_same_color_arc_forward_right_x20p25_ym32p5_bottom_left,smooth_same_color_arc_forward_right_x20p25_ym32p5_bottom_left,right,forward,forward_right,1
5582,20.124,-33.165,0.5,-63.529,smooth_same_color_arc_forward_right_x20p25_ym32p5_bottom_left,smooth_same_color_arc_forward_right_x20p25_ym32p5_bottom_left,smooth_same_color_arc_forward_right_x20p25_ym32p5_bottom_left,right,forward,forward_right,1
5583,20.169,-33.267,0.5,-68.824,smooth_same_color_arc_forward_right_x20p25_ym32p5_bottom_left,smooth_same_color_arc_forward_right_x20p25_ym32p5_bottom_left,smooth_same_color_arc_forward_right_x20p25_ym32p5_bottom_left,right,forward,forward_right,1
5584,20.204,-33.372,0.5,-74.118,smooth_same_color_arc_forward_right_x20p25_ym32p5_bottom_left,smooth_same_color_arc_forward_right_x20p25_ym32p5_bottom_left,smooth_same_color_arc_forward_right_x20p25_ym32p5_bottom_left,right,forward,forward_right,1
5585,20.23,-33.48,0.5,-79.412,smooth_same_color_arc_forward_right_x20p25_ym32p5_bottom_left,smooth_same_color_arc_forward_right_x20p25_ym32p5_bottom_left,smooth_same_color_arc_forward_right_x20p25_ym32p5_bottom_left,right,forward,forward_right,1
5586,20.245,-33.589,0.5,-84.706,smooth_same_color_arc_forward_right_x20p25_ym32p5_bottom_left,smooth_same_color_arc_forward_right_x20p25_ym32p5_bottom_left,smooth_same_color_arc_forward_right_x20p25_ym32p5_bottom_left,right,forward,forward_right,1
5587,20.25,-33.7,0.5,-90.0,smooth_same_color_arc_forward_right_x20p25_ym32p5_bottom_left,smooth_same_color_arc_forward_right_x20p25_ym32p5_bottom_left,smooth_same_color_arc_forward_right_x20p25_ym32p5_bottom_left,right,forward,forward_right,0
5588,-16.05,-32.5,0.5,-180.0,smooth_same_color_arc_forward_right_xm17p25_ym32p5_top_right,smooth_same_color_arc_forward_right_xm17p25_ym32p5_top_right,smooth_same_color_arc_forward_right_xm17p25_ym32p5_top_right,right,forward,forward_right,1
5589,-16.161,-32.495,0.5,-185.294,smooth_same_color_arc_forward_right_xm17p25_ym32p5_top_right,smooth_same_color_arc_forward_right_xm17p25_ym32p5_top_right,smooth_same_color_arc_forward_right_xm17p25_ym32p5_top_right,right,forward,forward_right,1
5590,-16.27,-32.48,0.5,-190.588,smooth_same_color_arc_forward_right_xm17p25_ym32p5_top_right,smooth_same_color_arc_forward_right_xm17p25_ym32p5_top_right,smooth_same_color_arc_forward_right_xm17p25_ym32p5_top_right,right,forward,forward_right,1
5591,-16.378,-32.454,0.5,-195.882,smooth_same_color_arc_forward_right_xm17p25_ym32p5_top_right,smooth_same_color_arc_forward_right_xm17p25_ym32p5_top_right,smooth_same_color_arc_forward_right_xm17p25_ym32p5_top_right,right,forward,forward_right,1
5592,-16.483,-32.419,0.5,-201.176,smooth_same_color_arc_forward_right_xm17p25_ym32p5_top_right,smooth_same_color_arc_forward_right_xm17p25_ym32p5_top_right,smooth_same_color_arc_forward_right_xm17p25_ym32p5_top_right,right,forward,forward_right,1
5593,-16.585,-32.374,0.5,-206.471,smooth_same_color_arc_forward_right_xm17p25_ym32p5_top_right,smooth_same_color_arc_forward_right_xm17p25_ym32p5_top_right,smooth_same_color_arc_forward_right_xm17p25_ym32p5_top_right,right,forward,forward_right,1
5594,-16.682,-32.32,0.5,-211.765,smooth_same_color_arc_forward_right_xm17p25_ym32p5_top_right,smooth_same_color_arc_forward_right_xm17p25_ym32p5_top_right,smooth_same_color_arc_forward_right_xm17p25_ym32p5_top_right,right,forward,forward_right,1
5595,-16.773,-32.258,0.5,-217.059,smooth_same_color_arc_forward_right_xm17p25_ym32p5_top_right,smooth_same_color_arc_forward_right_xm17p25_ym32p5_top_right,smooth_same_color_arc_forward_right_xm17p25_ym32p5_top_right,right,forward,forward_right,1
5596,-16.858,-32.187,0.5,-222.353,smooth_same_color_arc_forward_right_xm17p25_ym32p5_top_right,smooth_same_color_arc_forward_right_xm17p25_ym32p5_top_right,smooth_same_color_arc_forward_right_xm17p25_ym32p5_top_right,right,forward,forward_right,1
5597,-16.937,-32.108,0.5,-227.647,smooth_same_color_arc_forward_right_xm17p25_ym32p5_top_right,smooth_same_color_arc_forward_right_xm17p25_ym32p5_top_right,smooth_same_color_arc_forward_right_xm17p25_ym32p5_top_right,right,forward,forward_right,1
5598,-17.008,-32.023,0.5,-232.941,smooth_same_color_arc_forward_right_xm17p25_ym32p5_top_right,smooth_same_color_arc_forward_right_xm17p25_ym32p5_top_right,smooth_same_color_arc_forward_right_xm17p25_ym32p5_top_right,right,forward,forward_right,1
5599,-17.07,-31.932,0.5,-238.235,smooth_same_color_arc_forward_right_xm17p25_ym32p5_top_right,smooth_same_color_arc_forward_right_xm17p25_ym32p5_top_right,smooth_same_color_arc_forward_right_xm17p25_ym32p5_top_right,right,forward,forward_right,1
5600,-17.124,-31.835,0.5,-243.529,smooth_same_color_arc_forward_right_xm17p25_ym32p5_top_right,smooth_same_color_arc_forward_right_xm17p25_ym32p5_top_right,smooth_same_color_arc_forward_right_xm17p25_ym32p5_top_right,right,forward,forward_right,1
5601,-17.169,-31.733,0.5,-248.824,smooth_same_color_arc_forward_right_xm17p25_ym32p5_top_right,smooth_same_color_arc_forward_right_xm17p25_ym32p5_top_right,smooth_same_color_arc_forward_right_xm17p25_ym32p5_top_right,right,forward,forward_right,1
5602,-17.204,-31.628,0.5,-254.118,smooth_same_color_arc_forward_right_xm17p25_ym32p5_top_right,smooth_same_color_arc_forward_right_xm17p25_ym32p5_top_right,smooth_same_color_arc_forward_right_xm17p25_ym32p5_top_right,right,forward,forward_right,1
5603,-17.23,-31.52,0.5,-259.412,smooth_same_color_arc_forward_right_xm17p25_ym32p5_top_right,smooth_same_color_arc_forward_right_xm17p25_ym32p5_top_right,smooth_same_color_arc_forward_right_xm17p25_ym32p5_top_right,right,forward,forward_right,1
5604,-17.245,-31.411,0.5,-264.706,smooth_same_color_arc_forward_right_xm17p25_ym32p5_top_right,smooth_same_color_arc_forward_right_xm17p25_ym32p5_top_right,smooth_same_color_arc_forward_right_xm17p25_ym32p5_top_right,right,forward,forward_right,1
5605,-17.25,-31.3,0.5,-270.0,smooth_same_color_arc_forward_right_xm17p25_ym32p5_top_right,smooth_same_color_arc_forward_right_xm17p25_ym32p5_top_right,smooth_same_color_arc_forward_right_xm17p25_ym32p5_top_right,right,forward,forward_right,0
5606,-16.05,-32.5,0.5,180.0,smooth_same_color_arc_forward_right_xm17p25_ym32p5_bottom_right,smooth_same_color_arc_forward_right_xm17p25_ym32p5_bottom_right,smooth_same_color_arc_forward_right_xm17p25_ym32p5_bottom_right,right,forward,forward_right,1
5607,-16.161,-32.505,0.5,185.294,smooth_same_color_arc_forward_right_xm17p25_ym32p5_bottom_right,smooth_same_color_arc_forward_right_xm17p25_ym32p5_bottom_right,smooth_same_color_arc_forward_right_xm17p25_ym32p5_bottom_right,right,forward,forward_right,1
5608,-16.27,-32.52,0.5,190.588,smooth_same_color_arc_forward_right_xm17p25_ym32p5_bottom_right,smooth_same_color_arc_forward_right_xm17p25_ym32p5_bottom_right,smooth_same_color_arc_forward_right_xm17p25_ym32p5_bottom_right,right,forward,forward_right,1
5609,-16.378,-32.546,0.5,195.882,smooth_same_color_arc_forward_right_xm17p25_ym32p5_bottom_right,smooth_same_color_arc_forward_right_xm17p25_ym32p5_bottom_right,smooth_same_color_arc_forward_right_xm17p25_ym32p5_bottom_right,right,forward,forward_right,1
5610,-16.483,-32.581,0.5,201.176,smooth_same_color_arc_forward_right_xm17p25_ym32p5_bottom_right,smooth_same_color_arc_forward_right_xm17p25_ym32p5_bottom_right,smooth_same_color_arc_forward_right_xm17p25_ym32p5_bottom_right,right,forward,forward_right,1
5611,-16.585,-32.626,0.5,206.471,smooth_same_color_arc_forward_right_xm17p25_ym32p5_bottom_right,smooth_same_color_arc_forward_right_xm17p25_ym32p5_bottom_right,smooth_same_color_arc_forward_right_xm17p25_ym32p5_bottom_right,right,forward,forward_right,1
5612,-16.682,-32.68,0.5,211.765,smooth_same_color_arc_forward_right_xm17p25_ym32p5_bottom_right,smooth_same_color_arc_forward_right_xm17p25_ym32p5_bottom_right,smooth_same_color_arc_forward_right_xm17p25_ym32p5_bottom_right,right,forward,forward_right,1
5613,-16.773,-32.742,0.5,217.059,smooth_same_color_arc_forward_right_xm17p25_ym32p5_bottom_right,smooth_same_color_arc_forward_right_xm17p25_ym32p5_bottom_right,smooth_same_color_arc_forward_right_xm17p25_ym32p5_bottom_right,right,forward,forward_right,1
5614,-16.858,-32.813,0.5,222.353,smooth_same_color_arc_forward_right_xm17p25_ym32p5_bottom_right,smooth_same_color_arc_forward_right_xm17p25_ym32p5_bottom_right,smooth_same_color_arc_forward_right_xm17p25_ym32p5_bottom_right,right,forward,forward_right,1
5615,-16.937,-32.892,0.5,227.647,smooth_same_color_arc_forward_right_xm17p25_ym32p5_bottom_right,smooth_same_color_arc_forward_right_xm17p25_ym32p5_bottom_right,smooth_same_color_arc_forward_right_xm17p25_ym32p5_bottom_right,right,forward,forward_right,1
5616,-17.008,-32.977,0.5,232.941,smooth_same_color_arc_forward_right_xm17p25_ym32p5_bottom_right,smooth_same_color_arc_forward_right_xm17p25_ym32p5_bottom_right,smooth_same_color_arc_forward_right_xm17p25_ym32p5_bottom_right,right,forward,forward_right,1
5617,-17.07,-33.068,0.5,238.235,smooth_same_color_arc_forward_right_xm17p25_ym32p5_bottom_right,smooth_same_color_arc_forward_right_xm17p25_ym32p5_bottom_right,smooth_same_color_arc_forward_right_xm17p25_ym32p5_bottom_right,right,forward,forward_right,1
5618,-17.124,-33.165,0.5,243.529,smooth_same_color_arc_forward_right_xm17p25_ym32p5_bottom_right,smooth_same_color_arc_forward_right_xm17p25_ym32p5_bottom_right,smooth_same_color_arc_forward_right_xm17p25_ym32p5_bottom_right,right,forward,forward_right,1
5619,-17.169,-33.267,0.5,248.824,smooth_same_color_arc_forward_right_xm17p25_ym32p5_bottom_right,smooth_same_color_arc_forward_right_xm17p25_ym32p5_bottom_right,smooth_same_color_arc_forward_right_xm17p25_ym32p5_bottom_right,right,forward,forward_right,1
5620,-17.204,-33.372,0.5,254.118,smooth_same_color_arc_forward_right_xm17p25_ym32p5_bottom_right,smooth_same_color_arc_forward_right_xm17p25_ym32p5_bottom_right,smooth_same_color_arc_forward_right_xm17p25_ym32p5_bottom_right,right,forward,forward_right,1
5621,-17.23,-33.48,0.5,259.412,smooth_same_color_arc_forward_right_xm17p25_ym32p5_bottom_right,smooth_same_color_arc_forward_right_xm17p25_ym32p5_bottom_right,smooth_same_color_arc_forward_right_xm17p25_ym32p5_bottom_right,right,forward,forward_right,1
5622,-17.245,-33.589,0.5,264.706,smooth_same_color_arc_forward_right_xm17p25_ym32p5_bottom_right,smooth_same_color_arc_forward_right_xm17p25_ym32p5_bottom_right,smooth_same_color_arc_forward_right_xm17p25_ym32p5_bottom_right,right,forward,forward_right,1
5623,-17.25,-33.7,0.5,270.0,smooth_same_color_arc_forward_right_xm17p25_ym32p5_bottom_right,smooth_same_color_arc_forward_right_xm17p25_ym32p5_bottom_right,smooth_same_color_arc_forward_right_xm17p25_ym32p5_bottom_right,right,forward,forward_right,0
5624,-18.45,-32.5,0.5,0.0,smooth_same_color_arc_forward_right_xm17p25_ym32p5_top_left,smooth_same_color_arc_forward_right_xm17p25_ym32p5_top_left,smooth_same_color_arc_forward_right_xm17p25_ym32p5_top_left,right,forward,forward_right,1
5625,-18.339,-32.495,0.5,5.294,smooth_same_color_arc_forward_right_xm17p25_ym32p5_top_left,smooth_same_color_arc_forward_right_xm17p25_ym32p5_top_left,smooth_same_color_arc_forward_right_xm17p25_ym32p5_top_left,right,forward,forward_right,1
5626,-18.23,-32.48,0.5,10.588,smooth_same_color_arc_forward_right_xm17p25_ym32p5_top_left,smooth_same_color_arc_forward_right_xm17p25_ym32p5_top_left,smooth_same_color_arc_forward_right_xm17p25_ym32p5_top_left,right,forward,forward_right,1
5627,-18.122,-32.454,0.5,15.882,smooth_same_color_arc_forward_right_xm17p25_ym32p5_top_left,smooth_same_color_arc_forward_right_xm17p25_ym32p5_top_left,smooth_same_color_arc_forward_right_xm17p25_ym32p5_top_left,right,forward,forward_right,1
5628,-18.017,-32.419,0.5,21.176,smooth_same_color_arc_forward_right_xm17p25_ym32p5_top_left,smooth_same_color_arc_forward_right_xm17p25_ym32p5_top_left,smooth_same_color_arc_forward_right_xm17p25_ym32p5_top_left,right,forward,forward_right,1
5629,-17.915,-32.374,0.5,26.471,smooth_same_color_arc_forward_right_xm17p25_ym32p5_top_left,smooth_same_color_arc_forward_right_xm17p25_ym32p5_top_left,smooth_same_color_arc_forward_right_xm17p25_ym32p5_top_left,right,forward,forward_right,1
5630,-17.818,-32.32,0.5,31.765,smooth_same_color_arc_forward_right_xm17p25_ym32p5_top_left,smooth_same_color_arc_forward_right_xm17p25_ym32p5_top_left,smooth_same_color_arc_forward_right_xm17p25_ym32p5_top_left,right,forward,forward_right,1
5631,-17.727,-32.258,0.5,37.059,smooth_same_color_arc_forward_right_xm17p25_ym32p5_top_left,smooth_same_color_arc_forward_right_xm17p25_ym32p5_top_left,smooth_same_color_arc_forward_right_xm17p25_ym32p5_top_left,right,forward,forward_right,1
5632,-17.642,-32.187,0.5,42.353,smooth_same_color_arc_forward_right_xm17p25_ym32p5_top_left,smooth_same_color_arc_forward_right_xm17p25_ym32p5_top_left,smooth_same_color_arc_forward_right_xm17p25_ym32p5_top_left,right,forward,forward_right,1
5633,-17.563,-32.108,0.5,47.647,smooth_same_color_arc_forward_right_xm17p25_ym32p5_top_left,smooth_same_color_arc_forward_right_xm17p25_ym32p5_top_left,smooth_same_color_arc_forward_right_xm17p25_ym32p5_top_left,right,forward,forward_right,1
5634,-17.492,-32.023,0.5,52.941,smooth_same_color_arc_forward_right_xm17p25_ym32p5_top_left,smooth_same_color_arc_forward_right_xm17p25_ym32p5_top_left,smooth_same_color_arc_forward_right_xm17p25_ym32p5_top_left,right,forward,forward_right,1
5635,-17.43,-31.932,0.5,58.235,smooth_same_color_arc_forward_right_xm17p25_ym32p5_top_left,smooth_same_color_arc_forward_right_xm17p25_ym32p5_top_left,smooth_same_color_arc_forward_right_xm17p25_ym32p5_top_left,right,forward,forward_right,1
5636,-17.376,-31.835,0.5,63.529,smooth_same_color_arc_forward_right_xm17p25_ym32p5_top_left,smooth_same_color_arc_forward_right_xm17p25_ym32p5_top_left,smooth_same_color_arc_forward_right_xm17p25_ym32p5_top_left,right,forward,forward_right,1
5637,-17.331,-31.733,0.5,68.824,smooth_same_color_arc_forward_right_xm17p25_ym32p5_top_left,smooth_same_color_arc_forward_right_xm17p25_ym32p5_top_left,smooth_same_color_arc_forward_right_xm17p25_ym32p5_top_left,right,forward,forward_right,1
5638,-17.296,-31.628,0.5,74.118,smooth_same_color_arc_forward_right_xm17p25_ym32p5_top_left,smooth_same_color_arc_forward_right_xm17p25_ym32p5_top_left,smooth_same_color_arc_forward_right_xm17p25_ym32p5_top_left,right,forward,forward_right,1
5639,-17.27,-31.52,0.5,79.412,smooth_same_color_arc_forward_right_xm17p25_ym32p5_top_left,smooth_same_color_arc_forward_right_xm17p25_ym32p5_top_left,smooth_same_color_arc_forward_right_xm17p25_ym32p5_top_left,right,forward,forward_right,1
5640,-17.255,-31.411,0.5,84.706,smooth_same_color_arc_forward_right_xm17p25_ym32p5_top_left,smooth_same_color_arc_forward_right_xm17p25_ym32p5_top_left,smooth_same_color_arc_forward_right_xm17p25_ym32p5_top_left,right,forward,forward_right,1
5641,-17.25,-31.3,0.5,90.0,smooth_same_color_arc_forward_right_xm17p25_ym32p5_top_left,smooth_same_color_arc_forward_right_xm17p25_ym32p5_top_left,smooth_same_color_arc_forward_right_xm17p25_ym32p5_top_left,right,forward,forward_right,0
5642,-18.45,-32.5,0.5,0.0,smooth_same_color_arc_forward_right_xm17p25_ym32p5_bottom_left,smooth_same_color_arc_forward_right_xm17p25_ym32p5_bottom_left,smooth_same_color_arc_forward_right_xm17p25_ym32p5_bottom_left,right,forward,forward_right,1
5643,-18.339,-32.505,0.5,-5.294,smooth_same_color_arc_forward_right_xm17p25_ym32p5_bottom_left,smooth_same_color_arc_forward_right_xm17p25_ym32p5_bottom_left,smooth_same_color_arc_forward_right_xm17p25_ym32p5_bottom_left,right,forward,forward_right,1
5644,-18.23,-32.52,0.5,-10.588,smooth_same_color_arc_forward_right_xm17p25_ym32p5_bottom_left,smooth_same_color_arc_forward_right_xm17p25_ym32p5_bottom_left,smooth_same_color_arc_forward_right_xm17p25_ym32p5_bottom_left,right,forward,forward_right,1
5645,-18.122,-32.546,0.5,-15.882,smooth_same_color_arc_forward_right_xm17p25_ym32p5_bottom_left,smooth_same_color_arc_forward_right_xm17p25_ym32p5_bottom_left,smooth_same_color_arc_forward_right_xm17p25_ym32p5_bottom_left,right,forward,forward_right,1
5646,-18.017,-32.581,0.5,-21.176,smooth_same_color_arc_forward_right_xm17p25_ym32p5_bottom_left,smooth_same_color_arc_forward_right_xm17p25_ym32p5_bottom_left,smooth_same_color_arc_forward_right_xm17p25_ym32p5_bottom_left,right,forward,forward_right,1
5647,-17.915,-32.626,0.5,-26.471,smooth_same_color_arc_forward_right_xm17p25_ym32p5_bottom_left,smooth_same_color_arc_forward_right_xm17p25_ym32p5_bottom_left,smooth_same_color_arc_forward_right_xm17p25_ym32p5_bottom_left,right,forward,forward_right,1
5648,-17.818,-32.68,0.5,-31.765,smooth_same_color_arc_forward_right_xm17p25_ym32p5_bottom_left,smooth_same_color_arc_forward_right_xm17p25_ym32p5_bottom_left,smooth_same_color_arc_forward_right_xm17p25_ym32p5_bottom_left,right,forward,forward_right,1
5649,-17.727,-32.742,0.5,-37.059,smooth_same_color_arc_forward_right_xm17p25_ym32p5_bottom_left,smooth_same_color_arc_forward_right_xm17p25_ym32p5_bottom_left,smooth_same_color_arc_forward_right_xm17p25_ym32p5_bottom_left,right,forward,forward_right,1
5650,-17.642,-32.813,0.5,-42.353,smooth_same_color_arc_forward_right_xm17p25_ym32p5_bottom_left,smooth_same_color_arc_forward_right_xm17p25_ym32p5_bottom_left,smooth_same_color_arc_forward_right_xm17p25_ym32p5_bottom_left,right,forward,forward_right,1
5651,-17.563,-32.892,0.5,-47.647,smooth_same_color_arc_forward_right_xm17p25_ym32p5_bottom_left,smooth_same_color_arc_forward_right_xm17p25_ym32p5_bottom_left,smooth_same_color_arc_forward_right_xm17p25_ym32p5_bottom_left,right,forward,forward_right,1
5652,-17.492,-32.977,0.5,-52.941,smooth_same_color_arc_forward_right_xm17p25_ym32p5_bottom_left,smooth_same_color_arc_forward_right_xm17p25_ym32p5_bottom_left,smooth_same_color_arc_forward_right_xm17p25_ym32p5_bottom_left,right,forward,forward_right,1
5653,-17.43,-33.068,0.5,-58.235,smooth_same_color_arc_forward_right_xm17p25_ym32p5_bottom_left,smooth_same_color_arc_forward_right_xm17p25_ym32p5_bottom_left,smooth_same_color_arc_forward_right_xm17p25_ym32p5_bottom_left,right,forward,forward_right,1
5654,-17.376,-33.165,0.5,-63.529,smooth_same_color_arc_forward_right_xm17p25_ym32p5_bottom_left,smooth_same_color_arc_forward_right_xm17p25_ym32p5_bottom_left,smooth_same_color_arc_forward_right_xm17p25_ym32p5_bottom_left,right,forward,forward_right,1
5655,-17.331,-33.267,0.5,-68.824,smooth_same_color_arc_forward_right_xm17p25_ym32p5_bottom_left,smooth_same_color_arc_forward_right_xm17p25_ym32p5_bottom_left,smooth_same_color_arc_forward_right_xm17p25_ym32p5_bottom_left,right,forward,forward_right,1
5656,-17.296,-33.372,0.5,-74.118,smooth_same_color_arc_forward_right_xm17p25_ym32p5_bottom_left,smooth_same_color_arc_forward_right_xm17p25_ym32p5_bottom_left,smooth_same_color_arc_forward_right_xm17p25_ym32p5_bottom_left,right,forward,forward_right,1
5657,-17.27,-33.48,0.5,-79.412,smooth_same_color_arc_forward_right_xm17p25_ym32p5_bottom_left,smooth_same_color_arc_forward_right_xm17p25_ym32p5_bottom_left,smooth_same_color_arc_forward_right_xm17p25_ym32p5_bottom_left,right,forward,forward_right,1
5658,-17.255,-33.589,0.5,-84.706,smooth_same_color_arc_forward_right_xm17p25_ym32p5_bottom_left,smooth_same_color_arc_forward_right_xm17p25_ym32p5_bottom_left,smooth_same_color_arc_forward_right_xm17p25_ym32p5_bottom_left,right,forward,forward_right,1
5659,-17.25,-33.7,0.5,-90.0,smooth_same_color_arc_forward_right_xm17p25_ym32p5_bottom_left,smooth_same_color_arc_forward_right_xm17p25_ym32p5_bottom_left,smooth_same_color_arc_forward_right_xm17p25_ym32p5_bottom_left,right,forward,forward_right,0
5660,21.45,-4.5,0.5,-180.0,smooth_same_color_arc_forward_right_x20p25_ym4p5_top_right,smooth_same_color_arc_forward_right_x20p25_ym4p5_top_right,smooth_same_color_arc_forward_right_x20p25_ym4p5_top_right,right,forward,forward_right,1
5661,21.339,-4.495,0.5,-185.294,smooth_same_color_arc_forward_right_x20p25_ym4p5_top_right,smooth_same_color_arc_forward_right_x20p25_ym4p5_top_right,smooth_same_color_arc_forward_right_x20p25_ym4p5_top_right,right,forward,forward_right,1
5662,21.23,-4.48,0.5,-190.588,smooth_same_color_arc_forward_right_x20p25_ym4p5_top_right,smooth_same_color_arc_forward_right_x20p25_ym4p5_top_right,smooth_same_color_arc_forward_right_x20p25_ym4p5_top_right,right,forward,forward_right,1
5663,21.122,-4.454,0.5,-195.882,smooth_same_color_arc_forward_right_x20p25_ym4p5_top_right,smooth_same_color_arc_forward_right_x20p25_ym4p5_top_right,smooth_same_color_arc_forward_right_x20p25_ym4p5_top_right,right,forward,forward_right,1
5664,21.017,-4.419,0.5,-201.176,smooth_same_color_arc_forward_right_x20p25_ym4p5_top_right,smooth_same_color_arc_forward_right_x20p25_ym4p5_top_right,smooth_same_color_arc_forward_right_x20p25_ym4p5_top_right,right,forward,forward_right,1
5665,20.915,-4.374,0.5,-206.471,smooth_same_color_arc_forward_right_x20p25_ym4p5_top_right,smooth_same_color_arc_forward_right_x20p25_ym4p5_top_right,smooth_same_color_arc_forward_right_x20p25_ym4p5_top_right,right,forward,forward_right,1
5666,20.818,-4.32,0.5,-211.765,smooth_same_color_arc_forward_right_x20p25_ym4p5_top_right,smooth_same_color_arc_forward_right_x20p25_ym4p5_top_right,smooth_same_color_arc_forward_right_x20p25_ym4p5_top_right,right,forward,forward_right,1
5667,20.727,-4.258,0.5,-217.059,smooth_same_color_arc_forward_right_x20p25_ym4p5_top_right,smooth_same_color_arc_forward_right_x20p25_ym4p5_top_right,smooth_same_color_arc_forward_right_x20p25_ym4p5_top_right,right,forward,forward_right,1
5668,20.642,-4.187,0.5,-222.353,smooth_same_color_arc_forward_right_x20p25_ym4p5_top_right,smooth_same_color_arc_forward_right_x20p25_ym4p5_top_right,smooth_same_color_arc_forward_right_x20p25_ym4p5_top_right,right,forward,forward_right,1
5669,20.563,-4.108,0.5,-227.647,smooth_same_color_arc_forward_right_x20p25_ym4p5_top_right,smooth_same_color_arc_forward_right_x20p25_ym4p5_top_right,smooth_same_color_arc_forward_right_x20p25_ym4p5_top_right,right,forward,forward_right,1
5670,20.492,-4.023,0.5,-232.941,smooth_same_color_arc_forward_right_x20p25_ym4p5_top_right,smooth_same_color_arc_forward_right_x20p25_ym4p5_top_right,smooth_same_color_arc_forward_right_x20p25_ym4p5_top_right,right,forward,forward_right,1
5671,20.43,-3.932,0.5,-238.235,smooth_same_color_arc_forward_right_x20p25_ym4p5_top_right,smooth_same_color_arc_forward_right_x20p25_ym4p5_top_right,smooth_same_color_arc_forward_right_x20p25_ym4p5_top_right,right,forward,forward_right,1
5672,20.376,-3.835,0.5,-243.529,smooth_same_color_arc_forward_right_x20p25_ym4p5_top_right,smooth_same_color_arc_forward_right_x20p25_ym4p5_top_right,smooth_same_color_arc_forward_right_x20p25_ym4p5_top_right,right,forward,forward_right,1
5673,20.331,-3.733,0.5,-248.824,smooth_same_color_arc_forward_right_x20p25_ym4p5_top_right,smooth_same_color_arc_forward_right_x20p25_ym4p5_top_right,smooth_same_color_arc_forward_right_x20p25_ym4p5_top_right,right,forward,forward_right,1
5674,20.296,-3.628,0.5,-254.118,smooth_same_color_arc_forward_right_x20p25_ym4p5_top_right,smooth_same_color_arc_forward_right_x20p25_ym4p5_top_right,smooth_same_color_arc_forward_right_x20p25_ym4p5_top_right,right,forward,forward_right,1
5675,20.27,-3.52,0.5,-259.412,smooth_same_color_arc_forward_right_x20p25_ym4p5_top_right,smooth_same_color_arc_forward_right_x20p25_ym4p5_top_right,smooth_same_color_arc_forward_right_x20p25_ym4p5_top_right,right,forward,forward_right,1
5676,20.255,-3.411,0.5,-264.706,smooth_same_color_arc_forward_right_x20p25_ym4p5_top_right,smooth_same_color_arc_forward_right_x20p25_ym4p5_top_right,smooth_same_color_arc_forward_right_x20p25_ym4p5_top_right,right,forward,forward_right,1
5677,20.25,-3.3,0.5,-270.0,smooth_same_color_arc_forward_right_x20p25_ym4p5_top_right,smooth_same_color_arc_forward_right_x20p25_ym4p5_top_right,smooth_same_color_arc_forward_right_x20p25_ym4p5_top_right,right,forward,forward_right,0
5678,21.45,-4.5,0.5,180.0,smooth_same_color_arc_forward_right_x20p25_ym4p5_bottom_right,smooth_same_color_arc_forward_right_x20p25_ym4p5_bottom_right,smooth_same_color_arc_forward_right_x20p25_ym4p5_bottom_right,right,forward,forward_right,1
5679,21.339,-4.505,0.5,185.294,smooth_same_color_arc_forward_right_x20p25_ym4p5_bottom_right,smooth_same_color_arc_forward_right_x20p25_ym4p5_bottom_right,smooth_same_color_arc_forward_right_x20p25_ym4p5_bottom_right,right,forward,forward_right,1
5680,21.23,-4.52,0.5,190.588,smooth_same_color_arc_forward_right_x20p25_ym4p5_bottom_right,smooth_same_color_arc_forward_right_x20p25_ym4p5_bottom_right,smooth_same_color_arc_forward_right_x20p25_ym4p5_bottom_right,right,forward,forward_right,1
5681,21.122,-4.546,0.5,195.882,smooth_same_color_arc_forward_right_x20p25_ym4p5_bottom_right,smooth_same_color_arc_forward_right_x20p25_ym4p5_bottom_right,smooth_same_color_arc_forward_right_x20p25_ym4p5_bottom_right,right,forward,forward_right,1
5682,21.017,-4.581,0.5,201.176,smooth_same_color_arc_forward_right_x20p25_ym4p5_bottom_right,smooth_same_color_arc_forward_right_x20p25_ym4p5_bottom_right,smooth_same_color_arc_forward_right_x20p25_ym4p5_bottom_right,right,forward,forward_right,1
5683,20.915,-4.626,0.5,206.471,smooth_same_color_arc_forward_right_x20p25_ym4p5_bottom_right,smooth_same_color_arc_forward_right_x20p25_ym4p5_bottom_right,smooth_same_color_arc_forward_right_x20p25_ym4p5_bottom_right,right,forward,forward_right,1
5684,20.818,-4.68,0.5,211.765,smooth_same_color_arc_forward_right_x20p25_ym4p5_bottom_right,smooth_same_color_arc_forward_right_x20p25_ym4p5_bottom_right,smooth_same_color_arc_forward_right_x20p25_ym4p5_bottom_right,right,forward,forward_right,1
5685,20.727,-4.742,0.5,217.059,smooth_same_color_arc_forward_right_x20p25_ym4p5_bottom_right,smooth_same_color_arc_forward_right_x20p25_ym4p5_bottom_right,smooth_same_color_arc_forward_right_x20p25_ym4p5_bottom_right,right,forward,forward_right,1
5686,20.642,-4.813,0.5,222.353,smooth_same_color_arc_forward_right_x20p25_ym4p5_bottom_right,smooth_same_color_arc_forward_right_x20p25_ym4p5_bottom_right,smooth_same_color_arc_forward_right_x20p25_ym4p5_bottom_right,right,forward,forward_right,1
5687,20.563,-4.892,0.5,227.647,smooth_same_color_arc_forward_right_x20p25_ym4p5_bottom_right,smooth_same_color_arc_forward_right_x20p25_ym4p5_bottom_right,smooth_same_color_arc_forward_right_x20p25_ym4p5_bottom_right,right,forward,forward_right,1
5688,20.492,-4.977,0.5,232.941,smooth_same_color_arc_forward_right_x20p25_ym4p5_bottom_right,smooth_same_color_arc_forward_right_x20p25_ym4p5_bottom_right,smooth_same_color_arc_forward_right_x20p25_ym4p5_bottom_right,right,forward,forward_right,1
5689,20.43,-5.068,0.5,238.235,smooth_same_color_arc_forward_right_x20p25_ym4p5_bottom_right,smooth_same_color_arc_forward_right_x20p25_ym4p5_bottom_right,smooth_same_color_arc_forward_right_x20p25_ym4p5_bottom_right,right,forward,forward_right,1
5690,20.376,-5.165,0.5,243.529,smooth_same_color_arc_forward_right_x20p25_ym4p5_bottom_right,smooth_same_color_arc_forward_right_x20p25_ym4p5_bottom_right,smooth_same_color_arc_forward_right_x20p25_ym4p5_bottom_right,right,forward,forward_right,1
5691,20.331,-5.267,0.5,248.824,smooth_same_color_arc_forward_right_x20p25_ym4p5_bottom_right,smooth_same_color_arc_forward_right_x20p25_ym4p5_bottom_right,smooth_same_color_arc_forward_right_x20p25_ym4p5_bottom_right,right,forward,forward_right,1
5692,20.296,-5.372,0.5,254.118,smooth_same_color_arc_forward_right_x20p25_ym4p5_bottom_right,smooth_same_color_arc_forward_right_x20p25_ym4p5_bottom_right,smooth_same_color_arc_forward_right_x20p25_ym4p5_bottom_right,right,forward,forward_right,1
5693,20.27,-5.48,0.5,259.412,smooth_same_color_arc_forward_right_x20p25_ym4p5_bottom_right,smooth_same_color_arc_forward_right_x20p25_ym4p5_bottom_right,smooth_same_color_arc_forward_right_x20p25_ym4p5_bottom_right,right,forward,forward_right,1
5694,20.255,-5.589,0.5,264.706,smooth_same_color_arc_forward_right_x20p25_ym4p5_bottom_right,smooth_same_color_arc_forward_right_x20p25_ym4p5_bottom_right,smooth_same_color_arc_forward_right_x20p25_ym4p5_bottom_right,right,forward,forward_right,1
5695,20.25,-5.7,0.5,270.0,smooth_same_color_arc_forward_right_x20p25_ym4p5_bottom_right,smooth_same_color_arc_forward_right_x20p25_ym4p5_bottom_right,smooth_same_color_arc_forward_right_x20p25_ym4p5_bottom_right,right,forward,forward_right,0
5696,19.05,-4.5,0.5,0.0,smooth_same_color_arc_forward_right_x20p25_ym4p5_top_left,smooth_same_color_arc_forward_right_x20p25_ym4p5_top_left,smooth_same_color_arc_forward_right_x20p25_ym4p5_top_left,right,forward,forward_right,1
5697,19.161,-4.495,0.5,5.294,smooth_same_color_arc_forward_right_x20p25_ym4p5_top_left,smooth_same_color_arc_forward_right_x20p25_ym4p5_top_left,smooth_same_color_arc_forward_right_x20p25_ym4p5_top_left,right,forward,forward_right,1
5698,19.27,-4.48,0.5,10.588,smooth_same_color_arc_forward_right_x20p25_ym4p5_top_left,smooth_same_color_arc_forward_right_x20p25_ym4p5_top_left,smooth_same_color_arc_forward_right_x20p25_ym4p5_top_left,right,forward,forward_right,1
5699,19.378,-4.454,0.5,15.882,smooth_same_color_arc_forward_right_x20p25_ym4p5_top_left,smooth_same_color_arc_forward_right_x20p25_ym4p5_top_left,smooth_same_color_arc_forward_right_x20p25_ym4p5_top_left,right,forward,forward_right,1
5700,19.483,-4.419,0.5,21.176,smooth_same_color_arc_forward_right_x20p25_ym4p5_top_left,smooth_same_color_arc_forward_right_x20p25_ym4p5_top_left,smooth_same_color_arc_forward_right_x20p25_ym4p5_top_left,right,forward,forward_right,1
5701,19.585,-4.374,0.5,26.471,smooth_same_color_arc_forward_right_x20p25_ym4p5_top_left,smooth_same_color_arc_forward_right_x20p25_ym4p5_top_left,smooth_same_color_arc_forward_right_x20p25_ym4p5_top_left,right,forward,forward_right,1
5702,19.682,-4.32,0.5,31.765,smooth_same_color_arc_forward_right_x20p25_ym4p5_top_left,smooth_same_color_arc_forward_right_x20p25_ym4p5_top_left,smooth_same_color_arc_forward_right_x20p25_ym4p5_top_left,right,forward,forward_right,1
5703,19.773,-4.258,0.5,37.059,smooth_same_color_arc_forward_right_x20p25_ym4p5_top_left,smooth_same_color_arc_forward_right_x20p25_ym4p5_top_left,smooth_same_color_arc_forward_right_x20p25_ym4p5_top_left,right,forward,forward_right,1
5704,19.858,-4.187,0.5,42.353,smooth_same_color_arc_forward_right_x20p25_ym4p5_top_left,smooth_same_color_arc_forward_right_x20p25_ym4p5_top_left,smooth_same_color_arc_forward_right_x20p25_ym4p5_top_left,right,forward,forward_right,1
5705,19.937,-4.108,0.5,47.647,smooth_same_color_arc_forward_right_x20p25_ym4p5_top_left,smooth_same_color_arc_forward_right_x20p25_ym4p5_top_left,smooth_same_color_arc_forward_right_x20p25_ym4p5_top_left,right,forward,forward_right,1
5706,20.008,-4.023,0.5,52.941,smooth_same_color_arc_forward_right_x20p25_ym4p5_top_left,smooth_same_color_arc_forward_right_x20p25_ym4p5_top_left,smooth_same_color_arc_forward_right_x20p25_ym4p5_top_left,right,forward,forward_right,1
5707,20.07,-3.932,0.5,58.235,smooth_same_color_arc_forward_right_x20p25_ym4p5_top_left,smooth_same_color_arc_forward_right_x20p25_ym4p5_top_left,smooth_same_color_arc_forward_right_x20p25_ym4p5_top_left,right,forward,forward_right,1
5708,20.124,-3.835,0.5,63.529,smooth_same_color_arc_forward_right_x20p25_ym4p5_top_left,smooth_same_color_arc_forward_right_x20p25_ym4p5_top_left,smooth_same_color_arc_forward_right_x20p25_ym4p5_top_left,right,forward,forward_right,1
5709,20.169,-3.733,0.5,68.824,smooth_same_color_arc_forward_right_x20p25_ym4p5_top_left,smooth_same_color_arc_forward_right_x20p25_ym4p5_top_left,smooth_same_color_arc_forward_right_x20p25_ym4p5_top_left,right,forward,forward_right,1
5710,20.204,-3.628,0.5,74.118,smooth_same_color_arc_forward_right_x20p25_ym4p5_top_left,smooth_same_color_arc_forward_right_x20p25_ym4p5_top_left,smooth_same_color_arc_forward_right_x20p25_ym4p5_top_left,right,forward,forward_right,1
5711,20.23,-3.52,0.5,79.412,smooth_same_color_arc_forward_right_x20p25_ym4p5_top_left,smooth_same_color_arc_forward_right_x20p25_ym4p5_top_left,smooth_same_color_arc_forward_right_x20p25_ym4p5_top_left,right,forward,forward_right,1
5712,20.245,-3.411,0.5,84.706,smooth_same_color_arc_forward_right_x20p25_ym4p5_top_left,smooth_same_color_arc_forward_right_x20p25_ym4p5_top_left,smooth_same_color_arc_forward_right_x20p25_ym4p5_top_left,right,forward,forward_right,1
5713,20.25,-3.3,0.5,90.0,smooth_same_color_arc_forward_right_x20p25_ym4p5_top_left,smooth_same_color_arc_forward_right_x20p25_ym4p5_top_left,smooth_same_color_arc_forward_right_x20p25_ym4p5_top_left,right,forward,forward_right,0
5714,19.05,-4.5,0.5,0.0,smooth_same_color_arc_forward_right_x20p25_ym4p5_bottom_left,smooth_same_color_arc_forward_right_x20p25_ym4p5_bottom_left,smooth_same_color_arc_forward_right_x20p25_ym4p5_bottom_left,right,forward,forward_right,1
5715,19.161,-4.505,0.5,-5.294,smooth_same_color_arc_forward_right_x20p25_ym4p5_bottom_left,smooth_same_color_arc_forward_right_x20p25_ym4p5_bottom_left,smooth_same_color_arc_forward_right_x20p25_ym4p5_bottom_left,right,forward,forward_right,1
5716,19.27,-4.52,0.5,-10.588,smooth_same_color_arc_forward_right_x20p25_ym4p5_bottom_left,smooth_same_color_arc_forward_right_x20p25_ym4p5_bottom_left,smooth_same_color_arc_forward_right_x20p25_ym4p5_bottom_left,right,forward,forward_right,1
5717,19.378,-4.546,0.5,-15.882,smooth_same_color_arc_forward_right_x20p25_ym4p5_bottom_left,smooth_same_color_arc_forward_right_x20p25_ym4p5_bottom_left,smooth_same_color_arc_forward_right_x20p25_ym4p5_bottom_left,right,forward,forward_right,1
5718,19.483,-4.581,0.5,-21.176,smooth_same_color_arc_forward_right_x20p25_ym4p5_bottom_left,smooth_same_color_arc_forward_right_x20p25_ym4p5_bottom_left,smooth_same_color_arc_forward_right_x20p25_ym4p5_bottom_left,right,forward,forward_right,1
5719,19.585,-4.626,0.5,-26.471,smooth_same_color_arc_forward_right_x20p25_ym4p5_bottom_left,smooth_same_color_arc_forward_right_x20p25_ym4p5_bottom_left,smooth_same_color_arc_forward_right_x20p25_ym4p5_bottom_left,right,forward,forward_right,1
5720,19.682,-4.68,0.5,-31.765,smooth_same_color_arc_forward_right_x20p25_ym4p5_bottom_left,smooth_same_color_arc_forward_right_x20p25_ym4p5_bottom_left,smooth_same_color_arc_forward_right_x20p25_ym4p5_bottom_left,right,forward,forward_right,1
5721,19.773,-4.742,0.5,-37.059,smooth_same_color_arc_forward_right_x20p25_ym4p5_bottom_left,smooth_same_color_arc_forward_right_x20p25_ym4p5_bottom_left,smooth_same_color_arc_forward_right_x20p25_ym4p5_bottom_left,right,forward,forward_right,1
5722,19.858,-4.813,0.5,-42.353,smooth_same_color_arc_forward_right_x20p25_ym4p5_bottom_left,smooth_same_color_arc_forward_right_x20p25_ym4p5_bottom_left,smooth_same_color_arc_forward_right_x20p25_ym4p5_bottom_left,right,forward,forward_right,1
5723,19.937,-4.892,0.5,-47.647,smooth_same_color_arc_forward_right_x20p25_ym4p5_bottom_left,smooth_same_color_arc_forward_right_x20p25_ym4p5_bottom_left,smooth_same_color_arc_forward_right_x20p25_ym4p5_bottom_left,right,forward,forward_right,1
5724,20.008,-4.977,0.5,-52.941,smooth_same_color_arc_forward_right_x20p25_ym4p5_bottom_left,smooth_same_color_arc_forward_right_x20p25_ym4p5_bottom_left,smooth_same_color_arc_forward_right_x20p25_ym4p5_bottom_left,right,forward,forward_right,1
5725,20.07,-5.068,0.5,-58.235,smooth_same_color_arc_forward_right_x20p25_ym4p5_bottom_left,smooth_same_color_arc_forward_right_x20p25_ym4p5_bottom_left,smooth_same_color_arc_forward_right_x20p25_ym4p5_bottom_left,right,forward,forward_right,1
5726,20.124,-5.165,0.5,-63.529,smooth_same_color_arc_forward_right_x20p25_ym4p5_bottom_left,smooth_same_color_arc_forward_right_x20p25_ym4p5_bottom_left,smooth_same_color_arc_forward_right_x20p25_ym4p5_bottom_left,right,forward,forward_right,1
5727,20.169,-5.267,0.5,-68.824,smooth_same_color_arc_forward_right_x20p25_ym4p5_bottom_left,smooth_same_color_arc_forward_right_x20p25_ym4p5_bottom_left,smooth_same_color_arc_forward_right_x20p25_ym4p5_bottom_left,right,forward,forward_right,1
5728,20.204,-5.372,0.5,-74.118,smooth_same_color_arc_forward_right_x20p25_ym4p5_bottom_left,smooth_same_color_arc_forward_right_x20p25_ym4p5_bottom_left,smooth_same_color_arc_forward_right_x20p25_ym4p5_bottom_left,right,forward,forward_right,1
5729,20.23,-5.48,0.5,-79.412,smooth_same_color_arc_forward_right_x20p25_ym4p5_bottom_left,smooth_same_color_arc_forward_right_x20p25_ym4p5_bottom_left,smooth_same_color_arc_forward_right_x20p25_ym4p5_bottom_left,right,forward,forward_right,1
5730,20.245,-5.589,0.5,-84.706,smooth_same_color_arc_forward_right_x20p25_ym4p5_bottom_left,smooth_same_color_arc_forward_right_x20p25_ym4p5_bottom_left,smooth_same_color_arc_forward_right_x20p25_ym4p5_bottom_left,right,forward,forward_right,1
5731,20.25,-5.7,0.5,-90.0,smooth_same_color_arc_forward_right_x20p25_ym4p5_bottom_left,smooth_same_color_arc_forward_right_x20p25_ym4p5_bottom_left,smooth_same_color_arc_forward_right_x20p25_ym4p5_bottom_left,right,forward,forward_right,0
5732,18.45,27.5,0.5,-180.0,smooth_same_color_arc_reverse_right_x17p25_y27p5_top_right,smooth_same_color_arc_reverse_right_x17p25_y27p5_top_right,smooth_same_color_arc_reverse_right_x17p25_y27p5_top_right,right,reverse,reverse_right,1
5733,18.339,27.505,0.5,-185.294,smooth_same_color_arc_reverse_right_x17p25_y27p5_top_right,smooth_same_color_arc_reverse_right_x17p25_y27p5_top_right,smooth_same_color_arc_reverse_right_x17p25_y27p5_top_right,right,reverse,reverse_right,1
5734,18.23,27.52,0.5,-190.588,smooth_same_color_arc_reverse_right_x17p25_y27p5_top_right,smooth_same_color_arc_reverse_right_x17p25_y27p5_top_right,smooth_same_color_arc_reverse_right_x17p25_y27p5_top_right,right,reverse,reverse_right,1
5735,18.122,27.546,0.5,-195.882,smooth_same_color_arc_reverse_right_x17p25_y27p5_top_right,smooth_same_color_arc_reverse_right_x17p25_y27p5_top_right,smooth_same_color_arc_reverse_right_x17p25_y27p5_top_right,right,reverse,reverse_right,1
5736,18.017,27.581,0.5,-201.176,smooth_same_color_arc_reverse_right_x17p25_y27p5_top_right,smooth_same_color_arc_reverse_right_x17p25_y27p5_top_right,smooth_same_color_arc_reverse_right_x17p25_y27p5_top_right,right,reverse,reverse_right,1
5737,17.915,27.626,0.5,-206.471,smooth_same_color_arc_reverse_right_x17p25_y27p5_top_right,smooth_same_color_arc_reverse_right_x17p25_y27p5_top_right,smooth_same_color_arc_reverse_right_x17p25_y27p5_top_right,right,reverse,reverse_right,1
5738,17.818,27.68,0.5,-211.765,smooth_same_color_arc_reverse_right_x17p25_y27p5_top_right,smooth_same_color_arc_reverse_right_x17p25_y27p5_top_right,smooth_same_color_arc_reverse_right_x17p25_y27p5_top_right,right,reverse,reverse_right,1
5739,17.727,27.742,0.5,-217.059,smooth_same_color_arc_reverse_right_x17p25_y27p5_top_right,smooth_same_color_arc_reverse_right_x17p25_y27p5_top_right,smooth_same_color_arc_reverse_right_x17p25_y27p5_top_right,right,reverse,reverse_right,1
5740,17.642,27.813,0.5,-222.353,smooth_same_color_arc_reverse_right_x17p25_y27p5_top_right,smooth_same_color_arc_reverse_right_x17p25_y27p5_top_right,smooth_same_color_arc_reverse_right_x17p25_y27p5_top_right,right,reverse,reverse_right,1
5741,17.563,27.892,0.5,-227.647,smooth_same_color_arc_reverse_right_x17p25_y27p5_top_right,smooth_same_color_arc_reverse_right_x17p25_y27p5_top_right,smooth_same_color_arc_reverse_right_x17p25_y27p5_top_right,right,reverse,reverse_right,1
5742,17.492,27.977,0.5,-232.941,smooth_same_color_arc_reverse_right_x17p25_y27p5_top_right,smooth_same_color_arc_reverse_right_x17p25_y27p5_top_right,smooth_same_color_arc_reverse_right_x17p25_y27p5_top_right,right,reverse,reverse_right,1
5743,17.43,28.068,0.5,-238.235,smooth_same_color_arc_reverse_right_x17p25_y27p5_top_right,smooth_same_color_arc_reverse_right_x17p25_y27p5_top_right,smooth_same_color_arc_reverse_right_x17p25_y27p5_top_right,right,reverse,reverse_right,1
5744,17.376,28.165,0.5,-243.529,smooth_same_color_arc_reverse_right_x17p25_y27p5_top_right,smooth_same_color_arc_reverse_right_x17p25_y27p5_top_right,smooth_same_color_arc_reverse_right_x17p25_y27p5_top_right,right,reverse,reverse_right,1
5745,17.331,28.267,0.5,-248.824,smooth_same_color_arc_reverse_right_x17p25_y27p5_top_right,smooth_same_color_arc_reverse_right_x17p25_y27p5_top_right,smooth_same_color_arc_reverse_right_x17p25_y27p5_top_right,right,reverse,reverse_right,1
5746,17.296,28.372,0.5,-254.118,smooth_same_color_arc_reverse_right_x17p25_y27p5_top_right,smooth_same_color_arc_reverse_right_x17p25_y27p5_top_right,smooth_same_color_arc_reverse_right_x17p25_y27p5_top_right,right,reverse,reverse_right,1
5747,17.27,28.48,0.5,-259.412,smooth_same_color_arc_reverse_right_x17p25_y27p5_top_right,smooth_same_color_arc_reverse_right_x17p25_y27p5_top_right,smooth_same_color_arc_reverse_right_x17p25_y27p5_top_right,right,reverse,reverse_right,1
5748,17.255,28.589,0.5,-264.706,smooth_same_color_arc_reverse_right_x17p25_y27p5_top_right,smooth_same_color_arc_reverse_right_x17p25_y27p5_top_right,smooth_same_color_arc_reverse_right_x17p25_y27p5_top_right,right,reverse,reverse_right,1
5749,17.25,28.7,0.5,-270.0,smooth_same_color_arc_reverse_right_x17p25_y27p5_top_right,smooth_same_color_arc_reverse_right_x17p25_y27p5_top_right,smooth_same_color_arc_reverse_right_x17p25_y27p5_top_right,right,reverse,reverse_right,0
5750,18.45,27.5,0.5,180.0,smooth_same_color_arc_reverse_right_x17p25_y27p5_bottom_right,smooth_same_color_arc_reverse_right_x17p25_y27p5_bottom_right,smooth_same_color_arc_reverse_right_x17p25_y27p5_bottom_right,right,reverse,reverse_right,1
5751,18.339,27.495,0.5,185.294,smooth_same_color_arc_reverse_right_x17p25_y27p5_bottom_right,smooth_same_color_arc_reverse_right_x17p25_y27p5_bottom_right,smooth_same_color_arc_reverse_right_x17p25_y27p5_bottom_right,right,reverse,reverse_right,1
5752,18.23,27.48,0.5,190.588,smooth_same_color_arc_reverse_right_x17p25_y27p5_bottom_right,smooth_same_color_arc_reverse_right_x17p25_y27p5_bottom_right,smooth_same_color_arc_reverse_right_x17p25_y27p5_bottom_right,right,reverse,reverse_right,1
5753,18.122,27.454,0.5,195.882,smooth_same_color_arc_reverse_right_x17p25_y27p5_bottom_right,smooth_same_color_arc_reverse_right_x17p25_y27p5_bottom_right,smooth_same_color_arc_reverse_right_x17p25_y27p5_bottom_right,right,reverse,reverse_right,1
5754,18.017,27.419,0.5,201.176,smooth_same_color_arc_reverse_right_x17p25_y27p5_bottom_right,smooth_same_color_arc_reverse_right_x17p25_y27p5_bottom_right,smooth_same_color_arc_reverse_right_x17p25_y27p5_bottom_right,right,reverse,reverse_right,1
5755,17.915,27.374,0.5,206.471,smooth_same_color_arc_reverse_right_x17p25_y27p5_bottom_right,smooth_same_color_arc_reverse_right_x17p25_y27p5_bottom_right,smooth_same_color_arc_reverse_right_x17p25_y27p5_bottom_right,right,reverse,reverse_right,1
5756,17.818,27.32,0.5,211.765,smooth_same_color_arc_reverse_right_x17p25_y27p5_bottom_right,smooth_same_color_arc_reverse_right_x17p25_y27p5_bottom_right,smooth_same_color_arc_reverse_right_x17p25_y27p5_bottom_right,right,reverse,reverse_right,1
5757,17.727,27.258,0.5,217.059,smooth_same_color_arc_reverse_right_x17p25_y27p5_bottom_right,smooth_same_color_arc_reverse_right_x17p25_y27p5_bottom_right,smooth_same_color_arc_reverse_right_x17p25_y27p5_bottom_right,right,reverse,reverse_right,1
5758,17.642,27.187,0.5,222.353,smooth_same_color_arc_reverse_right_x17p25_y27p5_bottom_right,smooth_same_color_arc_reverse_right_x17p25_y27p5_bottom_right,smooth_same_color_arc_reverse_right_x17p25_y27p5_bottom_right,right,reverse,reverse_right,1
5759,17.563,27.108,0.5,227.647,smooth_same_color_arc_reverse_right_x17p25_y27p5_bottom_right,smooth_same_color_arc_reverse_right_x17p25_y27p5_bottom_right,smooth_same_color_arc_reverse_right_x17p25_y27p5_bottom_right,right,reverse,reverse_right,1
5760,17.492,27.023,0.5,232.941,smooth_same_color_arc_reverse_right_x17p25_y27p5_bottom_right,smooth_same_color_arc_reverse_right_x17p25_y27p5_bottom_right,smooth_same_color_arc_reverse_right_x17p25_y27p5_bottom_right,right,reverse,reverse_right,1
5761,17.43,26.932,0.5,238.235,smooth_same_color_arc_reverse_right_x17p25_y27p5_bottom_right,smooth_same_color_arc_reverse_right_x17p25_y27p5_bottom_right,smooth_same_color_arc_reverse_right_x17p25_y27p5_bottom_right,right,reverse,reverse_right,1
5762,17.376,26.835,0.5,243.529,smooth_same_color_arc_reverse_right_x17p25_y27p5_bottom_right,smooth_same_color_arc_reverse_right_x17p25_y27p5_bottom_right,smooth_same_color_arc_reverse_right_x17p25_y27p5_bottom_right,right,reverse,reverse_right,1
5763,17.331,26.733,0.5,248.824,smooth_same_color_arc_reverse_right_x17p25_y27p5_bottom_right,smooth_same_color_arc_reverse_right_x17p25_y27p5_bottom_right,smooth_same_color_arc_reverse_right_x17p25_y27p5_bottom_right,right,reverse,reverse_right,1
5764,17.296,26.628,0.5,254.118,smooth_same_color_arc_reverse_right_x17p25_y27p5_bottom_right,smooth_same_color_arc_reverse_right_x17p25_y27p5_bottom_right,smooth_same_color_arc_reverse_right_x17p25_y27p5_bottom_right,right,reverse,reverse_right,1
5765,17.27,26.52,0.5,259.412,smooth_same_color_arc_reverse_right_x17p25_y27p5_bottom_right,smooth_same_color_arc_reverse_right_x17p25_y27p5_bottom_right,smooth_same_color_arc_reverse_right_x17p25_y27p5_bottom_right,right,reverse,reverse_right,1
5766,17.255,26.411,0.5,264.706,smooth_same_color_arc_reverse_right_x17p25_y27p5_bottom_right,smooth_same_color_arc_reverse_right_x17p25_y27p5_bottom_right,smooth_same_color_arc_reverse_right_x17p25_y27p5_bottom_right,right,reverse,reverse_right,1
5767,17.25,26.3,0.5,270.0,smooth_same_color_arc_reverse_right_x17p25_y27p5_bottom_right,smooth_same_color_arc_reverse_right_x17p25_y27p5_bottom_right,smooth_same_color_arc_reverse_right_x17p25_y27p5_bottom_right,right,reverse,reverse_right,0
5768,16.05,27.5,0.5,0.0,smooth_same_color_arc_reverse_right_x17p25_y27p5_top_left,smooth_same_color_arc_reverse_right_x17p25_y27p5_top_left,smooth_same_color_arc_reverse_right_x17p25_y27p5_top_left,right,reverse,reverse_right,1
5769,16.161,27.505,0.5,5.294,smooth_same_color_arc_reverse_right_x17p25_y27p5_top_left,smooth_same_color_arc_reverse_right_x17p25_y27p5_top_left,smooth_same_color_arc_reverse_right_x17p25_y27p5_top_left,right,reverse,reverse_right,1
5770,16.27,27.52,0.5,10.588,smooth_same_color_arc_reverse_right_x17p25_y27p5_top_left,smooth_same_color_arc_reverse_right_x17p25_y27p5_top_left,smooth_same_color_arc_reverse_right_x17p25_y27p5_top_left,right,reverse,reverse_right,1
5771,16.378,27.546,0.5,15.882,smooth_same_color_arc_reverse_right_x17p25_y27p5_top_left,smooth_same_color_arc_reverse_right_x17p25_y27p5_top_left,smooth_same_color_arc_reverse_right_x17p25_y27p5_top_left,right,reverse,reverse_right,1
5772,16.483,27.581,0.5,21.176,smooth_same_color_arc_reverse_right_x17p25_y27p5_top_left,smooth_same_color_arc_reverse_right_x17p25_y27p5_top_left,smooth_same_color_arc_reverse_right_x17p25_y27p5_top_left,right,reverse,reverse_right,1
5773,16.585,27.626,0.5,26.471,smooth_same_color_arc_reverse_right_x17p25_y27p5_top_left,smooth_same_color_arc_reverse_right_x17p25_y27p5_top_left,smooth_same_color_arc_reverse_right_x17p25_y27p5_top_left,right,reverse,reverse_right,1
5774,16.682,27.68,0.5,31.765,smooth_same_color_arc_reverse_right_x17p25_y27p5_top_left,smooth_same_color_arc_reverse_right_x17p25_y27p5_top_left,smooth_same_color_arc_reverse_right_x17p25_y27p5_top_left,right,reverse,reverse_right,1
5775,16.773,27.742,0.5,37.059,smooth_same_color_arc_reverse_right_x17p25_y27p5_top_left,smooth_same_color_arc_reverse_right_x17p25_y27p5_top_left,smooth_same_color_arc_reverse_right_x17p25_y27p5_top_left,right,reverse,reverse_right,1
5776,16.858,27.813,0.5,42.353,smooth_same_color_arc_reverse_right_x17p25_y27p5_top_left,smooth_same_color_arc_reverse_right_x17p25_y27p5_top_left,smooth_same_color_arc_reverse_right_x17p25_y27p5_top_left,right,reverse,reverse_right,1
5777,16.937,27.892,0.5,47.647,smooth_same_color_arc_reverse_right_x17p25_y27p5_top_left,smooth_same_color_arc_reverse_right_x17p25_y27p5_top_left,smooth_same_color_arc_reverse_right_x17p25_y27p5_top_left,right,reverse,reverse_right,1
5778,17.008,27.977,0.5,52.941,smooth_same_color_arc_reverse_right_x17p25_y27p5_top_left,smooth_same_color_arc_reverse_right_x17p25_y27p5_top_left,smooth_same_color_arc_reverse_right_x17p25_y27p5_top_left,right,reverse,reverse_right,1
5779,17.07,28.068,0.5,58.235,smooth_same_color_arc_reverse_right_x17p25_y27p5_top_left,smooth_same_color_arc_reverse_right_x17p25_y27p5_top_left,smooth_same_color_arc_reverse_right_x17p25_y27p5_top_left,right,reverse,reverse_right,1
5780,17.124,28.165,0.5,63.529,smooth_same_color_arc_reverse_right_x17p25_y27p5_top_left,smooth_same_color_arc_reverse_right_x17p25_y27p5_top_left,smooth_same_color_arc_reverse_right_x17p25_y27p5_top_left,right,reverse,reverse_right,1
5781,17.169,28.267,0.5,68.824,smooth_same_color_arc_reverse_right_x17p25_y27p5_top_left,smooth_same_color_arc_reverse_right_x17p25_y27p5_top_left,smooth_same_color_arc_reverse_right_x17p25_y27p5_top_left,right,reverse,reverse_right,1
5782,17.204,28.372,0.5,74.118,smooth_same_color_arc_reverse_right_x17p25_y27p5_top_left,smooth_same_color_arc_reverse_right_x17p25_y27p5_top_left,smooth_same_color_arc_reverse_right_x17p25_y27p5_top_left,right,reverse,reverse_right,1
5783,17.23,28.48,0.5,79.412,smooth_same_color_arc_reverse_right_x17p25_y27p5_top_left,smooth_same_color_arc_reverse_right_x17p25_y27p5_top_left,smooth_same_color_arc_reverse_right_x17p25_y27p5_top_left,right,reverse,reverse_right,1
5784,17.245,28.589,0.5,84.706,smooth_same_color_arc_reverse_right_x17p25_y27p5_top_left,smooth_same_color_arc_reverse_right_x17p25_y27p5_top_left,smooth_same_color_arc_reverse_right_x17p25_y27p5_top_left,right,reverse,reverse_right,1
5785,17.25,28.7,0.5,90.0,smooth_same_color_arc_reverse_right_x17p25_y27p5_top_left,smooth_same_color_arc_reverse_right_x17p25_y27p5_top_left,smooth_same_color_arc_reverse_right_x17p25_y27p5_top_left,right,reverse,reverse_right,0
5786,16.05,27.5,0.5,0.0,smooth_same_color_arc_reverse_right_x17p25_y27p5_bottom_left,smooth_same_color_arc_reverse_right_x17p25_y27p5_bottom_left,smooth_same_color_arc_reverse_right_x17p25_y27p5_bottom_left,right,reverse,reverse_right,1
5787,16.161,27.495,0.5,-5.294,smooth_same_color_arc_reverse_right_x17p25_y27p5_bottom_left,smooth_same_color_arc_reverse_right_x17p25_y27p5_bottom_left,smooth_same_color_arc_reverse_right_x17p25_y27p5_bottom_left,right,reverse,reverse_right,1
5788,16.27,27.48,0.5,-10.588,smooth_same_color_arc_reverse_right_x17p25_y27p5_bottom_left,smooth_same_color_arc_reverse_right_x17p25_y27p5_bottom_left,smooth_same_color_arc_reverse_right_x17p25_y27p5_bottom_left,right,reverse,reverse_right,1
5789,16.378,27.454,0.5,-15.882,smooth_same_color_arc_reverse_right_x17p25_y27p5_bottom_left,smooth_same_color_arc_reverse_right_x17p25_y27p5_bottom_left,smooth_same_color_arc_reverse_right_x17p25_y27p5_bottom_left,right,reverse,reverse_right,1
5790,16.483,27.419,0.5,-21.176,smooth_same_color_arc_reverse_right_x17p25_y27p5_bottom_left,smooth_same_color_arc_reverse_right_x17p25_y27p5_bottom_left,smooth_same_color_arc_reverse_right_x17p25_y27p5_bottom_left,right,reverse,reverse_right,1
5791,16.585,27.374,0.5,-26.471,smooth_same_color_arc_reverse_right_x17p25_y27p5_bottom_left,smooth_same_color_arc_reverse_right_x17p25_y27p5_bottom_left,smooth_same_color_arc_reverse_right_x17p25_y27p5_bottom_left,right,reverse,reverse_right,1
5792,16.682,27.32,0.5,-31.765,smooth_same_color_arc_reverse_right_x17p25_y27p5_bottom_left,smooth_same_color_arc_reverse_right_x17p25_y27p5_bottom_left,smooth_same_color_arc_reverse_right_x17p25_y27p5_bottom_left,right,reverse,reverse_right,1
5793,16.773,27.258,0.5,-37.059,smooth_same_color_arc_reverse_right_x17p25_y27p5_bottom_left,smooth_same_color_arc_reverse_right_x17p25_y27p5_bottom_left,smooth_same_color_arc_reverse_right_x17p25_y27p5_bottom_left,right,reverse,reverse_right,1
5794,16.858,27.187,0.5,-42.353,smooth_same_color_arc_reverse_right_x17p25_y27p5_bottom_left,smooth_same_color_arc_reverse_right_x17p25_y27p5_bottom_left,smooth_same_color_arc_reverse_right_x17p25_y27p5_bottom_left,right,reverse,reverse_right,1
5795,16.937,27.108,0.5,-47.647,smooth_same_color_arc_reverse_right_x17p25_y27p5_bottom_left,smooth_same_color_arc_reverse_right_x17p25_y27p5_bottom_left,smooth_same_color_arc_reverse_right_x17p25_y27p5_bottom_left,right,reverse,reverse_right,1
5796,17.008,27.023,0.5,-52.941,smooth_same_color_arc_reverse_right_x17p25_y27p5_bottom_left,smooth_same_color_arc_reverse_right_x17p25_y27p5_bottom_left,smooth_same_color_arc_reverse_right_x17p25_y27p5_bottom_left,right,reverse,reverse_right,1
5797,17.07,26.932,0.5,-58.235,smooth_same_color_arc_reverse_right_x17p25_y27p5_bottom_left,smooth_same_color_arc_reverse_right_x17p25_y27p5_bottom_left,smooth_same_color_arc_reverse_right_x17p25_y27p5_bottom_left,right,reverse,reverse_right,1
5798,17.124,26.835,0.5,-63.529,smooth_same_color_arc_reverse_right_x17p25_y27p5_bottom_left,smooth_same_color_arc_reverse_right_x17p25_y27p5_bottom_left,smooth_same_color_arc_reverse_right_x17p25_y27p5_bottom_left,right,reverse,reverse_right,1
5799,17.169,26.733,0.5,-68.824,smooth_same_color_arc_reverse_right_x17p25_y27p5_bottom_left,smooth_same_color_arc_reverse_right_x17p25_y27p5_bottom_left,smooth_same_color_arc_reverse_right_x17p25_y27p5_bottom_left,right,reverse,reverse_right,1
5800,17.204,26.628,0.5,-74.118,smooth_same_color_arc_reverse_right_x17p25_y27p5_bottom_left,smooth_same_color_arc_reverse_right_x17p25_y27p5_bottom_left,smooth_same_color_arc_reverse_right_x17p25_y27p5_bottom_left,right,reverse,reverse_right,1
5801,17.23,26.52,0.5,-79.412,smooth_same_color_arc_reverse_right_x17p25_y27p5_bottom_left,smooth_same_color_arc_reverse_right_x17p25_y27p5_bottom_left,smooth_same_color_arc_reverse_right_x17p25_y27p5_bottom_left,right,reverse,reverse_right,1
5802,17.245,26.411,0.5,-84.706,smooth_same_color_arc_reverse_right_x17p25_y27p5_bottom_left,smooth_same_color_arc_reverse_right_x17p25_y27p5_bottom_left,smooth_same_color_arc_reverse_right_x17p25_y27p5_bottom_left,right,reverse,reverse_right,1
5803,17.25,26.3,0.5,-90.0,smooth_same_color_arc_reverse_right_x17p25_y27p5_bottom_left,smooth_same_color_arc_reverse_right_x17p25_y27p5_bottom_left,smooth_same_color_arc_reverse_right_x17p25_y27p5_bottom_left,right,reverse,reverse_right,0
5804,-19.05,27.5,0.5,-180.0,smooth_same_color_arc_reverse_right_xm20p25_y27p5_top_right,smooth_same_color_arc_reverse_right_xm20p25_y27p5_top_right,smooth_same_color_arc_reverse_right_xm20p25_y27p5_top_right,right,reverse,reverse_right,1
5805,-19.161,27.505,0.5,-185.294,smooth_same_color_arc_reverse_right_xm20p25_y27p5_top_right,smooth_same_color_arc_reverse_right_xm20p25_y27p5_top_right,smooth_same_color_arc_reverse_right_xm20p25_y27p5_top_right,right,reverse,reverse_right,1
5806,-19.27,27.52,0.5,-190.588,smooth_same_color_arc_reverse_right_xm20p25_y27p5_top_right,smooth_same_color_arc_reverse_right_xm20p25_y27p5_top_right,smooth_same_color_arc_reverse_right_xm20p25_y27p5_top_right,right,reverse,reverse_right,1
5807,-19.378,27.546,0.5,-195.882,smooth_same_color_arc_reverse_right_xm20p25_y27p5_top_right,smooth_same_color_arc_reverse_right_xm20p25_y27p5_top_right,smooth_same_color_arc_reverse_right_xm20p25_y27p5_top_right,right,reverse,reverse_right,1
5808,-19.483,27.581,0.5,-201.176,smooth_same_color_arc_reverse_right_xm20p25_y27p5_top_right,smooth_same_color_arc_reverse_right_xm20p25_y27p5_top_right,smooth_same_color_arc_reverse_right_xm20p25_y27p5_top_right,right,reverse,reverse_right,1
5809,-19.585,27.626,0.5,-206.471,smooth_same_color_arc_reverse_right_xm20p25_y27p5_top_right,smooth_same_color_arc_reverse_right_xm20p25_y27p5_top_right,smooth_same_color_arc_reverse_right_xm20p25_y27p5_top_right,right,reverse,reverse_right,1
5810,-19.682,27.68,0.5,-211.765,smooth_same_color_arc_reverse_right_xm20p25_y27p5_top_right,smooth_same_color_arc_reverse_right_xm20p25_y27p5_top_right,smooth_same_color_arc_reverse_right_xm20p25_y27p5_top_right,right,reverse,reverse_right,1
5811,-19.773,27.742,0.5,-217.059,smooth_same_color_arc_reverse_right_xm20p25_y27p5_top_right,smooth_same_color_arc_reverse_right_xm20p25_y27p5_top_right,smooth_same_color_arc_reverse_right_xm20p25_y27p5_top_right,right,reverse,reverse_right,1
5812,-19.858,27.813,0.5,-222.353,smooth_same_color_arc_reverse_right_xm20p25_y27p5_top_right,smooth_same_color_arc_reverse_right_xm20p25_y27p5_top_right,smooth_same_color_arc_reverse_right_xm20p25_y27p5_top_right,right,reverse,reverse_right,1
5813,-19.937,27.892,0.5,-227.647,smooth_same_color_arc_reverse_right_xm20p25_y27p5_top_right,smooth_same_color_arc_reverse_right_xm20p25_y27p5_top_right,smooth_same_color_arc_reverse_right_xm20p25_y27p5_top_right,right,reverse,reverse_right,1
5814,-20.008,27.977,0.5,-232.941,smooth_same_color_arc_reverse_right_xm20p25_y27p5_top_right,smooth_same_color_arc_reverse_right_xm20p25_y27p5_top_right,smooth_same_color_arc_reverse_right_xm20p25_y27p5_top_right,right,reverse,reverse_right,1
5815,-20.07,28.068,0.5,-238.235,smooth_same_color_arc_reverse_right_xm20p25_y27p5_top_right,smooth_same_color_arc_reverse_right_xm20p25_y27p5_top_right,smooth_same_color_arc_reverse_right_xm20p25_y27p5_top_right,right,reverse,reverse_right,1
5816,-20.124,28.165,0.5,-243.529,smooth_same_color_arc_reverse_right_xm20p25_y27p5_top_right,smooth_same_color_arc_reverse_right_xm20p25_y27p5_top_right,smooth_same_color_arc_reverse_right_xm20p25_y27p5_top_right,right,reverse,reverse_right,1
5817,-20.169,28.267,0.5,-248.824,smooth_same_color_arc_reverse_right_xm20p25_y27p5_top_right,smooth_same_color_arc_reverse_right_xm20p25_y27p5_top_right,smooth_same_color_arc_reverse_right_xm20p25_y27p5_top_right,right,reverse,reverse_right,1
5818,-20.204,28.372,0.5,-254.118,smooth_same_color_arc_reverse_right_xm20p25_y27p5_top_right,smooth_same_color_arc_reverse_right_xm20p25_y27p5_top_right,smooth_same_color_arc_reverse_right_xm20p25_y27p5_top_right,right,reverse,reverse_right,1
5819,-20.23,28.48,0.5,-259.412,smooth_same_color_arc_reverse_right_xm20p25_y27p5_top_right,smooth_same_color_arc_reverse_right_xm20p25_y27p5_top_right,smooth_same_color_arc_reverse_right_xm20p25_y27p5_top_right,right,reverse,reverse_right,1
5820,-20.245,28.589,0.5,-264.706,smooth_same_color_arc_reverse_right_xm20p25_y27p5_top_right,smooth_same_color_arc_reverse_right_xm20p25_y27p5_top_right,smooth_same_color_arc_reverse_right_xm20p25_y27p5_top_right,right,reverse,reverse_right,1
5821,-20.25,28.7,0.5,-270.0,smooth_same_color_arc_reverse_right_xm20p25_y27p5_top_right,smooth_same_color_arc_reverse_right_xm20p25_y27p5_top_right,smooth_same_color_arc_reverse_right_xm20p25_y27p5_top_right,right,reverse,reverse_right,0
5822,-19.05,27.5,0.5,180.0,smooth_same_color_arc_reverse_right_xm20p25_y27p5_bottom_right,smooth_same_color_arc_reverse_right_xm20p25_y27p5_bottom_right,smooth_same_color_arc_reverse_right_xm20p25_y27p5_bottom_right,right,reverse,reverse_right,1
5823,-19.161,27.495,0.5,185.294,smooth_same_color_arc_reverse_right_xm20p25_y27p5_bottom_right,smooth_same_color_arc_reverse_right_xm20p25_y27p5_bottom_right,smooth_same_color_arc_reverse_right_xm20p25_y27p5_bottom_right,right,reverse,reverse_right,1
5824,-19.27,27.48,0.5,190.588,smooth_same_color_arc_reverse_right_xm20p25_y27p5_bottom_right,smooth_same_color_arc_reverse_right_xm20p25_y27p5_bottom_right,smooth_same_color_arc_reverse_right_xm20p25_y27p5_bottom_right,right,reverse,reverse_right,1
5825,-19.378,27.454,0.5,195.882,smooth_same_color_arc_reverse_right_xm20p25_y27p5_bottom_right,smooth_same_color_arc_reverse_right_xm20p25_y27p5_bottom_right,smooth_same_color_arc_reverse_right_xm20p25_y27p5_bottom_right,right,reverse,reverse_right,1
5826,-19.483,27.419,0.5,201.176,smooth_same_color_arc_reverse_right_xm20p25_y27p5_bottom_right,smooth_same_color_arc_reverse_right_xm20p25_y27p5_bottom_right,smooth_same_color_arc_reverse_right_xm20p25_y27p5_bottom_right,right,reverse,reverse_right,1
5827,-19.585,27.374,0.5,206.471,smooth_same_color_arc_reverse_right_xm20p25_y27p5_bottom_right,smooth_same_color_arc_reverse_right_xm20p25_y27p5_bottom_right,smooth_same_color_arc_reverse_right_xm20p25_y27p5_bottom_right,right,reverse,reverse_right,1
5828,-19.682,27.32,0.5,211.765,smooth_same_color_arc_reverse_right_xm20p25_y27p5_bottom_right,smooth_same_color_arc_reverse_right_xm20p25_y27p5_bottom_right,smooth_same_color_arc_reverse_right_xm20p25_y27p5_bottom_right,right,reverse,reverse_right,1
5829,-19.773,27.258,0.5,217.059,smooth_same_color_arc_reverse_right_xm20p25_y27p5_bottom_right,smooth_same_color_arc_reverse_right_xm20p25_y27p5_bottom_right,smooth_same_color_arc_reverse_right_xm20p25_y27p5_bottom_right,right,reverse,reverse_right,1
5830,-19.858,27.187,0.5,222.353,smooth_same_color_arc_reverse_right_xm20p25_y27p5_bottom_right,smooth_same_color_arc_reverse_right_xm20p25_y27p5_bottom_right,smooth_same_color_arc_reverse_right_xm20p25_y27p5_bottom_right,right,reverse,reverse_right,1
5831,-19.937,27.108,0.5,227.647,smooth_same_color_arc_reverse_right_xm20p25_y27p5_bottom_right,smooth_same_color_arc_reverse_right_xm20p25_y27p5_bottom_right,smooth_same_color_arc_reverse_right_xm20p25_y27p5_bottom_right,right,reverse,reverse_right,1
5832,-20.008,27.023,0.5,232.941,smooth_same_color_arc_reverse_right_xm20p25_y27p5_bottom_right,smooth_same_color_arc_reverse_right_xm20p25_y27p5_bottom_right,smooth_same_color_arc_reverse_right_xm20p25_y27p5_bottom_right,right,reverse,reverse_right,1
5833,-20.07,26.932,0.5,238.235,smooth_same_color_arc_reverse_right_xm20p25_y27p5_bottom_right,smooth_same_color_arc_reverse_right_xm20p25_y27p5_bottom_right,smooth_same_color_arc_reverse_right_xm20p25_y27p5_bottom_right,right,reverse,reverse_right,1
5834,-20.124,26.835,0.5,243.529,smooth_same_color_arc_reverse_right_xm20p25_y27p5_bottom_right,smooth_same_color_arc_reverse_right_xm20p25_y27p5_bottom_right,smooth_same_color_arc_reverse_right_xm20p25_y27p5_bottom_right,right,reverse,reverse_right,1
5835,-20.169,26.733,0.5,248.824,smooth_same_color_arc_reverse_right_xm20p25_y27p5_bottom_right,smooth_same_color_arc_reverse_right_xm20p25_y27p5_bottom_right,smooth_same_color_arc_reverse_right_xm20p25_y27p5_bottom_right,right,reverse,reverse_right,1
5836,-20.204,26.628,0.5,254.118,smooth_same_color_arc_reverse_right_xm20p25_y27p5_bottom_right,smooth_same_color_arc_reverse_right_xm20p25_y27p5_bottom_right,smooth_same_color_arc_reverse_right_xm20p25_y27p5_bottom_right,right,reverse,reverse_right,1
5837,-20.23,26.52,0.5,259.412,smooth_same_color_arc_reverse_right_xm20p25_y27p5_bottom_right,smooth_same_color_arc_reverse_right_xm20p25_y27p5_bottom_right,smooth_same_color_arc_reverse_right_xm20p25_y27p5_bottom_right,right,reverse,reverse_right,1
5838,-20.245,26.411,0.5,264.706,smooth_same_color_arc_reverse_right_xm20p25_y27p5_bottom_right,smooth_same_color_arc_reverse_right_xm20p25_y27p5_bottom_right,smooth_same_color_arc_reverse_right_xm20p25_y27p5_bottom_right,right,reverse,reverse_right,1
5839,-20.25,26.3,0.5,270.0,smooth_same_color_arc_reverse_right_xm20p25_y27p5_bottom_right,smooth_same_color_arc_reverse_right_xm20p25_y27p5_bottom_right,smooth_same_color_arc_reverse_right_xm20p25_y27p5_bottom_right,right,reverse,reverse_right,0
5840,-21.45,27.5,0.5,0.0,smooth_same_color_arc_reverse_right_xm20p25_y27p5_top_left,smooth_same_color_arc_reverse_right_xm20p25_y27p5_top_left,smooth_same_color_arc_reverse_right_xm20p25_y27p5_top_left,right,reverse,reverse_right,1
5841,-21.339,27.505,0.5,5.294,smooth_same_color_arc_reverse_right_xm20p25_y27p5_top_left,smooth_same_color_arc_reverse_right_xm20p25_y27p5_top_left,smooth_same_color_arc_reverse_right_xm20p25_y27p5_top_left,right,reverse,reverse_right,1
5842,-21.23,27.52,0.5,10.588,smooth_same_color_arc_reverse_right_xm20p25_y27p5_top_left,smooth_same_color_arc_reverse_right_xm20p25_y27p5_top_left,smooth_same_color_arc_reverse_right_xm20p25_y27p5_top_left,right,reverse,reverse_right,1
5843,-21.122,27.546,0.5,15.882,smooth_same_color_arc_reverse_right_xm20p25_y27p5_top_left,smooth_same_color_arc_reverse_right_xm20p25_y27p5_top_left,smooth_same_color_arc_reverse_right_xm20p25_y27p5_top_left,right,reverse,reverse_right,1
5844,-21.017,27.581,0.5,21.176,smooth_same_color_arc_reverse_right_xm20p25_y27p5_top_left,smooth_same_color_arc_reverse_right_xm20p25_y27p5_top_left,smooth_same_color_arc_reverse_right_xm20p25_y27p5_top_left,right,reverse,reverse_right,1
5845,-20.915,27.626,0.5,26.471,smooth_same_color_arc_reverse_right_xm20p25_y27p5_top_left,smooth_same_color_arc_reverse_right_xm20p25_y27p5_top_left,smooth_same_color_arc_reverse_right_xm20p25_y27p5_top_left,right,reverse,reverse_right,1
5846,-20.818,27.68,0.5,31.765,smooth_same_color_arc_reverse_right_xm20p25_y27p5_top_left,smooth_same_color_arc_reverse_right_xm20p25_y27p5_top_left,smooth_same_color_arc_reverse_right_xm20p25_y27p5_top_left,right,reverse,reverse_right,1
5847,-20.727,27.742,0.5,37.059,smooth_same_color_arc_reverse_right_xm20p25_y27p5_top_left,smooth_same_color_arc_reverse_right_xm20p25_y27p5_top_left,smooth_same_color_arc_reverse_right_xm20p25_y27p5_top_left,right,reverse,reverse_right,1
5848,-20.642,27.813,0.5,42.353,smooth_same_color_arc_reverse_right_xm20p25_y27p5_top_left,smooth_same_color_arc_reverse_right_xm20p25_y27p5_top_left,smooth_same_color_arc_reverse_right_xm20p25_y27p5_top_left,right,reverse,reverse_right,1
5849,-20.563,27.892,0.5,47.647,smooth_same_color_arc_reverse_right_xm20p25_y27p5_top_left,smooth_same_color_arc_reverse_right_xm20p25_y27p5_top_left,smooth_same_color_arc_reverse_right_xm20p25_y27p5_top_left,right,reverse,reverse_right,1
5850,-20.492,27.977,0.5,52.941,smooth_same_color_arc_reverse_right_xm20p25_y27p5_top_left,smooth_same_color_arc_reverse_right_xm20p25_y27p5_top_left,smooth_same_color_arc_reverse_right_xm20p25_y27p5_top_left,right,reverse,reverse_right,1
5851,-20.43,28.068,0.5,58.235,smooth_same_color_arc_reverse_right_xm20p25_y27p5_top_left,smooth_same_color_arc_reverse_right_xm20p25_y27p5_top_left,smooth_same_color_arc_reverse_right_xm20p25_y27p5_top_left,right,reverse,reverse_right,1
5852,-20.376,28.165,0.5,63.529,smooth_same_color_arc_reverse_right_xm20p25_y27p5_top_left,smooth_same_color_arc_reverse_right_xm20p25_y27p5_top_left,smooth_same_color_arc_reverse_right_xm20p25_y27p5_top_left,right,reverse,reverse_right,1
5853,-20.331,28.267,0.5,68.824,smooth_same_color_arc_reverse_right_xm20p25_y27p5_top_left,smooth_same_color_arc_reverse_right_xm20p25_y27p5_top_left,smooth_same_color_arc_reverse_right_xm20p25_y27p5_top_left,right,reverse,reverse_right,1
5854,-20.296,28.372,0.5,74.118,smooth_same_color_arc_reverse_right_xm20p25_y27p5_top_left,smooth_same_color_arc_reverse_right_xm20p25_y27p5_top_left,smooth_same_color_arc_reverse_right_xm20p25_y27p5_top_left,right,reverse,reverse_right,1
5855,-20.27,28.48,0.5,79.412,smooth_same_color_arc_reverse_right_xm20p25_y27p5_top_left,smooth_same_color_arc_reverse_right_xm20p25_y27p5_top_left,smooth_same_color_arc_reverse_right_xm20p25_y27p5_top_left,right,reverse,reverse_right,1
5856,-20.255,28.589,0.5,84.706,smooth_same_color_arc_reverse_right_xm20p25_y27p5_top_left,smooth_same_color_arc_reverse_right_xm20p25_y27p5_top_left,smooth_same_color_arc_reverse_right_xm20p25_y27p5_top_left,right,reverse,reverse_right,1
5857,-20.25,28.7,0.5,90.0,smooth_same_color_arc_reverse_right_xm20p25_y27p5_top_left,smooth_same_color_arc_reverse_right_xm20p25_y27p5_top_left,smooth_same_color_arc_reverse_right_xm20p25_y27p5_top_left,right,reverse,reverse_right,0
5858,-21.45,27.5,0.5,0.0,smooth_same_color_arc_reverse_right_xm20p25_y27p5_bottom_left,smooth_same_color_arc_reverse_right_xm20p25_y27p5_bottom_left,smooth_same_color_arc_reverse_right_xm20p25_y27p5_bottom_left,right,reverse,reverse_right,1
5859,-21.339,27.495,0.5,-5.294,smooth_same_color_arc_reverse_right_xm20p25_y27p5_bottom_left,smooth_same_color_arc_reverse_right_xm20p25_y27p5_bottom_left,smooth_same_color_arc_reverse_right_xm20p25_y27p5_bottom_left,right,reverse,reverse_right,1
5860,-21.23,27.48,0.5,-10.588,smooth_same_color_arc_reverse_right_xm20p25_y27p5_bottom_left,smooth_same_color_arc_reverse_right_xm20p25_y27p5_bottom_left,smooth_same_color_arc_reverse_right_xm20p25_y27p5_bottom_left,right,reverse,reverse_right,1
5861,-21.122,27.454,0.5,-15.882,smooth_same_color_arc_reverse_right_xm20p25_y27p5_bottom_left,smooth_same_color_arc_reverse_right_xm20p25_y27p5_bottom_left,smooth_same_color_arc_reverse_right_xm20p25_y27p5_bottom_left,right,reverse,reverse_right,1
5862,-21.017,27.419,0.5,-21.176,smooth_same_color_arc_reverse_right_xm20p25_y27p5_bottom_left,smooth_same_color_arc_reverse_right_xm20p25_y27p5_bottom_left,smooth_same_color_arc_reverse_right_xm20p25_y27p5_bottom_left,right,reverse,reverse_right,1
5863,-20.915,27.374,0.5,-26.471,smooth_same_color_arc_reverse_right_xm20p25_y27p5_bottom_left,smooth_same_color_arc_reverse_right_xm20p25_y27p5_bottom_left,smooth_same_color_arc_reverse_right_xm20p25_y27p5_bottom_left,right,reverse,reverse_right,1
5864,-20.818,27.32,0.5,-31.765,smooth_same_color_arc_reverse_right_xm20p25_y27p5_bottom_left,smooth_same_color_arc_reverse_right_xm20p25_y27p5_bottom_left,smooth_same_color_arc_reverse_right_xm20p25_y27p5_bottom_left,right,reverse,reverse_right,1
5865,-20.727,27.258,0.5,-37.059,smooth_same_color_arc_reverse_right_xm20p25_y27p5_bottom_left,smooth_same_color_arc_reverse_right_xm20p25_y27p5_bottom_left,smooth_same_color_arc_reverse_right_xm20p25_y27p5_bottom_left,right,reverse,reverse_right,1
5866,-20.642,27.187,0.5,-42.353,smooth_same_color_arc_reverse_right_xm20p25_y27p5_bottom_left,smooth_same_color_arc_reverse_right_xm20p25_y27p5_bottom_left,smooth_same_color_arc_reverse_right_xm20p25_y27p5_bottom_left,right,reverse,reverse_right,1
5867,-20.563,27.108,0.5,-47.647,smooth_same_color_arc_reverse_right_xm20p25_y27p5_bottom_left,smooth_same_color_arc_reverse_right_xm20p25_y27p5_bottom_left,smooth_same_color_arc_reverse_right_xm20p25_y27p5_bottom_left,right,reverse,reverse_right,1
5868,-20.492,27.023,0.5,-52.941,smooth_same_color_arc_reverse_right_xm20p25_y27p5_bottom_left,smooth_same_color_arc_reverse_right_xm20p25_y27p5_bottom_left,smooth_same_color_arc_reverse_right_xm20p25_y27p5_bottom_left,right,reverse,reverse_right,1
5869,-20.43,26.932,0.5,-58.235,smooth_same_color_arc_reverse_right_xm20p25_y27p5_bottom_left,smooth_same_color_arc_reverse_right_xm20p25_y27p5_bottom_left,smooth_same_color_arc_reverse_right_xm20p25_y27p5_bottom_left,right,reverse,reverse_right,1
5870,-20.376,26.835,0.5,-63.529,smooth_same_color_arc_reverse_right_xm20p25_y27p5_bottom_left,smooth_same_color_arc_reverse_right_xm20p25_y27p5_bottom_left,smooth_same_color_arc_reverse_right_xm20p25_y27p5_bottom_left,right,reverse,reverse_right,1
5871,-20.331,26.733,0.5,-68.824,smooth_same_color_arc_reverse_right_xm20p25_y27p5_bottom_left,smooth_same_color_arc_reverse_right_xm20p25_y27p5_bottom_left,smooth_same_color_arc_reverse_right_xm20p25_y27p5_bottom_left,right,reverse,reverse_right,1
5872,-20.296,26.628,0.5,-74.118,smooth_same_color_arc_reverse_right_xm20p25_y27p5_bottom_left,smooth_same_color_arc_reverse_right_xm20p25_y27p5_bottom_left,smooth_same_color_arc_reverse_right_xm20p25_y27p5_bottom_left,right,reverse,reverse_right,1
5873,-20.27,26.52,0.5,-79.412,smooth_same_color_arc_reverse_right_xm20p25_y27p5_bottom_left,smooth_same_color_arc_reverse_right_xm20p25_y27p5_bottom_left,smooth_same_color_arc_reverse_right_xm20p25_y27p5_bottom_left,right,reverse,reverse_right,1
5874,-20.255,26.411,0.5,-84.706,smooth_same_color_arc_reverse_right_xm20p25_y27p5_bottom_left,smooth_same_color_arc_reverse_right_xm20p25_y27p5_bottom_left,smooth_same_color_arc_reverse_right_xm20p25_y27p5_bottom_left,right,reverse,reverse_right,1
5875,-20.25,26.3,0.5,-90.0,smooth_same_color_arc_reverse_right_xm20p25_y27p5_bottom_left,smooth_same_color_arc_reverse_right_xm20p25_y27p5_bottom_left,smooth_same_color_arc_reverse_right_xm20p25_y27p5_bottom_left,right,reverse,reverse_right,0
5876,18.45,-1.5,0.5,-180.0,smooth_same_color_arc_reverse_right_x17p25_ym1p5_top_right,smooth_same_color_arc_reverse_right_x17p25_ym1p5_top_right,smooth_same_color_arc_reverse_right_x17p25_ym1p5_top_right,right,reverse,reverse_right,1
5877,18.339,-1.495,0.5,-185.294,smooth_same_color_arc_reverse_right_x17p25_ym1p5_top_right,smooth_same_color_arc_reverse_right_x17p25_ym1p5_top_right,smooth_same_color_arc_reverse_right_x17p25_ym1p5_top_right,right,reverse,reverse_right,1
5878,18.23,-1.48,0.5,-190.588,smooth_same_color_arc_reverse_right_x17p25_ym1p5_top_right,smooth_same_color_arc_reverse_right_x17p25_ym1p5_top_right,smooth_same_color_arc_reverse_right_x17p25_ym1p5_top_right,right,reverse,reverse_right,1
5879,18.122,-1.454,0.5,-195.882,smooth_same_color_arc_reverse_right_x17p25_ym1p5_top_right,smooth_same_color_arc_reverse_right_x17p25_ym1p5_top_right,smooth_same_color_arc_reverse_right_x17p25_ym1p5_top_right,right,reverse,reverse_right,1
5880,18.017,-1.419,0.5,-201.176,smooth_same_color_arc_reverse_right_x17p25_ym1p5_top_right,smooth_same_color_arc_reverse_right_x17p25_ym1p5_top_right,smooth_same_color_arc_reverse_right_x17p25_ym1p5_top_right,right,reverse,reverse_right,1
5881,17.915,-1.374,0.5,-206.471,smooth_same_color_arc_reverse_right_x17p25_ym1p5_top_right,smooth_same_color_arc_reverse_right_x17p25_ym1p5_top_right,smooth_same_color_arc_reverse_right_x17p25_ym1p5_top_right,right,reverse,reverse_right,1
5882,17.818,-1.32,0.5,-211.765,smooth_same_color_arc_reverse_right_x17p25_ym1p5_top_right,smooth_same_color_arc_reverse_right_x17p25_ym1p5_top_right,smooth_same_color_arc_reverse_right_x17p25_ym1p5_top_right,right,reverse,reverse_right,1
5883,17.727,-1.258,0.5,-217.059,smooth_same_color_arc_reverse_right_x17p25_ym1p5_top_right,smooth_same_color_arc_reverse_right_x17p25_ym1p5_top_right,smooth_same_color_arc_reverse_right_x17p25_ym1p5_top_right,right,reverse,reverse_right,1
5884,17.642,-1.187,0.5,-222.353,smooth_same_color_arc_reverse_right_x17p25_ym1p5_top_right,smooth_same_color_arc_reverse_right_x17p25_ym1p5_top_right,smooth_same_color_arc_reverse_right_x17p25_ym1p5_top_right,right,reverse,reverse_right,1
5885,17.563,-1.108,0.5,-227.647,smooth_same_color_arc_reverse_right_x17p25_ym1p5_top_right,smooth_same_color_arc_reverse_right_x17p25_ym1p5_top_right,smooth_same_color_arc_reverse_right_x17p25_ym1p5_top_right,right,reverse,reverse_right,1
5886,17.492,-1.023,0.5,-232.941,smooth_same_color_arc_reverse_right_x17p25_ym1p5_top_right,smooth_same_color_arc_reverse_right_x17p25_ym1p5_top_right,smooth_same_color_arc_reverse_right_x17p25_ym1p5_top_right,right,reverse,reverse_right,1
5887,17.43,-0.932,0.5,-238.235,smooth_same_color_arc_reverse_right_x17p25_ym1p5_top_right,smooth_same_color_arc_reverse_right_x17p25_ym1p5_top_right,smooth_same_color_arc_reverse_right_x17p25_ym1p5_top_right,right,reverse,reverse_right,1
5888,17.376,-0.835,0.5,-243.529,smooth_same_color_arc_reverse_right_x17p25_ym1p5_top_right,smooth_same_color_arc_reverse_right_x17p25_ym1p5_top_right,smooth_same_color_arc_reverse_right_x17p25_ym1p5_top_right,right,reverse,reverse_right,1
5889,17.331,-0.733,0.5,-248.824,smooth_same_color_arc_reverse_right_x17p25_ym1p5_top_right,smooth_same_color_arc_reverse_right_x17p25_ym1p5_top_right,smooth_same_color_arc_reverse_right_x17p25_ym1p5_top_right,right,reverse,reverse_right,1
5890,17.296,-0.628,0.5,-254.118,smooth_same_color_arc_reverse_right_x17p25_ym1p5_top_right,smooth_same_color_arc_reverse_right_x17p25_ym1p5_top_right,smooth_same_color_arc_reverse_right_x17p25_ym1p5_top_right,right,reverse,reverse_right,1
5891,17.27,-0.52,0.5,-259.412,smooth_same_color_arc_reverse_right_x17p25_ym1p5_top_right,smooth_same_color_arc_reverse_right_x17p25_ym1p5_top_right,smooth_same_color_arc_reverse_right_x17p25_ym1p5_top_right,right,reverse,reverse_right,1
5892,17.255,-0.411,0.5,-264.706,smooth_same_color_arc_reverse_right_x17p25_ym1p5_top_right,smooth_same_color_arc_reverse_right_x17p25_ym1p5_top_right,smooth_same_color_arc_reverse_right_x17p25_ym1p5_top_right,right,reverse,reverse_right,1
5893,17.25,-0.3,0.5,-270.0,smooth_same_color_arc_reverse_right_x17p25_ym1p5_top_right,smooth_same_color_arc_reverse_right_x17p25_ym1p5_top_right,smooth_same_color_arc_reverse_right_x17p25_ym1p5_top_right,right,reverse,reverse_right,0
5894,18.45,-1.5,0.5,180.0,smooth_same_color_arc_reverse_right_x17p25_ym1p5_bottom_right,smooth_same_color_arc_reverse_right_x17p25_ym1p5_bottom_right,smooth_same_color_arc_reverse_right_x17p25_ym1p5_bottom_right,right,reverse,reverse_right,1
5895,18.339,-1.505,0.5,185.294,smooth_same_color_arc_reverse_right_x17p25_ym1p5_bottom_right,smooth_same_color_arc_reverse_right_x17p25_ym1p5_bottom_right,smooth_same_color_arc_reverse_right_x17p25_ym1p5_bottom_right,right,reverse,reverse_right,1
5896,18.23,-1.52,0.5,190.588,smooth_same_color_arc_reverse_right_x17p25_ym1p5_bottom_right,smooth_same_color_arc_reverse_right_x17p25_ym1p5_bottom_right,smooth_same_color_arc_reverse_right_x17p25_ym1p5_bottom_right,right,reverse,reverse_right,1
5897,18.122,-1.546,0.5,195.882,smooth_same_color_arc_reverse_right_x17p25_ym1p5_bottom_right,smooth_same_color_arc_reverse_right_x17p25_ym1p5_bottom_right,smooth_same_color_arc_reverse_right_x17p25_ym1p5_bottom_right,right,reverse,reverse_right,1
5898,18.017,-1.581,0.5,201.176,smooth_same_color_arc_reverse_right_x17p25_ym1p5_bottom_right,smooth_same_color_arc_reverse_right_x17p25_ym1p5_bottom_right,smooth_same_color_arc_reverse_right_x17p25_ym1p5_bottom_right,right,reverse,reverse_right,1
5899,17.915,-1.626,0.5,206.471,smooth_same_color_arc_reverse_right_x17p25_ym1p5_bottom_right,smooth_same_color_arc_reverse_right_x17p25_ym1p5_bottom_right,smooth_same_color_arc_reverse_right_x17p25_ym1p5_bottom_right,right,reverse,reverse_right,1
5900,17.818,-1.68,0.5,211.765,smooth_same_color_arc_reverse_right_x17p25_ym1p5_bottom_right,smooth_same_color_arc_reverse_right_x17p25_ym1p5_bottom_right,smooth_same_color_arc_reverse_right_x17p25_ym1p5_bottom_right,right,reverse,reverse_right,1
5901,17.727,-1.742,0.5,217.059,smooth_same_color_arc_reverse_right_x17p25_ym1p5_bottom_right,smooth_same_color_arc_reverse_right_x17p25_ym1p5_bottom_right,smooth_same_color_arc_reverse_right_x17p25_ym1p5_bottom_right,right,reverse,reverse_right,1
5902,17.642,-1.813,0.5,222.353,smooth_same_color_arc_reverse_right_x17p25_ym1p5_bottom_right,smooth_same_color_arc_reverse_right_x17p25_ym1p5_bottom_right,smooth_same_color_arc_reverse_right_x17p25_ym1p5_bottom_right,right,reverse,reverse_right,1
5903,17.563,-1.892,0.5,227.647,smooth_same_color_arc_reverse_right_x17p25_ym1p5_bottom_right,smooth_same_color_arc_reverse_right_x17p25_ym1p5_bottom_right,smooth_same_color_arc_reverse_right_x17p25_ym1p5_bottom_right,right,reverse,reverse_right,1
5904,17.492,-1.977,0.5,232.941,smooth_same_color_arc_reverse_right_x17p25_ym1p5_bottom_right,smooth_same_color_arc_reverse_right_x17p25_ym1p5_bottom_right,smooth_same_color_arc_reverse_right_x17p25_ym1p5_bottom_right,right,reverse,reverse_right,1
5905,17.43,-2.068,0.5,238.235,smooth_same_color_arc_reverse_right_x17p25_ym1p5_bottom_right,smooth_same_color_arc_reverse_right_x17p25_ym1p5_bottom_right,smooth_same_color_arc_reverse_right_x17p25_ym1p5_bottom_right,right,reverse,reverse_right,1
5906,17.376,-2.165,0.5,243.529,smooth_same_color_arc_reverse_right_x17p25_ym1p5_bottom_right,smooth_same_color_arc_reverse_right_x17p25_ym1p5_bottom_right,smooth_same_color_arc_reverse_right_x17p25_ym1p5_bottom_right,right,reverse,reverse_right,1
5907,17.331,-2.267,0.5,248.824,smooth_same_color_arc_reverse_right_x17p25_ym1p5_bottom_right,smooth_same_color_arc_reverse_right_x17p25_ym1p5_bottom_right,smooth_same_color_arc_reverse_right_x17p25_ym1p5_bottom_right,right,reverse,reverse_right,1
5908,17.296,-2.372,0.5,254.118,smooth_same_color_arc_reverse_right_x17p25_ym1p5_bottom_right,smooth_same_color_arc_reverse_right_x17p25_ym1p5_bottom_right,smooth_same_color_arc_reverse_right_x17p25_ym1p5_bottom_right,right,reverse,reverse_right,1
5909,17.27,-2.48,0.5,259.412,smooth_same_color_arc_reverse_right_x17p25_ym1p5_bottom_right,smooth_same_color_arc_reverse_right_x17p25_ym1p5_bottom_right,smooth_same_color_arc_reverse_right_x17p25_ym1p5_bottom_right,right,reverse,reverse_right,1
5910,17.255,-2.589,0.5,264.706,smooth_same_color_arc_reverse_right_x17p25_ym1p5_bottom_right,smooth_same_color_arc_reverse_right_x17p25_ym1p5_bottom_right,smooth_same_color_arc_reverse_right_x17p25_ym1p5_bottom_right,right,reverse,reverse_right,1
5911,17.25,-2.7,0.5,270.0,smooth_same_color_arc_reverse_right_x17p25_ym1p5_bottom_right,smooth_same_color_arc_reverse_right_x17p25_ym1p5_bottom_right,smooth_same_color_arc_reverse_right_x17p25_ym1p5_bottom_right,right,reverse,reverse_right,0
5912,16.05,-1.5,0.5,0.0,smooth_same_color_arc_reverse_right_x17p25_ym1p5_top_left,smooth_same_color_arc_reverse_right_x17p25_ym1p5_top_left,smooth_same_color_arc_reverse_right_x17p25_ym1p5_top_left,right,reverse,reverse_right,1
5913,16.161,-1.495,0.5,5.294,smooth_same_color_arc_reverse_right_x17p25_ym1p5_top_left,smooth_same_color_arc_reverse_right_x17p25_ym1p5_top_left,smooth_same_color_arc_reverse_right_x17p25_ym1p5_top_left,right,reverse,reverse_right,1
5914,16.27,-1.48,0.5,10.588,smooth_same_color_arc_reverse_right_x17p25_ym1p5_top_left,smooth_same_color_arc_reverse_right_x17p25_ym1p5_top_left,smooth_same_color_arc_reverse_right_x17p25_ym1p5_top_left,right,reverse,reverse_right,1
5915,16.378,-1.454,0.5,15.882,smooth_same_color_arc_reverse_right_x17p25_ym1p5_top_left,smooth_same_color_arc_reverse_right_x17p25_ym1p5_top_left,smooth_same_color_arc_reverse_right_x17p25_ym1p5_top_left,right,reverse,reverse_right,1
5916,16.483,-1.419,0.5,21.176,smooth_same_color_arc_reverse_right_x17p25_ym1p5_top_left,smooth_same_color_arc_reverse_right_x17p25_ym1p5_top_left,smooth_same_color_arc_reverse_right_x17p25_ym1p5_top_left,right,reverse,reverse_right,1
5917,16.585,-1.374,0.5,26.471,smooth_same_color_arc_reverse_right_x17p25_ym1p5_top_left,smooth_same_color_arc_reverse_right_x17p25_ym1p5_top_left,smooth_same_color_arc_reverse_right_x17p25_ym1p5_top_left,right,reverse,reverse_right,1
5918,16.682,-1.32,0.5,31.765,smooth_same_color_arc_reverse_right_x17p25_ym1p5_top_left,smooth_same_color_arc_reverse_right_x17p25_ym1p5_top_left,smooth_same_color_arc_reverse_right_x17p25_ym1p5_top_left,right,reverse,reverse_right,1
5919,16.773,-1.258,0.5,37.059,smooth_same_color_arc_reverse_right_x17p25_ym1p5_top_left,smooth_same_color_arc_reverse_right_x17p25_ym1p5_top_left,smooth_same_color_arc_reverse_right_x17p25_ym1p5_top_left,right,reverse,reverse_right,1
5920,16.858,-1.187,0.5,42.353,smooth_same_color_arc_reverse_right_x17p25_ym1p5_top_left,smooth_same_color_arc_reverse_right_x17p25_ym1p5_top_left,smooth_same_color_arc_reverse_right_x17p25_ym1p5_top_left,right,reverse,reverse_right,1
5921,16.937,-1.108,0.5,47.647,smooth_same_color_arc_reverse_right_x17p25_ym1p5_top_left,smooth_same_color_arc_reverse_right_x17p25_ym1p5_top_left,smooth_same_color_arc_reverse_right_x17p25_ym1p5_top_left,right,reverse,reverse_right,1
5922,17.008,-1.023,0.5,52.941,smooth_same_color_arc_reverse_right_x17p25_ym1p5_top_left,smooth_same_color_arc_reverse_right_x17p25_ym1p5_top_left,smooth_same_color_arc_reverse_right_x17p25_ym1p5_top_left,right,reverse,reverse_right,1
5923,17.07,-0.932,0.5,58.235,smooth_same_color_arc_reverse_right_x17p25_ym1p5_top_left,smooth_same_color_arc_reverse_right_x17p25_ym1p5_top_left,smooth_same_color_arc_reverse_right_x17p25_ym1p5_top_left,right,reverse,reverse_right,1
5924,17.124,-0.835,0.5,63.529,smooth_same_color_arc_reverse_right_x17p25_ym1p5_top_left,smooth_same_color_arc_reverse_right_x17p25_ym1p5_top_left,smooth_same_color_arc_reverse_right_x17p25_ym1p5_top_left,right,reverse,reverse_right,1
5925,17.169,-0.733,0.5,68.824,smooth_same_color_arc_reverse_right_x17p25_ym1p5_top_left,smooth_same_color_arc_reverse_right_x17p25_ym1p5_top_left,smooth_same_color_arc_reverse_right_x17p25_ym1p5_top_left,right,reverse,reverse_right,1
5926,17.204,-0.628,0.5,74.118,smooth_same_color_arc_reverse_right_x17p25_ym1p5_top_left,smooth_same_color_arc_reverse_right_x17p25_ym1p5_top_left,smooth_same_color_arc_reverse_right_x17p25_ym1p5_top_left,right,reverse,reverse_right,1
5927,17.23,-0.52,0.5,79.412,smooth_same_color_arc_reverse_right_x17p25_ym1p5_top_left,smooth_same_color_arc_reverse_right_x17p25_ym1p5_top_left,smooth_same_color_arc_reverse_right_x17p25_ym1p5_top_left,right,reverse,reverse_right,1
5928,17.245,-0.411,0.5,84.706,smooth_same_color_arc_reverse_right_x17p25_ym1p5_top_left,smooth_same_color_arc_reverse_right_x17p25_ym1p5_top_left,smooth_same_color_arc_reverse_right_x17p25_ym1p5_top_left,right,reverse,reverse_right,1
5929,17.25,-0.3,0.5,90.0,smooth_same_color_arc_reverse_right_x17p25_ym1p5_top_left,smooth_same_color_arc_reverse_right_x17p25_ym1p5_top_left,smooth_same_color_arc_reverse_right_x17p25_ym1p5_top_left,right,reverse,reverse_right,0
5930,16.05,-1.5,0.5,0.0,smooth_same_color_arc_reverse_right_x17p25_ym1p5_bottom_left,smooth_same_color_arc_reverse_right_x17p25_ym1p5_bottom_left,smooth_same_color_arc_reverse_right_x17p25_ym1p5_bottom_left,right,reverse,reverse_right,1
5931,16.161,-1.505,0.5,-5.294,smooth_same_color_arc_reverse_right_x17p25_ym1p5_bottom_left,smooth_same_color_arc_reverse_right_x17p25_ym1p5_bottom_left,smooth_same_color_arc_reverse_right_x17p25_ym1p5_bottom_left,right,reverse,reverse_right,1
5932,16.27,-1.52,0.5,-10.588,smooth_same_color_arc_reverse_right_x17p25_ym1p5_bottom_left,smooth_same_color_arc_reverse_right_x17p25_ym1p5_bottom_left,smooth_same_color_arc_reverse_right_x17p25_ym1p5_bottom_left,right,reverse,reverse_right,1
5933,16.378,-1.546,0.5,-15.882,smooth_same_color_arc_reverse_right_x17p25_ym1p5_bottom_left,smooth_same_color_arc_reverse_right_x17p25_ym1p5_bottom_left,smooth_same_color_arc_reverse_right_x17p25_ym1p5_bottom_left,right,reverse,reverse_right,1
5934,16.483,-1.581,0.5,-21.176,smooth_same_color_arc_reverse_right_x17p25_ym1p5_bottom_left,smooth_same_color_arc_reverse_right_x17p25_ym1p5_bottom_left,smooth_same_color_arc_reverse_right_x17p25_ym1p5_bottom_left,right,reverse,reverse_right,1
5935,16.585,-1.626,0.5,-26.471,smooth_same_color_arc_reverse_right_x17p25_ym1p5_bottom_left,smooth_same_color_arc_reverse_right_x17p25_ym1p5_bottom_left,smooth_same_color_arc_reverse_right_x17p25_ym1p5_bottom_left,right,reverse,reverse_right,1
5936,16.682,-1.68,0.5,-31.765,smooth_same_color_arc_reverse_right_x17p25_ym1p5_bottom_left,smooth_same_color_arc_reverse_right_x17p25_ym1p5_bottom_left,smooth_same_color_arc_reverse_right_x17p25_ym1p5_bottom_left,right,reverse,reverse_right,1
5937,16.773,-1.742,0.5,-37.059,smooth_same_color_arc_reverse_right_x17p25_ym1p5_bottom_left,smooth_same_color_arc_reverse_right_x17p25_ym1p5_bottom_left,smooth_same_color_arc_reverse_right_x17p25_ym1p5_bottom_left,right,reverse,reverse_right,1
5938,16.858,-1.813,0.5,-42.353,smooth_same_color_arc_reverse_right_x17p25_ym1p5_bottom_left,smooth_same_color_arc_reverse_right_x17p25_ym1p5_bottom_left,smooth_same_color_arc_reverse_right_x17p25_ym1p5_bottom_left,right,reverse,reverse_right,1
5939,16.937,-1.892,0.5,-47.647,smooth_same_color_arc_reverse_right_x17p25_ym1p5_bottom_left,smooth_same_color_arc_reverse_right_x17p25_ym1p5_bottom_left,smooth_same_color_arc_reverse_right_x17p25_ym1p5_bottom_left,right,reverse,reverse_right,1
5940,17.008,-1.977,0.5,-52.941,smooth_same_color_arc_reverse_right_x17p25_ym1p5_bottom_left,smooth_same_color_arc_reverse_right_x17p25_ym1p5_bottom_left,smooth_same_color_arc_reverse_right_x17p25_ym1p5_bottom_left,right,reverse,reverse_right,1
5941,17.07,-2.068,0.5,-58.235,smooth_same_color_arc_reverse_right_x17p25_ym1p5_bottom_left,smooth_same_color_arc_reverse_right_x17p25_ym1p5_bottom_left,smooth_same_color_arc_reverse_right_x17p25_ym1p5_bottom_left,right,reverse,reverse_right,1
5942,17.124,-2.165,0.5,-63.529,smooth_same_color_arc_reverse_right_x17p25_ym1p5_bottom_left,smooth_same_color_arc_reverse_right_x17p25_ym1p5_bottom_left,smooth_same_color_arc_reverse_right_x17p25_ym1p5_bottom_left,right,reverse,reverse_right,1
5943,17.169,-2.267,0.5,-68.824,smooth_same_color_arc_reverse_right_x17p25_ym1p5_bottom_left,smooth_same_color_arc_reverse_right_x17p25_ym1p5_bottom_left,smooth_same_color_arc_reverse_right_x17p25_ym1p5_bottom_left,right,reverse,reverse_right,1
5944,17.204,-2.372,0.5,-74.118,smooth_same_color_arc_reverse_right_x17p25_ym1p5_bottom_left,smooth_same_color_arc_reverse_right_x17p25_ym1p5_bottom_left,smooth_same_color_arc_reverse_right_x17p25_ym1p5_bottom_left,right,reverse,reverse_right,1
5945,17.23,-2.48,0.5,-79.412,smooth_same_color_arc_reverse_right_x17p25_ym1p5_bottom_left,smooth_same_color_arc_reverse_right_x17p25_ym1p5_bottom_left,smooth_same_color_arc_reverse_right_x17p25_ym1p5_bottom_left,right,reverse,reverse_right,1
5946,17.245,-2.589,0.5,-84.706,smooth_same_color_arc_reverse_right_x17p25_ym1p5_bottom_left,smooth_same_color_arc_reverse_right_x17p25_ym1p5_bottom_left,smooth_same_color_arc_reverse_right_x17p25_ym1p5_bottom_left,right,reverse,reverse_right,1
5947,17.25,-2.7,0.5,-90.0,smooth_same_color_arc_reverse_right_x17p25_ym1p5_bottom_left,smooth_same_color_arc_reverse_right_x17p25_ym1p5_bottom_left,smooth_same_color_arc_reverse_right_x17p25_ym1p5_bottom_left,right,reverse,reverse_right,0
5948,17.25,-34.0,0.5,-90.0,smooth_orange_outer_top_bottom_arc_bottom_left_x17p25,smooth_orange_outer_top_bottom_arc_bottom_left_x17p25,smooth_orange_outer_top_bottom_arc_bottom_left_x17p25,right,reverse,reverse_right,1
5949,17.244,-34.138,0.5,-95.294,smooth_orange_outer_top_bottom_arc_bottom_left_x17p25,smooth_orange_outer_top_bottom_arc_bottom_left_x17p25,smooth_orange_outer_top_bottom_arc_bottom_left_x17p25,right,reverse,reverse_right,1
5950,17.224,-34.276,0.5,-100.588,smooth_orange_outer_top_bottom_arc_bottom_left_x17p25,smooth_orange_outer_top_bottom_arc_bottom_left_x17p25,smooth_orange_outer_top_bottom_arc_bottom_left_x17p25,right,reverse,reverse_right,1
5951,17.193,-34.41,0.5,-105.882,smooth_orange_outer_top_bottom_arc_bottom_left_x17p25,smooth_orange_outer_top_bottom_arc_bottom_left_x17p25,smooth_orange_outer_top_bottom_arc_bottom_left_x17p25,right,reverse,reverse_right,1
5952,17.149,-34.542,0.5,-111.176,smooth_orange_outer_top_bottom_arc_bottom_left_x17p25,smooth_orange_outer_top_bottom_arc_bottom_left_x17p25,smooth_orange_outer_top_bottom_arc_bottom_left_x17p25,right,reverse,reverse_right,1
5953,17.093,-34.669,0.5,-116.471,smooth_orange_outer_top_bottom_arc_bottom_left_x17p25,smooth_orange_outer_top_bottom_arc_bottom_left_x17p25,smooth_orange_outer_top_bottom_arc_bottom_left_x17p25,right,reverse,reverse_right,1
5954,17.025,-34.79,0.5,-121.765,smooth_orange_outer_top_bottom_arc_bottom_left_x17p25,smooth_orange_outer_top_bottom_arc_bottom_left_x17p25,smooth_orange_outer_top_bottom_arc_bottom_left_x17p25,right,reverse,reverse_right,1
5955,16.947,-34.904,0.5,-127.059,smooth_orange_outer_top_bottom_arc_bottom_left_x17p25,smooth_orange_outer_top_bottom_arc_bottom_left_x17p25,smooth_orange_outer_top_bottom_arc_bottom_left_x17p25,right,reverse,reverse_right,1
5956,16.859,-35.011,0.5,-132.353,smooth_orange_outer_top_bottom_arc_bottom_left_x17p25,smooth_orange_outer_top_bottom_arc_bottom_left_x17p25,smooth_orange_outer_top_bottom_arc_bottom_left_x17p25,right,reverse,reverse_right,1
5957,16.761,-35.109,0.5,-137.647,smooth_orange_outer_top_bottom_arc_bottom_left_x17p25,smooth_orange_outer_top_bottom_arc_bottom_left_x17p25,smooth_orange_outer_top_bottom_arc_bottom_left_x17p25,right,reverse,reverse_right,1
5958,16.654,-35.197,0.5,-142.941,smooth_orange_outer_top_bottom_arc_bottom_left_x17p25,smooth_orange_outer_top_bottom_arc_bottom_left_x17p25,smooth_orange_outer_top_bottom_arc_bottom_left_x17p25,right,reverse,reverse_right,1
5959,16.54,-35.275,0.5,-148.235,smooth_orange_outer_top_bottom_arc_bottom_left_x17p25,smooth_orange_outer_top_bottom_arc_bottom_left_x17p25,smooth_orange_outer_top_bottom_arc_bottom_left_x17p25,right,reverse,reverse_right,1
5960,16.419,-35.343,0.5,-153.529,smooth_orange_outer_top_bottom_arc_bottom_left_x17p25,smooth_orange_outer_top_bottom_arc_bottom_left_x17p25,smooth_orange_outer_top_bottom_arc_bottom_left_x17p25,right,reverse,reverse_right,1
5961,16.292,-35.399,0.5,-158.824,smooth_orange_outer_top_bottom_arc_bottom_left_x17p25,smooth_orange_outer_top_bottom_arc_bottom_left_x17p25,smooth_orange_outer_top_bottom_arc_bottom_left_x17p25,right,reverse,reverse_right,1
5962,16.16,-35.443,0.5,-164.118,smooth_orange_outer_top_bottom_arc_bottom_left_x17p25,smooth_orange_outer_top_bottom_arc_bottom_left_x17p25,smooth_orange_outer_top_bottom_arc_bottom_left_x17p25,right,reverse,reverse_right,1
5963,16.026,-35.474,0.5,-169.412,smooth_orange_outer_top_bottom_arc_bottom_left_x17p25,smooth_orange_outer_top_bottom_arc_bottom_left_x17p25,smooth_orange_outer_top_bottom_arc_bottom_left_x17p25,right,reverse,reverse_right,1
5964,15.888,-35.494,0.5,-174.706,smooth_orange_outer_top_bottom_arc_bottom_left_x17p25,smooth_orange_outer_top_bottom_arc_bottom_left_x17p25,smooth_orange_outer_top_bottom_arc_bottom_left_x17p25,right,reverse,reverse_right,1
5965,15.75,-35.5,0.5,-180.0,smooth_orange_outer_top_bottom_arc_bottom_left_x17p25,smooth_orange_outer_top_bottom_arc_bottom_left_x17p25,smooth_orange_outer_top_bottom_arc_bottom_left_x17p25,right,reverse,reverse_right,0
5966,17.25,-34.0,0.5,270.0,smooth_orange_outer_top_bottom_arc_bottom_right_x17p25,smooth_orange_outer_top_bottom_arc_bottom_right_x17p25,smooth_orange_outer_top_bottom_arc_bottom_right_x17p25,right,reverse,reverse_right,1
5967,17.256,-34.138,0.5,275.294,smooth_orange_outer_top_bottom_arc_bottom_right_x17p25,smooth_orange_outer_top_bottom_arc_bottom_right_x17p25,smooth_orange_outer_top_bottom_arc_bottom_right_x17p25,right,reverse,reverse_right,1
5968,17.276,-34.276,0.5,280.588,smooth_orange_outer_top_bottom_arc_bottom_right_x17p25,smooth_orange_outer_top_bottom_arc_bottom_right_x17p25,smooth_orange_outer_top_bottom_arc_bottom_right_x17p25,right,reverse,reverse_right,1
5969,17.307,-34.41,0.5,285.882,smooth_orange_outer_top_bottom_arc_bottom_right_x17p25,smooth_orange_outer_top_bottom_arc_bottom_right_x17p25,smooth_orange_outer_top_bottom_arc_bottom_right_x17p25,right,reverse,reverse_right,1
5970,17.351,-34.542,0.5,291.176,smooth_orange_outer_top_bottom_arc_bottom_right_x17p25,smooth_orange_outer_top_bottom_arc_bottom_right_x17p25,smooth_orange_outer_top_bottom_arc_bottom_right_x17p25,right,reverse,reverse_right,1
5971,17.407,-34.669,0.5,296.471,smooth_orange_outer_top_bottom_arc_bottom_right_x17p25,smooth_orange_outer_top_bottom_arc_bottom_right_x17p25,smooth_orange_outer_top_bottom_arc_bottom_right_x17p25,right,reverse,reverse_right,1
5972,17.475,-34.79,0.5,301.765,smooth_orange_outer_top_bottom_arc_bottom_right_x17p25,smooth_orange_outer_top_bottom_arc_bottom_right_x17p25,smooth_orange_outer_top_bottom_arc_bottom_right_x17p25,right,reverse,reverse_right,1
5973,17.553,-34.904,0.5,307.059,smooth_orange_outer_top_bottom_arc_bottom_right_x17p25,smooth_orange_outer_top_bottom_arc_bottom_right_x17p25,smooth_orange_outer_top_bottom_arc_bottom_right_x17p25,right,reverse,reverse_right,1
5974,17.641,-35.011,0.5,312.353,smooth_orange_outer_top_bottom_arc_bottom_right_x17p25,smooth_orange_outer_top_bottom_arc_bottom_right_x17p25,smooth_orange_outer_top_bottom_arc_bottom_right_x17p25,right,reverse,reverse_right,1
5975,17.739,-35.109,0.5,317.647,smooth_orange_outer_top_bottom_arc_bottom_right_x17p25,smooth_orange_outer_top_bottom_arc_bottom_right_x17p25,smooth_orange_outer_top_bottom_arc_bottom_right_x17p25,right,reverse,reverse_right,1
5976,17.846,-35.197,0.5,322.941,smooth_orange_outer_top_bottom_arc_bottom_right_x17p25,smooth_orange_outer_top_bottom_arc_bottom_right_x17p25,smooth_orange_outer_top_bottom_arc_bottom_right_x17p25,right,reverse,reverse_right,1
5977,17.96,-35.275,0.5,328.235,smooth_orange_outer_top_bottom_arc_bottom_right_x17p25,smooth_orange_outer_top_bottom_arc_bottom_right_x17p25,smooth_orange_outer_top_bottom_arc_bottom_right_x17p25,right,reverse,reverse_right,1
5978,18.081,-35.343,0.5,333.529,smooth_orange_outer_top_bottom_arc_bottom_right_x17p25,smooth_orange_outer_top_bottom_arc_bottom_right_x17p25,smooth_orange_outer_top_bottom_arc_bottom_right_x17p25,right,reverse,reverse_right,1
5979,18.208,-35.399,0.5,338.824,smooth_orange_outer_top_bottom_arc_bottom_right_x17p25,smooth_orange_outer_top_bottom_arc_bottom_right_x17p25,smooth_orange_outer_top_bottom_arc_bottom_right_x17p25,right,reverse,reverse_right,1
5980,18.34,-35.443,0.5,344.118,smooth_orange_outer_top_bottom_arc_bottom_right_x17p25,smooth_orange_outer_top_bottom_arc_bottom_right_x17p25,smooth_orange_outer_top_bottom_arc_bottom_right_x17p25,right,reverse,reverse_right,1
5981,18.474,-35.474,0.5,349.412,smooth_orange_outer_top_bottom_arc_bottom_right_x17p25,smooth_orange_outer_top_bottom_arc_bottom_right_x17p25,smooth_orange_outer_top_bottom_arc_bottom_right_x17p25,right,reverse,reverse_right,1
5982,18.612,-35.494,0.5,354.706,smooth_orange_outer_top_bottom_arc_bottom_right_x17p25,smooth_orange_outer_top_bottom_arc_bottom_right_x17p25,smooth_orange_outer_top_bottom_arc_bottom_right_x17p25,right,reverse,reverse_right,1
5983,18.75,-35.5,0.5,360.0,smooth_orange_outer_top_bottom_arc_bottom_right_x17p25,smooth_orange_outer_top_bottom_arc_bottom_right_x17p25,smooth_orange_outer_top_bottom_arc_bottom_right_x17p25,right,reverse,reverse_right,0
5984,17.25,48.0,0.5,90.0,smooth_orange_outer_top_bottom_arc_top_left_x17p25,smooth_orange_outer_top_bottom_arc_top_left_x17p25,smooth_orange_outer_top_bottom_arc_top_left_x17p25,right,reverse,reverse_right,1
5985,17.244,48.138,0.5,95.294,smooth_orange_outer_top_bottom_arc_top_left_x17p25,smooth_orange_outer_top_bottom_arc_top_left_x17p25,smooth_orange_outer_top_bottom_arc_top_left_x17p25,right,reverse,reverse_right,1
5986,17.224,48.276,0.5,100.588,smooth_orange_outer_top_bottom_arc_top_left_x17p25,smooth_orange_outer_top_bottom_arc_top_left_x17p25,smooth_orange_outer_top_bottom_arc_top_left_x17p25,right,reverse,reverse_right,1
5987,17.193,48.41,0.5,105.882,smooth_orange_outer_top_bottom_arc_top_left_x17p25,smooth_orange_outer_top_bottom_arc_top_left_x17p25,smooth_orange_outer_top_bottom_arc_top_left_x17p25,right,reverse,reverse_right,1
5988,17.149,48.542,0.5,111.176,smooth_orange_outer_top_bottom_arc_top_left_x17p25,smooth_orange_outer_top_bottom_arc_top_left_x17p25,smooth_orange_outer_top_bottom_arc_top_left_x17p25,right,reverse,reverse_right,1
5989,17.093,48.669,0.5,116.471,smooth_orange_outer_top_bottom_arc_top_left_x17p25,smooth_orange_outer_top_bottom_arc_top_left_x17p25,smooth_orange_outer_top_bottom_arc_top_left_x17p25,right,reverse,reverse_right,1
5990,17.025,48.79,0.5,121.765,smooth_orange_outer_top_bottom_arc_top_left_x17p25,smooth_orange_outer_top_bottom_arc_top_left_x17p25,smooth_orange_outer_top_bottom_arc_top_left_x17p25,right,reverse,reverse_right,1
5991,16.947,48.904,0.5,127.059,smooth_orange_outer_top_bottom_arc_top_left_x17p25,smooth_orange_outer_top_bottom_arc_top_left_x17p25,smooth_orange_outer_top_bottom_arc_top_left_x17p25,right,reverse,reverse_right,1
5992,16.859,49.011,0.5,132.353,smooth_orange_outer_top_bottom_arc_top_left_x17p25,smooth_orange_outer_top_bottom_arc_top_left_x17p25,smooth_orange_outer_top_bottom_arc_top_left_x17p25,right,reverse,reverse_right,1
5993,16.761,49.109,0.5,137.647,smooth_orange_outer_top_bottom_arc_top_left_x17p25,smooth_orange_outer_top_bottom_arc_top_left_x17p25,smooth_orange_outer_top_bottom_arc_top_left_x17p25,right,reverse,reverse_right,1
5994,16.654,49.197,0.5,142.941,smooth_orange_outer_top_bottom_arc_top_left_x17p25,smooth_orange_outer_top_bottom_arc_top_left_x17p25,smooth_orange_outer_top_bottom_arc_top_left_x17p25,right,reverse,reverse_right,1
5995,16.54,49.275,0.5,148.235,smooth_orange_outer_top_bottom_arc_top_left_x17p25,smooth_orange_outer_top_bottom_arc_top_left_x17p25,smooth_orange_outer_top_bottom_arc_top_left_x17p25,right,reverse,reverse_right,1
5996,16.419,49.343,0.5,153.529,smooth_orange_outer_top_bottom_arc_top_left_x17p25,smooth_orange_outer_top_bottom_arc_top_left_x17p25,smooth_orange_outer_top_bottom_arc_top_left_x17p25,right,reverse,reverse_right,1
5997,16.292,49.399,0.5,158.824,smooth_orange_outer_top_bottom_arc_top_left_x17p25,smooth_orange_outer_top_bottom_arc_top_left_x17p25,smooth_orange_outer_top_bottom_arc_top_left_x17p25,right,reverse,reverse_right,1
5998,16.16,49.443,0.5,164.118,smooth_orange_outer_top_bottom_arc_top_left_x17p25,smooth_orange_outer_top_bottom_arc_top_left_x17p25,smooth_orange_outer_top_bottom_arc_top_left_x17p25,right,reverse,reverse_right,1
5999,16.026,49.474,0.5,169.412,smooth_orange_outer_top_bottom_arc_top_left_x17p25,smooth_orange_outer_top_bottom_arc_top_left_x17p25,smooth_orange_outer_top_bottom_arc_top_left_x17p25,right,reverse,reverse_right,1
6000,15.888,49.494,0.5,174.706,smooth_orange_outer_top_bottom_arc_top_left_x17p25,smooth_orange_outer_top_bottom_arc_top_left_x17p25,smooth_orange_outer_top_bottom_arc_top_left_x17p25,right,reverse,reverse_right,1
6001,15.75,49.5,0.5,180.0,smooth_orange_outer_top_bottom_arc_top_left_x17p25,smooth_orange_outer_top_bottom_arc_top_left_x17p25,smooth_orange_outer_top_bottom_arc_top_left_x17p25,right,reverse,reverse_right,0
6002,17.25,48.0,0.5,90.0,smooth_orange_outer_top_bottom_arc_top_right_x17p25,smooth_orange_outer_top_bottom_arc_top_right_x17p25,smooth_orange_outer_top_bottom_arc_top_right_x17p25,right,reverse,reverse_right,1
6003,17.256,48.138,0.5,84.706,smooth_orange_outer_top_bottom_arc_top_right_x17p25,smooth_orange_outer_top_bottom_arc_top_right_x17p25,smooth_orange_outer_top_bottom_arc_top_right_x17p25,right,reverse,reverse_right,1
6004,17.276,48.276,0.5,79.412,smooth_orange_outer_top_bottom_arc_top_right_x17p25,smooth_orange_outer_top_bottom_arc_top_right_x17p25,smooth_orange_outer_top_bottom_arc_top_right_x17p25,right,reverse,reverse_right,1
6005,17.307,48.41,0.5,74.118,smooth_orange_outer_top_bottom_arc_top_right_x17p25,smooth_orange_outer_top_bottom_arc_top_right_x17p25,smooth_orange_outer_top_bottom_arc_top_right_x17p25,right,reverse,reverse_right,1
6006,17.351,48.542,0.5,68.824,smooth_orange_outer_top_bottom_arc_top_right_x17p25,smooth_orange_outer_top_bottom_arc_top_right_x17p25,smooth_orange_outer_top_bottom_arc_top_right_x17p25,right,reverse,reverse_right,1
6007,17.407,48.669,0.5,63.529,smooth_orange_outer_top_bottom_arc_top_right_x17p25,smooth_orange_outer_top_bottom_arc_top_right_x17p25,smooth_orange_outer_top_bottom_arc_top_right_x17p25,right,reverse,reverse_right,1
6008,17.475,48.79,0.5,58.235,smooth_orange_outer_top_bottom_arc_top_right_x17p25,smooth_orange_outer_top_bottom_arc_top_right_x17p25,smooth_orange_outer_top_bottom_arc_top_right_x17p25,right,reverse,reverse_right,1
6009,17.553,48.904,0.5,52.941,smooth_orange_outer_top_bottom_arc_top_right_x17p25,smooth_orange_outer_top_bottom_arc_top_right_x17p25,smooth_orange_outer_top_bottom_arc_top_right_x17p25,right,reverse,reverse_right,1
6010,17.641,49.011,0.5,47.647,smooth_orange_outer_top_bottom_arc_top_right_x17p25,smooth_orange_outer_top_bottom_arc_top_right_x17p25,smooth_orange_outer_top_bottom_arc_top_right_x17p25,right,reverse,reverse_right,1
6011,17.739,49.109,0.5,42.353,smooth_orange_outer_top_bottom_arc_top_right_x17p25,smooth_orange_outer_top_bottom_arc_top_right_x17p25,smooth_orange_outer_top_bottom_arc_top_right_x17p25,right,reverse,reverse_right,1
6012,17.846,49.197,0.5,37.059,smooth_orange_outer_top_bottom_arc_top_right_x17p25,smooth_orange_outer_top_bottom_arc_top_right_x17p25,smooth_orange_outer_top_bottom_arc_top_right_x17p25,right,reverse,reverse_right,1
6013,17.96,49.275,0.5,31.765,smooth_orange_outer_top_bottom_arc_top_right_x17p25,smooth_orange_outer_top_bottom_arc_top_right_x17p25,smooth_orange_outer_top_bottom_arc_top_right_x17p25,right,reverse,reverse_right,1
6014,18.081,49.343,0.5,26.471,smooth_orange_outer_top_bottom_arc_top_right_x17p25,smooth_orange_outer_top_bottom_arc_top_right_x17p25,smooth_orange_outer_top_bottom_arc_top_right_x17p25,right,reverse,reverse_right,1
6015,18.208,49.399,0.5,21.176,smooth_orange_outer_top_bottom_arc_top_right_x17p25,smooth_orange_outer_top_bottom_arc_top_right_x17p25,smooth_orange_outer_top_bottom_arc_top_right_x17p25,right,reverse,reverse_right,1
6016,18.34,49.443,0.5,15.882,smooth_orange_outer_top_bottom_arc_top_right_x17p25,smooth_orange_outer_top_bottom_arc_top_right_x17p25,smooth_orange_outer_top_bottom_arc_top_right_x17p25,right,reverse,reverse_right,1
6017,18.474,49.474,0.5,10.588,smooth_orange_outer_top_bottom_arc_top_right_x17p25,smooth_orange_outer_top_bottom_arc_top_right_x17p25,smooth_orange_outer_top_bottom_arc_top_right_x17p25,right,reverse,reverse_right,1
6018,18.612,49.494,0.5,5.294,smooth_orange_outer_top_bottom_arc_top_right_x17p25,smooth_orange_outer_top_bottom_arc_top_right_x17p25,smooth_orange_outer_top_bottom_arc_top_right_x17p25,right,reverse,reverse_right,1
6019,18.75,49.5,0.5,0.0,smooth_orange_outer_top_bottom_arc_top_right_x17p25,smooth_orange_outer_top_bottom_arc_top_right_x17p25,smooth_orange_outer_top_bottom_arc_top_right_x17p25,right,reverse,reverse_right,0
6020,-20.25,-34.0,0.5,-90.0,smooth_orange_outer_top_bottom_arc_bottom_left_xm20p25,smooth_orange_outer_top_bottom_arc_bottom_left_xm20p25,smooth_orange_outer_top_bottom_arc_bottom_left_xm20p25,right,reverse,reverse_right,1
6021,-20.256,-34.138,0.5,-95.294,smooth_orange_outer_top_bottom_arc_bottom_left_xm20p25,smooth_orange_outer_top_bottom_arc_bottom_left_xm20p25,smooth_orange_outer_top_bottom_arc_bottom_left_xm20p25,right,reverse,reverse_right,1
6022,-20.276,-34.276,0.5,-100.588,smooth_orange_outer_top_bottom_arc_bottom_left_xm20p25,smooth_orange_outer_top_bottom_arc_bottom_left_xm20p25,smooth_orange_outer_top_bottom_arc_bottom_left_xm20p25,right,reverse,reverse_right,1
6023,-20.307,-34.41,0.5,-105.882,smooth_orange_outer_top_bottom_arc_bottom_left_xm20p25,smooth_orange_outer_top_bottom_arc_bottom_left_xm20p25,smooth_orange_outer_top_bottom_arc_bottom_left_xm20p25,right,reverse,reverse_right,1
6024,-20.351,-34.542,0.5,-111.176,smooth_orange_outer_top_bottom_arc_bottom_left_xm20p25,smooth_orange_outer_top_bottom_arc_bottom_left_xm20p25,smooth_orange_outer_top_bottom_arc_bottom_left_xm20p25,right,reverse,reverse_right,1
6025,-20.407,-34.669,0.5,-116.471,smooth_orange_outer_top_bottom_arc_bottom_left_xm20p25,smooth_orange_outer_top_bottom_arc_bottom_left_xm20p25,smooth_orange_outer_top_bottom_arc_bottom_left_xm20p25,right,reverse,reverse_right,1
6026,-20.475,-34.79,0.5,-121.765,smooth_orange_outer_top_bottom_arc_bottom_left_xm20p25,smooth_orange_outer_top_bottom_arc_bottom_left_xm20p25,smooth_orange_outer_top_bottom_arc_bottom_left_xm20p25,right,reverse,reverse_right,1
6027,-20.553,-34.904,0.5,-127.059,smooth_orange_outer_top_bottom_arc_bottom_left_xm20p25,smooth_orange_outer_top_bottom_arc_bottom_left_xm20p25,smooth_orange_outer_top_bottom_arc_bottom_left_xm20p25,right,reverse,reverse_right,1
6028,-20.641,-35.011,0.5,-132.353,smooth_orange_outer_top_bottom_arc_bottom_left_xm20p25,smooth_orange_outer_top_bottom_arc_bottom_left_xm20p25,smooth_orange_outer_top_bottom_arc_bottom_left_xm20p25,right,reverse,reverse_right,1
6029,-20.739,-35.109,0.5,-137.647,smooth_orange_outer_top_bottom_arc_bottom_left_xm20p25,smooth_orange_outer_top_bottom_arc_bottom_left_xm20p25,smooth_orange_outer_top_bottom_arc_bottom_left_xm20p25,right,reverse,reverse_right,1
6030,-20.846,-35.197,0.5,-142.941,smooth_orange_outer_top_bottom_arc_bottom_left_xm20p25,smooth_orange_outer_top_bottom_arc_bottom_left_xm20p25,smooth_orange_outer_top_bottom_arc_bottom_left_xm20p25,right,reverse,reverse_right,1
6031,-20.96,-35.275,0.5,-148.235,smooth_orange_outer_top_bottom_arc_bottom_left_xm20p25,smooth_orange_outer_top_bottom_arc_bottom_left_xm20p25,smooth_orange_outer_top_bottom_arc_bottom_left_xm20p25,right,reverse,reverse_right,1
6032,-21.081,-35.343,0.5,-153.529,smooth_orange_outer_top_bottom_arc_bottom_left_xm20p25,smooth_orange_outer_top_bottom_arc_bottom_left_xm20p25,smooth_orange_outer_top_bottom_arc_bottom_left_xm20p25,right,reverse,reverse_right,1
6033,-21.208,-35.399,0.5,-158.824,smooth_orange_outer_top_bottom_arc_bottom_left_xm20p25,smooth_orange_outer_top_bottom_arc_bottom_left_xm20p25,smooth_orange_outer_top_bottom_arc_bottom_left_xm20p25,right,reverse,reverse_right,1
6034,-21.34,-35.443,0.5,-164.118,smooth_orange_outer_top_bottom_arc_bottom_left_xm20p25,smooth_orange_outer_top_bottom_arc_bottom_left_xm20p25,smooth_orange_outer_top_bottom_arc_bottom_left_xm20p25,right,reverse,reverse_right,1
6035,-21.474,-35.474,0.5,-169.412,smooth_orange_outer_top_bottom_arc_bottom_left_xm20p25,smooth_orange_outer_top_bottom_arc_bottom_left_xm20p25,smooth_orange_outer_top_bottom_arc_bottom_left_xm20p25,right,reverse,reverse_right,1
6036,-21.612,-35.494,0.5,-174.706,smooth_orange_outer_top_bottom_arc_bottom_left_xm20p25,smooth_orange_outer_top_bottom_arc_bottom_left_xm20p25,smooth_orange_outer_top_bottom_arc_bottom_left_xm20p25,right,reverse,reverse_right,1
6037,-21.75,-35.5,0.5,-180.0,smooth_orange_outer_top_bottom_arc_bottom_left_xm20p25,smooth_orange_outer_top_bottom_arc_bottom_left_xm20p25,smooth_orange_outer_top_bottom_arc_bottom_left_xm20p25,right,reverse,reverse_right,0
6038,-20.25,-34.0,0.5,270.0,smooth_orange_outer_top_bottom_arc_bottom_right_xm20p25,smooth_orange_outer_top_bottom_arc_bottom_right_xm20p25,smooth_orange_outer_top_bottom_arc_bottom_right_xm20p25,right,reverse,reverse_right,1
6039,-20.244,-34.138,0.5,275.294,smooth_orange_outer_top_bottom_arc_bottom_right_xm20p25,smooth_orange_outer_top_bottom_arc_bottom_right_xm20p25,smooth_orange_outer_top_bottom_arc_bottom_right_xm20p25,right,reverse,reverse_right,1
6040,-20.224,-34.276,0.5,280.588,smooth_orange_outer_top_bottom_arc_bottom_right_xm20p25,smooth_orange_outer_top_bottom_arc_bottom_right_xm20p25,smooth_orange_outer_top_bottom_arc_bottom_right_xm20p25,right,reverse,reverse_right,1
6041,-20.193,-34.41,0.5,285.882,smooth_orange_outer_top_bottom_arc_bottom_right_xm20p25,smooth_orange_outer_top_bottom_arc_bottom_right_xm20p25,smooth_orange_outer_top_bottom_arc_bottom_right_xm20p25,right,reverse,reverse_right,1
6042,-20.149,-34.542,0.5,291.176,smooth_orange_outer_top_bottom_arc_bottom_right_xm20p25,smooth_orange_outer_top_bottom_arc_bottom_right_xm20p25,smooth_orange_outer_top_bottom_arc_bottom_right_xm20p25,right,reverse,reverse_right,1
6043,-20.093,-34.669,0.5,296.471,smooth_orange_outer_top_bottom_arc_bottom_right_xm20p25,smooth_orange_outer_top_bottom_arc_bottom_right_xm20p25,smooth_orange_outer_top_bottom_arc_bottom_right_xm20p25,right,reverse,reverse_right,1
6044,-20.025,-34.79,0.5,301.765,smooth_orange_outer_top_bottom_arc_bottom_right_xm20p25,smooth_orange_outer_top_bottom_arc_bottom_right_xm20p25,smooth_orange_outer_top_bottom_arc_bottom_right_xm20p25,right,reverse,reverse_right,1
6045,-19.947,-34.904,0.5,307.059,smooth_orange_outer_top_bottom_arc_bottom_right_xm20p25,smooth_orange_outer_top_bottom_arc_bottom_right_xm20p25,smooth_orange_outer_top_bottom_arc_bottom_right_xm20p25,right,reverse,reverse_right,1
6046,-19.859,-35.011,0.5,312.353,smooth_orange_outer_top_bottom_arc_bottom_right_xm20p25,smooth_orange_outer_top_bottom_arc_bottom_right_xm20p25,smooth_orange_outer_top_bottom_arc_bottom_right_xm20p25,right,reverse,reverse_right,1
6047,-19.761,-35.109,0.5,317.647,smooth_orange_outer_top_bottom_arc_bottom_right_xm20p25,smooth_orange_outer_top_bottom_arc_bottom_right_xm20p25,smooth_orange_outer_top_bottom_arc_bottom_right_xm20p25,right,reverse,reverse_right,1
6048,-19.654,-35.197,0.5,322.941,smooth_orange_outer_top_bottom_arc_bottom_right_xm20p25,smooth_orange_outer_top_bottom_arc_bottom_right_xm20p25,smooth_orange_outer_top_bottom_arc_bottom_right_xm20p25,right,reverse,reverse_right,1
6049,-19.54,-35.275,0.5,328.235,smooth_orange_outer_top_bottom_arc_bottom_right_xm20p25,smooth_orange_outer_top_bottom_arc_bottom_right_xm20p25,smooth_orange_outer_top_bottom_arc_bottom_right_xm20p25,right,reverse,reverse_right,1
6050,-19.419,-35.343,0.5,333.529,smooth_orange_outer_top_bottom_arc_bottom_right_xm20p25,smooth_orange_outer_top_bottom_arc_bottom_right_xm20p25,smooth_orange_outer_top_bottom_arc_bottom_right_xm20p25,right,reverse,reverse_right,1
6051,-19.292,-35.399,0.5,338.824,smooth_orange_outer_top_bottom_arc_bottom_right_xm20p25,smooth_orange_outer_top_bottom_arc_bottom_right_xm20p25,smooth_orange_outer_top_bottom_arc_bottom_right_xm20p25,right,reverse,reverse_right,1
6052,-19.16,-35.443,0.5,344.118,smooth_orange_outer_top_bottom_arc_bottom_right_xm20p25,smooth_orange_outer_top_bottom_arc_bottom_right_xm20p25,smooth_orange_outer_top_bottom_arc_bottom_right_xm20p25,right,reverse,reverse_right,1
6053,-19.026,-35.474,0.5,349.412,smooth_orange_outer_top_bottom_arc_bottom_right_xm20p25,smooth_orange_outer_top_bottom_arc_bottom_right_xm20p25,smooth_orange_outer_top_bottom_arc_bottom_right_xm20p25,right,reverse,reverse_right,1
6054,-18.888,-35.494,0.5,354.706,smooth_orange_outer_top_bottom_arc_bottom_right_xm20p25,smooth_orange_outer_top_bottom_arc_bottom_right_xm20p25,smooth_orange_outer_top_bottom_arc_bottom_right_xm20p25,right,reverse,reverse_right,1
6055,-18.75,-35.5,0.5,360.0,smooth_orange_outer_top_bottom_arc_bottom_right_xm20p25,smooth_orange_outer_top_bottom_arc_bottom_right_xm20p25,smooth_orange_outer_top_bottom_arc_bottom_right_xm20p25,right,reverse,reverse_right,0
6056,-20.25,48.0,0.5,90.0,smooth_orange_outer_top_bottom_arc_top_left_xm20p25,smooth_orange_outer_top_bottom_arc_top_left_xm20p25,smooth_orange_outer_top_bottom_arc_top_left_xm20p25,right,reverse,reverse_right,1
6057,-20.256,48.138,0.5,95.294,smooth_orange_outer_top_bottom_arc_top_left_xm20p25,smooth_orange_outer_top_bottom_arc_top_left_xm20p25,smooth_orange_outer_top_bottom_arc_top_left_xm20p25,right,reverse,reverse_right,1
6058,-20.276,48.276,0.5,100.588,smooth_orange_outer_top_bottom_arc_top_left_xm20p25,smooth_orange_outer_top_bottom_arc_top_left_xm20p25,smooth_orange_outer_top_bottom_arc_top_left_xm20p25,right,reverse,reverse_right,1
6059,-20.307,48.41,0.5,105.882,smooth_orange_outer_top_bottom_arc_top_left_xm20p25,smooth_orange_outer_top_bottom_arc_top_left_xm20p25,smooth_orange_outer_top_bottom_arc_top_left_xm20p25,right,reverse,reverse_right,1
6060,-20.351,48.542,0.5,111.176,smooth_orange_outer_top_bottom_arc_top_left_xm20p25,smooth_orange_outer_top_bottom_arc_top_left_xm20p25,smooth_orange_outer_top_bottom_arc_top_left_xm20p25,right,reverse,reverse_right,1
6061,-20.407,48.669,0.5,116.471,smooth_orange_outer_top_bottom_arc_top_left_xm20p25,smooth_orange_outer_top_bottom_arc_top_left_xm20p25,smooth_orange_outer_top_bottom_arc_top_left_xm20p25,right,reverse,reverse_right,1
6062,-20.475,48.79,0.5,121.765,smooth_orange_outer_top_bottom_arc_top_left_xm20p25,smooth_orange_outer_top_bottom_arc_top_left_xm20p25,smooth_orange_outer_top_bottom_arc_top_left_xm20p25,right,reverse,reverse_right,1
6063,-20.553,48.904,0.5,127.059,smooth_orange_outer_top_bottom_arc_top_left_xm20p25,smooth_orange_outer_top_bottom_arc_top_left_xm20p25,smooth_orange_outer_top_bottom_arc_top_left_xm20p25,right,reverse,reverse_right,1
6064,-20.641,49.011,0.5,132.353,smooth_orange_outer_top_bottom_arc_top_left_xm20p25,smooth_orange_outer_top_bottom_arc_top_left_xm20p25,smooth_orange_outer_top_bottom_arc_top_left_xm20p25,right,reverse,reverse_right,1
6065,-20.739,49.109,0.5,137.647,smooth_orange_outer_top_bottom_arc_top_left_xm20p25,smooth_orange_outer_top_bottom_arc_top_left_xm20p25,smooth_orange_outer_top_bottom_arc_top_left_xm20p25,right,reverse,reverse_right,1
6066,-20.846,49.197,0.5,142.941,smooth_orange_outer_top_bottom_arc_top_left_xm20p25,smooth_orange_outer_top_bottom_arc_top_left_xm20p25,smooth_orange_outer_top_bottom_arc_top_left_xm20p25,right,reverse,reverse_right,1
6067,-20.96,49.275,0.5,148.235,smooth_orange_outer_top_bottom_arc_top_left_xm20p25,smooth_orange_outer_top_bottom_arc_top_left_xm20p25,smooth_orange_outer_top_bottom_arc_top_left_xm20p25,right,reverse,reverse_right,1
6068,-21.081,49.343,0.5,153.529,smooth_orange_outer_top_bottom_arc_top_left_xm20p25,smooth_orange_outer_top_bottom_arc_top_left_xm20p25,smooth_orange_outer_top_bottom_arc_top_left_xm20p25,right,reverse,reverse_right,1
6069,-21.208,49.399,0.5,158.824,smooth_orange_outer_top_bottom_arc_top_left_xm20p25,smooth_orange_outer_top_bottom_arc_top_left_xm20p25,smooth_orange_outer_top_bottom_arc_top_left_xm20p25,right,reverse,reverse_right,1
6070,-21.34,49.443,0.5,164.118,smooth_orange_outer_top_bottom_arc_top_left_xm20p25,smooth_orange_outer_top_bottom_arc_top_left_xm20p25,smooth_orange_outer_top_bottom_arc_top_left_xm20p25,right,reverse,reverse_right,1
6071,-21.474,49.474,0.5,169.412,smooth_orange_outer_top_bottom_arc_top_left_xm20p25,smooth_orange_outer_top_bottom_arc_top_left_xm20p25,smooth_orange_outer_top_bottom_arc_top_left_xm20p25,right,reverse,reverse_right,1
6072,-21.612,49.494,0.5,174.706,smooth_orange_outer_top_bottom_arc_top_left_xm20p25,smooth_orange_outer_top_bottom_arc_top_left_xm20p25,smooth_orange_outer_top_bottom_arc_top_left_xm20p25,right,reverse,reverse_right,1
6073,-21.75,49.5,0.5,180.0,smooth_orange_outer_top_bottom_arc_top_left_xm20p25,smooth_orange_outer_top_bottom_arc_top_left_xm20p25,smooth_orange_outer_top_bottom_arc_top_left_xm20p25,right,reverse,reverse_right,0
6074,-20.25,48.0,0.5,90.0,smooth_orange_outer_top_bottom_arc_top_right_xm20p25,smooth_orange_outer_top_bottom_arc_top_right_xm20p25,smooth_orange_outer_top_bottom_arc_top_right_xm20p25,right,reverse,reverse_right,1
6075,-20.244,48.138,0.5,84.706,smooth_orange_outer_top_bottom_arc_top_right_xm20p25,smooth_orange_outer_top_bottom_arc_top_right_xm20p25,smooth_orange_outer_top_bottom_arc_top_right_xm20p25,right,reverse,reverse_right,1
6076,-20.224,48.276,0.5,79.412,smooth_orange_outer_top_bottom_arc_top_right_xm20p25,smooth_orange_outer_top_bottom_arc_top_right_xm20p25,smooth_orange_outer_top_bottom_arc_top_right_xm20p25,right,reverse,reverse_right,1
6077,-20.193,48.41,0.5,74.118,smooth_orange_outer_top_bottom_arc_top_right_xm20p25,smooth_orange_outer_top_bottom_arc_top_right_xm20p25,smooth_orange_outer_top_bottom_arc_top_right_xm20p25,right,reverse,reverse_right,1
6078,-20.149,48.542,0.5,68.824,smooth_orange_outer_top_bottom_arc_top_right_xm20p25,smooth_orange_outer_top_bottom_arc_top_right_xm20p25,smooth_orange_outer_top_bottom_arc_top_right_xm20p25,right,reverse,reverse_right,1
6079,-20.093,48.669,0.5,63.529,smooth_orange_outer_top_bottom_arc_top_right_xm20p25,smooth_orange_outer_top_bottom_arc_top_right_xm20p25,smooth_orange_outer_top_bottom_arc_top_right_xm20p25,right,reverse,reverse_right,1
6080,-20.025,48.79,0.5,58.235,smooth_orange_outer_top_bottom_arc_top_right_xm20p25,smooth_orange_outer_top_bottom_arc_top_right_xm20p25,smooth_orange_outer_top_bottom_arc_top_right_xm20p25,right,reverse,reverse_right,1
6081,-19.947,48.904,0.5,52.941,smooth_orange_outer_top_bottom_arc_top_right_xm20p25,smooth_orange_outer_top_bottom_arc_top_right_xm20p25,smooth_orange_outer_top_bottom_arc_top_right_xm20p25,right,reverse,reverse_right,1
6082,-19.859,49.011,0.5,47.647,smooth_orange_outer_top_bottom_arc_top_right_xm20p25,smooth_orange_outer_top_bottom_arc_top_right_xm20p25,smooth_orange_outer_top_bottom_arc_top_right_xm20p25,right,reverse,reverse_right,1
6083,-19.761,49.109,0.5,42.353,smooth_orange_outer_top_bottom_arc_top_right_xm20p25,smooth_orange_outer_top_bottom_arc_top_right_xm20p25,smooth_orange_outer_top_bottom_arc_top_right_xm20p25,right,reverse,reverse_right,1
6084,-19.654,49.197,0.5,37.059,smooth_orange_outer_top_bottom_arc_top_right_xm20p25,smooth_orange_outer_top_bottom_arc_top_right_xm20p25,smooth_orange_outer_top_bottom_arc_top_right_xm20p25,right,reverse,reverse_right,1
6085,-19.54,49.275,0.5,31.765,smooth_orange_outer_top_bottom_arc_top_right_xm20p25,smooth_orange_outer_top_bottom_arc_top_right_xm20p25,smooth_orange_outer_top_bottom_arc_top_right_xm20p25,right,reverse,reverse_right,1
6086,-19.419,49.343,0.5,26.471,smooth_orange_outer_top_bottom_arc_top_right_xm20p25,smooth_orange_outer_top_bottom_arc_top_right_xm20p25,smooth_orange_outer_top_bottom_arc_top_right_xm20p25,right,reverse,reverse_right,1
6087,-19.292,49.399,0.5,21.176,smooth_orange_outer_top_bottom_arc_top_right_xm20p25,smooth_orange_outer_top_bottom_arc_top_right_xm20p25,smooth_orange_outer_top_bottom_arc_top_right_xm20p25,right,reverse,reverse_right,1
6088,-19.16,49.443,0.5,15.882,smooth_orange_outer_top_bottom_arc_top_right_xm20p25,smooth_orange_outer_top_bottom_arc_top_right_xm20p25,smooth_orange_outer_top_bottom_arc_top_right_xm20p25,right,reverse,reverse_right,1
6089,-19.026,49.474,0.5,10.588,smooth_orange_outer_top_bottom_arc_top_right_xm20p25,smooth_orange_outer_top_bottom_arc_top_right_xm20p25,smooth_orange_outer_top_bottom_arc_top_right_xm20p25,right,reverse,reverse_right,1
6090,-18.888,49.494,0.5,5.294,smooth_orange_outer_top_bottom_arc_top_right_xm20p25,smooth_orange_outer_top_bottom_arc_top_right_xm20p25,smooth_orange_outer_top_bottom_arc_top_right_xm20p25,right,reverse,reverse_right,1
6091,-18.75,49.5,0.5,0.0,smooth_orange_outer_top_bottom_arc_top_right_xm20p25,smooth_orange_outer_top_bottom_arc_top_right_xm20p25,smooth_orange_outer_top_bottom_arc_top_right_xm20p25,right,reverse,reverse_right,0
6092,-30.419,-4.5,0.5,-2.083,roundabout_lane_blend_arc_forward_right_roundabout_left_horizontal_clean_m28p219_m4p5,roundabout_lane_blend_arc_forward_right_roundabout_left_horizontal_clean_m28p219_m4p5,roundabout_lane_blend_arc_forward_right_roundabout_left_horizontal_clean_m28p219_m4p5,right,forward,forward_right,1
6093,-30.263,-4.506,0.5,-4.131,roundabout_lane_blend_arc_forward_right_roundabout_left_horizontal_clean_m28p219_m4p5,roundabout_lane_blend_arc_forward_right_roundabout_left_horizontal_clean_m28p219_m4p5,roundabout_lane_blend_arc_forward_right_roundabout_left_horizontal_clean_m28p219_m4p5,right,forward,forward_right,1
6094,-30.11,-4.522,0.5,-8.195,roundabout_lane_blend_arc_forward_right_roundabout_left_horizontal_clean_m28p219_m4p5,roundabout_lane_blend_arc_forward_right_roundabout_left_horizontal_clean_m28p219_m4p5,roundabout_lane_blend_arc_forward_right_roundabout_left_horizontal_clean_m28p219_m4p5,right,forward,forward_right,1
6095,-29.958,-4.55,0.5,-12.145,roundabout_lane_blend_arc_forward_right_roundabout_left_horizontal_clean_m28p219_m4p5,roundabout_lane_blend_arc_forward_right_roundabout_left_horizontal_clean_m28p219_m4p5,roundabout_lane_blend_arc_forward_right_roundabout_left_horizontal_clean_m28p219_m4p5,right,forward,forward_right,1
6096,-29.809,-4.587,0.5,-15.971,roundabout_lane_blend_arc_forward_right_roundabout_left_horizontal_clean_m28p219_m4p5,roundabout_lane_blend_arc_forward_right_roundabout_left_horizontal_clean_m28p219_m4p5,roundabout_lane_blend_arc_forward_right_roundabout_left_horizontal_clean_m28p219_m4p5,right,forward,forward_right,1
6097,-29.662,-4.634,0.5,-19.666,roundabout_lane_blend_arc_forward_right_roundabout_left_horizontal_clean_m28p219_m4p5,roundabout_lane_blend_arc_forward_right_roundabout_left_horizontal_clean_m28p219_m4p5,roundabout_lane_blend_arc_forward_right_roundabout_left_horizontal_clean_m28p219_m4p5,right,forward,forward_right,1
6098,-29.519,-4.691,0.5,-23.227,roundabout_lane_blend_arc_forward_right_roundabout_left_horizontal_clean_m28p219_m4p5,roundabout_lane_blend_arc_forward_right_roundabout_left_horizontal_clean_m28p219_m4p5,roundabout_lane_blend_arc_forward_right_roundabout_left_horizontal_clean_m28p219_m4p5,right,forward,forward_right,1
6099,-29.378,-4.756,0.5,-26.657,roundabout_lane_blend_arc_forward_right_roundabout_left_horizontal_clean_m28p219_m4p5,roundabout_lane_blend_arc_forward_right_roundabout_left_horizontal_clean_m28p219_m4p5,roundabout_lane_blend_arc_forward_right_roundabout_left_horizontal_clean_m28p219_m4p5,right,forward,forward_right,1
6100,-29.241,-4.83,0.5,-29.96,roundabout_lane_blend_arc_forward_right_roundabout_left_horizontal_clean_m28p219_m4p5,roundabout_lane_blend_arc_forward_right_roundabout_left_horizontal_clean_m28p219_m4p5,roundabout_lane_blend_arc_forward_right_roundabout_left_horizontal_clean_m28p219_m4p5,right,forward,forward_right,1
6101,-29.108,-4.912,0.5,-33.145,roundabout_lane_blend_arc_forward_right_roundabout_left_horizontal_clean_m28p219_m4p5,roundabout_lane_blend_arc_forward_right_roundabout_left_horizontal_clean_m28p219_m4p5,roundabout_lane_blend_arc_forward_right_roundabout_left_horizontal_clean_m28p219_m4p5,right,forward,forward_right,1
6102,-28.979,-5.001,0.5,-36.222,roundabout_lane_blend_arc_forward_right_roundabout_left_horizontal_clean_m28p219_m4p5,roundabout_lane_blend_arc_forward_right_roundabout_left_horizontal_clean_m28p219_m4p5,roundabout_lane_blend_arc_forward_right_roundabout_left_horizontal_clean_m28p219_m4p5,right,forward,forward_right,1
6103,-28.855,-5.098,0.5,-39.201,roundabout_lane_blend_arc_forward_right_roundabout_left_horizontal_clean_m28p219_m4p5,roundabout_lane_blend_arc_forward_right_roundabout_left_horizontal_clean_m28p219_m4p5,roundabout_lane_blend_arc_forward_right_roundabout_left_horizontal_clean_m28p219_m4p5,right,forward,forward_right,1
6104,-28.735,-5.201,0.5,-42.096,roundabout_lane_blend_arc_forward_right_roundabout_left_horizontal_clean_m28p219_m4p5,roundabout_lane_blend_arc_forward_right_roundabout_left_horizontal_clean_m28p219_m4p5,roundabout_lane_blend_arc_forward_right_roundabout_left_horizontal_clean_m28p219_m4p5,right,forward,forward_right,1
6105,-28.619,-5.31,0.5,-44.919,roundabout_lane_blend_arc_forward_right_roundabout_left_horizontal_clean_m28p219_m4p5,roundabout_lane_blend_arc_forward_right_roundabout_left_horizontal_clean_m28p219_m4p5,roundabout_lane_blend_arc_forward_right_roundabout_left_horizontal_clean_m28p219_m4p5,right,forward,forward_right,1
6106,-28.509,-5.425,0.5,-47.683,roundabout_lane_blend_arc_forward_right_roundabout_left_horizontal_clean_m28p219_m4p5,roundabout_lane_blend_arc_forward_right_roundabout_left_horizontal_clean_m28p219_m4p5,roundabout_lane_blend_arc_forward_right_roundabout_left_horizontal_clean_m28p219_m4p5,right,forward,forward_right,1
6107,-28.405,-5.546,0.5,-50.402,roundabout_lane_blend_arc_forward_right_roundabout_left_horizontal_clean_m28p219_m4p5,roundabout_lane_blend_arc_forward_right_roundabout_left_horizontal_clean_m28p219_m4p5,roundabout_lane_blend_arc_forward_right_roundabout_left_horizontal_clean_m28p219_m4p5,right,forward,forward_right,1
6108,-28.306,-5.672,0.5,-53.09,roundabout_lane_blend_arc_forward_right_roundabout_left_horizontal_clean_m28p219_m4p5,roundabout_lane_blend_arc_forward_right_roundabout_left_horizontal_clean_m28p219_m4p5,roundabout_lane_blend_arc_forward_right_roundabout_left_horizontal_clean_m28p219_m4p5,right,forward,forward_right,1
6109,-28.212,-5.802,0.5,-55.761,roundabout_lane_blend_arc_forward_right_roundabout_left_horizontal_clean_m28p219_m4p5,roundabout_lane_blend_arc_forward_right_roundabout_left_horizontal_clean_m28p219_m4p5,roundabout_lane_blend_arc_forward_right_roundabout_left_horizontal_clean_m28p219_m4p5,right,forward,forward_right,1
6110,-28.126,-5.936,0.5,-58.428,roundabout_lane_blend_arc_forward_right_roundabout_left_horizontal_clean_m28p219_m4p5,roundabout_lane_blend_arc_forward_right_roundabout_left_horizontal_clean_m28p219_m4p5,roundabout_lane_blend_arc_forward_right_roundabout_left_horizontal_clean_m28p219_m4p5,right,forward,forward_right,1
6111,-28.045,-6.074,0.5,-61.106,roundabout_lane_blend_arc_forward_right_roundabout_left_horizontal_clean_m28p219_m4p5,roundabout_lane_blend_arc_forward_right_roundabout_left_horizontal_clean_m28p219_m4p5,roundabout_lane_blend_arc_forward_right_roundabout_left_horizontal_clean_m28p219_m4p5,right,forward,forward_right,1
6112,-27.972,-6.215,0.5,-63.809,roundabout_lane_blend_arc_forward_right_roundabout_left_horizontal_clean_m28p219_m4p5,roundabout_lane_blend_arc_forward_right_roundabout_left_horizontal_clean_m28p219_m4p5,roundabout_lane_blend_arc_forward_right_roundabout_left_horizontal_clean_m28p219_m4p5,right,forward,forward_right,1
6113,-27.905,-6.359,0.5,-66.551,roundabout_lane_blend_arc_forward_right_roundabout_left_horizontal_clean_m28p219_m4p5,roundabout_lane_blend_arc_forward_right_roundabout_left_horizontal_clean_m28p219_m4p5,roundabout_lane_blend_arc_forward_right_roundabout_left_horizontal_clean_m28p219_m4p5,right,forward,forward_right,1
6114,-27.846,-6.505,0.5,-69.346,roundabout_lane_blend_arc_forward_right_roundabout_left_horizontal_clean_m28p219_m4p5,roundabout_lane_blend_arc_forward_right_roundabout_left_horizontal_clean_m28p219_m4p5,roundabout_lane_blend_arc_forward_right_roundabout_left_horizontal_clean_m28p219_m4p5,right,forward,forward_right,1
6115,-27.794,-6.653,0.5,-70.763,roundabout_lane_blend_arc_forward_right_roundabout_left_horizontal_clean_m28p219_m4p5,roundabout_lane_blend_arc_forward_right_roundabout_left_horizontal_clean_m28p219_m4p5,roundabout_lane_blend_arc_forward_right_roundabout_left_horizontal_clean_m28p219_m4p5,right,forward,forward_right,0
6116,-7.081,-4.5,0.5,-177.917,roundabout_lane_blend_arc_forward_right_roundabout_right_horizontal_clean_m9p281_m4p5,roundabout_lane_blend_arc_forward_right_roundabout_right_horizontal_clean_m9p281_m4p5,roundabout_lane_blend_arc_forward_right_roundabout_right_horizontal_clean_m9p281_m4p5,right,forward,forward_right,1
6117,-7.237,-4.506,0.5,-175.869,roundabout_lane_blend_arc_forward_right_roundabout_right_horizontal_clean_m9p281_m4p5,roundabout_lane_blend_arc_forward_right_roundabout_right_horizontal_clean_m9p281_m4p5,roundabout_lane_blend_arc_forward_right_roundabout_right_horizontal_clean_m9p281_m4p5,right,forward,forward_right,1
6118,-7.39,-4.522,0.5,-171.805,roundabout_lane_blend_arc_forward_right_roundabout_right_horizontal_clean_m9p281_m4p5,roundabout_lane_blend_arc_forward_right_roundabout_right_horizontal_clean_m9p281_m4p5,roundabout_lane_blend_arc_forward_right_roundabout_right_horizontal_clean_m9p281_m4p5,right,forward,forward_right,1
6119,-7.542,-4.55,0.5,-167.855,roundabout_lane_blend_arc_forward_right_roundabout_right_horizontal_clean_m9p281_m4p5,roundabout_lane_blend_arc_forward_right_roundabout_right_horizontal_clean_m9p281_m4p5,roundabout_lane_blend_arc_forward_right_roundabout_right_horizontal_clean_m9p281_m4p5,right,forward,forward_right,1
6120,-7.691,-4.587,0.5,-164.029,roundabout_lane_blend_arc_forward_right_roundabout_right_horizontal_clean_m9p281_m4p5,roundabout_lane_blend_arc_forward_right_roundabout_right_horizontal_clean_m9p281_m4p5,roundabout_lane_blend_arc_forward_right_roundabout_right_horizontal_clean_m9p281_m4p5,right,forward,forward_right,1
6121,-7.838,-4.634,0.5,-160.334,roundabout_lane_blend_arc_forward_right_roundabout_right_horizontal_clean_m9p281_m4p5,roundabout_lane_blend_arc_forward_right_roundabout_right_horizontal_clean_m9p281_m4p5,roundabout_lane_blend_arc_forward_right_roundabout_right_horizontal_clean_m9p281_m4p5,right,forward,forward_right,1
6122,-7.981,-4.691,0.5,-156.773,roundabout_lane_blend_arc_forward_right_roundabout_right_horizontal_clean_m9p281_m4p5,roundabout_lane_blend_arc_forward_right_roundabout_right_horizontal_clean_m9p281_m4p5,roundabout_lane_blend_arc_forward_right_roundabout_right_horizontal_clean_m9p281_m4p5,right,forward,forward_right,1
6123,-8.122,-4.756,0.5,-153.343,roundabout_lane_blend_arc_forward_right_roundabout_right_horizontal_clean_m9p281_m4p5,roundabout_lane_blend_arc_forward_right_roundabout_right_horizontal_clean_m9p281_m4p5,roundabout_lane_blend_arc_forward_right_roundabout_right_horizontal_clean_m9p281_m4p5,right,forward,forward_right,1
6124,-8.259,-4.83,0.5,-150.04,roundabout_lane_blend_arc_forward_right_roundabout_right_horizontal_clean_m9p281_m4p5,roundabout_lane_blend_arc_forward_right_roundabout_right_horizontal_clean_m9p281_m4p5,roundabout_lane_blend_arc_forward_right_roundabout_right_horizontal_clean_m9p281_m4p5,right,forward,forward_right,1
6125,-8.392,-4.912,0.5,-146.855,roundabout_lane_blend_arc_forward_right_roundabout_right_horizontal_clean_m9p281_m4p5,roundabout_lane_blend_arc_forward_right_roundabout_right_horizontal_clean_m9p281_m4p5,roundabout_lane_blend_arc_forward_right_roundabout_right_horizontal_clean_m9p281_m4p5,right,forward,forward_right,1
6126,-8.521,-5.001,0.5,-143.778,roundabout_lane_blend_arc_forward_right_roundabout_right_horizontal_clean_m9p281_m4p5,roundabout_lane_blend_arc_forward_right_roundabout_right_horizontal_clean_m9p281_m4p5,roundabout_lane_blend_arc_forward_right_roundabout_right_horizontal_clean_m9p281_m4p5,right,forward,forward_right,1
6127,-8.645,-5.098,0.5,-140.799,roundabout_lane_blend_arc_forward_right_roundabout_right_horizontal_clean_m9p281_m4p5,roundabout_lane_blend_arc_forward_right_roundabout_right_horizontal_clean_m9p281_m4p5,roundabout_lane_blend_arc_forward_right_roundabout_right_horizontal_clean_m9p281_m4p5,right,forward,forward_right,1
6128,-8.765,-5.201,0.5,-137.904,roundabout_lane_blend_arc_forward_right_roundabout_right_horizontal_clean_m9p281_m4p5,roundabout_lane_blend_arc_forward_right_roundabout_right_horizontal_clean_m9p281_m4p5,roundabout_lane_blend_arc_forward_right_roundabout_right_horizontal_clean_m9p281_m4p5,right,forward,forward_right,1
6129,-8.881,-5.31,0.5,-135.081,roundabout_lane_blend_arc_forward_right_roundabout_right_horizontal_clean_m9p281_m4p5,roundabout_lane_blend_arc_forward_right_roundabout_right_horizontal_clean_m9p281_m4p5,roundabout_lane_blend_arc_forward_right_roundabout_right_horizontal_clean_m9p281_m4p5,right,forward,forward_right,1
6130,-8.991,-5.425,0.5,-132.317,roundabout_lane_blend_arc_forward_right_roundabout_right_horizontal_clean_m9p281_m4p5,roundabout_lane_blend_arc_forward_right_roundabout_right_horizontal_clean_m9p281_m4p5,roundabout_lane_blend_arc_forward_right_roundabout_right_horizontal_clean_m9p281_m4p5,right,forward,forward_right,1
6131,-9.095,-5.546,0.5,-129.598,roundabout_lane_blend_arc_forward_right_roundabout_right_horizontal_clean_m9p281_m4p5,roundabout_lane_blend_arc_forward_right_roundabout_right_horizontal_clean_m9p281_m4p5,roundabout_lane_blend_arc_forward_right_roundabout_right_horizontal_clean_m9p281_m4p5,right,forward,forward_right,1
6132,-9.194,-5.672,0.5,-126.91,roundabout_lane_blend_arc_forward_right_roundabout_right_horizontal_clean_m9p281_m4p5,roundabout_lane_blend_arc_forward_right_roundabout_right_horizontal_clean_m9p281_m4p5,roundabout_lane_blend_arc_forward_right_roundabout_right_horizontal_clean_m9p281_m4p5,right,forward,forward_right,1
6133,-9.288,-5.802,0.5,-124.239,roundabout_lane_blend_arc_forward_right_roundabout_right_horizontal_clean_m9p281_m4p5,roundabout_lane_blend_arc_forward_right_roundabout_right_horizontal_clean_m9p281_m4p5,roundabout_lane_blend_arc_forward_right_roundabout_right_horizontal_clean_m9p281_m4p5,right,forward,forward_right,1
6134,-9.374,-5.936,0.5,-121.572,roundabout_lane_blend_arc_forward_right_roundabout_right_horizontal_clean_m9p281_m4p5,roundabout_lane_blend_arc_forward_right_roundabout_right_horizontal_clean_m9p281_m4p5,roundabout_lane_blend_arc_forward_right_roundabout_right_horizontal_clean_m9p281_m4p5,right,forward,forward_right,1
6135,-9.455,-6.074,0.5,-118.894,roundabout_lane_blend_arc_forward_right_roundabout_right_horizontal_clean_m9p281_m4p5,roundabout_lane_blend_arc_forward_right_roundabout_right_horizontal_clean_m9p281_m4p5,roundabout_lane_blend_arc_forward_right_roundabout_right_horizontal_clean_m9p281_m4p5,right,forward,forward_right,1
6136,-9.528,-6.215,0.5,-116.191,roundabout_lane_blend_arc_forward_right_roundabout_right_horizontal_clean_m9p281_m4p5,roundabout_lane_blend_arc_forward_right_roundabout_right_horizontal_clean_m9p281_m4p5,roundabout_lane_blend_arc_forward_right_roundabout_right_horizontal_clean_m9p281_m4p5,right,forward,forward_right,1
6137,-9.595,-6.359,0.5,-113.449,roundabout_lane_blend_arc_forward_right_roundabout_right_horizontal_clean_m9p281_m4p5,roundabout_lane_blend_arc_forward_right_roundabout_right_horizontal_clean_m9p281_m4p5,roundabout_lane_blend_arc_forward_right_roundabout_right_horizontal_clean_m9p281_m4p5,right,forward,forward_right,1
6138,-9.654,-6.505,0.5,-110.654,roundabout_lane_blend_arc_forward_right_roundabout_right_horizontal_clean_m9p281_m4p5,roundabout_lane_blend_arc_forward_right_roundabout_right_horizontal_clean_m9p281_m4p5,roundabout_lane_blend_arc_forward_right_roundabout_right_horizontal_clean_m9p281_m4p5,right,forward,forward_right,1
6139,-9.706,-6.653,0.5,-109.237,roundabout_lane_blend_arc_forward_right_roundabout_right_horizontal_clean_m9p281_m4p5,roundabout_lane_blend_arc_forward_right_roundabout_right_horizontal_clean_m9p281_m4p5,roundabout_lane_blend_arc_forward_right_roundabout_right_horizontal_clean_m9p281_m4p5,right,forward,forward_right,0
6140,-30.179,-1.5,0.5,2.024,roundabout_lane_blend_arc_reverse_right_roundabout_left_horizontal_clean_m27p979_m1p5,roundabout_lane_blend_arc_reverse_right_roundabout_left_horizontal_clean_m27p979_m1p5,roundabout_lane_blend_arc_reverse_right_roundabout_left_horizontal_clean_m27p979_m1p5,right,reverse,reverse_right,1
6141,-30.022,-1.494,0.5,3.99,roundabout_lane_blend_arc_reverse_right_roundabout_left_horizontal_clean_m27p979_m1p5,roundabout_lane_blend_arc_reverse_right_roundabout_left_horizontal_clean_m27p979_m1p5,roundabout_lane_blend_arc_reverse_right_roundabout_left_horizontal_clean_m27p979_m1p5,right,reverse,reverse_right,1
6142,-29.866,-1.478,0.5,7.823,roundabout_lane_blend_arc_reverse_right_roundabout_left_horizontal_clean_m27p979_m1p5,roundabout_lane_blend_arc_reverse_right_roundabout_left_horizontal_clean_m27p979_m1p5,roundabout_lane_blend_arc_reverse_right_roundabout_left_horizontal_clean_m27p979_m1p5,right,reverse,reverse_right,1
6143,-29.71,-1.452,0.5,11.467,roundabout_lane_blend_arc_reverse_right_roundabout_left_horizontal_clean_m27p979_m1p5,roundabout_lane_blend_arc_reverse_right_roundabout_left_horizontal_clean_m27p979_m1p5,roundabout_lane_blend_arc_reverse_right_roundabout_left_horizontal_clean_m27p979_m1p5,right,reverse,reverse_right,1
6144,-29.555,-1.415,0.5,14.926,roundabout_lane_blend_arc_reverse_right_roundabout_left_horizontal_clean_m27p979_m1p5,roundabout_lane_blend_arc_reverse_right_roundabout_left_horizontal_clean_m27p979_m1p5,roundabout_lane_blend_arc_reverse_right_roundabout_left_horizontal_clean_m27p979_m1p5,right,reverse,reverse_right,1
6145,-29.401,-1.369,0.5,18.207,roundabout_lane_blend_arc_reverse_right_roundabout_left_horizontal_clean_m27p979_m1p5,roundabout_lane_blend_arc_reverse_right_roundabout_left_horizontal_clean_m27p979_m1p5,roundabout_lane_blend_arc_reverse_right_roundabout_left_horizontal_clean_m27p979_m1p5,right,reverse,reverse_right,1
6146,-29.248,-1.314,0.5,21.319,roundabout_lane_blend_arc_reverse_right_roundabout_left_horizontal_clean_m27p979_m1p5,roundabout_lane_blend_arc_reverse_right_roundabout_left_horizontal_clean_m27p979_m1p5,roundabout_lane_blend_arc_reverse_right_roundabout_left_horizontal_clean_m27p979_m1p5,right,reverse,reverse_right,1
6147,-29.098,-1.251,0.5,24.277,roundabout_lane_blend_arc_reverse_right_roundabout_left_horizontal_clean_m27p979_m1p5,roundabout_lane_blend_arc_reverse_right_roundabout_left_horizontal_clean_m27p979_m1p5,roundabout_lane_blend_arc_reverse_right_roundabout_left_horizontal_clean_m27p979_m1p5,right,reverse,reverse_right,1
6148,-28.949,-1.179,0.5,27.095,roundabout_lane_blend_arc_reverse_right_roundabout_left_horizontal_clean_m27p979_m1p5,roundabout_lane_blend_arc_reverse_right_roundabout_left_horizontal_clean_m27p979_m1p5,roundabout_lane_blend_arc_reverse_right_roundabout_left_horizontal_clean_m27p979_m1p5,right,reverse,reverse_right,1
6149,-28.803,-1.1,0.5,29.787,roundabout_lane_blend_arc_reverse_right_roundabout_left_horizontal_clean_m27p979_m1p5,roundabout_lane_blend_arc_reverse_right_roundabout_left_horizontal_clean_m27p979_m1p5,roundabout_lane_blend_arc_reverse_right_roundabout_left_horizontal_clean_m27p979_m1p5,right,reverse,reverse_right,1
6150,-28.66,-1.014,0.5,32.37,roundabout_lane_blend_arc_reverse_right_roundabout_left_horizontal_clean_m27p979_m1p5,roundabout_lane_blend_arc_reverse_right_roundabout_left_horizontal_clean_m27p979_m1p5,roundabout_lane_blend_arc_reverse_right_roundabout_left_horizontal_clean_m27p979_m1p5,right,reverse,reverse_right,1
6151,-28.52,-0.921,0.5,34.859,roundabout_lane_blend_arc_reverse_right_roundabout_left_horizontal_clean_m27p979_m1p5,roundabout_lane_blend_arc_reverse_right_roundabout_left_horizontal_clean_m27p979_m1p5,roundabout_lane_blend_arc_reverse_right_roundabout_left_horizontal_clean_m27p979_m1p5,right,reverse,reverse_right,1
6152,-28.384,-0.821,0.5,37.269,roundabout_lane_blend_arc_reverse_right_roundabout_left_horizontal_clean_m27p979_m1p5,roundabout_lane_blend_arc_reverse_right_roundabout_left_horizontal_clean_m27p979_m1p5,roundabout_lane_blend_arc_reverse_right_roundabout_left_horizontal_clean_m27p979_m1p5,right,reverse,reverse_right,1
6153,-28.251,-0.716,0.5,39.616,roundabout_lane_blend_arc_reverse_right_roundabout_left_horizontal_clean_m27p979_m1p5,roundabout_lane_blend_arc_reverse_right_roundabout_left_horizontal_clean_m27p979_m1p5,roundabout_lane_blend_arc_reverse_right_roundabout_left_horizontal_clean_m27p979_m1p5,right,reverse,reverse_right,1
6154,-28.123,-0.606,0.5,41.915,roundabout_lane_blend_arc_reverse_right_roundabout_left_horizontal_clean_m27p979_m1p5,roundabout_lane_blend_arc_reverse_right_roundabout_left_horizontal_clean_m27p979_m1p5,roundabout_lane_blend_arc_reverse_right_roundabout_left_horizontal_clean_m27p979_m1p5,right,reverse,reverse_right,1
6155,-28.0,-0.49,0.5,44.182,roundabout_lane_blend_arc_reverse_right_roundabout_left_horizontal_clean_m27p979_m1p5,roundabout_lane_blend_arc_reverse_right_roundabout_left_horizontal_clean_m27p979_m1p5,roundabout_lane_blend_arc_reverse_right_roundabout_left_horizontal_clean_m27p979_m1p5,right,reverse,reverse_right,1
6156,-27.881,-0.37,0.5,46.43,roundabout_lane_blend_arc_reverse_right_roundabout_left_horizontal_clean_m27p979_m1p5,roundabout_lane_blend_arc_reverse_right_roundabout_left_horizontal_clean_m27p979_m1p5,roundabout_lane_blend_arc_reverse_right_roundabout_left_horizontal_clean_m27p979_m1p5,right,reverse,reverse_right,1
6157,-27.767,-0.246,0.5,48.677,roundabout_lane_blend_arc_reverse_right_roundabout_left_horizontal_clean_m27p979_m1p5,roundabout_lane_blend_arc_reverse_right_roundabout_left_horizontal_clean_m27p979_m1p5,roundabout_lane_blend_arc_reverse_right_roundabout_left_horizontal_clean_m27p979_m1p5,right,reverse,reverse_right,1
6158,-27.66,-0.118,0.5,50.936,roundabout_lane_blend_arc_reverse_right_roundabout_left_horizontal_clean_m27p979_m1p5,roundabout_lane_blend_arc_reverse_right_roundabout_left_horizontal_clean_m27p979_m1p5,roundabout_lane_blend_arc_reverse_right_roundabout_left_horizontal_clean_m27p979_m1p5,right,reverse,reverse_right,1
6159,-27.558,0.012,0.5,53.225,roundabout_lane_blend_arc_reverse_right_roundabout_left_horizontal_clean_m27p979_m1p5,roundabout_lane_blend_arc_reverse_right_roundabout_left_horizontal_clean_m27p979_m1p5,roundabout_lane_blend_arc_reverse_right_roundabout_left_horizontal_clean_m27p979_m1p5,right,reverse,reverse_right,1
6160,-27.462,0.146,0.5,55.561,roundabout_lane_blend_arc_reverse_right_roundabout_left_horizontal_clean_m27p979_m1p5,roundabout_lane_blend_arc_reverse_right_roundabout_left_horizontal_clean_m27p979_m1p5,roundabout_lane_blend_arc_reverse_right_roundabout_left_horizontal_clean_m27p979_m1p5,right,reverse,reverse_right,1
6161,-27.373,0.282,0.5,57.961,roundabout_lane_blend_arc_reverse_right_roundabout_left_horizontal_clean_m27p979_m1p5,roundabout_lane_blend_arc_reverse_right_roundabout_left_horizontal_clean_m27p979_m1p5,roundabout_lane_blend_arc_reverse_right_roundabout_left_horizontal_clean_m27p979_m1p5,right,reverse,reverse_right,1
6162,-27.291,0.419,0.5,60.446,roundabout_lane_blend_arc_reverse_right_roundabout_left_horizontal_clean_m27p979_m1p5,roundabout_lane_blend_arc_reverse_right_roundabout_left_horizontal_clean_m27p979_m1p5,roundabout_lane_blend_arc_reverse_right_roundabout_left_horizontal_clean_m27p979_m1p5,right,reverse,reverse_right,1
6163,-27.216,0.558,0.5,61.722,roundabout_lane_blend_arc_reverse_right_roundabout_left_horizontal_clean_m27p979_m1p5,roundabout_lane_blend_arc_reverse_right_roundabout_left_horizontal_clean_m27p979_m1p5,roundabout_lane_blend_arc_reverse_right_roundabout_left_horizontal_clean_m27p979_m1p5,right,reverse,reverse_right,0
6164,-7.3,-1.5,0.5,177.967,roundabout_lane_blend_arc_reverse_right_roundabout_right_horizontal_clean_m9p5_m1p5,roundabout_lane_blend_arc_reverse_right_roundabout_right_horizontal_clean_m9p5_m1p5,roundabout_lane_blend_arc_reverse_right_roundabout_right_horizontal_clean_m9p5_m1p5,right,reverse,reverse_right,1
6165,-7.457,-1.494,0.5,175.992,roundabout_lane_blend_arc_reverse_right_roundabout_right_horizontal_clean_m9p5_m1p5,roundabout_lane_blend_arc_reverse_right_roundabout_right_horizontal_clean_m9p5_m1p5,roundabout_lane_blend_arc_reverse_right_roundabout_right_horizontal_clean_m9p5_m1p5,right,reverse,reverse_right,1
6166,-7.613,-1.478,0.5,172.145,roundabout_lane_blend_arc_reverse_right_roundabout_right_horizontal_clean_m9p5_m1p5,roundabout_lane_blend_arc_reverse_right_roundabout_right_horizontal_clean_m9p5_m1p5,roundabout_lane_blend_arc_reverse_right_roundabout_right_horizontal_clean_m9p5_m1p5,right,reverse,reverse_right,1
6167,-7.769,-1.451,0.5,168.487,roundabout_lane_blend_arc_reverse_right_roundabout_right_horizontal_clean_m9p5_m1p5,roundabout_lane_blend_arc_reverse_right_roundabout_right_horizontal_clean_m9p5_m1p5,roundabout_lane_blend_arc_reverse_right_roundabout_right_horizontal_clean_m9p5_m1p5,right,reverse,reverse_right,1
6168,-7.924,-1.415,0.5,165.019,roundabout_lane_blend_arc_reverse_right_roundabout_right_horizontal_clean_m9p5_m1p5,roundabout_lane_blend_arc_reverse_right_roundabout_right_horizontal_clean_m9p5_m1p5,roundabout_lane_blend_arc_reverse_right_roundabout_right_horizontal_clean_m9p5_m1p5,right,reverse,reverse_right,1
6169,-8.078,-1.369,0.5,161.73,roundabout_lane_blend_arc_reverse_right_roundabout_right_horizontal_clean_m9p5_m1p5,roundabout_lane_blend_arc_reverse_right_roundabout_right_horizontal_clean_m9p5_m1p5,roundabout_lane_blend_arc_reverse_right_roundabout_right_horizontal_clean_m9p5_m1p5,right,reverse,reverse_right,1
6170,-8.231,-1.313,0.5,158.612,roundabout_lane_blend_arc_reverse_right_roundabout_right_horizontal_clean_m9p5_m1p5,roundabout_lane_blend_arc_reverse_right_roundabout_right_horizontal_clean_m9p5_m1p5,roundabout_lane_blend_arc_reverse_right_roundabout_right_horizontal_clean_m9p5_m1p5,right,reverse,reverse_right,1
6171,-8.382,-1.25,0.5,155.65,roundabout_lane_blend_arc_reverse_right_roundabout_right_horizontal_clean_m9p5_m1p5,roundabout_lane_blend_arc_reverse_right_roundabout_right_horizontal_clean_m9p5_m1p5,roundabout_lane_blend_arc_reverse_right_roundabout_right_horizontal_clean_m9p5_m1p5,right,reverse,reverse_right,1
6172,-8.53,-1.178,0.5,152.83,roundabout_lane_blend_arc_reverse_right_roundabout_right_horizontal_clean_m9p5_m1p5,roundabout_lane_blend_arc_reverse_right_roundabout_right_horizontal_clean_m9p5_m1p5,roundabout_lane_blend_arc_reverse_right_roundabout_right_horizontal_clean_m9p5_m1p5,right,reverse,reverse_right,1
6173,-8.676,-1.099,0.5,150.137,roundabout_lane_blend_arc_reverse_right_roundabout_right_horizontal_clean_m9p5_m1p5,roundabout_lane_blend_arc_reverse_right_roundabout_right_horizontal_clean_m9p5_m1p5,roundabout_lane_blend_arc_reverse_right_roundabout_right_horizontal_clean_m9p5_m1p5,right,reverse,reverse_right,1
6174,-8.819,-1.012,0.5,147.555,roundabout_lane_blend_arc_reverse_right_roundabout_right_horizontal_clean_m9p5_m1p5,roundabout_lane_blend_arc_reverse_right_roundabout_right_horizontal_clean_m9p5_m1p5,roundabout_lane_blend_arc_reverse_right_roundabout_right_horizontal_clean_m9p5_m1p5,right,reverse,reverse_right,1
6175,-8.959,-0.919,0.5,145.068,roundabout_lane_blend_arc_reverse_right_roundabout_right_horizontal_clean_m9p5_m1p5,roundabout_lane_blend_arc_reverse_right_roundabout_right_horizontal_clean_m9p5_m1p5,roundabout_lane_blend_arc_reverse_right_roundabout_right_horizontal_clean_m9p5_m1p5,right,reverse,reverse_right,1
6176,-9.096,-0.819,0.5,142.66,roundabout_lane_blend_arc_reverse_right_roundabout_right_horizontal_clean_m9p5_m1p5,roundabout_lane_blend_arc_reverse_right_roundabout_right_horizontal_clean_m9p5_m1p5,roundabout_lane_blend_arc_reverse_right_roundabout_right_horizontal_clean_m9p5_m1p5,right,reverse,reverse_right,1
6177,-9.228,-0.714,0.5,140.315,roundabout_lane_blend_arc_reverse_right_roundabout_right_horizontal_clean_m9p5_m1p5,roundabout_lane_blend_arc_reverse_right_roundabout_right_horizontal_clean_m9p5_m1p5,roundabout_lane_blend_arc_reverse_right_roundabout_right_horizontal_clean_m9p5_m1p5,right,reverse,reverse_right,1
6178,-9.356,-0.603,0.5,138.02,roundabout_lane_blend_arc_reverse_right_roundabout_right_horizontal_clean_m9p5_m1p5,roundabout_lane_blend_arc_reverse_right_roundabout_right_horizontal_clean_m9p5_m1p5,roundabout_lane_blend_arc_reverse_right_roundabout_right_horizontal_clean_m9p5_m1p5,right,reverse,reverse_right,1
6179,-9.48,-0.487,0.5,135.758,roundabout_lane_blend_arc_reverse_right_roundabout_right_horizontal_clean_m9p5_m1p5,roundabout_lane_blend_arc_reverse_right_roundabout_right_horizontal_clean_m9p5_m1p5,roundabout_lane_blend_arc_reverse_right_roundabout_right_horizontal_clean_m9p5_m1p5,right,reverse,reverse_right,1
6180,-9.599,-0.367,0.5,133.513,roundabout_lane_blend_arc_reverse_right_roundabout_right_horizontal_clean_m9p5_m1p5,roundabout_lane_blend_arc_reverse_right_roundabout_right_horizontal_clean_m9p5_m1p5,roundabout_lane_blend_arc_reverse_right_roundabout_right_horizontal_clean_m9p5_m1p5,right,reverse,reverse_right,1
6181,-9.712,-0.242,0.5,131.272,roundabout_lane_blend_arc_reverse_right_roundabout_right_horizontal_clean_m9p5_m1p5,roundabout_lane_blend_arc_reverse_right_roundabout_right_horizontal_clean_m9p5_m1p5,roundabout_lane_blend_arc_reverse_right_roundabout_right_horizontal_clean_m9p5_m1p5,right,reverse,reverse_right,1
6182,-9.82,-0.114,0.5,129.017,roundabout_lane_blend_arc_reverse_right_roundabout_right_horizontal_clean_m9p5_m1p5,roundabout_lane_blend_arc_reverse_right_roundabout_right_horizontal_clean_m9p5_m1p5,roundabout_lane_blend_arc_reverse_right_roundabout_right_horizontal_clean_m9p5_m1p5,right,reverse,reverse_right,1
6183,-9.922,0.017,0.5,126.732,roundabout_lane_blend_arc_reverse_right_roundabout_right_horizontal_clean_m9p5_m1p5,roundabout_lane_blend_arc_reverse_right_roundabout_right_horizontal_clean_m9p5_m1p5,roundabout_lane_blend_arc_reverse_right_roundabout_right_horizontal_clean_m9p5_m1p5,right,reverse,reverse_right,1
6184,-10.018,0.15,0.5,124.401,roundabout_lane_blend_arc_reverse_right_roundabout_right_horizontal_clean_m9p5_m1p5,roundabout_lane_blend_arc_reverse_right_roundabout_right_horizontal_clean_m9p5_m1p5,roundabout_lane_blend_arc_reverse_right_roundabout_right_horizontal_clean_m9p5_m1p5,right,reverse,reverse_right,1
6185,-10.107,0.286,0.5,122.004,roundabout_lane_blend_arc_reverse_right_roundabout_right_horizontal_clean_m9p5_m1p5,roundabout_lane_blend_arc_reverse_right_roundabout_right_horizontal_clean_m9p5_m1p5,roundabout_lane_blend_arc_reverse_right_roundabout_right_horizontal_clean_m9p5_m1p5,right,reverse,reverse_right,1
6186,-10.189,0.424,0.5,119.522,roundabout_lane_blend_arc_reverse_right_roundabout_right_horizontal_clean_m9p5_m1p5,roundabout_lane_blend_arc_reverse_right_roundabout_right_horizontal_clean_m9p5_m1p5,roundabout_lane_blend_arc_reverse_right_roundabout_right_horizontal_clean_m9p5_m1p5,right,reverse,reverse_right,1
6187,-10.263,0.563,0.5,118.247,roundabout_lane_blend_arc_reverse_right_roundabout_right_horizontal_clean_m9p5_m1p5,roundabout_lane_blend_arc_reverse_right_roundabout_right_horizontal_clean_m9p5_m1p5,roundabout_lane_blend_arc_reverse_right_roundabout_right_horizontal_clean_m9p5_m1p5,right,reverse,reverse_right,0
6188,-17.25,-15.33,0.5,87.94,roundabout_lane_blend_arc_forward_right_roundabout_bottom_vertical_clean_m17p25_m13p13,roundabout_lane_blend_arc_forward_right_roundabout_bottom_vertical_clean_m17p25_m13p13,roundabout_lane_blend_arc_forward_right_roundabout_bottom_vertical_clean_m17p25_m13p13,right,forward,forward_right,1
6189,-17.244,-15.174,0.5,85.926,roundabout_lane_blend_arc_forward_right_roundabout_bottom_vertical_clean_m17p25_m13p13,roundabout_lane_blend_arc_forward_right_roundabout_bottom_vertical_clean_m17p25_m13p13,roundabout_lane_blend_arc_forward_right_roundabout_bottom_vertical_clean_m17p25_m13p13,right,forward,forward_right,1
6190,-17.228,-15.019,0.5,81.967,roundabout_lane_blend_arc_forward_right_roundabout_bottom_vertical_clean_m17p25_m13p13,roundabout_lane_blend_arc_forward_right_roundabout_bottom_vertical_clean_m17p25_m13p13,roundabout_lane_blend_arc_forward_right_roundabout_bottom_vertical_clean_m17p25_m13p13,right,forward,forward_right,1
6191,-17.201,-14.865,0.5,78.161,roundabout_lane_blend_arc_forward_right_roundabout_bottom_vertical_clean_m17p25_m13p13,roundabout_lane_blend_arc_forward_right_roundabout_bottom_vertical_clean_m17p25_m13p13,roundabout_lane_blend_arc_forward_right_roundabout_bottom_vertical_clean_m17p25_m13p13,right,forward,forward_right,1
6192,-17.164,-14.713,0.5,74.512,roundabout_lane_blend_arc_forward_right_roundabout_bottom_vertical_clean_m17p25_m13p13,roundabout_lane_blend_arc_forward_right_roundabout_bottom_vertical_clean_m17p25_m13p13,roundabout_lane_blend_arc_forward_right_roundabout_bottom_vertical_clean_m17p25_m13p13,right,forward,forward_right,1
6193,-17.117,-14.563,0.5,71.022,roundabout_lane_blend_arc_forward_right_roundabout_bottom_vertical_clean_m17p25_m13p13,roundabout_lane_blend_arc_forward_right_roundabout_bottom_vertical_clean_m17p25_m13p13,roundabout_lane_blend_arc_forward_right_roundabout_bottom_vertical_clean_m17p25_m13p13,right,forward,forward_right,1
6194,-17.061,-14.414,0.5,67.685,roundabout_lane_blend_arc_forward_right_roundabout_bottom_vertical_clean_m17p25_m13p13,roundabout_lane_blend_arc_forward_right_roundabout_bottom_vertical_clean_m17p25_m13p13,roundabout_lane_blend_arc_forward_right_roundabout_bottom_vertical_clean_m17p25_m13p13,right,forward,forward_right,1
6195,-16.997,-14.269,0.5,64.493,roundabout_lane_blend_arc_forward_right_roundabout_bottom_vertical_clean_m17p25_m13p13,roundabout_lane_blend_arc_forward_right_roundabout_bottom_vertical_clean_m17p25_m13p13,roundabout_lane_blend_arc_forward_right_roundabout_bottom_vertical_clean_m17p25_m13p13,right,forward,forward_right,1
6196,-16.924,-14.126,0.5,61.437,roundabout_lane_blend_arc_forward_right_roundabout_bottom_vertical_clean_m17p25_m13p13,roundabout_lane_blend_arc_forward_right_roundabout_bottom_vertical_clean_m17p25_m13p13,roundabout_lane_blend_arc_forward_right_roundabout_bottom_vertical_clean_m17p25_m13p13,right,forward,forward_right,1
6197,-16.843,-13.987,0.5,58.503,roundabout_lane_blend_arc_forward_right_roundabout_bottom_vertical_clean_m17p25_m13p13,roundabout_lane_blend_arc_forward_right_roundabout_bottom_vertical_clean_m17p25_m13p13,roundabout_lane_blend_arc_forward_right_roundabout_bottom_vertical_clean_m17p25_m13p13,right,forward,forward_right,1
6198,-16.755,-13.851,0.5,55.679,roundabout_lane_blend_arc_forward_right_roundabout_bottom_vertical_clean_m17p25_m13p13,roundabout_lane_blend_arc_forward_right_roundabout_bottom_vertical_clean_m17p25_m13p13,roundabout_lane_blend_arc_forward_right_roundabout_bottom_vertical_clean_m17p25_m13p13,right,forward,forward_right,1
6199,-16.66,-13.718,0.5,52.951,roundabout_lane_blend_arc_forward_right_roundabout_bottom_vertical_clean_m17p25_m13p13,roundabout_lane_blend_arc_forward_right_roundabout_bottom_vertical_clean_m17p25_m13p13,roundabout_lane_blend_arc_forward_right_roundabout_bottom_vertical_clean_m17p25_m13p13,right,forward,forward_right,1
6200,-16.558,-13.59,0.5,50.305,roundabout_lane_blend_arc_forward_right_roundabout_bottom_vertical_clean_m17p25_m13p13,roundabout_lane_blend_arc_forward_right_roundabout_bottom_vertical_clean_m17p25_m13p13,roundabout_lane_blend_arc_forward_right_roundabout_bottom_vertical_clean_m17p25_m13p13,right,forward,forward_right,1
6201,-16.45,-13.466,0.5,47.726,roundabout_lane_blend_arc_forward_right_roundabout_bottom_vertical_clean_m17p25_m13p13,roundabout_lane_blend_arc_forward_right_roundabout_bottom_vertical_clean_m17p25_m13p13,roundabout_lane_blend_arc_forward_right_roundabout_bottom_vertical_clean_m17p25_m13p13,right,forward,forward_right,1
6202,-16.337,-13.347,0.5,45.199,roundabout_lane_blend_arc_forward_right_roundabout_bottom_vertical_clean_m17p25_m13p13,roundabout_lane_blend_arc_forward_right_roundabout_bottom_vertical_clean_m17p25_m13p13,roundabout_lane_blend_arc_forward_right_roundabout_bottom_vertical_clean_m17p25_m13p13,right,forward,forward_right,1
6203,-16.219,-13.233,0.5,42.71,roundabout_lane_blend_arc_forward_right_roundabout_bottom_vertical_clean_m17p25_m13p13,roundabout_lane_blend_arc_forward_right_roundabout_bottom_vertical_clean_m17p25_m13p13,roundabout_lane_blend_arc_forward_right_roundabout_bottom_vertical_clean_m17p25_m13p13,right,forward,forward_right,1
6204,-16.095,-13.124,0.5,40.245,roundabout_lane_blend_arc_forward_right_roundabout_bottom_vertical_clean_m17p25_m13p13,roundabout_lane_blend_arc_forward_right_roundabout_bottom_vertical_clean_m17p25_m13p13,roundabout_lane_blend_arc_forward_right_roundabout_bottom_vertical_clean_m17p25_m13p13,right,forward,forward_right,1
6205,-15.968,-13.021,0.5,37.788,roundabout_lane_blend_arc_forward_right_roundabout_bottom_vertical_clean_m17p25_m13p13,roundabout_lane_blend_arc_forward_right_roundabout_bottom_vertical_clean_m17p25_m13p13,roundabout_lane_blend_arc_forward_right_roundabout_bottom_vertical_clean_m17p25_m13p13,right,forward,forward_right,1
6206,-15.836,-12.923,0.5,35.324,roundabout_lane_blend_arc_forward_right_roundabout_bottom_vertical_clean_m17p25_m13p13,roundabout_lane_blend_arc_forward_right_roundabout_bottom_vertical_clean_m17p25_m13p13,roundabout_lane_blend_arc_forward_right_roundabout_bottom_vertical_clean_m17p25_m13p13,right,forward,forward_right,1
6207,-15.702,-12.832,0.5,32.838,roundabout_lane_blend_arc_forward_right_roundabout_bottom_vertical_clean_m17p25_m13p13,roundabout_lane_blend_arc_forward_right_roundabout_bottom_vertical_clean_m17p25_m13p13,roundabout_lane_blend_arc_forward_right_roundabout_bottom_vertical_clean_m17p25_m13p13,right,forward,forward_right,1
6208,-15.564,-12.747,0.5,30.314,roundabout_lane_blend_arc_forward_right_roundabout_bottom_vertical_clean_m17p25_m13p13,roundabout_lane_blend_arc_forward_right_roundabout_bottom_vertical_clean_m17p25_m13p13,roundabout_lane_blend_arc_forward_right_roundabout_bottom_vertical_clean_m17p25_m13p13,right,forward,forward_right,1
6209,-15.423,-12.669,0.5,27.736,roundabout_lane_blend_arc_forward_right_roundabout_bottom_vertical_clean_m17p25_m13p13,roundabout_lane_blend_arc_forward_right_roundabout_bottom_vertical_clean_m17p25_m13p13,roundabout_lane_blend_arc_forward_right_roundabout_bottom_vertical_clean_m17p25_m13p13,right,forward,forward_right,1
6210,-15.281,-12.599,0.5,25.086,roundabout_lane_blend_arc_forward_right_roundabout_bottom_vertical_clean_m17p25_m13p13,roundabout_lane_blend_arc_forward_right_roundabout_bottom_vertical_clean_m17p25_m13p13,roundabout_lane_blend_arc_forward_right_roundabout_bottom_vertical_clean_m17p25_m13p13,right,forward,forward_right,1
6211,-15.137,-12.535,0.5,23.734,roundabout_lane_blend_arc_forward_right_roundabout_bottom_vertical_clean_m17p25_m13p13,roundabout_lane_blend_arc_forward_right_roundabout_bottom_vertical_clean_m17p25_m13p13,roundabout_lane_blend_arc_forward_right_roundabout_bottom_vertical_clean_m17p25_m13p13,right,forward,forward_right,0
6212,-17.25,7.83,0.5,-87.94,roundabout_lane_blend_arc_forward_right_roundabout_top_vertical_clean_m17p25_5p63,roundabout_lane_blend_arc_forward_right_roundabout_top_vertical_clean_m17p25_5p63,roundabout_lane_blend_arc_forward_right_roundabout_top_vertical_clean_m17p25_5p63,right,forward,forward_right,1
6213,-17.244,7.674,0.5,-85.926,roundabout_lane_blend_arc_forward_right_roundabout_top_vertical_clean_m17p25_5p63,roundabout_lane_blend_arc_forward_right_roundabout_top_vertical_clean_m17p25_5p63,roundabout_lane_blend_arc_forward_right_roundabout_top_vertical_clean_m17p25_5p63,right,forward,forward_right,1
6214,-17.228,7.519,0.5,-81.967,roundabout_lane_blend_arc_forward_right_roundabout_top_vertical_clean_m17p25_5p63,roundabout_lane_blend_arc_forward_right_roundabout_top_vertical_clean_m17p25_5p63,roundabout_lane_blend_arc_forward_right_roundabout_top_vertical_clean_m17p25_5p63,right,forward,forward_right,1
6215,-17.201,7.365,0.5,-78.161,roundabout_lane_blend_arc_forward_right_roundabout_top_vertical_clean_m17p25_5p63,roundabout_lane_blend_arc_forward_right_roundabout_top_vertical_clean_m17p25_5p63,roundabout_lane_blend_arc_forward_right_roundabout_top_vertical_clean_m17p25_5p63,right,forward,forward_right,1
6216,-17.164,7.213,0.5,-74.512,roundabout_lane_blend_arc_forward_right_roundabout_top_vertical_clean_m17p25_5p63,roundabout_lane_blend_arc_forward_right_roundabout_top_vertical_clean_m17p25_5p63,roundabout_lane_blend_arc_forward_right_roundabout_top_vertical_clean_m17p25_5p63,right,forward,forward_right,1
6217,-17.117,7.063,0.5,-71.022,roundabout_lane_blend_arc_forward_right_roundabout_top_vertical_clean_m17p25_5p63,roundabout_lane_blend_arc_forward_right_roundabout_top_vertical_clean_m17p25_5p63,roundabout_lane_blend_arc_forward_right_roundabout_top_vertical_clean_m17p25_5p63,right,forward,forward_right,1
6218,-17.061,6.914,0.5,-67.685,roundabout_lane_blend_arc_forward_right_roundabout_top_vertical_clean_m17p25_5p63,roundabout_lane_blend_arc_forward_right_roundabout_top_vertical_clean_m17p25_5p63,roundabout_lane_blend_arc_forward_right_roundabout_top_vertical_clean_m17p25_5p63,right,forward,forward_right,1
6219,-16.997,6.769,0.5,-64.493,roundabout_lane_blend_arc_forward_right_roundabout_top_vertical_clean_m17p25_5p63,roundabout_lane_blend_arc_forward_right_roundabout_top_vertical_clean_m17p25_5p63,roundabout_lane_blend_arc_forward_right_roundabout_top_vertical_clean_m17p25_5p63,right,forward,forward_right,1
6220,-16.924,6.626,0.5,-61.437,roundabout_lane_blend_arc_forward_right_roundabout_top_vertical_clean_m17p25_5p63,roundabout_lane_blend_arc_forward_right_roundabout_top_vertical_clean_m17p25_5p63,roundabout_lane_blend_arc_forward_right_roundabout_top_vertical_clean_m17p25_5p63,right,forward,forward_right,1
6221,-16.843,6.487,0.5,-58.503,roundabout_lane_blend_arc_forward_right_roundabout_top_vertical_clean_m17p25_5p63,roundabout_lane_blend_arc_forward_right_roundabout_top_vertical_clean_m17p25_5p63,roundabout_lane_blend_arc_forward_right_roundabout_top_vertical_clean_m17p25_5p63,right,forward,forward_right,1
6222,-16.755,6.351,0.5,-55.679,roundabout_lane_blend_arc_forward_right_roundabout_top_vertical_clean_m17p25_5p63,roundabout_lane_blend_arc_forward_right_roundabout_top_vertical_clean_m17p25_5p63,roundabout_lane_blend_arc_forward_right_roundabout_top_vertical_clean_m17p25_5p63,right,forward,forward_right,1
6223,-16.66,6.218,0.5,-52.951,roundabout_lane_blend_arc_forward_right_roundabout_top_vertical_clean_m17p25_5p63,roundabout_lane_blend_arc_forward_right_roundabout_top_vertical_clean_m17p25_5p63,roundabout_lane_blend_arc_forward_right_roundabout_top_vertical_clean_m17p25_5p63,right,forward,forward_right,1
6224,-16.558,6.09,0.5,-50.305,roundabout_lane_blend_arc_forward_right_roundabout_top_vertical_clean_m17p25_5p63,roundabout_lane_blend_arc_forward_right_roundabout_top_vertical_clean_m17p25_5p63,roundabout_lane_blend_arc_forward_right_roundabout_top_vertical_clean_m17p25_5p63,right,forward,forward_right,1
6225,-16.45,5.966,0.5,-47.726,roundabout_lane_blend_arc_forward_right_roundabout_top_vertical_clean_m17p25_5p63,roundabout_lane_blend_arc_forward_right_roundabout_top_vertical_clean_m17p25_5p63,roundabout_lane_blend_arc_forward_right_roundabout_top_vertical_clean_m17p25_5p63,right,forward,forward_right,1
6226,-16.337,5.847,0.5,-45.199,roundabout_lane_blend_arc_forward_right_roundabout_top_vertical_clean_m17p25_5p63,roundabout_lane_blend_arc_forward_right_roundabout_top_vertical_clean_m17p25_5p63,roundabout_lane_blend_arc_forward_right_roundabout_top_vertical_clean_m17p25_5p63,right,forward,forward_right,1
6227,-16.219,5.733,0.5,-42.71,roundabout_lane_blend_arc_forward_right_roundabout_top_vertical_clean_m17p25_5p63,roundabout_lane_blend_arc_forward_right_roundabout_top_vertical_clean_m17p25_5p63,roundabout_lane_blend_arc_forward_right_roundabout_top_vertical_clean_m17p25_5p63,right,forward,forward_right,1
6228,-16.095,5.624,0.5,-40.245,roundabout_lane_blend_arc_forward_right_roundabout_top_vertical_clean_m17p25_5p63,roundabout_lane_blend_arc_forward_right_roundabout_top_vertical_clean_m17p25_5p63,roundabout_lane_blend_arc_forward_right_roundabout_top_vertical_clean_m17p25_5p63,right,forward,forward_right,1
6229,-15.968,5.521,0.5,-37.788,roundabout_lane_blend_arc_forward_right_roundabout_top_vertical_clean_m17p25_5p63,roundabout_lane_blend_arc_forward_right_roundabout_top_vertical_clean_m17p25_5p63,roundabout_lane_blend_arc_forward_right_roundabout_top_vertical_clean_m17p25_5p63,right,forward,forward_right,1
6230,-15.836,5.423,0.5,-35.324,roundabout_lane_blend_arc_forward_right_roundabout_top_vertical_clean_m17p25_5p63,roundabout_lane_blend_arc_forward_right_roundabout_top_vertical_clean_m17p25_5p63,roundabout_lane_blend_arc_forward_right_roundabout_top_vertical_clean_m17p25_5p63,right,forward,forward_right,1
6231,-15.702,5.332,0.5,-32.838,roundabout_lane_blend_arc_forward_right_roundabout_top_vertical_clean_m17p25_5p63,roundabout_lane_blend_arc_forward_right_roundabout_top_vertical_clean_m17p25_5p63,roundabout_lane_blend_arc_forward_right_roundabout_top_vertical_clean_m17p25_5p63,right,forward,forward_right,1
6232,-15.564,5.247,0.5,-30.314,roundabout_lane_blend_arc_forward_right_roundabout_top_vertical_clean_m17p25_5p63,roundabout_lane_blend_arc_forward_right_roundabout_top_vertical_clean_m17p25_5p63,roundabout_lane_blend_arc_forward_right_roundabout_top_vertical_clean_m17p25_5p63,right,forward,forward_right,1
6233,-15.423,5.169,0.5,-27.736,roundabout_lane_blend_arc_forward_right_roundabout_top_vertical_clean_m17p25_5p63,roundabout_lane_blend_arc_forward_right_roundabout_top_vertical_clean_m17p25_5p63,roundabout_lane_blend_arc_forward_right_roundabout_top_vertical_clean_m17p25_5p63,right,forward,forward_right,1
6234,-15.281,5.099,0.5,-25.086,roundabout_lane_blend_arc_forward_right_roundabout_top_vertical_clean_m17p25_5p63,roundabout_lane_blend_arc_forward_right_roundabout_top_vertical_clean_m17p25_5p63,roundabout_lane_blend_arc_forward_right_roundabout_top_vertical_clean_m17p25_5p63,right,forward,forward_right,1
6235,-15.137,5.035,0.5,-23.734,roundabout_lane_blend_arc_forward_right_roundabout_top_vertical_clean_m17p25_5p63,roundabout_lane_blend_arc_forward_right_roundabout_top_vertical_clean_m17p25_5p63,roundabout_lane_blend_arc_forward_right_roundabout_top_vertical_clean_m17p25_5p63,right,forward,forward_right,0
6236,-20.25,-15.33,0.5,92.06,roundabout_lane_blend_arc_reverse_right_roundabout_bottom_vertical_clean_m20p25_m13p13,roundabout_lane_blend_arc_reverse_right_roundabout_bottom_vertical_clean_m20p25_m13p13,roundabout_lane_blend_arc_reverse_right_roundabout_bottom_vertical_clean_m20p25_m13p13,right,reverse,reverse_right,1
6237,-20.256,-15.174,0.5,94.074,roundabout_lane_blend_arc_reverse_right_roundabout_bottom_vertical_clean_m20p25_m13p13,roundabout_lane_blend_arc_reverse_right_roundabout_bottom_vertical_clean_m20p25_m13p13,roundabout_lane_blend_arc_reverse_right_roundabout_bottom_vertical_clean_m20p25_m13p13,right,reverse,reverse_right,1
6238,-20.272,-15.019,0.5,98.033,roundabout_lane_blend_arc_reverse_right_roundabout_bottom_vertical_clean_m20p25_m13p13,roundabout_lane_blend_arc_reverse_right_roundabout_bottom_vertical_clean_m20p25_m13p13,roundabout_lane_blend_arc_reverse_right_roundabout_bottom_vertical_clean_m20p25_m13p13,right,reverse,reverse_right,1
6239,-20.299,-14.865,0.5,101.839,roundabout_lane_blend_arc_reverse_right_roundabout_bottom_vertical_clean_m20p25_m13p13,roundabout_lane_blend_arc_reverse_right_roundabout_bottom_vertical_clean_m20p25_m13p13,roundabout_lane_blend_arc_reverse_right_roundabout_bottom_vertical_clean_m20p25_m13p13,right,reverse,reverse_right,1
6240,-20.336,-14.713,0.5,105.488,roundabout_lane_blend_arc_reverse_right_roundabout_bottom_vertical_clean_m20p25_m13p13,roundabout_lane_blend_arc_reverse_right_roundabout_bottom_vertical_clean_m20p25_m13p13,roundabout_lane_blend_arc_reverse_right_roundabout_bottom_vertical_clean_m20p25_m13p13,right,reverse,reverse_right,1
6241,-20.383,-14.563,0.5,108.978,roundabout_lane_blend_arc_reverse_right_roundabout_bottom_vertical_clean_m20p25_m13p13,roundabout_lane_blend_arc_reverse_right_roundabout_bottom_vertical_clean_m20p25_m13p13,roundabout_lane_blend_arc_reverse_right_roundabout_bottom_vertical_clean_m20p25_m13p13,right,reverse,reverse_right,1
6242,-20.439,-14.414,0.5,112.315,roundabout_lane_blend_arc_reverse_right_roundabout_bottom_vertical_clean_m20p25_m13p13,roundabout_lane_blend_arc_reverse_right_roundabout_bottom_vertical_clean_m20p25_m13p13,roundabout_lane_blend_arc_reverse_right_roundabout_bottom_vertical_clean_m20p25_m13p13,right,reverse,reverse_right,1
6243,-20.503,-14.269,0.5,115.507,roundabout_lane_blend_arc_reverse_right_roundabout_bottom_vertical_clean_m20p25_m13p13,roundabout_lane_blend_arc_reverse_right_roundabout_bottom_vertical_clean_m20p25_m13p13,roundabout_lane_blend_arc_reverse_right_roundabout_bottom_vertical_clean_m20p25_m13p13,right,reverse,reverse_right,1
6244,-20.576,-14.126,0.5,118.563,roundabout_lane_blend_arc_reverse_right_roundabout_bottom_vertical_clean_m20p25_m13p13,roundabout_lane_blend_arc_reverse_right_roundabout_bottom_vertical_clean_m20p25_m13p13,roundabout_lane_blend_arc_reverse_right_roundabout_bottom_vertical_clean_m20p25_m13p13,right,reverse,reverse_right,1
6245,-20.657,-13.987,0.5,121.497,roundabout_lane_blend_arc_reverse_right_roundabout_bottom_vertical_clean_m20p25_m13p13,roundabout_lane_blend_arc_reverse_right_roundabout_bottom_vertical_clean_m20p25_m13p13,roundabout_lane_blend_arc_reverse_right_roundabout_bottom_vertical_clean_m20p25_m13p13,right,reverse,reverse_right,1
6246,-20.745,-13.851,0.5,124.321,roundabout_lane_blend_arc_reverse_right_roundabout_bottom_vertical_clean_m20p25_m13p13,roundabout_lane_blend_arc_reverse_right_roundabout_bottom_vertical_clean_m20p25_m13p13,roundabout_lane_blend_arc_reverse_right_roundabout_bottom_vertical_clean_m20p25_m13p13,right,reverse,reverse_right,1
6247,-20.84,-13.718,0.5,127.049,roundabout_lane_blend_arc_reverse_right_roundabout_bottom_vertical_clean_m20p25_m13p13,roundabout_lane_blend_arc_reverse_right_roundabout_bottom_vertical_clean_m20p25_m13p13,roundabout_lane_blend_arc_reverse_right_roundabout_bottom_vertical_clean_m20p25_m13p13,right,reverse,reverse_right,1
6248,-20.942,-13.59,0.5,129.695,roundabout_lane_blend_arc_reverse_right_roundabout_bottom_vertical_clean_m20p25_m13p13,roundabout_lane_blend_arc_reverse_right_roundabout_bottom_vertical_clean_m20p25_m13p13,roundabout_lane_blend_arc_reverse_right_roundabout_bottom_vertical_clean_m20p25_m13p13,right,reverse,reverse_right,1
6249,-21.05,-13.466,0.5,132.274,roundabout_lane_blend_arc_reverse_right_roundabout_bottom_vertical_clean_m20p25_m13p13,roundabout_lane_blend_arc_reverse_right_roundabout_bottom_vertical_clean_m20p25_m13p13,roundabout_lane_blend_arc_reverse_right_roundabout_bottom_vertical_clean_m20p25_m13p13,right,reverse,reverse_right,1
6250,-21.163,-13.347,0.5,134.801,roundabout_lane_blend_arc_reverse_right_roundabout_bottom_vertical_clean_m20p25_m13p13,roundabout_lane_blend_arc_reverse_right_roundabout_bottom_vertical_clean_m20p25_m13p13,roundabout_lane_blend_arc_reverse_right_roundabout_bottom_vertical_clean_m20p25_m13p13,right,reverse,reverse_right,1
6251,-21.281,-13.233,0.5,137.29,roundabout_lane_blend_arc_reverse_right_roundabout_bottom_vertical_clean_m20p25_m13p13,roundabout_lane_blend_arc_reverse_right_roundabout_bottom_vertical_clean_m20p25_m13p13,roundabout_lane_blend_arc_reverse_right_roundabout_bottom_vertical_clean_m20p25_m13p13,right,reverse,reverse_right,1
6252,-21.405,-13.124,0.5,139.755,roundabout_lane_blend_arc_reverse_right_roundabout_bottom_vertical_clean_m20p25_m13p13,roundabout_lane_blend_arc_reverse_right_roundabout_bottom_vertical_clean_m20p25_m13p13,roundabout_lane_blend_arc_reverse_right_roundabout_bottom_vertical_clean_m20p25_m13p13,right,reverse,reverse_right,1
6253,-21.532,-13.021,0.5,142.212,roundabout_lane_blend_arc_reverse_right_roundabout_bottom_vertical_clean_m20p25_m13p13,roundabout_lane_blend_arc_reverse_right_roundabout_bottom_vertical_clean_m20p25_m13p13,roundabout_lane_blend_arc_reverse_right_roundabout_bottom_vertical_clean_m20p25_m13p13,right,reverse,reverse_right,1
6254,-21.664,-12.923,0.5,144.676,roundabout_lane_blend_arc_reverse_right_roundabout_bottom_vertical_clean_m20p25_m13p13,roundabout_lane_blend_arc_reverse_right_roundabout_bottom_vertical_clean_m20p25_m13p13,roundabout_lane_blend_arc_reverse_right_roundabout_bottom_vertical_clean_m20p25_m13p13,right,reverse,reverse_right,1
6255,-21.798,-12.832,0.5,147.162,roundabout_lane_blend_arc_reverse_right_roundabout_bottom_vertical_clean_m20p25_m13p13,roundabout_lane_blend_arc_reverse_right_roundabout_bottom_vertical_clean_m20p25_m13p13,roundabout_lane_blend_arc_reverse_right_roundabout_bottom_vertical_clean_m20p25_m13p13,right,reverse,reverse_right,1
6256,-21.936,-12.747,0.5,149.686,roundabout_lane_blend_arc_reverse_right_roundabout_bottom_vertical_clean_m20p25_m13p13,roundabout_lane_blend_arc_reverse_right_roundabout_bottom_vertical_clean_m20p25_m13p13,roundabout_lane_blend_arc_reverse_right_roundabout_bottom_vertical_clean_m20p25_m13p13,right,reverse,reverse_right,1
6257,-22.077,-12.669,0.5,152.264,roundabout_lane_blend_arc_reverse_right_roundabout_bottom_vertical_clean_m20p25_m13p13,roundabout_lane_blend_arc_reverse_right_roundabout_bottom_vertical_clean_m20p25_m13p13,roundabout_lane_blend_arc_reverse_right_roundabout_bottom_vertical_clean_m20p25_m13p13,right,reverse,reverse_right,1
6258,-22.219,-12.599,0.5,154.914,roundabout_lane_blend_arc_reverse_right_roundabout_bottom_vertical_clean_m20p25_m13p13,roundabout_lane_blend_arc_reverse_right_roundabout_bottom_vertical_clean_m20p25_m13p13,roundabout_lane_blend_arc_reverse_right_roundabout_bottom_vertical_clean_m20p25_m13p13,right,reverse,reverse_right,1
6259,-22.363,-12.535,0.5,156.266,roundabout_lane_blend_arc_reverse_right_roundabout_bottom_vertical_clean_m20p25_m13p13,roundabout_lane_blend_arc_reverse_right_roundabout_bottom_vertical_clean_m20p25_m13p13,roundabout_lane_blend_arc_reverse_right_roundabout_bottom_vertical_clean_m20p25_m13p13,right,reverse,reverse_right,0
6260,-20.25,7.83,0.5,-92.06,roundabout_lane_blend_arc_reverse_right_roundabout_top_vertical_clean_m20p25_5p63,roundabout_lane_blend_arc_reverse_right_roundabout_top_vertical_clean_m20p25_5p63,roundabout_lane_blend_arc_reverse_right_roundabout_top_vertical_clean_m20p25_5p63,right,reverse,reverse_right,1
6261,-20.256,7.674,0.5,-94.074,roundabout_lane_blend_arc_reverse_right_roundabout_top_vertical_clean_m20p25_5p63,roundabout_lane_blend_arc_reverse_right_roundabout_top_vertical_clean_m20p25_5p63,roundabout_lane_blend_arc_reverse_right_roundabout_top_vertical_clean_m20p25_5p63,right,reverse,reverse_right,1
6262,-20.272,7.519,0.5,-98.033,roundabout_lane_blend_arc_reverse_right_roundabout_top_vertical_clean_m20p25_5p63,roundabout_lane_blend_arc_reverse_right_roundabout_top_vertical_clean_m20p25_5p63,roundabout_lane_blend_arc_reverse_right_roundabout_top_vertical_clean_m20p25_5p63,right,reverse,reverse_right,1
6263,-20.299,7.365,0.5,-101.839,roundabout_lane_blend_arc_reverse_right_roundabout_top_vertical_clean_m20p25_5p63,roundabout_lane_blend_arc_reverse_right_roundabout_top_vertical_clean_m20p25_5p63,roundabout_lane_blend_arc_reverse_right_roundabout_top_vertical_clean_m20p25_5p63,right,reverse,reverse_right,1
6264,-20.336,7.213,0.5,-105.488,roundabout_lane_blend_arc_reverse_right_roundabout_top_vertical_clean_m20p25_5p63,roundabout_lane_blend_arc_reverse_right_roundabout_top_vertical_clean_m20p25_5p63,roundabout_lane_blend_arc_reverse_right_roundabout_top_vertical_clean_m20p25_5p63,right,reverse,reverse_right,1
6265,-20.383,7.063,0.5,-108.978,roundabout_lane_blend_arc_reverse_right_roundabout_top_vertical_clean_m20p25_5p63,roundabout_lane_blend_arc_reverse_right_roundabout_top_vertical_clean_m20p25_5p63,roundabout_lane_blend_arc_reverse_right_roundabout_top_vertical_clean_m20p25_5p63,right,reverse,reverse_right,1
6266,-20.439,6.914,0.5,-112.315,roundabout_lane_blend_arc_reverse_right_roundabout_top_vertical_clean_m20p25_5p63,roundabout_lane_blend_arc_reverse_right_roundabout_top_vertical_clean_m20p25_5p63,roundabout_lane_blend_arc_reverse_right_roundabout_top_vertical_clean_m20p25_5p63,right,reverse,reverse_right,1
6267,-20.503,6.769,0.5,-115.507,roundabout_lane_blend_arc_reverse_right_roundabout_top_vertical_clean_m20p25_5p63,roundabout_lane_blend_arc_reverse_right_roundabout_top_vertical_clean_m20p25_5p63,roundabout_lane_blend_arc_reverse_right_roundabout_top_vertical_clean_m20p25_5p63,right,reverse,reverse_right,1
6268,-20.576,6.626,0.5,-118.563,roundabout_lane_blend_arc_reverse_right_roundabout_top_vertical_clean_m20p25_5p63,roundabout_lane_blend_arc_reverse_right_roundabout_top_vertical_clean_m20p25_5p63,roundabout_lane_blend_arc_reverse_right_roundabout_top_vertical_clean_m20p25_5p63,right,reverse,reverse_right,1
6269,-20.657,6.487,0.5,-121.497,roundabout_lane_blend_arc_reverse_right_roundabout_top_vertical_clean_m20p25_5p63,roundabout_lane_blend_arc_reverse_right_roundabout_top_vertical_clean_m20p25_5p63,roundabout_lane_blend_arc_reverse_right_roundabout_top_vertical_clean_m20p25_5p63,right,reverse,reverse_right,1
6270,-20.745,6.351,0.5,-124.321,roundabout_lane_blend_arc_reverse_right_roundabout_top_vertical_clean_m20p25_5p63,roundabout_lane_blend_arc_reverse_right_roundabout_top_vertical_clean_m20p25_5p63,roundabout_lane_blend_arc_reverse_right_roundabout_top_vertical_clean_m20p25_5p63,right,reverse,reverse_right,1
6271,-20.84,6.218,0.5,-127.049,roundabout_lane_blend_arc_reverse_right_roundabout_top_vertical_clean_m20p25_5p63,roundabout_lane_blend_arc_reverse_right_roundabout_top_vertical_clean_m20p25_5p63,roundabout_lane_blend_arc_reverse_right_roundabout_top_vertical_clean_m20p25_5p63,right,reverse,reverse_right,1
6272,-20.942,6.09,0.5,-129.695,roundabout_lane_blend_arc_reverse_right_roundabout_top_vertical_clean_m20p25_5p63,roundabout_lane_blend_arc_reverse_right_roundabout_top_vertical_clean_m20p25_5p63,roundabout_lane_blend_arc_reverse_right_roundabout_top_vertical_clean_m20p25_5p63,right,reverse,reverse_right,1
6273,-21.05,5.966,0.5,-132.274,roundabout_lane_blend_arc_reverse_right_roundabout_top_vertical_clean_m20p25_5p63,roundabout_lane_blend_arc_reverse_right_roundabout_top_vertical_clean_m20p25_5p63,roundabout_lane_blend_arc_reverse_right_roundabout_top_vertical_clean_m20p25_5p63,right,reverse,reverse_right,1
6274,-21.163,5.847,0.5,-134.801,roundabout_lane_blend_arc_reverse_right_roundabout_top_vertical_clean_m20p25_5p63,roundabout_lane_blend_arc_reverse_right_roundabout_top_vertical_clean_m20p25_5p63,roundabout_lane_blend_arc_reverse_right_roundabout_top_vertical_clean_m20p25_5p63,right,reverse,reverse_right,1
6275,-21.281,5.733,0.5,-137.29,roundabout_lane_blend_arc_reverse_right_roundabout_top_vertical_clean_m20p25_5p63,roundabout_lane_blend_arc_reverse_right_roundabout_top_vertical_clean_m20p25_5p63,roundabout_lane_blend_arc_reverse_right_roundabout_top_vertical_clean_m20p25_5p63,right,reverse,reverse_right,1
6276,-21.405,5.624,0.5,-139.755,roundabout_lane_blend_arc_reverse_right_roundabout_top_vertical_clean_m20p25_5p63,roundabout_lane_blend_arc_reverse_right_roundabout_top_vertical_clean_m20p25_5p63,roundabout_lane_blend_arc_reverse_right_roundabout_top_vertical_clean_m20p25_5p63,right,reverse,reverse_right,1
6277,-21.532,5.521,0.5,-142.212,roundabout_lane_blend_arc_reverse_right_roundabout_top_vertical_clean_m20p25_5p63,roundabout_lane_blend_arc_reverse_right_roundabout_top_vertical_clean_m20p25_5p63,roundabout_lane_blend_arc_reverse_right_roundabout_top_vertical_clean_m20p25_5p63,right,reverse,reverse_right,1
6278,-21.664,5.423,0.5,-144.676,roundabout_lane_blend_arc_reverse_right_roundabout_top_vertical_clean_m20p25_5p63,roundabout_lane_blend_arc_reverse_right_roundabout_top_vertical_clean_m20p25_5p63,roundabout_lane_blend_arc_reverse_right_roundabout_top_vertical_clean_m20p25_5p63,right,reverse,reverse_right,1
6279,-21.798,5.332,0.5,-147.162,roundabout_lane_blend_arc_reverse_right_roundabout_top_vertical_clean_m20p25_5p63,roundabout_lane_blend_arc_reverse_right_roundabout_top_vertical_clean_m20p25_5p63,roundabout_lane_blend_arc_reverse_right_roundabout_top_vertical_clean_m20p25_5p63,right,reverse,reverse_right,1
6280,-21.936,5.247,0.5,-149.686,roundabout_lane_blend_arc_reverse_right_roundabout_top_vertical_clean_m20p25_5p63,roundabout_lane_blend_arc_reverse_right_roundabout_top_vertical_clean_m20p25_5p63,roundabout_lane_blend_arc_reverse_right_roundabout_top_vertical_clean_m20p25_5p63,right,reverse,reverse_right,1
6281,-22.077,5.169,0.5,-152.264,roundabout_lane_blend_arc_reverse_right_roundabout_top_vertical_clean_m20p25_5p63,roundabout_lane_blend_arc_reverse_right_roundabout_top_vertical_clean_m20p25_5p63,roundabout_lane_blend_arc_reverse_right_roundabout_top_vertical_clean_m20p25_5p63,right,reverse,reverse_right,1
6282,-22.219,5.099,0.5,-154.914,roundabout_lane_blend_arc_reverse_right_roundabout_top_vertical_clean_m20p25_5p63,roundabout_lane_blend_arc_reverse_right_roundabout_top_vertical_clean_m20p25_5p63,roundabout_lane_blend_arc_reverse_right_roundabout_top_vertical_clean_m20p25_5p63,right,reverse,reverse_right,1
6283,-22.363,5.035,0.5,-156.266,roundabout_lane_blend_arc_reverse_right_roundabout_top_vertical_clean_m20p25_5p63,roundabout_lane_blend_arc_reverse_right_roundabout_top_vertical_clean_m20p25_5p63,roundabout_lane_blend_arc_reverse_right_roundabout_top_vertical_clean_m20p25_5p63,right,reverse,reverse_right,0
6372,40.0,-4.5,0.5,0.0,smooth_outer_side_vertical_same_style_link_blue_right_ym4p5,smooth_outer_side_vertical_same_style_link_blue_right_ym4p5,smooth_outer_side_vertical_same_style_link_blue_right_ym4p5,right,forward,forward_right,1
6373,40.286,-4.5,0.5,0.0,smooth_outer_side_vertical_same_style_link_blue_right_ym4p5,smooth_outer_side_vertical_same_style_link_blue_right_ym4p5,smooth_outer_side_vertical_same_style_link_blue_right_ym4p5,right,forward,forward_right,1
6374,40.571,-4.5,0.5,0.0,smooth_outer_side_vertical_same_style_link_blue_right_ym4p5,smooth_outer_side_vertical_same_style_link_blue_right_ym4p5,smooth_outer_side_vertical_same_style_link_blue_right_ym4p5,right,forward,forward_right,1
6375,40.857,-4.5,0.5,0.0,smooth_outer_side_vertical_same_style_link_blue_right_ym4p5,smooth_outer_side_vertical_same_style_link_blue_right_ym4p5,smooth_outer_side_vertical_same_style_link_blue_right_ym4p5,right,forward,forward_right,1
6376,41.143,-4.5,0.5,0.0,smooth_outer_side_vertical_same_style_link_blue_right_ym4p5,smooth_outer_side_vertical_same_style_link_blue_right_ym4p5,smooth_outer_side_vertical_same_style_link_blue_right_ym4p5,right,forward,forward_right,1
6377,41.429,-4.5,0.5,0.0,smooth_outer_side_vertical_same_style_link_blue_right_ym4p5,smooth_outer_side_vertical_same_style_link_blue_right_ym4p5,smooth_outer_side_vertical_same_style_link_blue_right_ym4p5,right,forward,forward_right,1
6378,41.714,-4.5,0.5,0.0,smooth_outer_side_vertical_same_style_link_blue_right_ym4p5,smooth_outer_side_vertical_same_style_link_blue_right_ym4p5,smooth_outer_side_vertical_same_style_link_blue_right_ym4p5,right,forward,forward_right,1
6379,42.0,-4.5,0.5,0.0,smooth_outer_side_vertical_same_style_link_blue_right_ym4p5,smooth_outer_side_vertical_same_style_link_blue_right_ym4p5,smooth_outer_side_vertical_same_style_link_blue_right_ym4p5,right,forward,forward_right,0
6380,42.0,-4.5,0.5,0.0,smooth_outer_side_vertical_same_style_arc_blue_right_ym4p5_upper,smooth_outer_side_vertical_same_style_arc_blue_right_ym4p5_upper,smooth_outer_side_vertical_same_style_arc_blue_right_ym4p5_upper,right,forward,forward_right,1
6381,42.111,-4.495,0.5,5.294,smooth_outer_side_vertical_same_style_arc_blue_right_ym4p5_upper,smooth_outer_side_vertical_same_style_arc_blue_right_ym4p5_upper,smooth_outer_side_vertical_same_style_arc_blue_right_ym4p5_upper,right,forward,forward_right,1
6382,42.22,-4.48,0.5,10.588,smooth_outer_side_vertical_same_style_arc_blue_right_ym4p5_upper,smooth_outer_side_vertical_same_style_arc_blue_right_ym4p5_upper,smooth_outer_side_vertical_same_style_arc_blue_right_ym4p5_upper,right,forward,forward_right,1
6383,42.328,-4.454,0.5,15.882,smooth_outer_side_vertical_same_style_arc_blue_right_ym4p5_upper,smooth_outer_side_vertical_same_style_arc_blue_right_ym4p5_upper,smooth_outer_side_vertical_same_style_arc_blue_right_ym4p5_upper,right,forward,forward_right,1
6384,42.433,-4.419,0.5,21.176,smooth_outer_side_vertical_same_style_arc_blue_right_ym4p5_upper,smooth_outer_side_vertical_same_style_arc_blue_right_ym4p5_upper,smooth_outer_side_vertical_same_style_arc_blue_right_ym4p5_upper,right,forward,forward_right,1
6385,42.535,-4.374,0.5,26.471,smooth_outer_side_vertical_same_style_arc_blue_right_ym4p5_upper,smooth_outer_side_vertical_same_style_arc_blue_right_ym4p5_upper,smooth_outer_side_vertical_same_style_arc_blue_right_ym4p5_upper,right,forward,forward_right,1
6386,42.632,-4.32,0.5,31.765,smooth_outer_side_vertical_same_style_arc_blue_right_ym4p5_upper,smooth_outer_side_vertical_same_style_arc_blue_right_ym4p5_upper,smooth_outer_side_vertical_same_style_arc_blue_right_ym4p5_upper,right,forward,forward_right,1
6387,42.723,-4.258,0.5,37.059,smooth_outer_side_vertical_same_style_arc_blue_right_ym4p5_upper,smooth_outer_side_vertical_same_style_arc_blue_right_ym4p5_upper,smooth_outer_side_vertical_same_style_arc_blue_right_ym4p5_upper,right,forward,forward_right,1
6388,42.808,-4.187,0.5,42.353,smooth_outer_side_vertical_same_style_arc_blue_right_ym4p5_upper,smooth_outer_side_vertical_same_style_arc_blue_right_ym4p5_upper,smooth_outer_side_vertical_same_style_arc_blue_right_ym4p5_upper,right,forward,forward_right,1
6389,42.887,-4.108,0.5,47.647,smooth_outer_side_vertical_same_style_arc_blue_right_ym4p5_upper,smooth_outer_side_vertical_same_style_arc_blue_right_ym4p5_upper,smooth_outer_side_vertical_same_style_arc_blue_right_ym4p5_upper,right,forward,forward_right,1
6390,42.958,-4.023,0.5,52.941,smooth_outer_side_vertical_same_style_arc_blue_right_ym4p5_upper,smooth_outer_side_vertical_same_style_arc_blue_right_ym4p5_upper,smooth_outer_side_vertical_same_style_arc_blue_right_ym4p5_upper,right,forward,forward_right,1
6391,43.02,-3.932,0.5,58.235,smooth_outer_side_vertical_same_style_arc_blue_right_ym4p5_upper,smooth_outer_side_vertical_same_style_arc_blue_right_ym4p5_upper,smooth_outer_side_vertical_same_style_arc_blue_right_ym4p5_upper,right,forward,forward_right,1
6392,43.074,-3.835,0.5,63.529,smooth_outer_side_vertical_same_style_arc_blue_right_ym4p5_upper,smooth_outer_side_vertical_same_style_arc_blue_right_ym4p5_upper,smooth_outer_side_vertical_same_style_arc_blue_right_ym4p5_upper,right,forward,forward_right,1
6393,43.119,-3.733,0.5,68.824,smooth_outer_side_vertical_same_style_arc_blue_right_ym4p5_upper,smooth_outer_side_vertical_same_style_arc_blue_right_ym4p5_upper,smooth_outer_side_vertical_same_style_arc_blue_right_ym4p5_upper,right,forward,forward_right,1
6394,43.154,-3.628,0.5,74.118,smooth_outer_side_vertical_same_style_arc_blue_right_ym4p5_upper,smooth_outer_side_vertical_same_style_arc_blue_right_ym4p5_upper,smooth_outer_side_vertical_same_style_arc_blue_right_ym4p5_upper,right,forward,forward_right,1
6395,43.18,-3.52,0.5,79.412,smooth_outer_side_vertical_same_style_arc_blue_right_ym4p5_upper,smooth_outer_side_vertical_same_style_arc_blue_right_ym4p5_upper,smooth_outer_side_vertical_same_style_arc_blue_right_ym4p5_upper,right,forward,forward_right,1
6396,43.195,-3.411,0.5,84.706,smooth_outer_side_vertical_same_style_arc_blue_right_ym4p5_upper,smooth_outer_side_vertical_same_style_arc_blue_right_ym4p5_upper,smooth_outer_side_vertical_same_style_arc_blue_right_ym4p5_upper,right,forward,forward_right,1
6397,43.2,-3.3,0.5,90.0,smooth_outer_side_vertical_same_style_arc_blue_right_ym4p5_upper,smooth_outer_side_vertical_same_style_arc_blue_right_ym4p5_upper,smooth_outer_side_vertical_same_style_arc_blue_right_ym4p5_upper,right,forward,forward_right,0
6398,42.0,-4.5,0.5,0.0,smooth_outer_side_vertical_same_style_arc_blue_right_ym4p5_lower,smooth_outer_side_vertical_same_style_arc_blue_right_ym4p5_lower,smooth_outer_side_vertical_same_style_arc_blue_right_ym4p5_lower,right,forward,forward_right,1
6399,42.111,-4.505,0.5,-5.294,smooth_outer_side_vertical_same_style_arc_blue_right_ym4p5_lower,smooth_outer_side_vertical_same_style_arc_blue_right_ym4p5_lower,smooth_outer_side_vertical_same_style_arc_blue_right_ym4p5_lower,right,forward,forward_right,1
6400,42.22,-4.52,0.5,-10.588,smooth_outer_side_vertical_same_style_arc_blue_right_ym4p5_lower,smooth_outer_side_vertical_same_style_arc_blue_right_ym4p5_lower,smooth_outer_side_vertical_same_style_arc_blue_right_ym4p5_lower,right,forward,forward_right,1
6401,42.328,-4.546,0.5,-15.882,smooth_outer_side_vertical_same_style_arc_blue_right_ym4p5_lower,smooth_outer_side_vertical_same_style_arc_blue_right_ym4p5_lower,smooth_outer_side_vertical_same_style_arc_blue_right_ym4p5_lower,right,forward,forward_right,1
6402,42.433,-4.581,0.5,-21.176,smooth_outer_side_vertical_same_style_arc_blue_right_ym4p5_lower,smooth_outer_side_vertical_same_style_arc_blue_right_ym4p5_lower,smooth_outer_side_vertical_same_style_arc_blue_right_ym4p5_lower,right,forward,forward_right,1
6403,42.535,-4.626,0.5,-26.471,smooth_outer_side_vertical_same_style_arc_blue_right_ym4p5_lower,smooth_outer_side_vertical_same_style_arc_blue_right_ym4p5_lower,smooth_outer_side_vertical_same_style_arc_blue_right_ym4p5_lower,right,forward,forward_right,1
6404,42.632,-4.68,0.5,-31.765,smooth_outer_side_vertical_same_style_arc_blue_right_ym4p5_lower,smooth_outer_side_vertical_same_style_arc_blue_right_ym4p5_lower,smooth_outer_side_vertical_same_style_arc_blue_right_ym4p5_lower,right,forward,forward_right,1
6405,42.723,-4.742,0.5,-37.059,smooth_outer_side_vertical_same_style_arc_blue_right_ym4p5_lower,smooth_outer_side_vertical_same_style_arc_blue_right_ym4p5_lower,smooth_outer_side_vertical_same_style_arc_blue_right_ym4p5_lower,right,forward,forward_right,1
6406,42.808,-4.813,0.5,-42.353,smooth_outer_side_vertical_same_style_arc_blue_right_ym4p5_lower,smooth_outer_side_vertical_same_style_arc_blue_right_ym4p5_lower,smooth_outer_side_vertical_same_style_arc_blue_right_ym4p5_lower,right,forward,forward_right,1
6407,42.887,-4.892,0.5,-47.647,smooth_outer_side_vertical_same_style_arc_blue_right_ym4p5_lower,smooth_outer_side_vertical_same_style_arc_blue_right_ym4p5_lower,smooth_outer_side_vertical_same_style_arc_blue_right_ym4p5_lower,right,forward,forward_right,1
6408,42.958,-4.977,0.5,-52.941,smooth_outer_side_vertical_same_style_arc_blue_right_ym4p5_lower,smooth_outer_side_vertical_same_style_arc_blue_right_ym4p5_lower,smooth_outer_side_vertical_same_style_arc_blue_right_ym4p5_lower,right,forward,forward_right,1
6409,43.02,-5.068,0.5,-58.235,smooth_outer_side_vertical_same_style_arc_blue_right_ym4p5_lower,smooth_outer_side_vertical_same_style_arc_blue_right_ym4p5_lower,smooth_outer_side_vertical_same_style_arc_blue_right_ym4p5_lower,right,forward,forward_right,1
6410,43.074,-5.165,0.5,-63.529,smooth_outer_side_vertical_same_style_arc_blue_right_ym4p5_lower,smooth_outer_side_vertical_same_style_arc_blue_right_ym4p5_lower,smooth_outer_side_vertical_same_style_arc_blue_right_ym4p5_lower,right,forward,forward_right,1
6411,43.119,-5.267,0.5,-68.824,smooth_outer_side_vertical_same_style_arc_blue_right_ym4p5_lower,smooth_outer_side_vertical_same_style_arc_blue_right_ym4p5_lower,smooth_outer_side_vertical_same_style_arc_blue_right_ym4p5_lower,right,forward,forward_right,1
6412,43.154,-5.372,0.5,-74.118,smooth_outer_side_vertical_same_style_arc_blue_right_ym4p5_lower,smooth_outer_side_vertical_same_style_arc_blue_right_ym4p5_lower,smooth_outer_side_vertical_same_style_arc_blue_right_ym4p5_lower,right,forward,forward_right,1
6413,43.18,-5.48,0.5,-79.412,smooth_outer_side_vertical_same_style_arc_blue_right_ym4p5_lower,smooth_outer_side_vertical_same_style_arc_blue_right_ym4p5_lower,smooth_outer_side_vertical_same_style_arc_blue_right_ym4p5_lower,right,forward,forward_right,1
6414,43.195,-5.589,0.5,-84.706,smooth_outer_side_vertical_same_style_arc_blue_right_ym4p5_lower,smooth_outer_side_vertical_same_style_arc_blue_right_ym4p5_lower,smooth_outer_side_vertical_same_style_arc_blue_right_ym4p5_lower,right,forward,forward_right,1
6415,43.2,-5.7,0.5,-90.0,smooth_outer_side_vertical_same_style_arc_blue_right_ym4p5_lower,smooth_outer_side_vertical_same_style_arc_blue_right_ym4p5_lower,smooth_outer_side_vertical_same_style_arc_blue_right_ym4p5_lower,right,forward,forward_right,0
6416,40.0,24.5,0.5,0.0,smooth_outer_side_vertical_same_style_link_blue_right_y24p5,smooth_outer_side_vertical_same_style_link_blue_right_y24p5,smooth_outer_side_vertical_same_style_link_blue_right_y24p5,right,forward,forward_right,1
6417,40.286,24.5,0.5,0.0,smooth_outer_side_vertical_same_style_link_blue_right_y24p5,smooth_outer_side_vertical_same_style_link_blue_right_y24p5,smooth_outer_side_vertical_same_style_link_blue_right_y24p5,right,forward,forward_right,1
6418,40.571,24.5,0.5,0.0,smooth_outer_side_vertical_same_style_link_blue_right_y24p5,smooth_outer_side_vertical_same_style_link_blue_right_y24p5,smooth_outer_side_vertical_same_style_link_blue_right_y24p5,right,forward,forward_right,1
6419,40.857,24.5,0.5,0.0,smooth_outer_side_vertical_same_style_link_blue_right_y24p5,smooth_outer_side_vertical_same_style_link_blue_right_y24p5,smooth_outer_side_vertical_same_style_link_blue_right_y24p5,right,forward,forward_right,1
6420,41.143,24.5,0.5,0.0,smooth_outer_side_vertical_same_style_link_blue_right_y24p5,smooth_outer_side_vertical_same_style_link_blue_right_y24p5,smooth_outer_side_vertical_same_style_link_blue_right_y24p5,right,forward,forward_right,1
6421,41.429,24.5,0.5,0.0,smooth_outer_side_vertical_same_style_link_blue_right_y24p5,smooth_outer_side_vertical_same_style_link_blue_right_y24p5,smooth_outer_side_vertical_same_style_link_blue_right_y24p5,right,forward,forward_right,1
6422,41.714,24.5,0.5,0.0,smooth_outer_side_vertical_same_style_link_blue_right_y24p5,smooth_outer_side_vertical_same_style_link_blue_right_y24p5,smooth_outer_side_vertical_same_style_link_blue_right_y24p5,right,forward,forward_right,1
6423,42.0,24.5,0.5,0.0,smooth_outer_side_vertical_same_style_link_blue_right_y24p5,smooth_outer_side_vertical_same_style_link_blue_right_y24p5,smooth_outer_side_vertical_same_style_link_blue_right_y24p5,right,forward,forward_right,0
6424,42.0,24.5,0.5,0.0,smooth_outer_side_vertical_same_style_arc_blue_right_y24p5_upper,smooth_outer_side_vertical_same_style_arc_blue_right_y24p5_upper,smooth_outer_side_vertical_same_style_arc_blue_right_y24p5_upper,right,forward,forward_right,1
6425,42.111,24.505,0.5,5.294,smooth_outer_side_vertical_same_style_arc_blue_right_y24p5_upper,smooth_outer_side_vertical_same_style_arc_blue_right_y24p5_upper,smooth_outer_side_vertical_same_style_arc_blue_right_y24p5_upper,right,forward,forward_right,1
6426,42.22,24.52,0.5,10.588,smooth_outer_side_vertical_same_style_arc_blue_right_y24p5_upper,smooth_outer_side_vertical_same_style_arc_blue_right_y24p5_upper,smooth_outer_side_vertical_same_style_arc_blue_right_y24p5_upper,right,forward,forward_right,1
6427,42.328,24.546,0.5,15.882,smooth_outer_side_vertical_same_style_arc_blue_right_y24p5_upper,smooth_outer_side_vertical_same_style_arc_blue_right_y24p5_upper,smooth_outer_side_vertical_same_style_arc_blue_right_y24p5_upper,right,forward,forward_right,1
6428,42.433,24.581,0.5,21.176,smooth_outer_side_vertical_same_style_arc_blue_right_y24p5_upper,smooth_outer_side_vertical_same_style_arc_blue_right_y24p5_upper,smooth_outer_side_vertical_same_style_arc_blue_right_y24p5_upper,right,forward,forward_right,1
6429,42.535,24.626,0.5,26.471,smooth_outer_side_vertical_same_style_arc_blue_right_y24p5_upper,smooth_outer_side_vertical_same_style_arc_blue_right_y24p5_upper,smooth_outer_side_vertical_same_style_arc_blue_right_y24p5_upper,right,forward,forward_right,1
6430,42.632,24.68,0.5,31.765,smooth_outer_side_vertical_same_style_arc_blue_right_y24p5_upper,smooth_outer_side_vertical_same_style_arc_blue_right_y24p5_upper,smooth_outer_side_vertical_same_style_arc_blue_right_y24p5_upper,right,forward,forward_right,1
6431,42.723,24.742,0.5,37.059,smooth_outer_side_vertical_same_style_arc_blue_right_y24p5_upper,smooth_outer_side_vertical_same_style_arc_blue_right_y24p5_upper,smooth_outer_side_vertical_same_style_arc_blue_right_y24p5_upper,right,forward,forward_right,1
6432,42.808,24.813,0.5,42.353,smooth_outer_side_vertical_same_style_arc_blue_right_y24p5_upper,smooth_outer_side_vertical_same_style_arc_blue_right_y24p5_upper,smooth_outer_side_vertical_same_style_arc_blue_right_y24p5_upper,right,forward,forward_right,1
6433,42.887,24.892,0.5,47.647,smooth_outer_side_vertical_same_style_arc_blue_right_y24p5_upper,smooth_outer_side_vertical_same_style_arc_blue_right_y24p5_upper,smooth_outer_side_vertical_same_style_arc_blue_right_y24p5_upper,right,forward,forward_right,1
6434,42.958,24.977,0.5,52.941,smooth_outer_side_vertical_same_style_arc_blue_right_y24p5_upper,smooth_outer_side_vertical_same_style_arc_blue_right_y24p5_upper,smooth_outer_side_vertical_same_style_arc_blue_right_y24p5_upper,right,forward,forward_right,1
6435,43.02,25.068,0.5,58.235,smooth_outer_side_vertical_same_style_arc_blue_right_y24p5_upper,smooth_outer_side_vertical_same_style_arc_blue_right_y24p5_upper,smooth_outer_side_vertical_same_style_arc_blue_right_y24p5_upper,right,forward,forward_right,1
6436,43.074,25.165,0.5,63.529,smooth_outer_side_vertical_same_style_arc_blue_right_y24p5_upper,smooth_outer_side_vertical_same_style_arc_blue_right_y24p5_upper,smooth_outer_side_vertical_same_style_arc_blue_right_y24p5_upper,right,forward,forward_right,1
6437,43.119,25.267,0.5,68.824,smooth_outer_side_vertical_same_style_arc_blue_right_y24p5_upper,smooth_outer_side_vertical_same_style_arc_blue_right_y24p5_upper,smooth_outer_side_vertical_same_style_arc_blue_right_y24p5_upper,right,forward,forward_right,1
6438,43.154,25.372,0.5,74.118,smooth_outer_side_vertical_same_style_arc_blue_right_y24p5_upper,smooth_outer_side_vertical_same_style_arc_blue_right_y24p5_upper,smooth_outer_side_vertical_same_style_arc_blue_right_y24p5_upper,right,forward,forward_right,1
6439,43.18,25.48,0.5,79.412,smooth_outer_side_vertical_same_style_arc_blue_right_y24p5_upper,smooth_outer_side_vertical_same_style_arc_blue_right_y24p5_upper,smooth_outer_side_vertical_same_style_arc_blue_right_y24p5_upper,right,forward,forward_right,1
6440,43.195,25.589,0.5,84.706,smooth_outer_side_vertical_same_style_arc_blue_right_y24p5_upper,smooth_outer_side_vertical_same_style_arc_blue_right_y24p5_upper,smooth_outer_side_vertical_same_style_arc_blue_right_y24p5_upper,right,forward,forward_right,1
6441,43.2,25.7,0.5,90.0,smooth_outer_side_vertical_same_style_arc_blue_right_y24p5_upper,smooth_outer_side_vertical_same_style_arc_blue_right_y24p5_upper,smooth_outer_side_vertical_same_style_arc_blue_right_y24p5_upper,right,forward,forward_right,0
6442,42.0,24.5,0.5,0.0,smooth_outer_side_vertical_same_style_arc_blue_right_y24p5_lower,smooth_outer_side_vertical_same_style_arc_blue_right_y24p5_lower,smooth_outer_side_vertical_same_style_arc_blue_right_y24p5_lower,right,forward,forward_right,1
6443,42.111,24.495,0.5,-5.294,smooth_outer_side_vertical_same_style_arc_blue_right_y24p5_lower,smooth_outer_side_vertical_same_style_arc_blue_right_y24p5_lower,smooth_outer_side_vertical_same_style_arc_blue_right_y24p5_lower,right,forward,forward_right,1
6444,42.22,24.48,0.5,-10.588,smooth_outer_side_vertical_same_style_arc_blue_right_y24p5_lower,smooth_outer_side_vertical_same_style_arc_blue_right_y24p5_lower,smooth_outer_side_vertical_same_style_arc_blue_right_y24p5_lower,right,forward,forward_right,1
6445,42.328,24.454,0.5,-15.882,smooth_outer_side_vertical_same_style_arc_blue_right_y24p5_lower,smooth_outer_side_vertical_same_style_arc_blue_right_y24p5_lower,smooth_outer_side_vertical_same_style_arc_blue_right_y24p5_lower,right,forward,forward_right,1
6446,42.433,24.419,0.5,-21.176,smooth_outer_side_vertical_same_style_arc_blue_right_y24p5_lower,smooth_outer_side_vertical_same_style_arc_blue_right_y24p5_lower,smooth_outer_side_vertical_same_style_arc_blue_right_y24p5_lower,right,forward,forward_right,1
6447,42.535,24.374,0.5,-26.471,smooth_outer_side_vertical_same_style_arc_blue_right_y24p5_lower,smooth_outer_side_vertical_same_style_arc_blue_right_y24p5_lower,smooth_outer_side_vertical_same_style_arc_blue_right_y24p5_lower,right,forward,forward_right,1
6448,42.632,24.32,0.5,-31.765,smooth_outer_side_vertical_same_style_arc_blue_right_y24p5_lower,smooth_outer_side_vertical_same_style_arc_blue_right_y24p5_lower,smooth_outer_side_vertical_same_style_arc_blue_right_y24p5_lower,right,forward,forward_right,1
6449,42.723,24.258,0.5,-37.059,smooth_outer_side_vertical_same_style_arc_blue_right_y24p5_lower,smooth_outer_side_vertical_same_style_arc_blue_right_y24p5_lower,smooth_outer_side_vertical_same_style_arc_blue_right_y24p5_lower,right,forward,forward_right,1
6450,42.808,24.187,0.5,-42.353,smooth_outer_side_vertical_same_style_arc_blue_right_y24p5_lower,smooth_outer_side_vertical_same_style_arc_blue_right_y24p5_lower,smooth_outer_side_vertical_same_style_arc_blue_right_y24p5_lower,right,forward,forward_right,1
6451,42.887,24.108,0.5,-47.647,smooth_outer_side_vertical_same_style_arc_blue_right_y24p5_lower,smooth_outer_side_vertical_same_style_arc_blue_right_y24p5_lower,smooth_outer_side_vertical_same_style_arc_blue_right_y24p5_lower,right,forward,forward_right,1
6452,42.958,24.023,0.5,-52.941,smooth_outer_side_vertical_same_style_arc_blue_right_y24p5_lower,smooth_outer_side_vertical_same_style_arc_blue_right_y24p5_lower,smooth_outer_side_vertical_same_style_arc_blue_right_y24p5_lower,right,forward,forward_right,1
6453,43.02,23.932,0.5,-58.235,smooth_outer_side_vertical_same_style_arc_blue_right_y24p5_lower,smooth_outer_side_vertical_same_style_arc_blue_right_y24p5_lower,smooth_outer_side_vertical_same_style_arc_blue_right_y24p5_lower,right,forward,forward_right,1
6454,43.074,23.835,0.5,-63.529,smooth_outer_side_vertical_same_style_arc_blue_right_y24p5_lower,smooth_outer_side_vertical_same_style_arc_blue_right_y24p5_lower,smooth_outer_side_vertical_same_style_arc_blue_right_y24p5_lower,right,forward,forward_right,1
6455,43.119,23.733,0.5,-68.824,smooth_outer_side_vertical_same_style_arc_blue_right_y24p5_lower,smooth_outer_side_vertical_same_style_arc_blue_right_y24p5_lower,smooth_outer_side_vertical_same_style_arc_blue_right_y24p5_lower,right,forward,forward_right,1
6456,43.154,23.628,0.5,-74.118,smooth_outer_side_vertical_same_style_arc_blue_right_y24p5_lower,smooth_outer_side_vertical_same_style_arc_blue_right_y24p5_lower,smooth_outer_side_vertical_same_style_arc_blue_right_y24p5_lower,right,forward,forward_right,1
6457,43.18,23.52,0.5,-79.412,smooth_outer_side_vertical_same_style_arc_blue_right_y24p5_lower,smooth_outer_side_vertical_same_style_arc_blue_right_y24p5_lower,smooth_outer_side_vertical_same_style_arc_blue_right_y24p5_lower,right,forward,forward_right,1
6458,43.195,23.411,0.5,-84.706,smooth_outer_side_vertical_same_style_arc_blue_right_y24p5_lower,smooth_outer_side_vertical_same_style_arc_blue_right_y24p5_lower,smooth_outer_side_vertical_same_style_arc_blue_right_y24p5_lower,right,forward,forward_right,1
6459,43.2,23.3,0.5,-90.0,smooth_outer_side_vertical_same_style_arc_blue_right_y24p5_lower,smooth_outer_side_vertical_same_style_arc_blue_right_y24p5_lower,smooth_outer_side_vertical_same_style_arc_blue_right_y24p5_lower,right,forward,forward_right,0
6532,39.0,-1.5,0.5,0.0,smooth_outer_side_vertical_same_style_arc_orange_right_ym1p5_upper,smooth_outer_side_vertical_same_style_arc_orange_right_ym1p5_upper,smooth_outer_side_vertical_same_style_arc_orange_right_ym1p5_upper,right,reverse,reverse_right,1
6533,39.111,-1.495,0.5,5.294,smooth_outer_side_vertical_same_style_arc_orange_right_ym1p5_upper,smooth_outer_side_vertical_same_style_arc_orange_right_ym1p5_upper,smooth_outer_side_vertical_same_style_arc_orange_right_ym1p5_upper,right,reverse,reverse_right,1
6534,39.22,-1.48,0.5,10.588,smooth_outer_side_vertical_same_style_arc_orange_right_ym1p5_upper,smooth_outer_side_vertical_same_style_arc_orange_right_ym1p5_upper,smooth_outer_side_vertical_same_style_arc_orange_right_ym1p5_upper,right,reverse,reverse_right,1
6535,39.328,-1.454,0.5,15.882,smooth_outer_side_vertical_same_style_arc_orange_right_ym1p5_upper,smooth_outer_side_vertical_same_style_arc_orange_right_ym1p5_upper,smooth_outer_side_vertical_same_style_arc_orange_right_ym1p5_upper,right,reverse,reverse_right,1
6536,39.433,-1.419,0.5,21.176,smooth_outer_side_vertical_same_style_arc_orange_right_ym1p5_upper,smooth_outer_side_vertical_same_style_arc_orange_right_ym1p5_upper,smooth_outer_side_vertical_same_style_arc_orange_right_ym1p5_upper,right,reverse,reverse_right,1
6537,39.535,-1.374,0.5,26.471,smooth_outer_side_vertical_same_style_arc_orange_right_ym1p5_upper,smooth_outer_side_vertical_same_style_arc_orange_right_ym1p5_upper,smooth_outer_side_vertical_same_style_arc_orange_right_ym1p5_upper,right,reverse,reverse_right,1
6538,39.632,-1.32,0.5,31.765,smooth_outer_side_vertical_same_style_arc_orange_right_ym1p5_upper,smooth_outer_side_vertical_same_style_arc_orange_right_ym1p5_upper,smooth_outer_side_vertical_same_style_arc_orange_right_ym1p5_upper,right,reverse,reverse_right,1
6539,39.723,-1.258,0.5,37.059,smooth_outer_side_vertical_same_style_arc_orange_right_ym1p5_upper,smooth_outer_side_vertical_same_style_arc_orange_right_ym1p5_upper,smooth_outer_side_vertical_same_style_arc_orange_right_ym1p5_upper,right,reverse,reverse_right,1
6540,39.808,-1.187,0.5,42.353,smooth_outer_side_vertical_same_style_arc_orange_right_ym1p5_upper,smooth_outer_side_vertical_same_style_arc_orange_right_ym1p5_upper,smooth_outer_side_vertical_same_style_arc_orange_right_ym1p5_upper,right,reverse,reverse_right,1
6541,39.887,-1.108,0.5,47.647,smooth_outer_side_vertical_same_style_arc_orange_right_ym1p5_upper,smooth_outer_side_vertical_same_style_arc_orange_right_ym1p5_upper,smooth_outer_side_vertical_same_style_arc_orange_right_ym1p5_upper,right,reverse,reverse_right,1
6542,39.958,-1.023,0.5,52.941,smooth_outer_side_vertical_same_style_arc_orange_right_ym1p5_upper,smooth_outer_side_vertical_same_style_arc_orange_right_ym1p5_upper,smooth_outer_side_vertical_same_style_arc_orange_right_ym1p5_upper,right,reverse,reverse_right,1
6543,40.02,-0.932,0.5,58.235,smooth_outer_side_vertical_same_style_arc_orange_right_ym1p5_upper,smooth_outer_side_vertical_same_style_arc_orange_right_ym1p5_upper,smooth_outer_side_vertical_same_style_arc_orange_right_ym1p5_upper,right,reverse,reverse_right,1
6544,40.074,-0.835,0.5,63.529,smooth_outer_side_vertical_same_style_arc_orange_right_ym1p5_upper,smooth_outer_side_vertical_same_style_arc_orange_right_ym1p5_upper,smooth_outer_side_vertical_same_style_arc_orange_right_ym1p5_upper,right,reverse,reverse_right,1
6545,40.119,-0.733,0.5,68.824,smooth_outer_side_vertical_same_style_arc_orange_right_ym1p5_upper,smooth_outer_side_vertical_same_style_arc_orange_right_ym1p5_upper,smooth_outer_side_vertical_same_style_arc_orange_right_ym1p5_upper,right,reverse,reverse_right,1
6546,40.154,-0.628,0.5,74.118,smooth_outer_side_vertical_same_style_arc_orange_right_ym1p5_upper,smooth_outer_side_vertical_same_style_arc_orange_right_ym1p5_upper,smooth_outer_side_vertical_same_style_arc_orange_right_ym1p5_upper,right,reverse,reverse_right,1
6547,40.18,-0.52,0.5,79.412,smooth_outer_side_vertical_same_style_arc_orange_right_ym1p5_upper,smooth_outer_side_vertical_same_style_arc_orange_right_ym1p5_upper,smooth_outer_side_vertical_same_style_arc_orange_right_ym1p5_upper,right,reverse,reverse_right,1
6548,40.195,-0.411,0.5,84.706,smooth_outer_side_vertical_same_style_arc_orange_right_ym1p5_upper,smooth_outer_side_vertical_same_style_arc_orange_right_ym1p5_upper,smooth_outer_side_vertical_same_style_arc_orange_right_ym1p5_upper,right,reverse,reverse_right,1
6549,40.2,-0.3,0.5,90.0,smooth_outer_side_vertical_same_style_arc_orange_right_ym1p5_upper,smooth_outer_side_vertical_same_style_arc_orange_right_ym1p5_upper,smooth_outer_side_vertical_same_style_arc_orange_right_ym1p5_upper,right,reverse,reverse_right,0
6550,39.0,-1.5,0.5,0.0,smooth_outer_side_vertical_same_style_arc_orange_right_ym1p5_lower,smooth_outer_side_vertical_same_style_arc_orange_right_ym1p5_lower,smooth_outer_side_vertical_same_style_arc_orange_right_ym1p5_lower,right,reverse,reverse_right,1
6551,39.111,-1.505,0.5,-5.294,smooth_outer_side_vertical_same_style_arc_orange_right_ym1p5_lower,smooth_outer_side_vertical_same_style_arc_orange_right_ym1p5_lower,smooth_outer_side_vertical_same_style_arc_orange_right_ym1p5_lower,right,reverse,reverse_right,1
6552,39.22,-1.52,0.5,-10.588,smooth_outer_side_vertical_same_style_arc_orange_right_ym1p5_lower,smooth_outer_side_vertical_same_style_arc_orange_right_ym1p5_lower,smooth_outer_side_vertical_same_style_arc_orange_right_ym1p5_lower,right,reverse,reverse_right,1
6553,39.328,-1.546,0.5,-15.882,smooth_outer_side_vertical_same_style_arc_orange_right_ym1p5_lower,smooth_outer_side_vertical_same_style_arc_orange_right_ym1p5_lower,smooth_outer_side_vertical_same_style_arc_orange_right_ym1p5_lower,right,reverse,reverse_right,1
6554,39.433,-1.581,0.5,-21.176,smooth_outer_side_vertical_same_style_arc_orange_right_ym1p5_lower,smooth_outer_side_vertical_same_style_arc_orange_right_ym1p5_lower,smooth_outer_side_vertical_same_style_arc_orange_right_ym1p5_lower,right,reverse,reverse_right,1
6555,39.535,-1.626,0.5,-26.471,smooth_outer_side_vertical_same_style_arc_orange_right_ym1p5_lower,smooth_outer_side_vertical_same_style_arc_orange_right_ym1p5_lower,smooth_outer_side_vertical_same_style_arc_orange_right_ym1p5_lower,right,reverse,reverse_right,1
6556,39.632,-1.68,0.5,-31.765,smooth_outer_side_vertical_same_style_arc_orange_right_ym1p5_lower,smooth_outer_side_vertical_same_style_arc_orange_right_ym1p5_lower,smooth_outer_side_vertical_same_style_arc_orange_right_ym1p5_lower,right,reverse,reverse_right,1
6557,39.723,-1.742,0.5,-37.059,smooth_outer_side_vertical_same_style_arc_orange_right_ym1p5_lower,smooth_outer_side_vertical_same_style_arc_orange_right_ym1p5_lower,smooth_outer_side_vertical_same_style_arc_orange_right_ym1p5_lower,right,reverse,reverse_right,1
6558,39.808,-1.813,0.5,-42.353,smooth_outer_side_vertical_same_style_arc_orange_right_ym1p5_lower,smooth_outer_side_vertical_same_style_arc_orange_right_ym1p5_lower,smooth_outer_side_vertical_same_style_arc_orange_right_ym1p5_lower,right,reverse,reverse_right,1
6559,39.887,-1.892,0.5,-47.647,smooth_outer_side_vertical_same_style_arc_orange_right_ym1p5_lower,smooth_outer_side_vertical_same_style_arc_orange_right_ym1p5_lower,smooth_outer_side_vertical_same_style_arc_orange_right_ym1p5_lower,right,reverse,reverse_right,1
6560,39.958,-1.977,0.5,-52.941,smooth_outer_side_vertical_same_style_arc_orange_right_ym1p5_lower,smooth_outer_side_vertical_same_style_arc_orange_right_ym1p5_lower,smooth_outer_side_vertical_same_style_arc_orange_right_ym1p5_lower,right,reverse,reverse_right,1
6561,40.02,-2.068,0.5,-58.235,smooth_outer_side_vertical_same_style_arc_orange_right_ym1p5_lower,smooth_outer_side_vertical_same_style_arc_orange_right_ym1p5_lower,smooth_outer_side_vertical_same_style_arc_orange_right_ym1p5_lower,right,reverse,reverse_right,1
6562,40.074,-2.165,0.5,-63.529,smooth_outer_side_vertical_same_style_arc_orange_right_ym1p5_lower,smooth_outer_side_vertical_same_style_arc_orange_right_ym1p5_lower,smooth_outer_side_vertical_same_style_arc_orange_right_ym1p5_lower,right,reverse,reverse_right,1
6563,40.119,-2.267,0.5,-68.824,smooth_outer_side_vertical_same_style_arc_orange_right_ym1p5_lower,smooth_outer_side_vertical_same_style_arc_orange_right_ym1p5_lower,smooth_outer_side_vertical_same_style_arc_orange_right_ym1p5_lower,right,reverse,reverse_right,1
6564,40.154,-2.372,0.5,-74.118,smooth_outer_side_vertical_same_style_arc_orange_right_ym1p5_lower,smooth_outer_side_vertical_same_style_arc_orange_right_ym1p5_lower,smooth_outer_side_vertical_same_style_arc_orange_right_ym1p5_lower,right,reverse,reverse_right,1
6565,40.18,-2.48,0.5,-79.412,smooth_outer_side_vertical_same_style_arc_orange_right_ym1p5_lower,smooth_outer_side_vertical_same_style_arc_orange_right_ym1p5_lower,smooth_outer_side_vertical_same_style_arc_orange_right_ym1p5_lower,right,reverse,reverse_right,1
6566,40.195,-2.589,0.5,-84.706,smooth_outer_side_vertical_same_style_arc_orange_right_ym1p5_lower,smooth_outer_side_vertical_same_style_arc_orange_right_ym1p5_lower,smooth_outer_side_vertical_same_style_arc_orange_right_ym1p5_lower,right,reverse,reverse_right,1
6567,40.2,-2.7,0.5,-90.0,smooth_outer_side_vertical_same_style_arc_orange_right_ym1p5_lower,smooth_outer_side_vertical_same_style_arc_orange_right_ym1p5_lower,smooth_outer_side_vertical_same_style_arc_orange_right_ym1p5_lower,right,reverse,reverse_right,0
6568,39.0,27.5,0.5,0.0,smooth_outer_side_vertical_same_style_arc_orange_right_y27p5_upper,smooth_outer_side_vertical_same_style_arc_orange_right_y27p5_upper,smooth_outer_side_vertical_same_style_arc_orange_right_y27p5_upper,right,reverse,reverse_right,1
6569,39.111,27.505,0.5,5.294,smooth_outer_side_vertical_same_style_arc_orange_right_y27p5_upper,smooth_outer_side_vertical_same_style_arc_orange_right_y27p5_upper,smooth_outer_side_vertical_same_style_arc_orange_right_y27p5_upper,right,reverse,reverse_right,1
6570,39.22,27.52,0.5,10.588,smooth_outer_side_vertical_same_style_arc_orange_right_y27p5_upper,smooth_outer_side_vertical_same_style_arc_orange_right_y27p5_upper,smooth_outer_side_vertical_same_style_arc_orange_right_y27p5_upper,right,reverse,reverse_right,1
6571,39.328,27.546,0.5,15.882,smooth_outer_side_vertical_same_style_arc_orange_right_y27p5_upper,smooth_outer_side_vertical_same_style_arc_orange_right_y27p5_upper,smooth_outer_side_vertical_same_style_arc_orange_right_y27p5_upper,right,reverse,reverse_right,1
6572,39.433,27.581,0.5,21.176,smooth_outer_side_vertical_same_style_arc_orange_right_y27p5_upper,smooth_outer_side_vertical_same_style_arc_orange_right_y27p5_upper,smooth_outer_side_vertical_same_style_arc_orange_right_y27p5_upper,right,reverse,reverse_right,1
6573,39.535,27.626,0.5,26.471,smooth_outer_side_vertical_same_style_arc_orange_right_y27p5_upper,smooth_outer_side_vertical_same_style_arc_orange_right_y27p5_upper,smooth_outer_side_vertical_same_style_arc_orange_right_y27p5_upper,right,reverse,reverse_right,1
6574,39.632,27.68,0.5,31.765,smooth_outer_side_vertical_same_style_arc_orange_right_y27p5_upper,smooth_outer_side_vertical_same_style_arc_orange_right_y27p5_upper,smooth_outer_side_vertical_same_style_arc_orange_right_y27p5_upper,right,reverse,reverse_right,1
6575,39.723,27.742,0.5,37.059,smooth_outer_side_vertical_same_style_arc_orange_right_y27p5_upper,smooth_outer_side_vertical_same_style_arc_orange_right_y27p5_upper,smooth_outer_side_vertical_same_style_arc_orange_right_y27p5_upper,right,reverse,reverse_right,1
6576,39.808,27.813,0.5,42.353,smooth_outer_side_vertical_same_style_arc_orange_right_y27p5_upper,smooth_outer_side_vertical_same_style_arc_orange_right_y27p5_upper,smooth_outer_side_vertical_same_style_arc_orange_right_y27p5_upper,right,reverse,reverse_right,1
6577,39.887,27.892,0.5,47.647,smooth_outer_side_vertical_same_style_arc_orange_right_y27p5_upper,smooth_outer_side_vertical_same_style_arc_orange_right_y27p5_upper,smooth_outer_side_vertical_same_style_arc_orange_right_y27p5_upper,right,reverse,reverse_right,1
6578,39.958,27.977,0.5,52.941,smooth_outer_side_vertical_same_style_arc_orange_right_y27p5_upper,smooth_outer_side_vertical_same_style_arc_orange_right_y27p5_upper,smooth_outer_side_vertical_same_style_arc_orange_right_y27p5_upper,right,reverse,reverse_right,1
6579,40.02,28.068,0.5,58.235,smooth_outer_side_vertical_same_style_arc_orange_right_y27p5_upper,smooth_outer_side_vertical_same_style_arc_orange_right_y27p5_upper,smooth_outer_side_vertical_same_style_arc_orange_right_y27p5_upper,right,reverse,reverse_right,1
6580,40.074,28.165,0.5,63.529,smooth_outer_side_vertical_same_style_arc_orange_right_y27p5_upper,smooth_outer_side_vertical_same_style_arc_orange_right_y27p5_upper,smooth_outer_side_vertical_same_style_arc_orange_right_y27p5_upper,right,reverse,reverse_right,1
6581,40.119,28.267,0.5,68.824,smooth_outer_side_vertical_same_style_arc_orange_right_y27p5_upper,smooth_outer_side_vertical_same_style_arc_orange_right_y27p5_upper,smooth_outer_side_vertical_same_style_arc_orange_right_y27p5_upper,right,reverse,reverse_right,1
6582,40.154,28.372,0.5,74.118,smooth_outer_side_vertical_same_style_arc_orange_right_y27p5_upper,smooth_outer_side_vertical_same_style_arc_orange_right_y27p5_upper,smooth_outer_side_vertical_same_style_arc_orange_right_y27p5_upper,right,reverse,reverse_right,1
6583,40.18,28.48,0.5,79.412,smooth_outer_side_vertical_same_style_arc_orange_right_y27p5_upper,smooth_outer_side_vertical_same_style_arc_orange_right_y27p5_upper,smooth_outer_side_vertical_same_style_arc_orange_right_y27p5_upper,right,reverse,reverse_right,1
6584,40.195,28.589,0.5,84.706,smooth_outer_side_vertical_same_style_arc_orange_right_y27p5_upper,smooth_outer_side_vertical_same_style_arc_orange_right_y27p5_upper,smooth_outer_side_vertical_same_style_arc_orange_right_y27p5_upper,right,reverse,reverse_right,1
6585,40.2,28.7,0.5,90.0,smooth_outer_side_vertical_same_style_arc_orange_right_y27p5_upper,smooth_outer_side_vertical_same_style_arc_orange_right_y27p5_upper,smooth_outer_side_vertical_same_style_arc_orange_right_y27p5_upper,right,reverse,reverse_right,0
6586,39.0,27.5,0.5,0.0,smooth_outer_side_vertical_same_style_arc_orange_right_y27p5_lower,smooth_outer_side_vertical_same_style_arc_orange_right_y27p5_lower,smooth_outer_side_vertical_same_style_arc_orange_right_y27p5_lower,right,reverse,reverse_right,1
6587,39.111,27.495,0.5,-5.294,smooth_outer_side_vertical_same_style_arc_orange_right_y27p5_lower,smooth_outer_side_vertical_same_style_arc_orange_right_y27p5_lower,smooth_outer_side_vertical_same_style_arc_orange_right_y27p5_lower,right,reverse,reverse_right,1
6588,39.22,27.48,0.5,-10.588,smooth_outer_side_vertical_same_style_arc_orange_right_y27p5_lower,smooth_outer_side_vertical_same_style_arc_orange_right_y27p5_lower,smooth_outer_side_vertical_same_style_arc_orange_right_y27p5_lower,right,reverse,reverse_right,1
6589,39.328,27.454,0.5,-15.882,smooth_outer_side_vertical_same_style_arc_orange_right_y27p5_lower,smooth_outer_side_vertical_same_style_arc_orange_right_y27p5_lower,smooth_outer_side_vertical_same_style_arc_orange_right_y27p5_lower,right,reverse,reverse_right,1
6590,39.433,27.419,0.5,-21.176,smooth_outer_side_vertical_same_style_arc_orange_right_y27p5_lower,smooth_outer_side_vertical_same_style_arc_orange_right_y27p5_lower,smooth_outer_side_vertical_same_style_arc_orange_right_y27p5_lower,right,reverse,reverse_right,1
6591,39.535,27.374,0.5,-26.471,smooth_outer_side_vertical_same_style_arc_orange_right_y27p5_lower,smooth_outer_side_vertical_same_style_arc_orange_right_y27p5_lower,smooth_outer_side_vertical_same_style_arc_orange_right_y27p5_lower,right,reverse,reverse_right,1
6592,39.632,27.32,0.5,-31.765,smooth_outer_side_vertical_same_style_arc_orange_right_y27p5_lower,smooth_outer_side_vertical_same_style_arc_orange_right_y27p5_lower,smooth_outer_side_vertical_same_style_arc_orange_right_y27p5_lower,right,reverse,reverse_right,1
6593,39.723,27.258,0.5,-37.059,smooth_outer_side_vertical_same_style_arc_orange_right_y27p5_lower,smooth_outer_side_vertical_same_style_arc_orange_right_y27p5_lower,smooth_outer_side_vertical_same_style_arc_orange_right_y27p5_lower,right,reverse,reverse_right,1
6594,39.808,27.187,0.5,-42.353,smooth_outer_side_vertical_same_style_arc_orange_right_y27p5_lower,smooth_outer_side_vertical_same_style_arc_orange_right_y27p5_lower,smooth_outer_side_vertical_same_style_arc_orange_right_y27p5_lower,right,reverse,reverse_right,1
6595,39.887,27.108,0.5,-47.647,smooth_outer_side_vertical_same_style_arc_orange_right_y27p5_lower,smooth_outer_side_vertical_same_style_arc_orange_right_y27p5_lower,smooth_outer_side_vertical_same_style_arc_orange_right_y27p5_lower,right,reverse,reverse_right,1
6596,39.958,27.023,0.5,-52.941,smooth_outer_side_vertical_same_style_arc_orange_right_y27p5_lower,smooth_outer_side_vertical_same_style_arc_orange_right_y27p5_lower,smooth_outer_side_vertical_same_style_arc_orange_right_y27p5_lower,right,reverse,reverse_right,1
6597,40.02,26.932,0.5,-58.235,smooth_outer_side_vertical_same_style_arc_orange_right_y27p5_lower,smooth_outer_side_vertical_same_style_arc_orange_right_y27p5_lower,smooth_outer_side_vertical_same_style_arc_orange_right_y27p5_lower,right,reverse,reverse_right,1
6598,40.074,26.835,0.5,-63.529,smooth_outer_side_vertical_same_style_arc_orange_right_y27p5_lower,smooth_outer_side_vertical_same_style_arc_orange_right_y27p5_lower,smooth_outer_side_vertical_same_style_arc_orange_right_y27p5_lower,right,reverse,reverse_right,1
6599,40.119,26.733,0.5,-68.824,smooth_outer_side_vertical_same_style_arc_orange_right_y27p5_lower,smooth_outer_side_vertical_same_style_arc_orange_right_y27p5_lower,smooth_outer_side_vertical_same_style_arc_orange_right_y27p5_lower,right,reverse,reverse_right,1
6600,40.154,26.628,0.5,-74.118,smooth_outer_side_vertical_same_style_arc_orange_right_y27p5_lower,smooth_outer_side_vertical_same_style_arc_orange_right_y27p5_lower,smooth_outer_side_vertical_same_style_arc_orange_right_y27p5_lower,right,reverse,reverse_right,1
6601,40.18,26.52,0.5,-79.412,smooth_outer_side_vertical_same_style_arc_orange_right_y27p5_lower,smooth_outer_side_vertical_same_style_arc_orange_right_y27p5_lower,smooth_outer_side_vertical_same_style_arc_orange_right_y27p5_lower,right,reverse,reverse_right,1
6602,40.195,26.411,0.5,-84.706,smooth_outer_side_vertical_same_style_arc_orange_right_y27p5_lower,smooth_outer_side_vertical_same_style_arc_orange_right_y27p5_lower,smooth_outer_side_vertical_same_style_arc_orange_right_y27p5_lower,right,reverse,reverse_right,1
6603,40.2,26.3,0.5,-90.0,smooth_outer_side_vertical_same_style_arc_orange_right_y27p5_lower,smooth_outer_side_vertical_same_style_arc_orange_right_y27p5_lower,smooth_outer_side_vertical_same_style_arc_orange_right_y27p5_lower,right,reverse,reverse_right,0
6604,-40.0,-4.5,0.5,180.0,smooth_outer_side_vertical_same_style_link_blue_left_ym4p5,smooth_outer_side_vertical_same_style_link_blue_left_ym4p5,smooth_outer_side_vertical_same_style_link_blue_left_ym4p5,right,forward,forward_right,1
6605,-40.286,-4.5,0.5,180.0,smooth_outer_side_vertical_same_style_link_blue_left_ym4p5,smooth_outer_side_vertical_same_style_link_blue_left_ym4p5,smooth_outer_side_vertical_same_style_link_blue_left_ym4p5,right,forward,forward_right,1
6606,-40.571,-4.5,0.5,180.0,smooth_outer_side_vertical_same_style_link_blue_left_ym4p5,smooth_outer_side_vertical_same_style_link_blue_left_ym4p5,smooth_outer_side_vertical_same_style_link_blue_left_ym4p5,right,forward,forward_right,1
6607,-40.857,-4.5,0.5,180.0,smooth_outer_side_vertical_same_style_link_blue_left_ym4p5,smooth_outer_side_vertical_same_style_link_blue_left_ym4p5,smooth_outer_side_vertical_same_style_link_blue_left_ym4p5,right,forward,forward_right,1
6608,-41.143,-4.5,0.5,180.0,smooth_outer_side_vertical_same_style_link_blue_left_ym4p5,smooth_outer_side_vertical_same_style_link_blue_left_ym4p5,smooth_outer_side_vertical_same_style_link_blue_left_ym4p5,right,forward,forward_right,1
6609,-41.429,-4.5,0.5,180.0,smooth_outer_side_vertical_same_style_link_blue_left_ym4p5,smooth_outer_side_vertical_same_style_link_blue_left_ym4p5,smooth_outer_side_vertical_same_style_link_blue_left_ym4p5,right,forward,forward_right,1
6610,-41.714,-4.5,0.5,180.0,smooth_outer_side_vertical_same_style_link_blue_left_ym4p5,smooth_outer_side_vertical_same_style_link_blue_left_ym4p5,smooth_outer_side_vertical_same_style_link_blue_left_ym4p5,right,forward,forward_right,1
6611,-42.0,-4.5,0.5,180.0,smooth_outer_side_vertical_same_style_link_blue_left_ym4p5,smooth_outer_side_vertical_same_style_link_blue_left_ym4p5,smooth_outer_side_vertical_same_style_link_blue_left_ym4p5,right,forward,forward_right,0
6612,-42.0,-4.5,0.5,-180.0,smooth_outer_side_vertical_same_style_arc_blue_left_ym4p5_upper,smooth_outer_side_vertical_same_style_arc_blue_left_ym4p5_upper,smooth_outer_side_vertical_same_style_arc_blue_left_ym4p5_upper,right,forward,forward_right,1
6613,-42.111,-4.495,0.5,-185.294,smooth_outer_side_vertical_same_style_arc_blue_left_ym4p5_upper,smooth_outer_side_vertical_same_style_arc_blue_left_ym4p5_upper,smooth_outer_side_vertical_same_style_arc_blue_left_ym4p5_upper,right,forward,forward_right,1
6614,-42.22,-4.48,0.5,-190.588,smooth_outer_side_vertical_same_style_arc_blue_left_ym4p5_upper,smooth_outer_side_vertical_same_style_arc_blue_left_ym4p5_upper,smooth_outer_side_vertical_same_style_arc_blue_left_ym4p5_upper,right,forward,forward_right,1
6615,-42.328,-4.454,0.5,-195.882,smooth_outer_side_vertical_same_style_arc_blue_left_ym4p5_upper,smooth_outer_side_vertical_same_style_arc_blue_left_ym4p5_upper,smooth_outer_side_vertical_same_style_arc_blue_left_ym4p5_upper,right,forward,forward_right,1
6616,-42.433,-4.419,0.5,-201.176,smooth_outer_side_vertical_same_style_arc_blue_left_ym4p5_upper,smooth_outer_side_vertical_same_style_arc_blue_left_ym4p5_upper,smooth_outer_side_vertical_same_style_arc_blue_left_ym4p5_upper,right,forward,forward_right,1
6617,-42.535,-4.374,0.5,-206.471,smooth_outer_side_vertical_same_style_arc_blue_left_ym4p5_upper,smooth_outer_side_vertical_same_style_arc_blue_left_ym4p5_upper,smooth_outer_side_vertical_same_style_arc_blue_left_ym4p5_upper,right,forward,forward_right,1
6618,-42.632,-4.32,0.5,-211.765,smooth_outer_side_vertical_same_style_arc_blue_left_ym4p5_upper,smooth_outer_side_vertical_same_style_arc_blue_left_ym4p5_upper,smooth_outer_side_vertical_same_style_arc_blue_left_ym4p5_upper,right,forward,forward_right,1
6619,-42.723,-4.258,0.5,-217.059,smooth_outer_side_vertical_same_style_arc_blue_left_ym4p5_upper,smooth_outer_side_vertical_same_style_arc_blue_left_ym4p5_upper,smooth_outer_side_vertical_same_style_arc_blue_left_ym4p5_upper,right,forward,forward_right,1
6620,-42.808,-4.187,0.5,-222.353,smooth_outer_side_vertical_same_style_arc_blue_left_ym4p5_upper,smooth_outer_side_vertical_same_style_arc_blue_left_ym4p5_upper,smooth_outer_side_vertical_same_style_arc_blue_left_ym4p5_upper,right,forward,forward_right,1
6621,-42.887,-4.108,0.5,-227.647,smooth_outer_side_vertical_same_style_arc_blue_left_ym4p5_upper,smooth_outer_side_vertical_same_style_arc_blue_left_ym4p5_upper,smooth_outer_side_vertical_same_style_arc_blue_left_ym4p5_upper,right,forward,forward_right,1
6622,-42.958,-4.023,0.5,-232.941,smooth_outer_side_vertical_same_style_arc_blue_left_ym4p5_upper,smooth_outer_side_vertical_same_style_arc_blue_left_ym4p5_upper,smooth_outer_side_vertical_same_style_arc_blue_left_ym4p5_upper,right,forward,forward_right,1
6623,-43.02,-3.932,0.5,-238.235,smooth_outer_side_vertical_same_style_arc_blue_left_ym4p5_upper,smooth_outer_side_vertical_same_style_arc_blue_left_ym4p5_upper,smooth_outer_side_vertical_same_style_arc_blue_left_ym4p5_upper,right,forward,forward_right,1
6624,-43.074,-3.835,0.5,-243.529,smooth_outer_side_vertical_same_style_arc_blue_left_ym4p5_upper,smooth_outer_side_vertical_same_style_arc_blue_left_ym4p5_upper,smooth_outer_side_vertical_same_style_arc_blue_left_ym4p5_upper,right,forward,forward_right,1
6625,-43.119,-3.733,0.5,-248.824,smooth_outer_side_vertical_same_style_arc_blue_left_ym4p5_upper,smooth_outer_side_vertical_same_style_arc_blue_left_ym4p5_upper,smooth_outer_side_vertical_same_style_arc_blue_left_ym4p5_upper,right,forward,forward_right,1
6626,-43.154,-3.628,0.5,-254.118,smooth_outer_side_vertical_same_style_arc_blue_left_ym4p5_upper,smooth_outer_side_vertical_same_style_arc_blue_left_ym4p5_upper,smooth_outer_side_vertical_same_style_arc_blue_left_ym4p5_upper,right,forward,forward_right,1
6627,-43.18,-3.52,0.5,-259.412,smooth_outer_side_vertical_same_style_arc_blue_left_ym4p5_upper,smooth_outer_side_vertical_same_style_arc_blue_left_ym4p5_upper,smooth_outer_side_vertical_same_style_arc_blue_left_ym4p5_upper,right,forward,forward_right,1
6628,-43.195,-3.411,0.5,-264.706,smooth_outer_side_vertical_same_style_arc_blue_left_ym4p5_upper,smooth_outer_side_vertical_same_style_arc_blue_left_ym4p5_upper,smooth_outer_side_vertical_same_style_arc_blue_left_ym4p5_upper,right,forward,forward_right,1
6629,-43.2,-3.3,0.5,-270.0,smooth_outer_side_vertical_same_style_arc_blue_left_ym4p5_upper,smooth_outer_side_vertical_same_style_arc_blue_left_ym4p5_upper,smooth_outer_side_vertical_same_style_arc_blue_left_ym4p5_upper,right,forward,forward_right,0
6630,-42.0,-4.5,0.5,180.0,smooth_outer_side_vertical_same_style_arc_blue_left_ym4p5_lower,smooth_outer_side_vertical_same_style_arc_blue_left_ym4p5_lower,smooth_outer_side_vertical_same_style_arc_blue_left_ym4p5_lower,right,forward,forward_right,1
6631,-42.111,-4.505,0.5,185.294,smooth_outer_side_vertical_same_style_arc_blue_left_ym4p5_lower,smooth_outer_side_vertical_same_style_arc_blue_left_ym4p5_lower,smooth_outer_side_vertical_same_style_arc_blue_left_ym4p5_lower,right,forward,forward_right,1
6632,-42.22,-4.52,0.5,190.588,smooth_outer_side_vertical_same_style_arc_blue_left_ym4p5_lower,smooth_outer_side_vertical_same_style_arc_blue_left_ym4p5_lower,smooth_outer_side_vertical_same_style_arc_blue_left_ym4p5_lower,right,forward,forward_right,1
6633,-42.328,-4.546,0.5,195.882,smooth_outer_side_vertical_same_style_arc_blue_left_ym4p5_lower,smooth_outer_side_vertical_same_style_arc_blue_left_ym4p5_lower,smooth_outer_side_vertical_same_style_arc_blue_left_ym4p5_lower,right,forward,forward_right,1
6634,-42.433,-4.581,0.5,201.176,smooth_outer_side_vertical_same_style_arc_blue_left_ym4p5_lower,smooth_outer_side_vertical_same_style_arc_blue_left_ym4p5_lower,smooth_outer_side_vertical_same_style_arc_blue_left_ym4p5_lower,right,forward,forward_right,1
6635,-42.535,-4.626,0.5,206.471,smooth_outer_side_vertical_same_style_arc_blue_left_ym4p5_lower,smooth_outer_side_vertical_same_style_arc_blue_left_ym4p5_lower,smooth_outer_side_vertical_same_style_arc_blue_left_ym4p5_lower,right,forward,forward_right,1
6636,-42.632,-4.68,0.5,211.765,smooth_outer_side_vertical_same_style_arc_blue_left_ym4p5_lower,smooth_outer_side_vertical_same_style_arc_blue_left_ym4p5_lower,smooth_outer_side_vertical_same_style_arc_blue_left_ym4p5_lower,right,forward,forward_right,1
6637,-42.723,-4.742,0.5,217.059,smooth_outer_side_vertical_same_style_arc_blue_left_ym4p5_lower,smooth_outer_side_vertical_same_style_arc_blue_left_ym4p5_lower,smooth_outer_side_vertical_same_style_arc_blue_left_ym4p5_lower,right,forward,forward_right,1
6638,-42.808,-4.813,0.5,222.353,smooth_outer_side_vertical_same_style_arc_blue_left_ym4p5_lower,smooth_outer_side_vertical_same_style_arc_blue_left_ym4p5_lower,smooth_outer_side_vertical_same_style_arc_blue_left_ym4p5_lower,right,forward,forward_right,1
6639,-42.887,-4.892,0.5,227.647,smooth_outer_side_vertical_same_style_arc_blue_left_ym4p5_lower,smooth_outer_side_vertical_same_style_arc_blue_left_ym4p5_lower,smooth_outer_side_vertical_same_style_arc_blue_left_ym4p5_lower,right,forward,forward_right,1
6640,-42.958,-4.977,0.5,232.941,smooth_outer_side_vertical_same_style_arc_blue_left_ym4p5_lower,smooth_outer_side_vertical_same_style_arc_blue_left_ym4p5_lower,smooth_outer_side_vertical_same_style_arc_blue_left_ym4p5_lower,right,forward,forward_right,1
6641,-43.02,-5.068,0.5,238.235,smooth_outer_side_vertical_same_style_arc_blue_left_ym4p5_lower,smooth_outer_side_vertical_same_style_arc_blue_left_ym4p5_lower,smooth_outer_side_vertical_same_style_arc_blue_left_ym4p5_lower,right,forward,forward_right,1
6642,-43.074,-5.165,0.5,243.529,smooth_outer_side_vertical_same_style_arc_blue_left_ym4p5_lower,smooth_outer_side_vertical_same_style_arc_blue_left_ym4p5_lower,smooth_outer_side_vertical_same_style_arc_blue_left_ym4p5_lower,right,forward,forward_right,1
6643,-43.119,-5.267,0.5,248.824,smooth_outer_side_vertical_same_style_arc_blue_left_ym4p5_lower,smooth_outer_side_vertical_same_style_arc_blue_left_ym4p5_lower,smooth_outer_side_vertical_same_style_arc_blue_left_ym4p5_lower,right,forward,forward_right,1
6644,-43.154,-5.372,0.5,254.118,smooth_outer_side_vertical_same_style_arc_blue_left_ym4p5_lower,smooth_outer_side_vertical_same_style_arc_blue_left_ym4p5_lower,smooth_outer_side_vertical_same_style_arc_blue_left_ym4p5_lower,right,forward,forward_right,1
6645,-43.18,-5.48,0.5,259.412,smooth_outer_side_vertical_same_style_arc_blue_left_ym4p5_lower,smooth_outer_side_vertical_same_style_arc_blue_left_ym4p5_lower,smooth_outer_side_vertical_same_style_arc_blue_left_ym4p5_lower,right,forward,forward_right,1
6646,-43.195,-5.589,0.5,264.706,smooth_outer_side_vertical_same_style_arc_blue_left_ym4p5_lower,smooth_outer_side_vertical_same_style_arc_blue_left_ym4p5_lower,smooth_outer_side_vertical_same_style_arc_blue_left_ym4p5_lower,right,forward,forward_right,1
6647,-43.2,-5.7,0.5,270.0,smooth_outer_side_vertical_same_style_arc_blue_left_ym4p5_lower,smooth_outer_side_vertical_same_style_arc_blue_left_ym4p5_lower,smooth_outer_side_vertical_same_style_arc_blue_left_ym4p5_lower,right,forward,forward_right,0
6648,-40.0,24.5,0.5,180.0,smooth_outer_side_vertical_same_style_link_blue_left_y24p5,smooth_outer_side_vertical_same_style_link_blue_left_y24p5,smooth_outer_side_vertical_same_style_link_blue_left_y24p5,right,forward,forward_right,1
6649,-40.286,24.5,0.5,180.0,smooth_outer_side_vertical_same_style_link_blue_left_y24p5,smooth_outer_side_vertical_same_style_link_blue_left_y24p5,smooth_outer_side_vertical_same_style_link_blue_left_y24p5,right,forward,forward_right,1
6650,-40.571,24.5,0.5,180.0,smooth_outer_side_vertical_same_style_link_blue_left_y24p5,smooth_outer_side_vertical_same_style_link_blue_left_y24p5,smooth_outer_side_vertical_same_style_link_blue_left_y24p5,right,forward,forward_right,1
6651,-40.857,24.5,0.5,180.0,smooth_outer_side_vertical_same_style_link_blue_left_y24p5,smooth_outer_side_vertical_same_style_link_blue_left_y24p5,smooth_outer_side_vertical_same_style_link_blue_left_y24p5,right,forward,forward_right,1
6652,-41.143,24.5,0.5,180.0,smooth_outer_side_vertical_same_style_link_blue_left_y24p5,smooth_outer_side_vertical_same_style_link_blue_left_y24p5,smooth_outer_side_vertical_same_style_link_blue_left_y24p5,right,forward,forward_right,1
6653,-41.429,24.5,0.5,180.0,smooth_outer_side_vertical_same_style_link_blue_left_y24p5,smooth_outer_side_vertical_same_style_link_blue_left_y24p5,smooth_outer_side_vertical_same_style_link_blue_left_y24p5,right,forward,forward_right,1
6654,-41.714,24.5,0.5,180.0,smooth_outer_side_vertical_same_style_link_blue_left_y24p5,smooth_outer_side_vertical_same_style_link_blue_left_y24p5,smooth_outer_side_vertical_same_style_link_blue_left_y24p5,right,forward,forward_right,1
6655,-42.0,24.5,0.5,180.0,smooth_outer_side_vertical_same_style_link_blue_left_y24p5,smooth_outer_side_vertical_same_style_link_blue_left_y24p5,smooth_outer_side_vertical_same_style_link_blue_left_y24p5,right,forward,forward_right,0
6656,-42.0,24.5,0.5,-180.0,smooth_outer_side_vertical_same_style_arc_blue_left_y24p5_upper,smooth_outer_side_vertical_same_style_arc_blue_left_y24p5_upper,smooth_outer_side_vertical_same_style_arc_blue_left_y24p5_upper,right,forward,forward_right,1
6657,-42.111,24.505,0.5,-185.294,smooth_outer_side_vertical_same_style_arc_blue_left_y24p5_upper,smooth_outer_side_vertical_same_style_arc_blue_left_y24p5_upper,smooth_outer_side_vertical_same_style_arc_blue_left_y24p5_upper,right,forward,forward_right,1
6658,-42.22,24.52,0.5,-190.588,smooth_outer_side_vertical_same_style_arc_blue_left_y24p5_upper,smooth_outer_side_vertical_same_style_arc_blue_left_y24p5_upper,smooth_outer_side_vertical_same_style_arc_blue_left_y24p5_upper,right,forward,forward_right,1
6659,-42.328,24.546,0.5,-195.882,smooth_outer_side_vertical_same_style_arc_blue_left_y24p5_upper,smooth_outer_side_vertical_same_style_arc_blue_left_y24p5_upper,smooth_outer_side_vertical_same_style_arc_blue_left_y24p5_upper,right,forward,forward_right,1
6660,-42.433,24.581,0.5,-201.176,smooth_outer_side_vertical_same_style_arc_blue_left_y24p5_upper,smooth_outer_side_vertical_same_style_arc_blue_left_y24p5_upper,smooth_outer_side_vertical_same_style_arc_blue_left_y24p5_upper,right,forward,forward_right,1
6661,-42.535,24.626,0.5,-206.471,smooth_outer_side_vertical_same_style_arc_blue_left_y24p5_upper,smooth_outer_side_vertical_same_style_arc_blue_left_y24p5_upper,smooth_outer_side_vertical_same_style_arc_blue_left_y24p5_upper,right,forward,forward_right,1
6662,-42.632,24.68,0.5,-211.765,smooth_outer_side_vertical_same_style_arc_blue_left_y24p5_upper,smooth_outer_side_vertical_same_style_arc_blue_left_y24p5_upper,smooth_outer_side_vertical_same_style_arc_blue_left_y24p5_upper,right,forward,forward_right,1
6663,-42.723,24.742,0.5,-217.059,smooth_outer_side_vertical_same_style_arc_blue_left_y24p5_upper,smooth_outer_side_vertical_same_style_arc_blue_left_y24p5_upper,smooth_outer_side_vertical_same_style_arc_blue_left_y24p5_upper,right,forward,forward_right,1
6664,-42.808,24.813,0.5,-222.353,smooth_outer_side_vertical_same_style_arc_blue_left_y24p5_upper,smooth_outer_side_vertical_same_style_arc_blue_left_y24p5_upper,smooth_outer_side_vertical_same_style_arc_blue_left_y24p5_upper,right,forward,forward_right,1
6665,-42.887,24.892,0.5,-227.647,smooth_outer_side_vertical_same_style_arc_blue_left_y24p5_upper,smooth_outer_side_vertical_same_style_arc_blue_left_y24p5_upper,smooth_outer_side_vertical_same_style_arc_blue_left_y24p5_upper,right,forward,forward_right,1
6666,-42.958,24.977,0.5,-232.941,smooth_outer_side_vertical_same_style_arc_blue_left_y24p5_upper,smooth_outer_side_vertical_same_style_arc_blue_left_y24p5_upper,smooth_outer_side_vertical_same_style_arc_blue_left_y24p5_upper,right,forward,forward_right,1
6667,-43.02,25.068,0.5,-238.235,smooth_outer_side_vertical_same_style_arc_blue_left_y24p5_upper,smooth_outer_side_vertical_same_style_arc_blue_left_y24p5_upper,smooth_outer_side_vertical_same_style_arc_blue_left_y24p5_upper,right,forward,forward_right,1
6668,-43.074,25.165,0.5,-243.529,smooth_outer_side_vertical_same_style_arc_blue_left_y24p5_upper,smooth_outer_side_vertical_same_style_arc_blue_left_y24p5_upper,smooth_outer_side_vertical_same_style_arc_blue_left_y24p5_upper,right,forward,forward_right,1
6669,-43.119,25.267,0.5,-248.824,smooth_outer_side_vertical_same_style_arc_blue_left_y24p5_upper,smooth_outer_side_vertical_same_style_arc_blue_left_y24p5_upper,smooth_outer_side_vertical_same_style_arc_blue_left_y24p5_upper,right,forward,forward_right,1
6670,-43.154,25.372,0.5,-254.118,smooth_outer_side_vertical_same_style_arc_blue_left_y24p5_upper,smooth_outer_side_vertical_same_style_arc_blue_left_y24p5_upper,smooth_outer_side_vertical_same_style_arc_blue_left_y24p5_upper,right,forward,forward_right,1
6671,-43.18,25.48,0.5,-259.412,smooth_outer_side_vertical_same_style_arc_blue_left_y24p5_upper,smooth_outer_side_vertical_same_style_arc_blue_left_y24p5_upper,smooth_outer_side_vertical_same_style_arc_blue_left_y24p5_upper,right,forward,forward_right,1
6672,-43.195,25.589,0.5,-264.706,smooth_outer_side_vertical_same_style_arc_blue_left_y24p5_upper,smooth_outer_side_vertical_same_style_arc_blue_left_y24p5_upper,smooth_outer_side_vertical_same_style_arc_blue_left_y24p5_upper,right,forward,forward_right,1
6673,-43.2,25.7,0.5,-270.0,smooth_outer_side_vertical_same_style_arc_blue_left_y24p5_upper,smooth_outer_side_vertical_same_style_arc_blue_left_y24p5_upper,smooth_outer_side_vertical_same_style_arc_blue_left_y24p5_upper,right,forward,forward_right,0
6674,-42.0,24.5,0.5,180.0,smooth_outer_side_vertical_same_style_arc_blue_left_y24p5_lower,smooth_outer_side_vertical_same_style_arc_blue_left_y24p5_lower,smooth_outer_side_vertical_same_style_arc_blue_left_y24p5_lower,right,forward,forward_right,1
6675,-42.111,24.495,0.5,185.294,smooth_outer_side_vertical_same_style_arc_blue_left_y24p5_lower,smooth_outer_side_vertical_same_style_arc_blue_left_y24p5_lower,smooth_outer_side_vertical_same_style_arc_blue_left_y24p5_lower,right,forward,forward_right,1
6676,-42.22,24.48,0.5,190.588,smooth_outer_side_vertical_same_style_arc_blue_left_y24p5_lower,smooth_outer_side_vertical_same_style_arc_blue_left_y24p5_lower,smooth_outer_side_vertical_same_style_arc_blue_left_y24p5_lower,right,forward,forward_right,1
6677,-42.328,24.454,0.5,195.882,smooth_outer_side_vertical_same_style_arc_blue_left_y24p5_lower,smooth_outer_side_vertical_same_style_arc_blue_left_y24p5_lower,smooth_outer_side_vertical_same_style_arc_blue_left_y24p5_lower,right,forward,forward_right,1
6678,-42.433,24.419,0.5,201.176,smooth_outer_side_vertical_same_style_arc_blue_left_y24p5_lower,smooth_outer_side_vertical_same_style_arc_blue_left_y24p5_lower,smooth_outer_side_vertical_same_style_arc_blue_left_y24p5_lower,right,forward,forward_right,1
6679,-42.535,24.374,0.5,206.471,smooth_outer_side_vertical_same_style_arc_blue_left_y24p5_lower,smooth_outer_side_vertical_same_style_arc_blue_left_y24p5_lower,smooth_outer_side_vertical_same_style_arc_blue_left_y24p5_lower,right,forward,forward_right,1
6680,-42.632,24.32,0.5,211.765,smooth_outer_side_vertical_same_style_arc_blue_left_y24p5_lower,smooth_outer_side_vertical_same_style_arc_blue_left_y24p5_lower,smooth_outer_side_vertical_same_style_arc_blue_left_y24p5_lower,right,forward,forward_right,1
6681,-42.723,24.258,0.5,217.059,smooth_outer_side_vertical_same_style_arc_blue_left_y24p5_lower,smooth_outer_side_vertical_same_style_arc_blue_left_y24p5_lower,smooth_outer_side_vertical_same_style_arc_blue_left_y24p5_lower,right,forward,forward_right,1
6682,-42.808,24.187,0.5,222.353,smooth_outer_side_vertical_same_style_arc_blue_left_y24p5_lower,smooth_outer_side_vertical_same_style_arc_blue_left_y24p5_lower,smooth_outer_side_vertical_same_style_arc_blue_left_y24p5_lower,right,forward,forward_right,1
6683,-42.887,24.108,0.5,227.647,smooth_outer_side_vertical_same_style_arc_blue_left_y24p5_lower,smooth_outer_side_vertical_same_style_arc_blue_left_y24p5_lower,smooth_outer_side_vertical_same_style_arc_blue_left_y24p5_lower,right,forward,forward_right,1
6684,-42.958,24.023,0.5,232.941,smooth_outer_side_vertical_same_style_arc_blue_left_y24p5_lower,smooth_outer_side_vertical_same_style_arc_blue_left_y24p5_lower,smooth_outer_side_vertical_same_style_arc_blue_left_y24p5_lower,right,forward,forward_right,1
6685,-43.02,23.932,0.5,238.235,smooth_outer_side_vertical_same_style_arc_blue_left_y24p5_lower,smooth_outer_side_vertical_same_style_arc_blue_left_y24p5_lower,smooth_outer_side_vertical_same_style_arc_blue_left_y24p5_lower,right,forward,forward_right,1
6686,-43.074,23.835,0.5,243.529,smooth_outer_side_vertical_same_style_arc_blue_left_y24p5_lower,smooth_outer_side_vertical_same_style_arc_blue_left_y24p5_lower,smooth_outer_side_vertical_same_style_arc_blue_left_y24p5_lower,right,forward,forward_right,1
6687,-43.119,23.733,0.5,248.824,smooth_outer_side_vertical_same_style_arc_blue_left_y24p5_lower,smooth_outer_side_vertical_same_style_arc_blue_left_y24p5_lower,smooth_outer_side_vertical_same_style_arc_blue_left_y24p5_lower,right,forward,forward_right,1
6688,-43.154,23.628,0.5,254.118,smooth_outer_side_vertical_same_style_arc_blue_left_y24p5_lower,smooth_outer_side_vertical_same_style_arc_blue_left_y24p5_lower,smooth_outer_side_vertical_same_style_arc_blue_left_y24p5_lower,right,forward,forward_right,1
6689,-43.18,23.52,0.5,259.412,smooth_outer_side_vertical_same_style_arc_blue_left_y24p5_lower,smooth_outer_side_vertical_same_style_arc_blue_left_y24p5_lower,smooth_outer_side_vertical_same_style_arc_blue_left_y24p5_lower,right,forward,forward_right,1
6690,-43.195,23.411,0.5,264.706,smooth_outer_side_vertical_same_style_arc_blue_left_y24p5_lower,smooth_outer_side_vertical_same_style_arc_blue_left_y24p5_lower,smooth_outer_side_vertical_same_style_arc_blue_left_y24p5_lower,right,forward,forward_right,1
6691,-43.2,23.3,0.5,270.0,smooth_outer_side_vertical_same_style_arc_blue_left_y24p5_lower,smooth_outer_side_vertical_same_style_arc_blue_left_y24p5_lower,smooth_outer_side_vertical_same_style_arc_blue_left_y24p5_lower,right,forward,forward_right,0
6692,-39.0,-1.5,0.5,-180.0,smooth_outer_side_vertical_same_style_arc_orange_left_ym1p5_upper,smooth_outer_side_vertical_same_style_arc_orange_left_ym1p5_upper,smooth_outer_side_vertical_same_style_arc_orange_left_ym1p5_upper,right,reverse,reverse_right,1
6693,-39.111,-1.495,0.5,-185.294,smooth_outer_side_vertical_same_style_arc_orange_left_ym1p5_upper,smooth_outer_side_vertical_same_style_arc_orange_left_ym1p5_upper,smooth_outer_side_vertical_same_style_arc_orange_left_ym1p5_upper,right,reverse,reverse_right,1
6694,-39.22,-1.48,0.5,-190.588,smooth_outer_side_vertical_same_style_arc_orange_left_ym1p5_upper,smooth_outer_side_vertical_same_style_arc_orange_left_ym1p5_upper,smooth_outer_side_vertical_same_style_arc_orange_left_ym1p5_upper,right,reverse,reverse_right,1
6695,-39.328,-1.454,0.5,-195.882,smooth_outer_side_vertical_same_style_arc_orange_left_ym1p5_upper,smooth_outer_side_vertical_same_style_arc_orange_left_ym1p5_upper,smooth_outer_side_vertical_same_style_arc_orange_left_ym1p5_upper,right,reverse,reverse_right,1
6696,-39.433,-1.419,0.5,-201.176,smooth_outer_side_vertical_same_style_arc_orange_left_ym1p5_upper,smooth_outer_side_vertical_same_style_arc_orange_left_ym1p5_upper,smooth_outer_side_vertical_same_style_arc_orange_left_ym1p5_upper,right,reverse,reverse_right,1
6697,-39.535,-1.374,0.5,-206.471,smooth_outer_side_vertical_same_style_arc_orange_left_ym1p5_upper,smooth_outer_side_vertical_same_style_arc_orange_left_ym1p5_upper,smooth_outer_side_vertical_same_style_arc_orange_left_ym1p5_upper,right,reverse,reverse_right,1
6698,-39.632,-1.32,0.5,-211.765,smooth_outer_side_vertical_same_style_arc_orange_left_ym1p5_upper,smooth_outer_side_vertical_same_style_arc_orange_left_ym1p5_upper,smooth_outer_side_vertical_same_style_arc_orange_left_ym1p5_upper,right,reverse,reverse_right,1
6699,-39.723,-1.258,0.5,-217.059,smooth_outer_side_vertical_same_style_arc_orange_left_ym1p5_upper,smooth_outer_side_vertical_same_style_arc_orange_left_ym1p5_upper,smooth_outer_side_vertical_same_style_arc_orange_left_ym1p5_upper,right,reverse,reverse_right,1
6700,-39.808,-1.187,0.5,-222.353,smooth_outer_side_vertical_same_style_arc_orange_left_ym1p5_upper,smooth_outer_side_vertical_same_style_arc_orange_left_ym1p5_upper,smooth_outer_side_vertical_same_style_arc_orange_left_ym1p5_upper,right,reverse,reverse_right,1
6701,-39.887,-1.108,0.5,-227.647,smooth_outer_side_vertical_same_style_arc_orange_left_ym1p5_upper,smooth_outer_side_vertical_same_style_arc_orange_left_ym1p5_upper,smooth_outer_side_vertical_same_style_arc_orange_left_ym1p5_upper,right,reverse,reverse_right,1
6702,-39.958,-1.023,0.5,-232.941,smooth_outer_side_vertical_same_style_arc_orange_left_ym1p5_upper,smooth_outer_side_vertical_same_style_arc_orange_left_ym1p5_upper,smooth_outer_side_vertical_same_style_arc_orange_left_ym1p5_upper,right,reverse,reverse_right,1
6703,-40.02,-0.932,0.5,-238.235,smooth_outer_side_vertical_same_style_arc_orange_left_ym1p5_upper,smooth_outer_side_vertical_same_style_arc_orange_left_ym1p5_upper,smooth_outer_side_vertical_same_style_arc_orange_left_ym1p5_upper,right,reverse,reverse_right,1
6704,-40.074,-0.835,0.5,-243.529,smooth_outer_side_vertical_same_style_arc_orange_left_ym1p5_upper,smooth_outer_side_vertical_same_style_arc_orange_left_ym1p5_upper,smooth_outer_side_vertical_same_style_arc_orange_left_ym1p5_upper,right,reverse,reverse_right,1
6705,-40.119,-0.733,0.5,-248.824,smooth_outer_side_vertical_same_style_arc_orange_left_ym1p5_upper,smooth_outer_side_vertical_same_style_arc_orange_left_ym1p5_upper,smooth_outer_side_vertical_same_style_arc_orange_left_ym1p5_upper,right,reverse,reverse_right,1
6706,-40.154,-0.628,0.5,-254.118,smooth_outer_side_vertical_same_style_arc_orange_left_ym1p5_upper,smooth_outer_side_vertical_same_style_arc_orange_left_ym1p5_upper,smooth_outer_side_vertical_same_style_arc_orange_left_ym1p5_upper,right,reverse,reverse_right,1
6707,-40.18,-0.52,0.5,-259.412,smooth_outer_side_vertical_same_style_arc_orange_left_ym1p5_upper,smooth_outer_side_vertical_same_style_arc_orange_left_ym1p5_upper,smooth_outer_side_vertical_same_style_arc_orange_left_ym1p5_upper,right,reverse,reverse_right,1
6708,-40.195,-0.411,0.5,-264.706,smooth_outer_side_vertical_same_style_arc_orange_left_ym1p5_upper,smooth_outer_side_vertical_same_style_arc_orange_left_ym1p5_upper,smooth_outer_side_vertical_same_style_arc_orange_left_ym1p5_upper,right,reverse,reverse_right,1
6709,-40.2,-0.3,0.5,-270.0,smooth_outer_side_vertical_same_style_arc_orange_left_ym1p5_upper,smooth_outer_side_vertical_same_style_arc_orange_left_ym1p5_upper,smooth_outer_side_vertical_same_style_arc_orange_left_ym1p5_upper,right,reverse,reverse_right,0
6710,-39.0,-1.5,0.5,180.0,smooth_outer_side_vertical_same_style_arc_orange_left_ym1p5_lower,smooth_outer_side_vertical_same_style_arc_orange_left_ym1p5_lower,smooth_outer_side_vertical_same_style_arc_orange_left_ym1p5_lower,right,reverse,reverse_right,1
6711,-39.111,-1.505,0.5,185.294,smooth_outer_side_vertical_same_style_arc_orange_left_ym1p5_lower,smooth_outer_side_vertical_same_style_arc_orange_left_ym1p5_lower,smooth_outer_side_vertical_same_style_arc_orange_left_ym1p5_lower,right,reverse,reverse_right,1
6712,-39.22,-1.52,0.5,190.588,smooth_outer_side_vertical_same_style_arc_orange_left_ym1p5_lower,smooth_outer_side_vertical_same_style_arc_orange_left_ym1p5_lower,smooth_outer_side_vertical_same_style_arc_orange_left_ym1p5_lower,right,reverse,reverse_right,1
6713,-39.328,-1.546,0.5,195.882,smooth_outer_side_vertical_same_style_arc_orange_left_ym1p5_lower,smooth_outer_side_vertical_same_style_arc_orange_left_ym1p5_lower,smooth_outer_side_vertical_same_style_arc_orange_left_ym1p5_lower,right,reverse,reverse_right,1
6714,-39.433,-1.581,0.5,201.176,smooth_outer_side_vertical_same_style_arc_orange_left_ym1p5_lower,smooth_outer_side_vertical_same_style_arc_orange_left_ym1p5_lower,smooth_outer_side_vertical_same_style_arc_orange_left_ym1p5_lower,right,reverse,reverse_right,1
6715,-39.535,-1.626,0.5,206.471,smooth_outer_side_vertical_same_style_arc_orange_left_ym1p5_lower,smooth_outer_side_vertical_same_style_arc_orange_left_ym1p5_lower,smooth_outer_side_vertical_same_style_arc_orange_left_ym1p5_lower,right,reverse,reverse_right,1
6716,-39.632,-1.68,0.5,211.765,smooth_outer_side_vertical_same_style_arc_orange_left_ym1p5_lower,smooth_outer_side_vertical_same_style_arc_orange_left_ym1p5_lower,smooth_outer_side_vertical_same_style_arc_orange_left_ym1p5_lower,right,reverse,reverse_right,1
6717,-39.723,-1.742,0.5,217.059,smooth_outer_side_vertical_same_style_arc_orange_left_ym1p5_lower,smooth_outer_side_vertical_same_style_arc_orange_left_ym1p5_lower,smooth_outer_side_vertical_same_style_arc_orange_left_ym1p5_lower,right,reverse,reverse_right,1
6718,-39.808,-1.813,0.5,222.353,smooth_outer_side_vertical_same_style_arc_orange_left_ym1p5_lower,smooth_outer_side_vertical_same_style_arc_orange_left_ym1p5_lower,smooth_outer_side_vertical_same_style_arc_orange_left_ym1p5_lower,right,reverse,reverse_right,1
6719,-39.887,-1.892,0.5,227.647,smooth_outer_side_vertical_same_style_arc_orange_left_ym1p5_lower,smooth_outer_side_vertical_same_style_arc_orange_left_ym1p5_lower,smooth_outer_side_vertical_same_style_arc_orange_left_ym1p5_lower,right,reverse,reverse_right,1
6720,-39.958,-1.977,0.5,232.941,smooth_outer_side_vertical_same_style_arc_orange_left_ym1p5_lower,smooth_outer_side_vertical_same_style_arc_orange_left_ym1p5_lower,smooth_outer_side_vertical_same_style_arc_orange_left_ym1p5_lower,right,reverse,reverse_right,1
6721,-40.02,-2.068,0.5,238.235,smooth_outer_side_vertical_same_style_arc_orange_left_ym1p5_lower,smooth_outer_side_vertical_same_style_arc_orange_left_ym1p5_lower,smooth_outer_side_vertical_same_style_arc_orange_left_ym1p5_lower,right,reverse,reverse_right,1
6722,-40.074,-2.165,0.5,243.529,smooth_outer_side_vertical_same_style_arc_orange_left_ym1p5_lower,smooth_outer_side_vertical_same_style_arc_orange_left_ym1p5_lower,smooth_outer_side_vertical_same_style_arc_orange_left_ym1p5_lower,right,reverse,reverse_right,1
6723,-40.119,-2.267,0.5,248.824,smooth_outer_side_vertical_same_style_arc_orange_left_ym1p5_lower,smooth_outer_side_vertical_same_style_arc_orange_left_ym1p5_lower,smooth_outer_side_vertical_same_style_arc_orange_left_ym1p5_lower,right,reverse,reverse_right,1
6724,-40.154,-2.372,0.5,254.118,smooth_outer_side_vertical_same_style_arc_orange_left_ym1p5_lower,smooth_outer_side_vertical_same_style_arc_orange_left_ym1p5_lower,smooth_outer_side_vertical_same_style_arc_orange_left_ym1p5_lower,right,reverse,reverse_right,1
6725,-40.18,-2.48,0.5,259.412,smooth_outer_side_vertical_same_style_arc_orange_left_ym1p5_lower,smooth_outer_side_vertical_same_style_arc_orange_left_ym1p5_lower,smooth_outer_side_vertical_same_style_arc_orange_left_ym1p5_lower,right,reverse,reverse_right,1
6726,-40.195,-2.589,0.5,264.706,smooth_outer_side_vertical_same_style_arc_orange_left_ym1p5_lower,smooth_outer_side_vertical_same_style_arc_orange_left_ym1p5_lower,smooth_outer_side_vertical_same_style_arc_orange_left_ym1p5_lower,right,reverse,reverse_right,1
6727,-40.2,-2.7,0.5,270.0,smooth_outer_side_vertical_same_style_arc_orange_left_ym1p5_lower,smooth_outer_side_vertical_same_style_arc_orange_left_ym1p5_lower,smooth_outer_side_vertical_same_style_arc_orange_left_ym1p5_lower,right,reverse,reverse_right,0
6728,-39.0,27.5,0.5,-180.0,smooth_outer_side_vertical_same_style_arc_orange_left_y27p5_upper,smooth_outer_side_vertical_same_style_arc_orange_left_y27p5_upper,smooth_outer_side_vertical_same_style_arc_orange_left_y27p5_upper,right,reverse,reverse_right,1
6729,-39.111,27.505,0.5,-185.294,smooth_outer_side_vertical_same_style_arc_orange_left_y27p5_upper,smooth_outer_side_vertical_same_style_arc_orange_left_y27p5_upper,smooth_outer_side_vertical_same_style_arc_orange_left_y27p5_upper,right,reverse,reverse_right,1
6730,-39.22,27.52,0.5,-190.588,smooth_outer_side_vertical_same_style_arc_orange_left_y27p5_upper,smooth_outer_side_vertical_same_style_arc_orange_left_y27p5_upper,smooth_outer_side_vertical_same_style_arc_orange_left_y27p5_upper,right,reverse,reverse_right,1
6731,-39.328,27.546,0.5,-195.882,smooth_outer_side_vertical_same_style_arc_orange_left_y27p5_upper,smooth_outer_side_vertical_same_style_arc_orange_left_y27p5_upper,smooth_outer_side_vertical_same_style_arc_orange_left_y27p5_upper,right,reverse,reverse_right,1
6732,-39.433,27.581,0.5,-201.176,smooth_outer_side_vertical_same_style_arc_orange_left_y27p5_upper,smooth_outer_side_vertical_same_style_arc_orange_left_y27p5_upper,smooth_outer_side_vertical_same_style_arc_orange_left_y27p5_upper,right,reverse,reverse_right,1
6733,-39.535,27.626,0.5,-206.471,smooth_outer_side_vertical_same_style_arc_orange_left_y27p5_upper,smooth_outer_side_vertical_same_style_arc_orange_left_y27p5_upper,smooth_outer_side_vertical_same_style_arc_orange_left_y27p5_upper,right,reverse,reverse_right,1
6734,-39.632,27.68,0.5,-211.765,smooth_outer_side_vertical_same_style_arc_orange_left_y27p5_upper,smooth_outer_side_vertical_same_style_arc_orange_left_y27p5_upper,smooth_outer_side_vertical_same_style_arc_orange_left_y27p5_upper,right,reverse,reverse_right,1
6735,-39.723,27.742,0.5,-217.059,smooth_outer_side_vertical_same_style_arc_orange_left_y27p5_upper,smooth_outer_side_vertical_same_style_arc_orange_left_y27p5_upper,smooth_outer_side_vertical_same_style_arc_orange_left_y27p5_upper,right,reverse,reverse_right,1
6736,-39.808,27.813,0.5,-222.353,smooth_outer_side_vertical_same_style_arc_orange_left_y27p5_upper,smooth_outer_side_vertical_same_style_arc_orange_left_y27p5_upper,smooth_outer_side_vertical_same_style_arc_orange_left_y27p5_upper,right,reverse,reverse_right,1
6737,-39.887,27.892,0.5,-227.647,smooth_outer_side_vertical_same_style_arc_orange_left_y27p5_upper,smooth_outer_side_vertical_same_style_arc_orange_left_y27p5_upper,smooth_outer_side_vertical_same_style_arc_orange_left_y27p5_upper,right,reverse,reverse_right,1
6738,-39.958,27.977,0.5,-232.941,smooth_outer_side_vertical_same_style_arc_orange_left_y27p5_upper,smooth_outer_side_vertical_same_style_arc_orange_left_y27p5_upper,smooth_outer_side_vertical_same_style_arc_orange_left_y27p5_upper,right,reverse,reverse_right,1
6739,-40.02,28.068,0.5,-238.235,smooth_outer_side_vertical_same_style_arc_orange_left_y27p5_upper,smooth_outer_side_vertical_same_style_arc_orange_left_y27p5_upper,smooth_outer_side_vertical_same_style_arc_orange_left_y27p5_upper,right,reverse,reverse_right,1
6740,-40.074,28.165,0.5,-243.529,smooth_outer_side_vertical_same_style_arc_orange_left_y27p5_upper,smooth_outer_side_vertical_same_style_arc_orange_left_y27p5_upper,smooth_outer_side_vertical_same_style_arc_orange_left_y27p5_upper,right,reverse,reverse_right,1
6741,-40.119,28.267,0.5,-248.824,smooth_outer_side_vertical_same_style_arc_orange_left_y27p5_upper,smooth_outer_side_vertical_same_style_arc_orange_left_y27p5_upper,smooth_outer_side_vertical_same_style_arc_orange_left_y27p5_upper,right,reverse,reverse_right,1
6742,-40.154,28.372,0.5,-254.118,smooth_outer_side_vertical_same_style_arc_orange_left_y27p5_upper,smooth_outer_side_vertical_same_style_arc_orange_left_y27p5_upper,smooth_outer_side_vertical_same_style_arc_orange_left_y27p5_upper,right,reverse,reverse_right,1
6743,-40.18,28.48,0.5,-259.412,smooth_outer_side_vertical_same_style_arc_orange_left_y27p5_upper,smooth_outer_side_vertical_same_style_arc_orange_left_y27p5_upper,smooth_outer_side_vertical_same_style_arc_orange_left_y27p5_upper,right,reverse,reverse_right,1
6744,-40.195,28.589,0.5,-264.706,smooth_outer_side_vertical_same_style_arc_orange_left_y27p5_upper,smooth_outer_side_vertical_same_style_arc_orange_left_y27p5_upper,smooth_outer_side_vertical_same_style_arc_orange_left_y27p5_upper,right,reverse,reverse_right,1
6745,-40.2,28.7,0.5,-270.0,smooth_outer_side_vertical_same_style_arc_orange_left_y27p5_upper,smooth_outer_side_vertical_same_style_arc_orange_left_y27p5_upper,smooth_outer_side_vertical_same_style_arc_orange_left_y27p5_upper,right,reverse,reverse_right,0
6746,-39.0,27.5,0.5,180.0,smooth_outer_side_vertical_same_style_arc_orange_left_y27p5_lower,smooth_outer_side_vertical_same_style_arc_orange_left_y27p5_lower,smooth_outer_side_vertical_same_style_arc_orange_left_y27p5_lower,right,reverse,reverse_right,1
6747,-39.111,27.495,0.5,185.294,smooth_outer_side_vertical_same_style_arc_orange_left_y27p5_lower,smooth_outer_side_vertical_same_style_arc_orange_left_y27p5_lower,smooth_outer_side_vertical_same_style_arc_orange_left_y27p5_lower,right,reverse,reverse_right,1
6748,-39.22,27.48,0.5,190.588,smooth_outer_side_vertical_same_style_arc_orange_left_y27p5_lower,smooth_outer_side_vertical_same_style_arc_orange_left_y27p5_lower,smooth_outer_side_vertical_same_style_arc_orange_left_y27p5_lower,right,reverse,reverse_right,1
6749,-39.328,27.454,0.5,195.882,smooth_outer_side_vertical_same_style_arc_orange_left_y27p5_lower,smooth_outer_side_vertical_same_style_arc_orange_left_y27p5_lower,smooth_outer_side_vertical_same_style_arc_orange_left_y27p5_lower,right,reverse,reverse_right,1
6750,-39.433,27.419,0.5,201.176,smooth_outer_side_vertical_same_style_arc_orange_left_y27p5_lower,smooth_outer_side_vertical_same_style_arc_orange_left_y27p5_lower,smooth_outer_side_vertical_same_style_arc_orange_left_y27p5_lower,right,reverse,reverse_right,1
6751,-39.535,27.374,0.5,206.471,smooth_outer_side_vertical_same_style_arc_orange_left_y27p5_lower,smooth_outer_side_vertical_same_style_arc_orange_left_y27p5_lower,smooth_outer_side_vertical_same_style_arc_orange_left_y27p5_lower,right,reverse,reverse_right,1
6752,-39.632,27.32,0.5,211.765,smooth_outer_side_vertical_same_style_arc_orange_left_y27p5_lower,smooth_outer_side_vertical_same_style_arc_orange_left_y27p5_lower,smooth_outer_side_vertical_same_style_arc_orange_left_y27p5_lower,right,reverse,reverse_right,1
6753,-39.723,27.258,0.5,217.059,smooth_outer_side_vertical_same_style_arc_orange_left_y27p5_lower,smooth_outer_side_vertical_same_style_arc_orange_left_y27p5_lower,smooth_outer_side_vertical_same_style_arc_orange_left_y27p5_lower,right,reverse,reverse_right,1
6754,-39.808,27.187,0.5,222.353,smooth_outer_side_vertical_same_style_arc_orange_left_y27p5_lower,smooth_outer_side_vertical_same_style_arc_orange_left_y27p5_lower,smooth_outer_side_vertical_same_style_arc_orange_left_y27p5_lower,right,reverse,reverse_right,1
6755,-39.887,27.108,0.5,227.647,smooth_outer_side_vertical_same_style_arc_orange_left_y27p5_lower,smooth_outer_side_vertical_same_style_arc_orange_left_y27p5_lower,smooth_outer_side_vertical_same_style_arc_orange_left_y27p5_lower,right,reverse,reverse_right,1
6756,-39.958,27.023,0.5,232.941,smooth_outer_side_vertical_same_style_arc_orange_left_y27p5_lower,smooth_outer_side_vertical_same_style_arc_orange_left_y27p5_lower,smooth_outer_side_vertical_same_style_arc_orange_left_y27p5_lower,right,reverse,reverse_right,1
6757,-40.02,26.932,0.5,238.235,smooth_outer_side_vertical_same_style_arc_orange_left_y27p5_lower,smooth_outer_side_vertical_same_style_arc_orange_left_y27p5_lower,smooth_outer_side_vertical_same_style_arc_orange_left_y27p5_lower,right,reverse,reverse_right,1
6758,-40.074,26.835,0.5,243.529,smooth_outer_side_vertical_same_style_arc_orange_left_y27p5_lower,smooth_outer_side_vertical_same_style_arc_orange_left_y27p5_lower,smooth_outer_side_vertical_same_style_arc_orange_left_y27p5_lower,right,reverse,reverse_right,1
6759,-40.119,26.733,0.5,248.824,smooth_outer_side_vertical_same_style_arc_orange_left_y27p5_lower,smooth_outer_side_vertical_same_style_arc_orange_left_y27p5_lower,smooth_outer_side_vertical_same_style_arc_orange_left_y27p5_lower,right,reverse,reverse_right,1
6760,-40.154,26.628,0.5,254.118,smooth_outer_side_vertical_same_style_arc_orange_left_y27p5_lower,smooth_outer_side_vertical_same_style_arc_orange_left_y27p5_lower,smooth_outer_side_vertical_same_style_arc_orange_left_y27p5_lower,right,reverse,reverse_right,1
6761,-40.18,26.52,0.5,259.412,smooth_outer_side_vertical_same_style_arc_orange_left_y27p5_lower,smooth_outer_side_vertical_same_style_arc_orange_left_y27p5_lower,smooth_outer_side_vertical_same_style_arc_orange_left_y27p5_lower,right,reverse,reverse_right,1
6762,-40.195,26.411,0.5,264.706,smooth_outer_side_vertical_same_style_arc_orange_left_y27p5_lower,smooth_outer_side_vertical_same_style_arc_orange_left_y27p5_lower,smooth_outer_side_vertical_same_style_arc_orange_left_y27p5_lower,right,reverse,reverse_right,1
6763,-40.2,26.3,0.5,270.0,smooth_outer_side_vertical_same_style_arc_orange_left_y27p5_lower,smooth_outer_side_vertical_same_style_arc_orange_left_y27p5_lower,smooth_outer_side_vertical_same_style_arc_orange_left_y27p5_lower,right,reverse,reverse_right,0
