step,x,y,z,yaw,lane_id,segment_id,parent_segment_id,lane_side,direction,direction_group,connect_next
1,-40.000,49.500,0.500,0.000,H_y48.0_x-40.0_-20.0_forward_left,H_y48.0_x-40.0_-20.0,H_y48.0_x-40.0_-20.0,left,forward,forward_left,1
2,-39.500,49.500,0.500,0.000,H_y48.0_x-40.0_-20.0_forward_left,H_y48.0_x-40.0_-20.0,H_y48.0_x-40.0_-20.0,left,forward,forward_left,1
3,-39.000,49.500,0.500,0.000,H_y48.0_x-40.0_-20.0_forward_left,H_y48.0_x-40.0_-20.0,H_y48.0_x-40.0_-20.0,left,forward,forward_left,1
4,-38.500,49.500,0.500,0.000,H_y48.0_x-40.0_-20.0_forward_left,H_y48.0_x-40.0_-20.0,H_y48.0_x-40.0_-20.0,left,forward,forward_left,1
5,-38.000,49.500,0.500,0.000,H_y48.0_x-40.0_-20.0_forward_left,H_y48.0_x-40.0_-20.0,H_y48.0_x-40.0_-20.0,left,forward,forward_left,1
6,-37.500,49.500,0.500,0.000,H_y48.0_x-40.0_-20.0_forward_left,H_y48.0_x-40.0_-20.0,H_y48.0_x-40.0_-20.0,left,forward,forward_left,1
7,-37.000,49.500,0.500,0.000,H_y48.0_x-40.0_-20.0_forward_left,H_y48.0_x-40.0_-20.0,H_y48.0_x-40.0_-20.0,left,forward,forward_left,1
8,-36.500,49.500,0.500,0.000,H_y48.0_x-40.0_-20.0_forward_left,H_y48.0_x-40.0_-20.0,H_y48.0_x-40.0_-20.0,left,forward,forward_left,1
9,-36.000,49.500,0.500,0.000,H_y48.0_x-40.0_-20.0_forward_left,H_y48.0_x-40.0_-20.0,H_y48.0_x-40.0_-20.0,left,forward,forward_left,1
10,-35.500,49.500,0.500,0.000,H_y48.0_x-40.0_-20.0_forward_left,H_y48.0_x-40.0_-20.0,H_y48.0_x-40.0_-20.0,left,forward,forward_left,1
11,-35.000,49.500,0.500,0.000,H_y48.0_x-40.0_-20.0_forward_left,H_y48.0_x-40.0_-20.0,H_y48.0_x-40.0_-20.0,left,forward,forward_left,1
12,-34.500,49.500,0.500,0.000,H_y48.0_x-40.0_-20.0_forward_left,H_y48.0_x-40.0_-20.0,H_y48.0_x-40.0_-20.0,left,forward,forward_left,1
13,-34.000,49.500,0.500,0.000,H_y48.0_x-40.0_-20.0_forward_left,H_y48.0_x-40.0_-20.0,H_y48.0_x-40.0_-20.0,left,forward,forward_left,1
14,-33.500,49.500,0.500,0.000,H_y48.0_x-40.0_-20.0_forward_left,H_y48.0_x-40.0_-20.0,H_y48.0_x-40.0_-20.0,left,forward,forward_left,1
15,-33.000,49.500,0.500,0.000,H_y48.0_x-40.0_-20.0_forward_left,H_y48.0_x-40.0_-20.0,H_y48.0_x-40.0_-20.0,left,forward,forward_left,1
16,-32.500,49.500,0.500,0.000,H_y48.0_x-40.0_-20.0_forward_left,H_y48.0_x-40.0_-20.0,H_y48.0_x-40.0_-20.0,left,forward,forward_left,1
17,-32.000,49.500,0.500,0.000,H_y48.0_x-40.0_-20.0_forward_left,H_y48.0_x-40.0_-20.0,H_y48.0_x-40.0_-20.0,left,forward,forward_left,1
18,-31.500,49.500,0.500,0.000,H_y48.0_x-40.0_-20.0_forward_left,H_y48.0_x-40.0_-20.0,H_y48.0_x-40.0_-20.0,left,forward,forward_left,1
19,-31.000,49.500,0.500,0.000,H_y48.0_x-40.0_-20.0_forward_left,H_y48.0_x-40.0_-20.0,H_y48.0_x-40.0_-20.0,left,forward,forward_left,1
20,-30.500,49.500,0.500,0.000,H_y48.0_x-40.0_-20.0_forward_left,H_y48.0_x-40.0_-20.0,H_y48.0_x-40.0_-20.0,left,forward,forward_left,1
21,-30.000,49.500,0.500,0.000,H_y48.0_x-40.0_-20.0_forward_left,H_y48.0_x-40.0_-20.0,H_y48.0_x-40.0_-20.0,left,forward,forward_left,1
22,-29.500,49.500,0.500,0.000,H_y48.0_x-40.0_-20.0_forward_left,H_y48.0_x-40.0_-20.0,H_y48.0_x-40.0_-20.0,left,forward,forward_left,1
23,-29.000,49.500,0.500,0.000,H_y48.0_x-40.0_-20.0_forward_left,H_y48.0_x-40.0_-20.0,H_y48.0_x-40.0_-20.0,left,forward,forward_left,1
24,-28.500,49.500,0.500,0.000,H_y48.0_x-40.0_-20.0_forward_left,H_y48.0_x-40.0_-20.0,H_y48.0_x-40.0_-20.0,left,forward,forward_left,1
25,-28.000,49.500,0.500,0.000,H_y48.0_x-40.0_-20.0_forward_left,H_y48.0_x-40.0_-20.0,H_y48.0_x-40.0_-20.0,left,forward,forward_left,1
26,-27.500,49.500,0.500,0.000,H_y48.0_x-40.0_-20.0_forward_left,H_y48.0_x-40.0_-20.0,H_y48.0_x-40.0_-20.0,left,forward,forward_left,1
27,-27.000,49.500,0.500,0.000,H_y48.0_x-40.0_-20.0_forward_left,H_y48.0_x-40.0_-20.0,H_y48.0_x-40.0_-20.0,left,forward,forward_left,1
28,-26.500,49.500,0.500,0.000,H_y48.0_x-40.0_-20.0_forward_left,H_y48.0_x-40.0_-20.0,H_y48.0_x-40.0_-20.0,left,forward,forward_left,1
29,-26.000,49.500,0.500,0.000,H_y48.0_x-40.0_-20.0_forward_left,H_y48.0_x-40.0_-20.0,H_y48.0_x-40.0_-20.0,left,forward,forward_left,1
30,-25.500,49.500,0.500,0.000,H_y48.0_x-40.0_-20.0_forward_left,H_y48.0_x-40.0_-20.0,H_y48.0_x-40.0_-20.0,left,forward,forward_left,1
31,-25.000,49.500,0.500,0.000,H_y48.0_x-40.0_-20.0_forward_left,H_y48.0_x-40.0_-20.0,H_y48.0_x-40.0_-20.0,left,forward,forward_left,1
32,-24.500,49.500,0.500,0.000,H_y48.0_x-40.0_-20.0_forward_left,H_y48.0_x-40.0_-20.0,H_y48.0_x-40.0_-20.0,left,forward,forward_left,1
33,-24.000,49.500,0.500,0.000,H_y48.0_x-40.0_-20.0_forward_left,H_y48.0_x-40.0_-20.0,H_y48.0_x-40.0_-20.0,left,forward,forward_left,1
34,-23.500,49.500,0.500,0.000,H_y48.0_x-40.0_-20.0_forward_left,H_y48.0_x-40.0_-20.0,H_y48.0_x-40.0_-20.0,left,forward,forward_left,1
35,-23.000,49.500,0.500,0.000,H_y48.0_x-40.0_-20.0_forward_left,H_y48.0_x-40.0_-20.0,H_y48.0_x-40.0_-20.0,left,forward,forward_left,1
36,-22.500,49.500,0.500,0.000,H_y48.0_x-40.0_-20.0_forward_left,H_y48.0_x-40.0_-20.0,H_y48.0_x-40.0_-20.0,left,forward,forward_left,1
37,-22.000,49.500,0.500,0.000,H_y48.0_x-40.0_-20.0_forward_left,H_y48.0_x-40.0_-20.0,H_y48.0_x-40.0_-20.0,left,forward,forward_left,1
38,-21.500,49.500,0.500,0.000,H_y48.0_x-40.0_-20.0_forward_left,H_y48.0_x-40.0_-20.0,H_y48.0_x-40.0_-20.0,left,forward,forward_left,1
39,-21.000,49.500,0.500,0.000,H_y48.0_x-40.0_-20.0_forward_left,H_y48.0_x-40.0_-20.0,H_y48.0_x-40.0_-20.0,left,forward,forward_left,1
40,-20.500,49.500,0.500,0.000,H_y48.0_x-40.0_-20.0_forward_left,H_y48.0_x-40.0_-20.0,H_y48.0_x-40.0_-20.0,left,forward,forward_left,1
41,-20.000,49.500,0.500,0.000,H_y48.0_x-40.0_-20.0_forward_left,H_y48.0_x-40.0_-20.0,H_y48.0_x-40.0_-20.0,left,forward,forward_left,0
42,-40.000,46.500,0.500,0.000,H_y48.0_x-40.0_-20.0_forward_right,H_y48.0_x-40.0_-20.0,H_y48.0_x-40.0_-20.0,right,forward,forward_right,1
43,-39.500,46.500,0.500,0.000,H_y48.0_x-40.0_-20.0_forward_right,H_y48.0_x-40.0_-20.0,H_y48.0_x-40.0_-20.0,right,forward,forward_right,1
44,-39.000,46.500,0.500,0.000,H_y48.0_x-40.0_-20.0_forward_right,H_y48.0_x-40.0_-20.0,H_y48.0_x-40.0_-20.0,right,forward,forward_right,1
45,-38.500,46.500,0.500,0.000,H_y48.0_x-40.0_-20.0_forward_right,H_y48.0_x-40.0_-20.0,H_y48.0_x-40.0_-20.0,right,forward,forward_right,1
46,-38.000,46.500,0.500,0.000,H_y48.0_x-40.0_-20.0_forward_right,H_y48.0_x-40.0_-20.0,H_y48.0_x-40.0_-20.0,right,forward,forward_right,1
47,-37.500,46.500,0.500,0.000,H_y48.0_x-40.0_-20.0_forward_right,H_y48.0_x-40.0_-20.0,H_y48.0_x-40.0_-20.0,right,forward,forward_right,1
48,-37.000,46.500,0.500,0.000,H_y48.0_x-40.0_-20.0_forward_right,H_y48.0_x-40.0_-20.0,H_y48.0_x-40.0_-20.0,right,forward,forward_right,1
49,-36.500,46.500,0.500,0.000,H_y48.0_x-40.0_-20.0_forward_right,H_y48.0_x-40.0_-20.0,H_y48.0_x-40.0_-20.0,right,forward,forward_right,1
50,-36.000,46.500,0.500,0.000,H_y48.0_x-40.0_-20.0_forward_right,H_y48.0_x-40.0_-20.0,H_y48.0_x-40.0_-20.0,right,forward,forward_right,1
51,-35.500,46.500,0.500,0.000,H_y48.0_x-40.0_-20.0_forward_right,H_y48.0_x-40.0_-20.0,H_y48.0_x-40.0_-20.0,right,forward,forward_right,1
52,-35.000,46.500,0.500,0.000,H_y48.0_x-40.0_-20.0_forward_right,H_y48.0_x-40.0_-20.0,H_y48.0_x-40.0_-20.0,right,forward,forward_right,1
53,-34.500,46.500,0.500,0.000,H_y48.0_x-40.0_-20.0_forward_right,H_y48.0_x-40.0_-20.0,H_y48.0_x-40.0_-20.0,right,forward,forward_right,1
54,-34.000,46.500,0.500,0.000,H_y48.0_x-40.0_-20.0_forward_right,H_y48.0_x-40.0_-20.0,H_y48.0_x-40.0_-20.0,right,forward,forward_right,1
55,-33.500,46.500,0.500,0.000,H_y48.0_x-40.0_-20.0_forward_right,H_y48.0_x-40.0_-20.0,H_y48.0_x-40.0_-20.0,right,forward,forward_right,1
56,-33.000,46.500,0.500,0.000,H_y48.0_x-40.0_-20.0_forward_right,H_y48.0_x-40.0_-20.0,H_y48.0_x-40.0_-20.0,right,forward,forward_right,1
57,-32.500,46.500,0.500,0.000,H_y48.0_x-40.0_-20.0_forward_right,H_y48.0_x-40.0_-20.0,H_y48.0_x-40.0_-20.0,right,forward,forward_right,1
58,-32.000,46.500,0.500,0.000,H_y48.0_x-40.0_-20.0_forward_right,H_y48.0_x-40.0_-20.0,H_y48.0_x-40.0_-20.0,right,forward,forward_right,1
59,-31.500,46.500,0.500,0.000,H_y48.0_x-40.0_-20.0_forward_right,H_y48.0_x-40.0_-20.0,H_y48.0_x-40.0_-20.0,right,forward,forward_right,1
60,-31.000,46.500,0.500,0.000,H_y48.0_x-40.0_-20.0_forward_right,H_y48.0_x-40.0_-20.0,H_y48.0_x-40.0_-20.0,right,forward,forward_right,1
61,-30.500,46.500,0.500,0.000,H_y48.0_x-40.0_-20.0_forward_right,H_y48.0_x-40.0_-20.0,H_y48.0_x-40.0_-20.0,right,forward,forward_right,1
62,-30.000,46.500,0.500,0.000,H_y48.0_x-40.0_-20.0_forward_right,H_y48.0_x-40.0_-20.0,H_y48.0_x-40.0_-20.0,right,forward,forward_right,1
63,-29.500,46.500,0.500,0.000,H_y48.0_x-40.0_-20.0_forward_right,H_y48.0_x-40.0_-20.0,H_y48.0_x-40.0_-20.0,right,forward,forward_right,1
64,-29.000,46.500,0.500,0.000,H_y48.0_x-40.0_-20.0_forward_right,H_y48.0_x-40.0_-20.0,H_y48.0_x-40.0_-20.0,right,forward,forward_right,1
65,-28.500,46.500,0.500,0.000,H_y48.0_x-40.0_-20.0_forward_right,H_y48.0_x-40.0_-20.0,H_y48.0_x-40.0_-20.0,right,forward,forward_right,1
66,-28.000,46.500,0.500,0.000,H_y48.0_x-40.0_-20.0_forward_right,H_y48.0_x-40.0_-20.0,H_y48.0_x-40.0_-20.0,right,forward,forward_right,1
67,-27.500,46.500,0.500,0.000,H_y48.0_x-40.0_-20.0_forward_right,H_y48.0_x-40.0_-20.0,H_y48.0_x-40.0_-20.0,right,forward,forward_right,1
68,-27.000,46.500,0.500,0.000,H_y48.0_x-40.0_-20.0_forward_right,H_y48.0_x-40.0_-20.0,H_y48.0_x-40.0_-20.0,right,forward,forward_right,1
69,-26.500,46.500,0.500,0.000,H_y48.0_x-40.0_-20.0_forward_right,H_y48.0_x-40.0_-20.0,H_y48.0_x-40.0_-20.0,right,forward,forward_right,1
70,-26.000,46.500,0.500,0.000,H_y48.0_x-40.0_-20.0_forward_right,H_y48.0_x-40.0_-20.0,H_y48.0_x-40.0_-20.0,right,forward,forward_right,1
71,-25.500,46.500,0.500,0.000,H_y48.0_x-40.0_-20.0_forward_right,H_y48.0_x-40.0_-20.0,H_y48.0_x-40.0_-20.0,right,forward,forward_right,1
72,-25.000,46.500,0.500,0.000,H_y48.0_x-40.0_-20.0_forward_right,H_y48.0_x-40.0_-20.0,H_y48.0_x-40.0_-20.0,right,forward,forward_right,1
73,-24.500,46.500,0.500,0.000,H_y48.0_x-40.0_-20.0_forward_right,H_y48.0_x-40.0_-20.0,H_y48.0_x-40.0_-20.0,right,forward,forward_right,1
74,-24.000,46.500,0.500,0.000,H_y48.0_x-40.0_-20.0_forward_right,H_y48.0_x-40.0_-20.0,H_y48.0_x-40.0_-20.0,right,forward,forward_right,1
75,-23.500,46.500,0.500,0.000,H_y48.0_x-40.0_-20.0_forward_right,H_y48.0_x-40.0_-20.0,H_y48.0_x-40.0_-20.0,right,forward,forward_right,1
76,-23.000,46.500,0.500,0.000,H_y48.0_x-40.0_-20.0_forward_right,H_y48.0_x-40.0_-20.0,H_y48.0_x-40.0_-20.0,right,forward,forward_right,1
77,-22.500,46.500,0.500,0.000,H_y48.0_x-40.0_-20.0_forward_right,H_y48.0_x-40.0_-20.0,H_y48.0_x-40.0_-20.0,right,forward,forward_right,1
78,-22.000,46.500,0.500,0.000,H_y48.0_x-40.0_-20.0_forward_right,H_y48.0_x-40.0_-20.0,H_y48.0_x-40.0_-20.0,right,forward,forward_right,1
79,-21.500,46.500,0.500,0.000,H_y48.0_x-40.0_-20.0_forward_right,H_y48.0_x-40.0_-20.0,H_y48.0_x-40.0_-20.0,right,forward,forward_right,1
80,-21.000,46.500,0.500,0.000,H_y48.0_x-40.0_-20.0_forward_right,H_y48.0_x-40.0_-20.0,H_y48.0_x-40.0_-20.0,right,forward,forward_right,1
81,-20.500,46.500,0.500,0.000,H_y48.0_x-40.0_-20.0_forward_right,H_y48.0_x-40.0_-20.0,H_y48.0_x-40.0_-20.0,right,forward,forward_right,1
82,-20.000,46.500,0.500,0.000,H_y48.0_x-40.0_-20.0_forward_right,H_y48.0_x-40.0_-20.0,H_y48.0_x-40.0_-20.0,right,forward,forward_right,0
83,-20.000,46.500,0.500,180.000,H_y48.0_x-40.0_-20.0_reverse_left,H_y48.0_x-40.0_-20.0,H_y48.0_x-40.0_-20.0,left,reverse,reverse_left,1
84,-20.500,46.500,0.500,180.000,H_y48.0_x-40.0_-20.0_reverse_left,H_y48.0_x-40.0_-20.0,H_y48.0_x-40.0_-20.0,left,reverse,reverse_left,1
85,-21.000,46.500,0.500,180.000,H_y48.0_x-40.0_-20.0_reverse_left,H_y48.0_x-40.0_-20.0,H_y48.0_x-40.0_-20.0,left,reverse,reverse_left,1
86,-21.500,46.500,0.500,180.000,H_y48.0_x-40.0_-20.0_reverse_left,H_y48.0_x-40.0_-20.0,H_y48.0_x-40.0_-20.0,left,reverse,reverse_left,1
87,-22.000,46.500,0.500,180.000,H_y48.0_x-40.0_-20.0_reverse_left,H_y48.0_x-40.0_-20.0,H_y48.0_x-40.0_-20.0,left,reverse,reverse_left,1
88,-22.500,46.500,0.500,180.000,H_y48.0_x-40.0_-20.0_reverse_left,H_y48.0_x-40.0_-20.0,H_y48.0_x-40.0_-20.0,left,reverse,reverse_left,1
89,-23.000,46.500,0.500,180.000,H_y48.0_x-40.0_-20.0_reverse_left,H_y48.0_x-40.0_-20.0,H_y48.0_x-40.0_-20.0,left,reverse,reverse_left,1
90,-23.500,46.500,0.500,180.000,H_y48.0_x-40.0_-20.0_reverse_left,H_y48.0_x-40.0_-20.0,H_y48.0_x-40.0_-20.0,left,reverse,reverse_left,1
91,-24.000,46.500,0.500,180.000,H_y48.0_x-40.0_-20.0_reverse_left,H_y48.0_x-40.0_-20.0,H_y48.0_x-40.0_-20.0,left,reverse,reverse_left,1
92,-24.500,46.500,0.500,180.000,H_y48.0_x-40.0_-20.0_reverse_left,H_y48.0_x-40.0_-20.0,H_y48.0_x-40.0_-20.0,left,reverse,reverse_left,1
93,-25.000,46.500,0.500,180.000,H_y48.0_x-40.0_-20.0_reverse_left,H_y48.0_x-40.0_-20.0,H_y48.0_x-40.0_-20.0,left,reverse,reverse_left,1
94,-25.500,46.500,0.500,180.000,H_y48.0_x-40.0_-20.0_reverse_left,H_y48.0_x-40.0_-20.0,H_y48.0_x-40.0_-20.0,left,reverse,reverse_left,1
95,-26.000,46.500,0.500,180.000,H_y48.0_x-40.0_-20.0_reverse_left,H_y48.0_x-40.0_-20.0,H_y48.0_x-40.0_-20.0,left,reverse,reverse_left,1
96,-26.500,46.500,0.500,180.000,H_y48.0_x-40.0_-20.0_reverse_left,H_y48.0_x-40.0_-20.0,H_y48.0_x-40.0_-20.0,left,reverse,reverse_left,1
97,-27.000,46.500,0.500,180.000,H_y48.0_x-40.0_-20.0_reverse_left,H_y48.0_x-40.0_-20.0,H_y48.0_x-40.0_-20.0,left,reverse,reverse_left,1
98,-27.500,46.500,0.500,180.000,H_y48.0_x-40.0_-20.0_reverse_left,H_y48.0_x-40.0_-20.0,H_y48.0_x-40.0_-20.0,left,reverse,reverse_left,1
99,-28.000,46.500,0.500,180.000,H_y48.0_x-40.0_-20.0_reverse_left,H_y48.0_x-40.0_-20.0,H_y48.0_x-40.0_-20.0,left,reverse,reverse_left,1
100,-28.500,46.500,0.500,180.000,H_y48.0_x-40.0_-20.0_reverse_left,H_y48.0_x-40.0_-20.0,H_y48.0_x-40.0_-20.0,left,reverse,reverse_left,1
101,-29.000,46.500,0.500,180.000,H_y48.0_x-40.0_-20.0_reverse_left,H_y48.0_x-40.0_-20.0,H_y48.0_x-40.0_-20.0,left,reverse,reverse_left,1
102,-29.500,46.500,0.500,180.000,H_y48.0_x-40.0_-20.0_reverse_left,H_y48.0_x-40.0_-20.0,H_y48.0_x-40.0_-20.0,left,reverse,reverse_left,1
103,-30.000,46.500,0.500,180.000,H_y48.0_x-40.0_-20.0_reverse_left,H_y48.0_x-40.0_-20.0,H_y48.0_x-40.0_-20.0,left,reverse,reverse_left,1
104,-30.500,46.500,0.500,180.000,H_y48.0_x-40.0_-20.0_reverse_left,H_y48.0_x-40.0_-20.0,H_y48.0_x-40.0_-20.0,left,reverse,reverse_left,1
105,-31.000,46.500,0.500,180.000,H_y48.0_x-40.0_-20.0_reverse_left,H_y48.0_x-40.0_-20.0,H_y48.0_x-40.0_-20.0,left,reverse,reverse_left,1
106,-31.500,46.500,0.500,180.000,H_y48.0_x-40.0_-20.0_reverse_left,H_y48.0_x-40.0_-20.0,H_y48.0_x-40.0_-20.0,left,reverse,reverse_left,1
107,-32.000,46.500,0.500,180.000,H_y48.0_x-40.0_-20.0_reverse_left,H_y48.0_x-40.0_-20.0,H_y48.0_x-40.0_-20.0,left,reverse,reverse_left,1
108,-32.500,46.500,0.500,180.000,H_y48.0_x-40.0_-20.0_reverse_left,H_y48.0_x-40.0_-20.0,H_y48.0_x-40.0_-20.0,left,reverse,reverse_left,1
109,-33.000,46.500,0.500,180.000,H_y48.0_x-40.0_-20.0_reverse_left,H_y48.0_x-40.0_-20.0,H_y48.0_x-40.0_-20.0,left,reverse,reverse_left,1
110,-33.500,46.500,0.500,180.000,H_y48.0_x-40.0_-20.0_reverse_left,H_y48.0_x-40.0_-20.0,H_y48.0_x-40.0_-20.0,left,reverse,reverse_left,1
111,-34.000,46.500,0.500,180.000,H_y48.0_x-40.0_-20.0_reverse_left,H_y48.0_x-40.0_-20.0,H_y48.0_x-40.0_-20.0,left,reverse,reverse_left,1
112,-34.500,46.500,0.500,180.000,H_y48.0_x-40.0_-20.0_reverse_left,H_y48.0_x-40.0_-20.0,H_y48.0_x-40.0_-20.0,left,reverse,reverse_left,1
113,-35.000,46.500,0.500,180.000,H_y48.0_x-40.0_-20.0_reverse_left,H_y48.0_x-40.0_-20.0,H_y48.0_x-40.0_-20.0,left,reverse,reverse_left,1
114,-35.500,46.500,0.500,180.000,H_y48.0_x-40.0_-20.0_reverse_left,H_y48.0_x-40.0_-20.0,H_y48.0_x-40.0_-20.0,left,reverse,reverse_left,1
115,-36.000,46.500,0.500,180.000,H_y48.0_x-40.0_-20.0_reverse_left,H_y48.0_x-40.0_-20.0,H_y48.0_x-40.0_-20.0,left,reverse,reverse_left,1
116,-36.500,46.500,0.500,180.000,H_y48.0_x-40.0_-20.0_reverse_left,H_y48.0_x-40.0_-20.0,H_y48.0_x-40.0_-20.0,left,reverse,reverse_left,1
117,-37.000,46.500,0.500,180.000,H_y48.0_x-40.0_-20.0_reverse_left,H_y48.0_x-40.0_-20.0,H_y48.0_x-40.0_-20.0,left,reverse,reverse_left,1
118,-37.500,46.500,0.500,180.000,H_y48.0_x-40.0_-20.0_reverse_left,H_y48.0_x-40.0_-20.0,H_y48.0_x-40.0_-20.0,left,reverse,reverse_left,1
119,-38.000,46.500,0.500,180.000,H_y48.0_x-40.0_-20.0_reverse_left,H_y48.0_x-40.0_-20.0,H_y48.0_x-40.0_-20.0,left,reverse,reverse_left,1
120,-38.500,46.500,0.500,180.000,H_y48.0_x-40.0_-20.0_reverse_left,H_y48.0_x-40.0_-20.0,H_y48.0_x-40.0_-20.0,left,reverse,reverse_left,1
121,-39.000,46.500,0.500,180.000,H_y48.0_x-40.0_-20.0_reverse_left,H_y48.0_x-40.0_-20.0,H_y48.0_x-40.0_-20.0,left,reverse,reverse_left,1
122,-39.500,46.500,0.500,180.000,H_y48.0_x-40.0_-20.0_reverse_left,H_y48.0_x-40.0_-20.0,H_y48.0_x-40.0_-20.0,left,reverse,reverse_left,1
123,-40.000,46.500,0.500,180.000,H_y48.0_x-40.0_-20.0_reverse_left,H_y48.0_x-40.0_-20.0,H_y48.0_x-40.0_-20.0,left,reverse,reverse_left,0
124,-20.000,49.500,0.500,180.000,H_y48.0_x-40.0_-20.0_reverse_right,H_y48.0_x-40.0_-20.0,H_y48.0_x-40.0_-20.0,right,reverse,reverse_right,1
125,-20.500,49.500,0.500,180.000,H_y48.0_x-40.0_-20.0_reverse_right,H_y48.0_x-40.0_-20.0,H_y48.0_x-40.0_-20.0,right,reverse,reverse_right,1
126,-21.000,49.500,0.500,180.000,H_y48.0_x-40.0_-20.0_reverse_right,H_y48.0_x-40.0_-20.0,H_y48.0_x-40.0_-20.0,right,reverse,reverse_right,1
127,-21.500,49.500,0.500,180.000,H_y48.0_x-40.0_-20.0_reverse_right,H_y48.0_x-40.0_-20.0,H_y48.0_x-40.0_-20.0,right,reverse,reverse_right,1
128,-22.000,49.500,0.500,180.000,H_y48.0_x-40.0_-20.0_reverse_right,H_y48.0_x-40.0_-20.0,H_y48.0_x-40.0_-20.0,right,reverse,reverse_right,1
129,-22.500,49.500,0.500,180.000,H_y48.0_x-40.0_-20.0_reverse_right,H_y48.0_x-40.0_-20.0,H_y48.0_x-40.0_-20.0,right,reverse,reverse_right,1
130,-23.000,49.500,0.500,180.000,H_y48.0_x-40.0_-20.0_reverse_right,H_y48.0_x-40.0_-20.0,H_y48.0_x-40.0_-20.0,right,reverse,reverse_right,1
131,-23.500,49.500,0.500,180.000,H_y48.0_x-40.0_-20.0_reverse_right,H_y48.0_x-40.0_-20.0,H_y48.0_x-40.0_-20.0,right,reverse,reverse_right,1
132,-24.000,49.500,0.500,180.000,H_y48.0_x-40.0_-20.0_reverse_right,H_y48.0_x-40.0_-20.0,H_y48.0_x-40.0_-20.0,right,reverse,reverse_right,1
133,-24.500,49.500,0.500,180.000,H_y48.0_x-40.0_-20.0_reverse_right,H_y48.0_x-40.0_-20.0,H_y48.0_x-40.0_-20.0,right,reverse,reverse_right,1
134,-25.000,49.500,0.500,180.000,H_y48.0_x-40.0_-20.0_reverse_right,H_y48.0_x-40.0_-20.0,H_y48.0_x-40.0_-20.0,right,reverse,reverse_right,1
135,-25.500,49.500,0.500,180.000,H_y48.0_x-40.0_-20.0_reverse_right,H_y48.0_x-40.0_-20.0,H_y48.0_x-40.0_-20.0,right,reverse,reverse_right,1
136,-26.000,49.500,0.500,180.000,H_y48.0_x-40.0_-20.0_reverse_right,H_y48.0_x-40.0_-20.0,H_y48.0_x-40.0_-20.0,right,reverse,reverse_right,1
137,-26.500,49.500,0.500,180.000,H_y48.0_x-40.0_-20.0_reverse_right,H_y48.0_x-40.0_-20.0,H_y48.0_x-40.0_-20.0,right,reverse,reverse_right,1
138,-27.000,49.500,0.500,180.000,H_y48.0_x-40.0_-20.0_reverse_right,H_y48.0_x-40.0_-20.0,H_y48.0_x-40.0_-20.0,right,reverse,reverse_right,1
139,-27.500,49.500,0.500,180.000,H_y48.0_x-40.0_-20.0_reverse_right,H_y48.0_x-40.0_-20.0,H_y48.0_x-40.0_-20.0,right,reverse,reverse_right,1
140,-28.000,49.500,0.500,180.000,H_y48.0_x-40.0_-20.0_reverse_right,H_y48.0_x-40.0_-20.0,H_y48.0_x-40.0_-20.0,right,reverse,reverse_right,1
141,-28.500,49.500,0.500,180.000,H_y48.0_x-40.0_-20.0_reverse_right,H_y48.0_x-40.0_-20.0,H_y48.0_x-40.0_-20.0,right,reverse,reverse_right,1
142,-29.000,49.500,0.500,180.000,H_y48.0_x-40.0_-20.0_reverse_right,H_y48.0_x-40.0_-20.0,H_y48.0_x-40.0_-20.0,right,reverse,reverse_right,1
143,-29.500,49.500,0.500,180.000,H_y48.0_x-40.0_-20.0_reverse_right,H_y48.0_x-40.0_-20.0,H_y48.0_x-40.0_-20.0,right,reverse,reverse_right,1
144,-30.000,49.500,0.500,180.000,H_y48.0_x-40.0_-20.0_reverse_right,H_y48.0_x-40.0_-20.0,H_y48.0_x-40.0_-20.0,right,reverse,reverse_right,1
145,-30.500,49.500,0.500,180.000,H_y48.0_x-40.0_-20.0_reverse_right,H_y48.0_x-40.0_-20.0,H_y48.0_x-40.0_-20.0,right,reverse,reverse_right,1
146,-31.000,49.500,0.500,180.000,H_y48.0_x-40.0_-20.0_reverse_right,H_y48.0_x-40.0_-20.0,H_y48.0_x-40.0_-20.0,right,reverse,reverse_right,1
147,-31.500,49.500,0.500,180.000,H_y48.0_x-40.0_-20.0_reverse_right,H_y48.0_x-40.0_-20.0,H_y48.0_x-40.0_-20.0,right,reverse,reverse_right,1
148,-32.000,49.500,0.500,180.000,H_y48.0_x-40.0_-20.0_reverse_right,H_y48.0_x-40.0_-20.0,H_y48.0_x-40.0_-20.0,right,reverse,reverse_right,1
149,-32.500,49.500,0.500,180.000,H_y48.0_x-40.0_-20.0_reverse_right,H_y48.0_x-40.0_-20.0,H_y48.0_x-40.0_-20.0,right,reverse,reverse_right,1
150,-33.000,49.500,0.500,180.000,H_y48.0_x-40.0_-20.0_reverse_right,H_y48.0_x-40.0_-20.0,H_y48.0_x-40.0_-20.0,right,reverse,reverse_right,1
151,-33.500,49.500,0.500,180.000,H_y48.0_x-40.0_-20.0_reverse_right,H_y48.0_x-40.0_-20.0,H_y48.0_x-40.0_-20.0,right,reverse,reverse_right,1
152,-34.000,49.500,0.500,180.000,H_y48.0_x-40.0_-20.0_reverse_right,H_y48.0_x-40.0_-20.0,H_y48.0_x-40.0_-20.0,right,reverse,reverse_right,1
153,-34.500,49.500,0.500,180.000,H_y48.0_x-40.0_-20.0_reverse_right,H_y48.0_x-40.0_-20.0,H_y48.0_x-40.0_-20.0,right,reverse,reverse_right,1
154,-35.000,49.500,0.500,180.000,H_y48.0_x-40.0_-20.0_reverse_right,H_y48.0_x-40.0_-20.0,H_y48.0_x-40.0_-20.0,right,reverse,reverse_right,1
155,-35.500,49.500,0.500,180.000,H_y48.0_x-40.0_-20.0_reverse_right,H_y48.0_x-40.0_-20.0,H_y48.0_x-40.0_-20.0,right,reverse,reverse_right,1
156,-36.000,49.500,0.500,180.000,H_y48.0_x-40.0_-20.0_reverse_right,H_y48.0_x-40.0_-20.0,H_y48.0_x-40.0_-20.0,right,reverse,reverse_right,1
157,-36.500,49.500,0.500,180.000,H_y48.0_x-40.0_-20.0_reverse_right,H_y48.0_x-40.0_-20.0,H_y48.0_x-40.0_-20.0,right,reverse,reverse_right,1
158,-37.000,49.500,0.500,180.000,H_y48.0_x-40.0_-20.0_reverse_right,H_y48.0_x-40.0_-20.0,H_y48.0_x-40.0_-20.0,right,reverse,reverse_right,1
159,-37.500,49.500,0.500,180.000,H_y48.0_x-40.0_-20.0_reverse_right,H_y48.0_x-40.0_-20.0,H_y48.0_x-40.0_-20.0,right,reverse,reverse_right,1
160,-38.000,49.500,0.500,180.000,H_y48.0_x-40.0_-20.0_reverse_right,H_y48.0_x-40.0_-20.0,H_y48.0_x-40.0_-20.0,right,reverse,reverse_right,1
161,-38.500,49.500,0.500,180.000,H_y48.0_x-40.0_-20.0_reverse_right,H_y48.0_x-40.0_-20.0,H_y48.0_x-40.0_-20.0,right,reverse,reverse_right,1
162,-39.000,49.500,0.500,180.000,H_y48.0_x-40.0_-20.0_reverse_right,H_y48.0_x-40.0_-20.0,H_y48.0_x-40.0_-20.0,right,reverse,reverse_right,1
163,-39.500,49.500,0.500,180.000,H_y48.0_x-40.0_-20.0_reverse_right,H_y48.0_x-40.0_-20.0,H_y48.0_x-40.0_-20.0,right,reverse,reverse_right,1
164,-40.000,49.500,0.500,180.000,H_y48.0_x-40.0_-20.0_reverse_right,H_y48.0_x-40.0_-20.0,H_y48.0_x-40.0_-20.0,right,reverse,reverse_right,0
165,-38.500,48.000,0.500,-90.000,V_x-40.0_y26.0_48.0_forward_left,V_x-40.0_y26.0_48.0,V_x-40.0_y26.0_48.0,left,forward,forward_left,1
166,-38.500,47.500,0.500,-90.000,V_x-40.0_y26.0_48.0_forward_left,V_x-40.0_y26.0_48.0,V_x-40.0_y26.0_48.0,left,forward,forward_left,1
167,-38.500,47.000,0.500,-90.000,V_x-40.0_y26.0_48.0_forward_left,V_x-40.0_y26.0_48.0,V_x-40.0_y26.0_48.0,left,forward,forward_left,1
168,-38.500,46.500,0.500,-90.000,V_x-40.0_y26.0_48.0_forward_left,V_x-40.0_y26.0_48.0,V_x-40.0_y26.0_48.0,left,forward,forward_left,1
169,-38.500,46.000,0.500,-90.000,V_x-40.0_y26.0_48.0_forward_left,V_x-40.0_y26.0_48.0,V_x-40.0_y26.0_48.0,left,forward,forward_left,1
170,-38.500,45.500,0.500,-90.000,V_x-40.0_y26.0_48.0_forward_left,V_x-40.0_y26.0_48.0,V_x-40.0_y26.0_48.0,left,forward,forward_left,1
171,-38.500,45.000,0.500,-90.000,V_x-40.0_y26.0_48.0_forward_left,V_x-40.0_y26.0_48.0,V_x-40.0_y26.0_48.0,left,forward,forward_left,1
172,-38.500,44.500,0.500,-90.000,V_x-40.0_y26.0_48.0_forward_left,V_x-40.0_y26.0_48.0,V_x-40.0_y26.0_48.0,left,forward,forward_left,1
173,-38.500,44.000,0.500,-90.000,V_x-40.0_y26.0_48.0_forward_left,V_x-40.0_y26.0_48.0,V_x-40.0_y26.0_48.0,left,forward,forward_left,1
174,-38.500,43.500,0.500,-90.000,V_x-40.0_y26.0_48.0_forward_left,V_x-40.0_y26.0_48.0,V_x-40.0_y26.0_48.0,left,forward,forward_left,1
175,-38.500,43.000,0.500,-90.000,V_x-40.0_y26.0_48.0_forward_left,V_x-40.0_y26.0_48.0,V_x-40.0_y26.0_48.0,left,forward,forward_left,1
176,-38.500,42.500,0.500,-90.000,V_x-40.0_y26.0_48.0_forward_left,V_x-40.0_y26.0_48.0,V_x-40.0_y26.0_48.0,left,forward,forward_left,1
177,-38.500,42.000,0.500,-90.000,V_x-40.0_y26.0_48.0_forward_left,V_x-40.0_y26.0_48.0,V_x-40.0_y26.0_48.0,left,forward,forward_left,1
178,-38.500,41.500,0.500,-90.000,V_x-40.0_y26.0_48.0_forward_left,V_x-40.0_y26.0_48.0,V_x-40.0_y26.0_48.0,left,forward,forward_left,1
179,-38.500,41.000,0.500,-90.000,V_x-40.0_y26.0_48.0_forward_left,V_x-40.0_y26.0_48.0,V_x-40.0_y26.0_48.0,left,forward,forward_left,1
180,-38.500,40.500,0.500,-90.000,V_x-40.0_y26.0_48.0_forward_left,V_x-40.0_y26.0_48.0,V_x-40.0_y26.0_48.0,left,forward,forward_left,1
181,-38.500,40.000,0.500,-90.000,V_x-40.0_y26.0_48.0_forward_left,V_x-40.0_y26.0_48.0,V_x-40.0_y26.0_48.0,left,forward,forward_left,1
182,-38.500,39.500,0.500,-90.000,V_x-40.0_y26.0_48.0_forward_left,V_x-40.0_y26.0_48.0,V_x-40.0_y26.0_48.0,left,forward,forward_left,1
183,-38.500,39.000,0.500,-90.000,V_x-40.0_y26.0_48.0_forward_left,V_x-40.0_y26.0_48.0,V_x-40.0_y26.0_48.0,left,forward,forward_left,1
184,-38.500,38.500,0.500,-90.000,V_x-40.0_y26.0_48.0_forward_left,V_x-40.0_y26.0_48.0,V_x-40.0_y26.0_48.0,left,forward,forward_left,1
185,-38.500,38.000,0.500,-90.000,V_x-40.0_y26.0_48.0_forward_left,V_x-40.0_y26.0_48.0,V_x-40.0_y26.0_48.0,left,forward,forward_left,1
186,-38.500,37.500,0.500,-90.000,V_x-40.0_y26.0_48.0_forward_left,V_x-40.0_y26.0_48.0,V_x-40.0_y26.0_48.0,left,forward,forward_left,1
187,-38.500,37.000,0.500,-90.000,V_x-40.0_y26.0_48.0_forward_left,V_x-40.0_y26.0_48.0,V_x-40.0_y26.0_48.0,left,forward,forward_left,1
188,-38.500,36.500,0.500,-90.000,V_x-40.0_y26.0_48.0_forward_left,V_x-40.0_y26.0_48.0,V_x-40.0_y26.0_48.0,left,forward,forward_left,1
189,-38.500,36.000,0.500,-90.000,V_x-40.0_y26.0_48.0_forward_left,V_x-40.0_y26.0_48.0,V_x-40.0_y26.0_48.0,left,forward,forward_left,1
190,-38.500,35.500,0.500,-90.000,V_x-40.0_y26.0_48.0_forward_left,V_x-40.0_y26.0_48.0,V_x-40.0_y26.0_48.0,left,forward,forward_left,1
191,-38.500,35.000,0.500,-90.000,V_x-40.0_y26.0_48.0_forward_left,V_x-40.0_y26.0_48.0,V_x-40.0_y26.0_48.0,left,forward,forward_left,1
192,-38.500,34.500,0.500,-90.000,V_x-40.0_y26.0_48.0_forward_left,V_x-40.0_y26.0_48.0,V_x-40.0_y26.0_48.0,left,forward,forward_left,1
193,-38.500,34.000,0.500,-90.000,V_x-40.0_y26.0_48.0_forward_left,V_x-40.0_y26.0_48.0,V_x-40.0_y26.0_48.0,left,forward,forward_left,1
194,-38.500,33.500,0.500,-90.000,V_x-40.0_y26.0_48.0_forward_left,V_x-40.0_y26.0_48.0,V_x-40.0_y26.0_48.0,left,forward,forward_left,1
195,-38.500,33.000,0.500,-90.000,V_x-40.0_y26.0_48.0_forward_left,V_x-40.0_y26.0_48.0,V_x-40.0_y26.0_48.0,left,forward,forward_left,1
196,-38.500,32.500,0.500,-90.000,V_x-40.0_y26.0_48.0_forward_left,V_x-40.0_y26.0_48.0,V_x-40.0_y26.0_48.0,left,forward,forward_left,1
197,-38.500,32.000,0.500,-90.000,V_x-40.0_y26.0_48.0_forward_left,V_x-40.0_y26.0_48.0,V_x-40.0_y26.0_48.0,left,forward,forward_left,1
198,-38.500,31.500,0.500,-90.000,V_x-40.0_y26.0_48.0_forward_left,V_x-40.0_y26.0_48.0,V_x-40.0_y26.0_48.0,left,forward,forward_left,1
199,-38.500,31.000,0.500,-90.000,V_x-40.0_y26.0_48.0_forward_left,V_x-40.0_y26.0_48.0,V_x-40.0_y26.0_48.0,left,forward,forward_left,1
200,-38.500,30.500,0.500,-90.000,V_x-40.0_y26.0_48.0_forward_left,V_x-40.0_y26.0_48.0,V_x-40.0_y26.0_48.0,left,forward,forward_left,1
201,-38.500,30.000,0.500,-90.000,V_x-40.0_y26.0_48.0_forward_left,V_x-40.0_y26.0_48.0,V_x-40.0_y26.0_48.0,left,forward,forward_left,1
202,-38.500,29.500,0.500,-90.000,V_x-40.0_y26.0_48.0_forward_left,V_x-40.0_y26.0_48.0,V_x-40.0_y26.0_48.0,left,forward,forward_left,1
203,-38.500,29.000,0.500,-90.000,V_x-40.0_y26.0_48.0_forward_left,V_x-40.0_y26.0_48.0,V_x-40.0_y26.0_48.0,left,forward,forward_left,1
204,-38.500,28.500,0.500,-90.000,V_x-40.0_y26.0_48.0_forward_left,V_x-40.0_y26.0_48.0,V_x-40.0_y26.0_48.0,left,forward,forward_left,1
205,-38.500,28.000,0.500,-90.000,V_x-40.0_y26.0_48.0_forward_left,V_x-40.0_y26.0_48.0,V_x-40.0_y26.0_48.0,left,forward,forward_left,1
206,-38.500,27.500,0.500,-90.000,V_x-40.0_y26.0_48.0_forward_left,V_x-40.0_y26.0_48.0,V_x-40.0_y26.0_48.0,left,forward,forward_left,1
207,-38.500,27.000,0.500,-90.000,V_x-40.0_y26.0_48.0_forward_left,V_x-40.0_y26.0_48.0,V_x-40.0_y26.0_48.0,left,forward,forward_left,1
208,-38.500,26.500,0.500,-90.000,V_x-40.0_y26.0_48.0_forward_left,V_x-40.0_y26.0_48.0,V_x-40.0_y26.0_48.0,left,forward,forward_left,1
209,-38.500,26.000,0.500,-90.000,V_x-40.0_y26.0_48.0_forward_left,V_x-40.0_y26.0_48.0,V_x-40.0_y26.0_48.0,left,forward,forward_left,0
210,-41.500,48.000,0.500,-90.000,V_x-40.0_y26.0_48.0_forward_right,V_x-40.0_y26.0_48.0,V_x-40.0_y26.0_48.0,right,forward,forward_right,1
211,-41.500,47.500,0.500,-90.000,V_x-40.0_y26.0_48.0_forward_right,V_x-40.0_y26.0_48.0,V_x-40.0_y26.0_48.0,right,forward,forward_right,1
212,-41.500,47.000,0.500,-90.000,V_x-40.0_y26.0_48.0_forward_right,V_x-40.0_y26.0_48.0,V_x-40.0_y26.0_48.0,right,forward,forward_right,1
213,-41.500,46.500,0.500,-90.000,V_x-40.0_y26.0_48.0_forward_right,V_x-40.0_y26.0_48.0,V_x-40.0_y26.0_48.0,right,forward,forward_right,1
214,-41.500,46.000,0.500,-90.000,V_x-40.0_y26.0_48.0_forward_right,V_x-40.0_y26.0_48.0,V_x-40.0_y26.0_48.0,right,forward,forward_right,1
215,-41.500,45.500,0.500,-90.000,V_x-40.0_y26.0_48.0_forward_right,V_x-40.0_y26.0_48.0,V_x-40.0_y26.0_48.0,right,forward,forward_right,1
216,-41.500,45.000,0.500,-90.000,V_x-40.0_y26.0_48.0_forward_right,V_x-40.0_y26.0_48.0,V_x-40.0_y26.0_48.0,right,forward,forward_right,1
217,-41.500,44.500,0.500,-90.000,V_x-40.0_y26.0_48.0_forward_right,V_x-40.0_y26.0_48.0,V_x-40.0_y26.0_48.0,right,forward,forward_right,1
218,-41.500,44.000,0.500,-90.000,V_x-40.0_y26.0_48.0_forward_right,V_x-40.0_y26.0_48.0,V_x-40.0_y26.0_48.0,right,forward,forward_right,1
219,-41.500,43.500,0.500,-90.000,V_x-40.0_y26.0_48.0_forward_right,V_x-40.0_y26.0_48.0,V_x-40.0_y26.0_48.0,right,forward,forward_right,1
220,-41.500,43.000,0.500,-90.000,V_x-40.0_y26.0_48.0_forward_right,V_x-40.0_y26.0_48.0,V_x-40.0_y26.0_48.0,right,forward,forward_right,1
221,-41.500,42.500,0.500,-90.000,V_x-40.0_y26.0_48.0_forward_right,V_x-40.0_y26.0_48.0,V_x-40.0_y26.0_48.0,right,forward,forward_right,1
222,-41.500,42.000,0.500,-90.000,V_x-40.0_y26.0_48.0_forward_right,V_x-40.0_y26.0_48.0,V_x-40.0_y26.0_48.0,right,forward,forward_right,1
223,-41.500,41.500,0.500,-90.000,V_x-40.0_y26.0_48.0_forward_right,V_x-40.0_y26.0_48.0,V_x-40.0_y26.0_48.0,right,forward,forward_right,1
224,-41.500,41.000,0.500,-90.000,V_x-40.0_y26.0_48.0_forward_right,V_x-40.0_y26.0_48.0,V_x-40.0_y26.0_48.0,right,forward,forward_right,1
225,-41.500,40.500,0.500,-90.000,V_x-40.0_y26.0_48.0_forward_right,V_x-40.0_y26.0_48.0,V_x-40.0_y26.0_48.0,right,forward,forward_right,1
226,-41.500,40.000,0.500,-90.000,V_x-40.0_y26.0_48.0_forward_right,V_x-40.0_y26.0_48.0,V_x-40.0_y26.0_48.0,right,forward,forward_right,1
227,-41.500,39.500,0.500,-90.000,V_x-40.0_y26.0_48.0_forward_right,V_x-40.0_y26.0_48.0,V_x-40.0_y26.0_48.0,right,forward,forward_right,1
228,-41.500,39.000,0.500,-90.000,V_x-40.0_y26.0_48.0_forward_right,V_x-40.0_y26.0_48.0,V_x-40.0_y26.0_48.0,right,forward,forward_right,1
229,-41.500,38.500,0.500,-90.000,V_x-40.0_y26.0_48.0_forward_right,V_x-40.0_y26.0_48.0,V_x-40.0_y26.0_48.0,right,forward,forward_right,1
230,-41.500,38.000,0.500,-90.000,V_x-40.0_y26.0_48.0_forward_right,V_x-40.0_y26.0_48.0,V_x-40.0_y26.0_48.0,right,forward,forward_right,1
231,-41.500,37.500,0.500,-90.000,V_x-40.0_y26.0_48.0_forward_right,V_x-40.0_y26.0_48.0,V_x-40.0_y26.0_48.0,right,forward,forward_right,1
232,-41.500,37.000,0.500,-90.000,V_x-40.0_y26.0_48.0_forward_right,V_x-40.0_y26.0_48.0,V_x-40.0_y26.0_48.0,right,forward,forward_right,1
233,-41.500,36.500,0.500,-90.000,V_x-40.0_y26.0_48.0_forward_right,V_x-40.0_y26.0_48.0,V_x-40.0_y26.0_48.0,right,forward,forward_right,1
234,-41.500,36.000,0.500,-90.000,V_x-40.0_y26.0_48.0_forward_right,V_x-40.0_y26.0_48.0,V_x-40.0_y26.0_48.0,right,forward,forward_right,1
235,-41.500,35.500,0.500,-90.000,V_x-40.0_y26.0_48.0_forward_right,V_x-40.0_y26.0_48.0,V_x-40.0_y26.0_48.0,right,forward,forward_right,1
236,-41.500,35.000,0.500,-90.000,V_x-40.0_y26.0_48.0_forward_right,V_x-40.0_y26.0_48.0,V_x-40.0_y26.0_48.0,right,forward,forward_right,1
237,-41.500,34.500,0.500,-90.000,V_x-40.0_y26.0_48.0_forward_right,V_x-40.0_y26.0_48.0,V_x-40.0_y26.0_48.0,right,forward,forward_right,1
238,-41.500,34.000,0.500,-90.000,V_x-40.0_y26.0_48.0_forward_right,V_x-40.0_y26.0_48.0,V_x-40.0_y26.0_48.0,right,forward,forward_right,1
239,-41.500,33.500,0.500,-90.000,V_x-40.0_y26.0_48.0_forward_right,V_x-40.0_y26.0_48.0,V_x-40.0_y26.0_48.0,right,forward,forward_right,1
240,-41.500,33.000,0.500,-90.000,V_x-40.0_y26.0_48.0_forward_right,V_x-40.0_y26.0_48.0,V_x-40.0_y26.0_48.0,right,forward,forward_right,1
241,-41.500,32.500,0.500,-90.000,V_x-40.0_y26.0_48.0_forward_right,V_x-40.0_y26.0_48.0,V_x-40.0_y26.0_48.0,right,forward,forward_right,1
242,-41.500,32.000,0.500,-90.000,V_x-40.0_y26.0_48.0_forward_right,V_x-40.0_y26.0_48.0,V_x-40.0_y26.0_48.0,right,forward,forward_right,1
243,-41.500,31.500,0.500,-90.000,V_x-40.0_y26.0_48.0_forward_right,V_x-40.0_y26.0_48.0,V_x-40.0_y26.0_48.0,right,forward,forward_right,1
244,-41.500,31.000,0.500,-90.000,V_x-40.0_y26.0_48.0_forward_right,V_x-40.0_y26.0_48.0,V_x-40.0_y26.0_48.0,right,forward,forward_right,1
245,-41.500,30.500,0.500,-90.000,V_x-40.0_y26.0_48.0_forward_right,V_x-40.0_y26.0_48.0,V_x-40.0_y26.0_48.0,right,forward,forward_right,1
246,-41.500,30.000,0.500,-90.000,V_x-40.0_y26.0_48.0_forward_right,V_x-40.0_y26.0_48.0,V_x-40.0_y26.0_48.0,right,forward,forward_right,1
247,-41.500,29.500,0.500,-90.000,V_x-40.0_y26.0_48.0_forward_right,V_x-40.0_y26.0_48.0,V_x-40.0_y26.0_48.0,right,forward,forward_right,1
248,-41.500,29.000,0.500,-90.000,V_x-40.0_y26.0_48.0_forward_right,V_x-40.0_y26.0_48.0,V_x-40.0_y26.0_48.0,right,forward,forward_right,1
249,-41.500,28.500,0.500,-90.000,V_x-40.0_y26.0_48.0_forward_right,V_x-40.0_y26.0_48.0,V_x-40.0_y26.0_48.0,right,forward,forward_right,1
250,-41.500,28.000,0.500,-90.000,V_x-40.0_y26.0_48.0_forward_right,V_x-40.0_y26.0_48.0,V_x-40.0_y26.0_48.0,right,forward,forward_right,1
251,-41.500,27.500,0.500,-90.000,V_x-40.0_y26.0_48.0_forward_right,V_x-40.0_y26.0_48.0,V_x-40.0_y26.0_48.0,right,forward,forward_right,1
252,-41.500,27.000,0.500,-90.000,V_x-40.0_y26.0_48.0_forward_right,V_x-40.0_y26.0_48.0,V_x-40.0_y26.0_48.0,right,forward,forward_right,1
253,-41.500,26.500,0.500,-90.000,V_x-40.0_y26.0_48.0_forward_right,V_x-40.0_y26.0_48.0,V_x-40.0_y26.0_48.0,right,forward,forward_right,1
254,-41.500,26.000,0.500,-90.000,V_x-40.0_y26.0_48.0_forward_right,V_x-40.0_y26.0_48.0,V_x-40.0_y26.0_48.0,right,forward,forward_right,0
255,-41.500,26.000,0.500,90.000,V_x-40.0_y26.0_48.0_reverse_left,V_x-40.0_y26.0_48.0,V_x-40.0_y26.0_48.0,left,reverse,reverse_left,1
256,-41.500,26.500,0.500,90.000,V_x-40.0_y26.0_48.0_reverse_left,V_x-40.0_y26.0_48.0,V_x-40.0_y26.0_48.0,left,reverse,reverse_left,1
257,-41.500,27.000,0.500,90.000,V_x-40.0_y26.0_48.0_reverse_left,V_x-40.0_y26.0_48.0,V_x-40.0_y26.0_48.0,left,reverse,reverse_left,1
258,-41.500,27.500,0.500,90.000,V_x-40.0_y26.0_48.0_reverse_left,V_x-40.0_y26.0_48.0,V_x-40.0_y26.0_48.0,left,reverse,reverse_left,1
259,-41.500,28.000,0.500,90.000,V_x-40.0_y26.0_48.0_reverse_left,V_x-40.0_y26.0_48.0,V_x-40.0_y26.0_48.0,left,reverse,reverse_left,1
260,-41.500,28.500,0.500,90.000,V_x-40.0_y26.0_48.0_reverse_left,V_x-40.0_y26.0_48.0,V_x-40.0_y26.0_48.0,left,reverse,reverse_left,1
261,-41.500,29.000,0.500,90.000,V_x-40.0_y26.0_48.0_reverse_left,V_x-40.0_y26.0_48.0,V_x-40.0_y26.0_48.0,left,reverse,reverse_left,1
262,-41.500,29.500,0.500,90.000,V_x-40.0_y26.0_48.0_reverse_left,V_x-40.0_y26.0_48.0,V_x-40.0_y26.0_48.0,left,reverse,reverse_left,1
263,-41.500,30.000,0.500,90.000,V_x-40.0_y26.0_48.0_reverse_left,V_x-40.0_y26.0_48.0,V_x-40.0_y26.0_48.0,left,reverse,reverse_left,1
264,-41.500,30.500,0.500,90.000,V_x-40.0_y26.0_48.0_reverse_left,V_x-40.0_y26.0_48.0,V_x-40.0_y26.0_48.0,left,reverse,reverse_left,1
265,-41.500,31.000,0.500,90.000,V_x-40.0_y26.0_48.0_reverse_left,V_x-40.0_y26.0_48.0,V_x-40.0_y26.0_48.0,left,reverse,reverse_left,1
266,-41.500,31.500,0.500,90.000,V_x-40.0_y26.0_48.0_reverse_left,V_x-40.0_y26.0_48.0,V_x-40.0_y26.0_48.0,left,reverse,reverse_left,1
267,-41.500,32.000,0.500,90.000,V_x-40.0_y26.0_48.0_reverse_left,V_x-40.0_y26.0_48.0,V_x-40.0_y26.0_48.0,left,reverse,reverse_left,1
268,-41.500,32.500,0.500,90.000,V_x-40.0_y26.0_48.0_reverse_left,V_x-40.0_y26.0_48.0,V_x-40.0_y26.0_48.0,left,reverse,reverse_left,1
269,-41.500,33.000,0.500,90.000,V_x-40.0_y26.0_48.0_reverse_left,V_x-40.0_y26.0_48.0,V_x-40.0_y26.0_48.0,left,reverse,reverse_left,1
270,-41.500,33.500,0.500,90.000,V_x-40.0_y26.0_48.0_reverse_left,V_x-40.0_y26.0_48.0,V_x-40.0_y26.0_48.0,left,reverse,reverse_left,1
271,-41.500,34.000,0.500,90.000,V_x-40.0_y26.0_48.0_reverse_left,V_x-40.0_y26.0_48.0,V_x-40.0_y26.0_48.0,left,reverse,reverse_left,1
272,-41.500,34.500,0.500,90.000,V_x-40.0_y26.0_48.0_reverse_left,V_x-40.0_y26.0_48.0,V_x-40.0_y26.0_48.0,left,reverse,reverse_left,1
273,-41.500,35.000,0.500,90.000,V_x-40.0_y26.0_48.0_reverse_left,V_x-40.0_y26.0_48.0,V_x-40.0_y26.0_48.0,left,reverse,reverse_left,1
274,-41.500,35.500,0.500,90.000,V_x-40.0_y26.0_48.0_reverse_left,V_x-40.0_y26.0_48.0,V_x-40.0_y26.0_48.0,left,reverse,reverse_left,1
275,-41.500,36.000,0.500,90.000,V_x-40.0_y26.0_48.0_reverse_left,V_x-40.0_y26.0_48.0,V_x-40.0_y26.0_48.0,left,reverse,reverse_left,1
276,-41.500,36.500,0.500,90.000,V_x-40.0_y26.0_48.0_reverse_left,V_x-40.0_y26.0_48.0,V_x-40.0_y26.0_48.0,left,reverse,reverse_left,1
277,-41.500,37.000,0.500,90.000,V_x-40.0_y26.0_48.0_reverse_left,V_x-40.0_y26.0_48.0,V_x-40.0_y26.0_48.0,left,reverse,reverse_left,1
278,-41.500,37.500,0.500,90.000,V_x-40.0_y26.0_48.0_reverse_left,V_x-40.0_y26.0_48.0,V_x-40.0_y26.0_48.0,left,reverse,reverse_left,1
279,-41.500,38.000,0.500,90.000,V_x-40.0_y26.0_48.0_reverse_left,V_x-40.0_y26.0_48.0,V_x-40.0_y26.0_48.0,left,reverse,reverse_left,1
280,-41.500,38.500,0.500,90.000,V_x-40.0_y26.0_48.0_reverse_left,V_x-40.0_y26.0_48.0,V_x-40.0_y26.0_48.0,left,reverse,reverse_left,1
281,-41.500,39.000,0.500,90.000,V_x-40.0_y26.0_48.0_reverse_left,V_x-40.0_y26.0_48.0,V_x-40.0_y26.0_48.0,left,reverse,reverse_left,1
282,-41.500,39.500,0.500,90.000,V_x-40.0_y26.0_48.0_reverse_left,V_x-40.0_y26.0_48.0,V_x-40.0_y26.0_48.0,left,reverse,reverse_left,1
283,-41.500,40.000,0.500,90.000,V_x-40.0_y26.0_48.0_reverse_left,V_x-40.0_y26.0_48.0,V_x-40.0_y26.0_48.0,left,reverse,reverse_left,1
284,-41.500,40.500,0.500,90.000,V_x-40.0_y26.0_48.0_reverse_left,V_x-40.0_y26.0_48.0,V_x-40.0_y26.0_48.0,left,reverse,reverse_left,1
285,-41.500,41.000,0.500,90.000,V_x-40.0_y26.0_48.0_reverse_left,V_x-40.0_y26.0_48.0,V_x-40.0_y26.0_48.0,left,reverse,reverse_left,1
286,-41.500,41.500,0.500,90.000,V_x-40.0_y26.0_48.0_reverse_left,V_x-40.0_y26.0_48.0,V_x-40.0_y26.0_48.0,left,reverse,reverse_left,1
287,-41.500,42.000,0.500,90.000,V_x-40.0_y26.0_48.0_reverse_left,V_x-40.0_y26.0_48.0,V_x-40.0_y26.0_48.0,left,reverse,reverse_left,1
288,-41.500,42.500,0.500,90.000,V_x-40.0_y26.0_48.0_reverse_left,V_x-40.0_y26.0_48.0,V_x-40.0_y26.0_48.0,left,reverse,reverse_left,1
289,-41.500,43.000,0.500,90.000,V_x-40.0_y26.0_48.0_reverse_left,V_x-40.0_y26.0_48.0,V_x-40.0_y26.0_48.0,left,reverse,reverse_left,1
290,-41.500,43.500,0.500,90.000,V_x-40.0_y26.0_48.0_reverse_left,V_x-40.0_y26.0_48.0,V_x-40.0_y26.0_48.0,left,reverse,reverse_left,1
291,-41.500,44.000,0.500,90.000,V_x-40.0_y26.0_48.0_reverse_left,V_x-40.0_y26.0_48.0,V_x-40.0_y26.0_48.0,left,reverse,reverse_left,1
292,-41.500,44.500,0.500,90.000,V_x-40.0_y26.0_48.0_reverse_left,V_x-40.0_y26.0_48.0,V_x-40.0_y26.0_48.0,left,reverse,reverse_left,1
293,-41.500,45.000,0.500,90.000,V_x-40.0_y26.0_48.0_reverse_left,V_x-40.0_y26.0_48.0,V_x-40.0_y26.0_48.0,left,reverse,reverse_left,1
294,-41.500,45.500,0.500,90.000,V_x-40.0_y26.0_48.0_reverse_left,V_x-40.0_y26.0_48.0,V_x-40.0_y26.0_48.0,left,reverse,reverse_left,1
295,-41.500,46.000,0.500,90.000,V_x-40.0_y26.0_48.0_reverse_left,V_x-40.0_y26.0_48.0,V_x-40.0_y26.0_48.0,left,reverse,reverse_left,1
296,-41.500,46.500,0.500,90.000,V_x-40.0_y26.0_48.0_reverse_left,V_x-40.0_y26.0_48.0,V_x-40.0_y26.0_48.0,left,reverse,reverse_left,1
297,-41.500,47.000,0.500,90.000,V_x-40.0_y26.0_48.0_reverse_left,V_x-40.0_y26.0_48.0,V_x-40.0_y26.0_48.0,left,reverse,reverse_left,1
298,-41.500,47.500,0.500,90.000,V_x-40.0_y26.0_48.0_reverse_left,V_x-40.0_y26.0_48.0,V_x-40.0_y26.0_48.0,left,reverse,reverse_left,1
299,-41.500,48.000,0.500,90.000,V_x-40.0_y26.0_48.0_reverse_left,V_x-40.0_y26.0_48.0,V_x-40.0_y26.0_48.0,left,reverse,reverse_left,0
300,-38.500,26.000,0.500,90.000,V_x-40.0_y26.0_48.0_reverse_right,V_x-40.0_y26.0_48.0,V_x-40.0_y26.0_48.0,right,reverse,reverse_right,1
301,-38.500,26.500,0.500,90.000,V_x-40.0_y26.0_48.0_reverse_right,V_x-40.0_y26.0_48.0,V_x-40.0_y26.0_48.0,right,reverse,reverse_right,1
302,-38.500,27.000,0.500,90.000,V_x-40.0_y26.0_48.0_reverse_right,V_x-40.0_y26.0_48.0,V_x-40.0_y26.0_48.0,right,reverse,reverse_right,1
303,-38.500,27.500,0.500,90.000,V_x-40.0_y26.0_48.0_reverse_right,V_x-40.0_y26.0_48.0,V_x-40.0_y26.0_48.0,right,reverse,reverse_right,1
304,-38.500,28.000,0.500,90.000,V_x-40.0_y26.0_48.0_reverse_right,V_x-40.0_y26.0_48.0,V_x-40.0_y26.0_48.0,right,reverse,reverse_right,1
305,-38.500,28.500,0.500,90.000,V_x-40.0_y26.0_48.0_reverse_right,V_x-40.0_y26.0_48.0,V_x-40.0_y26.0_48.0,right,reverse,reverse_right,1
306,-38.500,29.000,0.500,90.000,V_x-40.0_y26.0_48.0_reverse_right,V_x-40.0_y26.0_48.0,V_x-40.0_y26.0_48.0,right,reverse,reverse_right,1
307,-38.500,29.500,0.500,90.000,V_x-40.0_y26.0_48.0_reverse_right,V_x-40.0_y26.0_48.0,V_x-40.0_y26.0_48.0,right,reverse,reverse_right,1
308,-38.500,30.000,0.500,90.000,V_x-40.0_y26.0_48.0_reverse_right,V_x-40.0_y26.0_48.0,V_x-40.0_y26.0_48.0,right,reverse,reverse_right,1
309,-38.500,30.500,0.500,90.000,V_x-40.0_y26.0_48.0_reverse_right,V_x-40.0_y26.0_48.0,V_x-40.0_y26.0_48.0,right,reverse,reverse_right,1
310,-38.500,31.000,0.500,90.000,V_x-40.0_y26.0_48.0_reverse_right,V_x-40.0_y26.0_48.0,V_x-40.0_y26.0_48.0,right,reverse,reverse_right,1
311,-38.500,31.500,0.500,90.000,V_x-40.0_y26.0_48.0_reverse_right,V_x-40.0_y26.0_48.0,V_x-40.0_y26.0_48.0,right,reverse,reverse_right,1
312,-38.500,32.000,0.500,90.000,V_x-40.0_y26.0_48.0_reverse_right,V_x-40.0_y26.0_48.0,V_x-40.0_y26.0_48.0,right,reverse,reverse_right,1
313,-38.500,32.500,0.500,90.000,V_x-40.0_y26.0_48.0_reverse_right,V_x-40.0_y26.0_48.0,V_x-40.0_y26.0_48.0,right,reverse,reverse_right,1
314,-38.500,33.000,0.500,90.000,V_x-40.0_y26.0_48.0_reverse_right,V_x-40.0_y26.0_48.0,V_x-40.0_y26.0_48.0,right,reverse,reverse_right,1
315,-38.500,33.500,0.500,90.000,V_x-40.0_y26.0_48.0_reverse_right,V_x-40.0_y26.0_48.0,V_x-40.0_y26.0_48.0,right,reverse,reverse_right,1
316,-38.500,34.000,0.500,90.000,V_x-40.0_y26.0_48.0_reverse_right,V_x-40.0_y26.0_48.0,V_x-40.0_y26.0_48.0,right,reverse,reverse_right,1
317,-38.500,34.500,0.500,90.000,V_x-40.0_y26.0_48.0_reverse_right,V_x-40.0_y26.0_48.0,V_x-40.0_y26.0_48.0,right,reverse,reverse_right,1
318,-38.500,35.000,0.500,90.000,V_x-40.0_y26.0_48.0_reverse_right,V_x-40.0_y26.0_48.0,V_x-40.0_y26.0_48.0,right,reverse,reverse_right,1
319,-38.500,35.500,0.500,90.000,V_x-40.0_y26.0_48.0_reverse_right,V_x-40.0_y26.0_48.0,V_x-40.0_y26.0_48.0,right,reverse,reverse_right,1
320,-38.500,36.000,0.500,90.000,V_x-40.0_y26.0_48.0_reverse_right,V_x-40.0_y26.0_48.0,V_x-40.0_y26.0_48.0,right,reverse,reverse_right,1
321,-38.500,36.500,0.500,90.000,V_x-40.0_y26.0_48.0_reverse_right,V_x-40.0_y26.0_48.0,V_x-40.0_y26.0_48.0,right,reverse,reverse_right,1
322,-38.500,37.000,0.500,90.000,V_x-40.0_y26.0_48.0_reverse_right,V_x-40.0_y26.0_48.0,V_x-40.0_y26.0_48.0,right,reverse,reverse_right,1
323,-38.500,37.500,0.500,90.000,V_x-40.0_y26.0_48.0_reverse_right,V_x-40.0_y26.0_48.0,V_x-40.0_y26.0_48.0,right,reverse,reverse_right,1
324,-38.500,38.000,0.500,90.000,V_x-40.0_y26.0_48.0_reverse_right,V_x-40.0_y26.0_48.0,V_x-40.0_y26.0_48.0,right,reverse,reverse_right,1
325,-38.500,38.500,0.500,90.000,V_x-40.0_y26.0_48.0_reverse_right,V_x-40.0_y26.0_48.0,V_x-40.0_y26.0_48.0,right,reverse,reverse_right,1
326,-38.500,39.000,0.500,90.000,V_x-40.0_y26.0_48.0_reverse_right,V_x-40.0_y26.0_48.0,V_x-40.0_y26.0_48.0,right,reverse,reverse_right,1
327,-38.500,39.500,0.500,90.000,V_x-40.0_y26.0_48.0_reverse_right,V_x-40.0_y26.0_48.0,V_x-40.0_y26.0_48.0,right,reverse,reverse_right,1
328,-38.500,40.000,0.500,90.000,V_x-40.0_y26.0_48.0_reverse_right,V_x-40.0_y26.0_48.0,V_x-40.0_y26.0_48.0,right,reverse,reverse_right,1
329,-38.500,40.500,0.500,90.000,V_x-40.0_y26.0_48.0_reverse_right,V_x-40.0_y26.0_48.0,V_x-40.0_y26.0_48.0,right,reverse,reverse_right,1
330,-38.500,41.000,0.500,90.000,V_x-40.0_y26.0_48.0_reverse_right,V_x-40.0_y26.0_48.0,V_x-40.0_y26.0_48.0,right,reverse,reverse_right,1
331,-38.500,41.500,0.500,90.000,V_x-40.0_y26.0_48.0_reverse_right,V_x-40.0_y26.0_48.0,V_x-40.0_y26.0_48.0,right,reverse,reverse_right,1
332,-38.500,42.000,0.500,90.000,V_x-40.0_y26.0_48.0_reverse_right,V_x-40.0_y26.0_48.0,V_x-40.0_y26.0_48.0,right,reverse,reverse_right,1
333,-38.500,42.500,0.500,90.000,V_x-40.0_y26.0_48.0_reverse_right,V_x-40.0_y26.0_48.0,V_x-40.0_y26.0_48.0,right,reverse,reverse_right,1
334,-38.500,43.000,0.500,90.000,V_x-40.0_y26.0_48.0_reverse_right,V_x-40.0_y26.0_48.0,V_x-40.0_y26.0_48.0,right,reverse,reverse_right,1
335,-38.500,43.500,0.500,90.000,V_x-40.0_y26.0_48.0_reverse_right,V_x-40.0_y26.0_48.0,V_x-40.0_y26.0_48.0,right,reverse,reverse_right,1
336,-38.500,44.000,0.500,90.000,V_x-40.0_y26.0_48.0_reverse_right,V_x-40.0_y26.0_48.0,V_x-40.0_y26.0_48.0,right,reverse,reverse_right,1
337,-38.500,44.500,0.500,90.000,V_x-40.0_y26.0_48.0_reverse_right,V_x-40.0_y26.0_48.0,V_x-40.0_y26.0_48.0,right,reverse,reverse_right,1
338,-38.500,45.000,0.500,90.000,V_x-40.0_y26.0_48.0_reverse_right,V_x-40.0_y26.0_48.0,V_x-40.0_y26.0_48.0,right,reverse,reverse_right,1
339,-38.500,45.500,0.500,90.000,V_x-40.0_y26.0_48.0_reverse_right,V_x-40.0_y26.0_48.0,V_x-40.0_y26.0_48.0,right,reverse,reverse_right,1
340,-38.500,46.000,0.500,90.000,V_x-40.0_y26.0_48.0_reverse_right,V_x-40.0_y26.0_48.0,V_x-40.0_y26.0_48.0,right,reverse,reverse_right,1
341,-38.500,46.500,0.500,90.000,V_x-40.0_y26.0_48.0_reverse_right,V_x-40.0_y26.0_48.0,V_x-40.0_y26.0_48.0,right,reverse,reverse_right,1
342,-38.500,47.000,0.500,90.000,V_x-40.0_y26.0_48.0_reverse_right,V_x-40.0_y26.0_48.0,V_x-40.0_y26.0_48.0,right,reverse,reverse_right,1
343,-38.500,47.500,0.500,90.000,V_x-40.0_y26.0_48.0_reverse_right,V_x-40.0_y26.0_48.0,V_x-40.0_y26.0_48.0,right,reverse,reverse_right,1
344,-38.500,48.000,0.500,90.000,V_x-40.0_y26.0_48.0_reverse_right,V_x-40.0_y26.0_48.0,V_x-40.0_y26.0_48.0,right,reverse,reverse_right,0
345,-38.500,48.000,0.500,-90.000,outer_top_left_conn0_forward_left,outer_top_left_conn0,outer_top_left_conn0,left,forward,forward_left,1
346,-38.500,47.500,0.500,-90.000,outer_top_left_conn0_forward_left,outer_top_left_conn0,outer_top_left_conn0,left,forward,forward_left,1
347,-38.500,47.000,0.500,-90.000,outer_top_left_conn0_forward_left,outer_top_left_conn0,outer_top_left_conn0,left,forward,forward_left,1
348,-38.500,46.500,0.500,-90.000,outer_top_left_conn0_forward_left,outer_top_left_conn0,outer_top_left_conn0,left,forward,forward_left,1
349,-38.500,46.000,0.500,-90.000,outer_top_left_conn0_forward_left,outer_top_left_conn0,outer_top_left_conn0,left,forward,forward_left,1
350,-38.500,45.500,0.500,-90.000,outer_top_left_conn0_forward_left,outer_top_left_conn0,outer_top_left_conn0,left,forward,forward_left,1
351,-38.500,45.000,0.500,-90.000,outer_top_left_conn0_forward_left,outer_top_left_conn0,outer_top_left_conn0,left,forward,forward_left,1
352,-38.500,44.500,0.500,-90.000,outer_top_left_conn0_forward_left,outer_top_left_conn0,outer_top_left_conn0,left,forward,forward_left,1
353,-38.500,44.000,0.500,-90.000,outer_top_left_conn0_forward_left,outer_top_left_conn0,outer_top_left_conn0,left,forward,forward_left,0
354,-41.500,48.000,0.500,-90.000,outer_top_left_conn0_forward_right,outer_top_left_conn0,outer_top_left_conn0,right,forward,forward_right,1
355,-41.500,47.500,0.500,-90.000,outer_top_left_conn0_forward_right,outer_top_left_conn0,outer_top_left_conn0,right,forward,forward_right,1
356,-41.500,47.000,0.500,-90.000,outer_top_left_conn0_forward_right,outer_top_left_conn0,outer_top_left_conn0,right,forward,forward_right,1
357,-41.500,46.500,0.500,-90.000,outer_top_left_conn0_forward_right,outer_top_left_conn0,outer_top_left_conn0,right,forward,forward_right,1
358,-41.500,46.000,0.500,-90.000,outer_top_left_conn0_forward_right,outer_top_left_conn0,outer_top_left_conn0,right,forward,forward_right,1
359,-41.500,45.500,0.500,-90.000,outer_top_left_conn0_forward_right,outer_top_left_conn0,outer_top_left_conn0,right,forward,forward_right,1
360,-41.500,45.000,0.500,-90.000,outer_top_left_conn0_forward_right,outer_top_left_conn0,outer_top_left_conn0,right,forward,forward_right,1
361,-41.500,44.500,0.500,-90.000,outer_top_left_conn0_forward_right,outer_top_left_conn0,outer_top_left_conn0,right,forward,forward_right,1
362,-41.500,44.000,0.500,-90.000,outer_top_left_conn0_forward_right,outer_top_left_conn0,outer_top_left_conn0,right,forward,forward_right,0
363,-41.500,44.000,0.500,90.000,outer_top_left_conn0_reverse_left,outer_top_left_conn0,outer_top_left_conn0,left,reverse,reverse_left,1
364,-41.500,44.500,0.500,90.000,outer_top_left_conn0_reverse_left,outer_top_left_conn0,outer_top_left_conn0,left,reverse,reverse_left,1
365,-41.500,45.000,0.500,90.000,outer_top_left_conn0_reverse_left,outer_top_left_conn0,outer_top_left_conn0,left,reverse,reverse_left,1
366,-41.500,45.500,0.500,90.000,outer_top_left_conn0_reverse_left,outer_top_left_conn0,outer_top_left_conn0,left,reverse,reverse_left,1
367,-41.500,46.000,0.500,90.000,outer_top_left_conn0_reverse_left,outer_top_left_conn0,outer_top_left_conn0,left,reverse,reverse_left,1
368,-41.500,46.500,0.500,90.000,outer_top_left_conn0_reverse_left,outer_top_left_conn0,outer_top_left_conn0,left,reverse,reverse_left,1
369,-41.500,47.000,0.500,90.000,outer_top_left_conn0_reverse_left,outer_top_left_conn0,outer_top_left_conn0,left,reverse,reverse_left,1
370,-41.500,47.500,0.500,90.000,outer_top_left_conn0_reverse_left,outer_top_left_conn0,outer_top_left_conn0,left,reverse,reverse_left,1
371,-41.500,48.000,0.500,90.000,outer_top_left_conn0_reverse_left,outer_top_left_conn0,outer_top_left_conn0,left,reverse,reverse_left,0
372,-38.500,44.000,0.500,90.000,outer_top_left_conn0_reverse_right,outer_top_left_conn0,outer_top_left_conn0,right,reverse,reverse_right,1
373,-38.500,44.500,0.500,90.000,outer_top_left_conn0_reverse_right,outer_top_left_conn0,outer_top_left_conn0,right,reverse,reverse_right,1
374,-38.500,45.000,0.500,90.000,outer_top_left_conn0_reverse_right,outer_top_left_conn0,outer_top_left_conn0,right,reverse,reverse_right,1
375,-38.500,45.500,0.500,90.000,outer_top_left_conn0_reverse_right,outer_top_left_conn0,outer_top_left_conn0,right,reverse,reverse_right,1
376,-38.500,46.000,0.500,90.000,outer_top_left_conn0_reverse_right,outer_top_left_conn0,outer_top_left_conn0,right,reverse,reverse_right,1
377,-38.500,46.500,0.500,90.000,outer_top_left_conn0_reverse_right,outer_top_left_conn0,outer_top_left_conn0,right,reverse,reverse_right,1
378,-38.500,47.000,0.500,90.000,outer_top_left_conn0_reverse_right,outer_top_left_conn0,outer_top_left_conn0,right,reverse,reverse_right,1
379,-38.500,47.500,0.500,90.000,outer_top_left_conn0_reverse_right,outer_top_left_conn0,outer_top_left_conn0,right,reverse,reverse_right,1
380,-38.500,48.000,0.500,90.000,outer_top_left_conn0_reverse_right,outer_top_left_conn0,outer_top_left_conn0,right,reverse,reverse_right,0
381,-40.000,49.500,0.500,0.000,outer_top_left_conn1_forward_left,outer_top_left_conn1,outer_top_left_conn1,left,forward,forward_left,1
382,-39.500,49.500,0.500,0.000,outer_top_left_conn1_forward_left,outer_top_left_conn1,outer_top_left_conn1,left,forward,forward_left,1
383,-39.000,49.500,0.500,0.000,outer_top_left_conn1_forward_left,outer_top_left_conn1,outer_top_left_conn1,left,forward,forward_left,1
384,-38.500,49.500,0.500,0.000,outer_top_left_conn1_forward_left,outer_top_left_conn1,outer_top_left_conn1,left,forward,forward_left,1
385,-38.000,49.500,0.500,0.000,outer_top_left_conn1_forward_left,outer_top_left_conn1,outer_top_left_conn1,left,forward,forward_left,1
386,-37.500,49.500,0.500,0.000,outer_top_left_conn1_forward_left,outer_top_left_conn1,outer_top_left_conn1,left,forward,forward_left,1
387,-37.000,49.500,0.500,0.000,outer_top_left_conn1_forward_left,outer_top_left_conn1,outer_top_left_conn1,left,forward,forward_left,1
388,-36.500,49.500,0.500,0.000,outer_top_left_conn1_forward_left,outer_top_left_conn1,outer_top_left_conn1,left,forward,forward_left,1
389,-36.000,49.500,0.500,0.000,outer_top_left_conn1_forward_left,outer_top_left_conn1,outer_top_left_conn1,left,forward,forward_left,0
390,-40.000,46.500,0.500,0.000,outer_top_left_conn1_forward_right,outer_top_left_conn1,outer_top_left_conn1,right,forward,forward_right,1
391,-39.500,46.500,0.500,0.000,outer_top_left_conn1_forward_right,outer_top_left_conn1,outer_top_left_conn1,right,forward,forward_right,1
392,-39.000,46.500,0.500,0.000,outer_top_left_conn1_forward_right,outer_top_left_conn1,outer_top_left_conn1,right,forward,forward_right,1
393,-38.500,46.500,0.500,0.000,outer_top_left_conn1_forward_right,outer_top_left_conn1,outer_top_left_conn1,right,forward,forward_right,1
394,-38.000,46.500,0.500,0.000,outer_top_left_conn1_forward_right,outer_top_left_conn1,outer_top_left_conn1,right,forward,forward_right,1
395,-37.500,46.500,0.500,0.000,outer_top_left_conn1_forward_right,outer_top_left_conn1,outer_top_left_conn1,right,forward,forward_right,1
396,-37.000,46.500,0.500,0.000,outer_top_left_conn1_forward_right,outer_top_left_conn1,outer_top_left_conn1,right,forward,forward_right,1
397,-36.500,46.500,0.500,0.000,outer_top_left_conn1_forward_right,outer_top_left_conn1,outer_top_left_conn1,right,forward,forward_right,1
398,-36.000,46.500,0.500,0.000,outer_top_left_conn1_forward_right,outer_top_left_conn1,outer_top_left_conn1,right,forward,forward_right,0
399,-36.000,46.500,0.500,180.000,outer_top_left_conn1_reverse_left,outer_top_left_conn1,outer_top_left_conn1,left,reverse,reverse_left,1
400,-36.500,46.500,0.500,180.000,outer_top_left_conn1_reverse_left,outer_top_left_conn1,outer_top_left_conn1,left,reverse,reverse_left,1
401,-37.000,46.500,0.500,180.000,outer_top_left_conn1_reverse_left,outer_top_left_conn1,outer_top_left_conn1,left,reverse,reverse_left,1
402,-37.500,46.500,0.500,180.000,outer_top_left_conn1_reverse_left,outer_top_left_conn1,outer_top_left_conn1,left,reverse,reverse_left,1
403,-38.000,46.500,0.500,180.000,outer_top_left_conn1_reverse_left,outer_top_left_conn1,outer_top_left_conn1,left,reverse,reverse_left,1
404,-38.500,46.500,0.500,180.000,outer_top_left_conn1_reverse_left,outer_top_left_conn1,outer_top_left_conn1,left,reverse,reverse_left,1
405,-39.000,46.500,0.500,180.000,outer_top_left_conn1_reverse_left,outer_top_left_conn1,outer_top_left_conn1,left,reverse,reverse_left,1
406,-39.500,46.500,0.500,180.000,outer_top_left_conn1_reverse_left,outer_top_left_conn1,outer_top_left_conn1,left,reverse,reverse_left,1
407,-40.000,46.500,0.500,180.000,outer_top_left_conn1_reverse_left,outer_top_left_conn1,outer_top_left_conn1,left,reverse,reverse_left,0
408,-36.000,49.500,0.500,180.000,outer_top_left_conn1_reverse_right,outer_top_left_conn1,outer_top_left_conn1,right,reverse,reverse_right,1
409,-36.500,49.500,0.500,180.000,outer_top_left_conn1_reverse_right,outer_top_left_conn1,outer_top_left_conn1,right,reverse,reverse_right,1
410,-37.000,49.500,0.500,180.000,outer_top_left_conn1_reverse_right,outer_top_left_conn1,outer_top_left_conn1,right,reverse,reverse_right,1
411,-37.500,49.500,0.500,180.000,outer_top_left_conn1_reverse_right,outer_top_left_conn1,outer_top_left_conn1,right,reverse,reverse_right,1
412,-38.000,49.500,0.500,180.000,outer_top_left_conn1_reverse_right,outer_top_left_conn1,outer_top_left_conn1,right,reverse,reverse_right,1
413,-38.500,49.500,0.500,180.000,outer_top_left_conn1_reverse_right,outer_top_left_conn1,outer_top_left_conn1,right,reverse,reverse_right,1
414,-39.000,49.500,0.500,180.000,outer_top_left_conn1_reverse_right,outer_top_left_conn1,outer_top_left_conn1,right,reverse,reverse_right,1
415,-39.500,49.500,0.500,180.000,outer_top_left_conn1_reverse_right,outer_top_left_conn1,outer_top_left_conn1,right,reverse,reverse_right,1
416,-40.000,49.500,0.500,180.000,outer_top_left_conn1_reverse_right,outer_top_left_conn1,outer_top_left_conn1,right,reverse,reverse_right,0
417,-40.000,27.500,0.500,0.000,H_y26.0_x-40.0_-20.0_forward_left,H_y26.0_x-40.0_-20.0,H_y26.0_x-40.0_-20.0,left,forward,forward_left,1
418,-39.500,27.500,0.500,0.000,H_y26.0_x-40.0_-20.0_forward_left,H_y26.0_x-40.0_-20.0,H_y26.0_x-40.0_-20.0,left,forward,forward_left,1
419,-39.000,27.500,0.500,0.000,H_y26.0_x-40.0_-20.0_forward_left,H_y26.0_x-40.0_-20.0,H_y26.0_x-40.0_-20.0,left,forward,forward_left,1
420,-38.500,27.500,0.500,0.000,H_y26.0_x-40.0_-20.0_forward_left,H_y26.0_x-40.0_-20.0,H_y26.0_x-40.0_-20.0,left,forward,forward_left,1
421,-38.000,27.500,0.500,0.000,H_y26.0_x-40.0_-20.0_forward_left,H_y26.0_x-40.0_-20.0,H_y26.0_x-40.0_-20.0,left,forward,forward_left,1
422,-37.500,27.500,0.500,0.000,H_y26.0_x-40.0_-20.0_forward_left,H_y26.0_x-40.0_-20.0,H_y26.0_x-40.0_-20.0,left,forward,forward_left,1
423,-37.000,27.500,0.500,0.000,H_y26.0_x-40.0_-20.0_forward_left,H_y26.0_x-40.0_-20.0,H_y26.0_x-40.0_-20.0,left,forward,forward_left,1
424,-36.500,27.500,0.500,0.000,H_y26.0_x-40.0_-20.0_forward_left,H_y26.0_x-40.0_-20.0,H_y26.0_x-40.0_-20.0,left,forward,forward_left,1
425,-36.000,27.500,0.500,0.000,H_y26.0_x-40.0_-20.0_forward_left,H_y26.0_x-40.0_-20.0,H_y26.0_x-40.0_-20.0,left,forward,forward_left,1
426,-35.500,27.500,0.500,0.000,H_y26.0_x-40.0_-20.0_forward_left,H_y26.0_x-40.0_-20.0,H_y26.0_x-40.0_-20.0,left,forward,forward_left,1
427,-35.000,27.500,0.500,0.000,H_y26.0_x-40.0_-20.0_forward_left,H_y26.0_x-40.0_-20.0,H_y26.0_x-40.0_-20.0,left,forward,forward_left,1
428,-34.500,27.500,0.500,0.000,H_y26.0_x-40.0_-20.0_forward_left,H_y26.0_x-40.0_-20.0,H_y26.0_x-40.0_-20.0,left,forward,forward_left,1
429,-34.000,27.500,0.500,0.000,H_y26.0_x-40.0_-20.0_forward_left,H_y26.0_x-40.0_-20.0,H_y26.0_x-40.0_-20.0,left,forward,forward_left,1
430,-33.500,27.500,0.500,0.000,H_y26.0_x-40.0_-20.0_forward_left,H_y26.0_x-40.0_-20.0,H_y26.0_x-40.0_-20.0,left,forward,forward_left,1
431,-33.000,27.500,0.500,0.000,H_y26.0_x-40.0_-20.0_forward_left,H_y26.0_x-40.0_-20.0,H_y26.0_x-40.0_-20.0,left,forward,forward_left,1
432,-32.500,27.500,0.500,0.000,H_y26.0_x-40.0_-20.0_forward_left,H_y26.0_x-40.0_-20.0,H_y26.0_x-40.0_-20.0,left,forward,forward_left,1
433,-32.000,27.500,0.500,0.000,H_y26.0_x-40.0_-20.0_forward_left,H_y26.0_x-40.0_-20.0,H_y26.0_x-40.0_-20.0,left,forward,forward_left,1
434,-31.500,27.500,0.500,0.000,H_y26.0_x-40.0_-20.0_forward_left,H_y26.0_x-40.0_-20.0,H_y26.0_x-40.0_-20.0,left,forward,forward_left,1
435,-31.000,27.500,0.500,0.000,H_y26.0_x-40.0_-20.0_forward_left,H_y26.0_x-40.0_-20.0,H_y26.0_x-40.0_-20.0,left,forward,forward_left,1
436,-30.500,27.500,0.500,0.000,H_y26.0_x-40.0_-20.0_forward_left,H_y26.0_x-40.0_-20.0,H_y26.0_x-40.0_-20.0,left,forward,forward_left,1
437,-30.000,27.500,0.500,0.000,H_y26.0_x-40.0_-20.0_forward_left,H_y26.0_x-40.0_-20.0,H_y26.0_x-40.0_-20.0,left,forward,forward_left,1
438,-29.500,27.500,0.500,0.000,H_y26.0_x-40.0_-20.0_forward_left,H_y26.0_x-40.0_-20.0,H_y26.0_x-40.0_-20.0,left,forward,forward_left,1
439,-29.000,27.500,0.500,0.000,H_y26.0_x-40.0_-20.0_forward_left,H_y26.0_x-40.0_-20.0,H_y26.0_x-40.0_-20.0,left,forward,forward_left,1
440,-28.500,27.500,0.500,0.000,H_y26.0_x-40.0_-20.0_forward_left,H_y26.0_x-40.0_-20.0,H_y26.0_x-40.0_-20.0,left,forward,forward_left,1
441,-28.000,27.500,0.500,0.000,H_y26.0_x-40.0_-20.0_forward_left,H_y26.0_x-40.0_-20.0,H_y26.0_x-40.0_-20.0,left,forward,forward_left,1
442,-27.500,27.500,0.500,0.000,H_y26.0_x-40.0_-20.0_forward_left,H_y26.0_x-40.0_-20.0,H_y26.0_x-40.0_-20.0,left,forward,forward_left,1
443,-27.000,27.500,0.500,0.000,H_y26.0_x-40.0_-20.0_forward_left,H_y26.0_x-40.0_-20.0,H_y26.0_x-40.0_-20.0,left,forward,forward_left,1
444,-26.500,27.500,0.500,0.000,H_y26.0_x-40.0_-20.0_forward_left,H_y26.0_x-40.0_-20.0,H_y26.0_x-40.0_-20.0,left,forward,forward_left,1
445,-26.000,27.500,0.500,0.000,H_y26.0_x-40.0_-20.0_forward_left,H_y26.0_x-40.0_-20.0,H_y26.0_x-40.0_-20.0,left,forward,forward_left,1
446,-25.500,27.500,0.500,0.000,H_y26.0_x-40.0_-20.0_forward_left,H_y26.0_x-40.0_-20.0,H_y26.0_x-40.0_-20.0,left,forward,forward_left,1
447,-25.000,27.500,0.500,0.000,H_y26.0_x-40.0_-20.0_forward_left,H_y26.0_x-40.0_-20.0,H_y26.0_x-40.0_-20.0,left,forward,forward_left,1
448,-24.500,27.500,0.500,0.000,H_y26.0_x-40.0_-20.0_forward_left,H_y26.0_x-40.0_-20.0,H_y26.0_x-40.0_-20.0,left,forward,forward_left,1
449,-24.000,27.500,0.500,0.000,H_y26.0_x-40.0_-20.0_forward_left,H_y26.0_x-40.0_-20.0,H_y26.0_x-40.0_-20.0,left,forward,forward_left,1
450,-23.500,27.500,0.500,0.000,H_y26.0_x-40.0_-20.0_forward_left,H_y26.0_x-40.0_-20.0,H_y26.0_x-40.0_-20.0,left,forward,forward_left,1
451,-23.000,27.500,0.500,0.000,H_y26.0_x-40.0_-20.0_forward_left,H_y26.0_x-40.0_-20.0,H_y26.0_x-40.0_-20.0,left,forward,forward_left,1
452,-22.500,27.500,0.500,0.000,H_y26.0_x-40.0_-20.0_forward_left,H_y26.0_x-40.0_-20.0,H_y26.0_x-40.0_-20.0,left,forward,forward_left,1
453,-22.000,27.500,0.500,0.000,H_y26.0_x-40.0_-20.0_forward_left,H_y26.0_x-40.0_-20.0,H_y26.0_x-40.0_-20.0,left,forward,forward_left,1
454,-21.500,27.500,0.500,0.000,H_y26.0_x-40.0_-20.0_forward_left,H_y26.0_x-40.0_-20.0,H_y26.0_x-40.0_-20.0,left,forward,forward_left,1
455,-21.000,27.500,0.500,0.000,H_y26.0_x-40.0_-20.0_forward_left,H_y26.0_x-40.0_-20.0,H_y26.0_x-40.0_-20.0,left,forward,forward_left,1
456,-20.500,27.500,0.500,0.000,H_y26.0_x-40.0_-20.0_forward_left,H_y26.0_x-40.0_-20.0,H_y26.0_x-40.0_-20.0,left,forward,forward_left,1
457,-20.000,27.500,0.500,0.000,H_y26.0_x-40.0_-20.0_forward_left,H_y26.0_x-40.0_-20.0,H_y26.0_x-40.0_-20.0,left,forward,forward_left,0
458,-40.000,24.500,0.500,0.000,H_y26.0_x-40.0_-20.0_forward_right,H_y26.0_x-40.0_-20.0,H_y26.0_x-40.0_-20.0,right,forward,forward_right,1
459,-39.500,24.500,0.500,0.000,H_y26.0_x-40.0_-20.0_forward_right,H_y26.0_x-40.0_-20.0,H_y26.0_x-40.0_-20.0,right,forward,forward_right,1
460,-39.000,24.500,0.500,0.000,H_y26.0_x-40.0_-20.0_forward_right,H_y26.0_x-40.0_-20.0,H_y26.0_x-40.0_-20.0,right,forward,forward_right,1
461,-38.500,24.500,0.500,0.000,H_y26.0_x-40.0_-20.0_forward_right,H_y26.0_x-40.0_-20.0,H_y26.0_x-40.0_-20.0,right,forward,forward_right,1
462,-38.000,24.500,0.500,0.000,H_y26.0_x-40.0_-20.0_forward_right,H_y26.0_x-40.0_-20.0,H_y26.0_x-40.0_-20.0,right,forward,forward_right,1
463,-37.500,24.500,0.500,0.000,H_y26.0_x-40.0_-20.0_forward_right,H_y26.0_x-40.0_-20.0,H_y26.0_x-40.0_-20.0,right,forward,forward_right,1
464,-37.000,24.500,0.500,0.000,H_y26.0_x-40.0_-20.0_forward_right,H_y26.0_x-40.0_-20.0,H_y26.0_x-40.0_-20.0,right,forward,forward_right,1
465,-36.500,24.500,0.500,0.000,H_y26.0_x-40.0_-20.0_forward_right,H_y26.0_x-40.0_-20.0,H_y26.0_x-40.0_-20.0,right,forward,forward_right,1
466,-36.000,24.500,0.500,0.000,H_y26.0_x-40.0_-20.0_forward_right,H_y26.0_x-40.0_-20.0,H_y26.0_x-40.0_-20.0,right,forward,forward_right,1
467,-35.500,24.500,0.500,0.000,H_y26.0_x-40.0_-20.0_forward_right,H_y26.0_x-40.0_-20.0,H_y26.0_x-40.0_-20.0,right,forward,forward_right,1
468,-35.000,24.500,0.500,0.000,H_y26.0_x-40.0_-20.0_forward_right,H_y26.0_x-40.0_-20.0,H_y26.0_x-40.0_-20.0,right,forward,forward_right,1
469,-34.500,24.500,0.500,0.000,H_y26.0_x-40.0_-20.0_forward_right,H_y26.0_x-40.0_-20.0,H_y26.0_x-40.0_-20.0,right,forward,forward_right,1
470,-34.000,24.500,0.500,0.000,H_y26.0_x-40.0_-20.0_forward_right,H_y26.0_x-40.0_-20.0,H_y26.0_x-40.0_-20.0,right,forward,forward_right,1
471,-33.500,24.500,0.500,0.000,H_y26.0_x-40.0_-20.0_forward_right,H_y26.0_x-40.0_-20.0,H_y26.0_x-40.0_-20.0,right,forward,forward_right,1
472,-33.000,24.500,0.500,0.000,H_y26.0_x-40.0_-20.0_forward_right,H_y26.0_x-40.0_-20.0,H_y26.0_x-40.0_-20.0,right,forward,forward_right,1
473,-32.500,24.500,0.500,0.000,H_y26.0_x-40.0_-20.0_forward_right,H_y26.0_x-40.0_-20.0,H_y26.0_x-40.0_-20.0,right,forward,forward_right,1
474,-32.000,24.500,0.500,0.000,H_y26.0_x-40.0_-20.0_forward_right,H_y26.0_x-40.0_-20.0,H_y26.0_x-40.0_-20.0,right,forward,forward_right,1
475,-31.500,24.500,0.500,0.000,H_y26.0_x-40.0_-20.0_forward_right,H_y26.0_x-40.0_-20.0,H_y26.0_x-40.0_-20.0,right,forward,forward_right,1
476,-31.000,24.500,0.500,0.000,H_y26.0_x-40.0_-20.0_forward_right,H_y26.0_x-40.0_-20.0,H_y26.0_x-40.0_-20.0,right,forward,forward_right,1
477,-30.500,24.500,0.500,0.000,H_y26.0_x-40.0_-20.0_forward_right,H_y26.0_x-40.0_-20.0,H_y26.0_x-40.0_-20.0,right,forward,forward_right,1
478,-30.000,24.500,0.500,0.000,H_y26.0_x-40.0_-20.0_forward_right,H_y26.0_x-40.0_-20.0,H_y26.0_x-40.0_-20.0,right,forward,forward_right,1
479,-29.500,24.500,0.500,0.000,H_y26.0_x-40.0_-20.0_forward_right,H_y26.0_x-40.0_-20.0,H_y26.0_x-40.0_-20.0,right,forward,forward_right,1
480,-29.000,24.500,0.500,0.000,H_y26.0_x-40.0_-20.0_forward_right,H_y26.0_x-40.0_-20.0,H_y26.0_x-40.0_-20.0,right,forward,forward_right,1
481,-28.500,24.500,0.500,0.000,H_y26.0_x-40.0_-20.0_forward_right,H_y26.0_x-40.0_-20.0,H_y26.0_x-40.0_-20.0,right,forward,forward_right,1
482,-28.000,24.500,0.500,0.000,H_y26.0_x-40.0_-20.0_forward_right,H_y26.0_x-40.0_-20.0,H_y26.0_x-40.0_-20.0,right,forward,forward_right,1
483,-27.500,24.500,0.500,0.000,H_y26.0_x-40.0_-20.0_forward_right,H_y26.0_x-40.0_-20.0,H_y26.0_x-40.0_-20.0,right,forward,forward_right,1
484,-27.000,24.500,0.500,0.000,H_y26.0_x-40.0_-20.0_forward_right,H_y26.0_x-40.0_-20.0,H_y26.0_x-40.0_-20.0,right,forward,forward_right,1
485,-26.500,24.500,0.500,0.000,H_y26.0_x-40.0_-20.0_forward_right,H_y26.0_x-40.0_-20.0,H_y26.0_x-40.0_-20.0,right,forward,forward_right,1
486,-26.000,24.500,0.500,0.000,H_y26.0_x-40.0_-20.0_forward_right,H_y26.0_x-40.0_-20.0,H_y26.0_x-40.0_-20.0,right,forward,forward_right,1
487,-25.500,24.500,0.500,0.000,H_y26.0_x-40.0_-20.0_forward_right,H_y26.0_x-40.0_-20.0,H_y26.0_x-40.0_-20.0,right,forward,forward_right,1
488,-25.000,24.500,0.500,0.000,H_y26.0_x-40.0_-20.0_forward_right,H_y26.0_x-40.0_-20.0,H_y26.0_x-40.0_-20.0,right,forward,forward_right,1
489,-24.500,24.500,0.500,0.000,H_y26.0_x-40.0_-20.0_forward_right,H_y26.0_x-40.0_-20.0,H_y26.0_x-40.0_-20.0,right,forward,forward_right,1
490,-24.000,24.500,0.500,0.000,H_y26.0_x-40.0_-20.0_forward_right,H_y26.0_x-40.0_-20.0,H_y26.0_x-40.0_-20.0,right,forward,forward_right,1
491,-23.500,24.500,0.500,0.000,H_y26.0_x-40.0_-20.0_forward_right,H_y26.0_x-40.0_-20.0,H_y26.0_x-40.0_-20.0,right,forward,forward_right,1
492,-23.000,24.500,0.500,0.000,H_y26.0_x-40.0_-20.0_forward_right,H_y26.0_x-40.0_-20.0,H_y26.0_x-40.0_-20.0,right,forward,forward_right,1
493,-22.500,24.500,0.500,0.000,H_y26.0_x-40.0_-20.0_forward_right,H_y26.0_x-40.0_-20.0,H_y26.0_x-40.0_-20.0,right,forward,forward_right,1
494,-22.000,24.500,0.500,0.000,H_y26.0_x-40.0_-20.0_forward_right,H_y26.0_x-40.0_-20.0,H_y26.0_x-40.0_-20.0,right,forward,forward_right,1
495,-21.500,24.500,0.500,0.000,H_y26.0_x-40.0_-20.0_forward_right,H_y26.0_x-40.0_-20.0,H_y26.0_x-40.0_-20.0,right,forward,forward_right,1
496,-21.000,24.500,0.500,0.000,H_y26.0_x-40.0_-20.0_forward_right,H_y26.0_x-40.0_-20.0,H_y26.0_x-40.0_-20.0,right,forward,forward_right,1
497,-20.500,24.500,0.500,0.000,H_y26.0_x-40.0_-20.0_forward_right,H_y26.0_x-40.0_-20.0,H_y26.0_x-40.0_-20.0,right,forward,forward_right,1
498,-20.000,24.500,0.500,0.000,H_y26.0_x-40.0_-20.0_forward_right,H_y26.0_x-40.0_-20.0,H_y26.0_x-40.0_-20.0,right,forward,forward_right,0
499,-20.000,24.500,0.500,180.000,H_y26.0_x-40.0_-20.0_reverse_left,H_y26.0_x-40.0_-20.0,H_y26.0_x-40.0_-20.0,left,reverse,reverse_left,1
500,-20.500,24.500,0.500,180.000,H_y26.0_x-40.0_-20.0_reverse_left,H_y26.0_x-40.0_-20.0,H_y26.0_x-40.0_-20.0,left,reverse,reverse_left,1
501,-21.000,24.500,0.500,180.000,H_y26.0_x-40.0_-20.0_reverse_left,H_y26.0_x-40.0_-20.0,H_y26.0_x-40.0_-20.0,left,reverse,reverse_left,1
502,-21.500,24.500,0.500,180.000,H_y26.0_x-40.0_-20.0_reverse_left,H_y26.0_x-40.0_-20.0,H_y26.0_x-40.0_-20.0,left,reverse,reverse_left,1
503,-22.000,24.500,0.500,180.000,H_y26.0_x-40.0_-20.0_reverse_left,H_y26.0_x-40.0_-20.0,H_y26.0_x-40.0_-20.0,left,reverse,reverse_left,1
504,-22.500,24.500,0.500,180.000,H_y26.0_x-40.0_-20.0_reverse_left,H_y26.0_x-40.0_-20.0,H_y26.0_x-40.0_-20.0,left,reverse,reverse_left,1
505,-23.000,24.500,0.500,180.000,H_y26.0_x-40.0_-20.0_reverse_left,H_y26.0_x-40.0_-20.0,H_y26.0_x-40.0_-20.0,left,reverse,reverse_left,1
506,-23.500,24.500,0.500,180.000,H_y26.0_x-40.0_-20.0_reverse_left,H_y26.0_x-40.0_-20.0,H_y26.0_x-40.0_-20.0,left,reverse,reverse_left,1
507,-24.000,24.500,0.500,180.000,H_y26.0_x-40.0_-20.0_reverse_left,H_y26.0_x-40.0_-20.0,H_y26.0_x-40.0_-20.0,left,reverse,reverse_left,1
508,-24.500,24.500,0.500,180.000,H_y26.0_x-40.0_-20.0_reverse_left,H_y26.0_x-40.0_-20.0,H_y26.0_x-40.0_-20.0,left,reverse,reverse_left,1
509,-25.000,24.500,0.500,180.000,H_y26.0_x-40.0_-20.0_reverse_left,H_y26.0_x-40.0_-20.0,H_y26.0_x-40.0_-20.0,left,reverse,reverse_left,1
510,-25.500,24.500,0.500,180.000,H_y26.0_x-40.0_-20.0_reverse_left,H_y26.0_x-40.0_-20.0,H_y26.0_x-40.0_-20.0,left,reverse,reverse_left,1
511,-26.000,24.500,0.500,180.000,H_y26.0_x-40.0_-20.0_reverse_left,H_y26.0_x-40.0_-20.0,H_y26.0_x-40.0_-20.0,left,reverse,reverse_left,1
512,-26.500,24.500,0.500,180.000,H_y26.0_x-40.0_-20.0_reverse_left,H_y26.0_x-40.0_-20.0,H_y26.0_x-40.0_-20.0,left,reverse,reverse_left,1
513,-27.000,24.500,0.500,180.000,H_y26.0_x-40.0_-20.0_reverse_left,H_y26.0_x-40.0_-20.0,H_y26.0_x-40.0_-20.0,left,reverse,reverse_left,1
514,-27.500,24.500,0.500,180.000,H_y26.0_x-40.0_-20.0_reverse_left,H_y26.0_x-40.0_-20.0,H_y26.0_x-40.0_-20.0,left,reverse,reverse_left,1
515,-28.000,24.500,0.500,180.000,H_y26.0_x-40.0_-20.0_reverse_left,H_y26.0_x-40.0_-20.0,H_y26.0_x-40.0_-20.0,left,reverse,reverse_left,1
516,-28.500,24.500,0.500,180.000,H_y26.0_x-40.0_-20.0_reverse_left,H_y26.0_x-40.0_-20.0,H_y26.0_x-40.0_-20.0,left,reverse,reverse_left,1
517,-29.000,24.500,0.500,180.000,H_y26.0_x-40.0_-20.0_reverse_left,H_y26.0_x-40.0_-20.0,H_y26.0_x-40.0_-20.0,left,reverse,reverse_left,1
518,-29.500,24.500,0.500,180.000,H_y26.0_x-40.0_-20.0_reverse_left,H_y26.0_x-40.0_-20.0,H_y26.0_x-40.0_-20.0,left,reverse,reverse_left,1
519,-30.000,24.500,0.500,180.000,H_y26.0_x-40.0_-20.0_reverse_left,H_y26.0_x-40.0_-20.0,H_y26.0_x-40.0_-20.0,left,reverse,reverse_left,1
520,-30.500,24.500,0.500,180.000,H_y26.0_x-40.0_-20.0_reverse_left,H_y26.0_x-40.0_-20.0,H_y26.0_x-40.0_-20.0,left,reverse,reverse_left,1
521,-31.000,24.500,0.500,180.000,H_y26.0_x-40.0_-20.0_reverse_left,H_y26.0_x-40.0_-20.0,H_y26.0_x-40.0_-20.0,left,reverse,reverse_left,1
522,-31.500,24.500,0.500,180.000,H_y26.0_x-40.0_-20.0_reverse_left,H_y26.0_x-40.0_-20.0,H_y26.0_x-40.0_-20.0,left,reverse,reverse_left,1
523,-32.000,24.500,0.500,180.000,H_y26.0_x-40.0_-20.0_reverse_left,H_y26.0_x-40.0_-20.0,H_y26.0_x-40.0_-20.0,left,reverse,reverse_left,1
524,-32.500,24.500,0.500,180.000,H_y26.0_x-40.0_-20.0_reverse_left,H_y26.0_x-40.0_-20.0,H_y26.0_x-40.0_-20.0,left,reverse,reverse_left,1
525,-33.000,24.500,0.500,180.000,H_y26.0_x-40.0_-20.0_reverse_left,H_y26.0_x-40.0_-20.0,H_y26.0_x-40.0_-20.0,left,reverse,reverse_left,1
526,-33.500,24.500,0.500,180.000,H_y26.0_x-40.0_-20.0_reverse_left,H_y26.0_x-40.0_-20.0,H_y26.0_x-40.0_-20.0,left,reverse,reverse_left,1
527,-34.000,24.500,0.500,180.000,H_y26.0_x-40.0_-20.0_reverse_left,H_y26.0_x-40.0_-20.0,H_y26.0_x-40.0_-20.0,left,reverse,reverse_left,1
528,-34.500,24.500,0.500,180.000,H_y26.0_x-40.0_-20.0_reverse_left,H_y26.0_x-40.0_-20.0,H_y26.0_x-40.0_-20.0,left,reverse,reverse_left,1
529,-35.000,24.500,0.500,180.000,H_y26.0_x-40.0_-20.0_reverse_left,H_y26.0_x-40.0_-20.0,H_y26.0_x-40.0_-20.0,left,reverse,reverse_left,1
530,-35.500,24.500,0.500,180.000,H_y26.0_x-40.0_-20.0_reverse_left,H_y26.0_x-40.0_-20.0,H_y26.0_x-40.0_-20.0,left,reverse,reverse_left,1
531,-36.000,24.500,0.500,180.000,H_y26.0_x-40.0_-20.0_reverse_left,H_y26.0_x-40.0_-20.0,H_y26.0_x-40.0_-20.0,left,reverse,reverse_left,1
532,-36.500,24.500,0.500,180.000,H_y26.0_x-40.0_-20.0_reverse_left,H_y26.0_x-40.0_-20.0,H_y26.0_x-40.0_-20.0,left,reverse,reverse_left,1
533,-37.000,24.500,0.500,180.000,H_y26.0_x-40.0_-20.0_reverse_left,H_y26.0_x-40.0_-20.0,H_y26.0_x-40.0_-20.0,left,reverse,reverse_left,1
534,-37.500,24.500,0.500,180.000,H_y26.0_x-40.0_-20.0_reverse_left,H_y26.0_x-40.0_-20.0,H_y26.0_x-40.0_-20.0,left,reverse,reverse_left,1
535,-38.000,24.500,0.500,180.000,H_y26.0_x-40.0_-20.0_reverse_left,H_y26.0_x-40.0_-20.0,H_y26.0_x-40.0_-20.0,left,reverse,reverse_left,1
536,-38.500,24.500,0.500,180.000,H_y26.0_x-40.0_-20.0_reverse_left,H_y26.0_x-40.0_-20.0,H_y26.0_x-40.0_-20.0,left,reverse,reverse_left,1
537,-39.000,24.500,0.500,180.000,H_y26.0_x-40.0_-20.0_reverse_left,H_y26.0_x-40.0_-20.0,H_y26.0_x-40.0_-20.0,left,reverse,reverse_left,1
538,-39.500,24.500,0.500,180.000,H_y26.0_x-40.0_-20.0_reverse_left,H_y26.0_x-40.0_-20.0,H_y26.0_x-40.0_-20.0,left,reverse,reverse_left,1
539,-40.000,24.500,0.500,180.000,H_y26.0_x-40.0_-20.0_reverse_left,H_y26.0_x-40.0_-20.0,H_y26.0_x-40.0_-20.0,left,reverse,reverse_left,0
540,-20.000,27.500,0.500,180.000,H_y26.0_x-40.0_-20.0_reverse_right,H_y26.0_x-40.0_-20.0,H_y26.0_x-40.0_-20.0,right,reverse,reverse_right,1
541,-20.500,27.500,0.500,180.000,H_y26.0_x-40.0_-20.0_reverse_right,H_y26.0_x-40.0_-20.0,H_y26.0_x-40.0_-20.0,right,reverse,reverse_right,1
542,-21.000,27.500,0.500,180.000,H_y26.0_x-40.0_-20.0_reverse_right,H_y26.0_x-40.0_-20.0,H_y26.0_x-40.0_-20.0,right,reverse,reverse_right,1
543,-21.500,27.500,0.500,180.000,H_y26.0_x-40.0_-20.0_reverse_right,H_y26.0_x-40.0_-20.0,H_y26.0_x-40.0_-20.0,right,reverse,reverse_right,1
544,-22.000,27.500,0.500,180.000,H_y26.0_x-40.0_-20.0_reverse_right,H_y26.0_x-40.0_-20.0,H_y26.0_x-40.0_-20.0,right,reverse,reverse_right,1
545,-22.500,27.500,0.500,180.000,H_y26.0_x-40.0_-20.0_reverse_right,H_y26.0_x-40.0_-20.0,H_y26.0_x-40.0_-20.0,right,reverse,reverse_right,1
546,-23.000,27.500,0.500,180.000,H_y26.0_x-40.0_-20.0_reverse_right,H_y26.0_x-40.0_-20.0,H_y26.0_x-40.0_-20.0,right,reverse,reverse_right,1
547,-23.500,27.500,0.500,180.000,H_y26.0_x-40.0_-20.0_reverse_right,H_y26.0_x-40.0_-20.0,H_y26.0_x-40.0_-20.0,right,reverse,reverse_right,1
548,-24.000,27.500,0.500,180.000,H_y26.0_x-40.0_-20.0_reverse_right,H_y26.0_x-40.0_-20.0,H_y26.0_x-40.0_-20.0,right,reverse,reverse_right,1
549,-24.500,27.500,0.500,180.000,H_y26.0_x-40.0_-20.0_reverse_right,H_y26.0_x-40.0_-20.0,H_y26.0_x-40.0_-20.0,right,reverse,reverse_right,1
550,-25.000,27.500,0.500,180.000,H_y26.0_x-40.0_-20.0_reverse_right,H_y26.0_x-40.0_-20.0,H_y26.0_x-40.0_-20.0,right,reverse,reverse_right,1
551,-25.500,27.500,0.500,180.000,H_y26.0_x-40.0_-20.0_reverse_right,H_y26.0_x-40.0_-20.0,H_y26.0_x-40.0_-20.0,right,reverse,reverse_right,1
552,-26.000,27.500,0.500,180.000,H_y26.0_x-40.0_-20.0_reverse_right,H_y26.0_x-40.0_-20.0,H_y26.0_x-40.0_-20.0,right,reverse,reverse_right,1
553,-26.500,27.500,0.500,180.000,H_y26.0_x-40.0_-20.0_reverse_right,H_y26.0_x-40.0_-20.0,H_y26.0_x-40.0_-20.0,right,reverse,reverse_right,1
554,-27.000,27.500,0.500,180.000,H_y26.0_x-40.0_-20.0_reverse_right,H_y26.0_x-40.0_-20.0,H_y26.0_x-40.0_-20.0,right,reverse,reverse_right,1
555,-27.500,27.500,0.500,180.000,H_y26.0_x-40.0_-20.0_reverse_right,H_y26.0_x-40.0_-20.0,H_y26.0_x-40.0_-20.0,right,reverse,reverse_right,1
556,-28.000,27.500,0.500,180.000,H_y26.0_x-40.0_-20.0_reverse_right,H_y26.0_x-40.0_-20.0,H_y26.0_x-40.0_-20.0,right,reverse,reverse_right,1
557,-28.500,27.500,0.500,180.000,H_y26.0_x-40.0_-20.0_reverse_right,H_y26.0_x-40.0_-20.0,H_y26.0_x-40.0_-20.0,right,reverse,reverse_right,1
558,-29.000,27.500,0.500,180.000,H_y26.0_x-40.0_-20.0_reverse_right,H_y26.0_x-40.0_-20.0,H_y26.0_x-40.0_-20.0,right,reverse,reverse_right,1
559,-29.500,27.500,0.500,180.000,H_y26.0_x-40.0_-20.0_reverse_right,H_y26.0_x-40.0_-20.0,H_y26.0_x-40.0_-20.0,right,reverse,reverse_right,1
560,-30.000,27.500,0.500,180.000,H_y26.0_x-40.0_-20.0_reverse_right,H_y26.0_x-40.0_-20.0,H_y26.0_x-40.0_-20.0,right,reverse,reverse_right,1
561,-30.500,27.500,0.500,180.000,H_y26.0_x-40.0_-20.0_reverse_right,H_y26.0_x-40.0_-20.0,H_y26.0_x-40.0_-20.0,right,reverse,reverse_right,1
562,-31.000,27.500,0.500,180.000,H_y26.0_x-40.0_-20.0_reverse_right,H_y26.0_x-40.0_-20.0,H_y26.0_x-40.0_-20.0,right,reverse,reverse_right,1
563,-31.500,27.500,0.500,180.000,H_y26.0_x-40.0_-20.0_reverse_right,H_y26.0_x-40.0_-20.0,H_y26.0_x-40.0_-20.0,right,reverse,reverse_right,1
564,-32.000,27.500,0.500,180.000,H_y26.0_x-40.0_-20.0_reverse_right,H_y26.0_x-40.0_-20.0,H_y26.0_x-40.0_-20.0,right,reverse,reverse_right,1
565,-32.500,27.500,0.500,180.000,H_y26.0_x-40.0_-20.0_reverse_right,H_y26.0_x-40.0_-20.0,H_y26.0_x-40.0_-20.0,right,reverse,reverse_right,1
566,-33.000,27.500,0.500,180.000,H_y26.0_x-40.0_-20.0_reverse_right,H_y26.0_x-40.0_-20.0,H_y26.0_x-40.0_-20.0,right,reverse,reverse_right,1
567,-33.500,27.500,0.500,180.000,H_y26.0_x-40.0_-20.0_reverse_right,H_y26.0_x-40.0_-20.0,H_y26.0_x-40.0_-20.0,right,reverse,reverse_right,1
568,-34.000,27.500,0.500,180.000,H_y26.0_x-40.0_-20.0_reverse_right,H_y26.0_x-40.0_-20.0,H_y26.0_x-40.0_-20.0,right,reverse,reverse_right,1
569,-34.500,27.500,0.500,180.000,H_y26.0_x-40.0_-20.0_reverse_right,H_y26.0_x-40.0_-20.0,H_y26.0_x-40.0_-20.0,right,reverse,reverse_right,1
570,-35.000,27.500,0.500,180.000,H_y26.0_x-40.0_-20.0_reverse_right,H_y26.0_x-40.0_-20.0,H_y26.0_x-40.0_-20.0,right,reverse,reverse_right,1
571,-35.500,27.500,0.500,180.000,H_y26.0_x-40.0_-20.0_reverse_right,H_y26.0_x-40.0_-20.0,H_y26.0_x-40.0_-20.0,right,reverse,reverse_right,1
572,-36.000,27.500,0.500,180.000,H_y26.0_x-40.0_-20.0_reverse_right,H_y26.0_x-40.0_-20.0,H_y26.0_x-40.0_-20.0,right,reverse,reverse_right,1
573,-36.500,27.500,0.500,180.000,H_y26.0_x-40.0_-20.0_reverse_right,H_y26.0_x-40.0_-20.0,H_y26.0_x-40.0_-20.0,right,reverse,reverse_right,1
574,-37.000,27.500,0.500,180.000,H_y26.0_x-40.0_-20.0_reverse_right,H_y26.0_x-40.0_-20.0,H_y26.0_x-40.0_-20.0,right,reverse,reverse_right,1
575,-37.500,27.500,0.500,180.000,H_y26.0_x-40.0_-20.0_reverse_right,H_y26.0_x-40.0_-20.0,H_y26.0_x-40.0_-20.0,right,reverse,reverse_right,1
576,-38.000,27.500,0.500,180.000,H_y26.0_x-40.0_-20.0_reverse_right,H_y26.0_x-40.0_-20.0,H_y26.0_x-40.0_-20.0,right,reverse,reverse_right,1
577,-38.500,27.500,0.500,180.000,H_y26.0_x-40.0_-20.0_reverse_right,H_y26.0_x-40.0_-20.0,H_y26.0_x-40.0_-20.0,right,reverse,reverse_right,1
578,-39.000,27.500,0.500,180.000,H_y26.0_x-40.0_-20.0_reverse_right,H_y26.0_x-40.0_-20.0,H_y26.0_x-40.0_-20.0,right,reverse,reverse_right,1
579,-39.500,27.500,0.500,180.000,H_y26.0_x-40.0_-20.0_reverse_right,H_y26.0_x-40.0_-20.0,H_y26.0_x-40.0_-20.0,right,reverse,reverse_right,1
580,-40.000,27.500,0.500,180.000,H_y26.0_x-40.0_-20.0_reverse_right,H_y26.0_x-40.0_-20.0,H_y26.0_x-40.0_-20.0,right,reverse,reverse_right,0
581,-38.500,26.000,0.500,-90.000,V_x-40.0_y-3.0_26.0_forward_left,V_x-40.0_y-3.0_26.0,V_x-40.0_y-3.0_26.0,left,forward,forward_left,1
582,-38.500,25.500,0.500,-90.000,V_x-40.0_y-3.0_26.0_forward_left,V_x-40.0_y-3.0_26.0,V_x-40.0_y-3.0_26.0,left,forward,forward_left,1
583,-38.500,25.000,0.500,-90.000,V_x-40.0_y-3.0_26.0_forward_left,V_x-40.0_y-3.0_26.0,V_x-40.0_y-3.0_26.0,left,forward,forward_left,1
584,-38.500,24.500,0.500,-90.000,V_x-40.0_y-3.0_26.0_forward_left,V_x-40.0_y-3.0_26.0,V_x-40.0_y-3.0_26.0,left,forward,forward_left,1
585,-38.500,24.000,0.500,-90.000,V_x-40.0_y-3.0_26.0_forward_left,V_x-40.0_y-3.0_26.0,V_x-40.0_y-3.0_26.0,left,forward,forward_left,1
586,-38.500,23.500,0.500,-90.000,V_x-40.0_y-3.0_26.0_forward_left,V_x-40.0_y-3.0_26.0,V_x-40.0_y-3.0_26.0,left,forward,forward_left,1
587,-38.500,23.000,0.500,-90.000,V_x-40.0_y-3.0_26.0_forward_left,V_x-40.0_y-3.0_26.0,V_x-40.0_y-3.0_26.0,left,forward,forward_left,1
588,-38.500,22.500,0.500,-90.000,V_x-40.0_y-3.0_26.0_forward_left,V_x-40.0_y-3.0_26.0,V_x-40.0_y-3.0_26.0,left,forward,forward_left,1
589,-38.500,22.000,0.500,-90.000,V_x-40.0_y-3.0_26.0_forward_left,V_x-40.0_y-3.0_26.0,V_x-40.0_y-3.0_26.0,left,forward,forward_left,1
590,-38.500,21.500,0.500,-90.000,V_x-40.0_y-3.0_26.0_forward_left,V_x-40.0_y-3.0_26.0,V_x-40.0_y-3.0_26.0,left,forward,forward_left,1
591,-38.500,21.000,0.500,-90.000,V_x-40.0_y-3.0_26.0_forward_left,V_x-40.0_y-3.0_26.0,V_x-40.0_y-3.0_26.0,left,forward,forward_left,1
592,-38.500,20.500,0.500,-90.000,V_x-40.0_y-3.0_26.0_forward_left,V_x-40.0_y-3.0_26.0,V_x-40.0_y-3.0_26.0,left,forward,forward_left,1
593,-38.500,20.000,0.500,-90.000,V_x-40.0_y-3.0_26.0_forward_left,V_x-40.0_y-3.0_26.0,V_x-40.0_y-3.0_26.0,left,forward,forward_left,1
594,-38.500,19.500,0.500,-90.000,V_x-40.0_y-3.0_26.0_forward_left,V_x-40.0_y-3.0_26.0,V_x-40.0_y-3.0_26.0,left,forward,forward_left,1
595,-38.500,19.000,0.500,-90.000,V_x-40.0_y-3.0_26.0_forward_left,V_x-40.0_y-3.0_26.0,V_x-40.0_y-3.0_26.0,left,forward,forward_left,1
596,-38.500,18.500,0.500,-90.000,V_x-40.0_y-3.0_26.0_forward_left,V_x-40.0_y-3.0_26.0,V_x-40.0_y-3.0_26.0,left,forward,forward_left,1
597,-38.500,18.000,0.500,-90.000,V_x-40.0_y-3.0_26.0_forward_left,V_x-40.0_y-3.0_26.0,V_x-40.0_y-3.0_26.0,left,forward,forward_left,1
598,-38.500,17.500,0.500,-90.000,V_x-40.0_y-3.0_26.0_forward_left,V_x-40.0_y-3.0_26.0,V_x-40.0_y-3.0_26.0,left,forward,forward_left,1
599,-38.500,17.000,0.500,-90.000,V_x-40.0_y-3.0_26.0_forward_left,V_x-40.0_y-3.0_26.0,V_x-40.0_y-3.0_26.0,left,forward,forward_left,1
600,-38.500,16.500,0.500,-90.000,V_x-40.0_y-3.0_26.0_forward_left,V_x-40.0_y-3.0_26.0,V_x-40.0_y-3.0_26.0,left,forward,forward_left,1
601,-38.500,16.000,0.500,-90.000,V_x-40.0_y-3.0_26.0_forward_left,V_x-40.0_y-3.0_26.0,V_x-40.0_y-3.0_26.0,left,forward,forward_left,1
602,-38.500,15.500,0.500,-90.000,V_x-40.0_y-3.0_26.0_forward_left,V_x-40.0_y-3.0_26.0,V_x-40.0_y-3.0_26.0,left,forward,forward_left,1
603,-38.500,15.000,0.500,-90.000,V_x-40.0_y-3.0_26.0_forward_left,V_x-40.0_y-3.0_26.0,V_x-40.0_y-3.0_26.0,left,forward,forward_left,1
604,-38.500,14.500,0.500,-90.000,V_x-40.0_y-3.0_26.0_forward_left,V_x-40.0_y-3.0_26.0,V_x-40.0_y-3.0_26.0,left,forward,forward_left,1
605,-38.500,14.000,0.500,-90.000,V_x-40.0_y-3.0_26.0_forward_left,V_x-40.0_y-3.0_26.0,V_x-40.0_y-3.0_26.0,left,forward,forward_left,1
606,-38.500,13.500,0.500,-90.000,V_x-40.0_y-3.0_26.0_forward_left,V_x-40.0_y-3.0_26.0,V_x-40.0_y-3.0_26.0,left,forward,forward_left,1
607,-38.500,13.000,0.500,-90.000,V_x-40.0_y-3.0_26.0_forward_left,V_x-40.0_y-3.0_26.0,V_x-40.0_y-3.0_26.0,left,forward,forward_left,1
608,-38.500,12.500,0.500,-90.000,V_x-40.0_y-3.0_26.0_forward_left,V_x-40.0_y-3.0_26.0,V_x-40.0_y-3.0_26.0,left,forward,forward_left,1
609,-38.500,12.000,0.500,-90.000,V_x-40.0_y-3.0_26.0_forward_left,V_x-40.0_y-3.0_26.0,V_x-40.0_y-3.0_26.0,left,forward,forward_left,1
610,-38.500,11.500,0.500,-90.000,V_x-40.0_y-3.0_26.0_forward_left,V_x-40.0_y-3.0_26.0,V_x-40.0_y-3.0_26.0,left,forward,forward_left,1
611,-38.500,11.000,0.500,-90.000,V_x-40.0_y-3.0_26.0_forward_left,V_x-40.0_y-3.0_26.0,V_x-40.0_y-3.0_26.0,left,forward,forward_left,1
612,-38.500,10.500,0.500,-90.000,V_x-40.0_y-3.0_26.0_forward_left,V_x-40.0_y-3.0_26.0,V_x-40.0_y-3.0_26.0,left,forward,forward_left,1
613,-38.500,10.000,0.500,-90.000,V_x-40.0_y-3.0_26.0_forward_left,V_x-40.0_y-3.0_26.0,V_x-40.0_y-3.0_26.0,left,forward,forward_left,1
614,-38.500,9.500,0.500,-90.000,V_x-40.0_y-3.0_26.0_forward_left,V_x-40.0_y-3.0_26.0,V_x-40.0_y-3.0_26.0,left,forward,forward_left,1
615,-38.500,9.000,0.500,-90.000,V_x-40.0_y-3.0_26.0_forward_left,V_x-40.0_y-3.0_26.0,V_x-40.0_y-3.0_26.0,left,forward,forward_left,1
616,-38.500,8.500,0.500,-90.000,V_x-40.0_y-3.0_26.0_forward_left,V_x-40.0_y-3.0_26.0,V_x-40.0_y-3.0_26.0,left,forward,forward_left,1
617,-38.500,8.000,0.500,-90.000,V_x-40.0_y-3.0_26.0_forward_left,V_x-40.0_y-3.0_26.0,V_x-40.0_y-3.0_26.0,left,forward,forward_left,1
618,-38.500,7.500,0.500,-90.000,V_x-40.0_y-3.0_26.0_forward_left,V_x-40.0_y-3.0_26.0,V_x-40.0_y-3.0_26.0,left,forward,forward_left,1
619,-38.500,7.000,0.500,-90.000,V_x-40.0_y-3.0_26.0_forward_left,V_x-40.0_y-3.0_26.0,V_x-40.0_y-3.0_26.0,left,forward,forward_left,1
620,-38.500,6.500,0.500,-90.000,V_x-40.0_y-3.0_26.0_forward_left,V_x-40.0_y-3.0_26.0,V_x-40.0_y-3.0_26.0,left,forward,forward_left,1
621,-38.500,6.000,0.500,-90.000,V_x-40.0_y-3.0_26.0_forward_left,V_x-40.0_y-3.0_26.0,V_x-40.0_y-3.0_26.0,left,forward,forward_left,1
622,-38.500,5.500,0.500,-90.000,V_x-40.0_y-3.0_26.0_forward_left,V_x-40.0_y-3.0_26.0,V_x-40.0_y-3.0_26.0,left,forward,forward_left,1
623,-38.500,5.000,0.500,-90.000,V_x-40.0_y-3.0_26.0_forward_left,V_x-40.0_y-3.0_26.0,V_x-40.0_y-3.0_26.0,left,forward,forward_left,1
624,-38.500,4.500,0.500,-90.000,V_x-40.0_y-3.0_26.0_forward_left,V_x-40.0_y-3.0_26.0,V_x-40.0_y-3.0_26.0,left,forward,forward_left,1
625,-38.500,4.000,0.500,-90.000,V_x-40.0_y-3.0_26.0_forward_left,V_x-40.0_y-3.0_26.0,V_x-40.0_y-3.0_26.0,left,forward,forward_left,1
626,-38.500,3.500,0.500,-90.000,V_x-40.0_y-3.0_26.0_forward_left,V_x-40.0_y-3.0_26.0,V_x-40.0_y-3.0_26.0,left,forward,forward_left,1
627,-38.500,3.000,0.500,-90.000,V_x-40.0_y-3.0_26.0_forward_left,V_x-40.0_y-3.0_26.0,V_x-40.0_y-3.0_26.0,left,forward,forward_left,1
628,-38.500,2.500,0.500,-90.000,V_x-40.0_y-3.0_26.0_forward_left,V_x-40.0_y-3.0_26.0,V_x-40.0_y-3.0_26.0,left,forward,forward_left,1
629,-38.500,2.000,0.500,-90.000,V_x-40.0_y-3.0_26.0_forward_left,V_x-40.0_y-3.0_26.0,V_x-40.0_y-3.0_26.0,left,forward,forward_left,1
630,-38.500,1.500,0.500,-90.000,V_x-40.0_y-3.0_26.0_forward_left,V_x-40.0_y-3.0_26.0,V_x-40.0_y-3.0_26.0,left,forward,forward_left,1
631,-38.500,1.000,0.500,-90.000,V_x-40.0_y-3.0_26.0_forward_left,V_x-40.0_y-3.0_26.0,V_x-40.0_y-3.0_26.0,left,forward,forward_left,1
632,-38.500,0.500,0.500,-90.000,V_x-40.0_y-3.0_26.0_forward_left,V_x-40.0_y-3.0_26.0,V_x-40.0_y-3.0_26.0,left,forward,forward_left,1
633,-38.500,0.000,0.500,-90.000,V_x-40.0_y-3.0_26.0_forward_left,V_x-40.0_y-3.0_26.0,V_x-40.0_y-3.0_26.0,left,forward,forward_left,1
634,-38.500,-0.500,0.500,-90.000,V_x-40.0_y-3.0_26.0_forward_left,V_x-40.0_y-3.0_26.0,V_x-40.0_y-3.0_26.0,left,forward,forward_left,1
635,-38.500,-1.000,0.500,-90.000,V_x-40.0_y-3.0_26.0_forward_left,V_x-40.0_y-3.0_26.0,V_x-40.0_y-3.0_26.0,left,forward,forward_left,1
636,-38.500,-1.500,0.500,-90.000,V_x-40.0_y-3.0_26.0_forward_left,V_x-40.0_y-3.0_26.0,V_x-40.0_y-3.0_26.0,left,forward,forward_left,1
637,-38.500,-2.000,0.500,-90.000,V_x-40.0_y-3.0_26.0_forward_left,V_x-40.0_y-3.0_26.0,V_x-40.0_y-3.0_26.0,left,forward,forward_left,1
638,-38.500,-2.500,0.500,-90.000,V_x-40.0_y-3.0_26.0_forward_left,V_x-40.0_y-3.0_26.0,V_x-40.0_y-3.0_26.0,left,forward,forward_left,1
639,-38.500,-3.000,0.500,-90.000,V_x-40.0_y-3.0_26.0_forward_left,V_x-40.0_y-3.0_26.0,V_x-40.0_y-3.0_26.0,left,forward,forward_left,0
640,-41.500,26.000,0.500,-90.000,V_x-40.0_y-3.0_26.0_forward_right,V_x-40.0_y-3.0_26.0,V_x-40.0_y-3.0_26.0,right,forward,forward_right,1
641,-41.500,25.500,0.500,-90.000,V_x-40.0_y-3.0_26.0_forward_right,V_x-40.0_y-3.0_26.0,V_x-40.0_y-3.0_26.0,right,forward,forward_right,1
642,-41.500,25.000,0.500,-90.000,V_x-40.0_y-3.0_26.0_forward_right,V_x-40.0_y-3.0_26.0,V_x-40.0_y-3.0_26.0,right,forward,forward_right,1
643,-41.500,24.500,0.500,-90.000,V_x-40.0_y-3.0_26.0_forward_right,V_x-40.0_y-3.0_26.0,V_x-40.0_y-3.0_26.0,right,forward,forward_right,1
644,-41.500,24.000,0.500,-90.000,V_x-40.0_y-3.0_26.0_forward_right,V_x-40.0_y-3.0_26.0,V_x-40.0_y-3.0_26.0,right,forward,forward_right,1
645,-41.500,23.500,0.500,-90.000,V_x-40.0_y-3.0_26.0_forward_right,V_x-40.0_y-3.0_26.0,V_x-40.0_y-3.0_26.0,right,forward,forward_right,1
646,-41.500,23.000,0.500,-90.000,V_x-40.0_y-3.0_26.0_forward_right,V_x-40.0_y-3.0_26.0,V_x-40.0_y-3.0_26.0,right,forward,forward_right,1
647,-41.500,22.500,0.500,-90.000,V_x-40.0_y-3.0_26.0_forward_right,V_x-40.0_y-3.0_26.0,V_x-40.0_y-3.0_26.0,right,forward,forward_right,1
648,-41.500,22.000,0.500,-90.000,V_x-40.0_y-3.0_26.0_forward_right,V_x-40.0_y-3.0_26.0,V_x-40.0_y-3.0_26.0,right,forward,forward_right,1
649,-41.500,21.500,0.500,-90.000,V_x-40.0_y-3.0_26.0_forward_right,V_x-40.0_y-3.0_26.0,V_x-40.0_y-3.0_26.0,right,forward,forward_right,1
650,-41.500,21.000,0.500,-90.000,V_x-40.0_y-3.0_26.0_forward_right,V_x-40.0_y-3.0_26.0,V_x-40.0_y-3.0_26.0,right,forward,forward_right,1
651,-41.500,20.500,0.500,-90.000,V_x-40.0_y-3.0_26.0_forward_right,V_x-40.0_y-3.0_26.0,V_x-40.0_y-3.0_26.0,right,forward,forward_right,1
652,-41.500,20.000,0.500,-90.000,V_x-40.0_y-3.0_26.0_forward_right,V_x-40.0_y-3.0_26.0,V_x-40.0_y-3.0_26.0,right,forward,forward_right,1
653,-41.500,19.500,0.500,-90.000,V_x-40.0_y-3.0_26.0_forward_right,V_x-40.0_y-3.0_26.0,V_x-40.0_y-3.0_26.0,right,forward,forward_right,1
654,-41.500,19.000,0.500,-90.000,V_x-40.0_y-3.0_26.0_forward_right,V_x-40.0_y-3.0_26.0,V_x-40.0_y-3.0_26.0,right,forward,forward_right,1
655,-41.500,18.500,0.500,-90.000,V_x-40.0_y-3.0_26.0_forward_right,V_x-40.0_y-3.0_26.0,V_x-40.0_y-3.0_26.0,right,forward,forward_right,1
656,-41.500,18.000,0.500,-90.000,V_x-40.0_y-3.0_26.0_forward_right,V_x-40.0_y-3.0_26.0,V_x-40.0_y-3.0_26.0,right,forward,forward_right,1
657,-41.500,17.500,0.500,-90.000,V_x-40.0_y-3.0_26.0_forward_right,V_x-40.0_y-3.0_26.0,V_x-40.0_y-3.0_26.0,right,forward,forward_right,1
658,-41.500,17.000,0.500,-90.000,V_x-40.0_y-3.0_26.0_forward_right,V_x-40.0_y-3.0_26.0,V_x-40.0_y-3.0_26.0,right,forward,forward_right,1
659,-41.500,16.500,0.500,-90.000,V_x-40.0_y-3.0_26.0_forward_right,V_x-40.0_y-3.0_26.0,V_x-40.0_y-3.0_26.0,right,forward,forward_right,1
660,-41.500,16.000,0.500,-90.000,V_x-40.0_y-3.0_26.0_forward_right,V_x-40.0_y-3.0_26.0,V_x-40.0_y-3.0_26.0,right,forward,forward_right,1
661,-41.500,15.500,0.500,-90.000,V_x-40.0_y-3.0_26.0_forward_right,V_x-40.0_y-3.0_26.0,V_x-40.0_y-3.0_26.0,right,forward,forward_right,1
662,-41.500,15.000,0.500,-90.000,V_x-40.0_y-3.0_26.0_forward_right,V_x-40.0_y-3.0_26.0,V_x-40.0_y-3.0_26.0,right,forward,forward_right,1
663,-41.500,14.500,0.500,-90.000,V_x-40.0_y-3.0_26.0_forward_right,V_x-40.0_y-3.0_26.0,V_x-40.0_y-3.0_26.0,right,forward,forward_right,1
664,-41.500,14.000,0.500,-90.000,V_x-40.0_y-3.0_26.0_forward_right,V_x-40.0_y-3.0_26.0,V_x-40.0_y-3.0_26.0,right,forward,forward_right,1
665,-41.500,13.500,0.500,-90.000,V_x-40.0_y-3.0_26.0_forward_right,V_x-40.0_y-3.0_26.0,V_x-40.0_y-3.0_26.0,right,forward,forward_right,1
666,-41.500,13.000,0.500,-90.000,V_x-40.0_y-3.0_26.0_forward_right,V_x-40.0_y-3.0_26.0,V_x-40.0_y-3.0_26.0,right,forward,forward_right,1
667,-41.500,12.500,0.500,-90.000,V_x-40.0_y-3.0_26.0_forward_right,V_x-40.0_y-3.0_26.0,V_x-40.0_y-3.0_26.0,right,forward,forward_right,1
668,-41.500,12.000,0.500,-90.000,V_x-40.0_y-3.0_26.0_forward_right,V_x-40.0_y-3.0_26.0,V_x-40.0_y-3.0_26.0,right,forward,forward_right,1
669,-41.500,11.500,0.500,-90.000,V_x-40.0_y-3.0_26.0_forward_right,V_x-40.0_y-3.0_26.0,V_x-40.0_y-3.0_26.0,right,forward,forward_right,1
670,-41.500,11.000,0.500,-90.000,V_x-40.0_y-3.0_26.0_forward_right,V_x-40.0_y-3.0_26.0,V_x-40.0_y-3.0_26.0,right,forward,forward_right,1
671,-41.500,10.500,0.500,-90.000,V_x-40.0_y-3.0_26.0_forward_right,V_x-40.0_y-3.0_26.0,V_x-40.0_y-3.0_26.0,right,forward,forward_right,1
672,-41.500,10.000,0.500,-90.000,V_x-40.0_y-3.0_26.0_forward_right,V_x-40.0_y-3.0_26.0,V_x-40.0_y-3.0_26.0,right,forward,forward_right,1
673,-41.500,9.500,0.500,-90.000,V_x-40.0_y-3.0_26.0_forward_right,V_x-40.0_y-3.0_26.0,V_x-40.0_y-3.0_26.0,right,forward,forward_right,1
674,-41.500,9.000,0.500,-90.000,V_x-40.0_y-3.0_26.0_forward_right,V_x-40.0_y-3.0_26.0,V_x-40.0_y-3.0_26.0,right,forward,forward_right,1
675,-41.500,8.500,0.500,-90.000,V_x-40.0_y-3.0_26.0_forward_right,V_x-40.0_y-3.0_26.0,V_x-40.0_y-3.0_26.0,right,forward,forward_right,1
676,-41.500,8.000,0.500,-90.000,V_x-40.0_y-3.0_26.0_forward_right,V_x-40.0_y-3.0_26.0,V_x-40.0_y-3.0_26.0,right,forward,forward_right,1
677,-41.500,7.500,0.500,-90.000,V_x-40.0_y-3.0_26.0_forward_right,V_x-40.0_y-3.0_26.0,V_x-40.0_y-3.0_26.0,right,forward,forward_right,1
678,-41.500,7.000,0.500,-90.000,V_x-40.0_y-3.0_26.0_forward_right,V_x-40.0_y-3.0_26.0,V_x-40.0_y-3.0_26.0,right,forward,forward_right,1
679,-41.500,6.500,0.500,-90.000,V_x-40.0_y-3.0_26.0_forward_right,V_x-40.0_y-3.0_26.0,V_x-40.0_y-3.0_26.0,right,forward,forward_right,1
680,-41.500,6.000,0.500,-90.000,V_x-40.0_y-3.0_26.0_forward_right,V_x-40.0_y-3.0_26.0,V_x-40.0_y-3.0_26.0,right,forward,forward_right,1
681,-41.500,5.500,0.500,-90.000,V_x-40.0_y-3.0_26.0_forward_right,V_x-40.0_y-3.0_26.0,V_x-40.0_y-3.0_26.0,right,forward,forward_right,1
682,-41.500,5.000,0.500,-90.000,V_x-40.0_y-3.0_26.0_forward_right,V_x-40.0_y-3.0_26.0,V_x-40.0_y-3.0_26.0,right,forward,forward_right,1
683,-41.500,4.500,0.500,-90.000,V_x-40.0_y-3.0_26.0_forward_right,V_x-40.0_y-3.0_26.0,V_x-40.0_y-3.0_26.0,right,forward,forward_right,1
684,-41.500,4.000,0.500,-90.000,V_x-40.0_y-3.0_26.0_forward_right,V_x-40.0_y-3.0_26.0,V_x-40.0_y-3.0_26.0,right,forward,forward_right,1
685,-41.500,3.500,0.500,-90.000,V_x-40.0_y-3.0_26.0_forward_right,V_x-40.0_y-3.0_26.0,V_x-40.0_y-3.0_26.0,right,forward,forward_right,1
686,-41.500,3.000,0.500,-90.000,V_x-40.0_y-3.0_26.0_forward_right,V_x-40.0_y-3.0_26.0,V_x-40.0_y-3.0_26.0,right,forward,forward_right,1
687,-41.500,2.500,0.500,-90.000,V_x-40.0_y-3.0_26.0_forward_right,V_x-40.0_y-3.0_26.0,V_x-40.0_y-3.0_26.0,right,forward,forward_right,1
688,-41.500,2.000,0.500,-90.000,V_x-40.0_y-3.0_26.0_forward_right,V_x-40.0_y-3.0_26.0,V_x-40.0_y-3.0_26.0,right,forward,forward_right,1
689,-41.500,1.500,0.500,-90.000,V_x-40.0_y-3.0_26.0_forward_right,V_x-40.0_y-3.0_26.0,V_x-40.0_y-3.0_26.0,right,forward,forward_right,1
690,-41.500,1.000,0.500,-90.000,V_x-40.0_y-3.0_26.0_forward_right,V_x-40.0_y-3.0_26.0,V_x-40.0_y-3.0_26.0,right,forward,forward_right,1
691,-41.500,0.500,0.500,-90.000,V_x-40.0_y-3.0_26.0_forward_right,V_x-40.0_y-3.0_26.0,V_x-40.0_y-3.0_26.0,right,forward,forward_right,1
692,-41.500,-0.000,0.500,-90.000,V_x-40.0_y-3.0_26.0_forward_right,V_x-40.0_y-3.0_26.0,V_x-40.0_y-3.0_26.0,right,forward,forward_right,1
693,-41.500,-0.500,0.500,-90.000,V_x-40.0_y-3.0_26.0_forward_right,V_x-40.0_y-3.0_26.0,V_x-40.0_y-3.0_26.0,right,forward,forward_right,1
694,-41.500,-1.000,0.500,-90.000,V_x-40.0_y-3.0_26.0_forward_right,V_x-40.0_y-3.0_26.0,V_x-40.0_y-3.0_26.0,right,forward,forward_right,1
695,-41.500,-1.500,0.500,-90.000,V_x-40.0_y-3.0_26.0_forward_right,V_x-40.0_y-3.0_26.0,V_x-40.0_y-3.0_26.0,right,forward,forward_right,1
696,-41.500,-2.000,0.500,-90.000,V_x-40.0_y-3.0_26.0_forward_right,V_x-40.0_y-3.0_26.0,V_x-40.0_y-3.0_26.0,right,forward,forward_right,1
697,-41.500,-2.500,0.500,-90.000,V_x-40.0_y-3.0_26.0_forward_right,V_x-40.0_y-3.0_26.0,V_x-40.0_y-3.0_26.0,right,forward,forward_right,1
698,-41.500,-3.000,0.500,-90.000,V_x-40.0_y-3.0_26.0_forward_right,V_x-40.0_y-3.0_26.0,V_x-40.0_y-3.0_26.0,right,forward,forward_right,0
699,-41.500,-3.000,0.500,90.000,V_x-40.0_y-3.0_26.0_reverse_left,V_x-40.0_y-3.0_26.0,V_x-40.0_y-3.0_26.0,left,reverse,reverse_left,1
700,-41.500,-2.500,0.500,90.000,V_x-40.0_y-3.0_26.0_reverse_left,V_x-40.0_y-3.0_26.0,V_x-40.0_y-3.0_26.0,left,reverse,reverse_left,1
701,-41.500,-2.000,0.500,90.000,V_x-40.0_y-3.0_26.0_reverse_left,V_x-40.0_y-3.0_26.0,V_x-40.0_y-3.0_26.0,left,reverse,reverse_left,1
702,-41.500,-1.500,0.500,90.000,V_x-40.0_y-3.0_26.0_reverse_left,V_x-40.0_y-3.0_26.0,V_x-40.0_y-3.0_26.0,left,reverse,reverse_left,1
703,-41.500,-1.000,0.500,90.000,V_x-40.0_y-3.0_26.0_reverse_left,V_x-40.0_y-3.0_26.0,V_x-40.0_y-3.0_26.0,left,reverse,reverse_left,1
704,-41.500,-0.500,0.500,90.000,V_x-40.0_y-3.0_26.0_reverse_left,V_x-40.0_y-3.0_26.0,V_x-40.0_y-3.0_26.0,left,reverse,reverse_left,1
705,-41.500,0.000,0.500,90.000,V_x-40.0_y-3.0_26.0_reverse_left,V_x-40.0_y-3.0_26.0,V_x-40.0_y-3.0_26.0,left,reverse,reverse_left,1
706,-41.500,0.500,0.500,90.000,V_x-40.0_y-3.0_26.0_reverse_left,V_x-40.0_y-3.0_26.0,V_x-40.0_y-3.0_26.0,left,reverse,reverse_left,1
707,-41.500,1.000,0.500,90.000,V_x-40.0_y-3.0_26.0_reverse_left,V_x-40.0_y-3.0_26.0,V_x-40.0_y-3.0_26.0,left,reverse,reverse_left,1
708,-41.500,1.500,0.500,90.000,V_x-40.0_y-3.0_26.0_reverse_left,V_x-40.0_y-3.0_26.0,V_x-40.0_y-3.0_26.0,left,reverse,reverse_left,1
709,-41.500,2.000,0.500,90.000,V_x-40.0_y-3.0_26.0_reverse_left,V_x-40.0_y-3.0_26.0,V_x-40.0_y-3.0_26.0,left,reverse,reverse_left,1
710,-41.500,2.500,0.500,90.000,V_x-40.0_y-3.0_26.0_reverse_left,V_x-40.0_y-3.0_26.0,V_x-40.0_y-3.0_26.0,left,reverse,reverse_left,1
711,-41.500,3.000,0.500,90.000,V_x-40.0_y-3.0_26.0_reverse_left,V_x-40.0_y-3.0_26.0,V_x-40.0_y-3.0_26.0,left,reverse,reverse_left,1
712,-41.500,3.500,0.500,90.000,V_x-40.0_y-3.0_26.0_reverse_left,V_x-40.0_y-3.0_26.0,V_x-40.0_y-3.0_26.0,left,reverse,reverse_left,1
713,-41.500,4.000,0.500,90.000,V_x-40.0_y-3.0_26.0_reverse_left,V_x-40.0_y-3.0_26.0,V_x-40.0_y-3.0_26.0,left,reverse,reverse_left,1
714,-41.500,4.500,0.500,90.000,V_x-40.0_y-3.0_26.0_reverse_left,V_x-40.0_y-3.0_26.0,V_x-40.0_y-3.0_26.0,left,reverse,reverse_left,1
715,-41.500,5.000,0.500,90.000,V_x-40.0_y-3.0_26.0_reverse_left,V_x-40.0_y-3.0_26.0,V_x-40.0_y-3.0_26.0,left,reverse,reverse_left,1
716,-41.500,5.500,0.500,90.000,V_x-40.0_y-3.0_26.0_reverse_left,V_x-40.0_y-3.0_26.0,V_x-40.0_y-3.0_26.0,left,reverse,reverse_left,1
717,-41.500,6.000,0.500,90.000,V_x-40.0_y-3.0_26.0_reverse_left,V_x-40.0_y-3.0_26.0,V_x-40.0_y-3.0_26.0,left,reverse,reverse_left,1
718,-41.500,6.500,0.500,90.000,V_x-40.0_y-3.0_26.0_reverse_left,V_x-40.0_y-3.0_26.0,V_x-40.0_y-3.0_26.0,left,reverse,reverse_left,1
719,-41.500,7.000,0.500,90.000,V_x-40.0_y-3.0_26.0_reverse_left,V_x-40.0_y-3.0_26.0,V_x-40.0_y-3.0_26.0,left,reverse,reverse_left,1
720,-41.500,7.500,0.500,90.000,V_x-40.0_y-3.0_26.0_reverse_left,V_x-40.0_y-3.0_26.0,V_x-40.0_y-3.0_26.0,left,reverse,reverse_left,1
721,-41.500,8.000,0.500,90.000,V_x-40.0_y-3.0_26.0_reverse_left,V_x-40.0_y-3.0_26.0,V_x-40.0_y-3.0_26.0,left,reverse,reverse_left,1
722,-41.500,8.500,0.500,90.000,V_x-40.0_y-3.0_26.0_reverse_left,V_x-40.0_y-3.0_26.0,V_x-40.0_y-3.0_26.0,left,reverse,reverse_left,1
723,-41.500,9.000,0.500,90.000,V_x-40.0_y-3.0_26.0_reverse_left,V_x-40.0_y-3.0_26.0,V_x-40.0_y-3.0_26.0,left,reverse,reverse_left,1
724,-41.500,9.500,0.500,90.000,V_x-40.0_y-3.0_26.0_reverse_left,V_x-40.0_y-3.0_26.0,V_x-40.0_y-3.0_26.0,left,reverse,reverse_left,1
725,-41.500,10.000,0.500,90.000,V_x-40.0_y-3.0_26.0_reverse_left,V_x-40.0_y-3.0_26.0,V_x-40.0_y-3.0_26.0,left,reverse,reverse_left,1
726,-41.500,10.500,0.500,90.000,V_x-40.0_y-3.0_26.0_reverse_left,V_x-40.0_y-3.0_26.0,V_x-40.0_y-3.0_26.0,left,reverse,reverse_left,1
727,-41.500,11.000,0.500,90.000,V_x-40.0_y-3.0_26.0_reverse_left,V_x-40.0_y-3.0_26.0,V_x-40.0_y-3.0_26.0,left,reverse,reverse_left,1
728,-41.500,11.500,0.500,90.000,V_x-40.0_y-3.0_26.0_reverse_left,V_x-40.0_y-3.0_26.0,V_x-40.0_y-3.0_26.0,left,reverse,reverse_left,1
729,-41.500,12.000,0.500,90.000,V_x-40.0_y-3.0_26.0_reverse_left,V_x-40.0_y-3.0_26.0,V_x-40.0_y-3.0_26.0,left,reverse,reverse_left,1
730,-41.500,12.500,0.500,90.000,V_x-40.0_y-3.0_26.0_reverse_left,V_x-40.0_y-3.0_26.0,V_x-40.0_y-3.0_26.0,left,reverse,reverse_left,1
731,-41.500,13.000,0.500,90.000,V_x-40.0_y-3.0_26.0_reverse_left,V_x-40.0_y-3.0_26.0,V_x-40.0_y-3.0_26.0,left,reverse,reverse_left,1
732,-41.500,13.500,0.500,90.000,V_x-40.0_y-3.0_26.0_reverse_left,V_x-40.0_y-3.0_26.0,V_x-40.0_y-3.0_26.0,left,reverse,reverse_left,1
733,-41.500,14.000,0.500,90.000,V_x-40.0_y-3.0_26.0_reverse_left,V_x-40.0_y-3.0_26.0,V_x-40.0_y-3.0_26.0,left,reverse,reverse_left,1
734,-41.500,14.500,0.500,90.000,V_x-40.0_y-3.0_26.0_reverse_left,V_x-40.0_y-3.0_26.0,V_x-40.0_y-3.0_26.0,left,reverse,reverse_left,1
735,-41.500,15.000,0.500,90.000,V_x-40.0_y-3.0_26.0_reverse_left,V_x-40.0_y-3.0_26.0,V_x-40.0_y-3.0_26.0,left,reverse,reverse_left,1
736,-41.500,15.500,0.500,90.000,V_x-40.0_y-3.0_26.0_reverse_left,V_x-40.0_y-3.0_26.0,V_x-40.0_y-3.0_26.0,left,reverse,reverse_left,1
737,-41.500,16.000,0.500,90.000,V_x-40.0_y-3.0_26.0_reverse_left,V_x-40.0_y-3.0_26.0,V_x-40.0_y-3.0_26.0,left,reverse,reverse_left,1
738,-41.500,16.500,0.500,90.000,V_x-40.0_y-3.0_26.0_reverse_left,V_x-40.0_y-3.0_26.0,V_x-40.0_y-3.0_26.0,left,reverse,reverse_left,1
739,-41.500,17.000,0.500,90.000,V_x-40.0_y-3.0_26.0_reverse_left,V_x-40.0_y-3.0_26.0,V_x-40.0_y-3.0_26.0,left,reverse,reverse_left,1
740,-41.500,17.500,0.500,90.000,V_x-40.0_y-3.0_26.0_reverse_left,V_x-40.0_y-3.0_26.0,V_x-40.0_y-3.0_26.0,left,reverse,reverse_left,1
741,-41.500,18.000,0.500,90.000,V_x-40.0_y-3.0_26.0_reverse_left,V_x-40.0_y-3.0_26.0,V_x-40.0_y-3.0_26.0,left,reverse,reverse_left,1
742,-41.500,18.500,0.500,90.000,V_x-40.0_y-3.0_26.0_reverse_left,V_x-40.0_y-3.0_26.0,V_x-40.0_y-3.0_26.0,left,reverse,reverse_left,1
743,-41.500,19.000,0.500,90.000,V_x-40.0_y-3.0_26.0_reverse_left,V_x-40.0_y-3.0_26.0,V_x-40.0_y-3.0_26.0,left,reverse,reverse_left,1
744,-41.500,19.500,0.500,90.000,V_x-40.0_y-3.0_26.0_reverse_left,V_x-40.0_y-3.0_26.0,V_x-40.0_y-3.0_26.0,left,reverse,reverse_left,1
745,-41.500,20.000,0.500,90.000,V_x-40.0_y-3.0_26.0_reverse_left,V_x-40.0_y-3.0_26.0,V_x-40.0_y-3.0_26.0,left,reverse,reverse_left,1
746,-41.500,20.500,0.500,90.000,V_x-40.0_y-3.0_26.0_reverse_left,V_x-40.0_y-3.0_26.0,V_x-40.0_y-3.0_26.0,left,reverse,reverse_left,1
747,-41.500,21.000,0.500,90.000,V_x-40.0_y-3.0_26.0_reverse_left,V_x-40.0_y-3.0_26.0,V_x-40.0_y-3.0_26.0,left,reverse,reverse_left,1
748,-41.500,21.500,0.500,90.000,V_x-40.0_y-3.0_26.0_reverse_left,V_x-40.0_y-3.0_26.0,V_x-40.0_y-3.0_26.0,left,reverse,reverse_left,1
749,-41.500,22.000,0.500,90.000,V_x-40.0_y-3.0_26.0_reverse_left,V_x-40.0_y-3.0_26.0,V_x-40.0_y-3.0_26.0,left,reverse,reverse_left,1
750,-41.500,22.500,0.500,90.000,V_x-40.0_y-3.0_26.0_reverse_left,V_x-40.0_y-3.0_26.0,V_x-40.0_y-3.0_26.0,left,reverse,reverse_left,1
751,-41.500,23.000,0.500,90.000,V_x-40.0_y-3.0_26.0_reverse_left,V_x-40.0_y-3.0_26.0,V_x-40.0_y-3.0_26.0,left,reverse,reverse_left,1
752,-41.500,23.500,0.500,90.000,V_x-40.0_y-3.0_26.0_reverse_left,V_x-40.0_y-3.0_26.0,V_x-40.0_y-3.0_26.0,left,reverse,reverse_left,1
753,-41.500,24.000,0.500,90.000,V_x-40.0_y-3.0_26.0_reverse_left,V_x-40.0_y-3.0_26.0,V_x-40.0_y-3.0_26.0,left,reverse,reverse_left,1
754,-41.500,24.500,0.500,90.000,V_x-40.0_y-3.0_26.0_reverse_left,V_x-40.0_y-3.0_26.0,V_x-40.0_y-3.0_26.0,left,reverse,reverse_left,1
755,-41.500,25.000,0.500,90.000,V_x-40.0_y-3.0_26.0_reverse_left,V_x-40.0_y-3.0_26.0,V_x-40.0_y-3.0_26.0,left,reverse,reverse_left,1
756,-41.500,25.500,0.500,90.000,V_x-40.0_y-3.0_26.0_reverse_left,V_x-40.0_y-3.0_26.0,V_x-40.0_y-3.0_26.0,left,reverse,reverse_left,1
757,-41.500,26.000,0.500,90.000,V_x-40.0_y-3.0_26.0_reverse_left,V_x-40.0_y-3.0_26.0,V_x-40.0_y-3.0_26.0,left,reverse,reverse_left,0
758,-38.500,-3.000,0.500,90.000,V_x-40.0_y-3.0_26.0_reverse_right,V_x-40.0_y-3.0_26.0,V_x-40.0_y-3.0_26.0,right,reverse,reverse_right,1
759,-38.500,-2.500,0.500,90.000,V_x-40.0_y-3.0_26.0_reverse_right,V_x-40.0_y-3.0_26.0,V_x-40.0_y-3.0_26.0,right,reverse,reverse_right,1
760,-38.500,-2.000,0.500,90.000,V_x-40.0_y-3.0_26.0_reverse_right,V_x-40.0_y-3.0_26.0,V_x-40.0_y-3.0_26.0,right,reverse,reverse_right,1
761,-38.500,-1.500,0.500,90.000,V_x-40.0_y-3.0_26.0_reverse_right,V_x-40.0_y-3.0_26.0,V_x-40.0_y-3.0_26.0,right,reverse,reverse_right,1
762,-38.500,-1.000,0.500,90.000,V_x-40.0_y-3.0_26.0_reverse_right,V_x-40.0_y-3.0_26.0,V_x-40.0_y-3.0_26.0,right,reverse,reverse_right,1
763,-38.500,-0.500,0.500,90.000,V_x-40.0_y-3.0_26.0_reverse_right,V_x-40.0_y-3.0_26.0,V_x-40.0_y-3.0_26.0,right,reverse,reverse_right,1
764,-38.500,-0.000,0.500,90.000,V_x-40.0_y-3.0_26.0_reverse_right,V_x-40.0_y-3.0_26.0,V_x-40.0_y-3.0_26.0,right,reverse,reverse_right,1
765,-38.500,0.500,0.500,90.000,V_x-40.0_y-3.0_26.0_reverse_right,V_x-40.0_y-3.0_26.0,V_x-40.0_y-3.0_26.0,right,reverse,reverse_right,1
766,-38.500,1.000,0.500,90.000,V_x-40.0_y-3.0_26.0_reverse_right,V_x-40.0_y-3.0_26.0,V_x-40.0_y-3.0_26.0,right,reverse,reverse_right,1
767,-38.500,1.500,0.500,90.000,V_x-40.0_y-3.0_26.0_reverse_right,V_x-40.0_y-3.0_26.0,V_x-40.0_y-3.0_26.0,right,reverse,reverse_right,1
768,-38.500,2.000,0.500,90.000,V_x-40.0_y-3.0_26.0_reverse_right,V_x-40.0_y-3.0_26.0,V_x-40.0_y-3.0_26.0,right,reverse,reverse_right,1
769,-38.500,2.500,0.500,90.000,V_x-40.0_y-3.0_26.0_reverse_right,V_x-40.0_y-3.0_26.0,V_x-40.0_y-3.0_26.0,right,reverse,reverse_right,1
770,-38.500,3.000,0.500,90.000,V_x-40.0_y-3.0_26.0_reverse_right,V_x-40.0_y-3.0_26.0,V_x-40.0_y-3.0_26.0,right,reverse,reverse_right,1
771,-38.500,3.500,0.500,90.000,V_x-40.0_y-3.0_26.0_reverse_right,V_x-40.0_y-3.0_26.0,V_x-40.0_y-3.0_26.0,right,reverse,reverse_right,1
772,-38.500,4.000,0.500,90.000,V_x-40.0_y-3.0_26.0_reverse_right,V_x-40.0_y-3.0_26.0,V_x-40.0_y-3.0_26.0,right,reverse,reverse_right,1
773,-38.500,4.500,0.500,90.000,V_x-40.0_y-3.0_26.0_reverse_right,V_x-40.0_y-3.0_26.0,V_x-40.0_y-3.0_26.0,right,reverse,reverse_right,1
774,-38.500,5.000,0.500,90.000,V_x-40.0_y-3.0_26.0_reverse_right,V_x-40.0_y-3.0_26.0,V_x-40.0_y-3.0_26.0,right,reverse,reverse_right,1
775,-38.500,5.500,0.500,90.000,V_x-40.0_y-3.0_26.0_reverse_right,V_x-40.0_y-3.0_26.0,V_x-40.0_y-3.0_26.0,right,reverse,reverse_right,1
776,-38.500,6.000,0.500,90.000,V_x-40.0_y-3.0_26.0_reverse_right,V_x-40.0_y-3.0_26.0,V_x-40.0_y-3.0_26.0,right,reverse,reverse_right,1
777,-38.500,6.500,0.500,90.000,V_x-40.0_y-3.0_26.0_reverse_right,V_x-40.0_y-3.0_26.0,V_x-40.0_y-3.0_26.0,right,reverse,reverse_right,1
778,-38.500,7.000,0.500,90.000,V_x-40.0_y-3.0_26.0_reverse_right,V_x-40.0_y-3.0_26.0,V_x-40.0_y-3.0_26.0,right,reverse,reverse_right,1
779,-38.500,7.500,0.500,90.000,V_x-40.0_y-3.0_26.0_reverse_right,V_x-40.0_y-3.0_26.0,V_x-40.0_y-3.0_26.0,right,reverse,reverse_right,1
780,-38.500,8.000,0.500,90.000,V_x-40.0_y-3.0_26.0_reverse_right,V_x-40.0_y-3.0_26.0,V_x-40.0_y-3.0_26.0,right,reverse,reverse_right,1
781,-38.500,8.500,0.500,90.000,V_x-40.0_y-3.0_26.0_reverse_right,V_x-40.0_y-3.0_26.0,V_x-40.0_y-3.0_26.0,right,reverse,reverse_right,1
782,-38.500,9.000,0.500,90.000,V_x-40.0_y-3.0_26.0_reverse_right,V_x-40.0_y-3.0_26.0,V_x-40.0_y-3.0_26.0,right,reverse,reverse_right,1
783,-38.500,9.500,0.500,90.000,V_x-40.0_y-3.0_26.0_reverse_right,V_x-40.0_y-3.0_26.0,V_x-40.0_y-3.0_26.0,right,reverse,reverse_right,1
784,-38.500,10.000,0.500,90.000,V_x-40.0_y-3.0_26.0_reverse_right,V_x-40.0_y-3.0_26.0,V_x-40.0_y-3.0_26.0,right,reverse,reverse_right,1
785,-38.500,10.500,0.500,90.000,V_x-40.0_y-3.0_26.0_reverse_right,V_x-40.0_y-3.0_26.0,V_x-40.0_y-3.0_26.0,right,reverse,reverse_right,1
786,-38.500,11.000,0.500,90.000,V_x-40.0_y-3.0_26.0_reverse_right,V_x-40.0_y-3.0_26.0,V_x-40.0_y-3.0_26.0,right,reverse,reverse_right,1
787,-38.500,11.500,0.500,90.000,V_x-40.0_y-3.0_26.0_reverse_right,V_x-40.0_y-3.0_26.0,V_x-40.0_y-3.0_26.0,right,reverse,reverse_right,1
788,-38.500,12.000,0.500,90.000,V_x-40.0_y-3.0_26.0_reverse_right,V_x-40.0_y-3.0_26.0,V_x-40.0_y-3.0_26.0,right,reverse,reverse_right,1
789,-38.500,12.500,0.500,90.000,V_x-40.0_y-3.0_26.0_reverse_right,V_x-40.0_y-3.0_26.0,V_x-40.0_y-3.0_26.0,right,reverse,reverse_right,1
790,-38.500,13.000,0.500,90.000,V_x-40.0_y-3.0_26.0_reverse_right,V_x-40.0_y-3.0_26.0,V_x-40.0_y-3.0_26.0,right,reverse,reverse_right,1
791,-38.500,13.500,0.500,90.000,V_x-40.0_y-3.0_26.0_reverse_right,V_x-40.0_y-3.0_26.0,V_x-40.0_y-3.0_26.0,right,reverse,reverse_right,1
792,-38.500,14.000,0.500,90.000,V_x-40.0_y-3.0_26.0_reverse_right,V_x-40.0_y-3.0_26.0,V_x-40.0_y-3.0_26.0,right,reverse,reverse_right,1
793,-38.500,14.500,0.500,90.000,V_x-40.0_y-3.0_26.0_reverse_right,V_x-40.0_y-3.0_26.0,V_x-40.0_y-3.0_26.0,right,reverse,reverse_right,1
794,-38.500,15.000,0.500,90.000,V_x-40.0_y-3.0_26.0_reverse_right,V_x-40.0_y-3.0_26.0,V_x-40.0_y-3.0_26.0,right,reverse,reverse_right,1
795,-38.500,15.500,0.500,90.000,V_x-40.0_y-3.0_26.0_reverse_right,V_x-40.0_y-3.0_26.0,V_x-40.0_y-3.0_26.0,right,reverse,reverse_right,1
796,-38.500,16.000,0.500,90.000,V_x-40.0_y-3.0_26.0_reverse_right,V_x-40.0_y-3.0_26.0,V_x-40.0_y-3.0_26.0,right,reverse,reverse_right,1
797,-38.500,16.500,0.500,90.000,V_x-40.0_y-3.0_26.0_reverse_right,V_x-40.0_y-3.0_26.0,V_x-40.0_y-3.0_26.0,right,reverse,reverse_right,1
798,-38.500,17.000,0.500,90.000,V_x-40.0_y-3.0_26.0_reverse_right,V_x-40.0_y-3.0_26.0,V_x-40.0_y-3.0_26.0,right,reverse,reverse_right,1
799,-38.500,17.500,0.500,90.000,V_x-40.0_y-3.0_26.0_reverse_right,V_x-40.0_y-3.0_26.0,V_x-40.0_y-3.0_26.0,right,reverse,reverse_right,1
800,-38.500,18.000,0.500,90.000,V_x-40.0_y-3.0_26.0_reverse_right,V_x-40.0_y-3.0_26.0,V_x-40.0_y-3.0_26.0,right,reverse,reverse_right,1
801,-38.500,18.500,0.500,90.000,V_x-40.0_y-3.0_26.0_reverse_right,V_x-40.0_y-3.0_26.0,V_x-40.0_y-3.0_26.0,right,reverse,reverse_right,1
802,-38.500,19.000,0.500,90.000,V_x-40.0_y-3.0_26.0_reverse_right,V_x-40.0_y-3.0_26.0,V_x-40.0_y-3.0_26.0,right,reverse,reverse_right,1
803,-38.500,19.500,0.500,90.000,V_x-40.0_y-3.0_26.0_reverse_right,V_x-40.0_y-3.0_26.0,V_x-40.0_y-3.0_26.0,right,reverse,reverse_right,1
804,-38.500,20.000,0.500,90.000,V_x-40.0_y-3.0_26.0_reverse_right,V_x-40.0_y-3.0_26.0,V_x-40.0_y-3.0_26.0,right,reverse,reverse_right,1
805,-38.500,20.500,0.500,90.000,V_x-40.0_y-3.0_26.0_reverse_right,V_x-40.0_y-3.0_26.0,V_x-40.0_y-3.0_26.0,right,reverse,reverse_right,1
806,-38.500,21.000,0.500,90.000,V_x-40.0_y-3.0_26.0_reverse_right,V_x-40.0_y-3.0_26.0,V_x-40.0_y-3.0_26.0,right,reverse,reverse_right,1
807,-38.500,21.500,0.500,90.000,V_x-40.0_y-3.0_26.0_reverse_right,V_x-40.0_y-3.0_26.0,V_x-40.0_y-3.0_26.0,right,reverse,reverse_right,1
808,-38.500,22.000,0.500,90.000,V_x-40.0_y-3.0_26.0_reverse_right,V_x-40.0_y-3.0_26.0,V_x-40.0_y-3.0_26.0,right,reverse,reverse_right,1
809,-38.500,22.500,0.500,90.000,V_x-40.0_y-3.0_26.0_reverse_right,V_x-40.0_y-3.0_26.0,V_x-40.0_y-3.0_26.0,right,reverse,reverse_right,1
810,-38.500,23.000,0.500,90.000,V_x-40.0_y-3.0_26.0_reverse_right,V_x-40.0_y-3.0_26.0,V_x-40.0_y-3.0_26.0,right,reverse,reverse_right,1
811,-38.500,23.500,0.500,90.000,V_x-40.0_y-3.0_26.0_reverse_right,V_x-40.0_y-3.0_26.0,V_x-40.0_y-3.0_26.0,right,reverse,reverse_right,1
812,-38.500,24.000,0.500,90.000,V_x-40.0_y-3.0_26.0_reverse_right,V_x-40.0_y-3.0_26.0,V_x-40.0_y-3.0_26.0,right,reverse,reverse_right,1
813,-38.500,24.500,0.500,90.000,V_x-40.0_y-3.0_26.0_reverse_right,V_x-40.0_y-3.0_26.0,V_x-40.0_y-3.0_26.0,right,reverse,reverse_right,1
814,-38.500,25.000,0.500,90.000,V_x-40.0_y-3.0_26.0_reverse_right,V_x-40.0_y-3.0_26.0,V_x-40.0_y-3.0_26.0,right,reverse,reverse_right,1
815,-38.500,25.500,0.500,90.000,V_x-40.0_y-3.0_26.0_reverse_right,V_x-40.0_y-3.0_26.0,V_x-40.0_y-3.0_26.0,right,reverse,reverse_right,1
816,-38.500,26.000,0.500,90.000,V_x-40.0_y-3.0_26.0_reverse_right,V_x-40.0_y-3.0_26.0,V_x-40.0_y-3.0_26.0,right,reverse,reverse_right,0
817,-40.000,-1.500,0.500,0.000,H_y-3.0_x-40.0_-20.0_forward_left,H_y-3.0_x-40.0_-20.0,H_y-3.0_x-40.0_-20.0,left,forward,forward_left,1
818,-39.500,-1.500,0.500,0.000,H_y-3.0_x-40.0_-20.0_forward_left,H_y-3.0_x-40.0_-20.0,H_y-3.0_x-40.0_-20.0,left,forward,forward_left,1
819,-39.000,-1.500,0.500,0.000,H_y-3.0_x-40.0_-20.0_forward_left,H_y-3.0_x-40.0_-20.0,H_y-3.0_x-40.0_-20.0,left,forward,forward_left,1
820,-38.500,-1.500,0.500,0.000,H_y-3.0_x-40.0_-20.0_forward_left,H_y-3.0_x-40.0_-20.0,H_y-3.0_x-40.0_-20.0,left,forward,forward_left,1
821,-38.000,-1.500,0.500,0.000,H_y-3.0_x-40.0_-20.0_forward_left,H_y-3.0_x-40.0_-20.0,H_y-3.0_x-40.0_-20.0,left,forward,forward_left,1
822,-37.500,-1.500,0.500,0.000,H_y-3.0_x-40.0_-20.0_forward_left,H_y-3.0_x-40.0_-20.0,H_y-3.0_x-40.0_-20.0,left,forward,forward_left,1
823,-37.000,-1.500,0.500,0.000,H_y-3.0_x-40.0_-20.0_forward_left,H_y-3.0_x-40.0_-20.0,H_y-3.0_x-40.0_-20.0,left,forward,forward_left,1
824,-36.500,-1.500,0.500,0.000,H_y-3.0_x-40.0_-20.0_forward_left,H_y-3.0_x-40.0_-20.0,H_y-3.0_x-40.0_-20.0,left,forward,forward_left,1
825,-36.000,-1.500,0.500,0.000,H_y-3.0_x-40.0_-20.0_forward_left,H_y-3.0_x-40.0_-20.0,H_y-3.0_x-40.0_-20.0,left,forward,forward_left,1
826,-35.500,-1.500,0.500,0.000,H_y-3.0_x-40.0_-20.0_forward_left,H_y-3.0_x-40.0_-20.0,H_y-3.0_x-40.0_-20.0,left,forward,forward_left,1
827,-35.000,-1.500,0.500,0.000,H_y-3.0_x-40.0_-20.0_forward_left,H_y-3.0_x-40.0_-20.0,H_y-3.0_x-40.0_-20.0,left,forward,forward_left,1
828,-34.500,-1.500,0.500,0.000,H_y-3.0_x-40.0_-20.0_forward_left,H_y-3.0_x-40.0_-20.0,H_y-3.0_x-40.0_-20.0,left,forward,forward_left,1
829,-34.000,-1.500,0.500,0.000,H_y-3.0_x-40.0_-20.0_forward_left,H_y-3.0_x-40.0_-20.0,H_y-3.0_x-40.0_-20.0,left,forward,forward_left,1
830,-33.500,-1.500,0.500,0.000,H_y-3.0_x-40.0_-20.0_forward_left,H_y-3.0_x-40.0_-20.0,H_y-3.0_x-40.0_-20.0,left,forward,forward_left,1
831,-33.000,-1.500,0.500,0.000,H_y-3.0_x-40.0_-20.0_forward_left,H_y-3.0_x-40.0_-20.0,H_y-3.0_x-40.0_-20.0,left,forward,forward_left,1
832,-32.500,-1.500,0.500,0.000,H_y-3.0_x-40.0_-20.0_forward_left,H_y-3.0_x-40.0_-20.0,H_y-3.0_x-40.0_-20.0,left,forward,forward_left,1
833,-32.000,-1.500,0.500,0.000,H_y-3.0_x-40.0_-20.0_forward_left,H_y-3.0_x-40.0_-20.0,H_y-3.0_x-40.0_-20.0,left,forward,forward_left,1
834,-31.500,-1.500,0.500,0.000,H_y-3.0_x-40.0_-20.0_forward_left,H_y-3.0_x-40.0_-20.0,H_y-3.0_x-40.0_-20.0,left,forward,forward_left,1
835,-31.000,-1.500,0.500,0.000,H_y-3.0_x-40.0_-20.0_forward_left,H_y-3.0_x-40.0_-20.0,H_y-3.0_x-40.0_-20.0,left,forward,forward_left,1
836,-30.500,-1.500,0.500,0.000,H_y-3.0_x-40.0_-20.0_forward_left,H_y-3.0_x-40.0_-20.0,H_y-3.0_x-40.0_-20.0,left,forward,forward_left,1
837,-30.000,-1.500,0.500,0.000,H_y-3.0_x-40.0_-20.0_forward_left,H_y-3.0_x-40.0_-20.0,H_y-3.0_x-40.0_-20.0,left,forward,forward_left,1
838,-29.500,-1.500,0.500,0.000,H_y-3.0_x-40.0_-20.0_forward_left,H_y-3.0_x-40.0_-20.0,H_y-3.0_x-40.0_-20.0,left,forward,forward_left,1
839,-29.000,-1.500,0.500,0.000,H_y-3.0_x-40.0_-20.0_forward_left,H_y-3.0_x-40.0_-20.0,H_y-3.0_x-40.0_-20.0,left,forward,forward_left,1
840,-28.500,-1.500,0.500,0.000,H_y-3.0_x-40.0_-20.0_forward_left,H_y-3.0_x-40.0_-20.0,H_y-3.0_x-40.0_-20.0,left,forward,forward_left,1
841,-28.000,-1.500,0.500,0.000,H_y-3.0_x-40.0_-20.0_forward_left,H_y-3.0_x-40.0_-20.0,H_y-3.0_x-40.0_-20.0,left,forward,forward_left,1
842,-27.500,-1.500,0.500,0.000,H_y-3.0_x-40.0_-20.0_forward_left,H_y-3.0_x-40.0_-20.0,H_y-3.0_x-40.0_-20.0,left,forward,forward_left,1
843,-27.000,-1.500,0.500,0.000,H_y-3.0_x-40.0_-20.0_forward_left,H_y-3.0_x-40.0_-20.0,H_y-3.0_x-40.0_-20.0,left,forward,forward_left,1
844,-26.500,-1.500,0.500,0.000,H_y-3.0_x-40.0_-20.0_forward_left,H_y-3.0_x-40.0_-20.0,H_y-3.0_x-40.0_-20.0,left,forward,forward_left,1
845,-26.000,-1.500,0.500,0.000,H_y-3.0_x-40.0_-20.0_forward_left,H_y-3.0_x-40.0_-20.0,H_y-3.0_x-40.0_-20.0,left,forward,forward_left,1
846,-25.500,-1.500,0.500,0.000,H_y-3.0_x-40.0_-20.0_forward_left,H_y-3.0_x-40.0_-20.0,H_y-3.0_x-40.0_-20.0,left,forward,forward_left,1
847,-25.000,-1.500,0.500,0.000,H_y-3.0_x-40.0_-20.0_forward_left,H_y-3.0_x-40.0_-20.0,H_y-3.0_x-40.0_-20.0,left,forward,forward_left,1
848,-24.500,-1.500,0.500,0.000,H_y-3.0_x-40.0_-20.0_forward_left,H_y-3.0_x-40.0_-20.0,H_y-3.0_x-40.0_-20.0,left,forward,forward_left,1
849,-24.000,-1.500,0.500,0.000,H_y-3.0_x-40.0_-20.0_forward_left,H_y-3.0_x-40.0_-20.0,H_y-3.0_x-40.0_-20.0,left,forward,forward_left,1
850,-23.500,-1.500,0.500,0.000,H_y-3.0_x-40.0_-20.0_forward_left,H_y-3.0_x-40.0_-20.0,H_y-3.0_x-40.0_-20.0,left,forward,forward_left,1
851,-23.000,-1.500,0.500,0.000,H_y-3.0_x-40.0_-20.0_forward_left,H_y-3.0_x-40.0_-20.0,H_y-3.0_x-40.0_-20.0,left,forward,forward_left,1
852,-22.500,-1.500,0.500,0.000,H_y-3.0_x-40.0_-20.0_forward_left,H_y-3.0_x-40.0_-20.0,H_y-3.0_x-40.0_-20.0,left,forward,forward_left,1
853,-22.000,-1.500,0.500,0.000,H_y-3.0_x-40.0_-20.0_forward_left,H_y-3.0_x-40.0_-20.0,H_y-3.0_x-40.0_-20.0,left,forward,forward_left,1
854,-21.500,-1.500,0.500,0.000,H_y-3.0_x-40.0_-20.0_forward_left,H_y-3.0_x-40.0_-20.0,H_y-3.0_x-40.0_-20.0,left,forward,forward_left,1
855,-21.000,-1.500,0.500,0.000,H_y-3.0_x-40.0_-20.0_forward_left,H_y-3.0_x-40.0_-20.0,H_y-3.0_x-40.0_-20.0,left,forward,forward_left,1
856,-20.500,-1.500,0.500,0.000,H_y-3.0_x-40.0_-20.0_forward_left,H_y-3.0_x-40.0_-20.0,H_y-3.0_x-40.0_-20.0,left,forward,forward_left,1
857,-20.000,-1.500,0.500,0.000,H_y-3.0_x-40.0_-20.0_forward_left,H_y-3.0_x-40.0_-20.0,H_y-3.0_x-40.0_-20.0,left,forward,forward_left,0
858,-40.000,-4.500,0.500,0.000,H_y-3.0_x-40.0_-20.0_forward_right,H_y-3.0_x-40.0_-20.0,H_y-3.0_x-40.0_-20.0,right,forward,forward_right,1
859,-39.500,-4.500,0.500,0.000,H_y-3.0_x-40.0_-20.0_forward_right,H_y-3.0_x-40.0_-20.0,H_y-3.0_x-40.0_-20.0,right,forward,forward_right,1
860,-39.000,-4.500,0.500,0.000,H_y-3.0_x-40.0_-20.0_forward_right,H_y-3.0_x-40.0_-20.0,H_y-3.0_x-40.0_-20.0,right,forward,forward_right,1
861,-38.500,-4.500,0.500,0.000,H_y-3.0_x-40.0_-20.0_forward_right,H_y-3.0_x-40.0_-20.0,H_y-3.0_x-40.0_-20.0,right,forward,forward_right,1
862,-38.000,-4.500,0.500,0.000,H_y-3.0_x-40.0_-20.0_forward_right,H_y-3.0_x-40.0_-20.0,H_y-3.0_x-40.0_-20.0,right,forward,forward_right,1
863,-37.500,-4.500,0.500,0.000,H_y-3.0_x-40.0_-20.0_forward_right,H_y-3.0_x-40.0_-20.0,H_y-3.0_x-40.0_-20.0,right,forward,forward_right,1
864,-37.000,-4.500,0.500,0.000,H_y-3.0_x-40.0_-20.0_forward_right,H_y-3.0_x-40.0_-20.0,H_y-3.0_x-40.0_-20.0,right,forward,forward_right,1
865,-36.500,-4.500,0.500,0.000,H_y-3.0_x-40.0_-20.0_forward_right,H_y-3.0_x-40.0_-20.0,H_y-3.0_x-40.0_-20.0,right,forward,forward_right,1
866,-36.000,-4.500,0.500,0.000,H_y-3.0_x-40.0_-20.0_forward_right,H_y-3.0_x-40.0_-20.0,H_y-3.0_x-40.0_-20.0,right,forward,forward_right,1
867,-35.500,-4.500,0.500,0.000,H_y-3.0_x-40.0_-20.0_forward_right,H_y-3.0_x-40.0_-20.0,H_y-3.0_x-40.0_-20.0,right,forward,forward_right,1
868,-35.000,-4.500,0.500,0.000,H_y-3.0_x-40.0_-20.0_forward_right,H_y-3.0_x-40.0_-20.0,H_y-3.0_x-40.0_-20.0,right,forward,forward_right,1
869,-34.500,-4.500,0.500,0.000,H_y-3.0_x-40.0_-20.0_forward_right,H_y-3.0_x-40.0_-20.0,H_y-3.0_x-40.0_-20.0,right,forward,forward_right,1
870,-34.000,-4.500,0.500,0.000,H_y-3.0_x-40.0_-20.0_forward_right,H_y-3.0_x-40.0_-20.0,H_y-3.0_x-40.0_-20.0,right,forward,forward_right,1
871,-33.500,-4.500,0.500,0.000,H_y-3.0_x-40.0_-20.0_forward_right,H_y-3.0_x-40.0_-20.0,H_y-3.0_x-40.0_-20.0,right,forward,forward_right,1
872,-33.000,-4.500,0.500,0.000,H_y-3.0_x-40.0_-20.0_forward_right,H_y-3.0_x-40.0_-20.0,H_y-3.0_x-40.0_-20.0,right,forward,forward_right,1
873,-32.500,-4.500,0.500,0.000,H_y-3.0_x-40.0_-20.0_forward_right,H_y-3.0_x-40.0_-20.0,H_y-3.0_x-40.0_-20.0,right,forward,forward_right,1
874,-32.000,-4.500,0.500,0.000,H_y-3.0_x-40.0_-20.0_forward_right,H_y-3.0_x-40.0_-20.0,H_y-3.0_x-40.0_-20.0,right,forward,forward_right,1
875,-31.500,-4.500,0.500,0.000,H_y-3.0_x-40.0_-20.0_forward_right,H_y-3.0_x-40.0_-20.0,H_y-3.0_x-40.0_-20.0,right,forward,forward_right,1
876,-31.000,-4.500,0.500,0.000,H_y-3.0_x-40.0_-20.0_forward_right,H_y-3.0_x-40.0_-20.0,H_y-3.0_x-40.0_-20.0,right,forward,forward_right,1
877,-30.500,-4.500,0.500,0.000,H_y-3.0_x-40.0_-20.0_forward_right,H_y-3.0_x-40.0_-20.0,H_y-3.0_x-40.0_-20.0,right,forward,forward_right,1
878,-30.000,-4.500,0.500,0.000,H_y-3.0_x-40.0_-20.0_forward_right,H_y-3.0_x-40.0_-20.0,H_y-3.0_x-40.0_-20.0,right,forward,forward_right,1
879,-29.500,-4.500,0.500,0.000,H_y-3.0_x-40.0_-20.0_forward_right,H_y-3.0_x-40.0_-20.0,H_y-3.0_x-40.0_-20.0,right,forward,forward_right,1
880,-29.000,-4.500,0.500,0.000,H_y-3.0_x-40.0_-20.0_forward_right,H_y-3.0_x-40.0_-20.0,H_y-3.0_x-40.0_-20.0,right,forward,forward_right,1
881,-28.500,-4.500,0.500,0.000,H_y-3.0_x-40.0_-20.0_forward_right,H_y-3.0_x-40.0_-20.0,H_y-3.0_x-40.0_-20.0,right,forward,forward_right,1
882,-28.000,-4.500,0.500,0.000,H_y-3.0_x-40.0_-20.0_forward_right,H_y-3.0_x-40.0_-20.0,H_y-3.0_x-40.0_-20.0,right,forward,forward_right,1
883,-27.500,-4.500,0.500,0.000,H_y-3.0_x-40.0_-20.0_forward_right,H_y-3.0_x-40.0_-20.0,H_y-3.0_x-40.0_-20.0,right,forward,forward_right,1
884,-27.000,-4.500,0.500,0.000,H_y-3.0_x-40.0_-20.0_forward_right,H_y-3.0_x-40.0_-20.0,H_y-3.0_x-40.0_-20.0,right,forward,forward_right,1
885,-26.500,-4.500,0.500,0.000,H_y-3.0_x-40.0_-20.0_forward_right,H_y-3.0_x-40.0_-20.0,H_y-3.0_x-40.0_-20.0,right,forward,forward_right,1
886,-26.000,-4.500,0.500,0.000,H_y-3.0_x-40.0_-20.0_forward_right,H_y-3.0_x-40.0_-20.0,H_y-3.0_x-40.0_-20.0,right,forward,forward_right,1
887,-25.500,-4.500,0.500,0.000,H_y-3.0_x-40.0_-20.0_forward_right,H_y-3.0_x-40.0_-20.0,H_y-3.0_x-40.0_-20.0,right,forward,forward_right,1
888,-25.000,-4.500,0.500,0.000,H_y-3.0_x-40.0_-20.0_forward_right,H_y-3.0_x-40.0_-20.0,H_y-3.0_x-40.0_-20.0,right,forward,forward_right,1
889,-24.500,-4.500,0.500,0.000,H_y-3.0_x-40.0_-20.0_forward_right,H_y-3.0_x-40.0_-20.0,H_y-3.0_x-40.0_-20.0,right,forward,forward_right,1
890,-24.000,-4.500,0.500,0.000,H_y-3.0_x-40.0_-20.0_forward_right,H_y-3.0_x-40.0_-20.0,H_y-3.0_x-40.0_-20.0,right,forward,forward_right,1
891,-23.500,-4.500,0.500,0.000,H_y-3.0_x-40.0_-20.0_forward_right,H_y-3.0_x-40.0_-20.0,H_y-3.0_x-40.0_-20.0,right,forward,forward_right,1
892,-23.000,-4.500,0.500,0.000,H_y-3.0_x-40.0_-20.0_forward_right,H_y-3.0_x-40.0_-20.0,H_y-3.0_x-40.0_-20.0,right,forward,forward_right,1
893,-22.500,-4.500,0.500,0.000,H_y-3.0_x-40.0_-20.0_forward_right,H_y-3.0_x-40.0_-20.0,H_y-3.0_x-40.0_-20.0,right,forward,forward_right,1
894,-22.000,-4.500,0.500,0.000,H_y-3.0_x-40.0_-20.0_forward_right,H_y-3.0_x-40.0_-20.0,H_y-3.0_x-40.0_-20.0,right,forward,forward_right,1
895,-21.500,-4.500,0.500,0.000,H_y-3.0_x-40.0_-20.0_forward_right,H_y-3.0_x-40.0_-20.0,H_y-3.0_x-40.0_-20.0,right,forward,forward_right,1
896,-21.000,-4.500,0.500,0.000,H_y-3.0_x-40.0_-20.0_forward_right,H_y-3.0_x-40.0_-20.0,H_y-3.0_x-40.0_-20.0,right,forward,forward_right,1
897,-20.500,-4.500,0.500,0.000,H_y-3.0_x-40.0_-20.0_forward_right,H_y-3.0_x-40.0_-20.0,H_y-3.0_x-40.0_-20.0,right,forward,forward_right,1
898,-20.000,-4.500,0.500,0.000,H_y-3.0_x-40.0_-20.0_forward_right,H_y-3.0_x-40.0_-20.0,H_y-3.0_x-40.0_-20.0,right,forward,forward_right,0
899,-20.000,-4.500,0.500,180.000,H_y-3.0_x-40.0_-20.0_reverse_left,H_y-3.0_x-40.0_-20.0,H_y-3.0_x-40.0_-20.0,left,reverse,reverse_left,1
900,-20.500,-4.500,0.500,180.000,H_y-3.0_x-40.0_-20.0_reverse_left,H_y-3.0_x-40.0_-20.0,H_y-3.0_x-40.0_-20.0,left,reverse,reverse_left,1
901,-21.000,-4.500,0.500,180.000,H_y-3.0_x-40.0_-20.0_reverse_left,H_y-3.0_x-40.0_-20.0,H_y-3.0_x-40.0_-20.0,left,reverse,reverse_left,1
902,-21.500,-4.500,0.500,180.000,H_y-3.0_x-40.0_-20.0_reverse_left,H_y-3.0_x-40.0_-20.0,H_y-3.0_x-40.0_-20.0,left,reverse,reverse_left,1
903,-22.000,-4.500,0.500,180.000,H_y-3.0_x-40.0_-20.0_reverse_left,H_y-3.0_x-40.0_-20.0,H_y-3.0_x-40.0_-20.0,left,reverse,reverse_left,1
904,-22.500,-4.500,0.500,180.000,H_y-3.0_x-40.0_-20.0_reverse_left,H_y-3.0_x-40.0_-20.0,H_y-3.0_x-40.0_-20.0,left,reverse,reverse_left,1
905,-23.000,-4.500,0.500,180.000,H_y-3.0_x-40.0_-20.0_reverse_left,H_y-3.0_x-40.0_-20.0,H_y-3.0_x-40.0_-20.0,left,reverse,reverse_left,1
906,-23.500,-4.500,0.500,180.000,H_y-3.0_x-40.0_-20.0_reverse_left,H_y-3.0_x-40.0_-20.0,H_y-3.0_x-40.0_-20.0,left,reverse,reverse_left,1
907,-24.000,-4.500,0.500,180.000,H_y-3.0_x-40.0_-20.0_reverse_left,H_y-3.0_x-40.0_-20.0,H_y-3.0_x-40.0_-20.0,left,reverse,reverse_left,1
908,-24.500,-4.500,0.500,180.000,H_y-3.0_x-40.0_-20.0_reverse_left,H_y-3.0_x-40.0_-20.0,H_y-3.0_x-40.0_-20.0,left,reverse,reverse_left,1
909,-25.000,-4.500,0.500,180.000,H_y-3.0_x-40.0_-20.0_reverse_left,H_y-3.0_x-40.0_-20.0,H_y-3.0_x-40.0_-20.0,left,reverse,reverse_left,1
910,-25.500,-4.500,0.500,180.000,H_y-3.0_x-40.0_-20.0_reverse_left,H_y-3.0_x-40.0_-20.0,H_y-3.0_x-40.0_-20.0,left,reverse,reverse_left,1
911,-26.000,-4.500,0.500,180.000,H_y-3.0_x-40.0_-20.0_reverse_left,H_y-3.0_x-40.0_-20.0,H_y-3.0_x-40.0_-20.0,left,reverse,reverse_left,1
912,-26.500,-4.500,0.500,180.000,H_y-3.0_x-40.0_-20.0_reverse_left,H_y-3.0_x-40.0_-20.0,H_y-3.0_x-40.0_-20.0,left,reverse,reverse_left,1
913,-27.000,-4.500,0.500,180.000,H_y-3.0_x-40.0_-20.0_reverse_left,H_y-3.0_x-40.0_-20.0,H_y-3.0_x-40.0_-20.0,left,reverse,reverse_left,1
914,-27.500,-4.500,0.500,180.000,H_y-3.0_x-40.0_-20.0_reverse_left,H_y-3.0_x-40.0_-20.0,H_y-3.0_x-40.0_-20.0,left,reverse,reverse_left,1
915,-28.000,-4.500,0.500,180.000,H_y-3.0_x-40.0_-20.0_reverse_left,H_y-3.0_x-40.0_-20.0,H_y-3.0_x-40.0_-20.0,left,reverse,reverse_left,1
916,-28.500,-4.500,0.500,180.000,H_y-3.0_x-40.0_-20.0_reverse_left,H_y-3.0_x-40.0_-20.0,H_y-3.0_x-40.0_-20.0,left,reverse,reverse_left,1
917,-29.000,-4.500,0.500,180.000,H_y-3.0_x-40.0_-20.0_reverse_left,H_y-3.0_x-40.0_-20.0,H_y-3.0_x-40.0_-20.0,left,reverse,reverse_left,1
918,-29.500,-4.500,0.500,180.000,H_y-3.0_x-40.0_-20.0_reverse_left,H_y-3.0_x-40.0_-20.0,H_y-3.0_x-40.0_-20.0,left,reverse,reverse_left,1
919,-30.000,-4.500,0.500,180.000,H_y-3.0_x-40.0_-20.0_reverse_left,H_y-3.0_x-40.0_-20.0,H_y-3.0_x-40.0_-20.0,left,reverse,reverse_left,1
920,-30.500,-4.500,0.500,180.000,H_y-3.0_x-40.0_-20.0_reverse_left,H_y-3.0_x-40.0_-20.0,H_y-3.0_x-40.0_-20.0,left,reverse,reverse_left,1
921,-31.000,-4.500,0.500,180.000,H_y-3.0_x-40.0_-20.0_reverse_left,H_y-3.0_x-40.0_-20.0,H_y-3.0_x-40.0_-20.0,left,reverse,reverse_left,1
922,-31.500,-4.500,0.500,180.000,H_y-3.0_x-40.0_-20.0_reverse_left,H_y-3.0_x-40.0_-20.0,H_y-3.0_x-40.0_-20.0,left,reverse,reverse_left,1
923,-32.000,-4.500,0.500,180.000,H_y-3.0_x-40.0_-20.0_reverse_left,H_y-3.0_x-40.0_-20.0,H_y-3.0_x-40.0_-20.0,left,reverse,reverse_left,1
924,-32.500,-4.500,0.500,180.000,H_y-3.0_x-40.0_-20.0_reverse_left,H_y-3.0_x-40.0_-20.0,H_y-3.0_x-40.0_-20.0,left,reverse,reverse_left,1
925,-33.000,-4.500,0.500,180.000,H_y-3.0_x-40.0_-20.0_reverse_left,H_y-3.0_x-40.0_-20.0,H_y-3.0_x-40.0_-20.0,left,reverse,reverse_left,1
926,-33.500,-4.500,0.500,180.000,H_y-3.0_x-40.0_-20.0_reverse_left,H_y-3.0_x-40.0_-20.0,H_y-3.0_x-40.0_-20.0,left,reverse,reverse_left,1
927,-34.000,-4.500,0.500,180.000,H_y-3.0_x-40.0_-20.0_reverse_left,H_y-3.0_x-40.0_-20.0,H_y-3.0_x-40.0_-20.0,left,reverse,reverse_left,1
928,-34.500,-4.500,0.500,180.000,H_y-3.0_x-40.0_-20.0_reverse_left,H_y-3.0_x-40.0_-20.0,H_y-3.0_x-40.0_-20.0,left,reverse,reverse_left,1
929,-35.000,-4.500,0.500,180.000,H_y-3.0_x-40.0_-20.0_reverse_left,H_y-3.0_x-40.0_-20.0,H_y-3.0_x-40.0_-20.0,left,reverse,reverse_left,1
930,-35.500,-4.500,0.500,180.000,H_y-3.0_x-40.0_-20.0_reverse_left,H_y-3.0_x-40.0_-20.0,H_y-3.0_x-40.0_-20.0,left,reverse,reverse_left,1
931,-36.000,-4.500,0.500,180.000,H_y-3.0_x-40.0_-20.0_reverse_left,H_y-3.0_x-40.0_-20.0,H_y-3.0_x-40.0_-20.0,left,reverse,reverse_left,1
932,-36.500,-4.500,0.500,180.000,H_y-3.0_x-40.0_-20.0_reverse_left,H_y-3.0_x-40.0_-20.0,H_y-3.0_x-40.0_-20.0,left,reverse,reverse_left,1
933,-37.000,-4.500,0.500,180.000,H_y-3.0_x-40.0_-20.0_reverse_left,H_y-3.0_x-40.0_-20.0,H_y-3.0_x-40.0_-20.0,left,reverse,reverse_left,1
934,-37.500,-4.500,0.500,180.000,H_y-3.0_x-40.0_-20.0_reverse_left,H_y-3.0_x-40.0_-20.0,H_y-3.0_x-40.0_-20.0,left,reverse,reverse_left,1
935,-38.000,-4.500,0.500,180.000,H_y-3.0_x-40.0_-20.0_reverse_left,H_y-3.0_x-40.0_-20.0,H_y-3.0_x-40.0_-20.0,left,reverse,reverse_left,1
936,-38.500,-4.500,0.500,180.000,H_y-3.0_x-40.0_-20.0_reverse_left,H_y-3.0_x-40.0_-20.0,H_y-3.0_x-40.0_-20.0,left,reverse,reverse_left,1
937,-39.000,-4.500,0.500,180.000,H_y-3.0_x-40.0_-20.0_reverse_left,H_y-3.0_x-40.0_-20.0,H_y-3.0_x-40.0_-20.0,left,reverse,reverse_left,1
938,-39.500,-4.500,0.500,180.000,H_y-3.0_x-40.0_-20.0_reverse_left,H_y-3.0_x-40.0_-20.0,H_y-3.0_x-40.0_-20.0,left,reverse,reverse_left,1
939,-40.000,-4.500,0.500,180.000,H_y-3.0_x-40.0_-20.0_reverse_left,H_y-3.0_x-40.0_-20.0,H_y-3.0_x-40.0_-20.0,left,reverse,reverse_left,0
940,-20.000,-1.500,0.500,180.000,H_y-3.0_x-40.0_-20.0_reverse_right,H_y-3.0_x-40.0_-20.0,H_y-3.0_x-40.0_-20.0,right,reverse,reverse_right,1
941,-20.500,-1.500,0.500,180.000,H_y-3.0_x-40.0_-20.0_reverse_right,H_y-3.0_x-40.0_-20.0,H_y-3.0_x-40.0_-20.0,right,reverse,reverse_right,1
942,-21.000,-1.500,0.500,180.000,H_y-3.0_x-40.0_-20.0_reverse_right,H_y-3.0_x-40.0_-20.0,H_y-3.0_x-40.0_-20.0,right,reverse,reverse_right,1
943,-21.500,-1.500,0.500,180.000,H_y-3.0_x-40.0_-20.0_reverse_right,H_y-3.0_x-40.0_-20.0,H_y-3.0_x-40.0_-20.0,right,reverse,reverse_right,1
944,-22.000,-1.500,0.500,180.000,H_y-3.0_x-40.0_-20.0_reverse_right,H_y-3.0_x-40.0_-20.0,H_y-3.0_x-40.0_-20.0,right,reverse,reverse_right,1
945,-22.500,-1.500,0.500,180.000,H_y-3.0_x-40.0_-20.0_reverse_right,H_y-3.0_x-40.0_-20.0,H_y-3.0_x-40.0_-20.0,right,reverse,reverse_right,1
946,-23.000,-1.500,0.500,180.000,H_y-3.0_x-40.0_-20.0_reverse_right,H_y-3.0_x-40.0_-20.0,H_y-3.0_x-40.0_-20.0,right,reverse,reverse_right,1
947,-23.500,-1.500,0.500,180.000,H_y-3.0_x-40.0_-20.0_reverse_right,H_y-3.0_x-40.0_-20.0,H_y-3.0_x-40.0_-20.0,right,reverse,reverse_right,1
948,-24.000,-1.500,0.500,180.000,H_y-3.0_x-40.0_-20.0_reverse_right,H_y-3.0_x-40.0_-20.0,H_y-3.0_x-40.0_-20.0,right,reverse,reverse_right,1
949,-24.500,-1.500,0.500,180.000,H_y-3.0_x-40.0_-20.0_reverse_right,H_y-3.0_x-40.0_-20.0,H_y-3.0_x-40.0_-20.0,right,reverse,reverse_right,1
950,-25.000,-1.500,0.500,180.000,H_y-3.0_x-40.0_-20.0_reverse_right,H_y-3.0_x-40.0_-20.0,H_y-3.0_x-40.0_-20.0,right,reverse,reverse_right,1
951,-25.500,-1.500,0.500,180.000,H_y-3.0_x-40.0_-20.0_reverse_right,H_y-3.0_x-40.0_-20.0,H_y-3.0_x-40.0_-20.0,right,reverse,reverse_right,1
952,-26.000,-1.500,0.500,180.000,H_y-3.0_x-40.0_-20.0_reverse_right,H_y-3.0_x-40.0_-20.0,H_y-3.0_x-40.0_-20.0,right,reverse,reverse_right,1
953,-26.500,-1.500,0.500,180.000,H_y-3.0_x-40.0_-20.0_reverse_right,H_y-3.0_x-40.0_-20.0,H_y-3.0_x-40.0_-20.0,right,reverse,reverse_right,1
954,-27.000,-1.500,0.500,180.000,H_y-3.0_x-40.0_-20.0_reverse_right,H_y-3.0_x-40.0_-20.0,H_y-3.0_x-40.0_-20.0,right,reverse,reverse_right,1
955,-27.500,-1.500,0.500,180.000,H_y-3.0_x-40.0_-20.0_reverse_right,H_y-3.0_x-40.0_-20.0,H_y-3.0_x-40.0_-20.0,right,reverse,reverse_right,1
956,-28.000,-1.500,0.500,180.000,H_y-3.0_x-40.0_-20.0_reverse_right,H_y-3.0_x-40.0_-20.0,H_y-3.0_x-40.0_-20.0,right,reverse,reverse_right,1
957,-28.500,-1.500,0.500,180.000,H_y-3.0_x-40.0_-20.0_reverse_right,H_y-3.0_x-40.0_-20.0,H_y-3.0_x-40.0_-20.0,right,reverse,reverse_right,1
958,-29.000,-1.500,0.500,180.000,H_y-3.0_x-40.0_-20.0_reverse_right,H_y-3.0_x-40.0_-20.0,H_y-3.0_x-40.0_-20.0,right,reverse,reverse_right,1
959,-29.500,-1.500,0.500,180.000,H_y-3.0_x-40.0_-20.0_reverse_right,H_y-3.0_x-40.0_-20.0,H_y-3.0_x-40.0_-20.0,right,reverse,reverse_right,1
960,-30.000,-1.500,0.500,180.000,H_y-3.0_x-40.0_-20.0_reverse_right,H_y-3.0_x-40.0_-20.0,H_y-3.0_x-40.0_-20.0,right,reverse,reverse_right,1
961,-30.500,-1.500,0.500,180.000,H_y-3.0_x-40.0_-20.0_reverse_right,H_y-3.0_x-40.0_-20.0,H_y-3.0_x-40.0_-20.0,right,reverse,reverse_right,1
962,-31.000,-1.500,0.500,180.000,H_y-3.0_x-40.0_-20.0_reverse_right,H_y-3.0_x-40.0_-20.0,H_y-3.0_x-40.0_-20.0,right,reverse,reverse_right,1
963,-31.500,-1.500,0.500,180.000,H_y-3.0_x-40.0_-20.0_reverse_right,H_y-3.0_x-40.0_-20.0,H_y-3.0_x-40.0_-20.0,right,reverse,reverse_right,1
964,-32.000,-1.500,0.500,180.000,H_y-3.0_x-40.0_-20.0_reverse_right,H_y-3.0_x-40.0_-20.0,H_y-3.0_x-40.0_-20.0,right,reverse,reverse_right,1
965,-32.500,-1.500,0.500,180.000,H_y-3.0_x-40.0_-20.0_reverse_right,H_y-3.0_x-40.0_-20.0,H_y-3.0_x-40.0_-20.0,right,reverse,reverse_right,1
966,-33.000,-1.500,0.500,180.000,H_y-3.0_x-40.0_-20.0_reverse_right,H_y-3.0_x-40.0_-20.0,H_y-3.0_x-40.0_-20.0,right,reverse,reverse_right,1
967,-33.500,-1.500,0.500,180.000,H_y-3.0_x-40.0_-20.0_reverse_right,H_y-3.0_x-40.0_-20.0,H_y-3.0_x-40.0_-20.0,right,reverse,reverse_right,1
968,-34.000,-1.500,0.500,180.000,H_y-3.0_x-40.0_-20.0_reverse_right,H_y-3.0_x-40.0_-20.0,H_y-3.0_x-40.0_-20.0,right,reverse,reverse_right,1
969,-34.500,-1.500,0.500,180.000,H_y-3.0_x-40.0_-20.0_reverse_right,H_y-3.0_x-40.0_-20.0,H_y-3.0_x-40.0_-20.0,right,reverse,reverse_right,1
970,-35.000,-1.500,0.500,180.000,H_y-3.0_x-40.0_-20.0_reverse_right,H_y-3.0_x-40.0_-20.0,H_y-3.0_x-40.0_-20.0,right,reverse,reverse_right,1
971,-35.500,-1.500,0.500,180.000,H_y-3.0_x-40.0_-20.0_reverse_right,H_y-3.0_x-40.0_-20.0,H_y-3.0_x-40.0_-20.0,right,reverse,reverse_right,1
972,-36.000,-1.500,0.500,180.000,H_y-3.0_x-40.0_-20.0_reverse_right,H_y-3.0_x-40.0_-20.0,H_y-3.0_x-40.0_-20.0,right,reverse,reverse_right,1
973,-36.500,-1.500,0.500,180.000,H_y-3.0_x-40.0_-20.0_reverse_right,H_y-3.0_x-40.0_-20.0,H_y-3.0_x-40.0_-20.0,right,reverse,reverse_right,1
974,-37.000,-1.500,0.500,180.000,H_y-3.0_x-40.0_-20.0_reverse_right,H_y-3.0_x-40.0_-20.0,H_y-3.0_x-40.0_-20.0,right,reverse,reverse_right,1
975,-37.500,-1.500,0.500,180.000,H_y-3.0_x-40.0_-20.0_reverse_right,H_y-3.0_x-40.0_-20.0,H_y-3.0_x-40.0_-20.0,right,reverse,reverse_right,1
976,-38.000,-1.500,0.500,180.000,H_y-3.0_x-40.0_-20.0_reverse_right,H_y-3.0_x-40.0_-20.0,H_y-3.0_x-40.0_-20.0,right,reverse,reverse_right,1
977,-38.500,-1.500,0.500,180.000,H_y-3.0_x-40.0_-20.0_reverse_right,H_y-3.0_x-40.0_-20.0,H_y-3.0_x-40.0_-20.0,right,reverse,reverse_right,1
978,-39.000,-1.500,0.500,180.000,H_y-3.0_x-40.0_-20.0_reverse_right,H_y-3.0_x-40.0_-20.0,H_y-3.0_x-40.0_-20.0,right,reverse,reverse_right,1
979,-39.500,-1.500,0.500,180.000,H_y-3.0_x-40.0_-20.0_reverse_right,H_y-3.0_x-40.0_-20.0,H_y-3.0_x-40.0_-20.0,right,reverse,reverse_right,1
980,-40.000,-1.500,0.500,180.000,H_y-3.0_x-40.0_-20.0_reverse_right,H_y-3.0_x-40.0_-20.0,H_y-3.0_x-40.0_-20.0,right,reverse,reverse_right,0
981,-38.500,-3.000,0.500,-90.000,V_x-40.0_y-34.0_-3.0_forward_left,V_x-40.0_y-34.0_-3.0,V_x-40.0_y-34.0_-3.0,left,forward,forward_left,1
982,-38.500,-3.500,0.500,-90.000,V_x-40.0_y-34.0_-3.0_forward_left,V_x-40.0_y-34.0_-3.0,V_x-40.0_y-34.0_-3.0,left,forward,forward_left,1
983,-38.500,-4.000,0.500,-90.000,V_x-40.0_y-34.0_-3.0_forward_left,V_x-40.0_y-34.0_-3.0,V_x-40.0_y-34.0_-3.0,left,forward,forward_left,1
984,-38.500,-4.500,0.500,-90.000,V_x-40.0_y-34.0_-3.0_forward_left,V_x-40.0_y-34.0_-3.0,V_x-40.0_y-34.0_-3.0,left,forward,forward_left,1
985,-38.500,-5.000,0.500,-90.000,V_x-40.0_y-34.0_-3.0_forward_left,V_x-40.0_y-34.0_-3.0,V_x-40.0_y-34.0_-3.0,left,forward,forward_left,1
986,-38.500,-5.500,0.500,-90.000,V_x-40.0_y-34.0_-3.0_forward_left,V_x-40.0_y-34.0_-3.0,V_x-40.0_y-34.0_-3.0,left,forward,forward_left,1
987,-38.500,-6.000,0.500,-90.000,V_x-40.0_y-34.0_-3.0_forward_left,V_x-40.0_y-34.0_-3.0,V_x-40.0_y-34.0_-3.0,left,forward,forward_left,1
988,-38.500,-6.500,0.500,-90.000,V_x-40.0_y-34.0_-3.0_forward_left,V_x-40.0_y-34.0_-3.0,V_x-40.0_y-34.0_-3.0,left,forward,forward_left,1
989,-38.500,-7.000,0.500,-90.000,V_x-40.0_y-34.0_-3.0_forward_left,V_x-40.0_y-34.0_-3.0,V_x-40.0_y-34.0_-3.0,left,forward,forward_left,1
990,-38.500,-7.500,0.500,-90.000,V_x-40.0_y-34.0_-3.0_forward_left,V_x-40.0_y-34.0_-3.0,V_x-40.0_y-34.0_-3.0,left,forward,forward_left,1
991,-38.500,-8.000,0.500,-90.000,V_x-40.0_y-34.0_-3.0_forward_left,V_x-40.0_y-34.0_-3.0,V_x-40.0_y-34.0_-3.0,left,forward,forward_left,1
992,-38.500,-8.500,0.500,-90.000,V_x-40.0_y-34.0_-3.0_forward_left,V_x-40.0_y-34.0_-3.0,V_x-40.0_y-34.0_-3.0,left,forward,forward_left,1
993,-38.500,-9.000,0.500,-90.000,V_x-40.0_y-34.0_-3.0_forward_left,V_x-40.0_y-34.0_-3.0,V_x-40.0_y-34.0_-3.0,left,forward,forward_left,1
994,-38.500,-9.500,0.500,-90.000,V_x-40.0_y-34.0_-3.0_forward_left,V_x-40.0_y-34.0_-3.0,V_x-40.0_y-34.0_-3.0,left,forward,forward_left,1
995,-38.500,-10.000,0.500,-90.000,V_x-40.0_y-34.0_-3.0_forward_left,V_x-40.0_y-34.0_-3.0,V_x-40.0_y-34.0_-3.0,left,forward,forward_left,1
996,-38.500,-10.500,0.500,-90.000,V_x-40.0_y-34.0_-3.0_forward_left,V_x-40.0_y-34.0_-3.0,V_x-40.0_y-34.0_-3.0,left,forward,forward_left,1
997,-38.500,-11.000,0.500,-90.000,V_x-40.0_y-34.0_-3.0_forward_left,V_x-40.0_y-34.0_-3.0,V_x-40.0_y-34.0_-3.0,left,forward,forward_left,1
998,-38.500,-11.500,0.500,-90.000,V_x-40.0_y-34.0_-3.0_forward_left,V_x-40.0_y-34.0_-3.0,V_x-40.0_y-34.0_-3.0,left,forward,forward_left,1
999,-38.500,-12.000,0.500,-90.000,V_x-40.0_y-34.0_-3.0_forward_left,V_x-40.0_y-34.0_-3.0,V_x-40.0_y-34.0_-3.0,left,forward,forward_left,1
1000,-38.500,-12.500,0.500,-90.000,V_x-40.0_y-34.0_-3.0_forward_left,V_x-40.0_y-34.0_-3.0,V_x-40.0_y-34.0_-3.0,left,forward,forward_left,1
1001,-38.500,-13.000,0.500,-90.000,V_x-40.0_y-34.0_-3.0_forward_left,V_x-40.0_y-34.0_-3.0,V_x-40.0_y-34.0_-3.0,left,forward,forward_left,1
1002,-38.500,-13.500,0.500,-90.000,V_x-40.0_y-34.0_-3.0_forward_left,V_x-40.0_y-34.0_-3.0,V_x-40.0_y-34.0_-3.0,left,forward,forward_left,1
1003,-38.500,-14.000,0.500,-90.000,V_x-40.0_y-34.0_-3.0_forward_left,V_x-40.0_y-34.0_-3.0,V_x-40.0_y-34.0_-3.0,left,forward,forward_left,1
1004,-38.500,-14.500,0.500,-90.000,V_x-40.0_y-34.0_-3.0_forward_left,V_x-40.0_y-34.0_-3.0,V_x-40.0_y-34.0_-3.0,left,forward,forward_left,1
1005,-38.500,-15.000,0.500,-90.000,V_x-40.0_y-34.0_-3.0_forward_left,V_x-40.0_y-34.0_-3.0,V_x-40.0_y-34.0_-3.0,left,forward,forward_left,1
1006,-38.500,-15.500,0.500,-90.000,V_x-40.0_y-34.0_-3.0_forward_left,V_x-40.0_y-34.0_-3.0,V_x-40.0_y-34.0_-3.0,left,forward,forward_left,1
1007,-38.500,-16.000,0.500,-90.000,V_x-40.0_y-34.0_-3.0_forward_left,V_x-40.0_y-34.0_-3.0,V_x-40.0_y-34.0_-3.0,left,forward,forward_left,1
1008,-38.500,-16.500,0.500,-90.000,V_x-40.0_y-34.0_-3.0_forward_left,V_x-40.0_y-34.0_-3.0,V_x-40.0_y-34.0_-3.0,left,forward,forward_left,1
1009,-38.500,-17.000,0.500,-90.000,V_x-40.0_y-34.0_-3.0_forward_left,V_x-40.0_y-34.0_-3.0,V_x-40.0_y-34.0_-3.0,left,forward,forward_left,1
1010,-38.500,-17.500,0.500,-90.000,V_x-40.0_y-34.0_-3.0_forward_left,V_x-40.0_y-34.0_-3.0,V_x-40.0_y-34.0_-3.0,left,forward,forward_left,1
1011,-38.500,-18.000,0.500,-90.000,V_x-40.0_y-34.0_-3.0_forward_left,V_x-40.0_y-34.0_-3.0,V_x-40.0_y-34.0_-3.0,left,forward,forward_left,1
1012,-38.500,-18.500,0.500,-90.000,V_x-40.0_y-34.0_-3.0_forward_left,V_x-40.0_y-34.0_-3.0,V_x-40.0_y-34.0_-3.0,left,forward,forward_left,1
1013,-38.500,-19.000,0.500,-90.000,V_x-40.0_y-34.0_-3.0_forward_left,V_x-40.0_y-34.0_-3.0,V_x-40.0_y-34.0_-3.0,left,forward,forward_left,1
1014,-38.500,-19.500,0.500,-90.000,V_x-40.0_y-34.0_-3.0_forward_left,V_x-40.0_y-34.0_-3.0,V_x-40.0_y-34.0_-3.0,left,forward,forward_left,1
1015,-38.500,-20.000,0.500,-90.000,V_x-40.0_y-34.0_-3.0_forward_left,V_x-40.0_y-34.0_-3.0,V_x-40.0_y-34.0_-3.0,left,forward,forward_left,1
1016,-38.500,-20.500,0.500,-90.000,V_x-40.0_y-34.0_-3.0_forward_left,V_x-40.0_y-34.0_-3.0,V_x-40.0_y-34.0_-3.0,left,forward,forward_left,1
1017,-38.500,-21.000,0.500,-90.000,V_x-40.0_y-34.0_-3.0_forward_left,V_x-40.0_y-34.0_-3.0,V_x-40.0_y-34.0_-3.0,left,forward,forward_left,1
1018,-38.500,-21.500,0.500,-90.000,V_x-40.0_y-34.0_-3.0_forward_left,V_x-40.0_y-34.0_-3.0,V_x-40.0_y-34.0_-3.0,left,forward,forward_left,1
1019,-38.500,-22.000,0.500,-90.000,V_x-40.0_y-34.0_-3.0_forward_left,V_x-40.0_y-34.0_-3.0,V_x-40.0_y-34.0_-3.0,left,forward,forward_left,1
1020,-38.500,-22.500,0.500,-90.000,V_x-40.0_y-34.0_-3.0_forward_left,V_x-40.0_y-34.0_-3.0,V_x-40.0_y-34.0_-3.0,left,forward,forward_left,1
1021,-38.500,-23.000,0.500,-90.000,V_x-40.0_y-34.0_-3.0_forward_left,V_x-40.0_y-34.0_-3.0,V_x-40.0_y-34.0_-3.0,left,forward,forward_left,1
1022,-38.500,-23.500,0.500,-90.000,V_x-40.0_y-34.0_-3.0_forward_left,V_x-40.0_y-34.0_-3.0,V_x-40.0_y-34.0_-3.0,left,forward,forward_left,1
1023,-38.500,-24.000,0.500,-90.000,V_x-40.0_y-34.0_-3.0_forward_left,V_x-40.0_y-34.0_-3.0,V_x-40.0_y-34.0_-3.0,left,forward,forward_left,1
1024,-38.500,-24.500,0.500,-90.000,V_x-40.0_y-34.0_-3.0_forward_left,V_x-40.0_y-34.0_-3.0,V_x-40.0_y-34.0_-3.0,left,forward,forward_left,1
1025,-38.500,-25.000,0.500,-90.000,V_x-40.0_y-34.0_-3.0_forward_left,V_x-40.0_y-34.0_-3.0,V_x-40.0_y-34.0_-3.0,left,forward,forward_left,1
1026,-38.500,-25.500,0.500,-90.000,V_x-40.0_y-34.0_-3.0_forward_left,V_x-40.0_y-34.0_-3.0,V_x-40.0_y-34.0_-3.0,left,forward,forward_left,1
1027,-38.500,-26.000,0.500,-90.000,V_x-40.0_y-34.0_-3.0_forward_left,V_x-40.0_y-34.0_-3.0,V_x-40.0_y-34.0_-3.0,left,forward,forward_left,1
1028,-38.500,-26.500,0.500,-90.000,V_x-40.0_y-34.0_-3.0_forward_left,V_x-40.0_y-34.0_-3.0,V_x-40.0_y-34.0_-3.0,left,forward,forward_left,1
1029,-38.500,-27.000,0.500,-90.000,V_x-40.0_y-34.0_-3.0_forward_left,V_x-40.0_y-34.0_-3.0,V_x-40.0_y-34.0_-3.0,left,forward,forward_left,1
1030,-38.500,-27.500,0.500,-90.000,V_x-40.0_y-34.0_-3.0_forward_left,V_x-40.0_y-34.0_-3.0,V_x-40.0_y-34.0_-3.0,left,forward,forward_left,1
1031,-38.500,-28.000,0.500,-90.000,V_x-40.0_y-34.0_-3.0_forward_left,V_x-40.0_y-34.0_-3.0,V_x-40.0_y-34.0_-3.0,left,forward,forward_left,1
1032,-38.500,-28.500,0.500,-90.000,V_x-40.0_y-34.0_-3.0_forward_left,V_x-40.0_y-34.0_-3.0,V_x-40.0_y-34.0_-3.0,left,forward,forward_left,1
1033,-38.500,-29.000,0.500,-90.000,V_x-40.0_y-34.0_-3.0_forward_left,V_x-40.0_y-34.0_-3.0,V_x-40.0_y-34.0_-3.0,left,forward,forward_left,1
1034,-38.500,-29.500,0.500,-90.000,V_x-40.0_y-34.0_-3.0_forward_left,V_x-40.0_y-34.0_-3.0,V_x-40.0_y-34.0_-3.0,left,forward,forward_left,1
1035,-38.500,-30.000,0.500,-90.000,V_x-40.0_y-34.0_-3.0_forward_left,V_x-40.0_y-34.0_-3.0,V_x-40.0_y-34.0_-3.0,left,forward,forward_left,1
1036,-38.500,-30.500,0.500,-90.000,V_x-40.0_y-34.0_-3.0_forward_left,V_x-40.0_y-34.0_-3.0,V_x-40.0_y-34.0_-3.0,left,forward,forward_left,1
1037,-38.500,-31.000,0.500,-90.000,V_x-40.0_y-34.0_-3.0_forward_left,V_x-40.0_y-34.0_-3.0,V_x-40.0_y-34.0_-3.0,left,forward,forward_left,1
1038,-38.500,-31.500,0.500,-90.000,V_x-40.0_y-34.0_-3.0_forward_left,V_x-40.0_y-34.0_-3.0,V_x-40.0_y-34.0_-3.0,left,forward,forward_left,1
1039,-38.500,-32.000,0.500,-90.000,V_x-40.0_y-34.0_-3.0_forward_left,V_x-40.0_y-34.0_-3.0,V_x-40.0_y-34.0_-3.0,left,forward,forward_left,1
1040,-38.500,-32.500,0.500,-90.000,V_x-40.0_y-34.0_-3.0_forward_left,V_x-40.0_y-34.0_-3.0,V_x-40.0_y-34.0_-3.0,left,forward,forward_left,1
1041,-38.500,-33.000,0.500,-90.000,V_x-40.0_y-34.0_-3.0_forward_left,V_x-40.0_y-34.0_-3.0,V_x-40.0_y-34.0_-3.0,left,forward,forward_left,1
1042,-38.500,-33.500,0.500,-90.000,V_x-40.0_y-34.0_-3.0_forward_left,V_x-40.0_y-34.0_-3.0,V_x-40.0_y-34.0_-3.0,left,forward,forward_left,1
1043,-38.500,-34.000,0.500,-90.000,V_x-40.0_y-34.0_-3.0_forward_left,V_x-40.0_y-34.0_-3.0,V_x-40.0_y-34.0_-3.0,left,forward,forward_left,0
1044,-41.500,-3.000,0.500,-90.000,V_x-40.0_y-34.0_-3.0_forward_right,V_x-40.0_y-34.0_-3.0,V_x-40.0_y-34.0_-3.0,right,forward,forward_right,1
1045,-41.500,-3.500,0.500,-90.000,V_x-40.0_y-34.0_-3.0_forward_right,V_x-40.0_y-34.0_-3.0,V_x-40.0_y-34.0_-3.0,right,forward,forward_right,1
1046,-41.500,-4.000,0.500,-90.000,V_x-40.0_y-34.0_-3.0_forward_right,V_x-40.0_y-34.0_-3.0,V_x-40.0_y-34.0_-3.0,right,forward,forward_right,1
1047,-41.500,-4.500,0.500,-90.000,V_x-40.0_y-34.0_-3.0_forward_right,V_x-40.0_y-34.0_-3.0,V_x-40.0_y-34.0_-3.0,right,forward,forward_right,1
1048,-41.500,-5.000,0.500,-90.000,V_x-40.0_y-34.0_-3.0_forward_right,V_x-40.0_y-34.0_-3.0,V_x-40.0_y-34.0_-3.0,right,forward,forward_right,1
1049,-41.500,-5.500,0.500,-90.000,V_x-40.0_y-34.0_-3.0_forward_right,V_x-40.0_y-34.0_-3.0,V_x-40.0_y-34.0_-3.0,right,forward,forward_right,1
1050,-41.500,-6.000,0.500,-90.000,V_x-40.0_y-34.0_-3.0_forward_right,V_x-40.0_y-34.0_-3.0,V_x-40.0_y-34.0_-3.0,right,forward,forward_right,1
1051,-41.500,-6.500,0.500,-90.000,V_x-40.0_y-34.0_-3.0_forward_right,V_x-40.0_y-34.0_-3.0,V_x-40.0_y-34.0_-3.0,right,forward,forward_right,1
1052,-41.500,-7.000,0.500,-90.000,V_x-40.0_y-34.0_-3.0_forward_right,V_x-40.0_y-34.0_-3.0,V_x-40.0_y-34.0_-3.0,right,forward,forward_right,1
1053,-41.500,-7.500,0.500,-90.000,V_x-40.0_y-34.0_-3.0_forward_right,V_x-40.0_y-34.0_-3.0,V_x-40.0_y-34.0_-3.0,right,forward,forward_right,1
1054,-41.500,-8.000,0.500,-90.000,V_x-40.0_y-34.0_-3.0_forward_right,V_x-40.0_y-34.0_-3.0,V_x-40.0_y-34.0_-3.0,right,forward,forward_right,1
1055,-41.500,-8.500,0.500,-90.000,V_x-40.0_y-34.0_-3.0_forward_right,V_x-40.0_y-34.0_-3.0,V_x-40.0_y-34.0_-3.0,right,forward,forward_right,1
1056,-41.500,-9.000,0.500,-90.000,V_x-40.0_y-34.0_-3.0_forward_right,V_x-40.0_y-34.0_-3.0,V_x-40.0_y-34.0_-3.0,right,forward,forward_right,1
1057,-41.500,-9.500,0.500,-90.000,V_x-40.0_y-34.0_-3.0_forward_right,V_x-40.0_y-34.0_-3.0,V_x-40.0_y-34.0_-3.0,right,forward,forward_right,1
1058,-41.500,-10.000,0.500,-90.000,V_x-40.0_y-34.0_-3.0_forward_right,V_x-40.0_y-34.0_-3.0,V_x-40.0_y-34.0_-3.0,right,forward,forward_right,1
1059,-41.500,-10.500,0.500,-90.000,V_x-40.0_y-34.0_-3.0_forward_right,V_x-40.0_y-34.0_-3.0,V_x-40.0_y-34.0_-3.0,right,forward,forward_right,1
1060,-41.500,-11.000,0.500,-90.000,V_x-40.0_y-34.0_-3.0_forward_right,V_x-40.0_y-34.0_-3.0,V_x-40.0_y-34.0_-3.0,right,forward,forward_right,1
1061,-41.500,-11.500,0.500,-90.000,V_x-40.0_y-34.0_-3.0_forward_right,V_x-40.0_y-34.0_-3.0,V_x-40.0_y-34.0_-3.0,right,forward,forward_right,1
1062,-41.500,-12.000,0.500,-90.000,V_x-40.0_y-34.0_-3.0_forward_right,V_x-40.0_y-34.0_-3.0,V_x-40.0_y-34.0_-3.0,right,forward,forward_right,1
1063,-41.500,-12.500,0.500,-90.000,V_x-40.0_y-34.0_-3.0_forward_right,V_x-40.0_y-34.0_-3.0,V_x-40.0_y-34.0_-3.0,right,forward,forward_right,1
1064,-41.500,-13.000,0.500,-90.000,V_x-40.0_y-34.0_-3.0_forward_right,V_x-40.0_y-34.0_-3.0,V_x-40.0_y-34.0_-3.0,right,forward,forward_right,1
1065,-41.500,-13.500,0.500,-90.000,V_x-40.0_y-34.0_-3.0_forward_right,V_x-40.0_y-34.0_-3.0,V_x-40.0_y-34.0_-3.0,right,forward,forward_right,1
1066,-41.500,-14.000,0.500,-90.000,V_x-40.0_y-34.0_-3.0_forward_right,V_x-40.0_y-34.0_-3.0,V_x-40.0_y-34.0_-3.0,right,forward,forward_right,1
1067,-41.500,-14.500,0.500,-90.000,V_x-40.0_y-34.0_-3.0_forward_right,V_x-40.0_y-34.0_-3.0,V_x-40.0_y-34.0_-3.0,right,forward,forward_right,1
1068,-41.500,-15.000,0.500,-90.000,V_x-40.0_y-34.0_-3.0_forward_right,V_x-40.0_y-34.0_-3.0,V_x-40.0_y-34.0_-3.0,right,forward,forward_right,1
1069,-41.500,-15.500,0.500,-90.000,V_x-40.0_y-34.0_-3.0_forward_right,V_x-40.0_y-34.0_-3.0,V_x-40.0_y-34.0_-3.0,right,forward,forward_right,1
1070,-41.500,-16.000,0.500,-90.000,V_x-40.0_y-34.0_-3.0_forward_right,V_x-40.0_y-34.0_-3.0,V_x-40.0_y-34.0_-3.0,right,forward,forward_right,1
1071,-41.500,-16.500,0.500,-90.000,V_x-40.0_y-34.0_-3.0_forward_right,V_x-40.0_y-34.0_-3.0,V_x-40.0_y-34.0_-3.0,right,forward,forward_right,1
1072,-41.500,-17.000,0.500,-90.000,V_x-40.0_y-34.0_-3.0_forward_right,V_x-40.0_y-34.0_-3.0,V_x-40.0_y-34.0_-3.0,right,forward,forward_right,1
1073,-41.500,-17.500,0.500,-90.000,V_x-40.0_y-34.0_-3.0_forward_right,V_x-40.0_y-34.0_-3.0,V_x-40.0_y-34.0_-3.0,right,forward,forward_right,1
1074,-41.500,-18.000,0.500,-90.000,V_x-40.0_y-34.0_-3.0_forward_right,V_x-40.0_y-34.0_-3.0,V_x-40.0_y-34.0_-3.0,right,forward,forward_right,1
1075,-41.500,-18.500,0.500,-90.000,V_x-40.0_y-34.0_-3.0_forward_right,V_x-40.0_y-34.0_-3.0,V_x-40.0_y-34.0_-3.0,right,forward,forward_right,1
1076,-41.500,-19.000,0.500,-90.000,V_x-40.0_y-34.0_-3.0_forward_right,V_x-40.0_y-34.0_-3.0,V_x-40.0_y-34.0_-3.0,right,forward,forward_right,1
1077,-41.500,-19.500,0.500,-90.000,V_x-40.0_y-34.0_-3.0_forward_right,V_x-40.0_y-34.0_-3.0,V_x-40.0_y-34.0_-3.0,right,forward,forward_right,1
1078,-41.500,-20.000,0.500,-90.000,V_x-40.0_y-34.0_-3.0_forward_right,V_x-40.0_y-34.0_-3.0,V_x-40.0_y-34.0_-3.0,right,forward,forward_right,1
1079,-41.500,-20.500,0.500,-90.000,V_x-40.0_y-34.0_-3.0_forward_right,V_x-40.0_y-34.0_-3.0,V_x-40.0_y-34.0_-3.0,right,forward,forward_right,1
1080,-41.500,-21.000,0.500,-90.000,V_x-40.0_y-34.0_-3.0_forward_right,V_x-40.0_y-34.0_-3.0,V_x-40.0_y-34.0_-3.0,right,forward,forward_right,1
1081,-41.500,-21.500,0.500,-90.000,V_x-40.0_y-34.0_-3.0_forward_right,V_x-40.0_y-34.0_-3.0,V_x-40.0_y-34.0_-3.0,right,forward,forward_right,1
1082,-41.500,-22.000,0.500,-90.000,V_x-40.0_y-34.0_-3.0_forward_right,V_x-40.0_y-34.0_-3.0,V_x-40.0_y-34.0_-3.0,right,forward,forward_right,1
1083,-41.500,-22.500,0.500,-90.000,V_x-40.0_y-34.0_-3.0_forward_right,V_x-40.0_y-34.0_-3.0,V_x-40.0_y-34.0_-3.0,right,forward,forward_right,1
1084,-41.500,-23.000,0.500,-90.000,V_x-40.0_y-34.0_-3.0_forward_right,V_x-40.0_y-34.0_-3.0,V_x-40.0_y-34.0_-3.0,right,forward,forward_right,1
1085,-41.500,-23.500,0.500,-90.000,V_x-40.0_y-34.0_-3.0_forward_right,V_x-40.0_y-34.0_-3.0,V_x-40.0_y-34.0_-3.0,right,forward,forward_right,1
1086,-41.500,-24.000,0.500,-90.000,V_x-40.0_y-34.0_-3.0_forward_right,V_x-40.0_y-34.0_-3.0,V_x-40.0_y-34.0_-3.0,right,forward,forward_right,1
1087,-41.500,-24.500,0.500,-90.000,V_x-40.0_y-34.0_-3.0_forward_right,V_x-40.0_y-34.0_-3.0,V_x-40.0_y-34.0_-3.0,right,forward,forward_right,1
1088,-41.500,-25.000,0.500,-90.000,V_x-40.0_y-34.0_-3.0_forward_right,V_x-40.0_y-34.0_-3.0,V_x-40.0_y-34.0_-3.0,right,forward,forward_right,1
1089,-41.500,-25.500,0.500,-90.000,V_x-40.0_y-34.0_-3.0_forward_right,V_x-40.0_y-34.0_-3.0,V_x-40.0_y-34.0_-3.0,right,forward,forward_right,1
1090,-41.500,-26.000,0.500,-90.000,V_x-40.0_y-34.0_-3.0_forward_right,V_x-40.0_y-34.0_-3.0,V_x-40.0_y-34.0_-3.0,right,forward,forward_right,1
1091,-41.500,-26.500,0.500,-90.000,V_x-40.0_y-34.0_-3.0_forward_right,V_x-40.0_y-34.0_-3.0,V_x-40.0_y-34.0_-3.0,right,forward,forward_right,1
1092,-41.500,-27.000,0.500,-90.000,V_x-40.0_y-34.0_-3.0_forward_right,V_x-40.0_y-34.0_-3.0,V_x-40.0_y-34.0_-3.0,right,forward,forward_right,1
1093,-41.500,-27.500,0.500,-90.000,V_x-40.0_y-34.0_-3.0_forward_right,V_x-40.0_y-34.0_-3.0,V_x-40.0_y-34.0_-3.0,right,forward,forward_right,1
1094,-41.500,-28.000,0.500,-90.000,V_x-40.0_y-34.0_-3.0_forward_right,V_x-40.0_y-34.0_-3.0,V_x-40.0_y-34.0_-3.0,right,forward,forward_right,1
1095,-41.500,-28.500,0.500,-90.000,V_x-40.0_y-34.0_-3.0_forward_right,V_x-40.0_y-34.0_-3.0,V_x-40.0_y-34.0_-3.0,right,forward,forward_right,1
1096,-41.500,-29.000,0.500,-90.000,V_x-40.0_y-34.0_-3.0_forward_right,V_x-40.0_y-34.0_-3.0,V_x-40.0_y-34.0_-3.0,right,forward,forward_right,1
1097,-41.500,-29.500,0.500,-90.000,V_x-40.0_y-34.0_-3.0_forward_right,V_x-40.0_y-34.0_-3.0,V_x-40.0_y-34.0_-3.0,right,forward,forward_right,1
1098,-41.500,-30.000,0.500,-90.000,V_x-40.0_y-34.0_-3.0_forward_right,V_x-40.0_y-34.0_-3.0,V_x-40.0_y-34.0_-3.0,right,forward,forward_right,1
1099,-41.500,-30.500,0.500,-90.000,V_x-40.0_y-34.0_-3.0_forward_right,V_x-40.0_y-34.0_-3.0,V_x-40.0_y-34.0_-3.0,right,forward,forward_right,1
1100,-41.500,-31.000,0.500,-90.000,V_x-40.0_y-34.0_-3.0_forward_right,V_x-40.0_y-34.0_-3.0,V_x-40.0_y-34.0_-3.0,right,forward,forward_right,1
1101,-41.500,-31.500,0.500,-90.000,V_x-40.0_y-34.0_-3.0_forward_right,V_x-40.0_y-34.0_-3.0,V_x-40.0_y-34.0_-3.0,right,forward,forward_right,1
1102,-41.500,-32.000,0.500,-90.000,V_x-40.0_y-34.0_-3.0_forward_right,V_x-40.0_y-34.0_-3.0,V_x-40.0_y-34.0_-3.0,right,forward,forward_right,1
1103,-41.500,-32.500,0.500,-90.000,V_x-40.0_y-34.0_-3.0_forward_right,V_x-40.0_y-34.0_-3.0,V_x-40.0_y-34.0_-3.0,right,forward,forward_right,1
1104,-41.500,-33.000,0.500,-90.000,V_x-40.0_y-34.0_-3.0_forward_right,V_x-40.0_y-34.0_-3.0,V_x-40.0_y-34.0_-3.0,right,forward,forward_right,1
1105,-41.500,-33.500,0.500,-90.000,V_x-40.0_y-34.0_-3.0_forward_right,V_x-40.0_y-34.0_-3.0,V_x-40.0_y-34.0_-3.0,right,forward,forward_right,1
1106,-41.500,-34.000,0.500,-90.000,V_x-40.0_y-34.0_-3.0_forward_right,V_x-40.0_y-34.0_-3.0,V_x-40.0_y-34.0_-3.0,right,forward,forward_right,0
1107,-41.500,-34.000,0.500,90.000,V_x-40.0_y-34.0_-3.0_reverse_left,V_x-40.0_y-34.0_-3.0,V_x-40.0_y-34.0_-3.0,left,reverse,reverse_left,1
1108,-41.500,-33.500,0.500,90.000,V_x-40.0_y-34.0_-3.0_reverse_left,V_x-40.0_y-34.0_-3.0,V_x-40.0_y-34.0_-3.0,left,reverse,reverse_left,1
1109,-41.500,-33.000,0.500,90.000,V_x-40.0_y-34.0_-3.0_reverse_left,V_x-40.0_y-34.0_-3.0,V_x-40.0_y-34.0_-3.0,left,reverse,reverse_left,1
1110,-41.500,-32.500,0.500,90.000,V_x-40.0_y-34.0_-3.0_reverse_left,V_x-40.0_y-34.0_-3.0,V_x-40.0_y-34.0_-3.0,left,reverse,reverse_left,1
1111,-41.500,-32.000,0.500,90.000,V_x-40.0_y-34.0_-3.0_reverse_left,V_x-40.0_y-34.0_-3.0,V_x-40.0_y-34.0_-3.0,left,reverse,reverse_left,1
1112,-41.500,-31.500,0.500,90.000,V_x-40.0_y-34.0_-3.0_reverse_left,V_x-40.0_y-34.0_-3.0,V_x-40.0_y-34.0_-3.0,left,reverse,reverse_left,1
1113,-41.500,-31.000,0.500,90.000,V_x-40.0_y-34.0_-3.0_reverse_left,V_x-40.0_y-34.0_-3.0,V_x-40.0_y-34.0_-3.0,left,reverse,reverse_left,1
1114,-41.500,-30.500,0.500,90.000,V_x-40.0_y-34.0_-3.0_reverse_left,V_x-40.0_y-34.0_-3.0,V_x-40.0_y-34.0_-3.0,left,reverse,reverse_left,1
1115,-41.500,-30.000,0.500,90.000,V_x-40.0_y-34.0_-3.0_reverse_left,V_x-40.0_y-34.0_-3.0,V_x-40.0_y-34.0_-3.0,left,reverse,reverse_left,1
1116,-41.500,-29.500,0.500,90.000,V_x-40.0_y-34.0_-3.0_reverse_left,V_x-40.0_y-34.0_-3.0,V_x-40.0_y-34.0_-3.0,left,reverse,reverse_left,1
1117,-41.500,-29.000,0.500,90.000,V_x-40.0_y-34.0_-3.0_reverse_left,V_x-40.0_y-34.0_-3.0,V_x-40.0_y-34.0_-3.0,left,reverse,reverse_left,1
1118,-41.500,-28.500,0.500,90.000,V_x-40.0_y-34.0_-3.0_reverse_left,V_x-40.0_y-34.0_-3.0,V_x-40.0_y-34.0_-3.0,left,reverse,reverse_left,1
1119,-41.500,-28.000,0.500,90.000,V_x-40.0_y-34.0_-3.0_reverse_left,V_x-40.0_y-34.0_-3.0,V_x-40.0_y-34.0_-3.0,left,reverse,reverse_left,1
1120,-41.500,-27.500,0.500,90.000,V_x-40.0_y-34.0_-3.0_reverse_left,V_x-40.0_y-34.0_-3.0,V_x-40.0_y-34.0_-3.0,left,reverse,reverse_left,1
1121,-41.500,-27.000,0.500,90.000,V_x-40.0_y-34.0_-3.0_reverse_left,V_x-40.0_y-34.0_-3.0,V_x-40.0_y-34.0_-3.0,left,reverse,reverse_left,1
1122,-41.500,-26.500,0.500,90.000,V_x-40.0_y-34.0_-3.0_reverse_left,V_x-40.0_y-34.0_-3.0,V_x-40.0_y-34.0_-3.0,left,reverse,reverse_left,1
1123,-41.500,-26.000,0.500,90.000,V_x-40.0_y-34.0_-3.0_reverse_left,V_x-40.0_y-34.0_-3.0,V_x-40.0_y-34.0_-3.0,left,reverse,reverse_left,1
1124,-41.500,-25.500,0.500,90.000,V_x-40.0_y-34.0_-3.0_reverse_left,V_x-40.0_y-34.0_-3.0,V_x-40.0_y-34.0_-3.0,left,reverse,reverse_left,1
1125,-41.500,-25.000,0.500,90.000,V_x-40.0_y-34.0_-3.0_reverse_left,V_x-40.0_y-34.0_-3.0,V_x-40.0_y-34.0_-3.0,left,reverse,reverse_left,1
1126,-41.500,-24.500,0.500,90.000,V_x-40.0_y-34.0_-3.0_reverse_left,V_x-40.0_y-34.0_-3.0,V_x-40.0_y-34.0_-3.0,left,reverse,reverse_left,1
1127,-41.500,-24.000,0.500,90.000,V_x-40.0_y-34.0_-3.0_reverse_left,V_x-40.0_y-34.0_-3.0,V_x-40.0_y-34.0_-3.0,left,reverse,reverse_left,1
1128,-41.500,-23.500,0.500,90.000,V_x-40.0_y-34.0_-3.0_reverse_left,V_x-40.0_y-34.0_-3.0,V_x-40.0_y-34.0_-3.0,left,reverse,reverse_left,1
1129,-41.500,-23.000,0.500,90.000,V_x-40.0_y-34.0_-3.0_reverse_left,V_x-40.0_y-34.0_-3.0,V_x-40.0_y-34.0_-3.0,left,reverse,reverse_left,1
1130,-41.500,-22.500,0.500,90.000,V_x-40.0_y-34.0_-3.0_reverse_left,V_x-40.0_y-34.0_-3.0,V_x-40.0_y-34.0_-3.0,left,reverse,reverse_left,1
1131,-41.500,-22.000,0.500,90.000,V_x-40.0_y-34.0_-3.0_reverse_left,V_x-40.0_y-34.0_-3.0,V_x-40.0_y-34.0_-3.0,left,reverse,reverse_left,1
1132,-41.500,-21.500,0.500,90.000,V_x-40.0_y-34.0_-3.0_reverse_left,V_x-40.0_y-34.0_-3.0,V_x-40.0_y-34.0_-3.0,left,reverse,reverse_left,1
1133,-41.500,-21.000,0.500,90.000,V_x-40.0_y-34.0_-3.0_reverse_left,V_x-40.0_y-34.0_-3.0,V_x-40.0_y-34.0_-3.0,left,reverse,reverse_left,1
1134,-41.500,-20.500,0.500,90.000,V_x-40.0_y-34.0_-3.0_reverse_left,V_x-40.0_y-34.0_-3.0,V_x-40.0_y-34.0_-3.0,left,reverse,reverse_left,1
1135,-41.500,-20.000,0.500,90.000,V_x-40.0_y-34.0_-3.0_reverse_left,V_x-40.0_y-34.0_-3.0,V_x-40.0_y-34.0_-3.0,left,reverse,reverse_left,1
1136,-41.500,-19.500,0.500,90.000,V_x-40.0_y-34.0_-3.0_reverse_left,V_x-40.0_y-34.0_-3.0,V_x-40.0_y-34.0_-3.0,left,reverse,reverse_left,1
1137,-41.500,-19.000,0.500,90.000,V_x-40.0_y-34.0_-3.0_reverse_left,V_x-40.0_y-34.0_-3.0,V_x-40.0_y-34.0_-3.0,left,reverse,reverse_left,1
1138,-41.500,-18.500,0.500,90.000,V_x-40.0_y-34.0_-3.0_reverse_left,V_x-40.0_y-34.0_-3.0,V_x-40.0_y-34.0_-3.0,left,reverse,reverse_left,1
1139,-41.500,-18.000,0.500,90.000,V_x-40.0_y-34.0_-3.0_reverse_left,V_x-40.0_y-34.0_-3.0,V_x-40.0_y-34.0_-3.0,left,reverse,reverse_left,1
1140,-41.500,-17.500,0.500,90.000,V_x-40.0_y-34.0_-3.0_reverse_left,V_x-40.0_y-34.0_-3.0,V_x-40.0_y-34.0_-3.0,left,reverse,reverse_left,1
1141,-41.500,-17.000,0.500,90.000,V_x-40.0_y-34.0_-3.0_reverse_left,V_x-40.0_y-34.0_-3.0,V_x-40.0_y-34.0_-3.0,left,reverse,reverse_left,1
1142,-41.500,-16.500,0.500,90.000,V_x-40.0_y-34.0_-3.0_reverse_left,V_x-40.0_y-34.0_-3.0,V_x-40.0_y-34.0_-3.0,left,reverse,reverse_left,1
1143,-41.500,-16.000,0.500,90.000,V_x-40.0_y-34.0_-3.0_reverse_left,V_x-40.0_y-34.0_-3.0,V_x-40.0_y-34.0_-3.0,left,reverse,reverse_left,1
1144,-41.500,-15.500,0.500,90.000,V_x-40.0_y-34.0_-3.0_reverse_left,V_x-40.0_y-34.0_-3.0,V_x-40.0_y-34.0_-3.0,left,reverse,reverse_left,1
1145,-41.500,-15.000,0.500,90.000,V_x-40.0_y-34.0_-3.0_reverse_left,V_x-40.0_y-34.0_-3.0,V_x-40.0_y-34.0_-3.0,left,reverse,reverse_left,1
1146,-41.500,-14.500,0.500,90.000,V_x-40.0_y-34.0_-3.0_reverse_left,V_x-40.0_y-34.0_-3.0,V_x-40.0_y-34.0_-3.0,left,reverse,reverse_left,1
1147,-41.500,-14.000,0.500,90.000,V_x-40.0_y-34.0_-3.0_reverse_left,V_x-40.0_y-34.0_-3.0,V_x-40.0_y-34.0_-3.0,left,reverse,reverse_left,1
1148,-41.500,-13.500,0.500,90.000,V_x-40.0_y-34.0_-3.0_reverse_left,V_x-40.0_y-34.0_-3.0,V_x-40.0_y-34.0_-3.0,left,reverse,reverse_left,1
1149,-41.500,-13.000,0.500,90.000,V_x-40.0_y-34.0_-3.0_reverse_left,V_x-40.0_y-34.0_-3.0,V_x-40.0_y-34.0_-3.0,left,reverse,reverse_left,1
1150,-41.500,-12.500,0.500,90.000,V_x-40.0_y-34.0_-3.0_reverse_left,V_x-40.0_y-34.0_-3.0,V_x-40.0_y-34.0_-3.0,left,reverse,reverse_left,1
1151,-41.500,-12.000,0.500,90.000,V_x-40.0_y-34.0_-3.0_reverse_left,V_x-40.0_y-34.0_-3.0,V_x-40.0_y-34.0_-3.0,left,reverse,reverse_left,1
1152,-41.500,-11.500,0.500,90.000,V_x-40.0_y-34.0_-3.0_reverse_left,V_x-40.0_y-34.0_-3.0,V_x-40.0_y-34.0_-3.0,left,reverse,reverse_left,1
1153,-41.500,-11.000,0.500,90.000,V_x-40.0_y-34.0_-3.0_reverse_left,V_x-40.0_y-34.0_-3.0,V_x-40.0_y-34.0_-3.0,left,reverse,reverse_left,1
1154,-41.500,-10.500,0.500,90.000,V_x-40.0_y-34.0_-3.0_reverse_left,V_x-40.0_y-34.0_-3.0,V_x-40.0_y-34.0_-3.0,left,reverse,reverse_left,1
1155,-41.500,-10.000,0.500,90.000,V_x-40.0_y-34.0_-3.0_reverse_left,V_x-40.0_y-34.0_-3.0,V_x-40.0_y-34.0_-3.0,left,reverse,reverse_left,1
1156,-41.500,-9.500,0.500,90.000,V_x-40.0_y-34.0_-3.0_reverse_left,V_x-40.0_y-34.0_-3.0,V_x-40.0_y-34.0_-3.0,left,reverse,reverse_left,1
1157,-41.500,-9.000,0.500,90.000,V_x-40.0_y-34.0_-3.0_reverse_left,V_x-40.0_y-34.0_-3.0,V_x-40.0_y-34.0_-3.0,left,reverse,reverse_left,1
1158,-41.500,-8.500,0.500,90.000,V_x-40.0_y-34.0_-3.0_reverse_left,V_x-40.0_y-34.0_-3.0,V_x-40.0_y-34.0_-3.0,left,reverse,reverse_left,1
1159,-41.500,-8.000,0.500,90.000,V_x-40.0_y-34.0_-3.0_reverse_left,V_x-40.0_y-34.0_-3.0,V_x-40.0_y-34.0_-3.0,left,reverse,reverse_left,1
1160,-41.500,-7.500,0.500,90.000,V_x-40.0_y-34.0_-3.0_reverse_left,V_x-40.0_y-34.0_-3.0,V_x-40.0_y-34.0_-3.0,left,reverse,reverse_left,1
1161,-41.500,-7.000,0.500,90.000,V_x-40.0_y-34.0_-3.0_reverse_left,V_x-40.0_y-34.0_-3.0,V_x-40.0_y-34.0_-3.0,left,reverse,reverse_left,1
1162,-41.500,-6.500,0.500,90.000,V_x-40.0_y-34.0_-3.0_reverse_left,V_x-40.0_y-34.0_-3.0,V_x-40.0_y-34.0_-3.0,left,reverse,reverse_left,1
1163,-41.500,-6.000,0.500,90.000,V_x-40.0_y-34.0_-3.0_reverse_left,V_x-40.0_y-34.0_-3.0,V_x-40.0_y-34.0_-3.0,left,reverse,reverse_left,1
1164,-41.500,-5.500,0.500,90.000,V_x-40.0_y-34.0_-3.0_reverse_left,V_x-40.0_y-34.0_-3.0,V_x-40.0_y-34.0_-3.0,left,reverse,reverse_left,1
1165,-41.500,-5.000,0.500,90.000,V_x-40.0_y-34.0_-3.0_reverse_left,V_x-40.0_y-34.0_-3.0,V_x-40.0_y-34.0_-3.0,left,reverse,reverse_left,1
1166,-41.500,-4.500,0.500,90.000,V_x-40.0_y-34.0_-3.0_reverse_left,V_x-40.0_y-34.0_-3.0,V_x-40.0_y-34.0_-3.0,left,reverse,reverse_left,1
1167,-41.500,-4.000,0.500,90.000,V_x-40.0_y-34.0_-3.0_reverse_left,V_x-40.0_y-34.0_-3.0,V_x-40.0_y-34.0_-3.0,left,reverse,reverse_left,1
1168,-41.500,-3.500,0.500,90.000,V_x-40.0_y-34.0_-3.0_reverse_left,V_x-40.0_y-34.0_-3.0,V_x-40.0_y-34.0_-3.0,left,reverse,reverse_left,1
1169,-41.500,-3.000,0.500,90.000,V_x-40.0_y-34.0_-3.0_reverse_left,V_x-40.0_y-34.0_-3.0,V_x-40.0_y-34.0_-3.0,left,reverse,reverse_left,0
1170,-38.500,-34.000,0.500,90.000,V_x-40.0_y-34.0_-3.0_reverse_right,V_x-40.0_y-34.0_-3.0,V_x-40.0_y-34.0_-3.0,right,reverse,reverse_right,1
1171,-38.500,-33.500,0.500,90.000,V_x-40.0_y-34.0_-3.0_reverse_right,V_x-40.0_y-34.0_-3.0,V_x-40.0_y-34.0_-3.0,right,reverse,reverse_right,1
1172,-38.500,-33.000,0.500,90.000,V_x-40.0_y-34.0_-3.0_reverse_right,V_x-40.0_y-34.0_-3.0,V_x-40.0_y-34.0_-3.0,right,reverse,reverse_right,1
1173,-38.500,-32.500,0.500,90.000,V_x-40.0_y-34.0_-3.0_reverse_right,V_x-40.0_y-34.0_-3.0,V_x-40.0_y-34.0_-3.0,right,reverse,reverse_right,1
1174,-38.500,-32.000,0.500,90.000,V_x-40.0_y-34.0_-3.0_reverse_right,V_x-40.0_y-34.0_-3.0,V_x-40.0_y-34.0_-3.0,right,reverse,reverse_right,1
1175,-38.500,-31.500,0.500,90.000,V_x-40.0_y-34.0_-3.0_reverse_right,V_x-40.0_y-34.0_-3.0,V_x-40.0_y-34.0_-3.0,right,reverse,reverse_right,1
1176,-38.500,-31.000,0.500,90.000,V_x-40.0_y-34.0_-3.0_reverse_right,V_x-40.0_y-34.0_-3.0,V_x-40.0_y-34.0_-3.0,right,reverse,reverse_right,1
1177,-38.500,-30.500,0.500,90.000,V_x-40.0_y-34.0_-3.0_reverse_right,V_x-40.0_y-34.0_-3.0,V_x-40.0_y-34.0_-3.0,right,reverse,reverse_right,1
1178,-38.500,-30.000,0.500,90.000,V_x-40.0_y-34.0_-3.0_reverse_right,V_x-40.0_y-34.0_-3.0,V_x-40.0_y-34.0_-3.0,right,reverse,reverse_right,1
1179,-38.500,-29.500,0.500,90.000,V_x-40.0_y-34.0_-3.0_reverse_right,V_x-40.0_y-34.0_-3.0,V_x-40.0_y-34.0_-3.0,right,reverse,reverse_right,1
1180,-38.500,-29.000,0.500,90.000,V_x-40.0_y-34.0_-3.0_reverse_right,V_x-40.0_y-34.0_-3.0,V_x-40.0_y-34.0_-3.0,right,reverse,reverse_right,1
1181,-38.500,-28.500,0.500,90.000,V_x-40.0_y-34.0_-3.0_reverse_right,V_x-40.0_y-34.0_-3.0,V_x-40.0_y-34.0_-3.0,right,reverse,reverse_right,1
1182,-38.500,-28.000,0.500,90.000,V_x-40.0_y-34.0_-3.0_reverse_right,V_x-40.0_y-34.0_-3.0,V_x-40.0_y-34.0_-3.0,right,reverse,reverse_right,1
1183,-38.500,-27.500,0.500,90.000,V_x-40.0_y-34.0_-3.0_reverse_right,V_x-40.0_y-34.0_-3.0,V_x-40.0_y-34.0_-3.0,right,reverse,reverse_right,1
1184,-38.500,-27.000,0.500,90.000,V_x-40.0_y-34.0_-3.0_reverse_right,V_x-40.0_y-34.0_-3.0,V_x-40.0_y-34.0_-3.0,right,reverse,reverse_right,1
1185,-38.500,-26.500,0.500,90.000,V_x-40.0_y-34.0_-3.0_reverse_right,V_x-40.0_y-34.0_-3.0,V_x-40.0_y-34.0_-3.0,right,reverse,reverse_right,1
1186,-38.500,-26.000,0.500,90.000,V_x-40.0_y-34.0_-3.0_reverse_right,V_x-40.0_y-34.0_-3.0,V_x-40.0_y-34.0_-3.0,right,reverse,reverse_right,1
1187,-38.500,-25.500,0.500,90.000,V_x-40.0_y-34.0_-3.0_reverse_right,V_x-40.0_y-34.0_-3.0,V_x-40.0_y-34.0_-3.0,right,reverse,reverse_right,1
1188,-38.500,-25.000,0.500,90.000,V_x-40.0_y-34.0_-3.0_reverse_right,V_x-40.0_y-34.0_-3.0,V_x-40.0_y-34.0_-3.0,right,reverse,reverse_right,1
1189,-38.500,-24.500,0.500,90.000,V_x-40.0_y-34.0_-3.0_reverse_right,V_x-40.0_y-34.0_-3.0,V_x-40.0_y-34.0_-3.0,right,reverse,reverse_right,1
1190,-38.500,-24.000,0.500,90.000,V_x-40.0_y-34.0_-3.0_reverse_right,V_x-40.0_y-34.0_-3.0,V_x-40.0_y-34.0_-3.0,right,reverse,reverse_right,1
1191,-38.500,-23.500,0.500,90.000,V_x-40.0_y-34.0_-3.0_reverse_right,V_x-40.0_y-34.0_-3.0,V_x-40.0_y-34.0_-3.0,right,reverse,reverse_right,1
1192,-38.500,-23.000,0.500,90.000,V_x-40.0_y-34.0_-3.0_reverse_right,V_x-40.0_y-34.0_-3.0,V_x-40.0_y-34.0_-3.0,right,reverse,reverse_right,1
1193,-38.500,-22.500,0.500,90.000,V_x-40.0_y-34.0_-3.0_reverse_right,V_x-40.0_y-34.0_-3.0,V_x-40.0_y-34.0_-3.0,right,reverse,reverse_right,1
1194,-38.500,-22.000,0.500,90.000,V_x-40.0_y-34.0_-3.0_reverse_right,V_x-40.0_y-34.0_-3.0,V_x-40.0_y-34.0_-3.0,right,reverse,reverse_right,1
1195,-38.500,-21.500,0.500,90.000,V_x-40.0_y-34.0_-3.0_reverse_right,V_x-40.0_y-34.0_-3.0,V_x-40.0_y-34.0_-3.0,right,reverse,reverse_right,1
1196,-38.500,-21.000,0.500,90.000,V_x-40.0_y-34.0_-3.0_reverse_right,V_x-40.0_y-34.0_-3.0,V_x-40.0_y-34.0_-3.0,right,reverse,reverse_right,1
1197,-38.500,-20.500,0.500,90.000,V_x-40.0_y-34.0_-3.0_reverse_right,V_x-40.0_y-34.0_-3.0,V_x-40.0_y-34.0_-3.0,right,reverse,reverse_right,1
1198,-38.500,-20.000,0.500,90.000,V_x-40.0_y-34.0_-3.0_reverse_right,V_x-40.0_y-34.0_-3.0,V_x-40.0_y-34.0_-3.0,right,reverse,reverse_right,1
1199,-38.500,-19.500,0.500,90.000,V_x-40.0_y-34.0_-3.0_reverse_right,V_x-40.0_y-34.0_-3.0,V_x-40.0_y-34.0_-3.0,right,reverse,reverse_right,1
1200,-38.500,-19.000,0.500,90.000,V_x-40.0_y-34.0_-3.0_reverse_right,V_x-40.0_y-34.0_-3.0,V_x-40.0_y-34.0_-3.0,right,reverse,reverse_right,1
1201,-38.500,-18.500,0.500,90.000,V_x-40.0_y-34.0_-3.0_reverse_right,V_x-40.0_y-34.0_-3.0,V_x-40.0_y-34.0_-3.0,right,reverse,reverse_right,1
1202,-38.500,-18.000,0.500,90.000,V_x-40.0_y-34.0_-3.0_reverse_right,V_x-40.0_y-34.0_-3.0,V_x-40.0_y-34.0_-3.0,right,reverse,reverse_right,1
1203,-38.500,-17.500,0.500,90.000,V_x-40.0_y-34.0_-3.0_reverse_right,V_x-40.0_y-34.0_-3.0,V_x-40.0_y-34.0_-3.0,right,reverse,reverse_right,1
1204,-38.500,-17.000,0.500,90.000,V_x-40.0_y-34.0_-3.0_reverse_right,V_x-40.0_y-34.0_-3.0,V_x-40.0_y-34.0_-3.0,right,reverse,reverse_right,1
1205,-38.500,-16.500,0.500,90.000,V_x-40.0_y-34.0_-3.0_reverse_right,V_x-40.0_y-34.0_-3.0,V_x-40.0_y-34.0_-3.0,right,reverse,reverse_right,1
1206,-38.500,-16.000,0.500,90.000,V_x-40.0_y-34.0_-3.0_reverse_right,V_x-40.0_y-34.0_-3.0,V_x-40.0_y-34.0_-3.0,right,reverse,reverse_right,1
1207,-38.500,-15.500,0.500,90.000,V_x-40.0_y-34.0_-3.0_reverse_right,V_x-40.0_y-34.0_-3.0,V_x-40.0_y-34.0_-3.0,right,reverse,reverse_right,1
1208,-38.500,-15.000,0.500,90.000,V_x-40.0_y-34.0_-3.0_reverse_right,V_x-40.0_y-34.0_-3.0,V_x-40.0_y-34.0_-3.0,right,reverse,reverse_right,1
1209,-38.500,-14.500,0.500,90.000,V_x-40.0_y-34.0_-3.0_reverse_right,V_x-40.0_y-34.0_-3.0,V_x-40.0_y-34.0_-3.0,right,reverse,reverse_right,1
1210,-38.500,-14.000,0.500,90.000,V_x-40.0_y-34.0_-3.0_reverse_right,V_x-40.0_y-34.0_-3.0,V_x-40.0_y-34.0_-3.0,right,reverse,reverse_right,1
1211,-38.500,-13.500,0.500,90.000,V_x-40.0_y-34.0_-3.0_reverse_right,V_x-40.0_y-34.0_-3.0,V_x-40.0_y-34.0_-3.0,right,reverse,reverse_right,1
1212,-38.500,-13.000,0.500,90.000,V_x-40.0_y-34.0_-3.0_reverse_right,V_x-40.0_y-34.0_-3.0,V_x-40.0_y-34.0_-3.0,right,reverse,reverse_right,1
1213,-38.500,-12.500,0.500,90.000,V_x-40.0_y-34.0_-3.0_reverse_right,V_x-40.0_y-34.0_-3.0,V_x-40.0_y-34.0_-3.0,right,reverse,reverse_right,1
1214,-38.500,-12.000,0.500,90.000,V_x-40.0_y-34.0_-3.0_reverse_right,V_x-40.0_y-34.0_-3.0,V_x-40.0_y-34.0_-3.0,right,reverse,reverse_right,1
1215,-38.500,-11.500,0.500,90.000,V_x-40.0_y-34.0_-3.0_reverse_right,V_x-40.0_y-34.0_-3.0,V_x-40.0_y-34.0_-3.0,right,reverse,reverse_right,1
1216,-38.500,-11.000,0.500,90.000,V_x-40.0_y-34.0_-3.0_reverse_right,V_x-40.0_y-34.0_-3.0,V_x-40.0_y-34.0_-3.0,right,reverse,reverse_right,1
1217,-38.500,-10.500,0.500,90.000,V_x-40.0_y-34.0_-3.0_reverse_right,V_x-40.0_y-34.0_-3.0,V_x-40.0_y-34.0_-3.0,right,reverse,reverse_right,1
1218,-38.500,-10.000,0.500,90.000,V_x-40.0_y-34.0_-3.0_reverse_right,V_x-40.0_y-34.0_-3.0,V_x-40.0_y-34.0_-3.0,right,reverse,reverse_right,1
1219,-38.500,-9.500,0.500,90.000,V_x-40.0_y-34.0_-3.0_reverse_right,V_x-40.0_y-34.0_-3.0,V_x-40.0_y-34.0_-3.0,right,reverse,reverse_right,1
1220,-38.500,-9.000,0.500,90.000,V_x-40.0_y-34.0_-3.0_reverse_right,V_x-40.0_y-34.0_-3.0,V_x-40.0_y-34.0_-3.0,right,reverse,reverse_right,1
1221,-38.500,-8.500,0.500,90.000,V_x-40.0_y-34.0_-3.0_reverse_right,V_x-40.0_y-34.0_-3.0,V_x-40.0_y-34.0_-3.0,right,reverse,reverse_right,1
1222,-38.500,-8.000,0.500,90.000,V_x-40.0_y-34.0_-3.0_reverse_right,V_x-40.0_y-34.0_-3.0,V_x-40.0_y-34.0_-3.0,right,reverse,reverse_right,1
1223,-38.500,-7.500,0.500,90.000,V_x-40.0_y-34.0_-3.0_reverse_right,V_x-40.0_y-34.0_-3.0,V_x-40.0_y-34.0_-3.0,right,reverse,reverse_right,1
1224,-38.500,-7.000,0.500,90.000,V_x-40.0_y-34.0_-3.0_reverse_right,V_x-40.0_y-34.0_-3.0,V_x-40.0_y-34.0_-3.0,right,reverse,reverse_right,1
1225,-38.500,-6.500,0.500,90.000,V_x-40.0_y-34.0_-3.0_reverse_right,V_x-40.0_y-34.0_-3.0,V_x-40.0_y-34.0_-3.0,right,reverse,reverse_right,1
1226,-38.500,-6.000,0.500,90.000,V_x-40.0_y-34.0_-3.0_reverse_right,V_x-40.0_y-34.0_-3.0,V_x-40.0_y-34.0_-3.0,right,reverse,reverse_right,1
1227,-38.500,-5.500,0.500,90.000,V_x-40.0_y-34.0_-3.0_reverse_right,V_x-40.0_y-34.0_-3.0,V_x-40.0_y-34.0_-3.0,right,reverse,reverse_right,1
1228,-38.500,-5.000,0.500,90.000,V_x-40.0_y-34.0_-3.0_reverse_right,V_x-40.0_y-34.0_-3.0,V_x-40.0_y-34.0_-3.0,right,reverse,reverse_right,1
1229,-38.500,-4.500,0.500,90.000,V_x-40.0_y-34.0_-3.0_reverse_right,V_x-40.0_y-34.0_-3.0,V_x-40.0_y-34.0_-3.0,right,reverse,reverse_right,1
1230,-38.500,-4.000,0.500,90.000,V_x-40.0_y-34.0_-3.0_reverse_right,V_x-40.0_y-34.0_-3.0,V_x-40.0_y-34.0_-3.0,right,reverse,reverse_right,1
1231,-38.500,-3.500,0.500,90.000,V_x-40.0_y-34.0_-3.0_reverse_right,V_x-40.0_y-34.0_-3.0,V_x-40.0_y-34.0_-3.0,right,reverse,reverse_right,1
1232,-38.500,-3.000,0.500,90.000,V_x-40.0_y-34.0_-3.0_reverse_right,V_x-40.0_y-34.0_-3.0,V_x-40.0_y-34.0_-3.0,right,reverse,reverse_right,0
1233,-38.500,-3.000,0.500,-90.000,R_W_forward_left,R_W,R_W,left,forward,forward_left,1
1234,-38.500,-3.500,0.500,-90.000,R_W_forward_left,R_W,R_W,left,forward,forward_left,1
1235,-40.000,-2.500,0.500,0.000,R_W_forward_left,R_W,R_W,left,forward,forward_left,1
1236,-39.500,-2.500,0.500,0.000,R_W_forward_left,R_W,R_W,left,forward,forward_left,1
1237,-39.000,-2.500,0.500,0.000,R_W_forward_left,R_W,R_W,left,forward,forward_left,1
1238,-38.500,-2.500,0.500,0.000,R_W_forward_left,R_W,R_W,left,forward,forward_left,1
1239,-38.000,-2.500,0.500,0.000,R_W_forward_left,R_W,R_W,left,forward,forward_left,1
1240,-37.500,-2.500,0.500,0.000,R_W_forward_left,R_W,R_W,left,forward,forward_left,1
1241,-37.000,-2.500,0.500,0.000,R_W_forward_left,R_W,R_W,left,forward,forward_left,1
1242,-36.500,-2.500,0.500,0.000,R_W_forward_left,R_W,R_W,left,forward,forward_left,1
1243,-36.000,-2.500,0.500,0.000,R_W_forward_left,R_W,R_W,left,forward,forward_left,1
1244,-35.500,-2.500,0.500,0.000,R_W_forward_left,R_W,R_W,left,forward,forward_left,1
1245,-35.000,-2.500,0.500,0.000,R_W_forward_left,R_W,R_W,left,forward,forward_left,1
1246,-34.500,-2.500,0.500,0.000,R_W_forward_left,R_W,R_W,left,forward,forward_left,1
1247,-34.000,-2.500,0.500,0.000,R_W_forward_left,R_W,R_W,left,forward,forward_left,1
1248,-33.500,-2.500,0.500,0.000,R_W_forward_left,R_W,R_W,left,forward,forward_left,1
1249,-33.000,-2.500,0.500,0.000,R_W_forward_left,R_W,R_W,left,forward,forward_left,1
1250,-32.500,-2.500,0.500,0.000,R_W_forward_left,R_W,R_W,left,forward,forward_left,1
1251,-32.000,-2.500,0.500,0.000,R_W_forward_left,R_W,R_W,left,forward,forward_left,1
1252,-31.500,-2.500,0.500,0.000,R_W_forward_left,R_W,R_W,left,forward,forward_left,1
1253,-31.000,-2.500,0.500,0.000,R_W_forward_left,R_W,R_W,left,forward,forward_left,1
1254,-30.500,-2.500,0.500,0.000,R_W_forward_left,R_W,R_W,left,forward,forward_left,1
1255,-30.000,-2.500,0.500,0.000,R_W_forward_left,R_W,R_W,left,forward,forward_left,1
1256,-29.500,-2.500,0.500,0.000,R_W_forward_left,R_W,R_W,left,forward,forward_left,1
1257,-29.000,-2.500,0.500,0.000,R_W_forward_left,R_W,R_W,left,forward,forward_left,1
1258,-28.500,-2.500,0.500,0.000,R_W_forward_left,R_W,R_W,left,forward,forward_left,1
1259,-28.000,-2.500,0.500,0.000,R_W_forward_left,R_W,R_W,left,forward,forward_left,1
1260,-27.500,-2.500,0.500,0.000,R_W_forward_left,R_W,R_W,left,forward,forward_left,1
1261,-27.000,-2.500,0.500,0.000,R_W_forward_left,R_W,R_W,left,forward,forward_left,1
1262,-26.500,-2.500,0.500,0.000,R_W_forward_left,R_W,R_W,left,forward,forward_left,1
1263,-26.000,-2.500,0.500,0.000,R_W_forward_left,R_W,R_W,left,forward,forward_left,0
1264,-41.500,-3.000,0.500,-90.000,R_W_forward_right,R_W,R_W,right,forward,forward_right,1
1265,-41.500,-3.500,0.500,-90.000,R_W_forward_right,R_W,R_W,right,forward,forward_right,1
1266,-40.000,-5.500,0.500,0.000,R_W_forward_right,R_W,R_W,right,forward,forward_right,1
1267,-39.500,-5.500,0.500,0.000,R_W_forward_right,R_W,R_W,right,forward,forward_right,1
1268,-39.000,-5.500,0.500,0.000,R_W_forward_right,R_W,R_W,right,forward,forward_right,1
1269,-38.500,-5.500,0.500,0.000,R_W_forward_right,R_W,R_W,right,forward,forward_right,1
1270,-38.000,-5.500,0.500,0.000,R_W_forward_right,R_W,R_W,right,forward,forward_right,1
1271,-37.500,-5.500,0.500,0.000,R_W_forward_right,R_W,R_W,right,forward,forward_right,1
1272,-37.000,-5.500,0.500,0.000,R_W_forward_right,R_W,R_W,right,forward,forward_right,1
1273,-36.500,-5.500,0.500,0.000,R_W_forward_right,R_W,R_W,right,forward,forward_right,1
1274,-36.000,-5.500,0.500,0.000,R_W_forward_right,R_W,R_W,right,forward,forward_right,1
1275,-35.500,-5.500,0.500,0.000,R_W_forward_right,R_W,R_W,right,forward,forward_right,1
1276,-35.000,-5.500,0.500,0.000,R_W_forward_right,R_W,R_W,right,forward,forward_right,1
1277,-34.500,-5.500,0.500,0.000,R_W_forward_right,R_W,R_W,right,forward,forward_right,1
1278,-34.000,-5.500,0.500,0.000,R_W_forward_right,R_W,R_W,right,forward,forward_right,1
1279,-33.500,-5.500,0.500,0.000,R_W_forward_right,R_W,R_W,right,forward,forward_right,1
1280,-33.000,-5.500,0.500,0.000,R_W_forward_right,R_W,R_W,right,forward,forward_right,1
1281,-32.500,-5.500,0.500,0.000,R_W_forward_right,R_W,R_W,right,forward,forward_right,1
1282,-32.000,-5.500,0.500,0.000,R_W_forward_right,R_W,R_W,right,forward,forward_right,1
1283,-31.500,-5.500,0.500,0.000,R_W_forward_right,R_W,R_W,right,forward,forward_right,1
1284,-31.000,-5.500,0.500,0.000,R_W_forward_right,R_W,R_W,right,forward,forward_right,1
1285,-30.500,-5.500,0.500,0.000,R_W_forward_right,R_W,R_W,right,forward,forward_right,1
1286,-30.000,-5.500,0.500,0.000,R_W_forward_right,R_W,R_W,right,forward,forward_right,1
1287,-29.500,-5.500,0.500,0.000,R_W_forward_right,R_W,R_W,right,forward,forward_right,1
1288,-29.000,-5.500,0.500,0.000,R_W_forward_right,R_W,R_W,right,forward,forward_right,1
1289,-28.500,-5.500,0.500,0.000,R_W_forward_right,R_W,R_W,right,forward,forward_right,1
1290,-28.000,-5.500,0.500,0.000,R_W_forward_right,R_W,R_W,right,forward,forward_right,1
1291,-27.500,-5.500,0.500,0.000,R_W_forward_right,R_W,R_W,right,forward,forward_right,1
1292,-27.000,-5.500,0.500,0.000,R_W_forward_right,R_W,R_W,right,forward,forward_right,1
1293,-26.500,-5.500,0.500,0.000,R_W_forward_right,R_W,R_W,right,forward,forward_right,1
1294,-26.000,-5.500,0.500,0.000,R_W_forward_right,R_W,R_W,right,forward,forward_right,0
1295,-26.000,-5.500,0.500,180.000,R_W_reverse_left,R_W,R_W,left,reverse,reverse_left,1
1296,-26.500,-5.500,0.500,180.000,R_W_reverse_left,R_W,R_W,left,reverse,reverse_left,1
1297,-27.000,-5.500,0.500,180.000,R_W_reverse_left,R_W,R_W,left,reverse,reverse_left,1
1298,-27.500,-5.500,0.500,180.000,R_W_reverse_left,R_W,R_W,left,reverse,reverse_left,1
1299,-28.000,-5.500,0.500,180.000,R_W_reverse_left,R_W,R_W,left,reverse,reverse_left,1
1300,-28.500,-5.500,0.500,180.000,R_W_reverse_left,R_W,R_W,left,reverse,reverse_left,1
1301,-29.000,-5.500,0.500,180.000,R_W_reverse_left,R_W,R_W,left,reverse,reverse_left,1
1302,-29.500,-5.500,0.500,180.000,R_W_reverse_left,R_W,R_W,left,reverse,reverse_left,1
1303,-30.000,-5.500,0.500,180.000,R_W_reverse_left,R_W,R_W,left,reverse,reverse_left,1
1304,-30.500,-5.500,0.500,180.000,R_W_reverse_left,R_W,R_W,left,reverse,reverse_left,1
1305,-31.000,-5.500,0.500,180.000,R_W_reverse_left,R_W,R_W,left,reverse,reverse_left,1
1306,-31.500,-5.500,0.500,180.000,R_W_reverse_left,R_W,R_W,left,reverse,reverse_left,1
1307,-32.000,-5.500,0.500,180.000,R_W_reverse_left,R_W,R_W,left,reverse,reverse_left,1
1308,-32.500,-5.500,0.500,180.000,R_W_reverse_left,R_W,R_W,left,reverse,reverse_left,1
1309,-33.000,-5.500,0.500,180.000,R_W_reverse_left,R_W,R_W,left,reverse,reverse_left,1
1310,-33.500,-5.500,0.500,180.000,R_W_reverse_left,R_W,R_W,left,reverse,reverse_left,1
1311,-34.000,-5.500,0.500,180.000,R_W_reverse_left,R_W,R_W,left,reverse,reverse_left,1
1312,-34.500,-5.500,0.500,180.000,R_W_reverse_left,R_W,R_W,left,reverse,reverse_left,1
1313,-35.000,-5.500,0.500,180.000,R_W_reverse_left,R_W,R_W,left,reverse,reverse_left,1
1314,-35.500,-5.500,0.500,180.000,R_W_reverse_left,R_W,R_W,left,reverse,reverse_left,1
1315,-36.000,-5.500,0.500,180.000,R_W_reverse_left,R_W,R_W,left,reverse,reverse_left,1
1316,-36.500,-5.500,0.500,180.000,R_W_reverse_left,R_W,R_W,left,reverse,reverse_left,1
1317,-37.000,-5.500,0.500,180.000,R_W_reverse_left,R_W,R_W,left,reverse,reverse_left,1
1318,-37.500,-5.500,0.500,180.000,R_W_reverse_left,R_W,R_W,left,reverse,reverse_left,1
1319,-38.000,-5.500,0.500,180.000,R_W_reverse_left,R_W,R_W,left,reverse,reverse_left,1
1320,-38.500,-5.500,0.500,180.000,R_W_reverse_left,R_W,R_W,left,reverse,reverse_left,1
1321,-39.000,-5.500,0.500,180.000,R_W_reverse_left,R_W,R_W,left,reverse,reverse_left,1
1322,-39.500,-5.500,0.500,180.000,R_W_reverse_left,R_W,R_W,left,reverse,reverse_left,1
1323,-41.500,-4.000,0.500,90.000,R_W_reverse_left,R_W,R_W,left,reverse,reverse_left,1
1324,-41.500,-3.500,0.500,90.000,R_W_reverse_left,R_W,R_W,left,reverse,reverse_left,1
1325,-41.500,-3.000,0.500,90.000,R_W_reverse_left,R_W,R_W,left,reverse,reverse_left,0
1326,-26.000,-2.500,0.500,180.000,R_W_reverse_right,R_W,R_W,right,reverse,reverse_right,1
1327,-26.500,-2.500,0.500,180.000,R_W_reverse_right,R_W,R_W,right,reverse,reverse_right,1
1328,-27.000,-2.500,0.500,180.000,R_W_reverse_right,R_W,R_W,right,reverse,reverse_right,1
1329,-27.500,-2.500,0.500,180.000,R_W_reverse_right,R_W,R_W,right,reverse,reverse_right,1
1330,-28.000,-2.500,0.500,180.000,R_W_reverse_right,R_W,R_W,right,reverse,reverse_right,1
1331,-28.500,-2.500,0.500,180.000,R_W_reverse_right,R_W,R_W,right,reverse,reverse_right,1
1332,-29.000,-2.500,0.500,180.000,R_W_reverse_right,R_W,R_W,right,reverse,reverse_right,1
1333,-29.500,-2.500,0.500,180.000,R_W_reverse_right,R_W,R_W,right,reverse,reverse_right,1
1334,-30.000,-2.500,0.500,180.000,R_W_reverse_right,R_W,R_W,right,reverse,reverse_right,1
1335,-30.500,-2.500,0.500,180.000,R_W_reverse_right,R_W,R_W,right,reverse,reverse_right,1
1336,-31.000,-2.500,0.500,180.000,R_W_reverse_right,R_W,R_W,right,reverse,reverse_right,1
1337,-31.500,-2.500,0.500,180.000,R_W_reverse_right,R_W,R_W,right,reverse,reverse_right,1
1338,-32.000,-2.500,0.500,180.000,R_W_reverse_right,R_W,R_W,right,reverse,reverse_right,1
1339,-32.500,-2.500,0.500,180.000,R_W_reverse_right,R_W,R_W,right,reverse,reverse_right,1
1340,-33.000,-2.500,0.500,180.000,R_W_reverse_right,R_W,R_W,right,reverse,reverse_right,1
1341,-33.500,-2.500,0.500,180.000,R_W_reverse_right,R_W,R_W,right,reverse,reverse_right,1
1342,-34.000,-2.500,0.500,180.000,R_W_reverse_right,R_W,R_W,right,reverse,reverse_right,1
1343,-34.500,-2.500,0.500,180.000,R_W_reverse_right,R_W,R_W,right,reverse,reverse_right,1
1344,-35.000,-2.500,0.500,180.000,R_W_reverse_right,R_W,R_W,right,reverse,reverse_right,1
1345,-35.500,-2.500,0.500,180.000,R_W_reverse_right,R_W,R_W,right,reverse,reverse_right,1
1346,-36.000,-2.500,0.500,180.000,R_W_reverse_right,R_W,R_W,right,reverse,reverse_right,1
1347,-36.500,-2.500,0.500,180.000,R_W_reverse_right,R_W,R_W,right,reverse,reverse_right,1
1348,-37.000,-2.500,0.500,180.000,R_W_reverse_right,R_W,R_W,right,reverse,reverse_right,1
1349,-37.500,-2.500,0.500,180.000,R_W_reverse_right,R_W,R_W,right,reverse,reverse_right,1
1350,-38.000,-2.500,0.500,180.000,R_W_reverse_right,R_W,R_W,right,reverse,reverse_right,1
1351,-38.500,-2.500,0.500,180.000,R_W_reverse_right,R_W,R_W,right,reverse,reverse_right,1
1352,-39.000,-2.500,0.500,180.000,R_W_reverse_right,R_W,R_W,right,reverse,reverse_right,1
1353,-39.500,-2.500,0.500,180.000,R_W_reverse_right,R_W,R_W,right,reverse,reverse_right,1
1354,-38.500,-4.000,0.500,90.000,R_W_reverse_right,R_W,R_W,right,reverse,reverse_right,1
1355,-38.500,-3.500,0.500,90.000,R_W_reverse_right,R_W,R_W,right,reverse,reverse_right,1
1356,-38.500,-3.000,0.500,90.000,R_W_reverse_right,R_W,R_W,right,reverse,reverse_right,0
1357,-20.000,-35.500,0.500,180.000,H_y-34.0_x-40.0_-20.0_forward_left,H_y-34.0_x-40.0_-20.0,H_y-34.0_x-40.0_-20.0,left,forward,forward_left,1
1358,-20.500,-35.500,0.500,180.000,H_y-34.0_x-40.0_-20.0_forward_left,H_y-34.0_x-40.0_-20.0,H_y-34.0_x-40.0_-20.0,left,forward,forward_left,1
1359,-21.000,-35.500,0.500,180.000,H_y-34.0_x-40.0_-20.0_forward_left,H_y-34.0_x-40.0_-20.0,H_y-34.0_x-40.0_-20.0,left,forward,forward_left,1
1360,-21.500,-35.500,0.500,180.000,H_y-34.0_x-40.0_-20.0_forward_left,H_y-34.0_x-40.0_-20.0,H_y-34.0_x-40.0_-20.0,left,forward,forward_left,1
1361,-22.000,-35.500,0.500,180.000,H_y-34.0_x-40.0_-20.0_forward_left,H_y-34.0_x-40.0_-20.0,H_y-34.0_x-40.0_-20.0,left,forward,forward_left,1
1362,-22.500,-35.500,0.500,180.000,H_y-34.0_x-40.0_-20.0_forward_left,H_y-34.0_x-40.0_-20.0,H_y-34.0_x-40.0_-20.0,left,forward,forward_left,1
1363,-23.000,-35.500,0.500,180.000,H_y-34.0_x-40.0_-20.0_forward_left,H_y-34.0_x-40.0_-20.0,H_y-34.0_x-40.0_-20.0,left,forward,forward_left,1
1364,-23.500,-35.500,0.500,180.000,H_y-34.0_x-40.0_-20.0_forward_left,H_y-34.0_x-40.0_-20.0,H_y-34.0_x-40.0_-20.0,left,forward,forward_left,1
1365,-24.000,-35.500,0.500,180.000,H_y-34.0_x-40.0_-20.0_forward_left,H_y-34.0_x-40.0_-20.0,H_y-34.0_x-40.0_-20.0,left,forward,forward_left,1
1366,-24.500,-35.500,0.500,180.000,H_y-34.0_x-40.0_-20.0_forward_left,H_y-34.0_x-40.0_-20.0,H_y-34.0_x-40.0_-20.0,left,forward,forward_left,1
1367,-25.000,-35.500,0.500,180.000,H_y-34.0_x-40.0_-20.0_forward_left,H_y-34.0_x-40.0_-20.0,H_y-34.0_x-40.0_-20.0,left,forward,forward_left,1
1368,-25.500,-35.500,0.500,180.000,H_y-34.0_x-40.0_-20.0_forward_left,H_y-34.0_x-40.0_-20.0,H_y-34.0_x-40.0_-20.0,left,forward,forward_left,1
1369,-26.000,-35.500,0.500,180.000,H_y-34.0_x-40.0_-20.0_forward_left,H_y-34.0_x-40.0_-20.0,H_y-34.0_x-40.0_-20.0,left,forward,forward_left,1
1370,-26.500,-35.500,0.500,180.000,H_y-34.0_x-40.0_-20.0_forward_left,H_y-34.0_x-40.0_-20.0,H_y-34.0_x-40.0_-20.0,left,forward,forward_left,1
1371,-27.000,-35.500,0.500,180.000,H_y-34.0_x-40.0_-20.0_forward_left,H_y-34.0_x-40.0_-20.0,H_y-34.0_x-40.0_-20.0,left,forward,forward_left,1
1372,-27.500,-35.500,0.500,180.000,H_y-34.0_x-40.0_-20.0_forward_left,H_y-34.0_x-40.0_-20.0,H_y-34.0_x-40.0_-20.0,left,forward,forward_left,1
1373,-28.000,-35.500,0.500,180.000,H_y-34.0_x-40.0_-20.0_forward_left,H_y-34.0_x-40.0_-20.0,H_y-34.0_x-40.0_-20.0,left,forward,forward_left,1
1374,-28.500,-35.500,0.500,180.000,H_y-34.0_x-40.0_-20.0_forward_left,H_y-34.0_x-40.0_-20.0,H_y-34.0_x-40.0_-20.0,left,forward,forward_left,1
1375,-29.000,-35.500,0.500,180.000,H_y-34.0_x-40.0_-20.0_forward_left,H_y-34.0_x-40.0_-20.0,H_y-34.0_x-40.0_-20.0,left,forward,forward_left,1
1376,-29.500,-35.500,0.500,180.000,H_y-34.0_x-40.0_-20.0_forward_left,H_y-34.0_x-40.0_-20.0,H_y-34.0_x-40.0_-20.0,left,forward,forward_left,1
1377,-30.000,-35.500,0.500,180.000,H_y-34.0_x-40.0_-20.0_forward_left,H_y-34.0_x-40.0_-20.0,H_y-34.0_x-40.0_-20.0,left,forward,forward_left,1
1378,-30.500,-35.500,0.500,180.000,H_y-34.0_x-40.0_-20.0_forward_left,H_y-34.0_x-40.0_-20.0,H_y-34.0_x-40.0_-20.0,left,forward,forward_left,1
1379,-31.000,-35.500,0.500,180.000,H_y-34.0_x-40.0_-20.0_forward_left,H_y-34.0_x-40.0_-20.0,H_y-34.0_x-40.0_-20.0,left,forward,forward_left,1
1380,-31.500,-35.500,0.500,180.000,H_y-34.0_x-40.0_-20.0_forward_left,H_y-34.0_x-40.0_-20.0,H_y-34.0_x-40.0_-20.0,left,forward,forward_left,1
1381,-32.000,-35.500,0.500,180.000,H_y-34.0_x-40.0_-20.0_forward_left,H_y-34.0_x-40.0_-20.0,H_y-34.0_x-40.0_-20.0,left,forward,forward_left,1
1382,-32.500,-35.500,0.500,180.000,H_y-34.0_x-40.0_-20.0_forward_left,H_y-34.0_x-40.0_-20.0,H_y-34.0_x-40.0_-20.0,left,forward,forward_left,1
1383,-33.000,-35.500,0.500,180.000,H_y-34.0_x-40.0_-20.0_forward_left,H_y-34.0_x-40.0_-20.0,H_y-34.0_x-40.0_-20.0,left,forward,forward_left,1
1384,-33.500,-35.500,0.500,180.000,H_y-34.0_x-40.0_-20.0_forward_left,H_y-34.0_x-40.0_-20.0,H_y-34.0_x-40.0_-20.0,left,forward,forward_left,1
1385,-34.000,-35.500,0.500,180.000,H_y-34.0_x-40.0_-20.0_forward_left,H_y-34.0_x-40.0_-20.0,H_y-34.0_x-40.0_-20.0,left,forward,forward_left,1
1386,-34.500,-35.500,0.500,180.000,H_y-34.0_x-40.0_-20.0_forward_left,H_y-34.0_x-40.0_-20.0,H_y-34.0_x-40.0_-20.0,left,forward,forward_left,1
1387,-35.000,-35.500,0.500,180.000,H_y-34.0_x-40.0_-20.0_forward_left,H_y-34.0_x-40.0_-20.0,H_y-34.0_x-40.0_-20.0,left,forward,forward_left,1
1388,-35.500,-35.500,0.500,180.000,H_y-34.0_x-40.0_-20.0_forward_left,H_y-34.0_x-40.0_-20.0,H_y-34.0_x-40.0_-20.0,left,forward,forward_left,1
1389,-36.000,-35.500,0.500,180.000,H_y-34.0_x-40.0_-20.0_forward_left,H_y-34.0_x-40.0_-20.0,H_y-34.0_x-40.0_-20.0,left,forward,forward_left,1
1390,-36.500,-35.500,0.500,180.000,H_y-34.0_x-40.0_-20.0_forward_left,H_y-34.0_x-40.0_-20.0,H_y-34.0_x-40.0_-20.0,left,forward,forward_left,1
1391,-37.000,-35.500,0.500,180.000,H_y-34.0_x-40.0_-20.0_forward_left,H_y-34.0_x-40.0_-20.0,H_y-34.0_x-40.0_-20.0,left,forward,forward_left,1
1392,-37.500,-35.500,0.500,180.000,H_y-34.0_x-40.0_-20.0_forward_left,H_y-34.0_x-40.0_-20.0,H_y-34.0_x-40.0_-20.0,left,forward,forward_left,1
1393,-38.000,-35.500,0.500,180.000,H_y-34.0_x-40.0_-20.0_forward_left,H_y-34.0_x-40.0_-20.0,H_y-34.0_x-40.0_-20.0,left,forward,forward_left,1
1394,-38.500,-35.500,0.500,180.000,H_y-34.0_x-40.0_-20.0_forward_left,H_y-34.0_x-40.0_-20.0,H_y-34.0_x-40.0_-20.0,left,forward,forward_left,1
1395,-39.000,-35.500,0.500,180.000,H_y-34.0_x-40.0_-20.0_forward_left,H_y-34.0_x-40.0_-20.0,H_y-34.0_x-40.0_-20.0,left,forward,forward_left,1
1396,-39.500,-35.500,0.500,180.000,H_y-34.0_x-40.0_-20.0_forward_left,H_y-34.0_x-40.0_-20.0,H_y-34.0_x-40.0_-20.0,left,forward,forward_left,1
1397,-40.000,-35.500,0.500,180.000,H_y-34.0_x-40.0_-20.0_forward_left,H_y-34.0_x-40.0_-20.0,H_y-34.0_x-40.0_-20.0,left,forward,forward_left,0
1398,-20.000,-32.500,0.500,180.000,H_y-34.0_x-40.0_-20.0_forward_right,H_y-34.0_x-40.0_-20.0,H_y-34.0_x-40.0_-20.0,right,forward,forward_right,1
1399,-20.500,-32.500,0.500,180.000,H_y-34.0_x-40.0_-20.0_forward_right,H_y-34.0_x-40.0_-20.0,H_y-34.0_x-40.0_-20.0,right,forward,forward_right,1
1400,-21.000,-32.500,0.500,180.000,H_y-34.0_x-40.0_-20.0_forward_right,H_y-34.0_x-40.0_-20.0,H_y-34.0_x-40.0_-20.0,right,forward,forward_right,1
1401,-21.500,-32.500,0.500,180.000,H_y-34.0_x-40.0_-20.0_forward_right,H_y-34.0_x-40.0_-20.0,H_y-34.0_x-40.0_-20.0,right,forward,forward_right,1
1402,-22.000,-32.500,0.500,180.000,H_y-34.0_x-40.0_-20.0_forward_right,H_y-34.0_x-40.0_-20.0,H_y-34.0_x-40.0_-20.0,right,forward,forward_right,1
1403,-22.500,-32.500,0.500,180.000,H_y-34.0_x-40.0_-20.0_forward_right,H_y-34.0_x-40.0_-20.0,H_y-34.0_x-40.0_-20.0,right,forward,forward_right,1
1404,-23.000,-32.500,0.500,180.000,H_y-34.0_x-40.0_-20.0_forward_right,H_y-34.0_x-40.0_-20.0,H_y-34.0_x-40.0_-20.0,right,forward,forward_right,1
1405,-23.500,-32.500,0.500,180.000,H_y-34.0_x-40.0_-20.0_forward_right,H_y-34.0_x-40.0_-20.0,H_y-34.0_x-40.0_-20.0,right,forward,forward_right,1
1406,-24.000,-32.500,0.500,180.000,H_y-34.0_x-40.0_-20.0_forward_right,H_y-34.0_x-40.0_-20.0,H_y-34.0_x-40.0_-20.0,right,forward,forward_right,1
1407,-24.500,-32.500,0.500,180.000,H_y-34.0_x-40.0_-20.0_forward_right,H_y-34.0_x-40.0_-20.0,H_y-34.0_x-40.0_-20.0,right,forward,forward_right,1
1408,-25.000,-32.500,0.500,180.000,H_y-34.0_x-40.0_-20.0_forward_right,H_y-34.0_x-40.0_-20.0,H_y-34.0_x-40.0_-20.0,right,forward,forward_right,1
1409,-25.500,-32.500,0.500,180.000,H_y-34.0_x-40.0_-20.0_forward_right,H_y-34.0_x-40.0_-20.0,H_y-34.0_x-40.0_-20.0,right,forward,forward_right,1
1410,-26.000,-32.500,0.500,180.000,H_y-34.0_x-40.0_-20.0_forward_right,H_y-34.0_x-40.0_-20.0,H_y-34.0_x-40.0_-20.0,right,forward,forward_right,1
1411,-26.500,-32.500,0.500,180.000,H_y-34.0_x-40.0_-20.0_forward_right,H_y-34.0_x-40.0_-20.0,H_y-34.0_x-40.0_-20.0,right,forward,forward_right,1
1412,-27.000,-32.500,0.500,180.000,H_y-34.0_x-40.0_-20.0_forward_right,H_y-34.0_x-40.0_-20.0,H_y-34.0_x-40.0_-20.0,right,forward,forward_right,1
1413,-27.500,-32.500,0.500,180.000,H_y-34.0_x-40.0_-20.0_forward_right,H_y-34.0_x-40.0_-20.0,H_y-34.0_x-40.0_-20.0,right,forward,forward_right,1
1414,-28.000,-32.500,0.500,180.000,H_y-34.0_x-40.0_-20.0_forward_right,H_y-34.0_x-40.0_-20.0,H_y-34.0_x-40.0_-20.0,right,forward,forward_right,1
1415,-28.500,-32.500,0.500,180.000,H_y-34.0_x-40.0_-20.0_forward_right,H_y-34.0_x-40.0_-20.0,H_y-34.0_x-40.0_-20.0,right,forward,forward_right,1
1416,-29.000,-32.500,0.500,180.000,H_y-34.0_x-40.0_-20.0_forward_right,H_y-34.0_x-40.0_-20.0,H_y-34.0_x-40.0_-20.0,right,forward,forward_right,1
1417,-29.500,-32.500,0.500,180.000,H_y-34.0_x-40.0_-20.0_forward_right,H_y-34.0_x-40.0_-20.0,H_y-34.0_x-40.0_-20.0,right,forward,forward_right,1
1418,-30.000,-32.500,0.500,180.000,H_y-34.0_x-40.0_-20.0_forward_right,H_y-34.0_x-40.0_-20.0,H_y-34.0_x-40.0_-20.0,right,forward,forward_right,1
1419,-30.500,-32.500,0.500,180.000,H_y-34.0_x-40.0_-20.0_forward_right,H_y-34.0_x-40.0_-20.0,H_y-34.0_x-40.0_-20.0,right,forward,forward_right,1
1420,-31.000,-32.500,0.500,180.000,H_y-34.0_x-40.0_-20.0_forward_right,H_y-34.0_x-40.0_-20.0,H_y-34.0_x-40.0_-20.0,right,forward,forward_right,1
1421,-31.500,-32.500,0.500,180.000,H_y-34.0_x-40.0_-20.0_forward_right,H_y-34.0_x-40.0_-20.0,H_y-34.0_x-40.0_-20.0,right,forward,forward_right,1
1422,-32.000,-32.500,0.500,180.000,H_y-34.0_x-40.0_-20.0_forward_right,H_y-34.0_x-40.0_-20.0,H_y-34.0_x-40.0_-20.0,right,forward,forward_right,1
1423,-32.500,-32.500,0.500,180.000,H_y-34.0_x-40.0_-20.0_forward_right,H_y-34.0_x-40.0_-20.0,H_y-34.0_x-40.0_-20.0,right,forward,forward_right,1
1424,-33.000,-32.500,0.500,180.000,H_y-34.0_x-40.0_-20.0_forward_right,H_y-34.0_x-40.0_-20.0,H_y-34.0_x-40.0_-20.0,right,forward,forward_right,1
1425,-33.500,-32.500,0.500,180.000,H_y-34.0_x-40.0_-20.0_forward_right,H_y-34.0_x-40.0_-20.0,H_y-34.0_x-40.0_-20.0,right,forward,forward_right,1
1426,-34.000,-32.500,0.500,180.000,H_y-34.0_x-40.0_-20.0_forward_right,H_y-34.0_x-40.0_-20.0,H_y-34.0_x-40.0_-20.0,right,forward,forward_right,1
1427,-34.500,-32.500,0.500,180.000,H_y-34.0_x-40.0_-20.0_forward_right,H_y-34.0_x-40.0_-20.0,H_y-34.0_x-40.0_-20.0,right,forward,forward_right,1
1428,-35.000,-32.500,0.500,180.000,H_y-34.0_x-40.0_-20.0_forward_right,H_y-34.0_x-40.0_-20.0,H_y-34.0_x-40.0_-20.0,right,forward,forward_right,1
1429,-35.500,-32.500,0.500,180.000,H_y-34.0_x-40.0_-20.0_forward_right,H_y-34.0_x-40.0_-20.0,H_y-34.0_x-40.0_-20.0,right,forward,forward_right,1
1430,-36.000,-32.500,0.500,180.000,H_y-34.0_x-40.0_-20.0_forward_right,H_y-34.0_x-40.0_-20.0,H_y-34.0_x-40.0_-20.0,right,forward,forward_right,1
1431,-36.500,-32.500,0.500,180.000,H_y-34.0_x-40.0_-20.0_forward_right,H_y-34.0_x-40.0_-20.0,H_y-34.0_x-40.0_-20.0,right,forward,forward_right,1
1432,-37.000,-32.500,0.500,180.000,H_y-34.0_x-40.0_-20.0_forward_right,H_y-34.0_x-40.0_-20.0,H_y-34.0_x-40.0_-20.0,right,forward,forward_right,1
1433,-37.500,-32.500,0.500,180.000,H_y-34.0_x-40.0_-20.0_forward_right,H_y-34.0_x-40.0_-20.0,H_y-34.0_x-40.0_-20.0,right,forward,forward_right,1
1434,-38.000,-32.500,0.500,180.000,H_y-34.0_x-40.0_-20.0_forward_right,H_y-34.0_x-40.0_-20.0,H_y-34.0_x-40.0_-20.0,right,forward,forward_right,1
1435,-38.500,-32.500,0.500,180.000,H_y-34.0_x-40.0_-20.0_forward_right,H_y-34.0_x-40.0_-20.0,H_y-34.0_x-40.0_-20.0,right,forward,forward_right,1
1436,-39.000,-32.500,0.500,180.000,H_y-34.0_x-40.0_-20.0_forward_right,H_y-34.0_x-40.0_-20.0,H_y-34.0_x-40.0_-20.0,right,forward,forward_right,1
1437,-39.500,-32.500,0.500,180.000,H_y-34.0_x-40.0_-20.0_forward_right,H_y-34.0_x-40.0_-20.0,H_y-34.0_x-40.0_-20.0,right,forward,forward_right,1
1438,-40.000,-32.500,0.500,180.000,H_y-34.0_x-40.0_-20.0_forward_right,H_y-34.0_x-40.0_-20.0,H_y-34.0_x-40.0_-20.0,right,forward,forward_right,0
1439,-40.000,-32.500,0.500,0.000,H_y-34.0_x-40.0_-20.0_reverse_left,H_y-34.0_x-40.0_-20.0,H_y-34.0_x-40.0_-20.0,left,reverse,reverse_left,1
1440,-39.500,-32.500,0.500,0.000,H_y-34.0_x-40.0_-20.0_reverse_left,H_y-34.0_x-40.0_-20.0,H_y-34.0_x-40.0_-20.0,left,reverse,reverse_left,1
1441,-39.000,-32.500,0.500,0.000,H_y-34.0_x-40.0_-20.0_reverse_left,H_y-34.0_x-40.0_-20.0,H_y-34.0_x-40.0_-20.0,left,reverse,reverse_left,1
1442,-38.500,-32.500,0.500,0.000,H_y-34.0_x-40.0_-20.0_reverse_left,H_y-34.0_x-40.0_-20.0,H_y-34.0_x-40.0_-20.0,left,reverse,reverse_left,1
1443,-38.000,-32.500,0.500,0.000,H_y-34.0_x-40.0_-20.0_reverse_left,H_y-34.0_x-40.0_-20.0,H_y-34.0_x-40.0_-20.0,left,reverse,reverse_left,1
1444,-37.500,-32.500,0.500,0.000,H_y-34.0_x-40.0_-20.0_reverse_left,H_y-34.0_x-40.0_-20.0,H_y-34.0_x-40.0_-20.0,left,reverse,reverse_left,1
1445,-37.000,-32.500,0.500,0.000,H_y-34.0_x-40.0_-20.0_reverse_left,H_y-34.0_x-40.0_-20.0,H_y-34.0_x-40.0_-20.0,left,reverse,reverse_left,1
1446,-36.500,-32.500,0.500,0.000,H_y-34.0_x-40.0_-20.0_reverse_left,H_y-34.0_x-40.0_-20.0,H_y-34.0_x-40.0_-20.0,left,reverse,reverse_left,1
1447,-36.000,-32.500,0.500,0.000,H_y-34.0_x-40.0_-20.0_reverse_left,H_y-34.0_x-40.0_-20.0,H_y-34.0_x-40.0_-20.0,left,reverse,reverse_left,1
1448,-35.500,-32.500,0.500,0.000,H_y-34.0_x-40.0_-20.0_reverse_left,H_y-34.0_x-40.0_-20.0,H_y-34.0_x-40.0_-20.0,left,reverse,reverse_left,1
1449,-35.000,-32.500,0.500,0.000,H_y-34.0_x-40.0_-20.0_reverse_left,H_y-34.0_x-40.0_-20.0,H_y-34.0_x-40.0_-20.0,left,reverse,reverse_left,1
1450,-34.500,-32.500,0.500,0.000,H_y-34.0_x-40.0_-20.0_reverse_left,H_y-34.0_x-40.0_-20.0,H_y-34.0_x-40.0_-20.0,left,reverse,reverse_left,1
1451,-34.000,-32.500,0.500,0.000,H_y-34.0_x-40.0_-20.0_reverse_left,H_y-34.0_x-40.0_-20.0,H_y-34.0_x-40.0_-20.0,left,reverse,reverse_left,1
1452,-33.500,-32.500,0.500,0.000,H_y-34.0_x-40.0_-20.0_reverse_left,H_y-34.0_x-40.0_-20.0,H_y-34.0_x-40.0_-20.0,left,reverse,reverse_left,1
1453,-33.000,-32.500,0.500,0.000,H_y-34.0_x-40.0_-20.0_reverse_left,H_y-34.0_x-40.0_-20.0,H_y-34.0_x-40.0_-20.0,left,reverse,reverse_left,1
1454,-32.500,-32.500,0.500,0.000,H_y-34.0_x-40.0_-20.0_reverse_left,H_y-34.0_x-40.0_-20.0,H_y-34.0_x-40.0_-20.0,left,reverse,reverse_left,1
1455,-32.000,-32.500,0.500,0.000,H_y-34.0_x-40.0_-20.0_reverse_left,H_y-34.0_x-40.0_-20.0,H_y-34.0_x-40.0_-20.0,left,reverse,reverse_left,1
1456,-31.500,-32.500,0.500,0.000,H_y-34.0_x-40.0_-20.0_reverse_left,H_y-34.0_x-40.0_-20.0,H_y-34.0_x-40.0_-20.0,left,reverse,reverse_left,1
1457,-31.000,-32.500,0.500,0.000,H_y-34.0_x-40.0_-20.0_reverse_left,H_y-34.0_x-40.0_-20.0,H_y-34.0_x-40.0_-20.0,left,reverse,reverse_left,1
1458,-30.500,-32.500,0.500,0.000,H_y-34.0_x-40.0_-20.0_reverse_left,H_y-34.0_x-40.0_-20.0,H_y-34.0_x-40.0_-20.0,left,reverse,reverse_left,1
1459,-30.000,-32.500,0.500,0.000,H_y-34.0_x-40.0_-20.0_reverse_left,H_y-34.0_x-40.0_-20.0,H_y-34.0_x-40.0_-20.0,left,reverse,reverse_left,1
1460,-29.500,-32.500,0.500,0.000,H_y-34.0_x-40.0_-20.0_reverse_left,H_y-34.0_x-40.0_-20.0,H_y-34.0_x-40.0_-20.0,left,reverse,reverse_left,1
1461,-29.000,-32.500,0.500,0.000,H_y-34.0_x-40.0_-20.0_reverse_left,H_y-34.0_x-40.0_-20.0,H_y-34.0_x-40.0_-20.0,left,reverse,reverse_left,1
1462,-28.500,-32.500,0.500,0.000,H_y-34.0_x-40.0_-20.0_reverse_left,H_y-34.0_x-40.0_-20.0,H_y-34.0_x-40.0_-20.0,left,reverse,reverse_left,1
1463,-28.000,-32.500,0.500,0.000,H_y-34.0_x-40.0_-20.0_reverse_left,H_y-34.0_x-40.0_-20.0,H_y-34.0_x-40.0_-20.0,left,reverse,reverse_left,1
1464,-27.500,-32.500,0.500,0.000,H_y-34.0_x-40.0_-20.0_reverse_left,H_y-34.0_x-40.0_-20.0,H_y-34.0_x-40.0_-20.0,left,reverse,reverse_left,1
1465,-27.000,-32.500,0.500,0.000,H_y-34.0_x-40.0_-20.0_reverse_left,H_y-34.0_x-40.0_-20.0,H_y-34.0_x-40.0_-20.0,left,reverse,reverse_left,1
1466,-26.500,-32.500,0.500,0.000,H_y-34.0_x-40.0_-20.0_reverse_left,H_y-34.0_x-40.0_-20.0,H_y-34.0_x-40.0_-20.0,left,reverse,reverse_left,1
1467,-26.000,-32.500,0.500,0.000,H_y-34.0_x-40.0_-20.0_reverse_left,H_y-34.0_x-40.0_-20.0,H_y-34.0_x-40.0_-20.0,left,reverse,reverse_left,1
1468,-25.500,-32.500,0.500,0.000,H_y-34.0_x-40.0_-20.0_reverse_left,H_y-34.0_x-40.0_-20.0,H_y-34.0_x-40.0_-20.0,left,reverse,reverse_left,1
1469,-25.000,-32.500,0.500,0.000,H_y-34.0_x-40.0_-20.0_reverse_left,H_y-34.0_x-40.0_-20.0,H_y-34.0_x-40.0_-20.0,left,reverse,reverse_left,1
1470,-24.500,-32.500,0.500,0.000,H_y-34.0_x-40.0_-20.0_reverse_left,H_y-34.0_x-40.0_-20.0,H_y-34.0_x-40.0_-20.0,left,reverse,reverse_left,1
1471,-24.000,-32.500,0.500,0.000,H_y-34.0_x-40.0_-20.0_reverse_left,H_y-34.0_x-40.0_-20.0,H_y-34.0_x-40.0_-20.0,left,reverse,reverse_left,1
1472,-23.500,-32.500,0.500,0.000,H_y-34.0_x-40.0_-20.0_reverse_left,H_y-34.0_x-40.0_-20.0,H_y-34.0_x-40.0_-20.0,left,reverse,reverse_left,1
1473,-23.000,-32.500,0.500,0.000,H_y-34.0_x-40.0_-20.0_reverse_left,H_y-34.0_x-40.0_-20.0,H_y-34.0_x-40.0_-20.0,left,reverse,reverse_left,1
1474,-22.500,-32.500,0.500,0.000,H_y-34.0_x-40.0_-20.0_reverse_left,H_y-34.0_x-40.0_-20.0,H_y-34.0_x-40.0_-20.0,left,reverse,reverse_left,1
1475,-22.000,-32.500,0.500,0.000,H_y-34.0_x-40.0_-20.0_reverse_left,H_y-34.0_x-40.0_-20.0,H_y-34.0_x-40.0_-20.0,left,reverse,reverse_left,1
1476,-21.500,-32.500,0.500,0.000,H_y-34.0_x-40.0_-20.0_reverse_left,H_y-34.0_x-40.0_-20.0,H_y-34.0_x-40.0_-20.0,left,reverse,reverse_left,1
1477,-21.000,-32.500,0.500,0.000,H_y-34.0_x-40.0_-20.0_reverse_left,H_y-34.0_x-40.0_-20.0,H_y-34.0_x-40.0_-20.0,left,reverse,reverse_left,1
1478,-20.500,-32.500,0.500,0.000,H_y-34.0_x-40.0_-20.0_reverse_left,H_y-34.0_x-40.0_-20.0,H_y-34.0_x-40.0_-20.0,left,reverse,reverse_left,1
1479,-20.000,-32.500,0.500,0.000,H_y-34.0_x-40.0_-20.0_reverse_left,H_y-34.0_x-40.0_-20.0,H_y-34.0_x-40.0_-20.0,left,reverse,reverse_left,0
1480,-40.000,-35.500,0.500,0.000,H_y-34.0_x-40.0_-20.0_reverse_right,H_y-34.0_x-40.0_-20.0,H_y-34.0_x-40.0_-20.0,right,reverse,reverse_right,1
1481,-39.500,-35.500,0.500,0.000,H_y-34.0_x-40.0_-20.0_reverse_right,H_y-34.0_x-40.0_-20.0,H_y-34.0_x-40.0_-20.0,right,reverse,reverse_right,1
1482,-39.000,-35.500,0.500,0.000,H_y-34.0_x-40.0_-20.0_reverse_right,H_y-34.0_x-40.0_-20.0,H_y-34.0_x-40.0_-20.0,right,reverse,reverse_right,1
1483,-38.500,-35.500,0.500,0.000,H_y-34.0_x-40.0_-20.0_reverse_right,H_y-34.0_x-40.0_-20.0,H_y-34.0_x-40.0_-20.0,right,reverse,reverse_right,1
1484,-38.000,-35.500,0.500,0.000,H_y-34.0_x-40.0_-20.0_reverse_right,H_y-34.0_x-40.0_-20.0,H_y-34.0_x-40.0_-20.0,right,reverse,reverse_right,1
1485,-37.500,-35.500,0.500,0.000,H_y-34.0_x-40.0_-20.0_reverse_right,H_y-34.0_x-40.0_-20.0,H_y-34.0_x-40.0_-20.0,right,reverse,reverse_right,1
1486,-37.000,-35.500,0.500,0.000,H_y-34.0_x-40.0_-20.0_reverse_right,H_y-34.0_x-40.0_-20.0,H_y-34.0_x-40.0_-20.0,right,reverse,reverse_right,1
1487,-36.500,-35.500,0.500,0.000,H_y-34.0_x-40.0_-20.0_reverse_right,H_y-34.0_x-40.0_-20.0,H_y-34.0_x-40.0_-20.0,right,reverse,reverse_right,1
1488,-36.000,-35.500,0.500,0.000,H_y-34.0_x-40.0_-20.0_reverse_right,H_y-34.0_x-40.0_-20.0,H_y-34.0_x-40.0_-20.0,right,reverse,reverse_right,1
1489,-35.500,-35.500,0.500,0.000,H_y-34.0_x-40.0_-20.0_reverse_right,H_y-34.0_x-40.0_-20.0,H_y-34.0_x-40.0_-20.0,right,reverse,reverse_right,1
1490,-35.000,-35.500,0.500,0.000,H_y-34.0_x-40.0_-20.0_reverse_right,H_y-34.0_x-40.0_-20.0,H_y-34.0_x-40.0_-20.0,right,reverse,reverse_right,1
1491,-34.500,-35.500,0.500,0.000,H_y-34.0_x-40.0_-20.0_reverse_right,H_y-34.0_x-40.0_-20.0,H_y-34.0_x-40.0_-20.0,right,reverse,reverse_right,1
1492,-34.000,-35.500,0.500,0.000,H_y-34.0_x-40.0_-20.0_reverse_right,H_y-34.0_x-40.0_-20.0,H_y-34.0_x-40.0_-20.0,right,reverse,reverse_right,1
1493,-33.500,-35.500,0.500,0.000,H_y-34.0_x-40.0_-20.0_reverse_right,H_y-34.0_x-40.0_-20.0,H_y-34.0_x-40.0_-20.0,right,reverse,reverse_right,1
1494,-33.000,-35.500,0.500,0.000,H_y-34.0_x-40.0_-20.0_reverse_right,H_y-34.0_x-40.0_-20.0,H_y-34.0_x-40.0_-20.0,right,reverse,reverse_right,1
1495,-32.500,-35.500,0.500,0.000,H_y-34.0_x-40.0_-20.0_reverse_right,H_y-34.0_x-40.0_-20.0,H_y-34.0_x-40.0_-20.0,right,reverse,reverse_right,1
1496,-32.000,-35.500,0.500,0.000,H_y-34.0_x-40.0_-20.0_reverse_right,H_y-34.0_x-40.0_-20.0,H_y-34.0_x-40.0_-20.0,right,reverse,reverse_right,1
1497,-31.500,-35.500,0.500,0.000,H_y-34.0_x-40.0_-20.0_reverse_right,H_y-34.0_x-40.0_-20.0,H_y-34.0_x-40.0_-20.0,right,reverse,reverse_right,1
1498,-31.000,-35.500,0.500,0.000,H_y-34.0_x-40.0_-20.0_reverse_right,H_y-34.0_x-40.0_-20.0,H_y-34.0_x-40.0_-20.0,right,reverse,reverse_right,1
1499,-30.500,-35.500,0.500,0.000,H_y-34.0_x-40.0_-20.0_reverse_right,H_y-34.0_x-40.0_-20.0,H_y-34.0_x-40.0_-20.0,right,reverse,reverse_right,1
1500,-30.000,-35.500,0.500,0.000,H_y-34.0_x-40.0_-20.0_reverse_right,H_y-34.0_x-40.0_-20.0,H_y-34.0_x-40.0_-20.0,right,reverse,reverse_right,1
1501,-29.500,-35.500,0.500,0.000,H_y-34.0_x-40.0_-20.0_reverse_right,H_y-34.0_x-40.0_-20.0,H_y-34.0_x-40.0_-20.0,right,reverse,reverse_right,1
1502,-29.000,-35.500,0.500,0.000,H_y-34.0_x-40.0_-20.0_reverse_right,H_y-34.0_x-40.0_-20.0,H_y-34.0_x-40.0_-20.0,right,reverse,reverse_right,1
1503,-28.500,-35.500,0.500,0.000,H_y-34.0_x-40.0_-20.0_reverse_right,H_y-34.0_x-40.0_-20.0,H_y-34.0_x-40.0_-20.0,right,reverse,reverse_right,1
1504,-28.000,-35.500,0.500,0.000,H_y-34.0_x-40.0_-20.0_reverse_right,H_y-34.0_x-40.0_-20.0,H_y-34.0_x-40.0_-20.0,right,reverse,reverse_right,1
1505,-27.500,-35.500,0.500,0.000,H_y-34.0_x-40.0_-20.0_reverse_right,H_y-34.0_x-40.0_-20.0,H_y-34.0_x-40.0_-20.0,right,reverse,reverse_right,1
1506,-27.000,-35.500,0.500,0.000,H_y-34.0_x-40.0_-20.0_reverse_right,H_y-34.0_x-40.0_-20.0,H_y-34.0_x-40.0_-20.0,right,reverse,reverse_right,1
1507,-26.500,-35.500,0.500,0.000,H_y-34.0_x-40.0_-20.0_reverse_right,H_y-34.0_x-40.0_-20.0,H_y-34.0_x-40.0_-20.0,right,reverse,reverse_right,1
1508,-26.000,-35.500,0.500,0.000,H_y-34.0_x-40.0_-20.0_reverse_right,H_y-34.0_x-40.0_-20.0,H_y-34.0_x-40.0_-20.0,right,reverse,reverse_right,1
1509,-25.500,-35.500,0.500,0.000,H_y-34.0_x-40.0_-20.0_reverse_right,H_y-34.0_x-40.0_-20.0,H_y-34.0_x-40.0_-20.0,right,reverse,reverse_right,1
1510,-25.000,-35.500,0.500,0.000,H_y-34.0_x-40.0_-20.0_reverse_right,H_y-34.0_x-40.0_-20.0,H_y-34.0_x-40.0_-20.0,right,reverse,reverse_right,1
1511,-24.500,-35.500,0.500,0.000,H_y-34.0_x-40.0_-20.0_reverse_right,H_y-34.0_x-40.0_-20.0,H_y-34.0_x-40.0_-20.0,right,reverse,reverse_right,1
1512,-24.000,-35.500,0.500,0.000,H_y-34.0_x-40.0_-20.0_reverse_right,H_y-34.0_x-40.0_-20.0,H_y-34.0_x-40.0_-20.0,right,reverse,reverse_right,1
1513,-23.500,-35.500,0.500,0.000,H_y-34.0_x-40.0_-20.0_reverse_right,H_y-34.0_x-40.0_-20.0,H_y-34.0_x-40.0_-20.0,right,reverse,reverse_right,1
1514,-23.000,-35.500,0.500,0.000,H_y-34.0_x-40.0_-20.0_reverse_right,H_y-34.0_x-40.0_-20.0,H_y-34.0_x-40.0_-20.0,right,reverse,reverse_right,1
1515,-22.500,-35.500,0.500,0.000,H_y-34.0_x-40.0_-20.0_reverse_right,H_y-34.0_x-40.0_-20.0,H_y-34.0_x-40.0_-20.0,right,reverse,reverse_right,1
1516,-22.000,-35.500,0.500,0.000,H_y-34.0_x-40.0_-20.0_reverse_right,H_y-34.0_x-40.0_-20.0,H_y-34.0_x-40.0_-20.0,right,reverse,reverse_right,1
1517,-21.500,-35.500,0.500,0.000,H_y-34.0_x-40.0_-20.0_reverse_right,H_y-34.0_x-40.0_-20.0,H_y-34.0_x-40.0_-20.0,right,reverse,reverse_right,1
1518,-21.000,-35.500,0.500,0.000,H_y-34.0_x-40.0_-20.0_reverse_right,H_y-34.0_x-40.0_-20.0,H_y-34.0_x-40.0_-20.0,right,reverse,reverse_right,1
1519,-20.500,-35.500,0.500,0.000,H_y-34.0_x-40.0_-20.0_reverse_right,H_y-34.0_x-40.0_-20.0,H_y-34.0_x-40.0_-20.0,right,reverse,reverse_right,1
1520,-20.000,-35.500,0.500,0.000,H_y-34.0_x-40.0_-20.0_reverse_right,H_y-34.0_x-40.0_-20.0,H_y-34.0_x-40.0_-20.0,right,reverse,reverse_right,0
1521,-36.000,-35.500,0.500,180.000,outer_bottom_left_conn0_forward_left,outer_bottom_left_conn0,outer_bottom_left_conn0,left,forward,forward_left,1
1522,-36.500,-35.500,0.500,180.000,outer_bottom_left_conn0_forward_left,outer_bottom_left_conn0,outer_bottom_left_conn0,left,forward,forward_left,1
1523,-37.000,-35.500,0.500,180.000,outer_bottom_left_conn0_forward_left,outer_bottom_left_conn0,outer_bottom_left_conn0,left,forward,forward_left,1
1524,-37.500,-35.500,0.500,180.000,outer_bottom_left_conn0_forward_left,outer_bottom_left_conn0,outer_bottom_left_conn0,left,forward,forward_left,1
1525,-38.000,-35.500,0.500,180.000,outer_bottom_left_conn0_forward_left,outer_bottom_left_conn0,outer_bottom_left_conn0,left,forward,forward_left,1
1526,-38.500,-35.500,0.500,180.000,outer_bottom_left_conn0_forward_left,outer_bottom_left_conn0,outer_bottom_left_conn0,left,forward,forward_left,1
1527,-39.000,-35.500,0.500,180.000,outer_bottom_left_conn0_forward_left,outer_bottom_left_conn0,outer_bottom_left_conn0,left,forward,forward_left,1
1528,-39.500,-35.500,0.500,180.000,outer_bottom_left_conn0_forward_left,outer_bottom_left_conn0,outer_bottom_left_conn0,left,forward,forward_left,1
1529,-40.000,-35.500,0.500,180.000,outer_bottom_left_conn0_forward_left,outer_bottom_left_conn0,outer_bottom_left_conn0,left,forward,forward_left,0
1530,-36.000,-32.500,0.500,180.000,outer_bottom_left_conn0_forward_right,outer_bottom_left_conn0,outer_bottom_left_conn0,right,forward,forward_right,1
1531,-36.500,-32.500,0.500,180.000,outer_bottom_left_conn0_forward_right,outer_bottom_left_conn0,outer_bottom_left_conn0,right,forward,forward_right,1
1532,-37.000,-32.500,0.500,180.000,outer_bottom_left_conn0_forward_right,outer_bottom_left_conn0,outer_bottom_left_conn0,right,forward,forward_right,1
1533,-37.500,-32.500,0.500,180.000,outer_bottom_left_conn0_forward_right,outer_bottom_left_conn0,outer_bottom_left_conn0,right,forward,forward_right,1
1534,-38.000,-32.500,0.500,180.000,outer_bottom_left_conn0_forward_right,outer_bottom_left_conn0,outer_bottom_left_conn0,right,forward,forward_right,1
1535,-38.500,-32.500,0.500,180.000,outer_bottom_left_conn0_forward_right,outer_bottom_left_conn0,outer_bottom_left_conn0,right,forward,forward_right,1
1536,-39.000,-32.500,0.500,180.000,outer_bottom_left_conn0_forward_right,outer_bottom_left_conn0,outer_bottom_left_conn0,right,forward,forward_right,1
1537,-39.500,-32.500,0.500,180.000,outer_bottom_left_conn0_forward_right,outer_bottom_left_conn0,outer_bottom_left_conn0,right,forward,forward_right,1
1538,-40.000,-32.500,0.500,180.000,outer_bottom_left_conn0_forward_right,outer_bottom_left_conn0,outer_bottom_left_conn0,right,forward,forward_right,0
1539,-40.000,-32.500,0.500,0.000,outer_bottom_left_conn0_reverse_left,outer_bottom_left_conn0,outer_bottom_left_conn0,left,reverse,reverse_left,1
1540,-39.500,-32.500,0.500,0.000,outer_bottom_left_conn0_reverse_left,outer_bottom_left_conn0,outer_bottom_left_conn0,left,reverse,reverse_left,1
1541,-39.000,-32.500,0.500,0.000,outer_bottom_left_conn0_reverse_left,outer_bottom_left_conn0,outer_bottom_left_conn0,left,reverse,reverse_left,1
1542,-38.500,-32.500,0.500,0.000,outer_bottom_left_conn0_reverse_left,outer_bottom_left_conn0,outer_bottom_left_conn0,left,reverse,reverse_left,1
1543,-38.000,-32.500,0.500,0.000,outer_bottom_left_conn0_reverse_left,outer_bottom_left_conn0,outer_bottom_left_conn0,left,reverse,reverse_left,1
1544,-37.500,-32.500,0.500,0.000,outer_bottom_left_conn0_reverse_left,outer_bottom_left_conn0,outer_bottom_left_conn0,left,reverse,reverse_left,1
1545,-37.000,-32.500,0.500,0.000,outer_bottom_left_conn0_reverse_left,outer_bottom_left_conn0,outer_bottom_left_conn0,left,reverse,reverse_left,1
1546,-36.500,-32.500,0.500,0.000,outer_bottom_left_conn0_reverse_left,outer_bottom_left_conn0,outer_bottom_left_conn0,left,reverse,reverse_left,1
1547,-36.000,-32.500,0.500,0.000,outer_bottom_left_conn0_reverse_left,outer_bottom_left_conn0,outer_bottom_left_conn0,left,reverse,reverse_left,0
1548,-40.000,-35.500,0.500,0.000,outer_bottom_left_conn0_reverse_right,outer_bottom_left_conn0,outer_bottom_left_conn0,right,reverse,reverse_right,1
1549,-39.500,-35.500,0.500,0.000,outer_bottom_left_conn0_reverse_right,outer_bottom_left_conn0,outer_bottom_left_conn0,right,reverse,reverse_right,1
1550,-39.000,-35.500,0.500,0.000,outer_bottom_left_conn0_reverse_right,outer_bottom_left_conn0,outer_bottom_left_conn0,right,reverse,reverse_right,1
1551,-38.500,-35.500,0.500,0.000,outer_bottom_left_conn0_reverse_right,outer_bottom_left_conn0,outer_bottom_left_conn0,right,reverse,reverse_right,1
1552,-38.000,-35.500,0.500,0.000,outer_bottom_left_conn0_reverse_right,outer_bottom_left_conn0,outer_bottom_left_conn0,right,reverse,reverse_right,1
1553,-37.500,-35.500,0.500,0.000,outer_bottom_left_conn0_reverse_right,outer_bottom_left_conn0,outer_bottom_left_conn0,right,reverse,reverse_right,1
1554,-37.000,-35.500,0.500,0.000,outer_bottom_left_conn0_reverse_right,outer_bottom_left_conn0,outer_bottom_left_conn0,right,reverse,reverse_right,1
1555,-36.500,-35.500,0.500,0.000,outer_bottom_left_conn0_reverse_right,outer_bottom_left_conn0,outer_bottom_left_conn0,right,reverse,reverse_right,1
1556,-36.000,-35.500,0.500,0.000,outer_bottom_left_conn0_reverse_right,outer_bottom_left_conn0,outer_bottom_left_conn0,right,reverse,reverse_right,0
1557,-38.500,-30.000,0.500,-90.000,outer_bottom_left_conn1_forward_left,outer_bottom_left_conn1,outer_bottom_left_conn1,left,forward,forward_left,1
1558,-38.500,-30.500,0.500,-90.000,outer_bottom_left_conn1_forward_left,outer_bottom_left_conn1,outer_bottom_left_conn1,left,forward,forward_left,1
1559,-38.500,-31.000,0.500,-90.000,outer_bottom_left_conn1_forward_left,outer_bottom_left_conn1,outer_bottom_left_conn1,left,forward,forward_left,1
1560,-38.500,-31.500,0.500,-90.000,outer_bottom_left_conn1_forward_left,outer_bottom_left_conn1,outer_bottom_left_conn1,left,forward,forward_left,1
1561,-38.500,-32.000,0.500,-90.000,outer_bottom_left_conn1_forward_left,outer_bottom_left_conn1,outer_bottom_left_conn1,left,forward,forward_left,1
1562,-38.500,-32.500,0.500,-90.000,outer_bottom_left_conn1_forward_left,outer_bottom_left_conn1,outer_bottom_left_conn1,left,forward,forward_left,1
1563,-38.500,-33.000,0.500,-90.000,outer_bottom_left_conn1_forward_left,outer_bottom_left_conn1,outer_bottom_left_conn1,left,forward,forward_left,1
1564,-38.500,-33.500,0.500,-90.000,outer_bottom_left_conn1_forward_left,outer_bottom_left_conn1,outer_bottom_left_conn1,left,forward,forward_left,1
1565,-38.500,-34.000,0.500,-90.000,outer_bottom_left_conn1_forward_left,outer_bottom_left_conn1,outer_bottom_left_conn1,left,forward,forward_left,0
1566,-41.500,-30.000,0.500,-90.000,outer_bottom_left_conn1_forward_right,outer_bottom_left_conn1,outer_bottom_left_conn1,right,forward,forward_right,1
1567,-41.500,-30.500,0.500,-90.000,outer_bottom_left_conn1_forward_right,outer_bottom_left_conn1,outer_bottom_left_conn1,right,forward,forward_right,1
1568,-41.500,-31.000,0.500,-90.000,outer_bottom_left_conn1_forward_right,outer_bottom_left_conn1,outer_bottom_left_conn1,right,forward,forward_right,1
1569,-41.500,-31.500,0.500,-90.000,outer_bottom_left_conn1_forward_right,outer_bottom_left_conn1,outer_bottom_left_conn1,right,forward,forward_right,1
1570,-41.500,-32.000,0.500,-90.000,outer_bottom_left_conn1_forward_right,outer_bottom_left_conn1,outer_bottom_left_conn1,right,forward,forward_right,1
1571,-41.500,-32.500,0.500,-90.000,outer_bottom_left_conn1_forward_right,outer_bottom_left_conn1,outer_bottom_left_conn1,right,forward,forward_right,1
1572,-41.500,-33.000,0.500,-90.000,outer_bottom_left_conn1_forward_right,outer_bottom_left_conn1,outer_bottom_left_conn1,right,forward,forward_right,1
1573,-41.500,-33.500,0.500,-90.000,outer_bottom_left_conn1_forward_right,outer_bottom_left_conn1,outer_bottom_left_conn1,right,forward,forward_right,1
1574,-41.500,-34.000,0.500,-90.000,outer_bottom_left_conn1_forward_right,outer_bottom_left_conn1,outer_bottom_left_conn1,right,forward,forward_right,0
1575,-41.500,-34.000,0.500,90.000,outer_bottom_left_conn1_reverse_left,outer_bottom_left_conn1,outer_bottom_left_conn1,left,reverse,reverse_left,1
1576,-41.500,-33.500,0.500,90.000,outer_bottom_left_conn1_reverse_left,outer_bottom_left_conn1,outer_bottom_left_conn1,left,reverse,reverse_left,1
1577,-41.500,-33.000,0.500,90.000,outer_bottom_left_conn1_reverse_left,outer_bottom_left_conn1,outer_bottom_left_conn1,left,reverse,reverse_left,1
1578,-41.500,-32.500,0.500,90.000,outer_bottom_left_conn1_reverse_left,outer_bottom_left_conn1,outer_bottom_left_conn1,left,reverse,reverse_left,1
1579,-41.500,-32.000,0.500,90.000,outer_bottom_left_conn1_reverse_left,outer_bottom_left_conn1,outer_bottom_left_conn1,left,reverse,reverse_left,1
1580,-41.500,-31.500,0.500,90.000,outer_bottom_left_conn1_reverse_left,outer_bottom_left_conn1,outer_bottom_left_conn1,left,reverse,reverse_left,1
1581,-41.500,-31.000,0.500,90.000,outer_bottom_left_conn1_reverse_left,outer_bottom_left_conn1,outer_bottom_left_conn1,left,reverse,reverse_left,1
1582,-41.500,-30.500,0.500,90.000,outer_bottom_left_conn1_reverse_left,outer_bottom_left_conn1,outer_bottom_left_conn1,left,reverse,reverse_left,1
1583,-41.500,-30.000,0.500,90.000,outer_bottom_left_conn1_reverse_left,outer_bottom_left_conn1,outer_bottom_left_conn1,left,reverse,reverse_left,0
1584,-38.500,-34.000,0.500,90.000,outer_bottom_left_conn1_reverse_right,outer_bottom_left_conn1,outer_bottom_left_conn1,right,reverse,reverse_right,1
1585,-38.500,-33.500,0.500,90.000,outer_bottom_left_conn1_reverse_right,outer_bottom_left_conn1,outer_bottom_left_conn1,right,reverse,reverse_right,1
1586,-38.500,-33.000,0.500,90.000,outer_bottom_left_conn1_reverse_right,outer_bottom_left_conn1,outer_bottom_left_conn1,right,reverse,reverse_right,1
1587,-38.500,-32.500,0.500,90.000,outer_bottom_left_conn1_reverse_right,outer_bottom_left_conn1,outer_bottom_left_conn1,right,reverse,reverse_right,1
1588,-38.500,-32.000,0.500,90.000,outer_bottom_left_conn1_reverse_right,outer_bottom_left_conn1,outer_bottom_left_conn1,right,reverse,reverse_right,1
1589,-38.500,-31.500,0.500,90.000,outer_bottom_left_conn1_reverse_right,outer_bottom_left_conn1,outer_bottom_left_conn1,right,reverse,reverse_right,1
1590,-38.500,-31.000,0.500,90.000,outer_bottom_left_conn1_reverse_right,outer_bottom_left_conn1,outer_bottom_left_conn1,right,reverse,reverse_right,1
1591,-38.500,-30.500,0.500,90.000,outer_bottom_left_conn1_reverse_right,outer_bottom_left_conn1,outer_bottom_left_conn1,right,reverse,reverse_right,1
1592,-38.500,-30.000,0.500,90.000,outer_bottom_left_conn1_reverse_right,outer_bottom_left_conn1,outer_bottom_left_conn1,right,reverse,reverse_right,0
1593,-20.000,49.500,0.500,0.000,H_y48.0_x-20.0_20.0_forward_left,H_y48.0_x-20.0_20.0,H_y48.0_x-20.0_20.0,left,forward,forward_left,1
1594,-19.500,49.500,0.500,0.000,H_y48.0_x-20.0_20.0_forward_left,H_y48.0_x-20.0_20.0,H_y48.0_x-20.0_20.0,left,forward,forward_left,1
1595,-19.000,49.500,0.500,0.000,H_y48.0_x-20.0_20.0_forward_left,H_y48.0_x-20.0_20.0,H_y48.0_x-20.0_20.0,left,forward,forward_left,1
1596,-18.500,49.500,0.500,0.000,H_y48.0_x-20.0_20.0_forward_left,H_y48.0_x-20.0_20.0,H_y48.0_x-20.0_20.0,left,forward,forward_left,1
1597,-18.000,49.500,0.500,0.000,H_y48.0_x-20.0_20.0_forward_left,H_y48.0_x-20.0_20.0,H_y48.0_x-20.0_20.0,left,forward,forward_left,1
1598,-17.500,49.500,0.500,0.000,H_y48.0_x-20.0_20.0_forward_left,H_y48.0_x-20.0_20.0,H_y48.0_x-20.0_20.0,left,forward,forward_left,1
1599,-17.000,49.500,0.500,0.000,H_y48.0_x-20.0_20.0_forward_left,H_y48.0_x-20.0_20.0,H_y48.0_x-20.0_20.0,left,forward,forward_left,1
1600,-16.500,49.500,0.500,0.000,H_y48.0_x-20.0_20.0_forward_left,H_y48.0_x-20.0_20.0,H_y48.0_x-20.0_20.0,left,forward,forward_left,1
1601,-16.000,49.500,0.500,0.000,H_y48.0_x-20.0_20.0_forward_left,H_y48.0_x-20.0_20.0,H_y48.0_x-20.0_20.0,left,forward,forward_left,1
1602,-15.500,49.500,0.500,0.000,H_y48.0_x-20.0_20.0_forward_left,H_y48.0_x-20.0_20.0,H_y48.0_x-20.0_20.0,left,forward,forward_left,1
1603,-15.000,49.500,0.500,0.000,H_y48.0_x-20.0_20.0_forward_left,H_y48.0_x-20.0_20.0,H_y48.0_x-20.0_20.0,left,forward,forward_left,1
1604,-14.500,49.500,0.500,0.000,H_y48.0_x-20.0_20.0_forward_left,H_y48.0_x-20.0_20.0,H_y48.0_x-20.0_20.0,left,forward,forward_left,1
1605,-14.000,49.500,0.500,0.000,H_y48.0_x-20.0_20.0_forward_left,H_y48.0_x-20.0_20.0,H_y48.0_x-20.0_20.0,left,forward,forward_left,1
1606,-13.500,49.500,0.500,0.000,H_y48.0_x-20.0_20.0_forward_left,H_y48.0_x-20.0_20.0,H_y48.0_x-20.0_20.0,left,forward,forward_left,1
1607,-13.000,49.500,0.500,0.000,H_y48.0_x-20.0_20.0_forward_left,H_y48.0_x-20.0_20.0,H_y48.0_x-20.0_20.0,left,forward,forward_left,1
1608,-12.500,49.500,0.500,0.000,H_y48.0_x-20.0_20.0_forward_left,H_y48.0_x-20.0_20.0,H_y48.0_x-20.0_20.0,left,forward,forward_left,1
1609,-12.000,49.500,0.500,0.000,H_y48.0_x-20.0_20.0_forward_left,H_y48.0_x-20.0_20.0,H_y48.0_x-20.0_20.0,left,forward,forward_left,1
1610,-11.500,49.500,0.500,0.000,H_y48.0_x-20.0_20.0_forward_left,H_y48.0_x-20.0_20.0,H_y48.0_x-20.0_20.0,left,forward,forward_left,1
1611,-11.000,49.500,0.500,0.000,H_y48.0_x-20.0_20.0_forward_left,H_y48.0_x-20.0_20.0,H_y48.0_x-20.0_20.0,left,forward,forward_left,1
1612,-10.500,49.500,0.500,0.000,H_y48.0_x-20.0_20.0_forward_left,H_y48.0_x-20.0_20.0,H_y48.0_x-20.0_20.0,left,forward,forward_left,1
1613,-10.000,49.500,0.500,0.000,H_y48.0_x-20.0_20.0_forward_left,H_y48.0_x-20.0_20.0,H_y48.0_x-20.0_20.0,left,forward,forward_left,1
1614,-9.500,49.500,0.500,0.000,H_y48.0_x-20.0_20.0_forward_left,H_y48.0_x-20.0_20.0,H_y48.0_x-20.0_20.0,left,forward,forward_left,1
1615,-9.000,49.500,0.500,0.000,H_y48.0_x-20.0_20.0_forward_left,H_y48.0_x-20.0_20.0,H_y48.0_x-20.0_20.0,left,forward,forward_left,1
1616,-8.500,49.500,0.500,0.000,H_y48.0_x-20.0_20.0_forward_left,H_y48.0_x-20.0_20.0,H_y48.0_x-20.0_20.0,left,forward,forward_left,1
1617,-8.000,49.500,0.500,0.000,H_y48.0_x-20.0_20.0_forward_left,H_y48.0_x-20.0_20.0,H_y48.0_x-20.0_20.0,left,forward,forward_left,1
1618,-7.500,49.500,0.500,0.000,H_y48.0_x-20.0_20.0_forward_left,H_y48.0_x-20.0_20.0,H_y48.0_x-20.0_20.0,left,forward,forward_left,1
1619,-7.000,49.500,0.500,0.000,H_y48.0_x-20.0_20.0_forward_left,H_y48.0_x-20.0_20.0,H_y48.0_x-20.0_20.0,left,forward,forward_left,1
1620,-6.500,49.500,0.500,0.000,H_y48.0_x-20.0_20.0_forward_left,H_y48.0_x-20.0_20.0,H_y48.0_x-20.0_20.0,left,forward,forward_left,1
1621,-6.000,49.500,0.500,0.000,H_y48.0_x-20.0_20.0_forward_left,H_y48.0_x-20.0_20.0,H_y48.0_x-20.0_20.0,left,forward,forward_left,1
1622,-5.500,49.500,0.500,0.000,H_y48.0_x-20.0_20.0_forward_left,H_y48.0_x-20.0_20.0,H_y48.0_x-20.0_20.0,left,forward,forward_left,1
1623,-5.000,49.500,0.500,0.000,H_y48.0_x-20.0_20.0_forward_left,H_y48.0_x-20.0_20.0,H_y48.0_x-20.0_20.0,left,forward,forward_left,1
1624,-4.500,49.500,0.500,0.000,H_y48.0_x-20.0_20.0_forward_left,H_y48.0_x-20.0_20.0,H_y48.0_x-20.0_20.0,left,forward,forward_left,1
1625,-4.000,49.500,0.500,0.000,H_y48.0_x-20.0_20.0_forward_left,H_y48.0_x-20.0_20.0,H_y48.0_x-20.0_20.0,left,forward,forward_left,1
1626,-3.500,49.500,0.500,0.000,H_y48.0_x-20.0_20.0_forward_left,H_y48.0_x-20.0_20.0,H_y48.0_x-20.0_20.0,left,forward,forward_left,1
1627,-3.000,49.500,0.500,0.000,H_y48.0_x-20.0_20.0_forward_left,H_y48.0_x-20.0_20.0,H_y48.0_x-20.0_20.0,left,forward,forward_left,1
1628,-2.500,49.500,0.500,0.000,H_y48.0_x-20.0_20.0_forward_left,H_y48.0_x-20.0_20.0,H_y48.0_x-20.0_20.0,left,forward,forward_left,1
1629,-2.000,49.500,0.500,0.000,H_y48.0_x-20.0_20.0_forward_left,H_y48.0_x-20.0_20.0,H_y48.0_x-20.0_20.0,left,forward,forward_left,1
1630,-1.500,49.500,0.500,0.000,H_y48.0_x-20.0_20.0_forward_left,H_y48.0_x-20.0_20.0,H_y48.0_x-20.0_20.0,left,forward,forward_left,1
1631,-1.000,49.500,0.500,0.000,H_y48.0_x-20.0_20.0_forward_left,H_y48.0_x-20.0_20.0,H_y48.0_x-20.0_20.0,left,forward,forward_left,1
1632,-0.500,49.500,0.500,0.000,H_y48.0_x-20.0_20.0_forward_left,H_y48.0_x-20.0_20.0,H_y48.0_x-20.0_20.0,left,forward,forward_left,1
1633,0.000,49.500,0.500,0.000,H_y48.0_x-20.0_20.0_forward_left,H_y48.0_x-20.0_20.0,H_y48.0_x-20.0_20.0,left,forward,forward_left,1
1634,0.500,49.500,0.500,0.000,H_y48.0_x-20.0_20.0_forward_left,H_y48.0_x-20.0_20.0,H_y48.0_x-20.0_20.0,left,forward,forward_left,1
1635,1.000,49.500,0.500,0.000,H_y48.0_x-20.0_20.0_forward_left,H_y48.0_x-20.0_20.0,H_y48.0_x-20.0_20.0,left,forward,forward_left,1
1636,1.500,49.500,0.500,0.000,H_y48.0_x-20.0_20.0_forward_left,H_y48.0_x-20.0_20.0,H_y48.0_x-20.0_20.0,left,forward,forward_left,1
1637,2.000,49.500,0.500,0.000,H_y48.0_x-20.0_20.0_forward_left,H_y48.0_x-20.0_20.0,H_y48.0_x-20.0_20.0,left,forward,forward_left,1
1638,2.500,49.500,0.500,0.000,H_y48.0_x-20.0_20.0_forward_left,H_y48.0_x-20.0_20.0,H_y48.0_x-20.0_20.0,left,forward,forward_left,1
1639,3.000,49.500,0.500,0.000,H_y48.0_x-20.0_20.0_forward_left,H_y48.0_x-20.0_20.0,H_y48.0_x-20.0_20.0,left,forward,forward_left,1
1640,3.500,49.500,0.500,0.000,H_y48.0_x-20.0_20.0_forward_left,H_y48.0_x-20.0_20.0,H_y48.0_x-20.0_20.0,left,forward,forward_left,1
1641,4.000,49.500,0.500,0.000,H_y48.0_x-20.0_20.0_forward_left,H_y48.0_x-20.0_20.0,H_y48.0_x-20.0_20.0,left,forward,forward_left,1
1642,4.500,49.500,0.500,0.000,H_y48.0_x-20.0_20.0_forward_left,H_y48.0_x-20.0_20.0,H_y48.0_x-20.0_20.0,left,forward,forward_left,1
1643,5.000,49.500,0.500,0.000,H_y48.0_x-20.0_20.0_forward_left,H_y48.0_x-20.0_20.0,H_y48.0_x-20.0_20.0,left,forward,forward_left,1
1644,5.500,49.500,0.500,0.000,H_y48.0_x-20.0_20.0_forward_left,H_y48.0_x-20.0_20.0,H_y48.0_x-20.0_20.0,left,forward,forward_left,1
1645,6.000,49.500,0.500,0.000,H_y48.0_x-20.0_20.0_forward_left,H_y48.0_x-20.0_20.0,H_y48.0_x-20.0_20.0,left,forward,forward_left,1
1646,6.500,49.500,0.500,0.000,H_y48.0_x-20.0_20.0_forward_left,H_y48.0_x-20.0_20.0,H_y48.0_x-20.0_20.0,left,forward,forward_left,1
1647,7.000,49.500,0.500,0.000,H_y48.0_x-20.0_20.0_forward_left,H_y48.0_x-20.0_20.0,H_y48.0_x-20.0_20.0,left,forward,forward_left,1
1648,7.500,49.500,0.500,0.000,H_y48.0_x-20.0_20.0_forward_left,H_y48.0_x-20.0_20.0,H_y48.0_x-20.0_20.0,left,forward,forward_left,1
1649,8.000,49.500,0.500,0.000,H_y48.0_x-20.0_20.0_forward_left,H_y48.0_x-20.0_20.0,H_y48.0_x-20.0_20.0,left,forward,forward_left,1
1650,8.500,49.500,0.500,0.000,H_y48.0_x-20.0_20.0_forward_left,H_y48.0_x-20.0_20.0,H_y48.0_x-20.0_20.0,left,forward,forward_left,1
1651,9.000,49.500,0.500,0.000,H_y48.0_x-20.0_20.0_forward_left,H_y48.0_x-20.0_20.0,H_y48.0_x-20.0_20.0,left,forward,forward_left,1
1652,9.500,49.500,0.500,0.000,H_y48.0_x-20.0_20.0_forward_left,H_y48.0_x-20.0_20.0,H_y48.0_x-20.0_20.0,left,forward,forward_left,1
1653,10.000,49.500,0.500,0.000,H_y48.0_x-20.0_20.0_forward_left,H_y48.0_x-20.0_20.0,H_y48.0_x-20.0_20.0,left,forward,forward_left,1
1654,10.500,49.500,0.500,0.000,H_y48.0_x-20.0_20.0_forward_left,H_y48.0_x-20.0_20.0,H_y48.0_x-20.0_20.0,left,forward,forward_left,1
1655,11.000,49.500,0.500,0.000,H_y48.0_x-20.0_20.0_forward_left,H_y48.0_x-20.0_20.0,H_y48.0_x-20.0_20.0,left,forward,forward_left,1
1656,11.500,49.500,0.500,0.000,H_y48.0_x-20.0_20.0_forward_left,H_y48.0_x-20.0_20.0,H_y48.0_x-20.0_20.0,left,forward,forward_left,1
1657,12.000,49.500,0.500,0.000,H_y48.0_x-20.0_20.0_forward_left,H_y48.0_x-20.0_20.0,H_y48.0_x-20.0_20.0,left,forward,forward_left,1
1658,12.500,49.500,0.500,0.000,H_y48.0_x-20.0_20.0_forward_left,H_y48.0_x-20.0_20.0,H_y48.0_x-20.0_20.0,left,forward,forward_left,1
1659,13.000,49.500,0.500,0.000,H_y48.0_x-20.0_20.0_forward_left,H_y48.0_x-20.0_20.0,H_y48.0_x-20.0_20.0,left,forward,forward_left,1
1660,13.500,49.500,0.500,0.000,H_y48.0_x-20.0_20.0_forward_left,H_y48.0_x-20.0_20.0,H_y48.0_x-20.0_20.0,left,forward,forward_left,1
1661,14.000,49.500,0.500,0.000,H_y48.0_x-20.0_20.0_forward_left,H_y48.0_x-20.0_20.0,H_y48.0_x-20.0_20.0,left,forward,forward_left,1
1662,14.500,49.500,0.500,0.000,H_y48.0_x-20.0_20.0_forward_left,H_y48.0_x-20.0_20.0,H_y48.0_x-20.0_20.0,left,forward,forward_left,1
1663,15.000,49.500,0.500,0.000,H_y48.0_x-20.0_20.0_forward_left,H_y48.0_x-20.0_20.0,H_y48.0_x-20.0_20.0,left,forward,forward_left,1
1664,15.500,49.500,0.500,0.000,H_y48.0_x-20.0_20.0_forward_left,H_y48.0_x-20.0_20.0,H_y48.0_x-20.0_20.0,left,forward,forward_left,1
1665,16.000,49.500,0.500,0.000,H_y48.0_x-20.0_20.0_forward_left,H_y48.0_x-20.0_20.0,H_y48.0_x-20.0_20.0,left,forward,forward_left,1
1666,16.500,49.500,0.500,0.000,H_y48.0_x-20.0_20.0_forward_left,H_y48.0_x-20.0_20.0,H_y48.0_x-20.0_20.0,left,forward,forward_left,1
1667,17.000,49.500,0.500,0.000,H_y48.0_x-20.0_20.0_forward_left,H_y48.0_x-20.0_20.0,H_y48.0_x-20.0_20.0,left,forward,forward_left,1
1668,17.500,49.500,0.500,0.000,H_y48.0_x-20.0_20.0_forward_left,H_y48.0_x-20.0_20.0,H_y48.0_x-20.0_20.0,left,forward,forward_left,1
1669,18.000,49.500,0.500,0.000,H_y48.0_x-20.0_20.0_forward_left,H_y48.0_x-20.0_20.0,H_y48.0_x-20.0_20.0,left,forward,forward_left,1
1670,18.500,49.500,0.500,0.000,H_y48.0_x-20.0_20.0_forward_left,H_y48.0_x-20.0_20.0,H_y48.0_x-20.0_20.0,left,forward,forward_left,1
1671,19.000,49.500,0.500,0.000,H_y48.0_x-20.0_20.0_forward_left,H_y48.0_x-20.0_20.0,H_y48.0_x-20.0_20.0,left,forward,forward_left,1
1672,19.500,49.500,0.500,0.000,H_y48.0_x-20.0_20.0_forward_left,H_y48.0_x-20.0_20.0,H_y48.0_x-20.0_20.0,left,forward,forward_left,1
1673,20.000,49.500,0.500,0.000,H_y48.0_x-20.0_20.0_forward_left,H_y48.0_x-20.0_20.0,H_y48.0_x-20.0_20.0,left,forward,forward_left,0
1674,-20.000,46.500,0.500,0.000,H_y48.0_x-20.0_20.0_forward_right,H_y48.0_x-20.0_20.0,H_y48.0_x-20.0_20.0,right,forward,forward_right,1
1675,-19.500,46.500,0.500,0.000,H_y48.0_x-20.0_20.0_forward_right,H_y48.0_x-20.0_20.0,H_y48.0_x-20.0_20.0,right,forward,forward_right,1
1676,-19.000,46.500,0.500,0.000,H_y48.0_x-20.0_20.0_forward_right,H_y48.0_x-20.0_20.0,H_y48.0_x-20.0_20.0,right,forward,forward_right,1
1677,-18.500,46.500,0.500,0.000,H_y48.0_x-20.0_20.0_forward_right,H_y48.0_x-20.0_20.0,H_y48.0_x-20.0_20.0,right,forward,forward_right,1
1678,-18.000,46.500,0.500,0.000,H_y48.0_x-20.0_20.0_forward_right,H_y48.0_x-20.0_20.0,H_y48.0_x-20.0_20.0,right,forward,forward_right,1
1679,-17.500,46.500,0.500,0.000,H_y48.0_x-20.0_20.0_forward_right,H_y48.0_x-20.0_20.0,H_y48.0_x-20.0_20.0,right,forward,forward_right,1
1680,-17.000,46.500,0.500,0.000,H_y48.0_x-20.0_20.0_forward_right,H_y48.0_x-20.0_20.0,H_y48.0_x-20.0_20.0,right,forward,forward_right,1
1681,-16.500,46.500,0.500,0.000,H_y48.0_x-20.0_20.0_forward_right,H_y48.0_x-20.0_20.0,H_y48.0_x-20.0_20.0,right,forward,forward_right,1
1682,-16.000,46.500,0.500,0.000,H_y48.0_x-20.0_20.0_forward_right,H_y48.0_x-20.0_20.0,H_y48.0_x-20.0_20.0,right,forward,forward_right,1
1683,-15.500,46.500,0.500,0.000,H_y48.0_x-20.0_20.0_forward_right,H_y48.0_x-20.0_20.0,H_y48.0_x-20.0_20.0,right,forward,forward_right,1
1684,-15.000,46.500,0.500,0.000,H_y48.0_x-20.0_20.0_forward_right,H_y48.0_x-20.0_20.0,H_y48.0_x-20.0_20.0,right,forward,forward_right,1
1685,-14.500,46.500,0.500,0.000,H_y48.0_x-20.0_20.0_forward_right,H_y48.0_x-20.0_20.0,H_y48.0_x-20.0_20.0,right,forward,forward_right,1
1686,-14.000,46.500,0.500,0.000,H_y48.0_x-20.0_20.0_forward_right,H_y48.0_x-20.0_20.0,H_y48.0_x-20.0_20.0,right,forward,forward_right,1
1687,-13.500,46.500,0.500,0.000,H_y48.0_x-20.0_20.0_forward_right,H_y48.0_x-20.0_20.0,H_y48.0_x-20.0_20.0,right,forward,forward_right,1
1688,-13.000,46.500,0.500,0.000,H_y48.0_x-20.0_20.0_forward_right,H_y48.0_x-20.0_20.0,H_y48.0_x-20.0_20.0,right,forward,forward_right,1
1689,-12.500,46.500,0.500,0.000,H_y48.0_x-20.0_20.0_forward_right,H_y48.0_x-20.0_20.0,H_y48.0_x-20.0_20.0,right,forward,forward_right,1
1690,-12.000,46.500,0.500,0.000,H_y48.0_x-20.0_20.0_forward_right,H_y48.0_x-20.0_20.0,H_y48.0_x-20.0_20.0,right,forward,forward_right,1
1691,-11.500,46.500,0.500,0.000,H_y48.0_x-20.0_20.0_forward_right,H_y48.0_x-20.0_20.0,H_y48.0_x-20.0_20.0,right,forward,forward_right,1
1692,-11.000,46.500,0.500,0.000,H_y48.0_x-20.0_20.0_forward_right,H_y48.0_x-20.0_20.0,H_y48.0_x-20.0_20.0,right,forward,forward_right,1
1693,-10.500,46.500,0.500,0.000,H_y48.0_x-20.0_20.0_forward_right,H_y48.0_x-20.0_20.0,H_y48.0_x-20.0_20.0,right,forward,forward_right,1
1694,-10.000,46.500,0.500,0.000,H_y48.0_x-20.0_20.0_forward_right,H_y48.0_x-20.0_20.0,H_y48.0_x-20.0_20.0,right,forward,forward_right,1
1695,-9.500,46.500,0.500,0.000,H_y48.0_x-20.0_20.0_forward_right,H_y48.0_x-20.0_20.0,H_y48.0_x-20.0_20.0,right,forward,forward_right,1
1696,-9.000,46.500,0.500,0.000,H_y48.0_x-20.0_20.0_forward_right,H_y48.0_x-20.0_20.0,H_y48.0_x-20.0_20.0,right,forward,forward_right,1
1697,-8.500,46.500,0.500,0.000,H_y48.0_x-20.0_20.0_forward_right,H_y48.0_x-20.0_20.0,H_y48.0_x-20.0_20.0,right,forward,forward_right,1
1698,-8.000,46.500,0.500,0.000,H_y48.0_x-20.0_20.0_forward_right,H_y48.0_x-20.0_20.0,H_y48.0_x-20.0_20.0,right,forward,forward_right,1
1699,-7.500,46.500,0.500,0.000,H_y48.0_x-20.0_20.0_forward_right,H_y48.0_x-20.0_20.0,H_y48.0_x-20.0_20.0,right,forward,forward_right,1
1700,-7.000,46.500,0.500,0.000,H_y48.0_x-20.0_20.0_forward_right,H_y48.0_x-20.0_20.0,H_y48.0_x-20.0_20.0,right,forward,forward_right,1
1701,-6.500,46.500,0.500,0.000,H_y48.0_x-20.0_20.0_forward_right,H_y48.0_x-20.0_20.0,H_y48.0_x-20.0_20.0,right,forward,forward_right,1
1702,-6.000,46.500,0.500,0.000,H_y48.0_x-20.0_20.0_forward_right,H_y48.0_x-20.0_20.0,H_y48.0_x-20.0_20.0,right,forward,forward_right,1
1703,-5.500,46.500,0.500,0.000,H_y48.0_x-20.0_20.0_forward_right,H_y48.0_x-20.0_20.0,H_y48.0_x-20.0_20.0,right,forward,forward_right,1
1704,-5.000,46.500,0.500,0.000,H_y48.0_x-20.0_20.0_forward_right,H_y48.0_x-20.0_20.0,H_y48.0_x-20.0_20.0,right,forward,forward_right,1
1705,-4.500,46.500,0.500,0.000,H_y48.0_x-20.0_20.0_forward_right,H_y48.0_x-20.0_20.0,H_y48.0_x-20.0_20.0,right,forward,forward_right,1
1706,-4.000,46.500,0.500,0.000,H_y48.0_x-20.0_20.0_forward_right,H_y48.0_x-20.0_20.0,H_y48.0_x-20.0_20.0,right,forward,forward_right,1
1707,-3.500,46.500,0.500,0.000,H_y48.0_x-20.0_20.0_forward_right,H_y48.0_x-20.0_20.0,H_y48.0_x-20.0_20.0,right,forward,forward_right,1
1708,-3.000,46.500,0.500,0.000,H_y48.0_x-20.0_20.0_forward_right,H_y48.0_x-20.0_20.0,H_y48.0_x-20.0_20.0,right,forward,forward_right,1
1709,-2.500,46.500,0.500,0.000,H_y48.0_x-20.0_20.0_forward_right,H_y48.0_x-20.0_20.0,H_y48.0_x-20.0_20.0,right,forward,forward_right,1
1710,-2.000,46.500,0.500,0.000,H_y48.0_x-20.0_20.0_forward_right,H_y48.0_x-20.0_20.0,H_y48.0_x-20.0_20.0,right,forward,forward_right,1
1711,-1.500,46.500,0.500,0.000,H_y48.0_x-20.0_20.0_forward_right,H_y48.0_x-20.0_20.0,H_y48.0_x-20.0_20.0,right,forward,forward_right,1
1712,-1.000,46.500,0.500,0.000,H_y48.0_x-20.0_20.0_forward_right,H_y48.0_x-20.0_20.0,H_y48.0_x-20.0_20.0,right,forward,forward_right,1
1713,-0.500,46.500,0.500,0.000,H_y48.0_x-20.0_20.0_forward_right,H_y48.0_x-20.0_20.0,H_y48.0_x-20.0_20.0,right,forward,forward_right,1
1714,0.000,46.500,0.500,0.000,H_y48.0_x-20.0_20.0_forward_right,H_y48.0_x-20.0_20.0,H_y48.0_x-20.0_20.0,right,forward,forward_right,1
1715,0.500,46.500,0.500,0.000,H_y48.0_x-20.0_20.0_forward_right,H_y48.0_x-20.0_20.0,H_y48.0_x-20.0_20.0,right,forward,forward_right,1
1716,1.000,46.500,0.500,0.000,H_y48.0_x-20.0_20.0_forward_right,H_y48.0_x-20.0_20.0,H_y48.0_x-20.0_20.0,right,forward,forward_right,1
1717,1.500,46.500,0.500,0.000,H_y48.0_x-20.0_20.0_forward_right,H_y48.0_x-20.0_20.0,H_y48.0_x-20.0_20.0,right,forward,forward_right,1
1718,2.000,46.500,0.500,0.000,H_y48.0_x-20.0_20.0_forward_right,H_y48.0_x-20.0_20.0,H_y48.0_x-20.0_20.0,right,forward,forward_right,1
1719,2.500,46.500,0.500,0.000,H_y48.0_x-20.0_20.0_forward_right,H_y48.0_x-20.0_20.0,H_y48.0_x-20.0_20.0,right,forward,forward_right,1
1720,3.000,46.500,0.500,0.000,H_y48.0_x-20.0_20.0_forward_right,H_y48.0_x-20.0_20.0,H_y48.0_x-20.0_20.0,right,forward,forward_right,1
1721,3.500,46.500,0.500,0.000,H_y48.0_x-20.0_20.0_forward_right,H_y48.0_x-20.0_20.0,H_y48.0_x-20.0_20.0,right,forward,forward_right,1
1722,4.000,46.500,0.500,0.000,H_y48.0_x-20.0_20.0_forward_right,H_y48.0_x-20.0_20.0,H_y48.0_x-20.0_20.0,right,forward,forward_right,1
1723,4.500,46.500,0.500,0.000,H_y48.0_x-20.0_20.0_forward_right,H_y48.0_x-20.0_20.0,H_y48.0_x-20.0_20.0,right,forward,forward_right,1
1724,5.000,46.500,0.500,0.000,H_y48.0_x-20.0_20.0_forward_right,H_y48.0_x-20.0_20.0,H_y48.0_x-20.0_20.0,right,forward,forward_right,1
1725,5.500,46.500,0.500,0.000,H_y48.0_x-20.0_20.0_forward_right,H_y48.0_x-20.0_20.0,H_y48.0_x-20.0_20.0,right,forward,forward_right,1
1726,6.000,46.500,0.500,0.000,H_y48.0_x-20.0_20.0_forward_right,H_y48.0_x-20.0_20.0,H_y48.0_x-20.0_20.0,right,forward,forward_right,1
1727,6.500,46.500,0.500,0.000,H_y48.0_x-20.0_20.0_forward_right,H_y48.0_x-20.0_20.0,H_y48.0_x-20.0_20.0,right,forward,forward_right,1
1728,7.000,46.500,0.500,0.000,H_y48.0_x-20.0_20.0_forward_right,H_y48.0_x-20.0_20.0,H_y48.0_x-20.0_20.0,right,forward,forward_right,1
1729,7.500,46.500,0.500,0.000,H_y48.0_x-20.0_20.0_forward_right,H_y48.0_x-20.0_20.0,H_y48.0_x-20.0_20.0,right,forward,forward_right,1
1730,8.000,46.500,0.500,0.000,H_y48.0_x-20.0_20.0_forward_right,H_y48.0_x-20.0_20.0,H_y48.0_x-20.0_20.0,right,forward,forward_right,1
1731,8.500,46.500,0.500,0.000,H_y48.0_x-20.0_20.0_forward_right,H_y48.0_x-20.0_20.0,H_y48.0_x-20.0_20.0,right,forward,forward_right,1
1732,9.000,46.500,0.500,0.000,H_y48.0_x-20.0_20.0_forward_right,H_y48.0_x-20.0_20.0,H_y48.0_x-20.0_20.0,right,forward,forward_right,1
1733,9.500,46.500,0.500,0.000,H_y48.0_x-20.0_20.0_forward_right,H_y48.0_x-20.0_20.0,H_y48.0_x-20.0_20.0,right,forward,forward_right,1
1734,10.000,46.500,0.500,0.000,H_y48.0_x-20.0_20.0_forward_right,H_y48.0_x-20.0_20.0,H_y48.0_x-20.0_20.0,right,forward,forward_right,1
1735,10.500,46.500,0.500,0.000,H_y48.0_x-20.0_20.0_forward_right,H_y48.0_x-20.0_20.0,H_y48.0_x-20.0_20.0,right,forward,forward_right,1
1736,11.000,46.500,0.500,0.000,H_y48.0_x-20.0_20.0_forward_right,H_y48.0_x-20.0_20.0,H_y48.0_x-20.0_20.0,right,forward,forward_right,1
1737,11.500,46.500,0.500,0.000,H_y48.0_x-20.0_20.0_forward_right,H_y48.0_x-20.0_20.0,H_y48.0_x-20.0_20.0,right,forward,forward_right,1
1738,12.000,46.500,0.500,0.000,H_y48.0_x-20.0_20.0_forward_right,H_y48.0_x-20.0_20.0,H_y48.0_x-20.0_20.0,right,forward,forward_right,1
1739,12.500,46.500,0.500,0.000,H_y48.0_x-20.0_20.0_forward_right,H_y48.0_x-20.0_20.0,H_y48.0_x-20.0_20.0,right,forward,forward_right,1
1740,13.000,46.500,0.500,0.000,H_y48.0_x-20.0_20.0_forward_right,H_y48.0_x-20.0_20.0,H_y48.0_x-20.0_20.0,right,forward,forward_right,1
1741,13.500,46.500,0.500,0.000,H_y48.0_x-20.0_20.0_forward_right,H_y48.0_x-20.0_20.0,H_y48.0_x-20.0_20.0,right,forward,forward_right,1
1742,14.000,46.500,0.500,0.000,H_y48.0_x-20.0_20.0_forward_right,H_y48.0_x-20.0_20.0,H_y48.0_x-20.0_20.0,right,forward,forward_right,1
1743,14.500,46.500,0.500,0.000,H_y48.0_x-20.0_20.0_forward_right,H_y48.0_x-20.0_20.0,H_y48.0_x-20.0_20.0,right,forward,forward_right,1
1744,15.000,46.500,0.500,0.000,H_y48.0_x-20.0_20.0_forward_right,H_y48.0_x-20.0_20.0,H_y48.0_x-20.0_20.0,right,forward,forward_right,1
1745,15.500,46.500,0.500,0.000,H_y48.0_x-20.0_20.0_forward_right,H_y48.0_x-20.0_20.0,H_y48.0_x-20.0_20.0,right,forward,forward_right,1
1746,16.000,46.500,0.500,0.000,H_y48.0_x-20.0_20.0_forward_right,H_y48.0_x-20.0_20.0,H_y48.0_x-20.0_20.0,right,forward,forward_right,1
1747,16.500,46.500,0.500,0.000,H_y48.0_x-20.0_20.0_forward_right,H_y48.0_x-20.0_20.0,H_y48.0_x-20.0_20.0,right,forward,forward_right,1
1748,17.000,46.500,0.500,0.000,H_y48.0_x-20.0_20.0_forward_right,H_y48.0_x-20.0_20.0,H_y48.0_x-20.0_20.0,right,forward,forward_right,1
1749,17.500,46.500,0.500,0.000,H_y48.0_x-20.0_20.0_forward_right,H_y48.0_x-20.0_20.0,H_y48.0_x-20.0_20.0,right,forward,forward_right,1
1750,18.000,46.500,0.500,0.000,H_y48.0_x-20.0_20.0_forward_right,H_y48.0_x-20.0_20.0,H_y48.0_x-20.0_20.0,right,forward,forward_right,1
1751,18.500,46.500,0.500,0.000,H_y48.0_x-20.0_20.0_forward_right,H_y48.0_x-20.0_20.0,H_y48.0_x-20.0_20.0,right,forward,forward_right,1
1752,19.000,46.500,0.500,0.000,H_y48.0_x-20.0_20.0_forward_right,H_y48.0_x-20.0_20.0,H_y48.0_x-20.0_20.0,right,forward,forward_right,1
1753,19.500,46.500,0.500,0.000,H_y48.0_x-20.0_20.0_forward_right,H_y48.0_x-20.0_20.0,H_y48.0_x-20.0_20.0,right,forward,forward_right,1
1754,20.000,46.500,0.500,0.000,H_y48.0_x-20.0_20.0_forward_right,H_y48.0_x-20.0_20.0,H_y48.0_x-20.0_20.0,right,forward,forward_right,0
1755,20.000,46.500,0.500,180.000,H_y48.0_x-20.0_20.0_reverse_left,H_y48.0_x-20.0_20.0,H_y48.0_x-20.0_20.0,left,reverse,reverse_left,1
1756,19.500,46.500,0.500,180.000,H_y48.0_x-20.0_20.0_reverse_left,H_y48.0_x-20.0_20.0,H_y48.0_x-20.0_20.0,left,reverse,reverse_left,1
1757,19.000,46.500,0.500,180.000,H_y48.0_x-20.0_20.0_reverse_left,H_y48.0_x-20.0_20.0,H_y48.0_x-20.0_20.0,left,reverse,reverse_left,1
1758,18.500,46.500,0.500,180.000,H_y48.0_x-20.0_20.0_reverse_left,H_y48.0_x-20.0_20.0,H_y48.0_x-20.0_20.0,left,reverse,reverse_left,1
1759,18.000,46.500,0.500,180.000,H_y48.0_x-20.0_20.0_reverse_left,H_y48.0_x-20.0_20.0,H_y48.0_x-20.0_20.0,left,reverse,reverse_left,1
1760,17.500,46.500,0.500,180.000,H_y48.0_x-20.0_20.0_reverse_left,H_y48.0_x-20.0_20.0,H_y48.0_x-20.0_20.0,left,reverse,reverse_left,1
1761,17.000,46.500,0.500,180.000,H_y48.0_x-20.0_20.0_reverse_left,H_y48.0_x-20.0_20.0,H_y48.0_x-20.0_20.0,left,reverse,reverse_left,1
1762,16.500,46.500,0.500,180.000,H_y48.0_x-20.0_20.0_reverse_left,H_y48.0_x-20.0_20.0,H_y48.0_x-20.0_20.0,left,reverse,reverse_left,1
1763,16.000,46.500,0.500,180.000,H_y48.0_x-20.0_20.0_reverse_left,H_y48.0_x-20.0_20.0,H_y48.0_x-20.0_20.0,left,reverse,reverse_left,1
1764,15.500,46.500,0.500,180.000,H_y48.0_x-20.0_20.0_reverse_left,H_y48.0_x-20.0_20.0,H_y48.0_x-20.0_20.0,left,reverse,reverse_left,1
1765,15.000,46.500,0.500,180.000,H_y48.0_x-20.0_20.0_reverse_left,H_y48.0_x-20.0_20.0,H_y48.0_x-20.0_20.0,left,reverse,reverse_left,1
1766,14.500,46.500,0.500,180.000,H_y48.0_x-20.0_20.0_reverse_left,H_y48.0_x-20.0_20.0,H_y48.0_x-20.0_20.0,left,reverse,reverse_left,1
1767,14.000,46.500,0.500,180.000,H_y48.0_x-20.0_20.0_reverse_left,H_y48.0_x-20.0_20.0,H_y48.0_x-20.0_20.0,left,reverse,reverse_left,1
1768,13.500,46.500,0.500,180.000,H_y48.0_x-20.0_20.0_reverse_left,H_y48.0_x-20.0_20.0,H_y48.0_x-20.0_20.0,left,reverse,reverse_left,1
1769,13.000,46.500,0.500,180.000,H_y48.0_x-20.0_20.0_reverse_left,H_y48.0_x-20.0_20.0,H_y48.0_x-20.0_20.0,left,reverse,reverse_left,1
1770,12.500,46.500,0.500,180.000,H_y48.0_x-20.0_20.0_reverse_left,H_y48.0_x-20.0_20.0,H_y48.0_x-20.0_20.0,left,reverse,reverse_left,1
1771,12.000,46.500,0.500,180.000,H_y48.0_x-20.0_20.0_reverse_left,H_y48.0_x-20.0_20.0,H_y48.0_x-20.0_20.0,left,reverse,reverse_left,1
1772,11.500,46.500,0.500,180.000,H_y48.0_x-20.0_20.0_reverse_left,H_y48.0_x-20.0_20.0,H_y48.0_x-20.0_20.0,left,reverse,reverse_left,1
1773,11.000,46.500,0.500,180.000,H_y48.0_x-20.0_20.0_reverse_left,H_y48.0_x-20.0_20.0,H_y48.0_x-20.0_20.0,left,reverse,reverse_left,1
1774,10.500,46.500,0.500,180.000,H_y48.0_x-20.0_20.0_reverse_left,H_y48.0_x-20.0_20.0,H_y48.0_x-20.0_20.0,left,reverse,reverse_left,1
1775,10.000,46.500,0.500,180.000,H_y48.0_x-20.0_20.0_reverse_left,H_y48.0_x-20.0_20.0,H_y48.0_x-20.0_20.0,left,reverse,reverse_left,1
1776,9.500,46.500,0.500,180.000,H_y48.0_x-20.0_20.0_reverse_left,H_y48.0_x-20.0_20.0,H_y48.0_x-20.0_20.0,left,reverse,reverse_left,1
1777,9.000,46.500,0.500,180.000,H_y48.0_x-20.0_20.0_reverse_left,H_y48.0_x-20.0_20.0,H_y48.0_x-20.0_20.0,left,reverse,reverse_left,1
1778,8.500,46.500,0.500,180.000,H_y48.0_x-20.0_20.0_reverse_left,H_y48.0_x-20.0_20.0,H_y48.0_x-20.0_20.0,left,reverse,reverse_left,1
1779,8.000,46.500,0.500,180.000,H_y48.0_x-20.0_20.0_reverse_left,H_y48.0_x-20.0_20.0,H_y48.0_x-20.0_20.0,left,reverse,reverse_left,1
1780,7.500,46.500,0.500,180.000,H_y48.0_x-20.0_20.0_reverse_left,H_y48.0_x-20.0_20.0,H_y48.0_x-20.0_20.0,left,reverse,reverse_left,1
1781,7.000,46.500,0.500,180.000,H_y48.0_x-20.0_20.0_reverse_left,H_y48.0_x-20.0_20.0,H_y48.0_x-20.0_20.0,left,reverse,reverse_left,1
1782,6.500,46.500,0.500,180.000,H_y48.0_x-20.0_20.0_reverse_left,H_y48.0_x-20.0_20.0,H_y48.0_x-20.0_20.0,left,reverse,reverse_left,1
1783,6.000,46.500,0.500,180.000,H_y48.0_x-20.0_20.0_reverse_left,H_y48.0_x-20.0_20.0,H_y48.0_x-20.0_20.0,left,reverse,reverse_left,1
1784,5.500,46.500,0.500,180.000,H_y48.0_x-20.0_20.0_reverse_left,H_y48.0_x-20.0_20.0,H_y48.0_x-20.0_20.0,left,reverse,reverse_left,1
1785,5.000,46.500,0.500,180.000,H_y48.0_x-20.0_20.0_reverse_left,H_y48.0_x-20.0_20.0,H_y48.0_x-20.0_20.0,left,reverse,reverse_left,1
1786,4.500,46.500,0.500,180.000,H_y48.0_x-20.0_20.0_reverse_left,H_y48.0_x-20.0_20.0,H_y48.0_x-20.0_20.0,left,reverse,reverse_left,1
1787,4.000,46.500,0.500,180.000,H_y48.0_x-20.0_20.0_reverse_left,H_y48.0_x-20.0_20.0,H_y48.0_x-20.0_20.0,left,reverse,reverse_left,1
1788,3.500,46.500,0.500,180.000,H_y48.0_x-20.0_20.0_reverse_left,H_y48.0_x-20.0_20.0,H_y48.0_x-20.0_20.0,left,reverse,reverse_left,1
1789,3.000,46.500,0.500,180.000,H_y48.0_x-20.0_20.0_reverse_left,H_y48.0_x-20.0_20.0,H_y48.0_x-20.0_20.0,left,reverse,reverse_left,1
1790,2.500,46.500,0.500,180.000,H_y48.0_x-20.0_20.0_reverse_left,H_y48.0_x-20.0_20.0,H_y48.0_x-20.0_20.0,left,reverse,reverse_left,1
1791,2.000,46.500,0.500,180.000,H_y48.0_x-20.0_20.0_reverse_left,H_y48.0_x-20.0_20.0,H_y48.0_x-20.0_20.0,left,reverse,reverse_left,1
1792,1.500,46.500,0.500,180.000,H_y48.0_x-20.0_20.0_reverse_left,H_y48.0_x-20.0_20.0,H_y48.0_x-20.0_20.0,left,reverse,reverse_left,1
1793,1.000,46.500,0.500,180.000,H_y48.0_x-20.0_20.0_reverse_left,H_y48.0_x-20.0_20.0,H_y48.0_x-20.0_20.0,left,reverse,reverse_left,1
1794,0.500,46.500,0.500,180.000,H_y48.0_x-20.0_20.0_reverse_left,H_y48.0_x-20.0_20.0,H_y48.0_x-20.0_20.0,left,reverse,reverse_left,1
1795,-0.000,46.500,0.500,180.000,H_y48.0_x-20.0_20.0_reverse_left,H_y48.0_x-20.0_20.0,H_y48.0_x-20.0_20.0,left,reverse,reverse_left,1
1796,-0.500,46.500,0.500,180.000,H_y48.0_x-20.0_20.0_reverse_left,H_y48.0_x-20.0_20.0,H_y48.0_x-20.0_20.0,left,reverse,reverse_left,1
1797,-1.000,46.500,0.500,180.000,H_y48.0_x-20.0_20.0_reverse_left,H_y48.0_x-20.0_20.0,H_y48.0_x-20.0_20.0,left,reverse,reverse_left,1
1798,-1.500,46.500,0.500,180.000,H_y48.0_x-20.0_20.0_reverse_left,H_y48.0_x-20.0_20.0,H_y48.0_x-20.0_20.0,left,reverse,reverse_left,1
1799,-2.000,46.500,0.500,180.000,H_y48.0_x-20.0_20.0_reverse_left,H_y48.0_x-20.0_20.0,H_y48.0_x-20.0_20.0,left,reverse,reverse_left,1
1800,-2.500,46.500,0.500,180.000,H_y48.0_x-20.0_20.0_reverse_left,H_y48.0_x-20.0_20.0,H_y48.0_x-20.0_20.0,left,reverse,reverse_left,1
1801,-3.000,46.500,0.500,180.000,H_y48.0_x-20.0_20.0_reverse_left,H_y48.0_x-20.0_20.0,H_y48.0_x-20.0_20.0,left,reverse,reverse_left,1
1802,-3.500,46.500,0.500,180.000,H_y48.0_x-20.0_20.0_reverse_left,H_y48.0_x-20.0_20.0,H_y48.0_x-20.0_20.0,left,reverse,reverse_left,1
1803,-4.000,46.500,0.500,180.000,H_y48.0_x-20.0_20.0_reverse_left,H_y48.0_x-20.0_20.0,H_y48.0_x-20.0_20.0,left,reverse,reverse_left,1
1804,-4.500,46.500,0.500,180.000,H_y48.0_x-20.0_20.0_reverse_left,H_y48.0_x-20.0_20.0,H_y48.0_x-20.0_20.0,left,reverse,reverse_left,1
1805,-5.000,46.500,0.500,180.000,H_y48.0_x-20.0_20.0_reverse_left,H_y48.0_x-20.0_20.0,H_y48.0_x-20.0_20.0,left,reverse,reverse_left,1
1806,-5.500,46.500,0.500,180.000,H_y48.0_x-20.0_20.0_reverse_left,H_y48.0_x-20.0_20.0,H_y48.0_x-20.0_20.0,left,reverse,reverse_left,1
1807,-6.000,46.500,0.500,180.000,H_y48.0_x-20.0_20.0_reverse_left,H_y48.0_x-20.0_20.0,H_y48.0_x-20.0_20.0,left,reverse,reverse_left,1
1808,-6.500,46.500,0.500,180.000,H_y48.0_x-20.0_20.0_reverse_left,H_y48.0_x-20.0_20.0,H_y48.0_x-20.0_20.0,left,reverse,reverse_left,1
1809,-7.000,46.500,0.500,180.000,H_y48.0_x-20.0_20.0_reverse_left,H_y48.0_x-20.0_20.0,H_y48.0_x-20.0_20.0,left,reverse,reverse_left,1
1810,-7.500,46.500,0.500,180.000,H_y48.0_x-20.0_20.0_reverse_left,H_y48.0_x-20.0_20.0,H_y48.0_x-20.0_20.0,left,reverse,reverse_left,1
1811,-8.000,46.500,0.500,180.000,H_y48.0_x-20.0_20.0_reverse_left,H_y48.0_x-20.0_20.0,H_y48.0_x-20.0_20.0,left,reverse,reverse_left,1
1812,-8.500,46.500,0.500,180.000,H_y48.0_x-20.0_20.0_reverse_left,H_y48.0_x-20.0_20.0,H_y48.0_x-20.0_20.0,left,reverse,reverse_left,1
1813,-9.000,46.500,0.500,180.000,H_y48.0_x-20.0_20.0_reverse_left,H_y48.0_x-20.0_20.0,H_y48.0_x-20.0_20.0,left,reverse,reverse_left,1
1814,-9.500,46.500,0.500,180.000,H_y48.0_x-20.0_20.0_reverse_left,H_y48.0_x-20.0_20.0,H_y48.0_x-20.0_20.0,left,reverse,reverse_left,1
1815,-10.000,46.500,0.500,180.000,H_y48.0_x-20.0_20.0_reverse_left,H_y48.0_x-20.0_20.0,H_y48.0_x-20.0_20.0,left,reverse,reverse_left,1
1816,-10.500,46.500,0.500,180.000,H_y48.0_x-20.0_20.0_reverse_left,H_y48.0_x-20.0_20.0,H_y48.0_x-20.0_20.0,left,reverse,reverse_left,1
1817,-11.000,46.500,0.500,180.000,H_y48.0_x-20.0_20.0_reverse_left,H_y48.0_x-20.0_20.0,H_y48.0_x-20.0_20.0,left,reverse,reverse_left,1
1818,-11.500,46.500,0.500,180.000,H_y48.0_x-20.0_20.0_reverse_left,H_y48.0_x-20.0_20.0,H_y48.0_x-20.0_20.0,left,reverse,reverse_left,1
1819,-12.000,46.500,0.500,180.000,H_y48.0_x-20.0_20.0_reverse_left,H_y48.0_x-20.0_20.0,H_y48.0_x-20.0_20.0,left,reverse,reverse_left,1
1820,-12.500,46.500,0.500,180.000,H_y48.0_x-20.0_20.0_reverse_left,H_y48.0_x-20.0_20.0,H_y48.0_x-20.0_20.0,left,reverse,reverse_left,1
1821,-13.000,46.500,0.500,180.000,H_y48.0_x-20.0_20.0_reverse_left,H_y48.0_x-20.0_20.0,H_y48.0_x-20.0_20.0,left,reverse,reverse_left,1
1822,-13.500,46.500,0.500,180.000,H_y48.0_x-20.0_20.0_reverse_left,H_y48.0_x-20.0_20.0,H_y48.0_x-20.0_20.0,left,reverse,reverse_left,1
1823,-14.000,46.500,0.500,180.000,H_y48.0_x-20.0_20.0_reverse_left,H_y48.0_x-20.0_20.0,H_y48.0_x-20.0_20.0,left,reverse,reverse_left,1
1824,-14.500,46.500,0.500,180.000,H_y48.0_x-20.0_20.0_reverse_left,H_y48.0_x-20.0_20.0,H_y48.0_x-20.0_20.0,left,reverse,reverse_left,1
1825,-15.000,46.500,0.500,180.000,H_y48.0_x-20.0_20.0_reverse_left,H_y48.0_x-20.0_20.0,H_y48.0_x-20.0_20.0,left,reverse,reverse_left,1
1826,-15.500,46.500,0.500,180.000,H_y48.0_x-20.0_20.0_reverse_left,H_y48.0_x-20.0_20.0,H_y48.0_x-20.0_20.0,left,reverse,reverse_left,1
1827,-16.000,46.500,0.500,180.000,H_y48.0_x-20.0_20.0_reverse_left,H_y48.0_x-20.0_20.0,H_y48.0_x-20.0_20.0,left,reverse,reverse_left,1
1828,-16.500,46.500,0.500,180.000,H_y48.0_x-20.0_20.0_reverse_left,H_y48.0_x-20.0_20.0,H_y48.0_x-20.0_20.0,left,reverse,reverse_left,1
1829,-17.000,46.500,0.500,180.000,H_y48.0_x-20.0_20.0_reverse_left,H_y48.0_x-20.0_20.0,H_y48.0_x-20.0_20.0,left,reverse,reverse_left,1
1830,-17.500,46.500,0.500,180.000,H_y48.0_x-20.0_20.0_reverse_left,H_y48.0_x-20.0_20.0,H_y48.0_x-20.0_20.0,left,reverse,reverse_left,1
1831,-18.000,46.500,0.500,180.000,H_y48.0_x-20.0_20.0_reverse_left,H_y48.0_x-20.0_20.0,H_y48.0_x-20.0_20.0,left,reverse,reverse_left,1
1832,-18.500,46.500,0.500,180.000,H_y48.0_x-20.0_20.0_reverse_left,H_y48.0_x-20.0_20.0,H_y48.0_x-20.0_20.0,left,reverse,reverse_left,1
1833,-19.000,46.500,0.500,180.000,H_y48.0_x-20.0_20.0_reverse_left,H_y48.0_x-20.0_20.0,H_y48.0_x-20.0_20.0,left,reverse,reverse_left,1
1834,-19.500,46.500,0.500,180.000,H_y48.0_x-20.0_20.0_reverse_left,H_y48.0_x-20.0_20.0,H_y48.0_x-20.0_20.0,left,reverse,reverse_left,1
1835,-20.000,46.500,0.500,180.000,H_y48.0_x-20.0_20.0_reverse_left,H_y48.0_x-20.0_20.0,H_y48.0_x-20.0_20.0,left,reverse,reverse_left,0
1836,20.000,49.500,0.500,180.000,H_y48.0_x-20.0_20.0_reverse_right,H_y48.0_x-20.0_20.0,H_y48.0_x-20.0_20.0,right,reverse,reverse_right,1
1837,19.500,49.500,0.500,180.000,H_y48.0_x-20.0_20.0_reverse_right,H_y48.0_x-20.0_20.0,H_y48.0_x-20.0_20.0,right,reverse,reverse_right,1
1838,19.000,49.500,0.500,180.000,H_y48.0_x-20.0_20.0_reverse_right,H_y48.0_x-20.0_20.0,H_y48.0_x-20.0_20.0,right,reverse,reverse_right,1
1839,18.500,49.500,0.500,180.000,H_y48.0_x-20.0_20.0_reverse_right,H_y48.0_x-20.0_20.0,H_y48.0_x-20.0_20.0,right,reverse,reverse_right,1
1840,18.000,49.500,0.500,180.000,H_y48.0_x-20.0_20.0_reverse_right,H_y48.0_x-20.0_20.0,H_y48.0_x-20.0_20.0,right,reverse,reverse_right,1
1841,17.500,49.500,0.500,180.000,H_y48.0_x-20.0_20.0_reverse_right,H_y48.0_x-20.0_20.0,H_y48.0_x-20.0_20.0,right,reverse,reverse_right,1
1842,17.000,49.500,0.500,180.000,H_y48.0_x-20.0_20.0_reverse_right,H_y48.0_x-20.0_20.0,H_y48.0_x-20.0_20.0,right,reverse,reverse_right,1
1843,16.500,49.500,0.500,180.000,H_y48.0_x-20.0_20.0_reverse_right,H_y48.0_x-20.0_20.0,H_y48.0_x-20.0_20.0,right,reverse,reverse_right,1
1844,16.000,49.500,0.500,180.000,H_y48.0_x-20.0_20.0_reverse_right,H_y48.0_x-20.0_20.0,H_y48.0_x-20.0_20.0,right,reverse,reverse_right,1
1845,15.500,49.500,0.500,180.000,H_y48.0_x-20.0_20.0_reverse_right,H_y48.0_x-20.0_20.0,H_y48.0_x-20.0_20.0,right,reverse,reverse_right,1
1846,15.000,49.500,0.500,180.000,H_y48.0_x-20.0_20.0_reverse_right,H_y48.0_x-20.0_20.0,H_y48.0_x-20.0_20.0,right,reverse,reverse_right,1
1847,14.500,49.500,0.500,180.000,H_y48.0_x-20.0_20.0_reverse_right,H_y48.0_x-20.0_20.0,H_y48.0_x-20.0_20.0,right,reverse,reverse_right,1
1848,14.000,49.500,0.500,180.000,H_y48.0_x-20.0_20.0_reverse_right,H_y48.0_x-20.0_20.0,H_y48.0_x-20.0_20.0,right,reverse,reverse_right,1
1849,13.500,49.500,0.500,180.000,H_y48.0_x-20.0_20.0_reverse_right,H_y48.0_x-20.0_20.0,H_y48.0_x-20.0_20.0,right,reverse,reverse_right,1
1850,13.000,49.500,0.500,180.000,H_y48.0_x-20.0_20.0_reverse_right,H_y48.0_x-20.0_20.0,H_y48.0_x-20.0_20.0,right,reverse,reverse_right,1
1851,12.500,49.500,0.500,180.000,H_y48.0_x-20.0_20.0_reverse_right,H_y48.0_x-20.0_20.0,H_y48.0_x-20.0_20.0,right,reverse,reverse_right,1
1852,12.000,49.500,0.500,180.000,H_y48.0_x-20.0_20.0_reverse_right,H_y48.0_x-20.0_20.0,H_y48.0_x-20.0_20.0,right,reverse,reverse_right,1
1853,11.500,49.500,0.500,180.000,H_y48.0_x-20.0_20.0_reverse_right,H_y48.0_x-20.0_20.0,H_y48.0_x-20.0_20.0,right,reverse,reverse_right,1
1854,11.000,49.500,0.500,180.000,H_y48.0_x-20.0_20.0_reverse_right,H_y48.0_x-20.0_20.0,H_y48.0_x-20.0_20.0,right,reverse,reverse_right,1
1855,10.500,49.500,0.500,180.000,H_y48.0_x-20.0_20.0_reverse_right,H_y48.0_x-20.0_20.0,H_y48.0_x-20.0_20.0,right,reverse,reverse_right,1
1856,10.000,49.500,0.500,180.000,H_y48.0_x-20.0_20.0_reverse_right,H_y48.0_x-20.0_20.0,H_y48.0_x-20.0_20.0,right,reverse,reverse_right,1
1857,9.500,49.500,0.500,180.000,H_y48.0_x-20.0_20.0_reverse_right,H_y48.0_x-20.0_20.0,H_y48.0_x-20.0_20.0,right,reverse,reverse_right,1
1858,9.000,49.500,0.500,180.000,H_y48.0_x-20.0_20.0_reverse_right,H_y48.0_x-20.0_20.0,H_y48.0_x-20.0_20.0,right,reverse,reverse_right,1
1859,8.500,49.500,0.500,180.000,H_y48.0_x-20.0_20.0_reverse_right,H_y48.0_x-20.0_20.0,H_y48.0_x-20.0_20.0,right,reverse,reverse_right,1
1860,8.000,49.500,0.500,180.000,H_y48.0_x-20.0_20.0_reverse_right,H_y48.0_x-20.0_20.0,H_y48.0_x-20.0_20.0,right,reverse,reverse_right,1
1861,7.500,49.500,0.500,180.000,H_y48.0_x-20.0_20.0_reverse_right,H_y48.0_x-20.0_20.0,H_y48.0_x-20.0_20.0,right,reverse,reverse_right,1
1862,7.000,49.500,0.500,180.000,H_y48.0_x-20.0_20.0_reverse_right,H_y48.0_x-20.0_20.0,H_y48.0_x-20.0_20.0,right,reverse,reverse_right,1
1863,6.500,49.500,0.500,180.000,H_y48.0_x-20.0_20.0_reverse_right,H_y48.0_x-20.0_20.0,H_y48.0_x-20.0_20.0,right,reverse,reverse_right,1
1864,6.000,49.500,0.500,180.000,H_y48.0_x-20.0_20.0_reverse_right,H_y48.0_x-20.0_20.0,H_y48.0_x-20.0_20.0,right,reverse,reverse_right,1
1865,5.500,49.500,0.500,180.000,H_y48.0_x-20.0_20.0_reverse_right,H_y48.0_x-20.0_20.0,H_y48.0_x-20.0_20.0,right,reverse,reverse_right,1
1866,5.000,49.500,0.500,180.000,H_y48.0_x-20.0_20.0_reverse_right,H_y48.0_x-20.0_20.0,H_y48.0_x-20.0_20.0,right,reverse,reverse_right,1
1867,4.500,49.500,0.500,180.000,H_y48.0_x-20.0_20.0_reverse_right,H_y48.0_x-20.0_20.0,H_y48.0_x-20.0_20.0,right,reverse,reverse_right,1
1868,4.000,49.500,0.500,180.000,H_y48.0_x-20.0_20.0_reverse_right,H_y48.0_x-20.0_20.0,H_y48.0_x-20.0_20.0,right,reverse,reverse_right,1
1869,3.500,49.500,0.500,180.000,H_y48.0_x-20.0_20.0_reverse_right,H_y48.0_x-20.0_20.0,H_y48.0_x-20.0_20.0,right,reverse,reverse_right,1
1870,3.000,49.500,0.500,180.000,H_y48.0_x-20.0_20.0_reverse_right,H_y48.0_x-20.0_20.0,H_y48.0_x-20.0_20.0,right,reverse,reverse_right,1
1871,2.500,49.500,0.500,180.000,H_y48.0_x-20.0_20.0_reverse_right,H_y48.0_x-20.0_20.0,H_y48.0_x-20.0_20.0,right,reverse,reverse_right,1
1872,2.000,49.500,0.500,180.000,H_y48.0_x-20.0_20.0_reverse_right,H_y48.0_x-20.0_20.0,H_y48.0_x-20.0_20.0,right,reverse,reverse_right,1
1873,1.500,49.500,0.500,180.000,H_y48.0_x-20.0_20.0_reverse_right,H_y48.0_x-20.0_20.0,H_y48.0_x-20.0_20.0,right,reverse,reverse_right,1
1874,1.000,49.500,0.500,180.000,H_y48.0_x-20.0_20.0_reverse_right,H_y48.0_x-20.0_20.0,H_y48.0_x-20.0_20.0,right,reverse,reverse_right,1
1875,0.500,49.500,0.500,180.000,H_y48.0_x-20.0_20.0_reverse_right,H_y48.0_x-20.0_20.0,H_y48.0_x-20.0_20.0,right,reverse,reverse_right,1
1876,0.000,49.500,0.500,180.000,H_y48.0_x-20.0_20.0_reverse_right,H_y48.0_x-20.0_20.0,H_y48.0_x-20.0_20.0,right,reverse,reverse_right,1
1877,-0.500,49.500,0.500,180.000,H_y48.0_x-20.0_20.0_reverse_right,H_y48.0_x-20.0_20.0,H_y48.0_x-20.0_20.0,right,reverse,reverse_right,1
1878,-1.000,49.500,0.500,180.000,H_y48.0_x-20.0_20.0_reverse_right,H_y48.0_x-20.0_20.0,H_y48.0_x-20.0_20.0,right,reverse,reverse_right,1
1879,-1.500,49.500,0.500,180.000,H_y48.0_x-20.0_20.0_reverse_right,H_y48.0_x-20.0_20.0,H_y48.0_x-20.0_20.0,right,reverse,reverse_right,1
1880,-2.000,49.500,0.500,180.000,H_y48.0_x-20.0_20.0_reverse_right,H_y48.0_x-20.0_20.0,H_y48.0_x-20.0_20.0,right,reverse,reverse_right,1
1881,-2.500,49.500,0.500,180.000,H_y48.0_x-20.0_20.0_reverse_right,H_y48.0_x-20.0_20.0,H_y48.0_x-20.0_20.0,right,reverse,reverse_right,1
1882,-3.000,49.500,0.500,180.000,H_y48.0_x-20.0_20.0_reverse_right,H_y48.0_x-20.0_20.0,H_y48.0_x-20.0_20.0,right,reverse,reverse_right,1
1883,-3.500,49.500,0.500,180.000,H_y48.0_x-20.0_20.0_reverse_right,H_y48.0_x-20.0_20.0,H_y48.0_x-20.0_20.0,right,reverse,reverse_right,1
1884,-4.000,49.500,0.500,180.000,H_y48.0_x-20.0_20.0_reverse_right,H_y48.0_x-20.0_20.0,H_y48.0_x-20.0_20.0,right,reverse,reverse_right,1
1885,-4.500,49.500,0.500,180.000,H_y48.0_x-20.0_20.0_reverse_right,H_y48.0_x-20.0_20.0,H_y48.0_x-20.0_20.0,right,reverse,reverse_right,1
1886,-5.000,49.500,0.500,180.000,H_y48.0_x-20.0_20.0_reverse_right,H_y48.0_x-20.0_20.0,H_y48.0_x-20.0_20.0,right,reverse,reverse_right,1
1887,-5.500,49.500,0.500,180.000,H_y48.0_x-20.0_20.0_reverse_right,H_y48.0_x-20.0_20.0,H_y48.0_x-20.0_20.0,right,reverse,reverse_right,1
1888,-6.000,49.500,0.500,180.000,H_y48.0_x-20.0_20.0_reverse_right,H_y48.0_x-20.0_20.0,H_y48.0_x-20.0_20.0,right,reverse,reverse_right,1
1889,-6.500,49.500,0.500,180.000,H_y48.0_x-20.0_20.0_reverse_right,H_y48.0_x-20.0_20.0,H_y48.0_x-20.0_20.0,right,reverse,reverse_right,1
1890,-7.000,49.500,0.500,180.000,H_y48.0_x-20.0_20.0_reverse_right,H_y48.0_x-20.0_20.0,H_y48.0_x-20.0_20.0,right,reverse,reverse_right,1
1891,-7.500,49.500,0.500,180.000,H_y48.0_x-20.0_20.0_reverse_right,H_y48.0_x-20.0_20.0,H_y48.0_x-20.0_20.0,right,reverse,reverse_right,1
1892,-8.000,49.500,0.500,180.000,H_y48.0_x-20.0_20.0_reverse_right,H_y48.0_x-20.0_20.0,H_y48.0_x-20.0_20.0,right,reverse,reverse_right,1
1893,-8.500,49.500,0.500,180.000,H_y48.0_x-20.0_20.0_reverse_right,H_y48.0_x-20.0_20.0,H_y48.0_x-20.0_20.0,right,reverse,reverse_right,1
1894,-9.000,49.500,0.500,180.000,H_y48.0_x-20.0_20.0_reverse_right,H_y48.0_x-20.0_20.0,H_y48.0_x-20.0_20.0,right,reverse,reverse_right,1
1895,-9.500,49.500,0.500,180.000,H_y48.0_x-20.0_20.0_reverse_right,H_y48.0_x-20.0_20.0,H_y48.0_x-20.0_20.0,right,reverse,reverse_right,1
1896,-10.000,49.500,0.500,180.000,H_y48.0_x-20.0_20.0_reverse_right,H_y48.0_x-20.0_20.0,H_y48.0_x-20.0_20.0,right,reverse,reverse_right,1
1897,-10.500,49.500,0.500,180.000,H_y48.0_x-20.0_20.0_reverse_right,H_y48.0_x-20.0_20.0,H_y48.0_x-20.0_20.0,right,reverse,reverse_right,1
1898,-11.000,49.500,0.500,180.000,H_y48.0_x-20.0_20.0_reverse_right,H_y48.0_x-20.0_20.0,H_y48.0_x-20.0_20.0,right,reverse,reverse_right,1
1899,-11.500,49.500,0.500,180.000,H_y48.0_x-20.0_20.0_reverse_right,H_y48.0_x-20.0_20.0,H_y48.0_x-20.0_20.0,right,reverse,reverse_right,1
1900,-12.000,49.500,0.500,180.000,H_y48.0_x-20.0_20.0_reverse_right,H_y48.0_x-20.0_20.0,H_y48.0_x-20.0_20.0,right,reverse,reverse_right,1
1901,-12.500,49.500,0.500,180.000,H_y48.0_x-20.0_20.0_reverse_right,H_y48.0_x-20.0_20.0,H_y48.0_x-20.0_20.0,right,reverse,reverse_right,1
1902,-13.000,49.500,0.500,180.000,H_y48.0_x-20.0_20.0_reverse_right,H_y48.0_x-20.0_20.0,H_y48.0_x-20.0_20.0,right,reverse,reverse_right,1
1903,-13.500,49.500,0.500,180.000,H_y48.0_x-20.0_20.0_reverse_right,H_y48.0_x-20.0_20.0,H_y48.0_x-20.0_20.0,right,reverse,reverse_right,1
1904,-14.000,49.500,0.500,180.000,H_y48.0_x-20.0_20.0_reverse_right,H_y48.0_x-20.0_20.0,H_y48.0_x-20.0_20.0,right,reverse,reverse_right,1
1905,-14.500,49.500,0.500,180.000,H_y48.0_x-20.0_20.0_reverse_right,H_y48.0_x-20.0_20.0,H_y48.0_x-20.0_20.0,right,reverse,reverse_right,1
1906,-15.000,49.500,0.500,180.000,H_y48.0_x-20.0_20.0_reverse_right,H_y48.0_x-20.0_20.0,H_y48.0_x-20.0_20.0,right,reverse,reverse_right,1
1907,-15.500,49.500,0.500,180.000,H_y48.0_x-20.0_20.0_reverse_right,H_y48.0_x-20.0_20.0,H_y48.0_x-20.0_20.0,right,reverse,reverse_right,1
1908,-16.000,49.500,0.500,180.000,H_y48.0_x-20.0_20.0_reverse_right,H_y48.0_x-20.0_20.0,H_y48.0_x-20.0_20.0,right,reverse,reverse_right,1
1909,-16.500,49.500,0.500,180.000,H_y48.0_x-20.0_20.0_reverse_right,H_y48.0_x-20.0_20.0,H_y48.0_x-20.0_20.0,right,reverse,reverse_right,1
1910,-17.000,49.500,0.500,180.000,H_y48.0_x-20.0_20.0_reverse_right,H_y48.0_x-20.0_20.0,H_y48.0_x-20.0_20.0,right,reverse,reverse_right,1
1911,-17.500,49.500,0.500,180.000,H_y48.0_x-20.0_20.0_reverse_right,H_y48.0_x-20.0_20.0,H_y48.0_x-20.0_20.0,right,reverse,reverse_right,1
1912,-18.000,49.500,0.500,180.000,H_y48.0_x-20.0_20.0_reverse_right,H_y48.0_x-20.0_20.0,H_y48.0_x-20.0_20.0,right,reverse,reverse_right,1
1913,-18.500,49.500,0.500,180.000,H_y48.0_x-20.0_20.0_reverse_right,H_y48.0_x-20.0_20.0,H_y48.0_x-20.0_20.0,right,reverse,reverse_right,1
1914,-19.000,49.500,0.500,180.000,H_y48.0_x-20.0_20.0_reverse_right,H_y48.0_x-20.0_20.0,H_y48.0_x-20.0_20.0,right,reverse,reverse_right,1
1915,-19.500,49.500,0.500,180.000,H_y48.0_x-20.0_20.0_reverse_right,H_y48.0_x-20.0_20.0,H_y48.0_x-20.0_20.0,right,reverse,reverse_right,1
1916,-20.000,49.500,0.500,180.000,H_y48.0_x-20.0_20.0_reverse_right,H_y48.0_x-20.0_20.0,H_y48.0_x-20.0_20.0,right,reverse,reverse_right,0
1917,-21.500,26.000,0.500,90.000,V_x-20.0_y26.0_48.0_forward_left,V_x-20.0_y26.0_48.0,V_x-20.0_y26.0_48.0,left,forward,forward_left,1
1918,-21.500,26.500,0.500,90.000,V_x-20.0_y26.0_48.0_forward_left,V_x-20.0_y26.0_48.0,V_x-20.0_y26.0_48.0,left,forward,forward_left,1
1919,-21.500,27.000,0.500,90.000,V_x-20.0_y26.0_48.0_forward_left,V_x-20.0_y26.0_48.0,V_x-20.0_y26.0_48.0,left,forward,forward_left,1
1920,-21.500,27.500,0.500,90.000,V_x-20.0_y26.0_48.0_forward_left,V_x-20.0_y26.0_48.0,V_x-20.0_y26.0_48.0,left,forward,forward_left,1
1921,-21.500,28.000,0.500,90.000,V_x-20.0_y26.0_48.0_forward_left,V_x-20.0_y26.0_48.0,V_x-20.0_y26.0_48.0,left,forward,forward_left,1
1922,-21.500,28.500,0.500,90.000,V_x-20.0_y26.0_48.0_forward_left,V_x-20.0_y26.0_48.0,V_x-20.0_y26.0_48.0,left,forward,forward_left,1
1923,-21.500,29.000,0.500,90.000,V_x-20.0_y26.0_48.0_forward_left,V_x-20.0_y26.0_48.0,V_x-20.0_y26.0_48.0,left,forward,forward_left,1
1924,-21.500,29.500,0.500,90.000,V_x-20.0_y26.0_48.0_forward_left,V_x-20.0_y26.0_48.0,V_x-20.0_y26.0_48.0,left,forward,forward_left,1
1925,-21.500,30.000,0.500,90.000,V_x-20.0_y26.0_48.0_forward_left,V_x-20.0_y26.0_48.0,V_x-20.0_y26.0_48.0,left,forward,forward_left,1
1926,-21.500,30.500,0.500,90.000,V_x-20.0_y26.0_48.0_forward_left,V_x-20.0_y26.0_48.0,V_x-20.0_y26.0_48.0,left,forward,forward_left,1
1927,-21.500,31.000,0.500,90.000,V_x-20.0_y26.0_48.0_forward_left,V_x-20.0_y26.0_48.0,V_x-20.0_y26.0_48.0,left,forward,forward_left,1
1928,-21.500,31.500,0.500,90.000,V_x-20.0_y26.0_48.0_forward_left,V_x-20.0_y26.0_48.0,V_x-20.0_y26.0_48.0,left,forward,forward_left,1
1929,-21.500,32.000,0.500,90.000,V_x-20.0_y26.0_48.0_forward_left,V_x-20.0_y26.0_48.0,V_x-20.0_y26.0_48.0,left,forward,forward_left,1
1930,-21.500,32.500,0.500,90.000,V_x-20.0_y26.0_48.0_forward_left,V_x-20.0_y26.0_48.0,V_x-20.0_y26.0_48.0,left,forward,forward_left,1
1931,-21.500,33.000,0.500,90.000,V_x-20.0_y26.0_48.0_forward_left,V_x-20.0_y26.0_48.0,V_x-20.0_y26.0_48.0,left,forward,forward_left,1
1932,-21.500,33.500,0.500,90.000,V_x-20.0_y26.0_48.0_forward_left,V_x-20.0_y26.0_48.0,V_x-20.0_y26.0_48.0,left,forward,forward_left,1
1933,-21.500,34.000,0.500,90.000,V_x-20.0_y26.0_48.0_forward_left,V_x-20.0_y26.0_48.0,V_x-20.0_y26.0_48.0,left,forward,forward_left,1
1934,-21.500,34.500,0.500,90.000,V_x-20.0_y26.0_48.0_forward_left,V_x-20.0_y26.0_48.0,V_x-20.0_y26.0_48.0,left,forward,forward_left,1
1935,-21.500,35.000,0.500,90.000,V_x-20.0_y26.0_48.0_forward_left,V_x-20.0_y26.0_48.0,V_x-20.0_y26.0_48.0,left,forward,forward_left,1
1936,-21.500,35.500,0.500,90.000,V_x-20.0_y26.0_48.0_forward_left,V_x-20.0_y26.0_48.0,V_x-20.0_y26.0_48.0,left,forward,forward_left,1
1937,-21.500,36.000,0.500,90.000,V_x-20.0_y26.0_48.0_forward_left,V_x-20.0_y26.0_48.0,V_x-20.0_y26.0_48.0,left,forward,forward_left,1
1938,-21.500,36.500,0.500,90.000,V_x-20.0_y26.0_48.0_forward_left,V_x-20.0_y26.0_48.0,V_x-20.0_y26.0_48.0,left,forward,forward_left,1
1939,-21.500,37.000,0.500,90.000,V_x-20.0_y26.0_48.0_forward_left,V_x-20.0_y26.0_48.0,V_x-20.0_y26.0_48.0,left,forward,forward_left,1
1940,-21.500,37.500,0.500,90.000,V_x-20.0_y26.0_48.0_forward_left,V_x-20.0_y26.0_48.0,V_x-20.0_y26.0_48.0,left,forward,forward_left,1
1941,-21.500,38.000,0.500,90.000,V_x-20.0_y26.0_48.0_forward_left,V_x-20.0_y26.0_48.0,V_x-20.0_y26.0_48.0,left,forward,forward_left,1
1942,-21.500,38.500,0.500,90.000,V_x-20.0_y26.0_48.0_forward_left,V_x-20.0_y26.0_48.0,V_x-20.0_y26.0_48.0,left,forward,forward_left,1
1943,-21.500,39.000,0.500,90.000,V_x-20.0_y26.0_48.0_forward_left,V_x-20.0_y26.0_48.0,V_x-20.0_y26.0_48.0,left,forward,forward_left,1
1944,-21.500,39.500,0.500,90.000,V_x-20.0_y26.0_48.0_forward_left,V_x-20.0_y26.0_48.0,V_x-20.0_y26.0_48.0,left,forward,forward_left,1
1945,-21.500,40.000,0.500,90.000,V_x-20.0_y26.0_48.0_forward_left,V_x-20.0_y26.0_48.0,V_x-20.0_y26.0_48.0,left,forward,forward_left,1
1946,-21.500,40.500,0.500,90.000,V_x-20.0_y26.0_48.0_forward_left,V_x-20.0_y26.0_48.0,V_x-20.0_y26.0_48.0,left,forward,forward_left,1
1947,-21.500,41.000,0.500,90.000,V_x-20.0_y26.0_48.0_forward_left,V_x-20.0_y26.0_48.0,V_x-20.0_y26.0_48.0,left,forward,forward_left,1
1948,-21.500,41.500,0.500,90.000,V_x-20.0_y26.0_48.0_forward_left,V_x-20.0_y26.0_48.0,V_x-20.0_y26.0_48.0,left,forward,forward_left,1
1949,-21.500,42.000,0.500,90.000,V_x-20.0_y26.0_48.0_forward_left,V_x-20.0_y26.0_48.0,V_x-20.0_y26.0_48.0,left,forward,forward_left,1
1950,-21.500,42.500,0.500,90.000,V_x-20.0_y26.0_48.0_forward_left,V_x-20.0_y26.0_48.0,V_x-20.0_y26.0_48.0,left,forward,forward_left,1
1951,-21.500,43.000,0.500,90.000,V_x-20.0_y26.0_48.0_forward_left,V_x-20.0_y26.0_48.0,V_x-20.0_y26.0_48.0,left,forward,forward_left,1
1952,-21.500,43.500,0.500,90.000,V_x-20.0_y26.0_48.0_forward_left,V_x-20.0_y26.0_48.0,V_x-20.0_y26.0_48.0,left,forward,forward_left,1
1953,-21.500,44.000,0.500,90.000,V_x-20.0_y26.0_48.0_forward_left,V_x-20.0_y26.0_48.0,V_x-20.0_y26.0_48.0,left,forward,forward_left,1
1954,-21.500,44.500,0.500,90.000,V_x-20.0_y26.0_48.0_forward_left,V_x-20.0_y26.0_48.0,V_x-20.0_y26.0_48.0,left,forward,forward_left,1
1955,-21.500,45.000,0.500,90.000,V_x-20.0_y26.0_48.0_forward_left,V_x-20.0_y26.0_48.0,V_x-20.0_y26.0_48.0,left,forward,forward_left,1
1956,-21.500,45.500,0.500,90.000,V_x-20.0_y26.0_48.0_forward_left,V_x-20.0_y26.0_48.0,V_x-20.0_y26.0_48.0,left,forward,forward_left,1
1957,-21.500,46.000,0.500,90.000,V_x-20.0_y26.0_48.0_forward_left,V_x-20.0_y26.0_48.0,V_x-20.0_y26.0_48.0,left,forward,forward_left,1
1958,-21.500,46.500,0.500,90.000,V_x-20.0_y26.0_48.0_forward_left,V_x-20.0_y26.0_48.0,V_x-20.0_y26.0_48.0,left,forward,forward_left,1
1959,-21.500,47.000,0.500,90.000,V_x-20.0_y26.0_48.0_forward_left,V_x-20.0_y26.0_48.0,V_x-20.0_y26.0_48.0,left,forward,forward_left,1
1960,-21.500,47.500,0.500,90.000,V_x-20.0_y26.0_48.0_forward_left,V_x-20.0_y26.0_48.0,V_x-20.0_y26.0_48.0,left,forward,forward_left,1
1961,-21.500,48.000,0.500,90.000,V_x-20.0_y26.0_48.0_forward_left,V_x-20.0_y26.0_48.0,V_x-20.0_y26.0_48.0,left,forward,forward_left,0
1962,-18.500,26.000,0.500,90.000,V_x-20.0_y26.0_48.0_forward_right,V_x-20.0_y26.0_48.0,V_x-20.0_y26.0_48.0,right,forward,forward_right,1
1963,-18.500,26.500,0.500,90.000,V_x-20.0_y26.0_48.0_forward_right,V_x-20.0_y26.0_48.0,V_x-20.0_y26.0_48.0,right,forward,forward_right,1
1964,-18.500,27.000,0.500,90.000,V_x-20.0_y26.0_48.0_forward_right,V_x-20.0_y26.0_48.0,V_x-20.0_y26.0_48.0,right,forward,forward_right,1
1965,-18.500,27.500,0.500,90.000,V_x-20.0_y26.0_48.0_forward_right,V_x-20.0_y26.0_48.0,V_x-20.0_y26.0_48.0,right,forward,forward_right,1
1966,-18.500,28.000,0.500,90.000,V_x-20.0_y26.0_48.0_forward_right,V_x-20.0_y26.0_48.0,V_x-20.0_y26.0_48.0,right,forward,forward_right,1
1967,-18.500,28.500,0.500,90.000,V_x-20.0_y26.0_48.0_forward_right,V_x-20.0_y26.0_48.0,V_x-20.0_y26.0_48.0,right,forward,forward_right,1
1968,-18.500,29.000,0.500,90.000,V_x-20.0_y26.0_48.0_forward_right,V_x-20.0_y26.0_48.0,V_x-20.0_y26.0_48.0,right,forward,forward_right,1
1969,-18.500,29.500,0.500,90.000,V_x-20.0_y26.0_48.0_forward_right,V_x-20.0_y26.0_48.0,V_x-20.0_y26.0_48.0,right,forward,forward_right,1
1970,-18.500,30.000,0.500,90.000,V_x-20.0_y26.0_48.0_forward_right,V_x-20.0_y26.0_48.0,V_x-20.0_y26.0_48.0,right,forward,forward_right,1
1971,-18.500,30.500,0.500,90.000,V_x-20.0_y26.0_48.0_forward_right,V_x-20.0_y26.0_48.0,V_x-20.0_y26.0_48.0,right,forward,forward_right,1
1972,-18.500,31.000,0.500,90.000,V_x-20.0_y26.0_48.0_forward_right,V_x-20.0_y26.0_48.0,V_x-20.0_y26.0_48.0,right,forward,forward_right,1
1973,-18.500,31.500,0.500,90.000,V_x-20.0_y26.0_48.0_forward_right,V_x-20.0_y26.0_48.0,V_x-20.0_y26.0_48.0,right,forward,forward_right,1
1974,-18.500,32.000,0.500,90.000,V_x-20.0_y26.0_48.0_forward_right,V_x-20.0_y26.0_48.0,V_x-20.0_y26.0_48.0,right,forward,forward_right,1
1975,-18.500,32.500,0.500,90.000,V_x-20.0_y26.0_48.0_forward_right,V_x-20.0_y26.0_48.0,V_x-20.0_y26.0_48.0,right,forward,forward_right,1
1976,-18.500,33.000,0.500,90.000,V_x-20.0_y26.0_48.0_forward_right,V_x-20.0_y26.0_48.0,V_x-20.0_y26.0_48.0,right,forward,forward_right,1
1977,-18.500,33.500,0.500,90.000,V_x-20.0_y26.0_48.0_forward_right,V_x-20.0_y26.0_48.0,V_x-20.0_y26.0_48.0,right,forward,forward_right,1
1978,-18.500,34.000,0.500,90.000,V_x-20.0_y26.0_48.0_forward_right,V_x-20.0_y26.0_48.0,V_x-20.0_y26.0_48.0,right,forward,forward_right,1
1979,-18.500,34.500,0.500,90.000,V_x-20.0_y26.0_48.0_forward_right,V_x-20.0_y26.0_48.0,V_x-20.0_y26.0_48.0,right,forward,forward_right,1
1980,-18.500,35.000,0.500,90.000,V_x-20.0_y26.0_48.0_forward_right,V_x-20.0_y26.0_48.0,V_x-20.0_y26.0_48.0,right,forward,forward_right,1
1981,-18.500,35.500,0.500,90.000,V_x-20.0_y26.0_48.0_forward_right,V_x-20.0_y26.0_48.0,V_x-20.0_y26.0_48.0,right,forward,forward_right,1
1982,-18.500,36.000,0.500,90.000,V_x-20.0_y26.0_48.0_forward_right,V_x-20.0_y26.0_48.0,V_x-20.0_y26.0_48.0,right,forward,forward_right,1
1983,-18.500,36.500,0.500,90.000,V_x-20.0_y26.0_48.0_forward_right,V_x-20.0_y26.0_48.0,V_x-20.0_y26.0_48.0,right,forward,forward_right,1
1984,-18.500,37.000,0.500,90.000,V_x-20.0_y26.0_48.0_forward_right,V_x-20.0_y26.0_48.0,V_x-20.0_y26.0_48.0,right,forward,forward_right,1
1985,-18.500,37.500,0.500,90.000,V_x-20.0_y26.0_48.0_forward_right,V_x-20.0_y26.0_48.0,V_x-20.0_y26.0_48.0,right,forward,forward_right,1
1986,-18.500,38.000,0.500,90.000,V_x-20.0_y26.0_48.0_forward_right,V_x-20.0_y26.0_48.0,V_x-20.0_y26.0_48.0,right,forward,forward_right,1
1987,-18.500,38.500,0.500,90.000,V_x-20.0_y26.0_48.0_forward_right,V_x-20.0_y26.0_48.0,V_x-20.0_y26.0_48.0,right,forward,forward_right,1
1988,-18.500,39.000,0.500,90.000,V_x-20.0_y26.0_48.0_forward_right,V_x-20.0_y26.0_48.0,V_x-20.0_y26.0_48.0,right,forward,forward_right,1
1989,-18.500,39.500,0.500,90.000,V_x-20.0_y26.0_48.0_forward_right,V_x-20.0_y26.0_48.0,V_x-20.0_y26.0_48.0,right,forward,forward_right,1
1990,-18.500,40.000,0.500,90.000,V_x-20.0_y26.0_48.0_forward_right,V_x-20.0_y26.0_48.0,V_x-20.0_y26.0_48.0,right,forward,forward_right,1
1991,-18.500,40.500,0.500,90.000,V_x-20.0_y26.0_48.0_forward_right,V_x-20.0_y26.0_48.0,V_x-20.0_y26.0_48.0,right,forward,forward_right,1
1992,-18.500,41.000,0.500,90.000,V_x-20.0_y26.0_48.0_forward_right,V_x-20.0_y26.0_48.0,V_x-20.0_y26.0_48.0,right,forward,forward_right,1
1993,-18.500,41.500,0.500,90.000,V_x-20.0_y26.0_48.0_forward_right,V_x-20.0_y26.0_48.0,V_x-20.0_y26.0_48.0,right,forward,forward_right,1
1994,-18.500,42.000,0.500,90.000,V_x-20.0_y26.0_48.0_forward_right,V_x-20.0_y26.0_48.0,V_x-20.0_y26.0_48.0,right,forward,forward_right,1
1995,-18.500,42.500,0.500,90.000,V_x-20.0_y26.0_48.0_forward_right,V_x-20.0_y26.0_48.0,V_x-20.0_y26.0_48.0,right,forward,forward_right,1
1996,-18.500,43.000,0.500,90.000,V_x-20.0_y26.0_48.0_forward_right,V_x-20.0_y26.0_48.0,V_x-20.0_y26.0_48.0,right,forward,forward_right,1
1997,-18.500,43.500,0.500,90.000,V_x-20.0_y26.0_48.0_forward_right,V_x-20.0_y26.0_48.0,V_x-20.0_y26.0_48.0,right,forward,forward_right,1
1998,-18.500,44.000,0.500,90.000,V_x-20.0_y26.0_48.0_forward_right,V_x-20.0_y26.0_48.0,V_x-20.0_y26.0_48.0,right,forward,forward_right,1
1999,-18.500,44.500,0.500,90.000,V_x-20.0_y26.0_48.0_forward_right,V_x-20.0_y26.0_48.0,V_x-20.0_y26.0_48.0,right,forward,forward_right,1
2000,-18.500,45.000,0.500,90.000,V_x-20.0_y26.0_48.0_forward_right,V_x-20.0_y26.0_48.0,V_x-20.0_y26.0_48.0,right,forward,forward_right,1
2001,-18.500,45.500,0.500,90.000,V_x-20.0_y26.0_48.0_forward_right,V_x-20.0_y26.0_48.0,V_x-20.0_y26.0_48.0,right,forward,forward_right,1
2002,-18.500,46.000,0.500,90.000,V_x-20.0_y26.0_48.0_forward_right,V_x-20.0_y26.0_48.0,V_x-20.0_y26.0_48.0,right,forward,forward_right,1
2003,-18.500,46.500,0.500,90.000,V_x-20.0_y26.0_48.0_forward_right,V_x-20.0_y26.0_48.0,V_x-20.0_y26.0_48.0,right,forward,forward_right,1
2004,-18.500,47.000,0.500,90.000,V_x-20.0_y26.0_48.0_forward_right,V_x-20.0_y26.0_48.0,V_x-20.0_y26.0_48.0,right,forward,forward_right,1
2005,-18.500,47.500,0.500,90.000,V_x-20.0_y26.0_48.0_forward_right,V_x-20.0_y26.0_48.0,V_x-20.0_y26.0_48.0,right,forward,forward_right,1
2006,-18.500,48.000,0.500,90.000,V_x-20.0_y26.0_48.0_forward_right,V_x-20.0_y26.0_48.0,V_x-20.0_y26.0_48.0,right,forward,forward_right,0
2007,-18.500,48.000,0.500,-90.000,V_x-20.0_y26.0_48.0_reverse_left,V_x-20.0_y26.0_48.0,V_x-20.0_y26.0_48.0,left,reverse,reverse_left,1
2008,-18.500,47.500,0.500,-90.000,V_x-20.0_y26.0_48.0_reverse_left,V_x-20.0_y26.0_48.0,V_x-20.0_y26.0_48.0,left,reverse,reverse_left,1
2009,-18.500,47.000,0.500,-90.000,V_x-20.0_y26.0_48.0_reverse_left,V_x-20.0_y26.0_48.0,V_x-20.0_y26.0_48.0,left,reverse,reverse_left,1
2010,-18.500,46.500,0.500,-90.000,V_x-20.0_y26.0_48.0_reverse_left,V_x-20.0_y26.0_48.0,V_x-20.0_y26.0_48.0,left,reverse,reverse_left,1
2011,-18.500,46.000,0.500,-90.000,V_x-20.0_y26.0_48.0_reverse_left,V_x-20.0_y26.0_48.0,V_x-20.0_y26.0_48.0,left,reverse,reverse_left,1
2012,-18.500,45.500,0.500,-90.000,V_x-20.0_y26.0_48.0_reverse_left,V_x-20.0_y26.0_48.0,V_x-20.0_y26.0_48.0,left,reverse,reverse_left,1
2013,-18.500,45.000,0.500,-90.000,V_x-20.0_y26.0_48.0_reverse_left,V_x-20.0_y26.0_48.0,V_x-20.0_y26.0_48.0,left,reverse,reverse_left,1
2014,-18.500,44.500,0.500,-90.000,V_x-20.0_y26.0_48.0_reverse_left,V_x-20.0_y26.0_48.0,V_x-20.0_y26.0_48.0,left,reverse,reverse_left,1
2015,-18.500,44.000,0.500,-90.000,V_x-20.0_y26.0_48.0_reverse_left,V_x-20.0_y26.0_48.0,V_x-20.0_y26.0_48.0,left,reverse,reverse_left,1
2016,-18.500,43.500,0.500,-90.000,V_x-20.0_y26.0_48.0_reverse_left,V_x-20.0_y26.0_48.0,V_x-20.0_y26.0_48.0,left,reverse,reverse_left,1
2017,-18.500,43.000,0.500,-90.000,V_x-20.0_y26.0_48.0_reverse_left,V_x-20.0_y26.0_48.0,V_x-20.0_y26.0_48.0,left,reverse,reverse_left,1
2018,-18.500,42.500,0.500,-90.000,V_x-20.0_y26.0_48.0_reverse_left,V_x-20.0_y26.0_48.0,V_x-20.0_y26.0_48.0,left,reverse,reverse_left,1
2019,-18.500,42.000,0.500,-90.000,V_x-20.0_y26.0_48.0_reverse_left,V_x-20.0_y26.0_48.0,V_x-20.0_y26.0_48.0,left,reverse,reverse_left,1
2020,-18.500,41.500,0.500,-90.000,V_x-20.0_y26.0_48.0_reverse_left,V_x-20.0_y26.0_48.0,V_x-20.0_y26.0_48.0,left,reverse,reverse_left,1
2021,-18.500,41.000,0.500,-90.000,V_x-20.0_y26.0_48.0_reverse_left,V_x-20.0_y26.0_48.0,V_x-20.0_y26.0_48.0,left,reverse,reverse_left,1
2022,-18.500,40.500,0.500,-90.000,V_x-20.0_y26.0_48.0_reverse_left,V_x-20.0_y26.0_48.0,V_x-20.0_y26.0_48.0,left,reverse,reverse_left,1
2023,-18.500,40.000,0.500,-90.000,V_x-20.0_y26.0_48.0_reverse_left,V_x-20.0_y26.0_48.0,V_x-20.0_y26.0_48.0,left,reverse,reverse_left,1
2024,-18.500,39.500,0.500,-90.000,V_x-20.0_y26.0_48.0_reverse_left,V_x-20.0_y26.0_48.0,V_x-20.0_y26.0_48.0,left,reverse,reverse_left,1
2025,-18.500,39.000,0.500,-90.000,V_x-20.0_y26.0_48.0_reverse_left,V_x-20.0_y26.0_48.0,V_x-20.0_y26.0_48.0,left,reverse,reverse_left,1
2026,-18.500,38.500,0.500,-90.000,V_x-20.0_y26.0_48.0_reverse_left,V_x-20.0_y26.0_48.0,V_x-20.0_y26.0_48.0,left,reverse,reverse_left,1
2027,-18.500,38.000,0.500,-90.000,V_x-20.0_y26.0_48.0_reverse_left,V_x-20.0_y26.0_48.0,V_x-20.0_y26.0_48.0,left,reverse,reverse_left,1
2028,-18.500,37.500,0.500,-90.000,V_x-20.0_y26.0_48.0_reverse_left,V_x-20.0_y26.0_48.0,V_x-20.0_y26.0_48.0,left,reverse,reverse_left,1
2029,-18.500,37.000,0.500,-90.000,V_x-20.0_y26.0_48.0_reverse_left,V_x-20.0_y26.0_48.0,V_x-20.0_y26.0_48.0,left,reverse,reverse_left,1
2030,-18.500,36.500,0.500,-90.000,V_x-20.0_y26.0_48.0_reverse_left,V_x-20.0_y26.0_48.0,V_x-20.0_y26.0_48.0,left,reverse,reverse_left,1
2031,-18.500,36.000,0.500,-90.000,V_x-20.0_y26.0_48.0_reverse_left,V_x-20.0_y26.0_48.0,V_x-20.0_y26.0_48.0,left,reverse,reverse_left,1
2032,-18.500,35.500,0.500,-90.000,V_x-20.0_y26.0_48.0_reverse_left,V_x-20.0_y26.0_48.0,V_x-20.0_y26.0_48.0,left,reverse,reverse_left,1
2033,-18.500,35.000,0.500,-90.000,V_x-20.0_y26.0_48.0_reverse_left,V_x-20.0_y26.0_48.0,V_x-20.0_y26.0_48.0,left,reverse,reverse_left,1
2034,-18.500,34.500,0.500,-90.000,V_x-20.0_y26.0_48.0_reverse_left,V_x-20.0_y26.0_48.0,V_x-20.0_y26.0_48.0,left,reverse,reverse_left,1
2035,-18.500,34.000,0.500,-90.000,V_x-20.0_y26.0_48.0_reverse_left,V_x-20.0_y26.0_48.0,V_x-20.0_y26.0_48.0,left,reverse,reverse_left,1
2036,-18.500,33.500,0.500,-90.000,V_x-20.0_y26.0_48.0_reverse_left,V_x-20.0_y26.0_48.0,V_x-20.0_y26.0_48.0,left,reverse,reverse_left,1
2037,-18.500,33.000,0.500,-90.000,V_x-20.0_y26.0_48.0_reverse_left,V_x-20.0_y26.0_48.0,V_x-20.0_y26.0_48.0,left,reverse,reverse_left,1
2038,-18.500,32.500,0.500,-90.000,V_x-20.0_y26.0_48.0_reverse_left,V_x-20.0_y26.0_48.0,V_x-20.0_y26.0_48.0,left,reverse,reverse_left,1
2039,-18.500,32.000,0.500,-90.000,V_x-20.0_y26.0_48.0_reverse_left,V_x-20.0_y26.0_48.0,V_x-20.0_y26.0_48.0,left,reverse,reverse_left,1
2040,-18.500,31.500,0.500,-90.000,V_x-20.0_y26.0_48.0_reverse_left,V_x-20.0_y26.0_48.0,V_x-20.0_y26.0_48.0,left,reverse,reverse_left,1
2041,-18.500,31.000,0.500,-90.000,V_x-20.0_y26.0_48.0_reverse_left,V_x-20.0_y26.0_48.0,V_x-20.0_y26.0_48.0,left,reverse,reverse_left,1
2042,-18.500,30.500,0.500,-90.000,V_x-20.0_y26.0_48.0_reverse_left,V_x-20.0_y26.0_48.0,V_x-20.0_y26.0_48.0,left,reverse,reverse_left,1
2043,-18.500,30.000,0.500,-90.000,V_x-20.0_y26.0_48.0_reverse_left,V_x-20.0_y26.0_48.0,V_x-20.0_y26.0_48.0,left,reverse,reverse_left,1
2044,-18.500,29.500,0.500,-90.000,V_x-20.0_y26.0_48.0_reverse_left,V_x-20.0_y26.0_48.0,V_x-20.0_y26.0_48.0,left,reverse,reverse_left,1
2045,-18.500,29.000,0.500,-90.000,V_x-20.0_y26.0_48.0_reverse_left,V_x-20.0_y26.0_48.0,V_x-20.0_y26.0_48.0,left,reverse,reverse_left,1
2046,-18.500,28.500,0.500,-90.000,V_x-20.0_y26.0_48.0_reverse_left,V_x-20.0_y26.0_48.0,V_x-20.0_y26.0_48.0,left,reverse,reverse_left,1
2047,-18.500,28.000,0.500,-90.000,V_x-20.0_y26.0_48.0_reverse_left,V_x-20.0_y26.0_48.0,V_x-20.0_y26.0_48.0,left,reverse,reverse_left,1
2048,-18.500,27.500,0.500,-90.000,V_x-20.0_y26.0_48.0_reverse_left,V_x-20.0_y26.0_48.0,V_x-20.0_y26.0_48.0,left,reverse,reverse_left,1
2049,-18.500,27.000,0.500,-90.000,V_x-20.0_y26.0_48.0_reverse_left,V_x-20.0_y26.0_48.0,V_x-20.0_y26.0_48.0,left,reverse,reverse_left,1
2050,-18.500,26.500,0.500,-90.000,V_x-20.0_y26.0_48.0_reverse_left,V_x-20.0_y26.0_48.0,V_x-20.0_y26.0_48.0,left,reverse,reverse_left,1
2051,-18.500,26.000,0.500,-90.000,V_x-20.0_y26.0_48.0_reverse_left,V_x-20.0_y26.0_48.0,V_x-20.0_y26.0_48.0,left,reverse,reverse_left,0
2052,-21.500,48.000,0.500,-90.000,V_x-20.0_y26.0_48.0_reverse_right,V_x-20.0_y26.0_48.0,V_x-20.0_y26.0_48.0,right,reverse,reverse_right,1
2053,-21.500,47.500,0.500,-90.000,V_x-20.0_y26.0_48.0_reverse_right,V_x-20.0_y26.0_48.0,V_x-20.0_y26.0_48.0,right,reverse,reverse_right,1
2054,-21.500,47.000,0.500,-90.000,V_x-20.0_y26.0_48.0_reverse_right,V_x-20.0_y26.0_48.0,V_x-20.0_y26.0_48.0,right,reverse,reverse_right,1
2055,-21.500,46.500,0.500,-90.000,V_x-20.0_y26.0_48.0_reverse_right,V_x-20.0_y26.0_48.0,V_x-20.0_y26.0_48.0,right,reverse,reverse_right,1
2056,-21.500,46.000,0.500,-90.000,V_x-20.0_y26.0_48.0_reverse_right,V_x-20.0_y26.0_48.0,V_x-20.0_y26.0_48.0,right,reverse,reverse_right,1
2057,-21.500,45.500,0.500,-90.000,V_x-20.0_y26.0_48.0_reverse_right,V_x-20.0_y26.0_48.0,V_x-20.0_y26.0_48.0,right,reverse,reverse_right,1
2058,-21.500,45.000,0.500,-90.000,V_x-20.0_y26.0_48.0_reverse_right,V_x-20.0_y26.0_48.0,V_x-20.0_y26.0_48.0,right,reverse,reverse_right,1
2059,-21.500,44.500,0.500,-90.000,V_x-20.0_y26.0_48.0_reverse_right,V_x-20.0_y26.0_48.0,V_x-20.0_y26.0_48.0,right,reverse,reverse_right,1
2060,-21.500,44.000,0.500,-90.000,V_x-20.0_y26.0_48.0_reverse_right,V_x-20.0_y26.0_48.0,V_x-20.0_y26.0_48.0,right,reverse,reverse_right,1
2061,-21.500,43.500,0.500,-90.000,V_x-20.0_y26.0_48.0_reverse_right,V_x-20.0_y26.0_48.0,V_x-20.0_y26.0_48.0,right,reverse,reverse_right,1
2062,-21.500,43.000,0.500,-90.000,V_x-20.0_y26.0_48.0_reverse_right,V_x-20.0_y26.0_48.0,V_x-20.0_y26.0_48.0,right,reverse,reverse_right,1
2063,-21.500,42.500,0.500,-90.000,V_x-20.0_y26.0_48.0_reverse_right,V_x-20.0_y26.0_48.0,V_x-20.0_y26.0_48.0,right,reverse,reverse_right,1
2064,-21.500,42.000,0.500,-90.000,V_x-20.0_y26.0_48.0_reverse_right,V_x-20.0_y26.0_48.0,V_x-20.0_y26.0_48.0,right,reverse,reverse_right,1
2065,-21.500,41.500,0.500,-90.000,V_x-20.0_y26.0_48.0_reverse_right,V_x-20.0_y26.0_48.0,V_x-20.0_y26.0_48.0,right,reverse,reverse_right,1
2066,-21.500,41.000,0.500,-90.000,V_x-20.0_y26.0_48.0_reverse_right,V_x-20.0_y26.0_48.0,V_x-20.0_y26.0_48.0,right,reverse,reverse_right,1
2067,-21.500,40.500,0.500,-90.000,V_x-20.0_y26.0_48.0_reverse_right,V_x-20.0_y26.0_48.0,V_x-20.0_y26.0_48.0,right,reverse,reverse_right,1
2068,-21.500,40.000,0.500,-90.000,V_x-20.0_y26.0_48.0_reverse_right,V_x-20.0_y26.0_48.0,V_x-20.0_y26.0_48.0,right,reverse,reverse_right,1
2069,-21.500,39.500,0.500,-90.000,V_x-20.0_y26.0_48.0_reverse_right,V_x-20.0_y26.0_48.0,V_x-20.0_y26.0_48.0,right,reverse,reverse_right,1
2070,-21.500,39.000,0.500,-90.000,V_x-20.0_y26.0_48.0_reverse_right,V_x-20.0_y26.0_48.0,V_x-20.0_y26.0_48.0,right,reverse,reverse_right,1
2071,-21.500,38.500,0.500,-90.000,V_x-20.0_y26.0_48.0_reverse_right,V_x-20.0_y26.0_48.0,V_x-20.0_y26.0_48.0,right,reverse,reverse_right,1
2072,-21.500,38.000,0.500,-90.000,V_x-20.0_y26.0_48.0_reverse_right,V_x-20.0_y26.0_48.0,V_x-20.0_y26.0_48.0,right,reverse,reverse_right,1
2073,-21.500,37.500,0.500,-90.000,V_x-20.0_y26.0_48.0_reverse_right,V_x-20.0_y26.0_48.0,V_x-20.0_y26.0_48.0,right,reverse,reverse_right,1
2074,-21.500,37.000,0.500,-90.000,V_x-20.0_y26.0_48.0_reverse_right,V_x-20.0_y26.0_48.0,V_x-20.0_y26.0_48.0,right,reverse,reverse_right,1
2075,-21.500,36.500,0.500,-90.000,V_x-20.0_y26.0_48.0_reverse_right,V_x-20.0_y26.0_48.0,V_x-20.0_y26.0_48.0,right,reverse,reverse_right,1
2076,-21.500,36.000,0.500,-90.000,V_x-20.0_y26.0_48.0_reverse_right,V_x-20.0_y26.0_48.0,V_x-20.0_y26.0_48.0,right,reverse,reverse_right,1
2077,-21.500,35.500,0.500,-90.000,V_x-20.0_y26.0_48.0_reverse_right,V_x-20.0_y26.0_48.0,V_x-20.0_y26.0_48.0,right,reverse,reverse_right,1
2078,-21.500,35.000,0.500,-90.000,V_x-20.0_y26.0_48.0_reverse_right,V_x-20.0_y26.0_48.0,V_x-20.0_y26.0_48.0,right,reverse,reverse_right,1
2079,-21.500,34.500,0.500,-90.000,V_x-20.0_y26.0_48.0_reverse_right,V_x-20.0_y26.0_48.0,V_x-20.0_y26.0_48.0,right,reverse,reverse_right,1
2080,-21.500,34.000,0.500,-90.000,V_x-20.0_y26.0_48.0_reverse_right,V_x-20.0_y26.0_48.0,V_x-20.0_y26.0_48.0,right,reverse,reverse_right,1
2081,-21.500,33.500,0.500,-90.000,V_x-20.0_y26.0_48.0_reverse_right,V_x-20.0_y26.0_48.0,V_x-20.0_y26.0_48.0,right,reverse,reverse_right,1
2082,-21.500,33.000,0.500,-90.000,V_x-20.0_y26.0_48.0_reverse_right,V_x-20.0_y26.0_48.0,V_x-20.0_y26.0_48.0,right,reverse,reverse_right,1
2083,-21.500,32.500,0.500,-90.000,V_x-20.0_y26.0_48.0_reverse_right,V_x-20.0_y26.0_48.0,V_x-20.0_y26.0_48.0,right,reverse,reverse_right,1
2084,-21.500,32.000,0.500,-90.000,V_x-20.0_y26.0_48.0_reverse_right,V_x-20.0_y26.0_48.0,V_x-20.0_y26.0_48.0,right,reverse,reverse_right,1
2085,-21.500,31.500,0.500,-90.000,V_x-20.0_y26.0_48.0_reverse_right,V_x-20.0_y26.0_48.0,V_x-20.0_y26.0_48.0,right,reverse,reverse_right,1
2086,-21.500,31.000,0.500,-90.000,V_x-20.0_y26.0_48.0_reverse_right,V_x-20.0_y26.0_48.0,V_x-20.0_y26.0_48.0,right,reverse,reverse_right,1
2087,-21.500,30.500,0.500,-90.000,V_x-20.0_y26.0_48.0_reverse_right,V_x-20.0_y26.0_48.0,V_x-20.0_y26.0_48.0,right,reverse,reverse_right,1
2088,-21.500,30.000,0.500,-90.000,V_x-20.0_y26.0_48.0_reverse_right,V_x-20.0_y26.0_48.0,V_x-20.0_y26.0_48.0,right,reverse,reverse_right,1
2089,-21.500,29.500,0.500,-90.000,V_x-20.0_y26.0_48.0_reverse_right,V_x-20.0_y26.0_48.0,V_x-20.0_y26.0_48.0,right,reverse,reverse_right,1
2090,-21.500,29.000,0.500,-90.000,V_x-20.0_y26.0_48.0_reverse_right,V_x-20.0_y26.0_48.0,V_x-20.0_y26.0_48.0,right,reverse,reverse_right,1
2091,-21.500,28.500,0.500,-90.000,V_x-20.0_y26.0_48.0_reverse_right,V_x-20.0_y26.0_48.0,V_x-20.0_y26.0_48.0,right,reverse,reverse_right,1
2092,-21.500,28.000,0.500,-90.000,V_x-20.0_y26.0_48.0_reverse_right,V_x-20.0_y26.0_48.0,V_x-20.0_y26.0_48.0,right,reverse,reverse_right,1
2093,-21.500,27.500,0.500,-90.000,V_x-20.0_y26.0_48.0_reverse_right,V_x-20.0_y26.0_48.0,V_x-20.0_y26.0_48.0,right,reverse,reverse_right,1
2094,-21.500,27.000,0.500,-90.000,V_x-20.0_y26.0_48.0_reverse_right,V_x-20.0_y26.0_48.0,V_x-20.0_y26.0_48.0,right,reverse,reverse_right,1
2095,-21.500,26.500,0.500,-90.000,V_x-20.0_y26.0_48.0_reverse_right,V_x-20.0_y26.0_48.0,V_x-20.0_y26.0_48.0,right,reverse,reverse_right,1
2096,-21.500,26.000,0.500,-90.000,V_x-20.0_y26.0_48.0_reverse_right,V_x-20.0_y26.0_48.0,V_x-20.0_y26.0_48.0,right,reverse,reverse_right,0
2097,-20.000,27.500,0.500,0.000,H_y26.0_x-20.0_20.0_forward_left,H_y26.0_x-20.0_20.0,H_y26.0_x-20.0_20.0,left,forward,forward_left,1
2098,-19.500,27.500,0.500,0.000,H_y26.0_x-20.0_20.0_forward_left,H_y26.0_x-20.0_20.0,H_y26.0_x-20.0_20.0,left,forward,forward_left,1
2099,-19.000,27.500,0.500,0.000,H_y26.0_x-20.0_20.0_forward_left,H_y26.0_x-20.0_20.0,H_y26.0_x-20.0_20.0,left,forward,forward_left,1
2100,-18.500,27.500,0.500,0.000,H_y26.0_x-20.0_20.0_forward_left,H_y26.0_x-20.0_20.0,H_y26.0_x-20.0_20.0,left,forward,forward_left,1
2101,-18.000,27.500,0.500,0.000,H_y26.0_x-20.0_20.0_forward_left,H_y26.0_x-20.0_20.0,H_y26.0_x-20.0_20.0,left,forward,forward_left,1
2102,-17.500,27.500,0.500,0.000,H_y26.0_x-20.0_20.0_forward_left,H_y26.0_x-20.0_20.0,H_y26.0_x-20.0_20.0,left,forward,forward_left,1
2103,-17.000,27.500,0.500,0.000,H_y26.0_x-20.0_20.0_forward_left,H_y26.0_x-20.0_20.0,H_y26.0_x-20.0_20.0,left,forward,forward_left,1
2104,-16.500,27.500,0.500,0.000,H_y26.0_x-20.0_20.0_forward_left,H_y26.0_x-20.0_20.0,H_y26.0_x-20.0_20.0,left,forward,forward_left,1
2105,-16.000,27.500,0.500,0.000,H_y26.0_x-20.0_20.0_forward_left,H_y26.0_x-20.0_20.0,H_y26.0_x-20.0_20.0,left,forward,forward_left,1
2106,-15.500,27.500,0.500,0.000,H_y26.0_x-20.0_20.0_forward_left,H_y26.0_x-20.0_20.0,H_y26.0_x-20.0_20.0,left,forward,forward_left,1
2107,-15.000,27.500,0.500,0.000,H_y26.0_x-20.0_20.0_forward_left,H_y26.0_x-20.0_20.0,H_y26.0_x-20.0_20.0,left,forward,forward_left,1
2108,-14.500,27.500,0.500,0.000,H_y26.0_x-20.0_20.0_forward_left,H_y26.0_x-20.0_20.0,H_y26.0_x-20.0_20.0,left,forward,forward_left,1
2109,-14.000,27.500,0.500,0.000,H_y26.0_x-20.0_20.0_forward_left,H_y26.0_x-20.0_20.0,H_y26.0_x-20.0_20.0,left,forward,forward_left,1
2110,-13.500,27.500,0.500,0.000,H_y26.0_x-20.0_20.0_forward_left,H_y26.0_x-20.0_20.0,H_y26.0_x-20.0_20.0,left,forward,forward_left,1
2111,-13.000,27.500,0.500,0.000,H_y26.0_x-20.0_20.0_forward_left,H_y26.0_x-20.0_20.0,H_y26.0_x-20.0_20.0,left,forward,forward_left,1
2112,-12.500,27.500,0.500,0.000,H_y26.0_x-20.0_20.0_forward_left,H_y26.0_x-20.0_20.0,H_y26.0_x-20.0_20.0,left,forward,forward_left,1
2113,-12.000,27.500,0.500,0.000,H_y26.0_x-20.0_20.0_forward_left,H_y26.0_x-20.0_20.0,H_y26.0_x-20.0_20.0,left,forward,forward_left,1
2114,-11.500,27.500,0.500,0.000,H_y26.0_x-20.0_20.0_forward_left,H_y26.0_x-20.0_20.0,H_y26.0_x-20.0_20.0,left,forward,forward_left,1
2115,-11.000,27.500,0.500,0.000,H_y26.0_x-20.0_20.0_forward_left,H_y26.0_x-20.0_20.0,H_y26.0_x-20.0_20.0,left,forward,forward_left,1
2116,-10.500,27.500,0.500,0.000,H_y26.0_x-20.0_20.0_forward_left,H_y26.0_x-20.0_20.0,H_y26.0_x-20.0_20.0,left,forward,forward_left,1
2117,-10.000,27.500,0.500,0.000,H_y26.0_x-20.0_20.0_forward_left,H_y26.0_x-20.0_20.0,H_y26.0_x-20.0_20.0,left,forward,forward_left,1
2118,-9.500,27.500,0.500,0.000,H_y26.0_x-20.0_20.0_forward_left,H_y26.0_x-20.0_20.0,H_y26.0_x-20.0_20.0,left,forward,forward_left,1
2119,-9.000,27.500,0.500,0.000,H_y26.0_x-20.0_20.0_forward_left,H_y26.0_x-20.0_20.0,H_y26.0_x-20.0_20.0,left,forward,forward_left,1
2120,-8.500,27.500,0.500,0.000,H_y26.0_x-20.0_20.0_forward_left,H_y26.0_x-20.0_20.0,H_y26.0_x-20.0_20.0,left,forward,forward_left,1
2121,-8.000,27.500,0.500,0.000,H_y26.0_x-20.0_20.0_forward_left,H_y26.0_x-20.0_20.0,H_y26.0_x-20.0_20.0,left,forward,forward_left,1
2122,-7.500,27.500,0.500,0.000,H_y26.0_x-20.0_20.0_forward_left,H_y26.0_x-20.0_20.0,H_y26.0_x-20.0_20.0,left,forward,forward_left,1
2123,-7.000,27.500,0.500,0.000,H_y26.0_x-20.0_20.0_forward_left,H_y26.0_x-20.0_20.0,H_y26.0_x-20.0_20.0,left,forward,forward_left,1
2124,-6.500,27.500,0.500,0.000,H_y26.0_x-20.0_20.0_forward_left,H_y26.0_x-20.0_20.0,H_y26.0_x-20.0_20.0,left,forward,forward_left,1
2125,-6.000,27.500,0.500,0.000,H_y26.0_x-20.0_20.0_forward_left,H_y26.0_x-20.0_20.0,H_y26.0_x-20.0_20.0,left,forward,forward_left,1
2126,-5.500,27.500,0.500,0.000,H_y26.0_x-20.0_20.0_forward_left,H_y26.0_x-20.0_20.0,H_y26.0_x-20.0_20.0,left,forward,forward_left,1
2127,-5.000,27.500,0.500,0.000,H_y26.0_x-20.0_20.0_forward_left,H_y26.0_x-20.0_20.0,H_y26.0_x-20.0_20.0,left,forward,forward_left,1
2128,-4.500,27.500,0.500,0.000,H_y26.0_x-20.0_20.0_forward_left,H_y26.0_x-20.0_20.0,H_y26.0_x-20.0_20.0,left,forward,forward_left,1
2129,-4.000,27.500,0.500,0.000,H_y26.0_x-20.0_20.0_forward_left,H_y26.0_x-20.0_20.0,H_y26.0_x-20.0_20.0,left,forward,forward_left,1
2130,-3.500,27.500,0.500,0.000,H_y26.0_x-20.0_20.0_forward_left,H_y26.0_x-20.0_20.0,H_y26.0_x-20.0_20.0,left,forward,forward_left,1
2131,-3.000,27.500,0.500,0.000,H_y26.0_x-20.0_20.0_forward_left,H_y26.0_x-20.0_20.0,H_y26.0_x-20.0_20.0,left,forward,forward_left,1
2132,-2.500,27.500,0.500,0.000,H_y26.0_x-20.0_20.0_forward_left,H_y26.0_x-20.0_20.0,H_y26.0_x-20.0_20.0,left,forward,forward_left,1
2133,-2.000,27.500,0.500,0.000,H_y26.0_x-20.0_20.0_forward_left,H_y26.0_x-20.0_20.0,H_y26.0_x-20.0_20.0,left,forward,forward_left,1
2134,-1.500,27.500,0.500,0.000,H_y26.0_x-20.0_20.0_forward_left,H_y26.0_x-20.0_20.0,H_y26.0_x-20.0_20.0,left,forward,forward_left,1
2135,-1.000,27.500,0.500,0.000,H_y26.0_x-20.0_20.0_forward_left,H_y26.0_x-20.0_20.0,H_y26.0_x-20.0_20.0,left,forward,forward_left,1
2136,-0.500,27.500,0.500,0.000,H_y26.0_x-20.0_20.0_forward_left,H_y26.0_x-20.0_20.0,H_y26.0_x-20.0_20.0,left,forward,forward_left,1
2137,0.000,27.500,0.500,0.000,H_y26.0_x-20.0_20.0_forward_left,H_y26.0_x-20.0_20.0,H_y26.0_x-20.0_20.0,left,forward,forward_left,1
2138,0.500,27.500,0.500,0.000,H_y26.0_x-20.0_20.0_forward_left,H_y26.0_x-20.0_20.0,H_y26.0_x-20.0_20.0,left,forward,forward_left,1
2139,1.000,27.500,0.500,0.000,H_y26.0_x-20.0_20.0_forward_left,H_y26.0_x-20.0_20.0,H_y26.0_x-20.0_20.0,left,forward,forward_left,1
2140,1.500,27.500,0.500,0.000,H_y26.0_x-20.0_20.0_forward_left,H_y26.0_x-20.0_20.0,H_y26.0_x-20.0_20.0,left,forward,forward_left,1
2141,2.000,27.500,0.500,0.000,H_y26.0_x-20.0_20.0_forward_left,H_y26.0_x-20.0_20.0,H_y26.0_x-20.0_20.0,left,forward,forward_left,1
2142,2.500,27.500,0.500,0.000,H_y26.0_x-20.0_20.0_forward_left,H_y26.0_x-20.0_20.0,H_y26.0_x-20.0_20.0,left,forward,forward_left,1
2143,3.000,27.500,0.500,0.000,H_y26.0_x-20.0_20.0_forward_left,H_y26.0_x-20.0_20.0,H_y26.0_x-20.0_20.0,left,forward,forward_left,1
2144,3.500,27.500,0.500,0.000,H_y26.0_x-20.0_20.0_forward_left,H_y26.0_x-20.0_20.0,H_y26.0_x-20.0_20.0,left,forward,forward_left,1
2145,4.000,27.500,0.500,0.000,H_y26.0_x-20.0_20.0_forward_left,H_y26.0_x-20.0_20.0,H_y26.0_x-20.0_20.0,left,forward,forward_left,1
2146,4.500,27.500,0.500,0.000,H_y26.0_x-20.0_20.0_forward_left,H_y26.0_x-20.0_20.0,H_y26.0_x-20.0_20.0,left,forward,forward_left,1
2147,5.000,27.500,0.500,0.000,H_y26.0_x-20.0_20.0_forward_left,H_y26.0_x-20.0_20.0,H_y26.0_x-20.0_20.0,left,forward,forward_left,1
2148,5.500,27.500,0.500,0.000,H_y26.0_x-20.0_20.0_forward_left,H_y26.0_x-20.0_20.0,H_y26.0_x-20.0_20.0,left,forward,forward_left,1
2149,6.000,27.500,0.500,0.000,H_y26.0_x-20.0_20.0_forward_left,H_y26.0_x-20.0_20.0,H_y26.0_x-20.0_20.0,left,forward,forward_left,1
2150,6.500,27.500,0.500,0.000,H_y26.0_x-20.0_20.0_forward_left,H_y26.0_x-20.0_20.0,H_y26.0_x-20.0_20.0,left,forward,forward_left,1
2151,7.000,27.500,0.500,0.000,H_y26.0_x-20.0_20.0_forward_left,H_y26.0_x-20.0_20.0,H_y26.0_x-20.0_20.0,left,forward,forward_left,1
2152,7.500,27.500,0.500,0.000,H_y26.0_x-20.0_20.0_forward_left,H_y26.0_x-20.0_20.0,H_y26.0_x-20.0_20.0,left,forward,forward_left,1
2153,8.000,27.500,0.500,0.000,H_y26.0_x-20.0_20.0_forward_left,H_y26.0_x-20.0_20.0,H_y26.0_x-20.0_20.0,left,forward,forward_left,1
2154,8.500,27.500,0.500,0.000,H_y26.0_x-20.0_20.0_forward_left,H_y26.0_x-20.0_20.0,H_y26.0_x-20.0_20.0,left,forward,forward_left,1
2155,9.000,27.500,0.500,0.000,H_y26.0_x-20.0_20.0_forward_left,H_y26.0_x-20.0_20.0,H_y26.0_x-20.0_20.0,left,forward,forward_left,1
2156,9.500,27.500,0.500,0.000,H_y26.0_x-20.0_20.0_forward_left,H_y26.0_x-20.0_20.0,H_y26.0_x-20.0_20.0,left,forward,forward_left,1
2157,10.000,27.500,0.500,0.000,H_y26.0_x-20.0_20.0_forward_left,H_y26.0_x-20.0_20.0,H_y26.0_x-20.0_20.0,left,forward,forward_left,1
2158,10.500,27.500,0.500,0.000,H_y26.0_x-20.0_20.0_forward_left,H_y26.0_x-20.0_20.0,H_y26.0_x-20.0_20.0,left,forward,forward_left,1
2159,11.000,27.500,0.500,0.000,H_y26.0_x-20.0_20.0_forward_left,H_y26.0_x-20.0_20.0,H_y26.0_x-20.0_20.0,left,forward,forward_left,1
2160,11.500,27.500,0.500,0.000,H_y26.0_x-20.0_20.0_forward_left,H_y26.0_x-20.0_20.0,H_y26.0_x-20.0_20.0,left,forward,forward_left,1
2161,12.000,27.500,0.500,0.000,H_y26.0_x-20.0_20.0_forward_left,H_y26.0_x-20.0_20.0,H_y26.0_x-20.0_20.0,left,forward,forward_left,1
2162,12.500,27.500,0.500,0.000,H_y26.0_x-20.0_20.0_forward_left,H_y26.0_x-20.0_20.0,H_y26.0_x-20.0_20.0,left,forward,forward_left,1
2163,13.000,27.500,0.500,0.000,H_y26.0_x-20.0_20.0_forward_left,H_y26.0_x-20.0_20.0,H_y26.0_x-20.0_20.0,left,forward,forward_left,1
2164,13.500,27.500,0.500,0.000,H_y26.0_x-20.0_20.0_forward_left,H_y26.0_x-20.0_20.0,H_y26.0_x-20.0_20.0,left,forward,forward_left,1
2165,14.000,27.500,0.500,0.000,H_y26.0_x-20.0_20.0_forward_left,H_y26.0_x-20.0_20.0,H_y26.0_x-20.0_20.0,left,forward,forward_left,1
2166,14.500,27.500,0.500,0.000,H_y26.0_x-20.0_20.0_forward_left,H_y26.0_x-20.0_20.0,H_y26.0_x-20.0_20.0,left,forward,forward_left,1
2167,15.000,27.500,0.500,0.000,H_y26.0_x-20.0_20.0_forward_left,H_y26.0_x-20.0_20.0,H_y26.0_x-20.0_20.0,left,forward,forward_left,1
2168,15.500,27.500,0.500,0.000,H_y26.0_x-20.0_20.0_forward_left,H_y26.0_x-20.0_20.0,H_y26.0_x-20.0_20.0,left,forward,forward_left,1
2169,16.000,27.500,0.500,0.000,H_y26.0_x-20.0_20.0_forward_left,H_y26.0_x-20.0_20.0,H_y26.0_x-20.0_20.0,left,forward,forward_left,1
2170,16.500,27.500,0.500,0.000,H_y26.0_x-20.0_20.0_forward_left,H_y26.0_x-20.0_20.0,H_y26.0_x-20.0_20.0,left,forward,forward_left,1
2171,17.000,27.500,0.500,0.000,H_y26.0_x-20.0_20.0_forward_left,H_y26.0_x-20.0_20.0,H_y26.0_x-20.0_20.0,left,forward,forward_left,1
2172,17.500,27.500,0.500,0.000,H_y26.0_x-20.0_20.0_forward_left,H_y26.0_x-20.0_20.0,H_y26.0_x-20.0_20.0,left,forward,forward_left,1
2173,18.000,27.500,0.500,0.000,H_y26.0_x-20.0_20.0_forward_left,H_y26.0_x-20.0_20.0,H_y26.0_x-20.0_20.0,left,forward,forward_left,1
2174,18.500,27.500,0.500,0.000,H_y26.0_x-20.0_20.0_forward_left,H_y26.0_x-20.0_20.0,H_y26.0_x-20.0_20.0,left,forward,forward_left,1
2175,19.000,27.500,0.500,0.000,H_y26.0_x-20.0_20.0_forward_left,H_y26.0_x-20.0_20.0,H_y26.0_x-20.0_20.0,left,forward,forward_left,1
2176,19.500,27.500,0.500,0.000,H_y26.0_x-20.0_20.0_forward_left,H_y26.0_x-20.0_20.0,H_y26.0_x-20.0_20.0,left,forward,forward_left,1
2177,20.000,27.500,0.500,0.000,H_y26.0_x-20.0_20.0_forward_left,H_y26.0_x-20.0_20.0,H_y26.0_x-20.0_20.0,left,forward,forward_left,0
2178,-20.000,24.500,0.500,0.000,H_y26.0_x-20.0_20.0_forward_right,H_y26.0_x-20.0_20.0,H_y26.0_x-20.0_20.0,right,forward,forward_right,1
2179,-19.500,24.500,0.500,0.000,H_y26.0_x-20.0_20.0_forward_right,H_y26.0_x-20.0_20.0,H_y26.0_x-20.0_20.0,right,forward,forward_right,1
2180,-19.000,24.500,0.500,0.000,H_y26.0_x-20.0_20.0_forward_right,H_y26.0_x-20.0_20.0,H_y26.0_x-20.0_20.0,right,forward,forward_right,1
2181,-18.500,24.500,0.500,0.000,H_y26.0_x-20.0_20.0_forward_right,H_y26.0_x-20.0_20.0,H_y26.0_x-20.0_20.0,right,forward,forward_right,1
2182,-18.000,24.500,0.500,0.000,H_y26.0_x-20.0_20.0_forward_right,H_y26.0_x-20.0_20.0,H_y26.0_x-20.0_20.0,right,forward,forward_right,1
2183,-17.500,24.500,0.500,0.000,H_y26.0_x-20.0_20.0_forward_right,H_y26.0_x-20.0_20.0,H_y26.0_x-20.0_20.0,right,forward,forward_right,1
2184,-17.000,24.500,0.500,0.000,H_y26.0_x-20.0_20.0_forward_right,H_y26.0_x-20.0_20.0,H_y26.0_x-20.0_20.0,right,forward,forward_right,1
2185,-16.500,24.500,0.500,0.000,H_y26.0_x-20.0_20.0_forward_right,H_y26.0_x-20.0_20.0,H_y26.0_x-20.0_20.0,right,forward,forward_right,1
2186,-16.000,24.500,0.500,0.000,H_y26.0_x-20.0_20.0_forward_right,H_y26.0_x-20.0_20.0,H_y26.0_x-20.0_20.0,right,forward,forward_right,1
2187,-15.500,24.500,0.500,0.000,H_y26.0_x-20.0_20.0_forward_right,H_y26.0_x-20.0_20.0,H_y26.0_x-20.0_20.0,right,forward,forward_right,1
2188,-15.000,24.500,0.500,0.000,H_y26.0_x-20.0_20.0_forward_right,H_y26.0_x-20.0_20.0,H_y26.0_x-20.0_20.0,right,forward,forward_right,1
2189,-14.500,24.500,0.500,0.000,H_y26.0_x-20.0_20.0_forward_right,H_y26.0_x-20.0_20.0,H_y26.0_x-20.0_20.0,right,forward,forward_right,1
2190,-14.000,24.500,0.500,0.000,H_y26.0_x-20.0_20.0_forward_right,H_y26.0_x-20.0_20.0,H_y26.0_x-20.0_20.0,right,forward,forward_right,1
2191,-13.500,24.500,0.500,0.000,H_y26.0_x-20.0_20.0_forward_right,H_y26.0_x-20.0_20.0,H_y26.0_x-20.0_20.0,right,forward,forward_right,1
2192,-13.000,24.500,0.500,0.000,H_y26.0_x-20.0_20.0_forward_right,H_y26.0_x-20.0_20.0,H_y26.0_x-20.0_20.0,right,forward,forward_right,1
2193,-12.500,24.500,0.500,0.000,H_y26.0_x-20.0_20.0_forward_right,H_y26.0_x-20.0_20.0,H_y26.0_x-20.0_20.0,right,forward,forward_right,1
2194,-12.000,24.500,0.500,0.000,H_y26.0_x-20.0_20.0_forward_right,H_y26.0_x-20.0_20.0,H_y26.0_x-20.0_20.0,right,forward,forward_right,1
2195,-11.500,24.500,0.500,0.000,H_y26.0_x-20.0_20.0_forward_right,H_y26.0_x-20.0_20.0,H_y26.0_x-20.0_20.0,right,forward,forward_right,1
2196,-11.000,24.500,0.500,0.000,H_y26.0_x-20.0_20.0_forward_right,H_y26.0_x-20.0_20.0,H_y26.0_x-20.0_20.0,right,forward,forward_right,1
2197,-10.500,24.500,0.500,0.000,H_y26.0_x-20.0_20.0_forward_right,H_y26.0_x-20.0_20.0,H_y26.0_x-20.0_20.0,right,forward,forward_right,1
2198,-10.000,24.500,0.500,0.000,H_y26.0_x-20.0_20.0_forward_right,H_y26.0_x-20.0_20.0,H_y26.0_x-20.0_20.0,right,forward,forward_right,1
2199,-9.500,24.500,0.500,0.000,H_y26.0_x-20.0_20.0_forward_right,H_y26.0_x-20.0_20.0,H_y26.0_x-20.0_20.0,right,forward,forward_right,1
2200,-9.000,24.500,0.500,0.000,H_y26.0_x-20.0_20.0_forward_right,H_y26.0_x-20.0_20.0,H_y26.0_x-20.0_20.0,right,forward,forward_right,1
2201,-8.500,24.500,0.500,0.000,H_y26.0_x-20.0_20.0_forward_right,H_y26.0_x-20.0_20.0,H_y26.0_x-20.0_20.0,right,forward,forward_right,1
2202,-8.000,24.500,0.500,0.000,H_y26.0_x-20.0_20.0_forward_right,H_y26.0_x-20.0_20.0,H_y26.0_x-20.0_20.0,right,forward,forward_right,1
2203,-7.500,24.500,0.500,0.000,H_y26.0_x-20.0_20.0_forward_right,H_y26.0_x-20.0_20.0,H_y26.0_x-20.0_20.0,right,forward,forward_right,1
2204,-7.000,24.500,0.500,0.000,H_y26.0_x-20.0_20.0_forward_right,H_y26.0_x-20.0_20.0,H_y26.0_x-20.0_20.0,right,forward,forward_right,1
2205,-6.500,24.500,0.500,0.000,H_y26.0_x-20.0_20.0_forward_right,H_y26.0_x-20.0_20.0,H_y26.0_x-20.0_20.0,right,forward,forward_right,1
2206,-6.000,24.500,0.500,0.000,H_y26.0_x-20.0_20.0_forward_right,H_y26.0_x-20.0_20.0,H_y26.0_x-20.0_20.0,right,forward,forward_right,1
2207,-5.500,24.500,0.500,0.000,H_y26.0_x-20.0_20.0_forward_right,H_y26.0_x-20.0_20.0,H_y26.0_x-20.0_20.0,right,forward,forward_right,1
2208,-5.000,24.500,0.500,0.000,H_y26.0_x-20.0_20.0_forward_right,H_y26.0_x-20.0_20.0,H_y26.0_x-20.0_20.0,right,forward,forward_right,1
2209,-4.500,24.500,0.500,0.000,H_y26.0_x-20.0_20.0_forward_right,H_y26.0_x-20.0_20.0,H_y26.0_x-20.0_20.0,right,forward,forward_right,1
2210,-4.000,24.500,0.500,0.000,H_y26.0_x-20.0_20.0_forward_right,H_y26.0_x-20.0_20.0,H_y26.0_x-20.0_20.0,right,forward,forward_right,1
2211,-3.500,24.500,0.500,0.000,H_y26.0_x-20.0_20.0_forward_right,H_y26.0_x-20.0_20.0,H_y26.0_x-20.0_20.0,right,forward,forward_right,1
2212,-3.000,24.500,0.500,0.000,H_y26.0_x-20.0_20.0_forward_right,H_y26.0_x-20.0_20.0,H_y26.0_x-20.0_20.0,right,forward,forward_right,1
2213,-2.500,24.500,0.500,0.000,H_y26.0_x-20.0_20.0_forward_right,H_y26.0_x-20.0_20.0,H_y26.0_x-20.0_20.0,right,forward,forward_right,1
2214,-2.000,24.500,0.500,0.000,H_y26.0_x-20.0_20.0_forward_right,H_y26.0_x-20.0_20.0,H_y26.0_x-20.0_20.0,right,forward,forward_right,1
2215,-1.500,24.500,0.500,0.000,H_y26.0_x-20.0_20.0_forward_right,H_y26.0_x-20.0_20.0,H_y26.0_x-20.0_20.0,right,forward,forward_right,1
2216,-1.000,24.500,0.500,0.000,H_y26.0_x-20.0_20.0_forward_right,H_y26.0_x-20.0_20.0,H_y26.0_x-20.0_20.0,right,forward,forward_right,1
2217,-0.500,24.500,0.500,0.000,H_y26.0_x-20.0_20.0_forward_right,H_y26.0_x-20.0_20.0,H_y26.0_x-20.0_20.0,right,forward,forward_right,1
2218,0.000,24.500,0.500,0.000,H_y26.0_x-20.0_20.0_forward_right,H_y26.0_x-20.0_20.0,H_y26.0_x-20.0_20.0,right,forward,forward_right,1
2219,0.500,24.500,0.500,0.000,H_y26.0_x-20.0_20.0_forward_right,H_y26.0_x-20.0_20.0,H_y26.0_x-20.0_20.0,right,forward,forward_right,1
2220,1.000,24.500,0.500,0.000,H_y26.0_x-20.0_20.0_forward_right,H_y26.0_x-20.0_20.0,H_y26.0_x-20.0_20.0,right,forward,forward_right,1
2221,1.500,24.500,0.500,0.000,H_y26.0_x-20.0_20.0_forward_right,H_y26.0_x-20.0_20.0,H_y26.0_x-20.0_20.0,right,forward,forward_right,1
2222,2.000,24.500,0.500,0.000,H_y26.0_x-20.0_20.0_forward_right,H_y26.0_x-20.0_20.0,H_y26.0_x-20.0_20.0,right,forward,forward_right,1
2223,2.500,24.500,0.500,0.000,H_y26.0_x-20.0_20.0_forward_right,H_y26.0_x-20.0_20.0,H_y26.0_x-20.0_20.0,right,forward,forward_right,1
2224,3.000,24.500,0.500,0.000,H_y26.0_x-20.0_20.0_forward_right,H_y26.0_x-20.0_20.0,H_y26.0_x-20.0_20.0,right,forward,forward_right,1
2225,3.500,24.500,0.500,0.000,H_y26.0_x-20.0_20.0_forward_right,H_y26.0_x-20.0_20.0,H_y26.0_x-20.0_20.0,right,forward,forward_right,1
2226,4.000,24.500,0.500,0.000,H_y26.0_x-20.0_20.0_forward_right,H_y26.0_x-20.0_20.0,H_y26.0_x-20.0_20.0,right,forward,forward_right,1
2227,4.500,24.500,0.500,0.000,H_y26.0_x-20.0_20.0_forward_right,H_y26.0_x-20.0_20.0,H_y26.0_x-20.0_20.0,right,forward,forward_right,1
2228,5.000,24.500,0.500,0.000,H_y26.0_x-20.0_20.0_forward_right,H_y26.0_x-20.0_20.0,H_y26.0_x-20.0_20.0,right,forward,forward_right,1
2229,5.500,24.500,0.500,0.000,H_y26.0_x-20.0_20.0_forward_right,H_y26.0_x-20.0_20.0,H_y26.0_x-20.0_20.0,right,forward,forward_right,1
2230,6.000,24.500,0.500,0.000,H_y26.0_x-20.0_20.0_forward_right,H_y26.0_x-20.0_20.0,H_y26.0_x-20.0_20.0,right,forward,forward_right,1
2231,6.500,24.500,0.500,0.000,H_y26.0_x-20.0_20.0_forward_right,H_y26.0_x-20.0_20.0,H_y26.0_x-20.0_20.0,right,forward,forward_right,1
2232,7.000,24.500,0.500,0.000,H_y26.0_x-20.0_20.0_forward_right,H_y26.0_x-20.0_20.0,H_y26.0_x-20.0_20.0,right,forward,forward_right,1
2233,7.500,24.500,0.500,0.000,H_y26.0_x-20.0_20.0_forward_right,H_y26.0_x-20.0_20.0,H_y26.0_x-20.0_20.0,right,forward,forward_right,1
2234,8.000,24.500,0.500,0.000,H_y26.0_x-20.0_20.0_forward_right,H_y26.0_x-20.0_20.0,H_y26.0_x-20.0_20.0,right,forward,forward_right,1
2235,8.500,24.500,0.500,0.000,H_y26.0_x-20.0_20.0_forward_right,H_y26.0_x-20.0_20.0,H_y26.0_x-20.0_20.0,right,forward,forward_right,1
2236,9.000,24.500,0.500,0.000,H_y26.0_x-20.0_20.0_forward_right,H_y26.0_x-20.0_20.0,H_y26.0_x-20.0_20.0,right,forward,forward_right,1
2237,9.500,24.500,0.500,0.000,H_y26.0_x-20.0_20.0_forward_right,H_y26.0_x-20.0_20.0,H_y26.0_x-20.0_20.0,right,forward,forward_right,1
2238,10.000,24.500,0.500,0.000,H_y26.0_x-20.0_20.0_forward_right,H_y26.0_x-20.0_20.0,H_y26.0_x-20.0_20.0,right,forward,forward_right,1
2239,10.500,24.500,0.500,0.000,H_y26.0_x-20.0_20.0_forward_right,H_y26.0_x-20.0_20.0,H_y26.0_x-20.0_20.0,right,forward,forward_right,1
2240,11.000,24.500,0.500,0.000,H_y26.0_x-20.0_20.0_forward_right,H_y26.0_x-20.0_20.0,H_y26.0_x-20.0_20.0,right,forward,forward_right,1
2241,11.500,24.500,0.500,0.000,H_y26.0_x-20.0_20.0_forward_right,H_y26.0_x-20.0_20.0,H_y26.0_x-20.0_20.0,right,forward,forward_right,1
2242,12.000,24.500,0.500,0.000,H_y26.0_x-20.0_20.0_forward_right,H_y26.0_x-20.0_20.0,H_y26.0_x-20.0_20.0,right,forward,forward_right,1
2243,12.500,24.500,0.500,0.000,H_y26.0_x-20.0_20.0_forward_right,H_y26.0_x-20.0_20.0,H_y26.0_x-20.0_20.0,right,forward,forward_right,1
2244,13.000,24.500,0.500,0.000,H_y26.0_x-20.0_20.0_forward_right,H_y26.0_x-20.0_20.0,H_y26.0_x-20.0_20.0,right,forward,forward_right,1
2245,13.500,24.500,0.500,0.000,H_y26.0_x-20.0_20.0_forward_right,H_y26.0_x-20.0_20.0,H_y26.0_x-20.0_20.0,right,forward,forward_right,1
2246,14.000,24.500,0.500,0.000,H_y26.0_x-20.0_20.0_forward_right,H_y26.0_x-20.0_20.0,H_y26.0_x-20.0_20.0,right,forward,forward_right,1
2247,14.500,24.500,0.500,0.000,H_y26.0_x-20.0_20.0_forward_right,H_y26.0_x-20.0_20.0,H_y26.0_x-20.0_20.0,right,forward,forward_right,1
2248,15.000,24.500,0.500,0.000,H_y26.0_x-20.0_20.0_forward_right,H_y26.0_x-20.0_20.0,H_y26.0_x-20.0_20.0,right,forward,forward_right,1
2249,15.500,24.500,0.500,0.000,H_y26.0_x-20.0_20.0_forward_right,H_y26.0_x-20.0_20.0,H_y26.0_x-20.0_20.0,right,forward,forward_right,1
2250,16.000,24.500,0.500,0.000,H_y26.0_x-20.0_20.0_forward_right,H_y26.0_x-20.0_20.0,H_y26.0_x-20.0_20.0,right,forward,forward_right,1
2251,16.500,24.500,0.500,0.000,H_y26.0_x-20.0_20.0_forward_right,H_y26.0_x-20.0_20.0,H_y26.0_x-20.0_20.0,right,forward,forward_right,1
2252,17.000,24.500,0.500,0.000,H_y26.0_x-20.0_20.0_forward_right,H_y26.0_x-20.0_20.0,H_y26.0_x-20.0_20.0,right,forward,forward_right,1
2253,17.500,24.500,0.500,0.000,H_y26.0_x-20.0_20.0_forward_right,H_y26.0_x-20.0_20.0,H_y26.0_x-20.0_20.0,right,forward,forward_right,1
2254,18.000,24.500,0.500,0.000,H_y26.0_x-20.0_20.0_forward_right,H_y26.0_x-20.0_20.0,H_y26.0_x-20.0_20.0,right,forward,forward_right,1
2255,18.500,24.500,0.500,0.000,H_y26.0_x-20.0_20.0_forward_right,H_y26.0_x-20.0_20.0,H_y26.0_x-20.0_20.0,right,forward,forward_right,1
2256,19.000,24.500,0.500,0.000,H_y26.0_x-20.0_20.0_forward_right,H_y26.0_x-20.0_20.0,H_y26.0_x-20.0_20.0,right,forward,forward_right,1
2257,19.500,24.500,0.500,0.000,H_y26.0_x-20.0_20.0_forward_right,H_y26.0_x-20.0_20.0,H_y26.0_x-20.0_20.0,right,forward,forward_right,1
2258,20.000,24.500,0.500,0.000,H_y26.0_x-20.0_20.0_forward_right,H_y26.0_x-20.0_20.0,H_y26.0_x-20.0_20.0,right,forward,forward_right,0
2259,20.000,24.500,0.500,180.000,H_y26.0_x-20.0_20.0_reverse_left,H_y26.0_x-20.0_20.0,H_y26.0_x-20.0_20.0,left,reverse,reverse_left,1
2260,19.500,24.500,0.500,180.000,H_y26.0_x-20.0_20.0_reverse_left,H_y26.0_x-20.0_20.0,H_y26.0_x-20.0_20.0,left,reverse,reverse_left,1
2261,19.000,24.500,0.500,180.000,H_y26.0_x-20.0_20.0_reverse_left,H_y26.0_x-20.0_20.0,H_y26.0_x-20.0_20.0,left,reverse,reverse_left,1
2262,18.500,24.500,0.500,180.000,H_y26.0_x-20.0_20.0_reverse_left,H_y26.0_x-20.0_20.0,H_y26.0_x-20.0_20.0,left,reverse,reverse_left,1
2263,18.000,24.500,0.500,180.000,H_y26.0_x-20.0_20.0_reverse_left,H_y26.0_x-20.0_20.0,H_y26.0_x-20.0_20.0,left,reverse,reverse_left,1
2264,17.500,24.500,0.500,180.000,H_y26.0_x-20.0_20.0_reverse_left,H_y26.0_x-20.0_20.0,H_y26.0_x-20.0_20.0,left,reverse,reverse_left,1
2265,17.000,24.500,0.500,180.000,H_y26.0_x-20.0_20.0_reverse_left,H_y26.0_x-20.0_20.0,H_y26.0_x-20.0_20.0,left,reverse,reverse_left,1
2266,16.500,24.500,0.500,180.000,H_y26.0_x-20.0_20.0_reverse_left,H_y26.0_x-20.0_20.0,H_y26.0_x-20.0_20.0,left,reverse,reverse_left,1
2267,16.000,24.500,0.500,180.000,H_y26.0_x-20.0_20.0_reverse_left,H_y26.0_x-20.0_20.0,H_y26.0_x-20.0_20.0,left,reverse,reverse_left,1
2268,15.500,24.500,0.500,180.000,H_y26.0_x-20.0_20.0_reverse_left,H_y26.0_x-20.0_20.0,H_y26.0_x-20.0_20.0,left,reverse,reverse_left,1
2269,15.000,24.500,0.500,180.000,H_y26.0_x-20.0_20.0_reverse_left,H_y26.0_x-20.0_20.0,H_y26.0_x-20.0_20.0,left,reverse,reverse_left,1
2270,14.500,24.500,0.500,180.000,H_y26.0_x-20.0_20.0_reverse_left,H_y26.0_x-20.0_20.0,H_y26.0_x-20.0_20.0,left,reverse,reverse_left,1
2271,14.000,24.500,0.500,180.000,H_y26.0_x-20.0_20.0_reverse_left,H_y26.0_x-20.0_20.0,H_y26.0_x-20.0_20.0,left,reverse,reverse_left,1
2272,13.500,24.500,0.500,180.000,H_y26.0_x-20.0_20.0_reverse_left,H_y26.0_x-20.0_20.0,H_y26.0_x-20.0_20.0,left,reverse,reverse_left,1
2273,13.000,24.500,0.500,180.000,H_y26.0_x-20.0_20.0_reverse_left,H_y26.0_x-20.0_20.0,H_y26.0_x-20.0_20.0,left,reverse,reverse_left,1
2274,12.500,24.500,0.500,180.000,H_y26.0_x-20.0_20.0_reverse_left,H_y26.0_x-20.0_20.0,H_y26.0_x-20.0_20.0,left,reverse,reverse_left,1
2275,12.000,24.500,0.500,180.000,H_y26.0_x-20.0_20.0_reverse_left,H_y26.0_x-20.0_20.0,H_y26.0_x-20.0_20.0,left,reverse,reverse_left,1
2276,11.500,24.500,0.500,180.000,H_y26.0_x-20.0_20.0_reverse_left,H_y26.0_x-20.0_20.0,H_y26.0_x-20.0_20.0,left,reverse,reverse_left,1
2277,11.000,24.500,0.500,180.000,H_y26.0_x-20.0_20.0_reverse_left,H_y26.0_x-20.0_20.0,H_y26.0_x-20.0_20.0,left,reverse,reverse_left,1
2278,10.500,24.500,0.500,180.000,H_y26.0_x-20.0_20.0_reverse_left,H_y26.0_x-20.0_20.0,H_y26.0_x-20.0_20.0,left,reverse,reverse_left,1
2279,10.000,24.500,0.500,180.000,H_y26.0_x-20.0_20.0_reverse_left,H_y26.0_x-20.0_20.0,H_y26.0_x-20.0_20.0,left,reverse,reverse_left,1
2280,9.500,24.500,0.500,180.000,H_y26.0_x-20.0_20.0_reverse_left,H_y26.0_x-20.0_20.0,H_y26.0_x-20.0_20.0,left,reverse,reverse_left,1
2281,9.000,24.500,0.500,180.000,H_y26.0_x-20.0_20.0_reverse_left,H_y26.0_x-20.0_20.0,H_y26.0_x-20.0_20.0,left,reverse,reverse_left,1
2282,8.500,24.500,0.500,180.000,H_y26.0_x-20.0_20.0_reverse_left,H_y26.0_x-20.0_20.0,H_y26.0_x-20.0_20.0,left,reverse,reverse_left,1
2283,8.000,24.500,0.500,180.000,H_y26.0_x-20.0_20.0_reverse_left,H_y26.0_x-20.0_20.0,H_y26.0_x-20.0_20.0,left,reverse,reverse_left,1
2284,7.500,24.500,0.500,180.000,H_y26.0_x-20.0_20.0_reverse_left,H_y26.0_x-20.0_20.0,H_y26.0_x-20.0_20.0,left,reverse,reverse_left,1
2285,7.000,24.500,0.500,180.000,H_y26.0_x-20.0_20.0_reverse_left,H_y26.0_x-20.0_20.0,H_y26.0_x-20.0_20.0,left,reverse,reverse_left,1
2286,6.500,24.500,0.500,180.000,H_y26.0_x-20.0_20.0_reverse_left,H_y26.0_x-20.0_20.0,H_y26.0_x-20.0_20.0,left,reverse,reverse_left,1
2287,6.000,24.500,0.500,180.000,H_y26.0_x-20.0_20.0_reverse_left,H_y26.0_x-20.0_20.0,H_y26.0_x-20.0_20.0,left,reverse,reverse_left,1
2288,5.500,24.500,0.500,180.000,H_y26.0_x-20.0_20.0_reverse_left,H_y26.0_x-20.0_20.0,H_y26.0_x-20.0_20.0,left,reverse,reverse_left,1
2289,5.000,24.500,0.500,180.000,H_y26.0_x-20.0_20.0_reverse_left,H_y26.0_x-20.0_20.0,H_y26.0_x-20.0_20.0,left,reverse,reverse_left,1
2290,4.500,24.500,0.500,180.000,H_y26.0_x-20.0_20.0_reverse_left,H_y26.0_x-20.0_20.0,H_y26.0_x-20.0_20.0,left,reverse,reverse_left,1
2291,4.000,24.500,0.500,180.000,H_y26.0_x-20.0_20.0_reverse_left,H_y26.0_x-20.0_20.0,H_y26.0_x-20.0_20.0,left,reverse,reverse_left,1
2292,3.500,24.500,0.500,180.000,H_y26.0_x-20.0_20.0_reverse_left,H_y26.0_x-20.0_20.0,H_y26.0_x-20.0_20.0,left,reverse,reverse_left,1
2293,3.000,24.500,0.500,180.000,H_y26.0_x-20.0_20.0_reverse_left,H_y26.0_x-20.0_20.0,H_y26.0_x-20.0_20.0,left,reverse,reverse_left,1
2294,2.500,24.500,0.500,180.000,H_y26.0_x-20.0_20.0_reverse_left,H_y26.0_x-20.0_20.0,H_y26.0_x-20.0_20.0,left,reverse,reverse_left,1
2295,2.000,24.500,0.500,180.000,H_y26.0_x-20.0_20.0_reverse_left,H_y26.0_x-20.0_20.0,H_y26.0_x-20.0_20.0,left,reverse,reverse_left,1
2296,1.500,24.500,0.500,180.000,H_y26.0_x-20.0_20.0_reverse_left,H_y26.0_x-20.0_20.0,H_y26.0_x-20.0_20.0,left,reverse,reverse_left,1
2297,1.000,24.500,0.500,180.000,H_y26.0_x-20.0_20.0_reverse_left,H_y26.0_x-20.0_20.0,H_y26.0_x-20.0_20.0,left,reverse,reverse_left,1
2298,0.500,24.500,0.500,180.000,H_y26.0_x-20.0_20.0_reverse_left,H_y26.0_x-20.0_20.0,H_y26.0_x-20.0_20.0,left,reverse,reverse_left,1
2299,-0.000,24.500,0.500,180.000,H_y26.0_x-20.0_20.0_reverse_left,H_y26.0_x-20.0_20.0,H_y26.0_x-20.0_20.0,left,reverse,reverse_left,1
2300,-0.500,24.500,0.500,180.000,H_y26.0_x-20.0_20.0_reverse_left,H_y26.0_x-20.0_20.0,H_y26.0_x-20.0_20.0,left,reverse,reverse_left,1
2301,-1.000,24.500,0.500,180.000,H_y26.0_x-20.0_20.0_reverse_left,H_y26.0_x-20.0_20.0,H_y26.0_x-20.0_20.0,left,reverse,reverse_left,1
2302,-1.500,24.500,0.500,180.000,H_y26.0_x-20.0_20.0_reverse_left,H_y26.0_x-20.0_20.0,H_y26.0_x-20.0_20.0,left,reverse,reverse_left,1
2303,-2.000,24.500,0.500,180.000,H_y26.0_x-20.0_20.0_reverse_left,H_y26.0_x-20.0_20.0,H_y26.0_x-20.0_20.0,left,reverse,reverse_left,1
2304,-2.500,24.500,0.500,180.000,H_y26.0_x-20.0_20.0_reverse_left,H_y26.0_x-20.0_20.0,H_y26.0_x-20.0_20.0,left,reverse,reverse_left,1
2305,-3.000,24.500,0.500,180.000,H_y26.0_x-20.0_20.0_reverse_left,H_y26.0_x-20.0_20.0,H_y26.0_x-20.0_20.0,left,reverse,reverse_left,1
2306,-3.500,24.500,0.500,180.000,H_y26.0_x-20.0_20.0_reverse_left,H_y26.0_x-20.0_20.0,H_y26.0_x-20.0_20.0,left,reverse,reverse_left,1
2307,-4.000,24.500,0.500,180.000,H_y26.0_x-20.0_20.0_reverse_left,H_y26.0_x-20.0_20.0,H_y26.0_x-20.0_20.0,left,reverse,reverse_left,1
2308,-4.500,24.500,0.500,180.000,H_y26.0_x-20.0_20.0_reverse_left,H_y26.0_x-20.0_20.0,H_y26.0_x-20.0_20.0,left,reverse,reverse_left,1
2309,-5.000,24.500,0.500,180.000,H_y26.0_x-20.0_20.0_reverse_left,H_y26.0_x-20.0_20.0,H_y26.0_x-20.0_20.0,left,reverse,reverse_left,1
2310,-5.500,24.500,0.500,180.000,H_y26.0_x-20.0_20.0_reverse_left,H_y26.0_x-20.0_20.0,H_y26.0_x-20.0_20.0,left,reverse,reverse_left,1
2311,-6.000,24.500,0.500,180.000,H_y26.0_x-20.0_20.0_reverse_left,H_y26.0_x-20.0_20.0,H_y26.0_x-20.0_20.0,left,reverse,reverse_left,1
2312,-6.500,24.500,0.500,180.000,H_y26.0_x-20.0_20.0_reverse_left,H_y26.0_x-20.0_20.0,H_y26.0_x-20.0_20.0,left,reverse,reverse_left,1
2313,-7.000,24.500,0.500,180.000,H_y26.0_x-20.0_20.0_reverse_left,H_y26.0_x-20.0_20.0,H_y26.0_x-20.0_20.0,left,reverse,reverse_left,1
2314,-7.500,24.500,0.500,180.000,H_y26.0_x-20.0_20.0_reverse_left,H_y26.0_x-20.0_20.0,H_y26.0_x-20.0_20.0,left,reverse,reverse_left,1
2315,-8.000,24.500,0.500,180.000,H_y26.0_x-20.0_20.0_reverse_left,H_y26.0_x-20.0_20.0,H_y26.0_x-20.0_20.0,left,reverse,reverse_left,1
2316,-8.500,24.500,0.500,180.000,H_y26.0_x-20.0_20.0_reverse_left,H_y26.0_x-20.0_20.0,H_y26.0_x-20.0_20.0,left,reverse,reverse_left,1
2317,-9.000,24.500,0.500,180.000,H_y26.0_x-20.0_20.0_reverse_left,H_y26.0_x-20.0_20.0,H_y26.0_x-20.0_20.0,left,reverse,reverse_left,1
2318,-9.500,24.500,0.500,180.000,H_y26.0_x-20.0_20.0_reverse_left,H_y26.0_x-20.0_20.0,H_y26.0_x-20.0_20.0,left,reverse,reverse_left,1
2319,-10.000,24.500,0.500,180.000,H_y26.0_x-20.0_20.0_reverse_left,H_y26.0_x-20.0_20.0,H_y26.0_x-20.0_20.0,left,reverse,reverse_left,1
2320,-10.500,24.500,0.500,180.000,H_y26.0_x-20.0_20.0_reverse_left,H_y26.0_x-20.0_20.0,H_y26.0_x-20.0_20.0,left,reverse,reverse_left,1
2321,-11.000,24.500,0.500,180.000,H_y26.0_x-20.0_20.0_reverse_left,H_y26.0_x-20.0_20.0,H_y26.0_x-20.0_20.0,left,reverse,reverse_left,1
2322,-11.500,24.500,0.500,180.000,H_y26.0_x-20.0_20.0_reverse_left,H_y26.0_x-20.0_20.0,H_y26.0_x-20.0_20.0,left,reverse,reverse_left,1
2323,-12.000,24.500,0.500,180.000,H_y26.0_x-20.0_20.0_reverse_left,H_y26.0_x-20.0_20.0,H_y26.0_x-20.0_20.0,left,reverse,reverse_left,1
2324,-12.500,24.500,0.500,180.000,H_y26.0_x-20.0_20.0_reverse_left,H_y26.0_x-20.0_20.0,H_y26.0_x-20.0_20.0,left,reverse,reverse_left,1
2325,-13.000,24.500,0.500,180.000,H_y26.0_x-20.0_20.0_reverse_left,H_y26.0_x-20.0_20.0,H_y26.0_x-20.0_20.0,left,reverse,reverse_left,1
2326,-13.500,24.500,0.500,180.000,H_y26.0_x-20.0_20.0_reverse_left,H_y26.0_x-20.0_20.0,H_y26.0_x-20.0_20.0,left,reverse,reverse_left,1
2327,-14.000,24.500,0.500,180.000,H_y26.0_x-20.0_20.0_reverse_left,H_y26.0_x-20.0_20.0,H_y26.0_x-20.0_20.0,left,reverse,reverse_left,1
2328,-14.500,24.500,0.500,180.000,H_y26.0_x-20.0_20.0_reverse_left,H_y26.0_x-20.0_20.0,H_y26.0_x-20.0_20.0,left,reverse,reverse_left,1
2329,-15.000,24.500,0.500,180.000,H_y26.0_x-20.0_20.0_reverse_left,H_y26.0_x-20.0_20.0,H_y26.0_x-20.0_20.0,left,reverse,reverse_left,1
2330,-15.500,24.500,0.500,180.000,H_y26.0_x-20.0_20.0_reverse_left,H_y26.0_x-20.0_20.0,H_y26.0_x-20.0_20.0,left,reverse,reverse_left,1
2331,-16.000,24.500,0.500,180.000,H_y26.0_x-20.0_20.0_reverse_left,H_y26.0_x-20.0_20.0,H_y26.0_x-20.0_20.0,left,reverse,reverse_left,1
2332,-16.500,24.500,0.500,180.000,H_y26.0_x-20.0_20.0_reverse_left,H_y26.0_x-20.0_20.0,H_y26.0_x-20.0_20.0,left,reverse,reverse_left,1
2333,-17.000,24.500,0.500,180.000,H_y26.0_x-20.0_20.0_reverse_left,H_y26.0_x-20.0_20.0,H_y26.0_x-20.0_20.0,left,reverse,reverse_left,1
2334,-17.500,24.500,0.500,180.000,H_y26.0_x-20.0_20.0_reverse_left,H_y26.0_x-20.0_20.0,H_y26.0_x-20.0_20.0,left,reverse,reverse_left,1
2335,-18.000,24.500,0.500,180.000,H_y26.0_x-20.0_20.0_reverse_left,H_y26.0_x-20.0_20.0,H_y26.0_x-20.0_20.0,left,reverse,reverse_left,1
2336,-18.500,24.500,0.500,180.000,H_y26.0_x-20.0_20.0_reverse_left,H_y26.0_x-20.0_20.0,H_y26.0_x-20.0_20.0,left,reverse,reverse_left,1
2337,-19.000,24.500,0.500,180.000,H_y26.0_x-20.0_20.0_reverse_left,H_y26.0_x-20.0_20.0,H_y26.0_x-20.0_20.0,left,reverse,reverse_left,1
2338,-19.500,24.500,0.500,180.000,H_y26.0_x-20.0_20.0_reverse_left,H_y26.0_x-20.0_20.0,H_y26.0_x-20.0_20.0,left,reverse,reverse_left,1
2339,-20.000,24.500,0.500,180.000,H_y26.0_x-20.0_20.0_reverse_left,H_y26.0_x-20.0_20.0,H_y26.0_x-20.0_20.0,left,reverse,reverse_left,0
2340,20.000,27.500,0.500,180.000,H_y26.0_x-20.0_20.0_reverse_right,H_y26.0_x-20.0_20.0,H_y26.0_x-20.0_20.0,right,reverse,reverse_right,1
2341,19.500,27.500,0.500,180.000,H_y26.0_x-20.0_20.0_reverse_right,H_y26.0_x-20.0_20.0,H_y26.0_x-20.0_20.0,right,reverse,reverse_right,1
2342,19.000,27.500,0.500,180.000,H_y26.0_x-20.0_20.0_reverse_right,H_y26.0_x-20.0_20.0,H_y26.0_x-20.0_20.0,right,reverse,reverse_right,1
2343,18.500,27.500,0.500,180.000,H_y26.0_x-20.0_20.0_reverse_right,H_y26.0_x-20.0_20.0,H_y26.0_x-20.0_20.0,right,reverse,reverse_right,1
2344,18.000,27.500,0.500,180.000,H_y26.0_x-20.0_20.0_reverse_right,H_y26.0_x-20.0_20.0,H_y26.0_x-20.0_20.0,right,reverse,reverse_right,1
2345,17.500,27.500,0.500,180.000,H_y26.0_x-20.0_20.0_reverse_right,H_y26.0_x-20.0_20.0,H_y26.0_x-20.0_20.0,right,reverse,reverse_right,1
2346,17.000,27.500,0.500,180.000,H_y26.0_x-20.0_20.0_reverse_right,H_y26.0_x-20.0_20.0,H_y26.0_x-20.0_20.0,right,reverse,reverse_right,1
2347,16.500,27.500,0.500,180.000,H_y26.0_x-20.0_20.0_reverse_right,H_y26.0_x-20.0_20.0,H_y26.0_x-20.0_20.0,right,reverse,reverse_right,1
2348,16.000,27.500,0.500,180.000,H_y26.0_x-20.0_20.0_reverse_right,H_y26.0_x-20.0_20.0,H_y26.0_x-20.0_20.0,right,reverse,reverse_right,1
2349,15.500,27.500,0.500,180.000,H_y26.0_x-20.0_20.0_reverse_right,H_y26.0_x-20.0_20.0,H_y26.0_x-20.0_20.0,right,reverse,reverse_right,1
2350,15.000,27.500,0.500,180.000,H_y26.0_x-20.0_20.0_reverse_right,H_y26.0_x-20.0_20.0,H_y26.0_x-20.0_20.0,right,reverse,reverse_right,1
2351,14.500,27.500,0.500,180.000,H_y26.0_x-20.0_20.0_reverse_right,H_y26.0_x-20.0_20.0,H_y26.0_x-20.0_20.0,right,reverse,reverse_right,1
2352,14.000,27.500,0.500,180.000,H_y26.0_x-20.0_20.0_reverse_right,H_y26.0_x-20.0_20.0,H_y26.0_x-20.0_20.0,right,reverse,reverse_right,1
2353,13.500,27.500,0.500,180.000,H_y26.0_x-20.0_20.0_reverse_right,H_y26.0_x-20.0_20.0,H_y26.0_x-20.0_20.0,right,reverse,reverse_right,1
2354,13.000,27.500,0.500,180.000,H_y26.0_x-20.0_20.0_reverse_right,H_y26.0_x-20.0_20.0,H_y26.0_x-20.0_20.0,right,reverse,reverse_right,1
2355,12.500,27.500,0.500,180.000,H_y26.0_x-20.0_20.0_reverse_right,H_y26.0_x-20.0_20.0,H_y26.0_x-20.0_20.0,right,reverse,reverse_right,1
2356,12.000,27.500,0.500,180.000,H_y26.0_x-20.0_20.0_reverse_right,H_y26.0_x-20.0_20.0,H_y26.0_x-20.0_20.0,right,reverse,reverse_right,1
2357,11.500,27.500,0.500,180.000,H_y26.0_x-20.0_20.0_reverse_right,H_y26.0_x-20.0_20.0,H_y26.0_x-20.0_20.0,right,reverse,reverse_right,1
2358,11.000,27.500,0.500,180.000,H_y26.0_x-20.0_20.0_reverse_right,H_y26.0_x-20.0_20.0,H_y26.0_x-20.0_20.0,right,reverse,reverse_right,1
2359,10.500,27.500,0.500,180.000,H_y26.0_x-20.0_20.0_reverse_right,H_y26.0_x-20.0_20.0,H_y26.0_x-20.0_20.0,right,reverse,reverse_right,1
2360,10.000,27.500,0.500,180.000,H_y26.0_x-20.0_20.0_reverse_right,H_y26.0_x-20.0_20.0,H_y26.0_x-20.0_20.0,right,reverse,reverse_right,1
2361,9.500,27.500,0.500,180.000,H_y26.0_x-20.0_20.0_reverse_right,H_y26.0_x-20.0_20.0,H_y26.0_x-20.0_20.0,right,reverse,reverse_right,1
2362,9.000,27.500,0.500,180.000,H_y26.0_x-20.0_20.0_reverse_right,H_y26.0_x-20.0_20.0,H_y26.0_x-20.0_20.0,right,reverse,reverse_right,1
2363,8.500,27.500,0.500,180.000,H_y26.0_x-20.0_20.0_reverse_right,H_y26.0_x-20.0_20.0,H_y26.0_x-20.0_20.0,right,reverse,reverse_right,1
2364,8.000,27.500,0.500,180.000,H_y26.0_x-20.0_20.0_reverse_right,H_y26.0_x-20.0_20.0,H_y26.0_x-20.0_20.0,right,reverse,reverse_right,1
2365,7.500,27.500,0.500,180.000,H_y26.0_x-20.0_20.0_reverse_right,H_y26.0_x-20.0_20.0,H_y26.0_x-20.0_20.0,right,reverse,reverse_right,1
2366,7.000,27.500,0.500,180.000,H_y26.0_x-20.0_20.0_reverse_right,H_y26.0_x-20.0_20.0,H_y26.0_x-20.0_20.0,right,reverse,reverse_right,1
2367,6.500,27.500,0.500,180.000,H_y26.0_x-20.0_20.0_reverse_right,H_y26.0_x-20.0_20.0,H_y26.0_x-20.0_20.0,right,reverse,reverse_right,1
2368,6.000,27.500,0.500,180.000,H_y26.0_x-20.0_20.0_reverse_right,H_y26.0_x-20.0_20.0,H_y26.0_x-20.0_20.0,right,reverse,reverse_right,1
2369,5.500,27.500,0.500,180.000,H_y26.0_x-20.0_20.0_reverse_right,H_y26.0_x-20.0_20.0,H_y26.0_x-20.0_20.0,right,reverse,reverse_right,1
2370,5.000,27.500,0.500,180.000,H_y26.0_x-20.0_20.0_reverse_right,H_y26.0_x-20.0_20.0,H_y26.0_x-20.0_20.0,right,reverse,reverse_right,1
2371,4.500,27.500,0.500,180.000,H_y26.0_x-20.0_20.0_reverse_right,H_y26.0_x-20.0_20.0,H_y26.0_x-20.0_20.0,right,reverse,reverse_right,1
2372,4.000,27.500,0.500,180.000,H_y26.0_x-20.0_20.0_reverse_right,H_y26.0_x-20.0_20.0,H_y26.0_x-20.0_20.0,right,reverse,reverse_right,1
2373,3.500,27.500,0.500,180.000,H_y26.0_x-20.0_20.0_reverse_right,H_y26.0_x-20.0_20.0,H_y26.0_x-20.0_20.0,right,reverse,reverse_right,1
2374,3.000,27.500,0.500,180.000,H_y26.0_x-20.0_20.0_reverse_right,H_y26.0_x-20.0_20.0,H_y26.0_x-20.0_20.0,right,reverse,reverse_right,1
2375,2.500,27.500,0.500,180.000,H_y26.0_x-20.0_20.0_reverse_right,H_y26.0_x-20.0_20.0,H_y26.0_x-20.0_20.0,right,reverse,reverse_right,1
2376,2.000,27.500,0.500,180.000,H_y26.0_x-20.0_20.0_reverse_right,H_y26.0_x-20.0_20.0,H_y26.0_x-20.0_20.0,right,reverse,reverse_right,1
2377,1.500,27.500,0.500,180.000,H_y26.0_x-20.0_20.0_reverse_right,H_y26.0_x-20.0_20.0,H_y26.0_x-20.0_20.0,right,reverse,reverse_right,1
2378,1.000,27.500,0.500,180.000,H_y26.0_x-20.0_20.0_reverse_right,H_y26.0_x-20.0_20.0,H_y26.0_x-20.0_20.0,right,reverse,reverse_right,1
2379,0.500,27.500,0.500,180.000,H_y26.0_x-20.0_20.0_reverse_right,H_y26.0_x-20.0_20.0,H_y26.0_x-20.0_20.0,right,reverse,reverse_right,1
2380,0.000,27.500,0.500,180.000,H_y26.0_x-20.0_20.0_reverse_right,H_y26.0_x-20.0_20.0,H_y26.0_x-20.0_20.0,right,reverse,reverse_right,1
2381,-0.500,27.500,0.500,180.000,H_y26.0_x-20.0_20.0_reverse_right,H_y26.0_x-20.0_20.0,H_y26.0_x-20.0_20.0,right,reverse,reverse_right,1
2382,-1.000,27.500,0.500,180.000,H_y26.0_x-20.0_20.0_reverse_right,H_y26.0_x-20.0_20.0,H_y26.0_x-20.0_20.0,right,reverse,reverse_right,1
2383,-1.500,27.500,0.500,180.000,H_y26.0_x-20.0_20.0_reverse_right,H_y26.0_x-20.0_20.0,H_y26.0_x-20.0_20.0,right,reverse,reverse_right,1
2384,-2.000,27.500,0.500,180.000,H_y26.0_x-20.0_20.0_reverse_right,H_y26.0_x-20.0_20.0,H_y26.0_x-20.0_20.0,right,reverse,reverse_right,1
2385,-2.500,27.500,0.500,180.000,H_y26.0_x-20.0_20.0_reverse_right,H_y26.0_x-20.0_20.0,H_y26.0_x-20.0_20.0,right,reverse,reverse_right,1
2386,-3.000,27.500,0.500,180.000,H_y26.0_x-20.0_20.0_reverse_right,H_y26.0_x-20.0_20.0,H_y26.0_x-20.0_20.0,right,reverse,reverse_right,1
2387,-3.500,27.500,0.500,180.000,H_y26.0_x-20.0_20.0_reverse_right,H_y26.0_x-20.0_20.0,H_y26.0_x-20.0_20.0,right,reverse,reverse_right,1
2388,-4.000,27.500,0.500,180.000,H_y26.0_x-20.0_20.0_reverse_right,H_y26.0_x-20.0_20.0,H_y26.0_x-20.0_20.0,right,reverse,reverse_right,1
2389,-4.500,27.500,0.500,180.000,H_y26.0_x-20.0_20.0_reverse_right,H_y26.0_x-20.0_20.0,H_y26.0_x-20.0_20.0,right,reverse,reverse_right,1
2390,-5.000,27.500,0.500,180.000,H_y26.0_x-20.0_20.0_reverse_right,H_y26.0_x-20.0_20.0,H_y26.0_x-20.0_20.0,right,reverse,reverse_right,1
2391,-5.500,27.500,0.500,180.000,H_y26.0_x-20.0_20.0_reverse_right,H_y26.0_x-20.0_20.0,H_y26.0_x-20.0_20.0,right,reverse,reverse_right,1
2392,-6.000,27.500,0.500,180.000,H_y26.0_x-20.0_20.0_reverse_right,H_y26.0_x-20.0_20.0,H_y26.0_x-20.0_20.0,right,reverse,reverse_right,1
2393,-6.500,27.500,0.500,180.000,H_y26.0_x-20.0_20.0_reverse_right,H_y26.0_x-20.0_20.0,H_y26.0_x-20.0_20.0,right,reverse,reverse_right,1
2394,-7.000,27.500,0.500,180.000,H_y26.0_x-20.0_20.0_reverse_right,H_y26.0_x-20.0_20.0,H_y26.0_x-20.0_20.0,right,reverse,reverse_right,1
2395,-7.500,27.500,0.500,180.000,H_y26.0_x-20.0_20.0_reverse_right,H_y26.0_x-20.0_20.0,H_y26.0_x-20.0_20.0,right,reverse,reverse_right,1
2396,-8.000,27.500,0.500,180.000,H_y26.0_x-20.0_20.0_reverse_right,H_y26.0_x-20.0_20.0,H_y26.0_x-20.0_20.0,right,reverse,reverse_right,1
2397,-8.500,27.500,0.500,180.000,H_y26.0_x-20.0_20.0_reverse_right,H_y26.0_x-20.0_20.0,H_y26.0_x-20.0_20.0,right,reverse,reverse_right,1
2398,-9.000,27.500,0.500,180.000,H_y26.0_x-20.0_20.0_reverse_right,H_y26.0_x-20.0_20.0,H_y26.0_x-20.0_20.0,right,reverse,reverse_right,1
2399,-9.500,27.500,0.500,180.000,H_y26.0_x-20.0_20.0_reverse_right,H_y26.0_x-20.0_20.0,H_y26.0_x-20.0_20.0,right,reverse,reverse_right,1
2400,-10.000,27.500,0.500,180.000,H_y26.0_x-20.0_20.0_reverse_right,H_y26.0_x-20.0_20.0,H_y26.0_x-20.0_20.0,right,reverse,reverse_right,1
2401,-10.500,27.500,0.500,180.000,H_y26.0_x-20.0_20.0_reverse_right,H_y26.0_x-20.0_20.0,H_y26.0_x-20.0_20.0,right,reverse,reverse_right,1
2402,-11.000,27.500,0.500,180.000,H_y26.0_x-20.0_20.0_reverse_right,H_y26.0_x-20.0_20.0,H_y26.0_x-20.0_20.0,right,reverse,reverse_right,1
2403,-11.500,27.500,0.500,180.000,H_y26.0_x-20.0_20.0_reverse_right,H_y26.0_x-20.0_20.0,H_y26.0_x-20.0_20.0,right,reverse,reverse_right,1
2404,-12.000,27.500,0.500,180.000,H_y26.0_x-20.0_20.0_reverse_right,H_y26.0_x-20.0_20.0,H_y26.0_x-20.0_20.0,right,reverse,reverse_right,1
2405,-12.500,27.500,0.500,180.000,H_y26.0_x-20.0_20.0_reverse_right,H_y26.0_x-20.0_20.0,H_y26.0_x-20.0_20.0,right,reverse,reverse_right,1
2406,-13.000,27.500,0.500,180.000,H_y26.0_x-20.0_20.0_reverse_right,H_y26.0_x-20.0_20.0,H_y26.0_x-20.0_20.0,right,reverse,reverse_right,1
2407,-13.500,27.500,0.500,180.000,H_y26.0_x-20.0_20.0_reverse_right,H_y26.0_x-20.0_20.0,H_y26.0_x-20.0_20.0,right,reverse,reverse_right,1
2408,-14.000,27.500,0.500,180.000,H_y26.0_x-20.0_20.0_reverse_right,H_y26.0_x-20.0_20.0,H_y26.0_x-20.0_20.0,right,reverse,reverse_right,1
2409,-14.500,27.500,0.500,180.000,H_y26.0_x-20.0_20.0_reverse_right,H_y26.0_x-20.0_20.0,H_y26.0_x-20.0_20.0,right,reverse,reverse_right,1
2410,-15.000,27.500,0.500,180.000,H_y26.0_x-20.0_20.0_reverse_right,H_y26.0_x-20.0_20.0,H_y26.0_x-20.0_20.0,right,reverse,reverse_right,1
2411,-15.500,27.500,0.500,180.000,H_y26.0_x-20.0_20.0_reverse_right,H_y26.0_x-20.0_20.0,H_y26.0_x-20.0_20.0,right,reverse,reverse_right,1
2412,-16.000,27.500,0.500,180.000,H_y26.0_x-20.0_20.0_reverse_right,H_y26.0_x-20.0_20.0,H_y26.0_x-20.0_20.0,right,reverse,reverse_right,1
2413,-16.500,27.500,0.500,180.000,H_y26.0_x-20.0_20.0_reverse_right,H_y26.0_x-20.0_20.0,H_y26.0_x-20.0_20.0,right,reverse,reverse_right,1
2414,-17.000,27.500,0.500,180.000,H_y26.0_x-20.0_20.0_reverse_right,H_y26.0_x-20.0_20.0,H_y26.0_x-20.0_20.0,right,reverse,reverse_right,1
2415,-17.500,27.500,0.500,180.000,H_y26.0_x-20.0_20.0_reverse_right,H_y26.0_x-20.0_20.0,H_y26.0_x-20.0_20.0,right,reverse,reverse_right,1
2416,-18.000,27.500,0.500,180.000,H_y26.0_x-20.0_20.0_reverse_right,H_y26.0_x-20.0_20.0,H_y26.0_x-20.0_20.0,right,reverse,reverse_right,1
2417,-18.500,27.500,0.500,180.000,H_y26.0_x-20.0_20.0_reverse_right,H_y26.0_x-20.0_20.0,H_y26.0_x-20.0_20.0,right,reverse,reverse_right,1
2418,-19.000,27.500,0.500,180.000,H_y26.0_x-20.0_20.0_reverse_right,H_y26.0_x-20.0_20.0,H_y26.0_x-20.0_20.0,right,reverse,reverse_right,1
2419,-19.500,27.500,0.500,180.000,H_y26.0_x-20.0_20.0_reverse_right,H_y26.0_x-20.0_20.0,H_y26.0_x-20.0_20.0,right,reverse,reverse_right,1
2420,-20.000,27.500,0.500,180.000,H_y26.0_x-20.0_20.0_reverse_right,H_y26.0_x-20.0_20.0,H_y26.0_x-20.0_20.0,right,reverse,reverse_right,0
2421,-21.500,-3.000,0.500,90.000,V_x-20.0_y-3.0_26.0_forward_left,V_x-20.0_y-3.0_26.0,V_x-20.0_y-3.0_26.0,left,forward,forward_left,1
2422,-21.500,-2.500,0.500,90.000,V_x-20.0_y-3.0_26.0_forward_left,V_x-20.0_y-3.0_26.0,V_x-20.0_y-3.0_26.0,left,forward,forward_left,1
2423,-21.500,-2.000,0.500,90.000,V_x-20.0_y-3.0_26.0_forward_left,V_x-20.0_y-3.0_26.0,V_x-20.0_y-3.0_26.0,left,forward,forward_left,1
2424,-21.500,-1.500,0.500,90.000,V_x-20.0_y-3.0_26.0_forward_left,V_x-20.0_y-3.0_26.0,V_x-20.0_y-3.0_26.0,left,forward,forward_left,1
2425,-21.500,-1.000,0.500,90.000,V_x-20.0_y-3.0_26.0_forward_left,V_x-20.0_y-3.0_26.0,V_x-20.0_y-3.0_26.0,left,forward,forward_left,1
2426,-21.500,-0.500,0.500,90.000,V_x-20.0_y-3.0_26.0_forward_left,V_x-20.0_y-3.0_26.0,V_x-20.0_y-3.0_26.0,left,forward,forward_left,1
2427,-21.500,0.000,0.500,90.000,V_x-20.0_y-3.0_26.0_forward_left,V_x-20.0_y-3.0_26.0,V_x-20.0_y-3.0_26.0,left,forward,forward_left,1
2428,-21.500,0.500,0.500,90.000,V_x-20.0_y-3.0_26.0_forward_left,V_x-20.0_y-3.0_26.0,V_x-20.0_y-3.0_26.0,left,forward,forward_left,1
2429,-21.500,1.000,0.500,90.000,V_x-20.0_y-3.0_26.0_forward_left,V_x-20.0_y-3.0_26.0,V_x-20.0_y-3.0_26.0,left,forward,forward_left,1
2430,-21.500,1.500,0.500,90.000,V_x-20.0_y-3.0_26.0_forward_left,V_x-20.0_y-3.0_26.0,V_x-20.0_y-3.0_26.0,left,forward,forward_left,1
2431,-21.500,2.000,0.500,90.000,V_x-20.0_y-3.0_26.0_forward_left,V_x-20.0_y-3.0_26.0,V_x-20.0_y-3.0_26.0,left,forward,forward_left,1
2432,-21.500,2.500,0.500,90.000,V_x-20.0_y-3.0_26.0_forward_left,V_x-20.0_y-3.0_26.0,V_x-20.0_y-3.0_26.0,left,forward,forward_left,1
2433,-21.500,3.000,0.500,90.000,V_x-20.0_y-3.0_26.0_forward_left,V_x-20.0_y-3.0_26.0,V_x-20.0_y-3.0_26.0,left,forward,forward_left,1
2434,-21.500,3.500,0.500,90.000,V_x-20.0_y-3.0_26.0_forward_left,V_x-20.0_y-3.0_26.0,V_x-20.0_y-3.0_26.0,left,forward,forward_left,1
2435,-21.500,4.000,0.500,90.000,V_x-20.0_y-3.0_26.0_forward_left,V_x-20.0_y-3.0_26.0,V_x-20.0_y-3.0_26.0,left,forward,forward_left,1
2436,-21.500,4.500,0.500,90.000,V_x-20.0_y-3.0_26.0_forward_left,V_x-20.0_y-3.0_26.0,V_x-20.0_y-3.0_26.0,left,forward,forward_left,1
2437,-21.500,5.000,0.500,90.000,V_x-20.0_y-3.0_26.0_forward_left,V_x-20.0_y-3.0_26.0,V_x-20.0_y-3.0_26.0,left,forward,forward_left,1
2438,-21.500,5.500,0.500,90.000,V_x-20.0_y-3.0_26.0_forward_left,V_x-20.0_y-3.0_26.0,V_x-20.0_y-3.0_26.0,left,forward,forward_left,1
2439,-21.500,6.000,0.500,90.000,V_x-20.0_y-3.0_26.0_forward_left,V_x-20.0_y-3.0_26.0,V_x-20.0_y-3.0_26.0,left,forward,forward_left,1
2440,-21.500,6.500,0.500,90.000,V_x-20.0_y-3.0_26.0_forward_left,V_x-20.0_y-3.0_26.0,V_x-20.0_y-3.0_26.0,left,forward,forward_left,1
2441,-21.500,7.000,0.500,90.000,V_x-20.0_y-3.0_26.0_forward_left,V_x-20.0_y-3.0_26.0,V_x-20.0_y-3.0_26.0,left,forward,forward_left,1
2442,-21.500,7.500,0.500,90.000,V_x-20.0_y-3.0_26.0_forward_left,V_x-20.0_y-3.0_26.0,V_x-20.0_y-3.0_26.0,left,forward,forward_left,1
2443,-21.500,8.000,0.500,90.000,V_x-20.0_y-3.0_26.0_forward_left,V_x-20.0_y-3.0_26.0,V_x-20.0_y-3.0_26.0,left,forward,forward_left,1
2444,-21.500,8.500,0.500,90.000,V_x-20.0_y-3.0_26.0_forward_left,V_x-20.0_y-3.0_26.0,V_x-20.0_y-3.0_26.0,left,forward,forward_left,1
2445,-21.500,9.000,0.500,90.000,V_x-20.0_y-3.0_26.0_forward_left,V_x-20.0_y-3.0_26.0,V_x-20.0_y-3.0_26.0,left,forward,forward_left,1
2446,-21.500,9.500,0.500,90.000,V_x-20.0_y-3.0_26.0_forward_left,V_x-20.0_y-3.0_26.0,V_x-20.0_y-3.0_26.0,left,forward,forward_left,1
2447,-21.500,10.000,0.500,90.000,V_x-20.0_y-3.0_26.0_forward_left,V_x-20.0_y-3.0_26.0,V_x-20.0_y-3.0_26.0,left,forward,forward_left,1
2448,-21.500,10.500,0.500,90.000,V_x-20.0_y-3.0_26.0_forward_left,V_x-20.0_y-3.0_26.0,V_x-20.0_y-3.0_26.0,left,forward,forward_left,1
2449,-21.500,11.000,0.500,90.000,V_x-20.0_y-3.0_26.0_forward_left,V_x-20.0_y-3.0_26.0,V_x-20.0_y-3.0_26.0,left,forward,forward_left,1
2450,-21.500,11.500,0.500,90.000,V_x-20.0_y-3.0_26.0_forward_left,V_x-20.0_y-3.0_26.0,V_x-20.0_y-3.0_26.0,left,forward,forward_left,1
2451,-21.500,12.000,0.500,90.000,V_x-20.0_y-3.0_26.0_forward_left,V_x-20.0_y-3.0_26.0,V_x-20.0_y-3.0_26.0,left,forward,forward_left,1
2452,-21.500,12.500,0.500,90.000,V_x-20.0_y-3.0_26.0_forward_left,V_x-20.0_y-3.0_26.0,V_x-20.0_y-3.0_26.0,left,forward,forward_left,1
2453,-21.500,13.000,0.500,90.000,V_x-20.0_y-3.0_26.0_forward_left,V_x-20.0_y-3.0_26.0,V_x-20.0_y-3.0_26.0,left,forward,forward_left,1
2454,-21.500,13.500,0.500,90.000,V_x-20.0_y-3.0_26.0_forward_left,V_x-20.0_y-3.0_26.0,V_x-20.0_y-3.0_26.0,left,forward,forward_left,1
2455,-21.500,14.000,0.500,90.000,V_x-20.0_y-3.0_26.0_forward_left,V_x-20.0_y-3.0_26.0,V_x-20.0_y-3.0_26.0,left,forward,forward_left,1
2456,-21.500,14.500,0.500,90.000,V_x-20.0_y-3.0_26.0_forward_left,V_x-20.0_y-3.0_26.0,V_x-20.0_y-3.0_26.0,left,forward,forward_left,1
2457,-21.500,15.000,0.500,90.000,V_x-20.0_y-3.0_26.0_forward_left,V_x-20.0_y-3.0_26.0,V_x-20.0_y-3.0_26.0,left,forward,forward_left,1
2458,-21.500,15.500,0.500,90.000,V_x-20.0_y-3.0_26.0_forward_left,V_x-20.0_y-3.0_26.0,V_x-20.0_y-3.0_26.0,left,forward,forward_left,1
2459,-21.500,16.000,0.500,90.000,V_x-20.0_y-3.0_26.0_forward_left,V_x-20.0_y-3.0_26.0,V_x-20.0_y-3.0_26.0,left,forward,forward_left,1
2460,-21.500,16.500,0.500,90.000,V_x-20.0_y-3.0_26.0_forward_left,V_x-20.0_y-3.0_26.0,V_x-20.0_y-3.0_26.0,left,forward,forward_left,1
2461,-21.500,17.000,0.500,90.000,V_x-20.0_y-3.0_26.0_forward_left,V_x-20.0_y-3.0_26.0,V_x-20.0_y-3.0_26.0,left,forward,forward_left,1
2462,-21.500,17.500,0.500,90.000,V_x-20.0_y-3.0_26.0_forward_left,V_x-20.0_y-3.0_26.0,V_x-20.0_y-3.0_26.0,left,forward,forward_left,1
2463,-21.500,18.000,0.500,90.000,V_x-20.0_y-3.0_26.0_forward_left,V_x-20.0_y-3.0_26.0,V_x-20.0_y-3.0_26.0,left,forward,forward_left,1
2464,-21.500,18.500,0.500,90.000,V_x-20.0_y-3.0_26.0_forward_left,V_x-20.0_y-3.0_26.0,V_x-20.0_y-3.0_26.0,left,forward,forward_left,1
2465,-21.500,19.000,0.500,90.000,V_x-20.0_y-3.0_26.0_forward_left,V_x-20.0_y-3.0_26.0,V_x-20.0_y-3.0_26.0,left,forward,forward_left,1
2466,-21.500,19.500,0.500,90.000,V_x-20.0_y-3.0_26.0_forward_left,V_x-20.0_y-3.0_26.0,V_x-20.0_y-3.0_26.0,left,forward,forward_left,1
2467,-21.500,20.000,0.500,90.000,V_x-20.0_y-3.0_26.0_forward_left,V_x-20.0_y-3.0_26.0,V_x-20.0_y-3.0_26.0,left,forward,forward_left,1
2468,-21.500,20.500,0.500,90.000,V_x-20.0_y-3.0_26.0_forward_left,V_x-20.0_y-3.0_26.0,V_x-20.0_y-3.0_26.0,left,forward,forward_left,1
2469,-21.500,21.000,0.500,90.000,V_x-20.0_y-3.0_26.0_forward_left,V_x-20.0_y-3.0_26.0,V_x-20.0_y-3.0_26.0,left,forward,forward_left,1
2470,-21.500,21.500,0.500,90.000,V_x-20.0_y-3.0_26.0_forward_left,V_x-20.0_y-3.0_26.0,V_x-20.0_y-3.0_26.0,left,forward,forward_left,1
2471,-21.500,22.000,0.500,90.000,V_x-20.0_y-3.0_26.0_forward_left,V_x-20.0_y-3.0_26.0,V_x-20.0_y-3.0_26.0,left,forward,forward_left,1
2472,-21.500,22.500,0.500,90.000,V_x-20.0_y-3.0_26.0_forward_left,V_x-20.0_y-3.0_26.0,V_x-20.0_y-3.0_26.0,left,forward,forward_left,1
2473,-21.500,23.000,0.500,90.000,V_x-20.0_y-3.0_26.0_forward_left,V_x-20.0_y-3.0_26.0,V_x-20.0_y-3.0_26.0,left,forward,forward_left,1
2474,-21.500,23.500,0.500,90.000,V_x-20.0_y-3.0_26.0_forward_left,V_x-20.0_y-3.0_26.0,V_x-20.0_y-3.0_26.0,left,forward,forward_left,1
2475,-21.500,24.000,0.500,90.000,V_x-20.0_y-3.0_26.0_forward_left,V_x-20.0_y-3.0_26.0,V_x-20.0_y-3.0_26.0,left,forward,forward_left,1
2476,-21.500,24.500,0.500,90.000,V_x-20.0_y-3.0_26.0_forward_left,V_x-20.0_y-3.0_26.0,V_x-20.0_y-3.0_26.0,left,forward,forward_left,1
2477,-21.500,25.000,0.500,90.000,V_x-20.0_y-3.0_26.0_forward_left,V_x-20.0_y-3.0_26.0,V_x-20.0_y-3.0_26.0,left,forward,forward_left,1
2478,-21.500,25.500,0.500,90.000,V_x-20.0_y-3.0_26.0_forward_left,V_x-20.0_y-3.0_26.0,V_x-20.0_y-3.0_26.0,left,forward,forward_left,1
2479,-21.500,26.000,0.500,90.000,V_x-20.0_y-3.0_26.0_forward_left,V_x-20.0_y-3.0_26.0,V_x-20.0_y-3.0_26.0,left,forward,forward_left,0
2480,-18.500,-3.000,0.500,90.000,V_x-20.0_y-3.0_26.0_forward_right,V_x-20.0_y-3.0_26.0,V_x-20.0_y-3.0_26.0,right,forward,forward_right,1
2481,-18.500,-2.500,0.500,90.000,V_x-20.0_y-3.0_26.0_forward_right,V_x-20.0_y-3.0_26.0,V_x-20.0_y-3.0_26.0,right,forward,forward_right,1
2482,-18.500,-2.000,0.500,90.000,V_x-20.0_y-3.0_26.0_forward_right,V_x-20.0_y-3.0_26.0,V_x-20.0_y-3.0_26.0,right,forward,forward_right,1
2483,-18.500,-1.500,0.500,90.000,V_x-20.0_y-3.0_26.0_forward_right,V_x-20.0_y-3.0_26.0,V_x-20.0_y-3.0_26.0,right,forward,forward_right,1
2484,-18.500,-1.000,0.500,90.000,V_x-20.0_y-3.0_26.0_forward_right,V_x-20.0_y-3.0_26.0,V_x-20.0_y-3.0_26.0,right,forward,forward_right,1
2485,-18.500,-0.500,0.500,90.000,V_x-20.0_y-3.0_26.0_forward_right,V_x-20.0_y-3.0_26.0,V_x-20.0_y-3.0_26.0,right,forward,forward_right,1
2486,-18.500,-0.000,0.500,90.000,V_x-20.0_y-3.0_26.0_forward_right,V_x-20.0_y-3.0_26.0,V_x-20.0_y-3.0_26.0,right,forward,forward_right,1
2487,-18.500,0.500,0.500,90.000,V_x-20.0_y-3.0_26.0_forward_right,V_x-20.0_y-3.0_26.0,V_x-20.0_y-3.0_26.0,right,forward,forward_right,1
2488,-18.500,1.000,0.500,90.000,V_x-20.0_y-3.0_26.0_forward_right,V_x-20.0_y-3.0_26.0,V_x-20.0_y-3.0_26.0,right,forward,forward_right,1
2489,-18.500,1.500,0.500,90.000,V_x-20.0_y-3.0_26.0_forward_right,V_x-20.0_y-3.0_26.0,V_x-20.0_y-3.0_26.0,right,forward,forward_right,1
2490,-18.500,2.000,0.500,90.000,V_x-20.0_y-3.0_26.0_forward_right,V_x-20.0_y-3.0_26.0,V_x-20.0_y-3.0_26.0,right,forward,forward_right,1
2491,-18.500,2.500,0.500,90.000,V_x-20.0_y-3.0_26.0_forward_right,V_x-20.0_y-3.0_26.0,V_x-20.0_y-3.0_26.0,right,forward,forward_right,1
2492,-18.500,3.000,0.500,90.000,V_x-20.0_y-3.0_26.0_forward_right,V_x-20.0_y-3.0_26.0,V_x-20.0_y-3.0_26.0,right,forward,forward_right,1
2493,-18.500,3.500,0.500,90.000,V_x-20.0_y-3.0_26.0_forward_right,V_x-20.0_y-3.0_26.0,V_x-20.0_y-3.0_26.0,right,forward,forward_right,1
2494,-18.500,4.000,0.500,90.000,V_x-20.0_y-3.0_26.0_forward_right,V_x-20.0_y-3.0_26.0,V_x-20.0_y-3.0_26.0,right,forward,forward_right,1
2495,-18.500,4.500,0.500,90.000,V_x-20.0_y-3.0_26.0_forward_right,V_x-20.0_y-3.0_26.0,V_x-20.0_y-3.0_26.0,right,forward,forward_right,1
2496,-18.500,5.000,0.500,90.000,V_x-20.0_y-3.0_26.0_forward_right,V_x-20.0_y-3.0_26.0,V_x-20.0_y-3.0_26.0,right,forward,forward_right,1
2497,-18.500,5.500,0.500,90.000,V_x-20.0_y-3.0_26.0_forward_right,V_x-20.0_y-3.0_26.0,V_x-20.0_y-3.0_26.0,right,forward,forward_right,1
2498,-18.500,6.000,0.500,90.000,V_x-20.0_y-3.0_26.0_forward_right,V_x-20.0_y-3.0_26.0,V_x-20.0_y-3.0_26.0,right,forward,forward_right,1
2499,-18.500,6.500,0.500,90.000,V_x-20.0_y-3.0_26.0_forward_right,V_x-20.0_y-3.0_26.0,V_x-20.0_y-3.0_26.0,right,forward,forward_right,1
2500,-18.500,7.000,0.500,90.000,V_x-20.0_y-3.0_26.0_forward_right,V_x-20.0_y-3.0_26.0,V_x-20.0_y-3.0_26.0,right,forward,forward_right,1
2501,-18.500,7.500,0.500,90.000,V_x-20.0_y-3.0_26.0_forward_right,V_x-20.0_y-3.0_26.0,V_x-20.0_y-3.0_26.0,right,forward,forward_right,1
2502,-18.500,8.000,0.500,90.000,V_x-20.0_y-3.0_26.0_forward_right,V_x-20.0_y-3.0_26.0,V_x-20.0_y-3.0_26.0,right,forward,forward_right,1
2503,-18.500,8.500,0.500,90.000,V_x-20.0_y-3.0_26.0_forward_right,V_x-20.0_y-3.0_26.0,V_x-20.0_y-3.0_26.0,right,forward,forward_right,1
2504,-18.500,9.000,0.500,90.000,V_x-20.0_y-3.0_26.0_forward_right,V_x-20.0_y-3.0_26.0,V_x-20.0_y-3.0_26.0,right,forward,forward_right,1
2505,-18.500,9.500,0.500,90.000,V_x-20.0_y-3.0_26.0_forward_right,V_x-20.0_y-3.0_26.0,V_x-20.0_y-3.0_26.0,right,forward,forward_right,1
2506,-18.500,10.000,0.500,90.000,V_x-20.0_y-3.0_26.0_forward_right,V_x-20.0_y-3.0_26.0,V_x-20.0_y-3.0_26.0,right,forward,forward_right,1
2507,-18.500,10.500,0.500,90.000,V_x-20.0_y-3.0_26.0_forward_right,V_x-20.0_y-3.0_26.0,V_x-20.0_y-3.0_26.0,right,forward,forward_right,1
2508,-18.500,11.000,0.500,90.000,V_x-20.0_y-3.0_26.0_forward_right,V_x-20.0_y-3.0_26.0,V_x-20.0_y-3.0_26.0,right,forward,forward_right,1
2509,-18.500,11.500,0.500,90.000,V_x-20.0_y-3.0_26.0_forward_right,V_x-20.0_y-3.0_26.0,V_x-20.0_y-3.0_26.0,right,forward,forward_right,1
2510,-18.500,12.000,0.500,90.000,V_x-20.0_y-3.0_26.0_forward_right,V_x-20.0_y-3.0_26.0,V_x-20.0_y-3.0_26.0,right,forward,forward_right,1
2511,-18.500,12.500,0.500,90.000,V_x-20.0_y-3.0_26.0_forward_right,V_x-20.0_y-3.0_26.0,V_x-20.0_y-3.0_26.0,right,forward,forward_right,1
2512,-18.500,13.000,0.500,90.000,V_x-20.0_y-3.0_26.0_forward_right,V_x-20.0_y-3.0_26.0,V_x-20.0_y-3.0_26.0,right,forward,forward_right,1
2513,-18.500,13.500,0.500,90.000,V_x-20.0_y-3.0_26.0_forward_right,V_x-20.0_y-3.0_26.0,V_x-20.0_y-3.0_26.0,right,forward,forward_right,1
2514,-18.500,14.000,0.500,90.000,V_x-20.0_y-3.0_26.0_forward_right,V_x-20.0_y-3.0_26.0,V_x-20.0_y-3.0_26.0,right,forward,forward_right,1
2515,-18.500,14.500,0.500,90.000,V_x-20.0_y-3.0_26.0_forward_right,V_x-20.0_y-3.0_26.0,V_x-20.0_y-3.0_26.0,right,forward,forward_right,1
2516,-18.500,15.000,0.500,90.000,V_x-20.0_y-3.0_26.0_forward_right,V_x-20.0_y-3.0_26.0,V_x-20.0_y-3.0_26.0,right,forward,forward_right,1
2517,-18.500,15.500,0.500,90.000,V_x-20.0_y-3.0_26.0_forward_right,V_x-20.0_y-3.0_26.0,V_x-20.0_y-3.0_26.0,right,forward,forward_right,1
2518,-18.500,16.000,0.500,90.000,V_x-20.0_y-3.0_26.0_forward_right,V_x-20.0_y-3.0_26.0,V_x-20.0_y-3.0_26.0,right,forward,forward_right,1
2519,-18.500,16.500,0.500,90.000,V_x-20.0_y-3.0_26.0_forward_right,V_x-20.0_y-3.0_26.0,V_x-20.0_y-3.0_26.0,right,forward,forward_right,1
2520,-18.500,17.000,0.500,90.000,V_x-20.0_y-3.0_26.0_forward_right,V_x-20.0_y-3.0_26.0,V_x-20.0_y-3.0_26.0,right,forward,forward_right,1
2521,-18.500,17.500,0.500,90.000,V_x-20.0_y-3.0_26.0_forward_right,V_x-20.0_y-3.0_26.0,V_x-20.0_y-3.0_26.0,right,forward,forward_right,1
2522,-18.500,18.000,0.500,90.000,V_x-20.0_y-3.0_26.0_forward_right,V_x-20.0_y-3.0_26.0,V_x-20.0_y-3.0_26.0,right,forward,forward_right,1
2523,-18.500,18.500,0.500,90.000,V_x-20.0_y-3.0_26.0_forward_right,V_x-20.0_y-3.0_26.0,V_x-20.0_y-3.0_26.0,right,forward,forward_right,1
2524,-18.500,19.000,0.500,90.000,V_x-20.0_y-3.0_26.0_forward_right,V_x-20.0_y-3.0_26.0,V_x-20.0_y-3.0_26.0,right,forward,forward_right,1
2525,-18.500,19.500,0.500,90.000,V_x-20.0_y-3.0_26.0_forward_right,V_x-20.0_y-3.0_26.0,V_x-20.0_y-3.0_26.0,right,forward,forward_right,1
2526,-18.500,20.000,0.500,90.000,V_x-20.0_y-3.0_26.0_forward_right,V_x-20.0_y-3.0_26.0,V_x-20.0_y-3.0_26.0,right,forward,forward_right,1
2527,-18.500,20.500,0.500,90.000,V_x-20.0_y-3.0_26.0_forward_right,V_x-20.0_y-3.0_26.0,V_x-20.0_y-3.0_26.0,right,forward,forward_right,1
2528,-18.500,21.000,0.500,90.000,V_x-20.0_y-3.0_26.0_forward_right,V_x-20.0_y-3.0_26.0,V_x-20.0_y-3.0_26.0,right,forward,forward_right,1
2529,-18.500,21.500,0.500,90.000,V_x-20.0_y-3.0_26.0_forward_right,V_x-20.0_y-3.0_26.0,V_x-20.0_y-3.0_26.0,right,forward,forward_right,1
2530,-18.500,22.000,0.500,90.000,V_x-20.0_y-3.0_26.0_forward_right,V_x-20.0_y-3.0_26.0,V_x-20.0_y-3.0_26.0,right,forward,forward_right,1
2531,-18.500,22.500,0.500,90.000,V_x-20.0_y-3.0_26.0_forward_right,V_x-20.0_y-3.0_26.0,V_x-20.0_y-3.0_26.0,right,forward,forward_right,1
2532,-18.500,23.000,0.500,90.000,V_x-20.0_y-3.0_26.0_forward_right,V_x-20.0_y-3.0_26.0,V_x-20.0_y-3.0_26.0,right,forward,forward_right,1
2533,-18.500,23.500,0.500,90.000,V_x-20.0_y-3.0_26.0_forward_right,V_x-20.0_y-3.0_26.0,V_x-20.0_y-3.0_26.0,right,forward,forward_right,1
2534,-18.500,24.000,0.500,90.000,V_x-20.0_y-3.0_26.0_forward_right,V_x-20.0_y-3.0_26.0,V_x-20.0_y-3.0_26.0,right,forward,forward_right,1
2535,-18.500,24.500,0.500,90.000,V_x-20.0_y-3.0_26.0_forward_right,V_x-20.0_y-3.0_26.0,V_x-20.0_y-3.0_26.0,right,forward,forward_right,1
2536,-18.500,25.000,0.500,90.000,V_x-20.0_y-3.0_26.0_forward_right,V_x-20.0_y-3.0_26.0,V_x-20.0_y-3.0_26.0,right,forward,forward_right,1
2537,-18.500,25.500,0.500,90.000,V_x-20.0_y-3.0_26.0_forward_right,V_x-20.0_y-3.0_26.0,V_x-20.0_y-3.0_26.0,right,forward,forward_right,1
2538,-18.500,26.000,0.500,90.000,V_x-20.0_y-3.0_26.0_forward_right,V_x-20.0_y-3.0_26.0,V_x-20.0_y-3.0_26.0,right,forward,forward_right,0
2539,-18.500,26.000,0.500,-90.000,V_x-20.0_y-3.0_26.0_reverse_left,V_x-20.0_y-3.0_26.0,V_x-20.0_y-3.0_26.0,left,reverse,reverse_left,1
2540,-18.500,25.500,0.500,-90.000,V_x-20.0_y-3.0_26.0_reverse_left,V_x-20.0_y-3.0_26.0,V_x-20.0_y-3.0_26.0,left,reverse,reverse_left,1
2541,-18.500,25.000,0.500,-90.000,V_x-20.0_y-3.0_26.0_reverse_left,V_x-20.0_y-3.0_26.0,V_x-20.0_y-3.0_26.0,left,reverse,reverse_left,1
2542,-18.500,24.500,0.500,-90.000,V_x-20.0_y-3.0_26.0_reverse_left,V_x-20.0_y-3.0_26.0,V_x-20.0_y-3.0_26.0,left,reverse,reverse_left,1
2543,-18.500,24.000,0.500,-90.000,V_x-20.0_y-3.0_26.0_reverse_left,V_x-20.0_y-3.0_26.0,V_x-20.0_y-3.0_26.0,left,reverse,reverse_left,1
2544,-18.500,23.500,0.500,-90.000,V_x-20.0_y-3.0_26.0_reverse_left,V_x-20.0_y-3.0_26.0,V_x-20.0_y-3.0_26.0,left,reverse,reverse_left,1
2545,-18.500,23.000,0.500,-90.000,V_x-20.0_y-3.0_26.0_reverse_left,V_x-20.0_y-3.0_26.0,V_x-20.0_y-3.0_26.0,left,reverse,reverse_left,1
2546,-18.500,22.500,0.500,-90.000,V_x-20.0_y-3.0_26.0_reverse_left,V_x-20.0_y-3.0_26.0,V_x-20.0_y-3.0_26.0,left,reverse,reverse_left,1
2547,-18.500,22.000,0.500,-90.000,V_x-20.0_y-3.0_26.0_reverse_left,V_x-20.0_y-3.0_26.0,V_x-20.0_y-3.0_26.0,left,reverse,reverse_left,1
2548,-18.500,21.500,0.500,-90.000,V_x-20.0_y-3.0_26.0_reverse_left,V_x-20.0_y-3.0_26.0,V_x-20.0_y-3.0_26.0,left,reverse,reverse_left,1
2549,-18.500,21.000,0.500,-90.000,V_x-20.0_y-3.0_26.0_reverse_left,V_x-20.0_y-3.0_26.0,V_x-20.0_y-3.0_26.0,left,reverse,reverse_left,1
2550,-18.500,20.500,0.500,-90.000,V_x-20.0_y-3.0_26.0_reverse_left,V_x-20.0_y-3.0_26.0,V_x-20.0_y-3.0_26.0,left,reverse,reverse_left,1
2551,-18.500,20.000,0.500,-90.000,V_x-20.0_y-3.0_26.0_reverse_left,V_x-20.0_y-3.0_26.0,V_x-20.0_y-3.0_26.0,left,reverse,reverse_left,1
2552,-18.500,19.500,0.500,-90.000,V_x-20.0_y-3.0_26.0_reverse_left,V_x-20.0_y-3.0_26.0,V_x-20.0_y-3.0_26.0,left,reverse,reverse_left,1
2553,-18.500,19.000,0.500,-90.000,V_x-20.0_y-3.0_26.0_reverse_left,V_x-20.0_y-3.0_26.0,V_x-20.0_y-3.0_26.0,left,reverse,reverse_left,1
2554,-18.500,18.500,0.500,-90.000,V_x-20.0_y-3.0_26.0_reverse_left,V_x-20.0_y-3.0_26.0,V_x-20.0_y-3.0_26.0,left,reverse,reverse_left,1
2555,-18.500,18.000,0.500,-90.000,V_x-20.0_y-3.0_26.0_reverse_left,V_x-20.0_y-3.0_26.0,V_x-20.0_y-3.0_26.0,left,reverse,reverse_left,1
2556,-18.500,17.500,0.500,-90.000,V_x-20.0_y-3.0_26.0_reverse_left,V_x-20.0_y-3.0_26.0,V_x-20.0_y-3.0_26.0,left,reverse,reverse_left,1
2557,-18.500,17.000,0.500,-90.000,V_x-20.0_y-3.0_26.0_reverse_left,V_x-20.0_y-3.0_26.0,V_x-20.0_y-3.0_26.0,left,reverse,reverse_left,1
2558,-18.500,16.500,0.500,-90.000,V_x-20.0_y-3.0_26.0_reverse_left,V_x-20.0_y-3.0_26.0,V_x-20.0_y-3.0_26.0,left,reverse,reverse_left,1
2559,-18.500,16.000,0.500,-90.000,V_x-20.0_y-3.0_26.0_reverse_left,V_x-20.0_y-3.0_26.0,V_x-20.0_y-3.0_26.0,left,reverse,reverse_left,1
2560,-18.500,15.500,0.500,-90.000,V_x-20.0_y-3.0_26.0_reverse_left,V_x-20.0_y-3.0_26.0,V_x-20.0_y-3.0_26.0,left,reverse,reverse_left,1
2561,-18.500,15.000,0.500,-90.000,V_x-20.0_y-3.0_26.0_reverse_left,V_x-20.0_y-3.0_26.0,V_x-20.0_y-3.0_26.0,left,reverse,reverse_left,1
2562,-18.500,14.500,0.500,-90.000,V_x-20.0_y-3.0_26.0_reverse_left,V_x-20.0_y-3.0_26.0,V_x-20.0_y-3.0_26.0,left,reverse,reverse_left,1
2563,-18.500,14.000,0.500,-90.000,V_x-20.0_y-3.0_26.0_reverse_left,V_x-20.0_y-3.0_26.0,V_x-20.0_y-3.0_26.0,left,reverse,reverse_left,1
2564,-18.500,13.500,0.500,-90.000,V_x-20.0_y-3.0_26.0_reverse_left,V_x-20.0_y-3.0_26.0,V_x-20.0_y-3.0_26.0,left,reverse,reverse_left,1
2565,-18.500,13.000,0.500,-90.000,V_x-20.0_y-3.0_26.0_reverse_left,V_x-20.0_y-3.0_26.0,V_x-20.0_y-3.0_26.0,left,reverse,reverse_left,1
2566,-18.500,12.500,0.500,-90.000,V_x-20.0_y-3.0_26.0_reverse_left,V_x-20.0_y-3.0_26.0,V_x-20.0_y-3.0_26.0,left,reverse,reverse_left,1
2567,-18.500,12.000,0.500,-90.000,V_x-20.0_y-3.0_26.0_reverse_left,V_x-20.0_y-3.0_26.0,V_x-20.0_y-3.0_26.0,left,reverse,reverse_left,1
2568,-18.500,11.500,0.500,-90.000,V_x-20.0_y-3.0_26.0_reverse_left,V_x-20.0_y-3.0_26.0,V_x-20.0_y-3.0_26.0,left,reverse,reverse_left,1
2569,-18.500,11.000,0.500,-90.000,V_x-20.0_y-3.0_26.0_reverse_left,V_x-20.0_y-3.0_26.0,V_x-20.0_y-3.0_26.0,left,reverse,reverse_left,1
2570,-18.500,10.500,0.500,-90.000,V_x-20.0_y-3.0_26.0_reverse_left,V_x-20.0_y-3.0_26.0,V_x-20.0_y-3.0_26.0,left,reverse,reverse_left,1
2571,-18.500,10.000,0.500,-90.000,V_x-20.0_y-3.0_26.0_reverse_left,V_x-20.0_y-3.0_26.0,V_x-20.0_y-3.0_26.0,left,reverse,reverse_left,1
2572,-18.500,9.500,0.500,-90.000,V_x-20.0_y-3.0_26.0_reverse_left,V_x-20.0_y-3.0_26.0,V_x-20.0_y-3.0_26.0,left,reverse,reverse_left,1
2573,-18.500,9.000,0.500,-90.000,V_x-20.0_y-3.0_26.0_reverse_left,V_x-20.0_y-3.0_26.0,V_x-20.0_y-3.0_26.0,left,reverse,reverse_left,1
2574,-18.500,8.500,0.500,-90.000,V_x-20.0_y-3.0_26.0_reverse_left,V_x-20.0_y-3.0_26.0,V_x-20.0_y-3.0_26.0,left,reverse,reverse_left,1
2575,-18.500,8.000,0.500,-90.000,V_x-20.0_y-3.0_26.0_reverse_left,V_x-20.0_y-3.0_26.0,V_x-20.0_y-3.0_26.0,left,reverse,reverse_left,1
2576,-18.500,7.500,0.500,-90.000,V_x-20.0_y-3.0_26.0_reverse_left,V_x-20.0_y-3.0_26.0,V_x-20.0_y-3.0_26.0,left,reverse,reverse_left,1
2577,-18.500,7.000,0.500,-90.000,V_x-20.0_y-3.0_26.0_reverse_left,V_x-20.0_y-3.0_26.0,V_x-20.0_y-3.0_26.0,left,reverse,reverse_left,1
2578,-18.500,6.500,0.500,-90.000,V_x-20.0_y-3.0_26.0_reverse_left,V_x-20.0_y-3.0_26.0,V_x-20.0_y-3.0_26.0,left,reverse,reverse_left,1
2579,-18.500,6.000,0.500,-90.000,V_x-20.0_y-3.0_26.0_reverse_left,V_x-20.0_y-3.0_26.0,V_x-20.0_y-3.0_26.0,left,reverse,reverse_left,1
2580,-18.500,5.500,0.500,-90.000,V_x-20.0_y-3.0_26.0_reverse_left,V_x-20.0_y-3.0_26.0,V_x-20.0_y-3.0_26.0,left,reverse,reverse_left,1
2581,-18.500,5.000,0.500,-90.000,V_x-20.0_y-3.0_26.0_reverse_left,V_x-20.0_y-3.0_26.0,V_x-20.0_y-3.0_26.0,left,reverse,reverse_left,1
2582,-18.500,4.500,0.500,-90.000,V_x-20.0_y-3.0_26.0_reverse_left,V_x-20.0_y-3.0_26.0,V_x-20.0_y-3.0_26.0,left,reverse,reverse_left,1
2583,-18.500,4.000,0.500,-90.000,V_x-20.0_y-3.0_26.0_reverse_left,V_x-20.0_y-3.0_26.0,V_x-20.0_y-3.0_26.0,left,reverse,reverse_left,1
2584,-18.500,3.500,0.500,-90.000,V_x-20.0_y-3.0_26.0_reverse_left,V_x-20.0_y-3.0_26.0,V_x-20.0_y-3.0_26.0,left,reverse,reverse_left,1
2585,-18.500,3.000,0.500,-90.000,V_x-20.0_y-3.0_26.0_reverse_left,V_x-20.0_y-3.0_26.0,V_x-20.0_y-3.0_26.0,left,reverse,reverse_left,1
2586,-18.500,2.500,0.500,-90.000,V_x-20.0_y-3.0_26.0_reverse_left,V_x-20.0_y-3.0_26.0,V_x-20.0_y-3.0_26.0,left,reverse,reverse_left,1
2587,-18.500,2.000,0.500,-90.000,V_x-20.0_y-3.0_26.0_reverse_left,V_x-20.0_y-3.0_26.0,V_x-20.0_y-3.0_26.0,left,reverse,reverse_left,1
2588,-18.500,1.500,0.500,-90.000,V_x-20.0_y-3.0_26.0_reverse_left,V_x-20.0_y-3.0_26.0,V_x-20.0_y-3.0_26.0,left,reverse,reverse_left,1
2589,-18.500,1.000,0.500,-90.000,V_x-20.0_y-3.0_26.0_reverse_left,V_x-20.0_y-3.0_26.0,V_x-20.0_y-3.0_26.0,left,reverse,reverse_left,1
2590,-18.500,0.500,0.500,-90.000,V_x-20.0_y-3.0_26.0_reverse_left,V_x-20.0_y-3.0_26.0,V_x-20.0_y-3.0_26.0,left,reverse,reverse_left,1
2591,-18.500,0.000,0.500,-90.000,V_x-20.0_y-3.0_26.0_reverse_left,V_x-20.0_y-3.0_26.0,V_x-20.0_y-3.0_26.0,left,reverse,reverse_left,1
2592,-18.500,-0.500,0.500,-90.000,V_x-20.0_y-3.0_26.0_reverse_left,V_x-20.0_y-3.0_26.0,V_x-20.0_y-3.0_26.0,left,reverse,reverse_left,1
2593,-18.500,-1.000,0.500,-90.000,V_x-20.0_y-3.0_26.0_reverse_left,V_x-20.0_y-3.0_26.0,V_x-20.0_y-3.0_26.0,left,reverse,reverse_left,1
2594,-18.500,-1.500,0.500,-90.000,V_x-20.0_y-3.0_26.0_reverse_left,V_x-20.0_y-3.0_26.0,V_x-20.0_y-3.0_26.0,left,reverse,reverse_left,1
2595,-18.500,-2.000,0.500,-90.000,V_x-20.0_y-3.0_26.0_reverse_left,V_x-20.0_y-3.0_26.0,V_x-20.0_y-3.0_26.0,left,reverse,reverse_left,1
2596,-18.500,-2.500,0.500,-90.000,V_x-20.0_y-3.0_26.0_reverse_left,V_x-20.0_y-3.0_26.0,V_x-20.0_y-3.0_26.0,left,reverse,reverse_left,1
2597,-18.500,-3.000,0.500,-90.000,V_x-20.0_y-3.0_26.0_reverse_left,V_x-20.0_y-3.0_26.0,V_x-20.0_y-3.0_26.0,left,reverse,reverse_left,0
2598,-21.500,26.000,0.500,-90.000,V_x-20.0_y-3.0_26.0_reverse_right,V_x-20.0_y-3.0_26.0,V_x-20.0_y-3.0_26.0,right,reverse,reverse_right,1
2599,-21.500,25.500,0.500,-90.000,V_x-20.0_y-3.0_26.0_reverse_right,V_x-20.0_y-3.0_26.0,V_x-20.0_y-3.0_26.0,right,reverse,reverse_right,1
2600,-21.500,25.000,0.500,-90.000,V_x-20.0_y-3.0_26.0_reverse_right,V_x-20.0_y-3.0_26.0,V_x-20.0_y-3.0_26.0,right,reverse,reverse_right,1
2601,-21.500,24.500,0.500,-90.000,V_x-20.0_y-3.0_26.0_reverse_right,V_x-20.0_y-3.0_26.0,V_x-20.0_y-3.0_26.0,right,reverse,reverse_right,1
2602,-21.500,24.000,0.500,-90.000,V_x-20.0_y-3.0_26.0_reverse_right,V_x-20.0_y-3.0_26.0,V_x-20.0_y-3.0_26.0,right,reverse,reverse_right,1
2603,-21.500,23.500,0.500,-90.000,V_x-20.0_y-3.0_26.0_reverse_right,V_x-20.0_y-3.0_26.0,V_x-20.0_y-3.0_26.0,right,reverse,reverse_right,1
2604,-21.500,23.000,0.500,-90.000,V_x-20.0_y-3.0_26.0_reverse_right,V_x-20.0_y-3.0_26.0,V_x-20.0_y-3.0_26.0,right,reverse,reverse_right,1
2605,-21.500,22.500,0.500,-90.000,V_x-20.0_y-3.0_26.0_reverse_right,V_x-20.0_y-3.0_26.0,V_x-20.0_y-3.0_26.0,right,reverse,reverse_right,1
2606,-21.500,22.000,0.500,-90.000,V_x-20.0_y-3.0_26.0_reverse_right,V_x-20.0_y-3.0_26.0,V_x-20.0_y-3.0_26.0,right,reverse,reverse_right,1
2607,-21.500,21.500,0.500,-90.000,V_x-20.0_y-3.0_26.0_reverse_right,V_x-20.0_y-3.0_26.0,V_x-20.0_y-3.0_26.0,right,reverse,reverse_right,1
2608,-21.500,21.000,0.500,-90.000,V_x-20.0_y-3.0_26.0_reverse_right,V_x-20.0_y-3.0_26.0,V_x-20.0_y-3.0_26.0,right,reverse,reverse_right,1
2609,-21.500,20.500,0.500,-90.000,V_x-20.0_y-3.0_26.0_reverse_right,V_x-20.0_y-3.0_26.0,V_x-20.0_y-3.0_26.0,right,reverse,reverse_right,1
2610,-21.500,20.000,0.500,-90.000,V_x-20.0_y-3.0_26.0_reverse_right,V_x-20.0_y-3.0_26.0,V_x-20.0_y-3.0_26.0,right,reverse,reverse_right,1
2611,-21.500,19.500,0.500,-90.000,V_x-20.0_y-3.0_26.0_reverse_right,V_x-20.0_y-3.0_26.0,V_x-20.0_y-3.0_26.0,right,reverse,reverse_right,1
2612,-21.500,19.000,0.500,-90.000,V_x-20.0_y-3.0_26.0_reverse_right,V_x-20.0_y-3.0_26.0,V_x-20.0_y-3.0_26.0,right,reverse,reverse_right,1
2613,-21.500,18.500,0.500,-90.000,V_x-20.0_y-3.0_26.0_reverse_right,V_x-20.0_y-3.0_26.0,V_x-20.0_y-3.0_26.0,right,reverse,reverse_right,1
2614,-21.500,18.000,0.500,-90.000,V_x-20.0_y-3.0_26.0_reverse_right,V_x-20.0_y-3.0_26.0,V_x-20.0_y-3.0_26.0,right,reverse,reverse_right,1
2615,-21.500,17.500,0.500,-90.000,V_x-20.0_y-3.0_26.0_reverse_right,V_x-20.0_y-3.0_26.0,V_x-20.0_y-3.0_26.0,right,reverse,reverse_right,1
2616,-21.500,17.000,0.500,-90.000,V_x-20.0_y-3.0_26.0_reverse_right,V_x-20.0_y-3.0_26.0,V_x-20.0_y-3.0_26.0,right,reverse,reverse_right,1
2617,-21.500,16.500,0.500,-90.000,V_x-20.0_y-3.0_26.0_reverse_right,V_x-20.0_y-3.0_26.0,V_x-20.0_y-3.0_26.0,right,reverse,reverse_right,1
2618,-21.500,16.000,0.500,-90.000,V_x-20.0_y-3.0_26.0_reverse_right,V_x-20.0_y-3.0_26.0,V_x-20.0_y-3.0_26.0,right,reverse,reverse_right,1
2619,-21.500,15.500,0.500,-90.000,V_x-20.0_y-3.0_26.0_reverse_right,V_x-20.0_y-3.0_26.0,V_x-20.0_y-3.0_26.0,right,reverse,reverse_right,1
2620,-21.500,15.000,0.500,-90.000,V_x-20.0_y-3.0_26.0_reverse_right,V_x-20.0_y-3.0_26.0,V_x-20.0_y-3.0_26.0,right,reverse,reverse_right,1
2621,-21.500,14.500,0.500,-90.000,V_x-20.0_y-3.0_26.0_reverse_right,V_x-20.0_y-3.0_26.0,V_x-20.0_y-3.0_26.0,right,reverse,reverse_right,1
2622,-21.500,14.000,0.500,-90.000,V_x-20.0_y-3.0_26.0_reverse_right,V_x-20.0_y-3.0_26.0,V_x-20.0_y-3.0_26.0,right,reverse,reverse_right,1
2623,-21.500,13.500,0.500,-90.000,V_x-20.0_y-3.0_26.0_reverse_right,V_x-20.0_y-3.0_26.0,V_x-20.0_y-3.0_26.0,right,reverse,reverse_right,1
2624,-21.500,13.000,0.500,-90.000,V_x-20.0_y-3.0_26.0_reverse_right,V_x-20.0_y-3.0_26.0,V_x-20.0_y-3.0_26.0,right,reverse,reverse_right,1
2625,-21.500,12.500,0.500,-90.000,V_x-20.0_y-3.0_26.0_reverse_right,V_x-20.0_y-3.0_26.0,V_x-20.0_y-3.0_26.0,right,reverse,reverse_right,1
2626,-21.500,12.000,0.500,-90.000,V_x-20.0_y-3.0_26.0_reverse_right,V_x-20.0_y-3.0_26.0,V_x-20.0_y-3.0_26.0,right,reverse,reverse_right,1
2627,-21.500,11.500,0.500,-90.000,V_x-20.0_y-3.0_26.0_reverse_right,V_x-20.0_y-3.0_26.0,V_x-20.0_y-3.0_26.0,right,reverse,reverse_right,1
2628,-21.500,11.000,0.500,-90.000,V_x-20.0_y-3.0_26.0_reverse_right,V_x-20.0_y-3.0_26.0,V_x-20.0_y-3.0_26.0,right,reverse,reverse_right,1
2629,-21.500,10.500,0.500,-90.000,V_x-20.0_y-3.0_26.0_reverse_right,V_x-20.0_y-3.0_26.0,V_x-20.0_y-3.0_26.0,right,reverse,reverse_right,1
2630,-21.500,10.000,0.500,-90.000,V_x-20.0_y-3.0_26.0_reverse_right,V_x-20.0_y-3.0_26.0,V_x-20.0_y-3.0_26.0,right,reverse,reverse_right,1
2631,-21.500,9.500,0.500,-90.000,V_x-20.0_y-3.0_26.0_reverse_right,V_x-20.0_y-3.0_26.0,V_x-20.0_y-3.0_26.0,right,reverse,reverse_right,1
2632,-21.500,9.000,0.500,-90.000,V_x-20.0_y-3.0_26.0_reverse_right,V_x-20.0_y-3.0_26.0,V_x-20.0_y-3.0_26.0,right,reverse,reverse_right,1
2633,-21.500,8.500,0.500,-90.000,V_x-20.0_y-3.0_26.0_reverse_right,V_x-20.0_y-3.0_26.0,V_x-20.0_y-3.0_26.0,right,reverse,reverse_right,1
2634,-21.500,8.000,0.500,-90.000,V_x-20.0_y-3.0_26.0_reverse_right,V_x-20.0_y-3.0_26.0,V_x-20.0_y-3.0_26.0,right,reverse,reverse_right,1
2635,-21.500,7.500,0.500,-90.000,V_x-20.0_y-3.0_26.0_reverse_right,V_x-20.0_y-3.0_26.0,V_x-20.0_y-3.0_26.0,right,reverse,reverse_right,1
2636,-21.500,7.000,0.500,-90.000,V_x-20.0_y-3.0_26.0_reverse_right,V_x-20.0_y-3.0_26.0,V_x-20.0_y-3.0_26.0,right,reverse,reverse_right,1
2637,-21.500,6.500,0.500,-90.000,V_x-20.0_y-3.0_26.0_reverse_right,V_x-20.0_y-3.0_26.0,V_x-20.0_y-3.0_26.0,right,reverse,reverse_right,1
2638,-21.500,6.000,0.500,-90.000,V_x-20.0_y-3.0_26.0_reverse_right,V_x-20.0_y-3.0_26.0,V_x-20.0_y-3.0_26.0,right,reverse,reverse_right,1
2639,-21.500,5.500,0.500,-90.000,V_x-20.0_y-3.0_26.0_reverse_right,V_x-20.0_y-3.0_26.0,V_x-20.0_y-3.0_26.0,right,reverse,reverse_right,1
2640,-21.500,5.000,0.500,-90.000,V_x-20.0_y-3.0_26.0_reverse_right,V_x-20.0_y-3.0_26.0,V_x-20.0_y-3.0_26.0,right,reverse,reverse_right,1
2641,-21.500,4.500,0.500,-90.000,V_x-20.0_y-3.0_26.0_reverse_right,V_x-20.0_y-3.0_26.0,V_x-20.0_y-3.0_26.0,right,reverse,reverse_right,1
2642,-21.500,4.000,0.500,-90.000,V_x-20.0_y-3.0_26.0_reverse_right,V_x-20.0_y-3.0_26.0,V_x-20.0_y-3.0_26.0,right,reverse,reverse_right,1
2643,-21.500,3.500,0.500,-90.000,V_x-20.0_y-3.0_26.0_reverse_right,V_x-20.0_y-3.0_26.0,V_x-20.0_y-3.0_26.0,right,reverse,reverse_right,1
2644,-21.500,3.000,0.500,-90.000,V_x-20.0_y-3.0_26.0_reverse_right,V_x-20.0_y-3.0_26.0,V_x-20.0_y-3.0_26.0,right,reverse,reverse_right,1
2645,-21.500,2.500,0.500,-90.000,V_x-20.0_y-3.0_26.0_reverse_right,V_x-20.0_y-3.0_26.0,V_x-20.0_y-3.0_26.0,right,reverse,reverse_right,1
2646,-21.500,2.000,0.500,-90.000,V_x-20.0_y-3.0_26.0_reverse_right,V_x-20.0_y-3.0_26.0,V_x-20.0_y-3.0_26.0,right,reverse,reverse_right,1
2647,-21.500,1.500,0.500,-90.000,V_x-20.0_y-3.0_26.0_reverse_right,V_x-20.0_y-3.0_26.0,V_x-20.0_y-3.0_26.0,right,reverse,reverse_right,1
2648,-21.500,1.000,0.500,-90.000,V_x-20.0_y-3.0_26.0_reverse_right,V_x-20.0_y-3.0_26.0,V_x-20.0_y-3.0_26.0,right,reverse,reverse_right,1
2649,-21.500,0.500,0.500,-90.000,V_x-20.0_y-3.0_26.0_reverse_right,V_x-20.0_y-3.0_26.0,V_x-20.0_y-3.0_26.0,right,reverse,reverse_right,1
2650,-21.500,-0.000,0.500,-90.000,V_x-20.0_y-3.0_26.0_reverse_right,V_x-20.0_y-3.0_26.0,V_x-20.0_y-3.0_26.0,right,reverse,reverse_right,1
2651,-21.500,-0.500,0.500,-90.000,V_x-20.0_y-3.0_26.0_reverse_right,V_x-20.0_y-3.0_26.0,V_x-20.0_y-3.0_26.0,right,reverse,reverse_right,1
2652,-21.500,-1.000,0.500,-90.000,V_x-20.0_y-3.0_26.0_reverse_right,V_x-20.0_y-3.0_26.0,V_x-20.0_y-3.0_26.0,right,reverse,reverse_right,1
2653,-21.500,-1.500,0.500,-90.000,V_x-20.0_y-3.0_26.0_reverse_right,V_x-20.0_y-3.0_26.0,V_x-20.0_y-3.0_26.0,right,reverse,reverse_right,1
2654,-21.500,-2.000,0.500,-90.000,V_x-20.0_y-3.0_26.0_reverse_right,V_x-20.0_y-3.0_26.0,V_x-20.0_y-3.0_26.0,right,reverse,reverse_right,1
2655,-21.500,-2.500,0.500,-90.000,V_x-20.0_y-3.0_26.0_reverse_right,V_x-20.0_y-3.0_26.0,V_x-20.0_y-3.0_26.0,right,reverse,reverse_right,1
2656,-21.500,-3.000,0.500,-90.000,V_x-20.0_y-3.0_26.0_reverse_right,V_x-20.0_y-3.0_26.0,V_x-20.0_y-3.0_26.0,right,reverse,reverse_right,0
2657,-20.000,-1.500,0.500,0.000,H_y-3.0_x-20.0_20.0_forward_left,H_y-3.0_x-20.0_20.0,H_y-3.0_x-20.0_20.0,left,forward,forward_left,1
2658,-19.500,-1.500,0.500,0.000,H_y-3.0_x-20.0_20.0_forward_left,H_y-3.0_x-20.0_20.0,H_y-3.0_x-20.0_20.0,left,forward,forward_left,1
2659,-19.000,-1.500,0.500,0.000,H_y-3.0_x-20.0_20.0_forward_left,H_y-3.0_x-20.0_20.0,H_y-3.0_x-20.0_20.0,left,forward,forward_left,1
2660,-18.500,-1.500,0.500,0.000,H_y-3.0_x-20.0_20.0_forward_left,H_y-3.0_x-20.0_20.0,H_y-3.0_x-20.0_20.0,left,forward,forward_left,1
2661,-18.000,-1.500,0.500,0.000,H_y-3.0_x-20.0_20.0_forward_left,H_y-3.0_x-20.0_20.0,H_y-3.0_x-20.0_20.0,left,forward,forward_left,1
2662,-17.500,-1.500,0.500,0.000,H_y-3.0_x-20.0_20.0_forward_left,H_y-3.0_x-20.0_20.0,H_y-3.0_x-20.0_20.0,left,forward,forward_left,1
2663,-17.000,-1.500,0.500,0.000,H_y-3.0_x-20.0_20.0_forward_left,H_y-3.0_x-20.0_20.0,H_y-3.0_x-20.0_20.0,left,forward,forward_left,1
2664,-16.500,-1.500,0.500,0.000,H_y-3.0_x-20.0_20.0_forward_left,H_y-3.0_x-20.0_20.0,H_y-3.0_x-20.0_20.0,left,forward,forward_left,1
2665,-16.000,-1.500,0.500,0.000,H_y-3.0_x-20.0_20.0_forward_left,H_y-3.0_x-20.0_20.0,H_y-3.0_x-20.0_20.0,left,forward,forward_left,1
2666,-15.500,-1.500,0.500,0.000,H_y-3.0_x-20.0_20.0_forward_left,H_y-3.0_x-20.0_20.0,H_y-3.0_x-20.0_20.0,left,forward,forward_left,1
2667,-15.000,-1.500,0.500,0.000,H_y-3.0_x-20.0_20.0_forward_left,H_y-3.0_x-20.0_20.0,H_y-3.0_x-20.0_20.0,left,forward,forward_left,1
2668,-14.500,-1.500,0.500,0.000,H_y-3.0_x-20.0_20.0_forward_left,H_y-3.0_x-20.0_20.0,H_y-3.0_x-20.0_20.0,left,forward,forward_left,1
2669,-14.000,-1.500,0.500,0.000,H_y-3.0_x-20.0_20.0_forward_left,H_y-3.0_x-20.0_20.0,H_y-3.0_x-20.0_20.0,left,forward,forward_left,1
2670,-13.500,-1.500,0.500,0.000,H_y-3.0_x-20.0_20.0_forward_left,H_y-3.0_x-20.0_20.0,H_y-3.0_x-20.0_20.0,left,forward,forward_left,1
2671,-13.000,-1.500,0.500,0.000,H_y-3.0_x-20.0_20.0_forward_left,H_y-3.0_x-20.0_20.0,H_y-3.0_x-20.0_20.0,left,forward,forward_left,1
2672,-12.500,-1.500,0.500,0.000,H_y-3.0_x-20.0_20.0_forward_left,H_y-3.0_x-20.0_20.0,H_y-3.0_x-20.0_20.0,left,forward,forward_left,1
2673,-12.000,-1.500,0.500,0.000,H_y-3.0_x-20.0_20.0_forward_left,H_y-3.0_x-20.0_20.0,H_y-3.0_x-20.0_20.0,left,forward,forward_left,1
2674,-11.500,-1.500,0.500,0.000,H_y-3.0_x-20.0_20.0_forward_left,H_y-3.0_x-20.0_20.0,H_y-3.0_x-20.0_20.0,left,forward,forward_left,1
2675,-11.000,-1.500,0.500,0.000,H_y-3.0_x-20.0_20.0_forward_left,H_y-3.0_x-20.0_20.0,H_y-3.0_x-20.0_20.0,left,forward,forward_left,1
2676,-10.500,-1.500,0.500,0.000,H_y-3.0_x-20.0_20.0_forward_left,H_y-3.0_x-20.0_20.0,H_y-3.0_x-20.0_20.0,left,forward,forward_left,1
2677,-10.000,-1.500,0.500,0.000,H_y-3.0_x-20.0_20.0_forward_left,H_y-3.0_x-20.0_20.0,H_y-3.0_x-20.0_20.0,left,forward,forward_left,1
2678,-9.500,-1.500,0.500,0.000,H_y-3.0_x-20.0_20.0_forward_left,H_y-3.0_x-20.0_20.0,H_y-3.0_x-20.0_20.0,left,forward,forward_left,1
2679,-9.000,-1.500,0.500,0.000,H_y-3.0_x-20.0_20.0_forward_left,H_y-3.0_x-20.0_20.0,H_y-3.0_x-20.0_20.0,left,forward,forward_left,1
2680,-8.500,-1.500,0.500,0.000,H_y-3.0_x-20.0_20.0_forward_left,H_y-3.0_x-20.0_20.0,H_y-3.0_x-20.0_20.0,left,forward,forward_left,1
2681,-8.000,-1.500,0.500,0.000,H_y-3.0_x-20.0_20.0_forward_left,H_y-3.0_x-20.0_20.0,H_y-3.0_x-20.0_20.0,left,forward,forward_left,1
2682,-7.500,-1.500,0.500,0.000,H_y-3.0_x-20.0_20.0_forward_left,H_y-3.0_x-20.0_20.0,H_y-3.0_x-20.0_20.0,left,forward,forward_left,1
2683,-7.000,-1.500,0.500,0.000,H_y-3.0_x-20.0_20.0_forward_left,H_y-3.0_x-20.0_20.0,H_y-3.0_x-20.0_20.0,left,forward,forward_left,1
2684,-6.500,-1.500,0.500,0.000,H_y-3.0_x-20.0_20.0_forward_left,H_y-3.0_x-20.0_20.0,H_y-3.0_x-20.0_20.0,left,forward,forward_left,1
2685,-6.000,-1.500,0.500,0.000,H_y-3.0_x-20.0_20.0_forward_left,H_y-3.0_x-20.0_20.0,H_y-3.0_x-20.0_20.0,left,forward,forward_left,1
2686,-5.500,-1.500,0.500,0.000,H_y-3.0_x-20.0_20.0_forward_left,H_y-3.0_x-20.0_20.0,H_y-3.0_x-20.0_20.0,left,forward,forward_left,1
2687,-5.000,-1.500,0.500,0.000,H_y-3.0_x-20.0_20.0_forward_left,H_y-3.0_x-20.0_20.0,H_y-3.0_x-20.0_20.0,left,forward,forward_left,1
2688,-4.500,-1.500,0.500,0.000,H_y-3.0_x-20.0_20.0_forward_left,H_y-3.0_x-20.0_20.0,H_y-3.0_x-20.0_20.0,left,forward,forward_left,1
2689,-4.000,-1.500,0.500,0.000,H_y-3.0_x-20.0_20.0_forward_left,H_y-3.0_x-20.0_20.0,H_y-3.0_x-20.0_20.0,left,forward,forward_left,1
2690,-3.500,-1.500,0.500,0.000,H_y-3.0_x-20.0_20.0_forward_left,H_y-3.0_x-20.0_20.0,H_y-3.0_x-20.0_20.0,left,forward,forward_left,1
2691,-3.000,-1.500,0.500,0.000,H_y-3.0_x-20.0_20.0_forward_left,H_y-3.0_x-20.0_20.0,H_y-3.0_x-20.0_20.0,left,forward,forward_left,1
2692,-2.500,-1.500,0.500,0.000,H_y-3.0_x-20.0_20.0_forward_left,H_y-3.0_x-20.0_20.0,H_y-3.0_x-20.0_20.0,left,forward,forward_left,1
2693,-2.000,-1.500,0.500,0.000,H_y-3.0_x-20.0_20.0_forward_left,H_y-3.0_x-20.0_20.0,H_y-3.0_x-20.0_20.0,left,forward,forward_left,1
2694,-1.500,-1.500,0.500,0.000,H_y-3.0_x-20.0_20.0_forward_left,H_y-3.0_x-20.0_20.0,H_y-3.0_x-20.0_20.0,left,forward,forward_left,1
2695,-1.000,-1.500,0.500,0.000,H_y-3.0_x-20.0_20.0_forward_left,H_y-3.0_x-20.0_20.0,H_y-3.0_x-20.0_20.0,left,forward,forward_left,1
2696,-0.500,-1.500,0.500,0.000,H_y-3.0_x-20.0_20.0_forward_left,H_y-3.0_x-20.0_20.0,H_y-3.0_x-20.0_20.0,left,forward,forward_left,1
2697,0.000,-1.500,0.500,0.000,H_y-3.0_x-20.0_20.0_forward_left,H_y-3.0_x-20.0_20.0,H_y-3.0_x-20.0_20.0,left,forward,forward_left,1
2698,0.500,-1.500,0.500,0.000,H_y-3.0_x-20.0_20.0_forward_left,H_y-3.0_x-20.0_20.0,H_y-3.0_x-20.0_20.0,left,forward,forward_left,1
2699,1.000,-1.500,0.500,0.000,H_y-3.0_x-20.0_20.0_forward_left,H_y-3.0_x-20.0_20.0,H_y-3.0_x-20.0_20.0,left,forward,forward_left,1
2700,1.500,-1.500,0.500,0.000,H_y-3.0_x-20.0_20.0_forward_left,H_y-3.0_x-20.0_20.0,H_y-3.0_x-20.0_20.0,left,forward,forward_left,1
2701,2.000,-1.500,0.500,0.000,H_y-3.0_x-20.0_20.0_forward_left,H_y-3.0_x-20.0_20.0,H_y-3.0_x-20.0_20.0,left,forward,forward_left,1
2702,2.500,-1.500,0.500,0.000,H_y-3.0_x-20.0_20.0_forward_left,H_y-3.0_x-20.0_20.0,H_y-3.0_x-20.0_20.0,left,forward,forward_left,1
2703,3.000,-1.500,0.500,0.000,H_y-3.0_x-20.0_20.0_forward_left,H_y-3.0_x-20.0_20.0,H_y-3.0_x-20.0_20.0,left,forward,forward_left,1
2704,3.500,-1.500,0.500,0.000,H_y-3.0_x-20.0_20.0_forward_left,H_y-3.0_x-20.0_20.0,H_y-3.0_x-20.0_20.0,left,forward,forward_left,1
2705,4.000,-1.500,0.500,0.000,H_y-3.0_x-20.0_20.0_forward_left,H_y-3.0_x-20.0_20.0,H_y-3.0_x-20.0_20.0,left,forward,forward_left,1
2706,4.500,-1.500,0.500,0.000,H_y-3.0_x-20.0_20.0_forward_left,H_y-3.0_x-20.0_20.0,H_y-3.0_x-20.0_20.0,left,forward,forward_left,1
2707,5.000,-1.500,0.500,0.000,H_y-3.0_x-20.0_20.0_forward_left,H_y-3.0_x-20.0_20.0,H_y-3.0_x-20.0_20.0,left,forward,forward_left,1
2708,5.500,-1.500,0.500,0.000,H_y-3.0_x-20.0_20.0_forward_left,H_y-3.0_x-20.0_20.0,H_y-3.0_x-20.0_20.0,left,forward,forward_left,1
2709,6.000,-1.500,0.500,0.000,H_y-3.0_x-20.0_20.0_forward_left,H_y-3.0_x-20.0_20.0,H_y-3.0_x-20.0_20.0,left,forward,forward_left,1
2710,6.500,-1.500,0.500,0.000,H_y-3.0_x-20.0_20.0_forward_left,H_y-3.0_x-20.0_20.0,H_y-3.0_x-20.0_20.0,left,forward,forward_left,1
2711,7.000,-1.500,0.500,0.000,H_y-3.0_x-20.0_20.0_forward_left,H_y-3.0_x-20.0_20.0,H_y-3.0_x-20.0_20.0,left,forward,forward_left,1
2712,7.500,-1.500,0.500,0.000,H_y-3.0_x-20.0_20.0_forward_left,H_y-3.0_x-20.0_20.0,H_y-3.0_x-20.0_20.0,left,forward,forward_left,1
2713,8.000,-1.500,0.500,0.000,H_y-3.0_x-20.0_20.0_forward_left,H_y-3.0_x-20.0_20.0,H_y-3.0_x-20.0_20.0,left,forward,forward_left,1
2714,8.500,-1.500,0.500,0.000,H_y-3.0_x-20.0_20.0_forward_left,H_y-3.0_x-20.0_20.0,H_y-3.0_x-20.0_20.0,left,forward,forward_left,1
2715,9.000,-1.500,0.500,0.000,H_y-3.0_x-20.0_20.0_forward_left,H_y-3.0_x-20.0_20.0,H_y-3.0_x-20.0_20.0,left,forward,forward_left,1
2716,9.500,-1.500,0.500,0.000,H_y-3.0_x-20.0_20.0_forward_left,H_y-3.0_x-20.0_20.0,H_y-3.0_x-20.0_20.0,left,forward,forward_left,1
2717,10.000,-1.500,0.500,0.000,H_y-3.0_x-20.0_20.0_forward_left,H_y-3.0_x-20.0_20.0,H_y-3.0_x-20.0_20.0,left,forward,forward_left,1
2718,10.500,-1.500,0.500,0.000,H_y-3.0_x-20.0_20.0_forward_left,H_y-3.0_x-20.0_20.0,H_y-3.0_x-20.0_20.0,left,forward,forward_left,1
2719,11.000,-1.500,0.500,0.000,H_y-3.0_x-20.0_20.0_forward_left,H_y-3.0_x-20.0_20.0,H_y-3.0_x-20.0_20.0,left,forward,forward_left,1
2720,11.500,-1.500,0.500,0.000,H_y-3.0_x-20.0_20.0_forward_left,H_y-3.0_x-20.0_20.0,H_y-3.0_x-20.0_20.0,left,forward,forward_left,1
2721,12.000,-1.500,0.500,0.000,H_y-3.0_x-20.0_20.0_forward_left,H_y-3.0_x-20.0_20.0,H_y-3.0_x-20.0_20.0,left,forward,forward_left,1
2722,12.500,-1.500,0.500,0.000,H_y-3.0_x-20.0_20.0_forward_left,H_y-3.0_x-20.0_20.0,H_y-3.0_x-20.0_20.0,left,forward,forward_left,1
2723,13.000,-1.500,0.500,0.000,H_y-3.0_x-20.0_20.0_forward_left,H_y-3.0_x-20.0_20.0,H_y-3.0_x-20.0_20.0,left,forward,forward_left,1
2724,13.500,-1.500,0.500,0.000,H_y-3.0_x-20.0_20.0_forward_left,H_y-3.0_x-20.0_20.0,H_y-3.0_x-20.0_20.0,left,forward,forward_left,1
2725,14.000,-1.500,0.500,0.000,H_y-3.0_x-20.0_20.0_forward_left,H_y-3.0_x-20.0_20.0,H_y-3.0_x-20.0_20.0,left,forward,forward_left,1
2726,14.500,-1.500,0.500,0.000,H_y-3.0_x-20.0_20.0_forward_left,H_y-3.0_x-20.0_20.0,H_y-3.0_x-20.0_20.0,left,forward,forward_left,1
2727,15.000,-1.500,0.500,0.000,H_y-3.0_x-20.0_20.0_forward_left,H_y-3.0_x-20.0_20.0,H_y-3.0_x-20.0_20.0,left,forward,forward_left,1
2728,15.500,-1.500,0.500,0.000,H_y-3.0_x-20.0_20.0_forward_left,H_y-3.0_x-20.0_20.0,H_y-3.0_x-20.0_20.0,left,forward,forward_left,1
2729,16.000,-1.500,0.500,0.000,H_y-3.0_x-20.0_20.0_forward_left,H_y-3.0_x-20.0_20.0,H_y-3.0_x-20.0_20.0,left,forward,forward_left,1
2730,16.500,-1.500,0.500,0.000,H_y-3.0_x-20.0_20.0_forward_left,H_y-3.0_x-20.0_20.0,H_y-3.0_x-20.0_20.0,left,forward,forward_left,1
2731,17.000,-1.500,0.500,0.000,H_y-3.0_x-20.0_20.0_forward_left,H_y-3.0_x-20.0_20.0,H_y-3.0_x-20.0_20.0,left,forward,forward_left,1
2732,17.500,-1.500,0.500,0.000,H_y-3.0_x-20.0_20.0_forward_left,H_y-3.0_x-20.0_20.0,H_y-3.0_x-20.0_20.0,left,forward,forward_left,1
2733,18.000,-1.500,0.500,0.000,H_y-3.0_x-20.0_20.0_forward_left,H_y-3.0_x-20.0_20.0,H_y-3.0_x-20.0_20.0,left,forward,forward_left,1
2734,18.500,-1.500,0.500,0.000,H_y-3.0_x-20.0_20.0_forward_left,H_y-3.0_x-20.0_20.0,H_y-3.0_x-20.0_20.0,left,forward,forward_left,1
2735,19.000,-1.500,0.500,0.000,H_y-3.0_x-20.0_20.0_forward_left,H_y-3.0_x-20.0_20.0,H_y-3.0_x-20.0_20.0,left,forward,forward_left,1
2736,19.500,-1.500,0.500,0.000,H_y-3.0_x-20.0_20.0_forward_left,H_y-3.0_x-20.0_20.0,H_y-3.0_x-20.0_20.0,left,forward,forward_left,1
2737,20.000,-1.500,0.500,0.000,H_y-3.0_x-20.0_20.0_forward_left,H_y-3.0_x-20.0_20.0,H_y-3.0_x-20.0_20.0,left,forward,forward_left,0
2738,-20.000,-4.500,0.500,0.000,H_y-3.0_x-20.0_20.0_forward_right,H_y-3.0_x-20.0_20.0,H_y-3.0_x-20.0_20.0,right,forward,forward_right,1
2739,-19.500,-4.500,0.500,0.000,H_y-3.0_x-20.0_20.0_forward_right,H_y-3.0_x-20.0_20.0,H_y-3.0_x-20.0_20.0,right,forward,forward_right,1
2740,-19.000,-4.500,0.500,0.000,H_y-3.0_x-20.0_20.0_forward_right,H_y-3.0_x-20.0_20.0,H_y-3.0_x-20.0_20.0,right,forward,forward_right,1
2741,-18.500,-4.500,0.500,0.000,H_y-3.0_x-20.0_20.0_forward_right,H_y-3.0_x-20.0_20.0,H_y-3.0_x-20.0_20.0,right,forward,forward_right,1
2742,-18.000,-4.500,0.500,0.000,H_y-3.0_x-20.0_20.0_forward_right,H_y-3.0_x-20.0_20.0,H_y-3.0_x-20.0_20.0,right,forward,forward_right,1
2743,-17.500,-4.500,0.500,0.000,H_y-3.0_x-20.0_20.0_forward_right,H_y-3.0_x-20.0_20.0,H_y-3.0_x-20.0_20.0,right,forward,forward_right,1
2744,-17.000,-4.500,0.500,0.000,H_y-3.0_x-20.0_20.0_forward_right,H_y-3.0_x-20.0_20.0,H_y-3.0_x-20.0_20.0,right,forward,forward_right,1
2745,-16.500,-4.500,0.500,0.000,H_y-3.0_x-20.0_20.0_forward_right,H_y-3.0_x-20.0_20.0,H_y-3.0_x-20.0_20.0,right,forward,forward_right,1
2746,-16.000,-4.500,0.500,0.000,H_y-3.0_x-20.0_20.0_forward_right,H_y-3.0_x-20.0_20.0,H_y-3.0_x-20.0_20.0,right,forward,forward_right,1
2747,-15.500,-4.500,0.500,0.000,H_y-3.0_x-20.0_20.0_forward_right,H_y-3.0_x-20.0_20.0,H_y-3.0_x-20.0_20.0,right,forward,forward_right,1
2748,-15.000,-4.500,0.500,0.000,H_y-3.0_x-20.0_20.0_forward_right,H_y-3.0_x-20.0_20.0,H_y-3.0_x-20.0_20.0,right,forward,forward_right,1
2749,-14.500,-4.500,0.500,0.000,H_y-3.0_x-20.0_20.0_forward_right,H_y-3.0_x-20.0_20.0,H_y-3.0_x-20.0_20.0,right,forward,forward_right,1
2750,-14.000,-4.500,0.500,0.000,H_y-3.0_x-20.0_20.0_forward_right,H_y-3.0_x-20.0_20.0,H_y-3.0_x-20.0_20.0,right,forward,forward_right,1
2751,-13.500,-4.500,0.500,0.000,H_y-3.0_x-20.0_20.0_forward_right,H_y-3.0_x-20.0_20.0,H_y-3.0_x-20.0_20.0,right,forward,forward_right,1
2752,-13.000,-4.500,0.500,0.000,H_y-3.0_x-20.0_20.0_forward_right,H_y-3.0_x-20.0_20.0,H_y-3.0_x-20.0_20.0,right,forward,forward_right,1
2753,-12.500,-4.500,0.500,0.000,H_y-3.0_x-20.0_20.0_forward_right,H_y-3.0_x-20.0_20.0,H_y-3.0_x-20.0_20.0,right,forward,forward_right,1
2754,-12.000,-4.500,0.500,0.000,H_y-3.0_x-20.0_20.0_forward_right,H_y-3.0_x-20.0_20.0,H_y-3.0_x-20.0_20.0,right,forward,forward_right,1
2755,-11.500,-4.500,0.500,0.000,H_y-3.0_x-20.0_20.0_forward_right,H_y-3.0_x-20.0_20.0,H_y-3.0_x-20.0_20.0,right,forward,forward_right,1
2756,-11.000,-4.500,0.500,0.000,H_y-3.0_x-20.0_20.0_forward_right,H_y-3.0_x-20.0_20.0,H_y-3.0_x-20.0_20.0,right,forward,forward_right,1
2757,-10.500,-4.500,0.500,0.000,H_y-3.0_x-20.0_20.0_forward_right,H_y-3.0_x-20.0_20.0,H_y-3.0_x-20.0_20.0,right,forward,forward_right,1
2758,-10.000,-4.500,0.500,0.000,H_y-3.0_x-20.0_20.0_forward_right,H_y-3.0_x-20.0_20.0,H_y-3.0_x-20.0_20.0,right,forward,forward_right,1
2759,-9.500,-4.500,0.500,0.000,H_y-3.0_x-20.0_20.0_forward_right,H_y-3.0_x-20.0_20.0,H_y-3.0_x-20.0_20.0,right,forward,forward_right,1
2760,-9.000,-4.500,0.500,0.000,H_y-3.0_x-20.0_20.0_forward_right,H_y-3.0_x-20.0_20.0,H_y-3.0_x-20.0_20.0,right,forward,forward_right,1
2761,-8.500,-4.500,0.500,0.000,H_y-3.0_x-20.0_20.0_forward_right,H_y-3.0_x-20.0_20.0,H_y-3.0_x-20.0_20.0,right,forward,forward_right,1
2762,-8.000,-4.500,0.500,0.000,H_y-3.0_x-20.0_20.0_forward_right,H_y-3.0_x-20.0_20.0,H_y-3.0_x-20.0_20.0,right,forward,forward_right,1
2763,-7.500,-4.500,0.500,0.000,H_y-3.0_x-20.0_20.0_forward_right,H_y-3.0_x-20.0_20.0,H_y-3.0_x-20.0_20.0,right,forward,forward_right,1
2764,-7.000,-4.500,0.500,0.000,H_y-3.0_x-20.0_20.0_forward_right,H_y-3.0_x-20.0_20.0,H_y-3.0_x-20.0_20.0,right,forward,forward_right,1
2765,-6.500,-4.500,0.500,0.000,H_y-3.0_x-20.0_20.0_forward_right,H_y-3.0_x-20.0_20.0,H_y-3.0_x-20.0_20.0,right,forward,forward_right,1
2766,-6.000,-4.500,0.500,0.000,H_y-3.0_x-20.0_20.0_forward_right,H_y-3.0_x-20.0_20.0,H_y-3.0_x-20.0_20.0,right,forward,forward_right,1
2767,-5.500,-4.500,0.500,0.000,H_y-3.0_x-20.0_20.0_forward_right,H_y-3.0_x-20.0_20.0,H_y-3.0_x-20.0_20.0,right,forward,forward_right,1
2768,-5.000,-4.500,0.500,0.000,H_y-3.0_x-20.0_20.0_forward_right,H_y-3.0_x-20.0_20.0,H_y-3.0_x-20.0_20.0,right,forward,forward_right,1
2769,-4.500,-4.500,0.500,0.000,H_y-3.0_x-20.0_20.0_forward_right,H_y-3.0_x-20.0_20.0,H_y-3.0_x-20.0_20.0,right,forward,forward_right,1
2770,-4.000,-4.500,0.500,0.000,H_y-3.0_x-20.0_20.0_forward_right,H_y-3.0_x-20.0_20.0,H_y-3.0_x-20.0_20.0,right,forward,forward_right,1
2771,-3.500,-4.500,0.500,0.000,H_y-3.0_x-20.0_20.0_forward_right,H_y-3.0_x-20.0_20.0,H_y-3.0_x-20.0_20.0,right,forward,forward_right,1
2772,-3.000,-4.500,0.500,0.000,H_y-3.0_x-20.0_20.0_forward_right,H_y-3.0_x-20.0_20.0,H_y-3.0_x-20.0_20.0,right,forward,forward_right,1
2773,-2.500,-4.500,0.500,0.000,H_y-3.0_x-20.0_20.0_forward_right,H_y-3.0_x-20.0_20.0,H_y-3.0_x-20.0_20.0,right,forward,forward_right,1
2774,-2.000,-4.500,0.500,0.000,H_y-3.0_x-20.0_20.0_forward_right,H_y-3.0_x-20.0_20.0,H_y-3.0_x-20.0_20.0,right,forward,forward_right,1
2775,-1.500,-4.500,0.500,0.000,H_y-3.0_x-20.0_20.0_forward_right,H_y-3.0_x-20.0_20.0,H_y-3.0_x-20.0_20.0,right,forward,forward_right,1
2776,-1.000,-4.500,0.500,0.000,H_y-3.0_x-20.0_20.0_forward_right,H_y-3.0_x-20.0_20.0,H_y-3.0_x-20.0_20.0,right,forward,forward_right,1
2777,-0.500,-4.500,0.500,0.000,H_y-3.0_x-20.0_20.0_forward_right,H_y-3.0_x-20.0_20.0,H_y-3.0_x-20.0_20.0,right,forward,forward_right,1
2778,0.000,-4.500,0.500,0.000,H_y-3.0_x-20.0_20.0_forward_right,H_y-3.0_x-20.0_20.0,H_y-3.0_x-20.0_20.0,right,forward,forward_right,1
2779,0.500,-4.500,0.500,0.000,H_y-3.0_x-20.0_20.0_forward_right,H_y-3.0_x-20.0_20.0,H_y-3.0_x-20.0_20.0,right,forward,forward_right,1
2780,1.000,-4.500,0.500,0.000,H_y-3.0_x-20.0_20.0_forward_right,H_y-3.0_x-20.0_20.0,H_y-3.0_x-20.0_20.0,right,forward,forward_right,1
2781,1.500,-4.500,0.500,0.000,H_y-3.0_x-20.0_20.0_forward_right,H_y-3.0_x-20.0_20.0,H_y-3.0_x-20.0_20.0,right,forward,forward_right,1
2782,2.000,-4.500,0.500,0.000,H_y-3.0_x-20.0_20.0_forward_right,H_y-3.0_x-20.0_20.0,H_y-3.0_x-20.0_20.0,right,forward,forward_right,1
2783,2.500,-4.500,0.500,0.000,H_y-3.0_x-20.0_20.0_forward_right,H_y-3.0_x-20.0_20.0,H_y-3.0_x-20.0_20.0,right,forward,forward_right,1
2784,3.000,-4.500,0.500,0.000,H_y-3.0_x-20.0_20.0_forward_right,H_y-3.0_x-20.0_20.0,H_y-3.0_x-20.0_20.0,right,forward,forward_right,1
2785,3.500,-4.500,0.500,0.000,H_y-3.0_x-20.0_20.0_forward_right,H_y-3.0_x-20.0_20.0,H_y-3.0_x-20.0_20.0,right,forward,forward_right,1
2786,4.000,-4.500,0.500,0.000,H_y-3.0_x-20.0_20.0_forward_right,H_y-3.0_x-20.0_20.0,H_y-3.0_x-20.0_20.0,right,forward,forward_right,1
2787,4.500,-4.500,0.500,0.000,H_y-3.0_x-20.0_20.0_forward_right,H_y-3.0_x-20.0_20.0,H_y-3.0_x-20.0_20.0,right,forward,forward_right,1
2788,5.000,-4.500,0.500,0.000,H_y-3.0_x-20.0_20.0_forward_right,H_y-3.0_x-20.0_20.0,H_y-3.0_x-20.0_20.0,right,forward,forward_right,1
2789,5.500,-4.500,0.500,0.000,H_y-3.0_x-20.0_20.0_forward_right,H_y-3.0_x-20.0_20.0,H_y-3.0_x-20.0_20.0,right,forward,forward_right,1
2790,6.000,-4.500,0.500,0.000,H_y-3.0_x-20.0_20.0_forward_right,H_y-3.0_x-20.0_20.0,H_y-3.0_x-20.0_20.0,right,forward,forward_right,1
2791,6.500,-4.500,0.500,0.000,H_y-3.0_x-20.0_20.0_forward_right,H_y-3.0_x-20.0_20.0,H_y-3.0_x-20.0_20.0,right,forward,forward_right,1
2792,7.000,-4.500,0.500,0.000,H_y-3.0_x-20.0_20.0_forward_right,H_y-3.0_x-20.0_20.0,H_y-3.0_x-20.0_20.0,right,forward,forward_right,1
2793,7.500,-4.500,0.500,0.000,H_y-3.0_x-20.0_20.0_forward_right,H_y-3.0_x-20.0_20.0,H_y-3.0_x-20.0_20.0,right,forward,forward_right,1
2794,8.000,-4.500,0.500,0.000,H_y-3.0_x-20.0_20.0_forward_right,H_y-3.0_x-20.0_20.0,H_y-3.0_x-20.0_20.0,right,forward,forward_right,1
2795,8.500,-4.500,0.500,0.000,H_y-3.0_x-20.0_20.0_forward_right,H_y-3.0_x-20.0_20.0,H_y-3.0_x-20.0_20.0,right,forward,forward_right,1
2796,9.000,-4.500,0.500,0.000,H_y-3.0_x-20.0_20.0_forward_right,H_y-3.0_x-20.0_20.0,H_y-3.0_x-20.0_20.0,right,forward,forward_right,1
2797,9.500,-4.500,0.500,0.000,H_y-3.0_x-20.0_20.0_forward_right,H_y-3.0_x-20.0_20.0,H_y-3.0_x-20.0_20.0,right,forward,forward_right,1
2798,10.000,-4.500,0.500,0.000,H_y-3.0_x-20.0_20.0_forward_right,H_y-3.0_x-20.0_20.0,H_y-3.0_x-20.0_20.0,right,forward,forward_right,1
2799,10.500,-4.500,0.500,0.000,H_y-3.0_x-20.0_20.0_forward_right,H_y-3.0_x-20.0_20.0,H_y-3.0_x-20.0_20.0,right,forward,forward_right,1
2800,11.000,-4.500,0.500,0.000,H_y-3.0_x-20.0_20.0_forward_right,H_y-3.0_x-20.0_20.0,H_y-3.0_x-20.0_20.0,right,forward,forward_right,1
2801,11.500,-4.500,0.500,0.000,H_y-3.0_x-20.0_20.0_forward_right,H_y-3.0_x-20.0_20.0,H_y-3.0_x-20.0_20.0,right,forward,forward_right,1
2802,12.000,-4.500,0.500,0.000,H_y-3.0_x-20.0_20.0_forward_right,H_y-3.0_x-20.0_20.0,H_y-3.0_x-20.0_20.0,right,forward,forward_right,1
2803,12.500,-4.500,0.500,0.000,H_y-3.0_x-20.0_20.0_forward_right,H_y-3.0_x-20.0_20.0,H_y-3.0_x-20.0_20.0,right,forward,forward_right,1
2804,13.000,-4.500,0.500,0.000,H_y-3.0_x-20.0_20.0_forward_right,H_y-3.0_x-20.0_20.0,H_y-3.0_x-20.0_20.0,right,forward,forward_right,1
2805,13.500,-4.500,0.500,0.000,H_y-3.0_x-20.0_20.0_forward_right,H_y-3.0_x-20.0_20.0,H_y-3.0_x-20.0_20.0,right,forward,forward_right,1
2806,14.000,-4.500,0.500,0.000,H_y-3.0_x-20.0_20.0_forward_right,H_y-3.0_x-20.0_20.0,H_y-3.0_x-20.0_20.0,right,forward,forward_right,1
2807,14.500,-4.500,0.500,0.000,H_y-3.0_x-20.0_20.0_forward_right,H_y-3.0_x-20.0_20.0,H_y-3.0_x-20.0_20.0,right,forward,forward_right,1
2808,15.000,-4.500,0.500,0.000,H_y-3.0_x-20.0_20.0_forward_right,H_y-3.0_x-20.0_20.0,H_y-3.0_x-20.0_20.0,right,forward,forward_right,1
2809,15.500,-4.500,0.500,0.000,H_y-3.0_x-20.0_20.0_forward_right,H_y-3.0_x-20.0_20.0,H_y-3.0_x-20.0_20.0,right,forward,forward_right,1
2810,16.000,-4.500,0.500,0.000,H_y-3.0_x-20.0_20.0_forward_right,H_y-3.0_x-20.0_20.0,H_y-3.0_x-20.0_20.0,right,forward,forward_right,1
2811,16.500,-4.500,0.500,0.000,H_y-3.0_x-20.0_20.0_forward_right,H_y-3.0_x-20.0_20.0,H_y-3.0_x-20.0_20.0,right,forward,forward_right,1
2812,17.000,-4.500,0.500,0.000,H_y-3.0_x-20.0_20.0_forward_right,H_y-3.0_x-20.0_20.0,H_y-3.0_x-20.0_20.0,right,forward,forward_right,1
2813,17.500,-4.500,0.500,0.000,H_y-3.0_x-20.0_20.0_forward_right,H_y-3.0_x-20.0_20.0,H_y-3.0_x-20.0_20.0,right,forward,forward_right,1
2814,18.000,-4.500,0.500,0.000,H_y-3.0_x-20.0_20.0_forward_right,H_y-3.0_x-20.0_20.0,H_y-3.0_x-20.0_20.0,right,forward,forward_right,1
2815,18.500,-4.500,0.500,0.000,H_y-3.0_x-20.0_20.0_forward_right,H_y-3.0_x-20.0_20.0,H_y-3.0_x-20.0_20.0,right,forward,forward_right,1
2816,19.000,-4.500,0.500,0.000,H_y-3.0_x-20.0_20.0_forward_right,H_y-3.0_x-20.0_20.0,H_y-3.0_x-20.0_20.0,right,forward,forward_right,1
2817,19.500,-4.500,0.500,0.000,H_y-3.0_x-20.0_20.0_forward_right,H_y-3.0_x-20.0_20.0,H_y-3.0_x-20.0_20.0,right,forward,forward_right,1
2818,20.000,-4.500,0.500,0.000,H_y-3.0_x-20.0_20.0_forward_right,H_y-3.0_x-20.0_20.0,H_y-3.0_x-20.0_20.0,right,forward,forward_right,0
2819,20.000,-4.500,0.500,180.000,H_y-3.0_x-20.0_20.0_reverse_left,H_y-3.0_x-20.0_20.0,H_y-3.0_x-20.0_20.0,left,reverse,reverse_left,1
2820,19.500,-4.500,0.500,180.000,H_y-3.0_x-20.0_20.0_reverse_left,H_y-3.0_x-20.0_20.0,H_y-3.0_x-20.0_20.0,left,reverse,reverse_left,1
2821,19.000,-4.500,0.500,180.000,H_y-3.0_x-20.0_20.0_reverse_left,H_y-3.0_x-20.0_20.0,H_y-3.0_x-20.0_20.0,left,reverse,reverse_left,1
2822,18.500,-4.500,0.500,180.000,H_y-3.0_x-20.0_20.0_reverse_left,H_y-3.0_x-20.0_20.0,H_y-3.0_x-20.0_20.0,left,reverse,reverse_left,1
2823,18.000,-4.500,0.500,180.000,H_y-3.0_x-20.0_20.0_reverse_left,H_y-3.0_x-20.0_20.0,H_y-3.0_x-20.0_20.0,left,reverse,reverse_left,1
2824,17.500,-4.500,0.500,180.000,H_y-3.0_x-20.0_20.0_reverse_left,H_y-3.0_x-20.0_20.0,H_y-3.0_x-20.0_20.0,left,reverse,reverse_left,1
2825,17.000,-4.500,0.500,180.000,H_y-3.0_x-20.0_20.0_reverse_left,H_y-3.0_x-20.0_20.0,H_y-3.0_x-20.0_20.0,left,reverse,reverse_left,1
2826,16.500,-4.500,0.500,180.000,H_y-3.0_x-20.0_20.0_reverse_left,H_y-3.0_x-20.0_20.0,H_y-3.0_x-20.0_20.0,left,reverse,reverse_left,1
2827,16.000,-4.500,0.500,180.000,H_y-3.0_x-20.0_20.0_reverse_left,H_y-3.0_x-20.0_20.0,H_y-3.0_x-20.0_20.0,left,reverse,reverse_left,1
2828,15.500,-4.500,0.500,180.000,H_y-3.0_x-20.0_20.0_reverse_left,H_y-3.0_x-20.0_20.0,H_y-3.0_x-20.0_20.0,left,reverse,reverse_left,1
2829,15.000,-4.500,0.500,180.000,H_y-3.0_x-20.0_20.0_reverse_left,H_y-3.0_x-20.0_20.0,H_y-3.0_x-20.0_20.0,left,reverse,reverse_left,1
2830,14.500,-4.500,0.500,180.000,H_y-3.0_x-20.0_20.0_reverse_left,H_y-3.0_x-20.0_20.0,H_y-3.0_x-20.0_20.0,left,reverse,reverse_left,1
2831,14.000,-4.500,0.500,180.000,H_y-3.0_x-20.0_20.0_reverse_left,H_y-3.0_x-20.0_20.0,H_y-3.0_x-20.0_20.0,left,reverse,reverse_left,1
2832,13.500,-4.500,0.500,180.000,H_y-3.0_x-20.0_20.0_reverse_left,H_y-3.0_x-20.0_20.0,H_y-3.0_x-20.0_20.0,left,reverse,reverse_left,1
2833,13.000,-4.500,0.500,180.000,H_y-3.0_x-20.0_20.0_reverse_left,H_y-3.0_x-20.0_20.0,H_y-3.0_x-20.0_20.0,left,reverse,reverse_left,1
2834,12.500,-4.500,0.500,180.000,H_y-3.0_x-20.0_20.0_reverse_left,H_y-3.0_x-20.0_20.0,H_y-3.0_x-20.0_20.0,left,reverse,reverse_left,1
2835,12.000,-4.500,0.500,180.000,H_y-3.0_x-20.0_20.0_reverse_left,H_y-3.0_x-20.0_20.0,H_y-3.0_x-20.0_20.0,left,reverse,reverse_left,1
2836,11.500,-4.500,0.500,180.000,H_y-3.0_x-20.0_20.0_reverse_left,H_y-3.0_x-20.0_20.0,H_y-3.0_x-20.0_20.0,left,reverse,reverse_left,1
2837,11.000,-4.500,0.500,180.000,H_y-3.0_x-20.0_20.0_reverse_left,H_y-3.0_x-20.0_20.0,H_y-3.0_x-20.0_20.0,left,reverse,reverse_left,1
2838,10.500,-4.500,0.500,180.000,H_y-3.0_x-20.0_20.0_reverse_left,H_y-3.0_x-20.0_20.0,H_y-3.0_x-20.0_20.0,left,reverse,reverse_left,1
2839,10.000,-4.500,0.500,180.000,H_y-3.0_x-20.0_20.0_reverse_left,H_y-3.0_x-20.0_20.0,H_y-3.0_x-20.0_20.0,left,reverse,reverse_left,1
2840,9.500,-4.500,0.500,180.000,H_y-3.0_x-20.0_20.0_reverse_left,H_y-3.0_x-20.0_20.0,H_y-3.0_x-20.0_20.0,left,reverse,reverse_left,1
2841,9.000,-4.500,0.500,180.000,H_y-3.0_x-20.0_20.0_reverse_left,H_y-3.0_x-20.0_20.0,H_y-3.0_x-20.0_20.0,left,reverse,reverse_left,1
2842,8.500,-4.500,0.500,180.000,H_y-3.0_x-20.0_20.0_reverse_left,H_y-3.0_x-20.0_20.0,H_y-3.0_x-20.0_20.0,left,reverse,reverse_left,1
2843,8.000,-4.500,0.500,180.000,H_y-3.0_x-20.0_20.0_reverse_left,H_y-3.0_x-20.0_20.0,H_y-3.0_x-20.0_20.0,left,reverse,reverse_left,1
2844,7.500,-4.500,0.500,180.000,H_y-3.0_x-20.0_20.0_reverse_left,H_y-3.0_x-20.0_20.0,H_y-3.0_x-20.0_20.0,left,reverse,reverse_left,1
2845,7.000,-4.500,0.500,180.000,H_y-3.0_x-20.0_20.0_reverse_left,H_y-3.0_x-20.0_20.0,H_y-3.0_x-20.0_20.0,left,reverse,reverse_left,1
2846,6.500,-4.500,0.500,180.000,H_y-3.0_x-20.0_20.0_reverse_left,H_y-3.0_x-20.0_20.0,H_y-3.0_x-20.0_20.0,left,reverse,reverse_left,1
2847,6.000,-4.500,0.500,180.000,H_y-3.0_x-20.0_20.0_reverse_left,H_y-3.0_x-20.0_20.0,H_y-3.0_x-20.0_20.0,left,reverse,reverse_left,1
2848,5.500,-4.500,0.500,180.000,H_y-3.0_x-20.0_20.0_reverse_left,H_y-3.0_x-20.0_20.0,H_y-3.0_x-20.0_20.0,left,reverse,reverse_left,1
2849,5.000,-4.500,0.500,180.000,H_y-3.0_x-20.0_20.0_reverse_left,H_y-3.0_x-20.0_20.0,H_y-3.0_x-20.0_20.0,left,reverse,reverse_left,1
2850,4.500,-4.500,0.500,180.000,H_y-3.0_x-20.0_20.0_reverse_left,H_y-3.0_x-20.0_20.0,H_y-3.0_x-20.0_20.0,left,reverse,reverse_left,1
2851,4.000,-4.500,0.500,180.000,H_y-3.0_x-20.0_20.0_reverse_left,H_y-3.0_x-20.0_20.0,H_y-3.0_x-20.0_20.0,left,reverse,reverse_left,1
2852,3.500,-4.500,0.500,180.000,H_y-3.0_x-20.0_20.0_reverse_left,H_y-3.0_x-20.0_20.0,H_y-3.0_x-20.0_20.0,left,reverse,reverse_left,1
2853,3.000,-4.500,0.500,180.000,H_y-3.0_x-20.0_20.0_reverse_left,H_y-3.0_x-20.0_20.0,H_y-3.0_x-20.0_20.0,left,reverse,reverse_left,1
2854,2.500,-4.500,0.500,180.000,H_y-3.0_x-20.0_20.0_reverse_left,H_y-3.0_x-20.0_20.0,H_y-3.0_x-20.0_20.0,left,reverse,reverse_left,1
2855,2.000,-4.500,0.500,180.000,H_y-3.0_x-20.0_20.0_reverse_left,H_y-3.0_x-20.0_20.0,H_y-3.0_x-20.0_20.0,left,reverse,reverse_left,1
2856,1.500,-4.500,0.500,180.000,H_y-3.0_x-20.0_20.0_reverse_left,H_y-3.0_x-20.0_20.0,H_y-3.0_x-20.0_20.0,left,reverse,reverse_left,1
2857,1.000,-4.500,0.500,180.000,H_y-3.0_x-20.0_20.0_reverse_left,H_y-3.0_x-20.0_20.0,H_y-3.0_x-20.0_20.0,left,reverse,reverse_left,1
2858,0.500,-4.500,0.500,180.000,H_y-3.0_x-20.0_20.0_reverse_left,H_y-3.0_x-20.0_20.0,H_y-3.0_x-20.0_20.0,left,reverse,reverse_left,1
2859,-0.000,-4.500,0.500,180.000,H_y-3.0_x-20.0_20.0_reverse_left,H_y-3.0_x-20.0_20.0,H_y-3.0_x-20.0_20.0,left,reverse,reverse_left,1
2860,-0.500,-4.500,0.500,180.000,H_y-3.0_x-20.0_20.0_reverse_left,H_y-3.0_x-20.0_20.0,H_y-3.0_x-20.0_20.0,left,reverse,reverse_left,1
2861,-1.000,-4.500,0.500,180.000,H_y-3.0_x-20.0_20.0_reverse_left,H_y-3.0_x-20.0_20.0,H_y-3.0_x-20.0_20.0,left,reverse,reverse_left,1
2862,-1.500,-4.500,0.500,180.000,H_y-3.0_x-20.0_20.0_reverse_left,H_y-3.0_x-20.0_20.0,H_y-3.0_x-20.0_20.0,left,reverse,reverse_left,1
2863,-2.000,-4.500,0.500,180.000,H_y-3.0_x-20.0_20.0_reverse_left,H_y-3.0_x-20.0_20.0,H_y-3.0_x-20.0_20.0,left,reverse,reverse_left,1
2864,-2.500,-4.500,0.500,180.000,H_y-3.0_x-20.0_20.0_reverse_left,H_y-3.0_x-20.0_20.0,H_y-3.0_x-20.0_20.0,left,reverse,reverse_left,1
2865,-3.000,-4.500,0.500,180.000,H_y-3.0_x-20.0_20.0_reverse_left,H_y-3.0_x-20.0_20.0,H_y-3.0_x-20.0_20.0,left,reverse,reverse_left,1
2866,-3.500,-4.500,0.500,180.000,H_y-3.0_x-20.0_20.0_reverse_left,H_y-3.0_x-20.0_20.0,H_y-3.0_x-20.0_20.0,left,reverse,reverse_left,1
2867,-4.000,-4.500,0.500,180.000,H_y-3.0_x-20.0_20.0_reverse_left,H_y-3.0_x-20.0_20.0,H_y-3.0_x-20.0_20.0,left,reverse,reverse_left,1
2868,-4.500,-4.500,0.500,180.000,H_y-3.0_x-20.0_20.0_reverse_left,H_y-3.0_x-20.0_20.0,H_y-3.0_x-20.0_20.0,left,reverse,reverse_left,1
2869,-5.000,-4.500,0.500,180.000,H_y-3.0_x-20.0_20.0_reverse_left,H_y-3.0_x-20.0_20.0,H_y-3.0_x-20.0_20.0,left,reverse,reverse_left,1
2870,-5.500,-4.500,0.500,180.000,H_y-3.0_x-20.0_20.0_reverse_left,H_y-3.0_x-20.0_20.0,H_y-3.0_x-20.0_20.0,left,reverse,reverse_left,1
2871,-6.000,-4.500,0.500,180.000,H_y-3.0_x-20.0_20.0_reverse_left,H_y-3.0_x-20.0_20.0,H_y-3.0_x-20.0_20.0,left,reverse,reverse_left,1
2872,-6.500,-4.500,0.500,180.000,H_y-3.0_x-20.0_20.0_reverse_left,H_y-3.0_x-20.0_20.0,H_y-3.0_x-20.0_20.0,left,reverse,reverse_left,1
2873,-7.000,-4.500,0.500,180.000,H_y-3.0_x-20.0_20.0_reverse_left,H_y-3.0_x-20.0_20.0,H_y-3.0_x-20.0_20.0,left,reverse,reverse_left,1
2874,-7.500,-4.500,0.500,180.000,H_y-3.0_x-20.0_20.0_reverse_left,H_y-3.0_x-20.0_20.0,H_y-3.0_x-20.0_20.0,left,reverse,reverse_left,1
2875,-8.000,-4.500,0.500,180.000,H_y-3.0_x-20.0_20.0_reverse_left,H_y-3.0_x-20.0_20.0,H_y-3.0_x-20.0_20.0,left,reverse,reverse_left,1
2876,-8.500,-4.500,0.500,180.000,H_y-3.0_x-20.0_20.0_reverse_left,H_y-3.0_x-20.0_20.0,H_y-3.0_x-20.0_20.0,left,reverse,reverse_left,1
2877,-9.000,-4.500,0.500,180.000,H_y-3.0_x-20.0_20.0_reverse_left,H_y-3.0_x-20.0_20.0,H_y-3.0_x-20.0_20.0,left,reverse,reverse_left,1
2878,-9.500,-4.500,0.500,180.000,H_y-3.0_x-20.0_20.0_reverse_left,H_y-3.0_x-20.0_20.0,H_y-3.0_x-20.0_20.0,left,reverse,reverse_left,1
2879,-10.000,-4.500,0.500,180.000,H_y-3.0_x-20.0_20.0_reverse_left,H_y-3.0_x-20.0_20.0,H_y-3.0_x-20.0_20.0,left,reverse,reverse_left,1
2880,-10.500,-4.500,0.500,180.000,H_y-3.0_x-20.0_20.0_reverse_left,H_y-3.0_x-20.0_20.0,H_y-3.0_x-20.0_20.0,left,reverse,reverse_left,1
2881,-11.000,-4.500,0.500,180.000,H_y-3.0_x-20.0_20.0_reverse_left,H_y-3.0_x-20.0_20.0,H_y-3.0_x-20.0_20.0,left,reverse,reverse_left,1
2882,-11.500,-4.500,0.500,180.000,H_y-3.0_x-20.0_20.0_reverse_left,H_y-3.0_x-20.0_20.0,H_y-3.0_x-20.0_20.0,left,reverse,reverse_left,1
2883,-12.000,-4.500,0.500,180.000,H_y-3.0_x-20.0_20.0_reverse_left,H_y-3.0_x-20.0_20.0,H_y-3.0_x-20.0_20.0,left,reverse,reverse_left,1
2884,-12.500,-4.500,0.500,180.000,H_y-3.0_x-20.0_20.0_reverse_left,H_y-3.0_x-20.0_20.0,H_y-3.0_x-20.0_20.0,left,reverse,reverse_left,1
2885,-13.000,-4.500,0.500,180.000,H_y-3.0_x-20.0_20.0_reverse_left,H_y-3.0_x-20.0_20.0,H_y-3.0_x-20.0_20.0,left,reverse,reverse_left,1
2886,-13.500,-4.500,0.500,180.000,H_y-3.0_x-20.0_20.0_reverse_left,H_y-3.0_x-20.0_20.0,H_y-3.0_x-20.0_20.0,left,reverse,reverse_left,1
2887,-14.000,-4.500,0.500,180.000,H_y-3.0_x-20.0_20.0_reverse_left,H_y-3.0_x-20.0_20.0,H_y-3.0_x-20.0_20.0,left,reverse,reverse_left,1
2888,-14.500,-4.500,0.500,180.000,H_y-3.0_x-20.0_20.0_reverse_left,H_y-3.0_x-20.0_20.0,H_y-3.0_x-20.0_20.0,left,reverse,reverse_left,1
2889,-15.000,-4.500,0.500,180.000,H_y-3.0_x-20.0_20.0_reverse_left,H_y-3.0_x-20.0_20.0,H_y-3.0_x-20.0_20.0,left,reverse,reverse_left,1
2890,-15.500,-4.500,0.500,180.000,H_y-3.0_x-20.0_20.0_reverse_left,H_y-3.0_x-20.0_20.0,H_y-3.0_x-20.0_20.0,left,reverse,reverse_left,1
2891,-16.000,-4.500,0.500,180.000,H_y-3.0_x-20.0_20.0_reverse_left,H_y-3.0_x-20.0_20.0,H_y-3.0_x-20.0_20.0,left,reverse,reverse_left,1
2892,-16.500,-4.500,0.500,180.000,H_y-3.0_x-20.0_20.0_reverse_left,H_y-3.0_x-20.0_20.0,H_y-3.0_x-20.0_20.0,left,reverse,reverse_left,1
2893,-17.000,-4.500,0.500,180.000,H_y-3.0_x-20.0_20.0_reverse_left,H_y-3.0_x-20.0_20.0,H_y-3.0_x-20.0_20.0,left,reverse,reverse_left,1
2894,-17.500,-4.500,0.500,180.000,H_y-3.0_x-20.0_20.0_reverse_left,H_y-3.0_x-20.0_20.0,H_y-3.0_x-20.0_20.0,left,reverse,reverse_left,1
2895,-18.000,-4.500,0.500,180.000,H_y-3.0_x-20.0_20.0_reverse_left,H_y-3.0_x-20.0_20.0,H_y-3.0_x-20.0_20.0,left,reverse,reverse_left,1
2896,-18.500,-4.500,0.500,180.000,H_y-3.0_x-20.0_20.0_reverse_left,H_y-3.0_x-20.0_20.0,H_y-3.0_x-20.0_20.0,left,reverse,reverse_left,1
2897,-19.000,-4.500,0.500,180.000,H_y-3.0_x-20.0_20.0_reverse_left,H_y-3.0_x-20.0_20.0,H_y-3.0_x-20.0_20.0,left,reverse,reverse_left,1
2898,-19.500,-4.500,0.500,180.000,H_y-3.0_x-20.0_20.0_reverse_left,H_y-3.0_x-20.0_20.0,H_y-3.0_x-20.0_20.0,left,reverse,reverse_left,1
2899,-20.000,-4.500,0.500,180.000,H_y-3.0_x-20.0_20.0_reverse_left,H_y-3.0_x-20.0_20.0,H_y-3.0_x-20.0_20.0,left,reverse,reverse_left,0
2900,20.000,-1.500,0.500,180.000,H_y-3.0_x-20.0_20.0_reverse_right,H_y-3.0_x-20.0_20.0,H_y-3.0_x-20.0_20.0,right,reverse,reverse_right,1
2901,19.500,-1.500,0.500,180.000,H_y-3.0_x-20.0_20.0_reverse_right,H_y-3.0_x-20.0_20.0,H_y-3.0_x-20.0_20.0,right,reverse,reverse_right,1
2902,19.000,-1.500,0.500,180.000,H_y-3.0_x-20.0_20.0_reverse_right,H_y-3.0_x-20.0_20.0,H_y-3.0_x-20.0_20.0,right,reverse,reverse_right,1
2903,18.500,-1.500,0.500,180.000,H_y-3.0_x-20.0_20.0_reverse_right,H_y-3.0_x-20.0_20.0,H_y-3.0_x-20.0_20.0,right,reverse,reverse_right,1
2904,18.000,-1.500,0.500,180.000,H_y-3.0_x-20.0_20.0_reverse_right,H_y-3.0_x-20.0_20.0,H_y-3.0_x-20.0_20.0,right,reverse,reverse_right,1
2905,17.500,-1.500,0.500,180.000,H_y-3.0_x-20.0_20.0_reverse_right,H_y-3.0_x-20.0_20.0,H_y-3.0_x-20.0_20.0,right,reverse,reverse_right,1
2906,17.000,-1.500,0.500,180.000,H_y-3.0_x-20.0_20.0_reverse_right,H_y-3.0_x-20.0_20.0,H_y-3.0_x-20.0_20.0,right,reverse,reverse_right,1
2907,16.500,-1.500,0.500,180.000,H_y-3.0_x-20.0_20.0_reverse_right,H_y-3.0_x-20.0_20.0,H_y-3.0_x-20.0_20.0,right,reverse,reverse_right,1
2908,16.000,-1.500,0.500,180.000,H_y-3.0_x-20.0_20.0_reverse_right,H_y-3.0_x-20.0_20.0,H_y-3.0_x-20.0_20.0,right,reverse,reverse_right,1
2909,15.500,-1.500,0.500,180.000,H_y-3.0_x-20.0_20.0_reverse_right,H_y-3.0_x-20.0_20.0,H_y-3.0_x-20.0_20.0,right,reverse,reverse_right,1
2910,15.000,-1.500,0.500,180.000,H_y-3.0_x-20.0_20.0_reverse_right,H_y-3.0_x-20.0_20.0,H_y-3.0_x-20.0_20.0,right,reverse,reverse_right,1
2911,14.500,-1.500,0.500,180.000,H_y-3.0_x-20.0_20.0_reverse_right,H_y-3.0_x-20.0_20.0,H_y-3.0_x-20.0_20.0,right,reverse,reverse_right,1
2912,14.000,-1.500,0.500,180.000,H_y-3.0_x-20.0_20.0_reverse_right,H_y-3.0_x-20.0_20.0,H_y-3.0_x-20.0_20.0,right,reverse,reverse_right,1
2913,13.500,-1.500,0.500,180.000,H_y-3.0_x-20.0_20.0_reverse_right,H_y-3.0_x-20.0_20.0,H_y-3.0_x-20.0_20.0,right,reverse,reverse_right,1
2914,13.000,-1.500,0.500,180.000,H_y-3.0_x-20.0_20.0_reverse_right,H_y-3.0_x-20.0_20.0,H_y-3.0_x-20.0_20.0,right,reverse,reverse_right,1
2915,12.500,-1.500,0.500,180.000,H_y-3.0_x-20.0_20.0_reverse_right,H_y-3.0_x-20.0_20.0,H_y-3.0_x-20.0_20.0,right,reverse,reverse_right,1
2916,12.000,-1.500,0.500,180.000,H_y-3.0_x-20.0_20.0_reverse_right,H_y-3.0_x-20.0_20.0,H_y-3.0_x-20.0_20.0,right,reverse,reverse_right,1
2917,11.500,-1.500,0.500,180.000,H_y-3.0_x-20.0_20.0_reverse_right,H_y-3.0_x-20.0_20.0,H_y-3.0_x-20.0_20.0,right,reverse,reverse_right,1
2918,11.000,-1.500,0.500,180.000,H_y-3.0_x-20.0_20.0_reverse_right,H_y-3.0_x-20.0_20.0,H_y-3.0_x-20.0_20.0,right,reverse,reverse_right,1
2919,10.500,-1.500,0.500,180.000,H_y-3.0_x-20.0_20.0_reverse_right,H_y-3.0_x-20.0_20.0,H_y-3.0_x-20.0_20.0,right,reverse,reverse_right,1
2920,10.000,-1.500,0.500,180.000,H_y-3.0_x-20.0_20.0_reverse_right,H_y-3.0_x-20.0_20.0,H_y-3.0_x-20.0_20.0,right,reverse,reverse_right,1
2921,9.500,-1.500,0.500,180.000,H_y-3.0_x-20.0_20.0_reverse_right,H_y-3.0_x-20.0_20.0,H_y-3.0_x-20.0_20.0,right,reverse,reverse_right,1
2922,9.000,-1.500,0.500,180.000,H_y-3.0_x-20.0_20.0_reverse_right,H_y-3.0_x-20.0_20.0,H_y-3.0_x-20.0_20.0,right,reverse,reverse_right,1
2923,8.500,-1.500,0.500,180.000,H_y-3.0_x-20.0_20.0_reverse_right,H_y-3.0_x-20.0_20.0,H_y-3.0_x-20.0_20.0,right,reverse,reverse_right,1
2924,8.000,-1.500,0.500,180.000,H_y-3.0_x-20.0_20.0_reverse_right,H_y-3.0_x-20.0_20.0,H_y-3.0_x-20.0_20.0,right,reverse,reverse_right,1
2925,7.500,-1.500,0.500,180.000,H_y-3.0_x-20.0_20.0_reverse_right,H_y-3.0_x-20.0_20.0,H_y-3.0_x-20.0_20.0,right,reverse,reverse_right,1
2926,7.000,-1.500,0.500,180.000,H_y-3.0_x-20.0_20.0_reverse_right,H_y-3.0_x-20.0_20.0,H_y-3.0_x-20.0_20.0,right,reverse,reverse_right,1
2927,6.500,-1.500,0.500,180.000,H_y-3.0_x-20.0_20.0_reverse_right,H_y-3.0_x-20.0_20.0,H_y-3.0_x-20.0_20.0,right,reverse,reverse_right,1
2928,6.000,-1.500,0.500,180.000,H_y-3.0_x-20.0_20.0_reverse_right,H_y-3.0_x-20.0_20.0,H_y-3.0_x-20.0_20.0,right,reverse,reverse_right,1
2929,5.500,-1.500,0.500,180.000,H_y-3.0_x-20.0_20.0_reverse_right,H_y-3.0_x-20.0_20.0,H_y-3.0_x-20.0_20.0,right,reverse,reverse_right,1
2930,5.000,-1.500,0.500,180.000,H_y-3.0_x-20.0_20.0_reverse_right,H_y-3.0_x-20.0_20.0,H_y-3.0_x-20.0_20.0,right,reverse,reverse_right,1
2931,4.500,-1.500,0.500,180.000,H_y-3.0_x-20.0_20.0_reverse_right,H_y-3.0_x-20.0_20.0,H_y-3.0_x-20.0_20.0,right,reverse,reverse_right,1
2932,4.000,-1.500,0.500,180.000,H_y-3.0_x-20.0_20.0_reverse_right,H_y-3.0_x-20.0_20.0,H_y-3.0_x-20.0_20.0,right,reverse,reverse_right,1
2933,3.500,-1.500,0.500,180.000,H_y-3.0_x-20.0_20.0_reverse_right,H_y-3.0_x-20.0_20.0,H_y-3.0_x-20.0_20.0,right,reverse,reverse_right,1
2934,3.000,-1.500,0.500,180.000,H_y-3.0_x-20.0_20.0_reverse_right,H_y-3.0_x-20.0_20.0,H_y-3.0_x-20.0_20.0,right,reverse,reverse_right,1
2935,2.500,-1.500,0.500,180.000,H_y-3.0_x-20.0_20.0_reverse_right,H_y-3.0_x-20.0_20.0,H_y-3.0_x-20.0_20.0,right,reverse,reverse_right,1
2936,2.000,-1.500,0.500,180.000,H_y-3.0_x-20.0_20.0_reverse_right,H_y-3.0_x-20.0_20.0,H_y-3.0_x-20.0_20.0,right,reverse,reverse_right,1
2937,1.500,-1.500,0.500,180.000,H_y-3.0_x-20.0_20.0_reverse_right,H_y-3.0_x-20.0_20.0,H_y-3.0_x-20.0_20.0,right,reverse,reverse_right,1
2938,1.000,-1.500,0.500,180.000,H_y-3.0_x-20.0_20.0_reverse_right,H_y-3.0_x-20.0_20.0,H_y-3.0_x-20.0_20.0,right,reverse,reverse_right,1
2939,0.500,-1.500,0.500,180.000,H_y-3.0_x-20.0_20.0_reverse_right,H_y-3.0_x-20.0_20.0,H_y-3.0_x-20.0_20.0,right,reverse,reverse_right,1
2940,0.000,-1.500,0.500,180.000,H_y-3.0_x-20.0_20.0_reverse_right,H_y-3.0_x-20.0_20.0,H_y-3.0_x-20.0_20.0,right,reverse,reverse_right,1
2941,-0.500,-1.500,0.500,180.000,H_y-3.0_x-20.0_20.0_reverse_right,H_y-3.0_x-20.0_20.0,H_y-3.0_x-20.0_20.0,right,reverse,reverse_right,1
2942,-1.000,-1.500,0.500,180.000,H_y-3.0_x-20.0_20.0_reverse_right,H_y-3.0_x-20.0_20.0,H_y-3.0_x-20.0_20.0,right,reverse,reverse_right,1
2943,-1.500,-1.500,0.500,180.000,H_y-3.0_x-20.0_20.0_reverse_right,H_y-3.0_x-20.0_20.0,H_y-3.0_x-20.0_20.0,right,reverse,reverse_right,1
2944,-2.000,-1.500,0.500,180.000,H_y-3.0_x-20.0_20.0_reverse_right,H_y-3.0_x-20.0_20.0,H_y-3.0_x-20.0_20.0,right,reverse,reverse_right,1
2945,-2.500,-1.500,0.500,180.000,H_y-3.0_x-20.0_20.0_reverse_right,H_y-3.0_x-20.0_20.0,H_y-3.0_x-20.0_20.0,right,reverse,reverse_right,1
2946,-3.000,-1.500,0.500,180.000,H_y-3.0_x-20.0_20.0_reverse_right,H_y-3.0_x-20.0_20.0,H_y-3.0_x-20.0_20.0,right,reverse,reverse_right,1
2947,-3.500,-1.500,0.500,180.000,H_y-3.0_x-20.0_20.0_reverse_right,H_y-3.0_x-20.0_20.0,H_y-3.0_x-20.0_20.0,right,reverse,reverse_right,1
2948,-4.000,-1.500,0.500,180.000,H_y-3.0_x-20.0_20.0_reverse_right,H_y-3.0_x-20.0_20.0,H_y-3.0_x-20.0_20.0,right,reverse,reverse_right,1
2949,-4.500,-1.500,0.500,180.000,H_y-3.0_x-20.0_20.0_reverse_right,H_y-3.0_x-20.0_20.0,H_y-3.0_x-20.0_20.0,right,reverse,reverse_right,1
2950,-5.000,-1.500,0.500,180.000,H_y-3.0_x-20.0_20.0_reverse_right,H_y-3.0_x-20.0_20.0,H_y-3.0_x-20.0_20.0,right,reverse,reverse_right,1
2951,-5.500,-1.500,0.500,180.000,H_y-3.0_x-20.0_20.0_reverse_right,H_y-3.0_x-20.0_20.0,H_y-3.0_x-20.0_20.0,right,reverse,reverse_right,1
2952,-6.000,-1.500,0.500,180.000,H_y-3.0_x-20.0_20.0_reverse_right,H_y-3.0_x-20.0_20.0,H_y-3.0_x-20.0_20.0,right,reverse,reverse_right,1
2953,-6.500,-1.500,0.500,180.000,H_y-3.0_x-20.0_20.0_reverse_right,H_y-3.0_x-20.0_20.0,H_y-3.0_x-20.0_20.0,right,reverse,reverse_right,1
2954,-7.000,-1.500,0.500,180.000,H_y-3.0_x-20.0_20.0_reverse_right,H_y-3.0_x-20.0_20.0,H_y-3.0_x-20.0_20.0,right,reverse,reverse_right,1
2955,-7.500,-1.500,0.500,180.000,H_y-3.0_x-20.0_20.0_reverse_right,H_y-3.0_x-20.0_20.0,H_y-3.0_x-20.0_20.0,right,reverse,reverse_right,1
2956,-8.000,-1.500,0.500,180.000,H_y-3.0_x-20.0_20.0_reverse_right,H_y-3.0_x-20.0_20.0,H_y-3.0_x-20.0_20.0,right,reverse,reverse_right,1
2957,-8.500,-1.500,0.500,180.000,H_y-3.0_x-20.0_20.0_reverse_right,H_y-3.0_x-20.0_20.0,H_y-3.0_x-20.0_20.0,right,reverse,reverse_right,1
2958,-9.000,-1.500,0.500,180.000,H_y-3.0_x-20.0_20.0_reverse_right,H_y-3.0_x-20.0_20.0,H_y-3.0_x-20.0_20.0,right,reverse,reverse_right,1
2959,-9.500,-1.500,0.500,180.000,H_y-3.0_x-20.0_20.0_reverse_right,H_y-3.0_x-20.0_20.0,H_y-3.0_x-20.0_20.0,right,reverse,reverse_right,1
2960,-10.000,-1.500,0.500,180.000,H_y-3.0_x-20.0_20.0_reverse_right,H_y-3.0_x-20.0_20.0,H_y-3.0_x-20.0_20.0,right,reverse,reverse_right,1
2961,-10.500,-1.500,0.500,180.000,H_y-3.0_x-20.0_20.0_reverse_right,H_y-3.0_x-20.0_20.0,H_y-3.0_x-20.0_20.0,right,reverse,reverse_right,1
2962,-11.000,-1.500,0.500,180.000,H_y-3.0_x-20.0_20.0_reverse_right,H_y-3.0_x-20.0_20.0,H_y-3.0_x-20.0_20.0,right,reverse,reverse_right,1
2963,-11.500,-1.500,0.500,180.000,H_y-3.0_x-20.0_20.0_reverse_right,H_y-3.0_x-20.0_20.0,H_y-3.0_x-20.0_20.0,right,reverse,reverse_right,1
2964,-12.000,-1.500,0.500,180.000,H_y-3.0_x-20.0_20.0_reverse_right,H_y-3.0_x-20.0_20.0,H_y-3.0_x-20.0_20.0,right,reverse,reverse_right,1
2965,-12.500,-1.500,0.500,180.000,H_y-3.0_x-20.0_20.0_reverse_right,H_y-3.0_x-20.0_20.0,H_y-3.0_x-20.0_20.0,right,reverse,reverse_right,1
2966,-13.000,-1.500,0.500,180.000,H_y-3.0_x-20.0_20.0_reverse_right,H_y-3.0_x-20.0_20.0,H_y-3.0_x-20.0_20.0,right,reverse,reverse_right,1
2967,-13.500,-1.500,0.500,180.000,H_y-3.0_x-20.0_20.0_reverse_right,H_y-3.0_x-20.0_20.0,H_y-3.0_x-20.0_20.0,right,reverse,reverse_right,1
2968,-14.000,-1.500,0.500,180.000,H_y-3.0_x-20.0_20.0_reverse_right,H_y-3.0_x-20.0_20.0,H_y-3.0_x-20.0_20.0,right,reverse,reverse_right,1
2969,-14.500,-1.500,0.500,180.000,H_y-3.0_x-20.0_20.0_reverse_right,H_y-3.0_x-20.0_20.0,H_y-3.0_x-20.0_20.0,right,reverse,reverse_right,1
2970,-15.000,-1.500,0.500,180.000,H_y-3.0_x-20.0_20.0_reverse_right,H_y-3.0_x-20.0_20.0,H_y-3.0_x-20.0_20.0,right,reverse,reverse_right,1
2971,-15.500,-1.500,0.500,180.000,H_y-3.0_x-20.0_20.0_reverse_right,H_y-3.0_x-20.0_20.0,H_y-3.0_x-20.0_20.0,right,reverse,reverse_right,1
2972,-16.000,-1.500,0.500,180.000,H_y-3.0_x-20.0_20.0_reverse_right,H_y-3.0_x-20.0_20.0,H_y-3.0_x-20.0_20.0,right,reverse,reverse_right,1
2973,-16.500,-1.500,0.500,180.000,H_y-3.0_x-20.0_20.0_reverse_right,H_y-3.0_x-20.0_20.0,H_y-3.0_x-20.0_20.0,right,reverse,reverse_right,1
2974,-17.000,-1.500,0.500,180.000,H_y-3.0_x-20.0_20.0_reverse_right,H_y-3.0_x-20.0_20.0,H_y-3.0_x-20.0_20.0,right,reverse,reverse_right,1
2975,-17.500,-1.500,0.500,180.000,H_y-3.0_x-20.0_20.0_reverse_right,H_y-3.0_x-20.0_20.0,H_y-3.0_x-20.0_20.0,right,reverse,reverse_right,1
2976,-18.000,-1.500,0.500,180.000,H_y-3.0_x-20.0_20.0_reverse_right,H_y-3.0_x-20.0_20.0,H_y-3.0_x-20.0_20.0,right,reverse,reverse_right,1
2977,-18.500,-1.500,0.500,180.000,H_y-3.0_x-20.0_20.0_reverse_right,H_y-3.0_x-20.0_20.0,H_y-3.0_x-20.0_20.0,right,reverse,reverse_right,1
2978,-19.000,-1.500,0.500,180.000,H_y-3.0_x-20.0_20.0_reverse_right,H_y-3.0_x-20.0_20.0,H_y-3.0_x-20.0_20.0,right,reverse,reverse_right,1
2979,-19.500,-1.500,0.500,180.000,H_y-3.0_x-20.0_20.0_reverse_right,H_y-3.0_x-20.0_20.0,H_y-3.0_x-20.0_20.0,right,reverse,reverse_right,1
2980,-20.000,-1.500,0.500,180.000,H_y-3.0_x-20.0_20.0_reverse_right,H_y-3.0_x-20.0_20.0,H_y-3.0_x-20.0_20.0,right,reverse,reverse_right,0
2981,-21.500,-34.000,0.500,90.000,V_x-20.0_y-34.0_-3.0_forward_left,V_x-20.0_y-34.0_-3.0,V_x-20.0_y-34.0_-3.0,left,forward,forward_left,1
2982,-21.500,-33.500,0.500,90.000,V_x-20.0_y-34.0_-3.0_forward_left,V_x-20.0_y-34.0_-3.0,V_x-20.0_y-34.0_-3.0,left,forward,forward_left,1
2983,-21.500,-33.000,0.500,90.000,V_x-20.0_y-34.0_-3.0_forward_left,V_x-20.0_y-34.0_-3.0,V_x-20.0_y-34.0_-3.0,left,forward,forward_left,1
2984,-21.500,-32.500,0.500,90.000,V_x-20.0_y-34.0_-3.0_forward_left,V_x-20.0_y-34.0_-3.0,V_x-20.0_y-34.0_-3.0,left,forward,forward_left,1
2985,-21.500,-32.000,0.500,90.000,V_x-20.0_y-34.0_-3.0_forward_left,V_x-20.0_y-34.0_-3.0,V_x-20.0_y-34.0_-3.0,left,forward,forward_left,1
2986,-21.500,-31.500,0.500,90.000,V_x-20.0_y-34.0_-3.0_forward_left,V_x-20.0_y-34.0_-3.0,V_x-20.0_y-34.0_-3.0,left,forward,forward_left,1
2987,-21.500,-31.000,0.500,90.000,V_x-20.0_y-34.0_-3.0_forward_left,V_x-20.0_y-34.0_-3.0,V_x-20.0_y-34.0_-3.0,left,forward,forward_left,1
2988,-21.500,-30.500,0.500,90.000,V_x-20.0_y-34.0_-3.0_forward_left,V_x-20.0_y-34.0_-3.0,V_x-20.0_y-34.0_-3.0,left,forward,forward_left,1
2989,-21.500,-30.000,0.500,90.000,V_x-20.0_y-34.0_-3.0_forward_left,V_x-20.0_y-34.0_-3.0,V_x-20.0_y-34.0_-3.0,left,forward,forward_left,1
2990,-21.500,-29.500,0.500,90.000,V_x-20.0_y-34.0_-3.0_forward_left,V_x-20.0_y-34.0_-3.0,V_x-20.0_y-34.0_-3.0,left,forward,forward_left,1
2991,-21.500,-29.000,0.500,90.000,V_x-20.0_y-34.0_-3.0_forward_left,V_x-20.0_y-34.0_-3.0,V_x-20.0_y-34.0_-3.0,left,forward,forward_left,1
2992,-21.500,-28.500,0.500,90.000,V_x-20.0_y-34.0_-3.0_forward_left,V_x-20.0_y-34.0_-3.0,V_x-20.0_y-34.0_-3.0,left,forward,forward_left,1
2993,-21.500,-28.000,0.500,90.000,V_x-20.0_y-34.0_-3.0_forward_left,V_x-20.0_y-34.0_-3.0,V_x-20.0_y-34.0_-3.0,left,forward,forward_left,1
2994,-21.500,-27.500,0.500,90.000,V_x-20.0_y-34.0_-3.0_forward_left,V_x-20.0_y-34.0_-3.0,V_x-20.0_y-34.0_-3.0,left,forward,forward_left,1
2995,-21.500,-27.000,0.500,90.000,V_x-20.0_y-34.0_-3.0_forward_left,V_x-20.0_y-34.0_-3.0,V_x-20.0_y-34.0_-3.0,left,forward,forward_left,1
2996,-21.500,-26.500,0.500,90.000,V_x-20.0_y-34.0_-3.0_forward_left,V_x-20.0_y-34.0_-3.0,V_x-20.0_y-34.0_-3.0,left,forward,forward_left,1
2997,-21.500,-26.000,0.500,90.000,V_x-20.0_y-34.0_-3.0_forward_left,V_x-20.0_y-34.0_-3.0,V_x-20.0_y-34.0_-3.0,left,forward,forward_left,1
2998,-21.500,-25.500,0.500,90.000,V_x-20.0_y-34.0_-3.0_forward_left,V_x-20.0_y-34.0_-3.0,V_x-20.0_y-34.0_-3.0,left,forward,forward_left,1
2999,-21.500,-25.000,0.500,90.000,V_x-20.0_y-34.0_-3.0_forward_left,V_x-20.0_y-34.0_-3.0,V_x-20.0_y-34.0_-3.0,left,forward,forward_left,1
3000,-21.500,-24.500,0.500,90.000,V_x-20.0_y-34.0_-3.0_forward_left,V_x-20.0_y-34.0_-3.0,V_x-20.0_y-34.0_-3.0,left,forward,forward_left,1
3001,-21.500,-24.000,0.500,90.000,V_x-20.0_y-34.0_-3.0_forward_left,V_x-20.0_y-34.0_-3.0,V_x-20.0_y-34.0_-3.0,left,forward,forward_left,1
3002,-21.500,-23.500,0.500,90.000,V_x-20.0_y-34.0_-3.0_forward_left,V_x-20.0_y-34.0_-3.0,V_x-20.0_y-34.0_-3.0,left,forward,forward_left,1
3003,-21.500,-23.000,0.500,90.000,V_x-20.0_y-34.0_-3.0_forward_left,V_x-20.0_y-34.0_-3.0,V_x-20.0_y-34.0_-3.0,left,forward,forward_left,1
3004,-21.500,-22.500,0.500,90.000,V_x-20.0_y-34.0_-3.0_forward_left,V_x-20.0_y-34.0_-3.0,V_x-20.0_y-34.0_-3.0,left,forward,forward_left,1
3005,-21.500,-22.000,0.500,90.000,V_x-20.0_y-34.0_-3.0_forward_left,V_x-20.0_y-34.0_-3.0,V_x-20.0_y-34.0_-3.0,left,forward,forward_left,1
3006,-21.500,-21.500,0.500,90.000,V_x-20.0_y-34.0_-3.0_forward_left,V_x-20.0_y-34.0_-3.0,V_x-20.0_y-34.0_-3.0,left,forward,forward_left,1
3007,-21.500,-21.000,0.500,90.000,V_x-20.0_y-34.0_-3.0_forward_left,V_x-20.0_y-34.0_-3.0,V_x-20.0_y-34.0_-3.0,left,forward,forward_left,1
3008,-21.500,-20.500,0.500,90.000,V_x-20.0_y-34.0_-3.0_forward_left,V_x-20.0_y-34.0_-3.0,V_x-20.0_y-34.0_-3.0,left,forward,forward_left,1
3009,-21.500,-20.000,0.500,90.000,V_x-20.0_y-34.0_-3.0_forward_left,V_x-20.0_y-34.0_-3.0,V_x-20.0_y-34.0_-3.0,left,forward,forward_left,1
3010,-21.500,-19.500,0.500,90.000,V_x-20.0_y-34.0_-3.0_forward_left,V_x-20.0_y-34.0_-3.0,V_x-20.0_y-34.0_-3.0,left,forward,forward_left,1
3011,-21.500,-19.000,0.500,90.000,V_x-20.0_y-34.0_-3.0_forward_left,V_x-20.0_y-34.0_-3.0,V_x-20.0_y-34.0_-3.0,left,forward,forward_left,1
3012,-21.500,-18.500,0.500,90.000,V_x-20.0_y-34.0_-3.0_forward_left,V_x-20.0_y-34.0_-3.0,V_x-20.0_y-34.0_-3.0,left,forward,forward_left,1
3013,-21.500,-18.000,0.500,90.000,V_x-20.0_y-34.0_-3.0_forward_left,V_x-20.0_y-34.0_-3.0,V_x-20.0_y-34.0_-3.0,left,forward,forward_left,1
3014,-21.500,-17.500,0.500,90.000,V_x-20.0_y-34.0_-3.0_forward_left,V_x-20.0_y-34.0_-3.0,V_x-20.0_y-34.0_-3.0,left,forward,forward_left,1
3015,-21.500,-17.000,0.500,90.000,V_x-20.0_y-34.0_-3.0_forward_left,V_x-20.0_y-34.0_-3.0,V_x-20.0_y-34.0_-3.0,left,forward,forward_left,1
3016,-21.500,-16.500,0.500,90.000,V_x-20.0_y-34.0_-3.0_forward_left,V_x-20.0_y-34.0_-3.0,V_x-20.0_y-34.0_-3.0,left,forward,forward_left,1
3017,-21.500,-16.000,0.500,90.000,V_x-20.0_y-34.0_-3.0_forward_left,V_x-20.0_y-34.0_-3.0,V_x-20.0_y-34.0_-3.0,left,forward,forward_left,1
3018,-21.500,-15.500,0.500,90.000,V_x-20.0_y-34.0_-3.0_forward_left,V_x-20.0_y-34.0_-3.0,V_x-20.0_y-34.0_-3.0,left,forward,forward_left,1
3019,-21.500,-15.000,0.500,90.000,V_x-20.0_y-34.0_-3.0_forward_left,V_x-20.0_y-34.0_-3.0,V_x-20.0_y-34.0_-3.0,left,forward,forward_left,1
3020,-21.500,-14.500,0.500,90.000,V_x-20.0_y-34.0_-3.0_forward_left,V_x-20.0_y-34.0_-3.0,V_x-20.0_y-34.0_-3.0,left,forward,forward_left,1
3021,-21.500,-14.000,0.500,90.000,V_x-20.0_y-34.0_-3.0_forward_left,V_x-20.0_y-34.0_-3.0,V_x-20.0_y-34.0_-3.0,left,forward,forward_left,1
3022,-21.500,-13.500,0.500,90.000,V_x-20.0_y-34.0_-3.0_forward_left,V_x-20.0_y-34.0_-3.0,V_x-20.0_y-34.0_-3.0,left,forward,forward_left,1
3023,-21.500,-13.000,0.500,90.000,V_x-20.0_y-34.0_-3.0_forward_left,V_x-20.0_y-34.0_-3.0,V_x-20.0_y-34.0_-3.0,left,forward,forward_left,1
3024,-21.500,-12.500,0.500,90.000,V_x-20.0_y-34.0_-3.0_forward_left,V_x-20.0_y-34.0_-3.0,V_x-20.0_y-34.0_-3.0,left,forward,forward_left,1
3025,-21.500,-12.000,0.500,90.000,V_x-20.0_y-34.0_-3.0_forward_left,V_x-20.0_y-34.0_-3.0,V_x-20.0_y-34.0_-3.0,left,forward,forward_left,1
3026,-21.500,-11.500,0.500,90.000,V_x-20.0_y-34.0_-3.0_forward_left,V_x-20.0_y-34.0_-3.0,V_x-20.0_y-34.0_-3.0,left,forward,forward_left,1
3027,-21.500,-11.000,0.500,90.000,V_x-20.0_y-34.0_-3.0_forward_left,V_x-20.0_y-34.0_-3.0,V_x-20.0_y-34.0_-3.0,left,forward,forward_left,1
3028,-21.500,-10.500,0.500,90.000,V_x-20.0_y-34.0_-3.0_forward_left,V_x-20.0_y-34.0_-3.0,V_x-20.0_y-34.0_-3.0,left,forward,forward_left,1
3029,-21.500,-10.000,0.500,90.000,V_x-20.0_y-34.0_-3.0_forward_left,V_x-20.0_y-34.0_-3.0,V_x-20.0_y-34.0_-3.0,left,forward,forward_left,1
3030,-21.500,-9.500,0.500,90.000,V_x-20.0_y-34.0_-3.0_forward_left,V_x-20.0_y-34.0_-3.0,V_x-20.0_y-34.0_-3.0,left,forward,forward_left,1
3031,-21.500,-9.000,0.500,90.000,V_x-20.0_y-34.0_-3.0_forward_left,V_x-20.0_y-34.0_-3.0,V_x-20.0_y-34.0_-3.0,left,forward,forward_left,1
3032,-21.500,-8.500,0.500,90.000,V_x-20.0_y-34.0_-3.0_forward_left,V_x-20.0_y-34.0_-3.0,V_x-20.0_y-34.0_-3.0,left,forward,forward_left,1
3033,-21.500,-8.000,0.500,90.000,V_x-20.0_y-34.0_-3.0_forward_left,V_x-20.0_y-34.0_-3.0,V_x-20.0_y-34.0_-3.0,left,forward,forward_left,1
3034,-21.500,-7.500,0.500,90.000,V_x-20.0_y-34.0_-3.0_forward_left,V_x-20.0_y-34.0_-3.0,V_x-20.0_y-34.0_-3.0,left,forward,forward_left,1
3035,-21.500,-7.000,0.500,90.000,V_x-20.0_y-34.0_-3.0_forward_left,V_x-20.0_y-34.0_-3.0,V_x-20.0_y-34.0_-3.0,left,forward,forward_left,1
3036,-21.500,-6.500,0.500,90.000,V_x-20.0_y-34.0_-3.0_forward_left,V_x-20.0_y-34.0_-3.0,V_x-20.0_y-34.0_-3.0,left,forward,forward_left,1
3037,-21.500,-6.000,0.500,90.000,V_x-20.0_y-34.0_-3.0_forward_left,V_x-20.0_y-34.0_-3.0,V_x-20.0_y-34.0_-3.0,left,forward,forward_left,1
3038,-21.500,-5.500,0.500,90.000,V_x-20.0_y-34.0_-3.0_forward_left,V_x-20.0_y-34.0_-3.0,V_x-20.0_y-34.0_-3.0,left,forward,forward_left,1
3039,-21.500,-5.000,0.500,90.000,V_x-20.0_y-34.0_-3.0_forward_left,V_x-20.0_y-34.0_-3.0,V_x-20.0_y-34.0_-3.0,left,forward,forward_left,1
3040,-21.500,-4.500,0.500,90.000,V_x-20.0_y-34.0_-3.0_forward_left,V_x-20.0_y-34.0_-3.0,V_x-20.0_y-34.0_-3.0,left,forward,forward_left,1
3041,-21.500,-4.000,0.500,90.000,V_x-20.0_y-34.0_-3.0_forward_left,V_x-20.0_y-34.0_-3.0,V_x-20.0_y-34.0_-3.0,left,forward,forward_left,1
3042,-21.500,-3.500,0.500,90.000,V_x-20.0_y-34.0_-3.0_forward_left,V_x-20.0_y-34.0_-3.0,V_x-20.0_y-34.0_-3.0,left,forward,forward_left,1
3043,-21.500,-3.000,0.500,90.000,V_x-20.0_y-34.0_-3.0_forward_left,V_x-20.0_y-34.0_-3.0,V_x-20.0_y-34.0_-3.0,left,forward,forward_left,0
3044,-18.500,-34.000,0.500,90.000,V_x-20.0_y-34.0_-3.0_forward_right,V_x-20.0_y-34.0_-3.0,V_x-20.0_y-34.0_-3.0,right,forward,forward_right,1
3045,-18.500,-33.500,0.500,90.000,V_x-20.0_y-34.0_-3.0_forward_right,V_x-20.0_y-34.0_-3.0,V_x-20.0_y-34.0_-3.0,right,forward,forward_right,1
3046,-18.500,-33.000,0.500,90.000,V_x-20.0_y-34.0_-3.0_forward_right,V_x-20.0_y-34.0_-3.0,V_x-20.0_y-34.0_-3.0,right,forward,forward_right,1
3047,-18.500,-32.500,0.500,90.000,V_x-20.0_y-34.0_-3.0_forward_right,V_x-20.0_y-34.0_-3.0,V_x-20.0_y-34.0_-3.0,right,forward,forward_right,1
3048,-18.500,-32.000,0.500,90.000,V_x-20.0_y-34.0_-3.0_forward_right,V_x-20.0_y-34.0_-3.0,V_x-20.0_y-34.0_-3.0,right,forward,forward_right,1
3049,-18.500,-31.500,0.500,90.000,V_x-20.0_y-34.0_-3.0_forward_right,V_x-20.0_y-34.0_-3.0,V_x-20.0_y-34.0_-3.0,right,forward,forward_right,1
3050,-18.500,-31.000,0.500,90.000,V_x-20.0_y-34.0_-3.0_forward_right,V_x-20.0_y-34.0_-3.0,V_x-20.0_y-34.0_-3.0,right,forward,forward_right,1
3051,-18.500,-30.500,0.500,90.000,V_x-20.0_y-34.0_-3.0_forward_right,V_x-20.0_y-34.0_-3.0,V_x-20.0_y-34.0_-3.0,right,forward,forward_right,1
3052,-18.500,-30.000,0.500,90.000,V_x-20.0_y-34.0_-3.0_forward_right,V_x-20.0_y-34.0_-3.0,V_x-20.0_y-34.0_-3.0,right,forward,forward_right,1
3053,-18.500,-29.500,0.500,90.000,V_x-20.0_y-34.0_-3.0_forward_right,V_x-20.0_y-34.0_-3.0,V_x-20.0_y-34.0_-3.0,right,forward,forward_right,1
3054,-18.500,-29.000,0.500,90.000,V_x-20.0_y-34.0_-3.0_forward_right,V_x-20.0_y-34.0_-3.0,V_x-20.0_y-34.0_-3.0,right,forward,forward_right,1
3055,-18.500,-28.500,0.500,90.000,V_x-20.0_y-34.0_-3.0_forward_right,V_x-20.0_y-34.0_-3.0,V_x-20.0_y-34.0_-3.0,right,forward,forward_right,1
3056,-18.500,-28.000,0.500,90.000,V_x-20.0_y-34.0_-3.0_forward_right,V_x-20.0_y-34.0_-3.0,V_x-20.0_y-34.0_-3.0,right,forward,forward_right,1
3057,-18.500,-27.500,0.500,90.000,V_x-20.0_y-34.0_-3.0_forward_right,V_x-20.0_y-34.0_-3.0,V_x-20.0_y-34.0_-3.0,right,forward,forward_right,1
3058,-18.500,-27.000,0.500,90.000,V_x-20.0_y-34.0_-3.0_forward_right,V_x-20.0_y-34.0_-3.0,V_x-20.0_y-34.0_-3.0,right,forward,forward_right,1
3059,-18.500,-26.500,0.500,90.000,V_x-20.0_y-34.0_-3.0_forward_right,V_x-20.0_y-34.0_-3.0,V_x-20.0_y-34.0_-3.0,right,forward,forward_right,1
3060,-18.500,-26.000,0.500,90.000,V_x-20.0_y-34.0_-3.0_forward_right,V_x-20.0_y-34.0_-3.0,V_x-20.0_y-34.0_-3.0,right,forward,forward_right,1
3061,-18.500,-25.500,0.500,90.000,V_x-20.0_y-34.0_-3.0_forward_right,V_x-20.0_y-34.0_-3.0,V_x-20.0_y-34.0_-3.0,right,forward,forward_right,1
3062,-18.500,-25.000,0.500,90.000,V_x-20.0_y-34.0_-3.0_forward_right,V_x-20.0_y-34.0_-3.0,V_x-20.0_y-34.0_-3.0,right,forward,forward_right,1
3063,-18.500,-24.500,0.500,90.000,V_x-20.0_y-34.0_-3.0_forward_right,V_x-20.0_y-34.0_-3.0,V_x-20.0_y-34.0_-3.0,right,forward,forward_right,1
3064,-18.500,-24.000,0.500,90.000,V_x-20.0_y-34.0_-3.0_forward_right,V_x-20.0_y-34.0_-3.0,V_x-20.0_y-34.0_-3.0,right,forward,forward_right,1
3065,-18.500,-23.500,0.500,90.000,V_x-20.0_y-34.0_-3.0_forward_right,V_x-20.0_y-34.0_-3.0,V_x-20.0_y-34.0_-3.0,right,forward,forward_right,1
3066,-18.500,-23.000,0.500,90.000,V_x-20.0_y-34.0_-3.0_forward_right,V_x-20.0_y-34.0_-3.0,V_x-20.0_y-34.0_-3.0,right,forward,forward_right,1
3067,-18.500,-22.500,0.500,90.000,V_x-20.0_y-34.0_-3.0_forward_right,V_x-20.0_y-34.0_-3.0,V_x-20.0_y-34.0_-3.0,right,forward,forward_right,1
3068,-18.500,-22.000,0.500,90.000,V_x-20.0_y-34.0_-3.0_forward_right,V_x-20.0_y-34.0_-3.0,V_x-20.0_y-34.0_-3.0,right,forward,forward_right,1
3069,-18.500,-21.500,0.500,90.000,V_x-20.0_y-34.0_-3.0_forward_right,V_x-20.0_y-34.0_-3.0,V_x-20.0_y-34.0_-3.0,right,forward,forward_right,1
3070,-18.500,-21.000,0.500,90.000,V_x-20.0_y-34.0_-3.0_forward_right,V_x-20.0_y-34.0_-3.0,V_x-20.0_y-34.0_-3.0,right,forward,forward_right,1
3071,-18.500,-20.500,0.500,90.000,V_x-20.0_y-34.0_-3.0_forward_right,V_x-20.0_y-34.0_-3.0,V_x-20.0_y-34.0_-3.0,right,forward,forward_right,1
3072,-18.500,-20.000,0.500,90.000,V_x-20.0_y-34.0_-3.0_forward_right,V_x-20.0_y-34.0_-3.0,V_x-20.0_y-34.0_-3.0,right,forward,forward_right,1
3073,-18.500,-19.500,0.500,90.000,V_x-20.0_y-34.0_-3.0_forward_right,V_x-20.0_y-34.0_-3.0,V_x-20.0_y-34.0_-3.0,right,forward,forward_right,1
3074,-18.500,-19.000,0.500,90.000,V_x-20.0_y-34.0_-3.0_forward_right,V_x-20.0_y-34.0_-3.0,V_x-20.0_y-34.0_-3.0,right,forward,forward_right,1
3075,-18.500,-18.500,0.500,90.000,V_x-20.0_y-34.0_-3.0_forward_right,V_x-20.0_y-34.0_-3.0,V_x-20.0_y-34.0_-3.0,right,forward,forward_right,1
3076,-18.500,-18.000,0.500,90.000,V_x-20.0_y-34.0_-3.0_forward_right,V_x-20.0_y-34.0_-3.0,V_x-20.0_y-34.0_-3.0,right,forward,forward_right,1
3077,-18.500,-17.500,0.500,90.000,V_x-20.0_y-34.0_-3.0_forward_right,V_x-20.0_y-34.0_-3.0,V_x-20.0_y-34.0_-3.0,right,forward,forward_right,1
3078,-18.500,-17.000,0.500,90.000,V_x-20.0_y-34.0_-3.0_forward_right,V_x-20.0_y-34.0_-3.0,V_x-20.0_y-34.0_-3.0,right,forward,forward_right,1
3079,-18.500,-16.500,0.500,90.000,V_x-20.0_y-34.0_-3.0_forward_right,V_x-20.0_y-34.0_-3.0,V_x-20.0_y-34.0_-3.0,right,forward,forward_right,1
3080,-18.500,-16.000,0.500,90.000,V_x-20.0_y-34.0_-3.0_forward_right,V_x-20.0_y-34.0_-3.0,V_x-20.0_y-34.0_-3.0,right,forward,forward_right,1
3081,-18.500,-15.500,0.500,90.000,V_x-20.0_y-34.0_-3.0_forward_right,V_x-20.0_y-34.0_-3.0,V_x-20.0_y-34.0_-3.0,right,forward,forward_right,1
3082,-18.500,-15.000,0.500,90.000,V_x-20.0_y-34.0_-3.0_forward_right,V_x-20.0_y-34.0_-3.0,V_x-20.0_y-34.0_-3.0,right,forward,forward_right,1
3083,-18.500,-14.500,0.500,90.000,V_x-20.0_y-34.0_-3.0_forward_right,V_x-20.0_y-34.0_-3.0,V_x-20.0_y-34.0_-3.0,right,forward,forward_right,1
3084,-18.500,-14.000,0.500,90.000,V_x-20.0_y-34.0_-3.0_forward_right,V_x-20.0_y-34.0_-3.0,V_x-20.0_y-34.0_-3.0,right,forward,forward_right,1
3085,-18.500,-13.500,0.500,90.000,V_x-20.0_y-34.0_-3.0_forward_right,V_x-20.0_y-34.0_-3.0,V_x-20.0_y-34.0_-3.0,right,forward,forward_right,1
3086,-18.500,-13.000,0.500,90.000,V_x-20.0_y-34.0_-3.0_forward_right,V_x-20.0_y-34.0_-3.0,V_x-20.0_y-34.0_-3.0,right,forward,forward_right,1
3087,-18.500,-12.500,0.500,90.000,V_x-20.0_y-34.0_-3.0_forward_right,V_x-20.0_y-34.0_-3.0,V_x-20.0_y-34.0_-3.0,right,forward,forward_right,1
3088,-18.500,-12.000,0.500,90.000,V_x-20.0_y-34.0_-3.0_forward_right,V_x-20.0_y-34.0_-3.0,V_x-20.0_y-34.0_-3.0,right,forward,forward_right,1
3089,-18.500,-11.500,0.500,90.000,V_x-20.0_y-34.0_-3.0_forward_right,V_x-20.0_y-34.0_-3.0,V_x-20.0_y-34.0_-3.0,right,forward,forward_right,1
3090,-18.500,-11.000,0.500,90.000,V_x-20.0_y-34.0_-3.0_forward_right,V_x-20.0_y-34.0_-3.0,V_x-20.0_y-34.0_-3.0,right,forward,forward_right,1
3091,-18.500,-10.500,0.500,90.000,V_x-20.0_y-34.0_-3.0_forward_right,V_x-20.0_y-34.0_-3.0,V_x-20.0_y-34.0_-3.0,right,forward,forward_right,1
3092,-18.500,-10.000,0.500,90.000,V_x-20.0_y-34.0_-3.0_forward_right,V_x-20.0_y-34.0_-3.0,V_x-20.0_y-34.0_-3.0,right,forward,forward_right,1
3093,-18.500,-9.500,0.500,90.000,V_x-20.0_y-34.0_-3.0_forward_right,V_x-20.0_y-34.0_-3.0,V_x-20.0_y-34.0_-3.0,right,forward,forward_right,1
3094,-18.500,-9.000,0.500,90.000,V_x-20.0_y-34.0_-3.0_forward_right,V_x-20.0_y-34.0_-3.0,V_x-20.0_y-34.0_-3.0,right,forward,forward_right,1
3095,-18.500,-8.500,0.500,90.000,V_x-20.0_y-34.0_-3.0_forward_right,V_x-20.0_y-34.0_-3.0,V_x-20.0_y-34.0_-3.0,right,forward,forward_right,1
3096,-18.500,-8.000,0.500,90.000,V_x-20.0_y-34.0_-3.0_forward_right,V_x-20.0_y-34.0_-3.0,V_x-20.0_y-34.0_-3.0,right,forward,forward_right,1
3097,-18.500,-7.500,0.500,90.000,V_x-20.0_y-34.0_-3.0_forward_right,V_x-20.0_y-34.0_-3.0,V_x-20.0_y-34.0_-3.0,right,forward,forward_right,1
3098,-18.500,-7.000,0.500,90.000,V_x-20.0_y-34.0_-3.0_forward_right,V_x-20.0_y-34.0_-3.0,V_x-20.0_y-34.0_-3.0,right,forward,forward_right,1
3099,-18.500,-6.500,0.500,90.000,V_x-20.0_y-34.0_-3.0_forward_right,V_x-20.0_y-34.0_-3.0,V_x-20.0_y-34.0_-3.0,right,forward,forward_right,1
3100,-18.500,-6.000,0.500,90.000,V_x-20.0_y-34.0_-3.0_forward_right,V_x-20.0_y-34.0_-3.0,V_x-20.0_y-34.0_-3.0,right,forward,forward_right,1
3101,-18.500,-5.500,0.500,90.000,V_x-20.0_y-34.0_-3.0_forward_right,V_x-20.0_y-34.0_-3.0,V_x-20.0_y-34.0_-3.0,right,forward,forward_right,1
3102,-18.500,-5.000,0.500,90.000,V_x-20.0_y-34.0_-3.0_forward_right,V_x-20.0_y-34.0_-3.0,V_x-20.0_y-34.0_-3.0,right,forward,forward_right,1
3103,-18.500,-4.500,0.500,90.000,V_x-20.0_y-34.0_-3.0_forward_right,V_x-20.0_y-34.0_-3.0,V_x-20.0_y-34.0_-3.0,right,forward,forward_right,1
3104,-18.500,-4.000,0.500,90.000,V_x-20.0_y-34.0_-3.0_forward_right,V_x-20.0_y-34.0_-3.0,V_x-20.0_y-34.0_-3.0,right,forward,forward_right,1
3105,-18.500,-3.500,0.500,90.000,V_x-20.0_y-34.0_-3.0_forward_right,V_x-20.0_y-34.0_-3.0,V_x-20.0_y-34.0_-3.0,right,forward,forward_right,1
3106,-18.500,-3.000,0.500,90.000,V_x-20.0_y-34.0_-3.0_forward_right,V_x-20.0_y-34.0_-3.0,V_x-20.0_y-34.0_-3.0,right,forward,forward_right,0
3107,-18.500,-3.000,0.500,-90.000,V_x-20.0_y-34.0_-3.0_reverse_left,V_x-20.0_y-34.0_-3.0,V_x-20.0_y-34.0_-3.0,left,reverse,reverse_left,1
3108,-18.500,-3.500,0.500,-90.000,V_x-20.0_y-34.0_-3.0_reverse_left,V_x-20.0_y-34.0_-3.0,V_x-20.0_y-34.0_-3.0,left,reverse,reverse_left,1
3109,-18.500,-4.000,0.500,-90.000,V_x-20.0_y-34.0_-3.0_reverse_left,V_x-20.0_y-34.0_-3.0,V_x-20.0_y-34.0_-3.0,left,reverse,reverse_left,1
3110,-18.500,-4.500,0.500,-90.000,V_x-20.0_y-34.0_-3.0_reverse_left,V_x-20.0_y-34.0_-3.0,V_x-20.0_y-34.0_-3.0,left,reverse,reverse_left,1
3111,-18.500,-5.000,0.500,-90.000,V_x-20.0_y-34.0_-3.0_reverse_left,V_x-20.0_y-34.0_-3.0,V_x-20.0_y-34.0_-3.0,left,reverse,reverse_left,1
3112,-18.500,-5.500,0.500,-90.000,V_x-20.0_y-34.0_-3.0_reverse_left,V_x-20.0_y-34.0_-3.0,V_x-20.0_y-34.0_-3.0,left,reverse,reverse_left,1
3113,-18.500,-6.000,0.500,-90.000,V_x-20.0_y-34.0_-3.0_reverse_left,V_x-20.0_y-34.0_-3.0,V_x-20.0_y-34.0_-3.0,left,reverse,reverse_left,1
3114,-18.500,-6.500,0.500,-90.000,V_x-20.0_y-34.0_-3.0_reverse_left,V_x-20.0_y-34.0_-3.0,V_x-20.0_y-34.0_-3.0,left,reverse,reverse_left,1
3115,-18.500,-7.000,0.500,-90.000,V_x-20.0_y-34.0_-3.0_reverse_left,V_x-20.0_y-34.0_-3.0,V_x-20.0_y-34.0_-3.0,left,reverse,reverse_left,1
3116,-18.500,-7.500,0.500,-90.000,V_x-20.0_y-34.0_-3.0_reverse_left,V_x-20.0_y-34.0_-3.0,V_x-20.0_y-34.0_-3.0,left,reverse,reverse_left,1
3117,-18.500,-8.000,0.500,-90.000,V_x-20.0_y-34.0_-3.0_reverse_left,V_x-20.0_y-34.0_-3.0,V_x-20.0_y-34.0_-3.0,left,reverse,reverse_left,1
3118,-18.500,-8.500,0.500,-90.000,V_x-20.0_y-34.0_-3.0_reverse_left,V_x-20.0_y-34.0_-3.0,V_x-20.0_y-34.0_-3.0,left,reverse,reverse_left,1
3119,-18.500,-9.000,0.500,-90.000,V_x-20.0_y-34.0_-3.0_reverse_left,V_x-20.0_y-34.0_-3.0,V_x-20.0_y-34.0_-3.0,left,reverse,reverse_left,1
3120,-18.500,-9.500,0.500,-90.000,V_x-20.0_y-34.0_-3.0_reverse_left,V_x-20.0_y-34.0_-3.0,V_x-20.0_y-34.0_-3.0,left,reverse,reverse_left,1
3121,-18.500,-10.000,0.500,-90.000,V_x-20.0_y-34.0_-3.0_reverse_left,V_x-20.0_y-34.0_-3.0,V_x-20.0_y-34.0_-3.0,left,reverse,reverse_left,1
3122,-18.500,-10.500,0.500,-90.000,V_x-20.0_y-34.0_-3.0_reverse_left,V_x-20.0_y-34.0_-3.0,V_x-20.0_y-34.0_-3.0,left,reverse,reverse_left,1
3123,-18.500,-11.000,0.500,-90.000,V_x-20.0_y-34.0_-3.0_reverse_left,V_x-20.0_y-34.0_-3.0,V_x-20.0_y-34.0_-3.0,left,reverse,reverse_left,1
3124,-18.500,-11.500,0.500,-90.000,V_x-20.0_y-34.0_-3.0_reverse_left,V_x-20.0_y-34.0_-3.0,V_x-20.0_y-34.0_-3.0,left,reverse,reverse_left,1
3125,-18.500,-12.000,0.500,-90.000,V_x-20.0_y-34.0_-3.0_reverse_left,V_x-20.0_y-34.0_-3.0,V_x-20.0_y-34.0_-3.0,left,reverse,reverse_left,1
3126,-18.500,-12.500,0.500,-90.000,V_x-20.0_y-34.0_-3.0_reverse_left,V_x-20.0_y-34.0_-3.0,V_x-20.0_y-34.0_-3.0,left,reverse,reverse_left,1
3127,-18.500,-13.000,0.500,-90.000,V_x-20.0_y-34.0_-3.0_reverse_left,V_x-20.0_y-34.0_-3.0,V_x-20.0_y-34.0_-3.0,left,reverse,reverse_left,1
3128,-18.500,-13.500,0.500,-90.000,V_x-20.0_y-34.0_-3.0_reverse_left,V_x-20.0_y-34.0_-3.0,V_x-20.0_y-34.0_-3.0,left,reverse,reverse_left,1
3129,-18.500,-14.000,0.500,-90.000,V_x-20.0_y-34.0_-3.0_reverse_left,V_x-20.0_y-34.0_-3.0,V_x-20.0_y-34.0_-3.0,left,reverse,reverse_left,1
3130,-18.500,-14.500,0.500,-90.000,V_x-20.0_y-34.0_-3.0_reverse_left,V_x-20.0_y-34.0_-3.0,V_x-20.0_y-34.0_-3.0,left,reverse,reverse_left,1
3131,-18.500,-15.000,0.500,-90.000,V_x-20.0_y-34.0_-3.0_reverse_left,V_x-20.0_y-34.0_-3.0,V_x-20.0_y-34.0_-3.0,left,reverse,reverse_left,1
3132,-18.500,-15.500,0.500,-90.000,V_x-20.0_y-34.0_-3.0_reverse_left,V_x-20.0_y-34.0_-3.0,V_x-20.0_y-34.0_-3.0,left,reverse,reverse_left,1
3133,-18.500,-16.000,0.500,-90.000,V_x-20.0_y-34.0_-3.0_reverse_left,V_x-20.0_y-34.0_-3.0,V_x-20.0_y-34.0_-3.0,left,reverse,reverse_left,1
3134,-18.500,-16.500,0.500,-90.000,V_x-20.0_y-34.0_-3.0_reverse_left,V_x-20.0_y-34.0_-3.0,V_x-20.0_y-34.0_-3.0,left,reverse,reverse_left,1
3135,-18.500,-17.000,0.500,-90.000,V_x-20.0_y-34.0_-3.0_reverse_left,V_x-20.0_y-34.0_-3.0,V_x-20.0_y-34.0_-3.0,left,reverse,reverse_left,1
3136,-18.500,-17.500,0.500,-90.000,V_x-20.0_y-34.0_-3.0_reverse_left,V_x-20.0_y-34.0_-3.0,V_x-20.0_y-34.0_-3.0,left,reverse,reverse_left,1
3137,-18.500,-18.000,0.500,-90.000,V_x-20.0_y-34.0_-3.0_reverse_left,V_x-20.0_y-34.0_-3.0,V_x-20.0_y-34.0_-3.0,left,reverse,reverse_left,1
3138,-18.500,-18.500,0.500,-90.000,V_x-20.0_y-34.0_-3.0_reverse_left,V_x-20.0_y-34.0_-3.0,V_x-20.0_y-34.0_-3.0,left,reverse,reverse_left,1
3139,-18.500,-19.000,0.500,-90.000,V_x-20.0_y-34.0_-3.0_reverse_left,V_x-20.0_y-34.0_-3.0,V_x-20.0_y-34.0_-3.0,left,reverse,reverse_left,1
3140,-18.500,-19.500,0.500,-90.000,V_x-20.0_y-34.0_-3.0_reverse_left,V_x-20.0_y-34.0_-3.0,V_x-20.0_y-34.0_-3.0,left,reverse,reverse_left,1
3141,-18.500,-20.000,0.500,-90.000,V_x-20.0_y-34.0_-3.0_reverse_left,V_x-20.0_y-34.0_-3.0,V_x-20.0_y-34.0_-3.0,left,reverse,reverse_left,1
3142,-18.500,-20.500,0.500,-90.000,V_x-20.0_y-34.0_-3.0_reverse_left,V_x-20.0_y-34.0_-3.0,V_x-20.0_y-34.0_-3.0,left,reverse,reverse_left,1
3143,-18.500,-21.000,0.500,-90.000,V_x-20.0_y-34.0_-3.0_reverse_left,V_x-20.0_y-34.0_-3.0,V_x-20.0_y-34.0_-3.0,left,reverse,reverse_left,1
3144,-18.500,-21.500,0.500,-90.000,V_x-20.0_y-34.0_-3.0_reverse_left,V_x-20.0_y-34.0_-3.0,V_x-20.0_y-34.0_-3.0,left,reverse,reverse_left,1
3145,-18.500,-22.000,0.500,-90.000,V_x-20.0_y-34.0_-3.0_reverse_left,V_x-20.0_y-34.0_-3.0,V_x-20.0_y-34.0_-3.0,left,reverse,reverse_left,1
3146,-18.500,-22.500,0.500,-90.000,V_x-20.0_y-34.0_-3.0_reverse_left,V_x-20.0_y-34.0_-3.0,V_x-20.0_y-34.0_-3.0,left,reverse,reverse_left,1
3147,-18.500,-23.000,0.500,-90.000,V_x-20.0_y-34.0_-3.0_reverse_left,V_x-20.0_y-34.0_-3.0,V_x-20.0_y-34.0_-3.0,left,reverse,reverse_left,1
3148,-18.500,-23.500,0.500,-90.000,V_x-20.0_y-34.0_-3.0_reverse_left,V_x-20.0_y-34.0_-3.0,V_x-20.0_y-34.0_-3.0,left,reverse,reverse_left,1
3149,-18.500,-24.000,0.500,-90.000,V_x-20.0_y-34.0_-3.0_reverse_left,V_x-20.0_y-34.0_-3.0,V_x-20.0_y-34.0_-3.0,left,reverse,reverse_left,1
3150,-18.500,-24.500,0.500,-90.000,V_x-20.0_y-34.0_-3.0_reverse_left,V_x-20.0_y-34.0_-3.0,V_x-20.0_y-34.0_-3.0,left,reverse,reverse_left,1
3151,-18.500,-25.000,0.500,-90.000,V_x-20.0_y-34.0_-3.0_reverse_left,V_x-20.0_y-34.0_-3.0,V_x-20.0_y-34.0_-3.0,left,reverse,reverse_left,1
3152,-18.500,-25.500,0.500,-90.000,V_x-20.0_y-34.0_-3.0_reverse_left,V_x-20.0_y-34.0_-3.0,V_x-20.0_y-34.0_-3.0,left,reverse,reverse_left,1
3153,-18.500,-26.000,0.500,-90.000,V_x-20.0_y-34.0_-3.0_reverse_left,V_x-20.0_y-34.0_-3.0,V_x-20.0_y-34.0_-3.0,left,reverse,reverse_left,1
3154,-18.500,-26.500,0.500,-90.000,V_x-20.0_y-34.0_-3.0_reverse_left,V_x-20.0_y-34.0_-3.0,V_x-20.0_y-34.0_-3.0,left,reverse,reverse_left,1
3155,-18.500,-27.000,0.500,-90.000,V_x-20.0_y-34.0_-3.0_reverse_left,V_x-20.0_y-34.0_-3.0,V_x-20.0_y-34.0_-3.0,left,reverse,reverse_left,1
3156,-18.500,-27.500,0.500,-90.000,V_x-20.0_y-34.0_-3.0_reverse_left,V_x-20.0_y-34.0_-3.0,V_x-20.0_y-34.0_-3.0,left,reverse,reverse_left,1
3157,-18.500,-28.000,0.500,-90.000,V_x-20.0_y-34.0_-3.0_reverse_left,V_x-20.0_y-34.0_-3.0,V_x-20.0_y-34.0_-3.0,left,reverse,reverse_left,1
3158,-18.500,-28.500,0.500,-90.000,V_x-20.0_y-34.0_-3.0_reverse_left,V_x-20.0_y-34.0_-3.0,V_x-20.0_y-34.0_-3.0,left,reverse,reverse_left,1
3159,-18.500,-29.000,0.500,-90.000,V_x-20.0_y-34.0_-3.0_reverse_left,V_x-20.0_y-34.0_-3.0,V_x-20.0_y-34.0_-3.0,left,reverse,reverse_left,1
3160,-18.500,-29.500,0.500,-90.000,V_x-20.0_y-34.0_-3.0_reverse_left,V_x-20.0_y-34.0_-3.0,V_x-20.0_y-34.0_-3.0,left,reverse,reverse_left,1
3161,-18.500,-30.000,0.500,-90.000,V_x-20.0_y-34.0_-3.0_reverse_left,V_x-20.0_y-34.0_-3.0,V_x-20.0_y-34.0_-3.0,left,reverse,reverse_left,1
3162,-18.500,-30.500,0.500,-90.000,V_x-20.0_y-34.0_-3.0_reverse_left,V_x-20.0_y-34.0_-3.0,V_x-20.0_y-34.0_-3.0,left,reverse,reverse_left,1
3163,-18.500,-31.000,0.500,-90.000,V_x-20.0_y-34.0_-3.0_reverse_left,V_x-20.0_y-34.0_-3.0,V_x-20.0_y-34.0_-3.0,left,reverse,reverse_left,1
3164,-18.500,-31.500,0.500,-90.000,V_x-20.0_y-34.0_-3.0_reverse_left,V_x-20.0_y-34.0_-3.0,V_x-20.0_y-34.0_-3.0,left,reverse,reverse_left,1
3165,-18.500,-32.000,0.500,-90.000,V_x-20.0_y-34.0_-3.0_reverse_left,V_x-20.0_y-34.0_-3.0,V_x-20.0_y-34.0_-3.0,left,reverse,reverse_left,1
3166,-18.500,-32.500,0.500,-90.000,V_x-20.0_y-34.0_-3.0_reverse_left,V_x-20.0_y-34.0_-3.0,V_x-20.0_y-34.0_-3.0,left,reverse,reverse_left,1
3167,-18.500,-33.000,0.500,-90.000,V_x-20.0_y-34.0_-3.0_reverse_left,V_x-20.0_y-34.0_-3.0,V_x-20.0_y-34.0_-3.0,left,reverse,reverse_left,1
3168,-18.500,-33.500,0.500,-90.000,V_x-20.0_y-34.0_-3.0_reverse_left,V_x-20.0_y-34.0_-3.0,V_x-20.0_y-34.0_-3.0,left,reverse,reverse_left,1
3169,-18.500,-34.000,0.500,-90.000,V_x-20.0_y-34.0_-3.0_reverse_left,V_x-20.0_y-34.0_-3.0,V_x-20.0_y-34.0_-3.0,left,reverse,reverse_left,0
3170,-21.500,-3.000,0.500,-90.000,V_x-20.0_y-34.0_-3.0_reverse_right,V_x-20.0_y-34.0_-3.0,V_x-20.0_y-34.0_-3.0,right,reverse,reverse_right,1
3171,-21.500,-3.500,0.500,-90.000,V_x-20.0_y-34.0_-3.0_reverse_right,V_x-20.0_y-34.0_-3.0,V_x-20.0_y-34.0_-3.0,right,reverse,reverse_right,1
3172,-21.500,-4.000,0.500,-90.000,V_x-20.0_y-34.0_-3.0_reverse_right,V_x-20.0_y-34.0_-3.0,V_x-20.0_y-34.0_-3.0,right,reverse,reverse_right,1
3173,-21.500,-4.500,0.500,-90.000,V_x-20.0_y-34.0_-3.0_reverse_right,V_x-20.0_y-34.0_-3.0,V_x-20.0_y-34.0_-3.0,right,reverse,reverse_right,1
3174,-21.500,-5.000,0.500,-90.000,V_x-20.0_y-34.0_-3.0_reverse_right,V_x-20.0_y-34.0_-3.0,V_x-20.0_y-34.0_-3.0,right,reverse,reverse_right,1
3175,-21.500,-5.500,0.500,-90.000,V_x-20.0_y-34.0_-3.0_reverse_right,V_x-20.0_y-34.0_-3.0,V_x-20.0_y-34.0_-3.0,right,reverse,reverse_right,1
3176,-21.500,-6.000,0.500,-90.000,V_x-20.0_y-34.0_-3.0_reverse_right,V_x-20.0_y-34.0_-3.0,V_x-20.0_y-34.0_-3.0,right,reverse,reverse_right,1
3177,-21.500,-6.500,0.500,-90.000,V_x-20.0_y-34.0_-3.0_reverse_right,V_x-20.0_y-34.0_-3.0,V_x-20.0_y-34.0_-3.0,right,reverse,reverse_right,1
3178,-21.500,-7.000,0.500,-90.000,V_x-20.0_y-34.0_-3.0_reverse_right,V_x-20.0_y-34.0_-3.0,V_x-20.0_y-34.0_-3.0,right,reverse,reverse_right,1
3179,-21.500,-7.500,0.500,-90.000,V_x-20.0_y-34.0_-3.0_reverse_right,V_x-20.0_y-34.0_-3.0,V_x-20.0_y-34.0_-3.0,right,reverse,reverse_right,1
3180,-21.500,-8.000,0.500,-90.000,V_x-20.0_y-34.0_-3.0_reverse_right,V_x-20.0_y-34.0_-3.0,V_x-20.0_y-34.0_-3.0,right,reverse,reverse_right,1
3181,-21.500,-8.500,0.500,-90.000,V_x-20.0_y-34.0_-3.0_reverse_right,V_x-20.0_y-34.0_-3.0,V_x-20.0_y-34.0_-3.0,right,reverse,reverse_right,1
3182,-21.500,-9.000,0.500,-90.000,V_x-20.0_y-34.0_-3.0_reverse_right,V_x-20.0_y-34.0_-3.0,V_x-20.0_y-34.0_-3.0,right,reverse,reverse_right,1
3183,-21.500,-9.500,0.500,-90.000,V_x-20.0_y-34.0_-3.0_reverse_right,V_x-20.0_y-34.0_-3.0,V_x-20.0_y-34.0_-3.0,right,reverse,reverse_right,1
3184,-21.500,-10.000,0.500,-90.000,V_x-20.0_y-34.0_-3.0_reverse_right,V_x-20.0_y-34.0_-3.0,V_x-20.0_y-34.0_-3.0,right,reverse,reverse_right,1
3185,-21.500,-10.500,0.500,-90.000,V_x-20.0_y-34.0_-3.0_reverse_right,V_x-20.0_y-34.0_-3.0,V_x-20.0_y-34.0_-3.0,right,reverse,reverse_right,1
3186,-21.500,-11.000,0.500,-90.000,V_x-20.0_y-34.0_-3.0_reverse_right,V_x-20.0_y-34.0_-3.0,V_x-20.0_y-34.0_-3.0,right,reverse,reverse_right,1
3187,-21.500,-11.500,0.500,-90.000,V_x-20.0_y-34.0_-3.0_reverse_right,V_x-20.0_y-34.0_-3.0,V_x-20.0_y-34.0_-3.0,right,reverse,reverse_right,1
3188,-21.500,-12.000,0.500,-90.000,V_x-20.0_y-34.0_-3.0_reverse_right,V_x-20.0_y-34.0_-3.0,V_x-20.0_y-34.0_-3.0,right,reverse,reverse_right,1
3189,-21.500,-12.500,0.500,-90.000,V_x-20.0_y-34.0_-3.0_reverse_right,V_x-20.0_y-34.0_-3.0,V_x-20.0_y-34.0_-3.0,right,reverse,reverse_right,1
3190,-21.500,-13.000,0.500,-90.000,V_x-20.0_y-34.0_-3.0_reverse_right,V_x-20.0_y-34.0_-3.0,V_x-20.0_y-34.0_-3.0,right,reverse,reverse_right,1
3191,-21.500,-13.500,0.500,-90.000,V_x-20.0_y-34.0_-3.0_reverse_right,V_x-20.0_y-34.0_-3.0,V_x-20.0_y-34.0_-3.0,right,reverse,reverse_right,1
3192,-21.500,-14.000,0.500,-90.000,V_x-20.0_y-34.0_-3.0_reverse_right,V_x-20.0_y-34.0_-3.0,V_x-20.0_y-34.0_-3.0,right,reverse,reverse_right,1
3193,-21.500,-14.500,0.500,-90.000,V_x-20.0_y-34.0_-3.0_reverse_right,V_x-20.0_y-34.0_-3.0,V_x-20.0_y-34.0_-3.0,right,reverse,reverse_right,1
3194,-21.500,-15.000,0.500,-90.000,V_x-20.0_y-34.0_-3.0_reverse_right,V_x-20.0_y-34.0_-3.0,V_x-20.0_y-34.0_-3.0,right,reverse,reverse_right,1
3195,-21.500,-15.500,0.500,-90.000,V_x-20.0_y-34.0_-3.0_reverse_right,V_x-20.0_y-34.0_-3.0,V_x-20.0_y-34.0_-3.0,right,reverse,reverse_right,1
3196,-21.500,-16.000,0.500,-90.000,V_x-20.0_y-34.0_-3.0_reverse_right,V_x-20.0_y-34.0_-3.0,V_x-20.0_y-34.0_-3.0,right,reverse,reverse_right,1
3197,-21.500,-16.500,0.500,-90.000,V_x-20.0_y-34.0_-3.0_reverse_right,V_x-20.0_y-34.0_-3.0,V_x-20.0_y-34.0_-3.0,right,reverse,reverse_right,1
3198,-21.500,-17.000,0.500,-90.000,V_x-20.0_y-34.0_-3.0_reverse_right,V_x-20.0_y-34.0_-3.0,V_x-20.0_y-34.0_-3.0,right,reverse,reverse_right,1
3199,-21.500,-17.500,0.500,-90.000,V_x-20.0_y-34.0_-3.0_reverse_right,V_x-20.0_y-34.0_-3.0,V_x-20.0_y-34.0_-3.0,right,reverse,reverse_right,1
3200,-21.500,-18.000,0.500,-90.000,V_x-20.0_y-34.0_-3.0_reverse_right,V_x-20.0_y-34.0_-3.0,V_x-20.0_y-34.0_-3.0,right,reverse,reverse_right,1
3201,-21.500,-18.500,0.500,-90.000,V_x-20.0_y-34.0_-3.0_reverse_right,V_x-20.0_y-34.0_-3.0,V_x-20.0_y-34.0_-3.0,right,reverse,reverse_right,1
3202,-21.500,-19.000,0.500,-90.000,V_x-20.0_y-34.0_-3.0_reverse_right,V_x-20.0_y-34.0_-3.0,V_x-20.0_y-34.0_-3.0,right,reverse,reverse_right,1
3203,-21.500,-19.500,0.500,-90.000,V_x-20.0_y-34.0_-3.0_reverse_right,V_x-20.0_y-34.0_-3.0,V_x-20.0_y-34.0_-3.0,right,reverse,reverse_right,1
3204,-21.500,-20.000,0.500,-90.000,V_x-20.0_y-34.0_-3.0_reverse_right,V_x-20.0_y-34.0_-3.0,V_x-20.0_y-34.0_-3.0,right,reverse,reverse_right,1
3205,-21.500,-20.500,0.500,-90.000,V_x-20.0_y-34.0_-3.0_reverse_right,V_x-20.0_y-34.0_-3.0,V_x-20.0_y-34.0_-3.0,right,reverse,reverse_right,1
3206,-21.500,-21.000,0.500,-90.000,V_x-20.0_y-34.0_-3.0_reverse_right,V_x-20.0_y-34.0_-3.0,V_x-20.0_y-34.0_-3.0,right,reverse,reverse_right,1
3207,-21.500,-21.500,0.500,-90.000,V_x-20.0_y-34.0_-3.0_reverse_right,V_x-20.0_y-34.0_-3.0,V_x-20.0_y-34.0_-3.0,right,reverse,reverse_right,1
3208,-21.500,-22.000,0.500,-90.000,V_x-20.0_y-34.0_-3.0_reverse_right,V_x-20.0_y-34.0_-3.0,V_x-20.0_y-34.0_-3.0,right,reverse,reverse_right,1
3209,-21.500,-22.500,0.500,-90.000,V_x-20.0_y-34.0_-3.0_reverse_right,V_x-20.0_y-34.0_-3.0,V_x-20.0_y-34.0_-3.0,right,reverse,reverse_right,1
3210,-21.500,-23.000,0.500,-90.000,V_x-20.0_y-34.0_-3.0_reverse_right,V_x-20.0_y-34.0_-3.0,V_x-20.0_y-34.0_-3.0,right,reverse,reverse_right,1
3211,-21.500,-23.500,0.500,-90.000,V_x-20.0_y-34.0_-3.0_reverse_right,V_x-20.0_y-34.0_-3.0,V_x-20.0_y-34.0_-3.0,right,reverse,reverse_right,1
3212,-21.500,-24.000,0.500,-90.000,V_x-20.0_y-34.0_-3.0_reverse_right,V_x-20.0_y-34.0_-3.0,V_x-20.0_y-34.0_-3.0,right,reverse,reverse_right,1
3213,-21.500,-24.500,0.500,-90.000,V_x-20.0_y-34.0_-3.0_reverse_right,V_x-20.0_y-34.0_-3.0,V_x-20.0_y-34.0_-3.0,right,reverse,reverse_right,1
3214,-21.500,-25.000,0.500,-90.000,V_x-20.0_y-34.0_-3.0_reverse_right,V_x-20.0_y-34.0_-3.0,V_x-20.0_y-34.0_-3.0,right,reverse,reverse_right,1
3215,-21.500,-25.500,0.500,-90.000,V_x-20.0_y-34.0_-3.0_reverse_right,V_x-20.0_y-34.0_-3.0,V_x-20.0_y-34.0_-3.0,right,reverse,reverse_right,1
3216,-21.500,-26.000,0.500,-90.000,V_x-20.0_y-34.0_-3.0_reverse_right,V_x-20.0_y-34.0_-3.0,V_x-20.0_y-34.0_-3.0,right,reverse,reverse_right,1
3217,-21.500,-26.500,0.500,-90.000,V_x-20.0_y-34.0_-3.0_reverse_right,V_x-20.0_y-34.0_-3.0,V_x-20.0_y-34.0_-3.0,right,reverse,reverse_right,1
3218,-21.500,-27.000,0.500,-90.000,V_x-20.0_y-34.0_-3.0_reverse_right,V_x-20.0_y-34.0_-3.0,V_x-20.0_y-34.0_-3.0,right,reverse,reverse_right,1
3219,-21.500,-27.500,0.500,-90.000,V_x-20.0_y-34.0_-3.0_reverse_right,V_x-20.0_y-34.0_-3.0,V_x-20.0_y-34.0_-3.0,right,reverse,reverse_right,1
3220,-21.500,-28.000,0.500,-90.000,V_x-20.0_y-34.0_-3.0_reverse_right,V_x-20.0_y-34.0_-3.0,V_x-20.0_y-34.0_-3.0,right,reverse,reverse_right,1
3221,-21.500,-28.500,0.500,-90.000,V_x-20.0_y-34.0_-3.0_reverse_right,V_x-20.0_y-34.0_-3.0,V_x-20.0_y-34.0_-3.0,right,reverse,reverse_right,1
3222,-21.500,-29.000,0.500,-90.000,V_x-20.0_y-34.0_-3.0_reverse_right,V_x-20.0_y-34.0_-3.0,V_x-20.0_y-34.0_-3.0,right,reverse,reverse_right,1
3223,-21.500,-29.500,0.500,-90.000,V_x-20.0_y-34.0_-3.0_reverse_right,V_x-20.0_y-34.0_-3.0,V_x-20.0_y-34.0_-3.0,right,reverse,reverse_right,1
3224,-21.500,-30.000,0.500,-90.000,V_x-20.0_y-34.0_-3.0_reverse_right,V_x-20.0_y-34.0_-3.0,V_x-20.0_y-34.0_-3.0,right,reverse,reverse_right,1
3225,-21.500,-30.500,0.500,-90.000,V_x-20.0_y-34.0_-3.0_reverse_right,V_x-20.0_y-34.0_-3.0,V_x-20.0_y-34.0_-3.0,right,reverse,reverse_right,1
3226,-21.500,-31.000,0.500,-90.000,V_x-20.0_y-34.0_-3.0_reverse_right,V_x-20.0_y-34.0_-3.0,V_x-20.0_y-34.0_-3.0,right,reverse,reverse_right,1
3227,-21.500,-31.500,0.500,-90.000,V_x-20.0_y-34.0_-3.0_reverse_right,V_x-20.0_y-34.0_-3.0,V_x-20.0_y-34.0_-3.0,right,reverse,reverse_right,1
3228,-21.500,-32.000,0.500,-90.000,V_x-20.0_y-34.0_-3.0_reverse_right,V_x-20.0_y-34.0_-3.0,V_x-20.0_y-34.0_-3.0,right,reverse,reverse_right,1
3229,-21.500,-32.500,0.500,-90.000,V_x-20.0_y-34.0_-3.0_reverse_right,V_x-20.0_y-34.0_-3.0,V_x-20.0_y-34.0_-3.0,right,reverse,reverse_right,1
3230,-21.500,-33.000,0.500,-90.000,V_x-20.0_y-34.0_-3.0_reverse_right,V_x-20.0_y-34.0_-3.0,V_x-20.0_y-34.0_-3.0,right,reverse,reverse_right,1
3231,-21.500,-33.500,0.500,-90.000,V_x-20.0_y-34.0_-3.0_reverse_right,V_x-20.0_y-34.0_-3.0,V_x-20.0_y-34.0_-3.0,right,reverse,reverse_right,1
3232,-21.500,-34.000,0.500,-90.000,V_x-20.0_y-34.0_-3.0_reverse_right,V_x-20.0_y-34.0_-3.0,V_x-20.0_y-34.0_-3.0,right,reverse,reverse_right,0
3233,-21.500,-3.000,0.500,90.000,R_N_forward_left,R_N,R_N,left,forward,forward_left,1
3234,-21.500,-2.500,0.500,90.000,R_N_forward_left,R_N,R_N,left,forward,forward_left,1
3235,-21.500,-2.000,0.500,90.000,R_N_forward_left,R_N,R_N,left,forward,forward_left,1
3236,-21.500,-1.500,0.500,90.000,R_N_forward_left,R_N,R_N,left,forward,forward_left,1
3237,-21.500,-1.000,0.500,90.000,R_N_forward_left,R_N,R_N,left,forward,forward_left,1
3238,-21.500,-0.500,0.500,90.000,R_N_forward_left,R_N,R_N,left,forward,forward_left,1
3239,-21.500,0.000,0.500,90.000,R_N_forward_left,R_N,R_N,left,forward,forward_left,1
3240,-21.500,0.500,0.500,90.000,R_N_forward_left,R_N,R_N,left,forward,forward_left,1
3241,-21.500,1.000,0.500,90.000,R_N_forward_left,R_N,R_N,left,forward,forward_left,1
3242,-21.500,1.500,0.500,90.000,R_N_forward_left,R_N,R_N,left,forward,forward_left,1
3243,-21.500,2.000,0.500,90.000,R_N_forward_left,R_N,R_N,left,forward,forward_left,1
3244,-21.500,2.500,0.500,90.000,R_N_forward_left,R_N,R_N,left,forward,forward_left,1
3245,-21.500,3.000,0.500,90.000,R_N_forward_left,R_N,R_N,left,forward,forward_left,1
3246,-21.500,3.500,0.500,90.000,R_N_forward_left,R_N,R_N,left,forward,forward_left,1
3247,-20.000,5.500,0.500,0.000,R_N_forward_left,R_N,R_N,left,forward,forward_left,1
3248,-19.500,5.500,0.500,0.000,R_N_forward_left,R_N,R_N,left,forward,forward_left,1
3249,-19.000,5.500,0.500,0.000,R_N_forward_left,R_N,R_N,left,forward,forward_left,1
3250,-18.500,5.500,0.500,0.000,R_N_forward_left,R_N,R_N,left,forward,forward_left,1
3251,-18.000,5.500,0.500,0.000,R_N_forward_left,R_N,R_N,left,forward,forward_left,0
3252,-18.500,-3.000,0.500,90.000,R_N_forward_right,R_N,R_N,right,forward,forward_right,1
3253,-18.500,-2.500,0.500,90.000,R_N_forward_right,R_N,R_N,right,forward,forward_right,1
3254,-18.500,-2.000,0.500,90.000,R_N_forward_right,R_N,R_N,right,forward,forward_right,1
3255,-18.500,-1.500,0.500,90.000,R_N_forward_right,R_N,R_N,right,forward,forward_right,1
3256,-18.500,-1.000,0.500,90.000,R_N_forward_right,R_N,R_N,right,forward,forward_right,1
3257,-18.500,-0.500,0.500,90.000,R_N_forward_right,R_N,R_N,right,forward,forward_right,1
3258,-18.500,-0.000,0.500,90.000,R_N_forward_right,R_N,R_N,right,forward,forward_right,1
3259,-18.500,0.500,0.500,90.000,R_N_forward_right,R_N,R_N,right,forward,forward_right,1
3260,-18.500,1.000,0.500,90.000,R_N_forward_right,R_N,R_N,right,forward,forward_right,1
3261,-18.500,1.500,0.500,90.000,R_N_forward_right,R_N,R_N,right,forward,forward_right,1
3262,-18.500,2.000,0.500,90.000,R_N_forward_right,R_N,R_N,right,forward,forward_right,1
3263,-18.500,2.500,0.500,90.000,R_N_forward_right,R_N,R_N,right,forward,forward_right,1
3264,-18.500,3.000,0.500,90.000,R_N_forward_right,R_N,R_N,right,forward,forward_right,1
3265,-18.500,3.500,0.500,90.000,R_N_forward_right,R_N,R_N,right,forward,forward_right,1
3266,-20.000,2.500,0.500,0.000,R_N_forward_right,R_N,R_N,right,forward,forward_right,1
3267,-19.500,2.500,0.500,0.000,R_N_forward_right,R_N,R_N,right,forward,forward_right,1
3268,-19.000,2.500,0.500,0.000,R_N_forward_right,R_N,R_N,right,forward,forward_right,1
3269,-18.500,2.500,0.500,0.000,R_N_forward_right,R_N,R_N,right,forward,forward_right,1
3270,-18.000,2.500,0.500,0.000,R_N_forward_right,R_N,R_N,right,forward,forward_right,0
3271,-18.000,2.500,0.500,180.000,R_N_reverse_left,R_N,R_N,left,reverse,reverse_left,1
3272,-18.500,2.500,0.500,180.000,R_N_reverse_left,R_N,R_N,left,reverse,reverse_left,1
3273,-19.000,2.500,0.500,180.000,R_N_reverse_left,R_N,R_N,left,reverse,reverse_left,1
3274,-19.500,2.500,0.500,180.000,R_N_reverse_left,R_N,R_N,left,reverse,reverse_left,1
3275,-18.500,4.000,0.500,-90.000,R_N_reverse_left,R_N,R_N,left,reverse,reverse_left,1
3276,-18.500,3.500,0.500,-90.000,R_N_reverse_left,R_N,R_N,left,reverse,reverse_left,1
3277,-18.500,3.000,0.500,-90.000,R_N_reverse_left,R_N,R_N,left,reverse,reverse_left,1
3278,-18.500,2.500,0.500,-90.000,R_N_reverse_left,R_N,R_N,left,reverse,reverse_left,1
3279,-18.500,2.000,0.500,-90.000,R_N_reverse_left,R_N,R_N,left,reverse,reverse_left,1
3280,-18.500,1.500,0.500,-90.000,R_N_reverse_left,R_N,R_N,left,reverse,reverse_left,1
3281,-18.500,1.000,0.500,-90.000,R_N_reverse_left,R_N,R_N,left,reverse,reverse_left,1
3282,-18.500,0.500,0.500,-90.000,R_N_reverse_left,R_N,R_N,left,reverse,reverse_left,1
3283,-18.500,0.000,0.500,-90.000,R_N_reverse_left,R_N,R_N,left,reverse,reverse_left,1
3284,-18.500,-0.500,0.500,-90.000,R_N_reverse_left,R_N,R_N,left,reverse,reverse_left,1
3285,-18.500,-1.000,0.500,-90.000,R_N_reverse_left,R_N,R_N,left,reverse,reverse_left,1
3286,-18.500,-1.500,0.500,-90.000,R_N_reverse_left,R_N,R_N,left,reverse,reverse_left,1
3287,-18.500,-2.000,0.500,-90.000,R_N_reverse_left,R_N,R_N,left,reverse,reverse_left,1
3288,-18.500,-2.500,0.500,-90.000,R_N_reverse_left,R_N,R_N,left,reverse,reverse_left,1
3289,-18.500,-3.000,0.500,-90.000,R_N_reverse_left,R_N,R_N,left,reverse,reverse_left,0
3290,-18.000,5.500,0.500,180.000,R_N_reverse_right,R_N,R_N,right,reverse,reverse_right,1
3291,-18.500,5.500,0.500,180.000,R_N_reverse_right,R_N,R_N,right,reverse,reverse_right,1
3292,-19.000,5.500,0.500,180.000,R_N_reverse_right,R_N,R_N,right,reverse,reverse_right,1
3293,-19.500,5.500,0.500,180.000,R_N_reverse_right,R_N,R_N,right,reverse,reverse_right,1
3294,-21.500,4.000,0.500,-90.000,R_N_reverse_right,R_N,R_N,right,reverse,reverse_right,1
3295,-21.500,3.500,0.500,-90.000,R_N_reverse_right,R_N,R_N,right,reverse,reverse_right,1
3296,-21.500,3.000,0.500,-90.000,R_N_reverse_right,R_N,R_N,right,reverse,reverse_right,1
3297,-21.500,2.500,0.500,-90.000,R_N_reverse_right,R_N,R_N,right,reverse,reverse_right,1
3298,-21.500,2.000,0.500,-90.000,R_N_reverse_right,R_N,R_N,right,reverse,reverse_right,1
3299,-21.500,1.500,0.500,-90.000,R_N_reverse_right,R_N,R_N,right,reverse,reverse_right,1
3300,-21.500,1.000,0.500,-90.000,R_N_reverse_right,R_N,R_N,right,reverse,reverse_right,1
3301,-21.500,0.500,0.500,-90.000,R_N_reverse_right,R_N,R_N,right,reverse,reverse_right,1
3302,-21.500,-0.000,0.500,-90.000,R_N_reverse_right,R_N,R_N,right,reverse,reverse_right,1
3303,-21.500,-0.500,0.500,-90.000,R_N_reverse_right,R_N,R_N,right,reverse,reverse_right,1
3304,-21.500,-1.000,0.500,-90.000,R_N_reverse_right,R_N,R_N,right,reverse,reverse_right,1
3305,-21.500,-1.500,0.500,-90.000,R_N_reverse_right,R_N,R_N,right,reverse,reverse_right,1
3306,-21.500,-2.000,0.500,-90.000,R_N_reverse_right,R_N,R_N,right,reverse,reverse_right,1
3307,-21.500,-2.500,0.500,-90.000,R_N_reverse_right,R_N,R_N,right,reverse,reverse_right,1
3308,-21.500,-3.000,0.500,-90.000,R_N_reverse_right,R_N,R_N,right,reverse,reverse_right,0
3309,20.000,-35.500,0.500,180.000,H_y-34.0_x-20.0_20.0_forward_left,H_y-34.0_x-20.0_20.0,H_y-34.0_x-20.0_20.0,left,forward,forward_left,1
3310,19.500,-35.500,0.500,180.000,H_y-34.0_x-20.0_20.0_forward_left,H_y-34.0_x-20.0_20.0,H_y-34.0_x-20.0_20.0,left,forward,forward_left,1
3311,19.000,-35.500,0.500,180.000,H_y-34.0_x-20.0_20.0_forward_left,H_y-34.0_x-20.0_20.0,H_y-34.0_x-20.0_20.0,left,forward,forward_left,1
3312,18.500,-35.500,0.500,180.000,H_y-34.0_x-20.0_20.0_forward_left,H_y-34.0_x-20.0_20.0,H_y-34.0_x-20.0_20.0,left,forward,forward_left,1
3313,18.000,-35.500,0.500,180.000,H_y-34.0_x-20.0_20.0_forward_left,H_y-34.0_x-20.0_20.0,H_y-34.0_x-20.0_20.0,left,forward,forward_left,1
3314,17.500,-35.500,0.500,180.000,H_y-34.0_x-20.0_20.0_forward_left,H_y-34.0_x-20.0_20.0,H_y-34.0_x-20.0_20.0,left,forward,forward_left,1
3315,17.000,-35.500,0.500,180.000,H_y-34.0_x-20.0_20.0_forward_left,H_y-34.0_x-20.0_20.0,H_y-34.0_x-20.0_20.0,left,forward,forward_left,1
3316,16.500,-35.500,0.500,180.000,H_y-34.0_x-20.0_20.0_forward_left,H_y-34.0_x-20.0_20.0,H_y-34.0_x-20.0_20.0,left,forward,forward_left,1
3317,16.000,-35.500,0.500,180.000,H_y-34.0_x-20.0_20.0_forward_left,H_y-34.0_x-20.0_20.0,H_y-34.0_x-20.0_20.0,left,forward,forward_left,1
3318,15.500,-35.500,0.500,180.000,H_y-34.0_x-20.0_20.0_forward_left,H_y-34.0_x-20.0_20.0,H_y-34.0_x-20.0_20.0,left,forward,forward_left,1
3319,15.000,-35.500,0.500,180.000,H_y-34.0_x-20.0_20.0_forward_left,H_y-34.0_x-20.0_20.0,H_y-34.0_x-20.0_20.0,left,forward,forward_left,1
3320,14.500,-35.500,0.500,180.000,H_y-34.0_x-20.0_20.0_forward_left,H_y-34.0_x-20.0_20.0,H_y-34.0_x-20.0_20.0,left,forward,forward_left,1
3321,14.000,-35.500,0.500,180.000,H_y-34.0_x-20.0_20.0_forward_left,H_y-34.0_x-20.0_20.0,H_y-34.0_x-20.0_20.0,left,forward,forward_left,1
3322,13.500,-35.500,0.500,180.000,H_y-34.0_x-20.0_20.0_forward_left,H_y-34.0_x-20.0_20.0,H_y-34.0_x-20.0_20.0,left,forward,forward_left,1
3323,13.000,-35.500,0.500,180.000,H_y-34.0_x-20.0_20.0_forward_left,H_y-34.0_x-20.0_20.0,H_y-34.0_x-20.0_20.0,left,forward,forward_left,1
3324,12.500,-35.500,0.500,180.000,H_y-34.0_x-20.0_20.0_forward_left,H_y-34.0_x-20.0_20.0,H_y-34.0_x-20.0_20.0,left,forward,forward_left,1
3325,12.000,-35.500,0.500,180.000,H_y-34.0_x-20.0_20.0_forward_left,H_y-34.0_x-20.0_20.0,H_y-34.0_x-20.0_20.0,left,forward,forward_left,1
3326,11.500,-35.500,0.500,180.000,H_y-34.0_x-20.0_20.0_forward_left,H_y-34.0_x-20.0_20.0,H_y-34.0_x-20.0_20.0,left,forward,forward_left,1
3327,11.000,-35.500,0.500,180.000,H_y-34.0_x-20.0_20.0_forward_left,H_y-34.0_x-20.0_20.0,H_y-34.0_x-20.0_20.0,left,forward,forward_left,1
3328,10.500,-35.500,0.500,180.000,H_y-34.0_x-20.0_20.0_forward_left,H_y-34.0_x-20.0_20.0,H_y-34.0_x-20.0_20.0,left,forward,forward_left,1
3329,10.000,-35.500,0.500,180.000,H_y-34.0_x-20.0_20.0_forward_left,H_y-34.0_x-20.0_20.0,H_y-34.0_x-20.0_20.0,left,forward,forward_left,1
3330,9.500,-35.500,0.500,180.000,H_y-34.0_x-20.0_20.0_forward_left,H_y-34.0_x-20.0_20.0,H_y-34.0_x-20.0_20.0,left,forward,forward_left,1
3331,9.000,-35.500,0.500,180.000,H_y-34.0_x-20.0_20.0_forward_left,H_y-34.0_x-20.0_20.0,H_y-34.0_x-20.0_20.0,left,forward,forward_left,1
3332,8.500,-35.500,0.500,180.000,H_y-34.0_x-20.0_20.0_forward_left,H_y-34.0_x-20.0_20.0,H_y-34.0_x-20.0_20.0,left,forward,forward_left,1
3333,8.000,-35.500,0.500,180.000,H_y-34.0_x-20.0_20.0_forward_left,H_y-34.0_x-20.0_20.0,H_y-34.0_x-20.0_20.0,left,forward,forward_left,1
3334,7.500,-35.500,0.500,180.000,H_y-34.0_x-20.0_20.0_forward_left,H_y-34.0_x-20.0_20.0,H_y-34.0_x-20.0_20.0,left,forward,forward_left,1
3335,7.000,-35.500,0.500,180.000,H_y-34.0_x-20.0_20.0_forward_left,H_y-34.0_x-20.0_20.0,H_y-34.0_x-20.0_20.0,left,forward,forward_left,1
3336,6.500,-35.500,0.500,180.000,H_y-34.0_x-20.0_20.0_forward_left,H_y-34.0_x-20.0_20.0,H_y-34.0_x-20.0_20.0,left,forward,forward_left,1
3337,6.000,-35.500,0.500,180.000,H_y-34.0_x-20.0_20.0_forward_left,H_y-34.0_x-20.0_20.0,H_y-34.0_x-20.0_20.0,left,forward,forward_left,1
3338,5.500,-35.500,0.500,180.000,H_y-34.0_x-20.0_20.0_forward_left,H_y-34.0_x-20.0_20.0,H_y-34.0_x-20.0_20.0,left,forward,forward_left,1
3339,5.000,-35.500,0.500,180.000,H_y-34.0_x-20.0_20.0_forward_left,H_y-34.0_x-20.0_20.0,H_y-34.0_x-20.0_20.0,left,forward,forward_left,1
3340,4.500,-35.500,0.500,180.000,H_y-34.0_x-20.0_20.0_forward_left,H_y-34.0_x-20.0_20.0,H_y-34.0_x-20.0_20.0,left,forward,forward_left,1
3341,4.000,-35.500,0.500,180.000,H_y-34.0_x-20.0_20.0_forward_left,H_y-34.0_x-20.0_20.0,H_y-34.0_x-20.0_20.0,left,forward,forward_left,1
3342,3.500,-35.500,0.500,180.000,H_y-34.0_x-20.0_20.0_forward_left,H_y-34.0_x-20.0_20.0,H_y-34.0_x-20.0_20.0,left,forward,forward_left,1
3343,3.000,-35.500,0.500,180.000,H_y-34.0_x-20.0_20.0_forward_left,H_y-34.0_x-20.0_20.0,H_y-34.0_x-20.0_20.0,left,forward,forward_left,1
3344,2.500,-35.500,0.500,180.000,H_y-34.0_x-20.0_20.0_forward_left,H_y-34.0_x-20.0_20.0,H_y-34.0_x-20.0_20.0,left,forward,forward_left,1
3345,2.000,-35.500,0.500,180.000,H_y-34.0_x-20.0_20.0_forward_left,H_y-34.0_x-20.0_20.0,H_y-34.0_x-20.0_20.0,left,forward,forward_left,1
3346,1.500,-35.500,0.500,180.000,H_y-34.0_x-20.0_20.0_forward_left,H_y-34.0_x-20.0_20.0,H_y-34.0_x-20.0_20.0,left,forward,forward_left,1
3347,1.000,-35.500,0.500,180.000,H_y-34.0_x-20.0_20.0_forward_left,H_y-34.0_x-20.0_20.0,H_y-34.0_x-20.0_20.0,left,forward,forward_left,1
3348,0.500,-35.500,0.500,180.000,H_y-34.0_x-20.0_20.0_forward_left,H_y-34.0_x-20.0_20.0,H_y-34.0_x-20.0_20.0,left,forward,forward_left,1
3349,-0.000,-35.500,0.500,180.000,H_y-34.0_x-20.0_20.0_forward_left,H_y-34.0_x-20.0_20.0,H_y-34.0_x-20.0_20.0,left,forward,forward_left,1
3350,-0.500,-35.500,0.500,180.000,H_y-34.0_x-20.0_20.0_forward_left,H_y-34.0_x-20.0_20.0,H_y-34.0_x-20.0_20.0,left,forward,forward_left,1
3351,-1.000,-35.500,0.500,180.000,H_y-34.0_x-20.0_20.0_forward_left,H_y-34.0_x-20.0_20.0,H_y-34.0_x-20.0_20.0,left,forward,forward_left,1
3352,-1.500,-35.500,0.500,180.000,H_y-34.0_x-20.0_20.0_forward_left,H_y-34.0_x-20.0_20.0,H_y-34.0_x-20.0_20.0,left,forward,forward_left,1
3353,-2.000,-35.500,0.500,180.000,H_y-34.0_x-20.0_20.0_forward_left,H_y-34.0_x-20.0_20.0,H_y-34.0_x-20.0_20.0,left,forward,forward_left,1
3354,-2.500,-35.500,0.500,180.000,H_y-34.0_x-20.0_20.0_forward_left,H_y-34.0_x-20.0_20.0,H_y-34.0_x-20.0_20.0,left,forward,forward_left,1
3355,-3.000,-35.500,0.500,180.000,H_y-34.0_x-20.0_20.0_forward_left,H_y-34.0_x-20.0_20.0,H_y-34.0_x-20.0_20.0,left,forward,forward_left,1
3356,-3.500,-35.500,0.500,180.000,H_y-34.0_x-20.0_20.0_forward_left,H_y-34.0_x-20.0_20.0,H_y-34.0_x-20.0_20.0,left,forward,forward_left,1
3357,-4.000,-35.500,0.500,180.000,H_y-34.0_x-20.0_20.0_forward_left,H_y-34.0_x-20.0_20.0,H_y-34.0_x-20.0_20.0,left,forward,forward_left,1
3358,-4.500,-35.500,0.500,180.000,H_y-34.0_x-20.0_20.0_forward_left,H_y-34.0_x-20.0_20.0,H_y-34.0_x-20.0_20.0,left,forward,forward_left,1
3359,-5.000,-35.500,0.500,180.000,H_y-34.0_x-20.0_20.0_forward_left,H_y-34.0_x-20.0_20.0,H_y-34.0_x-20.0_20.0,left,forward,forward_left,1
3360,-5.500,-35.500,0.500,180.000,H_y-34.0_x-20.0_20.0_forward_left,H_y-34.0_x-20.0_20.0,H_y-34.0_x-20.0_20.0,left,forward,forward_left,1
3361,-6.000,-35.500,0.500,180.000,H_y-34.0_x-20.0_20.0_forward_left,H_y-34.0_x-20.0_20.0,H_y-34.0_x-20.0_20.0,left,forward,forward_left,1
3362,-6.500,-35.500,0.500,180.000,H_y-34.0_x-20.0_20.0_forward_left,H_y-34.0_x-20.0_20.0,H_y-34.0_x-20.0_20.0,left,forward,forward_left,1
3363,-7.000,-35.500,0.500,180.000,H_y-34.0_x-20.0_20.0_forward_left,H_y-34.0_x-20.0_20.0,H_y-34.0_x-20.0_20.0,left,forward,forward_left,1
3364,-7.500,-35.500,0.500,180.000,H_y-34.0_x-20.0_20.0_forward_left,H_y-34.0_x-20.0_20.0,H_y-34.0_x-20.0_20.0,left,forward,forward_left,1
3365,-8.000,-35.500,0.500,180.000,H_y-34.0_x-20.0_20.0_forward_left,H_y-34.0_x-20.0_20.0,H_y-34.0_x-20.0_20.0,left,forward,forward_left,1
3366,-8.500,-35.500,0.500,180.000,H_y-34.0_x-20.0_20.0_forward_left,H_y-34.0_x-20.0_20.0,H_y-34.0_x-20.0_20.0,left,forward,forward_left,1
3367,-9.000,-35.500,0.500,180.000,H_y-34.0_x-20.0_20.0_forward_left,H_y-34.0_x-20.0_20.0,H_y-34.0_x-20.0_20.0,left,forward,forward_left,1
3368,-9.500,-35.500,0.500,180.000,H_y-34.0_x-20.0_20.0_forward_left,H_y-34.0_x-20.0_20.0,H_y-34.0_x-20.0_20.0,left,forward,forward_left,1
3369,-10.000,-35.500,0.500,180.000,H_y-34.0_x-20.0_20.0_forward_left,H_y-34.0_x-20.0_20.0,H_y-34.0_x-20.0_20.0,left,forward,forward_left,1
3370,-10.500,-35.500,0.500,180.000,H_y-34.0_x-20.0_20.0_forward_left,H_y-34.0_x-20.0_20.0,H_y-34.0_x-20.0_20.0,left,forward,forward_left,1
3371,-11.000,-35.500,0.500,180.000,H_y-34.0_x-20.0_20.0_forward_left,H_y-34.0_x-20.0_20.0,H_y-34.0_x-20.0_20.0,left,forward,forward_left,1
3372,-11.500,-35.500,0.500,180.000,H_y-34.0_x-20.0_20.0_forward_left,H_y-34.0_x-20.0_20.0,H_y-34.0_x-20.0_20.0,left,forward,forward_left,1
3373,-12.000,-35.500,0.500,180.000,H_y-34.0_x-20.0_20.0_forward_left,H_y-34.0_x-20.0_20.0,H_y-34.0_x-20.0_20.0,left,forward,forward_left,1
3374,-12.500,-35.500,0.500,180.000,H_y-34.0_x-20.0_20.0_forward_left,H_y-34.0_x-20.0_20.0,H_y-34.0_x-20.0_20.0,left,forward,forward_left,1
3375,-13.000,-35.500,0.500,180.000,H_y-34.0_x-20.0_20.0_forward_left,H_y-34.0_x-20.0_20.0,H_y-34.0_x-20.0_20.0,left,forward,forward_left,1
3376,-13.500,-35.500,0.500,180.000,H_y-34.0_x-20.0_20.0_forward_left,H_y-34.0_x-20.0_20.0,H_y-34.0_x-20.0_20.0,left,forward,forward_left,1
3377,-14.000,-35.500,0.500,180.000,H_y-34.0_x-20.0_20.0_forward_left,H_y-34.0_x-20.0_20.0,H_y-34.0_x-20.0_20.0,left,forward,forward_left,1
3378,-14.500,-35.500,0.500,180.000,H_y-34.0_x-20.0_20.0_forward_left,H_y-34.0_x-20.0_20.0,H_y-34.0_x-20.0_20.0,left,forward,forward_left,1
3379,-15.000,-35.500,0.500,180.000,H_y-34.0_x-20.0_20.0_forward_left,H_y-34.0_x-20.0_20.0,H_y-34.0_x-20.0_20.0,left,forward,forward_left,1
3380,-15.500,-35.500,0.500,180.000,H_y-34.0_x-20.0_20.0_forward_left,H_y-34.0_x-20.0_20.0,H_y-34.0_x-20.0_20.0,left,forward,forward_left,1
3381,-16.000,-35.500,0.500,180.000,H_y-34.0_x-20.0_20.0_forward_left,H_y-34.0_x-20.0_20.0,H_y-34.0_x-20.0_20.0,left,forward,forward_left,1
3382,-16.500,-35.500,0.500,180.000,H_y-34.0_x-20.0_20.0_forward_left,H_y-34.0_x-20.0_20.0,H_y-34.0_x-20.0_20.0,left,forward,forward_left,1
3383,-17.000,-35.500,0.500,180.000,H_y-34.0_x-20.0_20.0_forward_left,H_y-34.0_x-20.0_20.0,H_y-34.0_x-20.0_20.0,left,forward,forward_left,1
3384,-17.500,-35.500,0.500,180.000,H_y-34.0_x-20.0_20.0_forward_left,H_y-34.0_x-20.0_20.0,H_y-34.0_x-20.0_20.0,left,forward,forward_left,1
3385,-18.000,-35.500,0.500,180.000,H_y-34.0_x-20.0_20.0_forward_left,H_y-34.0_x-20.0_20.0,H_y-34.0_x-20.0_20.0,left,forward,forward_left,1
3386,-18.500,-35.500,0.500,180.000,H_y-34.0_x-20.0_20.0_forward_left,H_y-34.0_x-20.0_20.0,H_y-34.0_x-20.0_20.0,left,forward,forward_left,1
3387,-19.000,-35.500,0.500,180.000,H_y-34.0_x-20.0_20.0_forward_left,H_y-34.0_x-20.0_20.0,H_y-34.0_x-20.0_20.0,left,forward,forward_left,1
3388,-19.500,-35.500,0.500,180.000,H_y-34.0_x-20.0_20.0_forward_left,H_y-34.0_x-20.0_20.0,H_y-34.0_x-20.0_20.0,left,forward,forward_left,1
3389,-20.000,-35.500,0.500,180.000,H_y-34.0_x-20.0_20.0_forward_left,H_y-34.0_x-20.0_20.0,H_y-34.0_x-20.0_20.0,left,forward,forward_left,0
3390,20.000,-32.500,0.500,180.000,H_y-34.0_x-20.0_20.0_forward_right,H_y-34.0_x-20.0_20.0,H_y-34.0_x-20.0_20.0,right,forward,forward_right,1
3391,19.500,-32.500,0.500,180.000,H_y-34.0_x-20.0_20.0_forward_right,H_y-34.0_x-20.0_20.0,H_y-34.0_x-20.0_20.0,right,forward,forward_right,1
3392,19.000,-32.500,0.500,180.000,H_y-34.0_x-20.0_20.0_forward_right,H_y-34.0_x-20.0_20.0,H_y-34.0_x-20.0_20.0,right,forward,forward_right,1
3393,18.500,-32.500,0.500,180.000,H_y-34.0_x-20.0_20.0_forward_right,H_y-34.0_x-20.0_20.0,H_y-34.0_x-20.0_20.0,right,forward,forward_right,1
3394,18.000,-32.500,0.500,180.000,H_y-34.0_x-20.0_20.0_forward_right,H_y-34.0_x-20.0_20.0,H_y-34.0_x-20.0_20.0,right,forward,forward_right,1
3395,17.500,-32.500,0.500,180.000,H_y-34.0_x-20.0_20.0_forward_right,H_y-34.0_x-20.0_20.0,H_y-34.0_x-20.0_20.0,right,forward,forward_right,1
3396,17.000,-32.500,0.500,180.000,H_y-34.0_x-20.0_20.0_forward_right,H_y-34.0_x-20.0_20.0,H_y-34.0_x-20.0_20.0,right,forward,forward_right,1
3397,16.500,-32.500,0.500,180.000,H_y-34.0_x-20.0_20.0_forward_right,H_y-34.0_x-20.0_20.0,H_y-34.0_x-20.0_20.0,right,forward,forward_right,1
3398,16.000,-32.500,0.500,180.000,H_y-34.0_x-20.0_20.0_forward_right,H_y-34.0_x-20.0_20.0,H_y-34.0_x-20.0_20.0,right,forward,forward_right,1
3399,15.500,-32.500,0.500,180.000,H_y-34.0_x-20.0_20.0_forward_right,H_y-34.0_x-20.0_20.0,H_y-34.0_x-20.0_20.0,right,forward,forward_right,1
3400,15.000,-32.500,0.500,180.000,H_y-34.0_x-20.0_20.0_forward_right,H_y-34.0_x-20.0_20.0,H_y-34.0_x-20.0_20.0,right,forward,forward_right,1
3401,14.500,-32.500,0.500,180.000,H_y-34.0_x-20.0_20.0_forward_right,H_y-34.0_x-20.0_20.0,H_y-34.0_x-20.0_20.0,right,forward,forward_right,1
3402,14.000,-32.500,0.500,180.000,H_y-34.0_x-20.0_20.0_forward_right,H_y-34.0_x-20.0_20.0,H_y-34.0_x-20.0_20.0,right,forward,forward_right,1
3403,13.500,-32.500,0.500,180.000,H_y-34.0_x-20.0_20.0_forward_right,H_y-34.0_x-20.0_20.0,H_y-34.0_x-20.0_20.0,right,forward,forward_right,1
3404,13.000,-32.500,0.500,180.000,H_y-34.0_x-20.0_20.0_forward_right,H_y-34.0_x-20.0_20.0,H_y-34.0_x-20.0_20.0,right,forward,forward_right,1
3405,12.500,-32.500,0.500,180.000,H_y-34.0_x-20.0_20.0_forward_right,H_y-34.0_x-20.0_20.0,H_y-34.0_x-20.0_20.0,right,forward,forward_right,1
3406,12.000,-32.500,0.500,180.000,H_y-34.0_x-20.0_20.0_forward_right,H_y-34.0_x-20.0_20.0,H_y-34.0_x-20.0_20.0,right,forward,forward_right,1
3407,11.500,-32.500,0.500,180.000,H_y-34.0_x-20.0_20.0_forward_right,H_y-34.0_x-20.0_20.0,H_y-34.0_x-20.0_20.0,right,forward,forward_right,1
3408,11.000,-32.500,0.500,180.000,H_y-34.0_x-20.0_20.0_forward_right,H_y-34.0_x-20.0_20.0,H_y-34.0_x-20.0_20.0,right,forward,forward_right,1
3409,10.500,-32.500,0.500,180.000,H_y-34.0_x-20.0_20.0_forward_right,H_y-34.0_x-20.0_20.0,H_y-34.0_x-20.0_20.0,right,forward,forward_right,1
3410,10.000,-32.500,0.500,180.000,H_y-34.0_x-20.0_20.0_forward_right,H_y-34.0_x-20.0_20.0,H_y-34.0_x-20.0_20.0,right,forward,forward_right,1
3411,9.500,-32.500,0.500,180.000,H_y-34.0_x-20.0_20.0_forward_right,H_y-34.0_x-20.0_20.0,H_y-34.0_x-20.0_20.0,right,forward,forward_right,1
3412,9.000,-32.500,0.500,180.000,H_y-34.0_x-20.0_20.0_forward_right,H_y-34.0_x-20.0_20.0,H_y-34.0_x-20.0_20.0,right,forward,forward_right,1
3413,8.500,-32.500,0.500,180.000,H_y-34.0_x-20.0_20.0_forward_right,H_y-34.0_x-20.0_20.0,H_y-34.0_x-20.0_20.0,right,forward,forward_right,1
3414,8.000,-32.500,0.500,180.000,H_y-34.0_x-20.0_20.0_forward_right,H_y-34.0_x-20.0_20.0,H_y-34.0_x-20.0_20.0,right,forward,forward_right,1
3415,7.500,-32.500,0.500,180.000,H_y-34.0_x-20.0_20.0_forward_right,H_y-34.0_x-20.0_20.0,H_y-34.0_x-20.0_20.0,right,forward,forward_right,1
3416,7.000,-32.500,0.500,180.000,H_y-34.0_x-20.0_20.0_forward_right,H_y-34.0_x-20.0_20.0,H_y-34.0_x-20.0_20.0,right,forward,forward_right,1
3417,6.500,-32.500,0.500,180.000,H_y-34.0_x-20.0_20.0_forward_right,H_y-34.0_x-20.0_20.0,H_y-34.0_x-20.0_20.0,right,forward,forward_right,1
3418,6.000,-32.500,0.500,180.000,H_y-34.0_x-20.0_20.0_forward_right,H_y-34.0_x-20.0_20.0,H_y-34.0_x-20.0_20.0,right,forward,forward_right,1
3419,5.500,-32.500,0.500,180.000,H_y-34.0_x-20.0_20.0_forward_right,H_y-34.0_x-20.0_20.0,H_y-34.0_x-20.0_20.0,right,forward,forward_right,1
3420,5.000,-32.500,0.500,180.000,H_y-34.0_x-20.0_20.0_forward_right,H_y-34.0_x-20.0_20.0,H_y-34.0_x-20.0_20.0,right,forward,forward_right,1
3421,4.500,-32.500,0.500,180.000,H_y-34.0_x-20.0_20.0_forward_right,H_y-34.0_x-20.0_20.0,H_y-34.0_x-20.0_20.0,right,forward,forward_right,1
3422,4.000,-32.500,0.500,180.000,H_y-34.0_x-20.0_20.0_forward_right,H_y-34.0_x-20.0_20.0,H_y-34.0_x-20.0_20.0,right,forward,forward_right,1
3423,3.500,-32.500,0.500,180.000,H_y-34.0_x-20.0_20.0_forward_right,H_y-34.0_x-20.0_20.0,H_y-34.0_x-20.0_20.0,right,forward,forward_right,1
3424,3.000,-32.500,0.500,180.000,H_y-34.0_x-20.0_20.0_forward_right,H_y-34.0_x-20.0_20.0,H_y-34.0_x-20.0_20.0,right,forward,forward_right,1
3425,2.500,-32.500,0.500,180.000,H_y-34.0_x-20.0_20.0_forward_right,H_y-34.0_x-20.0_20.0,H_y-34.0_x-20.0_20.0,right,forward,forward_right,1
3426,2.000,-32.500,0.500,180.000,H_y-34.0_x-20.0_20.0_forward_right,H_y-34.0_x-20.0_20.0,H_y-34.0_x-20.0_20.0,right,forward,forward_right,1
3427,1.500,-32.500,0.500,180.000,H_y-34.0_x-20.0_20.0_forward_right,H_y-34.0_x-20.0_20.0,H_y-34.0_x-20.0_20.0,right,forward,forward_right,1
3428,1.000,-32.500,0.500,180.000,H_y-34.0_x-20.0_20.0_forward_right,H_y-34.0_x-20.0_20.0,H_y-34.0_x-20.0_20.0,right,forward,forward_right,1
3429,0.500,-32.500,0.500,180.000,H_y-34.0_x-20.0_20.0_forward_right,H_y-34.0_x-20.0_20.0,H_y-34.0_x-20.0_20.0,right,forward,forward_right,1
3430,0.000,-32.500,0.500,180.000,H_y-34.0_x-20.0_20.0_forward_right,H_y-34.0_x-20.0_20.0,H_y-34.0_x-20.0_20.0,right,forward,forward_right,1
3431,-0.500,-32.500,0.500,180.000,H_y-34.0_x-20.0_20.0_forward_right,H_y-34.0_x-20.0_20.0,H_y-34.0_x-20.0_20.0,right,forward,forward_right,1
3432,-1.000,-32.500,0.500,180.000,H_y-34.0_x-20.0_20.0_forward_right,H_y-34.0_x-20.0_20.0,H_y-34.0_x-20.0_20.0,right,forward,forward_right,1
3433,-1.500,-32.500,0.500,180.000,H_y-34.0_x-20.0_20.0_forward_right,H_y-34.0_x-20.0_20.0,H_y-34.0_x-20.0_20.0,right,forward,forward_right,1
3434,-2.000,-32.500,0.500,180.000,H_y-34.0_x-20.0_20.0_forward_right,H_y-34.0_x-20.0_20.0,H_y-34.0_x-20.0_20.0,right,forward,forward_right,1
3435,-2.500,-32.500,0.500,180.000,H_y-34.0_x-20.0_20.0_forward_right,H_y-34.0_x-20.0_20.0,H_y-34.0_x-20.0_20.0,right,forward,forward_right,1
3436,-3.000,-32.500,0.500,180.000,H_y-34.0_x-20.0_20.0_forward_right,H_y-34.0_x-20.0_20.0,H_y-34.0_x-20.0_20.0,right,forward,forward_right,1
3437,-3.500,-32.500,0.500,180.000,H_y-34.0_x-20.0_20.0_forward_right,H_y-34.0_x-20.0_20.0,H_y-34.0_x-20.0_20.0,right,forward,forward_right,1
3438,-4.000,-32.500,0.500,180.000,H_y-34.0_x-20.0_20.0_forward_right,H_y-34.0_x-20.0_20.0,H_y-34.0_x-20.0_20.0,right,forward,forward_right,1
3439,-4.500,-32.500,0.500,180.000,H_y-34.0_x-20.0_20.0_forward_right,H_y-34.0_x-20.0_20.0,H_y-34.0_x-20.0_20.0,right,forward,forward_right,1
3440,-5.000,-32.500,0.500,180.000,H_y-34.0_x-20.0_20.0_forward_right,H_y-34.0_x-20.0_20.0,H_y-34.0_x-20.0_20.0,right,forward,forward_right,1
3441,-5.500,-32.500,0.500,180.000,H_y-34.0_x-20.0_20.0_forward_right,H_y-34.0_x-20.0_20.0,H_y-34.0_x-20.0_20.0,right,forward,forward_right,1
3442,-6.000,-32.500,0.500,180.000,H_y-34.0_x-20.0_20.0_forward_right,H_y-34.0_x-20.0_20.0,H_y-34.0_x-20.0_20.0,right,forward,forward_right,1
3443,-6.500,-32.500,0.500,180.000,H_y-34.0_x-20.0_20.0_forward_right,H_y-34.0_x-20.0_20.0,H_y-34.0_x-20.0_20.0,right,forward,forward_right,1
3444,-7.000,-32.500,0.500,180.000,H_y-34.0_x-20.0_20.0_forward_right,H_y-34.0_x-20.0_20.0,H_y-34.0_x-20.0_20.0,right,forward,forward_right,1
3445,-7.500,-32.500,0.500,180.000,H_y-34.0_x-20.0_20.0_forward_right,H_y-34.0_x-20.0_20.0,H_y-34.0_x-20.0_20.0,right,forward,forward_right,1
3446,-8.000,-32.500,0.500,180.000,H_y-34.0_x-20.0_20.0_forward_right,H_y-34.0_x-20.0_20.0,H_y-34.0_x-20.0_20.0,right,forward,forward_right,1
3447,-8.500,-32.500,0.500,180.000,H_y-34.0_x-20.0_20.0_forward_right,H_y-34.0_x-20.0_20.0,H_y-34.0_x-20.0_20.0,right,forward,forward_right,1
3448,-9.000,-32.500,0.500,180.000,H_y-34.0_x-20.0_20.0_forward_right,H_y-34.0_x-20.0_20.0,H_y-34.0_x-20.0_20.0,right,forward,forward_right,1
3449,-9.500,-32.500,0.500,180.000,H_y-34.0_x-20.0_20.0_forward_right,H_y-34.0_x-20.0_20.0,H_y-34.0_x-20.0_20.0,right,forward,forward_right,1
3450,-10.000,-32.500,0.500,180.000,H_y-34.0_x-20.0_20.0_forward_right,H_y-34.0_x-20.0_20.0,H_y-34.0_x-20.0_20.0,right,forward,forward_right,1
3451,-10.500,-32.500,0.500,180.000,H_y-34.0_x-20.0_20.0_forward_right,H_y-34.0_x-20.0_20.0,H_y-34.0_x-20.0_20.0,right,forward,forward_right,1
3452,-11.000,-32.500,0.500,180.000,H_y-34.0_x-20.0_20.0_forward_right,H_y-34.0_x-20.0_20.0,H_y-34.0_x-20.0_20.0,right,forward,forward_right,1
3453,-11.500,-32.500,0.500,180.000,H_y-34.0_x-20.0_20.0_forward_right,H_y-34.0_x-20.0_20.0,H_y-34.0_x-20.0_20.0,right,forward,forward_right,1
3454,-12.000,-32.500,0.500,180.000,H_y-34.0_x-20.0_20.0_forward_right,H_y-34.0_x-20.0_20.0,H_y-34.0_x-20.0_20.0,right,forward,forward_right,1
3455,-12.500,-32.500,0.500,180.000,H_y-34.0_x-20.0_20.0_forward_right,H_y-34.0_x-20.0_20.0,H_y-34.0_x-20.0_20.0,right,forward,forward_right,1
3456,-13.000,-32.500,0.500,180.000,H_y-34.0_x-20.0_20.0_forward_right,H_y-34.0_x-20.0_20.0,H_y-34.0_x-20.0_20.0,right,forward,forward_right,1
3457,-13.500,-32.500,0.500,180.000,H_y-34.0_x-20.0_20.0_forward_right,H_y-34.0_x-20.0_20.0,H_y-34.0_x-20.0_20.0,right,forward,forward_right,1
3458,-14.000,-32.500,0.500,180.000,H_y-34.0_x-20.0_20.0_forward_right,H_y-34.0_x-20.0_20.0,H_y-34.0_x-20.0_20.0,right,forward,forward_right,1
3459,-14.500,-32.500,0.500,180.000,H_y-34.0_x-20.0_20.0_forward_right,H_y-34.0_x-20.0_20.0,H_y-34.0_x-20.0_20.0,right,forward,forward_right,1
3460,-15.000,-32.500,0.500,180.000,H_y-34.0_x-20.0_20.0_forward_right,H_y-34.0_x-20.0_20.0,H_y-34.0_x-20.0_20.0,right,forward,forward_right,1
3461,-15.500,-32.500,0.500,180.000,H_y-34.0_x-20.0_20.0_forward_right,H_y-34.0_x-20.0_20.0,H_y-34.0_x-20.0_20.0,right,forward,forward_right,1
3462,-16.000,-32.500,0.500,180.000,H_y-34.0_x-20.0_20.0_forward_right,H_y-34.0_x-20.0_20.0,H_y-34.0_x-20.0_20.0,right,forward,forward_right,1
3463,-16.500,-32.500,0.500,180.000,H_y-34.0_x-20.0_20.0_forward_right,H_y-34.0_x-20.0_20.0,H_y-34.0_x-20.0_20.0,right,forward,forward_right,1
3464,-17.000,-32.500,0.500,180.000,H_y-34.0_x-20.0_20.0_forward_right,H_y-34.0_x-20.0_20.0,H_y-34.0_x-20.0_20.0,right,forward,forward_right,1
3465,-17.500,-32.500,0.500,180.000,H_y-34.0_x-20.0_20.0_forward_right,H_y-34.0_x-20.0_20.0,H_y-34.0_x-20.0_20.0,right,forward,forward_right,1
3466,-18.000,-32.500,0.500,180.000,H_y-34.0_x-20.0_20.0_forward_right,H_y-34.0_x-20.0_20.0,H_y-34.0_x-20.0_20.0,right,forward,forward_right,1
3467,-18.500,-32.500,0.500,180.000,H_y-34.0_x-20.0_20.0_forward_right,H_y-34.0_x-20.0_20.0,H_y-34.0_x-20.0_20.0,right,forward,forward_right,1
3468,-19.000,-32.500,0.500,180.000,H_y-34.0_x-20.0_20.0_forward_right,H_y-34.0_x-20.0_20.0,H_y-34.0_x-20.0_20.0,right,forward,forward_right,1
3469,-19.500,-32.500,0.500,180.000,H_y-34.0_x-20.0_20.0_forward_right,H_y-34.0_x-20.0_20.0,H_y-34.0_x-20.0_20.0,right,forward,forward_right,1
3470,-20.000,-32.500,0.500,180.000,H_y-34.0_x-20.0_20.0_forward_right,H_y-34.0_x-20.0_20.0,H_y-34.0_x-20.0_20.0,right,forward,forward_right,0
3471,-20.000,-32.500,0.500,0.000,H_y-34.0_x-20.0_20.0_reverse_left,H_y-34.0_x-20.0_20.0,H_y-34.0_x-20.0_20.0,left,reverse,reverse_left,1
3472,-19.500,-32.500,0.500,0.000,H_y-34.0_x-20.0_20.0_reverse_left,H_y-34.0_x-20.0_20.0,H_y-34.0_x-20.0_20.0,left,reverse,reverse_left,1
3473,-19.000,-32.500,0.500,0.000,H_y-34.0_x-20.0_20.0_reverse_left,H_y-34.0_x-20.0_20.0,H_y-34.0_x-20.0_20.0,left,reverse,reverse_left,1
3474,-18.500,-32.500,0.500,0.000,H_y-34.0_x-20.0_20.0_reverse_left,H_y-34.0_x-20.0_20.0,H_y-34.0_x-20.0_20.0,left,reverse,reverse_left,1
3475,-18.000,-32.500,0.500,0.000,H_y-34.0_x-20.0_20.0_reverse_left,H_y-34.0_x-20.0_20.0,H_y-34.0_x-20.0_20.0,left,reverse,reverse_left,1
3476,-17.500,-32.500,0.500,0.000,H_y-34.0_x-20.0_20.0_reverse_left,H_y-34.0_x-20.0_20.0,H_y-34.0_x-20.0_20.0,left,reverse,reverse_left,1
3477,-17.000,-32.500,0.500,0.000,H_y-34.0_x-20.0_20.0_reverse_left,H_y-34.0_x-20.0_20.0,H_y-34.0_x-20.0_20.0,left,reverse,reverse_left,1
3478,-16.500,-32.500,0.500,0.000,H_y-34.0_x-20.0_20.0_reverse_left,H_y-34.0_x-20.0_20.0,H_y-34.0_x-20.0_20.0,left,reverse,reverse_left,1
3479,-16.000,-32.500,0.500,0.000,H_y-34.0_x-20.0_20.0_reverse_left,H_y-34.0_x-20.0_20.0,H_y-34.0_x-20.0_20.0,left,reverse,reverse_left,1
3480,-15.500,-32.500,0.500,0.000,H_y-34.0_x-20.0_20.0_reverse_left,H_y-34.0_x-20.0_20.0,H_y-34.0_x-20.0_20.0,left,reverse,reverse_left,1
3481,-15.000,-32.500,0.500,0.000,H_y-34.0_x-20.0_20.0_reverse_left,H_y-34.0_x-20.0_20.0,H_y-34.0_x-20.0_20.0,left,reverse,reverse_left,1
3482,-14.500,-32.500,0.500,0.000,H_y-34.0_x-20.0_20.0_reverse_left,H_y-34.0_x-20.0_20.0,H_y-34.0_x-20.0_20.0,left,reverse,reverse_left,1
3483,-14.000,-32.500,0.500,0.000,H_y-34.0_x-20.0_20.0_reverse_left,H_y-34.0_x-20.0_20.0,H_y-34.0_x-20.0_20.0,left,reverse,reverse_left,1
3484,-13.500,-32.500,0.500,0.000,H_y-34.0_x-20.0_20.0_reverse_left,H_y-34.0_x-20.0_20.0,H_y-34.0_x-20.0_20.0,left,reverse,reverse_left,1
3485,-13.000,-32.500,0.500,0.000,H_y-34.0_x-20.0_20.0_reverse_left,H_y-34.0_x-20.0_20.0,H_y-34.0_x-20.0_20.0,left,reverse,reverse_left,1
3486,-12.500,-32.500,0.500,0.000,H_y-34.0_x-20.0_20.0_reverse_left,H_y-34.0_x-20.0_20.0,H_y-34.0_x-20.0_20.0,left,reverse,reverse_left,1
3487,-12.000,-32.500,0.500,0.000,H_y-34.0_x-20.0_20.0_reverse_left,H_y-34.0_x-20.0_20.0,H_y-34.0_x-20.0_20.0,left,reverse,reverse_left,1
3488,-11.500,-32.500,0.500,0.000,H_y-34.0_x-20.0_20.0_reverse_left,H_y-34.0_x-20.0_20.0,H_y-34.0_x-20.0_20.0,left,reverse,reverse_left,1
3489,-11.000,-32.500,0.500,0.000,H_y-34.0_x-20.0_20.0_reverse_left,H_y-34.0_x-20.0_20.0,H_y-34.0_x-20.0_20.0,left,reverse,reverse_left,1
3490,-10.500,-32.500,0.500,0.000,H_y-34.0_x-20.0_20.0_reverse_left,H_y-34.0_x-20.0_20.0,H_y-34.0_x-20.0_20.0,left,reverse,reverse_left,1
3491,-10.000,-32.500,0.500,0.000,H_y-34.0_x-20.0_20.0_reverse_left,H_y-34.0_x-20.0_20.0,H_y-34.0_x-20.0_20.0,left,reverse,reverse_left,1
3492,-9.500,-32.500,0.500,0.000,H_y-34.0_x-20.0_20.0_reverse_left,H_y-34.0_x-20.0_20.0,H_y-34.0_x-20.0_20.0,left,reverse,reverse_left,1
3493,-9.000,-32.500,0.500,0.000,H_y-34.0_x-20.0_20.0_reverse_left,H_y-34.0_x-20.0_20.0,H_y-34.0_x-20.0_20.0,left,reverse,reverse_left,1
3494,-8.500,-32.500,0.500,0.000,H_y-34.0_x-20.0_20.0_reverse_left,H_y-34.0_x-20.0_20.0,H_y-34.0_x-20.0_20.0,left,reverse,reverse_left,1
3495,-8.000,-32.500,0.500,0.000,H_y-34.0_x-20.0_20.0_reverse_left,H_y-34.0_x-20.0_20.0,H_y-34.0_x-20.0_20.0,left,reverse,reverse_left,1
3496,-7.500,-32.500,0.500,0.000,H_y-34.0_x-20.0_20.0_reverse_left,H_y-34.0_x-20.0_20.0,H_y-34.0_x-20.0_20.0,left,reverse,reverse_left,1
3497,-7.000,-32.500,0.500,0.000,H_y-34.0_x-20.0_20.0_reverse_left,H_y-34.0_x-20.0_20.0,H_y-34.0_x-20.0_20.0,left,reverse,reverse_left,1
3498,-6.500,-32.500,0.500,0.000,H_y-34.0_x-20.0_20.0_reverse_left,H_y-34.0_x-20.0_20.0,H_y-34.0_x-20.0_20.0,left,reverse,reverse_left,1
3499,-6.000,-32.500,0.500,0.000,H_y-34.0_x-20.0_20.0_reverse_left,H_y-34.0_x-20.0_20.0,H_y-34.0_x-20.0_20.0,left,reverse,reverse_left,1
3500,-5.500,-32.500,0.500,0.000,H_y-34.0_x-20.0_20.0_reverse_left,H_y-34.0_x-20.0_20.0,H_y-34.0_x-20.0_20.0,left,reverse,reverse_left,1
3501,-5.000,-32.500,0.500,0.000,H_y-34.0_x-20.0_20.0_reverse_left,H_y-34.0_x-20.0_20.0,H_y-34.0_x-20.0_20.0,left,reverse,reverse_left,1
3502,-4.500,-32.500,0.500,0.000,H_y-34.0_x-20.0_20.0_reverse_left,H_y-34.0_x-20.0_20.0,H_y-34.0_x-20.0_20.0,left,reverse,reverse_left,1
3503,-4.000,-32.500,0.500,0.000,H_y-34.0_x-20.0_20.0_reverse_left,H_y-34.0_x-20.0_20.0,H_y-34.0_x-20.0_20.0,left,reverse,reverse_left,1
3504,-3.500,-32.500,0.500,0.000,H_y-34.0_x-20.0_20.0_reverse_left,H_y-34.0_x-20.0_20.0,H_y-34.0_x-20.0_20.0,left,reverse,reverse_left,1
3505,-3.000,-32.500,0.500,0.000,H_y-34.0_x-20.0_20.0_reverse_left,H_y-34.0_x-20.0_20.0,H_y-34.0_x-20.0_20.0,left,reverse,reverse_left,1
3506,-2.500,-32.500,0.500,0.000,H_y-34.0_x-20.0_20.0_reverse_left,H_y-34.0_x-20.0_20.0,H_y-34.0_x-20.0_20.0,left,reverse,reverse_left,1
3507,-2.000,-32.500,0.500,0.000,H_y-34.0_x-20.0_20.0_reverse_left,H_y-34.0_x-20.0_20.0,H_y-34.0_x-20.0_20.0,left,reverse,reverse_left,1
3508,-1.500,-32.500,0.500,0.000,H_y-34.0_x-20.0_20.0_reverse_left,H_y-34.0_x-20.0_20.0,H_y-34.0_x-20.0_20.0,left,reverse,reverse_left,1
3509,-1.000,-32.500,0.500,0.000,H_y-34.0_x-20.0_20.0_reverse_left,H_y-34.0_x-20.0_20.0,H_y-34.0_x-20.0_20.0,left,reverse,reverse_left,1
3510,-0.500,-32.500,0.500,0.000,H_y-34.0_x-20.0_20.0_reverse_left,H_y-34.0_x-20.0_20.0,H_y-34.0_x-20.0_20.0,left,reverse,reverse_left,1
3511,0.000,-32.500,0.500,0.000,H_y-34.0_x-20.0_20.0_reverse_left,H_y-34.0_x-20.0_20.0,H_y-34.0_x-20.0_20.0,left,reverse,reverse_left,1
3512,0.500,-32.500,0.500,0.000,H_y-34.0_x-20.0_20.0_reverse_left,H_y-34.0_x-20.0_20.0,H_y-34.0_x-20.0_20.0,left,reverse,reverse_left,1
3513,1.000,-32.500,0.500,0.000,H_y-34.0_x-20.0_20.0_reverse_left,H_y-34.0_x-20.0_20.0,H_y-34.0_x-20.0_20.0,left,reverse,reverse_left,1
3514,1.500,-32.500,0.500,0.000,H_y-34.0_x-20.0_20.0_reverse_left,H_y-34.0_x-20.0_20.0,H_y-34.0_x-20.0_20.0,left,reverse,reverse_left,1
3515,2.000,-32.500,0.500,0.000,H_y-34.0_x-20.0_20.0_reverse_left,H_y-34.0_x-20.0_20.0,H_y-34.0_x-20.0_20.0,left,reverse,reverse_left,1
3516,2.500,-32.500,0.500,0.000,H_y-34.0_x-20.0_20.0_reverse_left,H_y-34.0_x-20.0_20.0,H_y-34.0_x-20.0_20.0,left,reverse,reverse_left,1
3517,3.000,-32.500,0.500,0.000,H_y-34.0_x-20.0_20.0_reverse_left,H_y-34.0_x-20.0_20.0,H_y-34.0_x-20.0_20.0,left,reverse,reverse_left,1
3518,3.500,-32.500,0.500,0.000,H_y-34.0_x-20.0_20.0_reverse_left,H_y-34.0_x-20.0_20.0,H_y-34.0_x-20.0_20.0,left,reverse,reverse_left,1
3519,4.000,-32.500,0.500,0.000,H_y-34.0_x-20.0_20.0_reverse_left,H_y-34.0_x-20.0_20.0,H_y-34.0_x-20.0_20.0,left,reverse,reverse_left,1
3520,4.500,-32.500,0.500,0.000,H_y-34.0_x-20.0_20.0_reverse_left,H_y-34.0_x-20.0_20.0,H_y-34.0_x-20.0_20.0,left,reverse,reverse_left,1
3521,5.000,-32.500,0.500,0.000,H_y-34.0_x-20.0_20.0_reverse_left,H_y-34.0_x-20.0_20.0,H_y-34.0_x-20.0_20.0,left,reverse,reverse_left,1
3522,5.500,-32.500,0.500,0.000,H_y-34.0_x-20.0_20.0_reverse_left,H_y-34.0_x-20.0_20.0,H_y-34.0_x-20.0_20.0,left,reverse,reverse_left,1
3523,6.000,-32.500,0.500,0.000,H_y-34.0_x-20.0_20.0_reverse_left,H_y-34.0_x-20.0_20.0,H_y-34.0_x-20.0_20.0,left,reverse,reverse_left,1
3524,6.500,-32.500,0.500,0.000,H_y-34.0_x-20.0_20.0_reverse_left,H_y-34.0_x-20.0_20.0,H_y-34.0_x-20.0_20.0,left,reverse,reverse_left,1
3525,7.000,-32.500,0.500,0.000,H_y-34.0_x-20.0_20.0_reverse_left,H_y-34.0_x-20.0_20.0,H_y-34.0_x-20.0_20.0,left,reverse,reverse_left,1
3526,7.500,-32.500,0.500,0.000,H_y-34.0_x-20.0_20.0_reverse_left,H_y-34.0_x-20.0_20.0,H_y-34.0_x-20.0_20.0,left,reverse,reverse_left,1
3527,8.000,-32.500,0.500,0.000,H_y-34.0_x-20.0_20.0_reverse_left,H_y-34.0_x-20.0_20.0,H_y-34.0_x-20.0_20.0,left,reverse,reverse_left,1
3528,8.500,-32.500,0.500,0.000,H_y-34.0_x-20.0_20.0_reverse_left,H_y-34.0_x-20.0_20.0,H_y-34.0_x-20.0_20.0,left,reverse,reverse_left,1
3529,9.000,-32.500,0.500,0.000,H_y-34.0_x-20.0_20.0_reverse_left,H_y-34.0_x-20.0_20.0,H_y-34.0_x-20.0_20.0,left,reverse,reverse_left,1
3530,9.500,-32.500,0.500,0.000,H_y-34.0_x-20.0_20.0_reverse_left,H_y-34.0_x-20.0_20.0,H_y-34.0_x-20.0_20.0,left,reverse,reverse_left,1
3531,10.000,-32.500,0.500,0.000,H_y-34.0_x-20.0_20.0_reverse_left,H_y-34.0_x-20.0_20.0,H_y-34.0_x-20.0_20.0,left,reverse,reverse_left,1
3532,10.500,-32.500,0.500,0.000,H_y-34.0_x-20.0_20.0_reverse_left,H_y-34.0_x-20.0_20.0,H_y-34.0_x-20.0_20.0,left,reverse,reverse_left,1
3533,11.000,-32.500,0.500,0.000,H_y-34.0_x-20.0_20.0_reverse_left,H_y-34.0_x-20.0_20.0,H_y-34.0_x-20.0_20.0,left,reverse,reverse_left,1
3534,11.500,-32.500,0.500,0.000,H_y-34.0_x-20.0_20.0_reverse_left,H_y-34.0_x-20.0_20.0,H_y-34.0_x-20.0_20.0,left,reverse,reverse_left,1
3535,12.000,-32.500,0.500,0.000,H_y-34.0_x-20.0_20.0_reverse_left,H_y-34.0_x-20.0_20.0,H_y-34.0_x-20.0_20.0,left,reverse,reverse_left,1
3536,12.500,-32.500,0.500,0.000,H_y-34.0_x-20.0_20.0_reverse_left,H_y-34.0_x-20.0_20.0,H_y-34.0_x-20.0_20.0,left,reverse,reverse_left,1
3537,13.000,-32.500,0.500,0.000,H_y-34.0_x-20.0_20.0_reverse_left,H_y-34.0_x-20.0_20.0,H_y-34.0_x-20.0_20.0,left,reverse,reverse_left,1
3538,13.500,-32.500,0.500,0.000,H_y-34.0_x-20.0_20.0_reverse_left,H_y-34.0_x-20.0_20.0,H_y-34.0_x-20.0_20.0,left,reverse,reverse_left,1
3539,14.000,-32.500,0.500,0.000,H_y-34.0_x-20.0_20.0_reverse_left,H_y-34.0_x-20.0_20.0,H_y-34.0_x-20.0_20.0,left,reverse,reverse_left,1
3540,14.500,-32.500,0.500,0.000,H_y-34.0_x-20.0_20.0_reverse_left,H_y-34.0_x-20.0_20.0,H_y-34.0_x-20.0_20.0,left,reverse,reverse_left,1
3541,15.000,-32.500,0.500,0.000,H_y-34.0_x-20.0_20.0_reverse_left,H_y-34.0_x-20.0_20.0,H_y-34.0_x-20.0_20.0,left,reverse,reverse_left,1
3542,15.500,-32.500,0.500,0.000,H_y-34.0_x-20.0_20.0_reverse_left,H_y-34.0_x-20.0_20.0,H_y-34.0_x-20.0_20.0,left,reverse,reverse_left,1
3543,16.000,-32.500,0.500,0.000,H_y-34.0_x-20.0_20.0_reverse_left,H_y-34.0_x-20.0_20.0,H_y-34.0_x-20.0_20.0,left,reverse,reverse_left,1
3544,16.500,-32.500,0.500,0.000,H_y-34.0_x-20.0_20.0_reverse_left,H_y-34.0_x-20.0_20.0,H_y-34.0_x-20.0_20.0,left,reverse,reverse_left,1
3545,17.000,-32.500,0.500,0.000,H_y-34.0_x-20.0_20.0_reverse_left,H_y-34.0_x-20.0_20.0,H_y-34.0_x-20.0_20.0,left,reverse,reverse_left,1
3546,17.500,-32.500,0.500,0.000,H_y-34.0_x-20.0_20.0_reverse_left,H_y-34.0_x-20.0_20.0,H_y-34.0_x-20.0_20.0,left,reverse,reverse_left,1
3547,18.000,-32.500,0.500,0.000,H_y-34.0_x-20.0_20.0_reverse_left,H_y-34.0_x-20.0_20.0,H_y-34.0_x-20.0_20.0,left,reverse,reverse_left,1
3548,18.500,-32.500,0.500,0.000,H_y-34.0_x-20.0_20.0_reverse_left,H_y-34.0_x-20.0_20.0,H_y-34.0_x-20.0_20.0,left,reverse,reverse_left,1
3549,19.000,-32.500,0.500,0.000,H_y-34.0_x-20.0_20.0_reverse_left,H_y-34.0_x-20.0_20.0,H_y-34.0_x-20.0_20.0,left,reverse,reverse_left,1
3550,19.500,-32.500,0.500,0.000,H_y-34.0_x-20.0_20.0_reverse_left,H_y-34.0_x-20.0_20.0,H_y-34.0_x-20.0_20.0,left,reverse,reverse_left,1
3551,20.000,-32.500,0.500,0.000,H_y-34.0_x-20.0_20.0_reverse_left,H_y-34.0_x-20.0_20.0,H_y-34.0_x-20.0_20.0,left,reverse,reverse_left,0
3552,-20.000,-35.500,0.500,0.000,H_y-34.0_x-20.0_20.0_reverse_right,H_y-34.0_x-20.0_20.0,H_y-34.0_x-20.0_20.0,right,reverse,reverse_right,1
3553,-19.500,-35.500,0.500,0.000,H_y-34.0_x-20.0_20.0_reverse_right,H_y-34.0_x-20.0_20.0,H_y-34.0_x-20.0_20.0,right,reverse,reverse_right,1
3554,-19.000,-35.500,0.500,0.000,H_y-34.0_x-20.0_20.0_reverse_right,H_y-34.0_x-20.0_20.0,H_y-34.0_x-20.0_20.0,right,reverse,reverse_right,1
3555,-18.500,-35.500,0.500,0.000,H_y-34.0_x-20.0_20.0_reverse_right,H_y-34.0_x-20.0_20.0,H_y-34.0_x-20.0_20.0,right,reverse,reverse_right,1
3556,-18.000,-35.500,0.500,0.000,H_y-34.0_x-20.0_20.0_reverse_right,H_y-34.0_x-20.0_20.0,H_y-34.0_x-20.0_20.0,right,reverse,reverse_right,1
3557,-17.500,-35.500,0.500,0.000,H_y-34.0_x-20.0_20.0_reverse_right,H_y-34.0_x-20.0_20.0,H_y-34.0_x-20.0_20.0,right,reverse,reverse_right,1
3558,-17.000,-35.500,0.500,0.000,H_y-34.0_x-20.0_20.0_reverse_right,H_y-34.0_x-20.0_20.0,H_y-34.0_x-20.0_20.0,right,reverse,reverse_right,1
3559,-16.500,-35.500,0.500,0.000,H_y-34.0_x-20.0_20.0_reverse_right,H_y-34.0_x-20.0_20.0,H_y-34.0_x-20.0_20.0,right,reverse,reverse_right,1
3560,-16.000,-35.500,0.500,0.000,H_y-34.0_x-20.0_20.0_reverse_right,H_y-34.0_x-20.0_20.0,H_y-34.0_x-20.0_20.0,right,reverse,reverse_right,1
3561,-15.500,-35.500,0.500,0.000,H_y-34.0_x-20.0_20.0_reverse_right,H_y-34.0_x-20.0_20.0,H_y-34.0_x-20.0_20.0,right,reverse,reverse_right,1
3562,-15.000,-35.500,0.500,0.000,H_y-34.0_x-20.0_20.0_reverse_right,H_y-34.0_x-20.0_20.0,H_y-34.0_x-20.0_20.0,right,reverse,reverse_right,1
3563,-14.500,-35.500,0.500,0.000,H_y-34.0_x-20.0_20.0_reverse_right,H_y-34.0_x-20.0_20.0,H_y-34.0_x-20.0_20.0,right,reverse,reverse_right,1
3564,-14.000,-35.500,0.500,0.000,H_y-34.0_x-20.0_20.0_reverse_right,H_y-34.0_x-20.0_20.0,H_y-34.0_x-20.0_20.0,right,reverse,reverse_right,1
3565,-13.500,-35.500,0.500,0.000,H_y-34.0_x-20.0_20.0_reverse_right,H_y-34.0_x-20.0_20.0,H_y-34.0_x-20.0_20.0,right,reverse,reverse_right,1
3566,-13.000,-35.500,0.500,0.000,H_y-34.0_x-20.0_20.0_reverse_right,H_y-34.0_x-20.0_20.0,H_y-34.0_x-20.0_20.0,right,reverse,reverse_right,1
3567,-12.500,-35.500,0.500,0.000,H_y-34.0_x-20.0_20.0_reverse_right,H_y-34.0_x-20.0_20.0,H_y-34.0_x-20.0_20.0,right,reverse,reverse_right,1
3568,-12.000,-35.500,0.500,0.000,H_y-34.0_x-20.0_20.0_reverse_right,H_y-34.0_x-20.0_20.0,H_y-34.0_x-20.0_20.0,right,reverse,reverse_right,1
3569,-11.500,-35.500,0.500,0.000,H_y-34.0_x-20.0_20.0_reverse_right,H_y-34.0_x-20.0_20.0,H_y-34.0_x-20.0_20.0,right,reverse,reverse_right,1
3570,-11.000,-35.500,0.500,0.000,H_y-34.0_x-20.0_20.0_reverse_right,H_y-34.0_x-20.0_20.0,H_y-34.0_x-20.0_20.0,right,reverse,reverse_right,1
3571,-10.500,-35.500,0.500,0.000,H_y-34.0_x-20.0_20.0_reverse_right,H_y-34.0_x-20.0_20.0,H_y-34.0_x-20.0_20.0,right,reverse,reverse_right,1
3572,-10.000,-35.500,0.500,0.000,H_y-34.0_x-20.0_20.0_reverse_right,H_y-34.0_x-20.0_20.0,H_y-34.0_x-20.0_20.0,right,reverse,reverse_right,1
3573,-9.500,-35.500,0.500,0.000,H_y-34.0_x-20.0_20.0_reverse_right,H_y-34.0_x-20.0_20.0,H_y-34.0_x-20.0_20.0,right,reverse,reverse_right,1
3574,-9.000,-35.500,0.500,0.000,H_y-34.0_x-20.0_20.0_reverse_right,H_y-34.0_x-20.0_20.0,H_y-34.0_x-20.0_20.0,right,reverse,reverse_right,1
3575,-8.500,-35.500,0.500,0.000,H_y-34.0_x-20.0_20.0_reverse_right,H_y-34.0_x-20.0_20.0,H_y-34.0_x-20.0_20.0,right,reverse,reverse_right,1
3576,-8.000,-35.500,0.500,0.000,H_y-34.0_x-20.0_20.0_reverse_right,H_y-34.0_x-20.0_20.0,H_y-34.0_x-20.0_20.0,right,reverse,reverse_right,1
3577,-7.500,-35.500,0.500,0.000,H_y-34.0_x-20.0_20.0_reverse_right,H_y-34.0_x-20.0_20.0,H_y-34.0_x-20.0_20.0,right,reverse,reverse_right,1
3578,-7.000,-35.500,0.500,0.000,H_y-34.0_x-20.0_20.0_reverse_right,H_y-34.0_x-20.0_20.0,H_y-34.0_x-20.0_20.0,right,reverse,reverse_right,1
3579,-6.500,-35.500,0.500,0.000,H_y-34.0_x-20.0_20.0_reverse_right,H_y-34.0_x-20.0_20.0,H_y-34.0_x-20.0_20.0,right,reverse,reverse_right,1
3580,-6.000,-35.500,0.500,0.000,H_y-34.0_x-20.0_20.0_reverse_right,H_y-34.0_x-20.0_20.0,H_y-34.0_x-20.0_20.0,right,reverse,reverse_right,1
3581,-5.500,-35.500,0.500,0.000,H_y-34.0_x-20.0_20.0_reverse_right,H_y-34.0_x-20.0_20.0,H_y-34.0_x-20.0_20.0,right,reverse,reverse_right,1
3582,-5.000,-35.500,0.500,0.000,H_y-34.0_x-20.0_20.0_reverse_right,H_y-34.0_x-20.0_20.0,H_y-34.0_x-20.0_20.0,right,reverse,reverse_right,1
3583,-4.500,-35.500,0.500,0.000,H_y-34.0_x-20.0_20.0_reverse_right,H_y-34.0_x-20.0_20.0,H_y-34.0_x-20.0_20.0,right,reverse,reverse_right,1
3584,-4.000,-35.500,0.500,0.000,H_y-34.0_x-20.0_20.0_reverse_right,H_y-34.0_x-20.0_20.0,H_y-34.0_x-20.0_20.0,right,reverse,reverse_right,1
3585,-3.500,-35.500,0.500,0.000,H_y-34.0_x-20.0_20.0_reverse_right,H_y-34.0_x-20.0_20.0,H_y-34.0_x-20.0_20.0,right,reverse,reverse_right,1
3586,-3.000,-35.500,0.500,0.000,H_y-34.0_x-20.0_20.0_reverse_right,H_y-34.0_x-20.0_20.0,H_y-34.0_x-20.0_20.0,right,reverse,reverse_right,1
3587,-2.500,-35.500,0.500,0.000,H_y-34.0_x-20.0_20.0_reverse_right,H_y-34.0_x-20.0_20.0,H_y-34.0_x-20.0_20.0,right,reverse,reverse_right,1
3588,-2.000,-35.500,0.500,0.000,H_y-34.0_x-20.0_20.0_reverse_right,H_y-34.0_x-20.0_20.0,H_y-34.0_x-20.0_20.0,right,reverse,reverse_right,1
3589,-1.500,-35.500,0.500,0.000,H_y-34.0_x-20.0_20.0_reverse_right,H_y-34.0_x-20.0_20.0,H_y-34.0_x-20.0_20.0,right,reverse,reverse_right,1
3590,-1.000,-35.500,0.500,0.000,H_y-34.0_x-20.0_20.0_reverse_right,H_y-34.0_x-20.0_20.0,H_y-34.0_x-20.0_20.0,right,reverse,reverse_right,1
3591,-0.500,-35.500,0.500,0.000,H_y-34.0_x-20.0_20.0_reverse_right,H_y-34.0_x-20.0_20.0,H_y-34.0_x-20.0_20.0,right,reverse,reverse_right,1
3592,0.000,-35.500,0.500,0.000,H_y-34.0_x-20.0_20.0_reverse_right,H_y-34.0_x-20.0_20.0,H_y-34.0_x-20.0_20.0,right,reverse,reverse_right,1
3593,0.500,-35.500,0.500,0.000,H_y-34.0_x-20.0_20.0_reverse_right,H_y-34.0_x-20.0_20.0,H_y-34.0_x-20.0_20.0,right,reverse,reverse_right,1
3594,1.000,-35.500,0.500,0.000,H_y-34.0_x-20.0_20.0_reverse_right,H_y-34.0_x-20.0_20.0,H_y-34.0_x-20.0_20.0,right,reverse,reverse_right,1
3595,1.500,-35.500,0.500,0.000,H_y-34.0_x-20.0_20.0_reverse_right,H_y-34.0_x-20.0_20.0,H_y-34.0_x-20.0_20.0,right,reverse,reverse_right,1
3596,2.000,-35.500,0.500,0.000,H_y-34.0_x-20.0_20.0_reverse_right,H_y-34.0_x-20.0_20.0,H_y-34.0_x-20.0_20.0,right,reverse,reverse_right,1
3597,2.500,-35.500,0.500,0.000,H_y-34.0_x-20.0_20.0_reverse_right,H_y-34.0_x-20.0_20.0,H_y-34.0_x-20.0_20.0,right,reverse,reverse_right,1
3598,3.000,-35.500,0.500,0.000,H_y-34.0_x-20.0_20.0_reverse_right,H_y-34.0_x-20.0_20.0,H_y-34.0_x-20.0_20.0,right,reverse,reverse_right,1
3599,3.500,-35.500,0.500,0.000,H_y-34.0_x-20.0_20.0_reverse_right,H_y-34.0_x-20.0_20.0,H_y-34.0_x-20.0_20.0,right,reverse,reverse_right,1
3600,4.000,-35.500,0.500,0.000,H_y-34.0_x-20.0_20.0_reverse_right,H_y-34.0_x-20.0_20.0,H_y-34.0_x-20.0_20.0,right,reverse,reverse_right,1
3601,4.500,-35.500,0.500,0.000,H_y-34.0_x-20.0_20.0_reverse_right,H_y-34.0_x-20.0_20.0,H_y-34.0_x-20.0_20.0,right,reverse,reverse_right,1
3602,5.000,-35.500,0.500,0.000,H_y-34.0_x-20.0_20.0_reverse_right,H_y-34.0_x-20.0_20.0,H_y-34.0_x-20.0_20.0,right,reverse,reverse_right,1
3603,5.500,-35.500,0.500,0.000,H_y-34.0_x-20.0_20.0_reverse_right,H_y-34.0_x-20.0_20.0,H_y-34.0_x-20.0_20.0,right,reverse,reverse_right,1
3604,6.000,-35.500,0.500,0.000,H_y-34.0_x-20.0_20.0_reverse_right,H_y-34.0_x-20.0_20.0,H_y-34.0_x-20.0_20.0,right,reverse,reverse_right,1
3605,6.500,-35.500,0.500,0.000,H_y-34.0_x-20.0_20.0_reverse_right,H_y-34.0_x-20.0_20.0,H_y-34.0_x-20.0_20.0,right,reverse,reverse_right,1
3606,7.000,-35.500,0.500,0.000,H_y-34.0_x-20.0_20.0_reverse_right,H_y-34.0_x-20.0_20.0,H_y-34.0_x-20.0_20.0,right,reverse,reverse_right,1
3607,7.500,-35.500,0.500,0.000,H_y-34.0_x-20.0_20.0_reverse_right,H_y-34.0_x-20.0_20.0,H_y-34.0_x-20.0_20.0,right,reverse,reverse_right,1
3608,8.000,-35.500,0.500,0.000,H_y-34.0_x-20.0_20.0_reverse_right,H_y-34.0_x-20.0_20.0,H_y-34.0_x-20.0_20.0,right,reverse,reverse_right,1
3609,8.500,-35.500,0.500,0.000,H_y-34.0_x-20.0_20.0_reverse_right,H_y-34.0_x-20.0_20.0,H_y-34.0_x-20.0_20.0,right,reverse,reverse_right,1
3610,9.000,-35.500,0.500,0.000,H_y-34.0_x-20.0_20.0_reverse_right,H_y-34.0_x-20.0_20.0,H_y-34.0_x-20.0_20.0,right,reverse,reverse_right,1
3611,9.500,-35.500,0.500,0.000,H_y-34.0_x-20.0_20.0_reverse_right,H_y-34.0_x-20.0_20.0,H_y-34.0_x-20.0_20.0,right,reverse,reverse_right,1
3612,10.000,-35.500,0.500,0.000,H_y-34.0_x-20.0_20.0_reverse_right,H_y-34.0_x-20.0_20.0,H_y-34.0_x-20.0_20.0,right,reverse,reverse_right,1
3613,10.500,-35.500,0.500,0.000,H_y-34.0_x-20.0_20.0_reverse_right,H_y-34.0_x-20.0_20.0,H_y-34.0_x-20.0_20.0,right,reverse,reverse_right,1
3614,11.000,-35.500,0.500,0.000,H_y-34.0_x-20.0_20.0_reverse_right,H_y-34.0_x-20.0_20.0,H_y-34.0_x-20.0_20.0,right,reverse,reverse_right,1
3615,11.500,-35.500,0.500,0.000,H_y-34.0_x-20.0_20.0_reverse_right,H_y-34.0_x-20.0_20.0,H_y-34.0_x-20.0_20.0,right,reverse,reverse_right,1
3616,12.000,-35.500,0.500,0.000,H_y-34.0_x-20.0_20.0_reverse_right,H_y-34.0_x-20.0_20.0,H_y-34.0_x-20.0_20.0,right,reverse,reverse_right,1
3617,12.500,-35.500,0.500,0.000,H_y-34.0_x-20.0_20.0_reverse_right,H_y-34.0_x-20.0_20.0,H_y-34.0_x-20.0_20.0,right,reverse,reverse_right,1
3618,13.000,-35.500,0.500,0.000,H_y-34.0_x-20.0_20.0_reverse_right,H_y-34.0_x-20.0_20.0,H_y-34.0_x-20.0_20.0,right,reverse,reverse_right,1
3619,13.500,-35.500,0.500,0.000,H_y-34.0_x-20.0_20.0_reverse_right,H_y-34.0_x-20.0_20.0,H_y-34.0_x-20.0_20.0,right,reverse,reverse_right,1
3620,14.000,-35.500,0.500,0.000,H_y-34.0_x-20.0_20.0_reverse_right,H_y-34.0_x-20.0_20.0,H_y-34.0_x-20.0_20.0,right,reverse,reverse_right,1
3621,14.500,-35.500,0.500,0.000,H_y-34.0_x-20.0_20.0_reverse_right,H_y-34.0_x-20.0_20.0,H_y-34.0_x-20.0_20.0,right,reverse,reverse_right,1
3622,15.000,-35.500,0.500,0.000,H_y-34.0_x-20.0_20.0_reverse_right,H_y-34.0_x-20.0_20.0,H_y-34.0_x-20.0_20.0,right,reverse,reverse_right,1
3623,15.500,-35.500,0.500,0.000,H_y-34.0_x-20.0_20.0_reverse_right,H_y-34.0_x-20.0_20.0,H_y-34.0_x-20.0_20.0,right,reverse,reverse_right,1
3624,16.000,-35.500,0.500,0.000,H_y-34.0_x-20.0_20.0_reverse_right,H_y-34.0_x-20.0_20.0,H_y-34.0_x-20.0_20.0,right,reverse,reverse_right,1
3625,16.500,-35.500,0.500,0.000,H_y-34.0_x-20.0_20.0_reverse_right,H_y-34.0_x-20.0_20.0,H_y-34.0_x-20.0_20.0,right,reverse,reverse_right,1
3626,17.000,-35.500,0.500,0.000,H_y-34.0_x-20.0_20.0_reverse_right,H_y-34.0_x-20.0_20.0,H_y-34.0_x-20.0_20.0,right,reverse,reverse_right,1
3627,17.500,-35.500,0.500,0.000,H_y-34.0_x-20.0_20.0_reverse_right,H_y-34.0_x-20.0_20.0,H_y-34.0_x-20.0_20.0,right,reverse,reverse_right,1
3628,18.000,-35.500,0.500,0.000,H_y-34.0_x-20.0_20.0_reverse_right,H_y-34.0_x-20.0_20.0,H_y-34.0_x-20.0_20.0,right,reverse,reverse_right,1
3629,18.500,-35.500,0.500,0.000,H_y-34.0_x-20.0_20.0_reverse_right,H_y-34.0_x-20.0_20.0,H_y-34.0_x-20.0_20.0,right,reverse,reverse_right,1
3630,19.000,-35.500,0.500,0.000,H_y-34.0_x-20.0_20.0_reverse_right,H_y-34.0_x-20.0_20.0,H_y-34.0_x-20.0_20.0,right,reverse,reverse_right,1
3631,19.500,-35.500,0.500,0.000,H_y-34.0_x-20.0_20.0_reverse_right,H_y-34.0_x-20.0_20.0,H_y-34.0_x-20.0_20.0,right,reverse,reverse_right,1
3632,20.000,-35.500,0.500,0.000,H_y-34.0_x-20.0_20.0_reverse_right,H_y-34.0_x-20.0_20.0,H_y-34.0_x-20.0_20.0,right,reverse,reverse_right,0
3633,-21.500,-34.000,0.500,90.000,R_S_forward_left,R_S,R_S,left,forward,forward_left,1
3634,-21.500,-33.500,0.500,90.000,R_S_forward_left,R_S,R_S,left,forward,forward_left,1
3635,-21.500,-33.000,0.500,90.000,R_S_forward_left,R_S,R_S,left,forward,forward_left,1
3636,-21.500,-32.500,0.500,90.000,R_S_forward_left,R_S,R_S,left,forward,forward_left,1
3637,-21.500,-32.000,0.500,90.000,R_S_forward_left,R_S,R_S,left,forward,forward_left,1
3638,-21.500,-31.500,0.500,90.000,R_S_forward_left,R_S,R_S,left,forward,forward_left,1
3639,-21.500,-31.000,0.500,90.000,R_S_forward_left,R_S,R_S,left,forward,forward_left,1
3640,-21.500,-30.500,0.500,90.000,R_S_forward_left,R_S,R_S,left,forward,forward_left,1
3641,-21.500,-30.000,0.500,90.000,R_S_forward_left,R_S,R_S,left,forward,forward_left,1
3642,-21.500,-29.500,0.500,90.000,R_S_forward_left,R_S,R_S,left,forward,forward_left,1
3643,-21.500,-29.000,0.500,90.000,R_S_forward_left,R_S,R_S,left,forward,forward_left,1
3644,-21.500,-28.500,0.500,90.000,R_S_forward_left,R_S,R_S,left,forward,forward_left,1
3645,-21.500,-28.000,0.500,90.000,R_S_forward_left,R_S,R_S,left,forward,forward_left,1
3646,-21.500,-27.500,0.500,90.000,R_S_forward_left,R_S,R_S,left,forward,forward_left,1
3647,-21.500,-27.000,0.500,90.000,R_S_forward_left,R_S,R_S,left,forward,forward_left,1
3648,-21.500,-26.500,0.500,90.000,R_S_forward_left,R_S,R_S,left,forward,forward_left,1
3649,-21.500,-26.000,0.500,90.000,R_S_forward_left,R_S,R_S,left,forward,forward_left,1
3650,-21.500,-25.500,0.500,90.000,R_S_forward_left,R_S,R_S,left,forward,forward_left,1
3651,-21.500,-25.000,0.500,90.000,R_S_forward_left,R_S,R_S,left,forward,forward_left,1
3652,-21.500,-24.500,0.500,90.000,R_S_forward_left,R_S,R_S,left,forward,forward_left,1
3653,-21.500,-24.000,0.500,90.000,R_S_forward_left,R_S,R_S,left,forward,forward_left,1
3654,-21.500,-23.500,0.500,90.000,R_S_forward_left,R_S,R_S,left,forward,forward_left,1
3655,-21.500,-23.000,0.500,90.000,R_S_forward_left,R_S,R_S,left,forward,forward_left,1
3656,-21.500,-22.500,0.500,90.000,R_S_forward_left,R_S,R_S,left,forward,forward_left,1
3657,-21.500,-22.000,0.500,90.000,R_S_forward_left,R_S,R_S,left,forward,forward_left,1
3658,-21.500,-21.500,0.500,90.000,R_S_forward_left,R_S,R_S,left,forward,forward_left,1
3659,-21.500,-21.000,0.500,90.000,R_S_forward_left,R_S,R_S,left,forward,forward_left,1
3660,-21.500,-20.500,0.500,90.000,R_S_forward_left,R_S,R_S,left,forward,forward_left,1
3661,-21.500,-20.000,0.500,90.000,R_S_forward_left,R_S,R_S,left,forward,forward_left,1
3662,-21.500,-19.500,0.500,90.000,R_S_forward_left,R_S,R_S,left,forward,forward_left,1
3663,-21.500,-19.000,0.500,90.000,R_S_forward_left,R_S,R_S,left,forward,forward_left,1
3664,-21.500,-18.500,0.500,90.000,R_S_forward_left,R_S,R_S,left,forward,forward_left,1
3665,-21.500,-18.000,0.500,90.000,R_S_forward_left,R_S,R_S,left,forward,forward_left,1
3666,-21.500,-17.500,0.500,90.000,R_S_forward_left,R_S,R_S,left,forward,forward_left,1
3667,-21.500,-17.000,0.500,90.000,R_S_forward_left,R_S,R_S,left,forward,forward_left,1
3668,-21.500,-16.500,0.500,90.000,R_S_forward_left,R_S,R_S,left,forward,forward_left,1
3669,-21.500,-16.000,0.500,90.000,R_S_forward_left,R_S,R_S,left,forward,forward_left,1
3670,-21.500,-15.500,0.500,90.000,R_S_forward_left,R_S,R_S,left,forward,forward_left,1
3671,-21.500,-15.000,0.500,90.000,R_S_forward_left,R_S,R_S,left,forward,forward_left,1
3672,-21.500,-14.500,0.500,90.000,R_S_forward_left,R_S,R_S,left,forward,forward_left,1
3673,-21.500,-14.000,0.500,90.000,R_S_forward_left,R_S,R_S,left,forward,forward_left,1
3674,-21.500,-13.500,0.500,90.000,R_S_forward_left,R_S,R_S,left,forward,forward_left,1
3675,-21.500,-13.000,0.500,90.000,R_S_forward_left,R_S,R_S,left,forward,forward_left,1
3676,-21.500,-12.500,0.500,90.000,R_S_forward_left,R_S,R_S,left,forward,forward_left,1
3677,-20.000,-10.500,0.500,0.000,R_S_forward_left,R_S,R_S,left,forward,forward_left,1
3678,-19.500,-10.500,0.500,0.000,R_S_forward_left,R_S,R_S,left,forward,forward_left,1
3679,-19.000,-10.500,0.500,0.000,R_S_forward_left,R_S,R_S,left,forward,forward_left,1
3680,-18.500,-10.500,0.500,0.000,R_S_forward_left,R_S,R_S,left,forward,forward_left,1
3681,-18.000,-10.500,0.500,0.000,R_S_forward_left,R_S,R_S,left,forward,forward_left,0
3682,-18.500,-34.000,0.500,90.000,R_S_forward_right,R_S,R_S,right,forward,forward_right,1
3683,-18.500,-33.500,0.500,90.000,R_S_forward_right,R_S,R_S,right,forward,forward_right,1
3684,-18.500,-33.000,0.500,90.000,R_S_forward_right,R_S,R_S,right,forward,forward_right,1
3685,-18.500,-32.500,0.500,90.000,R_S_forward_right,R_S,R_S,right,forward,forward_right,1
3686,-18.500,-32.000,0.500,90.000,R_S_forward_right,R_S,R_S,right,forward,forward_right,1
3687,-18.500,-31.500,0.500,90.000,R_S_forward_right,R_S,R_S,right,forward,forward_right,1
3688,-18.500,-31.000,0.500,90.000,R_S_forward_right,R_S,R_S,right,forward,forward_right,1
3689,-18.500,-30.500,0.500,90.000,R_S_forward_right,R_S,R_S,right,forward,forward_right,1
3690,-18.500,-30.000,0.500,90.000,R_S_forward_right,R_S,R_S,right,forward,forward_right,1
3691,-18.500,-29.500,0.500,90.000,R_S_forward_right,R_S,R_S,right,forward,forward_right,1
3692,-18.500,-29.000,0.500,90.000,R_S_forward_right,R_S,R_S,right,forward,forward_right,1
3693,-18.500,-28.500,0.500,90.000,R_S_forward_right,R_S,R_S,right,forward,forward_right,1
3694,-18.500,-28.000,0.500,90.000,R_S_forward_right,R_S,R_S,right,forward,forward_right,1
3695,-18.500,-27.500,0.500,90.000,R_S_forward_right,R_S,R_S,right,forward,forward_right,1
3696,-18.500,-27.000,0.500,90.000,R_S_forward_right,R_S,R_S,right,forward,forward_right,1
3697,-18.500,-26.500,0.500,90.000,R_S_forward_right,R_S,R_S,right,forward,forward_right,1
3698,-18.500,-26.000,0.500,90.000,R_S_forward_right,R_S,R_S,right,forward,forward_right,1
3699,-18.500,-25.500,0.500,90.000,R_S_forward_right,R_S,R_S,right,forward,forward_right,1
3700,-18.500,-25.000,0.500,90.000,R_S_forward_right,R_S,R_S,right,forward,forward_right,1
3701,-18.500,-24.500,0.500,90.000,R_S_forward_right,R_S,R_S,right,forward,forward_right,1
3702,-18.500,-24.000,0.500,90.000,R_S_forward_right,R_S,R_S,right,forward,forward_right,1
3703,-18.500,-23.500,0.500,90.000,R_S_forward_right,R_S,R_S,right,forward,forward_right,1
3704,-18.500,-23.000,0.500,90.000,R_S_forward_right,R_S,R_S,right,forward,forward_right,1
3705,-18.500,-22.500,0.500,90.000,R_S_forward_right,R_S,R_S,right,forward,forward_right,1
3706,-18.500,-22.000,0.500,90.000,R_S_forward_right,R_S,R_S,right,forward,forward_right,1
3707,-18.500,-21.500,0.500,90.000,R_S_forward_right,R_S,R_S,right,forward,forward_right,1
3708,-18.500,-21.000,0.500,90.000,R_S_forward_right,R_S,R_S,right,forward,forward_right,1
3709,-18.500,-20.500,0.500,90.000,R_S_forward_right,R_S,R_S,right,forward,forward_right,1
3710,-18.500,-20.000,0.500,90.000,R_S_forward_right,R_S,R_S,right,forward,forward_right,1
3711,-18.500,-19.500,0.500,90.000,R_S_forward_right,R_S,R_S,right,forward,forward_right,1
3712,-18.500,-19.000,0.500,90.000,R_S_forward_right,R_S,R_S,right,forward,forward_right,1
3713,-18.500,-18.500,0.500,90.000,R_S_forward_right,R_S,R_S,right,forward,forward_right,1
3714,-18.500,-18.000,0.500,90.000,R_S_forward_right,R_S,R_S,right,forward,forward_right,1
3715,-18.500,-17.500,0.500,90.000,R_S_forward_right,R_S,R_S,right,forward,forward_right,1
3716,-18.500,-17.000,0.500,90.000,R_S_forward_right,R_S,R_S,right,forward,forward_right,1
3717,-18.500,-16.500,0.500,90.000,R_S_forward_right,R_S,R_S,right,forward,forward_right,1
3718,-18.500,-16.000,0.500,90.000,R_S_forward_right,R_S,R_S,right,forward,forward_right,1
3719,-18.500,-15.500,0.500,90.000,R_S_forward_right,R_S,R_S,right,forward,forward_right,1
3720,-18.500,-15.000,0.500,90.000,R_S_forward_right,R_S,R_S,right,forward,forward_right,1
3721,-18.500,-14.500,0.500,90.000,R_S_forward_right,R_S,R_S,right,forward,forward_right,1
3722,-18.500,-14.000,0.500,90.000,R_S_forward_right,R_S,R_S,right,forward,forward_right,1
3723,-18.500,-13.500,0.500,90.000,R_S_forward_right,R_S,R_S,right,forward,forward_right,1
3724,-18.500,-13.000,0.500,90.000,R_S_forward_right,R_S,R_S,right,forward,forward_right,1
3725,-18.500,-12.500,0.500,90.000,R_S_forward_right,R_S,R_S,right,forward,forward_right,1
3726,-20.000,-13.500,0.500,0.000,R_S_forward_right,R_S,R_S,right,forward,forward_right,1
3727,-19.500,-13.500,0.500,0.000,R_S_forward_right,R_S,R_S,right,forward,forward_right,1
3728,-19.000,-13.500,0.500,0.000,R_S_forward_right,R_S,R_S,right,forward,forward_right,1
3729,-18.500,-13.500,0.500,0.000,R_S_forward_right,R_S,R_S,right,forward,forward_right,1
3730,-18.000,-13.500,0.500,0.000,R_S_forward_right,R_S,R_S,right,forward,forward_right,0
3731,-18.000,-13.500,0.500,180.000,R_S_reverse_left,R_S,R_S,left,reverse,reverse_left,1
3732,-18.500,-13.500,0.500,180.000,R_S_reverse_left,R_S,R_S,left,reverse,reverse_left,1
3733,-19.000,-13.500,0.500,180.000,R_S_reverse_left,R_S,R_S,left,reverse,reverse_left,1
3734,-19.500,-13.500,0.500,180.000,R_S_reverse_left,R_S,R_S,left,reverse,reverse_left,1
3735,-18.500,-12.000,0.500,-90.000,R_S_reverse_left,R_S,R_S,left,reverse,reverse_left,1
3736,-18.500,-12.500,0.500,-90.000,R_S_reverse_left,R_S,R_S,left,reverse,reverse_left,1
3737,-18.500,-13.000,0.500,-90.000,R_S_reverse_left,R_S,R_S,left,reverse,reverse_left,1
3738,-18.500,-13.500,0.500,-90.000,R_S_reverse_left,R_S,R_S,left,reverse,reverse_left,1
3739,-18.500,-14.000,0.500,-90.000,R_S_reverse_left,R_S,R_S,left,reverse,reverse_left,1
3740,-18.500,-14.500,0.500,-90.000,R_S_reverse_left,R_S,R_S,left,reverse,reverse_left,1
3741,-18.500,-15.000,0.500,-90.000,R_S_reverse_left,R_S,R_S,left,reverse,reverse_left,1
3742,-18.500,-15.500,0.500,-90.000,R_S_reverse_left,R_S,R_S,left,reverse,reverse_left,1
3743,-18.500,-16.000,0.500,-90.000,R_S_reverse_left,R_S,R_S,left,reverse,reverse_left,1
3744,-18.500,-16.500,0.500,-90.000,R_S_reverse_left,R_S,R_S,left,reverse,reverse_left,1
3745,-18.500,-17.000,0.500,-90.000,R_S_reverse_left,R_S,R_S,left,reverse,reverse_left,1
3746,-18.500,-17.500,0.500,-90.000,R_S_reverse_left,R_S,R_S,left,reverse,reverse_left,1
3747,-18.500,-18.000,0.500,-90.000,R_S_reverse_left,R_S,R_S,left,reverse,reverse_left,1
3748,-18.500,-18.500,0.500,-90.000,R_S_reverse_left,R_S,R_S,left,reverse,reverse_left,1
3749,-18.500,-19.000,0.500,-90.000,R_S_reverse_left,R_S,R_S,left,reverse,reverse_left,1
3750,-18.500,-19.500,0.500,-90.000,R_S_reverse_left,R_S,R_S,left,reverse,reverse_left,1
3751,-18.500,-20.000,0.500,-90.000,R_S_reverse_left,R_S,R_S,left,reverse,reverse_left,1
3752,-18.500,-20.500,0.500,-90.000,R_S_reverse_left,R_S,R_S,left,reverse,reverse_left,1
3753,-18.500,-21.000,0.500,-90.000,R_S_reverse_left,R_S,R_S,left,reverse,reverse_left,1
3754,-18.500,-21.500,0.500,-90.000,R_S_reverse_left,R_S,R_S,left,reverse,reverse_left,1
3755,-18.500,-22.000,0.500,-90.000,R_S_reverse_left,R_S,R_S,left,reverse,reverse_left,1
3756,-18.500,-22.500,0.500,-90.000,R_S_reverse_left,R_S,R_S,left,reverse,reverse_left,1
3757,-18.500,-23.000,0.500,-90.000,R_S_reverse_left,R_S,R_S,left,reverse,reverse_left,1
3758,-18.500,-23.500,0.500,-90.000,R_S_reverse_left,R_S,R_S,left,reverse,reverse_left,1
3759,-18.500,-24.000,0.500,-90.000,R_S_reverse_left,R_S,R_S,left,reverse,reverse_left,1
3760,-18.500,-24.500,0.500,-90.000,R_S_reverse_left,R_S,R_S,left,reverse,reverse_left,1
3761,-18.500,-25.000,0.500,-90.000,R_S_reverse_left,R_S,R_S,left,reverse,reverse_left,1
3762,-18.500,-25.500,0.500,-90.000,R_S_reverse_left,R_S,R_S,left,reverse,reverse_left,1
3763,-18.500,-26.000,0.500,-90.000,R_S_reverse_left,R_S,R_S,left,reverse,reverse_left,1
3764,-18.500,-26.500,0.500,-90.000,R_S_reverse_left,R_S,R_S,left,reverse,reverse_left,1
3765,-18.500,-27.000,0.500,-90.000,R_S_reverse_left,R_S,R_S,left,reverse,reverse_left,1
3766,-18.500,-27.500,0.500,-90.000,R_S_reverse_left,R_S,R_S,left,reverse,reverse_left,1
3767,-18.500,-28.000,0.500,-90.000,R_S_reverse_left,R_S,R_S,left,reverse,reverse_left,1
3768,-18.500,-28.500,0.500,-90.000,R_S_reverse_left,R_S,R_S,left,reverse,reverse_left,1
3769,-18.500,-29.000,0.500,-90.000,R_S_reverse_left,R_S,R_S,left,reverse,reverse_left,1
3770,-18.500,-29.500,0.500,-90.000,R_S_reverse_left,R_S,R_S,left,reverse,reverse_left,1
3771,-18.500,-30.000,0.500,-90.000,R_S_reverse_left,R_S,R_S,left,reverse,reverse_left,1
3772,-18.500,-30.500,0.500,-90.000,R_S_reverse_left,R_S,R_S,left,reverse,reverse_left,1
3773,-18.500,-31.000,0.500,-90.000,R_S_reverse_left,R_S,R_S,left,reverse,reverse_left,1
3774,-18.500,-31.500,0.500,-90.000,R_S_reverse_left,R_S,R_S,left,reverse,reverse_left,1
3775,-18.500,-32.000,0.500,-90.000,R_S_reverse_left,R_S,R_S,left,reverse,reverse_left,1
3776,-18.500,-32.500,0.500,-90.000,R_S_reverse_left,R_S,R_S,left,reverse,reverse_left,1
3777,-18.500,-33.000,0.500,-90.000,R_S_reverse_left,R_S,R_S,left,reverse,reverse_left,1
3778,-18.500,-33.500,0.500,-90.000,R_S_reverse_left,R_S,R_S,left,reverse,reverse_left,1
3779,-18.500,-34.000,0.500,-90.000,R_S_reverse_left,R_S,R_S,left,reverse,reverse_left,0
3780,-18.000,-10.500,0.500,180.000,R_S_reverse_right,R_S,R_S,right,reverse,reverse_right,1
3781,-18.500,-10.500,0.500,180.000,R_S_reverse_right,R_S,R_S,right,reverse,reverse_right,1
3782,-19.000,-10.500,0.500,180.000,R_S_reverse_right,R_S,R_S,right,reverse,reverse_right,1
3783,-19.500,-10.500,0.500,180.000,R_S_reverse_right,R_S,R_S,right,reverse,reverse_right,1
3784,-21.500,-12.000,0.500,-90.000,R_S_reverse_right,R_S,R_S,right,reverse,reverse_right,1
3785,-21.500,-12.500,0.500,-90.000,R_S_reverse_right,R_S,R_S,right,reverse,reverse_right,1
3786,-21.500,-13.000,0.500,-90.000,R_S_reverse_right,R_S,R_S,right,reverse,reverse_right,1
3787,-21.500,-13.500,0.500,-90.000,R_S_reverse_right,R_S,R_S,right,reverse,reverse_right,1
3788,-21.500,-14.000,0.500,-90.000,R_S_reverse_right,R_S,R_S,right,reverse,reverse_right,1
3789,-21.500,-14.500,0.500,-90.000,R_S_reverse_right,R_S,R_S,right,reverse,reverse_right,1
3790,-21.500,-15.000,0.500,-90.000,R_S_reverse_right,R_S,R_S,right,reverse,reverse_right,1
3791,-21.500,-15.500,0.500,-90.000,R_S_reverse_right,R_S,R_S,right,reverse,reverse_right,1
3792,-21.500,-16.000,0.500,-90.000,R_S_reverse_right,R_S,R_S,right,reverse,reverse_right,1
3793,-21.500,-16.500,0.500,-90.000,R_S_reverse_right,R_S,R_S,right,reverse,reverse_right,1
3794,-21.500,-17.000,0.500,-90.000,R_S_reverse_right,R_S,R_S,right,reverse,reverse_right,1
3795,-21.500,-17.500,0.500,-90.000,R_S_reverse_right,R_S,R_S,right,reverse,reverse_right,1
3796,-21.500,-18.000,0.500,-90.000,R_S_reverse_right,R_S,R_S,right,reverse,reverse_right,1
3797,-21.500,-18.500,0.500,-90.000,R_S_reverse_right,R_S,R_S,right,reverse,reverse_right,1
3798,-21.500,-19.000,0.500,-90.000,R_S_reverse_right,R_S,R_S,right,reverse,reverse_right,1
3799,-21.500,-19.500,0.500,-90.000,R_S_reverse_right,R_S,R_S,right,reverse,reverse_right,1
3800,-21.500,-20.000,0.500,-90.000,R_S_reverse_right,R_S,R_S,right,reverse,reverse_right,1
3801,-21.500,-20.500,0.500,-90.000,R_S_reverse_right,R_S,R_S,right,reverse,reverse_right,1
3802,-21.500,-21.000,0.500,-90.000,R_S_reverse_right,R_S,R_S,right,reverse,reverse_right,1
3803,-21.500,-21.500,0.500,-90.000,R_S_reverse_right,R_S,R_S,right,reverse,reverse_right,1
3804,-21.500,-22.000,0.500,-90.000,R_S_reverse_right,R_S,R_S,right,reverse,reverse_right,1
3805,-21.500,-22.500,0.500,-90.000,R_S_reverse_right,R_S,R_S,right,reverse,reverse_right,1
3806,-21.500,-23.000,0.500,-90.000,R_S_reverse_right,R_S,R_S,right,reverse,reverse_right,1
3807,-21.500,-23.500,0.500,-90.000,R_S_reverse_right,R_S,R_S,right,reverse,reverse_right,1
3808,-21.500,-24.000,0.500,-90.000,R_S_reverse_right,R_S,R_S,right,reverse,reverse_right,1
3809,-21.500,-24.500,0.500,-90.000,R_S_reverse_right,R_S,R_S,right,reverse,reverse_right,1
3810,-21.500,-25.000,0.500,-90.000,R_S_reverse_right,R_S,R_S,right,reverse,reverse_right,1
3811,-21.500,-25.500,0.500,-90.000,R_S_reverse_right,R_S,R_S,right,reverse,reverse_right,1
3812,-21.500,-26.000,0.500,-90.000,R_S_reverse_right,R_S,R_S,right,reverse,reverse_right,1
3813,-21.500,-26.500,0.500,-90.000,R_S_reverse_right,R_S,R_S,right,reverse,reverse_right,1
3814,-21.500,-27.000,0.500,-90.000,R_S_reverse_right,R_S,R_S,right,reverse,reverse_right,1
3815,-21.500,-27.500,0.500,-90.000,R_S_reverse_right,R_S,R_S,right,reverse,reverse_right,1
3816,-21.500,-28.000,0.500,-90.000,R_S_reverse_right,R_S,R_S,right,reverse,reverse_right,1
3817,-21.500,-28.500,0.500,-90.000,R_S_reverse_right,R_S,R_S,right,reverse,reverse_right,1
3818,-21.500,-29.000,0.500,-90.000,R_S_reverse_right,R_S,R_S,right,reverse,reverse_right,1
3819,-21.500,-29.500,0.500,-90.000,R_S_reverse_right,R_S,R_S,right,reverse,reverse_right,1
3820,-21.500,-30.000,0.500,-90.000,R_S_reverse_right,R_S,R_S,right,reverse,reverse_right,1
3821,-21.500,-30.500,0.500,-90.000,R_S_reverse_right,R_S,R_S,right,reverse,reverse_right,1
3822,-21.500,-31.000,0.500,-90.000,R_S_reverse_right,R_S,R_S,right,reverse,reverse_right,1
3823,-21.500,-31.500,0.500,-90.000,R_S_reverse_right,R_S,R_S,right,reverse,reverse_right,1
3824,-21.500,-32.000,0.500,-90.000,R_S_reverse_right,R_S,R_S,right,reverse,reverse_right,1
3825,-21.500,-32.500,0.500,-90.000,R_S_reverse_right,R_S,R_S,right,reverse,reverse_right,1
3826,-21.500,-33.000,0.500,-90.000,R_S_reverse_right,R_S,R_S,right,reverse,reverse_right,1
3827,-21.500,-33.500,0.500,-90.000,R_S_reverse_right,R_S,R_S,right,reverse,reverse_right,1
3828,-21.500,-34.000,0.500,-90.000,R_S_reverse_right,R_S,R_S,right,reverse,reverse_right,0
3829,20.000,49.500,0.500,0.000,H_y48.0_x20.0_40.0_forward_left,H_y48.0_x20.0_40.0,H_y48.0_x20.0_40.0,left,forward,forward_left,1
3830,20.500,49.500,0.500,0.000,H_y48.0_x20.0_40.0_forward_left,H_y48.0_x20.0_40.0,H_y48.0_x20.0_40.0,left,forward,forward_left,1
3831,21.000,49.500,0.500,0.000,H_y48.0_x20.0_40.0_forward_left,H_y48.0_x20.0_40.0,H_y48.0_x20.0_40.0,left,forward,forward_left,1
3832,21.500,49.500,0.500,0.000,H_y48.0_x20.0_40.0_forward_left,H_y48.0_x20.0_40.0,H_y48.0_x20.0_40.0,left,forward,forward_left,1
3833,22.000,49.500,0.500,0.000,H_y48.0_x20.0_40.0_forward_left,H_y48.0_x20.0_40.0,H_y48.0_x20.0_40.0,left,forward,forward_left,1
3834,22.500,49.500,0.500,0.000,H_y48.0_x20.0_40.0_forward_left,H_y48.0_x20.0_40.0,H_y48.0_x20.0_40.0,left,forward,forward_left,1
3835,23.000,49.500,0.500,0.000,H_y48.0_x20.0_40.0_forward_left,H_y48.0_x20.0_40.0,H_y48.0_x20.0_40.0,left,forward,forward_left,1
3836,23.500,49.500,0.500,0.000,H_y48.0_x20.0_40.0_forward_left,H_y48.0_x20.0_40.0,H_y48.0_x20.0_40.0,left,forward,forward_left,1
3837,24.000,49.500,0.500,0.000,H_y48.0_x20.0_40.0_forward_left,H_y48.0_x20.0_40.0,H_y48.0_x20.0_40.0,left,forward,forward_left,1
3838,24.500,49.500,0.500,0.000,H_y48.0_x20.0_40.0_forward_left,H_y48.0_x20.0_40.0,H_y48.0_x20.0_40.0,left,forward,forward_left,1
3839,25.000,49.500,0.500,0.000,H_y48.0_x20.0_40.0_forward_left,H_y48.0_x20.0_40.0,H_y48.0_x20.0_40.0,left,forward,forward_left,1
3840,25.500,49.500,0.500,0.000,H_y48.0_x20.0_40.0_forward_left,H_y48.0_x20.0_40.0,H_y48.0_x20.0_40.0,left,forward,forward_left,1
3841,26.000,49.500,0.500,0.000,H_y48.0_x20.0_40.0_forward_left,H_y48.0_x20.0_40.0,H_y48.0_x20.0_40.0,left,forward,forward_left,1
3842,26.500,49.500,0.500,0.000,H_y48.0_x20.0_40.0_forward_left,H_y48.0_x20.0_40.0,H_y48.0_x20.0_40.0,left,forward,forward_left,1
3843,27.000,49.500,0.500,0.000,H_y48.0_x20.0_40.0_forward_left,H_y48.0_x20.0_40.0,H_y48.0_x20.0_40.0,left,forward,forward_left,1
3844,27.500,49.500,0.500,0.000,H_y48.0_x20.0_40.0_forward_left,H_y48.0_x20.0_40.0,H_y48.0_x20.0_40.0,left,forward,forward_left,1
3845,28.000,49.500,0.500,0.000,H_y48.0_x20.0_40.0_forward_left,H_y48.0_x20.0_40.0,H_y48.0_x20.0_40.0,left,forward,forward_left,1
3846,28.500,49.500,0.500,0.000,H_y48.0_x20.0_40.0_forward_left,H_y48.0_x20.0_40.0,H_y48.0_x20.0_40.0,left,forward,forward_left,1
3847,29.000,49.500,0.500,0.000,H_y48.0_x20.0_40.0_forward_left,H_y48.0_x20.0_40.0,H_y48.0_x20.0_40.0,left,forward,forward_left,1
3848,29.500,49.500,0.500,0.000,H_y48.0_x20.0_40.0_forward_left,H_y48.0_x20.0_40.0,H_y48.0_x20.0_40.0,left,forward,forward_left,1
3849,30.000,49.500,0.500,0.000,H_y48.0_x20.0_40.0_forward_left,H_y48.0_x20.0_40.0,H_y48.0_x20.0_40.0,left,forward,forward_left,1
3850,30.500,49.500,0.500,0.000,H_y48.0_x20.0_40.0_forward_left,H_y48.0_x20.0_40.0,H_y48.0_x20.0_40.0,left,forward,forward_left,1
3851,31.000,49.500,0.500,0.000,H_y48.0_x20.0_40.0_forward_left,H_y48.0_x20.0_40.0,H_y48.0_x20.0_40.0,left,forward,forward_left,1
3852,31.500,49.500,0.500,0.000,H_y48.0_x20.0_40.0_forward_left,H_y48.0_x20.0_40.0,H_y48.0_x20.0_40.0,left,forward,forward_left,1
3853,32.000,49.500,0.500,0.000,H_y48.0_x20.0_40.0_forward_left,H_y48.0_x20.0_40.0,H_y48.0_x20.0_40.0,left,forward,forward_left,1
3854,32.500,49.500,0.500,0.000,H_y48.0_x20.0_40.0_forward_left,H_y48.0_x20.0_40.0,H_y48.0_x20.0_40.0,left,forward,forward_left,1
3855,33.000,49.500,0.500,0.000,H_y48.0_x20.0_40.0_forward_left,H_y48.0_x20.0_40.0,H_y48.0_x20.0_40.0,left,forward,forward_left,1
3856,33.500,49.500,0.500,0.000,H_y48.0_x20.0_40.0_forward_left,H_y48.0_x20.0_40.0,H_y48.0_x20.0_40.0,left,forward,forward_left,1
3857,34.000,49.500,0.500,0.000,H_y48.0_x20.0_40.0_forward_left,H_y48.0_x20.0_40.0,H_y48.0_x20.0_40.0,left,forward,forward_left,1
3858,34.500,49.500,0.500,0.000,H_y48.0_x20.0_40.0_forward_left,H_y48.0_x20.0_40.0,H_y48.0_x20.0_40.0,left,forward,forward_left,1
3859,35.000,49.500,0.500,0.000,H_y48.0_x20.0_40.0_forward_left,H_y48.0_x20.0_40.0,H_y48.0_x20.0_40.0,left,forward,forward_left,1
3860,35.500,49.500,0.500,0.000,H_y48.0_x20.0_40.0_forward_left,H_y48.0_x20.0_40.0,H_y48.0_x20.0_40.0,left,forward,forward_left,1
3861,36.000,49.500,0.500,0.000,H_y48.0_x20.0_40.0_forward_left,H_y48.0_x20.0_40.0,H_y48.0_x20.0_40.0,left,forward,forward_left,1
3862,36.500,49.500,0.500,0.000,H_y48.0_x20.0_40.0_forward_left,H_y48.0_x20.0_40.0,H_y48.0_x20.0_40.0,left,forward,forward_left,1
3863,37.000,49.500,0.500,0.000,H_y48.0_x20.0_40.0_forward_left,H_y48.0_x20.0_40.0,H_y48.0_x20.0_40.0,left,forward,forward_left,1
3864,37.500,49.500,0.500,0.000,H_y48.0_x20.0_40.0_forward_left,H_y48.0_x20.0_40.0,H_y48.0_x20.0_40.0,left,forward,forward_left,1
3865,38.000,49.500,0.500,0.000,H_y48.0_x20.0_40.0_forward_left,H_y48.0_x20.0_40.0,H_y48.0_x20.0_40.0,left,forward,forward_left,1
3866,38.500,49.500,0.500,0.000,H_y48.0_x20.0_40.0_forward_left,H_y48.0_x20.0_40.0,H_y48.0_x20.0_40.0,left,forward,forward_left,1
3867,39.000,49.500,0.500,0.000,H_y48.0_x20.0_40.0_forward_left,H_y48.0_x20.0_40.0,H_y48.0_x20.0_40.0,left,forward,forward_left,1
3868,39.500,49.500,0.500,0.000,H_y48.0_x20.0_40.0_forward_left,H_y48.0_x20.0_40.0,H_y48.0_x20.0_40.0,left,forward,forward_left,1
3869,40.000,49.500,0.500,0.000,H_y48.0_x20.0_40.0_forward_left,H_y48.0_x20.0_40.0,H_y48.0_x20.0_40.0,left,forward,forward_left,0
3870,20.000,46.500,0.500,0.000,H_y48.0_x20.0_40.0_forward_right,H_y48.0_x20.0_40.0,H_y48.0_x20.0_40.0,right,forward,forward_right,1
3871,20.500,46.500,0.500,0.000,H_y48.0_x20.0_40.0_forward_right,H_y48.0_x20.0_40.0,H_y48.0_x20.0_40.0,right,forward,forward_right,1
3872,21.000,46.500,0.500,0.000,H_y48.0_x20.0_40.0_forward_right,H_y48.0_x20.0_40.0,H_y48.0_x20.0_40.0,right,forward,forward_right,1
3873,21.500,46.500,0.500,0.000,H_y48.0_x20.0_40.0_forward_right,H_y48.0_x20.0_40.0,H_y48.0_x20.0_40.0,right,forward,forward_right,1
3874,22.000,46.500,0.500,0.000,H_y48.0_x20.0_40.0_forward_right,H_y48.0_x20.0_40.0,H_y48.0_x20.0_40.0,right,forward,forward_right,1
3875,22.500,46.500,0.500,0.000,H_y48.0_x20.0_40.0_forward_right,H_y48.0_x20.0_40.0,H_y48.0_x20.0_40.0,right,forward,forward_right,1
3876,23.000,46.500,0.500,0.000,H_y48.0_x20.0_40.0_forward_right,H_y48.0_x20.0_40.0,H_y48.0_x20.0_40.0,right,forward,forward_right,1
3877,23.500,46.500,0.500,0.000,H_y48.0_x20.0_40.0_forward_right,H_y48.0_x20.0_40.0,H_y48.0_x20.0_40.0,right,forward,forward_right,1
3878,24.000,46.500,0.500,0.000,H_y48.0_x20.0_40.0_forward_right,H_y48.0_x20.0_40.0,H_y48.0_x20.0_40.0,right,forward,forward_right,1
3879,24.500,46.500,0.500,0.000,H_y48.0_x20.0_40.0_forward_right,H_y48.0_x20.0_40.0,H_y48.0_x20.0_40.0,right,forward,forward_right,1
3880,25.000,46.500,0.500,0.000,H_y48.0_x20.0_40.0_forward_right,H_y48.0_x20.0_40.0,H_y48.0_x20.0_40.0,right,forward,forward_right,1
3881,25.500,46.500,0.500,0.000,H_y48.0_x20.0_40.0_forward_right,H_y48.0_x20.0_40.0,H_y48.0_x20.0_40.0,right,forward,forward_right,1
3882,26.000,46.500,0.500,0.000,H_y48.0_x20.0_40.0_forward_right,H_y48.0_x20.0_40.0,H_y48.0_x20.0_40.0,right,forward,forward_right,1
3883,26.500,46.500,0.500,0.000,H_y48.0_x20.0_40.0_forward_right,H_y48.0_x20.0_40.0,H_y48.0_x20.0_40.0,right,forward,forward_right,1
3884,27.000,46.500,0.500,0.000,H_y48.0_x20.0_40.0_forward_right,H_y48.0_x20.0_40.0,H_y48.0_x20.0_40.0,right,forward,forward_right,1
3885,27.500,46.500,0.500,0.000,H_y48.0_x20.0_40.0_forward_right,H_y48.0_x20.0_40.0,H_y48.0_x20.0_40.0,right,forward,forward_right,1
3886,28.000,46.500,0.500,0.000,H_y48.0_x20.0_40.0_forward_right,H_y48.0_x20.0_40.0,H_y48.0_x20.0_40.0,right,forward,forward_right,1
3887,28.500,46.500,0.500,0.000,H_y48.0_x20.0_40.0_forward_right,H_y48.0_x20.0_40.0,H_y48.0_x20.0_40.0,right,forward,forward_right,1
3888,29.000,46.500,0.500,0.000,H_y48.0_x20.0_40.0_forward_right,H_y48.0_x20.0_40.0,H_y48.0_x20.0_40.0,right,forward,forward_right,1
3889,29.500,46.500,0.500,0.000,H_y48.0_x20.0_40.0_forward_right,H_y48.0_x20.0_40.0,H_y48.0_x20.0_40.0,right,forward,forward_right,1
3890,30.000,46.500,0.500,0.000,H_y48.0_x20.0_40.0_forward_right,H_y48.0_x20.0_40.0,H_y48.0_x20.0_40.0,right,forward,forward_right,1
3891,30.500,46.500,0.500,0.000,H_y48.0_x20.0_40.0_forward_right,H_y48.0_x20.0_40.0,H_y48.0_x20.0_40.0,right,forward,forward_right,1
3892,31.000,46.500,0.500,0.000,H_y48.0_x20.0_40.0_forward_right,H_y48.0_x20.0_40.0,H_y48.0_x20.0_40.0,right,forward,forward_right,1
3893,31.500,46.500,0.500,0.000,H_y48.0_x20.0_40.0_forward_right,H_y48.0_x20.0_40.0,H_y48.0_x20.0_40.0,right,forward,forward_right,1
3894,32.000,46.500,0.500,0.000,H_y48.0_x20.0_40.0_forward_right,H_y48.0_x20.0_40.0,H_y48.0_x20.0_40.0,right,forward,forward_right,1
3895,32.500,46.500,0.500,0.000,H_y48.0_x20.0_40.0_forward_right,H_y48.0_x20.0_40.0,H_y48.0_x20.0_40.0,right,forward,forward_right,1
3896,33.000,46.500,0.500,0.000,H_y48.0_x20.0_40.0_forward_right,H_y48.0_x20.0_40.0,H_y48.0_x20.0_40.0,right,forward,forward_right,1
3897,33.500,46.500,0.500,0.000,H_y48.0_x20.0_40.0_forward_right,H_y48.0_x20.0_40.0,H_y48.0_x20.0_40.0,right,forward,forward_right,1
3898,34.000,46.500,0.500,0.000,H_y48.0_x20.0_40.0_forward_right,H_y48.0_x20.0_40.0,H_y48.0_x20.0_40.0,right,forward,forward_right,1
3899,34.500,46.500,0.500,0.000,H_y48.0_x20.0_40.0_forward_right,H_y48.0_x20.0_40.0,H_y48.0_x20.0_40.0,right,forward,forward_right,1
3900,35.000,46.500,0.500,0.000,H_y48.0_x20.0_40.0_forward_right,H_y48.0_x20.0_40.0,H_y48.0_x20.0_40.0,right,forward,forward_right,1
3901,35.500,46.500,0.500,0.000,H_y48.0_x20.0_40.0_forward_right,H_y48.0_x20.0_40.0,H_y48.0_x20.0_40.0,right,forward,forward_right,1
3902,36.000,46.500,0.500,0.000,H_y48.0_x20.0_40.0_forward_right,H_y48.0_x20.0_40.0,H_y48.0_x20.0_40.0,right,forward,forward_right,1
3903,36.500,46.500,0.500,0.000,H_y48.0_x20.0_40.0_forward_right,H_y48.0_x20.0_40.0,H_y48.0_x20.0_40.0,right,forward,forward_right,1
3904,37.000,46.500,0.500,0.000,H_y48.0_x20.0_40.0_forward_right,H_y48.0_x20.0_40.0,H_y48.0_x20.0_40.0,right,forward,forward_right,1
3905,37.500,46.500,0.500,0.000,H_y48.0_x20.0_40.0_forward_right,H_y48.0_x20.0_40.0,H_y48.0_x20.0_40.0,right,forward,forward_right,1
3906,38.000,46.500,0.500,0.000,H_y48.0_x20.0_40.0_forward_right,H_y48.0_x20.0_40.0,H_y48.0_x20.0_40.0,right,forward,forward_right,1
3907,38.500,46.500,0.500,0.000,H_y48.0_x20.0_40.0_forward_right,H_y48.0_x20.0_40.0,H_y48.0_x20.0_40.0,right,forward,forward_right,1
3908,39.000,46.500,0.500,0.000,H_y48.0_x20.0_40.0_forward_right,H_y48.0_x20.0_40.0,H_y48.0_x20.0_40.0,right,forward,forward_right,1
3909,39.500,46.500,0.500,0.000,H_y48.0_x20.0_40.0_forward_right,H_y48.0_x20.0_40.0,H_y48.0_x20.0_40.0,right,forward,forward_right,1
3910,40.000,46.500,0.500,0.000,H_y48.0_x20.0_40.0_forward_right,H_y48.0_x20.0_40.0,H_y48.0_x20.0_40.0,right,forward,forward_right,0
3911,40.000,46.500,0.500,180.000,H_y48.0_x20.0_40.0_reverse_left,H_y48.0_x20.0_40.0,H_y48.0_x20.0_40.0,left,reverse,reverse_left,1
3912,39.500,46.500,0.500,180.000,H_y48.0_x20.0_40.0_reverse_left,H_y48.0_x20.0_40.0,H_y48.0_x20.0_40.0,left,reverse,reverse_left,1
3913,39.000,46.500,0.500,180.000,H_y48.0_x20.0_40.0_reverse_left,H_y48.0_x20.0_40.0,H_y48.0_x20.0_40.0,left,reverse,reverse_left,1
3914,38.500,46.500,0.500,180.000,H_y48.0_x20.0_40.0_reverse_left,H_y48.0_x20.0_40.0,H_y48.0_x20.0_40.0,left,reverse,reverse_left,1
3915,38.000,46.500,0.500,180.000,H_y48.0_x20.0_40.0_reverse_left,H_y48.0_x20.0_40.0,H_y48.0_x20.0_40.0,left,reverse,reverse_left,1
3916,37.500,46.500,0.500,180.000,H_y48.0_x20.0_40.0_reverse_left,H_y48.0_x20.0_40.0,H_y48.0_x20.0_40.0,left,reverse,reverse_left,1
3917,37.000,46.500,0.500,180.000,H_y48.0_x20.0_40.0_reverse_left,H_y48.0_x20.0_40.0,H_y48.0_x20.0_40.0,left,reverse,reverse_left,1
3918,36.500,46.500,0.500,180.000,H_y48.0_x20.0_40.0_reverse_left,H_y48.0_x20.0_40.0,H_y48.0_x20.0_40.0,left,reverse,reverse_left,1
3919,36.000,46.500,0.500,180.000,H_y48.0_x20.0_40.0_reverse_left,H_y48.0_x20.0_40.0,H_y48.0_x20.0_40.0,left,reverse,reverse_left,1
3920,35.500,46.500,0.500,180.000,H_y48.0_x20.0_40.0_reverse_left,H_y48.0_x20.0_40.0,H_y48.0_x20.0_40.0,left,reverse,reverse_left,1
3921,35.000,46.500,0.500,180.000,H_y48.0_x20.0_40.0_reverse_left,H_y48.0_x20.0_40.0,H_y48.0_x20.0_40.0,left,reverse,reverse_left,1
3922,34.500,46.500,0.500,180.000,H_y48.0_x20.0_40.0_reverse_left,H_y48.0_x20.0_40.0,H_y48.0_x20.0_40.0,left,reverse,reverse_left,1
3923,34.000,46.500,0.500,180.000,H_y48.0_x20.0_40.0_reverse_left,H_y48.0_x20.0_40.0,H_y48.0_x20.0_40.0,left,reverse,reverse_left,1
3924,33.500,46.500,0.500,180.000,H_y48.0_x20.0_40.0_reverse_left,H_y48.0_x20.0_40.0,H_y48.0_x20.0_40.0,left,reverse,reverse_left,1
3925,33.000,46.500,0.500,180.000,H_y48.0_x20.0_40.0_reverse_left,H_y48.0_x20.0_40.0,H_y48.0_x20.0_40.0,left,reverse,reverse_left,1
3926,32.500,46.500,0.500,180.000,H_y48.0_x20.0_40.0_reverse_left,H_y48.0_x20.0_40.0,H_y48.0_x20.0_40.0,left,reverse,reverse_left,1
3927,32.000,46.500,0.500,180.000,H_y48.0_x20.0_40.0_reverse_left,H_y48.0_x20.0_40.0,H_y48.0_x20.0_40.0,left,reverse,reverse_left,1
3928,31.500,46.500,0.500,180.000,H_y48.0_x20.0_40.0_reverse_left,H_y48.0_x20.0_40.0,H_y48.0_x20.0_40.0,left,reverse,reverse_left,1
3929,31.000,46.500,0.500,180.000,H_y48.0_x20.0_40.0_reverse_left,H_y48.0_x20.0_40.0,H_y48.0_x20.0_40.0,left,reverse,reverse_left,1
3930,30.500,46.500,0.500,180.000,H_y48.0_x20.0_40.0_reverse_left,H_y48.0_x20.0_40.0,H_y48.0_x20.0_40.0,left,reverse,reverse_left,1
3931,30.000,46.500,0.500,180.000,H_y48.0_x20.0_40.0_reverse_left,H_y48.0_x20.0_40.0,H_y48.0_x20.0_40.0,left,reverse,reverse_left,1
3932,29.500,46.500,0.500,180.000,H_y48.0_x20.0_40.0_reverse_left,H_y48.0_x20.0_40.0,H_y48.0_x20.0_40.0,left,reverse,reverse_left,1
3933,29.000,46.500,0.500,180.000,H_y48.0_x20.0_40.0_reverse_left,H_y48.0_x20.0_40.0,H_y48.0_x20.0_40.0,left,reverse,reverse_left,1
3934,28.500,46.500,0.500,180.000,H_y48.0_x20.0_40.0_reverse_left,H_y48.0_x20.0_40.0,H_y48.0_x20.0_40.0,left,reverse,reverse_left,1
3935,28.000,46.500,0.500,180.000,H_y48.0_x20.0_40.0_reverse_left,H_y48.0_x20.0_40.0,H_y48.0_x20.0_40.0,left,reverse,reverse_left,1
3936,27.500,46.500,0.500,180.000,H_y48.0_x20.0_40.0_reverse_left,H_y48.0_x20.0_40.0,H_y48.0_x20.0_40.0,left,reverse,reverse_left,1
3937,27.000,46.500,0.500,180.000,H_y48.0_x20.0_40.0_reverse_left,H_y48.0_x20.0_40.0,H_y48.0_x20.0_40.0,left,reverse,reverse_left,1
3938,26.500,46.500,0.500,180.000,H_y48.0_x20.0_40.0_reverse_left,H_y48.0_x20.0_40.0,H_y48.0_x20.0_40.0,left,reverse,reverse_left,1
3939,26.000,46.500,0.500,180.000,H_y48.0_x20.0_40.0_reverse_left,H_y48.0_x20.0_40.0,H_y48.0_x20.0_40.0,left,reverse,reverse_left,1
3940,25.500,46.500,0.500,180.000,H_y48.0_x20.0_40.0_reverse_left,H_y48.0_x20.0_40.0,H_y48.0_x20.0_40.0,left,reverse,reverse_left,1
3941,25.000,46.500,0.500,180.000,H_y48.0_x20.0_40.0_reverse_left,H_y48.0_x20.0_40.0,H_y48.0_x20.0_40.0,left,reverse,reverse_left,1
3942,24.500,46.500,0.500,180.000,H_y48.0_x20.0_40.0_reverse_left,H_y48.0_x20.0_40.0,H_y48.0_x20.0_40.0,left,reverse,reverse_left,1
3943,24.000,46.500,0.500,180.000,H_y48.0_x20.0_40.0_reverse_left,H_y48.0_x20.0_40.0,H_y48.0_x20.0_40.0,left,reverse,reverse_left,1
3944,23.500,46.500,0.500,180.000,H_y48.0_x20.0_40.0_reverse_left,H_y48.0_x20.0_40.0,H_y48.0_x20.0_40.0,left,reverse,reverse_left,1
3945,23.000,46.500,0.500,180.000,H_y48.0_x20.0_40.0_reverse_left,H_y48.0_x20.0_40.0,H_y48.0_x20.0_40.0,left,reverse,reverse_left,1
3946,22.500,46.500,0.500,180.000,H_y48.0_x20.0_40.0_reverse_left,H_y48.0_x20.0_40.0,H_y48.0_x20.0_40.0,left,reverse,reverse_left,1
3947,22.000,46.500,0.500,180.000,H_y48.0_x20.0_40.0_reverse_left,H_y48.0_x20.0_40.0,H_y48.0_x20.0_40.0,left,reverse,reverse_left,1
3948,21.500,46.500,0.500,180.000,H_y48.0_x20.0_40.0_reverse_left,H_y48.0_x20.0_40.0,H_y48.0_x20.0_40.0,left,reverse,reverse_left,1
3949,21.000,46.500,0.500,180.000,H_y48.0_x20.0_40.0_reverse_left,H_y48.0_x20.0_40.0,H_y48.0_x20.0_40.0,left,reverse,reverse_left,1
3950,20.500,46.500,0.500,180.000,H_y48.0_x20.0_40.0_reverse_left,H_y48.0_x20.0_40.0,H_y48.0_x20.0_40.0,left,reverse,reverse_left,1
3951,20.000,46.500,0.500,180.000,H_y48.0_x20.0_40.0_reverse_left,H_y48.0_x20.0_40.0,H_y48.0_x20.0_40.0,left,reverse,reverse_left,0
3952,40.000,49.500,0.500,180.000,H_y48.0_x20.0_40.0_reverse_right,H_y48.0_x20.0_40.0,H_y48.0_x20.0_40.0,right,reverse,reverse_right,1
3953,39.500,49.500,0.500,180.000,H_y48.0_x20.0_40.0_reverse_right,H_y48.0_x20.0_40.0,H_y48.0_x20.0_40.0,right,reverse,reverse_right,1
3954,39.000,49.500,0.500,180.000,H_y48.0_x20.0_40.0_reverse_right,H_y48.0_x20.0_40.0,H_y48.0_x20.0_40.0,right,reverse,reverse_right,1
3955,38.500,49.500,0.500,180.000,H_y48.0_x20.0_40.0_reverse_right,H_y48.0_x20.0_40.0,H_y48.0_x20.0_40.0,right,reverse,reverse_right,1
3956,38.000,49.500,0.500,180.000,H_y48.0_x20.0_40.0_reverse_right,H_y48.0_x20.0_40.0,H_y48.0_x20.0_40.0,right,reverse,reverse_right,1
3957,37.500,49.500,0.500,180.000,H_y48.0_x20.0_40.0_reverse_right,H_y48.0_x20.0_40.0,H_y48.0_x20.0_40.0,right,reverse,reverse_right,1
3958,37.000,49.500,0.500,180.000,H_y48.0_x20.0_40.0_reverse_right,H_y48.0_x20.0_40.0,H_y48.0_x20.0_40.0,right,reverse,reverse_right,1
3959,36.500,49.500,0.500,180.000,H_y48.0_x20.0_40.0_reverse_right,H_y48.0_x20.0_40.0,H_y48.0_x20.0_40.0,right,reverse,reverse_right,1
3960,36.000,49.500,0.500,180.000,H_y48.0_x20.0_40.0_reverse_right,H_y48.0_x20.0_40.0,H_y48.0_x20.0_40.0,right,reverse,reverse_right,1
3961,35.500,49.500,0.500,180.000,H_y48.0_x20.0_40.0_reverse_right,H_y48.0_x20.0_40.0,H_y48.0_x20.0_40.0,right,reverse,reverse_right,1
3962,35.000,49.500,0.500,180.000,H_y48.0_x20.0_40.0_reverse_right,H_y48.0_x20.0_40.0,H_y48.0_x20.0_40.0,right,reverse,reverse_right,1
3963,34.500,49.500,0.500,180.000,H_y48.0_x20.0_40.0_reverse_right,H_y48.0_x20.0_40.0,H_y48.0_x20.0_40.0,right,reverse,reverse_right,1
3964,34.000,49.500,0.500,180.000,H_y48.0_x20.0_40.0_reverse_right,H_y48.0_x20.0_40.0,H_y48.0_x20.0_40.0,right,reverse,reverse_right,1
3965,33.500,49.500,0.500,180.000,H_y48.0_x20.0_40.0_reverse_right,H_y48.0_x20.0_40.0,H_y48.0_x20.0_40.0,right,reverse,reverse_right,1
3966,33.000,49.500,0.500,180.000,H_y48.0_x20.0_40.0_reverse_right,H_y48.0_x20.0_40.0,H_y48.0_x20.0_40.0,right,reverse,reverse_right,1
3967,32.500,49.500,0.500,180.000,H_y48.0_x20.0_40.0_reverse_right,H_y48.0_x20.0_40.0,H_y48.0_x20.0_40.0,right,reverse,reverse_right,1
3968,32.000,49.500,0.500,180.000,H_y48.0_x20.0_40.0_reverse_right,H_y48.0_x20.0_40.0,H_y48.0_x20.0_40.0,right,reverse,reverse_right,1
3969,31.500,49.500,0.500,180.000,H_y48.0_x20.0_40.0_reverse_right,H_y48.0_x20.0_40.0,H_y48.0_x20.0_40.0,right,reverse,reverse_right,1
3970,31.000,49.500,0.500,180.000,H_y48.0_x20.0_40.0_reverse_right,H_y48.0_x20.0_40.0,H_y48.0_x20.0_40.0,right,reverse,reverse_right,1
3971,30.500,49.500,0.500,180.000,H_y48.0_x20.0_40.0_reverse_right,H_y48.0_x20.0_40.0,H_y48.0_x20.0_40.0,right,reverse,reverse_right,1
3972,30.000,49.500,0.500,180.000,H_y48.0_x20.0_40.0_reverse_right,H_y48.0_x20.0_40.0,H_y48.0_x20.0_40.0,right,reverse,reverse_right,1
3973,29.500,49.500,0.500,180.000,H_y48.0_x20.0_40.0_reverse_right,H_y48.0_x20.0_40.0,H_y48.0_x20.0_40.0,right,reverse,reverse_right,1
3974,29.000,49.500,0.500,180.000,H_y48.0_x20.0_40.0_reverse_right,H_y48.0_x20.0_40.0,H_y48.0_x20.0_40.0,right,reverse,reverse_right,1
3975,28.500,49.500,0.500,180.000,H_y48.0_x20.0_40.0_reverse_right,H_y48.0_x20.0_40.0,H_y48.0_x20.0_40.0,right,reverse,reverse_right,1
3976,28.000,49.500,0.500,180.000,H_y48.0_x20.0_40.0_reverse_right,H_y48.0_x20.0_40.0,H_y48.0_x20.0_40.0,right,reverse,reverse_right,1
3977,27.500,49.500,0.500,180.000,H_y48.0_x20.0_40.0_reverse_right,H_y48.0_x20.0_40.0,H_y48.0_x20.0_40.0,right,reverse,reverse_right,1
3978,27.000,49.500,0.500,180.000,H_y48.0_x20.0_40.0_reverse_right,H_y48.0_x20.0_40.0,H_y48.0_x20.0_40.0,right,reverse,reverse_right,1
3979,26.500,49.500,0.500,180.000,H_y48.0_x20.0_40.0_reverse_right,H_y48.0_x20.0_40.0,H_y48.0_x20.0_40.0,right,reverse,reverse_right,1
3980,26.000,49.500,0.500,180.000,H_y48.0_x20.0_40.0_reverse_right,H_y48.0_x20.0_40.0,H_y48.0_x20.0_40.0,right,reverse,reverse_right,1
3981,25.500,49.500,0.500,180.000,H_y48.0_x20.0_40.0_reverse_right,H_y48.0_x20.0_40.0,H_y48.0_x20.0_40.0,right,reverse,reverse_right,1
3982,25.000,49.500,0.500,180.000,H_y48.0_x20.0_40.0_reverse_right,H_y48.0_x20.0_40.0,H_y48.0_x20.0_40.0,right,reverse,reverse_right,1
3983,24.500,49.500,0.500,180.000,H_y48.0_x20.0_40.0_reverse_right,H_y48.0_x20.0_40.0,H_y48.0_x20.0_40.0,right,reverse,reverse_right,1
3984,24.000,49.500,0.500,180.000,H_y48.0_x20.0_40.0_reverse_right,H_y48.0_x20.0_40.0,H_y48.0_x20.0_40.0,right,reverse,reverse_right,1
3985,23.500,49.500,0.500,180.000,H_y48.0_x20.0_40.0_reverse_right,H_y48.0_x20.0_40.0,H_y48.0_x20.0_40.0,right,reverse,reverse_right,1
3986,23.000,49.500,0.500,180.000,H_y48.0_x20.0_40.0_reverse_right,H_y48.0_x20.0_40.0,H_y48.0_x20.0_40.0,right,reverse,reverse_right,1
3987,22.500,49.500,0.500,180.000,H_y48.0_x20.0_40.0_reverse_right,H_y48.0_x20.0_40.0,H_y48.0_x20.0_40.0,right,reverse,reverse_right,1
3988,22.000,49.500,0.500,180.000,H_y48.0_x20.0_40.0_reverse_right,H_y48.0_x20.0_40.0,H_y48.0_x20.0_40.0,right,reverse,reverse_right,1
3989,21.500,49.500,0.500,180.000,H_y48.0_x20.0_40.0_reverse_right,H_y48.0_x20.0_40.0,H_y48.0_x20.0_40.0,right,reverse,reverse_right,1
3990,21.000,49.500,0.500,180.000,H_y48.0_x20.0_40.0_reverse_right,H_y48.0_x20.0_40.0,H_y48.0_x20.0_40.0,right,reverse,reverse_right,1
3991,20.500,49.500,0.500,180.000,H_y48.0_x20.0_40.0_reverse_right,H_y48.0_x20.0_40.0,H_y48.0_x20.0_40.0,right,reverse,reverse_right,1
3992,20.000,49.500,0.500,180.000,H_y48.0_x20.0_40.0_reverse_right,H_y48.0_x20.0_40.0,H_y48.0_x20.0_40.0,right,reverse,reverse_right,0
3993,18.500,26.000,0.500,90.000,V_x20.0_y26.0_48.0_forward_left,V_x20.0_y26.0_48.0,V_x20.0_y26.0_48.0,left,forward,forward_left,1
3994,18.500,26.500,0.500,90.000,V_x20.0_y26.0_48.0_forward_left,V_x20.0_y26.0_48.0,V_x20.0_y26.0_48.0,left,forward,forward_left,1
3995,18.500,27.000,0.500,90.000,V_x20.0_y26.0_48.0_forward_left,V_x20.0_y26.0_48.0,V_x20.0_y26.0_48.0,left,forward,forward_left,1
3996,18.500,27.500,0.500,90.000,V_x20.0_y26.0_48.0_forward_left,V_x20.0_y26.0_48.0,V_x20.0_y26.0_48.0,left,forward,forward_left,1
3997,18.500,28.000,0.500,90.000,V_x20.0_y26.0_48.0_forward_left,V_x20.0_y26.0_48.0,V_x20.0_y26.0_48.0,left,forward,forward_left,1
3998,18.500,28.500,0.500,90.000,V_x20.0_y26.0_48.0_forward_left,V_x20.0_y26.0_48.0,V_x20.0_y26.0_48.0,left,forward,forward_left,1
3999,18.500,29.000,0.500,90.000,V_x20.0_y26.0_48.0_forward_left,V_x20.0_y26.0_48.0,V_x20.0_y26.0_48.0,left,forward,forward_left,1
4000,18.500,29.500,0.500,90.000,V_x20.0_y26.0_48.0_forward_left,V_x20.0_y26.0_48.0,V_x20.0_y26.0_48.0,left,forward,forward_left,1
4001,18.500,30.000,0.500,90.000,V_x20.0_y26.0_48.0_forward_left,V_x20.0_y26.0_48.0,V_x20.0_y26.0_48.0,left,forward,forward_left,1
4002,18.500,30.500,0.500,90.000,V_x20.0_y26.0_48.0_forward_left,V_x20.0_y26.0_48.0,V_x20.0_y26.0_48.0,left,forward,forward_left,1
4003,18.500,31.000,0.500,90.000,V_x20.0_y26.0_48.0_forward_left,V_x20.0_y26.0_48.0,V_x20.0_y26.0_48.0,left,forward,forward_left,1
4004,18.500,31.500,0.500,90.000,V_x20.0_y26.0_48.0_forward_left,V_x20.0_y26.0_48.0,V_x20.0_y26.0_48.0,left,forward,forward_left,1
4005,18.500,32.000,0.500,90.000,V_x20.0_y26.0_48.0_forward_left,V_x20.0_y26.0_48.0,V_x20.0_y26.0_48.0,left,forward,forward_left,1
4006,18.500,32.500,0.500,90.000,V_x20.0_y26.0_48.0_forward_left,V_x20.0_y26.0_48.0,V_x20.0_y26.0_48.0,left,forward,forward_left,1
4007,18.500,33.000,0.500,90.000,V_x20.0_y26.0_48.0_forward_left,V_x20.0_y26.0_48.0,V_x20.0_y26.0_48.0,left,forward,forward_left,1
4008,18.500,33.500,0.500,90.000,V_x20.0_y26.0_48.0_forward_left,V_x20.0_y26.0_48.0,V_x20.0_y26.0_48.0,left,forward,forward_left,1
4009,18.500,34.000,0.500,90.000,V_x20.0_y26.0_48.0_forward_left,V_x20.0_y26.0_48.0,V_x20.0_y26.0_48.0,left,forward,forward_left,1
4010,18.500,34.500,0.500,90.000,V_x20.0_y26.0_48.0_forward_left,V_x20.0_y26.0_48.0,V_x20.0_y26.0_48.0,left,forward,forward_left,1
4011,18.500,35.000,0.500,90.000,V_x20.0_y26.0_48.0_forward_left,V_x20.0_y26.0_48.0,V_x20.0_y26.0_48.0,left,forward,forward_left,1
4012,18.500,35.500,0.500,90.000,V_x20.0_y26.0_48.0_forward_left,V_x20.0_y26.0_48.0,V_x20.0_y26.0_48.0,left,forward,forward_left,1
4013,18.500,36.000,0.500,90.000,V_x20.0_y26.0_48.0_forward_left,V_x20.0_y26.0_48.0,V_x20.0_y26.0_48.0,left,forward,forward_left,1
4014,18.500,36.500,0.500,90.000,V_x20.0_y26.0_48.0_forward_left,V_x20.0_y26.0_48.0,V_x20.0_y26.0_48.0,left,forward,forward_left,1
4015,18.500,37.000,0.500,90.000,V_x20.0_y26.0_48.0_forward_left,V_x20.0_y26.0_48.0,V_x20.0_y26.0_48.0,left,forward,forward_left,1
4016,18.500,37.500,0.500,90.000,V_x20.0_y26.0_48.0_forward_left,V_x20.0_y26.0_48.0,V_x20.0_y26.0_48.0,left,forward,forward_left,1
4017,18.500,38.000,0.500,90.000,V_x20.0_y26.0_48.0_forward_left,V_x20.0_y26.0_48.0,V_x20.0_y26.0_48.0,left,forward,forward_left,1
4018,18.500,38.500,0.500,90.000,V_x20.0_y26.0_48.0_forward_left,V_x20.0_y26.0_48.0,V_x20.0_y26.0_48.0,left,forward,forward_left,1
4019,18.500,39.000,0.500,90.000,V_x20.0_y26.0_48.0_forward_left,V_x20.0_y26.0_48.0,V_x20.0_y26.0_48.0,left,forward,forward_left,1
4020,18.500,39.500,0.500,90.000,V_x20.0_y26.0_48.0_forward_left,V_x20.0_y26.0_48.0,V_x20.0_y26.0_48.0,left,forward,forward_left,1
4021,18.500,40.000,0.500,90.000,V_x20.0_y26.0_48.0_forward_left,V_x20.0_y26.0_48.0,V_x20.0_y26.0_48.0,left,forward,forward_left,1
4022,18.500,40.500,0.500,90.000,V_x20.0_y26.0_48.0_forward_left,V_x20.0_y26.0_48.0,V_x20.0_y26.0_48.0,left,forward,forward_left,1
4023,18.500,41.000,0.500,90.000,V_x20.0_y26.0_48.0_forward_left,V_x20.0_y26.0_48.0,V_x20.0_y26.0_48.0,left,forward,forward_left,1
4024,18.500,41.500,0.500,90.000,V_x20.0_y26.0_48.0_forward_left,V_x20.0_y26.0_48.0,V_x20.0_y26.0_48.0,left,forward,forward_left,1
4025,18.500,42.000,0.500,90.000,V_x20.0_y26.0_48.0_forward_left,V_x20.0_y26.0_48.0,V_x20.0_y26.0_48.0,left,forward,forward_left,1
4026,18.500,42.500,0.500,90.000,V_x20.0_y26.0_48.0_forward_left,V_x20.0_y26.0_48.0,V_x20.0_y26.0_48.0,left,forward,forward_left,1
4027,18.500,43.000,0.500,90.000,V_x20.0_y26.0_48.0_forward_left,V_x20.0_y26.0_48.0,V_x20.0_y26.0_48.0,left,forward,forward_left,1
4028,18.500,43.500,0.500,90.000,V_x20.0_y26.0_48.0_forward_left,V_x20.0_y26.0_48.0,V_x20.0_y26.0_48.0,left,forward,forward_left,1
4029,18.500,44.000,0.500,90.000,V_x20.0_y26.0_48.0_forward_left,V_x20.0_y26.0_48.0,V_x20.0_y26.0_48.0,left,forward,forward_left,1
4030,18.500,44.500,0.500,90.000,V_x20.0_y26.0_48.0_forward_left,V_x20.0_y26.0_48.0,V_x20.0_y26.0_48.0,left,forward,forward_left,1
4031,18.500,45.000,0.500,90.000,V_x20.0_y26.0_48.0_forward_left,V_x20.0_y26.0_48.0,V_x20.0_y26.0_48.0,left,forward,forward_left,1
4032,18.500,45.500,0.500,90.000,V_x20.0_y26.0_48.0_forward_left,V_x20.0_y26.0_48.0,V_x20.0_y26.0_48.0,left,forward,forward_left,1
4033,18.500,46.000,0.500,90.000,V_x20.0_y26.0_48.0_forward_left,V_x20.0_y26.0_48.0,V_x20.0_y26.0_48.0,left,forward,forward_left,1
4034,18.500,46.500,0.500,90.000,V_x20.0_y26.0_48.0_forward_left,V_x20.0_y26.0_48.0,V_x20.0_y26.0_48.0,left,forward,forward_left,1
4035,18.500,47.000,0.500,90.000,V_x20.0_y26.0_48.0_forward_left,V_x20.0_y26.0_48.0,V_x20.0_y26.0_48.0,left,forward,forward_left,1
4036,18.500,47.500,0.500,90.000,V_x20.0_y26.0_48.0_forward_left,V_x20.0_y26.0_48.0,V_x20.0_y26.0_48.0,left,forward,forward_left,1
4037,18.500,48.000,0.500,90.000,V_x20.0_y26.0_48.0_forward_left,V_x20.0_y26.0_48.0,V_x20.0_y26.0_48.0,left,forward,forward_left,0
4038,21.500,26.000,0.500,90.000,V_x20.0_y26.0_48.0_forward_right,V_x20.0_y26.0_48.0,V_x20.0_y26.0_48.0,right,forward,forward_right,1
4039,21.500,26.500,0.500,90.000,V_x20.0_y26.0_48.0_forward_right,V_x20.0_y26.0_48.0,V_x20.0_y26.0_48.0,right,forward,forward_right,1
4040,21.500,27.000,0.500,90.000,V_x20.0_y26.0_48.0_forward_right,V_x20.0_y26.0_48.0,V_x20.0_y26.0_48.0,right,forward,forward_right,1
4041,21.500,27.500,0.500,90.000,V_x20.0_y26.0_48.0_forward_right,V_x20.0_y26.0_48.0,V_x20.0_y26.0_48.0,right,forward,forward_right,1
4042,21.500,28.000,0.500,90.000,V_x20.0_y26.0_48.0_forward_right,V_x20.0_y26.0_48.0,V_x20.0_y26.0_48.0,right,forward,forward_right,1
4043,21.500,28.500,0.500,90.000,V_x20.0_y26.0_48.0_forward_right,V_x20.0_y26.0_48.0,V_x20.0_y26.0_48.0,right,forward,forward_right,1
4044,21.500,29.000,0.500,90.000,V_x20.0_y26.0_48.0_forward_right,V_x20.0_y26.0_48.0,V_x20.0_y26.0_48.0,right,forward,forward_right,1
4045,21.500,29.500,0.500,90.000,V_x20.0_y26.0_48.0_forward_right,V_x20.0_y26.0_48.0,V_x20.0_y26.0_48.0,right,forward,forward_right,1
4046,21.500,30.000,0.500,90.000,V_x20.0_y26.0_48.0_forward_right,V_x20.0_y26.0_48.0,V_x20.0_y26.0_48.0,right,forward,forward_right,1
4047,21.500,30.500,0.500,90.000,V_x20.0_y26.0_48.0_forward_right,V_x20.0_y26.0_48.0,V_x20.0_y26.0_48.0,right,forward,forward_right,1
4048,21.500,31.000,0.500,90.000,V_x20.0_y26.0_48.0_forward_right,V_x20.0_y26.0_48.0,V_x20.0_y26.0_48.0,right,forward,forward_right,1
4049,21.500,31.500,0.500,90.000,V_x20.0_y26.0_48.0_forward_right,V_x20.0_y26.0_48.0,V_x20.0_y26.0_48.0,right,forward,forward_right,1
4050,21.500,32.000,0.500,90.000,V_x20.0_y26.0_48.0_forward_right,V_x20.0_y26.0_48.0,V_x20.0_y26.0_48.0,right,forward,forward_right,1
4051,21.500,32.500,0.500,90.000,V_x20.0_y26.0_48.0_forward_right,V_x20.0_y26.0_48.0,V_x20.0_y26.0_48.0,right,forward,forward_right,1
4052,21.500,33.000,0.500,90.000,V_x20.0_y26.0_48.0_forward_right,V_x20.0_y26.0_48.0,V_x20.0_y26.0_48.0,right,forward,forward_right,1
4053,21.500,33.500,0.500,90.000,V_x20.0_y26.0_48.0_forward_right,V_x20.0_y26.0_48.0,V_x20.0_y26.0_48.0,right,forward,forward_right,1
4054,21.500,34.000,0.500,90.000,V_x20.0_y26.0_48.0_forward_right,V_x20.0_y26.0_48.0,V_x20.0_y26.0_48.0,right,forward,forward_right,1
4055,21.500,34.500,0.500,90.000,V_x20.0_y26.0_48.0_forward_right,V_x20.0_y26.0_48.0,V_x20.0_y26.0_48.0,right,forward,forward_right,1
4056,21.500,35.000,0.500,90.000,V_x20.0_y26.0_48.0_forward_right,V_x20.0_y26.0_48.0,V_x20.0_y26.0_48.0,right,forward,forward_right,1
4057,21.500,35.500,0.500,90.000,V_x20.0_y26.0_48.0_forward_right,V_x20.0_y26.0_48.0,V_x20.0_y26.0_48.0,right,forward,forward_right,1
4058,21.500,36.000,0.500,90.000,V_x20.0_y26.0_48.0_forward_right,V_x20.0_y26.0_48.0,V_x20.0_y26.0_48.0,right,forward,forward_right,1
4059,21.500,36.500,0.500,90.000,V_x20.0_y26.0_48.0_forward_right,V_x20.0_y26.0_48.0,V_x20.0_y26.0_48.0,right,forward,forward_right,1
4060,21.500,37.000,0.500,90.000,V_x20.0_y26.0_48.0_forward_right,V_x20.0_y26.0_48.0,V_x20.0_y26.0_48.0,right,forward,forward_right,1
4061,21.500,37.500,0.500,90.000,V_x20.0_y26.0_48.0_forward_right,V_x20.0_y26.0_48.0,V_x20.0_y26.0_48.0,right,forward,forward_right,1
4062,21.500,38.000,0.500,90.000,V_x20.0_y26.0_48.0_forward_right,V_x20.0_y26.0_48.0,V_x20.0_y26.0_48.0,right,forward,forward_right,1
4063,21.500,38.500,0.500,90.000,V_x20.0_y26.0_48.0_forward_right,V_x20.0_y26.0_48.0,V_x20.0_y26.0_48.0,right,forward,forward_right,1
4064,21.500,39.000,0.500,90.000,V_x20.0_y26.0_48.0_forward_right,V_x20.0_y26.0_48.0,V_x20.0_y26.0_48.0,right,forward,forward_right,1
4065,21.500,39.500,0.500,90.000,V_x20.0_y26.0_48.0_forward_right,V_x20.0_y26.0_48.0,V_x20.0_y26.0_48.0,right,forward,forward_right,1
4066,21.500,40.000,0.500,90.000,V_x20.0_y26.0_48.0_forward_right,V_x20.0_y26.0_48.0,V_x20.0_y26.0_48.0,right,forward,forward_right,1
4067,21.500,40.500,0.500,90.000,V_x20.0_y26.0_48.0_forward_right,V_x20.0_y26.0_48.0,V_x20.0_y26.0_48.0,right,forward,forward_right,1
4068,21.500,41.000,0.500,90.000,V_x20.0_y26.0_48.0_forward_right,V_x20.0_y26.0_48.0,V_x20.0_y26.0_48.0,right,forward,forward_right,1
4069,21.500,41.500,0.500,90.000,V_x20.0_y26.0_48.0_forward_right,V_x20.0_y26.0_48.0,V_x20.0_y26.0_48.0,right,forward,forward_right,1
4070,21.500,42.000,0.500,90.000,V_x20.0_y26.0_48.0_forward_right,V_x20.0_y26.0_48.0,V_x20.0_y26.0_48.0,right,forward,forward_right,1
4071,21.500,42.500,0.500,90.000,V_x20.0_y26.0_48.0_forward_right,V_x20.0_y26.0_48.0,V_x20.0_y26.0_48.0,right,forward,forward_right,1
4072,21.500,43.000,0.500,90.000,V_x20.0_y26.0_48.0_forward_right,V_x20.0_y26.0_48.0,V_x20.0_y26.0_48.0,right,forward,forward_right,1
4073,21.500,43.500,0.500,90.000,V_x20.0_y26.0_48.0_forward_right,V_x20.0_y26.0_48.0,V_x20.0_y26.0_48.0,right,forward,forward_right,1
4074,21.500,44.000,0.500,90.000,V_x20.0_y26.0_48.0_forward_right,V_x20.0_y26.0_48.0,V_x20.0_y26.0_48.0,right,forward,forward_right,1
4075,21.500,44.500,0.500,90.000,V_x20.0_y26.0_48.0_forward_right,V_x20.0_y26.0_48.0,V_x20.0_y26.0_48.0,right,forward,forward_right,1
4076,21.500,45.000,0.500,90.000,V_x20.0_y26.0_48.0_forward_right,V_x20.0_y26.0_48.0,V_x20.0_y26.0_48.0,right,forward,forward_right,1
4077,21.500,45.500,0.500,90.000,V_x20.0_y26.0_48.0_forward_right,V_x20.0_y26.0_48.0,V_x20.0_y26.0_48.0,right,forward,forward_right,1
4078,21.500,46.000,0.500,90.000,V_x20.0_y26.0_48.0_forward_right,V_x20.0_y26.0_48.0,V_x20.0_y26.0_48.0,right,forward,forward_right,1
4079,21.500,46.500,0.500,90.000,V_x20.0_y26.0_48.0_forward_right,V_x20.0_y26.0_48.0,V_x20.0_y26.0_48.0,right,forward,forward_right,1
4080,21.500,47.000,0.500,90.000,V_x20.0_y26.0_48.0_forward_right,V_x20.0_y26.0_48.0,V_x20.0_y26.0_48.0,right,forward,forward_right,1
4081,21.500,47.500,0.500,90.000,V_x20.0_y26.0_48.0_forward_right,V_x20.0_y26.0_48.0,V_x20.0_y26.0_48.0,right,forward,forward_right,1
4082,21.500,48.000,0.500,90.000,V_x20.0_y26.0_48.0_forward_right,V_x20.0_y26.0_48.0,V_x20.0_y26.0_48.0,right,forward,forward_right,0
4083,21.500,48.000,0.500,-90.000,V_x20.0_y26.0_48.0_reverse_left,V_x20.0_y26.0_48.0,V_x20.0_y26.0_48.0,left,reverse,reverse_left,1
4084,21.500,47.500,0.500,-90.000,V_x20.0_y26.0_48.0_reverse_left,V_x20.0_y26.0_48.0,V_x20.0_y26.0_48.0,left,reverse,reverse_left,1
4085,21.500,47.000,0.500,-90.000,V_x20.0_y26.0_48.0_reverse_left,V_x20.0_y26.0_48.0,V_x20.0_y26.0_48.0,left,reverse,reverse_left,1
4086,21.500,46.500,0.500,-90.000,V_x20.0_y26.0_48.0_reverse_left,V_x20.0_y26.0_48.0,V_x20.0_y26.0_48.0,left,reverse,reverse_left,1
4087,21.500,46.000,0.500,-90.000,V_x20.0_y26.0_48.0_reverse_left,V_x20.0_y26.0_48.0,V_x20.0_y26.0_48.0,left,reverse,reverse_left,1
4088,21.500,45.500,0.500,-90.000,V_x20.0_y26.0_48.0_reverse_left,V_x20.0_y26.0_48.0,V_x20.0_y26.0_48.0,left,reverse,reverse_left,1
4089,21.500,45.000,0.500,-90.000,V_x20.0_y26.0_48.0_reverse_left,V_x20.0_y26.0_48.0,V_x20.0_y26.0_48.0,left,reverse,reverse_left,1
4090,21.500,44.500,0.500,-90.000,V_x20.0_y26.0_48.0_reverse_left,V_x20.0_y26.0_48.0,V_x20.0_y26.0_48.0,left,reverse,reverse_left,1
4091,21.500,44.000,0.500,-90.000,V_x20.0_y26.0_48.0_reverse_left,V_x20.0_y26.0_48.0,V_x20.0_y26.0_48.0,left,reverse,reverse_left,1
4092,21.500,43.500,0.500,-90.000,V_x20.0_y26.0_48.0_reverse_left,V_x20.0_y26.0_48.0,V_x20.0_y26.0_48.0,left,reverse,reverse_left,1
4093,21.500,43.000,0.500,-90.000,V_x20.0_y26.0_48.0_reverse_left,V_x20.0_y26.0_48.0,V_x20.0_y26.0_48.0,left,reverse,reverse_left,1
4094,21.500,42.500,0.500,-90.000,V_x20.0_y26.0_48.0_reverse_left,V_x20.0_y26.0_48.0,V_x20.0_y26.0_48.0,left,reverse,reverse_left,1
4095,21.500,42.000,0.500,-90.000,V_x20.0_y26.0_48.0_reverse_left,V_x20.0_y26.0_48.0,V_x20.0_y26.0_48.0,left,reverse,reverse_left,1
4096,21.500,41.500,0.500,-90.000,V_x20.0_y26.0_48.0_reverse_left,V_x20.0_y26.0_48.0,V_x20.0_y26.0_48.0,left,reverse,reverse_left,1
4097,21.500,41.000,0.500,-90.000,V_x20.0_y26.0_48.0_reverse_left,V_x20.0_y26.0_48.0,V_x20.0_y26.0_48.0,left,reverse,reverse_left,1
4098,21.500,40.500,0.500,-90.000,V_x20.0_y26.0_48.0_reverse_left,V_x20.0_y26.0_48.0,V_x20.0_y26.0_48.0,left,reverse,reverse_left,1
4099,21.500,40.000,0.500,-90.000,V_x20.0_y26.0_48.0_reverse_left,V_x20.0_y26.0_48.0,V_x20.0_y26.0_48.0,left,reverse,reverse_left,1
4100,21.500,39.500,0.500,-90.000,V_x20.0_y26.0_48.0_reverse_left,V_x20.0_y26.0_48.0,V_x20.0_y26.0_48.0,left,reverse,reverse_left,1
4101,21.500,39.000,0.500,-90.000,V_x20.0_y26.0_48.0_reverse_left,V_x20.0_y26.0_48.0,V_x20.0_y26.0_48.0,left,reverse,reverse_left,1
4102,21.500,38.500,0.500,-90.000,V_x20.0_y26.0_48.0_reverse_left,V_x20.0_y26.0_48.0,V_x20.0_y26.0_48.0,left,reverse,reverse_left,1
4103,21.500,38.000,0.500,-90.000,V_x20.0_y26.0_48.0_reverse_left,V_x20.0_y26.0_48.0,V_x20.0_y26.0_48.0,left,reverse,reverse_left,1
4104,21.500,37.500,0.500,-90.000,V_x20.0_y26.0_48.0_reverse_left,V_x20.0_y26.0_48.0,V_x20.0_y26.0_48.0,left,reverse,reverse_left,1
4105,21.500,37.000,0.500,-90.000,V_x20.0_y26.0_48.0_reverse_left,V_x20.0_y26.0_48.0,V_x20.0_y26.0_48.0,left,reverse,reverse_left,1
4106,21.500,36.500,0.500,-90.000,V_x20.0_y26.0_48.0_reverse_left,V_x20.0_y26.0_48.0,V_x20.0_y26.0_48.0,left,reverse,reverse_left,1
4107,21.500,36.000,0.500,-90.000,V_x20.0_y26.0_48.0_reverse_left,V_x20.0_y26.0_48.0,V_x20.0_y26.0_48.0,left,reverse,reverse_left,1
4108,21.500,35.500,0.500,-90.000,V_x20.0_y26.0_48.0_reverse_left,V_x20.0_y26.0_48.0,V_x20.0_y26.0_48.0,left,reverse,reverse_left,1
4109,21.500,35.000,0.500,-90.000,V_x20.0_y26.0_48.0_reverse_left,V_x20.0_y26.0_48.0,V_x20.0_y26.0_48.0,left,reverse,reverse_left,1
4110,21.500,34.500,0.500,-90.000,V_x20.0_y26.0_48.0_reverse_left,V_x20.0_y26.0_48.0,V_x20.0_y26.0_48.0,left,reverse,reverse_left,1
4111,21.500,34.000,0.500,-90.000,V_x20.0_y26.0_48.0_reverse_left,V_x20.0_y26.0_48.0,V_x20.0_y26.0_48.0,left,reverse,reverse_left,1
4112,21.500,33.500,0.500,-90.000,V_x20.0_y26.0_48.0_reverse_left,V_x20.0_y26.0_48.0,V_x20.0_y26.0_48.0,left,reverse,reverse_left,1
4113,21.500,33.000,0.500,-90.000,V_x20.0_y26.0_48.0_reverse_left,V_x20.0_y26.0_48.0,V_x20.0_y26.0_48.0,left,reverse,reverse_left,1
4114,21.500,32.500,0.500,-90.000,V_x20.0_y26.0_48.0_reverse_left,V_x20.0_y26.0_48.0,V_x20.0_y26.0_48.0,left,reverse,reverse_left,1
4115,21.500,32.000,0.500,-90.000,V_x20.0_y26.0_48.0_reverse_left,V_x20.0_y26.0_48.0,V_x20.0_y26.0_48.0,left,reverse,reverse_left,1
4116,21.500,31.500,0.500,-90.000,V_x20.0_y26.0_48.0_reverse_left,V_x20.0_y26.0_48.0,V_x20.0_y26.0_48.0,left,reverse,reverse_left,1
4117,21.500,31.000,0.500,-90.000,V_x20.0_y26.0_48.0_reverse_left,V_x20.0_y26.0_48.0,V_x20.0_y26.0_48.0,left,reverse,reverse_left,1
4118,21.500,30.500,0.500,-90.000,V_x20.0_y26.0_48.0_reverse_left,V_x20.0_y26.0_48.0,V_x20.0_y26.0_48.0,left,reverse,reverse_left,1
4119,21.500,30.000,0.500,-90.000,V_x20.0_y26.0_48.0_reverse_left,V_x20.0_y26.0_48.0,V_x20.0_y26.0_48.0,left,reverse,reverse_left,1
4120,21.500,29.500,0.500,-90.000,V_x20.0_y26.0_48.0_reverse_left,V_x20.0_y26.0_48.0,V_x20.0_y26.0_48.0,left,reverse,reverse_left,1
4121,21.500,29.000,0.500,-90.000,V_x20.0_y26.0_48.0_reverse_left,V_x20.0_y26.0_48.0,V_x20.0_y26.0_48.0,left,reverse,reverse_left,1
4122,21.500,28.500,0.500,-90.000,V_x20.0_y26.0_48.0_reverse_left,V_x20.0_y26.0_48.0,V_x20.0_y26.0_48.0,left,reverse,reverse_left,1
4123,21.500,28.000,0.500,-90.000,V_x20.0_y26.0_48.0_reverse_left,V_x20.0_y26.0_48.0,V_x20.0_y26.0_48.0,left,reverse,reverse_left,1
4124,21.500,27.500,0.500,-90.000,V_x20.0_y26.0_48.0_reverse_left,V_x20.0_y26.0_48.0,V_x20.0_y26.0_48.0,left,reverse,reverse_left,1
4125,21.500,27.000,0.500,-90.000,V_x20.0_y26.0_48.0_reverse_left,V_x20.0_y26.0_48.0,V_x20.0_y26.0_48.0,left,reverse,reverse_left,1
4126,21.500,26.500,0.500,-90.000,V_x20.0_y26.0_48.0_reverse_left,V_x20.0_y26.0_48.0,V_x20.0_y26.0_48.0,left,reverse,reverse_left,1
4127,21.500,26.000,0.500,-90.000,V_x20.0_y26.0_48.0_reverse_left,V_x20.0_y26.0_48.0,V_x20.0_y26.0_48.0,left,reverse,reverse_left,0
4128,18.500,48.000,0.500,-90.000,V_x20.0_y26.0_48.0_reverse_right,V_x20.0_y26.0_48.0,V_x20.0_y26.0_48.0,right,reverse,reverse_right,1
4129,18.500,47.500,0.500,-90.000,V_x20.0_y26.0_48.0_reverse_right,V_x20.0_y26.0_48.0,V_x20.0_y26.0_48.0,right,reverse,reverse_right,1
4130,18.500,47.000,0.500,-90.000,V_x20.0_y26.0_48.0_reverse_right,V_x20.0_y26.0_48.0,V_x20.0_y26.0_48.0,right,reverse,reverse_right,1
4131,18.500,46.500,0.500,-90.000,V_x20.0_y26.0_48.0_reverse_right,V_x20.0_y26.0_48.0,V_x20.0_y26.0_48.0,right,reverse,reverse_right,1
4132,18.500,46.000,0.500,-90.000,V_x20.0_y26.0_48.0_reverse_right,V_x20.0_y26.0_48.0,V_x20.0_y26.0_48.0,right,reverse,reverse_right,1
4133,18.500,45.500,0.500,-90.000,V_x20.0_y26.0_48.0_reverse_right,V_x20.0_y26.0_48.0,V_x20.0_y26.0_48.0,right,reverse,reverse_right,1
4134,18.500,45.000,0.500,-90.000,V_x20.0_y26.0_48.0_reverse_right,V_x20.0_y26.0_48.0,V_x20.0_y26.0_48.0,right,reverse,reverse_right,1
4135,18.500,44.500,0.500,-90.000,V_x20.0_y26.0_48.0_reverse_right,V_x20.0_y26.0_48.0,V_x20.0_y26.0_48.0,right,reverse,reverse_right,1
4136,18.500,44.000,0.500,-90.000,V_x20.0_y26.0_48.0_reverse_right,V_x20.0_y26.0_48.0,V_x20.0_y26.0_48.0,right,reverse,reverse_right,1
4137,18.500,43.500,0.500,-90.000,V_x20.0_y26.0_48.0_reverse_right,V_x20.0_y26.0_48.0,V_x20.0_y26.0_48.0,right,reverse,reverse_right,1
4138,18.500,43.000,0.500,-90.000,V_x20.0_y26.0_48.0_reverse_right,V_x20.0_y26.0_48.0,V_x20.0_y26.0_48.0,right,reverse,reverse_right,1
4139,18.500,42.500,0.500,-90.000,V_x20.0_y26.0_48.0_reverse_right,V_x20.0_y26.0_48.0,V_x20.0_y26.0_48.0,right,reverse,reverse_right,1
4140,18.500,42.000,0.500,-90.000,V_x20.0_y26.0_48.0_reverse_right,V_x20.0_y26.0_48.0,V_x20.0_y26.0_48.0,right,reverse,reverse_right,1
4141,18.500,41.500,0.500,-90.000,V_x20.0_y26.0_48.0_reverse_right,V_x20.0_y26.0_48.0,V_x20.0_y26.0_48.0,right,reverse,reverse_right,1
4142,18.500,41.000,0.500,-90.000,V_x20.0_y26.0_48.0_reverse_right,V_x20.0_y26.0_48.0,V_x20.0_y26.0_48.0,right,reverse,reverse_right,1
4143,18.500,40.500,0.500,-90.000,V_x20.0_y26.0_48.0_reverse_right,V_x20.0_y26.0_48.0,V_x20.0_y26.0_48.0,right,reverse,reverse_right,1
4144,18.500,40.000,0.500,-90.000,V_x20.0_y26.0_48.0_reverse_right,V_x20.0_y26.0_48.0,V_x20.0_y26.0_48.0,right,reverse,reverse_right,1
4145,18.500,39.500,0.500,-90.000,V_x20.0_y26.0_48.0_reverse_right,V_x20.0_y26.0_48.0,V_x20.0_y26.0_48.0,right,reverse,reverse_right,1
4146,18.500,39.000,0.500,-90.000,V_x20.0_y26.0_48.0_reverse_right,V_x20.0_y26.0_48.0,V_x20.0_y26.0_48.0,right,reverse,reverse_right,1
4147,18.500,38.500,0.500,-90.000,V_x20.0_y26.0_48.0_reverse_right,V_x20.0_y26.0_48.0,V_x20.0_y26.0_48.0,right,reverse,reverse_right,1
4148,18.500,38.000,0.500,-90.000,V_x20.0_y26.0_48.0_reverse_right,V_x20.0_y26.0_48.0,V_x20.0_y26.0_48.0,right,reverse,reverse_right,1
4149,18.500,37.500,0.500,-90.000,V_x20.0_y26.0_48.0_reverse_right,V_x20.0_y26.0_48.0,V_x20.0_y26.0_48.0,right,reverse,reverse_right,1
4150,18.500,37.000,0.500,-90.000,V_x20.0_y26.0_48.0_reverse_right,V_x20.0_y26.0_48.0,V_x20.0_y26.0_48.0,right,reverse,reverse_right,1
4151,18.500,36.500,0.500,-90.000,V_x20.0_y26.0_48.0_reverse_right,V_x20.0_y26.0_48.0,V_x20.0_y26.0_48.0,right,reverse,reverse_right,1
4152,18.500,36.000,0.500,-90.000,V_x20.0_y26.0_48.0_reverse_right,V_x20.0_y26.0_48.0,V_x20.0_y26.0_48.0,right,reverse,reverse_right,1
4153,18.500,35.500,0.500,-90.000,V_x20.0_y26.0_48.0_reverse_right,V_x20.0_y26.0_48.0,V_x20.0_y26.0_48.0,right,reverse,reverse_right,1
4154,18.500,35.000,0.500,-90.000,V_x20.0_y26.0_48.0_reverse_right,V_x20.0_y26.0_48.0,V_x20.0_y26.0_48.0,right,reverse,reverse_right,1
4155,18.500,34.500,0.500,-90.000,V_x20.0_y26.0_48.0_reverse_right,V_x20.0_y26.0_48.0,V_x20.0_y26.0_48.0,right,reverse,reverse_right,1
4156,18.500,34.000,0.500,-90.000,V_x20.0_y26.0_48.0_reverse_right,V_x20.0_y26.0_48.0,V_x20.0_y26.0_48.0,right,reverse,reverse_right,1
4157,18.500,33.500,0.500,-90.000,V_x20.0_y26.0_48.0_reverse_right,V_x20.0_y26.0_48.0,V_x20.0_y26.0_48.0,right,reverse,reverse_right,1
4158,18.500,33.000,0.500,-90.000,V_x20.0_y26.0_48.0_reverse_right,V_x20.0_y26.0_48.0,V_x20.0_y26.0_48.0,right,reverse,reverse_right,1
4159,18.500,32.500,0.500,-90.000,V_x20.0_y26.0_48.0_reverse_right,V_x20.0_y26.0_48.0,V_x20.0_y26.0_48.0,right,reverse,reverse_right,1
4160,18.500,32.000,0.500,-90.000,V_x20.0_y26.0_48.0_reverse_right,V_x20.0_y26.0_48.0,V_x20.0_y26.0_48.0,right,reverse,reverse_right,1
4161,18.500,31.500,0.500,-90.000,V_x20.0_y26.0_48.0_reverse_right,V_x20.0_y26.0_48.0,V_x20.0_y26.0_48.0,right,reverse,reverse_right,1
4162,18.500,31.000,0.500,-90.000,V_x20.0_y26.0_48.0_reverse_right,V_x20.0_y26.0_48.0,V_x20.0_y26.0_48.0,right,reverse,reverse_right,1
4163,18.500,30.500,0.500,-90.000,V_x20.0_y26.0_48.0_reverse_right,V_x20.0_y26.0_48.0,V_x20.0_y26.0_48.0,right,reverse,reverse_right,1
4164,18.500,30.000,0.500,-90.000,V_x20.0_y26.0_48.0_reverse_right,V_x20.0_y26.0_48.0,V_x20.0_y26.0_48.0,right,reverse,reverse_right,1
4165,18.500,29.500,0.500,-90.000,V_x20.0_y26.0_48.0_reverse_right,V_x20.0_y26.0_48.0,V_x20.0_y26.0_48.0,right,reverse,reverse_right,1
4166,18.500,29.000,0.500,-90.000,V_x20.0_y26.0_48.0_reverse_right,V_x20.0_y26.0_48.0,V_x20.0_y26.0_48.0,right,reverse,reverse_right,1
4167,18.500,28.500,0.500,-90.000,V_x20.0_y26.0_48.0_reverse_right,V_x20.0_y26.0_48.0,V_x20.0_y26.0_48.0,right,reverse,reverse_right,1
4168,18.500,28.000,0.500,-90.000,V_x20.0_y26.0_48.0_reverse_right,V_x20.0_y26.0_48.0,V_x20.0_y26.0_48.0,right,reverse,reverse_right,1
4169,18.500,27.500,0.500,-90.000,V_x20.0_y26.0_48.0_reverse_right,V_x20.0_y26.0_48.0,V_x20.0_y26.0_48.0,right,reverse,reverse_right,1
4170,18.500,27.000,0.500,-90.000,V_x20.0_y26.0_48.0_reverse_right,V_x20.0_y26.0_48.0,V_x20.0_y26.0_48.0,right,reverse,reverse_right,1
4171,18.500,26.500,0.500,-90.000,V_x20.0_y26.0_48.0_reverse_right,V_x20.0_y26.0_48.0,V_x20.0_y26.0_48.0,right,reverse,reverse_right,1
4172,18.500,26.000,0.500,-90.000,V_x20.0_y26.0_48.0_reverse_right,V_x20.0_y26.0_48.0,V_x20.0_y26.0_48.0,right,reverse,reverse_right,0
4173,20.000,27.500,0.500,0.000,H_y26.0_x20.0_40.0_forward_left,H_y26.0_x20.0_40.0,H_y26.0_x20.0_40.0,left,forward,forward_left,1
4174,20.500,27.500,0.500,0.000,H_y26.0_x20.0_40.0_forward_left,H_y26.0_x20.0_40.0,H_y26.0_x20.0_40.0,left,forward,forward_left,1
4175,21.000,27.500,0.500,0.000,H_y26.0_x20.0_40.0_forward_left,H_y26.0_x20.0_40.0,H_y26.0_x20.0_40.0,left,forward,forward_left,1
4176,21.500,27.500,0.500,0.000,H_y26.0_x20.0_40.0_forward_left,H_y26.0_x20.0_40.0,H_y26.0_x20.0_40.0,left,forward,forward_left,1
4177,22.000,27.500,0.500,0.000,H_y26.0_x20.0_40.0_forward_left,H_y26.0_x20.0_40.0,H_y26.0_x20.0_40.0,left,forward,forward_left,1
4178,22.500,27.500,0.500,0.000,H_y26.0_x20.0_40.0_forward_left,H_y26.0_x20.0_40.0,H_y26.0_x20.0_40.0,left,forward,forward_left,1
4179,23.000,27.500,0.500,0.000,H_y26.0_x20.0_40.0_forward_left,H_y26.0_x20.0_40.0,H_y26.0_x20.0_40.0,left,forward,forward_left,1
4180,23.500,27.500,0.500,0.000,H_y26.0_x20.0_40.0_forward_left,H_y26.0_x20.0_40.0,H_y26.0_x20.0_40.0,left,forward,forward_left,1
4181,24.000,27.500,0.500,0.000,H_y26.0_x20.0_40.0_forward_left,H_y26.0_x20.0_40.0,H_y26.0_x20.0_40.0,left,forward,forward_left,1
4182,24.500,27.500,0.500,0.000,H_y26.0_x20.0_40.0_forward_left,H_y26.0_x20.0_40.0,H_y26.0_x20.0_40.0,left,forward,forward_left,1
4183,25.000,27.500,0.500,0.000,H_y26.0_x20.0_40.0_forward_left,H_y26.0_x20.0_40.0,H_y26.0_x20.0_40.0,left,forward,forward_left,1
4184,25.500,27.500,0.500,0.000,H_y26.0_x20.0_40.0_forward_left,H_y26.0_x20.0_40.0,H_y26.0_x20.0_40.0,left,forward,forward_left,1
4185,26.000,27.500,0.500,0.000,H_y26.0_x20.0_40.0_forward_left,H_y26.0_x20.0_40.0,H_y26.0_x20.0_40.0,left,forward,forward_left,1
4186,26.500,27.500,0.500,0.000,H_y26.0_x20.0_40.0_forward_left,H_y26.0_x20.0_40.0,H_y26.0_x20.0_40.0,left,forward,forward_left,1
4187,27.000,27.500,0.500,0.000,H_y26.0_x20.0_40.0_forward_left,H_y26.0_x20.0_40.0,H_y26.0_x20.0_40.0,left,forward,forward_left,1
4188,27.500,27.500,0.500,0.000,H_y26.0_x20.0_40.0_forward_left,H_y26.0_x20.0_40.0,H_y26.0_x20.0_40.0,left,forward,forward_left,1
4189,28.000,27.500,0.500,0.000,H_y26.0_x20.0_40.0_forward_left,H_y26.0_x20.0_40.0,H_y26.0_x20.0_40.0,left,forward,forward_left,1
4190,28.500,27.500,0.500,0.000,H_y26.0_x20.0_40.0_forward_left,H_y26.0_x20.0_40.0,H_y26.0_x20.0_40.0,left,forward,forward_left,1
4191,29.000,27.500,0.500,0.000,H_y26.0_x20.0_40.0_forward_left,H_y26.0_x20.0_40.0,H_y26.0_x20.0_40.0,left,forward,forward_left,1
4192,29.500,27.500,0.500,0.000,H_y26.0_x20.0_40.0_forward_left,H_y26.0_x20.0_40.0,H_y26.0_x20.0_40.0,left,forward,forward_left,1
4193,30.000,27.500,0.500,0.000,H_y26.0_x20.0_40.0_forward_left,H_y26.0_x20.0_40.0,H_y26.0_x20.0_40.0,left,forward,forward_left,1
4194,30.500,27.500,0.500,0.000,H_y26.0_x20.0_40.0_forward_left,H_y26.0_x20.0_40.0,H_y26.0_x20.0_40.0,left,forward,forward_left,1
4195,31.000,27.500,0.500,0.000,H_y26.0_x20.0_40.0_forward_left,H_y26.0_x20.0_40.0,H_y26.0_x20.0_40.0,left,forward,forward_left,1
4196,31.500,27.500,0.500,0.000,H_y26.0_x20.0_40.0_forward_left,H_y26.0_x20.0_40.0,H_y26.0_x20.0_40.0,left,forward,forward_left,1
4197,32.000,27.500,0.500,0.000,H_y26.0_x20.0_40.0_forward_left,H_y26.0_x20.0_40.0,H_y26.0_x20.0_40.0,left,forward,forward_left,1
4198,32.500,27.500,0.500,0.000,H_y26.0_x20.0_40.0_forward_left,H_y26.0_x20.0_40.0,H_y26.0_x20.0_40.0,left,forward,forward_left,1
4199,33.000,27.500,0.500,0.000,H_y26.0_x20.0_40.0_forward_left,H_y26.0_x20.0_40.0,H_y26.0_x20.0_40.0,left,forward,forward_left,1
4200,33.500,27.500,0.500,0.000,H_y26.0_x20.0_40.0_forward_left,H_y26.0_x20.0_40.0,H_y26.0_x20.0_40.0,left,forward,forward_left,1
4201,34.000,27.500,0.500,0.000,H_y26.0_x20.0_40.0_forward_left,H_y26.0_x20.0_40.0,H_y26.0_x20.0_40.0,left,forward,forward_left,1
4202,34.500,27.500,0.500,0.000,H_y26.0_x20.0_40.0_forward_left,H_y26.0_x20.0_40.0,H_y26.0_x20.0_40.0,left,forward,forward_left,1
4203,35.000,27.500,0.500,0.000,H_y26.0_x20.0_40.0_forward_left,H_y26.0_x20.0_40.0,H_y26.0_x20.0_40.0,left,forward,forward_left,1
4204,35.500,27.500,0.500,0.000,H_y26.0_x20.0_40.0_forward_left,H_y26.0_x20.0_40.0,H_y26.0_x20.0_40.0,left,forward,forward_left,1
4205,36.000,27.500,0.500,0.000,H_y26.0_x20.0_40.0_forward_left,H_y26.0_x20.0_40.0,H_y26.0_x20.0_40.0,left,forward,forward_left,1
4206,36.500,27.500,0.500,0.000,H_y26.0_x20.0_40.0_forward_left,H_y26.0_x20.0_40.0,H_y26.0_x20.0_40.0,left,forward,forward_left,1
4207,37.000,27.500,0.500,0.000,H_y26.0_x20.0_40.0_forward_left,H_y26.0_x20.0_40.0,H_y26.0_x20.0_40.0,left,forward,forward_left,1
4208,37.500,27.500,0.500,0.000,H_y26.0_x20.0_40.0_forward_left,H_y26.0_x20.0_40.0,H_y26.0_x20.0_40.0,left,forward,forward_left,1
4209,38.000,27.500,0.500,0.000,H_y26.0_x20.0_40.0_forward_left,H_y26.0_x20.0_40.0,H_y26.0_x20.0_40.0,left,forward,forward_left,1
4210,38.500,27.500,0.500,0.000,H_y26.0_x20.0_40.0_forward_left,H_y26.0_x20.0_40.0,H_y26.0_x20.0_40.0,left,forward,forward_left,1
4211,39.000,27.500,0.500,0.000,H_y26.0_x20.0_40.0_forward_left,H_y26.0_x20.0_40.0,H_y26.0_x20.0_40.0,left,forward,forward_left,1
4212,39.500,27.500,0.500,0.000,H_y26.0_x20.0_40.0_forward_left,H_y26.0_x20.0_40.0,H_y26.0_x20.0_40.0,left,forward,forward_left,1
4213,40.000,27.500,0.500,0.000,H_y26.0_x20.0_40.0_forward_left,H_y26.0_x20.0_40.0,H_y26.0_x20.0_40.0,left,forward,forward_left,0
4214,20.000,24.500,0.500,0.000,H_y26.0_x20.0_40.0_forward_right,H_y26.0_x20.0_40.0,H_y26.0_x20.0_40.0,right,forward,forward_right,1
4215,20.500,24.500,0.500,0.000,H_y26.0_x20.0_40.0_forward_right,H_y26.0_x20.0_40.0,H_y26.0_x20.0_40.0,right,forward,forward_right,1
4216,21.000,24.500,0.500,0.000,H_y26.0_x20.0_40.0_forward_right,H_y26.0_x20.0_40.0,H_y26.0_x20.0_40.0,right,forward,forward_right,1
4217,21.500,24.500,0.500,0.000,H_y26.0_x20.0_40.0_forward_right,H_y26.0_x20.0_40.0,H_y26.0_x20.0_40.0,right,forward,forward_right,1
4218,22.000,24.500,0.500,0.000,H_y26.0_x20.0_40.0_forward_right,H_y26.0_x20.0_40.0,H_y26.0_x20.0_40.0,right,forward,forward_right,1
4219,22.500,24.500,0.500,0.000,H_y26.0_x20.0_40.0_forward_right,H_y26.0_x20.0_40.0,H_y26.0_x20.0_40.0,right,forward,forward_right,1
4220,23.000,24.500,0.500,0.000,H_y26.0_x20.0_40.0_forward_right,H_y26.0_x20.0_40.0,H_y26.0_x20.0_40.0,right,forward,forward_right,1
4221,23.500,24.500,0.500,0.000,H_y26.0_x20.0_40.0_forward_right,H_y26.0_x20.0_40.0,H_y26.0_x20.0_40.0,right,forward,forward_right,1
4222,24.000,24.500,0.500,0.000,H_y26.0_x20.0_40.0_forward_right,H_y26.0_x20.0_40.0,H_y26.0_x20.0_40.0,right,forward,forward_right,1
4223,24.500,24.500,0.500,0.000,H_y26.0_x20.0_40.0_forward_right,H_y26.0_x20.0_40.0,H_y26.0_x20.0_40.0,right,forward,forward_right,1
4224,25.000,24.500,0.500,0.000,H_y26.0_x20.0_40.0_forward_right,H_y26.0_x20.0_40.0,H_y26.0_x20.0_40.0,right,forward,forward_right,1
4225,25.500,24.500,0.500,0.000,H_y26.0_x20.0_40.0_forward_right,H_y26.0_x20.0_40.0,H_y26.0_x20.0_40.0,right,forward,forward_right,1
4226,26.000,24.500,0.500,0.000,H_y26.0_x20.0_40.0_forward_right,H_y26.0_x20.0_40.0,H_y26.0_x20.0_40.0,right,forward,forward_right,1
4227,26.500,24.500,0.500,0.000,H_y26.0_x20.0_40.0_forward_right,H_y26.0_x20.0_40.0,H_y26.0_x20.0_40.0,right,forward,forward_right,1
4228,27.000,24.500,0.500,0.000,H_y26.0_x20.0_40.0_forward_right,H_y26.0_x20.0_40.0,H_y26.0_x20.0_40.0,right,forward,forward_right,1
4229,27.500,24.500,0.500,0.000,H_y26.0_x20.0_40.0_forward_right,H_y26.0_x20.0_40.0,H_y26.0_x20.0_40.0,right,forward,forward_right,1
4230,28.000,24.500,0.500,0.000,H_y26.0_x20.0_40.0_forward_right,H_y26.0_x20.0_40.0,H_y26.0_x20.0_40.0,right,forward,forward_right,1
4231,28.500,24.500,0.500,0.000,H_y26.0_x20.0_40.0_forward_right,H_y26.0_x20.0_40.0,H_y26.0_x20.0_40.0,right,forward,forward_right,1
4232,29.000,24.500,0.500,0.000,H_y26.0_x20.0_40.0_forward_right,H_y26.0_x20.0_40.0,H_y26.0_x20.0_40.0,right,forward,forward_right,1
4233,29.500,24.500,0.500,0.000,H_y26.0_x20.0_40.0_forward_right,H_y26.0_x20.0_40.0,H_y26.0_x20.0_40.0,right,forward,forward_right,1
4234,30.000,24.500,0.500,0.000,H_y26.0_x20.0_40.0_forward_right,H_y26.0_x20.0_40.0,H_y26.0_x20.0_40.0,right,forward,forward_right,1
4235,30.500,24.500,0.500,0.000,H_y26.0_x20.0_40.0_forward_right,H_y26.0_x20.0_40.0,H_y26.0_x20.0_40.0,right,forward,forward_right,1
4236,31.000,24.500,0.500,0.000,H_y26.0_x20.0_40.0_forward_right,H_y26.0_x20.0_40.0,H_y26.0_x20.0_40.0,right,forward,forward_right,1
4237,31.500,24.500,0.500,0.000,H_y26.0_x20.0_40.0_forward_right,H_y26.0_x20.0_40.0,H_y26.0_x20.0_40.0,right,forward,forward_right,1
4238,32.000,24.500,0.500,0.000,H_y26.0_x20.0_40.0_forward_right,H_y26.0_x20.0_40.0,H_y26.0_x20.0_40.0,right,forward,forward_right,1
4239,32.500,24.500,0.500,0.000,H_y26.0_x20.0_40.0_forward_right,H_y26.0_x20.0_40.0,H_y26.0_x20.0_40.0,right,forward,forward_right,1
4240,33.000,24.500,0.500,0.000,H_y26.0_x20.0_40.0_forward_right,H_y26.0_x20.0_40.0,H_y26.0_x20.0_40.0,right,forward,forward_right,1
4241,33.500,24.500,0.500,0.000,H_y26.0_x20.0_40.0_forward_right,H_y26.0_x20.0_40.0,H_y26.0_x20.0_40.0,right,forward,forward_right,1
4242,34.000,24.500,0.500,0.000,H_y26.0_x20.0_40.0_forward_right,H_y26.0_x20.0_40.0,H_y26.0_x20.0_40.0,right,forward,forward_right,1
4243,34.500,24.500,0.500,0.000,H_y26.0_x20.0_40.0_forward_right,H_y26.0_x20.0_40.0,H_y26.0_x20.0_40.0,right,forward,forward_right,1
4244,35.000,24.500,0.500,0.000,H_y26.0_x20.0_40.0_forward_right,H_y26.0_x20.0_40.0,H_y26.0_x20.0_40.0,right,forward,forward_right,1
4245,35.500,24.500,0.500,0.000,H_y26.0_x20.0_40.0_forward_right,H_y26.0_x20.0_40.0,H_y26.0_x20.0_40.0,right,forward,forward_right,1
4246,36.000,24.500,0.500,0.000,H_y26.0_x20.0_40.0_forward_right,H_y26.0_x20.0_40.0,H_y26.0_x20.0_40.0,right,forward,forward_right,1
4247,36.500,24.500,0.500,0.000,H_y26.0_x20.0_40.0_forward_right,H_y26.0_x20.0_40.0,H_y26.0_x20.0_40.0,right,forward,forward_right,1
4248,37.000,24.500,0.500,0.000,H_y26.0_x20.0_40.0_forward_right,H_y26.0_x20.0_40.0,H_y26.0_x20.0_40.0,right,forward,forward_right,1
4249,37.500,24.500,0.500,0.000,H_y26.0_x20.0_40.0_forward_right,H_y26.0_x20.0_40.0,H_y26.0_x20.0_40.0,right,forward,forward_right,1
4250,38.000,24.500,0.500,0.000,H_y26.0_x20.0_40.0_forward_right,H_y26.0_x20.0_40.0,H_y26.0_x20.0_40.0,right,forward,forward_right,1
4251,38.500,24.500,0.500,0.000,H_y26.0_x20.0_40.0_forward_right,H_y26.0_x20.0_40.0,H_y26.0_x20.0_40.0,right,forward,forward_right,1
4252,39.000,24.500,0.500,0.000,H_y26.0_x20.0_40.0_forward_right,H_y26.0_x20.0_40.0,H_y26.0_x20.0_40.0,right,forward,forward_right,1
4253,39.500,24.500,0.500,0.000,H_y26.0_x20.0_40.0_forward_right,H_y26.0_x20.0_40.0,H_y26.0_x20.0_40.0,right,forward,forward_right,1
4254,40.000,24.500,0.500,0.000,H_y26.0_x20.0_40.0_forward_right,H_y26.0_x20.0_40.0,H_y26.0_x20.0_40.0,right,forward,forward_right,0
4255,40.000,24.500,0.500,180.000,H_y26.0_x20.0_40.0_reverse_left,H_y26.0_x20.0_40.0,H_y26.0_x20.0_40.0,left,reverse,reverse_left,1
4256,39.500,24.500,0.500,180.000,H_y26.0_x20.0_40.0_reverse_left,H_y26.0_x20.0_40.0,H_y26.0_x20.0_40.0,left,reverse,reverse_left,1
4257,39.000,24.500,0.500,180.000,H_y26.0_x20.0_40.0_reverse_left,H_y26.0_x20.0_40.0,H_y26.0_x20.0_40.0,left,reverse,reverse_left,1
4258,38.500,24.500,0.500,180.000,H_y26.0_x20.0_40.0_reverse_left,H_y26.0_x20.0_40.0,H_y26.0_x20.0_40.0,left,reverse,reverse_left,1
4259,38.000,24.500,0.500,180.000,H_y26.0_x20.0_40.0_reverse_left,H_y26.0_x20.0_40.0,H_y26.0_x20.0_40.0,left,reverse,reverse_left,1
4260,37.500,24.500,0.500,180.000,H_y26.0_x20.0_40.0_reverse_left,H_y26.0_x20.0_40.0,H_y26.0_x20.0_40.0,left,reverse,reverse_left,1
4261,37.000,24.500,0.500,180.000,H_y26.0_x20.0_40.0_reverse_left,H_y26.0_x20.0_40.0,H_y26.0_x20.0_40.0,left,reverse,reverse_left,1
4262,36.500,24.500,0.500,180.000,H_y26.0_x20.0_40.0_reverse_left,H_y26.0_x20.0_40.0,H_y26.0_x20.0_40.0,left,reverse,reverse_left,1
4263,36.000,24.500,0.500,180.000,H_y26.0_x20.0_40.0_reverse_left,H_y26.0_x20.0_40.0,H_y26.0_x20.0_40.0,left,reverse,reverse_left,1
4264,35.500,24.500,0.500,180.000,H_y26.0_x20.0_40.0_reverse_left,H_y26.0_x20.0_40.0,H_y26.0_x20.0_40.0,left,reverse,reverse_left,1
4265,35.000,24.500,0.500,180.000,H_y26.0_x20.0_40.0_reverse_left,H_y26.0_x20.0_40.0,H_y26.0_x20.0_40.0,left,reverse,reverse_left,1
4266,34.500,24.500,0.500,180.000,H_y26.0_x20.0_40.0_reverse_left,H_y26.0_x20.0_40.0,H_y26.0_x20.0_40.0,left,reverse,reverse_left,1
4267,34.000,24.500,0.500,180.000,H_y26.0_x20.0_40.0_reverse_left,H_y26.0_x20.0_40.0,H_y26.0_x20.0_40.0,left,reverse,reverse_left,1
4268,33.500,24.500,0.500,180.000,H_y26.0_x20.0_40.0_reverse_left,H_y26.0_x20.0_40.0,H_y26.0_x20.0_40.0,left,reverse,reverse_left,1
4269,33.000,24.500,0.500,180.000,H_y26.0_x20.0_40.0_reverse_left,H_y26.0_x20.0_40.0,H_y26.0_x20.0_40.0,left,reverse,reverse_left,1
4270,32.500,24.500,0.500,180.000,H_y26.0_x20.0_40.0_reverse_left,H_y26.0_x20.0_40.0,H_y26.0_x20.0_40.0,left,reverse,reverse_left,1
4271,32.000,24.500,0.500,180.000,H_y26.0_x20.0_40.0_reverse_left,H_y26.0_x20.0_40.0,H_y26.0_x20.0_40.0,left,reverse,reverse_left,1
4272,31.500,24.500,0.500,180.000,H_y26.0_x20.0_40.0_reverse_left,H_y26.0_x20.0_40.0,H_y26.0_x20.0_40.0,left,reverse,reverse_left,1
4273,31.000,24.500,0.500,180.000,H_y26.0_x20.0_40.0_reverse_left,H_y26.0_x20.0_40.0,H_y26.0_x20.0_40.0,left,reverse,reverse_left,1
4274,30.500,24.500,0.500,180.000,H_y26.0_x20.0_40.0_reverse_left,H_y26.0_x20.0_40.0,H_y26.0_x20.0_40.0,left,reverse,reverse_left,1
4275,30.000,24.500,0.500,180.000,H_y26.0_x20.0_40.0_reverse_left,H_y26.0_x20.0_40.0,H_y26.0_x20.0_40.0,left,reverse,reverse_left,1
4276,29.500,24.500,0.500,180.000,H_y26.0_x20.0_40.0_reverse_left,H_y26.0_x20.0_40.0,H_y26.0_x20.0_40.0,left,reverse,reverse_left,1
4277,29.000,24.500,0.500,180.000,H_y26.0_x20.0_40.0_reverse_left,H_y26.0_x20.0_40.0,H_y26.0_x20.0_40.0,left,reverse,reverse_left,1
4278,28.500,24.500,0.500,180.000,H_y26.0_x20.0_40.0_reverse_left,H_y26.0_x20.0_40.0,H_y26.0_x20.0_40.0,left,reverse,reverse_left,1
4279,28.000,24.500,0.500,180.000,H_y26.0_x20.0_40.0_reverse_left,H_y26.0_x20.0_40.0,H_y26.0_x20.0_40.0,left,reverse,reverse_left,1
4280,27.500,24.500,0.500,180.000,H_y26.0_x20.0_40.0_reverse_left,H_y26.0_x20.0_40.0,H_y26.0_x20.0_40.0,left,reverse,reverse_left,1
4281,27.000,24.500,0.500,180.000,H_y26.0_x20.0_40.0_reverse_left,H_y26.0_x20.0_40.0,H_y26.0_x20.0_40.0,left,reverse,reverse_left,1
4282,26.500,24.500,0.500,180.000,H_y26.0_x20.0_40.0_reverse_left,H_y26.0_x20.0_40.0,H_y26.0_x20.0_40.0,left,reverse,reverse_left,1
4283,26.000,24.500,0.500,180.000,H_y26.0_x20.0_40.0_reverse_left,H_y26.0_x20.0_40.0,H_y26.0_x20.0_40.0,left,reverse,reverse_left,1
4284,25.500,24.500,0.500,180.000,H_y26.0_x20.0_40.0_reverse_left,H_y26.0_x20.0_40.0,H_y26.0_x20.0_40.0,left,reverse,reverse_left,1
4285,25.000,24.500,0.500,180.000,H_y26.0_x20.0_40.0_reverse_left,H_y26.0_x20.0_40.0,H_y26.0_x20.0_40.0,left,reverse,reverse_left,1
4286,24.500,24.500,0.500,180.000,H_y26.0_x20.0_40.0_reverse_left,H_y26.0_x20.0_40.0,H_y26.0_x20.0_40.0,left,reverse,reverse_left,1
4287,24.000,24.500,0.500,180.000,H_y26.0_x20.0_40.0_reverse_left,H_y26.0_x20.0_40.0,H_y26.0_x20.0_40.0,left,reverse,reverse_left,1
4288,23.500,24.500,0.500,180.000,H_y26.0_x20.0_40.0_reverse_left,H_y26.0_x20.0_40.0,H_y26.0_x20.0_40.0,left,reverse,reverse_left,1
4289,23.000,24.500,0.500,180.000,H_y26.0_x20.0_40.0_reverse_left,H_y26.0_x20.0_40.0,H_y26.0_x20.0_40.0,left,reverse,reverse_left,1
4290,22.500,24.500,0.500,180.000,H_y26.0_x20.0_40.0_reverse_left,H_y26.0_x20.0_40.0,H_y26.0_x20.0_40.0,left,reverse,reverse_left,1
4291,22.000,24.500,0.500,180.000,H_y26.0_x20.0_40.0_reverse_left,H_y26.0_x20.0_40.0,H_y26.0_x20.0_40.0,left,reverse,reverse_left,1
4292,21.500,24.500,0.500,180.000,H_y26.0_x20.0_40.0_reverse_left,H_y26.0_x20.0_40.0,H_y26.0_x20.0_40.0,left,reverse,reverse_left,1
4293,21.000,24.500,0.500,180.000,H_y26.0_x20.0_40.0_reverse_left,H_y26.0_x20.0_40.0,H_y26.0_x20.0_40.0,left,reverse,reverse_left,1
4294,20.500,24.500,0.500,180.000,H_y26.0_x20.0_40.0_reverse_left,H_y26.0_x20.0_40.0,H_y26.0_x20.0_40.0,left,reverse,reverse_left,1
4295,20.000,24.500,0.500,180.000,H_y26.0_x20.0_40.0_reverse_left,H_y26.0_x20.0_40.0,H_y26.0_x20.0_40.0,left,reverse,reverse_left,0
4296,40.000,27.500,0.500,180.000,H_y26.0_x20.0_40.0_reverse_right,H_y26.0_x20.0_40.0,H_y26.0_x20.0_40.0,right,reverse,reverse_right,1
4297,39.500,27.500,0.500,180.000,H_y26.0_x20.0_40.0_reverse_right,H_y26.0_x20.0_40.0,H_y26.0_x20.0_40.0,right,reverse,reverse_right,1
4298,39.000,27.500,0.500,180.000,H_y26.0_x20.0_40.0_reverse_right,H_y26.0_x20.0_40.0,H_y26.0_x20.0_40.0,right,reverse,reverse_right,1
4299,38.500,27.500,0.500,180.000,H_y26.0_x20.0_40.0_reverse_right,H_y26.0_x20.0_40.0,H_y26.0_x20.0_40.0,right,reverse,reverse_right,1
4300,38.000,27.500,0.500,180.000,H_y26.0_x20.0_40.0_reverse_right,H_y26.0_x20.0_40.0,H_y26.0_x20.0_40.0,right,reverse,reverse_right,1
4301,37.500,27.500,0.500,180.000,H_y26.0_x20.0_40.0_reverse_right,H_y26.0_x20.0_40.0,H_y26.0_x20.0_40.0,right,reverse,reverse_right,1
4302,37.000,27.500,0.500,180.000,H_y26.0_x20.0_40.0_reverse_right,H_y26.0_x20.0_40.0,H_y26.0_x20.0_40.0,right,reverse,reverse_right,1
4303,36.500,27.500,0.500,180.000,H_y26.0_x20.0_40.0_reverse_right,H_y26.0_x20.0_40.0,H_y26.0_x20.0_40.0,right,reverse,reverse_right,1
4304,36.000,27.500,0.500,180.000,H_y26.0_x20.0_40.0_reverse_right,H_y26.0_x20.0_40.0,H_y26.0_x20.0_40.0,right,reverse,reverse_right,1
4305,35.500,27.500,0.500,180.000,H_y26.0_x20.0_40.0_reverse_right,H_y26.0_x20.0_40.0,H_y26.0_x20.0_40.0,right,reverse,reverse_right,1
4306,35.000,27.500,0.500,180.000,H_y26.0_x20.0_40.0_reverse_right,H_y26.0_x20.0_40.0,H_y26.0_x20.0_40.0,right,reverse,reverse_right,1
4307,34.500,27.500,0.500,180.000,H_y26.0_x20.0_40.0_reverse_right,H_y26.0_x20.0_40.0,H_y26.0_x20.0_40.0,right,reverse,reverse_right,1
4308,34.000,27.500,0.500,180.000,H_y26.0_x20.0_40.0_reverse_right,H_y26.0_x20.0_40.0,H_y26.0_x20.0_40.0,right,reverse,reverse_right,1
4309,33.500,27.500,0.500,180.000,H_y26.0_x20.0_40.0_reverse_right,H_y26.0_x20.0_40.0,H_y26.0_x20.0_40.0,right,reverse,reverse_right,1
4310,33.000,27.500,0.500,180.000,H_y26.0_x20.0_40.0_reverse_right,H_y26.0_x20.0_40.0,H_y26.0_x20.0_40.0,right,reverse,reverse_right,1
4311,32.500,27.500,0.500,180.000,H_y26.0_x20.0_40.0_reverse_right,H_y26.0_x20.0_40.0,H_y26.0_x20.0_40.0,right,reverse,reverse_right,1
4312,32.000,27.500,0.500,180.000,H_y26.0_x20.0_40.0_reverse_right,H_y26.0_x20.0_40.0,H_y26.0_x20.0_40.0,right,reverse,reverse_right,1
4313,31.500,27.500,0.500,180.000,H_y26.0_x20.0_40.0_reverse_right,H_y26.0_x20.0_40.0,H_y26.0_x20.0_40.0,right,reverse,reverse_right,1
4314,31.000,27.500,0.500,180.000,H_y26.0_x20.0_40.0_reverse_right,H_y26.0_x20.0_40.0,H_y26.0_x20.0_40.0,right,reverse,reverse_right,1
4315,30.500,27.500,0.500,180.000,H_y26.0_x20.0_40.0_reverse_right,H_y26.0_x20.0_40.0,H_y26.0_x20.0_40.0,right,reverse,reverse_right,1
4316,30.000,27.500,0.500,180.000,H_y26.0_x20.0_40.0_reverse_right,H_y26.0_x20.0_40.0,H_y26.0_x20.0_40.0,right,reverse,reverse_right,1
4317,29.500,27.500,0.500,180.000,H_y26.0_x20.0_40.0_reverse_right,H_y26.0_x20.0_40.0,H_y26.0_x20.0_40.0,right,reverse,reverse_right,1
4318,29.000,27.500,0.500,180.000,H_y26.0_x20.0_40.0_reverse_right,H_y26.0_x20.0_40.0,H_y26.0_x20.0_40.0,right,reverse,reverse_right,1
4319,28.500,27.500,0.500,180.000,H_y26.0_x20.0_40.0_reverse_right,H_y26.0_x20.0_40.0,H_y26.0_x20.0_40.0,right,reverse,reverse_right,1
4320,28.000,27.500,0.500,180.000,H_y26.0_x20.0_40.0_reverse_right,H_y26.0_x20.0_40.0,H_y26.0_x20.0_40.0,right,reverse,reverse_right,1
4321,27.500,27.500,0.500,180.000,H_y26.0_x20.0_40.0_reverse_right,H_y26.0_x20.0_40.0,H_y26.0_x20.0_40.0,right,reverse,reverse_right,1
4322,27.000,27.500,0.500,180.000,H_y26.0_x20.0_40.0_reverse_right,H_y26.0_x20.0_40.0,H_y26.0_x20.0_40.0,right,reverse,reverse_right,1
4323,26.500,27.500,0.500,180.000,H_y26.0_x20.0_40.0_reverse_right,H_y26.0_x20.0_40.0,H_y26.0_x20.0_40.0,right,reverse,reverse_right,1
4324,26.000,27.500,0.500,180.000,H_y26.0_x20.0_40.0_reverse_right,H_y26.0_x20.0_40.0,H_y26.0_x20.0_40.0,right,reverse,reverse_right,1
4325,25.500,27.500,0.500,180.000,H_y26.0_x20.0_40.0_reverse_right,H_y26.0_x20.0_40.0,H_y26.0_x20.0_40.0,right,reverse,reverse_right,1
4326,25.000,27.500,0.500,180.000,H_y26.0_x20.0_40.0_reverse_right,H_y26.0_x20.0_40.0,H_y26.0_x20.0_40.0,right,reverse,reverse_right,1
4327,24.500,27.500,0.500,180.000,H_y26.0_x20.0_40.0_reverse_right,H_y26.0_x20.0_40.0,H_y26.0_x20.0_40.0,right,reverse,reverse_right,1
4328,24.000,27.500,0.500,180.000,H_y26.0_x20.0_40.0_reverse_right,H_y26.0_x20.0_40.0,H_y26.0_x20.0_40.0,right,reverse,reverse_right,1
4329,23.500,27.500,0.500,180.000,H_y26.0_x20.0_40.0_reverse_right,H_y26.0_x20.0_40.0,H_y26.0_x20.0_40.0,right,reverse,reverse_right,1
4330,23.000,27.500,0.500,180.000,H_y26.0_x20.0_40.0_reverse_right,H_y26.0_x20.0_40.0,H_y26.0_x20.0_40.0,right,reverse,reverse_right,1
4331,22.500,27.500,0.500,180.000,H_y26.0_x20.0_40.0_reverse_right,H_y26.0_x20.0_40.0,H_y26.0_x20.0_40.0,right,reverse,reverse_right,1
4332,22.000,27.500,0.500,180.000,H_y26.0_x20.0_40.0_reverse_right,H_y26.0_x20.0_40.0,H_y26.0_x20.0_40.0,right,reverse,reverse_right,1
4333,21.500,27.500,0.500,180.000,H_y26.0_x20.0_40.0_reverse_right,H_y26.0_x20.0_40.0,H_y26.0_x20.0_40.0,right,reverse,reverse_right,1
4334,21.000,27.500,0.500,180.000,H_y26.0_x20.0_40.0_reverse_right,H_y26.0_x20.0_40.0,H_y26.0_x20.0_40.0,right,reverse,reverse_right,1
4335,20.500,27.500,0.500,180.000,H_y26.0_x20.0_40.0_reverse_right,H_y26.0_x20.0_40.0,H_y26.0_x20.0_40.0,right,reverse,reverse_right,1
4336,20.000,27.500,0.500,180.000,H_y26.0_x20.0_40.0_reverse_right,H_y26.0_x20.0_40.0,H_y26.0_x20.0_40.0,right,reverse,reverse_right,0
4337,18.500,-3.000,0.500,90.000,V_x20.0_y-3.0_26.0_forward_left,V_x20.0_y-3.0_26.0,V_x20.0_y-3.0_26.0,left,forward,forward_left,1
4338,18.500,-2.500,0.500,90.000,V_x20.0_y-3.0_26.0_forward_left,V_x20.0_y-3.0_26.0,V_x20.0_y-3.0_26.0,left,forward,forward_left,1
4339,18.500,-2.000,0.500,90.000,V_x20.0_y-3.0_26.0_forward_left,V_x20.0_y-3.0_26.0,V_x20.0_y-3.0_26.0,left,forward,forward_left,1
4340,18.500,-1.500,0.500,90.000,V_x20.0_y-3.0_26.0_forward_left,V_x20.0_y-3.0_26.0,V_x20.0_y-3.0_26.0,left,forward,forward_left,1
4341,18.500,-1.000,0.500,90.000,V_x20.0_y-3.0_26.0_forward_left,V_x20.0_y-3.0_26.0,V_x20.0_y-3.0_26.0,left,forward,forward_left,1
4342,18.500,-0.500,0.500,90.000,V_x20.0_y-3.0_26.0_forward_left,V_x20.0_y-3.0_26.0,V_x20.0_y-3.0_26.0,left,forward,forward_left,1
4343,18.500,0.000,0.500,90.000,V_x20.0_y-3.0_26.0_forward_left,V_x20.0_y-3.0_26.0,V_x20.0_y-3.0_26.0,left,forward,forward_left,1
4344,18.500,0.500,0.500,90.000,V_x20.0_y-3.0_26.0_forward_left,V_x20.0_y-3.0_26.0,V_x20.0_y-3.0_26.0,left,forward,forward_left,1
4345,18.500,1.000,0.500,90.000,V_x20.0_y-3.0_26.0_forward_left,V_x20.0_y-3.0_26.0,V_x20.0_y-3.0_26.0,left,forward,forward_left,1
4346,18.500,1.500,0.500,90.000,V_x20.0_y-3.0_26.0_forward_left,V_x20.0_y-3.0_26.0,V_x20.0_y-3.0_26.0,left,forward,forward_left,1
4347,18.500,2.000,0.500,90.000,V_x20.0_y-3.0_26.0_forward_left,V_x20.0_y-3.0_26.0,V_x20.0_y-3.0_26.0,left,forward,forward_left,1
4348,18.500,2.500,0.500,90.000,V_x20.0_y-3.0_26.0_forward_left,V_x20.0_y-3.0_26.0,V_x20.0_y-3.0_26.0,left,forward,forward_left,1
4349,18.500,3.000,0.500,90.000,V_x20.0_y-3.0_26.0_forward_left,V_x20.0_y-3.0_26.0,V_x20.0_y-3.0_26.0,left,forward,forward_left,1
4350,18.500,3.500,0.500,90.000,V_x20.0_y-3.0_26.0_forward_left,V_x20.0_y-3.0_26.0,V_x20.0_y-3.0_26.0,left,forward,forward_left,1
4351,18.500,4.000,0.500,90.000,V_x20.0_y-3.0_26.0_forward_left,V_x20.0_y-3.0_26.0,V_x20.0_y-3.0_26.0,left,forward,forward_left,1
4352,18.500,4.500,0.500,90.000,V_x20.0_y-3.0_26.0_forward_left,V_x20.0_y-3.0_26.0,V_x20.0_y-3.0_26.0,left,forward,forward_left,1
4353,18.500,5.000,0.500,90.000,V_x20.0_y-3.0_26.0_forward_left,V_x20.0_y-3.0_26.0,V_x20.0_y-3.0_26.0,left,forward,forward_left,1
4354,18.500,5.500,0.500,90.000,V_x20.0_y-3.0_26.0_forward_left,V_x20.0_y-3.0_26.0,V_x20.0_y-3.0_26.0,left,forward,forward_left,1
4355,18.500,6.000,0.500,90.000,V_x20.0_y-3.0_26.0_forward_left,V_x20.0_y-3.0_26.0,V_x20.0_y-3.0_26.0,left,forward,forward_left,1
4356,18.500,6.500,0.500,90.000,V_x20.0_y-3.0_26.0_forward_left,V_x20.0_y-3.0_26.0,V_x20.0_y-3.0_26.0,left,forward,forward_left,1
4357,18.500,7.000,0.500,90.000,V_x20.0_y-3.0_26.0_forward_left,V_x20.0_y-3.0_26.0,V_x20.0_y-3.0_26.0,left,forward,forward_left,1
4358,18.500,7.500,0.500,90.000,V_x20.0_y-3.0_26.0_forward_left,V_x20.0_y-3.0_26.0,V_x20.0_y-3.0_26.0,left,forward,forward_left,1
4359,18.500,8.000,0.500,90.000,V_x20.0_y-3.0_26.0_forward_left,V_x20.0_y-3.0_26.0,V_x20.0_y-3.0_26.0,left,forward,forward_left,1
4360,18.500,8.500,0.500,90.000,V_x20.0_y-3.0_26.0_forward_left,V_x20.0_y-3.0_26.0,V_x20.0_y-3.0_26.0,left,forward,forward_left,1
4361,18.500,9.000,0.500,90.000,V_x20.0_y-3.0_26.0_forward_left,V_x20.0_y-3.0_26.0,V_x20.0_y-3.0_26.0,left,forward,forward_left,1
4362,18.500,9.500,0.500,90.000,V_x20.0_y-3.0_26.0_forward_left,V_x20.0_y-3.0_26.0,V_x20.0_y-3.0_26.0,left,forward,forward_left,1
4363,18.500,10.000,0.500,90.000,V_x20.0_y-3.0_26.0_forward_left,V_x20.0_y-3.0_26.0,V_x20.0_y-3.0_26.0,left,forward,forward_left,1
4364,18.500,10.500,0.500,90.000,V_x20.0_y-3.0_26.0_forward_left,V_x20.0_y-3.0_26.0,V_x20.0_y-3.0_26.0,left,forward,forward_left,1
4365,18.500,11.000,0.500,90.000,V_x20.0_y-3.0_26.0_forward_left,V_x20.0_y-3.0_26.0,V_x20.0_y-3.0_26.0,left,forward,forward_left,1
4366,18.500,11.500,0.500,90.000,V_x20.0_y-3.0_26.0_forward_left,V_x20.0_y-3.0_26.0,V_x20.0_y-3.0_26.0,left,forward,forward_left,1
4367,18.500,12.000,0.500,90.000,V_x20.0_y-3.0_26.0_forward_left,V_x20.0_y-3.0_26.0,V_x20.0_y-3.0_26.0,left,forward,forward_left,1
4368,18.500,12.500,0.500,90.000,V_x20.0_y-3.0_26.0_forward_left,V_x20.0_y-3.0_26.0,V_x20.0_y-3.0_26.0,left,forward,forward_left,1
4369,18.500,13.000,0.500,90.000,V_x20.0_y-3.0_26.0_forward_left,V_x20.0_y-3.0_26.0,V_x20.0_y-3.0_26.0,left,forward,forward_left,1
4370,18.500,13.500,0.500,90.000,V_x20.0_y-3.0_26.0_forward_left,V_x20.0_y-3.0_26.0,V_x20.0_y-3.0_26.0,left,forward,forward_left,1
4371,18.500,14.000,0.500,90.000,V_x20.0_y-3.0_26.0_forward_left,V_x20.0_y-3.0_26.0,V_x20.0_y-3.0_26.0,left,forward,forward_left,1
4372,18.500,14.500,0.500,90.000,V_x20.0_y-3.0_26.0_forward_left,V_x20.0_y-3.0_26.0,V_x20.0_y-3.0_26.0,left,forward,forward_left,1
4373,18.500,15.000,0.500,90.000,V_x20.0_y-3.0_26.0_forward_left,V_x20.0_y-3.0_26.0,V_x20.0_y-3.0_26.0,left,forward,forward_left,1
4374,18.500,15.500,0.500,90.000,V_x20.0_y-3.0_26.0_forward_left,V_x20.0_y-3.0_26.0,V_x20.0_y-3.0_26.0,left,forward,forward_left,1
4375,18.500,16.000,0.500,90.000,V_x20.0_y-3.0_26.0_forward_left,V_x20.0_y-3.0_26.0,V_x20.0_y-3.0_26.0,left,forward,forward_left,1
4376,18.500,16.500,0.500,90.000,V_x20.0_y-3.0_26.0_forward_left,V_x20.0_y-3.0_26.0,V_x20.0_y-3.0_26.0,left,forward,forward_left,1
4377,18.500,17.000,0.500,90.000,V_x20.0_y-3.0_26.0_forward_left,V_x20.0_y-3.0_26.0,V_x20.0_y-3.0_26.0,left,forward,forward_left,1
4378,18.500,17.500,0.500,90.000,V_x20.0_y-3.0_26.0_forward_left,V_x20.0_y-3.0_26.0,V_x20.0_y-3.0_26.0,left,forward,forward_left,1
4379,18.500,18.000,0.500,90.000,V_x20.0_y-3.0_26.0_forward_left,V_x20.0_y-3.0_26.0,V_x20.0_y-3.0_26.0,left,forward,forward_left,1
4380,18.500,18.500,0.500,90.000,V_x20.0_y-3.0_26.0_forward_left,V_x20.0_y-3.0_26.0,V_x20.0_y-3.0_26.0,left,forward,forward_left,1
4381,18.500,19.000,0.500,90.000,V_x20.0_y-3.0_26.0_forward_left,V_x20.0_y-3.0_26.0,V_x20.0_y-3.0_26.0,left,forward,forward_left,1
4382,18.500,19.500,0.500,90.000,V_x20.0_y-3.0_26.0_forward_left,V_x20.0_y-3.0_26.0,V_x20.0_y-3.0_26.0,left,forward,forward_left,1
4383,18.500,20.000,0.500,90.000,V_x20.0_y-3.0_26.0_forward_left,V_x20.0_y-3.0_26.0,V_x20.0_y-3.0_26.0,left,forward,forward_left,1
4384,18.500,20.500,0.500,90.000,V_x20.0_y-3.0_26.0_forward_left,V_x20.0_y-3.0_26.0,V_x20.0_y-3.0_26.0,left,forward,forward_left,1
4385,18.500,21.000,0.500,90.000,V_x20.0_y-3.0_26.0_forward_left,V_x20.0_y-3.0_26.0,V_x20.0_y-3.0_26.0,left,forward,forward_left,1
4386,18.500,21.500,0.500,90.000,V_x20.0_y-3.0_26.0_forward_left,V_x20.0_y-3.0_26.0,V_x20.0_y-3.0_26.0,left,forward,forward_left,1
4387,18.500,22.000,0.500,90.000,V_x20.0_y-3.0_26.0_forward_left,V_x20.0_y-3.0_26.0,V_x20.0_y-3.0_26.0,left,forward,forward_left,1
4388,18.500,22.500,0.500,90.000,V_x20.0_y-3.0_26.0_forward_left,V_x20.0_y-3.0_26.0,V_x20.0_y-3.0_26.0,left,forward,forward_left,1
4389,18.500,23.000,0.500,90.000,V_x20.0_y-3.0_26.0_forward_left,V_x20.0_y-3.0_26.0,V_x20.0_y-3.0_26.0,left,forward,forward_left,1
4390,18.500,23.500,0.500,90.000,V_x20.0_y-3.0_26.0_forward_left,V_x20.0_y-3.0_26.0,V_x20.0_y-3.0_26.0,left,forward,forward_left,1
4391,18.500,24.000,0.500,90.000,V_x20.0_y-3.0_26.0_forward_left,V_x20.0_y-3.0_26.0,V_x20.0_y-3.0_26.0,left,forward,forward_left,1
4392,18.500,24.500,0.500,90.000,V_x20.0_y-3.0_26.0_forward_left,V_x20.0_y-3.0_26.0,V_x20.0_y-3.0_26.0,left,forward,forward_left,1
4393,18.500,25.000,0.500,90.000,V_x20.0_y-3.0_26.0_forward_left,V_x20.0_y-3.0_26.0,V_x20.0_y-3.0_26.0,left,forward,forward_left,1
4394,18.500,25.500,0.500,90.000,V_x20.0_y-3.0_26.0_forward_left,V_x20.0_y-3.0_26.0,V_x20.0_y-3.0_26.0,left,forward,forward_left,1
4395,18.500,26.000,0.500,90.000,V_x20.0_y-3.0_26.0_forward_left,V_x20.0_y-3.0_26.0,V_x20.0_y-3.0_26.0,left,forward,forward_left,0
4396,21.500,-3.000,0.500,90.000,V_x20.0_y-3.0_26.0_forward_right,V_x20.0_y-3.0_26.0,V_x20.0_y-3.0_26.0,right,forward,forward_right,1
4397,21.500,-2.500,0.500,90.000,V_x20.0_y-3.0_26.0_forward_right,V_x20.0_y-3.0_26.0,V_x20.0_y-3.0_26.0,right,forward,forward_right,1
4398,21.500,-2.000,0.500,90.000,V_x20.0_y-3.0_26.0_forward_right,V_x20.0_y-3.0_26.0,V_x20.0_y-3.0_26.0,right,forward,forward_right,1
4399,21.500,-1.500,0.500,90.000,V_x20.0_y-3.0_26.0_forward_right,V_x20.0_y-3.0_26.0,V_x20.0_y-3.0_26.0,right,forward,forward_right,1
4400,21.500,-1.000,0.500,90.000,V_x20.0_y-3.0_26.0_forward_right,V_x20.0_y-3.0_26.0,V_x20.0_y-3.0_26.0,right,forward,forward_right,1
4401,21.500,-0.500,0.500,90.000,V_x20.0_y-3.0_26.0_forward_right,V_x20.0_y-3.0_26.0,V_x20.0_y-3.0_26.0,right,forward,forward_right,1
4402,21.500,-0.000,0.500,90.000,V_x20.0_y-3.0_26.0_forward_right,V_x20.0_y-3.0_26.0,V_x20.0_y-3.0_26.0,right,forward,forward_right,1
4403,21.500,0.500,0.500,90.000,V_x20.0_y-3.0_26.0_forward_right,V_x20.0_y-3.0_26.0,V_x20.0_y-3.0_26.0,right,forward,forward_right,1
4404,21.500,1.000,0.500,90.000,V_x20.0_y-3.0_26.0_forward_right,V_x20.0_y-3.0_26.0,V_x20.0_y-3.0_26.0,right,forward,forward_right,1
4405,21.500,1.500,0.500,90.000,V_x20.0_y-3.0_26.0_forward_right,V_x20.0_y-3.0_26.0,V_x20.0_y-3.0_26.0,right,forward,forward_right,1
4406,21.500,2.000,0.500,90.000,V_x20.0_y-3.0_26.0_forward_right,V_x20.0_y-3.0_26.0,V_x20.0_y-3.0_26.0,right,forward,forward_right,1
4407,21.500,2.500,0.500,90.000,V_x20.0_y-3.0_26.0_forward_right,V_x20.0_y-3.0_26.0,V_x20.0_y-3.0_26.0,right,forward,forward_right,1
4408,21.500,3.000,0.500,90.000,V_x20.0_y-3.0_26.0_forward_right,V_x20.0_y-3.0_26.0,V_x20.0_y-3.0_26.0,right,forward,forward_right,1
4409,21.500,3.500,0.500,90.000,V_x20.0_y-3.0_26.0_forward_right,V_x20.0_y-3.0_26.0,V_x20.0_y-3.0_26.0,right,forward,forward_right,1
4410,21.500,4.000,0.500,90.000,V_x20.0_y-3.0_26.0_forward_right,V_x20.0_y-3.0_26.0,V_x20.0_y-3.0_26.0,right,forward,forward_right,1
4411,21.500,4.500,0.500,90.000,V_x20.0_y-3.0_26.0_forward_right,V_x20.0_y-3.0_26.0,V_x20.0_y-3.0_26.0,right,forward,forward_right,1
4412,21.500,5.000,0.500,90.000,V_x20.0_y-3.0_26.0_forward_right,V_x20.0_y-3.0_26.0,V_x20.0_y-3.0_26.0,right,forward,forward_right,1
4413,21.500,5.500,0.500,90.000,V_x20.0_y-3.0_26.0_forward_right,V_x20.0_y-3.0_26.0,V_x20.0_y-3.0_26.0,right,forward,forward_right,1
4414,21.500,6.000,0.500,90.000,V_x20.0_y-3.0_26.0_forward_right,V_x20.0_y-3.0_26.0,V_x20.0_y-3.0_26.0,right,forward,forward_right,1
4415,21.500,6.500,0.500,90.000,V_x20.0_y-3.0_26.0_forward_right,V_x20.0_y-3.0_26.0,V_x20.0_y-3.0_26.0,right,forward,forward_right,1
4416,21.500,7.000,0.500,90.000,V_x20.0_y-3.0_26.0_forward_right,V_x20.0_y-3.0_26.0,V_x20.0_y-3.0_26.0,right,forward,forward_right,1
4417,21.500,7.500,0.500,90.000,V_x20.0_y-3.0_26.0_forward_right,V_x20.0_y-3.0_26.0,V_x20.0_y-3.0_26.0,right,forward,forward_right,1
4418,21.500,8.000,0.500,90.000,V_x20.0_y-3.0_26.0_forward_right,V_x20.0_y-3.0_26.0,V_x20.0_y-3.0_26.0,right,forward,forward_right,1
4419,21.500,8.500,0.500,90.000,V_x20.0_y-3.0_26.0_forward_right,V_x20.0_y-3.0_26.0,V_x20.0_y-3.0_26.0,right,forward,forward_right,1
4420,21.500,9.000,0.500,90.000,V_x20.0_y-3.0_26.0_forward_right,V_x20.0_y-3.0_26.0,V_x20.0_y-3.0_26.0,right,forward,forward_right,1
4421,21.500,9.500,0.500,90.000,V_x20.0_y-3.0_26.0_forward_right,V_x20.0_y-3.0_26.0,V_x20.0_y-3.0_26.0,right,forward,forward_right,1
4422,21.500,10.000,0.500,90.000,V_x20.0_y-3.0_26.0_forward_right,V_x20.0_y-3.0_26.0,V_x20.0_y-3.0_26.0,right,forward,forward_right,1
4423,21.500,10.500,0.500,90.000,V_x20.0_y-3.0_26.0_forward_right,V_x20.0_y-3.0_26.0,V_x20.0_y-3.0_26.0,right,forward,forward_right,1
4424,21.500,11.000,0.500,90.000,V_x20.0_y-3.0_26.0_forward_right,V_x20.0_y-3.0_26.0,V_x20.0_y-3.0_26.0,right,forward,forward_right,1
4425,21.500,11.500,0.500,90.000,V_x20.0_y-3.0_26.0_forward_right,V_x20.0_y-3.0_26.0,V_x20.0_y-3.0_26.0,right,forward,forward_right,1
4426,21.500,12.000,0.500,90.000,V_x20.0_y-3.0_26.0_forward_right,V_x20.0_y-3.0_26.0,V_x20.0_y-3.0_26.0,right,forward,forward_right,1
4427,21.500,12.500,0.500,90.000,V_x20.0_y-3.0_26.0_forward_right,V_x20.0_y-3.0_26.0,V_x20.0_y-3.0_26.0,right,forward,forward_right,1
4428,21.500,13.000,0.500,90.000,V_x20.0_y-3.0_26.0_forward_right,V_x20.0_y-3.0_26.0,V_x20.0_y-3.0_26.0,right,forward,forward_right,1
4429,21.500,13.500,0.500,90.000,V_x20.0_y-3.0_26.0_forward_right,V_x20.0_y-3.0_26.0,V_x20.0_y-3.0_26.0,right,forward,forward_right,1
4430,21.500,14.000,0.500,90.000,V_x20.0_y-3.0_26.0_forward_right,V_x20.0_y-3.0_26.0,V_x20.0_y-3.0_26.0,right,forward,forward_right,1
4431,21.500,14.500,0.500,90.000,V_x20.0_y-3.0_26.0_forward_right,V_x20.0_y-3.0_26.0,V_x20.0_y-3.0_26.0,right,forward,forward_right,1
4432,21.500,15.000,0.500,90.000,V_x20.0_y-3.0_26.0_forward_right,V_x20.0_y-3.0_26.0,V_x20.0_y-3.0_26.0,right,forward,forward_right,1
4433,21.500,15.500,0.500,90.000,V_x20.0_y-3.0_26.0_forward_right,V_x20.0_y-3.0_26.0,V_x20.0_y-3.0_26.0,right,forward,forward_right,1
4434,21.500,16.000,0.500,90.000,V_x20.0_y-3.0_26.0_forward_right,V_x20.0_y-3.0_26.0,V_x20.0_y-3.0_26.0,right,forward,forward_right,1
4435,21.500,16.500,0.500,90.000,V_x20.0_y-3.0_26.0_forward_right,V_x20.0_y-3.0_26.0,V_x20.0_y-3.0_26.0,right,forward,forward_right,1
4436,21.500,17.000,0.500,90.000,V_x20.0_y-3.0_26.0_forward_right,V_x20.0_y-3.0_26.0,V_x20.0_y-3.0_26.0,right,forward,forward_right,1
4437,21.500,17.500,0.500,90.000,V_x20.0_y-3.0_26.0_forward_right,V_x20.0_y-3.0_26.0,V_x20.0_y-3.0_26.0,right,forward,forward_right,1
4438,21.500,18.000,0.500,90.000,V_x20.0_y-3.0_26.0_forward_right,V_x20.0_y-3.0_26.0,V_x20.0_y-3.0_26.0,right,forward,forward_right,1
4439,21.500,18.500,0.500,90.000,V_x20.0_y-3.0_26.0_forward_right,V_x20.0_y-3.0_26.0,V_x20.0_y-3.0_26.0,right,forward,forward_right,1
4440,21.500,19.000,0.500,90.000,V_x20.0_y-3.0_26.0_forward_right,V_x20.0_y-3.0_26.0,V_x20.0_y-3.0_26.0,right,forward,forward_right,1
4441,21.500,19.500,0.500,90.000,V_x20.0_y-3.0_26.0_forward_right,V_x20.0_y-3.0_26.0,V_x20.0_y-3.0_26.0,right,forward,forward_right,1
4442,21.500,20.000,0.500,90.000,V_x20.0_y-3.0_26.0_forward_right,V_x20.0_y-3.0_26.0,V_x20.0_y-3.0_26.0,right,forward,forward_right,1
4443,21.500,20.500,0.500,90.000,V_x20.0_y-3.0_26.0_forward_right,V_x20.0_y-3.0_26.0,V_x20.0_y-3.0_26.0,right,forward,forward_right,1
4444,21.500,21.000,0.500,90.000,V_x20.0_y-3.0_26.0_forward_right,V_x20.0_y-3.0_26.0,V_x20.0_y-3.0_26.0,right,forward,forward_right,1
4445,21.500,21.500,0.500,90.000,V_x20.0_y-3.0_26.0_forward_right,V_x20.0_y-3.0_26.0,V_x20.0_y-3.0_26.0,right,forward,forward_right,1
4446,21.500,22.000,0.500,90.000,V_x20.0_y-3.0_26.0_forward_right,V_x20.0_y-3.0_26.0,V_x20.0_y-3.0_26.0,right,forward,forward_right,1
4447,21.500,22.500,0.500,90.000,V_x20.0_y-3.0_26.0_forward_right,V_x20.0_y-3.0_26.0,V_x20.0_y-3.0_26.0,right,forward,forward_right,1
4448,21.500,23.000,0.500,90.000,V_x20.0_y-3.0_26.0_forward_right,V_x20.0_y-3.0_26.0,V_x20.0_y-3.0_26.0,right,forward,forward_right,1
4449,21.500,23.500,0.500,90.000,V_x20.0_y-3.0_26.0_forward_right,V_x20.0_y-3.0_26.0,V_x20.0_y-3.0_26.0,right,forward,forward_right,1
4450,21.500,24.000,0.500,90.000,V_x20.0_y-3.0_26.0_forward_right,V_x20.0_y-3.0_26.0,V_x20.0_y-3.0_26.0,right,forward,forward_right,1
4451,21.500,24.500,0.500,90.000,V_x20.0_y-3.0_26.0_forward_right,V_x20.0_y-3.0_26.0,V_x20.0_y-3.0_26.0,right,forward,forward_right,1
4452,21.500,25.000,0.500,90.000,V_x20.0_y-3.0_26.0_forward_right,V_x20.0_y-3.0_26.0,V_x20.0_y-3.0_26.0,right,forward,forward_right,1
4453,21.500,25.500,0.500,90.000,V_x20.0_y-3.0_26.0_forward_right,V_x20.0_y-3.0_26.0,V_x20.0_y-3.0_26.0,right,forward,forward_right,1
4454,21.500,26.000,0.500,90.000,V_x20.0_y-3.0_26.0_forward_right,V_x20.0_y-3.0_26.0,V_x20.0_y-3.0_26.0,right,forward,forward_right,0
4455,21.500,26.000,0.500,-90.000,V_x20.0_y-3.0_26.0_reverse_left,V_x20.0_y-3.0_26.0,V_x20.0_y-3.0_26.0,left,reverse,reverse_left,1
4456,21.500,25.500,0.500,-90.000,V_x20.0_y-3.0_26.0_reverse_left,V_x20.0_y-3.0_26.0,V_x20.0_y-3.0_26.0,left,reverse,reverse_left,1
4457,21.500,25.000,0.500,-90.000,V_x20.0_y-3.0_26.0_reverse_left,V_x20.0_y-3.0_26.0,V_x20.0_y-3.0_26.0,left,reverse,reverse_left,1
4458,21.500,24.500,0.500,-90.000,V_x20.0_y-3.0_26.0_reverse_left,V_x20.0_y-3.0_26.0,V_x20.0_y-3.0_26.0,left,reverse,reverse_left,1
4459,21.500,24.000,0.500,-90.000,V_x20.0_y-3.0_26.0_reverse_left,V_x20.0_y-3.0_26.0,V_x20.0_y-3.0_26.0,left,reverse,reverse_left,1
4460,21.500,23.500,0.500,-90.000,V_x20.0_y-3.0_26.0_reverse_left,V_x20.0_y-3.0_26.0,V_x20.0_y-3.0_26.0,left,reverse,reverse_left,1
4461,21.500,23.000,0.500,-90.000,V_x20.0_y-3.0_26.0_reverse_left,V_x20.0_y-3.0_26.0,V_x20.0_y-3.0_26.0,left,reverse,reverse_left,1
4462,21.500,22.500,0.500,-90.000,V_x20.0_y-3.0_26.0_reverse_left,V_x20.0_y-3.0_26.0,V_x20.0_y-3.0_26.0,left,reverse,reverse_left,1
4463,21.500,22.000,0.500,-90.000,V_x20.0_y-3.0_26.0_reverse_left,V_x20.0_y-3.0_26.0,V_x20.0_y-3.0_26.0,left,reverse,reverse_left,1
4464,21.500,21.500,0.500,-90.000,V_x20.0_y-3.0_26.0_reverse_left,V_x20.0_y-3.0_26.0,V_x20.0_y-3.0_26.0,left,reverse,reverse_left,1
4465,21.500,21.000,0.500,-90.000,V_x20.0_y-3.0_26.0_reverse_left,V_x20.0_y-3.0_26.0,V_x20.0_y-3.0_26.0,left,reverse,reverse_left,1
4466,21.500,20.500,0.500,-90.000,V_x20.0_y-3.0_26.0_reverse_left,V_x20.0_y-3.0_26.0,V_x20.0_y-3.0_26.0,left,reverse,reverse_left,1
4467,21.500,20.000,0.500,-90.000,V_x20.0_y-3.0_26.0_reverse_left,V_x20.0_y-3.0_26.0,V_x20.0_y-3.0_26.0,left,reverse,reverse_left,1
4468,21.500,19.500,0.500,-90.000,V_x20.0_y-3.0_26.0_reverse_left,V_x20.0_y-3.0_26.0,V_x20.0_y-3.0_26.0,left,reverse,reverse_left,1
4469,21.500,19.000,0.500,-90.000,V_x20.0_y-3.0_26.0_reverse_left,V_x20.0_y-3.0_26.0,V_x20.0_y-3.0_26.0,left,reverse,reverse_left,1
4470,21.500,18.500,0.500,-90.000,V_x20.0_y-3.0_26.0_reverse_left,V_x20.0_y-3.0_26.0,V_x20.0_y-3.0_26.0,left,reverse,reverse_left,1
4471,21.500,18.000,0.500,-90.000,V_x20.0_y-3.0_26.0_reverse_left,V_x20.0_y-3.0_26.0,V_x20.0_y-3.0_26.0,left,reverse,reverse_left,1
4472,21.500,17.500,0.500,-90.000,V_x20.0_y-3.0_26.0_reverse_left,V_x20.0_y-3.0_26.0,V_x20.0_y-3.0_26.0,left,reverse,reverse_left,1
4473,21.500,17.000,0.500,-90.000,V_x20.0_y-3.0_26.0_reverse_left,V_x20.0_y-3.0_26.0,V_x20.0_y-3.0_26.0,left,reverse,reverse_left,1
4474,21.500,16.500,0.500,-90.000,V_x20.0_y-3.0_26.0_reverse_left,V_x20.0_y-3.0_26.0,V_x20.0_y-3.0_26.0,left,reverse,reverse_left,1
4475,21.500,16.000,0.500,-90.000,V_x20.0_y-3.0_26.0_reverse_left,V_x20.0_y-3.0_26.0,V_x20.0_y-3.0_26.0,left,reverse,reverse_left,1
4476,21.500,15.500,0.500,-90.000,V_x20.0_y-3.0_26.0_reverse_left,V_x20.0_y-3.0_26.0,V_x20.0_y-3.0_26.0,left,reverse,reverse_left,1
4477,21.500,15.000,0.500,-90.000,V_x20.0_y-3.0_26.0_reverse_left,V_x20.0_y-3.0_26.0,V_x20.0_y-3.0_26.0,left,reverse,reverse_left,1
4478,21.500,14.500,0.500,-90.000,V_x20.0_y-3.0_26.0_reverse_left,V_x20.0_y-3.0_26.0,V_x20.0_y-3.0_26.0,left,reverse,reverse_left,1
4479,21.500,14.000,0.500,-90.000,V_x20.0_y-3.0_26.0_reverse_left,V_x20.0_y-3.0_26.0,V_x20.0_y-3.0_26.0,left,reverse,reverse_left,1
4480,21.500,13.500,0.500,-90.000,V_x20.0_y-3.0_26.0_reverse_left,V_x20.0_y-3.0_26.0,V_x20.0_y-3.0_26.0,left,reverse,reverse_left,1
4481,21.500,13.000,0.500,-90.000,V_x20.0_y-3.0_26.0_reverse_left,V_x20.0_y-3.0_26.0,V_x20.0_y-3.0_26.0,left,reverse,reverse_left,1
4482,21.500,12.500,0.500,-90.000,V_x20.0_y-3.0_26.0_reverse_left,V_x20.0_y-3.0_26.0,V_x20.0_y-3.0_26.0,left,reverse,reverse_left,1
4483,21.500,12.000,0.500,-90.000,V_x20.0_y-3.0_26.0_reverse_left,V_x20.0_y-3.0_26.0,V_x20.0_y-3.0_26.0,left,reverse,reverse_left,1
4484,21.500,11.500,0.500,-90.000,V_x20.0_y-3.0_26.0_reverse_left,V_x20.0_y-3.0_26.0,V_x20.0_y-3.0_26.0,left,reverse,reverse_left,1
4485,21.500,11.000,0.500,-90.000,V_x20.0_y-3.0_26.0_reverse_left,V_x20.0_y-3.0_26.0,V_x20.0_y-3.0_26.0,left,reverse,reverse_left,1
4486,21.500,10.500,0.500,-90.000,V_x20.0_y-3.0_26.0_reverse_left,V_x20.0_y-3.0_26.0,V_x20.0_y-3.0_26.0,left,reverse,reverse_left,1
4487,21.500,10.000,0.500,-90.000,V_x20.0_y-3.0_26.0_reverse_left,V_x20.0_y-3.0_26.0,V_x20.0_y-3.0_26.0,left,reverse,reverse_left,1
4488,21.500,9.500,0.500,-90.000,V_x20.0_y-3.0_26.0_reverse_left,V_x20.0_y-3.0_26.0,V_x20.0_y-3.0_26.0,left,reverse,reverse_left,1
4489,21.500,9.000,0.500,-90.000,V_x20.0_y-3.0_26.0_reverse_left,V_x20.0_y-3.0_26.0,V_x20.0_y-3.0_26.0,left,reverse,reverse_left,1
4490,21.500,8.500,0.500,-90.000,V_x20.0_y-3.0_26.0_reverse_left,V_x20.0_y-3.0_26.0,V_x20.0_y-3.0_26.0,left,reverse,reverse_left,1
4491,21.500,8.000,0.500,-90.000,V_x20.0_y-3.0_26.0_reverse_left,V_x20.0_y-3.0_26.0,V_x20.0_y-3.0_26.0,left,reverse,reverse_left,1
4492,21.500,7.500,0.500,-90.000,V_x20.0_y-3.0_26.0_reverse_left,V_x20.0_y-3.0_26.0,V_x20.0_y-3.0_26.0,left,reverse,reverse_left,1
4493,21.500,7.000,0.500,-90.000,V_x20.0_y-3.0_26.0_reverse_left,V_x20.0_y-3.0_26.0,V_x20.0_y-3.0_26.0,left,reverse,reverse_left,1
4494,21.500,6.500,0.500,-90.000,V_x20.0_y-3.0_26.0_reverse_left,V_x20.0_y-3.0_26.0,V_x20.0_y-3.0_26.0,left,reverse,reverse_left,1
4495,21.500,6.000,0.500,-90.000,V_x20.0_y-3.0_26.0_reverse_left,V_x20.0_y-3.0_26.0,V_x20.0_y-3.0_26.0,left,reverse,reverse_left,1
4496,21.500,5.500,0.500,-90.000,V_x20.0_y-3.0_26.0_reverse_left,V_x20.0_y-3.0_26.0,V_x20.0_y-3.0_26.0,left,reverse,reverse_left,1
4497,21.500,5.000,0.500,-90.000,V_x20.0_y-3.0_26.0_reverse_left,V_x20.0_y-3.0_26.0,V_x20.0_y-3.0_26.0,left,reverse,reverse_left,1
4498,21.500,4.500,0.500,-90.000,V_x20.0_y-3.0_26.0_reverse_left,V_x20.0_y-3.0_26.0,V_x20.0_y-3.0_26.0,left,reverse,reverse_left,1
4499,21.500,4.000,0.500,-90.000,V_x20.0_y-3.0_26.0_reverse_left,V_x20.0_y-3.0_26.0,V_x20.0_y-3.0_26.0,left,reverse,reverse_left,1
4500,21.500,3.500,0.500,-90.000,V_x20.0_y-3.0_26.0_reverse_left,V_x20.0_y-3.0_26.0,V_x20.0_y-3.0_26.0,left,reverse,reverse_left,1
4501,21.500,3.000,0.500,-90.000,V_x20.0_y-3.0_26.0_reverse_left,V_x20.0_y-3.0_26.0,V_x20.0_y-3.0_26.0,left,reverse,reverse_left,1
4502,21.500,2.500,0.500,-90.000,V_x20.0_y-3.0_26.0_reverse_left,V_x20.0_y-3.0_26.0,V_x20.0_y-3.0_26.0,left,reverse,reverse_left,1
4503,21.500,2.000,0.500,-90.000,V_x20.0_y-3.0_26.0_reverse_left,V_x20.0_y-3.0_26.0,V_x20.0_y-3.0_26.0,left,reverse,reverse_left,1
4504,21.500,1.500,0.500,-90.000,V_x20.0_y-3.0_26.0_reverse_left,V_x20.0_y-3.0_26.0,V_x20.0_y-3.0_26.0,left,reverse,reverse_left,1
4505,21.500,1.000,0.500,-90.000,V_x20.0_y-3.0_26.0_reverse_left,V_x20.0_y-3.0_26.0,V_x20.0_y-3.0_26.0,left,reverse,reverse_left,1
4506,21.500,0.500,0.500,-90.000,V_x20.0_y-3.0_26.0_reverse_left,V_x20.0_y-3.0_26.0,V_x20.0_y-3.0_26.0,left,reverse,reverse_left,1
4507,21.500,0.000,0.500,-90.000,V_x20.0_y-3.0_26.0_reverse_left,V_x20.0_y-3.0_26.0,V_x20.0_y-3.0_26.0,left,reverse,reverse_left,1
4508,21.500,-0.500,0.500,-90.000,V_x20.0_y-3.0_26.0_reverse_left,V_x20.0_y-3.0_26.0,V_x20.0_y-3.0_26.0,left,reverse,reverse_left,1
4509,21.500,-1.000,0.500,-90.000,V_x20.0_y-3.0_26.0_reverse_left,V_x20.0_y-3.0_26.0,V_x20.0_y-3.0_26.0,left,reverse,reverse_left,1
4510,21.500,-1.500,0.500,-90.000,V_x20.0_y-3.0_26.0_reverse_left,V_x20.0_y-3.0_26.0,V_x20.0_y-3.0_26.0,left,reverse,reverse_left,1
4511,21.500,-2.000,0.500,-90.000,V_x20.0_y-3.0_26.0_reverse_left,V_x20.0_y-3.0_26.0,V_x20.0_y-3.0_26.0,left,reverse,reverse_left,1
4512,21.500,-2.500,0.500,-90.000,V_x20.0_y-3.0_26.0_reverse_left,V_x20.0_y-3.0_26.0,V_x20.0_y-3.0_26.0,left,reverse,reverse_left,1
4513,21.500,-3.000,0.500,-90.000,V_x20.0_y-3.0_26.0_reverse_left,V_x20.0_y-3.0_26.0,V_x20.0_y-3.0_26.0,left,reverse,reverse_left,0
4514,18.500,26.000,0.500,-90.000,V_x20.0_y-3.0_26.0_reverse_right,V_x20.0_y-3.0_26.0,V_x20.0_y-3.0_26.0,right,reverse,reverse_right,1
4515,18.500,25.500,0.500,-90.000,V_x20.0_y-3.0_26.0_reverse_right,V_x20.0_y-3.0_26.0,V_x20.0_y-3.0_26.0,right,reverse,reverse_right,1
4516,18.500,25.000,0.500,-90.000,V_x20.0_y-3.0_26.0_reverse_right,V_x20.0_y-3.0_26.0,V_x20.0_y-3.0_26.0,right,reverse,reverse_right,1
4517,18.500,24.500,0.500,-90.000,V_x20.0_y-3.0_26.0_reverse_right,V_x20.0_y-3.0_26.0,V_x20.0_y-3.0_26.0,right,reverse,reverse_right,1
4518,18.500,24.000,0.500,-90.000,V_x20.0_y-3.0_26.0_reverse_right,V_x20.0_y-3.0_26.0,V_x20.0_y-3.0_26.0,right,reverse,reverse_right,1
4519,18.500,23.500,0.500,-90.000,V_x20.0_y-3.0_26.0_reverse_right,V_x20.0_y-3.0_26.0,V_x20.0_y-3.0_26.0,right,reverse,reverse_right,1
4520,18.500,23.000,0.500,-90.000,V_x20.0_y-3.0_26.0_reverse_right,V_x20.0_y-3.0_26.0,V_x20.0_y-3.0_26.0,right,reverse,reverse_right,1
4521,18.500,22.500,0.500,-90.000,V_x20.0_y-3.0_26.0_reverse_right,V_x20.0_y-3.0_26.0,V_x20.0_y-3.0_26.0,right,reverse,reverse_right,1
4522,18.500,22.000,0.500,-90.000,V_x20.0_y-3.0_26.0_reverse_right,V_x20.0_y-3.0_26.0,V_x20.0_y-3.0_26.0,right,reverse,reverse_right,1
4523,18.500,21.500,0.500,-90.000,V_x20.0_y-3.0_26.0_reverse_right,V_x20.0_y-3.0_26.0,V_x20.0_y-3.0_26.0,right,reverse,reverse_right,1
4524,18.500,21.000,0.500,-90.000,V_x20.0_y-3.0_26.0_reverse_right,V_x20.0_y-3.0_26.0,V_x20.0_y-3.0_26.0,right,reverse,reverse_right,1
4525,18.500,20.500,0.500,-90.000,V_x20.0_y-3.0_26.0_reverse_right,V_x20.0_y-3.0_26.0,V_x20.0_y-3.0_26.0,right,reverse,reverse_right,1
4526,18.500,20.000,0.500,-90.000,V_x20.0_y-3.0_26.0_reverse_right,V_x20.0_y-3.0_26.0,V_x20.0_y-3.0_26.0,right,reverse,reverse_right,1
4527,18.500,19.500,0.500,-90.000,V_x20.0_y-3.0_26.0_reverse_right,V_x20.0_y-3.0_26.0,V_x20.0_y-3.0_26.0,right,reverse,reverse_right,1
4528,18.500,19.000,0.500,-90.000,V_x20.0_y-3.0_26.0_reverse_right,V_x20.0_y-3.0_26.0,V_x20.0_y-3.0_26.0,right,reverse,reverse_right,1
4529,18.500,18.500,0.500,-90.000,V_x20.0_y-3.0_26.0_reverse_right,V_x20.0_y-3.0_26.0,V_x20.0_y-3.0_26.0,right,reverse,reverse_right,1
4530,18.500,18.000,0.500,-90.000,V_x20.0_y-3.0_26.0_reverse_right,V_x20.0_y-3.0_26.0,V_x20.0_y-3.0_26.0,right,reverse,reverse_right,1
4531,18.500,17.500,0.500,-90.000,V_x20.0_y-3.0_26.0_reverse_right,V_x20.0_y-3.0_26.0,V_x20.0_y-3.0_26.0,right,reverse,reverse_right,1
4532,18.500,17.000,0.500,-90.000,V_x20.0_y-3.0_26.0_reverse_right,V_x20.0_y-3.0_26.0,V_x20.0_y-3.0_26.0,right,reverse,reverse_right,1
4533,18.500,16.500,0.500,-90.000,V_x20.0_y-3.0_26.0_reverse_right,V_x20.0_y-3.0_26.0,V_x20.0_y-3.0_26.0,right,reverse,reverse_right,1
4534,18.500,16.000,0.500,-90.000,V_x20.0_y-3.0_26.0_reverse_right,V_x20.0_y-3.0_26.0,V_x20.0_y-3.0_26.0,right,reverse,reverse_right,1
4535,18.500,15.500,0.500,-90.000,V_x20.0_y-3.0_26.0_reverse_right,V_x20.0_y-3.0_26.0,V_x20.0_y-3.0_26.0,right,reverse,reverse_right,1
4536,18.500,15.000,0.500,-90.000,V_x20.0_y-3.0_26.0_reverse_right,V_x20.0_y-3.0_26.0,V_x20.0_y-3.0_26.0,right,reverse,reverse_right,1
4537,18.500,14.500,0.500,-90.000,V_x20.0_y-3.0_26.0_reverse_right,V_x20.0_y-3.0_26.0,V_x20.0_y-3.0_26.0,right,reverse,reverse_right,1
4538,18.500,14.000,0.500,-90.000,V_x20.0_y-3.0_26.0_reverse_right,V_x20.0_y-3.0_26.0,V_x20.0_y-3.0_26.0,right,reverse,reverse_right,1
4539,18.500,13.500,0.500,-90.000,V_x20.0_y-3.0_26.0_reverse_right,V_x20.0_y-3.0_26.0,V_x20.0_y-3.0_26.0,right,reverse,reverse_right,1
4540,18.500,13.000,0.500,-90.000,V_x20.0_y-3.0_26.0_reverse_right,V_x20.0_y-3.0_26.0,V_x20.0_y-3.0_26.0,right,reverse,reverse_right,1
4541,18.500,12.500,0.500,-90.000,V_x20.0_y-3.0_26.0_reverse_right,V_x20.0_y-3.0_26.0,V_x20.0_y-3.0_26.0,right,reverse,reverse_right,1
4542,18.500,12.000,0.500,-90.000,V_x20.0_y-3.0_26.0_reverse_right,V_x20.0_y-3.0_26.0,V_x20.0_y-3.0_26.0,right,reverse,reverse_right,1
4543,18.500,11.500,0.500,-90.000,V_x20.0_y-3.0_26.0_reverse_right,V_x20.0_y-3.0_26.0,V_x20.0_y-3.0_26.0,right,reverse,reverse_right,1
4544,18.500,11.000,0.500,-90.000,V_x20.0_y-3.0_26.0_reverse_right,V_x20.0_y-3.0_26.0,V_x20.0_y-3.0_26.0,right,reverse,reverse_right,1
4545,18.500,10.500,0.500,-90.000,V_x20.0_y-3.0_26.0_reverse_right,V_x20.0_y-3.0_26.0,V_x20.0_y-3.0_26.0,right,reverse,reverse_right,1
4546,18.500,10.000,0.500,-90.000,V_x20.0_y-3.0_26.0_reverse_right,V_x20.0_y-3.0_26.0,V_x20.0_y-3.0_26.0,right,reverse,reverse_right,1
4547,18.500,9.500,0.500,-90.000,V_x20.0_y-3.0_26.0_reverse_right,V_x20.0_y-3.0_26.0,V_x20.0_y-3.0_26.0,right,reverse,reverse_right,1
4548,18.500,9.000,0.500,-90.000,V_x20.0_y-3.0_26.0_reverse_right,V_x20.0_y-3.0_26.0,V_x20.0_y-3.0_26.0,right,reverse,reverse_right,1
4549,18.500,8.500,0.500,-90.000,V_x20.0_y-3.0_26.0_reverse_right,V_x20.0_y-3.0_26.0,V_x20.0_y-3.0_26.0,right,reverse,reverse_right,1
4550,18.500,8.000,0.500,-90.000,V_x20.0_y-3.0_26.0_reverse_right,V_x20.0_y-3.0_26.0,V_x20.0_y-3.0_26.0,right,reverse,reverse_right,1
4551,18.500,7.500,0.500,-90.000,V_x20.0_y-3.0_26.0_reverse_right,V_x20.0_y-3.0_26.0,V_x20.0_y-3.0_26.0,right,reverse,reverse_right,1
4552,18.500,7.000,0.500,-90.000,V_x20.0_y-3.0_26.0_reverse_right,V_x20.0_y-3.0_26.0,V_x20.0_y-3.0_26.0,right,reverse,reverse_right,1
4553,18.500,6.500,0.500,-90.000,V_x20.0_y-3.0_26.0_reverse_right,V_x20.0_y-3.0_26.0,V_x20.0_y-3.0_26.0,right,reverse,reverse_right,1
4554,18.500,6.000,0.500,-90.000,V_x20.0_y-3.0_26.0_reverse_right,V_x20.0_y-3.0_26.0,V_x20.0_y-3.0_26.0,right,reverse,reverse_right,1
4555,18.500,5.500,0.500,-90.000,V_x20.0_y-3.0_26.0_reverse_right,V_x20.0_y-3.0_26.0,V_x20.0_y-3.0_26.0,right,reverse,reverse_right,1
4556,18.500,5.000,0.500,-90.000,V_x20.0_y-3.0_26.0_reverse_right,V_x20.0_y-3.0_26.0,V_x20.0_y-3.0_26.0,right,reverse,reverse_right,1
4557,18.500,4.500,0.500,-90.000,V_x20.0_y-3.0_26.0_reverse_right,V_x20.0_y-3.0_26.0,V_x20.0_y-3.0_26.0,right,reverse,reverse_right,1
4558,18.500,4.000,0.500,-90.000,V_x20.0_y-3.0_26.0_reverse_right,V_x20.0_y-3.0_26.0,V_x20.0_y-3.0_26.0,right,reverse,reverse_right,1
4559,18.500,3.500,0.500,-90.000,V_x20.0_y-3.0_26.0_reverse_right,V_x20.0_y-3.0_26.0,V_x20.0_y-3.0_26.0,right,reverse,reverse_right,1
4560,18.500,3.000,0.500,-90.000,V_x20.0_y-3.0_26.0_reverse_right,V_x20.0_y-3.0_26.0,V_x20.0_y-3.0_26.0,right,reverse,reverse_right,1
4561,18.500,2.500,0.500,-90.000,V_x20.0_y-3.0_26.0_reverse_right,V_x20.0_y-3.0_26.0,V_x20.0_y-3.0_26.0,right,reverse,reverse_right,1
4562,18.500,2.000,0.500,-90.000,V_x20.0_y-3.0_26.0_reverse_right,V_x20.0_y-3.0_26.0,V_x20.0_y-3.0_26.0,right,reverse,reverse_right,1
4563,18.500,1.500,0.500,-90.000,V_x20.0_y-3.0_26.0_reverse_right,V_x20.0_y-3.0_26.0,V_x20.0_y-3.0_26.0,right,reverse,reverse_right,1
4564,18.500,1.000,0.500,-90.000,V_x20.0_y-3.0_26.0_reverse_right,V_x20.0_y-3.0_26.0,V_x20.0_y-3.0_26.0,right,reverse,reverse_right,1
4565,18.500,0.500,0.500,-90.000,V_x20.0_y-3.0_26.0_reverse_right,V_x20.0_y-3.0_26.0,V_x20.0_y-3.0_26.0,right,reverse,reverse_right,1
4566,18.500,-0.000,0.500,-90.000,V_x20.0_y-3.0_26.0_reverse_right,V_x20.0_y-3.0_26.0,V_x20.0_y-3.0_26.0,right,reverse,reverse_right,1
4567,18.500,-0.500,0.500,-90.000,V_x20.0_y-3.0_26.0_reverse_right,V_x20.0_y-3.0_26.0,V_x20.0_y-3.0_26.0,right,reverse,reverse_right,1
4568,18.500,-1.000,0.500,-90.000,V_x20.0_y-3.0_26.0_reverse_right,V_x20.0_y-3.0_26.0,V_x20.0_y-3.0_26.0,right,reverse,reverse_right,1
4569,18.500,-1.500,0.500,-90.000,V_x20.0_y-3.0_26.0_reverse_right,V_x20.0_y-3.0_26.0,V_x20.0_y-3.0_26.0,right,reverse,reverse_right,1
4570,18.500,-2.000,0.500,-90.000,V_x20.0_y-3.0_26.0_reverse_right,V_x20.0_y-3.0_26.0,V_x20.0_y-3.0_26.0,right,reverse,reverse_right,1
4571,18.500,-2.500,0.500,-90.000,V_x20.0_y-3.0_26.0_reverse_right,V_x20.0_y-3.0_26.0,V_x20.0_y-3.0_26.0,right,reverse,reverse_right,1
4572,18.500,-3.000,0.500,-90.000,V_x20.0_y-3.0_26.0_reverse_right,V_x20.0_y-3.0_26.0,V_x20.0_y-3.0_26.0,right,reverse,reverse_right,0
4573,20.000,-1.500,0.500,0.000,H_y-3.0_x20.0_40.0_forward_left,H_y-3.0_x20.0_40.0,H_y-3.0_x20.0_40.0,left,forward,forward_left,1
4574,20.500,-1.500,0.500,0.000,H_y-3.0_x20.0_40.0_forward_left,H_y-3.0_x20.0_40.0,H_y-3.0_x20.0_40.0,left,forward,forward_left,1
4575,21.000,-1.500,0.500,0.000,H_y-3.0_x20.0_40.0_forward_left,H_y-3.0_x20.0_40.0,H_y-3.0_x20.0_40.0,left,forward,forward_left,1
4576,21.500,-1.500,0.500,0.000,H_y-3.0_x20.0_40.0_forward_left,H_y-3.0_x20.0_40.0,H_y-3.0_x20.0_40.0,left,forward,forward_left,1
4577,22.000,-1.500,0.500,0.000,H_y-3.0_x20.0_40.0_forward_left,H_y-3.0_x20.0_40.0,H_y-3.0_x20.0_40.0,left,forward,forward_left,1
4578,22.500,-1.500,0.500,0.000,H_y-3.0_x20.0_40.0_forward_left,H_y-3.0_x20.0_40.0,H_y-3.0_x20.0_40.0,left,forward,forward_left,1
4579,23.000,-1.500,0.500,0.000,H_y-3.0_x20.0_40.0_forward_left,H_y-3.0_x20.0_40.0,H_y-3.0_x20.0_40.0,left,forward,forward_left,1
4580,23.500,-1.500,0.500,0.000,H_y-3.0_x20.0_40.0_forward_left,H_y-3.0_x20.0_40.0,H_y-3.0_x20.0_40.0,left,forward,forward_left,1
4581,24.000,-1.500,0.500,0.000,H_y-3.0_x20.0_40.0_forward_left,H_y-3.0_x20.0_40.0,H_y-3.0_x20.0_40.0,left,forward,forward_left,1
4582,24.500,-1.500,0.500,0.000,H_y-3.0_x20.0_40.0_forward_left,H_y-3.0_x20.0_40.0,H_y-3.0_x20.0_40.0,left,forward,forward_left,1
4583,25.000,-1.500,0.500,0.000,H_y-3.0_x20.0_40.0_forward_left,H_y-3.0_x20.0_40.0,H_y-3.0_x20.0_40.0,left,forward,forward_left,1
4584,25.500,-1.500,0.500,0.000,H_y-3.0_x20.0_40.0_forward_left,H_y-3.0_x20.0_40.0,H_y-3.0_x20.0_40.0,left,forward,forward_left,1
4585,26.000,-1.500,0.500,0.000,H_y-3.0_x20.0_40.0_forward_left,H_y-3.0_x20.0_40.0,H_y-3.0_x20.0_40.0,left,forward,forward_left,1
4586,26.500,-1.500,0.500,0.000,H_y-3.0_x20.0_40.0_forward_left,H_y-3.0_x20.0_40.0,H_y-3.0_x20.0_40.0,left,forward,forward_left,1
4587,27.000,-1.500,0.500,0.000,H_y-3.0_x20.0_40.0_forward_left,H_y-3.0_x20.0_40.0,H_y-3.0_x20.0_40.0,left,forward,forward_left,1
4588,27.500,-1.500,0.500,0.000,H_y-3.0_x20.0_40.0_forward_left,H_y-3.0_x20.0_40.0,H_y-3.0_x20.0_40.0,left,forward,forward_left,1
4589,28.000,-1.500,0.500,0.000,H_y-3.0_x20.0_40.0_forward_left,H_y-3.0_x20.0_40.0,H_y-3.0_x20.0_40.0,left,forward,forward_left,1
4590,28.500,-1.500,0.500,0.000,H_y-3.0_x20.0_40.0_forward_left,H_y-3.0_x20.0_40.0,H_y-3.0_x20.0_40.0,left,forward,forward_left,1
4591,29.000,-1.500,0.500,0.000,H_y-3.0_x20.0_40.0_forward_left,H_y-3.0_x20.0_40.0,H_y-3.0_x20.0_40.0,left,forward,forward_left,1
4592,29.500,-1.500,0.500,0.000,H_y-3.0_x20.0_40.0_forward_left,H_y-3.0_x20.0_40.0,H_y-3.0_x20.0_40.0,left,forward,forward_left,1
4593,30.000,-1.500,0.500,0.000,H_y-3.0_x20.0_40.0_forward_left,H_y-3.0_x20.0_40.0,H_y-3.0_x20.0_40.0,left,forward,forward_left,1
4594,30.500,-1.500,0.500,0.000,H_y-3.0_x20.0_40.0_forward_left,H_y-3.0_x20.0_40.0,H_y-3.0_x20.0_40.0,left,forward,forward_left,1
4595,31.000,-1.500,0.500,0.000,H_y-3.0_x20.0_40.0_forward_left,H_y-3.0_x20.0_40.0,H_y-3.0_x20.0_40.0,left,forward,forward_left,1
4596,31.500,-1.500,0.500,0.000,H_y-3.0_x20.0_40.0_forward_left,H_y-3.0_x20.0_40.0,H_y-3.0_x20.0_40.0,left,forward,forward_left,1
4597,32.000,-1.500,0.500,0.000,H_y-3.0_x20.0_40.0_forward_left,H_y-3.0_x20.0_40.0,H_y-3.0_x20.0_40.0,left,forward,forward_left,1
4598,32.500,-1.500,0.500,0.000,H_y-3.0_x20.0_40.0_forward_left,H_y-3.0_x20.0_40.0,H_y-3.0_x20.0_40.0,left,forward,forward_left,1
4599,33.000,-1.500,0.500,0.000,H_y-3.0_x20.0_40.0_forward_left,H_y-3.0_x20.0_40.0,H_y-3.0_x20.0_40.0,left,forward,forward_left,1
4600,33.500,-1.500,0.500,0.000,H_y-3.0_x20.0_40.0_forward_left,H_y-3.0_x20.0_40.0,H_y-3.0_x20.0_40.0,left,forward,forward_left,1
4601,34.000,-1.500,0.500,0.000,H_y-3.0_x20.0_40.0_forward_left,H_y-3.0_x20.0_40.0,H_y-3.0_x20.0_40.0,left,forward,forward_left,1
4602,34.500,-1.500,0.500,0.000,H_y-3.0_x20.0_40.0_forward_left,H_y-3.0_x20.0_40.0,H_y-3.0_x20.0_40.0,left,forward,forward_left,1
4603,35.000,-1.500,0.500,0.000,H_y-3.0_x20.0_40.0_forward_left,H_y-3.0_x20.0_40.0,H_y-3.0_x20.0_40.0,left,forward,forward_left,1
4604,35.500,-1.500,0.500,0.000,H_y-3.0_x20.0_40.0_forward_left,H_y-3.0_x20.0_40.0,H_y-3.0_x20.0_40.0,left,forward,forward_left,1
4605,36.000,-1.500,0.500,0.000,H_y-3.0_x20.0_40.0_forward_left,H_y-3.0_x20.0_40.0,H_y-3.0_x20.0_40.0,left,forward,forward_left,1
4606,36.500,-1.500,0.500,0.000,H_y-3.0_x20.0_40.0_forward_left,H_y-3.0_x20.0_40.0,H_y-3.0_x20.0_40.0,left,forward,forward_left,1
4607,37.000,-1.500,0.500,0.000,H_y-3.0_x20.0_40.0_forward_left,H_y-3.0_x20.0_40.0,H_y-3.0_x20.0_40.0,left,forward,forward_left,1
4608,37.500,-1.500,0.500,0.000,H_y-3.0_x20.0_40.0_forward_left,H_y-3.0_x20.0_40.0,H_y-3.0_x20.0_40.0,left,forward,forward_left,1
4609,38.000,-1.500,0.500,0.000,H_y-3.0_x20.0_40.0_forward_left,H_y-3.0_x20.0_40.0,H_y-3.0_x20.0_40.0,left,forward,forward_left,1
4610,38.500,-1.500,0.500,0.000,H_y-3.0_x20.0_40.0_forward_left,H_y-3.0_x20.0_40.0,H_y-3.0_x20.0_40.0,left,forward,forward_left,1
4611,39.000,-1.500,0.500,0.000,H_y-3.0_x20.0_40.0_forward_left,H_y-3.0_x20.0_40.0,H_y-3.0_x20.0_40.0,left,forward,forward_left,1
4612,39.500,-1.500,0.500,0.000,H_y-3.0_x20.0_40.0_forward_left,H_y-3.0_x20.0_40.0,H_y-3.0_x20.0_40.0,left,forward,forward_left,1
4613,40.000,-1.500,0.500,0.000,H_y-3.0_x20.0_40.0_forward_left,H_y-3.0_x20.0_40.0,H_y-3.0_x20.0_40.0,left,forward,forward_left,0
4614,20.000,-4.500,0.500,0.000,H_y-3.0_x20.0_40.0_forward_right,H_y-3.0_x20.0_40.0,H_y-3.0_x20.0_40.0,right,forward,forward_right,1
4615,20.500,-4.500,0.500,0.000,H_y-3.0_x20.0_40.0_forward_right,H_y-3.0_x20.0_40.0,H_y-3.0_x20.0_40.0,right,forward,forward_right,1
4616,21.000,-4.500,0.500,0.000,H_y-3.0_x20.0_40.0_forward_right,H_y-3.0_x20.0_40.0,H_y-3.0_x20.0_40.0,right,forward,forward_right,1
4617,21.500,-4.500,0.500,0.000,H_y-3.0_x20.0_40.0_forward_right,H_y-3.0_x20.0_40.0,H_y-3.0_x20.0_40.0,right,forward,forward_right,1
4618,22.000,-4.500,0.500,0.000,H_y-3.0_x20.0_40.0_forward_right,H_y-3.0_x20.0_40.0,H_y-3.0_x20.0_40.0,right,forward,forward_right,1
4619,22.500,-4.500,0.500,0.000,H_y-3.0_x20.0_40.0_forward_right,H_y-3.0_x20.0_40.0,H_y-3.0_x20.0_40.0,right,forward,forward_right,1
4620,23.000,-4.500,0.500,0.000,H_y-3.0_x20.0_40.0_forward_right,H_y-3.0_x20.0_40.0,H_y-3.0_x20.0_40.0,right,forward,forward_right,1
4621,23.500,-4.500,0.500,0.000,H_y-3.0_x20.0_40.0_forward_right,H_y-3.0_x20.0_40.0,H_y-3.0_x20.0_40.0,right,forward,forward_right,1
4622,24.000,-4.500,0.500,0.000,H_y-3.0_x20.0_40.0_forward_right,H_y-3.0_x20.0_40.0,H_y-3.0_x20.0_40.0,right,forward,forward_right,1
4623,24.500,-4.500,0.500,0.000,H_y-3.0_x20.0_40.0_forward_right,H_y-3.0_x20.0_40.0,H_y-3.0_x20.0_40.0,right,forward,forward_right,1
4624,25.000,-4.500,0.500,0.000,H_y-3.0_x20.0_40.0_forward_right,H_y-3.0_x20.0_40.0,H_y-3.0_x20.0_40.0,right,forward,forward_right,1
4625,25.500,-4.500,0.500,0.000,H_y-3.0_x20.0_40.0_forward_right,H_y-3.0_x20.0_40.0,H_y-3.0_x20.0_40.0,right,forward,forward_right,1
4626,26.000,-4.500,0.500,0.000,H_y-3.0_x20.0_40.0_forward_right,H_y-3.0_x20.0_40.0,H_y-3.0_x20.0_40.0,right,forward,forward_right,1
4627,26.500,-4.500,0.500,0.000,H_y-3.0_x20.0_40.0_forward_right,H_y-3.0_x20.0_40.0,H_y-3.0_x20.0_40.0,right,forward,forward_right,1
4628,27.000,-4.500,0.500,0.000,H_y-3.0_x20.0_40.0_forward_right,H_y-3.0_x20.0_40.0,H_y-3.0_x20.0_40.0,right,forward,forward_right,1
4629,27.500,-4.500,0.500,0.000,H_y-3.0_x20.0_40.0_forward_right,H_y-3.0_x20.0_40.0,H_y-3.0_x20.0_40.0,right,forward,forward_right,1
4630,28.000,-4.500,0.500,0.000,H_y-3.0_x20.0_40.0_forward_right,H_y-3.0_x20.0_40.0,H_y-3.0_x20.0_40.0,right,forward,forward_right,1
4631,28.500,-4.500,0.500,0.000,H_y-3.0_x20.0_40.0_forward_right,H_y-3.0_x20.0_40.0,H_y-3.0_x20.0_40.0,right,forward,forward_right,1
4632,29.000,-4.500,0.500,0.000,H_y-3.0_x20.0_40.0_forward_right,H_y-3.0_x20.0_40.0,H_y-3.0_x20.0_40.0,right,forward,forward_right,1
4633,29.500,-4.500,0.500,0.000,H_y-3.0_x20.0_40.0_forward_right,H_y-3.0_x20.0_40.0,H_y-3.0_x20.0_40.0,right,forward,forward_right,1
4634,30.000,-4.500,0.500,0.000,H_y-3.0_x20.0_40.0_forward_right,H_y-3.0_x20.0_40.0,H_y-3.0_x20.0_40.0,right,forward,forward_right,1
4635,30.500,-4.500,0.500,0.000,H_y-3.0_x20.0_40.0_forward_right,H_y-3.0_x20.0_40.0,H_y-3.0_x20.0_40.0,right,forward,forward_right,1
4636,31.000,-4.500,0.500,0.000,H_y-3.0_x20.0_40.0_forward_right,H_y-3.0_x20.0_40.0,H_y-3.0_x20.0_40.0,right,forward,forward_right,1
4637,31.500,-4.500,0.500,0.000,H_y-3.0_x20.0_40.0_forward_right,H_y-3.0_x20.0_40.0,H_y-3.0_x20.0_40.0,right,forward,forward_right,1
4638,32.000,-4.500,0.500,0.000,H_y-3.0_x20.0_40.0_forward_right,H_y-3.0_x20.0_40.0,H_y-3.0_x20.0_40.0,right,forward,forward_right,1
4639,32.500,-4.500,0.500,0.000,H_y-3.0_x20.0_40.0_forward_right,H_y-3.0_x20.0_40.0,H_y-3.0_x20.0_40.0,right,forward,forward_right,1
4640,33.000,-4.500,0.500,0.000,H_y-3.0_x20.0_40.0_forward_right,H_y-3.0_x20.0_40.0,H_y-3.0_x20.0_40.0,right,forward,forward_right,1
4641,33.500,-4.500,0.500,0.000,H_y-3.0_x20.0_40.0_forward_right,H_y-3.0_x20.0_40.0,H_y-3.0_x20.0_40.0,right,forward,forward_right,1
4642,34.000,-4.500,0.500,0.000,H_y-3.0_x20.0_40.0_forward_right,H_y-3.0_x20.0_40.0,H_y-3.0_x20.0_40.0,right,forward,forward_right,1
4643,34.500,-4.500,0.500,0.000,H_y-3.0_x20.0_40.0_forward_right,H_y-3.0_x20.0_40.0,H_y-3.0_x20.0_40.0,right,forward,forward_right,1
4644,35.000,-4.500,0.500,0.000,H_y-3.0_x20.0_40.0_forward_right,H_y-3.0_x20.0_40.0,H_y-3.0_x20.0_40.0,right,forward,forward_right,1
4645,35.500,-4.500,0.500,0.000,H_y-3.0_x20.0_40.0_forward_right,H_y-3.0_x20.0_40.0,H_y-3.0_x20.0_40.0,right,forward,forward_right,1
4646,36.000,-4.500,0.500,0.000,H_y-3.0_x20.0_40.0_forward_right,H_y-3.0_x20.0_40.0,H_y-3.0_x20.0_40.0,right,forward,forward_right,1
4647,36.500,-4.500,0.500,0.000,H_y-3.0_x20.0_40.0_forward_right,H_y-3.0_x20.0_40.0,H_y-3.0_x20.0_40.0,right,forward,forward_right,1
4648,37.000,-4.500,0.500,0.000,H_y-3.0_x20.0_40.0_forward_right,H_y-3.0_x20.0_40.0,H_y-3.0_x20.0_40.0,right,forward,forward_right,1
4649,37.500,-4.500,0.500,0.000,H_y-3.0_x20.0_40.0_forward_right,H_y-3.0_x20.0_40.0,H_y-3.0_x20.0_40.0,right,forward,forward_right,1
4650,38.000,-4.500,0.500,0.000,H_y-3.0_x20.0_40.0_forward_right,H_y-3.0_x20.0_40.0,H_y-3.0_x20.0_40.0,right,forward,forward_right,1
4651,38.500,-4.500,0.500,0.000,H_y-3.0_x20.0_40.0_forward_right,H_y-3.0_x20.0_40.0,H_y-3.0_x20.0_40.0,right,forward,forward_right,1
4652,39.000,-4.500,0.500,0.000,H_y-3.0_x20.0_40.0_forward_right,H_y-3.0_x20.0_40.0,H_y-3.0_x20.0_40.0,right,forward,forward_right,1
4653,39.500,-4.500,0.500,0.000,H_y-3.0_x20.0_40.0_forward_right,H_y-3.0_x20.0_40.0,H_y-3.0_x20.0_40.0,right,forward,forward_right,1
4654,40.000,-4.500,0.500,0.000,H_y-3.0_x20.0_40.0_forward_right,H_y-3.0_x20.0_40.0,H_y-3.0_x20.0_40.0,right,forward,forward_right,0
4655,40.000,-4.500,0.500,180.000,H_y-3.0_x20.0_40.0_reverse_left,H_y-3.0_x20.0_40.0,H_y-3.0_x20.0_40.0,left,reverse,reverse_left,1
4656,39.500,-4.500,0.500,180.000,H_y-3.0_x20.0_40.0_reverse_left,H_y-3.0_x20.0_40.0,H_y-3.0_x20.0_40.0,left,reverse,reverse_left,1
4657,39.000,-4.500,0.500,180.000,H_y-3.0_x20.0_40.0_reverse_left,H_y-3.0_x20.0_40.0,H_y-3.0_x20.0_40.0,left,reverse,reverse_left,1
4658,38.500,-4.500,0.500,180.000,H_y-3.0_x20.0_40.0_reverse_left,H_y-3.0_x20.0_40.0,H_y-3.0_x20.0_40.0,left,reverse,reverse_left,1
4659,38.000,-4.500,0.500,180.000,H_y-3.0_x20.0_40.0_reverse_left,H_y-3.0_x20.0_40.0,H_y-3.0_x20.0_40.0,left,reverse,reverse_left,1
4660,37.500,-4.500,0.500,180.000,H_y-3.0_x20.0_40.0_reverse_left,H_y-3.0_x20.0_40.0,H_y-3.0_x20.0_40.0,left,reverse,reverse_left,1
4661,37.000,-4.500,0.500,180.000,H_y-3.0_x20.0_40.0_reverse_left,H_y-3.0_x20.0_40.0,H_y-3.0_x20.0_40.0,left,reverse,reverse_left,1
4662,36.500,-4.500,0.500,180.000,H_y-3.0_x20.0_40.0_reverse_left,H_y-3.0_x20.0_40.0,H_y-3.0_x20.0_40.0,left,reverse,reverse_left,1
4663,36.000,-4.500,0.500,180.000,H_y-3.0_x20.0_40.0_reverse_left,H_y-3.0_x20.0_40.0,H_y-3.0_x20.0_40.0,left,reverse,reverse_left,1
4664,35.500,-4.500,0.500,180.000,H_y-3.0_x20.0_40.0_reverse_left,H_y-3.0_x20.0_40.0,H_y-3.0_x20.0_40.0,left,reverse,reverse_left,1
4665,35.000,-4.500,0.500,180.000,H_y-3.0_x20.0_40.0_reverse_left,H_y-3.0_x20.0_40.0,H_y-3.0_x20.0_40.0,left,reverse,reverse_left,1
4666,34.500,-4.500,0.500,180.000,H_y-3.0_x20.0_40.0_reverse_left,H_y-3.0_x20.0_40.0,H_y-3.0_x20.0_40.0,left,reverse,reverse_left,1
4667,34.000,-4.500,0.500,180.000,H_y-3.0_x20.0_40.0_reverse_left,H_y-3.0_x20.0_40.0,H_y-3.0_x20.0_40.0,left,reverse,reverse_left,1
4668,33.500,-4.500,0.500,180.000,H_y-3.0_x20.0_40.0_reverse_left,H_y-3.0_x20.0_40.0,H_y-3.0_x20.0_40.0,left,reverse,reverse_left,1
4669,33.000,-4.500,0.500,180.000,H_y-3.0_x20.0_40.0_reverse_left,H_y-3.0_x20.0_40.0,H_y-3.0_x20.0_40.0,left,reverse,reverse_left,1
4670,32.500,-4.500,0.500,180.000,H_y-3.0_x20.0_40.0_reverse_left,H_y-3.0_x20.0_40.0,H_y-3.0_x20.0_40.0,left,reverse,reverse_left,1
4671,32.000,-4.500,0.500,180.000,H_y-3.0_x20.0_40.0_reverse_left,H_y-3.0_x20.0_40.0,H_y-3.0_x20.0_40.0,left,reverse,reverse_left,1
4672,31.500,-4.500,0.500,180.000,H_y-3.0_x20.0_40.0_reverse_left,H_y-3.0_x20.0_40.0,H_y-3.0_x20.0_40.0,left,reverse,reverse_left,1
4673,31.000,-4.500,0.500,180.000,H_y-3.0_x20.0_40.0_reverse_left,H_y-3.0_x20.0_40.0,H_y-3.0_x20.0_40.0,left,reverse,reverse_left,1
4674,30.500,-4.500,0.500,180.000,H_y-3.0_x20.0_40.0_reverse_left,H_y-3.0_x20.0_40.0,H_y-3.0_x20.0_40.0,left,reverse,reverse_left,1
4675,30.000,-4.500,0.500,180.000,H_y-3.0_x20.0_40.0_reverse_left,H_y-3.0_x20.0_40.0,H_y-3.0_x20.0_40.0,left,reverse,reverse_left,1
4676,29.500,-4.500,0.500,180.000,H_y-3.0_x20.0_40.0_reverse_left,H_y-3.0_x20.0_40.0,H_y-3.0_x20.0_40.0,left,reverse,reverse_left,1
4677,29.000,-4.500,0.500,180.000,H_y-3.0_x20.0_40.0_reverse_left,H_y-3.0_x20.0_40.0,H_y-3.0_x20.0_40.0,left,reverse,reverse_left,1
4678,28.500,-4.500,0.500,180.000,H_y-3.0_x20.0_40.0_reverse_left,H_y-3.0_x20.0_40.0,H_y-3.0_x20.0_40.0,left,reverse,reverse_left,1
4679,28.000,-4.500,0.500,180.000,H_y-3.0_x20.0_40.0_reverse_left,H_y-3.0_x20.0_40.0,H_y-3.0_x20.0_40.0,left,reverse,reverse_left,1
4680,27.500,-4.500,0.500,180.000,H_y-3.0_x20.0_40.0_reverse_left,H_y-3.0_x20.0_40.0,H_y-3.0_x20.0_40.0,left,reverse,reverse_left,1
4681,27.000,-4.500,0.500,180.000,H_y-3.0_x20.0_40.0_reverse_left,H_y-3.0_x20.0_40.0,H_y-3.0_x20.0_40.0,left,reverse,reverse_left,1
4682,26.500,-4.500,0.500,180.000,H_y-3.0_x20.0_40.0_reverse_left,H_y-3.0_x20.0_40.0,H_y-3.0_x20.0_40.0,left,reverse,reverse_left,1
4683,26.000,-4.500,0.500,180.000,H_y-3.0_x20.0_40.0_reverse_left,H_y-3.0_x20.0_40.0,H_y-3.0_x20.0_40.0,left,reverse,reverse_left,1
4684,25.500,-4.500,0.500,180.000,H_y-3.0_x20.0_40.0_reverse_left,H_y-3.0_x20.0_40.0,H_y-3.0_x20.0_40.0,left,reverse,reverse_left,1
4685,25.000,-4.500,0.500,180.000,H_y-3.0_x20.0_40.0_reverse_left,H_y-3.0_x20.0_40.0,H_y-3.0_x20.0_40.0,left,reverse,reverse_left,1
4686,24.500,-4.500,0.500,180.000,H_y-3.0_x20.0_40.0_reverse_left,H_y-3.0_x20.0_40.0,H_y-3.0_x20.0_40.0,left,reverse,reverse_left,1
4687,24.000,-4.500,0.500,180.000,H_y-3.0_x20.0_40.0_reverse_left,H_y-3.0_x20.0_40.0,H_y-3.0_x20.0_40.0,left,reverse,reverse_left,1
4688,23.500,-4.500,0.500,180.000,H_y-3.0_x20.0_40.0_reverse_left,H_y-3.0_x20.0_40.0,H_y-3.0_x20.0_40.0,left,reverse,reverse_left,1
4689,23.000,-4.500,0.500,180.000,H_y-3.0_x20.0_40.0_reverse_left,H_y-3.0_x20.0_40.0,H_y-3.0_x20.0_40.0,left,reverse,reverse_left,1
4690,22.500,-4.500,0.500,180.000,H_y-3.0_x20.0_40.0_reverse_left,H_y-3.0_x20.0_40.0,H_y-3.0_x20.0_40.0,left,reverse,reverse_left,1
4691,22.000,-4.500,0.500,180.000,H_y-3.0_x20.0_40.0_reverse_left,H_y-3.0_x20.0_40.0,H_y-3.0_x20.0_40.0,left,reverse,reverse_left,1
4692,21.500,-4.500,0.500,180.000,H_y-3.0_x20.0_40.0_reverse_left,H_y-3.0_x20.0_40.0,H_y-3.0_x20.0_40.0,left,reverse,reverse_left,1
4693,21.000,-4.500,0.500,180.000,H_y-3.0_x20.0_40.0_reverse_left,H_y-3.0_x20.0_40.0,H_y-3.0_x20.0_40.0,left,reverse,reverse_left,1
4694,20.500,-4.500,0.500,180.000,H_y-3.0_x20.0_40.0_reverse_left,H_y-3.0_x20.0_40.0,H_y-3.0_x20.0_40.0,left,reverse,reverse_left,1
4695,20.000,-4.500,0.500,180.000,H_y-3.0_x20.0_40.0_reverse_left,H_y-3.0_x20.0_40.0,H_y-3.0_x20.0_40.0,left,reverse,reverse_left,0
4696,40.000,-1.500,0.500,180.000,H_y-3.0_x20.0_40.0_reverse_right,H_y-3.0_x20.0_40.0,H_y-3.0_x20.0_40.0,right,reverse,reverse_right,1
4697,39.500,-1.500,0.500,180.000,H_y-3.0_x20.0_40.0_reverse_right,H_y-3.0_x20.0_40.0,H_y-3.0_x20.0_40.0,right,reverse,reverse_right,1
4698,39.000,-1.500,0.500,180.000,H_y-3.0_x20.0_40.0_reverse_right,H_y-3.0_x20.0_40.0,H_y-3.0_x20.0_40.0,right,reverse,reverse_right,1
4699,38.500,-1.500,0.500,180.000,H_y-3.0_x20.0_40.0_reverse_right,H_y-3.0_x20.0_40.0,H_y-3.0_x20.0_40.0,right,reverse,reverse_right,1
4700,38.000,-1.500,0.500,180.000,H_y-3.0_x20.0_40.0_reverse_right,H_y-3.0_x20.0_40.0,H_y-3.0_x20.0_40.0,right,reverse,reverse_right,1
4701,37.500,-1.500,0.500,180.000,H_y-3.0_x20.0_40.0_reverse_right,H_y-3.0_x20.0_40.0,H_y-3.0_x20.0_40.0,right,reverse,reverse_right,1
4702,37.000,-1.500,0.500,180.000,H_y-3.0_x20.0_40.0_reverse_right,H_y-3.0_x20.0_40.0,H_y-3.0_x20.0_40.0,right,reverse,reverse_right,1
4703,36.500,-1.500,0.500,180.000,H_y-3.0_x20.0_40.0_reverse_right,H_y-3.0_x20.0_40.0,H_y-3.0_x20.0_40.0,right,reverse,reverse_right,1
4704,36.000,-1.500,0.500,180.000,H_y-3.0_x20.0_40.0_reverse_right,H_y-3.0_x20.0_40.0,H_y-3.0_x20.0_40.0,right,reverse,reverse_right,1
4705,35.500,-1.500,0.500,180.000,H_y-3.0_x20.0_40.0_reverse_right,H_y-3.0_x20.0_40.0,H_y-3.0_x20.0_40.0,right,reverse,reverse_right,1
4706,35.000,-1.500,0.500,180.000,H_y-3.0_x20.0_40.0_reverse_right,H_y-3.0_x20.0_40.0,H_y-3.0_x20.0_40.0,right,reverse,reverse_right,1
4707,34.500,-1.500,0.500,180.000,H_y-3.0_x20.0_40.0_reverse_right,H_y-3.0_x20.0_40.0,H_y-3.0_x20.0_40.0,right,reverse,reverse_right,1
4708,34.000,-1.500,0.500,180.000,H_y-3.0_x20.0_40.0_reverse_right,H_y-3.0_x20.0_40.0,H_y-3.0_x20.0_40.0,right,reverse,reverse_right,1
4709,33.500,-1.500,0.500,180.000,H_y-3.0_x20.0_40.0_reverse_right,H_y-3.0_x20.0_40.0,H_y-3.0_x20.0_40.0,right,reverse,reverse_right,1
4710,33.000,-1.500,0.500,180.000,H_y-3.0_x20.0_40.0_reverse_right,H_y-3.0_x20.0_40.0,H_y-3.0_x20.0_40.0,right,reverse,reverse_right,1
4711,32.500,-1.500,0.500,180.000,H_y-3.0_x20.0_40.0_reverse_right,H_y-3.0_x20.0_40.0,H_y-3.0_x20.0_40.0,right,reverse,reverse_right,1
4712,32.000,-1.500,0.500,180.000,H_y-3.0_x20.0_40.0_reverse_right,H_y-3.0_x20.0_40.0,H_y-3.0_x20.0_40.0,right,reverse,reverse_right,1
4713,31.500,-1.500,0.500,180.000,H_y-3.0_x20.0_40.0_reverse_right,H_y-3.0_x20.0_40.0,H_y-3.0_x20.0_40.0,right,reverse,reverse_right,1
4714,31.000,-1.500,0.500,180.000,H_y-3.0_x20.0_40.0_reverse_right,H_y-3.0_x20.0_40.0,H_y-3.0_x20.0_40.0,right,reverse,reverse_right,1
4715,30.500,-1.500,0.500,180.000,H_y-3.0_x20.0_40.0_reverse_right,H_y-3.0_x20.0_40.0,H_y-3.0_x20.0_40.0,right,reverse,reverse_right,1
4716,30.000,-1.500,0.500,180.000,H_y-3.0_x20.0_40.0_reverse_right,H_y-3.0_x20.0_40.0,H_y-3.0_x20.0_40.0,right,reverse,reverse_right,1
4717,29.500,-1.500,0.500,180.000,H_y-3.0_x20.0_40.0_reverse_right,H_y-3.0_x20.0_40.0,H_y-3.0_x20.0_40.0,right,reverse,reverse_right,1
4718,29.000,-1.500,0.500,180.000,H_y-3.0_x20.0_40.0_reverse_right,H_y-3.0_x20.0_40.0,H_y-3.0_x20.0_40.0,right,reverse,reverse_right,1
4719,28.500,-1.500,0.500,180.000,H_y-3.0_x20.0_40.0_reverse_right,H_y-3.0_x20.0_40.0,H_y-3.0_x20.0_40.0,right,reverse,reverse_right,1
4720,28.000,-1.500,0.500,180.000,H_y-3.0_x20.0_40.0_reverse_right,H_y-3.0_x20.0_40.0,H_y-3.0_x20.0_40.0,right,reverse,reverse_right,1
4721,27.500,-1.500,0.500,180.000,H_y-3.0_x20.0_40.0_reverse_right,H_y-3.0_x20.0_40.0,H_y-3.0_x20.0_40.0,right,reverse,reverse_right,1
4722,27.000,-1.500,0.500,180.000,H_y-3.0_x20.0_40.0_reverse_right,H_y-3.0_x20.0_40.0,H_y-3.0_x20.0_40.0,right,reverse,reverse_right,1
4723,26.500,-1.500,0.500,180.000,H_y-3.0_x20.0_40.0_reverse_right,H_y-3.0_x20.0_40.0,H_y-3.0_x20.0_40.0,right,reverse,reverse_right,1
4724,26.000,-1.500,0.500,180.000,H_y-3.0_x20.0_40.0_reverse_right,H_y-3.0_x20.0_40.0,H_y-3.0_x20.0_40.0,right,reverse,reverse_right,1
4725,25.500,-1.500,0.500,180.000,H_y-3.0_x20.0_40.0_reverse_right,H_y-3.0_x20.0_40.0,H_y-3.0_x20.0_40.0,right,reverse,reverse_right,1
4726,25.000,-1.500,0.500,180.000,H_y-3.0_x20.0_40.0_reverse_right,H_y-3.0_x20.0_40.0,H_y-3.0_x20.0_40.0,right,reverse,reverse_right,1
4727,24.500,-1.500,0.500,180.000,H_y-3.0_x20.0_40.0_reverse_right,H_y-3.0_x20.0_40.0,H_y-3.0_x20.0_40.0,right,reverse,reverse_right,1
4728,24.000,-1.500,0.500,180.000,H_y-3.0_x20.0_40.0_reverse_right,H_y-3.0_x20.0_40.0,H_y-3.0_x20.0_40.0,right,reverse,reverse_right,1
4729,23.500,-1.500,0.500,180.000,H_y-3.0_x20.0_40.0_reverse_right,H_y-3.0_x20.0_40.0,H_y-3.0_x20.0_40.0,right,reverse,reverse_right,1
4730,23.000,-1.500,0.500,180.000,H_y-3.0_x20.0_40.0_reverse_right,H_y-3.0_x20.0_40.0,H_y-3.0_x20.0_40.0,right,reverse,reverse_right,1
4731,22.500,-1.500,0.500,180.000,H_y-3.0_x20.0_40.0_reverse_right,H_y-3.0_x20.0_40.0,H_y-3.0_x20.0_40.0,right,reverse,reverse_right,1
4732,22.000,-1.500,0.500,180.000,H_y-3.0_x20.0_40.0_reverse_right,H_y-3.0_x20.0_40.0,H_y-3.0_x20.0_40.0,right,reverse,reverse_right,1
4733,21.500,-1.500,0.500,180.000,H_y-3.0_x20.0_40.0_reverse_right,H_y-3.0_x20.0_40.0,H_y-3.0_x20.0_40.0,right,reverse,reverse_right,1
4734,21.000,-1.500,0.500,180.000,H_y-3.0_x20.0_40.0_reverse_right,H_y-3.0_x20.0_40.0,H_y-3.0_x20.0_40.0,right,reverse,reverse_right,1
4735,20.500,-1.500,0.500,180.000,H_y-3.0_x20.0_40.0_reverse_right,H_y-3.0_x20.0_40.0,H_y-3.0_x20.0_40.0,right,reverse,reverse_right,1
4736,20.000,-1.500,0.500,180.000,H_y-3.0_x20.0_40.0_reverse_right,H_y-3.0_x20.0_40.0,H_y-3.0_x20.0_40.0,right,reverse,reverse_right,0
4737,18.500,-34.000,0.500,90.000,V_x20.0_y-34.0_-3.0_forward_left,V_x20.0_y-34.0_-3.0,V_x20.0_y-34.0_-3.0,left,forward,forward_left,1
4738,18.500,-33.500,0.500,90.000,V_x20.0_y-34.0_-3.0_forward_left,V_x20.0_y-34.0_-3.0,V_x20.0_y-34.0_-3.0,left,forward,forward_left,1
4739,18.500,-33.000,0.500,90.000,V_x20.0_y-34.0_-3.0_forward_left,V_x20.0_y-34.0_-3.0,V_x20.0_y-34.0_-3.0,left,forward,forward_left,1
4740,18.500,-32.500,0.500,90.000,V_x20.0_y-34.0_-3.0_forward_left,V_x20.0_y-34.0_-3.0,V_x20.0_y-34.0_-3.0,left,forward,forward_left,1
4741,18.500,-32.000,0.500,90.000,V_x20.0_y-34.0_-3.0_forward_left,V_x20.0_y-34.0_-3.0,V_x20.0_y-34.0_-3.0,left,forward,forward_left,1
4742,18.500,-31.500,0.500,90.000,V_x20.0_y-34.0_-3.0_forward_left,V_x20.0_y-34.0_-3.0,V_x20.0_y-34.0_-3.0,left,forward,forward_left,1
4743,18.500,-31.000,0.500,90.000,V_x20.0_y-34.0_-3.0_forward_left,V_x20.0_y-34.0_-3.0,V_x20.0_y-34.0_-3.0,left,forward,forward_left,1
4744,18.500,-30.500,0.500,90.000,V_x20.0_y-34.0_-3.0_forward_left,V_x20.0_y-34.0_-3.0,V_x20.0_y-34.0_-3.0,left,forward,forward_left,1
4745,18.500,-30.000,0.500,90.000,V_x20.0_y-34.0_-3.0_forward_left,V_x20.0_y-34.0_-3.0,V_x20.0_y-34.0_-3.0,left,forward,forward_left,1
4746,18.500,-29.500,0.500,90.000,V_x20.0_y-34.0_-3.0_forward_left,V_x20.0_y-34.0_-3.0,V_x20.0_y-34.0_-3.0,left,forward,forward_left,1
4747,18.500,-29.000,0.500,90.000,V_x20.0_y-34.0_-3.0_forward_left,V_x20.0_y-34.0_-3.0,V_x20.0_y-34.0_-3.0,left,forward,forward_left,1
4748,18.500,-28.500,0.500,90.000,V_x20.0_y-34.0_-3.0_forward_left,V_x20.0_y-34.0_-3.0,V_x20.0_y-34.0_-3.0,left,forward,forward_left,1
4749,18.500,-28.000,0.500,90.000,V_x20.0_y-34.0_-3.0_forward_left,V_x20.0_y-34.0_-3.0,V_x20.0_y-34.0_-3.0,left,forward,forward_left,1
4750,18.500,-27.500,0.500,90.000,V_x20.0_y-34.0_-3.0_forward_left,V_x20.0_y-34.0_-3.0,V_x20.0_y-34.0_-3.0,left,forward,forward_left,1
4751,18.500,-27.000,0.500,90.000,V_x20.0_y-34.0_-3.0_forward_left,V_x20.0_y-34.0_-3.0,V_x20.0_y-34.0_-3.0,left,forward,forward_left,1
4752,18.500,-26.500,0.500,90.000,V_x20.0_y-34.0_-3.0_forward_left,V_x20.0_y-34.0_-3.0,V_x20.0_y-34.0_-3.0,left,forward,forward_left,1
4753,18.500,-26.000,0.500,90.000,V_x20.0_y-34.0_-3.0_forward_left,V_x20.0_y-34.0_-3.0,V_x20.0_y-34.0_-3.0,left,forward,forward_left,1
4754,18.500,-25.500,0.500,90.000,V_x20.0_y-34.0_-3.0_forward_left,V_x20.0_y-34.0_-3.0,V_x20.0_y-34.0_-3.0,left,forward,forward_left,1
4755,18.500,-25.000,0.500,90.000,V_x20.0_y-34.0_-3.0_forward_left,V_x20.0_y-34.0_-3.0,V_x20.0_y-34.0_-3.0,left,forward,forward_left,1
4756,18.500,-24.500,0.500,90.000,V_x20.0_y-34.0_-3.0_forward_left,V_x20.0_y-34.0_-3.0,V_x20.0_y-34.0_-3.0,left,forward,forward_left,1
4757,18.500,-24.000,0.500,90.000,V_x20.0_y-34.0_-3.0_forward_left,V_x20.0_y-34.0_-3.0,V_x20.0_y-34.0_-3.0,left,forward,forward_left,1
4758,18.500,-23.500,0.500,90.000,V_x20.0_y-34.0_-3.0_forward_left,V_x20.0_y-34.0_-3.0,V_x20.0_y-34.0_-3.0,left,forward,forward_left,1
4759,18.500,-23.000,0.500,90.000,V_x20.0_y-34.0_-3.0_forward_left,V_x20.0_y-34.0_-3.0,V_x20.0_y-34.0_-3.0,left,forward,forward_left,1
4760,18.500,-22.500,0.500,90.000,V_x20.0_y-34.0_-3.0_forward_left,V_x20.0_y-34.0_-3.0,V_x20.0_y-34.0_-3.0,left,forward,forward_left,1
4761,18.500,-22.000,0.500,90.000,V_x20.0_y-34.0_-3.0_forward_left,V_x20.0_y-34.0_-3.0,V_x20.0_y-34.0_-3.0,left,forward,forward_left,1
4762,18.500,-21.500,0.500,90.000,V_x20.0_y-34.0_-3.0_forward_left,V_x20.0_y-34.0_-3.0,V_x20.0_y-34.0_-3.0,left,forward,forward_left,1
4763,18.500,-21.000,0.500,90.000,V_x20.0_y-34.0_-3.0_forward_left,V_x20.0_y-34.0_-3.0,V_x20.0_y-34.0_-3.0,left,forward,forward_left,1
4764,18.500,-20.500,0.500,90.000,V_x20.0_y-34.0_-3.0_forward_left,V_x20.0_y-34.0_-3.0,V_x20.0_y-34.0_-3.0,left,forward,forward_left,1
4765,18.500,-20.000,0.500,90.000,V_x20.0_y-34.0_-3.0_forward_left,V_x20.0_y-34.0_-3.0,V_x20.0_y-34.0_-3.0,left,forward,forward_left,1
4766,18.500,-19.500,0.500,90.000,V_x20.0_y-34.0_-3.0_forward_left,V_x20.0_y-34.0_-3.0,V_x20.0_y-34.0_-3.0,left,forward,forward_left,1
4767,18.500,-19.000,0.500,90.000,V_x20.0_y-34.0_-3.0_forward_left,V_x20.0_y-34.0_-3.0,V_x20.0_y-34.0_-3.0,left,forward,forward_left,1
4768,18.500,-18.500,0.500,90.000,V_x20.0_y-34.0_-3.0_forward_left,V_x20.0_y-34.0_-3.0,V_x20.0_y-34.0_-3.0,left,forward,forward_left,1
4769,18.500,-18.000,0.500,90.000,V_x20.0_y-34.0_-3.0_forward_left,V_x20.0_y-34.0_-3.0,V_x20.0_y-34.0_-3.0,left,forward,forward_left,1
4770,18.500,-17.500,0.500,90.000,V_x20.0_y-34.0_-3.0_forward_left,V_x20.0_y-34.0_-3.0,V_x20.0_y-34.0_-3.0,left,forward,forward_left,1
4771,18.500,-17.000,0.500,90.000,V_x20.0_y-34.0_-3.0_forward_left,V_x20.0_y-34.0_-3.0,V_x20.0_y-34.0_-3.0,left,forward,forward_left,1
4772,18.500,-16.500,0.500,90.000,V_x20.0_y-34.0_-3.0_forward_left,V_x20.0_y-34.0_-3.0,V_x20.0_y-34.0_-3.0,left,forward,forward_left,1
4773,18.500,-16.000,0.500,90.000,V_x20.0_y-34.0_-3.0_forward_left,V_x20.0_y-34.0_-3.0,V_x20.0_y-34.0_-3.0,left,forward,forward_left,1
4774,18.500,-15.500,0.500,90.000,V_x20.0_y-34.0_-3.0_forward_left,V_x20.0_y-34.0_-3.0,V_x20.0_y-34.0_-3.0,left,forward,forward_left,1
4775,18.500,-15.000,0.500,90.000,V_x20.0_y-34.0_-3.0_forward_left,V_x20.0_y-34.0_-3.0,V_x20.0_y-34.0_-3.0,left,forward,forward_left,1
4776,18.500,-14.500,0.500,90.000,V_x20.0_y-34.0_-3.0_forward_left,V_x20.0_y-34.0_-3.0,V_x20.0_y-34.0_-3.0,left,forward,forward_left,1
4777,18.500,-14.000,0.500,90.000,V_x20.0_y-34.0_-3.0_forward_left,V_x20.0_y-34.0_-3.0,V_x20.0_y-34.0_-3.0,left,forward,forward_left,1
4778,18.500,-13.500,0.500,90.000,V_x20.0_y-34.0_-3.0_forward_left,V_x20.0_y-34.0_-3.0,V_x20.0_y-34.0_-3.0,left,forward,forward_left,1
4779,18.500,-13.000,0.500,90.000,V_x20.0_y-34.0_-3.0_forward_left,V_x20.0_y-34.0_-3.0,V_x20.0_y-34.0_-3.0,left,forward,forward_left,1
4780,18.500,-12.500,0.500,90.000,V_x20.0_y-34.0_-3.0_forward_left,V_x20.0_y-34.0_-3.0,V_x20.0_y-34.0_-3.0,left,forward,forward_left,1
4781,18.500,-12.000,0.500,90.000,V_x20.0_y-34.0_-3.0_forward_left,V_x20.0_y-34.0_-3.0,V_x20.0_y-34.0_-3.0,left,forward,forward_left,1
4782,18.500,-11.500,0.500,90.000,V_x20.0_y-34.0_-3.0_forward_left,V_x20.0_y-34.0_-3.0,V_x20.0_y-34.0_-3.0,left,forward,forward_left,1
4783,18.500,-11.000,0.500,90.000,V_x20.0_y-34.0_-3.0_forward_left,V_x20.0_y-34.0_-3.0,V_x20.0_y-34.0_-3.0,left,forward,forward_left,1
4784,18.500,-10.500,0.500,90.000,V_x20.0_y-34.0_-3.0_forward_left,V_x20.0_y-34.0_-3.0,V_x20.0_y-34.0_-3.0,left,forward,forward_left,1
4785,18.500,-10.000,0.500,90.000,V_x20.0_y-34.0_-3.0_forward_left,V_x20.0_y-34.0_-3.0,V_x20.0_y-34.0_-3.0,left,forward,forward_left,1
4786,18.500,-9.500,0.500,90.000,V_x20.0_y-34.0_-3.0_forward_left,V_x20.0_y-34.0_-3.0,V_x20.0_y-34.0_-3.0,left,forward,forward_left,1
4787,18.500,-9.000,0.500,90.000,V_x20.0_y-34.0_-3.0_forward_left,V_x20.0_y-34.0_-3.0,V_x20.0_y-34.0_-3.0,left,forward,forward_left,1
4788,18.500,-8.500,0.500,90.000,V_x20.0_y-34.0_-3.0_forward_left,V_x20.0_y-34.0_-3.0,V_x20.0_y-34.0_-3.0,left,forward,forward_left,1
4789,18.500,-8.000,0.500,90.000,V_x20.0_y-34.0_-3.0_forward_left,V_x20.0_y-34.0_-3.0,V_x20.0_y-34.0_-3.0,left,forward,forward_left,1
4790,18.500,-7.500,0.500,90.000,V_x20.0_y-34.0_-3.0_forward_left,V_x20.0_y-34.0_-3.0,V_x20.0_y-34.0_-3.0,left,forward,forward_left,1
4791,18.500,-7.000,0.500,90.000,V_x20.0_y-34.0_-3.0_forward_left,V_x20.0_y-34.0_-3.0,V_x20.0_y-34.0_-3.0,left,forward,forward_left,1
4792,18.500,-6.500,0.500,90.000,V_x20.0_y-34.0_-3.0_forward_left,V_x20.0_y-34.0_-3.0,V_x20.0_y-34.0_-3.0,left,forward,forward_left,1
4793,18.500,-6.000,0.500,90.000,V_x20.0_y-34.0_-3.0_forward_left,V_x20.0_y-34.0_-3.0,V_x20.0_y-34.0_-3.0,left,forward,forward_left,1
4794,18.500,-5.500,0.500,90.000,V_x20.0_y-34.0_-3.0_forward_left,V_x20.0_y-34.0_-3.0,V_x20.0_y-34.0_-3.0,left,forward,forward_left,1
4795,18.500,-5.000,0.500,90.000,V_x20.0_y-34.0_-3.0_forward_left,V_x20.0_y-34.0_-3.0,V_x20.0_y-34.0_-3.0,left,forward,forward_left,1
4796,18.500,-4.500,0.500,90.000,V_x20.0_y-34.0_-3.0_forward_left,V_x20.0_y-34.0_-3.0,V_x20.0_y-34.0_-3.0,left,forward,forward_left,1
4797,18.500,-4.000,0.500,90.000,V_x20.0_y-34.0_-3.0_forward_left,V_x20.0_y-34.0_-3.0,V_x20.0_y-34.0_-3.0,left,forward,forward_left,1
4798,18.500,-3.500,0.500,90.000,V_x20.0_y-34.0_-3.0_forward_left,V_x20.0_y-34.0_-3.0,V_x20.0_y-34.0_-3.0,left,forward,forward_left,1
4799,18.500,-3.000,0.500,90.000,V_x20.0_y-34.0_-3.0_forward_left,V_x20.0_y-34.0_-3.0,V_x20.0_y-34.0_-3.0,left,forward,forward_left,0
4800,21.500,-34.000,0.500,90.000,V_x20.0_y-34.0_-3.0_forward_right,V_x20.0_y-34.0_-3.0,V_x20.0_y-34.0_-3.0,right,forward,forward_right,1
4801,21.500,-33.500,0.500,90.000,V_x20.0_y-34.0_-3.0_forward_right,V_x20.0_y-34.0_-3.0,V_x20.0_y-34.0_-3.0,right,forward,forward_right,1
4802,21.500,-33.000,0.500,90.000,V_x20.0_y-34.0_-3.0_forward_right,V_x20.0_y-34.0_-3.0,V_x20.0_y-34.0_-3.0,right,forward,forward_right,1
4803,21.500,-32.500,0.500,90.000,V_x20.0_y-34.0_-3.0_forward_right,V_x20.0_y-34.0_-3.0,V_x20.0_y-34.0_-3.0,right,forward,forward_right,1
4804,21.500,-32.000,0.500,90.000,V_x20.0_y-34.0_-3.0_forward_right,V_x20.0_y-34.0_-3.0,V_x20.0_y-34.0_-3.0,right,forward,forward_right,1
4805,21.500,-31.500,0.500,90.000,V_x20.0_y-34.0_-3.0_forward_right,V_x20.0_y-34.0_-3.0,V_x20.0_y-34.0_-3.0,right,forward,forward_right,1
4806,21.500,-31.000,0.500,90.000,V_x20.0_y-34.0_-3.0_forward_right,V_x20.0_y-34.0_-3.0,V_x20.0_y-34.0_-3.0,right,forward,forward_right,1
4807,21.500,-30.500,0.500,90.000,V_x20.0_y-34.0_-3.0_forward_right,V_x20.0_y-34.0_-3.0,V_x20.0_y-34.0_-3.0,right,forward,forward_right,1
4808,21.500,-30.000,0.500,90.000,V_x20.0_y-34.0_-3.0_forward_right,V_x20.0_y-34.0_-3.0,V_x20.0_y-34.0_-3.0,right,forward,forward_right,1
4809,21.500,-29.500,0.500,90.000,V_x20.0_y-34.0_-3.0_forward_right,V_x20.0_y-34.0_-3.0,V_x20.0_y-34.0_-3.0,right,forward,forward_right,1
4810,21.500,-29.000,0.500,90.000,V_x20.0_y-34.0_-3.0_forward_right,V_x20.0_y-34.0_-3.0,V_x20.0_y-34.0_-3.0,right,forward,forward_right,1
4811,21.500,-28.500,0.500,90.000,V_x20.0_y-34.0_-3.0_forward_right,V_x20.0_y-34.0_-3.0,V_x20.0_y-34.0_-3.0,right,forward,forward_right,1
4812,21.500,-28.000,0.500,90.000,V_x20.0_y-34.0_-3.0_forward_right,V_x20.0_y-34.0_-3.0,V_x20.0_y-34.0_-3.0,right,forward,forward_right,1
4813,21.500,-27.500,0.500,90.000,V_x20.0_y-34.0_-3.0_forward_right,V_x20.0_y-34.0_-3.0,V_x20.0_y-34.0_-3.0,right,forward,forward_right,1
4814,21.500,-27.000,0.500,90.000,V_x20.0_y-34.0_-3.0_forward_right,V_x20.0_y-34.0_-3.0,V_x20.0_y-34.0_-3.0,right,forward,forward_right,1
4815,21.500,-26.500,0.500,90.000,V_x20.0_y-34.0_-3.0_forward_right,V_x20.0_y-34.0_-3.0,V_x20.0_y-34.0_-3.0,right,forward,forward_right,1
4816,21.500,-26.000,0.500,90.000,V_x20.0_y-34.0_-3.0_forward_right,V_x20.0_y-34.0_-3.0,V_x20.0_y-34.0_-3.0,right,forward,forward_right,1
4817,21.500,-25.500,0.500,90.000,V_x20.0_y-34.0_-3.0_forward_right,V_x20.0_y-34.0_-3.0,V_x20.0_y-34.0_-3.0,right,forward,forward_right,1
4818,21.500,-25.000,0.500,90.000,V_x20.0_y-34.0_-3.0_forward_right,V_x20.0_y-34.0_-3.0,V_x20.0_y-34.0_-3.0,right,forward,forward_right,1
4819,21.500,-24.500,0.500,90.000,V_x20.0_y-34.0_-3.0_forward_right,V_x20.0_y-34.0_-3.0,V_x20.0_y-34.0_-3.0,right,forward,forward_right,1
4820,21.500,-24.000,0.500,90.000,V_x20.0_y-34.0_-3.0_forward_right,V_x20.0_y-34.0_-3.0,V_x20.0_y-34.0_-3.0,right,forward,forward_right,1
4821,21.500,-23.500,0.500,90.000,V_x20.0_y-34.0_-3.0_forward_right,V_x20.0_y-34.0_-3.0,V_x20.0_y-34.0_-3.0,right,forward,forward_right,1
4822,21.500,-23.000,0.500,90.000,V_x20.0_y-34.0_-3.0_forward_right,V_x20.0_y-34.0_-3.0,V_x20.0_y-34.0_-3.0,right,forward,forward_right,1
4823,21.500,-22.500,0.500,90.000,V_x20.0_y-34.0_-3.0_forward_right,V_x20.0_y-34.0_-3.0,V_x20.0_y-34.0_-3.0,right,forward,forward_right,1
4824,21.500,-22.000,0.500,90.000,V_x20.0_y-34.0_-3.0_forward_right,V_x20.0_y-34.0_-3.0,V_x20.0_y-34.0_-3.0,right,forward,forward_right,1
4825,21.500,-21.500,0.500,90.000,V_x20.0_y-34.0_-3.0_forward_right,V_x20.0_y-34.0_-3.0,V_x20.0_y-34.0_-3.0,right,forward,forward_right,1
4826,21.500,-21.000,0.500,90.000,V_x20.0_y-34.0_-3.0_forward_right,V_x20.0_y-34.0_-3.0,V_x20.0_y-34.0_-3.0,right,forward,forward_right,1
4827,21.500,-20.500,0.500,90.000,V_x20.0_y-34.0_-3.0_forward_right,V_x20.0_y-34.0_-3.0,V_x20.0_y-34.0_-3.0,right,forward,forward_right,1
4828,21.500,-20.000,0.500,90.000,V_x20.0_y-34.0_-3.0_forward_right,V_x20.0_y-34.0_-3.0,V_x20.0_y-34.0_-3.0,right,forward,forward_right,1
4829,21.500,-19.500,0.500,90.000,V_x20.0_y-34.0_-3.0_forward_right,V_x20.0_y-34.0_-3.0,V_x20.0_y-34.0_-3.0,right,forward,forward_right,1
4830,21.500,-19.000,0.500,90.000,V_x20.0_y-34.0_-3.0_forward_right,V_x20.0_y-34.0_-3.0,V_x20.0_y-34.0_-3.0,right,forward,forward_right,1
4831,21.500,-18.500,0.500,90.000,V_x20.0_y-34.0_-3.0_forward_right,V_x20.0_y-34.0_-3.0,V_x20.0_y-34.0_-3.0,right,forward,forward_right,1
4832,21.500,-18.000,0.500,90.000,V_x20.0_y-34.0_-3.0_forward_right,V_x20.0_y-34.0_-3.0,V_x20.0_y-34.0_-3.0,right,forward,forward_right,1
4833,21.500,-17.500,0.500,90.000,V_x20.0_y-34.0_-3.0_forward_right,V_x20.0_y-34.0_-3.0,V_x20.0_y-34.0_-3.0,right,forward,forward_right,1
4834,21.500,-17.000,0.500,90.000,V_x20.0_y-34.0_-3.0_forward_right,V_x20.0_y-34.0_-3.0,V_x20.0_y-34.0_-3.0,right,forward,forward_right,1
4835,21.500,-16.500,0.500,90.000,V_x20.0_y-34.0_-3.0_forward_right,V_x20.0_y-34.0_-3.0,V_x20.0_y-34.0_-3.0,right,forward,forward_right,1
4836,21.500,-16.000,0.500,90.000,V_x20.0_y-34.0_-3.0_forward_right,V_x20.0_y-34.0_-3.0,V_x20.0_y-34.0_-3.0,right,forward,forward_right,1
4837,21.500,-15.500,0.500,90.000,V_x20.0_y-34.0_-3.0_forward_right,V_x20.0_y-34.0_-3.0,V_x20.0_y-34.0_-3.0,right,forward,forward_right,1
4838,21.500,-15.000,0.500,90.000,V_x20.0_y-34.0_-3.0_forward_right,V_x20.0_y-34.0_-3.0,V_x20.0_y-34.0_-3.0,right,forward,forward_right,1
4839,21.500,-14.500,0.500,90.000,V_x20.0_y-34.0_-3.0_forward_right,V_x20.0_y-34.0_-3.0,V_x20.0_y-34.0_-3.0,right,forward,forward_right,1
4840,21.500,-14.000,0.500,90.000,V_x20.0_y-34.0_-3.0_forward_right,V_x20.0_y-34.0_-3.0,V_x20.0_y-34.0_-3.0,right,forward,forward_right,1
4841,21.500,-13.500,0.500,90.000,V_x20.0_y-34.0_-3.0_forward_right,V_x20.0_y-34.0_-3.0,V_x20.0_y-34.0_-3.0,right,forward,forward_right,1
4842,21.500,-13.000,0.500,90.000,V_x20.0_y-34.0_-3.0_forward_right,V_x20.0_y-34.0_-3.0,V_x20.0_y-34.0_-3.0,right,forward,forward_right,1
4843,21.500,-12.500,0.500,90.000,V_x20.0_y-34.0_-3.0_forward_right,V_x20.0_y-34.0_-3.0,V_x20.0_y-34.0_-3.0,right,forward,forward_right,1
4844,21.500,-12.000,0.500,90.000,V_x20.0_y-34.0_-3.0_forward_right,V_x20.0_y-34.0_-3.0,V_x20.0_y-34.0_-3.0,right,forward,forward_right,1
4845,21.500,-11.500,0.500,90.000,V_x20.0_y-34.0_-3.0_forward_right,V_x20.0_y-34.0_-3.0,V_x20.0_y-34.0_-3.0,right,forward,forward_right,1
4846,21.500,-11.000,0.500,90.000,V_x20.0_y-34.0_-3.0_forward_right,V_x20.0_y-34.0_-3.0,V_x20.0_y-34.0_-3.0,right,forward,forward_right,1
4847,21.500,-10.500,0.500,90.000,V_x20.0_y-34.0_-3.0_forward_right,V_x20.0_y-34.0_-3.0,V_x20.0_y-34.0_-3.0,right,forward,forward_right,1
4848,21.500,-10.000,0.500,90.000,V_x20.0_y-34.0_-3.0_forward_right,V_x20.0_y-34.0_-3.0,V_x20.0_y-34.0_-3.0,right,forward,forward_right,1
4849,21.500,-9.500,0.500,90.000,V_x20.0_y-34.0_-3.0_forward_right,V_x20.0_y-34.0_-3.0,V_x20.0_y-34.0_-3.0,right,forward,forward_right,1
4850,21.500,-9.000,0.500,90.000,V_x20.0_y-34.0_-3.0_forward_right,V_x20.0_y-34.0_-3.0,V_x20.0_y-34.0_-3.0,right,forward,forward_right,1
4851,21.500,-8.500,0.500,90.000,V_x20.0_y-34.0_-3.0_forward_right,V_x20.0_y-34.0_-3.0,V_x20.0_y-34.0_-3.0,right,forward,forward_right,1
4852,21.500,-8.000,0.500,90.000,V_x20.0_y-34.0_-3.0_forward_right,V_x20.0_y-34.0_-3.0,V_x20.0_y-34.0_-3.0,right,forward,forward_right,1
4853,21.500,-7.500,0.500,90.000,V_x20.0_y-34.0_-3.0_forward_right,V_x20.0_y-34.0_-3.0,V_x20.0_y-34.0_-3.0,right,forward,forward_right,1
4854,21.500,-7.000,0.500,90.000,V_x20.0_y-34.0_-3.0_forward_right,V_x20.0_y-34.0_-3.0,V_x20.0_y-34.0_-3.0,right,forward,forward_right,1
4855,21.500,-6.500,0.500,90.000,V_x20.0_y-34.0_-3.0_forward_right,V_x20.0_y-34.0_-3.0,V_x20.0_y-34.0_-3.0,right,forward,forward_right,1
4856,21.500,-6.000,0.500,90.000,V_x20.0_y-34.0_-3.0_forward_right,V_x20.0_y-34.0_-3.0,V_x20.0_y-34.0_-3.0,right,forward,forward_right,1
4857,21.500,-5.500,0.500,90.000,V_x20.0_y-34.0_-3.0_forward_right,V_x20.0_y-34.0_-3.0,V_x20.0_y-34.0_-3.0,right,forward,forward_right,1
4858,21.500,-5.000,0.500,90.000,V_x20.0_y-34.0_-3.0_forward_right,V_x20.0_y-34.0_-3.0,V_x20.0_y-34.0_-3.0,right,forward,forward_right,1
4859,21.500,-4.500,0.500,90.000,V_x20.0_y-34.0_-3.0_forward_right,V_x20.0_y-34.0_-3.0,V_x20.0_y-34.0_-3.0,right,forward,forward_right,1
4860,21.500,-4.000,0.500,90.000,V_x20.0_y-34.0_-3.0_forward_right,V_x20.0_y-34.0_-3.0,V_x20.0_y-34.0_-3.0,right,forward,forward_right,1
4861,21.500,-3.500,0.500,90.000,V_x20.0_y-34.0_-3.0_forward_right,V_x20.0_y-34.0_-3.0,V_x20.0_y-34.0_-3.0,right,forward,forward_right,1
4862,21.500,-3.000,0.500,90.000,V_x20.0_y-34.0_-3.0_forward_right,V_x20.0_y-34.0_-3.0,V_x20.0_y-34.0_-3.0,right,forward,forward_right,0
4863,21.500,-3.000,0.500,-90.000,V_x20.0_y-34.0_-3.0_reverse_left,V_x20.0_y-34.0_-3.0,V_x20.0_y-34.0_-3.0,left,reverse,reverse_left,1
4864,21.500,-3.500,0.500,-90.000,V_x20.0_y-34.0_-3.0_reverse_left,V_x20.0_y-34.0_-3.0,V_x20.0_y-34.0_-3.0,left,reverse,reverse_left,1
4865,21.500,-4.000,0.500,-90.000,V_x20.0_y-34.0_-3.0_reverse_left,V_x20.0_y-34.0_-3.0,V_x20.0_y-34.0_-3.0,left,reverse,reverse_left,1
4866,21.500,-4.500,0.500,-90.000,V_x20.0_y-34.0_-3.0_reverse_left,V_x20.0_y-34.0_-3.0,V_x20.0_y-34.0_-3.0,left,reverse,reverse_left,1
4867,21.500,-5.000,0.500,-90.000,V_x20.0_y-34.0_-3.0_reverse_left,V_x20.0_y-34.0_-3.0,V_x20.0_y-34.0_-3.0,left,reverse,reverse_left,1
4868,21.500,-5.500,0.500,-90.000,V_x20.0_y-34.0_-3.0_reverse_left,V_x20.0_y-34.0_-3.0,V_x20.0_y-34.0_-3.0,left,reverse,reverse_left,1
4869,21.500,-6.000,0.500,-90.000,V_x20.0_y-34.0_-3.0_reverse_left,V_x20.0_y-34.0_-3.0,V_x20.0_y-34.0_-3.0,left,reverse,reverse_left,1
4870,21.500,-6.500,0.500,-90.000,V_x20.0_y-34.0_-3.0_reverse_left,V_x20.0_y-34.0_-3.0,V_x20.0_y-34.0_-3.0,left,reverse,reverse_left,1
4871,21.500,-7.000,0.500,-90.000,V_x20.0_y-34.0_-3.0_reverse_left,V_x20.0_y-34.0_-3.0,V_x20.0_y-34.0_-3.0,left,reverse,reverse_left,1
4872,21.500,-7.500,0.500,-90.000,V_x20.0_y-34.0_-3.0_reverse_left,V_x20.0_y-34.0_-3.0,V_x20.0_y-34.0_-3.0,left,reverse,reverse_left,1
4873,21.500,-8.000,0.500,-90.000,V_x20.0_y-34.0_-3.0_reverse_left,V_x20.0_y-34.0_-3.0,V_x20.0_y-34.0_-3.0,left,reverse,reverse_left,1
4874,21.500,-8.500,0.500,-90.000,V_x20.0_y-34.0_-3.0_reverse_left,V_x20.0_y-34.0_-3.0,V_x20.0_y-34.0_-3.0,left,reverse,reverse_left,1
4875,21.500,-9.000,0.500,-90.000,V_x20.0_y-34.0_-3.0_reverse_left,V_x20.0_y-34.0_-3.0,V_x20.0_y-34.0_-3.0,left,reverse,reverse_left,1
4876,21.500,-9.500,0.500,-90.000,V_x20.0_y-34.0_-3.0_reverse_left,V_x20.0_y-34.0_-3.0,V_x20.0_y-34.0_-3.0,left,reverse,reverse_left,1
4877,21.500,-10.000,0.500,-90.000,V_x20.0_y-34.0_-3.0_reverse_left,V_x20.0_y-34.0_-3.0,V_x20.0_y-34.0_-3.0,left,reverse,reverse_left,1
4878,21.500,-10.500,0.500,-90.000,V_x20.0_y-34.0_-3.0_reverse_left,V_x20.0_y-34.0_-3.0,V_x20.0_y-34.0_-3.0,left,reverse,reverse_left,1
4879,21.500,-11.000,0.500,-90.000,V_x20.0_y-34.0_-3.0_reverse_left,V_x20.0_y-34.0_-3.0,V_x20.0_y-34.0_-3.0,left,reverse,reverse_left,1
4880,21.500,-11.500,0.500,-90.000,V_x20.0_y-34.0_-3.0_reverse_left,V_x20.0_y-34.0_-3.0,V_x20.0_y-34.0_-3.0,left,reverse,reverse_left,1
4881,21.500,-12.000,0.500,-90.000,V_x20.0_y-34.0_-3.0_reverse_left,V_x20.0_y-34.0_-3.0,V_x20.0_y-34.0_-3.0,left,reverse,reverse_left,1
4882,21.500,-12.500,0.500,-90.000,V_x20.0_y-34.0_-3.0_reverse_left,V_x20.0_y-34.0_-3.0,V_x20.0_y-34.0_-3.0,left,reverse,reverse_left,1
4883,21.500,-13.000,0.500,-90.000,V_x20.0_y-34.0_-3.0_reverse_left,V_x20.0_y-34.0_-3.0,V_x20.0_y-34.0_-3.0,left,reverse,reverse_left,1
4884,21.500,-13.500,0.500,-90.000,V_x20.0_y-34.0_-3.0_reverse_left,V_x20.0_y-34.0_-3.0,V_x20.0_y-34.0_-3.0,left,reverse,reverse_left,1
4885,21.500,-14.000,0.500,-90.000,V_x20.0_y-34.0_-3.0_reverse_left,V_x20.0_y-34.0_-3.0,V_x20.0_y-34.0_-3.0,left,reverse,reverse_left,1
4886,21.500,-14.500,0.500,-90.000,V_x20.0_y-34.0_-3.0_reverse_left,V_x20.0_y-34.0_-3.0,V_x20.0_y-34.0_-3.0,left,reverse,reverse_left,1
4887,21.500,-15.000,0.500,-90.000,V_x20.0_y-34.0_-3.0_reverse_left,V_x20.0_y-34.0_-3.0,V_x20.0_y-34.0_-3.0,left,reverse,reverse_left,1
4888,21.500,-15.500,0.500,-90.000,V_x20.0_y-34.0_-3.0_reverse_left,V_x20.0_y-34.0_-3.0,V_x20.0_y-34.0_-3.0,left,reverse,reverse_left,1
4889,21.500,-16.000,0.500,-90.000,V_x20.0_y-34.0_-3.0_reverse_left,V_x20.0_y-34.0_-3.0,V_x20.0_y-34.0_-3.0,left,reverse,reverse_left,1
4890,21.500,-16.500,0.500,-90.000,V_x20.0_y-34.0_-3.0_reverse_left,V_x20.0_y-34.0_-3.0,V_x20.0_y-34.0_-3.0,left,reverse,reverse_left,1
4891,21.500,-17.000,0.500,-90.000,V_x20.0_y-34.0_-3.0_reverse_left,V_x20.0_y-34.0_-3.0,V_x20.0_y-34.0_-3.0,left,reverse,reverse_left,1
4892,21.500,-17.500,0.500,-90.000,V_x20.0_y-34.0_-3.0_reverse_left,V_x20.0_y-34.0_-3.0,V_x20.0_y-34.0_-3.0,left,reverse,reverse_left,1
4893,21.500,-18.000,0.500,-90.000,V_x20.0_y-34.0_-3.0_reverse_left,V_x20.0_y-34.0_-3.0,V_x20.0_y-34.0_-3.0,left,reverse,reverse_left,1
4894,21.500,-18.500,0.500,-90.000,V_x20.0_y-34.0_-3.0_reverse_left,V_x20.0_y-34.0_-3.0,V_x20.0_y-34.0_-3.0,left,reverse,reverse_left,1
4895,21.500,-19.000,0.500,-90.000,V_x20.0_y-34.0_-3.0_reverse_left,V_x20.0_y-34.0_-3.0,V_x20.0_y-34.0_-3.0,left,reverse,reverse_left,1
4896,21.500,-19.500,0.500,-90.000,V_x20.0_y-34.0_-3.0_reverse_left,V_x20.0_y-34.0_-3.0,V_x20.0_y-34.0_-3.0,left,reverse,reverse_left,1
4897,21.500,-20.000,0.500,-90.000,V_x20.0_y-34.0_-3.0_reverse_left,V_x20.0_y-34.0_-3.0,V_x20.0_y-34.0_-3.0,left,reverse,reverse_left,1
4898,21.500,-20.500,0.500,-90.000,V_x20.0_y-34.0_-3.0_reverse_left,V_x20.0_y-34.0_-3.0,V_x20.0_y-34.0_-3.0,left,reverse,reverse_left,1
4899,21.500,-21.000,0.500,-90.000,V_x20.0_y-34.0_-3.0_reverse_left,V_x20.0_y-34.0_-3.0,V_x20.0_y-34.0_-3.0,left,reverse,reverse_left,1
4900,21.500,-21.500,0.500,-90.000,V_x20.0_y-34.0_-3.0_reverse_left,V_x20.0_y-34.0_-3.0,V_x20.0_y-34.0_-3.0,left,reverse,reverse_left,1
4901,21.500,-22.000,0.500,-90.000,V_x20.0_y-34.0_-3.0_reverse_left,V_x20.0_y-34.0_-3.0,V_x20.0_y-34.0_-3.0,left,reverse,reverse_left,1
4902,21.500,-22.500,0.500,-90.000,V_x20.0_y-34.0_-3.0_reverse_left,V_x20.0_y-34.0_-3.0,V_x20.0_y-34.0_-3.0,left,reverse,reverse_left,1
4903,21.500,-23.000,0.500,-90.000,V_x20.0_y-34.0_-3.0_reverse_left,V_x20.0_y-34.0_-3.0,V_x20.0_y-34.0_-3.0,left,reverse,reverse_left,1
4904,21.500,-23.500,0.500,-90.000,V_x20.0_y-34.0_-3.0_reverse_left,V_x20.0_y-34.0_-3.0,V_x20.0_y-34.0_-3.0,left,reverse,reverse_left,1
4905,21.500,-24.000,0.500,-90.000,V_x20.0_y-34.0_-3.0_reverse_left,V_x20.0_y-34.0_-3.0,V_x20.0_y-34.0_-3.0,left,reverse,reverse_left,1
4906,21.500,-24.500,0.500,-90.000,V_x20.0_y-34.0_-3.0_reverse_left,V_x20.0_y-34.0_-3.0,V_x20.0_y-34.0_-3.0,left,reverse,reverse_left,1
4907,21.500,-25.000,0.500,-90.000,V_x20.0_y-34.0_-3.0_reverse_left,V_x20.0_y-34.0_-3.0,V_x20.0_y-34.0_-3.0,left,reverse,reverse_left,1
4908,21.500,-25.500,0.500,-90.000,V_x20.0_y-34.0_-3.0_reverse_left,V_x20.0_y-34.0_-3.0,V_x20.0_y-34.0_-3.0,left,reverse,reverse_left,1
4909,21.500,-26.000,0.500,-90.000,V_x20.0_y-34.0_-3.0_reverse_left,V_x20.0_y-34.0_-3.0,V_x20.0_y-34.0_-3.0,left,reverse,reverse_left,1
4910,21.500,-26.500,0.500,-90.000,V_x20.0_y-34.0_-3.0_reverse_left,V_x20.0_y-34.0_-3.0,V_x20.0_y-34.0_-3.0,left,reverse,reverse_left,1
4911,21.500,-27.000,0.500,-90.000,V_x20.0_y-34.0_-3.0_reverse_left,V_x20.0_y-34.0_-3.0,V_x20.0_y-34.0_-3.0,left,reverse,reverse_left,1
4912,21.500,-27.500,0.500,-90.000,V_x20.0_y-34.0_-3.0_reverse_left,V_x20.0_y-34.0_-3.0,V_x20.0_y-34.0_-3.0,left,reverse,reverse_left,1
4913,21.500,-28.000,0.500,-90.000,V_x20.0_y-34.0_-3.0_reverse_left,V_x20.0_y-34.0_-3.0,V_x20.0_y-34.0_-3.0,left,reverse,reverse_left,1
4914,21.500,-28.500,0.500,-90.000,V_x20.0_y-34.0_-3.0_reverse_left,V_x20.0_y-34.0_-3.0,V_x20.0_y-34.0_-3.0,left,reverse,reverse_left,1
4915,21.500,-29.000,0.500,-90.000,V_x20.0_y-34.0_-3.0_reverse_left,V_x20.0_y-34.0_-3.0,V_x20.0_y-34.0_-3.0,left,reverse,reverse_left,1
4916,21.500,-29.500,0.500,-90.000,V_x20.0_y-34.0_-3.0_reverse_left,V_x20.0_y-34.0_-3.0,V_x20.0_y-34.0_-3.0,left,reverse,reverse_left,1
4917,21.500,-30.000,0.500,-90.000,V_x20.0_y-34.0_-3.0_reverse_left,V_x20.0_y-34.0_-3.0,V_x20.0_y-34.0_-3.0,left,reverse,reverse_left,1
4918,21.500,-30.500,0.500,-90.000,V_x20.0_y-34.0_-3.0_reverse_left,V_x20.0_y-34.0_-3.0,V_x20.0_y-34.0_-3.0,left,reverse,reverse_left,1
4919,21.500,-31.000,0.500,-90.000,V_x20.0_y-34.0_-3.0_reverse_left,V_x20.0_y-34.0_-3.0,V_x20.0_y-34.0_-3.0,left,reverse,reverse_left,1
4920,21.500,-31.500,0.500,-90.000,V_x20.0_y-34.0_-3.0_reverse_left,V_x20.0_y-34.0_-3.0,V_x20.0_y-34.0_-3.0,left,reverse,reverse_left,1
4921,21.500,-32.000,0.500,-90.000,V_x20.0_y-34.0_-3.0_reverse_left,V_x20.0_y-34.0_-3.0,V_x20.0_y-34.0_-3.0,left,reverse,reverse_left,1
4922,21.500,-32.500,0.500,-90.000,V_x20.0_y-34.0_-3.0_reverse_left,V_x20.0_y-34.0_-3.0,V_x20.0_y-34.0_-3.0,left,reverse,reverse_left,1
4923,21.500,-33.000,0.500,-90.000,V_x20.0_y-34.0_-3.0_reverse_left,V_x20.0_y-34.0_-3.0,V_x20.0_y-34.0_-3.0,left,reverse,reverse_left,1
4924,21.500,-33.500,0.500,-90.000,V_x20.0_y-34.0_-3.0_reverse_left,V_x20.0_y-34.0_-3.0,V_x20.0_y-34.0_-3.0,left,reverse,reverse_left,1
4925,21.500,-34.000,0.500,-90.000,V_x20.0_y-34.0_-3.0_reverse_left,V_x20.0_y-34.0_-3.0,V_x20.0_y-34.0_-3.0,left,reverse,reverse_left,0
4926,18.500,-3.000,0.500,-90.000,V_x20.0_y-34.0_-3.0_reverse_right,V_x20.0_y-34.0_-3.0,V_x20.0_y-34.0_-3.0,right,reverse,reverse_right,1
4927,18.500,-3.500,0.500,-90.000,V_x20.0_y-34.0_-3.0_reverse_right,V_x20.0_y-34.0_-3.0,V_x20.0_y-34.0_-3.0,right,reverse,reverse_right,1
4928,18.500,-4.000,0.500,-90.000,V_x20.0_y-34.0_-3.0_reverse_right,V_x20.0_y-34.0_-3.0,V_x20.0_y-34.0_-3.0,right,reverse,reverse_right,1
4929,18.500,-4.500,0.500,-90.000,V_x20.0_y-34.0_-3.0_reverse_right,V_x20.0_y-34.0_-3.0,V_x20.0_y-34.0_-3.0,right,reverse,reverse_right,1
4930,18.500,-5.000,0.500,-90.000,V_x20.0_y-34.0_-3.0_reverse_right,V_x20.0_y-34.0_-3.0,V_x20.0_y-34.0_-3.0,right,reverse,reverse_right,1
4931,18.500,-5.500,0.500,-90.000,V_x20.0_y-34.0_-3.0_reverse_right,V_x20.0_y-34.0_-3.0,V_x20.0_y-34.0_-3.0,right,reverse,reverse_right,1
4932,18.500,-6.000,0.500,-90.000,V_x20.0_y-34.0_-3.0_reverse_right,V_x20.0_y-34.0_-3.0,V_x20.0_y-34.0_-3.0,right,reverse,reverse_right,1
4933,18.500,-6.500,0.500,-90.000,V_x20.0_y-34.0_-3.0_reverse_right,V_x20.0_y-34.0_-3.0,V_x20.0_y-34.0_-3.0,right,reverse,reverse_right,1
4934,18.500,-7.000,0.500,-90.000,V_x20.0_y-34.0_-3.0_reverse_right,V_x20.0_y-34.0_-3.0,V_x20.0_y-34.0_-3.0,right,reverse,reverse_right,1
4935,18.500,-7.500,0.500,-90.000,V_x20.0_y-34.0_-3.0_reverse_right,V_x20.0_y-34.0_-3.0,V_x20.0_y-34.0_-3.0,right,reverse,reverse_right,1
4936,18.500,-8.000,0.500,-90.000,V_x20.0_y-34.0_-3.0_reverse_right,V_x20.0_y-34.0_-3.0,V_x20.0_y-34.0_-3.0,right,reverse,reverse_right,1
4937,18.500,-8.500,0.500,-90.000,V_x20.0_y-34.0_-3.0_reverse_right,V_x20.0_y-34.0_-3.0,V_x20.0_y-34.0_-3.0,right,reverse,reverse_right,1
4938,18.500,-9.000,0.500,-90.000,V_x20.0_y-34.0_-3.0_reverse_right,V_x20.0_y-34.0_-3.0,V_x20.0_y-34.0_-3.0,right,reverse,reverse_right,1
4939,18.500,-9.500,0.500,-90.000,V_x20.0_y-34.0_-3.0_reverse_right,V_x20.0_y-34.0_-3.0,V_x20.0_y-34.0_-3.0,right,reverse,reverse_right,1
4940,18.500,-10.000,0.500,-90.000,V_x20.0_y-34.0_-3.0_reverse_right,V_x20.0_y-34.0_-3.0,V_x20.0_y-34.0_-3.0,right,reverse,reverse_right,1
4941,18.500,-10.500,0.500,-90.000,V_x20.0_y-34.0_-3.0_reverse_right,V_x20.0_y-34.0_-3.0,V_x20.0_y-34.0_-3.0,right,reverse,reverse_right,1
4942,18.500,-11.000,0.500,-90.000,V_x20.0_y-34.0_-3.0_reverse_right,V_x20.0_y-34.0_-3.0,V_x20.0_y-34.0_-3.0,right,reverse,reverse_right,1
4943,18.500,-11.500,0.500,-90.000,V_x20.0_y-34.0_-3.0_reverse_right,V_x20.0_y-34.0_-3.0,V_x20.0_y-34.0_-3.0,right,reverse,reverse_right,1
4944,18.500,-12.000,0.500,-90.000,V_x20.0_y-34.0_-3.0_reverse_right,V_x20.0_y-34.0_-3.0,V_x20.0_y-34.0_-3.0,right,reverse,reverse_right,1
4945,18.500,-12.500,0.500,-90.000,V_x20.0_y-34.0_-3.0_reverse_right,V_x20.0_y-34.0_-3.0,V_x20.0_y-34.0_-3.0,right,reverse,reverse_right,1
4946,18.500,-13.000,0.500,-90.000,V_x20.0_y-34.0_-3.0_reverse_right,V_x20.0_y-34.0_-3.0,V_x20.0_y-34.0_-3.0,right,reverse,reverse_right,1
4947,18.500,-13.500,0.500,-90.000,V_x20.0_y-34.0_-3.0_reverse_right,V_x20.0_y-34.0_-3.0,V_x20.0_y-34.0_-3.0,right,reverse,reverse_right,1
4948,18.500,-14.000,0.500,-90.000,V_x20.0_y-34.0_-3.0_reverse_right,V_x20.0_y-34.0_-3.0,V_x20.0_y-34.0_-3.0,right,reverse,reverse_right,1
4949,18.500,-14.500,0.500,-90.000,V_x20.0_y-34.0_-3.0_reverse_right,V_x20.0_y-34.0_-3.0,V_x20.0_y-34.0_-3.0,right,reverse,reverse_right,1
4950,18.500,-15.000,0.500,-90.000,V_x20.0_y-34.0_-3.0_reverse_right,V_x20.0_y-34.0_-3.0,V_x20.0_y-34.0_-3.0,right,reverse,reverse_right,1
4951,18.500,-15.500,0.500,-90.000,V_x20.0_y-34.0_-3.0_reverse_right,V_x20.0_y-34.0_-3.0,V_x20.0_y-34.0_-3.0,right,reverse,reverse_right,1
4952,18.500,-16.000,0.500,-90.000,V_x20.0_y-34.0_-3.0_reverse_right,V_x20.0_y-34.0_-3.0,V_x20.0_y-34.0_-3.0,right,reverse,reverse_right,1
4953,18.500,-16.500,0.500,-90.000,V_x20.0_y-34.0_-3.0_reverse_right,V_x20.0_y-34.0_-3.0,V_x20.0_y-34.0_-3.0,right,reverse,reverse_right,1
4954,18.500,-17.000,0.500,-90.000,V_x20.0_y-34.0_-3.0_reverse_right,V_x20.0_y-34.0_-3.0,V_x20.0_y-34.0_-3.0,right,reverse,reverse_right,1
4955,18.500,-17.500,0.500,-90.000,V_x20.0_y-34.0_-3.0_reverse_right,V_x20.0_y-34.0_-3.0,V_x20.0_y-34.0_-3.0,right,reverse,reverse_right,1
4956,18.500,-18.000,0.500,-90.000,V_x20.0_y-34.0_-3.0_reverse_right,V_x20.0_y-34.0_-3.0,V_x20.0_y-34.0_-3.0,right,reverse,reverse_right,1
4957,18.500,-18.500,0.500,-90.000,V_x20.0_y-34.0_-3.0_reverse_right,V_x20.0_y-34.0_-3.0,V_x20.0_y-34.0_-3.0,right,reverse,reverse_right,1
4958,18.500,-19.000,0.500,-90.000,V_x20.0_y-34.0_-3.0_reverse_right,V_x20.0_y-34.0_-3.0,V_x20.0_y-34.0_-3.0,right,reverse,reverse_right,1
4959,18.500,-19.500,0.500,-90.000,V_x20.0_y-34.0_-3.0_reverse_right,V_x20.0_y-34.0_-3.0,V_x20.0_y-34.0_-3.0,right,reverse,reverse_right,1
4960,18.500,-20.000,0.500,-90.000,V_x20.0_y-34.0_-3.0_reverse_right,V_x20.0_y-34.0_-3.0,V_x20.0_y-34.0_-3.0,right,reverse,reverse_right,1
4961,18.500,-20.500,0.500,-90.000,V_x20.0_y-34.0_-3.0_reverse_right,V_x20.0_y-34.0_-3.0,V_x20.0_y-34.0_-3.0,right,reverse,reverse_right,1
4962,18.500,-21.000,0.500,-90.000,V_x20.0_y-34.0_-3.0_reverse_right,V_x20.0_y-34.0_-3.0,V_x20.0_y-34.0_-3.0,right,reverse,reverse_right,1
4963,18.500,-21.500,0.500,-90.000,V_x20.0_y-34.0_-3.0_reverse_right,V_x20.0_y-34.0_-3.0,V_x20.0_y-34.0_-3.0,right,reverse,reverse_right,1
4964,18.500,-22.000,0.500,-90.000,V_x20.0_y-34.0_-3.0_reverse_right,V_x20.0_y-34.0_-3.0,V_x20.0_y-34.0_-3.0,right,reverse,reverse_right,1
4965,18.500,-22.500,0.500,-90.000,V_x20.0_y-34.0_-3.0_reverse_right,V_x20.0_y-34.0_-3.0,V_x20.0_y-34.0_-3.0,right,reverse,reverse_right,1
4966,18.500,-23.000,0.500,-90.000,V_x20.0_y-34.0_-3.0_reverse_right,V_x20.0_y-34.0_-3.0,V_x20.0_y-34.0_-3.0,right,reverse,reverse_right,1
4967,18.500,-23.500,0.500,-90.000,V_x20.0_y-34.0_-3.0_reverse_right,V_x20.0_y-34.0_-3.0,V_x20.0_y-34.0_-3.0,right,reverse,reverse_right,1
4968,18.500,-24.000,0.500,-90.000,V_x20.0_y-34.0_-3.0_reverse_right,V_x20.0_y-34.0_-3.0,V_x20.0_y-34.0_-3.0,right,reverse,reverse_right,1
4969,18.500,-24.500,0.500,-90.000,V_x20.0_y-34.0_-3.0_reverse_right,V_x20.0_y-34.0_-3.0,V_x20.0_y-34.0_-3.0,right,reverse,reverse_right,1
4970,18.500,-25.000,0.500,-90.000,V_x20.0_y-34.0_-3.0_reverse_right,V_x20.0_y-34.0_-3.0,V_x20.0_y-34.0_-3.0,right,reverse,reverse_right,1
4971,18.500,-25.500,0.500,-90.000,V_x20.0_y-34.0_-3.0_reverse_right,V_x20.0_y-34.0_-3.0,V_x20.0_y-34.0_-3.0,right,reverse,reverse_right,1
4972,18.500,-26.000,0.500,-90.000,V_x20.0_y-34.0_-3.0_reverse_right,V_x20.0_y-34.0_-3.0,V_x20.0_y-34.0_-3.0,right,reverse,reverse_right,1
4973,18.500,-26.500,0.500,-90.000,V_x20.0_y-34.0_-3.0_reverse_right,V_x20.0_y-34.0_-3.0,V_x20.0_y-34.0_-3.0,right,reverse,reverse_right,1
4974,18.500,-27.000,0.500,-90.000,V_x20.0_y-34.0_-3.0_reverse_right,V_x20.0_y-34.0_-3.0,V_x20.0_y-34.0_-3.0,right,reverse,reverse_right,1
4975,18.500,-27.500,0.500,-90.000,V_x20.0_y-34.0_-3.0_reverse_right,V_x20.0_y-34.0_-3.0,V_x20.0_y-34.0_-3.0,right,reverse,reverse_right,1
4976,18.500,-28.000,0.500,-90.000,V_x20.0_y-34.0_-3.0_reverse_right,V_x20.0_y-34.0_-3.0,V_x20.0_y-34.0_-3.0,right,reverse,reverse_right,1
4977,18.500,-28.500,0.500,-90.000,V_x20.0_y-34.0_-3.0_reverse_right,V_x20.0_y-34.0_-3.0,V_x20.0_y-34.0_-3.0,right,reverse,reverse_right,1
4978,18.500,-29.000,0.500,-90.000,V_x20.0_y-34.0_-3.0_reverse_right,V_x20.0_y-34.0_-3.0,V_x20.0_y-34.0_-3.0,right,reverse,reverse_right,1
4979,18.500,-29.500,0.500,-90.000,V_x20.0_y-34.0_-3.0_reverse_right,V_x20.0_y-34.0_-3.0,V_x20.0_y-34.0_-3.0,right,reverse,reverse_right,1
4980,18.500,-30.000,0.500,-90.000,V_x20.0_y-34.0_-3.0_reverse_right,V_x20.0_y-34.0_-3.0,V_x20.0_y-34.0_-3.0,right,reverse,reverse_right,1
4981,18.500,-30.500,0.500,-90.000,V_x20.0_y-34.0_-3.0_reverse_right,V_x20.0_y-34.0_-3.0,V_x20.0_y-34.0_-3.0,right,reverse,reverse_right,1
4982,18.500,-31.000,0.500,-90.000,V_x20.0_y-34.0_-3.0_reverse_right,V_x20.0_y-34.0_-3.0,V_x20.0_y-34.0_-3.0,right,reverse,reverse_right,1
4983,18.500,-31.500,0.500,-90.000,V_x20.0_y-34.0_-3.0_reverse_right,V_x20.0_y-34.0_-3.0,V_x20.0_y-34.0_-3.0,right,reverse,reverse_right,1
4984,18.500,-32.000,0.500,-90.000,V_x20.0_y-34.0_-3.0_reverse_right,V_x20.0_y-34.0_-3.0,V_x20.0_y-34.0_-3.0,right,reverse,reverse_right,1
4985,18.500,-32.500,0.500,-90.000,V_x20.0_y-34.0_-3.0_reverse_right,V_x20.0_y-34.0_-3.0,V_x20.0_y-34.0_-3.0,right,reverse,reverse_right,1
4986,18.500,-33.000,0.500,-90.000,V_x20.0_y-34.0_-3.0_reverse_right,V_x20.0_y-34.0_-3.0,V_x20.0_y-34.0_-3.0,right,reverse,reverse_right,1
4987,18.500,-33.500,0.500,-90.000,V_x20.0_y-34.0_-3.0_reverse_right,V_x20.0_y-34.0_-3.0,V_x20.0_y-34.0_-3.0,right,reverse,reverse_right,1
4988,18.500,-34.000,0.500,-90.000,V_x20.0_y-34.0_-3.0_reverse_right,V_x20.0_y-34.0_-3.0,V_x20.0_y-34.0_-3.0,right,reverse,reverse_right,0
4989,-10.000,-2.500,0.500,0.000,R_E_forward_left,R_E,R_E,left,forward,forward_left,1
4990,-9.500,-2.500,0.500,0.000,R_E_forward_left,R_E,R_E,left,forward,forward_left,1
4991,-9.000,-2.500,0.500,0.000,R_E_forward_left,R_E,R_E,left,forward,forward_left,1
4992,-8.500,-2.500,0.500,0.000,R_E_forward_left,R_E,R_E,left,forward,forward_left,1
4993,-8.000,-2.500,0.500,0.000,R_E_forward_left,R_E,R_E,left,forward,forward_left,1
4994,-7.500,-2.500,0.500,0.000,R_E_forward_left,R_E,R_E,left,forward,forward_left,1
4995,-7.000,-2.500,0.500,0.000,R_E_forward_left,R_E,R_E,left,forward,forward_left,1
4996,-6.500,-2.500,0.500,0.000,R_E_forward_left,R_E,R_E,left,forward,forward_left,1
4997,-6.000,-2.500,0.500,0.000,R_E_forward_left,R_E,R_E,left,forward,forward_left,1
4998,-5.500,-2.500,0.500,0.000,R_E_forward_left,R_E,R_E,left,forward,forward_left,1
4999,-5.000,-2.500,0.500,0.000,R_E_forward_left,R_E,R_E,left,forward,forward_left,1
5000,-4.500,-2.500,0.500,0.000,R_E_forward_left,R_E,R_E,left,forward,forward_left,1
5001,-4.000,-2.500,0.500,0.000,R_E_forward_left,R_E,R_E,left,forward,forward_left,1
5002,-3.500,-2.500,0.500,0.000,R_E_forward_left,R_E,R_E,left,forward,forward_left,1
5003,-3.000,-2.500,0.500,0.000,R_E_forward_left,R_E,R_E,left,forward,forward_left,1
5004,-2.500,-2.500,0.500,0.000,R_E_forward_left,R_E,R_E,left,forward,forward_left,1
5005,-2.000,-2.500,0.500,0.000,R_E_forward_left,R_E,R_E,left,forward,forward_left,1
5006,-1.500,-2.500,0.500,0.000,R_E_forward_left,R_E,R_E,left,forward,forward_left,1
5007,-1.000,-2.500,0.500,0.000,R_E_forward_left,R_E,R_E,left,forward,forward_left,1
5008,-0.500,-2.500,0.500,0.000,R_E_forward_left,R_E,R_E,left,forward,forward_left,1
5009,0.000,-2.500,0.500,0.000,R_E_forward_left,R_E,R_E,left,forward,forward_left,1
5010,0.500,-2.500,0.500,0.000,R_E_forward_left,R_E,R_E,left,forward,forward_left,1
5011,1.000,-2.500,0.500,0.000,R_E_forward_left,R_E,R_E,left,forward,forward_left,1
5012,1.500,-2.500,0.500,0.000,R_E_forward_left,R_E,R_E,left,forward,forward_left,1
5013,2.000,-2.500,0.500,0.000,R_E_forward_left,R_E,R_E,left,forward,forward_left,1
5014,2.500,-2.500,0.500,0.000,R_E_forward_left,R_E,R_E,left,forward,forward_left,1
5015,3.000,-2.500,0.500,0.000,R_E_forward_left,R_E,R_E,left,forward,forward_left,1
5016,3.500,-2.500,0.500,0.000,R_E_forward_left,R_E,R_E,left,forward,forward_left,1
5017,4.000,-2.500,0.500,0.000,R_E_forward_left,R_E,R_E,left,forward,forward_left,1
5018,4.500,-2.500,0.500,0.000,R_E_forward_left,R_E,R_E,left,forward,forward_left,1
5019,5.000,-2.500,0.500,0.000,R_E_forward_left,R_E,R_E,left,forward,forward_left,1
5020,5.500,-2.500,0.500,0.000,R_E_forward_left,R_E,R_E,left,forward,forward_left,1
5021,6.000,-2.500,0.500,0.000,R_E_forward_left,R_E,R_E,left,forward,forward_left,1
5022,6.500,-2.500,0.500,0.000,R_E_forward_left,R_E,R_E,left,forward,forward_left,1
5023,7.000,-2.500,0.500,0.000,R_E_forward_left,R_E,R_E,left,forward,forward_left,1
5024,7.500,-2.500,0.500,0.000,R_E_forward_left,R_E,R_E,left,forward,forward_left,1
5025,8.000,-2.500,0.500,0.000,R_E_forward_left,R_E,R_E,left,forward,forward_left,1
5026,8.500,-2.500,0.500,0.000,R_E_forward_left,R_E,R_E,left,forward,forward_left,1
5027,9.000,-2.500,0.500,0.000,R_E_forward_left,R_E,R_E,left,forward,forward_left,1
5028,9.500,-2.500,0.500,0.000,R_E_forward_left,R_E,R_E,left,forward,forward_left,1
5029,10.000,-2.500,0.500,0.000,R_E_forward_left,R_E,R_E,left,forward,forward_left,1
5030,10.500,-2.500,0.500,0.000,R_E_forward_left,R_E,R_E,left,forward,forward_left,1
5031,11.000,-2.500,0.500,0.000,R_E_forward_left,R_E,R_E,left,forward,forward_left,1
5032,11.500,-2.500,0.500,0.000,R_E_forward_left,R_E,R_E,left,forward,forward_left,1
5033,12.000,-2.500,0.500,0.000,R_E_forward_left,R_E,R_E,left,forward,forward_left,1
5034,12.500,-2.500,0.500,0.000,R_E_forward_left,R_E,R_E,left,forward,forward_left,1
5035,13.000,-2.500,0.500,0.000,R_E_forward_left,R_E,R_E,left,forward,forward_left,1
5036,13.500,-2.500,0.500,0.000,R_E_forward_left,R_E,R_E,left,forward,forward_left,1
5037,14.000,-2.500,0.500,0.000,R_E_forward_left,R_E,R_E,left,forward,forward_left,1
5038,14.500,-2.500,0.500,0.000,R_E_forward_left,R_E,R_E,left,forward,forward_left,1
5039,15.000,-2.500,0.500,0.000,R_E_forward_left,R_E,R_E,left,forward,forward_left,1
5040,15.500,-2.500,0.500,0.000,R_E_forward_left,R_E,R_E,left,forward,forward_left,1
5041,16.000,-2.500,0.500,0.000,R_E_forward_left,R_E,R_E,left,forward,forward_left,1
5042,16.500,-2.500,0.500,0.000,R_E_forward_left,R_E,R_E,left,forward,forward_left,1
5043,17.000,-2.500,0.500,0.000,R_E_forward_left,R_E,R_E,left,forward,forward_left,1
5044,17.500,-2.500,0.500,0.000,R_E_forward_left,R_E,R_E,left,forward,forward_left,1
5045,18.000,-2.500,0.500,0.000,R_E_forward_left,R_E,R_E,left,forward,forward_left,1
5046,18.500,-2.500,0.500,0.000,R_E_forward_left,R_E,R_E,left,forward,forward_left,1
5047,19.000,-2.500,0.500,0.000,R_E_forward_left,R_E,R_E,left,forward,forward_left,1
5048,19.500,-2.500,0.500,0.000,R_E_forward_left,R_E,R_E,left,forward,forward_left,1
5049,18.500,-4.000,0.500,90.000,R_E_forward_left,R_E,R_E,left,forward,forward_left,1
5050,18.500,-3.500,0.500,90.000,R_E_forward_left,R_E,R_E,left,forward,forward_left,1
5051,18.500,-3.000,0.500,90.000,R_E_forward_left,R_E,R_E,left,forward,forward_left,0
5052,-10.000,-5.500,0.500,0.000,R_E_forward_right,R_E,R_E,right,forward,forward_right,1
5053,-9.500,-5.500,0.500,0.000,R_E_forward_right,R_E,R_E,right,forward,forward_right,1
5054,-9.000,-5.500,0.500,0.000,R_E_forward_right,R_E,R_E,right,forward,forward_right,1
5055,-8.500,-5.500,0.500,0.000,R_E_forward_right,R_E,R_E,right,forward,forward_right,1
5056,-8.000,-5.500,0.500,0.000,R_E_forward_right,R_E,R_E,right,forward,forward_right,1
5057,-7.500,-5.500,0.500,0.000,R_E_forward_right,R_E,R_E,right,forward,forward_right,1
5058,-7.000,-5.500,0.500,0.000,R_E_forward_right,R_E,R_E,right,forward,forward_right,1
5059,-6.500,-5.500,0.500,0.000,R_E_forward_right,R_E,R_E,right,forward,forward_right,1
5060,-6.000,-5.500,0.500,0.000,R_E_forward_right,R_E,R_E,right,forward,forward_right,1
5061,-5.500,-5.500,0.500,0.000,R_E_forward_right,R_E,R_E,right,forward,forward_right,1
5062,-5.000,-5.500,0.500,0.000,R_E_forward_right,R_E,R_E,right,forward,forward_right,1
5063,-4.500,-5.500,0.500,0.000,R_E_forward_right,R_E,R_E,right,forward,forward_right,1
5064,-4.000,-5.500,0.500,0.000,R_E_forward_right,R_E,R_E,right,forward,forward_right,1
5065,-3.500,-5.500,0.500,0.000,R_E_forward_right,R_E,R_E,right,forward,forward_right,1
5066,-3.000,-5.500,0.500,0.000,R_E_forward_right,R_E,R_E,right,forward,forward_right,1
5067,-2.500,-5.500,0.500,0.000,R_E_forward_right,R_E,R_E,right,forward,forward_right,1
5068,-2.000,-5.500,0.500,0.000,R_E_forward_right,R_E,R_E,right,forward,forward_right,1
5069,-1.500,-5.500,0.500,0.000,R_E_forward_right,R_E,R_E,right,forward,forward_right,1
5070,-1.000,-5.500,0.500,0.000,R_E_forward_right,R_E,R_E,right,forward,forward_right,1
5071,-0.500,-5.500,0.500,0.000,R_E_forward_right,R_E,R_E,right,forward,forward_right,1
5072,0.000,-5.500,0.500,0.000,R_E_forward_right,R_E,R_E,right,forward,forward_right,1
5073,0.500,-5.500,0.500,0.000,R_E_forward_right,R_E,R_E,right,forward,forward_right,1
5074,1.000,-5.500,0.500,0.000,R_E_forward_right,R_E,R_E,right,forward,forward_right,1
5075,1.500,-5.500,0.500,0.000,R_E_forward_right,R_E,R_E,right,forward,forward_right,1
5076,2.000,-5.500,0.500,0.000,R_E_forward_right,R_E,R_E,right,forward,forward_right,1
5077,2.500,-5.500,0.500,0.000,R_E_forward_right,R_E,R_E,right,forward,forward_right,1
5078,3.000,-5.500,0.500,0.000,R_E_forward_right,R_E,R_E,right,forward,forward_right,1
5079,3.500,-5.500,0.500,0.000,R_E_forward_right,R_E,R_E,right,forward,forward_right,1
5080,4.000,-5.500,0.500,0.000,R_E_forward_right,R_E,R_E,right,forward,forward_right,1
5081,4.500,-5.500,0.500,0.000,R_E_forward_right,R_E,R_E,right,forward,forward_right,1
5082,5.000,-5.500,0.500,0.000,R_E_forward_right,R_E,R_E,right,forward,forward_right,1
5083,5.500,-5.500,0.500,0.000,R_E_forward_right,R_E,R_E,right,forward,forward_right,1
5084,6.000,-5.500,0.500,0.000,R_E_forward_right,R_E,R_E,right,forward,forward_right,1
5085,6.500,-5.500,0.500,0.000,R_E_forward_right,R_E,R_E,right,forward,forward_right,1
5086,7.000,-5.500,0.500,0.000,R_E_forward_right,R_E,R_E,right,forward,forward_right,1
5087,7.500,-5.500,0.500,0.000,R_E_forward_right,R_E,R_E,right,forward,forward_right,1
5088,8.000,-5.500,0.500,0.000,R_E_forward_right,R_E,R_E,right,forward,forward_right,1
5089,8.500,-5.500,0.500,0.000,R_E_forward_right,R_E,R_E,right,forward,forward_right,1
5090,9.000,-5.500,0.500,0.000,R_E_forward_right,R_E,R_E,right,forward,forward_right,1
5091,9.500,-5.500,0.500,0.000,R_E_forward_right,R_E,R_E,right,forward,forward_right,1
5092,10.000,-5.500,0.500,0.000,R_E_forward_right,R_E,R_E,right,forward,forward_right,1
5093,10.500,-5.500,0.500,0.000,R_E_forward_right,R_E,R_E,right,forward,forward_right,1
5094,11.000,-5.500,0.500,0.000,R_E_forward_right,R_E,R_E,right,forward,forward_right,1
5095,11.500,-5.500,0.500,0.000,R_E_forward_right,R_E,R_E,right,forward,forward_right,1
5096,12.000,-5.500,0.500,0.000,R_E_forward_right,R_E,R_E,right,forward,forward_right,1
5097,12.500,-5.500,0.500,0.000,R_E_forward_right,R_E,R_E,right,forward,forward_right,1
5098,13.000,-5.500,0.500,0.000,R_E_forward_right,R_E,R_E,right,forward,forward_right,1
5099,13.500,-5.500,0.500,0.000,R_E_forward_right,R_E,R_E,right,forward,forward_right,1
5100,14.000,-5.500,0.500,0.000,R_E_forward_right,R_E,R_E,right,forward,forward_right,1
5101,14.500,-5.500,0.500,0.000,R_E_forward_right,R_E,R_E,right,forward,forward_right,1
5102,15.000,-5.500,0.500,0.000,R_E_forward_right,R_E,R_E,right,forward,forward_right,1
5103,15.500,-5.500,0.500,0.000,R_E_forward_right,R_E,R_E,right,forward,forward_right,1
5104,16.000,-5.500,0.500,0.000,R_E_forward_right,R_E,R_E,right,forward,forward_right,1
5105,16.500,-5.500,0.500,0.000,R_E_forward_right,R_E,R_E,right,forward,forward_right,1
5106,17.000,-5.500,0.500,0.000,R_E_forward_right,R_E,R_E,right,forward,forward_right,1
5107,17.500,-5.500,0.500,0.000,R_E_forward_right,R_E,R_E,right,forward,forward_right,1
5108,18.000,-5.500,0.500,0.000,R_E_forward_right,R_E,R_E,right,forward,forward_right,1
5109,18.500,-5.500,0.500,0.000,R_E_forward_right,R_E,R_E,right,forward,forward_right,1
5110,19.000,-5.500,0.500,0.000,R_E_forward_right,R_E,R_E,right,forward,forward_right,1
5111,19.500,-5.500,0.500,0.000,R_E_forward_right,R_E,R_E,right,forward,forward_right,1
5112,21.500,-4.000,0.500,90.000,R_E_forward_right,R_E,R_E,right,forward,forward_right,1
5113,21.500,-3.500,0.500,90.000,R_E_forward_right,R_E,R_E,right,forward,forward_right,1
5114,21.500,-3.000,0.500,90.000,R_E_forward_right,R_E,R_E,right,forward,forward_right,0
5115,21.500,-3.000,0.500,-90.000,R_E_reverse_left,R_E,R_E,left,reverse,reverse_left,1
5116,21.500,-3.500,0.500,-90.000,R_E_reverse_left,R_E,R_E,left,reverse,reverse_left,1
5117,20.000,-5.500,0.500,180.000,R_E_reverse_left,R_E,R_E,left,reverse,reverse_left,1
5118,19.500,-5.500,0.500,180.000,R_E_reverse_left,R_E,R_E,left,reverse,reverse_left,1
5119,19.000,-5.500,0.500,180.000,R_E_reverse_left,R_E,R_E,left,reverse,reverse_left,1
5120,18.500,-5.500,0.500,180.000,R_E_reverse_left,R_E,R_E,left,reverse,reverse_left,1
5121,18.000,-5.500,0.500,180.000,R_E_reverse_left,R_E,R_E,left,reverse,reverse_left,1
5122,17.500,-5.500,0.500,180.000,R_E_reverse_left,R_E,R_E,left,reverse,reverse_left,1
5123,17.000,-5.500,0.500,180.000,R_E_reverse_left,R_E,R_E,left,reverse,reverse_left,1
5124,16.500,-5.500,0.500,180.000,R_E_reverse_left,R_E,R_E,left,reverse,reverse_left,1
5125,16.000,-5.500,0.500,180.000,R_E_reverse_left,R_E,R_E,left,reverse,reverse_left,1
5126,15.500,-5.500,0.500,180.000,R_E_reverse_left,R_E,R_E,left,reverse,reverse_left,1
5127,15.000,-5.500,0.500,180.000,R_E_reverse_left,R_E,R_E,left,reverse,reverse_left,1
5128,14.500,-5.500,0.500,180.000,R_E_reverse_left,R_E,R_E,left,reverse,reverse_left,1
5129,14.000,-5.500,0.500,180.000,R_E_reverse_left,R_E,R_E,left,reverse,reverse_left,1
5130,13.500,-5.500,0.500,180.000,R_E_reverse_left,R_E,R_E,left,reverse,reverse_left,1
5131,13.000,-5.500,0.500,180.000,R_E_reverse_left,R_E,R_E,left,reverse,reverse_left,1
5132,12.500,-5.500,0.500,180.000,R_E_reverse_left,R_E,R_E,left,reverse,reverse_left,1
5133,12.000,-5.500,0.500,180.000,R_E_reverse_left,R_E,R_E,left,reverse,reverse_left,1
5134,11.500,-5.500,0.500,180.000,R_E_reverse_left,R_E,R_E,left,reverse,reverse_left,1
5135,11.000,-5.500,0.500,180.000,R_E_reverse_left,R_E,R_E,left,reverse,reverse_left,1
5136,10.500,-5.500,0.500,180.000,R_E_reverse_left,R_E,R_E,left,reverse,reverse_left,1
5137,10.000,-5.500,0.500,180.000,R_E_reverse_left,R_E,R_E,left,reverse,reverse_left,1
5138,9.500,-5.500,0.500,180.000,R_E_reverse_left,R_E,R_E,left,reverse,reverse_left,1
5139,9.000,-5.500,0.500,180.000,R_E_reverse_left,R_E,R_E,left,reverse,reverse_left,1
5140,8.500,-5.500,0.500,180.000,R_E_reverse_left,R_E,R_E,left,reverse,reverse_left,1
5141,8.000,-5.500,0.500,180.000,R_E_reverse_left,R_E,R_E,left,reverse,reverse_left,1
5142,7.500,-5.500,0.500,180.000,R_E_reverse_left,R_E,R_E,left,reverse,reverse_left,1
5143,7.000,-5.500,0.500,180.000,R_E_reverse_left,R_E,R_E,left,reverse,reverse_left,1
5144,6.500,-5.500,0.500,180.000,R_E_reverse_left,R_E,R_E,left,reverse,reverse_left,1
5145,6.000,-5.500,0.500,180.000,R_E_reverse_left,R_E,R_E,left,reverse,reverse_left,1
5146,5.500,-5.500,0.500,180.000,R_E_reverse_left,R_E,R_E,left,reverse,reverse_left,1
5147,5.000,-5.500,0.500,180.000,R_E_reverse_left,R_E,R_E,left,reverse,reverse_left,1
5148,4.500,-5.500,0.500,180.000,R_E_reverse_left,R_E,R_E,left,reverse,reverse_left,1
5149,4.000,-5.500,0.500,180.000,R_E_reverse_left,R_E,R_E,left,reverse,reverse_left,1
5150,3.500,-5.500,0.500,180.000,R_E_reverse_left,R_E,R_E,left,reverse,reverse_left,1
5151,3.000,-5.500,0.500,180.000,R_E_reverse_left,R_E,R_E,left,reverse,reverse_left,1
5152,2.500,-5.500,0.500,180.000,R_E_reverse_left,R_E,R_E,left,reverse,reverse_left,1
5153,2.000,-5.500,0.500,180.000,R_E_reverse_left,R_E,R_E,left,reverse,reverse_left,1
5154,1.500,-5.500,0.500,180.000,R_E_reverse_left,R_E,R_E,left,reverse,reverse_left,1
5155,1.000,-5.500,0.500,180.000,R_E_reverse_left,R_E,R_E,left,reverse,reverse_left,1
5156,0.500,-5.500,0.500,180.000,R_E_reverse_left,R_E,R_E,left,reverse,reverse_left,1
5157,-0.000,-5.500,0.500,180.000,R_E_reverse_left,R_E,R_E,left,reverse,reverse_left,1
5158,-0.500,-5.500,0.500,180.000,R_E_reverse_left,R_E,R_E,left,reverse,reverse_left,1
5159,-1.000,-5.500,0.500,180.000,R_E_reverse_left,R_E,R_E,left,reverse,reverse_left,1
5160,-1.500,-5.500,0.500,180.000,R_E_reverse_left,R_E,R_E,left,reverse,reverse_left,1
5161,-2.000,-5.500,0.500,180.000,R_E_reverse_left,R_E,R_E,left,reverse,reverse_left,1
5162,-2.500,-5.500,0.500,180.000,R_E_reverse_left,R_E,R_E,left,reverse,reverse_left,1
5163,-3.000,-5.500,0.500,180.000,R_E_reverse_left,R_E,R_E,left,reverse,reverse_left,1
5164,-3.500,-5.500,0.500,180.000,R_E_reverse_left,R_E,R_E,left,reverse,reverse_left,1
5165,-4.000,-5.500,0.500,180.000,R_E_reverse_left,R_E,R_E,left,reverse,reverse_left,1
5166,-4.500,-5.500,0.500,180.000,R_E_reverse_left,R_E,R_E,left,reverse,reverse_left,1
5167,-5.000,-5.500,0.500,180.000,R_E_reverse_left,R_E,R_E,left,reverse,reverse_left,1
5168,-5.500,-5.500,0.500,180.000,R_E_reverse_left,R_E,R_E,left,reverse,reverse_left,1
5169,-6.000,-5.500,0.500,180.000,R_E_reverse_left,R_E,R_E,left,reverse,reverse_left,1
5170,-6.500,-5.500,0.500,180.000,R_E_reverse_left,R_E,R_E,left,reverse,reverse_left,1
5171,-7.000,-5.500,0.500,180.000,R_E_reverse_left,R_E,R_E,left,reverse,reverse_left,1
5172,-7.500,-5.500,0.500,180.000,R_E_reverse_left,R_E,R_E,left,reverse,reverse_left,1
5173,-8.000,-5.500,0.500,180.000,R_E_reverse_left,R_E,R_E,left,reverse,reverse_left,1
5174,-8.500,-5.500,0.500,180.000,R_E_reverse_left,R_E,R_E,left,reverse,reverse_left,1
5175,-9.000,-5.500,0.500,180.000,R_E_reverse_left,R_E,R_E,left,reverse,reverse_left,1
5176,-9.500,-5.500,0.500,180.000,R_E_reverse_left,R_E,R_E,left,reverse,reverse_left,1
5177,-10.000,-5.500,0.500,180.000,R_E_reverse_left,R_E,R_E,left,reverse,reverse_left,0
5178,18.500,-3.000,0.500,-90.000,R_E_reverse_right,R_E,R_E,right,reverse,reverse_right,1
5179,18.500,-3.500,0.500,-90.000,R_E_reverse_right,R_E,R_E,right,reverse,reverse_right,1
5180,20.000,-2.500,0.500,180.000,R_E_reverse_right,R_E,R_E,right,reverse,reverse_right,1
5181,19.500,-2.500,0.500,180.000,R_E_reverse_right,R_E,R_E,right,reverse,reverse_right,1
5182,19.000,-2.500,0.500,180.000,R_E_reverse_right,R_E,R_E,right,reverse,reverse_right,1
5183,18.500,-2.500,0.500,180.000,R_E_reverse_right,R_E,R_E,right,reverse,reverse_right,1
5184,18.000,-2.500,0.500,180.000,R_E_reverse_right,R_E,R_E,right,reverse,reverse_right,1
5185,17.500,-2.500,0.500,180.000,R_E_reverse_right,R_E,R_E,right,reverse,reverse_right,1
5186,17.000,-2.500,0.500,180.000,R_E_reverse_right,R_E,R_E,right,reverse,reverse_right,1
5187,16.500,-2.500,0.500,180.000,R_E_reverse_right,R_E,R_E,right,reverse,reverse_right,1
5188,16.000,-2.500,0.500,180.000,R_E_reverse_right,R_E,R_E,right,reverse,reverse_right,1
5189,15.500,-2.500,0.500,180.000,R_E_reverse_right,R_E,R_E,right,reverse,reverse_right,1
5190,15.000,-2.500,0.500,180.000,R_E_reverse_right,R_E,R_E,right,reverse,reverse_right,1
5191,14.500,-2.500,0.500,180.000,R_E_reverse_right,R_E,R_E,right,reverse,reverse_right,1
5192,14.000,-2.500,0.500,180.000,R_E_reverse_right,R_E,R_E,right,reverse,reverse_right,1
5193,13.500,-2.500,0.500,180.000,R_E_reverse_right,R_E,R_E,right,reverse,reverse_right,1
5194,13.000,-2.500,0.500,180.000,R_E_reverse_right,R_E,R_E,right,reverse,reverse_right,1
5195,12.500,-2.500,0.500,180.000,R_E_reverse_right,R_E,R_E,right,reverse,reverse_right,1
5196,12.000,-2.500,0.500,180.000,R_E_reverse_right,R_E,R_E,right,reverse,reverse_right,1
5197,11.500,-2.500,0.500,180.000,R_E_reverse_right,R_E,R_E,right,reverse,reverse_right,1
5198,11.000,-2.500,0.500,180.000,R_E_reverse_right,R_E,R_E,right,reverse,reverse_right,1
5199,10.500,-2.500,0.500,180.000,R_E_reverse_right,R_E,R_E,right,reverse,reverse_right,1
5200,10.000,-2.500,0.500,180.000,R_E_reverse_right,R_E,R_E,right,reverse,reverse_right,1
5201,9.500,-2.500,0.500,180.000,R_E_reverse_right,R_E,R_E,right,reverse,reverse_right,1
5202,9.000,-2.500,0.500,180.000,R_E_reverse_right,R_E,R_E,right,reverse,reverse_right,1
5203,8.500,-2.500,0.500,180.000,R_E_reverse_right,R_E,R_E,right,reverse,reverse_right,1
5204,8.000,-2.500,0.500,180.000,R_E_reverse_right,R_E,R_E,right,reverse,reverse_right,1
5205,7.500,-2.500,0.500,180.000,R_E_reverse_right,R_E,R_E,right,reverse,reverse_right,1
5206,7.000,-2.500,0.500,180.000,R_E_reverse_right,R_E,R_E,right,reverse,reverse_right,1
5207,6.500,-2.500,0.500,180.000,R_E_reverse_right,R_E,R_E,right,reverse,reverse_right,1
5208,6.000,-2.500,0.500,180.000,R_E_reverse_right,R_E,R_E,right,reverse,reverse_right,1
5209,5.500,-2.500,0.500,180.000,R_E_reverse_right,R_E,R_E,right,reverse,reverse_right,1
5210,5.000,-2.500,0.500,180.000,R_E_reverse_right,R_E,R_E,right,reverse,reverse_right,1
5211,4.500,-2.500,0.500,180.000,R_E_reverse_right,R_E,R_E,right,reverse,reverse_right,1
5212,4.000,-2.500,0.500,180.000,R_E_reverse_right,R_E,R_E,right,reverse,reverse_right,1
5213,3.500,-2.500,0.500,180.000,R_E_reverse_right,R_E,R_E,right,reverse,reverse_right,1
5214,3.000,-2.500,0.500,180.000,R_E_reverse_right,R_E,R_E,right,reverse,reverse_right,1
5215,2.500,-2.500,0.500,180.000,R_E_reverse_right,R_E,R_E,right,reverse,reverse_right,1
5216,2.000,-2.500,0.500,180.000,R_E_reverse_right,R_E,R_E,right,reverse,reverse_right,1
5217,1.500,-2.500,0.500,180.000,R_E_reverse_right,R_E,R_E,right,reverse,reverse_right,1
5218,1.000,-2.500,0.500,180.000,R_E_reverse_right,R_E,R_E,right,reverse,reverse_right,1
5219,0.500,-2.500,0.500,180.000,R_E_reverse_right,R_E,R_E,right,reverse,reverse_right,1
5220,0.000,-2.500,0.500,180.000,R_E_reverse_right,R_E,R_E,right,reverse,reverse_right,1
5221,-0.500,-2.500,0.500,180.000,R_E_reverse_right,R_E,R_E,right,reverse,reverse_right,1
5222,-1.000,-2.500,0.500,180.000,R_E_reverse_right,R_E,R_E,right,reverse,reverse_right,1
5223,-1.500,-2.500,0.500,180.000,R_E_reverse_right,R_E,R_E,right,reverse,reverse_right,1
5224,-2.000,-2.500,0.500,180.000,R_E_reverse_right,R_E,R_E,right,reverse,reverse_right,1
5225,-2.500,-2.500,0.500,180.000,R_E_reverse_right,R_E,R_E,right,reverse,reverse_right,1
5226,-3.000,-2.500,0.500,180.000,R_E_reverse_right,R_E,R_E,right,reverse,reverse_right,1
5227,-3.500,-2.500,0.500,180.000,R_E_reverse_right,R_E,R_E,right,reverse,reverse_right,1
5228,-4.000,-2.500,0.500,180.000,R_E_reverse_right,R_E,R_E,right,reverse,reverse_right,1
5229,-4.500,-2.500,0.500,180.000,R_E_reverse_right,R_E,R_E,right,reverse,reverse_right,1
5230,-5.000,-2.500,0.500,180.000,R_E_reverse_right,R_E,R_E,right,reverse,reverse_right,1
5231,-5.500,-2.500,0.500,180.000,R_E_reverse_right,R_E,R_E,right,reverse,reverse_right,1
5232,-6.000,-2.500,0.500,180.000,R_E_reverse_right,R_E,R_E,right,reverse,reverse_right,1
5233,-6.500,-2.500,0.500,180.000,R_E_reverse_right,R_E,R_E,right,reverse,reverse_right,1
5234,-7.000,-2.500,0.500,180.000,R_E_reverse_right,R_E,R_E,right,reverse,reverse_right,1
5235,-7.500,-2.500,0.500,180.000,R_E_reverse_right,R_E,R_E,right,reverse,reverse_right,1
5236,-8.000,-2.500,0.500,180.000,R_E_reverse_right,R_E,R_E,right,reverse,reverse_right,1
5237,-8.500,-2.500,0.500,180.000,R_E_reverse_right,R_E,R_E,right,reverse,reverse_right,1
5238,-9.000,-2.500,0.500,180.000,R_E_reverse_right,R_E,R_E,right,reverse,reverse_right,1
5239,-9.500,-2.500,0.500,180.000,R_E_reverse_right,R_E,R_E,right,reverse,reverse_right,1
5240,-10.000,-2.500,0.500,180.000,R_E_reverse_right,R_E,R_E,right,reverse,reverse_right,0
5241,40.000,-35.500,0.500,180.000,H_y-34.0_x20.0_40.0_forward_left,H_y-34.0_x20.0_40.0,H_y-34.0_x20.0_40.0,left,forward,forward_left,1
5242,39.500,-35.500,0.500,180.000,H_y-34.0_x20.0_40.0_forward_left,H_y-34.0_x20.0_40.0,H_y-34.0_x20.0_40.0,left,forward,forward_left,1
5243,39.000,-35.500,0.500,180.000,H_y-34.0_x20.0_40.0_forward_left,H_y-34.0_x20.0_40.0,H_y-34.0_x20.0_40.0,left,forward,forward_left,1
5244,38.500,-35.500,0.500,180.000,H_y-34.0_x20.0_40.0_forward_left,H_y-34.0_x20.0_40.0,H_y-34.0_x20.0_40.0,left,forward,forward_left,1
5245,38.000,-35.500,0.500,180.000,H_y-34.0_x20.0_40.0_forward_left,H_y-34.0_x20.0_40.0,H_y-34.0_x20.0_40.0,left,forward,forward_left,1
5246,37.500,-35.500,0.500,180.000,H_y-34.0_x20.0_40.0_forward_left,H_y-34.0_x20.0_40.0,H_y-34.0_x20.0_40.0,left,forward,forward_left,1
5247,37.000,-35.500,0.500,180.000,H_y-34.0_x20.0_40.0_forward_left,H_y-34.0_x20.0_40.0,H_y-34.0_x20.0_40.0,left,forward,forward_left,1
5248,36.500,-35.500,0.500,180.000,H_y-34.0_x20.0_40.0_forward_left,H_y-34.0_x20.0_40.0,H_y-34.0_x20.0_40.0,left,forward,forward_left,1
5249,36.000,-35.500,0.500,180.000,H_y-34.0_x20.0_40.0_forward_left,H_y-34.0_x20.0_40.0,H_y-34.0_x20.0_40.0,left,forward,forward_left,1
5250,35.500,-35.500,0.500,180.000,H_y-34.0_x20.0_40.0_forward_left,H_y-34.0_x20.0_40.0,H_y-34.0_x20.0_40.0,left,forward,forward_left,1
5251,35.000,-35.500,0.500,180.000,H_y-34.0_x20.0_40.0_forward_left,H_y-34.0_x20.0_40.0,H_y-34.0_x20.0_40.0,left,forward,forward_left,1
5252,34.500,-35.500,0.500,180.000,H_y-34.0_x20.0_40.0_forward_left,H_y-34.0_x20.0_40.0,H_y-34.0_x20.0_40.0,left,forward,forward_left,1
5253,34.000,-35.500,0.500,180.000,H_y-34.0_x20.0_40.0_forward_left,H_y-34.0_x20.0_40.0,H_y-34.0_x20.0_40.0,left,forward,forward_left,1
5254,33.500,-35.500,0.500,180.000,H_y-34.0_x20.0_40.0_forward_left,H_y-34.0_x20.0_40.0,H_y-34.0_x20.0_40.0,left,forward,forward_left,1
5255,33.000,-35.500,0.500,180.000,H_y-34.0_x20.0_40.0_forward_left,H_y-34.0_x20.0_40.0,H_y-34.0_x20.0_40.0,left,forward,forward_left,1
5256,32.500,-35.500,0.500,180.000,H_y-34.0_x20.0_40.0_forward_left,H_y-34.0_x20.0_40.0,H_y-34.0_x20.0_40.0,left,forward,forward_left,1
5257,32.000,-35.500,0.500,180.000,H_y-34.0_x20.0_40.0_forward_left,H_y-34.0_x20.0_40.0,H_y-34.0_x20.0_40.0,left,forward,forward_left,1
5258,31.500,-35.500,0.500,180.000,H_y-34.0_x20.0_40.0_forward_left,H_y-34.0_x20.0_40.0,H_y-34.0_x20.0_40.0,left,forward,forward_left,1
5259,31.000,-35.500,0.500,180.000,H_y-34.0_x20.0_40.0_forward_left,H_y-34.0_x20.0_40.0,H_y-34.0_x20.0_40.0,left,forward,forward_left,1
5260,30.500,-35.500,0.500,180.000,H_y-34.0_x20.0_40.0_forward_left,H_y-34.0_x20.0_40.0,H_y-34.0_x20.0_40.0,left,forward,forward_left,1
5261,30.000,-35.500,0.500,180.000,H_y-34.0_x20.0_40.0_forward_left,H_y-34.0_x20.0_40.0,H_y-34.0_x20.0_40.0,left,forward,forward_left,1
5262,29.500,-35.500,0.500,180.000,H_y-34.0_x20.0_40.0_forward_left,H_y-34.0_x20.0_40.0,H_y-34.0_x20.0_40.0,left,forward,forward_left,1
5263,29.000,-35.500,0.500,180.000,H_y-34.0_x20.0_40.0_forward_left,H_y-34.0_x20.0_40.0,H_y-34.0_x20.0_40.0,left,forward,forward_left,1
5264,28.500,-35.500,0.500,180.000,H_y-34.0_x20.0_40.0_forward_left,H_y-34.0_x20.0_40.0,H_y-34.0_x20.0_40.0,left,forward,forward_left,1
5265,28.000,-35.500,0.500,180.000,H_y-34.0_x20.0_40.0_forward_left,H_y-34.0_x20.0_40.0,H_y-34.0_x20.0_40.0,left,forward,forward_left,1
5266,27.500,-35.500,0.500,180.000,H_y-34.0_x20.0_40.0_forward_left,H_y-34.0_x20.0_40.0,H_y-34.0_x20.0_40.0,left,forward,forward_left,1
5267,27.000,-35.500,0.500,180.000,H_y-34.0_x20.0_40.0_forward_left,H_y-34.0_x20.0_40.0,H_y-34.0_x20.0_40.0,left,forward,forward_left,1
5268,26.500,-35.500,0.500,180.000,H_y-34.0_x20.0_40.0_forward_left,H_y-34.0_x20.0_40.0,H_y-34.0_x20.0_40.0,left,forward,forward_left,1
5269,26.000,-35.500,0.500,180.000,H_y-34.0_x20.0_40.0_forward_left,H_y-34.0_x20.0_40.0,H_y-34.0_x20.0_40.0,left,forward,forward_left,1
5270,25.500,-35.500,0.500,180.000,H_y-34.0_x20.0_40.0_forward_left,H_y-34.0_x20.0_40.0,H_y-34.0_x20.0_40.0,left,forward,forward_left,1
5271,25.000,-35.500,0.500,180.000,H_y-34.0_x20.0_40.0_forward_left,H_y-34.0_x20.0_40.0,H_y-34.0_x20.0_40.0,left,forward,forward_left,1
5272,24.500,-35.500,0.500,180.000,H_y-34.0_x20.0_40.0_forward_left,H_y-34.0_x20.0_40.0,H_y-34.0_x20.0_40.0,left,forward,forward_left,1
5273,24.000,-35.500,0.500,180.000,H_y-34.0_x20.0_40.0_forward_left,H_y-34.0_x20.0_40.0,H_y-34.0_x20.0_40.0,left,forward,forward_left,1
5274,23.500,-35.500,0.500,180.000,H_y-34.0_x20.0_40.0_forward_left,H_y-34.0_x20.0_40.0,H_y-34.0_x20.0_40.0,left,forward,forward_left,1
5275,23.000,-35.500,0.500,180.000,H_y-34.0_x20.0_40.0_forward_left,H_y-34.0_x20.0_40.0,H_y-34.0_x20.0_40.0,left,forward,forward_left,1
5276,22.500,-35.500,0.500,180.000,H_y-34.0_x20.0_40.0_forward_left,H_y-34.0_x20.0_40.0,H_y-34.0_x20.0_40.0,left,forward,forward_left,1
5277,22.000,-35.500,0.500,180.000,H_y-34.0_x20.0_40.0_forward_left,H_y-34.0_x20.0_40.0,H_y-34.0_x20.0_40.0,left,forward,forward_left,1
5278,21.500,-35.500,0.500,180.000,H_y-34.0_x20.0_40.0_forward_left,H_y-34.0_x20.0_40.0,H_y-34.0_x20.0_40.0,left,forward,forward_left,1
5279,21.000,-35.500,0.500,180.000,H_y-34.0_x20.0_40.0_forward_left,H_y-34.0_x20.0_40.0,H_y-34.0_x20.0_40.0,left,forward,forward_left,1
5280,20.500,-35.500,0.500,180.000,H_y-34.0_x20.0_40.0_forward_left,H_y-34.0_x20.0_40.0,H_y-34.0_x20.0_40.0,left,forward,forward_left,1
5281,20.000,-35.500,0.500,180.000,H_y-34.0_x20.0_40.0_forward_left,H_y-34.0_x20.0_40.0,H_y-34.0_x20.0_40.0,left,forward,forward_left,0
5282,40.000,-32.500,0.500,180.000,H_y-34.0_x20.0_40.0_forward_right,H_y-34.0_x20.0_40.0,H_y-34.0_x20.0_40.0,right,forward,forward_right,1
5283,39.500,-32.500,0.500,180.000,H_y-34.0_x20.0_40.0_forward_right,H_y-34.0_x20.0_40.0,H_y-34.0_x20.0_40.0,right,forward,forward_right,1
5284,39.000,-32.500,0.500,180.000,H_y-34.0_x20.0_40.0_forward_right,H_y-34.0_x20.0_40.0,H_y-34.0_x20.0_40.0,right,forward,forward_right,1
5285,38.500,-32.500,0.500,180.000,H_y-34.0_x20.0_40.0_forward_right,H_y-34.0_x20.0_40.0,H_y-34.0_x20.0_40.0,right,forward,forward_right,1
5286,38.000,-32.500,0.500,180.000,H_y-34.0_x20.0_40.0_forward_right,H_y-34.0_x20.0_40.0,H_y-34.0_x20.0_40.0,right,forward,forward_right,1
5287,37.500,-32.500,0.500,180.000,H_y-34.0_x20.0_40.0_forward_right,H_y-34.0_x20.0_40.0,H_y-34.0_x20.0_40.0,right,forward,forward_right,1
5288,37.000,-32.500,0.500,180.000,H_y-34.0_x20.0_40.0_forward_right,H_y-34.0_x20.0_40.0,H_y-34.0_x20.0_40.0,right,forward,forward_right,1
5289,36.500,-32.500,0.500,180.000,H_y-34.0_x20.0_40.0_forward_right,H_y-34.0_x20.0_40.0,H_y-34.0_x20.0_40.0,right,forward,forward_right,1
5290,36.000,-32.500,0.500,180.000,H_y-34.0_x20.0_40.0_forward_right,H_y-34.0_x20.0_40.0,H_y-34.0_x20.0_40.0,right,forward,forward_right,1
5291,35.500,-32.500,0.500,180.000,H_y-34.0_x20.0_40.0_forward_right,H_y-34.0_x20.0_40.0,H_y-34.0_x20.0_40.0,right,forward,forward_right,1
5292,35.000,-32.500,0.500,180.000,H_y-34.0_x20.0_40.0_forward_right,H_y-34.0_x20.0_40.0,H_y-34.0_x20.0_40.0,right,forward,forward_right,1
5293,34.500,-32.500,0.500,180.000,H_y-34.0_x20.0_40.0_forward_right,H_y-34.0_x20.0_40.0,H_y-34.0_x20.0_40.0,right,forward,forward_right,1
5294,34.000,-32.500,0.500,180.000,H_y-34.0_x20.0_40.0_forward_right,H_y-34.0_x20.0_40.0,H_y-34.0_x20.0_40.0,right,forward,forward_right,1
5295,33.500,-32.500,0.500,180.000,H_y-34.0_x20.0_40.0_forward_right,H_y-34.0_x20.0_40.0,H_y-34.0_x20.0_40.0,right,forward,forward_right,1
5296,33.000,-32.500,0.500,180.000,H_y-34.0_x20.0_40.0_forward_right,H_y-34.0_x20.0_40.0,H_y-34.0_x20.0_40.0,right,forward,forward_right,1
5297,32.500,-32.500,0.500,180.000,H_y-34.0_x20.0_40.0_forward_right,H_y-34.0_x20.0_40.0,H_y-34.0_x20.0_40.0,right,forward,forward_right,1
5298,32.000,-32.500,0.500,180.000,H_y-34.0_x20.0_40.0_forward_right,H_y-34.0_x20.0_40.0,H_y-34.0_x20.0_40.0,right,forward,forward_right,1
5299,31.500,-32.500,0.500,180.000,H_y-34.0_x20.0_40.0_forward_right,H_y-34.0_x20.0_40.0,H_y-34.0_x20.0_40.0,right,forward,forward_right,1
5300,31.000,-32.500,0.500,180.000,H_y-34.0_x20.0_40.0_forward_right,H_y-34.0_x20.0_40.0,H_y-34.0_x20.0_40.0,right,forward,forward_right,1
5301,30.500,-32.500,0.500,180.000,H_y-34.0_x20.0_40.0_forward_right,H_y-34.0_x20.0_40.0,H_y-34.0_x20.0_40.0,right,forward,forward_right,1
5302,30.000,-32.500,0.500,180.000,H_y-34.0_x20.0_40.0_forward_right,H_y-34.0_x20.0_40.0,H_y-34.0_x20.0_40.0,right,forward,forward_right,1
5303,29.500,-32.500,0.500,180.000,H_y-34.0_x20.0_40.0_forward_right,H_y-34.0_x20.0_40.0,H_y-34.0_x20.0_40.0,right,forward,forward_right,1
5304,29.000,-32.500,0.500,180.000,H_y-34.0_x20.0_40.0_forward_right,H_y-34.0_x20.0_40.0,H_y-34.0_x20.0_40.0,right,forward,forward_right,1
5305,28.500,-32.500,0.500,180.000,H_y-34.0_x20.0_40.0_forward_right,H_y-34.0_x20.0_40.0,H_y-34.0_x20.0_40.0,right,forward,forward_right,1
5306,28.000,-32.500,0.500,180.000,H_y-34.0_x20.0_40.0_forward_right,H_y-34.0_x20.0_40.0,H_y-34.0_x20.0_40.0,right,forward,forward_right,1
5307,27.500,-32.500,0.500,180.000,H_y-34.0_x20.0_40.0_forward_right,H_y-34.0_x20.0_40.0,H_y-34.0_x20.0_40.0,right,forward,forward_right,1
5308,27.000,-32.500,0.500,180.000,H_y-34.0_x20.0_40.0_forward_right,H_y-34.0_x20.0_40.0,H_y-34.0_x20.0_40.0,right,forward,forward_right,1
5309,26.500,-32.500,0.500,180.000,H_y-34.0_x20.0_40.0_forward_right,H_y-34.0_x20.0_40.0,H_y-34.0_x20.0_40.0,right,forward,forward_right,1
5310,26.000,-32.500,0.500,180.000,H_y-34.0_x20.0_40.0_forward_right,H_y-34.0_x20.0_40.0,H_y-34.0_x20.0_40.0,right,forward,forward_right,1
5311,25.500,-32.500,0.500,180.000,H_y-34.0_x20.0_40.0_forward_right,H_y-34.0_x20.0_40.0,H_y-34.0_x20.0_40.0,right,forward,forward_right,1
5312,25.000,-32.500,0.500,180.000,H_y-34.0_x20.0_40.0_forward_right,H_y-34.0_x20.0_40.0,H_y-34.0_x20.0_40.0,right,forward,forward_right,1
5313,24.500,-32.500,0.500,180.000,H_y-34.0_x20.0_40.0_forward_right,H_y-34.0_x20.0_40.0,H_y-34.0_x20.0_40.0,right,forward,forward_right,1
5314,24.000,-32.500,0.500,180.000,H_y-34.0_x20.0_40.0_forward_right,H_y-34.0_x20.0_40.0,H_y-34.0_x20.0_40.0,right,forward,forward_right,1
5315,23.500,-32.500,0.500,180.000,H_y-34.0_x20.0_40.0_forward_right,H_y-34.0_x20.0_40.0,H_y-34.0_x20.0_40.0,right,forward,forward_right,1
5316,23.000,-32.500,0.500,180.000,H_y-34.0_x20.0_40.0_forward_right,H_y-34.0_x20.0_40.0,H_y-34.0_x20.0_40.0,right,forward,forward_right,1
5317,22.500,-32.500,0.500,180.000,H_y-34.0_x20.0_40.0_forward_right,H_y-34.0_x20.0_40.0,H_y-34.0_x20.0_40.0,right,forward,forward_right,1
5318,22.000,-32.500,0.500,180.000,H_y-34.0_x20.0_40.0_forward_right,H_y-34.0_x20.0_40.0,H_y-34.0_x20.0_40.0,right,forward,forward_right,1
5319,21.500,-32.500,0.500,180.000,H_y-34.0_x20.0_40.0_forward_right,H_y-34.0_x20.0_40.0,H_y-34.0_x20.0_40.0,right,forward,forward_right,1
5320,21.000,-32.500,0.500,180.000,H_y-34.0_x20.0_40.0_forward_right,H_y-34.0_x20.0_40.0,H_y-34.0_x20.0_40.0,right,forward,forward_right,1
5321,20.500,-32.500,0.500,180.000,H_y-34.0_x20.0_40.0_forward_right,H_y-34.0_x20.0_40.0,H_y-34.0_x20.0_40.0,right,forward,forward_right,1
5322,20.000,-32.500,0.500,180.000,H_y-34.0_x20.0_40.0_forward_right,H_y-34.0_x20.0_40.0,H_y-34.0_x20.0_40.0,right,forward,forward_right,0
5323,20.000,-32.500,0.500,0.000,H_y-34.0_x20.0_40.0_reverse_left,H_y-34.0_x20.0_40.0,H_y-34.0_x20.0_40.0,left,reverse,reverse_left,1
5324,20.500,-32.500,0.500,0.000,H_y-34.0_x20.0_40.0_reverse_left,H_y-34.0_x20.0_40.0,H_y-34.0_x20.0_40.0,left,reverse,reverse_left,1
5325,21.000,-32.500,0.500,0.000,H_y-34.0_x20.0_40.0_reverse_left,H_y-34.0_x20.0_40.0,H_y-34.0_x20.0_40.0,left,reverse,reverse_left,1
5326,21.500,-32.500,0.500,0.000,H_y-34.0_x20.0_40.0_reverse_left,H_y-34.0_x20.0_40.0,H_y-34.0_x20.0_40.0,left,reverse,reverse_left,1
5327,22.000,-32.500,0.500,0.000,H_y-34.0_x20.0_40.0_reverse_left,H_y-34.0_x20.0_40.0,H_y-34.0_x20.0_40.0,left,reverse,reverse_left,1
5328,22.500,-32.500,0.500,0.000,H_y-34.0_x20.0_40.0_reverse_left,H_y-34.0_x20.0_40.0,H_y-34.0_x20.0_40.0,left,reverse,reverse_left,1
5329,23.000,-32.500,0.500,0.000,H_y-34.0_x20.0_40.0_reverse_left,H_y-34.0_x20.0_40.0,H_y-34.0_x20.0_40.0,left,reverse,reverse_left,1
5330,23.500,-32.500,0.500,0.000,H_y-34.0_x20.0_40.0_reverse_left,H_y-34.0_x20.0_40.0,H_y-34.0_x20.0_40.0,left,reverse,reverse_left,1
5331,24.000,-32.500,0.500,0.000,H_y-34.0_x20.0_40.0_reverse_left,H_y-34.0_x20.0_40.0,H_y-34.0_x20.0_40.0,left,reverse,reverse_left,1
5332,24.500,-32.500,0.500,0.000,H_y-34.0_x20.0_40.0_reverse_left,H_y-34.0_x20.0_40.0,H_y-34.0_x20.0_40.0,left,reverse,reverse_left,1
5333,25.000,-32.500,0.500,0.000,H_y-34.0_x20.0_40.0_reverse_left,H_y-34.0_x20.0_40.0,H_y-34.0_x20.0_40.0,left,reverse,reverse_left,1
5334,25.500,-32.500,0.500,0.000,H_y-34.0_x20.0_40.0_reverse_left,H_y-34.0_x20.0_40.0,H_y-34.0_x20.0_40.0,left,reverse,reverse_left,1
5335,26.000,-32.500,0.500,0.000,H_y-34.0_x20.0_40.0_reverse_left,H_y-34.0_x20.0_40.0,H_y-34.0_x20.0_40.0,left,reverse,reverse_left,1
5336,26.500,-32.500,0.500,0.000,H_y-34.0_x20.0_40.0_reverse_left,H_y-34.0_x20.0_40.0,H_y-34.0_x20.0_40.0,left,reverse,reverse_left,1
5337,27.000,-32.500,0.500,0.000,H_y-34.0_x20.0_40.0_reverse_left,H_y-34.0_x20.0_40.0,H_y-34.0_x20.0_40.0,left,reverse,reverse_left,1
5338,27.500,-32.500,0.500,0.000,H_y-34.0_x20.0_40.0_reverse_left,H_y-34.0_x20.0_40.0,H_y-34.0_x20.0_40.0,left,reverse,reverse_left,1
5339,28.000,-32.500,0.500,0.000,H_y-34.0_x20.0_40.0_reverse_left,H_y-34.0_x20.0_40.0,H_y-34.0_x20.0_40.0,left,reverse,reverse_left,1
5340,28.500,-32.500,0.500,0.000,H_y-34.0_x20.0_40.0_reverse_left,H_y-34.0_x20.0_40.0,H_y-34.0_x20.0_40.0,left,reverse,reverse_left,1
5341,29.000,-32.500,0.500,0.000,H_y-34.0_x20.0_40.0_reverse_left,H_y-34.0_x20.0_40.0,H_y-34.0_x20.0_40.0,left,reverse,reverse_left,1
5342,29.500,-32.500,0.500,0.000,H_y-34.0_x20.0_40.0_reverse_left,H_y-34.0_x20.0_40.0,H_y-34.0_x20.0_40.0,left,reverse,reverse_left,1
5343,30.000,-32.500,0.500,0.000,H_y-34.0_x20.0_40.0_reverse_left,H_y-34.0_x20.0_40.0,H_y-34.0_x20.0_40.0,left,reverse,reverse_left,1
5344,30.500,-32.500,0.500,0.000,H_y-34.0_x20.0_40.0_reverse_left,H_y-34.0_x20.0_40.0,H_y-34.0_x20.0_40.0,left,reverse,reverse_left,1
5345,31.000,-32.500,0.500,0.000,H_y-34.0_x20.0_40.0_reverse_left,H_y-34.0_x20.0_40.0,H_y-34.0_x20.0_40.0,left,reverse,reverse_left,1
5346,31.500,-32.500,0.500,0.000,H_y-34.0_x20.0_40.0_reverse_left,H_y-34.0_x20.0_40.0,H_y-34.0_x20.0_40.0,left,reverse,reverse_left,1
5347,32.000,-32.500,0.500,0.000,H_y-34.0_x20.0_40.0_reverse_left,H_y-34.0_x20.0_40.0,H_y-34.0_x20.0_40.0,left,reverse,reverse_left,1
5348,32.500,-32.500,0.500,0.000,H_y-34.0_x20.0_40.0_reverse_left,H_y-34.0_x20.0_40.0,H_y-34.0_x20.0_40.0,left,reverse,reverse_left,1
5349,33.000,-32.500,0.500,0.000,H_y-34.0_x20.0_40.0_reverse_left,H_y-34.0_x20.0_40.0,H_y-34.0_x20.0_40.0,left,reverse,reverse_left,1
5350,33.500,-32.500,0.500,0.000,H_y-34.0_x20.0_40.0_reverse_left,H_y-34.0_x20.0_40.0,H_y-34.0_x20.0_40.0,left,reverse,reverse_left,1
5351,34.000,-32.500,0.500,0.000,H_y-34.0_x20.0_40.0_reverse_left,H_y-34.0_x20.0_40.0,H_y-34.0_x20.0_40.0,left,reverse,reverse_left,1
5352,34.500,-32.500,0.500,0.000,H_y-34.0_x20.0_40.0_reverse_left,H_y-34.0_x20.0_40.0,H_y-34.0_x20.0_40.0,left,reverse,reverse_left,1
5353,35.000,-32.500,0.500,0.000,H_y-34.0_x20.0_40.0_reverse_left,H_y-34.0_x20.0_40.0,H_y-34.0_x20.0_40.0,left,reverse,reverse_left,1
5354,35.500,-32.500,0.500,0.000,H_y-34.0_x20.0_40.0_reverse_left,H_y-34.0_x20.0_40.0,H_y-34.0_x20.0_40.0,left,reverse,reverse_left,1
5355,36.000,-32.500,0.500,0.000,H_y-34.0_x20.0_40.0_reverse_left,H_y-34.0_x20.0_40.0,H_y-34.0_x20.0_40.0,left,reverse,reverse_left,1
5356,36.500,-32.500,0.500,0.000,H_y-34.0_x20.0_40.0_reverse_left,H_y-34.0_x20.0_40.0,H_y-34.0_x20.0_40.0,left,reverse,reverse_left,1
5357,37.000,-32.500,0.500,0.000,H_y-34.0_x20.0_40.0_reverse_left,H_y-34.0_x20.0_40.0,H_y-34.0_x20.0_40.0,left,reverse,reverse_left,1
5358,37.500,-32.500,0.500,0.000,H_y-34.0_x20.0_40.0_reverse_left,H_y-34.0_x20.0_40.0,H_y-34.0_x20.0_40.0,left,reverse,reverse_left,1
5359,38.000,-32.500,0.500,0.000,H_y-34.0_x20.0_40.0_reverse_left,H_y-34.0_x20.0_40.0,H_y-34.0_x20.0_40.0,left,reverse,reverse_left,1
5360,38.500,-32.500,0.500,0.000,H_y-34.0_x20.0_40.0_reverse_left,H_y-34.0_x20.0_40.0,H_y-34.0_x20.0_40.0,left,reverse,reverse_left,1
5361,39.000,-32.500,0.500,0.000,H_y-34.0_x20.0_40.0_reverse_left,H_y-34.0_x20.0_40.0,H_y-34.0_x20.0_40.0,left,reverse,reverse_left,1
5362,39.500,-32.500,0.500,0.000,H_y-34.0_x20.0_40.0_reverse_left,H_y-34.0_x20.0_40.0,H_y-34.0_x20.0_40.0,left,reverse,reverse_left,1
5363,40.000,-32.500,0.500,0.000,H_y-34.0_x20.0_40.0_reverse_left,H_y-34.0_x20.0_40.0,H_y-34.0_x20.0_40.0,left,reverse,reverse_left,0
5364,20.000,-35.500,0.500,0.000,H_y-34.0_x20.0_40.0_reverse_right,H_y-34.0_x20.0_40.0,H_y-34.0_x20.0_40.0,right,reverse,reverse_right,1
5365,20.500,-35.500,0.500,0.000,H_y-34.0_x20.0_40.0_reverse_right,H_y-34.0_x20.0_40.0,H_y-34.0_x20.0_40.0,right,reverse,reverse_right,1
5366,21.000,-35.500,0.500,0.000,H_y-34.0_x20.0_40.0_reverse_right,H_y-34.0_x20.0_40.0,H_y-34.0_x20.0_40.0,right,reverse,reverse_right,1
5367,21.500,-35.500,0.500,0.000,H_y-34.0_x20.0_40.0_reverse_right,H_y-34.0_x20.0_40.0,H_y-34.0_x20.0_40.0,right,reverse,reverse_right,1
5368,22.000,-35.500,0.500,0.000,H_y-34.0_x20.0_40.0_reverse_right,H_y-34.0_x20.0_40.0,H_y-34.0_x20.0_40.0,right,reverse,reverse_right,1
5369,22.500,-35.500,0.500,0.000,H_y-34.0_x20.0_40.0_reverse_right,H_y-34.0_x20.0_40.0,H_y-34.0_x20.0_40.0,right,reverse,reverse_right,1
5370,23.000,-35.500,0.500,0.000,H_y-34.0_x20.0_40.0_reverse_right,H_y-34.0_x20.0_40.0,H_y-34.0_x20.0_40.0,right,reverse,reverse_right,1
5371,23.500,-35.500,0.500,0.000,H_y-34.0_x20.0_40.0_reverse_right,H_y-34.0_x20.0_40.0,H_y-34.0_x20.0_40.0,right,reverse,reverse_right,1
5372,24.000,-35.500,0.500,0.000,H_y-34.0_x20.0_40.0_reverse_right,H_y-34.0_x20.0_40.0,H_y-34.0_x20.0_40.0,right,reverse,reverse_right,1
5373,24.500,-35.500,0.500,0.000,H_y-34.0_x20.0_40.0_reverse_right,H_y-34.0_x20.0_40.0,H_y-34.0_x20.0_40.0,right,reverse,reverse_right,1
5374,25.000,-35.500,0.500,0.000,H_y-34.0_x20.0_40.0_reverse_right,H_y-34.0_x20.0_40.0,H_y-34.0_x20.0_40.0,right,reverse,reverse_right,1
5375,25.500,-35.500,0.500,0.000,H_y-34.0_x20.0_40.0_reverse_right,H_y-34.0_x20.0_40.0,H_y-34.0_x20.0_40.0,right,reverse,reverse_right,1
5376,26.000,-35.500,0.500,0.000,H_y-34.0_x20.0_40.0_reverse_right,H_y-34.0_x20.0_40.0,H_y-34.0_x20.0_40.0,right,reverse,reverse_right,1
5377,26.500,-35.500,0.500,0.000,H_y-34.0_x20.0_40.0_reverse_right,H_y-34.0_x20.0_40.0,H_y-34.0_x20.0_40.0,right,reverse,reverse_right,1
5378,27.000,-35.500,0.500,0.000,H_y-34.0_x20.0_40.0_reverse_right,H_y-34.0_x20.0_40.0,H_y-34.0_x20.0_40.0,right,reverse,reverse_right,1
5379,27.500,-35.500,0.500,0.000,H_y-34.0_x20.0_40.0_reverse_right,H_y-34.0_x20.0_40.0,H_y-34.0_x20.0_40.0,right,reverse,reverse_right,1
5380,28.000,-35.500,0.500,0.000,H_y-34.0_x20.0_40.0_reverse_right,H_y-34.0_x20.0_40.0,H_y-34.0_x20.0_40.0,right,reverse,reverse_right,1
5381,28.500,-35.500,0.500,0.000,H_y-34.0_x20.0_40.0_reverse_right,H_y-34.0_x20.0_40.0,H_y-34.0_x20.0_40.0,right,reverse,reverse_right,1
5382,29.000,-35.500,0.500,0.000,H_y-34.0_x20.0_40.0_reverse_right,H_y-34.0_x20.0_40.0,H_y-34.0_x20.0_40.0,right,reverse,reverse_right,1
5383,29.500,-35.500,0.500,0.000,H_y-34.0_x20.0_40.0_reverse_right,H_y-34.0_x20.0_40.0,H_y-34.0_x20.0_40.0,right,reverse,reverse_right,1
5384,30.000,-35.500,0.500,0.000,H_y-34.0_x20.0_40.0_reverse_right,H_y-34.0_x20.0_40.0,H_y-34.0_x20.0_40.0,right,reverse,reverse_right,1
5385,30.500,-35.500,0.500,0.000,H_y-34.0_x20.0_40.0_reverse_right,H_y-34.0_x20.0_40.0,H_y-34.0_x20.0_40.0,right,reverse,reverse_right,1
5386,31.000,-35.500,0.500,0.000,H_y-34.0_x20.0_40.0_reverse_right,H_y-34.0_x20.0_40.0,H_y-34.0_x20.0_40.0,right,reverse,reverse_right,1
5387,31.500,-35.500,0.500,0.000,H_y-34.0_x20.0_40.0_reverse_right,H_y-34.0_x20.0_40.0,H_y-34.0_x20.0_40.0,right,reverse,reverse_right,1
5388,32.000,-35.500,0.500,0.000,H_y-34.0_x20.0_40.0_reverse_right,H_y-34.0_x20.0_40.0,H_y-34.0_x20.0_40.0,right,reverse,reverse_right,1
5389,32.500,-35.500,0.500,0.000,H_y-34.0_x20.0_40.0_reverse_right,H_y-34.0_x20.0_40.0,H_y-34.0_x20.0_40.0,right,reverse,reverse_right,1
5390,33.000,-35.500,0.500,0.000,H_y-34.0_x20.0_40.0_reverse_right,H_y-34.0_x20.0_40.0,H_y-34.0_x20.0_40.0,right,reverse,reverse_right,1
5391,33.500,-35.500,0.500,0.000,H_y-34.0_x20.0_40.0_reverse_right,H_y-34.0_x20.0_40.0,H_y-34.0_x20.0_40.0,right,reverse,reverse_right,1
5392,34.000,-35.500,0.500,0.000,H_y-34.0_x20.0_40.0_reverse_right,H_y-34.0_x20.0_40.0,H_y-34.0_x20.0_40.0,right,reverse,reverse_right,1
5393,34.500,-35.500,0.500,0.000,H_y-34.0_x20.0_40.0_reverse_right,H_y-34.0_x20.0_40.0,H_y-34.0_x20.0_40.0,right,reverse,reverse_right,1
5394,35.000,-35.500,0.500,0.000,H_y-34.0_x20.0_40.0_reverse_right,H_y-34.0_x20.0_40.0,H_y-34.0_x20.0_40.0,right,reverse,reverse_right,1
5395,35.500,-35.500,0.500,0.000,H_y-34.0_x20.0_40.0_reverse_right,H_y-34.0_x20.0_40.0,H_y-34.0_x20.0_40.0,right,reverse,reverse_right,1
5396,36.000,-35.500,0.500,0.000,H_y-34.0_x20.0_40.0_reverse_right,H_y-34.0_x20.0_40.0,H_y-34.0_x20.0_40.0,right,reverse,reverse_right,1
5397,36.500,-35.500,0.500,0.000,H_y-34.0_x20.0_40.0_reverse_right,H_y-34.0_x20.0_40.0,H_y-34.0_x20.0_40.0,right,reverse,reverse_right,1
5398,37.000,-35.500,0.500,0.000,H_y-34.0_x20.0_40.0_reverse_right,H_y-34.0_x20.0_40.0,H_y-34.0_x20.0_40.0,right,reverse,reverse_right,1
5399,37.500,-35.500,0.500,0.000,H_y-34.0_x20.0_40.0_reverse_right,H_y-34.0_x20.0_40.0,H_y-34.0_x20.0_40.0,right,reverse,reverse_right,1
5400,38.000,-35.500,0.500,0.000,H_y-34.0_x20.0_40.0_reverse_right,H_y-34.0_x20.0_40.0,H_y-34.0_x20.0_40.0,right,reverse,reverse_right,1
5401,38.500,-35.500,0.500,0.000,H_y-34.0_x20.0_40.0_reverse_right,H_y-34.0_x20.0_40.0,H_y-34.0_x20.0_40.0,right,reverse,reverse_right,1
5402,39.000,-35.500,0.500,0.000,H_y-34.0_x20.0_40.0_reverse_right,H_y-34.0_x20.0_40.0,H_y-34.0_x20.0_40.0,right,reverse,reverse_right,1
5403,39.500,-35.500,0.500,0.000,H_y-34.0_x20.0_40.0_reverse_right,H_y-34.0_x20.0_40.0,H_y-34.0_x20.0_40.0,right,reverse,reverse_right,1
5404,40.000,-35.500,0.500,0.000,H_y-34.0_x20.0_40.0_reverse_right,H_y-34.0_x20.0_40.0,H_y-34.0_x20.0_40.0,right,reverse,reverse_right,0
5405,20.000,-35.500,0.500,180.000,ENTRY_CONN_x2.0_forward_left,ENTRY_CONN_x2.0,ENTRY_CONN_x2.0,left,forward,forward_left,1
5406,19.500,-35.500,0.500,180.000,ENTRY_CONN_x2.0_forward_left,ENTRY_CONN_x2.0,ENTRY_CONN_x2.0,left,forward,forward_left,1
5407,19.000,-35.500,0.500,180.000,ENTRY_CONN_x2.0_forward_left,ENTRY_CONN_x2.0,ENTRY_CONN_x2.0,left,forward,forward_left,1
5408,18.500,-35.500,0.500,180.000,ENTRY_CONN_x2.0_forward_left,ENTRY_CONN_x2.0,ENTRY_CONN_x2.0,left,forward,forward_left,1
5409,18.000,-35.500,0.500,180.000,ENTRY_CONN_x2.0_forward_left,ENTRY_CONN_x2.0,ENTRY_CONN_x2.0,left,forward,forward_left,1
5410,17.500,-35.500,0.500,180.000,ENTRY_CONN_x2.0_forward_left,ENTRY_CONN_x2.0,ENTRY_CONN_x2.0,left,forward,forward_left,1
5411,17.000,-35.500,0.500,180.000,ENTRY_CONN_x2.0_forward_left,ENTRY_CONN_x2.0,ENTRY_CONN_x2.0,left,forward,forward_left,1
5412,16.500,-35.500,0.500,180.000,ENTRY_CONN_x2.0_forward_left,ENTRY_CONN_x2.0,ENTRY_CONN_x2.0,left,forward,forward_left,1
5413,16.000,-35.500,0.500,180.000,ENTRY_CONN_x2.0_forward_left,ENTRY_CONN_x2.0,ENTRY_CONN_x2.0,left,forward,forward_left,1
5414,15.500,-35.500,0.500,180.000,ENTRY_CONN_x2.0_forward_left,ENTRY_CONN_x2.0,ENTRY_CONN_x2.0,left,forward,forward_left,1
5415,15.000,-35.500,0.500,180.000,ENTRY_CONN_x2.0_forward_left,ENTRY_CONN_x2.0,ENTRY_CONN_x2.0,left,forward,forward_left,1
5416,14.500,-35.500,0.500,180.000,ENTRY_CONN_x2.0_forward_left,ENTRY_CONN_x2.0,ENTRY_CONN_x2.0,left,forward,forward_left,1
5417,14.000,-35.500,0.500,180.000,ENTRY_CONN_x2.0_forward_left,ENTRY_CONN_x2.0,ENTRY_CONN_x2.0,left,forward,forward_left,1
5418,13.500,-35.500,0.500,180.000,ENTRY_CONN_x2.0_forward_left,ENTRY_CONN_x2.0,ENTRY_CONN_x2.0,left,forward,forward_left,1
5419,13.000,-35.500,0.500,180.000,ENTRY_CONN_x2.0_forward_left,ENTRY_CONN_x2.0,ENTRY_CONN_x2.0,left,forward,forward_left,1
5420,12.500,-35.500,0.500,180.000,ENTRY_CONN_x2.0_forward_left,ENTRY_CONN_x2.0,ENTRY_CONN_x2.0,left,forward,forward_left,1
5421,12.000,-35.500,0.500,180.000,ENTRY_CONN_x2.0_forward_left,ENTRY_CONN_x2.0,ENTRY_CONN_x2.0,left,forward,forward_left,1
5422,11.500,-35.500,0.500,180.000,ENTRY_CONN_x2.0_forward_left,ENTRY_CONN_x2.0,ENTRY_CONN_x2.0,left,forward,forward_left,1
5423,11.000,-35.500,0.500,180.000,ENTRY_CONN_x2.0_forward_left,ENTRY_CONN_x2.0,ENTRY_CONN_x2.0,left,forward,forward_left,1
5424,10.500,-35.500,0.500,180.000,ENTRY_CONN_x2.0_forward_left,ENTRY_CONN_x2.0,ENTRY_CONN_x2.0,left,forward,forward_left,1
5425,10.000,-35.500,0.500,180.000,ENTRY_CONN_x2.0_forward_left,ENTRY_CONN_x2.0,ENTRY_CONN_x2.0,left,forward,forward_left,1
5426,9.500,-35.500,0.500,180.000,ENTRY_CONN_x2.0_forward_left,ENTRY_CONN_x2.0,ENTRY_CONN_x2.0,left,forward,forward_left,1
5427,9.000,-35.500,0.500,180.000,ENTRY_CONN_x2.0_forward_left,ENTRY_CONN_x2.0,ENTRY_CONN_x2.0,left,forward,forward_left,1
5428,8.500,-35.500,0.500,180.000,ENTRY_CONN_x2.0_forward_left,ENTRY_CONN_x2.0,ENTRY_CONN_x2.0,left,forward,forward_left,1
5429,8.000,-35.500,0.500,180.000,ENTRY_CONN_x2.0_forward_left,ENTRY_CONN_x2.0,ENTRY_CONN_x2.0,left,forward,forward_left,1
5430,7.500,-35.500,0.500,180.000,ENTRY_CONN_x2.0_forward_left,ENTRY_CONN_x2.0,ENTRY_CONN_x2.0,left,forward,forward_left,1
5431,7.000,-35.500,0.500,180.000,ENTRY_CONN_x2.0_forward_left,ENTRY_CONN_x2.0,ENTRY_CONN_x2.0,left,forward,forward_left,1
5432,6.500,-35.500,0.500,180.000,ENTRY_CONN_x2.0_forward_left,ENTRY_CONN_x2.0,ENTRY_CONN_x2.0,left,forward,forward_left,1
5433,6.000,-35.500,0.500,180.000,ENTRY_CONN_x2.0_forward_left,ENTRY_CONN_x2.0,ENTRY_CONN_x2.0,left,forward,forward_left,1
5434,5.500,-35.500,0.500,180.000,ENTRY_CONN_x2.0_forward_left,ENTRY_CONN_x2.0,ENTRY_CONN_x2.0,left,forward,forward_left,1
5435,5.000,-35.500,0.500,180.000,ENTRY_CONN_x2.0_forward_left,ENTRY_CONN_x2.0,ENTRY_CONN_x2.0,left,forward,forward_left,1
5436,4.500,-35.500,0.500,180.000,ENTRY_CONN_x2.0_forward_left,ENTRY_CONN_x2.0,ENTRY_CONN_x2.0,left,forward,forward_left,1
5437,4.000,-35.500,0.500,180.000,ENTRY_CONN_x2.0_forward_left,ENTRY_CONN_x2.0,ENTRY_CONN_x2.0,left,forward,forward_left,1
5438,3.500,-35.500,0.500,180.000,ENTRY_CONN_x2.0_forward_left,ENTRY_CONN_x2.0,ENTRY_CONN_x2.0,left,forward,forward_left,1
5439,3.000,-35.500,0.500,180.000,ENTRY_CONN_x2.0_forward_left,ENTRY_CONN_x2.0,ENTRY_CONN_x2.0,left,forward,forward_left,1
5440,2.500,-35.500,0.500,180.000,ENTRY_CONN_x2.0_forward_left,ENTRY_CONN_x2.0,ENTRY_CONN_x2.0,left,forward,forward_left,1
5441,2.000,-35.500,0.500,180.000,ENTRY_CONN_x2.0_forward_left,ENTRY_CONN_x2.0,ENTRY_CONN_x2.0,left,forward,forward_left,0
5442,20.000,-32.500,0.500,180.000,ENTRY_CONN_x2.0_forward_right,ENTRY_CONN_x2.0,ENTRY_CONN_x2.0,right,forward,forward_right,1
5443,19.500,-32.500,0.500,180.000,ENTRY_CONN_x2.0_forward_right,ENTRY_CONN_x2.0,ENTRY_CONN_x2.0,right,forward,forward_right,1
5444,19.000,-32.500,0.500,180.000,ENTRY_CONN_x2.0_forward_right,ENTRY_CONN_x2.0,ENTRY_CONN_x2.0,right,forward,forward_right,1
5445,18.500,-32.500,0.500,180.000,ENTRY_CONN_x2.0_forward_right,ENTRY_CONN_x2.0,ENTRY_CONN_x2.0,right,forward,forward_right,1
5446,18.000,-32.500,0.500,180.000,ENTRY_CONN_x2.0_forward_right,ENTRY_CONN_x2.0,ENTRY_CONN_x2.0,right,forward,forward_right,1
5447,17.500,-32.500,0.500,180.000,ENTRY_CONN_x2.0_forward_right,ENTRY_CONN_x2.0,ENTRY_CONN_x2.0,right,forward,forward_right,1
5448,17.000,-32.500,0.500,180.000,ENTRY_CONN_x2.0_forward_right,ENTRY_CONN_x2.0,ENTRY_CONN_x2.0,right,forward,forward_right,1
5449,16.500,-32.500,0.500,180.000,ENTRY_CONN_x2.0_forward_right,ENTRY_CONN_x2.0,ENTRY_CONN_x2.0,right,forward,forward_right,1
5450,16.000,-32.500,0.500,180.000,ENTRY_CONN_x2.0_forward_right,ENTRY_CONN_x2.0,ENTRY_CONN_x2.0,right,forward,forward_right,1
5451,15.500,-32.500,0.500,180.000,ENTRY_CONN_x2.0_forward_right,ENTRY_CONN_x2.0,ENTRY_CONN_x2.0,right,forward,forward_right,1
5452,15.000,-32.500,0.500,180.000,ENTRY_CONN_x2.0_forward_right,ENTRY_CONN_x2.0,ENTRY_CONN_x2.0,right,forward,forward_right,1
5453,14.500,-32.500,0.500,180.000,ENTRY_CONN_x2.0_forward_right,ENTRY_CONN_x2.0,ENTRY_CONN_x2.0,right,forward,forward_right,1
5454,14.000,-32.500,0.500,180.000,ENTRY_CONN_x2.0_forward_right,ENTRY_CONN_x2.0,ENTRY_CONN_x2.0,right,forward,forward_right,1
5455,13.500,-32.500,0.500,180.000,ENTRY_CONN_x2.0_forward_right,ENTRY_CONN_x2.0,ENTRY_CONN_x2.0,right,forward,forward_right,1
5456,13.000,-32.500,0.500,180.000,ENTRY_CONN_x2.0_forward_right,ENTRY_CONN_x2.0,ENTRY_CONN_x2.0,right,forward,forward_right,1
5457,12.500,-32.500,0.500,180.000,ENTRY_CONN_x2.0_forward_right,ENTRY_CONN_x2.0,ENTRY_CONN_x2.0,right,forward,forward_right,1
5458,12.000,-32.500,0.500,180.000,ENTRY_CONN_x2.0_forward_right,ENTRY_CONN_x2.0,ENTRY_CONN_x2.0,right,forward,forward_right,1
5459,11.500,-32.500,0.500,180.000,ENTRY_CONN_x2.0_forward_right,ENTRY_CONN_x2.0,ENTRY_CONN_x2.0,right,forward,forward_right,1
5460,11.000,-32.500,0.500,180.000,ENTRY_CONN_x2.0_forward_right,ENTRY_CONN_x2.0,ENTRY_CONN_x2.0,right,forward,forward_right,1
5461,10.500,-32.500,0.500,180.000,ENTRY_CONN_x2.0_forward_right,ENTRY_CONN_x2.0,ENTRY_CONN_x2.0,right,forward,forward_right,1
5462,10.000,-32.500,0.500,180.000,ENTRY_CONN_x2.0_forward_right,ENTRY_CONN_x2.0,ENTRY_CONN_x2.0,right,forward,forward_right,1
5463,9.500,-32.500,0.500,180.000,ENTRY_CONN_x2.0_forward_right,ENTRY_CONN_x2.0,ENTRY_CONN_x2.0,right,forward,forward_right,1
5464,9.000,-32.500,0.500,180.000,ENTRY_CONN_x2.0_forward_right,ENTRY_CONN_x2.0,ENTRY_CONN_x2.0,right,forward,forward_right,1
5465,8.500,-32.500,0.500,180.000,ENTRY_CONN_x2.0_forward_right,ENTRY_CONN_x2.0,ENTRY_CONN_x2.0,right,forward,forward_right,1
5466,8.000,-32.500,0.500,180.000,ENTRY_CONN_x2.0_forward_right,ENTRY_CONN_x2.0,ENTRY_CONN_x2.0,right,forward,forward_right,1
5467,7.500,-32.500,0.500,180.000,ENTRY_CONN_x2.0_forward_right,ENTRY_CONN_x2.0,ENTRY_CONN_x2.0,right,forward,forward_right,1
5468,7.000,-32.500,0.500,180.000,ENTRY_CONN_x2.0_forward_right,ENTRY_CONN_x2.0,ENTRY_CONN_x2.0,right,forward,forward_right,1
5469,6.500,-32.500,0.500,180.000,ENTRY_CONN_x2.0_forward_right,ENTRY_CONN_x2.0,ENTRY_CONN_x2.0,right,forward,forward_right,1
5470,6.000,-32.500,0.500,180.000,ENTRY_CONN_x2.0_forward_right,ENTRY_CONN_x2.0,ENTRY_CONN_x2.0,right,forward,forward_right,1
5471,5.500,-32.500,0.500,180.000,ENTRY_CONN_x2.0_forward_right,ENTRY_CONN_x2.0,ENTRY_CONN_x2.0,right,forward,forward_right,1
5472,5.000,-32.500,0.500,180.000,ENTRY_CONN_x2.0_forward_right,ENTRY_CONN_x2.0,ENTRY_CONN_x2.0,right,forward,forward_right,1
5473,4.500,-32.500,0.500,180.000,ENTRY_CONN_x2.0_forward_right,ENTRY_CONN_x2.0,ENTRY_CONN_x2.0,right,forward,forward_right,1
5474,4.000,-32.500,0.500,180.000,ENTRY_CONN_x2.0_forward_right,ENTRY_CONN_x2.0,ENTRY_CONN_x2.0,right,forward,forward_right,1
5475,3.500,-32.500,0.500,180.000,ENTRY_CONN_x2.0_forward_right,ENTRY_CONN_x2.0,ENTRY_CONN_x2.0,right,forward,forward_right,1
5476,3.000,-32.500,0.500,180.000,ENTRY_CONN_x2.0_forward_right,ENTRY_CONN_x2.0,ENTRY_CONN_x2.0,right,forward,forward_right,1
5477,2.500,-32.500,0.500,180.000,ENTRY_CONN_x2.0_forward_right,ENTRY_CONN_x2.0,ENTRY_CONN_x2.0,right,forward,forward_right,1
5478,2.000,-32.500,0.500,180.000,ENTRY_CONN_x2.0_forward_right,ENTRY_CONN_x2.0,ENTRY_CONN_x2.0,right,forward,forward_right,0
5479,2.000,-32.500,0.500,0.000,ENTRY_CONN_x2.0_reverse_left,ENTRY_CONN_x2.0,ENTRY_CONN_x2.0,left,reverse,reverse_left,1
5480,2.500,-32.500,0.500,0.000,ENTRY_CONN_x2.0_reverse_left,ENTRY_CONN_x2.0,ENTRY_CONN_x2.0,left,reverse,reverse_left,1
5481,3.000,-32.500,0.500,0.000,ENTRY_CONN_x2.0_reverse_left,ENTRY_CONN_x2.0,ENTRY_CONN_x2.0,left,reverse,reverse_left,1
5482,3.500,-32.500,0.500,0.000,ENTRY_CONN_x2.0_reverse_left,ENTRY_CONN_x2.0,ENTRY_CONN_x2.0,left,reverse,reverse_left,1
5483,4.000,-32.500,0.500,0.000,ENTRY_CONN_x2.0_reverse_left,ENTRY_CONN_x2.0,ENTRY_CONN_x2.0,left,reverse,reverse_left,1
5484,4.500,-32.500,0.500,0.000,ENTRY_CONN_x2.0_reverse_left,ENTRY_CONN_x2.0,ENTRY_CONN_x2.0,left,reverse,reverse_left,1
5485,5.000,-32.500,0.500,0.000,ENTRY_CONN_x2.0_reverse_left,ENTRY_CONN_x2.0,ENTRY_CONN_x2.0,left,reverse,reverse_left,1
5486,5.500,-32.500,0.500,0.000,ENTRY_CONN_x2.0_reverse_left,ENTRY_CONN_x2.0,ENTRY_CONN_x2.0,left,reverse,reverse_left,1
5487,6.000,-32.500,0.500,0.000,ENTRY_CONN_x2.0_reverse_left,ENTRY_CONN_x2.0,ENTRY_CONN_x2.0,left,reverse,reverse_left,1
5488,6.500,-32.500,0.500,0.000,ENTRY_CONN_x2.0_reverse_left,ENTRY_CONN_x2.0,ENTRY_CONN_x2.0,left,reverse,reverse_left,1
5489,7.000,-32.500,0.500,0.000,ENTRY_CONN_x2.0_reverse_left,ENTRY_CONN_x2.0,ENTRY_CONN_x2.0,left,reverse,reverse_left,1
5490,7.500,-32.500,0.500,0.000,ENTRY_CONN_x2.0_reverse_left,ENTRY_CONN_x2.0,ENTRY_CONN_x2.0,left,reverse,reverse_left,1
5491,8.000,-32.500,0.500,0.000,ENTRY_CONN_x2.0_reverse_left,ENTRY_CONN_x2.0,ENTRY_CONN_x2.0,left,reverse,reverse_left,1
5492,8.500,-32.500,0.500,0.000,ENTRY_CONN_x2.0_reverse_left,ENTRY_CONN_x2.0,ENTRY_CONN_x2.0,left,reverse,reverse_left,1
5493,9.000,-32.500,0.500,0.000,ENTRY_CONN_x2.0_reverse_left,ENTRY_CONN_x2.0,ENTRY_CONN_x2.0,left,reverse,reverse_left,1
5494,9.500,-32.500,0.500,0.000,ENTRY_CONN_x2.0_reverse_left,ENTRY_CONN_x2.0,ENTRY_CONN_x2.0,left,reverse,reverse_left,1
5495,10.000,-32.500,0.500,0.000,ENTRY_CONN_x2.0_reverse_left,ENTRY_CONN_x2.0,ENTRY_CONN_x2.0,left,reverse,reverse_left,1
5496,10.500,-32.500,0.500,0.000,ENTRY_CONN_x2.0_reverse_left,ENTRY_CONN_x2.0,ENTRY_CONN_x2.0,left,reverse,reverse_left,1
5497,11.000,-32.500,0.500,0.000,ENTRY_CONN_x2.0_reverse_left,ENTRY_CONN_x2.0,ENTRY_CONN_x2.0,left,reverse,reverse_left,1
5498,11.500,-32.500,0.500,0.000,ENTRY_CONN_x2.0_reverse_left,ENTRY_CONN_x2.0,ENTRY_CONN_x2.0,left,reverse,reverse_left,1
5499,12.000,-32.500,0.500,0.000,ENTRY_CONN_x2.0_reverse_left,ENTRY_CONN_x2.0,ENTRY_CONN_x2.0,left,reverse,reverse_left,1
5500,12.500,-32.500,0.500,0.000,ENTRY_CONN_x2.0_reverse_left,ENTRY_CONN_x2.0,ENTRY_CONN_x2.0,left,reverse,reverse_left,1
5501,13.000,-32.500,0.500,0.000,ENTRY_CONN_x2.0_reverse_left,ENTRY_CONN_x2.0,ENTRY_CONN_x2.0,left,reverse,reverse_left,1
5502,13.500,-32.500,0.500,0.000,ENTRY_CONN_x2.0_reverse_left,ENTRY_CONN_x2.0,ENTRY_CONN_x2.0,left,reverse,reverse_left,1
5503,14.000,-32.500,0.500,0.000,ENTRY_CONN_x2.0_reverse_left,ENTRY_CONN_x2.0,ENTRY_CONN_x2.0,left,reverse,reverse_left,1
5504,14.500,-32.500,0.500,0.000,ENTRY_CONN_x2.0_reverse_left,ENTRY_CONN_x2.0,ENTRY_CONN_x2.0,left,reverse,reverse_left,1
5505,15.000,-32.500,0.500,0.000,ENTRY_CONN_x2.0_reverse_left,ENTRY_CONN_x2.0,ENTRY_CONN_x2.0,left,reverse,reverse_left,1
5506,15.500,-32.500,0.500,0.000,ENTRY_CONN_x2.0_reverse_left,ENTRY_CONN_x2.0,ENTRY_CONN_x2.0,left,reverse,reverse_left,1
5507,16.000,-32.500,0.500,0.000,ENTRY_CONN_x2.0_reverse_left,ENTRY_CONN_x2.0,ENTRY_CONN_x2.0,left,reverse,reverse_left,1
5508,16.500,-32.500,0.500,0.000,ENTRY_CONN_x2.0_reverse_left,ENTRY_CONN_x2.0,ENTRY_CONN_x2.0,left,reverse,reverse_left,1
5509,17.000,-32.500,0.500,0.000,ENTRY_CONN_x2.0_reverse_left,ENTRY_CONN_x2.0,ENTRY_CONN_x2.0,left,reverse,reverse_left,1
5510,17.500,-32.500,0.500,0.000,ENTRY_CONN_x2.0_reverse_left,ENTRY_CONN_x2.0,ENTRY_CONN_x2.0,left,reverse,reverse_left,1
5511,18.000,-32.500,0.500,0.000,ENTRY_CONN_x2.0_reverse_left,ENTRY_CONN_x2.0,ENTRY_CONN_x2.0,left,reverse,reverse_left,1
5512,18.500,-32.500,0.500,0.000,ENTRY_CONN_x2.0_reverse_left,ENTRY_CONN_x2.0,ENTRY_CONN_x2.0,left,reverse,reverse_left,1
5513,19.000,-32.500,0.500,0.000,ENTRY_CONN_x2.0_reverse_left,ENTRY_CONN_x2.0,ENTRY_CONN_x2.0,left,reverse,reverse_left,1
5514,19.500,-32.500,0.500,0.000,ENTRY_CONN_x2.0_reverse_left,ENTRY_CONN_x2.0,ENTRY_CONN_x2.0,left,reverse,reverse_left,1
5515,20.000,-32.500,0.500,0.000,ENTRY_CONN_x2.0_reverse_left,ENTRY_CONN_x2.0,ENTRY_CONN_x2.0,left,reverse,reverse_left,0
5516,2.000,-35.500,0.500,0.000,ENTRY_CONN_x2.0_reverse_right,ENTRY_CONN_x2.0,ENTRY_CONN_x2.0,right,reverse,reverse_right,1
5517,2.500,-35.500,0.500,0.000,ENTRY_CONN_x2.0_reverse_right,ENTRY_CONN_x2.0,ENTRY_CONN_x2.0,right,reverse,reverse_right,1
5518,3.000,-35.500,0.500,0.000,ENTRY_CONN_x2.0_reverse_right,ENTRY_CONN_x2.0,ENTRY_CONN_x2.0,right,reverse,reverse_right,1
5519,3.500,-35.500,0.500,0.000,ENTRY_CONN_x2.0_reverse_right,ENTRY_CONN_x2.0,ENTRY_CONN_x2.0,right,reverse,reverse_right,1
5520,4.000,-35.500,0.500,0.000,ENTRY_CONN_x2.0_reverse_right,ENTRY_CONN_x2.0,ENTRY_CONN_x2.0,right,reverse,reverse_right,1
5521,4.500,-35.500,0.500,0.000,ENTRY_CONN_x2.0_reverse_right,ENTRY_CONN_x2.0,ENTRY_CONN_x2.0,right,reverse,reverse_right,1
5522,5.000,-35.500,0.500,0.000,ENTRY_CONN_x2.0_reverse_right,ENTRY_CONN_x2.0,ENTRY_CONN_x2.0,right,reverse,reverse_right,1
5523,5.500,-35.500,0.500,0.000,ENTRY_CONN_x2.0_reverse_right,ENTRY_CONN_x2.0,ENTRY_CONN_x2.0,right,reverse,reverse_right,1
5524,6.000,-35.500,0.500,0.000,ENTRY_CONN_x2.0_reverse_right,ENTRY_CONN_x2.0,ENTRY_CONN_x2.0,right,reverse,reverse_right,1
5525,6.500,-35.500,0.500,0.000,ENTRY_CONN_x2.0_reverse_right,ENTRY_CONN_x2.0,ENTRY_CONN_x2.0,right,reverse,reverse_right,1
5526,7.000,-35.500,0.500,0.000,ENTRY_CONN_x2.0_reverse_right,ENTRY_CONN_x2.0,ENTRY_CONN_x2.0,right,reverse,reverse_right,1
5527,7.500,-35.500,0.500,0.000,ENTRY_CONN_x2.0_reverse_right,ENTRY_CONN_x2.0,ENTRY_CONN_x2.0,right,reverse,reverse_right,1
5528,8.000,-35.500,0.500,0.000,ENTRY_CONN_x2.0_reverse_right,ENTRY_CONN_x2.0,ENTRY_CONN_x2.0,right,reverse,reverse_right,1
5529,8.500,-35.500,0.500,0.000,ENTRY_CONN_x2.0_reverse_right,ENTRY_CONN_x2.0,ENTRY_CONN_x2.0,right,reverse,reverse_right,1
5530,9.000,-35.500,0.500,0.000,ENTRY_CONN_x2.0_reverse_right,ENTRY_CONN_x2.0,ENTRY_CONN_x2.0,right,reverse,reverse_right,1
5531,9.500,-35.500,0.500,0.000,ENTRY_CONN_x2.0_reverse_right,ENTRY_CONN_x2.0,ENTRY_CONN_x2.0,right,reverse,reverse_right,1
5532,10.000,-35.500,0.500,0.000,ENTRY_CONN_x2.0_reverse_right,ENTRY_CONN_x2.0,ENTRY_CONN_x2.0,right,reverse,reverse_right,1
5533,10.500,-35.500,0.500,0.000,ENTRY_CONN_x2.0_reverse_right,ENTRY_CONN_x2.0,ENTRY_CONN_x2.0,right,reverse,reverse_right,1
5534,11.000,-35.500,0.500,0.000,ENTRY_CONN_x2.0_reverse_right,ENTRY_CONN_x2.0,ENTRY_CONN_x2.0,right,reverse,reverse_right,1
5535,11.500,-35.500,0.500,0.000,ENTRY_CONN_x2.0_reverse_right,ENTRY_CONN_x2.0,ENTRY_CONN_x2.0,right,reverse,reverse_right,1
5536,12.000,-35.500,0.500,0.000,ENTRY_CONN_x2.0_reverse_right,ENTRY_CONN_x2.0,ENTRY_CONN_x2.0,right,reverse,reverse_right,1
5537,12.500,-35.500,0.500,0.000,ENTRY_CONN_x2.0_reverse_right,ENTRY_CONN_x2.0,ENTRY_CONN_x2.0,right,reverse,reverse_right,1
5538,13.000,-35.500,0.500,0.000,ENTRY_CONN_x2.0_reverse_right,ENTRY_CONN_x2.0,ENTRY_CONN_x2.0,right,reverse,reverse_right,1
5539,13.500,-35.500,0.500,0.000,ENTRY_CONN_x2.0_reverse_right,ENTRY_CONN_x2.0,ENTRY_CONN_x2.0,right,reverse,reverse_right,1
5540,14.000,-35.500,0.500,0.000,ENTRY_CONN_x2.0_reverse_right,ENTRY_CONN_x2.0,ENTRY_CONN_x2.0,right,reverse,reverse_right,1
5541,14.500,-35.500,0.500,0.000,ENTRY_CONN_x2.0_reverse_right,ENTRY_CONN_x2.0,ENTRY_CONN_x2.0,right,reverse,reverse_right,1
5542,15.000,-35.500,0.500,0.000,ENTRY_CONN_x2.0_reverse_right,ENTRY_CONN_x2.0,ENTRY_CONN_x2.0,right,reverse,reverse_right,1
5543,15.500,-35.500,0.500,0.000,ENTRY_CONN_x2.0_reverse_right,ENTRY_CONN_x2.0,ENTRY_CONN_x2.0,right,reverse,reverse_right,1
5544,16.000,-35.500,0.500,0.000,ENTRY_CONN_x2.0_reverse_right,ENTRY_CONN_x2.0,ENTRY_CONN_x2.0,right,reverse,reverse_right,1
5545,16.500,-35.500,0.500,0.000,ENTRY_CONN_x2.0_reverse_right,ENTRY_CONN_x2.0,ENTRY_CONN_x2.0,right,reverse,reverse_right,1
5546,17.000,-35.500,0.500,0.000,ENTRY_CONN_x2.0_reverse_right,ENTRY_CONN_x2.0,ENTRY_CONN_x2.0,right,reverse,reverse_right,1
5547,17.500,-35.500,0.500,0.000,ENTRY_CONN_x2.0_reverse_right,ENTRY_CONN_x2.0,ENTRY_CONN_x2.0,right,reverse,reverse_right,1
5548,18.000,-35.500,0.500,0.000,ENTRY_CONN_x2.0_reverse_right,ENTRY_CONN_x2.0,ENTRY_CONN_x2.0,right,reverse,reverse_right,1
5549,18.500,-35.500,0.500,0.000,ENTRY_CONN_x2.0_reverse_right,ENTRY_CONN_x2.0,ENTRY_CONN_x2.0,right,reverse,reverse_right,1
5550,19.000,-35.500,0.500,0.000,ENTRY_CONN_x2.0_reverse_right,ENTRY_CONN_x2.0,ENTRY_CONN_x2.0,right,reverse,reverse_right,1
5551,19.500,-35.500,0.500,0.000,ENTRY_CONN_x2.0_reverse_right,ENTRY_CONN_x2.0,ENTRY_CONN_x2.0,right,reverse,reverse_right,1
5552,20.000,-35.500,0.500,0.000,ENTRY_CONN_x2.0_reverse_right,ENTRY_CONN_x2.0,ENTRY_CONN_x2.0,right,reverse,reverse_right,0
5553,38.500,26.000,0.500,90.000,V_x40.0_y26.0_48.0_forward_left,V_x40.0_y26.0_48.0,V_x40.0_y26.0_48.0,left,forward,forward_left,1
5554,38.500,26.500,0.500,90.000,V_x40.0_y26.0_48.0_forward_left,V_x40.0_y26.0_48.0,V_x40.0_y26.0_48.0,left,forward,forward_left,1
5555,38.500,27.000,0.500,90.000,V_x40.0_y26.0_48.0_forward_left,V_x40.0_y26.0_48.0,V_x40.0_y26.0_48.0,left,forward,forward_left,1
5556,38.500,27.500,0.500,90.000,V_x40.0_y26.0_48.0_forward_left,V_x40.0_y26.0_48.0,V_x40.0_y26.0_48.0,left,forward,forward_left,1
5557,38.500,28.000,0.500,90.000,V_x40.0_y26.0_48.0_forward_left,V_x40.0_y26.0_48.0,V_x40.0_y26.0_48.0,left,forward,forward_left,1
5558,38.500,28.500,0.500,90.000,V_x40.0_y26.0_48.0_forward_left,V_x40.0_y26.0_48.0,V_x40.0_y26.0_48.0,left,forward,forward_left,1
5559,38.500,29.000,0.500,90.000,V_x40.0_y26.0_48.0_forward_left,V_x40.0_y26.0_48.0,V_x40.0_y26.0_48.0,left,forward,forward_left,1
5560,38.500,29.500,0.500,90.000,V_x40.0_y26.0_48.0_forward_left,V_x40.0_y26.0_48.0,V_x40.0_y26.0_48.0,left,forward,forward_left,1
5561,38.500,30.000,0.500,90.000,V_x40.0_y26.0_48.0_forward_left,V_x40.0_y26.0_48.0,V_x40.0_y26.0_48.0,left,forward,forward_left,1
5562,38.500,30.500,0.500,90.000,V_x40.0_y26.0_48.0_forward_left,V_x40.0_y26.0_48.0,V_x40.0_y26.0_48.0,left,forward,forward_left,1
5563,38.500,31.000,0.500,90.000,V_x40.0_y26.0_48.0_forward_left,V_x40.0_y26.0_48.0,V_x40.0_y26.0_48.0,left,forward,forward_left,1
5564,38.500,31.500,0.500,90.000,V_x40.0_y26.0_48.0_forward_left,V_x40.0_y26.0_48.0,V_x40.0_y26.0_48.0,left,forward,forward_left,1
5565,38.500,32.000,0.500,90.000,V_x40.0_y26.0_48.0_forward_left,V_x40.0_y26.0_48.0,V_x40.0_y26.0_48.0,left,forward,forward_left,1
5566,38.500,32.500,0.500,90.000,V_x40.0_y26.0_48.0_forward_left,V_x40.0_y26.0_48.0,V_x40.0_y26.0_48.0,left,forward,forward_left,1
5567,38.500,33.000,0.500,90.000,V_x40.0_y26.0_48.0_forward_left,V_x40.0_y26.0_48.0,V_x40.0_y26.0_48.0,left,forward,forward_left,1
5568,38.500,33.500,0.500,90.000,V_x40.0_y26.0_48.0_forward_left,V_x40.0_y26.0_48.0,V_x40.0_y26.0_48.0,left,forward,forward_left,1
5569,38.500,34.000,0.500,90.000,V_x40.0_y26.0_48.0_forward_left,V_x40.0_y26.0_48.0,V_x40.0_y26.0_48.0,left,forward,forward_left,1
5570,38.500,34.500,0.500,90.000,V_x40.0_y26.0_48.0_forward_left,V_x40.0_y26.0_48.0,V_x40.0_y26.0_48.0,left,forward,forward_left,1
5571,38.500,35.000,0.500,90.000,V_x40.0_y26.0_48.0_forward_left,V_x40.0_y26.0_48.0,V_x40.0_y26.0_48.0,left,forward,forward_left,1
5572,38.500,35.500,0.500,90.000,V_x40.0_y26.0_48.0_forward_left,V_x40.0_y26.0_48.0,V_x40.0_y26.0_48.0,left,forward,forward_left,1
5573,38.500,36.000,0.500,90.000,V_x40.0_y26.0_48.0_forward_left,V_x40.0_y26.0_48.0,V_x40.0_y26.0_48.0,left,forward,forward_left,1
5574,38.500,36.500,0.500,90.000,V_x40.0_y26.0_48.0_forward_left,V_x40.0_y26.0_48.0,V_x40.0_y26.0_48.0,left,forward,forward_left,1
5575,38.500,37.000,0.500,90.000,V_x40.0_y26.0_48.0_forward_left,V_x40.0_y26.0_48.0,V_x40.0_y26.0_48.0,left,forward,forward_left,1
5576,38.500,37.500,0.500,90.000,V_x40.0_y26.0_48.0_forward_left,V_x40.0_y26.0_48.0,V_x40.0_y26.0_48.0,left,forward,forward_left,1
5577,38.500,38.000,0.500,90.000,V_x40.0_y26.0_48.0_forward_left,V_x40.0_y26.0_48.0,V_x40.0_y26.0_48.0,left,forward,forward_left,1
5578,38.500,38.500,0.500,90.000,V_x40.0_y26.0_48.0_forward_left,V_x40.0_y26.0_48.0,V_x40.0_y26.0_48.0,left,forward,forward_left,1
5579,38.500,39.000,0.500,90.000,V_x40.0_y26.0_48.0_forward_left,V_x40.0_y26.0_48.0,V_x40.0_y26.0_48.0,left,forward,forward_left,1
5580,38.500,39.500,0.500,90.000,V_x40.0_y26.0_48.0_forward_left,V_x40.0_y26.0_48.0,V_x40.0_y26.0_48.0,left,forward,forward_left,1
5581,38.500,40.000,0.500,90.000,V_x40.0_y26.0_48.0_forward_left,V_x40.0_y26.0_48.0,V_x40.0_y26.0_48.0,left,forward,forward_left,1
5582,38.500,40.500,0.500,90.000,V_x40.0_y26.0_48.0_forward_left,V_x40.0_y26.0_48.0,V_x40.0_y26.0_48.0,left,forward,forward_left,1
5583,38.500,41.000,0.500,90.000,V_x40.0_y26.0_48.0_forward_left,V_x40.0_y26.0_48.0,V_x40.0_y26.0_48.0,left,forward,forward_left,1
5584,38.500,41.500,0.500,90.000,V_x40.0_y26.0_48.0_forward_left,V_x40.0_y26.0_48.0,V_x40.0_y26.0_48.0,left,forward,forward_left,1
5585,38.500,42.000,0.500,90.000,V_x40.0_y26.0_48.0_forward_left,V_x40.0_y26.0_48.0,V_x40.0_y26.0_48.0,left,forward,forward_left,1
5586,38.500,42.500,0.500,90.000,V_x40.0_y26.0_48.0_forward_left,V_x40.0_y26.0_48.0,V_x40.0_y26.0_48.0,left,forward,forward_left,1
5587,38.500,43.000,0.500,90.000,V_x40.0_y26.0_48.0_forward_left,V_x40.0_y26.0_48.0,V_x40.0_y26.0_48.0,left,forward,forward_left,1
5588,38.500,43.500,0.500,90.000,V_x40.0_y26.0_48.0_forward_left,V_x40.0_y26.0_48.0,V_x40.0_y26.0_48.0,left,forward,forward_left,1
5589,38.500,44.000,0.500,90.000,V_x40.0_y26.0_48.0_forward_left,V_x40.0_y26.0_48.0,V_x40.0_y26.0_48.0,left,forward,forward_left,1
5590,38.500,44.500,0.500,90.000,V_x40.0_y26.0_48.0_forward_left,V_x40.0_y26.0_48.0,V_x40.0_y26.0_48.0,left,forward,forward_left,1
5591,38.500,45.000,0.500,90.000,V_x40.0_y26.0_48.0_forward_left,V_x40.0_y26.0_48.0,V_x40.0_y26.0_48.0,left,forward,forward_left,1
5592,38.500,45.500,0.500,90.000,V_x40.0_y26.0_48.0_forward_left,V_x40.0_y26.0_48.0,V_x40.0_y26.0_48.0,left,forward,forward_left,1
5593,38.500,46.000,0.500,90.000,V_x40.0_y26.0_48.0_forward_left,V_x40.0_y26.0_48.0,V_x40.0_y26.0_48.0,left,forward,forward_left,1
5594,38.500,46.500,0.500,90.000,V_x40.0_y26.0_48.0_forward_left,V_x40.0_y26.0_48.0,V_x40.0_y26.0_48.0,left,forward,forward_left,1
5595,38.500,47.000,0.500,90.000,V_x40.0_y26.0_48.0_forward_left,V_x40.0_y26.0_48.0,V_x40.0_y26.0_48.0,left,forward,forward_left,1
5596,38.500,47.500,0.500,90.000,V_x40.0_y26.0_48.0_forward_left,V_x40.0_y26.0_48.0,V_x40.0_y26.0_48.0,left,forward,forward_left,1
5597,38.500,48.000,0.500,90.000,V_x40.0_y26.0_48.0_forward_left,V_x40.0_y26.0_48.0,V_x40.0_y26.0_48.0,left,forward,forward_left,0
5598,41.500,26.000,0.500,90.000,V_x40.0_y26.0_48.0_forward_right,V_x40.0_y26.0_48.0,V_x40.0_y26.0_48.0,right,forward,forward_right,1
5599,41.500,26.500,0.500,90.000,V_x40.0_y26.0_48.0_forward_right,V_x40.0_y26.0_48.0,V_x40.0_y26.0_48.0,right,forward,forward_right,1
5600,41.500,27.000,0.500,90.000,V_x40.0_y26.0_48.0_forward_right,V_x40.0_y26.0_48.0,V_x40.0_y26.0_48.0,right,forward,forward_right,1
5601,41.500,27.500,0.500,90.000,V_x40.0_y26.0_48.0_forward_right,V_x40.0_y26.0_48.0,V_x40.0_y26.0_48.0,right,forward,forward_right,1
5602,41.500,28.000,0.500,90.000,V_x40.0_y26.0_48.0_forward_right,V_x40.0_y26.0_48.0,V_x40.0_y26.0_48.0,right,forward,forward_right,1
5603,41.500,28.500,0.500,90.000,V_x40.0_y26.0_48.0_forward_right,V_x40.0_y26.0_48.0,V_x40.0_y26.0_48.0,right,forward,forward_right,1
5604,41.500,29.000,0.500,90.000,V_x40.0_y26.0_48.0_forward_right,V_x40.0_y26.0_48.0,V_x40.0_y26.0_48.0,right,forward,forward_right,1
5605,41.500,29.500,0.500,90.000,V_x40.0_y26.0_48.0_forward_right,V_x40.0_y26.0_48.0,V_x40.0_y26.0_48.0,right,forward,forward_right,1
5606,41.500,30.000,0.500,90.000,V_x40.0_y26.0_48.0_forward_right,V_x40.0_y26.0_48.0,V_x40.0_y26.0_48.0,right,forward,forward_right,1
5607,41.500,30.500,0.500,90.000,V_x40.0_y26.0_48.0_forward_right,V_x40.0_y26.0_48.0,V_x40.0_y26.0_48.0,right,forward,forward_right,1
5608,41.500,31.000,0.500,90.000,V_x40.0_y26.0_48.0_forward_right,V_x40.0_y26.0_48.0,V_x40.0_y26.0_48.0,right,forward,forward_right,1
5609,41.500,31.500,0.500,90.000,V_x40.0_y26.0_48.0_forward_right,V_x40.0_y26.0_48.0,V_x40.0_y26.0_48.0,right,forward,forward_right,1
5610,41.500,32.000,0.500,90.000,V_x40.0_y26.0_48.0_forward_right,V_x40.0_y26.0_48.0,V_x40.0_y26.0_48.0,right,forward,forward_right,1
5611,41.500,32.500,0.500,90.000,V_x40.0_y26.0_48.0_forward_right,V_x40.0_y26.0_48.0,V_x40.0_y26.0_48.0,right,forward,forward_right,1
5612,41.500,33.000,0.500,90.000,V_x40.0_y26.0_48.0_forward_right,V_x40.0_y26.0_48.0,V_x40.0_y26.0_48.0,right,forward,forward_right,1
5613,41.500,33.500,0.500,90.000,V_x40.0_y26.0_48.0_forward_right,V_x40.0_y26.0_48.0,V_x40.0_y26.0_48.0,right,forward,forward_right,1
5614,41.500,34.000,0.500,90.000,V_x40.0_y26.0_48.0_forward_right,V_x40.0_y26.0_48.0,V_x40.0_y26.0_48.0,right,forward,forward_right,1
5615,41.500,34.500,0.500,90.000,V_x40.0_y26.0_48.0_forward_right,V_x40.0_y26.0_48.0,V_x40.0_y26.0_48.0,right,forward,forward_right,1
5616,41.500,35.000,0.500,90.000,V_x40.0_y26.0_48.0_forward_right,V_x40.0_y26.0_48.0,V_x40.0_y26.0_48.0,right,forward,forward_right,1
5617,41.500,35.500,0.500,90.000,V_x40.0_y26.0_48.0_forward_right,V_x40.0_y26.0_48.0,V_x40.0_y26.0_48.0,right,forward,forward_right,1
5618,41.500,36.000,0.500,90.000,V_x40.0_y26.0_48.0_forward_right,V_x40.0_y26.0_48.0,V_x40.0_y26.0_48.0,right,forward,forward_right,1
5619,41.500,36.500,0.500,90.000,V_x40.0_y26.0_48.0_forward_right,V_x40.0_y26.0_48.0,V_x40.0_y26.0_48.0,right,forward,forward_right,1
5620,41.500,37.000,0.500,90.000,V_x40.0_y26.0_48.0_forward_right,V_x40.0_y26.0_48.0,V_x40.0_y26.0_48.0,right,forward,forward_right,1
5621,41.500,37.500,0.500,90.000,V_x40.0_y26.0_48.0_forward_right,V_x40.0_y26.0_48.0,V_x40.0_y26.0_48.0,right,forward,forward_right,1
5622,41.500,38.000,0.500,90.000,V_x40.0_y26.0_48.0_forward_right,V_x40.0_y26.0_48.0,V_x40.0_y26.0_48.0,right,forward,forward_right,1
5623,41.500,38.500,0.500,90.000,V_x40.0_y26.0_48.0_forward_right,V_x40.0_y26.0_48.0,V_x40.0_y26.0_48.0,right,forward,forward_right,1
5624,41.500,39.000,0.500,90.000,V_x40.0_y26.0_48.0_forward_right,V_x40.0_y26.0_48.0,V_x40.0_y26.0_48.0,right,forward,forward_right,1
5625,41.500,39.500,0.500,90.000,V_x40.0_y26.0_48.0_forward_right,V_x40.0_y26.0_48.0,V_x40.0_y26.0_48.0,right,forward,forward_right,1
5626,41.500,40.000,0.500,90.000,V_x40.0_y26.0_48.0_forward_right,V_x40.0_y26.0_48.0,V_x40.0_y26.0_48.0,right,forward,forward_right,1
5627,41.500,40.500,0.500,90.000,V_x40.0_y26.0_48.0_forward_right,V_x40.0_y26.0_48.0,V_x40.0_y26.0_48.0,right,forward,forward_right,1
5628,41.500,41.000,0.500,90.000,V_x40.0_y26.0_48.0_forward_right,V_x40.0_y26.0_48.0,V_x40.0_y26.0_48.0,right,forward,forward_right,1
5629,41.500,41.500,0.500,90.000,V_x40.0_y26.0_48.0_forward_right,V_x40.0_y26.0_48.0,V_x40.0_y26.0_48.0,right,forward,forward_right,1
5630,41.500,42.000,0.500,90.000,V_x40.0_y26.0_48.0_forward_right,V_x40.0_y26.0_48.0,V_x40.0_y26.0_48.0,right,forward,forward_right,1
5631,41.500,42.500,0.500,90.000,V_x40.0_y26.0_48.0_forward_right,V_x40.0_y26.0_48.0,V_x40.0_y26.0_48.0,right,forward,forward_right,1
5632,41.500,43.000,0.500,90.000,V_x40.0_y26.0_48.0_forward_right,V_x40.0_y26.0_48.0,V_x40.0_y26.0_48.0,right,forward,forward_right,1
5633,41.500,43.500,0.500,90.000,V_x40.0_y26.0_48.0_forward_right,V_x40.0_y26.0_48.0,V_x40.0_y26.0_48.0,right,forward,forward_right,1
5634,41.500,44.000,0.500,90.000,V_x40.0_y26.0_48.0_forward_right,V_x40.0_y26.0_48.0,V_x40.0_y26.0_48.0,right,forward,forward_right,1
5635,41.500,44.500,0.500,90.000,V_x40.0_y26.0_48.0_forward_right,V_x40.0_y26.0_48.0,V_x40.0_y26.0_48.0,right,forward,forward_right,1
5636,41.500,45.000,0.500,90.000,V_x40.0_y26.0_48.0_forward_right,V_x40.0_y26.0_48.0,V_x40.0_y26.0_48.0,right,forward,forward_right,1
5637,41.500,45.500,0.500,90.000,V_x40.0_y26.0_48.0_forward_right,V_x40.0_y26.0_48.0,V_x40.0_y26.0_48.0,right,forward,forward_right,1
5638,41.500,46.000,0.500,90.000,V_x40.0_y26.0_48.0_forward_right,V_x40.0_y26.0_48.0,V_x40.0_y26.0_48.0,right,forward,forward_right,1
5639,41.500,46.500,0.500,90.000,V_x40.0_y26.0_48.0_forward_right,V_x40.0_y26.0_48.0,V_x40.0_y26.0_48.0,right,forward,forward_right,1
5640,41.500,47.000,0.500,90.000,V_x40.0_y26.0_48.0_forward_right,V_x40.0_y26.0_48.0,V_x40.0_y26.0_48.0,right,forward,forward_right,1
5641,41.500,47.500,0.500,90.000,V_x40.0_y26.0_48.0_forward_right,V_x40.0_y26.0_48.0,V_x40.0_y26.0_48.0,right,forward,forward_right,1
5642,41.500,48.000,0.500,90.000,V_x40.0_y26.0_48.0_forward_right,V_x40.0_y26.0_48.0,V_x40.0_y26.0_48.0,right,forward,forward_right,0
5643,41.500,48.000,0.500,-90.000,V_x40.0_y26.0_48.0_reverse_left,V_x40.0_y26.0_48.0,V_x40.0_y26.0_48.0,left,reverse,reverse_left,1
5644,41.500,47.500,0.500,-90.000,V_x40.0_y26.0_48.0_reverse_left,V_x40.0_y26.0_48.0,V_x40.0_y26.0_48.0,left,reverse,reverse_left,1
5645,41.500,47.000,0.500,-90.000,V_x40.0_y26.0_48.0_reverse_left,V_x40.0_y26.0_48.0,V_x40.0_y26.0_48.0,left,reverse,reverse_left,1
5646,41.500,46.500,0.500,-90.000,V_x40.0_y26.0_48.0_reverse_left,V_x40.0_y26.0_48.0,V_x40.0_y26.0_48.0,left,reverse,reverse_left,1
5647,41.500,46.000,0.500,-90.000,V_x40.0_y26.0_48.0_reverse_left,V_x40.0_y26.0_48.0,V_x40.0_y26.0_48.0,left,reverse,reverse_left,1
5648,41.500,45.500,0.500,-90.000,V_x40.0_y26.0_48.0_reverse_left,V_x40.0_y26.0_48.0,V_x40.0_y26.0_48.0,left,reverse,reverse_left,1
5649,41.500,45.000,0.500,-90.000,V_x40.0_y26.0_48.0_reverse_left,V_x40.0_y26.0_48.0,V_x40.0_y26.0_48.0,left,reverse,reverse_left,1
5650,41.500,44.500,0.500,-90.000,V_x40.0_y26.0_48.0_reverse_left,V_x40.0_y26.0_48.0,V_x40.0_y26.0_48.0,left,reverse,reverse_left,1
5651,41.500,44.000,0.500,-90.000,V_x40.0_y26.0_48.0_reverse_left,V_x40.0_y26.0_48.0,V_x40.0_y26.0_48.0,left,reverse,reverse_left,1
5652,41.500,43.500,0.500,-90.000,V_x40.0_y26.0_48.0_reverse_left,V_x40.0_y26.0_48.0,V_x40.0_y26.0_48.0,left,reverse,reverse_left,1
5653,41.500,43.000,0.500,-90.000,V_x40.0_y26.0_48.0_reverse_left,V_x40.0_y26.0_48.0,V_x40.0_y26.0_48.0,left,reverse,reverse_left,1
5654,41.500,42.500,0.500,-90.000,V_x40.0_y26.0_48.0_reverse_left,V_x40.0_y26.0_48.0,V_x40.0_y26.0_48.0,left,reverse,reverse_left,1
5655,41.500,42.000,0.500,-90.000,V_x40.0_y26.0_48.0_reverse_left,V_x40.0_y26.0_48.0,V_x40.0_y26.0_48.0,left,reverse,reverse_left,1
5656,41.500,41.500,0.500,-90.000,V_x40.0_y26.0_48.0_reverse_left,V_x40.0_y26.0_48.0,V_x40.0_y26.0_48.0,left,reverse,reverse_left,1
5657,41.500,41.000,0.500,-90.000,V_x40.0_y26.0_48.0_reverse_left,V_x40.0_y26.0_48.0,V_x40.0_y26.0_48.0,left,reverse,reverse_left,1
5658,41.500,40.500,0.500,-90.000,V_x40.0_y26.0_48.0_reverse_left,V_x40.0_y26.0_48.0,V_x40.0_y26.0_48.0,left,reverse,reverse_left,1
5659,41.500,40.000,0.500,-90.000,V_x40.0_y26.0_48.0_reverse_left,V_x40.0_y26.0_48.0,V_x40.0_y26.0_48.0,left,reverse,reverse_left,1
5660,41.500,39.500,0.500,-90.000,V_x40.0_y26.0_48.0_reverse_left,V_x40.0_y26.0_48.0,V_x40.0_y26.0_48.0,left,reverse,reverse_left,1
5661,41.500,39.000,0.500,-90.000,V_x40.0_y26.0_48.0_reverse_left,V_x40.0_y26.0_48.0,V_x40.0_y26.0_48.0,left,reverse,reverse_left,1
5662,41.500,38.500,0.500,-90.000,V_x40.0_y26.0_48.0_reverse_left,V_x40.0_y26.0_48.0,V_x40.0_y26.0_48.0,left,reverse,reverse_left,1
5663,41.500,38.000,0.500,-90.000,V_x40.0_y26.0_48.0_reverse_left,V_x40.0_y26.0_48.0,V_x40.0_y26.0_48.0,left,reverse,reverse_left,1
5664,41.500,37.500,0.500,-90.000,V_x40.0_y26.0_48.0_reverse_left,V_x40.0_y26.0_48.0,V_x40.0_y26.0_48.0,left,reverse,reverse_left,1
5665,41.500,37.000,0.500,-90.000,V_x40.0_y26.0_48.0_reverse_left,V_x40.0_y26.0_48.0,V_x40.0_y26.0_48.0,left,reverse,reverse_left,1
5666,41.500,36.500,0.500,-90.000,V_x40.0_y26.0_48.0_reverse_left,V_x40.0_y26.0_48.0,V_x40.0_y26.0_48.0,left,reverse,reverse_left,1
5667,41.500,36.000,0.500,-90.000,V_x40.0_y26.0_48.0_reverse_left,V_x40.0_y26.0_48.0,V_x40.0_y26.0_48.0,left,reverse,reverse_left,1
5668,41.500,35.500,0.500,-90.000,V_x40.0_y26.0_48.0_reverse_left,V_x40.0_y26.0_48.0,V_x40.0_y26.0_48.0,left,reverse,reverse_left,1
5669,41.500,35.000,0.500,-90.000,V_x40.0_y26.0_48.0_reverse_left,V_x40.0_y26.0_48.0,V_x40.0_y26.0_48.0,left,reverse,reverse_left,1
5670,41.500,34.500,0.500,-90.000,V_x40.0_y26.0_48.0_reverse_left,V_x40.0_y26.0_48.0,V_x40.0_y26.0_48.0,left,reverse,reverse_left,1
5671,41.500,34.000,0.500,-90.000,V_x40.0_y26.0_48.0_reverse_left,V_x40.0_y26.0_48.0,V_x40.0_y26.0_48.0,left,reverse,reverse_left,1
5672,41.500,33.500,0.500,-90.000,V_x40.0_y26.0_48.0_reverse_left,V_x40.0_y26.0_48.0,V_x40.0_y26.0_48.0,left,reverse,reverse_left,1
5673,41.500,33.000,0.500,-90.000,V_x40.0_y26.0_48.0_reverse_left,V_x40.0_y26.0_48.0,V_x40.0_y26.0_48.0,left,reverse,reverse_left,1
5674,41.500,32.500,0.500,-90.000,V_x40.0_y26.0_48.0_reverse_left,V_x40.0_y26.0_48.0,V_x40.0_y26.0_48.0,left,reverse,reverse_left,1
5675,41.500,32.000,0.500,-90.000,V_x40.0_y26.0_48.0_reverse_left,V_x40.0_y26.0_48.0,V_x40.0_y26.0_48.0,left,reverse,reverse_left,1
5676,41.500,31.500,0.500,-90.000,V_x40.0_y26.0_48.0_reverse_left,V_x40.0_y26.0_48.0,V_x40.0_y26.0_48.0,left,reverse,reverse_left,1
5677,41.500,31.000,0.500,-90.000,V_x40.0_y26.0_48.0_reverse_left,V_x40.0_y26.0_48.0,V_x40.0_y26.0_48.0,left,reverse,reverse_left,1
5678,41.500,30.500,0.500,-90.000,V_x40.0_y26.0_48.0_reverse_left,V_x40.0_y26.0_48.0,V_x40.0_y26.0_48.0,left,reverse,reverse_left,1
5679,41.500,30.000,0.500,-90.000,V_x40.0_y26.0_48.0_reverse_left,V_x40.0_y26.0_48.0,V_x40.0_y26.0_48.0,left,reverse,reverse_left,1
5680,41.500,29.500,0.500,-90.000,V_x40.0_y26.0_48.0_reverse_left,V_x40.0_y26.0_48.0,V_x40.0_y26.0_48.0,left,reverse,reverse_left,1
5681,41.500,29.000,0.500,-90.000,V_x40.0_y26.0_48.0_reverse_left,V_x40.0_y26.0_48.0,V_x40.0_y26.0_48.0,left,reverse,reverse_left,1
5682,41.500,28.500,0.500,-90.000,V_x40.0_y26.0_48.0_reverse_left,V_x40.0_y26.0_48.0,V_x40.0_y26.0_48.0,left,reverse,reverse_left,1
5683,41.500,28.000,0.500,-90.000,V_x40.0_y26.0_48.0_reverse_left,V_x40.0_y26.0_48.0,V_x40.0_y26.0_48.0,left,reverse,reverse_left,1
5684,41.500,27.500,0.500,-90.000,V_x40.0_y26.0_48.0_reverse_left,V_x40.0_y26.0_48.0,V_x40.0_y26.0_48.0,left,reverse,reverse_left,1
5685,41.500,27.000,0.500,-90.000,V_x40.0_y26.0_48.0_reverse_left,V_x40.0_y26.0_48.0,V_x40.0_y26.0_48.0,left,reverse,reverse_left,1
5686,41.500,26.500,0.500,-90.000,V_x40.0_y26.0_48.0_reverse_left,V_x40.0_y26.0_48.0,V_x40.0_y26.0_48.0,left,reverse,reverse_left,1
5687,41.500,26.000,0.500,-90.000,V_x40.0_y26.0_48.0_reverse_left,V_x40.0_y26.0_48.0,V_x40.0_y26.0_48.0,left,reverse,reverse_left,0
5688,38.500,48.000,0.500,-90.000,V_x40.0_y26.0_48.0_reverse_right,V_x40.0_y26.0_48.0,V_x40.0_y26.0_48.0,right,reverse,reverse_right,1
5689,38.500,47.500,0.500,-90.000,V_x40.0_y26.0_48.0_reverse_right,V_x40.0_y26.0_48.0,V_x40.0_y26.0_48.0,right,reverse,reverse_right,1
5690,38.500,47.000,0.500,-90.000,V_x40.0_y26.0_48.0_reverse_right,V_x40.0_y26.0_48.0,V_x40.0_y26.0_48.0,right,reverse,reverse_right,1
5691,38.500,46.500,0.500,-90.000,V_x40.0_y26.0_48.0_reverse_right,V_x40.0_y26.0_48.0,V_x40.0_y26.0_48.0,right,reverse,reverse_right,1
5692,38.500,46.000,0.500,-90.000,V_x40.0_y26.0_48.0_reverse_right,V_x40.0_y26.0_48.0,V_x40.0_y26.0_48.0,right,reverse,reverse_right,1
5693,38.500,45.500,0.500,-90.000,V_x40.0_y26.0_48.0_reverse_right,V_x40.0_y26.0_48.0,V_x40.0_y26.0_48.0,right,reverse,reverse_right,1
5694,38.500,45.000,0.500,-90.000,V_x40.0_y26.0_48.0_reverse_right,V_x40.0_y26.0_48.0,V_x40.0_y26.0_48.0,right,reverse,reverse_right,1
5695,38.500,44.500,0.500,-90.000,V_x40.0_y26.0_48.0_reverse_right,V_x40.0_y26.0_48.0,V_x40.0_y26.0_48.0,right,reverse,reverse_right,1
5696,38.500,44.000,0.500,-90.000,V_x40.0_y26.0_48.0_reverse_right,V_x40.0_y26.0_48.0,V_x40.0_y26.0_48.0,right,reverse,reverse_right,1
5697,38.500,43.500,0.500,-90.000,V_x40.0_y26.0_48.0_reverse_right,V_x40.0_y26.0_48.0,V_x40.0_y26.0_48.0,right,reverse,reverse_right,1
5698,38.500,43.000,0.500,-90.000,V_x40.0_y26.0_48.0_reverse_right,V_x40.0_y26.0_48.0,V_x40.0_y26.0_48.0,right,reverse,reverse_right,1
5699,38.500,42.500,0.500,-90.000,V_x40.0_y26.0_48.0_reverse_right,V_x40.0_y26.0_48.0,V_x40.0_y26.0_48.0,right,reverse,reverse_right,1
5700,38.500,42.000,0.500,-90.000,V_x40.0_y26.0_48.0_reverse_right,V_x40.0_y26.0_48.0,V_x40.0_y26.0_48.0,right,reverse,reverse_right,1
5701,38.500,41.500,0.500,-90.000,V_x40.0_y26.0_48.0_reverse_right,V_x40.0_y26.0_48.0,V_x40.0_y26.0_48.0,right,reverse,reverse_right,1
5702,38.500,41.000,0.500,-90.000,V_x40.0_y26.0_48.0_reverse_right,V_x40.0_y26.0_48.0,V_x40.0_y26.0_48.0,right,reverse,reverse_right,1
5703,38.500,40.500,0.500,-90.000,V_x40.0_y26.0_48.0_reverse_right,V_x40.0_y26.0_48.0,V_x40.0_y26.0_48.0,right,reverse,reverse_right,1
5704,38.500,40.000,0.500,-90.000,V_x40.0_y26.0_48.0_reverse_right,V_x40.0_y26.0_48.0,V_x40.0_y26.0_48.0,right,reverse,reverse_right,1
5705,38.500,39.500,0.500,-90.000,V_x40.0_y26.0_48.0_reverse_right,V_x40.0_y26.0_48.0,V_x40.0_y26.0_48.0,right,reverse,reverse_right,1
5706,38.500,39.000,0.500,-90.000,V_x40.0_y26.0_48.0_reverse_right,V_x40.0_y26.0_48.0,V_x40.0_y26.0_48.0,right,reverse,reverse_right,1
5707,38.500,38.500,0.500,-90.000,V_x40.0_y26.0_48.0_reverse_right,V_x40.0_y26.0_48.0,V_x40.0_y26.0_48.0,right,reverse,reverse_right,1
5708,38.500,38.000,0.500,-90.000,V_x40.0_y26.0_48.0_reverse_right,V_x40.0_y26.0_48.0,V_x40.0_y26.0_48.0,right,reverse,reverse_right,1
5709,38.500,37.500,0.500,-90.000,V_x40.0_y26.0_48.0_reverse_right,V_x40.0_y26.0_48.0,V_x40.0_y26.0_48.0,right,reverse,reverse_right,1
5710,38.500,37.000,0.500,-90.000,V_x40.0_y26.0_48.0_reverse_right,V_x40.0_y26.0_48.0,V_x40.0_y26.0_48.0,right,reverse,reverse_right,1
5711,38.500,36.500,0.500,-90.000,V_x40.0_y26.0_48.0_reverse_right,V_x40.0_y26.0_48.0,V_x40.0_y26.0_48.0,right,reverse,reverse_right,1
5712,38.500,36.000,0.500,-90.000,V_x40.0_y26.0_48.0_reverse_right,V_x40.0_y26.0_48.0,V_x40.0_y26.0_48.0,right,reverse,reverse_right,1
5713,38.500,35.500,0.500,-90.000,V_x40.0_y26.0_48.0_reverse_right,V_x40.0_y26.0_48.0,V_x40.0_y26.0_48.0,right,reverse,reverse_right,1
5714,38.500,35.000,0.500,-90.000,V_x40.0_y26.0_48.0_reverse_right,V_x40.0_y26.0_48.0,V_x40.0_y26.0_48.0,right,reverse,reverse_right,1
5715,38.500,34.500,0.500,-90.000,V_x40.0_y26.0_48.0_reverse_right,V_x40.0_y26.0_48.0,V_x40.0_y26.0_48.0,right,reverse,reverse_right,1
5716,38.500,34.000,0.500,-90.000,V_x40.0_y26.0_48.0_reverse_right,V_x40.0_y26.0_48.0,V_x40.0_y26.0_48.0,right,reverse,reverse_right,1
5717,38.500,33.500,0.500,-90.000,V_x40.0_y26.0_48.0_reverse_right,V_x40.0_y26.0_48.0,V_x40.0_y26.0_48.0,right,reverse,reverse_right,1
5718,38.500,33.000,0.500,-90.000,V_x40.0_y26.0_48.0_reverse_right,V_x40.0_y26.0_48.0,V_x40.0_y26.0_48.0,right,reverse,reverse_right,1
5719,38.500,32.500,0.500,-90.000,V_x40.0_y26.0_48.0_reverse_right,V_x40.0_y26.0_48.0,V_x40.0_y26.0_48.0,right,reverse,reverse_right,1
5720,38.500,32.000,0.500,-90.000,V_x40.0_y26.0_48.0_reverse_right,V_x40.0_y26.0_48.0,V_x40.0_y26.0_48.0,right,reverse,reverse_right,1
5721,38.500,31.500,0.500,-90.000,V_x40.0_y26.0_48.0_reverse_right,V_x40.0_y26.0_48.0,V_x40.0_y26.0_48.0,right,reverse,reverse_right,1
5722,38.500,31.000,0.500,-90.000,V_x40.0_y26.0_48.0_reverse_right,V_x40.0_y26.0_48.0,V_x40.0_y26.0_48.0,right,reverse,reverse_right,1
5723,38.500,30.500,0.500,-90.000,V_x40.0_y26.0_48.0_reverse_right,V_x40.0_y26.0_48.0,V_x40.0_y26.0_48.0,right,reverse,reverse_right,1
5724,38.500,30.000,0.500,-90.000,V_x40.0_y26.0_48.0_reverse_right,V_x40.0_y26.0_48.0,V_x40.0_y26.0_48.0,right,reverse,reverse_right,1
5725,38.500,29.500,0.500,-90.000,V_x40.0_y26.0_48.0_reverse_right,V_x40.0_y26.0_48.0,V_x40.0_y26.0_48.0,right,reverse,reverse_right,1
5726,38.500,29.000,0.500,-90.000,V_x40.0_y26.0_48.0_reverse_right,V_x40.0_y26.0_48.0,V_x40.0_y26.0_48.0,right,reverse,reverse_right,1
5727,38.500,28.500,0.500,-90.000,V_x40.0_y26.0_48.0_reverse_right,V_x40.0_y26.0_48.0,V_x40.0_y26.0_48.0,right,reverse,reverse_right,1
5728,38.500,28.000,0.500,-90.000,V_x40.0_y26.0_48.0_reverse_right,V_x40.0_y26.0_48.0,V_x40.0_y26.0_48.0,right,reverse,reverse_right,1
5729,38.500,27.500,0.500,-90.000,V_x40.0_y26.0_48.0_reverse_right,V_x40.0_y26.0_48.0,V_x40.0_y26.0_48.0,right,reverse,reverse_right,1
5730,38.500,27.000,0.500,-90.000,V_x40.0_y26.0_48.0_reverse_right,V_x40.0_y26.0_48.0,V_x40.0_y26.0_48.0,right,reverse,reverse_right,1
5731,38.500,26.500,0.500,-90.000,V_x40.0_y26.0_48.0_reverse_right,V_x40.0_y26.0_48.0,V_x40.0_y26.0_48.0,right,reverse,reverse_right,1
5732,38.500,26.000,0.500,-90.000,V_x40.0_y26.0_48.0_reverse_right,V_x40.0_y26.0_48.0,V_x40.0_y26.0_48.0,right,reverse,reverse_right,0
5733,36.000,49.500,0.500,0.000,outer_top_right_conn0_forward_left,outer_top_right_conn0,outer_top_right_conn0,left,forward,forward_left,1
5734,36.500,49.500,0.500,0.000,outer_top_right_conn0_forward_left,outer_top_right_conn0,outer_top_right_conn0,left,forward,forward_left,1
5735,37.000,49.500,0.500,0.000,outer_top_right_conn0_forward_left,outer_top_right_conn0,outer_top_right_conn0,left,forward,forward_left,1
5736,37.500,49.500,0.500,0.000,outer_top_right_conn0_forward_left,outer_top_right_conn0,outer_top_right_conn0,left,forward,forward_left,1
5737,38.000,49.500,0.500,0.000,outer_top_right_conn0_forward_left,outer_top_right_conn0,outer_top_right_conn0,left,forward,forward_left,1
5738,38.500,49.500,0.500,0.000,outer_top_right_conn0_forward_left,outer_top_right_conn0,outer_top_right_conn0,left,forward,forward_left,1
5739,39.000,49.500,0.500,0.000,outer_top_right_conn0_forward_left,outer_top_right_conn0,outer_top_right_conn0,left,forward,forward_left,1
5740,39.500,49.500,0.500,0.000,outer_top_right_conn0_forward_left,outer_top_right_conn0,outer_top_right_conn0,left,forward,forward_left,1
5741,40.000,49.500,0.500,0.000,outer_top_right_conn0_forward_left,outer_top_right_conn0,outer_top_right_conn0,left,forward,forward_left,0
5742,36.000,46.500,0.500,0.000,outer_top_right_conn0_forward_right,outer_top_right_conn0,outer_top_right_conn0,right,forward,forward_right,1
5743,36.500,46.500,0.500,0.000,outer_top_right_conn0_forward_right,outer_top_right_conn0,outer_top_right_conn0,right,forward,forward_right,1
5744,37.000,46.500,0.500,0.000,outer_top_right_conn0_forward_right,outer_top_right_conn0,outer_top_right_conn0,right,forward,forward_right,1
5745,37.500,46.500,0.500,0.000,outer_top_right_conn0_forward_right,outer_top_right_conn0,outer_top_right_conn0,right,forward,forward_right,1
5746,38.000,46.500,0.500,0.000,outer_top_right_conn0_forward_right,outer_top_right_conn0,outer_top_right_conn0,right,forward,forward_right,1
5747,38.500,46.500,0.500,0.000,outer_top_right_conn0_forward_right,outer_top_right_conn0,outer_top_right_conn0,right,forward,forward_right,1
5748,39.000,46.500,0.500,0.000,outer_top_right_conn0_forward_right,outer_top_right_conn0,outer_top_right_conn0,right,forward,forward_right,1
5749,39.500,46.500,0.500,0.000,outer_top_right_conn0_forward_right,outer_top_right_conn0,outer_top_right_conn0,right,forward,forward_right,1
5750,40.000,46.500,0.500,0.000,outer_top_right_conn0_forward_right,outer_top_right_conn0,outer_top_right_conn0,right,forward,forward_right,0
5751,40.000,46.500,0.500,180.000,outer_top_right_conn0_reverse_left,outer_top_right_conn0,outer_top_right_conn0,left,reverse,reverse_left,1
5752,39.500,46.500,0.500,180.000,outer_top_right_conn0_reverse_left,outer_top_right_conn0,outer_top_right_conn0,left,reverse,reverse_left,1
5753,39.000,46.500,0.500,180.000,outer_top_right_conn0_reverse_left,outer_top_right_conn0,outer_top_right_conn0,left,reverse,reverse_left,1
5754,38.500,46.500,0.500,180.000,outer_top_right_conn0_reverse_left,outer_top_right_conn0,outer_top_right_conn0,left,reverse,reverse_left,1
5755,38.000,46.500,0.500,180.000,outer_top_right_conn0_reverse_left,outer_top_right_conn0,outer_top_right_conn0,left,reverse,reverse_left,1
5756,37.500,46.500,0.500,180.000,outer_top_right_conn0_reverse_left,outer_top_right_conn0,outer_top_right_conn0,left,reverse,reverse_left,1
5757,37.000,46.500,0.500,180.000,outer_top_right_conn0_reverse_left,outer_top_right_conn0,outer_top_right_conn0,left,reverse,reverse_left,1
5758,36.500,46.500,0.500,180.000,outer_top_right_conn0_reverse_left,outer_top_right_conn0,outer_top_right_conn0,left,reverse,reverse_left,1
5759,36.000,46.500,0.500,180.000,outer_top_right_conn0_reverse_left,outer_top_right_conn0,outer_top_right_conn0,left,reverse,reverse_left,0
5760,40.000,49.500,0.500,180.000,outer_top_right_conn0_reverse_right,outer_top_right_conn0,outer_top_right_conn0,right,reverse,reverse_right,1
5761,39.500,49.500,0.500,180.000,outer_top_right_conn0_reverse_right,outer_top_right_conn0,outer_top_right_conn0,right,reverse,reverse_right,1
5762,39.000,49.500,0.500,180.000,outer_top_right_conn0_reverse_right,outer_top_right_conn0,outer_top_right_conn0,right,reverse,reverse_right,1
5763,38.500,49.500,0.500,180.000,outer_top_right_conn0_reverse_right,outer_top_right_conn0,outer_top_right_conn0,right,reverse,reverse_right,1
5764,38.000,49.500,0.500,180.000,outer_top_right_conn0_reverse_right,outer_top_right_conn0,outer_top_right_conn0,right,reverse,reverse_right,1
5765,37.500,49.500,0.500,180.000,outer_top_right_conn0_reverse_right,outer_top_right_conn0,outer_top_right_conn0,right,reverse,reverse_right,1
5766,37.000,49.500,0.500,180.000,outer_top_right_conn0_reverse_right,outer_top_right_conn0,outer_top_right_conn0,right,reverse,reverse_right,1
5767,36.500,49.500,0.500,180.000,outer_top_right_conn0_reverse_right,outer_top_right_conn0,outer_top_right_conn0,right,reverse,reverse_right,1
5768,36.000,49.500,0.500,180.000,outer_top_right_conn0_reverse_right,outer_top_right_conn0,outer_top_right_conn0,right,reverse,reverse_right,0
5769,38.500,44.000,0.500,90.000,outer_top_right_conn1_forward_left,outer_top_right_conn1,outer_top_right_conn1,left,forward,forward_left,1
5770,38.500,44.500,0.500,90.000,outer_top_right_conn1_forward_left,outer_top_right_conn1,outer_top_right_conn1,left,forward,forward_left,1
5771,38.500,45.000,0.500,90.000,outer_top_right_conn1_forward_left,outer_top_right_conn1,outer_top_right_conn1,left,forward,forward_left,1
5772,38.500,45.500,0.500,90.000,outer_top_right_conn1_forward_left,outer_top_right_conn1,outer_top_right_conn1,left,forward,forward_left,1
5773,38.500,46.000,0.500,90.000,outer_top_right_conn1_forward_left,outer_top_right_conn1,outer_top_right_conn1,left,forward,forward_left,1
5774,38.500,46.500,0.500,90.000,outer_top_right_conn1_forward_left,outer_top_right_conn1,outer_top_right_conn1,left,forward,forward_left,1
5775,38.500,47.000,0.500,90.000,outer_top_right_conn1_forward_left,outer_top_right_conn1,outer_top_right_conn1,left,forward,forward_left,1
5776,38.500,47.500,0.500,90.000,outer_top_right_conn1_forward_left,outer_top_right_conn1,outer_top_right_conn1,left,forward,forward_left,1
5777,38.500,48.000,0.500,90.000,outer_top_right_conn1_forward_left,outer_top_right_conn1,outer_top_right_conn1,left,forward,forward_left,0
5778,41.500,44.000,0.500,90.000,outer_top_right_conn1_forward_right,outer_top_right_conn1,outer_top_right_conn1,right,forward,forward_right,1
5779,41.500,44.500,0.500,90.000,outer_top_right_conn1_forward_right,outer_top_right_conn1,outer_top_right_conn1,right,forward,forward_right,1
5780,41.500,45.000,0.500,90.000,outer_top_right_conn1_forward_right,outer_top_right_conn1,outer_top_right_conn1,right,forward,forward_right,1
5781,41.500,45.500,0.500,90.000,outer_top_right_conn1_forward_right,outer_top_right_conn1,outer_top_right_conn1,right,forward,forward_right,1
5782,41.500,46.000,0.500,90.000,outer_top_right_conn1_forward_right,outer_top_right_conn1,outer_top_right_conn1,right,forward,forward_right,1
5783,41.500,46.500,0.500,90.000,outer_top_right_conn1_forward_right,outer_top_right_conn1,outer_top_right_conn1,right,forward,forward_right,1
5784,41.500,47.000,0.500,90.000,outer_top_right_conn1_forward_right,outer_top_right_conn1,outer_top_right_conn1,right,forward,forward_right,1
5785,41.500,47.500,0.500,90.000,outer_top_right_conn1_forward_right,outer_top_right_conn1,outer_top_right_conn1,right,forward,forward_right,1
5786,41.500,48.000,0.500,90.000,outer_top_right_conn1_forward_right,outer_top_right_conn1,outer_top_right_conn1,right,forward,forward_right,0
5787,41.500,48.000,0.500,-90.000,outer_top_right_conn1_reverse_left,outer_top_right_conn1,outer_top_right_conn1,left,reverse,reverse_left,1
5788,41.500,47.500,0.500,-90.000,outer_top_right_conn1_reverse_left,outer_top_right_conn1,outer_top_right_conn1,left,reverse,reverse_left,1
5789,41.500,47.000,0.500,-90.000,outer_top_right_conn1_reverse_left,outer_top_right_conn1,outer_top_right_conn1,left,reverse,reverse_left,1
5790,41.500,46.500,0.500,-90.000,outer_top_right_conn1_reverse_left,outer_top_right_conn1,outer_top_right_conn1,left,reverse,reverse_left,1
5791,41.500,46.000,0.500,-90.000,outer_top_right_conn1_reverse_left,outer_top_right_conn1,outer_top_right_conn1,left,reverse,reverse_left,1
5792,41.500,45.500,0.500,-90.000,outer_top_right_conn1_reverse_left,outer_top_right_conn1,outer_top_right_conn1,left,reverse,reverse_left,1
5793,41.500,45.000,0.500,-90.000,outer_top_right_conn1_reverse_left,outer_top_right_conn1,outer_top_right_conn1,left,reverse,reverse_left,1
5794,41.500,44.500,0.500,-90.000,outer_top_right_conn1_reverse_left,outer_top_right_conn1,outer_top_right_conn1,left,reverse,reverse_left,1
5795,41.500,44.000,0.500,-90.000,outer_top_right_conn1_reverse_left,outer_top_right_conn1,outer_top_right_conn1,left,reverse,reverse_left,0
5796,38.500,48.000,0.500,-90.000,outer_top_right_conn1_reverse_right,outer_top_right_conn1,outer_top_right_conn1,right,reverse,reverse_right,1
5797,38.500,47.500,0.500,-90.000,outer_top_right_conn1_reverse_right,outer_top_right_conn1,outer_top_right_conn1,right,reverse,reverse_right,1
5798,38.500,47.000,0.500,-90.000,outer_top_right_conn1_reverse_right,outer_top_right_conn1,outer_top_right_conn1,right,reverse,reverse_right,1
5799,38.500,46.500,0.500,-90.000,outer_top_right_conn1_reverse_right,outer_top_right_conn1,outer_top_right_conn1,right,reverse,reverse_right,1
5800,38.500,46.000,0.500,-90.000,outer_top_right_conn1_reverse_right,outer_top_right_conn1,outer_top_right_conn1,right,reverse,reverse_right,1
5801,38.500,45.500,0.500,-90.000,outer_top_right_conn1_reverse_right,outer_top_right_conn1,outer_top_right_conn1,right,reverse,reverse_right,1
5802,38.500,45.000,0.500,-90.000,outer_top_right_conn1_reverse_right,outer_top_right_conn1,outer_top_right_conn1,right,reverse,reverse_right,1
5803,38.500,44.500,0.500,-90.000,outer_top_right_conn1_reverse_right,outer_top_right_conn1,outer_top_right_conn1,right,reverse,reverse_right,1
5804,38.500,44.000,0.500,-90.000,outer_top_right_conn1_reverse_right,outer_top_right_conn1,outer_top_right_conn1,right,reverse,reverse_right,0
5805,38.500,-3.000,0.500,90.000,V_x40.0_y-3.0_26.0_forward_left,V_x40.0_y-3.0_26.0,V_x40.0_y-3.0_26.0,left,forward,forward_left,1
5806,38.500,-2.500,0.500,90.000,V_x40.0_y-3.0_26.0_forward_left,V_x40.0_y-3.0_26.0,V_x40.0_y-3.0_26.0,left,forward,forward_left,1
5807,38.500,-2.000,0.500,90.000,V_x40.0_y-3.0_26.0_forward_left,V_x40.0_y-3.0_26.0,V_x40.0_y-3.0_26.0,left,forward,forward_left,1
5808,38.500,-1.500,0.500,90.000,V_x40.0_y-3.0_26.0_forward_left,V_x40.0_y-3.0_26.0,V_x40.0_y-3.0_26.0,left,forward,forward_left,1
5809,38.500,-1.000,0.500,90.000,V_x40.0_y-3.0_26.0_forward_left,V_x40.0_y-3.0_26.0,V_x40.0_y-3.0_26.0,left,forward,forward_left,1
5810,38.500,-0.500,0.500,90.000,V_x40.0_y-3.0_26.0_forward_left,V_x40.0_y-3.0_26.0,V_x40.0_y-3.0_26.0,left,forward,forward_left,1
5811,38.500,0.000,0.500,90.000,V_x40.0_y-3.0_26.0_forward_left,V_x40.0_y-3.0_26.0,V_x40.0_y-3.0_26.0,left,forward,forward_left,1
5812,38.500,0.500,0.500,90.000,V_x40.0_y-3.0_26.0_forward_left,V_x40.0_y-3.0_26.0,V_x40.0_y-3.0_26.0,left,forward,forward_left,1
5813,38.500,1.000,0.500,90.000,V_x40.0_y-3.0_26.0_forward_left,V_x40.0_y-3.0_26.0,V_x40.0_y-3.0_26.0,left,forward,forward_left,1
5814,38.500,1.500,0.500,90.000,V_x40.0_y-3.0_26.0_forward_left,V_x40.0_y-3.0_26.0,V_x40.0_y-3.0_26.0,left,forward,forward_left,1
5815,38.500,2.000,0.500,90.000,V_x40.0_y-3.0_26.0_forward_left,V_x40.0_y-3.0_26.0,V_x40.0_y-3.0_26.0,left,forward,forward_left,1
5816,38.500,2.500,0.500,90.000,V_x40.0_y-3.0_26.0_forward_left,V_x40.0_y-3.0_26.0,V_x40.0_y-3.0_26.0,left,forward,forward_left,1
5817,38.500,3.000,0.500,90.000,V_x40.0_y-3.0_26.0_forward_left,V_x40.0_y-3.0_26.0,V_x40.0_y-3.0_26.0,left,forward,forward_left,1
5818,38.500,3.500,0.500,90.000,V_x40.0_y-3.0_26.0_forward_left,V_x40.0_y-3.0_26.0,V_x40.0_y-3.0_26.0,left,forward,forward_left,1
5819,38.500,4.000,0.500,90.000,V_x40.0_y-3.0_26.0_forward_left,V_x40.0_y-3.0_26.0,V_x40.0_y-3.0_26.0,left,forward,forward_left,1
5820,38.500,4.500,0.500,90.000,V_x40.0_y-3.0_26.0_forward_left,V_x40.0_y-3.0_26.0,V_x40.0_y-3.0_26.0,left,forward,forward_left,1
5821,38.500,5.000,0.500,90.000,V_x40.0_y-3.0_26.0_forward_left,V_x40.0_y-3.0_26.0,V_x40.0_y-3.0_26.0,left,forward,forward_left,1
5822,38.500,5.500,0.500,90.000,V_x40.0_y-3.0_26.0_forward_left,V_x40.0_y-3.0_26.0,V_x40.0_y-3.0_26.0,left,forward,forward_left,1
5823,38.500,6.000,0.500,90.000,V_x40.0_y-3.0_26.0_forward_left,V_x40.0_y-3.0_26.0,V_x40.0_y-3.0_26.0,left,forward,forward_left,1
5824,38.500,6.500,0.500,90.000,V_x40.0_y-3.0_26.0_forward_left,V_x40.0_y-3.0_26.0,V_x40.0_y-3.0_26.0,left,forward,forward_left,1
5825,38.500,7.000,0.500,90.000,V_x40.0_y-3.0_26.0_forward_left,V_x40.0_y-3.0_26.0,V_x40.0_y-3.0_26.0,left,forward,forward_left,1
5826,38.500,7.500,0.500,90.000,V_x40.0_y-3.0_26.0_forward_left,V_x40.0_y-3.0_26.0,V_x40.0_y-3.0_26.0,left,forward,forward_left,1
5827,38.500,8.000,0.500,90.000,V_x40.0_y-3.0_26.0_forward_left,V_x40.0_y-3.0_26.0,V_x40.0_y-3.0_26.0,left,forward,forward_left,1
5828,38.500,8.500,0.500,90.000,V_x40.0_y-3.0_26.0_forward_left,V_x40.0_y-3.0_26.0,V_x40.0_y-3.0_26.0,left,forward,forward_left,1
5829,38.500,9.000,0.500,90.000,V_x40.0_y-3.0_26.0_forward_left,V_x40.0_y-3.0_26.0,V_x40.0_y-3.0_26.0,left,forward,forward_left,1
5830,38.500,9.500,0.500,90.000,V_x40.0_y-3.0_26.0_forward_left,V_x40.0_y-3.0_26.0,V_x40.0_y-3.0_26.0,left,forward,forward_left,1
5831,38.500,10.000,0.500,90.000,V_x40.0_y-3.0_26.0_forward_left,V_x40.0_y-3.0_26.0,V_x40.0_y-3.0_26.0,left,forward,forward_left,1
5832,38.500,10.500,0.500,90.000,V_x40.0_y-3.0_26.0_forward_left,V_x40.0_y-3.0_26.0,V_x40.0_y-3.0_26.0,left,forward,forward_left,1
5833,38.500,11.000,0.500,90.000,V_x40.0_y-3.0_26.0_forward_left,V_x40.0_y-3.0_26.0,V_x40.0_y-3.0_26.0,left,forward,forward_left,1
5834,38.500,11.500,0.500,90.000,V_x40.0_y-3.0_26.0_forward_left,V_x40.0_y-3.0_26.0,V_x40.0_y-3.0_26.0,left,forward,forward_left,1
5835,38.500,12.000,0.500,90.000,V_x40.0_y-3.0_26.0_forward_left,V_x40.0_y-3.0_26.0,V_x40.0_y-3.0_26.0,left,forward,forward_left,1
5836,38.500,12.500,0.500,90.000,V_x40.0_y-3.0_26.0_forward_left,V_x40.0_y-3.0_26.0,V_x40.0_y-3.0_26.0,left,forward,forward_left,1
5837,38.500,13.000,0.500,90.000,V_x40.0_y-3.0_26.0_forward_left,V_x40.0_y-3.0_26.0,V_x40.0_y-3.0_26.0,left,forward,forward_left,1
5838,38.500,13.500,0.500,90.000,V_x40.0_y-3.0_26.0_forward_left,V_x40.0_y-3.0_26.0,V_x40.0_y-3.0_26.0,left,forward,forward_left,1
5839,38.500,14.000,0.500,90.000,V_x40.0_y-3.0_26.0_forward_left,V_x40.0_y-3.0_26.0,V_x40.0_y-3.0_26.0,left,forward,forward_left,1
5840,38.500,14.500,0.500,90.000,V_x40.0_y-3.0_26.0_forward_left,V_x40.0_y-3.0_26.0,V_x40.0_y-3.0_26.0,left,forward,forward_left,1
5841,38.500,15.000,0.500,90.000,V_x40.0_y-3.0_26.0_forward_left,V_x40.0_y-3.0_26.0,V_x40.0_y-3.0_26.0,left,forward,forward_left,1
5842,38.500,15.500,0.500,90.000,V_x40.0_y-3.0_26.0_forward_left,V_x40.0_y-3.0_26.0,V_x40.0_y-3.0_26.0,left,forward,forward_left,1
5843,38.500,16.000,0.500,90.000,V_x40.0_y-3.0_26.0_forward_left,V_x40.0_y-3.0_26.0,V_x40.0_y-3.0_26.0,left,forward,forward_left,1
5844,38.500,16.500,0.500,90.000,V_x40.0_y-3.0_26.0_forward_left,V_x40.0_y-3.0_26.0,V_x40.0_y-3.0_26.0,left,forward,forward_left,1
5845,38.500,17.000,0.500,90.000,V_x40.0_y-3.0_26.0_forward_left,V_x40.0_y-3.0_26.0,V_x40.0_y-3.0_26.0,left,forward,forward_left,1
5846,38.500,17.500,0.500,90.000,V_x40.0_y-3.0_26.0_forward_left,V_x40.0_y-3.0_26.0,V_x40.0_y-3.0_26.0,left,forward,forward_left,1
5847,38.500,18.000,0.500,90.000,V_x40.0_y-3.0_26.0_forward_left,V_x40.0_y-3.0_26.0,V_x40.0_y-3.0_26.0,left,forward,forward_left,1
5848,38.500,18.500,0.500,90.000,V_x40.0_y-3.0_26.0_forward_left,V_x40.0_y-3.0_26.0,V_x40.0_y-3.0_26.0,left,forward,forward_left,1
5849,38.500,19.000,0.500,90.000,V_x40.0_y-3.0_26.0_forward_left,V_x40.0_y-3.0_26.0,V_x40.0_y-3.0_26.0,left,forward,forward_left,1
5850,38.500,19.500,0.500,90.000,V_x40.0_y-3.0_26.0_forward_left,V_x40.0_y-3.0_26.0,V_x40.0_y-3.0_26.0,left,forward,forward_left,1
5851,38.500,20.000,0.500,90.000,V_x40.0_y-3.0_26.0_forward_left,V_x40.0_y-3.0_26.0,V_x40.0_y-3.0_26.0,left,forward,forward_left,1
5852,38.500,20.500,0.500,90.000,V_x40.0_y-3.0_26.0_forward_left,V_x40.0_y-3.0_26.0,V_x40.0_y-3.0_26.0,left,forward,forward_left,1
5853,38.500,21.000,0.500,90.000,V_x40.0_y-3.0_26.0_forward_left,V_x40.0_y-3.0_26.0,V_x40.0_y-3.0_26.0,left,forward,forward_left,1
5854,38.500,21.500,0.500,90.000,V_x40.0_y-3.0_26.0_forward_left,V_x40.0_y-3.0_26.0,V_x40.0_y-3.0_26.0,left,forward,forward_left,1
5855,38.500,22.000,0.500,90.000,V_x40.0_y-3.0_26.0_forward_left,V_x40.0_y-3.0_26.0,V_x40.0_y-3.0_26.0,left,forward,forward_left,1
5856,38.500,22.500,0.500,90.000,V_x40.0_y-3.0_26.0_forward_left,V_x40.0_y-3.0_26.0,V_x40.0_y-3.0_26.0,left,forward,forward_left,1
5857,38.500,23.000,0.500,90.000,V_x40.0_y-3.0_26.0_forward_left,V_x40.0_y-3.0_26.0,V_x40.0_y-3.0_26.0,left,forward,forward_left,1
5858,38.500,23.500,0.500,90.000,V_x40.0_y-3.0_26.0_forward_left,V_x40.0_y-3.0_26.0,V_x40.0_y-3.0_26.0,left,forward,forward_left,1
5859,38.500,24.000,0.500,90.000,V_x40.0_y-3.0_26.0_forward_left,V_x40.0_y-3.0_26.0,V_x40.0_y-3.0_26.0,left,forward,forward_left,1
5860,38.500,24.500,0.500,90.000,V_x40.0_y-3.0_26.0_forward_left,V_x40.0_y-3.0_26.0,V_x40.0_y-3.0_26.0,left,forward,forward_left,1
5861,38.500,25.000,0.500,90.000,V_x40.0_y-3.0_26.0_forward_left,V_x40.0_y-3.0_26.0,V_x40.0_y-3.0_26.0,left,forward,forward_left,1
5862,38.500,25.500,0.500,90.000,V_x40.0_y-3.0_26.0_forward_left,V_x40.0_y-3.0_26.0,V_x40.0_y-3.0_26.0,left,forward,forward_left,1
5863,38.500,26.000,0.500,90.000,V_x40.0_y-3.0_26.0_forward_left,V_x40.0_y-3.0_26.0,V_x40.0_y-3.0_26.0,left,forward,forward_left,0
5864,41.500,-3.000,0.500,90.000,V_x40.0_y-3.0_26.0_forward_right,V_x40.0_y-3.0_26.0,V_x40.0_y-3.0_26.0,right,forward,forward_right,1
5865,41.500,-2.500,0.500,90.000,V_x40.0_y-3.0_26.0_forward_right,V_x40.0_y-3.0_26.0,V_x40.0_y-3.0_26.0,right,forward,forward_right,1
5866,41.500,-2.000,0.500,90.000,V_x40.0_y-3.0_26.0_forward_right,V_x40.0_y-3.0_26.0,V_x40.0_y-3.0_26.0,right,forward,forward_right,1
5867,41.500,-1.500,0.500,90.000,V_x40.0_y-3.0_26.0_forward_right,V_x40.0_y-3.0_26.0,V_x40.0_y-3.0_26.0,right,forward,forward_right,1
5868,41.500,-1.000,0.500,90.000,V_x40.0_y-3.0_26.0_forward_right,V_x40.0_y-3.0_26.0,V_x40.0_y-3.0_26.0,right,forward,forward_right,1
5869,41.500,-0.500,0.500,90.000,V_x40.0_y-3.0_26.0_forward_right,V_x40.0_y-3.0_26.0,V_x40.0_y-3.0_26.0,right,forward,forward_right,1
5870,41.500,-0.000,0.500,90.000,V_x40.0_y-3.0_26.0_forward_right,V_x40.0_y-3.0_26.0,V_x40.0_y-3.0_26.0,right,forward,forward_right,1
5871,41.500,0.500,0.500,90.000,V_x40.0_y-3.0_26.0_forward_right,V_x40.0_y-3.0_26.0,V_x40.0_y-3.0_26.0,right,forward,forward_right,1
5872,41.500,1.000,0.500,90.000,V_x40.0_y-3.0_26.0_forward_right,V_x40.0_y-3.0_26.0,V_x40.0_y-3.0_26.0,right,forward,forward_right,1
5873,41.500,1.500,0.500,90.000,V_x40.0_y-3.0_26.0_forward_right,V_x40.0_y-3.0_26.0,V_x40.0_y-3.0_26.0,right,forward,forward_right,1
5874,41.500,2.000,0.500,90.000,V_x40.0_y-3.0_26.0_forward_right,V_x40.0_y-3.0_26.0,V_x40.0_y-3.0_26.0,right,forward,forward_right,1
5875,41.500,2.500,0.500,90.000,V_x40.0_y-3.0_26.0_forward_right,V_x40.0_y-3.0_26.0,V_x40.0_y-3.0_26.0,right,forward,forward_right,1
5876,41.500,3.000,0.500,90.000,V_x40.0_y-3.0_26.0_forward_right,V_x40.0_y-3.0_26.0,V_x40.0_y-3.0_26.0,right,forward,forward_right,1
5877,41.500,3.500,0.500,90.000,V_x40.0_y-3.0_26.0_forward_right,V_x40.0_y-3.0_26.0,V_x40.0_y-3.0_26.0,right,forward,forward_right,1
5878,41.500,4.000,0.500,90.000,V_x40.0_y-3.0_26.0_forward_right,V_x40.0_y-3.0_26.0,V_x40.0_y-3.0_26.0,right,forward,forward_right,1
5879,41.500,4.500,0.500,90.000,V_x40.0_y-3.0_26.0_forward_right,V_x40.0_y-3.0_26.0,V_x40.0_y-3.0_26.0,right,forward,forward_right,1
5880,41.500,5.000,0.500,90.000,V_x40.0_y-3.0_26.0_forward_right,V_x40.0_y-3.0_26.0,V_x40.0_y-3.0_26.0,right,forward,forward_right,1
5881,41.500,5.500,0.500,90.000,V_x40.0_y-3.0_26.0_forward_right,V_x40.0_y-3.0_26.0,V_x40.0_y-3.0_26.0,right,forward,forward_right,1
5882,41.500,6.000,0.500,90.000,V_x40.0_y-3.0_26.0_forward_right,V_x40.0_y-3.0_26.0,V_x40.0_y-3.0_26.0,right,forward,forward_right,1
5883,41.500,6.500,0.500,90.000,V_x40.0_y-3.0_26.0_forward_right,V_x40.0_y-3.0_26.0,V_x40.0_y-3.0_26.0,right,forward,forward_right,1
5884,41.500,7.000,0.500,90.000,V_x40.0_y-3.0_26.0_forward_right,V_x40.0_y-3.0_26.0,V_x40.0_y-3.0_26.0,right,forward,forward_right,1
5885,41.500,7.500,0.500,90.000,V_x40.0_y-3.0_26.0_forward_right,V_x40.0_y-3.0_26.0,V_x40.0_y-3.0_26.0,right,forward,forward_right,1
5886,41.500,8.000,0.500,90.000,V_x40.0_y-3.0_26.0_forward_right,V_x40.0_y-3.0_26.0,V_x40.0_y-3.0_26.0,right,forward,forward_right,1
5887,41.500,8.500,0.500,90.000,V_x40.0_y-3.0_26.0_forward_right,V_x40.0_y-3.0_26.0,V_x40.0_y-3.0_26.0,right,forward,forward_right,1
5888,41.500,9.000,0.500,90.000,V_x40.0_y-3.0_26.0_forward_right,V_x40.0_y-3.0_26.0,V_x40.0_y-3.0_26.0,right,forward,forward_right,1
5889,41.500,9.500,0.500,90.000,V_x40.0_y-3.0_26.0_forward_right,V_x40.0_y-3.0_26.0,V_x40.0_y-3.0_26.0,right,forward,forward_right,1
5890,41.500,10.000,0.500,90.000,V_x40.0_y-3.0_26.0_forward_right,V_x40.0_y-3.0_26.0,V_x40.0_y-3.0_26.0,right,forward,forward_right,1
5891,41.500,10.500,0.500,90.000,V_x40.0_y-3.0_26.0_forward_right,V_x40.0_y-3.0_26.0,V_x40.0_y-3.0_26.0,right,forward,forward_right,1
5892,41.500,11.000,0.500,90.000,V_x40.0_y-3.0_26.0_forward_right,V_x40.0_y-3.0_26.0,V_x40.0_y-3.0_26.0,right,forward,forward_right,1
5893,41.500,11.500,0.500,90.000,V_x40.0_y-3.0_26.0_forward_right,V_x40.0_y-3.0_26.0,V_x40.0_y-3.0_26.0,right,forward,forward_right,1
5894,41.500,12.000,0.500,90.000,V_x40.0_y-3.0_26.0_forward_right,V_x40.0_y-3.0_26.0,V_x40.0_y-3.0_26.0,right,forward,forward_right,1
5895,41.500,12.500,0.500,90.000,V_x40.0_y-3.0_26.0_forward_right,V_x40.0_y-3.0_26.0,V_x40.0_y-3.0_26.0,right,forward,forward_right,1
5896,41.500,13.000,0.500,90.000,V_x40.0_y-3.0_26.0_forward_right,V_x40.0_y-3.0_26.0,V_x40.0_y-3.0_26.0,right,forward,forward_right,1
5897,41.500,13.500,0.500,90.000,V_x40.0_y-3.0_26.0_forward_right,V_x40.0_y-3.0_26.0,V_x40.0_y-3.0_26.0,right,forward,forward_right,1
5898,41.500,14.000,0.500,90.000,V_x40.0_y-3.0_26.0_forward_right,V_x40.0_y-3.0_26.0,V_x40.0_y-3.0_26.0,right,forward,forward_right,1
5899,41.500,14.500,0.500,90.000,V_x40.0_y-3.0_26.0_forward_right,V_x40.0_y-3.0_26.0,V_x40.0_y-3.0_26.0,right,forward,forward_right,1
5900,41.500,15.000,0.500,90.000,V_x40.0_y-3.0_26.0_forward_right,V_x40.0_y-3.0_26.0,V_x40.0_y-3.0_26.0,right,forward,forward_right,1
5901,41.500,15.500,0.500,90.000,V_x40.0_y-3.0_26.0_forward_right,V_x40.0_y-3.0_26.0,V_x40.0_y-3.0_26.0,right,forward,forward_right,1
5902,41.500,16.000,0.500,90.000,V_x40.0_y-3.0_26.0_forward_right,V_x40.0_y-3.0_26.0,V_x40.0_y-3.0_26.0,right,forward,forward_right,1
5903,41.500,16.500,0.500,90.000,V_x40.0_y-3.0_26.0_forward_right,V_x40.0_y-3.0_26.0,V_x40.0_y-3.0_26.0,right,forward,forward_right,1
5904,41.500,17.000,0.500,90.000,V_x40.0_y-3.0_26.0_forward_right,V_x40.0_y-3.0_26.0,V_x40.0_y-3.0_26.0,right,forward,forward_right,1
5905,41.500,17.500,0.500,90.000,V_x40.0_y-3.0_26.0_forward_right,V_x40.0_y-3.0_26.0,V_x40.0_y-3.0_26.0,right,forward,forward_right,1
5906,41.500,18.000,0.500,90.000,V_x40.0_y-3.0_26.0_forward_right,V_x40.0_y-3.0_26.0,V_x40.0_y-3.0_26.0,right,forward,forward_right,1
5907,41.500,18.500,0.500,90.000,V_x40.0_y-3.0_26.0_forward_right,V_x40.0_y-3.0_26.0,V_x40.0_y-3.0_26.0,right,forward,forward_right,1
5908,41.500,19.000,0.500,90.000,V_x40.0_y-3.0_26.0_forward_right,V_x40.0_y-3.0_26.0,V_x40.0_y-3.0_26.0,right,forward,forward_right,1
5909,41.500,19.500,0.500,90.000,V_x40.0_y-3.0_26.0_forward_right,V_x40.0_y-3.0_26.0,V_x40.0_y-3.0_26.0,right,forward,forward_right,1
5910,41.500,20.000,0.500,90.000,V_x40.0_y-3.0_26.0_forward_right,V_x40.0_y-3.0_26.0,V_x40.0_y-3.0_26.0,right,forward,forward_right,1
5911,41.500,20.500,0.500,90.000,V_x40.0_y-3.0_26.0_forward_right,V_x40.0_y-3.0_26.0,V_x40.0_y-3.0_26.0,right,forward,forward_right,1
5912,41.500,21.000,0.500,90.000,V_x40.0_y-3.0_26.0_forward_right,V_x40.0_y-3.0_26.0,V_x40.0_y-3.0_26.0,right,forward,forward_right,1
5913,41.500,21.500,0.500,90.000,V_x40.0_y-3.0_26.0_forward_right,V_x40.0_y-3.0_26.0,V_x40.0_y-3.0_26.0,right,forward,forward_right,1
5914,41.500,22.000,0.500,90.000,V_x40.0_y-3.0_26.0_forward_right,V_x40.0_y-3.0_26.0,V_x40.0_y-3.0_26.0,right,forward,forward_right,1
5915,41.500,22.500,0.500,90.000,V_x40.0_y-3.0_26.0_forward_right,V_x40.0_y-3.0_26.0,V_x40.0_y-3.0_26.0,right,forward,forward_right,1
5916,41.500,23.000,0.500,90.000,V_x40.0_y-3.0_26.0_forward_right,V_x40.0_y-3.0_26.0,V_x40.0_y-3.0_26.0,right,forward,forward_right,1
5917,41.500,23.500,0.500,90.000,V_x40.0_y-3.0_26.0_forward_right,V_x40.0_y-3.0_26.0,V_x40.0_y-3.0_26.0,right,forward,forward_right,1
5918,41.500,24.000,0.500,90.000,V_x40.0_y-3.0_26.0_forward_right,V_x40.0_y-3.0_26.0,V_x40.0_y-3.0_26.0,right,forward,forward_right,1
5919,41.500,24.500,0.500,90.000,V_x40.0_y-3.0_26.0_forward_right,V_x40.0_y-3.0_26.0,V_x40.0_y-3.0_26.0,right,forward,forward_right,1
5920,41.500,25.000,0.500,90.000,V_x40.0_y-3.0_26.0_forward_right,V_x40.0_y-3.0_26.0,V_x40.0_y-3.0_26.0,right,forward,forward_right,1
5921,41.500,25.500,0.500,90.000,V_x40.0_y-3.0_26.0_forward_right,V_x40.0_y-3.0_26.0,V_x40.0_y-3.0_26.0,right,forward,forward_right,1
5922,41.500,26.000,0.500,90.000,V_x40.0_y-3.0_26.0_forward_right,V_x40.0_y-3.0_26.0,V_x40.0_y-3.0_26.0,right,forward,forward_right,0
5923,41.500,26.000,0.500,-90.000,V_x40.0_y-3.0_26.0_reverse_left,V_x40.0_y-3.0_26.0,V_x40.0_y-3.0_26.0,left,reverse,reverse_left,1
5924,41.500,25.500,0.500,-90.000,V_x40.0_y-3.0_26.0_reverse_left,V_x40.0_y-3.0_26.0,V_x40.0_y-3.0_26.0,left,reverse,reverse_left,1
5925,41.500,25.000,0.500,-90.000,V_x40.0_y-3.0_26.0_reverse_left,V_x40.0_y-3.0_26.0,V_x40.0_y-3.0_26.0,left,reverse,reverse_left,1
5926,41.500,24.500,0.500,-90.000,V_x40.0_y-3.0_26.0_reverse_left,V_x40.0_y-3.0_26.0,V_x40.0_y-3.0_26.0,left,reverse,reverse_left,1
5927,41.500,24.000,0.500,-90.000,V_x40.0_y-3.0_26.0_reverse_left,V_x40.0_y-3.0_26.0,V_x40.0_y-3.0_26.0,left,reverse,reverse_left,1
5928,41.500,23.500,0.500,-90.000,V_x40.0_y-3.0_26.0_reverse_left,V_x40.0_y-3.0_26.0,V_x40.0_y-3.0_26.0,left,reverse,reverse_left,1
5929,41.500,23.000,0.500,-90.000,V_x40.0_y-3.0_26.0_reverse_left,V_x40.0_y-3.0_26.0,V_x40.0_y-3.0_26.0,left,reverse,reverse_left,1
5930,41.500,22.500,0.500,-90.000,V_x40.0_y-3.0_26.0_reverse_left,V_x40.0_y-3.0_26.0,V_x40.0_y-3.0_26.0,left,reverse,reverse_left,1
5931,41.500,22.000,0.500,-90.000,V_x40.0_y-3.0_26.0_reverse_left,V_x40.0_y-3.0_26.0,V_x40.0_y-3.0_26.0,left,reverse,reverse_left,1
5932,41.500,21.500,0.500,-90.000,V_x40.0_y-3.0_26.0_reverse_left,V_x40.0_y-3.0_26.0,V_x40.0_y-3.0_26.0,left,reverse,reverse_left,1
5933,41.500,21.000,0.500,-90.000,V_x40.0_y-3.0_26.0_reverse_left,V_x40.0_y-3.0_26.0,V_x40.0_y-3.0_26.0,left,reverse,reverse_left,1
5934,41.500,20.500,0.500,-90.000,V_x40.0_y-3.0_26.0_reverse_left,V_x40.0_y-3.0_26.0,V_x40.0_y-3.0_26.0,left,reverse,reverse_left,1
5935,41.500,20.000,0.500,-90.000,V_x40.0_y-3.0_26.0_reverse_left,V_x40.0_y-3.0_26.0,V_x40.0_y-3.0_26.0,left,reverse,reverse_left,1
5936,41.500,19.500,0.500,-90.000,V_x40.0_y-3.0_26.0_reverse_left,V_x40.0_y-3.0_26.0,V_x40.0_y-3.0_26.0,left,reverse,reverse_left,1
5937,41.500,19.000,0.500,-90.000,V_x40.0_y-3.0_26.0_reverse_left,V_x40.0_y-3.0_26.0,V_x40.0_y-3.0_26.0,left,reverse,reverse_left,1
5938,41.500,18.500,0.500,-90.000,V_x40.0_y-3.0_26.0_reverse_left,V_x40.0_y-3.0_26.0,V_x40.0_y-3.0_26.0,left,reverse,reverse_left,1
5939,41.500,18.000,0.500,-90.000,V_x40.0_y-3.0_26.0_reverse_left,V_x40.0_y-3.0_26.0,V_x40.0_y-3.0_26.0,left,reverse,reverse_left,1
5940,41.500,17.500,0.500,-90.000,V_x40.0_y-3.0_26.0_reverse_left,V_x40.0_y-3.0_26.0,V_x40.0_y-3.0_26.0,left,reverse,reverse_left,1
5941,41.500,17.000,0.500,-90.000,V_x40.0_y-3.0_26.0_reverse_left,V_x40.0_y-3.0_26.0,V_x40.0_y-3.0_26.0,left,reverse,reverse_left,1
5942,41.500,16.500,0.500,-90.000,V_x40.0_y-3.0_26.0_reverse_left,V_x40.0_y-3.0_26.0,V_x40.0_y-3.0_26.0,left,reverse,reverse_left,1
5943,41.500,16.000,0.500,-90.000,V_x40.0_y-3.0_26.0_reverse_left,V_x40.0_y-3.0_26.0,V_x40.0_y-3.0_26.0,left,reverse,reverse_left,1
5944,41.500,15.500,0.500,-90.000,V_x40.0_y-3.0_26.0_reverse_left,V_x40.0_y-3.0_26.0,V_x40.0_y-3.0_26.0,left,reverse,reverse_left,1
5945,41.500,15.000,0.500,-90.000,V_x40.0_y-3.0_26.0_reverse_left,V_x40.0_y-3.0_26.0,V_x40.0_y-3.0_26.0,left,reverse,reverse_left,1
5946,41.500,14.500,0.500,-90.000,V_x40.0_y-3.0_26.0_reverse_left,V_x40.0_y-3.0_26.0,V_x40.0_y-3.0_26.0,left,reverse,reverse_left,1
5947,41.500,14.000,0.500,-90.000,V_x40.0_y-3.0_26.0_reverse_left,V_x40.0_y-3.0_26.0,V_x40.0_y-3.0_26.0,left,reverse,reverse_left,1
5948,41.500,13.500,0.500,-90.000,V_x40.0_y-3.0_26.0_reverse_left,V_x40.0_y-3.0_26.0,V_x40.0_y-3.0_26.0,left,reverse,reverse_left,1
5949,41.500,13.000,0.500,-90.000,V_x40.0_y-3.0_26.0_reverse_left,V_x40.0_y-3.0_26.0,V_x40.0_y-3.0_26.0,left,reverse,reverse_left,1
5950,41.500,12.500,0.500,-90.000,V_x40.0_y-3.0_26.0_reverse_left,V_x40.0_y-3.0_26.0,V_x40.0_y-3.0_26.0,left,reverse,reverse_left,1
5951,41.500,12.000,0.500,-90.000,V_x40.0_y-3.0_26.0_reverse_left,V_x40.0_y-3.0_26.0,V_x40.0_y-3.0_26.0,left,reverse,reverse_left,1
5952,41.500,11.500,0.500,-90.000,V_x40.0_y-3.0_26.0_reverse_left,V_x40.0_y-3.0_26.0,V_x40.0_y-3.0_26.0,left,reverse,reverse_left,1
5953,41.500,11.000,0.500,-90.000,V_x40.0_y-3.0_26.0_reverse_left,V_x40.0_y-3.0_26.0,V_x40.0_y-3.0_26.0,left,reverse,reverse_left,1
5954,41.500,10.500,0.500,-90.000,V_x40.0_y-3.0_26.0_reverse_left,V_x40.0_y-3.0_26.0,V_x40.0_y-3.0_26.0,left,reverse,reverse_left,1
5955,41.500,10.000,0.500,-90.000,V_x40.0_y-3.0_26.0_reverse_left,V_x40.0_y-3.0_26.0,V_x40.0_y-3.0_26.0,left,reverse,reverse_left,1
5956,41.500,9.500,0.500,-90.000,V_x40.0_y-3.0_26.0_reverse_left,V_x40.0_y-3.0_26.0,V_x40.0_y-3.0_26.0,left,reverse,reverse_left,1
5957,41.500,9.000,0.500,-90.000,V_x40.0_y-3.0_26.0_reverse_left,V_x40.0_y-3.0_26.0,V_x40.0_y-3.0_26.0,left,reverse,reverse_left,1
5958,41.500,8.500,0.500,-90.000,V_x40.0_y-3.0_26.0_reverse_left,V_x40.0_y-3.0_26.0,V_x40.0_y-3.0_26.0,left,reverse,reverse_left,1
5959,41.500,8.000,0.500,-90.000,V_x40.0_y-3.0_26.0_reverse_left,V_x40.0_y-3.0_26.0,V_x40.0_y-3.0_26.0,left,reverse,reverse_left,1
5960,41.500,7.500,0.500,-90.000,V_x40.0_y-3.0_26.0_reverse_left,V_x40.0_y-3.0_26.0,V_x40.0_y-3.0_26.0,left,reverse,reverse_left,1
5961,41.500,7.000,0.500,-90.000,V_x40.0_y-3.0_26.0_reverse_left,V_x40.0_y-3.0_26.0,V_x40.0_y-3.0_26.0,left,reverse,reverse_left,1
5962,41.500,6.500,0.500,-90.000,V_x40.0_y-3.0_26.0_reverse_left,V_x40.0_y-3.0_26.0,V_x40.0_y-3.0_26.0,left,reverse,reverse_left,1
5963,41.500,6.000,0.500,-90.000,V_x40.0_y-3.0_26.0_reverse_left,V_x40.0_y-3.0_26.0,V_x40.0_y-3.0_26.0,left,reverse,reverse_left,1
5964,41.500,5.500,0.500,-90.000,V_x40.0_y-3.0_26.0_reverse_left,V_x40.0_y-3.0_26.0,V_x40.0_y-3.0_26.0,left,reverse,reverse_left,1
5965,41.500,5.000,0.500,-90.000,V_x40.0_y-3.0_26.0_reverse_left,V_x40.0_y-3.0_26.0,V_x40.0_y-3.0_26.0,left,reverse,reverse_left,1
5966,41.500,4.500,0.500,-90.000,V_x40.0_y-3.0_26.0_reverse_left,V_x40.0_y-3.0_26.0,V_x40.0_y-3.0_26.0,left,reverse,reverse_left,1
5967,41.500,4.000,0.500,-90.000,V_x40.0_y-3.0_26.0_reverse_left,V_x40.0_y-3.0_26.0,V_x40.0_y-3.0_26.0,left,reverse,reverse_left,1
5968,41.500,3.500,0.500,-90.000,V_x40.0_y-3.0_26.0_reverse_left,V_x40.0_y-3.0_26.0,V_x40.0_y-3.0_26.0,left,reverse,reverse_left,1
5969,41.500,3.000,0.500,-90.000,V_x40.0_y-3.0_26.0_reverse_left,V_x40.0_y-3.0_26.0,V_x40.0_y-3.0_26.0,left,reverse,reverse_left,1
5970,41.500,2.500,0.500,-90.000,V_x40.0_y-3.0_26.0_reverse_left,V_x40.0_y-3.0_26.0,V_x40.0_y-3.0_26.0,left,reverse,reverse_left,1
5971,41.500,2.000,0.500,-90.000,V_x40.0_y-3.0_26.0_reverse_left,V_x40.0_y-3.0_26.0,V_x40.0_y-3.0_26.0,left,reverse,reverse_left,1
5972,41.500,1.500,0.500,-90.000,V_x40.0_y-3.0_26.0_reverse_left,V_x40.0_y-3.0_26.0,V_x40.0_y-3.0_26.0,left,reverse,reverse_left,1
5973,41.500,1.000,0.500,-90.000,V_x40.0_y-3.0_26.0_reverse_left,V_x40.0_y-3.0_26.0,V_x40.0_y-3.0_26.0,left,reverse,reverse_left,1
5974,41.500,0.500,0.500,-90.000,V_x40.0_y-3.0_26.0_reverse_left,V_x40.0_y-3.0_26.0,V_x40.0_y-3.0_26.0,left,reverse,reverse_left,1
5975,41.500,0.000,0.500,-90.000,V_x40.0_y-3.0_26.0_reverse_left,V_x40.0_y-3.0_26.0,V_x40.0_y-3.0_26.0,left,reverse,reverse_left,1
5976,41.500,-0.500,0.500,-90.000,V_x40.0_y-3.0_26.0_reverse_left,V_x40.0_y-3.0_26.0,V_x40.0_y-3.0_26.0,left,reverse,reverse_left,1
5977,41.500,-1.000,0.500,-90.000,V_x40.0_y-3.0_26.0_reverse_left,V_x40.0_y-3.0_26.0,V_x40.0_y-3.0_26.0,left,reverse,reverse_left,1
5978,41.500,-1.500,0.500,-90.000,V_x40.0_y-3.0_26.0_reverse_left,V_x40.0_y-3.0_26.0,V_x40.0_y-3.0_26.0,left,reverse,reverse_left,1
5979,41.500,-2.000,0.500,-90.000,V_x40.0_y-3.0_26.0_reverse_left,V_x40.0_y-3.0_26.0,V_x40.0_y-3.0_26.0,left,reverse,reverse_left,1
5980,41.500,-2.500,0.500,-90.000,V_x40.0_y-3.0_26.0_reverse_left,V_x40.0_y-3.0_26.0,V_x40.0_y-3.0_26.0,left,reverse,reverse_left,1
5981,41.500,-3.000,0.500,-90.000,V_x40.0_y-3.0_26.0_reverse_left,V_x40.0_y-3.0_26.0,V_x40.0_y-3.0_26.0,left,reverse,reverse_left,0
5982,38.500,26.000,0.500,-90.000,V_x40.0_y-3.0_26.0_reverse_right,V_x40.0_y-3.0_26.0,V_x40.0_y-3.0_26.0,right,reverse,reverse_right,1
5983,38.500,25.500,0.500,-90.000,V_x40.0_y-3.0_26.0_reverse_right,V_x40.0_y-3.0_26.0,V_x40.0_y-3.0_26.0,right,reverse,reverse_right,1
5984,38.500,25.000,0.500,-90.000,V_x40.0_y-3.0_26.0_reverse_right,V_x40.0_y-3.0_26.0,V_x40.0_y-3.0_26.0,right,reverse,reverse_right,1
5985,38.500,24.500,0.500,-90.000,V_x40.0_y-3.0_26.0_reverse_right,V_x40.0_y-3.0_26.0,V_x40.0_y-3.0_26.0,right,reverse,reverse_right,1
5986,38.500,24.000,0.500,-90.000,V_x40.0_y-3.0_26.0_reverse_right,V_x40.0_y-3.0_26.0,V_x40.0_y-3.0_26.0,right,reverse,reverse_right,1
5987,38.500,23.500,0.500,-90.000,V_x40.0_y-3.0_26.0_reverse_right,V_x40.0_y-3.0_26.0,V_x40.0_y-3.0_26.0,right,reverse,reverse_right,1
5988,38.500,23.000,0.500,-90.000,V_x40.0_y-3.0_26.0_reverse_right,V_x40.0_y-3.0_26.0,V_x40.0_y-3.0_26.0,right,reverse,reverse_right,1
5989,38.500,22.500,0.500,-90.000,V_x40.0_y-3.0_26.0_reverse_right,V_x40.0_y-3.0_26.0,V_x40.0_y-3.0_26.0,right,reverse,reverse_right,1
5990,38.500,22.000,0.500,-90.000,V_x40.0_y-3.0_26.0_reverse_right,V_x40.0_y-3.0_26.0,V_x40.0_y-3.0_26.0,right,reverse,reverse_right,1
5991,38.500,21.500,0.500,-90.000,V_x40.0_y-3.0_26.0_reverse_right,V_x40.0_y-3.0_26.0,V_x40.0_y-3.0_26.0,right,reverse,reverse_right,1
5992,38.500,21.000,0.500,-90.000,V_x40.0_y-3.0_26.0_reverse_right,V_x40.0_y-3.0_26.0,V_x40.0_y-3.0_26.0,right,reverse,reverse_right,1
5993,38.500,20.500,0.500,-90.000,V_x40.0_y-3.0_26.0_reverse_right,V_x40.0_y-3.0_26.0,V_x40.0_y-3.0_26.0,right,reverse,reverse_right,1
5994,38.500,20.000,0.500,-90.000,V_x40.0_y-3.0_26.0_reverse_right,V_x40.0_y-3.0_26.0,V_x40.0_y-3.0_26.0,right,reverse,reverse_right,1
5995,38.500,19.500,0.500,-90.000,V_x40.0_y-3.0_26.0_reverse_right,V_x40.0_y-3.0_26.0,V_x40.0_y-3.0_26.0,right,reverse,reverse_right,1
5996,38.500,19.000,0.500,-90.000,V_x40.0_y-3.0_26.0_reverse_right,V_x40.0_y-3.0_26.0,V_x40.0_y-3.0_26.0,right,reverse,reverse_right,1
5997,38.500,18.500,0.500,-90.000,V_x40.0_y-3.0_26.0_reverse_right,V_x40.0_y-3.0_26.0,V_x40.0_y-3.0_26.0,right,reverse,reverse_right,1
5998,38.500,18.000,0.500,-90.000,V_x40.0_y-3.0_26.0_reverse_right,V_x40.0_y-3.0_26.0,V_x40.0_y-3.0_26.0,right,reverse,reverse_right,1
5999,38.500,17.500,0.500,-90.000,V_x40.0_y-3.0_26.0_reverse_right,V_x40.0_y-3.0_26.0,V_x40.0_y-3.0_26.0,right,reverse,reverse_right,1
6000,38.500,17.000,0.500,-90.000,V_x40.0_y-3.0_26.0_reverse_right,V_x40.0_y-3.0_26.0,V_x40.0_y-3.0_26.0,right,reverse,reverse_right,1
6001,38.500,16.500,0.500,-90.000,V_x40.0_y-3.0_26.0_reverse_right,V_x40.0_y-3.0_26.0,V_x40.0_y-3.0_26.0,right,reverse,reverse_right,1
6002,38.500,16.000,0.500,-90.000,V_x40.0_y-3.0_26.0_reverse_right,V_x40.0_y-3.0_26.0,V_x40.0_y-3.0_26.0,right,reverse,reverse_right,1
6003,38.500,15.500,0.500,-90.000,V_x40.0_y-3.0_26.0_reverse_right,V_x40.0_y-3.0_26.0,V_x40.0_y-3.0_26.0,right,reverse,reverse_right,1
6004,38.500,15.000,0.500,-90.000,V_x40.0_y-3.0_26.0_reverse_right,V_x40.0_y-3.0_26.0,V_x40.0_y-3.0_26.0,right,reverse,reverse_right,1
6005,38.500,14.500,0.500,-90.000,V_x40.0_y-3.0_26.0_reverse_right,V_x40.0_y-3.0_26.0,V_x40.0_y-3.0_26.0,right,reverse,reverse_right,1
6006,38.500,14.000,0.500,-90.000,V_x40.0_y-3.0_26.0_reverse_right,V_x40.0_y-3.0_26.0,V_x40.0_y-3.0_26.0,right,reverse,reverse_right,1
6007,38.500,13.500,0.500,-90.000,V_x40.0_y-3.0_26.0_reverse_right,V_x40.0_y-3.0_26.0,V_x40.0_y-3.0_26.0,right,reverse,reverse_right,1
6008,38.500,13.000,0.500,-90.000,V_x40.0_y-3.0_26.0_reverse_right,V_x40.0_y-3.0_26.0,V_x40.0_y-3.0_26.0,right,reverse,reverse_right,1
6009,38.500,12.500,0.500,-90.000,V_x40.0_y-3.0_26.0_reverse_right,V_x40.0_y-3.0_26.0,V_x40.0_y-3.0_26.0,right,reverse,reverse_right,1
6010,38.500,12.000,0.500,-90.000,V_x40.0_y-3.0_26.0_reverse_right,V_x40.0_y-3.0_26.0,V_x40.0_y-3.0_26.0,right,reverse,reverse_right,1
6011,38.500,11.500,0.500,-90.000,V_x40.0_y-3.0_26.0_reverse_right,V_x40.0_y-3.0_26.0,V_x40.0_y-3.0_26.0,right,reverse,reverse_right,1
6012,38.500,11.000,0.500,-90.000,V_x40.0_y-3.0_26.0_reverse_right,V_x40.0_y-3.0_26.0,V_x40.0_y-3.0_26.0,right,reverse,reverse_right,1
6013,38.500,10.500,0.500,-90.000,V_x40.0_y-3.0_26.0_reverse_right,V_x40.0_y-3.0_26.0,V_x40.0_y-3.0_26.0,right,reverse,reverse_right,1
6014,38.500,10.000,0.500,-90.000,V_x40.0_y-3.0_26.0_reverse_right,V_x40.0_y-3.0_26.0,V_x40.0_y-3.0_26.0,right,reverse,reverse_right,1
6015,38.500,9.500,0.500,-90.000,V_x40.0_y-3.0_26.0_reverse_right,V_x40.0_y-3.0_26.0,V_x40.0_y-3.0_26.0,right,reverse,reverse_right,1
6016,38.500,9.000,0.500,-90.000,V_x40.0_y-3.0_26.0_reverse_right,V_x40.0_y-3.0_26.0,V_x40.0_y-3.0_26.0,right,reverse,reverse_right,1
6017,38.500,8.500,0.500,-90.000,V_x40.0_y-3.0_26.0_reverse_right,V_x40.0_y-3.0_26.0,V_x40.0_y-3.0_26.0,right,reverse,reverse_right,1
6018,38.500,8.000,0.500,-90.000,V_x40.0_y-3.0_26.0_reverse_right,V_x40.0_y-3.0_26.0,V_x40.0_y-3.0_26.0,right,reverse,reverse_right,1
6019,38.500,7.500,0.500,-90.000,V_x40.0_y-3.0_26.0_reverse_right,V_x40.0_y-3.0_26.0,V_x40.0_y-3.0_26.0,right,reverse,reverse_right,1
6020,38.500,7.000,0.500,-90.000,V_x40.0_y-3.0_26.0_reverse_right,V_x40.0_y-3.0_26.0,V_x40.0_y-3.0_26.0,right,reverse,reverse_right,1
6021,38.500,6.500,0.500,-90.000,V_x40.0_y-3.0_26.0_reverse_right,V_x40.0_y-3.0_26.0,V_x40.0_y-3.0_26.0,right,reverse,reverse_right,1
6022,38.500,6.000,0.500,-90.000,V_x40.0_y-3.0_26.0_reverse_right,V_x40.0_y-3.0_26.0,V_x40.0_y-3.0_26.0,right,reverse,reverse_right,1
6023,38.500,5.500,0.500,-90.000,V_x40.0_y-3.0_26.0_reverse_right,V_x40.0_y-3.0_26.0,V_x40.0_y-3.0_26.0,right,reverse,reverse_right,1
6024,38.500,5.000,0.500,-90.000,V_x40.0_y-3.0_26.0_reverse_right,V_x40.0_y-3.0_26.0,V_x40.0_y-3.0_26.0,right,reverse,reverse_right,1
6025,38.500,4.500,0.500,-90.000,V_x40.0_y-3.0_26.0_reverse_right,V_x40.0_y-3.0_26.0,V_x40.0_y-3.0_26.0,right,reverse,reverse_right,1
6026,38.500,4.000,0.500,-90.000,V_x40.0_y-3.0_26.0_reverse_right,V_x40.0_y-3.0_26.0,V_x40.0_y-3.0_26.0,right,reverse,reverse_right,1
6027,38.500,3.500,0.500,-90.000,V_x40.0_y-3.0_26.0_reverse_right,V_x40.0_y-3.0_26.0,V_x40.0_y-3.0_26.0,right,reverse,reverse_right,1
6028,38.500,3.000,0.500,-90.000,V_x40.0_y-3.0_26.0_reverse_right,V_x40.0_y-3.0_26.0,V_x40.0_y-3.0_26.0,right,reverse,reverse_right,1
6029,38.500,2.500,0.500,-90.000,V_x40.0_y-3.0_26.0_reverse_right,V_x40.0_y-3.0_26.0,V_x40.0_y-3.0_26.0,right,reverse,reverse_right,1
6030,38.500,2.000,0.500,-90.000,V_x40.0_y-3.0_26.0_reverse_right,V_x40.0_y-3.0_26.0,V_x40.0_y-3.0_26.0,right,reverse,reverse_right,1
6031,38.500,1.500,0.500,-90.000,V_x40.0_y-3.0_26.0_reverse_right,V_x40.0_y-3.0_26.0,V_x40.0_y-3.0_26.0,right,reverse,reverse_right,1
6032,38.500,1.000,0.500,-90.000,V_x40.0_y-3.0_26.0_reverse_right,V_x40.0_y-3.0_26.0,V_x40.0_y-3.0_26.0,right,reverse,reverse_right,1
6033,38.500,0.500,0.500,-90.000,V_x40.0_y-3.0_26.0_reverse_right,V_x40.0_y-3.0_26.0,V_x40.0_y-3.0_26.0,right,reverse,reverse_right,1
6034,38.500,-0.000,0.500,-90.000,V_x40.0_y-3.0_26.0_reverse_right,V_x40.0_y-3.0_26.0,V_x40.0_y-3.0_26.0,right,reverse,reverse_right,1
6035,38.500,-0.500,0.500,-90.000,V_x40.0_y-3.0_26.0_reverse_right,V_x40.0_y-3.0_26.0,V_x40.0_y-3.0_26.0,right,reverse,reverse_right,1
6036,38.500,-1.000,0.500,-90.000,V_x40.0_y-3.0_26.0_reverse_right,V_x40.0_y-3.0_26.0,V_x40.0_y-3.0_26.0,right,reverse,reverse_right,1
6037,38.500,-1.500,0.500,-90.000,V_x40.0_y-3.0_26.0_reverse_right,V_x40.0_y-3.0_26.0,V_x40.0_y-3.0_26.0,right,reverse,reverse_right,1
6038,38.500,-2.000,0.500,-90.000,V_x40.0_y-3.0_26.0_reverse_right,V_x40.0_y-3.0_26.0,V_x40.0_y-3.0_26.0,right,reverse,reverse_right,1
6039,38.500,-2.500,0.500,-90.000,V_x40.0_y-3.0_26.0_reverse_right,V_x40.0_y-3.0_26.0,V_x40.0_y-3.0_26.0,right,reverse,reverse_right,1
6040,38.500,-3.000,0.500,-90.000,V_x40.0_y-3.0_26.0_reverse_right,V_x40.0_y-3.0_26.0,V_x40.0_y-3.0_26.0,right,reverse,reverse_right,0
6041,38.500,-34.000,0.500,90.000,V_x40.0_y-34.0_-3.0_forward_left,V_x40.0_y-34.0_-3.0,V_x40.0_y-34.0_-3.0,left,forward,forward_left,1
6042,38.500,-33.500,0.500,90.000,V_x40.0_y-34.0_-3.0_forward_left,V_x40.0_y-34.0_-3.0,V_x40.0_y-34.0_-3.0,left,forward,forward_left,1
6043,38.500,-33.000,0.500,90.000,V_x40.0_y-34.0_-3.0_forward_left,V_x40.0_y-34.0_-3.0,V_x40.0_y-34.0_-3.0,left,forward,forward_left,1
6044,38.500,-32.500,0.500,90.000,V_x40.0_y-34.0_-3.0_forward_left,V_x40.0_y-34.0_-3.0,V_x40.0_y-34.0_-3.0,left,forward,forward_left,1
6045,38.500,-32.000,0.500,90.000,V_x40.0_y-34.0_-3.0_forward_left,V_x40.0_y-34.0_-3.0,V_x40.0_y-34.0_-3.0,left,forward,forward_left,1
6046,38.500,-31.500,0.500,90.000,V_x40.0_y-34.0_-3.0_forward_left,V_x40.0_y-34.0_-3.0,V_x40.0_y-34.0_-3.0,left,forward,forward_left,1
6047,38.500,-31.000,0.500,90.000,V_x40.0_y-34.0_-3.0_forward_left,V_x40.0_y-34.0_-3.0,V_x40.0_y-34.0_-3.0,left,forward,forward_left,1
6048,38.500,-30.500,0.500,90.000,V_x40.0_y-34.0_-3.0_forward_left,V_x40.0_y-34.0_-3.0,V_x40.0_y-34.0_-3.0,left,forward,forward_left,1
6049,38.500,-30.000,0.500,90.000,V_x40.0_y-34.0_-3.0_forward_left,V_x40.0_y-34.0_-3.0,V_x40.0_y-34.0_-3.0,left,forward,forward_left,1
6050,38.500,-29.500,0.500,90.000,V_x40.0_y-34.0_-3.0_forward_left,V_x40.0_y-34.0_-3.0,V_x40.0_y-34.0_-3.0,left,forward,forward_left,1
6051,38.500,-29.000,0.500,90.000,V_x40.0_y-34.0_-3.0_forward_left,V_x40.0_y-34.0_-3.0,V_x40.0_y-34.0_-3.0,left,forward,forward_left,1
6052,38.500,-28.500,0.500,90.000,V_x40.0_y-34.0_-3.0_forward_left,V_x40.0_y-34.0_-3.0,V_x40.0_y-34.0_-3.0,left,forward,forward_left,1
6053,38.500,-28.000,0.500,90.000,V_x40.0_y-34.0_-3.0_forward_left,V_x40.0_y-34.0_-3.0,V_x40.0_y-34.0_-3.0,left,forward,forward_left,1
6054,38.500,-27.500,0.500,90.000,V_x40.0_y-34.0_-3.0_forward_left,V_x40.0_y-34.0_-3.0,V_x40.0_y-34.0_-3.0,left,forward,forward_left,1
6055,38.500,-27.000,0.500,90.000,V_x40.0_y-34.0_-3.0_forward_left,V_x40.0_y-34.0_-3.0,V_x40.0_y-34.0_-3.0,left,forward,forward_left,1
6056,38.500,-26.500,0.500,90.000,V_x40.0_y-34.0_-3.0_forward_left,V_x40.0_y-34.0_-3.0,V_x40.0_y-34.0_-3.0,left,forward,forward_left,1
6057,38.500,-26.000,0.500,90.000,V_x40.0_y-34.0_-3.0_forward_left,V_x40.0_y-34.0_-3.0,V_x40.0_y-34.0_-3.0,left,forward,forward_left,1
6058,38.500,-25.500,0.500,90.000,V_x40.0_y-34.0_-3.0_forward_left,V_x40.0_y-34.0_-3.0,V_x40.0_y-34.0_-3.0,left,forward,forward_left,1
6059,38.500,-25.000,0.500,90.000,V_x40.0_y-34.0_-3.0_forward_left,V_x40.0_y-34.0_-3.0,V_x40.0_y-34.0_-3.0,left,forward,forward_left,1
6060,38.500,-24.500,0.500,90.000,V_x40.0_y-34.0_-3.0_forward_left,V_x40.0_y-34.0_-3.0,V_x40.0_y-34.0_-3.0,left,forward,forward_left,1
6061,38.500,-24.000,0.500,90.000,V_x40.0_y-34.0_-3.0_forward_left,V_x40.0_y-34.0_-3.0,V_x40.0_y-34.0_-3.0,left,forward,forward_left,1
6062,38.500,-23.500,0.500,90.000,V_x40.0_y-34.0_-3.0_forward_left,V_x40.0_y-34.0_-3.0,V_x40.0_y-34.0_-3.0,left,forward,forward_left,1
6063,38.500,-23.000,0.500,90.000,V_x40.0_y-34.0_-3.0_forward_left,V_x40.0_y-34.0_-3.0,V_x40.0_y-34.0_-3.0,left,forward,forward_left,1
6064,38.500,-22.500,0.500,90.000,V_x40.0_y-34.0_-3.0_forward_left,V_x40.0_y-34.0_-3.0,V_x40.0_y-34.0_-3.0,left,forward,forward_left,1
6065,38.500,-22.000,0.500,90.000,V_x40.0_y-34.0_-3.0_forward_left,V_x40.0_y-34.0_-3.0,V_x40.0_y-34.0_-3.0,left,forward,forward_left,1
6066,38.500,-21.500,0.500,90.000,V_x40.0_y-34.0_-3.0_forward_left,V_x40.0_y-34.0_-3.0,V_x40.0_y-34.0_-3.0,left,forward,forward_left,1
6067,38.500,-21.000,0.500,90.000,V_x40.0_y-34.0_-3.0_forward_left,V_x40.0_y-34.0_-3.0,V_x40.0_y-34.0_-3.0,left,forward,forward_left,1
6068,38.500,-20.500,0.500,90.000,V_x40.0_y-34.0_-3.0_forward_left,V_x40.0_y-34.0_-3.0,V_x40.0_y-34.0_-3.0,left,forward,forward_left,1
6069,38.500,-20.000,0.500,90.000,V_x40.0_y-34.0_-3.0_forward_left,V_x40.0_y-34.0_-3.0,V_x40.0_y-34.0_-3.0,left,forward,forward_left,1
6070,38.500,-19.500,0.500,90.000,V_x40.0_y-34.0_-3.0_forward_left,V_x40.0_y-34.0_-3.0,V_x40.0_y-34.0_-3.0,left,forward,forward_left,1
6071,38.500,-19.000,0.500,90.000,V_x40.0_y-34.0_-3.0_forward_left,V_x40.0_y-34.0_-3.0,V_x40.0_y-34.0_-3.0,left,forward,forward_left,1
6072,38.500,-18.500,0.500,90.000,V_x40.0_y-34.0_-3.0_forward_left,V_x40.0_y-34.0_-3.0,V_x40.0_y-34.0_-3.0,left,forward,forward_left,1
6073,38.500,-18.000,0.500,90.000,V_x40.0_y-34.0_-3.0_forward_left,V_x40.0_y-34.0_-3.0,V_x40.0_y-34.0_-3.0,left,forward,forward_left,1
6074,38.500,-17.500,0.500,90.000,V_x40.0_y-34.0_-3.0_forward_left,V_x40.0_y-34.0_-3.0,V_x40.0_y-34.0_-3.0,left,forward,forward_left,1
6075,38.500,-17.000,0.500,90.000,V_x40.0_y-34.0_-3.0_forward_left,V_x40.0_y-34.0_-3.0,V_x40.0_y-34.0_-3.0,left,forward,forward_left,1
6076,38.500,-16.500,0.500,90.000,V_x40.0_y-34.0_-3.0_forward_left,V_x40.0_y-34.0_-3.0,V_x40.0_y-34.0_-3.0,left,forward,forward_left,1
6077,38.500,-16.000,0.500,90.000,V_x40.0_y-34.0_-3.0_forward_left,V_x40.0_y-34.0_-3.0,V_x40.0_y-34.0_-3.0,left,forward,forward_left,1
6078,38.500,-15.500,0.500,90.000,V_x40.0_y-34.0_-3.0_forward_left,V_x40.0_y-34.0_-3.0,V_x40.0_y-34.0_-3.0,left,forward,forward_left,1
6079,38.500,-15.000,0.500,90.000,V_x40.0_y-34.0_-3.0_forward_left,V_x40.0_y-34.0_-3.0,V_x40.0_y-34.0_-3.0,left,forward,forward_left,1
6080,38.500,-14.500,0.500,90.000,V_x40.0_y-34.0_-3.0_forward_left,V_x40.0_y-34.0_-3.0,V_x40.0_y-34.0_-3.0,left,forward,forward_left,1
6081,38.500,-14.000,0.500,90.000,V_x40.0_y-34.0_-3.0_forward_left,V_x40.0_y-34.0_-3.0,V_x40.0_y-34.0_-3.0,left,forward,forward_left,1
6082,38.500,-13.500,0.500,90.000,V_x40.0_y-34.0_-3.0_forward_left,V_x40.0_y-34.0_-3.0,V_x40.0_y-34.0_-3.0,left,forward,forward_left,1
6083,38.500,-13.000,0.500,90.000,V_x40.0_y-34.0_-3.0_forward_left,V_x40.0_y-34.0_-3.0,V_x40.0_y-34.0_-3.0,left,forward,forward_left,1
6084,38.500,-12.500,0.500,90.000,V_x40.0_y-34.0_-3.0_forward_left,V_x40.0_y-34.0_-3.0,V_x40.0_y-34.0_-3.0,left,forward,forward_left,1
6085,38.500,-12.000,0.500,90.000,V_x40.0_y-34.0_-3.0_forward_left,V_x40.0_y-34.0_-3.0,V_x40.0_y-34.0_-3.0,left,forward,forward_left,1
6086,38.500,-11.500,0.500,90.000,V_x40.0_y-34.0_-3.0_forward_left,V_x40.0_y-34.0_-3.0,V_x40.0_y-34.0_-3.0,left,forward,forward_left,1
6087,38.500,-11.000,0.500,90.000,V_x40.0_y-34.0_-3.0_forward_left,V_x40.0_y-34.0_-3.0,V_x40.0_y-34.0_-3.0,left,forward,forward_left,1
6088,38.500,-10.500,0.500,90.000,V_x40.0_y-34.0_-3.0_forward_left,V_x40.0_y-34.0_-3.0,V_x40.0_y-34.0_-3.0,left,forward,forward_left,1
6089,38.500,-10.000,0.500,90.000,V_x40.0_y-34.0_-3.0_forward_left,V_x40.0_y-34.0_-3.0,V_x40.0_y-34.0_-3.0,left,forward,forward_left,1
6090,38.500,-9.500,0.500,90.000,V_x40.0_y-34.0_-3.0_forward_left,V_x40.0_y-34.0_-3.0,V_x40.0_y-34.0_-3.0,left,forward,forward_left,1
6091,38.500,-9.000,0.500,90.000,V_x40.0_y-34.0_-3.0_forward_left,V_x40.0_y-34.0_-3.0,V_x40.0_y-34.0_-3.0,left,forward,forward_left,1
6092,38.500,-8.500,0.500,90.000,V_x40.0_y-34.0_-3.0_forward_left,V_x40.0_y-34.0_-3.0,V_x40.0_y-34.0_-3.0,left,forward,forward_left,1
6093,38.500,-8.000,0.500,90.000,V_x40.0_y-34.0_-3.0_forward_left,V_x40.0_y-34.0_-3.0,V_x40.0_y-34.0_-3.0,left,forward,forward_left,1
6094,38.500,-7.500,0.500,90.000,V_x40.0_y-34.0_-3.0_forward_left,V_x40.0_y-34.0_-3.0,V_x40.0_y-34.0_-3.0,left,forward,forward_left,1
6095,38.500,-7.000,0.500,90.000,V_x40.0_y-34.0_-3.0_forward_left,V_x40.0_y-34.0_-3.0,V_x40.0_y-34.0_-3.0,left,forward,forward_left,1
6096,38.500,-6.500,0.500,90.000,V_x40.0_y-34.0_-3.0_forward_left,V_x40.0_y-34.0_-3.0,V_x40.0_y-34.0_-3.0,left,forward,forward_left,1
6097,38.500,-6.000,0.500,90.000,V_x40.0_y-34.0_-3.0_forward_left,V_x40.0_y-34.0_-3.0,V_x40.0_y-34.0_-3.0,left,forward,forward_left,1
6098,38.500,-5.500,0.500,90.000,V_x40.0_y-34.0_-3.0_forward_left,V_x40.0_y-34.0_-3.0,V_x40.0_y-34.0_-3.0,left,forward,forward_left,1
6099,38.500,-5.000,0.500,90.000,V_x40.0_y-34.0_-3.0_forward_left,V_x40.0_y-34.0_-3.0,V_x40.0_y-34.0_-3.0,left,forward,forward_left,1
6100,38.500,-4.500,0.500,90.000,V_x40.0_y-34.0_-3.0_forward_left,V_x40.0_y-34.0_-3.0,V_x40.0_y-34.0_-3.0,left,forward,forward_left,1
6101,38.500,-4.000,0.500,90.000,V_x40.0_y-34.0_-3.0_forward_left,V_x40.0_y-34.0_-3.0,V_x40.0_y-34.0_-3.0,left,forward,forward_left,1
6102,38.500,-3.500,0.500,90.000,V_x40.0_y-34.0_-3.0_forward_left,V_x40.0_y-34.0_-3.0,V_x40.0_y-34.0_-3.0,left,forward,forward_left,1
6103,38.500,-3.000,0.500,90.000,V_x40.0_y-34.0_-3.0_forward_left,V_x40.0_y-34.0_-3.0,V_x40.0_y-34.0_-3.0,left,forward,forward_left,0
6104,41.500,-34.000,0.500,90.000,V_x40.0_y-34.0_-3.0_forward_right,V_x40.0_y-34.0_-3.0,V_x40.0_y-34.0_-3.0,right,forward,forward_right,1
6105,41.500,-33.500,0.500,90.000,V_x40.0_y-34.0_-3.0_forward_right,V_x40.0_y-34.0_-3.0,V_x40.0_y-34.0_-3.0,right,forward,forward_right,1
6106,41.500,-33.000,0.500,90.000,V_x40.0_y-34.0_-3.0_forward_right,V_x40.0_y-34.0_-3.0,V_x40.0_y-34.0_-3.0,right,forward,forward_right,1
6107,41.500,-32.500,0.500,90.000,V_x40.0_y-34.0_-3.0_forward_right,V_x40.0_y-34.0_-3.0,V_x40.0_y-34.0_-3.0,right,forward,forward_right,1
6108,41.500,-32.000,0.500,90.000,V_x40.0_y-34.0_-3.0_forward_right,V_x40.0_y-34.0_-3.0,V_x40.0_y-34.0_-3.0,right,forward,forward_right,1
6109,41.500,-31.500,0.500,90.000,V_x40.0_y-34.0_-3.0_forward_right,V_x40.0_y-34.0_-3.0,V_x40.0_y-34.0_-3.0,right,forward,forward_right,1
6110,41.500,-31.000,0.500,90.000,V_x40.0_y-34.0_-3.0_forward_right,V_x40.0_y-34.0_-3.0,V_x40.0_y-34.0_-3.0,right,forward,forward_right,1
6111,41.500,-30.500,0.500,90.000,V_x40.0_y-34.0_-3.0_forward_right,V_x40.0_y-34.0_-3.0,V_x40.0_y-34.0_-3.0,right,forward,forward_right,1
6112,41.500,-30.000,0.500,90.000,V_x40.0_y-34.0_-3.0_forward_right,V_x40.0_y-34.0_-3.0,V_x40.0_y-34.0_-3.0,right,forward,forward_right,1
6113,41.500,-29.500,0.500,90.000,V_x40.0_y-34.0_-3.0_forward_right,V_x40.0_y-34.0_-3.0,V_x40.0_y-34.0_-3.0,right,forward,forward_right,1
6114,41.500,-29.000,0.500,90.000,V_x40.0_y-34.0_-3.0_forward_right,V_x40.0_y-34.0_-3.0,V_x40.0_y-34.0_-3.0,right,forward,forward_right,1
6115,41.500,-28.500,0.500,90.000,V_x40.0_y-34.0_-3.0_forward_right,V_x40.0_y-34.0_-3.0,V_x40.0_y-34.0_-3.0,right,forward,forward_right,1
6116,41.500,-28.000,0.500,90.000,V_x40.0_y-34.0_-3.0_forward_right,V_x40.0_y-34.0_-3.0,V_x40.0_y-34.0_-3.0,right,forward,forward_right,1
6117,41.500,-27.500,0.500,90.000,V_x40.0_y-34.0_-3.0_forward_right,V_x40.0_y-34.0_-3.0,V_x40.0_y-34.0_-3.0,right,forward,forward_right,1
6118,41.500,-27.000,0.500,90.000,V_x40.0_y-34.0_-3.0_forward_right,V_x40.0_y-34.0_-3.0,V_x40.0_y-34.0_-3.0,right,forward,forward_right,1
6119,41.500,-26.500,0.500,90.000,V_x40.0_y-34.0_-3.0_forward_right,V_x40.0_y-34.0_-3.0,V_x40.0_y-34.0_-3.0,right,forward,forward_right,1
6120,41.500,-26.000,0.500,90.000,V_x40.0_y-34.0_-3.0_forward_right,V_x40.0_y-34.0_-3.0,V_x40.0_y-34.0_-3.0,right,forward,forward_right,1
6121,41.500,-25.500,0.500,90.000,V_x40.0_y-34.0_-3.0_forward_right,V_x40.0_y-34.0_-3.0,V_x40.0_y-34.0_-3.0,right,forward,forward_right,1
6122,41.500,-25.000,0.500,90.000,V_x40.0_y-34.0_-3.0_forward_right,V_x40.0_y-34.0_-3.0,V_x40.0_y-34.0_-3.0,right,forward,forward_right,1
6123,41.500,-24.500,0.500,90.000,V_x40.0_y-34.0_-3.0_forward_right,V_x40.0_y-34.0_-3.0,V_x40.0_y-34.0_-3.0,right,forward,forward_right,1
6124,41.500,-24.000,0.500,90.000,V_x40.0_y-34.0_-3.0_forward_right,V_x40.0_y-34.0_-3.0,V_x40.0_y-34.0_-3.0,right,forward,forward_right,1
6125,41.500,-23.500,0.500,90.000,V_x40.0_y-34.0_-3.0_forward_right,V_x40.0_y-34.0_-3.0,V_x40.0_y-34.0_-3.0,right,forward,forward_right,1
6126,41.500,-23.000,0.500,90.000,V_x40.0_y-34.0_-3.0_forward_right,V_x40.0_y-34.0_-3.0,V_x40.0_y-34.0_-3.0,right,forward,forward_right,1
6127,41.500,-22.500,0.500,90.000,V_x40.0_y-34.0_-3.0_forward_right,V_x40.0_y-34.0_-3.0,V_x40.0_y-34.0_-3.0,right,forward,forward_right,1
6128,41.500,-22.000,0.500,90.000,V_x40.0_y-34.0_-3.0_forward_right,V_x40.0_y-34.0_-3.0,V_x40.0_y-34.0_-3.0,right,forward,forward_right,1
6129,41.500,-21.500,0.500,90.000,V_x40.0_y-34.0_-3.0_forward_right,V_x40.0_y-34.0_-3.0,V_x40.0_y-34.0_-3.0,right,forward,forward_right,1
6130,41.500,-21.000,0.500,90.000,V_x40.0_y-34.0_-3.0_forward_right,V_x40.0_y-34.0_-3.0,V_x40.0_y-34.0_-3.0,right,forward,forward_right,1
6131,41.500,-20.500,0.500,90.000,V_x40.0_y-34.0_-3.0_forward_right,V_x40.0_y-34.0_-3.0,V_x40.0_y-34.0_-3.0,right,forward,forward_right,1
6132,41.500,-20.000,0.500,90.000,V_x40.0_y-34.0_-3.0_forward_right,V_x40.0_y-34.0_-3.0,V_x40.0_y-34.0_-3.0,right,forward,forward_right,1
6133,41.500,-19.500,0.500,90.000,V_x40.0_y-34.0_-3.0_forward_right,V_x40.0_y-34.0_-3.0,V_x40.0_y-34.0_-3.0,right,forward,forward_right,1
6134,41.500,-19.000,0.500,90.000,V_x40.0_y-34.0_-3.0_forward_right,V_x40.0_y-34.0_-3.0,V_x40.0_y-34.0_-3.0,right,forward,forward_right,1
6135,41.500,-18.500,0.500,90.000,V_x40.0_y-34.0_-3.0_forward_right,V_x40.0_y-34.0_-3.0,V_x40.0_y-34.0_-3.0,right,forward,forward_right,1
6136,41.500,-18.000,0.500,90.000,V_x40.0_y-34.0_-3.0_forward_right,V_x40.0_y-34.0_-3.0,V_x40.0_y-34.0_-3.0,right,forward,forward_right,1
6137,41.500,-17.500,0.500,90.000,V_x40.0_y-34.0_-3.0_forward_right,V_x40.0_y-34.0_-3.0,V_x40.0_y-34.0_-3.0,right,forward,forward_right,1
6138,41.500,-17.000,0.500,90.000,V_x40.0_y-34.0_-3.0_forward_right,V_x40.0_y-34.0_-3.0,V_x40.0_y-34.0_-3.0,right,forward,forward_right,1
6139,41.500,-16.500,0.500,90.000,V_x40.0_y-34.0_-3.0_forward_right,V_x40.0_y-34.0_-3.0,V_x40.0_y-34.0_-3.0,right,forward,forward_right,1
6140,41.500,-16.000,0.500,90.000,V_x40.0_y-34.0_-3.0_forward_right,V_x40.0_y-34.0_-3.0,V_x40.0_y-34.0_-3.0,right,forward,forward_right,1
6141,41.500,-15.500,0.500,90.000,V_x40.0_y-34.0_-3.0_forward_right,V_x40.0_y-34.0_-3.0,V_x40.0_y-34.0_-3.0,right,forward,forward_right,1
6142,41.500,-15.000,0.500,90.000,V_x40.0_y-34.0_-3.0_forward_right,V_x40.0_y-34.0_-3.0,V_x40.0_y-34.0_-3.0,right,forward,forward_right,1
6143,41.500,-14.500,0.500,90.000,V_x40.0_y-34.0_-3.0_forward_right,V_x40.0_y-34.0_-3.0,V_x40.0_y-34.0_-3.0,right,forward,forward_right,1
6144,41.500,-14.000,0.500,90.000,V_x40.0_y-34.0_-3.0_forward_right,V_x40.0_y-34.0_-3.0,V_x40.0_y-34.0_-3.0,right,forward,forward_right,1
6145,41.500,-13.500,0.500,90.000,V_x40.0_y-34.0_-3.0_forward_right,V_x40.0_y-34.0_-3.0,V_x40.0_y-34.0_-3.0,right,forward,forward_right,1
6146,41.500,-13.000,0.500,90.000,V_x40.0_y-34.0_-3.0_forward_right,V_x40.0_y-34.0_-3.0,V_x40.0_y-34.0_-3.0,right,forward,forward_right,1
6147,41.500,-12.500,0.500,90.000,V_x40.0_y-34.0_-3.0_forward_right,V_x40.0_y-34.0_-3.0,V_x40.0_y-34.0_-3.0,right,forward,forward_right,1
6148,41.500,-12.000,0.500,90.000,V_x40.0_y-34.0_-3.0_forward_right,V_x40.0_y-34.0_-3.0,V_x40.0_y-34.0_-3.0,right,forward,forward_right,1
6149,41.500,-11.500,0.500,90.000,V_x40.0_y-34.0_-3.0_forward_right,V_x40.0_y-34.0_-3.0,V_x40.0_y-34.0_-3.0,right,forward,forward_right,1
6150,41.500,-11.000,0.500,90.000,V_x40.0_y-34.0_-3.0_forward_right,V_x40.0_y-34.0_-3.0,V_x40.0_y-34.0_-3.0,right,forward,forward_right,1
6151,41.500,-10.500,0.500,90.000,V_x40.0_y-34.0_-3.0_forward_right,V_x40.0_y-34.0_-3.0,V_x40.0_y-34.0_-3.0,right,forward,forward_right,1
6152,41.500,-10.000,0.500,90.000,V_x40.0_y-34.0_-3.0_forward_right,V_x40.0_y-34.0_-3.0,V_x40.0_y-34.0_-3.0,right,forward,forward_right,1
6153,41.500,-9.500,0.500,90.000,V_x40.0_y-34.0_-3.0_forward_right,V_x40.0_y-34.0_-3.0,V_x40.0_y-34.0_-3.0,right,forward,forward_right,1
6154,41.500,-9.000,0.500,90.000,V_x40.0_y-34.0_-3.0_forward_right,V_x40.0_y-34.0_-3.0,V_x40.0_y-34.0_-3.0,right,forward,forward_right,1
6155,41.500,-8.500,0.500,90.000,V_x40.0_y-34.0_-3.0_forward_right,V_x40.0_y-34.0_-3.0,V_x40.0_y-34.0_-3.0,right,forward,forward_right,1
6156,41.500,-8.000,0.500,90.000,V_x40.0_y-34.0_-3.0_forward_right,V_x40.0_y-34.0_-3.0,V_x40.0_y-34.0_-3.0,right,forward,forward_right,1
6157,41.500,-7.500,0.500,90.000,V_x40.0_y-34.0_-3.0_forward_right,V_x40.0_y-34.0_-3.0,V_x40.0_y-34.0_-3.0,right,forward,forward_right,1
6158,41.500,-7.000,0.500,90.000,V_x40.0_y-34.0_-3.0_forward_right,V_x40.0_y-34.0_-3.0,V_x40.0_y-34.0_-3.0,right,forward,forward_right,1
6159,41.500,-6.500,0.500,90.000,V_x40.0_y-34.0_-3.0_forward_right,V_x40.0_y-34.0_-3.0,V_x40.0_y-34.0_-3.0,right,forward,forward_right,1
6160,41.500,-6.000,0.500,90.000,V_x40.0_y-34.0_-3.0_forward_right,V_x40.0_y-34.0_-3.0,V_x40.0_y-34.0_-3.0,right,forward,forward_right,1
6161,41.500,-5.500,0.500,90.000,V_x40.0_y-34.0_-3.0_forward_right,V_x40.0_y-34.0_-3.0,V_x40.0_y-34.0_-3.0,right,forward,forward_right,1
6162,41.500,-5.000,0.500,90.000,V_x40.0_y-34.0_-3.0_forward_right,V_x40.0_y-34.0_-3.0,V_x40.0_y-34.0_-3.0,right,forward,forward_right,1
6163,41.500,-4.500,0.500,90.000,V_x40.0_y-34.0_-3.0_forward_right,V_x40.0_y-34.0_-3.0,V_x40.0_y-34.0_-3.0,right,forward,forward_right,1
6164,41.500,-4.000,0.500,90.000,V_x40.0_y-34.0_-3.0_forward_right,V_x40.0_y-34.0_-3.0,V_x40.0_y-34.0_-3.0,right,forward,forward_right,1
6165,41.500,-3.500,0.500,90.000,V_x40.0_y-34.0_-3.0_forward_right,V_x40.0_y-34.0_-3.0,V_x40.0_y-34.0_-3.0,right,forward,forward_right,1
6166,41.500,-3.000,0.500,90.000,V_x40.0_y-34.0_-3.0_forward_right,V_x40.0_y-34.0_-3.0,V_x40.0_y-34.0_-3.0,right,forward,forward_right,0
6167,41.500,-3.000,0.500,-90.000,V_x40.0_y-34.0_-3.0_reverse_left,V_x40.0_y-34.0_-3.0,V_x40.0_y-34.0_-3.0,left,reverse,reverse_left,1
6168,41.500,-3.500,0.500,-90.000,V_x40.0_y-34.0_-3.0_reverse_left,V_x40.0_y-34.0_-3.0,V_x40.0_y-34.0_-3.0,left,reverse,reverse_left,1
6169,41.500,-4.000,0.500,-90.000,V_x40.0_y-34.0_-3.0_reverse_left,V_x40.0_y-34.0_-3.0,V_x40.0_y-34.0_-3.0,left,reverse,reverse_left,1
6170,41.500,-4.500,0.500,-90.000,V_x40.0_y-34.0_-3.0_reverse_left,V_x40.0_y-34.0_-3.0,V_x40.0_y-34.0_-3.0,left,reverse,reverse_left,1
6171,41.500,-5.000,0.500,-90.000,V_x40.0_y-34.0_-3.0_reverse_left,V_x40.0_y-34.0_-3.0,V_x40.0_y-34.0_-3.0,left,reverse,reverse_left,1
6172,41.500,-5.500,0.500,-90.000,V_x40.0_y-34.0_-3.0_reverse_left,V_x40.0_y-34.0_-3.0,V_x40.0_y-34.0_-3.0,left,reverse,reverse_left,1
6173,41.500,-6.000,0.500,-90.000,V_x40.0_y-34.0_-3.0_reverse_left,V_x40.0_y-34.0_-3.0,V_x40.0_y-34.0_-3.0,left,reverse,reverse_left,1
6174,41.500,-6.500,0.500,-90.000,V_x40.0_y-34.0_-3.0_reverse_left,V_x40.0_y-34.0_-3.0,V_x40.0_y-34.0_-3.0,left,reverse,reverse_left,1
6175,41.500,-7.000,0.500,-90.000,V_x40.0_y-34.0_-3.0_reverse_left,V_x40.0_y-34.0_-3.0,V_x40.0_y-34.0_-3.0,left,reverse,reverse_left,1
6176,41.500,-7.500,0.500,-90.000,V_x40.0_y-34.0_-3.0_reverse_left,V_x40.0_y-34.0_-3.0,V_x40.0_y-34.0_-3.0,left,reverse,reverse_left,1
6177,41.500,-8.000,0.500,-90.000,V_x40.0_y-34.0_-3.0_reverse_left,V_x40.0_y-34.0_-3.0,V_x40.0_y-34.0_-3.0,left,reverse,reverse_left,1
6178,41.500,-8.500,0.500,-90.000,V_x40.0_y-34.0_-3.0_reverse_left,V_x40.0_y-34.0_-3.0,V_x40.0_y-34.0_-3.0,left,reverse,reverse_left,1
6179,41.500,-9.000,0.500,-90.000,V_x40.0_y-34.0_-3.0_reverse_left,V_x40.0_y-34.0_-3.0,V_x40.0_y-34.0_-3.0,left,reverse,reverse_left,1
6180,41.500,-9.500,0.500,-90.000,V_x40.0_y-34.0_-3.0_reverse_left,V_x40.0_y-34.0_-3.0,V_x40.0_y-34.0_-3.0,left,reverse,reverse_left,1
6181,41.500,-10.000,0.500,-90.000,V_x40.0_y-34.0_-3.0_reverse_left,V_x40.0_y-34.0_-3.0,V_x40.0_y-34.0_-3.0,left,reverse,reverse_left,1
6182,41.500,-10.500,0.500,-90.000,V_x40.0_y-34.0_-3.0_reverse_left,V_x40.0_y-34.0_-3.0,V_x40.0_y-34.0_-3.0,left,reverse,reverse_left,1
6183,41.500,-11.000,0.500,-90.000,V_x40.0_y-34.0_-3.0_reverse_left,V_x40.0_y-34.0_-3.0,V_x40.0_y-34.0_-3.0,left,reverse,reverse_left,1
6184,41.500,-11.500,0.500,-90.000,V_x40.0_y-34.0_-3.0_reverse_left,V_x40.0_y-34.0_-3.0,V_x40.0_y-34.0_-3.0,left,reverse,reverse_left,1
6185,41.500,-12.000,0.500,-90.000,V_x40.0_y-34.0_-3.0_reverse_left,V_x40.0_y-34.0_-3.0,V_x40.0_y-34.0_-3.0,left,reverse,reverse_left,1
6186,41.500,-12.500,0.500,-90.000,V_x40.0_y-34.0_-3.0_reverse_left,V_x40.0_y-34.0_-3.0,V_x40.0_y-34.0_-3.0,left,reverse,reverse_left,1
6187,41.500,-13.000,0.500,-90.000,V_x40.0_y-34.0_-3.0_reverse_left,V_x40.0_y-34.0_-3.0,V_x40.0_y-34.0_-3.0,left,reverse,reverse_left,1
6188,41.500,-13.500,0.500,-90.000,V_x40.0_y-34.0_-3.0_reverse_left,V_x40.0_y-34.0_-3.0,V_x40.0_y-34.0_-3.0,left,reverse,reverse_left,1
6189,41.500,-14.000,0.500,-90.000,V_x40.0_y-34.0_-3.0_reverse_left,V_x40.0_y-34.0_-3.0,V_x40.0_y-34.0_-3.0,left,reverse,reverse_left,1
6190,41.500,-14.500,0.500,-90.000,V_x40.0_y-34.0_-3.0_reverse_left,V_x40.0_y-34.0_-3.0,V_x40.0_y-34.0_-3.0,left,reverse,reverse_left,1
6191,41.500,-15.000,0.500,-90.000,V_x40.0_y-34.0_-3.0_reverse_left,V_x40.0_y-34.0_-3.0,V_x40.0_y-34.0_-3.0,left,reverse,reverse_left,1
6192,41.500,-15.500,0.500,-90.000,V_x40.0_y-34.0_-3.0_reverse_left,V_x40.0_y-34.0_-3.0,V_x40.0_y-34.0_-3.0,left,reverse,reverse_left,1
6193,41.500,-16.000,0.500,-90.000,V_x40.0_y-34.0_-3.0_reverse_left,V_x40.0_y-34.0_-3.0,V_x40.0_y-34.0_-3.0,left,reverse,reverse_left,1
6194,41.500,-16.500,0.500,-90.000,V_x40.0_y-34.0_-3.0_reverse_left,V_x40.0_y-34.0_-3.0,V_x40.0_y-34.0_-3.0,left,reverse,reverse_left,1
6195,41.500,-17.000,0.500,-90.000,V_x40.0_y-34.0_-3.0_reverse_left,V_x40.0_y-34.0_-3.0,V_x40.0_y-34.0_-3.0,left,reverse,reverse_left,1
6196,41.500,-17.500,0.500,-90.000,V_x40.0_y-34.0_-3.0_reverse_left,V_x40.0_y-34.0_-3.0,V_x40.0_y-34.0_-3.0,left,reverse,reverse_left,1
6197,41.500,-18.000,0.500,-90.000,V_x40.0_y-34.0_-3.0_reverse_left,V_x40.0_y-34.0_-3.0,V_x40.0_y-34.0_-3.0,left,reverse,reverse_left,1
6198,41.500,-18.500,0.500,-90.000,V_x40.0_y-34.0_-3.0_reverse_left,V_x40.0_y-34.0_-3.0,V_x40.0_y-34.0_-3.0,left,reverse,reverse_left,1
6199,41.500,-19.000,0.500,-90.000,V_x40.0_y-34.0_-3.0_reverse_left,V_x40.0_y-34.0_-3.0,V_x40.0_y-34.0_-3.0,left,reverse,reverse_left,1
6200,41.500,-19.500,0.500,-90.000,V_x40.0_y-34.0_-3.0_reverse_left,V_x40.0_y-34.0_-3.0,V_x40.0_y-34.0_-3.0,left,reverse,reverse_left,1
6201,41.500,-20.000,0.500,-90.000,V_x40.0_y-34.0_-3.0_reverse_left,V_x40.0_y-34.0_-3.0,V_x40.0_y-34.0_-3.0,left,reverse,reverse_left,1
6202,41.500,-20.500,0.500,-90.000,V_x40.0_y-34.0_-3.0_reverse_left,V_x40.0_y-34.0_-3.0,V_x40.0_y-34.0_-3.0,left,reverse,reverse_left,1
6203,41.500,-21.000,0.500,-90.000,V_x40.0_y-34.0_-3.0_reverse_left,V_x40.0_y-34.0_-3.0,V_x40.0_y-34.0_-3.0,left,reverse,reverse_left,1
6204,41.500,-21.500,0.500,-90.000,V_x40.0_y-34.0_-3.0_reverse_left,V_x40.0_y-34.0_-3.0,V_x40.0_y-34.0_-3.0,left,reverse,reverse_left,1
6205,41.500,-22.000,0.500,-90.000,V_x40.0_y-34.0_-3.0_reverse_left,V_x40.0_y-34.0_-3.0,V_x40.0_y-34.0_-3.0,left,reverse,reverse_left,1
6206,41.500,-22.500,0.500,-90.000,V_x40.0_y-34.0_-3.0_reverse_left,V_x40.0_y-34.0_-3.0,V_x40.0_y-34.0_-3.0,left,reverse,reverse_left,1
6207,41.500,-23.000,0.500,-90.000,V_x40.0_y-34.0_-3.0_reverse_left,V_x40.0_y-34.0_-3.0,V_x40.0_y-34.0_-3.0,left,reverse,reverse_left,1
6208,41.500,-23.500,0.500,-90.000,V_x40.0_y-34.0_-3.0_reverse_left,V_x40.0_y-34.0_-3.0,V_x40.0_y-34.0_-3.0,left,reverse,reverse_left,1
6209,41.500,-24.000,0.500,-90.000,V_x40.0_y-34.0_-3.0_reverse_left,V_x40.0_y-34.0_-3.0,V_x40.0_y-34.0_-3.0,left,reverse,reverse_left,1
6210,41.500,-24.500,0.500,-90.000,V_x40.0_y-34.0_-3.0_reverse_left,V_x40.0_y-34.0_-3.0,V_x40.0_y-34.0_-3.0,left,reverse,reverse_left,1
6211,41.500,-25.000,0.500,-90.000,V_x40.0_y-34.0_-3.0_reverse_left,V_x40.0_y-34.0_-3.0,V_x40.0_y-34.0_-3.0,left,reverse,reverse_left,1
6212,41.500,-25.500,0.500,-90.000,V_x40.0_y-34.0_-3.0_reverse_left,V_x40.0_y-34.0_-3.0,V_x40.0_y-34.0_-3.0,left,reverse,reverse_left,1
6213,41.500,-26.000,0.500,-90.000,V_x40.0_y-34.0_-3.0_reverse_left,V_x40.0_y-34.0_-3.0,V_x40.0_y-34.0_-3.0,left,reverse,reverse_left,1
6214,41.500,-26.500,0.500,-90.000,V_x40.0_y-34.0_-3.0_reverse_left,V_x40.0_y-34.0_-3.0,V_x40.0_y-34.0_-3.0,left,reverse,reverse_left,1
6215,41.500,-27.000,0.500,-90.000,V_x40.0_y-34.0_-3.0_reverse_left,V_x40.0_y-34.0_-3.0,V_x40.0_y-34.0_-3.0,left,reverse,reverse_left,1
6216,41.500,-27.500,0.500,-90.000,V_x40.0_y-34.0_-3.0_reverse_left,V_x40.0_y-34.0_-3.0,V_x40.0_y-34.0_-3.0,left,reverse,reverse_left,1
6217,41.500,-28.000,0.500,-90.000,V_x40.0_y-34.0_-3.0_reverse_left,V_x40.0_y-34.0_-3.0,V_x40.0_y-34.0_-3.0,left,reverse,reverse_left,1
6218,41.500,-28.500,0.500,-90.000,V_x40.0_y-34.0_-3.0_reverse_left,V_x40.0_y-34.0_-3.0,V_x40.0_y-34.0_-3.0,left,reverse,reverse_left,1
6219,41.500,-29.000,0.500,-90.000,V_x40.0_y-34.0_-3.0_reverse_left,V_x40.0_y-34.0_-3.0,V_x40.0_y-34.0_-3.0,left,reverse,reverse_left,1
6220,41.500,-29.500,0.500,-90.000,V_x40.0_y-34.0_-3.0_reverse_left,V_x40.0_y-34.0_-3.0,V_x40.0_y-34.0_-3.0,left,reverse,reverse_left,1
6221,41.500,-30.000,0.500,-90.000,V_x40.0_y-34.0_-3.0_reverse_left,V_x40.0_y-34.0_-3.0,V_x40.0_y-34.0_-3.0,left,reverse,reverse_left,1
6222,41.500,-30.500,0.500,-90.000,V_x40.0_y-34.0_-3.0_reverse_left,V_x40.0_y-34.0_-3.0,V_x40.0_y-34.0_-3.0,left,reverse,reverse_left,1
6223,41.500,-31.000,0.500,-90.000,V_x40.0_y-34.0_-3.0_reverse_left,V_x40.0_y-34.0_-3.0,V_x40.0_y-34.0_-3.0,left,reverse,reverse_left,1
6224,41.500,-31.500,0.500,-90.000,V_x40.0_y-34.0_-3.0_reverse_left,V_x40.0_y-34.0_-3.0,V_x40.0_y-34.0_-3.0,left,reverse,reverse_left,1
6225,41.500,-32.000,0.500,-90.000,V_x40.0_y-34.0_-3.0_reverse_left,V_x40.0_y-34.0_-3.0,V_x40.0_y-34.0_-3.0,left,reverse,reverse_left,1
6226,41.500,-32.500,0.500,-90.000,V_x40.0_y-34.0_-3.0_reverse_left,V_x40.0_y-34.0_-3.0,V_x40.0_y-34.0_-3.0,left,reverse,reverse_left,1
6227,41.500,-33.000,0.500,-90.000,V_x40.0_y-34.0_-3.0_reverse_left,V_x40.0_y-34.0_-3.0,V_x40.0_y-34.0_-3.0,left,reverse,reverse_left,1
6228,41.500,-33.500,0.500,-90.000,V_x40.0_y-34.0_-3.0_reverse_left,V_x40.0_y-34.0_-3.0,V_x40.0_y-34.0_-3.0,left,reverse,reverse_left,1
6229,41.500,-34.000,0.500,-90.000,V_x40.0_y-34.0_-3.0_reverse_left,V_x40.0_y-34.0_-3.0,V_x40.0_y-34.0_-3.0,left,reverse,reverse_left,0
6230,38.500,-3.000,0.500,-90.000,V_x40.0_y-34.0_-3.0_reverse_right,V_x40.0_y-34.0_-3.0,V_x40.0_y-34.0_-3.0,right,reverse,reverse_right,1
6231,38.500,-3.500,0.500,-90.000,V_x40.0_y-34.0_-3.0_reverse_right,V_x40.0_y-34.0_-3.0,V_x40.0_y-34.0_-3.0,right,reverse,reverse_right,1
6232,38.500,-4.000,0.500,-90.000,V_x40.0_y-34.0_-3.0_reverse_right,V_x40.0_y-34.0_-3.0,V_x40.0_y-34.0_-3.0,right,reverse,reverse_right,1
6233,38.500,-4.500,0.500,-90.000,V_x40.0_y-34.0_-3.0_reverse_right,V_x40.0_y-34.0_-3.0,V_x40.0_y-34.0_-3.0,right,reverse,reverse_right,1
6234,38.500,-5.000,0.500,-90.000,V_x40.0_y-34.0_-3.0_reverse_right,V_x40.0_y-34.0_-3.0,V_x40.0_y-34.0_-3.0,right,reverse,reverse_right,1
6235,38.500,-5.500,0.500,-90.000,V_x40.0_y-34.0_-3.0_reverse_right,V_x40.0_y-34.0_-3.0,V_x40.0_y-34.0_-3.0,right,reverse,reverse_right,1
6236,38.500,-6.000,0.500,-90.000,V_x40.0_y-34.0_-3.0_reverse_right,V_x40.0_y-34.0_-3.0,V_x40.0_y-34.0_-3.0,right,reverse,reverse_right,1
6237,38.500,-6.500,0.500,-90.000,V_x40.0_y-34.0_-3.0_reverse_right,V_x40.0_y-34.0_-3.0,V_x40.0_y-34.0_-3.0,right,reverse,reverse_right,1
6238,38.500,-7.000,0.500,-90.000,V_x40.0_y-34.0_-3.0_reverse_right,V_x40.0_y-34.0_-3.0,V_x40.0_y-34.0_-3.0,right,reverse,reverse_right,1
6239,38.500,-7.500,0.500,-90.000,V_x40.0_y-34.0_-3.0_reverse_right,V_x40.0_y-34.0_-3.0,V_x40.0_y-34.0_-3.0,right,reverse,reverse_right,1
6240,38.500,-8.000,0.500,-90.000,V_x40.0_y-34.0_-3.0_reverse_right,V_x40.0_y-34.0_-3.0,V_x40.0_y-34.0_-3.0,right,reverse,reverse_right,1
6241,38.500,-8.500,0.500,-90.000,V_x40.0_y-34.0_-3.0_reverse_right,V_x40.0_y-34.0_-3.0,V_x40.0_y-34.0_-3.0,right,reverse,reverse_right,1
6242,38.500,-9.000,0.500,-90.000,V_x40.0_y-34.0_-3.0_reverse_right,V_x40.0_y-34.0_-3.0,V_x40.0_y-34.0_-3.0,right,reverse,reverse_right,1
6243,38.500,-9.500,0.500,-90.000,V_x40.0_y-34.0_-3.0_reverse_right,V_x40.0_y-34.0_-3.0,V_x40.0_y-34.0_-3.0,right,reverse,reverse_right,1
6244,38.500,-10.000,0.500,-90.000,V_x40.0_y-34.0_-3.0_reverse_right,V_x40.0_y-34.0_-3.0,V_x40.0_y-34.0_-3.0,right,reverse,reverse_right,1
6245,38.500,-10.500,0.500,-90.000,V_x40.0_y-34.0_-3.0_reverse_right,V_x40.0_y-34.0_-3.0,V_x40.0_y-34.0_-3.0,right,reverse,reverse_right,1
6246,38.500,-11.000,0.500,-90.000,V_x40.0_y-34.0_-3.0_reverse_right,V_x40.0_y-34.0_-3.0,V_x40.0_y-34.0_-3.0,right,reverse,reverse_right,1
6247,38.500,-11.500,0.500,-90.000,V_x40.0_y-34.0_-3.0_reverse_right,V_x40.0_y-34.0_-3.0,V_x40.0_y-34.0_-3.0,right,reverse,reverse_right,1
6248,38.500,-12.000,0.500,-90.000,V_x40.0_y-34.0_-3.0_reverse_right,V_x40.0_y-34.0_-3.0,V_x40.0_y-34.0_-3.0,right,reverse,reverse_right,1
6249,38.500,-12.500,0.500,-90.000,V_x40.0_y-34.0_-3.0_reverse_right,V_x40.0_y-34.0_-3.0,V_x40.0_y-34.0_-3.0,right,reverse,reverse_right,1
6250,38.500,-13.000,0.500,-90.000,V_x40.0_y-34.0_-3.0_reverse_right,V_x40.0_y-34.0_-3.0,V_x40.0_y-34.0_-3.0,right,reverse,reverse_right,1
6251,38.500,-13.500,0.500,-90.000,V_x40.0_y-34.0_-3.0_reverse_right,V_x40.0_y-34.0_-3.0,V_x40.0_y-34.0_-3.0,right,reverse,reverse_right,1
6252,38.500,-14.000,0.500,-90.000,V_x40.0_y-34.0_-3.0_reverse_right,V_x40.0_y-34.0_-3.0,V_x40.0_y-34.0_-3.0,right,reverse,reverse_right,1
6253,38.500,-14.500,0.500,-90.000,V_x40.0_y-34.0_-3.0_reverse_right,V_x40.0_y-34.0_-3.0,V_x40.0_y-34.0_-3.0,right,reverse,reverse_right,1
6254,38.500,-15.000,0.500,-90.000,V_x40.0_y-34.0_-3.0_reverse_right,V_x40.0_y-34.0_-3.0,V_x40.0_y-34.0_-3.0,right,reverse,reverse_right,1
6255,38.500,-15.500,0.500,-90.000,V_x40.0_y-34.0_-3.0_reverse_right,V_x40.0_y-34.0_-3.0,V_x40.0_y-34.0_-3.0,right,reverse,reverse_right,1
6256,38.500,-16.000,0.500,-90.000,V_x40.0_y-34.0_-3.0_reverse_right,V_x40.0_y-34.0_-3.0,V_x40.0_y-34.0_-3.0,right,reverse,reverse_right,1
6257,38.500,-16.500,0.500,-90.000,V_x40.0_y-34.0_-3.0_reverse_right,V_x40.0_y-34.0_-3.0,V_x40.0_y-34.0_-3.0,right,reverse,reverse_right,1
6258,38.500,-17.000,0.500,-90.000,V_x40.0_y-34.0_-3.0_reverse_right,V_x40.0_y-34.0_-3.0,V_x40.0_y-34.0_-3.0,right,reverse,reverse_right,1
6259,38.500,-17.500,0.500,-90.000,V_x40.0_y-34.0_-3.0_reverse_right,V_x40.0_y-34.0_-3.0,V_x40.0_y-34.0_-3.0,right,reverse,reverse_right,1
6260,38.500,-18.000,0.500,-90.000,V_x40.0_y-34.0_-3.0_reverse_right,V_x40.0_y-34.0_-3.0,V_x40.0_y-34.0_-3.0,right,reverse,reverse_right,1
6261,38.500,-18.500,0.500,-90.000,V_x40.0_y-34.0_-3.0_reverse_right,V_x40.0_y-34.0_-3.0,V_x40.0_y-34.0_-3.0,right,reverse,reverse_right,1
6262,38.500,-19.000,0.500,-90.000,V_x40.0_y-34.0_-3.0_reverse_right,V_x40.0_y-34.0_-3.0,V_x40.0_y-34.0_-3.0,right,reverse,reverse_right,1
6263,38.500,-19.500,0.500,-90.000,V_x40.0_y-34.0_-3.0_reverse_right,V_x40.0_y-34.0_-3.0,V_x40.0_y-34.0_-3.0,right,reverse,reverse_right,1
6264,38.500,-20.000,0.500,-90.000,V_x40.0_y-34.0_-3.0_reverse_right,V_x40.0_y-34.0_-3.0,V_x40.0_y-34.0_-3.0,right,reverse,reverse_right,1
6265,38.500,-20.500,0.500,-90.000,V_x40.0_y-34.0_-3.0_reverse_right,V_x40.0_y-34.0_-3.0,V_x40.0_y-34.0_-3.0,right,reverse,reverse_right,1
6266,38.500,-21.000,0.500,-90.000,V_x40.0_y-34.0_-3.0_reverse_right,V_x40.0_y-34.0_-3.0,V_x40.0_y-34.0_-3.0,right,reverse,reverse_right,1
6267,38.500,-21.500,0.500,-90.000,V_x40.0_y-34.0_-3.0_reverse_right,V_x40.0_y-34.0_-3.0,V_x40.0_y-34.0_-3.0,right,reverse,reverse_right,1
6268,38.500,-22.000,0.500,-90.000,V_x40.0_y-34.0_-3.0_reverse_right,V_x40.0_y-34.0_-3.0,V_x40.0_y-34.0_-3.0,right,reverse,reverse_right,1
6269,38.500,-22.500,0.500,-90.000,V_x40.0_y-34.0_-3.0_reverse_right,V_x40.0_y-34.0_-3.0,V_x40.0_y-34.0_-3.0,right,reverse,reverse_right,1
6270,38.500,-23.000,0.500,-90.000,V_x40.0_y-34.0_-3.0_reverse_right,V_x40.0_y-34.0_-3.0,V_x40.0_y-34.0_-3.0,right,reverse,reverse_right,1
6271,38.500,-23.500,0.500,-90.000,V_x40.0_y-34.0_-3.0_reverse_right,V_x40.0_y-34.0_-3.0,V_x40.0_y-34.0_-3.0,right,reverse,reverse_right,1
6272,38.500,-24.000,0.500,-90.000,V_x40.0_y-34.0_-3.0_reverse_right,V_x40.0_y-34.0_-3.0,V_x40.0_y-34.0_-3.0,right,reverse,reverse_right,1
6273,38.500,-24.500,0.500,-90.000,V_x40.0_y-34.0_-3.0_reverse_right,V_x40.0_y-34.0_-3.0,V_x40.0_y-34.0_-3.0,right,reverse,reverse_right,1
6274,38.500,-25.000,0.500,-90.000,V_x40.0_y-34.0_-3.0_reverse_right,V_x40.0_y-34.0_-3.0,V_x40.0_y-34.0_-3.0,right,reverse,reverse_right,1
6275,38.500,-25.500,0.500,-90.000,V_x40.0_y-34.0_-3.0_reverse_right,V_x40.0_y-34.0_-3.0,V_x40.0_y-34.0_-3.0,right,reverse,reverse_right,1
6276,38.500,-26.000,0.500,-90.000,V_x40.0_y-34.0_-3.0_reverse_right,V_x40.0_y-34.0_-3.0,V_x40.0_y-34.0_-3.0,right,reverse,reverse_right,1
6277,38.500,-26.500,0.500,-90.000,V_x40.0_y-34.0_-3.0_reverse_right,V_x40.0_y-34.0_-3.0,V_x40.0_y-34.0_-3.0,right,reverse,reverse_right,1
6278,38.500,-27.000,0.500,-90.000,V_x40.0_y-34.0_-3.0_reverse_right,V_x40.0_y-34.0_-3.0,V_x40.0_y-34.0_-3.0,right,reverse,reverse_right,1
6279,38.500,-27.500,0.500,-90.000,V_x40.0_y-34.0_-3.0_reverse_right,V_x40.0_y-34.0_-3.0,V_x40.0_y-34.0_-3.0,right,reverse,reverse_right,1
6280,38.500,-28.000,0.500,-90.000,V_x40.0_y-34.0_-3.0_reverse_right,V_x40.0_y-34.0_-3.0,V_x40.0_y-34.0_-3.0,right,reverse,reverse_right,1
6281,38.500,-28.500,0.500,-90.000,V_x40.0_y-34.0_-3.0_reverse_right,V_x40.0_y-34.0_-3.0,V_x40.0_y-34.0_-3.0,right,reverse,reverse_right,1
6282,38.500,-29.000,0.500,-90.000,V_x40.0_y-34.0_-3.0_reverse_right,V_x40.0_y-34.0_-3.0,V_x40.0_y-34.0_-3.0,right,reverse,reverse_right,1
6283,38.500,-29.500,0.500,-90.000,V_x40.0_y-34.0_-3.0_reverse_right,V_x40.0_y-34.0_-3.0,V_x40.0_y-34.0_-3.0,right,reverse,reverse_right,1
6284,38.500,-30.000,0.500,-90.000,V_x40.0_y-34.0_-3.0_reverse_right,V_x40.0_y-34.0_-3.0,V_x40.0_y-34.0_-3.0,right,reverse,reverse_right,1
6285,38.500,-30.500,0.500,-90.000,V_x40.0_y-34.0_-3.0_reverse_right,V_x40.0_y-34.0_-3.0,V_x40.0_y-34.0_-3.0,right,reverse,reverse_right,1
6286,38.500,-31.000,0.500,-90.000,V_x40.0_y-34.0_-3.0_reverse_right,V_x40.0_y-34.0_-3.0,V_x40.0_y-34.0_-3.0,right,reverse,reverse_right,1
6287,38.500,-31.500,0.500,-90.000,V_x40.0_y-34.0_-3.0_reverse_right,V_x40.0_y-34.0_-3.0,V_x40.0_y-34.0_-3.0,right,reverse,reverse_right,1
6288,38.500,-32.000,0.500,-90.000,V_x40.0_y-34.0_-3.0_reverse_right,V_x40.0_y-34.0_-3.0,V_x40.0_y-34.0_-3.0,right,reverse,reverse_right,1
6289,38.500,-32.500,0.500,-90.000,V_x40.0_y-34.0_-3.0_reverse_right,V_x40.0_y-34.0_-3.0,V_x40.0_y-34.0_-3.0,right,reverse,reverse_right,1
6290,38.500,-33.000,0.500,-90.000,V_x40.0_y-34.0_-3.0_reverse_right,V_x40.0_y-34.0_-3.0,V_x40.0_y-34.0_-3.0,right,reverse,reverse_right,1
6291,38.500,-33.500,0.500,-90.000,V_x40.0_y-34.0_-3.0_reverse_right,V_x40.0_y-34.0_-3.0,V_x40.0_y-34.0_-3.0,right,reverse,reverse_right,1
6292,38.500,-34.000,0.500,-90.000,V_x40.0_y-34.0_-3.0_reverse_right,V_x40.0_y-34.0_-3.0,V_x40.0_y-34.0_-3.0,right,reverse,reverse_right,0
6293,38.500,-34.000,0.500,90.000,outer_bottom_right_conn0_forward_left,outer_bottom_right_conn0,outer_bottom_right_conn0,left,forward,forward_left,1
6294,38.500,-33.500,0.500,90.000,outer_bottom_right_conn0_forward_left,outer_bottom_right_conn0,outer_bottom_right_conn0,left,forward,forward_left,1
6295,38.500,-33.000,0.500,90.000,outer_bottom_right_conn0_forward_left,outer_bottom_right_conn0,outer_bottom_right_conn0,left,forward,forward_left,1
6296,38.500,-32.500,0.500,90.000,outer_bottom_right_conn0_forward_left,outer_bottom_right_conn0,outer_bottom_right_conn0,left,forward,forward_left,1
6297,38.500,-32.000,0.500,90.000,outer_bottom_right_conn0_forward_left,outer_bottom_right_conn0,outer_bottom_right_conn0,left,forward,forward_left,1
6298,38.500,-31.500,0.500,90.000,outer_bottom_right_conn0_forward_left,outer_bottom_right_conn0,outer_bottom_right_conn0,left,forward,forward_left,1
6299,38.500,-31.000,0.500,90.000,outer_bottom_right_conn0_forward_left,outer_bottom_right_conn0,outer_bottom_right_conn0,left,forward,forward_left,1
6300,38.500,-30.500,0.500,90.000,outer_bottom_right_conn0_forward_left,outer_bottom_right_conn0,outer_bottom_right_conn0,left,forward,forward_left,1
6301,38.500,-30.000,0.500,90.000,outer_bottom_right_conn0_forward_left,outer_bottom_right_conn0,outer_bottom_right_conn0,left,forward,forward_left,0
6302,41.500,-34.000,0.500,90.000,outer_bottom_right_conn0_forward_right,outer_bottom_right_conn0,outer_bottom_right_conn0,right,forward,forward_right,1
6303,41.500,-33.500,0.500,90.000,outer_bottom_right_conn0_forward_right,outer_bottom_right_conn0,outer_bottom_right_conn0,right,forward,forward_right,1
6304,41.500,-33.000,0.500,90.000,outer_bottom_right_conn0_forward_right,outer_bottom_right_conn0,outer_bottom_right_conn0,right,forward,forward_right,1
6305,41.500,-32.500,0.500,90.000,outer_bottom_right_conn0_forward_right,outer_bottom_right_conn0,outer_bottom_right_conn0,right,forward,forward_right,1
6306,41.500,-32.000,0.500,90.000,outer_bottom_right_conn0_forward_right,outer_bottom_right_conn0,outer_bottom_right_conn0,right,forward,forward_right,1
6307,41.500,-31.500,0.500,90.000,outer_bottom_right_conn0_forward_right,outer_bottom_right_conn0,outer_bottom_right_conn0,right,forward,forward_right,1
6308,41.500,-31.000,0.500,90.000,outer_bottom_right_conn0_forward_right,outer_bottom_right_conn0,outer_bottom_right_conn0,right,forward,forward_right,1
6309,41.500,-30.500,0.500,90.000,outer_bottom_right_conn0_forward_right,outer_bottom_right_conn0,outer_bottom_right_conn0,right,forward,forward_right,1
6310,41.500,-30.000,0.500,90.000,outer_bottom_right_conn0_forward_right,outer_bottom_right_conn0,outer_bottom_right_conn0,right,forward,forward_right,0
6311,41.500,-30.000,0.500,-90.000,outer_bottom_right_conn0_reverse_left,outer_bottom_right_conn0,outer_bottom_right_conn0,left,reverse,reverse_left,1
6312,41.500,-30.500,0.500,-90.000,outer_bottom_right_conn0_reverse_left,outer_bottom_right_conn0,outer_bottom_right_conn0,left,reverse,reverse_left,1
6313,41.500,-31.000,0.500,-90.000,outer_bottom_right_conn0_reverse_left,outer_bottom_right_conn0,outer_bottom_right_conn0,left,reverse,reverse_left,1
6314,41.500,-31.500,0.500,-90.000,outer_bottom_right_conn0_reverse_left,outer_bottom_right_conn0,outer_bottom_right_conn0,left,reverse,reverse_left,1
6315,41.500,-32.000,0.500,-90.000,outer_bottom_right_conn0_reverse_left,outer_bottom_right_conn0,outer_bottom_right_conn0,left,reverse,reverse_left,1
6316,41.500,-32.500,0.500,-90.000,outer_bottom_right_conn0_reverse_left,outer_bottom_right_conn0,outer_bottom_right_conn0,left,reverse,reverse_left,1
6317,41.500,-33.000,0.500,-90.000,outer_bottom_right_conn0_reverse_left,outer_bottom_right_conn0,outer_bottom_right_conn0,left,reverse,reverse_left,1
6318,41.500,-33.500,0.500,-90.000,outer_bottom_right_conn0_reverse_left,outer_bottom_right_conn0,outer_bottom_right_conn0,left,reverse,reverse_left,1
6319,41.500,-34.000,0.500,-90.000,outer_bottom_right_conn0_reverse_left,outer_bottom_right_conn0,outer_bottom_right_conn0,left,reverse,reverse_left,0
6320,38.500,-30.000,0.500,-90.000,outer_bottom_right_conn0_reverse_right,outer_bottom_right_conn0,outer_bottom_right_conn0,right,reverse,reverse_right,1
6321,38.500,-30.500,0.500,-90.000,outer_bottom_right_conn0_reverse_right,outer_bottom_right_conn0,outer_bottom_right_conn0,right,reverse,reverse_right,1
6322,38.500,-31.000,0.500,-90.000,outer_bottom_right_conn0_reverse_right,outer_bottom_right_conn0,outer_bottom_right_conn0,right,reverse,reverse_right,1
6323,38.500,-31.500,0.500,-90.000,outer_bottom_right_conn0_reverse_right,outer_bottom_right_conn0,outer_bottom_right_conn0,right,reverse,reverse_right,1
6324,38.500,-32.000,0.500,-90.000,outer_bottom_right_conn0_reverse_right,outer_bottom_right_conn0,outer_bottom_right_conn0,right,reverse,reverse_right,1
6325,38.500,-32.500,0.500,-90.000,outer_bottom_right_conn0_reverse_right,outer_bottom_right_conn0,outer_bottom_right_conn0,right,reverse,reverse_right,1
6326,38.500,-33.000,0.500,-90.000,outer_bottom_right_conn0_reverse_right,outer_bottom_right_conn0,outer_bottom_right_conn0,right,reverse,reverse_right,1
6327,38.500,-33.500,0.500,-90.000,outer_bottom_right_conn0_reverse_right,outer_bottom_right_conn0,outer_bottom_right_conn0,right,reverse,reverse_right,1
6328,38.500,-34.000,0.500,-90.000,outer_bottom_right_conn0_reverse_right,outer_bottom_right_conn0,outer_bottom_right_conn0,right,reverse,reverse_right,0
6329,40.000,-35.500,0.500,180.000,outer_bottom_right_conn1_forward_left,outer_bottom_right_conn1,outer_bottom_right_conn1,left,forward,forward_left,1
6330,39.500,-35.500,0.500,180.000,outer_bottom_right_conn1_forward_left,outer_bottom_right_conn1,outer_bottom_right_conn1,left,forward,forward_left,1
6331,39.000,-35.500,0.500,180.000,outer_bottom_right_conn1_forward_left,outer_bottom_right_conn1,outer_bottom_right_conn1,left,forward,forward_left,1
6332,38.500,-35.500,0.500,180.000,outer_bottom_right_conn1_forward_left,outer_bottom_right_conn1,outer_bottom_right_conn1,left,forward,forward_left,1
6333,38.000,-35.500,0.500,180.000,outer_bottom_right_conn1_forward_left,outer_bottom_right_conn1,outer_bottom_right_conn1,left,forward,forward_left,1
6334,37.500,-35.500,0.500,180.000,outer_bottom_right_conn1_forward_left,outer_bottom_right_conn1,outer_bottom_right_conn1,left,forward,forward_left,1
6335,37.000,-35.500,0.500,180.000,outer_bottom_right_conn1_forward_left,outer_bottom_right_conn1,outer_bottom_right_conn1,left,forward,forward_left,1
6336,36.500,-35.500,0.500,180.000,outer_bottom_right_conn1_forward_left,outer_bottom_right_conn1,outer_bottom_right_conn1,left,forward,forward_left,1
6337,36.000,-35.500,0.500,180.000,outer_bottom_right_conn1_forward_left,outer_bottom_right_conn1,outer_bottom_right_conn1,left,forward,forward_left,0
6338,40.000,-32.500,0.500,180.000,outer_bottom_right_conn1_forward_right,outer_bottom_right_conn1,outer_bottom_right_conn1,right,forward,forward_right,1
6339,39.500,-32.500,0.500,180.000,outer_bottom_right_conn1_forward_right,outer_bottom_right_conn1,outer_bottom_right_conn1,right,forward,forward_right,1
6340,39.000,-32.500,0.500,180.000,outer_bottom_right_conn1_forward_right,outer_bottom_right_conn1,outer_bottom_right_conn1,right,forward,forward_right,1
6341,38.500,-32.500,0.500,180.000,outer_bottom_right_conn1_forward_right,outer_bottom_right_conn1,outer_bottom_right_conn1,right,forward,forward_right,1
6342,38.000,-32.500,0.500,180.000,outer_bottom_right_conn1_forward_right,outer_bottom_right_conn1,outer_bottom_right_conn1,right,forward,forward_right,1
6343,37.500,-32.500,0.500,180.000,outer_bottom_right_conn1_forward_right,outer_bottom_right_conn1,outer_bottom_right_conn1,right,forward,forward_right,1
6344,37.000,-32.500,0.500,180.000,outer_bottom_right_conn1_forward_right,outer_bottom_right_conn1,outer_bottom_right_conn1,right,forward,forward_right,1
6345,36.500,-32.500,0.500,180.000,outer_bottom_right_conn1_forward_right,outer_bottom_right_conn1,outer_bottom_right_conn1,right,forward,forward_right,1
6346,36.000,-32.500,0.500,180.000,outer_bottom_right_conn1_forward_right,outer_bottom_right_conn1,outer_bottom_right_conn1,right,forward,forward_right,0
6347,36.000,-32.500,0.500,0.000,outer_bottom_right_conn1_reverse_left,outer_bottom_right_conn1,outer_bottom_right_conn1,left,reverse,reverse_left,1
6348,36.500,-32.500,0.500,0.000,outer_bottom_right_conn1_reverse_left,outer_bottom_right_conn1,outer_bottom_right_conn1,left,reverse,reverse_left,1
6349,37.000,-32.500,0.500,0.000,outer_bottom_right_conn1_reverse_left,outer_bottom_right_conn1,outer_bottom_right_conn1,left,reverse,reverse_left,1
6350,37.500,-32.500,0.500,0.000,outer_bottom_right_conn1_reverse_left,outer_bottom_right_conn1,outer_bottom_right_conn1,left,reverse,reverse_left,1
6351,38.000,-32.500,0.500,0.000,outer_bottom_right_conn1_reverse_left,outer_bottom_right_conn1,outer_bottom_right_conn1,left,reverse,reverse_left,1
6352,38.500,-32.500,0.500,0.000,outer_bottom_right_conn1_reverse_left,outer_bottom_right_conn1,outer_bottom_right_conn1,left,reverse,reverse_left,1
6353,39.000,-32.500,0.500,0.000,outer_bottom_right_conn1_reverse_left,outer_bottom_right_conn1,outer_bottom_right_conn1,left,reverse,reverse_left,1
6354,39.500,-32.500,0.500,0.000,outer_bottom_right_conn1_reverse_left,outer_bottom_right_conn1,outer_bottom_right_conn1,left,reverse,reverse_left,1
6355,40.000,-32.500,0.500,0.000,outer_bottom_right_conn1_reverse_left,outer_bottom_right_conn1,outer_bottom_right_conn1,left,reverse,reverse_left,0
6356,36.000,-35.500,0.500,0.000,outer_bottom_right_conn1_reverse_right,outer_bottom_right_conn1,outer_bottom_right_conn1,right,reverse,reverse_right,1
6357,36.500,-35.500,0.500,0.000,outer_bottom_right_conn1_reverse_right,outer_bottom_right_conn1,outer_bottom_right_conn1,right,reverse,reverse_right,1
6358,37.000,-35.500,0.500,0.000,outer_bottom_right_conn1_reverse_right,outer_bottom_right_conn1,outer_bottom_right_conn1,right,reverse,reverse_right,1
6359,37.500,-35.500,0.500,0.000,outer_bottom_right_conn1_reverse_right,outer_bottom_right_conn1,outer_bottom_right_conn1,right,reverse,reverse_right,1
6360,38.000,-35.500,0.500,0.000,outer_bottom_right_conn1_reverse_right,outer_bottom_right_conn1,outer_bottom_right_conn1,right,reverse,reverse_right,1
6361,38.500,-35.500,0.500,0.000,outer_bottom_right_conn1_reverse_right,outer_bottom_right_conn1,outer_bottom_right_conn1,right,reverse,reverse_right,1
6362,39.000,-35.500,0.500,0.000,outer_bottom_right_conn1_reverse_right,outer_bottom_right_conn1,outer_bottom_right_conn1,right,reverse,reverse_right,1
6363,39.500,-35.500,0.500,0.000,outer_bottom_right_conn1_reverse_right,outer_bottom_right_conn1,outer_bottom_right_conn1,right,reverse,reverse_right,1
6364,40.000,-35.500,0.500,0.000,outer_bottom_right_conn1_reverse_right,outer_bottom_right_conn1,outer_bottom_right_conn1,right,reverse,reverse_right,0
6365,2.000,-34.000,0.500,-90.000,ENTRY_x2.0_reverse_right,ENTRY_x2.0,ENTRY_x2.0,right,reverse,reverse_right,1
6366,2.000,-34.500,0.500,-90.000,ENTRY_x2.0_reverse_right,ENTRY_x2.0,ENTRY_x2.0,right,reverse,reverse_right,1
6367,2.000,-35.000,0.500,-90.000,ENTRY_x2.0_reverse_right,ENTRY_x2.0,ENTRY_x2.0,right,reverse,reverse_right,1
6368,2.000,-35.500,0.500,-90.000,ENTRY_x2.0_reverse_right,ENTRY_x2.0,ENTRY_x2.0,right,reverse,reverse_right,1
6369,2.000,-36.000,0.500,-90.000,ENTRY_x2.0_reverse_right,ENTRY_x2.0,ENTRY_x2.0,right,reverse,reverse_right,1
6370,2.000,-36.500,0.500,-90.000,ENTRY_x2.0_reverse_right,ENTRY_x2.0,ENTRY_x2.0,right,reverse,reverse_right,1
6371,2.000,-37.000,0.500,-90.000,ENTRY_x2.0_reverse_right,ENTRY_x2.0,ENTRY_x2.0,right,reverse,reverse_right,1
6372,2.000,-37.500,0.500,-90.000,ENTRY_x2.0_reverse_right,ENTRY_x2.0,ENTRY_x2.0,right,reverse,reverse_right,1
6373,2.000,-38.000,0.500,-90.000,ENTRY_x2.0_reverse_right,ENTRY_x2.0,ENTRY_x2.0,right,reverse,reverse_right,1
6374,2.000,-38.500,0.500,-90.000,ENTRY_x2.0_reverse_right,ENTRY_x2.0,ENTRY_x2.0,right,reverse,reverse_right,1
6375,2.000,-39.000,0.500,-90.000,ENTRY_x2.0_reverse_right,ENTRY_x2.0,ENTRY_x2.0,right,reverse,reverse_right,1
6376,2.000,-39.500,0.500,-90.000,ENTRY_x2.0_reverse_right,ENTRY_x2.0,ENTRY_x2.0,right,reverse,reverse_right,1
6377,2.000,-40.000,0.500,-90.000,ENTRY_x2.0_reverse_right,ENTRY_x2.0,ENTRY_x2.0,right,reverse,reverse_right,1
6378,2.000,-40.500,0.500,-90.000,ENTRY_x2.0_reverse_right,ENTRY_x2.0,ENTRY_x2.0,right,reverse,reverse_right,1
6379,2.000,-41.000,0.500,-90.000,ENTRY_x2.0_reverse_right,ENTRY_x2.0,ENTRY_x2.0,right,reverse,reverse_right,1
6380,2.000,-41.500,0.500,-90.000,ENTRY_x2.0_reverse_right,ENTRY_x2.0,ENTRY_x2.0,right,reverse,reverse_right,1
6381,2.000,-42.000,0.500,-90.000,ENTRY_x2.0_reverse_right,ENTRY_x2.0,ENTRY_x2.0,right,reverse,reverse_right,1
6382,2.000,-42.500,0.500,-90.000,ENTRY_x2.0_reverse_right,ENTRY_x2.0,ENTRY_x2.0,right,reverse,reverse_right,1
6383,2.000,-43.000,0.500,-90.000,ENTRY_x2.0_reverse_right,ENTRY_x2.0,ENTRY_x2.0,right,reverse,reverse_right,1
6384,2.000,-43.500,0.500,-90.000,ENTRY_x2.0_reverse_right,ENTRY_x2.0,ENTRY_x2.0,right,reverse,reverse_right,1
6385,2.000,-44.000,0.500,-90.000,ENTRY_x2.0_reverse_right,ENTRY_x2.0,ENTRY_x2.0,right,reverse,reverse_right,1
6386,2.000,-44.500,0.500,-90.000,ENTRY_x2.0_reverse_right,ENTRY_x2.0,ENTRY_x2.0,right,reverse,reverse_right,1
6387,2.000,-45.000,0.500,-90.000,ENTRY_x2.0_reverse_right,ENTRY_x2.0,ENTRY_x2.0,right,reverse,reverse_right,1
6388,2.000,-45.500,0.500,-90.000,ENTRY_x2.0_reverse_right,ENTRY_x2.0,ENTRY_x2.0,right,reverse,reverse_right,1
6389,2.000,-46.000,0.500,-90.000,ENTRY_x2.0_reverse_right,ENTRY_x2.0,ENTRY_x2.0,right,reverse,reverse_right,1
6390,2.000,-46.500,0.500,-90.000,ENTRY_x2.0_reverse_right,ENTRY_x2.0,ENTRY_x2.0,right,reverse,reverse_right,1
6391,2.000,-47.000,0.500,-90.000,ENTRY_x2.0_reverse_right,ENTRY_x2.0,ENTRY_x2.0,right,reverse,reverse_right,1
6392,2.000,-47.500,0.500,-90.000,ENTRY_x2.0_reverse_right,ENTRY_x2.0,ENTRY_x2.0,right,reverse,reverse_right,1
6393,2.000,-48.000,0.500,-90.000,ENTRY_x2.0_reverse_right,ENTRY_x2.0,ENTRY_x2.0,right,reverse,reverse_right,1
6394,2.000,-48.500,0.500,-90.000,ENTRY_x2.0_reverse_right,ENTRY_x2.0,ENTRY_x2.0,right,reverse,reverse_right,1
6395,2.000,-49.000,0.500,-90.000,ENTRY_x2.0_reverse_right,ENTRY_x2.0,ENTRY_x2.0,right,reverse,reverse_right,1
6396,2.000,-49.500,0.500,-90.000,ENTRY_x2.0_reverse_right,ENTRY_x2.0,ENTRY_x2.0,right,reverse,reverse_right,1
6397,2.000,-50.000,0.500,-90.000,ENTRY_x2.0_reverse_right,ENTRY_x2.0,ENTRY_x2.0,right,reverse,reverse_right,1
6398,2.000,-50.500,0.500,-90.000,ENTRY_x2.0_reverse_right,ENTRY_x2.0,ENTRY_x2.0,right,reverse,reverse_right,1
6399,2.000,-51.000,0.500,-90.000,ENTRY_x2.0_reverse_right,ENTRY_x2.0,ENTRY_x2.0,right,reverse,reverse_right,1
6400,2.000,-51.500,0.500,-90.000,ENTRY_x2.0_reverse_right,ENTRY_x2.0,ENTRY_x2.0,right,reverse,reverse_right,1
6401,2.000,-52.000,0.500,-90.000,ENTRY_x2.0_reverse_right,ENTRY_x2.0,ENTRY_x2.0,right,reverse,reverse_right,0
6402,6.000,-35.500,0.500,180.000,ENTRY_CONN_x6.0_forward_left,ENTRY_CONN_x6.0,ENTRY_CONN_x6.0,left,forward,forward_left,1
6403,5.500,-35.500,0.500,180.000,ENTRY_CONN_x6.0_forward_left,ENTRY_CONN_x6.0,ENTRY_CONN_x6.0,left,forward,forward_left,1
6404,5.000,-35.500,0.500,180.000,ENTRY_CONN_x6.0_forward_left,ENTRY_CONN_x6.0,ENTRY_CONN_x6.0,left,forward,forward_left,1
6405,4.500,-35.500,0.500,180.000,ENTRY_CONN_x6.0_forward_left,ENTRY_CONN_x6.0,ENTRY_CONN_x6.0,left,forward,forward_left,1
6406,4.000,-35.500,0.500,180.000,ENTRY_CONN_x6.0_forward_left,ENTRY_CONN_x6.0,ENTRY_CONN_x6.0,left,forward,forward_left,1
6407,3.500,-35.500,0.500,180.000,ENTRY_CONN_x6.0_forward_left,ENTRY_CONN_x6.0,ENTRY_CONN_x6.0,left,forward,forward_left,1
6408,3.000,-35.500,0.500,180.000,ENTRY_CONN_x6.0_forward_left,ENTRY_CONN_x6.0,ENTRY_CONN_x6.0,left,forward,forward_left,1
6409,2.500,-35.500,0.500,180.000,ENTRY_CONN_x6.0_forward_left,ENTRY_CONN_x6.0,ENTRY_CONN_x6.0,left,forward,forward_left,1
6410,2.000,-35.500,0.500,180.000,ENTRY_CONN_x6.0_forward_left,ENTRY_CONN_x6.0,ENTRY_CONN_x6.0,left,forward,forward_left,0
6411,6.000,-32.500,0.500,180.000,ENTRY_CONN_x6.0_forward_right,ENTRY_CONN_x6.0,ENTRY_CONN_x6.0,right,forward,forward_right,1
6412,5.500,-32.500,0.500,180.000,ENTRY_CONN_x6.0_forward_right,ENTRY_CONN_x6.0,ENTRY_CONN_x6.0,right,forward,forward_right,1
6413,5.000,-32.500,0.500,180.000,ENTRY_CONN_x6.0_forward_right,ENTRY_CONN_x6.0,ENTRY_CONN_x6.0,right,forward,forward_right,1
6414,4.500,-32.500,0.500,180.000,ENTRY_CONN_x6.0_forward_right,ENTRY_CONN_x6.0,ENTRY_CONN_x6.0,right,forward,forward_right,1
6415,4.000,-32.500,0.500,180.000,ENTRY_CONN_x6.0_forward_right,ENTRY_CONN_x6.0,ENTRY_CONN_x6.0,right,forward,forward_right,1
6416,3.500,-32.500,0.500,180.000,ENTRY_CONN_x6.0_forward_right,ENTRY_CONN_x6.0,ENTRY_CONN_x6.0,right,forward,forward_right,1
6417,3.000,-32.500,0.500,180.000,ENTRY_CONN_x6.0_forward_right,ENTRY_CONN_x6.0,ENTRY_CONN_x6.0,right,forward,forward_right,1
6418,2.500,-32.500,0.500,180.000,ENTRY_CONN_x6.0_forward_right,ENTRY_CONN_x6.0,ENTRY_CONN_x6.0,right,forward,forward_right,1
6419,2.000,-32.500,0.500,180.000,ENTRY_CONN_x6.0_forward_right,ENTRY_CONN_x6.0,ENTRY_CONN_x6.0,right,forward,forward_right,0
6420,2.000,-32.500,0.500,0.000,ENTRY_CONN_x6.0_reverse_left,ENTRY_CONN_x6.0,ENTRY_CONN_x6.0,left,reverse,reverse_left,1
6421,2.500,-32.500,0.500,0.000,ENTRY_CONN_x6.0_reverse_left,ENTRY_CONN_x6.0,ENTRY_CONN_x6.0,left,reverse,reverse_left,1
6422,3.000,-32.500,0.500,0.000,ENTRY_CONN_x6.0_reverse_left,ENTRY_CONN_x6.0,ENTRY_CONN_x6.0,left,reverse,reverse_left,1
6423,3.500,-32.500,0.500,0.000,ENTRY_CONN_x6.0_reverse_left,ENTRY_CONN_x6.0,ENTRY_CONN_x6.0,left,reverse,reverse_left,1
6424,4.000,-32.500,0.500,0.000,ENTRY_CONN_x6.0_reverse_left,ENTRY_CONN_x6.0,ENTRY_CONN_x6.0,left,reverse,reverse_left,1
6425,4.500,-32.500,0.500,0.000,ENTRY_CONN_x6.0_reverse_left,ENTRY_CONN_x6.0,ENTRY_CONN_x6.0,left,reverse,reverse_left,1
6426,5.000,-32.500,0.500,0.000,ENTRY_CONN_x6.0_reverse_left,ENTRY_CONN_x6.0,ENTRY_CONN_x6.0,left,reverse,reverse_left,1
6427,5.500,-32.500,0.500,0.000,ENTRY_CONN_x6.0_reverse_left,ENTRY_CONN_x6.0,ENTRY_CONN_x6.0,left,reverse,reverse_left,1
6428,6.000,-32.500,0.500,0.000,ENTRY_CONN_x6.0_reverse_left,ENTRY_CONN_x6.0,ENTRY_CONN_x6.0,left,reverse,reverse_left,0
6429,2.000,-35.500,0.500,0.000,ENTRY_CONN_x6.0_reverse_right,ENTRY_CONN_x6.0,ENTRY_CONN_x6.0,right,reverse,reverse_right,1
6430,2.500,-35.500,0.500,0.000,ENTRY_CONN_x6.0_reverse_right,ENTRY_CONN_x6.0,ENTRY_CONN_x6.0,right,reverse,reverse_right,1
6431,3.000,-35.500,0.500,0.000,ENTRY_CONN_x6.0_reverse_right,ENTRY_CONN_x6.0,ENTRY_CONN_x6.0,right,reverse,reverse_right,1
6432,3.500,-35.500,0.500,0.000,ENTRY_CONN_x6.0_reverse_right,ENTRY_CONN_x6.0,ENTRY_CONN_x6.0,right,reverse,reverse_right,1
6433,4.000,-35.500,0.500,0.000,ENTRY_CONN_x6.0_reverse_right,ENTRY_CONN_x6.0,ENTRY_CONN_x6.0,right,reverse,reverse_right,1
6434,4.500,-35.500,0.500,0.000,ENTRY_CONN_x6.0_reverse_right,ENTRY_CONN_x6.0,ENTRY_CONN_x6.0,right,reverse,reverse_right,1
6435,5.000,-35.500,0.500,0.000,ENTRY_CONN_x6.0_reverse_right,ENTRY_CONN_x6.0,ENTRY_CONN_x6.0,right,reverse,reverse_right,1
6436,5.500,-35.500,0.500,0.000,ENTRY_CONN_x6.0_reverse_right,ENTRY_CONN_x6.0,ENTRY_CONN_x6.0,right,reverse,reverse_right,1
6437,6.000,-35.500,0.500,0.000,ENTRY_CONN_x6.0_reverse_right,ENTRY_CONN_x6.0,ENTRY_CONN_x6.0,right,reverse,reverse_right,0
6438,6.000,-52.000,0.500,90.000,ENTRY_x6.0_forward_right,ENTRY_x6.0,ENTRY_x6.0,right,forward,forward_right,1
6439,6.000,-51.500,0.500,90.000,ENTRY_x6.0_forward_right,ENTRY_x6.0,ENTRY_x6.0,right,forward,forward_right,1
6440,6.000,-51.000,0.500,90.000,ENTRY_x6.0_forward_right,ENTRY_x6.0,ENTRY_x6.0,right,forward,forward_right,1
6441,6.000,-50.500,0.500,90.000,ENTRY_x6.0_forward_right,ENTRY_x6.0,ENTRY_x6.0,right,forward,forward_right,1
6442,6.000,-50.000,0.500,90.000,ENTRY_x6.0_forward_right,ENTRY_x6.0,ENTRY_x6.0,right,forward,forward_right,1
6443,6.000,-49.500,0.500,90.000,ENTRY_x6.0_forward_right,ENTRY_x6.0,ENTRY_x6.0,right,forward,forward_right,1
6444,6.000,-49.000,0.500,90.000,ENTRY_x6.0_forward_right,ENTRY_x6.0,ENTRY_x6.0,right,forward,forward_right,1
6445,6.000,-48.500,0.500,90.000,ENTRY_x6.0_forward_right,ENTRY_x6.0,ENTRY_x6.0,right,forward,forward_right,1
6446,6.000,-48.000,0.500,90.000,ENTRY_x6.0_forward_right,ENTRY_x6.0,ENTRY_x6.0,right,forward,forward_right,1
6447,6.000,-47.500,0.500,90.000,ENTRY_x6.0_forward_right,ENTRY_x6.0,ENTRY_x6.0,right,forward,forward_right,1
6448,6.000,-47.000,0.500,90.000,ENTRY_x6.0_forward_right,ENTRY_x6.0,ENTRY_x6.0,right,forward,forward_right,1
6449,6.000,-46.500,0.500,90.000,ENTRY_x6.0_forward_right,ENTRY_x6.0,ENTRY_x6.0,right,forward,forward_right,1
6450,6.000,-46.000,0.500,90.000,ENTRY_x6.0_forward_right,ENTRY_x6.0,ENTRY_x6.0,right,forward,forward_right,1
6451,6.000,-45.500,0.500,90.000,ENTRY_x6.0_forward_right,ENTRY_x6.0,ENTRY_x6.0,right,forward,forward_right,1
6452,6.000,-45.000,0.500,90.000,ENTRY_x6.0_forward_right,ENTRY_x6.0,ENTRY_x6.0,right,forward,forward_right,1
6453,6.000,-44.500,0.500,90.000,ENTRY_x6.0_forward_right,ENTRY_x6.0,ENTRY_x6.0,right,forward,forward_right,1
6454,6.000,-44.000,0.500,90.000,ENTRY_x6.0_forward_right,ENTRY_x6.0,ENTRY_x6.0,right,forward,forward_right,1
6455,6.000,-43.500,0.500,90.000,ENTRY_x6.0_forward_right,ENTRY_x6.0,ENTRY_x6.0,right,forward,forward_right,1
6456,6.000,-43.000,0.500,90.000,ENTRY_x6.0_forward_right,ENTRY_x6.0,ENTRY_x6.0,right,forward,forward_right,1
6457,6.000,-42.500,0.500,90.000,ENTRY_x6.0_forward_right,ENTRY_x6.0,ENTRY_x6.0,right,forward,forward_right,1
6458,6.000,-42.000,0.500,90.000,ENTRY_x6.0_forward_right,ENTRY_x6.0,ENTRY_x6.0,right,forward,forward_right,1
6459,6.000,-41.500,0.500,90.000,ENTRY_x6.0_forward_right,ENTRY_x6.0,ENTRY_x6.0,right,forward,forward_right,1
6460,6.000,-41.000,0.500,90.000,ENTRY_x6.0_forward_right,ENTRY_x6.0,ENTRY_x6.0,right,forward,forward_right,1
6461,6.000,-40.500,0.500,90.000,ENTRY_x6.0_forward_right,ENTRY_x6.0,ENTRY_x6.0,right,forward,forward_right,1
6462,6.000,-40.000,0.500,90.000,ENTRY_x6.0_forward_right,ENTRY_x6.0,ENTRY_x6.0,right,forward,forward_right,1
6463,6.000,-39.500,0.500,90.000,ENTRY_x6.0_forward_right,ENTRY_x6.0,ENTRY_x6.0,right,forward,forward_right,1
6464,6.000,-39.000,0.500,90.000,ENTRY_x6.0_forward_right,ENTRY_x6.0,ENTRY_x6.0,right,forward,forward_right,1
6465,6.000,-38.500,0.500,90.000,ENTRY_x6.0_forward_right,ENTRY_x6.0,ENTRY_x6.0,right,forward,forward_right,1
6466,6.000,-38.000,0.500,90.000,ENTRY_x6.0_forward_right,ENTRY_x6.0,ENTRY_x6.0,right,forward,forward_right,1
6467,6.000,-37.500,0.500,90.000,ENTRY_x6.0_forward_right,ENTRY_x6.0,ENTRY_x6.0,right,forward,forward_right,1
6468,6.000,-37.000,0.500,90.000,ENTRY_x6.0_forward_right,ENTRY_x6.0,ENTRY_x6.0,right,forward,forward_right,1
6469,6.000,-36.500,0.500,90.000,ENTRY_x6.0_forward_right,ENTRY_x6.0,ENTRY_x6.0,right,forward,forward_right,1
6470,6.000,-36.000,0.500,90.000,ENTRY_x6.0_forward_right,ENTRY_x6.0,ENTRY_x6.0,right,forward,forward_right,1
6471,6.000,-35.500,0.500,90.000,ENTRY_x6.0_forward_right,ENTRY_x6.0,ENTRY_x6.0,right,forward,forward_right,1
6472,6.000,-35.000,0.500,90.000,ENTRY_x6.0_forward_right,ENTRY_x6.0,ENTRY_x6.0,right,forward,forward_right,1
6473,6.000,-34.500,0.500,90.000,ENTRY_x6.0_forward_right,ENTRY_x6.0,ENTRY_x6.0,right,forward,forward_right,1
6474,6.000,-34.000,0.500,90.000,ENTRY_x6.0_forward_right,ENTRY_x6.0,ENTRY_x6.0,right,forward,forward_right,0
6475,-41.497,44.096,0.500,86.331,outer_top_left_forward_left,outer_top_left,outer_top_left,left,forward,forward_left,1
6476,-41.441,44.781,0.500,79.162,outer_top_left_forward_left,outer_top_left,outer_top_left,left,forward,forward_left,1
6477,-41.300,45.455,0.500,71.928,outer_top_left_forward_left,outer_top_left,outer_top_left,left,forward,forward_left,1
6478,-41.077,46.102,0.500,64.872,outer_top_left_forward_left,outer_top_left,outer_top_left,left,forward,forward_left,1
6479,-40.775,46.719,0.500,57.678,outer_top_left_forward_left,outer_top_left,outer_top_left,left,forward,forward_left,1
6480,-40.397,47.294,0.500,50.444,outer_top_left_forward_left,outer_top_left,outer_top_left,left,forward,forward_left,1
6481,-39.952,47.814,0.500,43.377,outer_top_left_forward_left,outer_top_left,outer_top_left,left,forward,forward_left,1
6482,-39.445,48.277,0.500,36.204,outer_top_left_forward_left,outer_top_left,outer_top_left,left,forward,forward_left,1
6483,-38.886,48.672,0.500,29.133,outer_top_left_forward_left,outer_top_left,outer_top_left,left,forward,forward_left,1
6484,-38.278,48.997,0.500,21.844,outer_top_left_forward_left,outer_top_left,outer_top_left,left,forward,forward_left,1
6485,-37.635,49.242,0.500,14.650,outer_top_left_forward_left,outer_top_left,outer_top_left,left,forward,forward_left,1
6486,-36.972,49.404,0.500,7.595,outer_top_left_forward_left,outer_top_left,outer_top_left,left,forward,forward_left,1
6487,-36.370,49.480,0.500,3.487,outer_top_left_forward_left,outer_top_left,outer_top_left,left,forward,forward_left,1
6488,-36.091,49.497,0.500,3.487,outer_top_left_forward_left,outer_top_left,outer_top_left,left,forward,forward_left,0
6489,-38.503,43.904,0.500,86.331,outer_top_left_forward_right,outer_top_left,outer_top_left,right,forward,forward_right,1
6490,-38.495,44.217,0.500,79.162,outer_top_left_forward_right,outer_top_left,outer_top_left,right,forward,forward_right,1
6491,-38.448,44.525,0.500,71.928,outer_top_left_forward_right,outer_top_left,outer_top_left,right,forward,forward_right,1
6492,-38.361,44.828,0.500,64.872,outer_top_left_forward_right,outer_top_left,outer_top_left,right,forward,forward_right,1
6493,-38.239,45.115,0.500,57.678,outer_top_left_forward_right,outer_top_left,outer_top_left,right,forward,forward_right,1
6494,-38.083,45.384,0.500,50.444,outer_top_left_forward_right,outer_top_left,outer_top_left,right,forward,forward_right,1
6495,-37.892,45.634,0.500,43.377,outer_top_left_forward_right,outer_top_left,outer_top_left,right,forward,forward_right,1
6496,-37.673,45.857,0.500,36.204,outer_top_left_forward_right,outer_top_left,outer_top_left,right,forward,forward_right,1
6497,-37.426,46.052,0.500,29.133,outer_top_left_forward_right,outer_top_left,outer_top_left,right,forward,forward_right,1
6498,-37.162,46.213,0.500,21.844,outer_top_left_forward_right,outer_top_left,outer_top_left,right,forward,forward_right,1
6499,-36.877,46.340,0.500,14.650,outer_top_left_forward_right,outer_top_left,outer_top_left,right,forward,forward_right,1
6500,-36.576,46.430,0.500,7.595,outer_top_left_forward_right,outer_top_left,outer_top_left,right,forward,forward_right,1
6501,-36.188,46.486,0.500,3.487,outer_top_left_forward_right,outer_top_left,outer_top_left,right,forward,forward_right,1
6502,-35.909,46.503,0.500,3.487,outer_top_left_forward_right,outer_top_left,outer_top_left,right,forward,forward_right,0
6503,-35.909,46.503,0.500,-176.513,outer_top_left_reverse_left,outer_top_left,outer_top_left,left,reverse,reverse_left,1
6504,-36.081,46.496,0.500,-172.405,outer_top_left_reverse_left,outer_top_left,outer_top_left,left,reverse,reverse_left,1
6505,-36.395,46.466,0.500,-165.350,outer_top_left_reverse_left,outer_top_left,outer_top_left,left,reverse,reverse_left,1
6506,-36.698,46.399,0.500,-158.156,outer_top_left_reverse_left,outer_top_left,outer_top_left,left,reverse,reverse_left,1
6507,-36.990,46.295,0.500,-150.867,outer_top_left_reverse_left,outer_top_left,outer_top_left,left,reverse,reverse_left,1
6508,-37.270,46.152,0.500,-143.796,outer_top_left_reverse_left,outer_top_left,outer_top_left,left,reverse,reverse_left,1
6509,-37.529,45.977,0.500,-136.623,outer_top_left_reverse_left,outer_top_left,outer_top_left,left,reverse,reverse_left,1
6510,-37.765,45.769,0.500,-129.556,outer_top_left_reverse_left,outer_top_left,outer_top_left,left,reverse,reverse_left,1
6511,-37.972,45.537,0.500,-122.322,outer_top_left_reverse_left,outer_top_left,outer_top_left,left,reverse,reverse_left,1
6512,-38.149,45.280,0.500,-115.128,outer_top_left_reverse_left,outer_top_left,outer_top_left,left,reverse,reverse_left,1
6513,-38.293,45.000,0.500,-108.072,outer_top_left_reverse_left,outer_top_left,outer_top_left,left,reverse,reverse_left,1
6514,-38.401,44.708,0.500,-100.838,outer_top_left_reverse_left,outer_top_left,outer_top_left,left,reverse,reverse_left,1
6515,-38.471,44.403,0.500,-93.669,outer_top_left_reverse_left,outer_top_left,outer_top_left,left,reverse,reverse_left,1
6516,-38.503,43.904,0.500,-93.669,outer_top_left_reverse_left,outer_top_left,outer_top_left,left,reverse,reverse_left,0
6517,-36.091,49.497,0.500,-176.513,outer_top_left_reverse_right,outer_top_left,outer_top_left,right,reverse,reverse_right,1
6518,-36.477,49.470,0.500,-172.405,outer_top_left_reverse_right,outer_top_left,outer_top_left,right,reverse,reverse_right,1
6519,-37.153,49.368,0.500,-165.350,outer_top_left_reverse_right,outer_top_left,outer_top_left,right,reverse,reverse_right,1
6520,-37.814,49.183,0.500,-158.156,outer_top_left_reverse_right,outer_top_left,outer_top_left,right,reverse,reverse_right,1
6521,-38.450,48.915,0.500,-150.867,outer_top_left_reverse_right,outer_top_left,outer_top_left,right,reverse,reverse_right,1
6522,-39.042,48.572,0.500,-143.796,outer_top_left_reverse_right,outer_top_left,outer_top_left,right,reverse,reverse_right,1
6523,-39.589,48.157,0.500,-136.623,outer_top_left_reverse_right,outer_top_left,outer_top_left,right,reverse,reverse_right,1
6524,-40.079,47.679,0.500,-129.556,outer_top_left_reverse_right,outer_top_left,outer_top_left,right,reverse,reverse_right,1
6525,-40.508,47.141,0.500,-122.322,outer_top_left_reverse_right,outer_top_left,outer_top_left,right,reverse,reverse_right,1
6526,-40.865,46.554,0.500,-115.128,outer_top_left_reverse_right,outer_top_left,outer_top_left,right,reverse,reverse_right,1
6527,-41.145,45.930,0.500,-108.072,outer_top_left_reverse_right,outer_top_left,outer_top_left,right,reverse,reverse_right,1
6528,-41.347,45.272,0.500,-100.838,outer_top_left_reverse_right,outer_top_left,outer_top_left,right,reverse,reverse_right,1
6529,-41.465,44.595,0.500,-93.669,outer_top_left_reverse_right,outer_top_left,outer_top_left,right,reverse,reverse_right,1
6530,-41.497,44.096,0.500,-93.669,outer_top_left_reverse_right,outer_top_left,outer_top_left,right,reverse,reverse_right,0
6531,36.096,49.497,0.500,-3.669,outer_top_right_forward_left,outer_top_right,outer_top_right,left,forward,forward_left,1
6532,36.781,49.441,0.500,-10.838,outer_top_right_forward_left,outer_top_right,outer_top_right,left,forward,forward_left,1
6533,37.455,49.300,0.500,-18.072,outer_top_right_forward_left,outer_top_right,outer_top_right,left,forward,forward_left,1
6534,38.102,49.077,0.500,-25.128,outer_top_right_forward_left,outer_top_right,outer_top_right,left,forward,forward_left,1
6535,38.719,48.775,0.500,-32.322,outer_top_right_forward_left,outer_top_right,outer_top_right,left,forward,forward_left,1
6536,39.294,48.397,0.500,-39.556,outer_top_right_forward_left,outer_top_right,outer_top_right,left,forward,forward_left,1
6537,39.814,47.952,0.500,-46.623,outer_top_right_forward_left,outer_top_right,outer_top_right,left,forward,forward_left,1
6538,40.277,47.445,0.500,-53.796,outer_top_right_forward_left,outer_top_right,outer_top_right,left,forward,forward_left,1
6539,40.672,46.886,0.500,-60.867,outer_top_right_forward_left,outer_top_right,outer_top_right,left,forward,forward_left,1
6540,40.997,46.278,0.500,-68.156,outer_top_right_forward_left,outer_top_right,outer_top_right,left,forward,forward_left,1
6541,41.242,45.635,0.500,-75.350,outer_top_right_forward_left,outer_top_right,outer_top_right,left,forward,forward_left,1
6542,41.404,44.972,0.500,-82.405,outer_top_right_forward_left,outer_top_right,outer_top_right,left,forward,forward_left,1
6543,41.480,44.370,0.500,-86.513,outer_top_right_forward_left,outer_top_right,outer_top_right,left,forward,forward_left,1
6544,41.497,44.091,0.500,-86.513,outer_top_right_forward_left,outer_top_right,outer_top_right,left,forward,forward_left,0
6545,35.904,46.503,0.500,-3.669,outer_top_right_forward_right,outer_top_right,outer_top_right,right,forward,forward_right,1
6546,36.217,46.495,0.500,-10.838,outer_top_right_forward_right,outer_top_right,outer_top_right,right,forward,forward_right,1
6547,36.525,46.448,0.500,-18.072,outer_top_right_forward_right,outer_top_right,outer_top_right,right,forward,forward_right,1
6548,36.828,46.361,0.500,-25.128,outer_top_right_forward_right,outer_top_right,outer_top_right,right,forward,forward_right,1
6549,37.115,46.239,0.500,-32.322,outer_top_right_forward_right,outer_top_right,outer_top_right,right,forward,forward_right,1
6550,37.384,46.083,0.500,-39.556,outer_top_right_forward_right,outer_top_right,outer_top_right,right,forward,forward_right,1
6551,37.634,45.892,0.500,-46.623,outer_top_right_forward_right,outer_top_right,outer_top_right,right,forward,forward_right,1
6552,37.857,45.673,0.500,-53.796,outer_top_right_forward_right,outer_top_right,outer_top_right,right,forward,forward_right,1
6553,38.052,45.426,0.500,-60.867,outer_top_right_forward_right,outer_top_right,outer_top_right,right,forward,forward_right,1
6554,38.213,45.162,0.500,-68.156,outer_top_right_forward_right,outer_top_right,outer_top_right,right,forward,forward_right,1
6555,38.340,44.877,0.500,-75.350,outer_top_right_forward_right,outer_top_right,outer_top_right,right,forward,forward_right,1
6556,38.430,44.576,0.500,-82.405,outer_top_right_forward_right,outer_top_right,outer_top_right,right,forward,forward_right,1
6557,38.486,44.188,0.500,-86.513,outer_top_right_forward_right,outer_top_right,outer_top_right,right,forward,forward_right,1
6558,38.503,43.909,0.500,-86.513,outer_top_right_forward_right,outer_top_right,outer_top_right,right,forward,forward_right,0
6559,38.503,43.909,0.500,93.487,outer_top_right_reverse_left,outer_top_right,outer_top_right,left,reverse,reverse_left,1
6560,38.496,44.081,0.500,97.595,outer_top_right_reverse_left,outer_top_right,outer_top_right,left,reverse,reverse_left,1
6561,38.466,44.395,0.500,104.650,outer_top_right_reverse_left,outer_top_right,outer_top_right,left,reverse,reverse_left,1
6562,38.399,44.698,0.500,111.844,outer_top_right_reverse_left,outer_top_right,outer_top_right,left,reverse,reverse_left,1
6563,38.295,44.990,0.500,119.133,outer_top_right_reverse_left,outer_top_right,outer_top_right,left,reverse,reverse_left,1
6564,38.152,45.270,0.500,126.204,outer_top_right_reverse_left,outer_top_right,outer_top_right,left,reverse,reverse_left,1
6565,37.977,45.529,0.500,133.377,outer_top_right_reverse_left,outer_top_right,outer_top_right,left,reverse,reverse_left,1
6566,37.769,45.765,0.500,140.444,outer_top_right_reverse_left,outer_top_right,outer_top_right,left,reverse,reverse_left,1
6567,37.537,45.972,0.500,147.678,outer_top_right_reverse_left,outer_top_right,outer_top_right,left,reverse,reverse_left,1
6568,37.280,46.149,0.500,154.872,outer_top_right_reverse_left,outer_top_right,outer_top_right,left,reverse,reverse_left,1
6569,37.000,46.293,0.500,161.928,outer_top_right_reverse_left,outer_top_right,outer_top_right,left,reverse,reverse_left,1
6570,36.708,46.401,0.500,169.162,outer_top_right_reverse_left,outer_top_right,outer_top_right,left,reverse,reverse_left,1
6571,36.403,46.471,0.500,176.331,outer_top_right_reverse_left,outer_top_right,outer_top_right,left,reverse,reverse_left,1
6572,35.904,46.503,0.500,176.331,outer_top_right_reverse_left,outer_top_right,outer_top_right,left,reverse,reverse_left,0
6573,41.497,44.091,0.500,93.487,outer_top_right_reverse_right,outer_top_right,outer_top_right,right,reverse,reverse_right,1
6574,41.470,44.477,0.500,97.595,outer_top_right_reverse_right,outer_top_right,outer_top_right,right,reverse,reverse_right,1
6575,41.368,45.153,0.500,104.650,outer_top_right_reverse_right,outer_top_right,outer_top_right,right,reverse,reverse_right,1
6576,41.183,45.814,0.500,111.844,outer_top_right_reverse_right,outer_top_right,outer_top_right,right,reverse,reverse_right,1
6577,40.915,46.450,0.500,119.133,outer_top_right_reverse_right,outer_top_right,outer_top_right,right,reverse,reverse_right,1
6578,40.572,47.042,0.500,126.204,outer_top_right_reverse_right,outer_top_right,outer_top_right,right,reverse,reverse_right,1
6579,40.157,47.589,0.500,133.377,outer_top_right_reverse_right,outer_top_right,outer_top_right,right,reverse,reverse_right,1
6580,39.679,48.079,0.500,140.444,outer_top_right_reverse_right,outer_top_right,outer_top_right,right,reverse,reverse_right,1
6581,39.141,48.508,0.500,147.678,outer_top_right_reverse_right,outer_top_right,outer_top_right,right,reverse,reverse_right,1
6582,38.554,48.865,0.500,154.872,outer_top_right_reverse_right,outer_top_right,outer_top_right,right,reverse,reverse_right,1
6583,37.930,49.145,0.500,161.928,outer_top_right_reverse_right,outer_top_right,outer_top_right,right,reverse,reverse_right,1
6584,37.272,49.347,0.500,169.162,outer_top_right_reverse_right,outer_top_right,outer_top_right,right,reverse,reverse_right,1
6585,36.595,49.465,0.500,176.331,outer_top_right_reverse_right,outer_top_right,outer_top_right,right,reverse,reverse_right,1
6586,36.096,49.497,0.500,176.331,outer_top_right_reverse_right,outer_top_right,outer_top_right,right,reverse,reverse_right,0
6587,41.497,-30.096,0.500,-93.669,outer_bottom_right_forward_left,outer_bottom_right,outer_bottom_right,left,forward,forward_left,1
6588,41.441,-30.781,0.500,-100.838,outer_bottom_right_forward_left,outer_bottom_right,outer_bottom_right,left,forward,forward_left,1
6589,41.300,-31.455,0.500,-108.072,outer_bottom_right_forward_left,outer_bottom_right,outer_bottom_right,left,forward,forward_left,1
6590,41.077,-32.102,0.500,-115.128,outer_bottom_right_forward_left,outer_bottom_right,outer_bottom_right,left,forward,forward_left,1
6591,40.775,-32.719,0.500,-122.322,outer_bottom_right_forward_left,outer_bottom_right,outer_bottom_right,left,forward,forward_left,1
6592,40.397,-33.294,0.500,-129.556,outer_bottom_right_forward_left,outer_bottom_right,outer_bottom_right,left,forward,forward_left,1
6593,39.952,-33.814,0.500,-136.623,outer_bottom_right_forward_left,outer_bottom_right,outer_bottom_right,left,forward,forward_left,1
6594,39.445,-34.277,0.500,-143.796,outer_bottom_right_forward_left,outer_bottom_right,outer_bottom_right,left,forward,forward_left,1
6595,38.886,-34.672,0.500,-150.867,outer_bottom_right_forward_left,outer_bottom_right,outer_bottom_right,left,forward,forward_left,1
6596,38.278,-34.997,0.500,-158.156,outer_bottom_right_forward_left,outer_bottom_right,outer_bottom_right,left,forward,forward_left,1
6597,37.635,-35.242,0.500,-165.350,outer_bottom_right_forward_left,outer_bottom_right,outer_bottom_right,left,forward,forward_left,1
6598,36.972,-35.404,0.500,-172.405,outer_bottom_right_forward_left,outer_bottom_right,outer_bottom_right,left,forward,forward_left,1
6599,36.370,-35.480,0.500,-176.513,outer_bottom_right_forward_left,outer_bottom_right,outer_bottom_right,left,forward,forward_left,1
6600,36.091,-35.497,0.500,-176.513,outer_bottom_right_forward_left,outer_bottom_right,outer_bottom_right,left,forward,forward_left,0
6601,38.503,-29.904,0.500,-93.669,outer_bottom_right_forward_right,outer_bottom_right,outer_bottom_right,right,forward,forward_right,1
6602,38.495,-30.217,0.500,-100.838,outer_bottom_right_forward_right,outer_bottom_right,outer_bottom_right,right,forward,forward_right,1
6603,38.448,-30.525,0.500,-108.072,outer_bottom_right_forward_right,outer_bottom_right,outer_bottom_right,right,forward,forward_right,1
6604,38.361,-30.828,0.500,-115.128,outer_bottom_right_forward_right,outer_bottom_right,outer_bottom_right,right,forward,forward_right,1
6605,38.239,-31.115,0.500,-122.322,outer_bottom_right_forward_right,outer_bottom_right,outer_bottom_right,right,forward,forward_right,1
6606,38.083,-31.384,0.500,-129.556,outer_bottom_right_forward_right,outer_bottom_right,outer_bottom_right,right,forward,forward_right,1
6607,37.892,-31.634,0.500,-136.623,outer_bottom_right_forward_right,outer_bottom_right,outer_bottom_right,right,forward,forward_right,1
6608,37.673,-31.857,0.500,-143.796,outer_bottom_right_forward_right,outer_bottom_right,outer_bottom_right,right,forward,forward_right,1
6609,37.426,-32.052,0.500,-150.867,outer_bottom_right_forward_right,outer_bottom_right,outer_bottom_right,right,forward,forward_right,1
6610,37.162,-32.213,0.500,-158.156,outer_bottom_right_forward_right,outer_bottom_right,outer_bottom_right,right,forward,forward_right,1
6611,36.877,-32.340,0.500,-165.350,outer_bottom_right_forward_right,outer_bottom_right,outer_bottom_right,right,forward,forward_right,1
6612,36.576,-32.430,0.500,-172.405,outer_bottom_right_forward_right,outer_bottom_right,outer_bottom_right,right,forward,forward_right,1
6613,36.188,-32.486,0.500,-176.513,outer_bottom_right_forward_right,outer_bottom_right,outer_bottom_right,right,forward,forward_right,1
6614,35.909,-32.503,0.500,-176.513,outer_bottom_right_forward_right,outer_bottom_right,outer_bottom_right,right,forward,forward_right,0
6615,35.909,-32.503,0.500,3.487,outer_bottom_right_reverse_left,outer_bottom_right,outer_bottom_right,left,reverse,reverse_left,1
6616,36.081,-32.496,0.500,7.595,outer_bottom_right_reverse_left,outer_bottom_right,outer_bottom_right,left,reverse,reverse_left,1
6617,36.395,-32.466,0.500,14.650,outer_bottom_right_reverse_left,outer_bottom_right,outer_bottom_right,left,reverse,reverse_left,1
6618,36.698,-32.399,0.500,21.844,outer_bottom_right_reverse_left,outer_bottom_right,outer_bottom_right,left,reverse,reverse_left,1
6619,36.990,-32.295,0.500,29.133,outer_bottom_right_reverse_left,outer_bottom_right,outer_bottom_right,left,reverse,reverse_left,1
6620,37.270,-32.152,0.500,36.204,outer_bottom_right_reverse_left,outer_bottom_right,outer_bottom_right,left,reverse,reverse_left,1
6621,37.529,-31.977,0.500,43.377,outer_bottom_right_reverse_left,outer_bottom_right,outer_bottom_right,left,reverse,reverse_left,1
6622,37.765,-31.769,0.500,50.444,outer_bottom_right_reverse_left,outer_bottom_right,outer_bottom_right,left,reverse,reverse_left,1
6623,37.972,-31.537,0.500,57.678,outer_bottom_right_reverse_left,outer_bottom_right,outer_bottom_right,left,reverse,reverse_left,1
6624,38.149,-31.280,0.500,64.872,outer_bottom_right_reverse_left,outer_bottom_right,outer_bottom_right,left,reverse,reverse_left,1
6625,38.293,-31.000,0.500,71.928,outer_bottom_right_reverse_left,outer_bottom_right,outer_bottom_right,left,reverse,reverse_left,1
6626,38.401,-30.708,0.500,79.162,outer_bottom_right_reverse_left,outer_bottom_right,outer_bottom_right,left,reverse,reverse_left,1
6627,38.471,-30.403,0.500,86.331,outer_bottom_right_reverse_left,outer_bottom_right,outer_bottom_right,left,reverse,reverse_left,1
6628,38.503,-29.904,0.500,86.331,outer_bottom_right_reverse_left,outer_bottom_right,outer_bottom_right,left,reverse,reverse_left,0
6629,36.091,-35.497,0.500,3.487,outer_bottom_right_reverse_right,outer_bottom_right,outer_bottom_right,right,reverse,reverse_right,1
6630,36.477,-35.470,0.500,7.595,outer_bottom_right_reverse_right,outer_bottom_right,outer_bottom_right,right,reverse,reverse_right,1
6631,37.153,-35.368,0.500,14.650,outer_bottom_right_reverse_right,outer_bottom_right,outer_bottom_right,right,reverse,reverse_right,1
6632,37.814,-35.183,0.500,21.844,outer_bottom_right_reverse_right,outer_bottom_right,outer_bottom_right,right,reverse,reverse_right,1
6633,38.450,-34.915,0.500,29.133,outer_bottom_right_reverse_right,outer_bottom_right,outer_bottom_right,right,reverse,reverse_right,1
6634,39.042,-34.572,0.500,36.204,outer_bottom_right_reverse_right,outer_bottom_right,outer_bottom_right,right,reverse,reverse_right,1
6635,39.589,-34.157,0.500,43.377,outer_bottom_right_reverse_right,outer_bottom_right,outer_bottom_right,right,reverse,reverse_right,1
6636,40.079,-33.679,0.500,50.444,outer_bottom_right_reverse_right,outer_bottom_right,outer_bottom_right,right,reverse,reverse_right,1
6637,40.508,-33.141,0.500,57.678,outer_bottom_right_reverse_right,outer_bottom_right,outer_bottom_right,right,reverse,reverse_right,1
6638,40.865,-32.554,0.500,64.872,outer_bottom_right_reverse_right,outer_bottom_right,outer_bottom_right,right,reverse,reverse_right,1
6639,41.145,-31.930,0.500,71.928,outer_bottom_right_reverse_right,outer_bottom_right,outer_bottom_right,right,reverse,reverse_right,1
6640,41.347,-31.272,0.500,79.162,outer_bottom_right_reverse_right,outer_bottom_right,outer_bottom_right,right,reverse,reverse_right,1
6641,41.465,-30.595,0.500,86.331,outer_bottom_right_reverse_right,outer_bottom_right,outer_bottom_right,right,reverse,reverse_right,1
6642,41.497,-30.096,0.500,86.331,outer_bottom_right_reverse_right,outer_bottom_right,outer_bottom_right,right,reverse,reverse_right,0
6643,-36.096,-35.497,0.500,176.331,outer_bottom_left_forward_left,outer_bottom_left,outer_bottom_left,left,forward,forward_left,1
6644,-36.781,-35.441,0.500,169.162,outer_bottom_left_forward_left,outer_bottom_left,outer_bottom_left,left,forward,forward_left,1
6645,-37.455,-35.300,0.500,161.928,outer_bottom_left_forward_left,outer_bottom_left,outer_bottom_left,left,forward,forward_left,1
6646,-38.102,-35.077,0.500,154.872,outer_bottom_left_forward_left,outer_bottom_left,outer_bottom_left,left,forward,forward_left,1
6647,-38.719,-34.775,0.500,147.678,outer_bottom_left_forward_left,outer_bottom_left,outer_bottom_left,left,forward,forward_left,1
6648,-39.294,-34.397,0.500,140.444,outer_bottom_left_forward_left,outer_bottom_left,outer_bottom_left,left,forward,forward_left,1
6649,-39.814,-33.952,0.500,133.377,outer_bottom_left_forward_left,outer_bottom_left,outer_bottom_left,left,forward,forward_left,1
6650,-40.277,-33.445,0.500,126.204,outer_bottom_left_forward_left,outer_bottom_left,outer_bottom_left,left,forward,forward_left,1
6651,-40.672,-32.886,0.500,119.133,outer_bottom_left_forward_left,outer_bottom_left,outer_bottom_left,left,forward,forward_left,1
6652,-40.997,-32.278,0.500,111.844,outer_bottom_left_forward_left,outer_bottom_left,outer_bottom_left,left,forward,forward_left,1
6653,-41.242,-31.635,0.500,104.650,outer_bottom_left_forward_left,outer_bottom_left,outer_bottom_left,left,forward,forward_left,1
6654,-41.404,-30.972,0.500,97.595,outer_bottom_left_forward_left,outer_bottom_left,outer_bottom_left,left,forward,forward_left,1
6655,-41.480,-30.370,0.500,93.487,outer_bottom_left_forward_left,outer_bottom_left,outer_bottom_left,left,forward,forward_left,1
6656,-41.497,-30.091,0.500,93.487,outer_bottom_left_forward_left,outer_bottom_left,outer_bottom_left,left,forward,forward_left,0
6657,-35.904,-32.503,0.500,176.331,outer_bottom_left_forward_right,outer_bottom_left,outer_bottom_left,right,forward,forward_right,1
6658,-36.217,-32.495,0.500,169.162,outer_bottom_left_forward_right,outer_bottom_left,outer_bottom_left,right,forward,forward_right,1
6659,-36.525,-32.448,0.500,161.928,outer_bottom_left_forward_right,outer_bottom_left,outer_bottom_left,right,forward,forward_right,1
6660,-36.828,-32.361,0.500,154.872,outer_bottom_left_forward_right,outer_bottom_left,outer_bottom_left,right,forward,forward_right,1
6661,-37.115,-32.239,0.500,147.678,outer_bottom_left_forward_right,outer_bottom_left,outer_bottom_left,right,forward,forward_right,1
6662,-37.384,-32.083,0.500,140.444,outer_bottom_left_forward_right,outer_bottom_left,outer_bottom_left,right,forward,forward_right,1
6663,-37.634,-31.892,0.500,133.377,outer_bottom_left_forward_right,outer_bottom_left,outer_bottom_left,right,forward,forward_right,1
6664,-37.857,-31.673,0.500,126.204,outer_bottom_left_forward_right,outer_bottom_left,outer_bottom_left,right,forward,forward_right,1
6665,-38.052,-31.426,0.500,119.133,outer_bottom_left_forward_right,outer_bottom_left,outer_bottom_left,right,forward,forward_right,1
6666,-38.213,-31.162,0.500,111.844,outer_bottom_left_forward_right,outer_bottom_left,outer_bottom_left,right,forward,forward_right,1
6667,-38.340,-30.877,0.500,104.650,outer_bottom_left_forward_right,outer_bottom_left,outer_bottom_left,right,forward,forward_right,1
6668,-38.430,-30.576,0.500,97.595,outer_bottom_left_forward_right,outer_bottom_left,outer_bottom_left,right,forward,forward_right,1
6669,-38.486,-30.188,0.500,93.487,outer_bottom_left_forward_right,outer_bottom_left,outer_bottom_left,right,forward,forward_right,1
6670,-38.503,-29.909,0.500,93.487,outer_bottom_left_forward_right,outer_bottom_left,outer_bottom_left,right,forward,forward_right,0
6671,-38.503,-29.909,0.500,-86.513,outer_bottom_left_reverse_left,outer_bottom_left,outer_bottom_left,left,reverse,reverse_left,1
6672,-38.496,-30.081,0.500,-82.405,outer_bottom_left_reverse_left,outer_bottom_left,outer_bottom_left,left,reverse,reverse_left,1
6673,-38.466,-30.395,0.500,-75.350,outer_bottom_left_reverse_left,outer_bottom_left,outer_bottom_left,left,reverse,reverse_left,1
6674,-38.399,-30.698,0.500,-68.156,outer_bottom_left_reverse_left,outer_bottom_left,outer_bottom_left,left,reverse,reverse_left,1
6675,-38.295,-30.990,0.500,-60.867,outer_bottom_left_reverse_left,outer_bottom_left,outer_bottom_left,left,reverse,reverse_left,1
6676,-38.152,-31.270,0.500,-53.796,outer_bottom_left_reverse_left,outer_bottom_left,outer_bottom_left,left,reverse,reverse_left,1
6677,-37.977,-31.529,0.500,-46.623,outer_bottom_left_reverse_left,outer_bottom_left,outer_bottom_left,left,reverse,reverse_left,1
6678,-37.769,-31.765,0.500,-39.556,outer_bottom_left_reverse_left,outer_bottom_left,outer_bottom_left,left,reverse,reverse_left,1
6679,-37.537,-31.972,0.500,-32.322,outer_bottom_left_reverse_left,outer_bottom_left,outer_bottom_left,left,reverse,reverse_left,1
6680,-37.280,-32.149,0.500,-25.128,outer_bottom_left_reverse_left,outer_bottom_left,outer_bottom_left,left,reverse,reverse_left,1
6681,-37.000,-32.293,0.500,-18.072,outer_bottom_left_reverse_left,outer_bottom_left,outer_bottom_left,left,reverse,reverse_left,1
6682,-36.708,-32.401,0.500,-10.838,outer_bottom_left_reverse_left,outer_bottom_left,outer_bottom_left,left,reverse,reverse_left,1
6683,-36.403,-32.471,0.500,-3.669,outer_bottom_left_reverse_left,outer_bottom_left,outer_bottom_left,left,reverse,reverse_left,1
6684,-35.904,-32.503,0.500,-3.669,outer_bottom_left_reverse_left,outer_bottom_left,outer_bottom_left,left,reverse,reverse_left,0
6685,-41.497,-30.091,0.500,-86.513,outer_bottom_left_reverse_right,outer_bottom_left,outer_bottom_left,right,reverse,reverse_right,1
6686,-41.470,-30.477,0.500,-82.405,outer_bottom_left_reverse_right,outer_bottom_left,outer_bottom_left,right,reverse,reverse_right,1
6687,-41.368,-31.153,0.500,-75.350,outer_bottom_left_reverse_right,outer_bottom_left,outer_bottom_left,right,reverse,reverse_right,1
6688,-41.183,-31.814,0.500,-68.156,outer_bottom_left_reverse_right,outer_bottom_left,outer_bottom_left,right,reverse,reverse_right,1
6689,-40.915,-32.450,0.500,-60.867,outer_bottom_left_reverse_right,outer_bottom_left,outer_bottom_left,right,reverse,reverse_right,1
6690,-40.572,-33.042,0.500,-53.796,outer_bottom_left_reverse_right,outer_bottom_left,outer_bottom_left,right,reverse,reverse_right,1
6691,-40.157,-33.589,0.500,-46.623,outer_bottom_left_reverse_right,outer_bottom_left,outer_bottom_left,right,reverse,reverse_right,1
6692,-39.679,-34.079,0.500,-39.556,outer_bottom_left_reverse_right,outer_bottom_left,outer_bottom_left,right,reverse,reverse_right,1
6693,-39.141,-34.508,0.500,-32.322,outer_bottom_left_reverse_right,outer_bottom_left,outer_bottom_left,right,reverse,reverse_right,1
6694,-38.554,-34.865,0.500,-25.128,outer_bottom_left_reverse_right,outer_bottom_left,outer_bottom_left,right,reverse,reverse_right,1
6695,-37.930,-35.145,0.500,-18.072,outer_bottom_left_reverse_right,outer_bottom_left,outer_bottom_left,right,reverse,reverse_right,1
6696,-37.272,-35.347,0.500,-10.838,outer_bottom_left_reverse_right,outer_bottom_left,outer_bottom_left,right,reverse,reverse_right,1
6697,-36.595,-35.465,0.500,-3.669,outer_bottom_left_reverse_right,outer_bottom_left,outer_bottom_left,right,reverse,reverse_right,1
6698,-36.096,-35.497,0.500,-3.669,outer_bottom_left_reverse_right,outer_bottom_left,outer_bottom_left,right,reverse,reverse_right,0
6699,-11.499,-4.054,0.500,92.062,RING_00_forward_left,RING_00,RING_00,left,forward,forward_left,1
6700,-11.511,-3.641,0.500,95.402,RING_00_forward_left,RING_00,RING_00,left,forward,forward_left,1
6701,-11.547,-3.234,0.500,98.859,RING_00_forward_left,RING_00,RING_00,left,forward,forward_left,1
6702,-11.624,-2.740,0.500,98.859,RING_00_forward_left,RING_00,RING_00,left,forward,forward_left,0
6703,-8.501,-3.946,0.500,92.062,RING_00_forward_right,RING_00,RING_00,right,forward,forward_right,1
6704,-8.525,-3.359,0.500,95.402,RING_00_forward_right,RING_00,RING_00,right,forward,forward_right,1
6705,-8.583,-2.772,0.500,98.859,RING_00_forward_right,RING_00,RING_00,right,forward,forward_right,1
6706,-8.660,-2.278,0.500,98.859,RING_00_forward_right,RING_00,RING_00,right,forward,forward_right,0
6707,-11.634,-5.318,0.500,80.688,RING_31_forward_left,RING_31,RING_31,left,forward,forward_left,1
6708,-11.565,-4.917,0.500,84.255,RING_31_forward_left,RING_31,RING_31,left,forward,forward_left,1
6709,-11.522,-4.507,0.500,87.590,RING_31_forward_left,RING_31,RING_31,left,forward,forward_left,1
6710,-11.501,-4.008,0.500,87.590,RING_31_forward_left,RING_31,RING_31,left,forward,forward_left,0
6711,-8.674,-5.804,0.500,80.688,RING_31_forward_right,RING_31,RING_31,right,forward,forward_right,1
6712,-8.581,-5.217,0.500,84.255,RING_31_forward_right,RING_31,RING_31,right,forward,forward_right,1
6713,-8.524,-4.633,0.500,87.590,RING_31_forward_right,RING_31,RING_31,right,forward,forward_right,1
6714,-8.503,-4.134,0.500,87.590,RING_31_forward_right,RING_31,RING_31,right,forward,forward_right,0
6715,-11.614,-2.782,0.500,103.201,RING_01_forward_left,RING_01,RING_01,left,forward,forward_left,1
6716,-11.704,-2.385,0.500,106.732,RING_01_forward_left,RING_01,RING_01,left,forward,forward_left,1
6717,-11.821,-1.990,0.500,110.100,RING_01_forward_left,RING_01,RING_01,left,forward,forward_left,1
6718,-11.993,-1.520,0.500,110.100,RING_01_forward_left,RING_01,RING_01,left,forward,forward_left,0
6719,-8.694,-2.096,0.500,103.201,RING_01_forward_right,RING_01,RING_01,right,forward,forward_right,1
6720,-8.832,-1.521,0.500,106.732,RING_01_forward_right,RING_01,RING_01,right,forward,forward_right,1
6721,-9.003,-0.958,0.500,110.100,RING_01_forward_right,RING_01,RING_01,right,forward,forward_right,1
6722,-9.175,-0.488,0.500,110.100,RING_01_forward_right,RING_01,RING_01,right,forward,forward_right,0
6723,-11.974,-1.560,0.500,114.463,RING_02_forward_left,RING_02,RING_02,left,forward,forward_left,1
6724,-12.142,-1.186,0.500,117.897,RING_02_forward_left,RING_02,RING_02,left,forward,forward_left,1
6725,-12.331,-0.822,0.500,121.337,RING_02_forward_left,RING_02,RING_02,left,forward,forward_left,1
6726,-12.591,-0.395,0.500,121.337,RING_02_forward_left,RING_02,RING_02,left,forward,forward_left,0
6727,-9.244,-0.318,0.500,114.463,RING_02_forward_right,RING_02,RING_02,right,forward,forward_right,1
6728,-9.490,0.218,0.500,117.897,RING_02_forward_right,RING_02,RING_02,right,forward,forward_right,1
6729,-9.769,0.738,0.500,121.337,RING_02_forward_right,RING_02,RING_02,right,forward,forward_right,1
6730,-10.029,1.165,0.500,121.337,RING_02_forward_right,RING_02,RING_02,right,forward,forward_right,0
6731,-12.565,-0.432,0.500,125.791,RING_03_forward_left,RING_03,RING_03,left,forward,forward_left,1
6732,-12.803,-0.097,0.500,129.161,RING_03_forward_left,RING_03,RING_03,left,forward,forward_left,1
6733,-13.061,0.223,0.500,132.567,RING_03_forward_left,RING_03,RING_03,left,forward,forward_left,1
6734,-13.399,0.591,0.500,132.567,RING_03_forward_left,RING_03,RING_03,left,forward,forward_left,0
6735,-10.131,1.322,0.500,125.791,RING_03_forward_right,RING_03,RING_03,right,forward,forward_right,1
6736,-10.477,1.797,0.500,129.161,RING_03_forward_right,RING_03,RING_03,right,forward,forward_right,1
6737,-10.851,2.253,0.500,132.567,RING_03_forward_right,RING_03,RING_03,right,forward,forward_right,1
6738,-11.189,2.621,0.500,132.567,RING_03_forward_right,RING_03,RING_03,right,forward,forward_right,0
6739,-13.366,0.560,0.500,137.025,RING_04_forward_left,RING_04,RING_04,left,forward,forward_left,1
6740,-13.664,0.841,0.500,140.444,RING_04_forward_left,RING_04,RING_04,left,forward,forward_left,1
6741,-13.979,1.105,0.500,143.863,RING_04_forward_left,RING_04,RING_04,left,forward,forward_left,1
6742,-14.383,1.400,0.500,143.863,RING_04_forward_left,RING_04,RING_04,left,forward,forward_left,0
6743,-11.320,2.754,0.500,137.025,RING_04_forward_right,RING_04,RING_04,right,forward,forward_right,1
6744,-11.754,3.155,0.500,140.444,RING_04_forward_right,RING_04,RING_04,right,forward,forward_right,1
6745,-12.209,3.527,0.500,143.863,RING_04_forward_right,RING_04,RING_04,right,forward,forward_right,1
6746,-12.613,3.822,0.500,143.863,RING_04_forward_right,RING_04,RING_04,right,forward,forward_right,0
6747,-14.343,1.376,0.500,148.310,RING_05_forward_left,RING_05,RING_05,left,forward,forward_left,1
6748,-14.692,1.594,0.500,151.691,RING_05_forward_left,RING_05,RING_05,left,forward,forward_left,1
6749,-15.052,1.791,0.500,155.129,RING_05_forward_left,RING_05,RING_05,left,forward,forward_left,1
6750,-15.505,2.001,0.500,155.129,RING_05_forward_left,RING_05,RING_05,left,forward,forward_left,0
6751,-12.767,3.928,0.500,148.310,RING_05_forward_right,RING_05,RING_05,right,forward,forward_right,1
6752,-13.270,4.236,0.500,151.691,RING_05_forward_right,RING_05,RING_05,right,forward,forward_right,1
6753,-13.790,4.513,0.500,155.129,RING_05_forward_right,RING_05,RING_05,right,forward,forward_right,1
6754,-14.243,4.723,0.500,155.129,RING_05_forward_right,RING_05,RING_05,right,forward,forward_right,0
6755,-15.464,1.986,0.500,159.498,RING_06_forward_left,RING_06,RING_06,left,forward,forward_left,1
6756,-15.848,2.132,0.500,162.906,RING_06_forward_left,RING_06,RING_06,left,forward,forward_left,1
6757,-16.240,2.256,0.500,166.326,RING_06_forward_left,RING_06,RING_06,left,forward,forward_left,1
6758,-16.725,2.374,0.500,166.326,RING_06_forward_left,RING_06,RING_06,left,forward,forward_left,0
6759,-14.414,4.796,0.500,159.498,RING_06_forward_right,RING_06,RING_06,right,forward,forward_right,1
6760,-14.966,5.000,0.500,162.906,RING_06_forward_right,RING_06,RING_06,right,forward,forward_right,1
6761,-15.530,5.170,0.500,166.326,RING_06_forward_right,RING_06,RING_06,right,forward,forward_right,1
6762,-16.015,5.288,0.500,166.326,RING_06_forward_right,RING_06,RING_06,right,forward,forward_right,0
6763,-16.682,2.366,0.500,170.688,RING_07_forward_left,RING_07,RING_07,left,forward,forward_left,1
6764,-17.083,2.435,0.500,174.255,RING_07_forward_left,RING_07,RING_07,left,forward,forward_left,1
6765,-17.493,2.478,0.500,177.590,RING_07_forward_left,RING_07,RING_07,left,forward,forward_left,1
6766,-17.992,2.499,0.500,177.590,RING_07_forward_left,RING_07,RING_07,left,forward,forward_left,0
6767,-16.196,5.326,0.500,170.688,RING_07_forward_right,RING_07,RING_07,right,forward,forward_right,1
6768,-16.783,5.419,0.500,174.255,RING_07_forward_right,RING_07,RING_07,right,forward,forward_right,1
6769,-17.367,5.476,0.500,177.590,RING_07_forward_right,RING_07,RING_07,right,forward,forward_right,1
6770,-17.866,5.497,0.500,177.590,RING_07_forward_right,RING_07,RING_07,right,forward,forward_right,0
6771,-17.946,2.501,0.500,-177.938,RING_08_forward_left,RING_08,RING_08,left,forward,forward_left,1
6772,-18.359,2.489,0.500,-174.598,RING_08_forward_left,RING_08,RING_08,left,forward,forward_left,1
6773,-18.766,2.453,0.500,-171.141,RING_08_forward_left,RING_08,RING_08,left,forward,forward_left,1
6774,-19.260,2.376,0.500,-171.141,RING_08_forward_left,RING_08,RING_08,left,forward,forward_left,0
6775,-18.054,5.499,0.500,-177.938,RING_08_forward_right,RING_08,RING_08,right,forward,forward_right,1
6776,-18.641,5.475,0.500,-174.598,RING_08_forward_right,RING_08,RING_08,right,forward,forward_right,1
6777,-19.228,5.417,0.500,-171.141,RING_08_forward_right,RING_08,RING_08,right,forward,forward_right,1
6778,-19.722,5.340,0.500,-171.141,RING_08_forward_right,RING_08,RING_08,right,forward,forward_right,0
6779,-19.218,2.386,0.500,-166.799,RING_09_forward_left,RING_09,RING_09,left,forward,forward_left,1
6780,-19.615,2.296,0.500,-163.268,RING_09_forward_left,RING_09,RING_09,left,forward,forward_left,1
6781,-20.010,2.179,0.500,-159.900,RING_09_forward_left,RING_09,RING_09,left,forward,forward_left,1
6782,-20.480,2.007,0.500,-159.900,RING_09_forward_left,RING_09,RING_09,left,forward,forward_left,0
6783,-19.904,5.306,0.500,-166.799,RING_09_forward_right,RING_09,RING_09,right,forward,forward_right,1
6784,-20.479,5.168,0.500,-163.268,RING_09_forward_right,RING_09,RING_09,right,forward,forward_right,1
6785,-21.042,4.997,0.500,-159.900,RING_09_forward_right,RING_09,RING_09,right,forward,forward_right,1
6786,-21.512,4.825,0.500,-159.900,RING_09_forward_right,RING_09,RING_09,right,forward,forward_right,0
6787,-20.440,2.026,0.500,-155.537,RING_10_forward_left,RING_10,RING_10,left,forward,forward_left,1
6788,-20.814,1.858,0.500,-152.103,RING_10_forward_left,RING_10,RING_10,left,forward,forward_left,1
6789,-21.178,1.669,0.500,-148.663,RING_10_forward_left,RING_10,RING_10,left,forward,forward_left,1
6790,-21.605,1.409,0.500,-148.663,RING_10_forward_left,RING_10,RING_10,left,forward,forward_left,0
6791,-21.682,4.756,0.500,-155.537,RING_10_forward_right,RING_10,RING_10,right,forward,forward_right,1
6792,-22.218,4.510,0.500,-152.103,RING_10_forward_right,RING_10,RING_10,right,forward,forward_right,1
6793,-22.738,4.231,0.500,-148.663,RING_10_forward_right,RING_10,RING_10,right,forward,forward_right,1
6794,-23.165,3.971,0.500,-148.663,RING_10_forward_right,RING_10,RING_10,right,forward,forward_right,0
6795,-21.568,1.435,0.500,-144.209,RING_11_forward_left,RING_11,RING_11,left,forward,forward_left,1
6796,-21.903,1.197,0.500,-140.839,RING_11_forward_left,RING_11,RING_11,left,forward,forward_left,1
6797,-22.223,0.939,0.500,-137.433,RING_11_forward_left,RING_11,RING_11,left,forward,forward_left,1
6798,-22.591,0.601,0.500,-137.433,RING_11_forward_left,RING_11,RING_11,left,forward,forward_left,0
6799,-23.322,3.869,0.500,-144.209,RING_11_forward_right,RING_11,RING_11,right,forward,forward_right,1
6800,-23.797,3.523,0.500,-140.839,RING_11_forward_right,RING_11,RING_11,right,forward,forward_right,1
6801,-24.253,3.149,0.500,-137.433,RING_11_forward_right,RING_11,RING_11,right,forward,forward_right,1
6802,-24.621,2.811,0.500,-137.433,RING_11_forward_right,RING_11,RING_11,right,forward,forward_right,0
6803,-22.560,0.634,0.500,-132.975,RING_12_forward_left,RING_12,RING_12,left,forward,forward_left,1
6804,-22.841,0.336,0.500,-129.556,RING_12_forward_left,RING_12,RING_12,left,forward,forward_left,1
6805,-23.105,0.021,0.500,-126.137,RING_12_forward_left,RING_12,RING_12,left,forward,forward_left,1
6806,-23.400,-0.383,0.500,-126.137,RING_12_forward_left,RING_12,RING_12,left,forward,forward_left,0
6807,-24.754,2.680,0.500,-132.975,RING_12_forward_right,RING_12,RING_12,right,forward,forward_right,1
6808,-25.155,2.246,0.500,-129.556,RING_12_forward_right,RING_12,RING_12,right,forward,forward_right,1
6809,-25.527,1.791,0.500,-126.137,RING_12_forward_right,RING_12,RING_12,right,forward,forward_right,1
6810,-25.822,1.387,0.500,-126.137,RING_12_forward_right,RING_12,RING_12,right,forward,forward_right,0
6811,-23.376,-0.343,0.500,-121.690,RING_13_forward_left,RING_13,RING_13,left,forward,forward_left,1
6812,-23.594,-0.692,0.500,-118.309,RING_13_forward_left,RING_13,RING_13,left,forward,forward_left,1
6813,-23.791,-1.052,0.500,-114.871,RING_13_forward_left,RING_13,RING_13,left,forward,forward_left,1
6814,-24.001,-1.505,0.500,-114.871,RING_13_forward_left,RING_13,RING_13,left,forward,forward_left,0
6815,-25.928,1.233,0.500,-121.690,RING_13_forward_right,RING_13,RING_13,right,forward,forward_right,1
6816,-26.236,0.730,0.500,-118.309,RING_13_forward_right,RING_13,RING_13,right,forward,forward_right,1
6817,-26.513,0.210,0.500,-114.871,RING_13_forward_right,RING_13,RING_13,right,forward,forward_right,1
6818,-26.723,-0.243,0.500,-114.871,RING_13_forward_right,RING_13,RING_13,right,forward,forward_right,0
6819,-23.986,-1.464,0.500,-110.502,RING_14_forward_left,RING_14,RING_14,left,forward,forward_left,1
6820,-24.132,-1.848,0.500,-107.094,RING_14_forward_left,RING_14,RING_14,left,forward,forward_left,1
6821,-24.256,-2.240,0.500,-103.674,RING_14_forward_left,RING_14,RING_14,left,forward,forward_left,1
6822,-24.374,-2.725,0.500,-103.674,RING_14_forward_left,RING_14,RING_14,left,forward,forward_left,0
6823,-26.796,-0.414,0.500,-110.502,RING_14_forward_right,RING_14,RING_14,right,forward,forward_right,1
6824,-27.000,-0.966,0.500,-107.094,RING_14_forward_right,RING_14,RING_14,right,forward,forward_right,1
6825,-27.170,-1.530,0.500,-103.674,RING_14_forward_right,RING_14,RING_14,right,forward,forward_right,1
6826,-27.288,-2.015,0.500,-103.674,RING_14_forward_right,RING_14,RING_14,right,forward,forward_right,0
6827,-24.366,-2.682,0.500,-99.312,RING_15_forward_left,RING_15,RING_15,left,forward,forward_left,1
6828,-24.435,-3.083,0.500,-95.745,RING_15_forward_left,RING_15,RING_15,left,forward,forward_left,1
6829,-24.478,-3.493,0.500,-92.410,RING_15_forward_left,RING_15,RING_15,left,forward,forward_left,1
6830,-24.499,-3.992,0.500,-92.410,RING_15_forward_left,RING_15,RING_15,left,forward,forward_left,0
6831,-27.326,-2.196,0.500,-99.312,RING_15_forward_right,RING_15,RING_15,right,forward,forward_right,1
6832,-27.419,-2.783,0.500,-95.745,RING_15_forward_right,RING_15,RING_15,right,forward,forward_right,1
6833,-27.476,-3.367,0.500,-92.410,RING_15_forward_right,RING_15,RING_15,right,forward,forward_right,1
6834,-27.497,-3.866,0.500,-92.410,RING_15_forward_right,RING_15,RING_15,right,forward,forward_right,0
6835,-24.501,-3.946,0.500,-87.938,RING_16_forward_left,RING_16,RING_16,left,forward,forward_left,1
6836,-24.489,-4.359,0.500,-84.598,RING_16_forward_left,RING_16,RING_16,left,forward,forward_left,1
6837,-24.453,-4.766,0.500,-81.141,RING_16_forward_left,RING_16,RING_16,left,forward,forward_left,1
6838,-24.376,-5.260,0.500,-81.141,RING_16_forward_left,RING_16,RING_16,left,forward,forward_left,0
6839,-27.499,-4.054,0.500,-87.938,RING_16_forward_right,RING_16,RING_16,right,forward,forward_right,1
6840,-27.475,-4.641,0.500,-84.598,RING_16_forward_right,RING_16,RING_16,right,forward,forward_right,1
6841,-27.417,-5.228,0.500,-81.141,RING_16_forward_right,RING_16,RING_16,right,forward,forward_right,1
6842,-27.340,-5.722,0.500,-81.141,RING_16_forward_right,RING_16,RING_16,right,forward,forward_right,0
6843,-24.386,-5.218,0.500,-76.799,RING_17_forward_left,RING_17,RING_17,left,forward,forward_left,1
6844,-24.296,-5.615,0.500,-73.268,RING_17_forward_left,RING_17,RING_17,left,forward,forward_left,1
6845,-24.179,-6.010,0.500,-69.900,RING_17_forward_left,RING_17,RING_17,left,forward,forward_left,1
6846,-24.007,-6.480,0.500,-69.900,RING_17_forward_left,RING_17,RING_17,left,forward,forward_left,0
6847,-27.306,-5.904,0.500,-76.799,RING_17_forward_right,RING_17,RING_17,right,forward,forward_right,1
6848,-27.168,-6.479,0.500,-73.268,RING_17_forward_right,RING_17,RING_17,right,forward,forward_right,1
6849,-26.997,-7.042,0.500,-69.900,RING_17_forward_right,RING_17,RING_17,right,forward,forward_right,1
6850,-26.825,-7.512,0.500,-69.900,RING_17_forward_right,RING_17,RING_17,right,forward,forward_right,0
6851,-24.026,-6.440,0.500,-65.537,RING_18_forward_left,RING_18,RING_18,left,forward,forward_left,1
6852,-23.858,-6.814,0.500,-62.103,RING_18_forward_left,RING_18,RING_18,left,forward,forward_left,1
6853,-23.669,-7.178,0.500,-58.663,RING_18_forward_left,RING_18,RING_18,left,forward,forward_left,1
6854,-23.409,-7.605,0.500,-58.663,RING_18_forward_left,RING_18,RING_18,left,forward,forward_left,0
6855,-26.756,-7.682,0.500,-65.537,RING_18_forward_right,RING_18,RING_18,right,forward,forward_right,1
6856,-26.510,-8.218,0.500,-62.103,RING_18_forward_right,RING_18,RING_18,right,forward,forward_right,1
6857,-26.231,-8.738,0.500,-58.663,RING_18_forward_right,RING_18,RING_18,right,forward,forward_right,1
6858,-25.971,-9.165,0.500,-58.663,RING_18_forward_right,RING_18,RING_18,right,forward,forward_right,0
6859,-23.435,-7.568,0.500,-54.209,RING_19_forward_left,RING_19,RING_19,left,forward,forward_left,1
6860,-23.197,-7.903,0.500,-50.839,RING_19_forward_left,RING_19,RING_19,left,forward,forward_left,1
6861,-22.939,-8.223,0.500,-47.433,RING_19_forward_left,RING_19,RING_19,left,forward,forward_left,1
6862,-22.601,-8.591,0.500,-47.433,RING_19_forward_left,RING_19,RING_19,left,forward,forward_left,0
6863,-25.869,-9.322,0.500,-54.209,RING_19_forward_right,RING_19,RING_19,right,forward,forward_right,1
6864,-25.523,-9.797,0.500,-50.839,RING_19_forward_right,RING_19,RING_19,right,forward,forward_right,1
6865,-25.149,-10.253,0.500,-47.433,RING_19_forward_right,RING_19,RING_19,right,forward,forward_right,1
6866,-24.811,-10.621,0.500,-47.433,RING_19_forward_right,RING_19,RING_19,right,forward,forward_right,0
6867,-22.634,-8.560,0.500,-42.975,RING_20_forward_left,RING_20,RING_20,left,forward,forward_left,1
6868,-22.336,-8.841,0.500,-39.556,RING_20_forward_left,RING_20,RING_20,left,forward,forward_left,1
6869,-22.021,-9.105,0.500,-36.137,RING_20_forward_left,RING_20,RING_20,left,forward,forward_left,1
6870,-21.617,-9.400,0.500,-36.137,RING_20_forward_left,RING_20,RING_20,left,forward,forward_left,0
6871,-24.680,-10.754,0.500,-42.975,RING_20_forward_right,RING_20,RING_20,right,forward,forward_right,1
6872,-24.246,-11.155,0.500,-39.556,RING_20_forward_right,RING_20,RING_20,right,forward,forward_right,1
6873,-23.791,-11.527,0.500,-36.137,RING_20_forward_right,RING_20,RING_20,right,forward,forward_right,1
6874,-23.387,-11.822,0.500,-36.137,RING_20_forward_right,RING_20,RING_20,right,forward,forward_right,0
6875,-21.657,-9.376,0.500,-31.690,RING_21_forward_left,RING_21,RING_21,left,forward,forward_left,1
6876,-21.308,-9.594,0.500,-28.309,RING_21_forward_left,RING_21,RING_21,left,forward,forward_left,1
6877,-20.948,-9.791,0.500,-24.871,RING_21_forward_left,RING_21,RING_21,left,forward,forward_left,1
6878,-20.495,-10.001,0.500,-24.871,RING_21_forward_left,RING_21,RING_21,left,forward,forward_left,0
6879,-23.233,-11.928,0.500,-31.690,RING_21_forward_right,RING_21,RING_21,right,forward,forward_right,1
6880,-22.730,-12.236,0.500,-28.309,RING_21_forward_right,RING_21,RING_21,right,forward,forward_right,1
6881,-22.210,-12.513,0.500,-24.871,RING_21_forward_right,RING_21,RING_21,right,forward,forward_right,1
6882,-21.757,-12.723,0.500,-24.871,RING_21_forward_right,RING_21,RING_21,right,forward,forward_right,0
6883,-20.536,-9.986,0.500,-20.502,RING_22_forward_left,RING_22,RING_22,left,forward,forward_left,1
6884,-20.152,-10.132,0.500,-17.094,RING_22_forward_left,RING_22,RING_22,left,forward,forward_left,1
6885,-19.760,-10.256,0.500,-13.674,RING_22_forward_left,RING_22,RING_22,left,forward,forward_left,1
6886,-19.275,-10.374,0.500,-13.674,RING_22_forward_left,RING_22,RING_22,left,forward,forward_left,0
6887,-21.586,-12.796,0.500,-20.502,RING_22_forward_right,RING_22,RING_22,right,forward,forward_right,1
6888,-21.034,-13.000,0.500,-17.094,RING_22_forward_right,RING_22,RING_22,right,forward,forward_right,1
6889,-20.470,-13.170,0.500,-13.674,RING_22_forward_right,RING_22,RING_22,right,forward,forward_right,1
6890,-19.985,-13.288,0.500,-13.674,RING_22_forward_right,RING_22,RING_22,right,forward,forward_right,0
6891,-19.318,-10.366,0.500,-9.312,RING_23_forward_left,RING_23,RING_23,left,forward,forward_left,1
6892,-18.917,-10.435,0.500,-5.745,RING_23_forward_left,RING_23,RING_23,left,forward,forward_left,1
6893,-18.507,-10.478,0.500,-2.410,RING_23_forward_left,RING_23,RING_23,left,forward,forward_left,1
6894,-18.008,-10.499,0.500,-2.410,RING_23_forward_left,RING_23,RING_23,left,forward,forward_left,0
6895,-19.804,-13.326,0.500,-9.312,RING_23_forward_right,RING_23,RING_23,right,forward,forward_right,1
6896,-19.217,-13.419,0.500,-5.745,RING_23_forward_right,RING_23,RING_23,right,forward,forward_right,1
6897,-18.633,-13.476,0.500,-2.410,RING_23_forward_right,RING_23,RING_23,right,forward,forward_right,1
6898,-18.134,-13.497,0.500,-2.410,RING_23_forward_right,RING_23,RING_23,right,forward,forward_right,0
6899,-18.054,-10.501,0.500,2.062,RING_24_forward_left,RING_24,RING_24,left,forward,forward_left,1
6900,-17.641,-10.489,0.500,5.402,RING_24_forward_left,RING_24,RING_24,left,forward,forward_left,1
6901,-17.234,-10.453,0.500,8.859,RING_24_forward_left,RING_24,RING_24,left,forward,forward_left,1
6902,-16.740,-10.376,0.500,8.859,RING_24_forward_left,RING_24,RING_24,left,forward,forward_left,0
6903,-17.946,-13.499,0.500,2.062,RING_24_forward_right,RING_24,RING_24,right,forward,forward_right,1
6904,-17.359,-13.475,0.500,5.402,RING_24_forward_right,RING_24,RING_24,right,forward,forward_right,1
6905,-16.772,-13.417,0.500,8.859,RING_24_forward_right,RING_24,RING_24,right,forward,forward_right,1
6906,-16.278,-13.340,0.500,8.859,RING_24_forward_right,RING_24,RING_24,right,forward,forward_right,0
6907,-16.782,-10.386,0.500,13.201,RING_25_forward_left,RING_25,RING_25,left,forward,forward_left,1
6908,-16.385,-10.296,0.500,16.732,RING_25_forward_left,RING_25,RING_25,left,forward,forward_left,1
6909,-15.990,-10.179,0.500,20.100,RING_25_forward_left,RING_25,RING_25,left,forward,forward_left,1
6910,-15.520,-10.007,0.500,20.100,RING_25_forward_left,RING_25,RING_25,left,forward,forward_left,0
6911,-16.096,-13.306,0.500,13.201,RING_25_forward_right,RING_25,RING_25,right,forward,forward_right,1
6912,-15.521,-13.168,0.500,16.732,RING_25_forward_right,RING_25,RING_25,right,forward,forward_right,1
6913,-14.958,-12.997,0.500,20.100,RING_25_forward_right,RING_25,RING_25,right,forward,forward_right,1
6914,-14.488,-12.825,0.500,20.100,RING_25_forward_right,RING_25,RING_25,right,forward,forward_right,0
6915,-15.560,-10.026,0.500,24.463,RING_26_forward_left,RING_26,RING_26,left,forward,forward_left,1
6916,-15.186,-9.858,0.500,27.897,RING_26_forward_left,RING_26,RING_26,left,forward,forward_left,1
6917,-14.822,-9.669,0.500,31.337,RING_26_forward_left,RING_26,RING_26,left,forward,forward_left,1
6918,-14.395,-9.409,0.500,31.337,RING_26_forward_left,RING_26,RING_26,left,forward,forward_left,0
6919,-14.318,-12.756,0.500,24.463,RING_26_forward_right,RING_26,RING_26,right,forward,forward_right,1
6920,-13.782,-12.510,0.500,27.897,RING_26_forward_right,RING_26,RING_26,right,forward,forward_right,1
6921,-13.262,-12.231,0.500,31.337,RING_26_forward_right,RING_26,RING_26,right,forward,forward_right,1
6922,-12.835,-11.971,0.500,31.337,RING_26_forward_right,RING_26,RING_26,right,forward,forward_right,0
6923,-14.432,-9.435,0.500,35.791,RING_27_forward_left,RING_27,RING_27,left,forward,forward_left,1
6924,-14.097,-9.197,0.500,39.161,RING_27_forward_left,RING_27,RING_27,left,forward,forward_left,1
6925,-13.777,-8.939,0.500,42.567,RING_27_forward_left,RING_27,RING_27,left,forward,forward_left,1
6926,-13.409,-8.601,0.500,42.567,RING_27_forward_left,RING_27,RING_27,left,forward,forward_left,0
6927,-12.678,-11.869,0.500,35.791,RING_27_forward_right,RING_27,RING_27,right,forward,forward_right,1
6928,-12.203,-11.523,0.500,39.161,RING_27_forward_right,RING_27,RING_27,right,forward,forward_right,1
6929,-11.747,-11.149,0.500,42.567,RING_27_forward_right,RING_27,RING_27,right,forward,forward_right,1
6930,-11.379,-10.811,0.500,42.567,RING_27_forward_right,RING_27,RING_27,right,forward,forward_right,0
6931,-13.440,-8.634,0.500,47.025,RING_28_forward_left,RING_28,RING_28,left,forward,forward_left,1
6932,-13.159,-8.336,0.500,50.444,RING_28_forward_left,RING_28,RING_28,left,forward,forward_left,1
6933,-12.895,-8.021,0.500,53.863,RING_28_forward_left,RING_28,RING_28,left,forward,forward_left,1
6934,-12.600,-7.617,0.500,53.863,RING_28_forward_left,RING_28,RING_28,left,forward,forward_left,0
6935,-11.246,-10.680,0.500,47.025,RING_28_forward_right,RING_28,RING_28,right,forward,forward_right,1
6936,-10.845,-10.246,0.500,50.444,RING_28_forward_right,RING_28,RING_28,right,forward,forward_right,1
6937,-10.473,-9.791,0.500,53.863,RING_28_forward_right,RING_28,RING_28,right,forward,forward_right,1
6938,-10.178,-9.387,0.500,53.863,RING_28_forward_right,RING_28,RING_28,right,forward,forward_right,0
6939,-12.624,-7.657,0.500,58.310,RING_29_forward_left,RING_29,RING_29,left,forward,forward_left,1
6940,-12.406,-7.308,0.500,61.691,RING_29_forward_left,RING_29,RING_29,left,forward,forward_left,1
6941,-12.209,-6.948,0.500,65.129,RING_29_forward_left,RING_29,RING_29,left,forward,forward_left,1
6942,-11.999,-6.495,0.500,65.129,RING_29_forward_left,RING_29,RING_29,left,forward,forward_left,0
6943,-10.072,-9.233,0.500,58.310,RING_29_forward_right,RING_29,RING_29,right,forward,forward_right,1
6944,-9.764,-8.730,0.500,61.691,RING_29_forward_right,RING_29,RING_29,right,forward,forward_right,1
6945,-9.487,-8.210,0.500,65.129,RING_29_forward_right,RING_29,RING_29,right,forward,forward_right,1
6946,-9.277,-7.757,0.500,65.129,RING_29_forward_right,RING_29,RING_29,right,forward,forward_right,0
6947,-12.014,-6.536,0.500,69.498,RING_30_forward_left,RING_30,RING_30,left,forward,forward_left,1
6948,-11.868,-6.152,0.500,72.906,RING_30_forward_left,RING_30,RING_30,left,forward,forward_left,1
6949,-11.744,-5.760,0.500,76.326,RING_30_forward_left,RING_30,RING_30,left,forward,forward_left,1
6950,-11.626,-5.275,0.500,76.326,RING_30_forward_left,RING_30,RING_30,left,forward,forward_left,0
6951,-9.204,-7.586,0.500,69.498,RING_30_forward_right,RING_30,RING_30,right,forward,forward_right,1
6952,-9.000,-7.034,0.500,72.906,RING_30_forward_right,RING_30,RING_30,right,forward,forward_right,1
6953,-8.830,-6.470,0.500,76.326,RING_30_forward_right,RING_30,RING_30,right,forward,forward_right,1
6954,-8.712,-5.985,0.500,76.326,RING_30_forward_right,RING_30,RING_30,right,forward,forward_right,0
