step,x,y,z,yaw,lane_id,segment_id,parent_segment_id,lane_side,direction,direction_group,connect_next
1,-40.000,46.500,0.500,0.000,H_y48.0_x-40.0_-20.0_forward_right,H_y48.0_x-40.0_-20.0,H_y48.0_x-40.0_-20.0,right,forward,forward_right,1
2,-39.500,46.500,0.500,0.000,H_y48.0_x-40.0_-20.0_forward_right,H_y48.0_x-40.0_-20.0,H_y48.0_x-40.0_-20.0,right,forward,forward_right,1
3,-39.000,46.500,0.500,0.000,H_y48.0_x-40.0_-20.0_forward_right,H_y48.0_x-40.0_-20.0,H_y48.0_x-40.0_-20.0,right,forward,forward_right,1
4,-38.500,46.500,0.500,0.000,H_y48.0_x-40.0_-20.0_forward_right,H_y48.0_x-40.0_-20.0,H_y48.0_x-40.0_-20.0,right,forward,forward_right,1
5,-38.000,46.500,0.500,0.000,H_y48.0_x-40.0_-20.0_forward_right,H_y48.0_x-40.0_-20.0,H_y48.0_x-40.0_-20.0,right,forward,forward_right,1
6,-37.500,46.500,0.500,0.000,H_y48.0_x-40.0_-20.0_forward_right,H_y48.0_x-40.0_-20.0,H_y48.0_x-40.0_-20.0,right,forward,forward_right,1
7,-37.000,46.500,0.500,0.000,H_y48.0_x-40.0_-20.0_forward_right,H_y48.0_x-40.0_-20.0,H_y48.0_x-40.0_-20.0,right,forward,forward_right,1
8,-36.500,46.500,0.500,0.000,H_y48.0_x-40.0_-20.0_forward_right,H_y48.0_x-40.0_-20.0,H_y48.0_x-40.0_-20.0,right,forward,forward_right,1
9,-36.000,46.500,0.500,0.000,H_y48.0_x-40.0_-20.0_forward_right,H_y48.0_x-40.0_-20.0,H_y48.0_x-40.0_-20.0,right,forward,forward_right,1
10,-35.500,46.500,0.500,0.000,H_y48.0_x-40.0_-20.0_forward_right,H_y48.0_x-40.0_-20.0,H_y48.0_x-40.0_-20.0,right,forward,forward_right,1
11,-35.000,46.500,0.500,0.000,H_y48.0_x-40.0_-20.0_forward_right,H_y48.0_x-40.0_-20.0,H_y48.0_x-40.0_-20.0,right,forward,forward_right,1
12,-34.500,46.500,0.500,0.000,H_y48.0_x-40.0_-20.0_forward_right,H_y48.0_x-40.0_-20.0,H_y48.0_x-40.0_-20.0,right,forward,forward_right,1
13,-34.000,46.500,0.500,0.000,H_y48.0_x-40.0_-20.0_forward_right,H_y48.0_x-40.0_-20.0,H_y48.0_x-40.0_-20.0,right,forward,forward_right,1
14,-33.500,46.500,0.500,0.000,H_y48.0_x-40.0_-20.0_forward_right,H_y48.0_x-40.0_-20.0,H_y48.0_x-40.0_-20.0,right,forward,forward_right,1
15,-33.000,46.500,0.500,0.000,H_y48.0_x-40.0_-20.0_forward_right,H_y48.0_x-40.0_-20.0,H_y48.0_x-40.0_-20.0,right,forward,forward_right,1
16,-32.500,46.500,0.500,0.000,H_y48.0_x-40.0_-20.0_forward_right,H_y48.0_x-40.0_-20.0,H_y48.0_x-40.0_-20.0,right,forward,forward_right,1
17,-32.000,46.500,0.500,0.000,H_y48.0_x-40.0_-20.0_forward_right,H_y48.0_x-40.0_-20.0,H_y48.0_x-40.0_-20.0,right,forward,forward_right,1
18,-31.500,46.500,0.500,0.000,H_y48.0_x-40.0_-20.0_forward_right,H_y48.0_x-40.0_-20.0,H_y48.0_x-40.0_-20.0,right,forward,forward_right,1
19,-31.000,46.500,0.500,0.000,H_y48.0_x-40.0_-20.0_forward_right,H_y48.0_x-40.0_-20.0,H_y48.0_x-40.0_-20.0,right,forward,forward_right,1
20,-30.500,46.500,0.500,0.000,H_y48.0_x-40.0_-20.0_forward_right,H_y48.0_x-40.0_-20.0,H_y48.0_x-40.0_-20.0,right,forward,forward_right,1
21,-30.000,46.500,0.500,0.000,H_y48.0_x-40.0_-20.0_forward_right,H_y48.0_x-40.0_-20.0,H_y48.0_x-40.0_-20.0,right,forward,forward_right,1
22,-29.500,46.500,0.500,0.000,H_y48.0_x-40.0_-20.0_forward_right,H_y48.0_x-40.0_-20.0,H_y48.0_x-40.0_-20.0,right,forward,forward_right,1
23,-29.000,46.500,0.500,0.000,H_y48.0_x-40.0_-20.0_forward_right,H_y48.0_x-40.0_-20.0,H_y48.0_x-40.0_-20.0,right,forward,forward_right,1
24,-28.500,46.500,0.500,0.000,H_y48.0_x-40.0_-20.0_forward_right,H_y48.0_x-40.0_-20.0,H_y48.0_x-40.0_-20.0,right,forward,forward_right,1
25,-28.000,46.500,0.500,0.000,H_y48.0_x-40.0_-20.0_forward_right,H_y48.0_x-40.0_-20.0,H_y48.0_x-40.0_-20.0,right,forward,forward_right,1
26,-27.500,46.500,0.500,0.000,H_y48.0_x-40.0_-20.0_forward_right,H_y48.0_x-40.0_-20.0,H_y48.0_x-40.0_-20.0,right,forward,forward_right,1
27,-27.000,46.500,0.500,0.000,H_y48.0_x-40.0_-20.0_forward_right,H_y48.0_x-40.0_-20.0,H_y48.0_x-40.0_-20.0,right,forward,forward_right,1
28,-26.500,46.500,0.500,0.000,H_y48.0_x-40.0_-20.0_forward_right,H_y48.0_x-40.0_-20.0,H_y48.0_x-40.0_-20.0,right,forward,forward_right,1
29,-26.000,46.500,0.500,0.000,H_y48.0_x-40.0_-20.0_forward_right,H_y48.0_x-40.0_-20.0,H_y48.0_x-40.0_-20.0,right,forward,forward_right,1
30,-25.500,46.500,0.500,0.000,H_y48.0_x-40.0_-20.0_forward_right,H_y48.0_x-40.0_-20.0,H_y48.0_x-40.0_-20.0,right,forward,forward_right,1
31,-25.000,46.500,0.500,0.000,H_y48.0_x-40.0_-20.0_forward_right,H_y48.0_x-40.0_-20.0,H_y48.0_x-40.0_-20.0,right,forward,forward_right,1
32,-24.500,46.500,0.500,0.000,H_y48.0_x-40.0_-20.0_forward_right,H_y48.0_x-40.0_-20.0,H_y48.0_x-40.0_-20.0,right,forward,forward_right,1
33,-24.000,46.500,0.500,0.000,H_y48.0_x-40.0_-20.0_forward_right,H_y48.0_x-40.0_-20.0,H_y48.0_x-40.0_-20.0,right,forward,forward_right,1
34,-23.500,46.500,0.500,0.000,H_y48.0_x-40.0_-20.0_forward_right,H_y48.0_x-40.0_-20.0,H_y48.0_x-40.0_-20.0,right,forward,forward_right,1
35,-23.000,46.500,0.500,0.000,H_y48.0_x-40.0_-20.0_forward_right,H_y48.0_x-40.0_-20.0,H_y48.0_x-40.0_-20.0,right,forward,forward_right,1
36,-22.500,46.500,0.500,0.000,H_y48.0_x-40.0_-20.0_forward_right,H_y48.0_x-40.0_-20.0,H_y48.0_x-40.0_-20.0,right,forward,forward_right,1
37,-22.000,46.500,0.500,0.000,H_y48.0_x-40.0_-20.0_forward_right,H_y48.0_x-40.0_-20.0,H_y48.0_x-40.0_-20.0,right,forward,forward_right,1
38,-21.500,46.500,0.500,0.000,H_y48.0_x-40.0_-20.0_forward_right,H_y48.0_x-40.0_-20.0,H_y48.0_x-40.0_-20.0,right,forward,forward_right,1
39,-21.000,46.500,0.500,0.000,H_y48.0_x-40.0_-20.0_forward_right,H_y48.0_x-40.0_-20.0,H_y48.0_x-40.0_-20.0,right,forward,forward_right,1
40,-20.500,46.500,0.500,0.000,H_y48.0_x-40.0_-20.0_forward_right,H_y48.0_x-40.0_-20.0,H_y48.0_x-40.0_-20.0,right,forward,forward_right,1
41,-20.000,46.500,0.500,0.000,H_y48.0_x-40.0_-20.0_forward_right,H_y48.0_x-40.0_-20.0,H_y48.0_x-40.0_-20.0,right,forward,forward_right,0
42,-20.000,49.500,0.500,180.000,H_y48.0_x-40.0_-20.0_reverse_right,H_y48.0_x-40.0_-20.0,H_y48.0_x-40.0_-20.0,right,reverse,reverse_right,1
43,-20.500,49.500,0.500,180.000,H_y48.0_x-40.0_-20.0_reverse_right,H_y48.0_x-40.0_-20.0,H_y48.0_x-40.0_-20.0,right,reverse,reverse_right,1
44,-21.000,49.500,0.500,180.000,H_y48.0_x-40.0_-20.0_reverse_right,H_y48.0_x-40.0_-20.0,H_y48.0_x-40.0_-20.0,right,reverse,reverse_right,1
45,-21.500,49.500,0.500,180.000,H_y48.0_x-40.0_-20.0_reverse_right,H_y48.0_x-40.0_-20.0,H_y48.0_x-40.0_-20.0,right,reverse,reverse_right,1
46,-22.000,49.500,0.500,180.000,H_y48.0_x-40.0_-20.0_reverse_right,H_y48.0_x-40.0_-20.0,H_y48.0_x-40.0_-20.0,right,reverse,reverse_right,1
47,-22.500,49.500,0.500,180.000,H_y48.0_x-40.0_-20.0_reverse_right,H_y48.0_x-40.0_-20.0,H_y48.0_x-40.0_-20.0,right,reverse,reverse_right,1
48,-23.000,49.500,0.500,180.000,H_y48.0_x-40.0_-20.0_reverse_right,H_y48.0_x-40.0_-20.0,H_y48.0_x-40.0_-20.0,right,reverse,reverse_right,1
49,-23.500,49.500,0.500,180.000,H_y48.0_x-40.0_-20.0_reverse_right,H_y48.0_x-40.0_-20.0,H_y48.0_x-40.0_-20.0,right,reverse,reverse_right,1
50,-24.000,49.500,0.500,180.000,H_y48.0_x-40.0_-20.0_reverse_right,H_y48.0_x-40.0_-20.0,H_y48.0_x-40.0_-20.0,right,reverse,reverse_right,1
51,-24.500,49.500,0.500,180.000,H_y48.0_x-40.0_-20.0_reverse_right,H_y48.0_x-40.0_-20.0,H_y48.0_x-40.0_-20.0,right,reverse,reverse_right,1
52,-25.000,49.500,0.500,180.000,H_y48.0_x-40.0_-20.0_reverse_right,H_y48.0_x-40.0_-20.0,H_y48.0_x-40.0_-20.0,right,reverse,reverse_right,1
53,-25.500,49.500,0.500,180.000,H_y48.0_x-40.0_-20.0_reverse_right,H_y48.0_x-40.0_-20.0,H_y48.0_x-40.0_-20.0,right,reverse,reverse_right,1
54,-26.000,49.500,0.500,180.000,H_y48.0_x-40.0_-20.0_reverse_right,H_y48.0_x-40.0_-20.0,H_y48.0_x-40.0_-20.0,right,reverse,reverse_right,1
55,-26.500,49.500,0.500,180.000,H_y48.0_x-40.0_-20.0_reverse_right,H_y48.0_x-40.0_-20.0,H_y48.0_x-40.0_-20.0,right,reverse,reverse_right,1
56,-27.000,49.500,0.500,180.000,H_y48.0_x-40.0_-20.0_reverse_right,H_y48.0_x-40.0_-20.0,H_y48.0_x-40.0_-20.0,right,reverse,reverse_right,1
57,-27.500,49.500,0.500,180.000,H_y48.0_x-40.0_-20.0_reverse_right,H_y48.0_x-40.0_-20.0,H_y48.0_x-40.0_-20.0,right,reverse,reverse_right,1
58,-28.000,49.500,0.500,180.000,H_y48.0_x-40.0_-20.0_reverse_right,H_y48.0_x-40.0_-20.0,H_y48.0_x-40.0_-20.0,right,reverse,reverse_right,1
59,-28.500,49.500,0.500,180.000,H_y48.0_x-40.0_-20.0_reverse_right,H_y48.0_x-40.0_-20.0,H_y48.0_x-40.0_-20.0,right,reverse,reverse_right,1
60,-29.000,49.500,0.500,180.000,H_y48.0_x-40.0_-20.0_reverse_right,H_y48.0_x-40.0_-20.0,H_y48.0_x-40.0_-20.0,right,reverse,reverse_right,1
61,-29.500,49.500,0.500,180.000,H_y48.0_x-40.0_-20.0_reverse_right,H_y48.0_x-40.0_-20.0,H_y48.0_x-40.0_-20.0,right,reverse,reverse_right,1
62,-30.000,49.500,0.500,180.000,H_y48.0_x-40.0_-20.0_reverse_right,H_y48.0_x-40.0_-20.0,H_y48.0_x-40.0_-20.0,right,reverse,reverse_right,1
63,-30.500,49.500,0.500,180.000,H_y48.0_x-40.0_-20.0_reverse_right,H_y48.0_x-40.0_-20.0,H_y48.0_x-40.0_-20.0,right,reverse,reverse_right,1
64,-31.000,49.500,0.500,180.000,H_y48.0_x-40.0_-20.0_reverse_right,H_y48.0_x-40.0_-20.0,H_y48.0_x-40.0_-20.0,right,reverse,reverse_right,1
65,-31.500,49.500,0.500,180.000,H_y48.0_x-40.0_-20.0_reverse_right,H_y48.0_x-40.0_-20.0,H_y48.0_x-40.0_-20.0,right,reverse,reverse_right,1
66,-32.000,49.500,0.500,180.000,H_y48.0_x-40.0_-20.0_reverse_right,H_y48.0_x-40.0_-20.0,H_y48.0_x-40.0_-20.0,right,reverse,reverse_right,1
67,-32.500,49.500,0.500,180.000,H_y48.0_x-40.0_-20.0_reverse_right,H_y48.0_x-40.0_-20.0,H_y48.0_x-40.0_-20.0,right,reverse,reverse_right,1
68,-33.000,49.500,0.500,180.000,H_y48.0_x-40.0_-20.0_reverse_right,H_y48.0_x-40.0_-20.0,H_y48.0_x-40.0_-20.0,right,reverse,reverse_right,1
69,-33.500,49.500,0.500,180.000,H_y48.0_x-40.0_-20.0_reverse_right,H_y48.0_x-40.0_-20.0,H_y48.0_x-40.0_-20.0,right,reverse,reverse_right,1
70,-34.000,49.500,0.500,180.000,H_y48.0_x-40.0_-20.0_reverse_right,H_y48.0_x-40.0_-20.0,H_y48.0_x-40.0_-20.0,right,reverse,reverse_right,1
71,-34.500,49.500,0.500,180.000,H_y48.0_x-40.0_-20.0_reverse_right,H_y48.0_x-40.0_-20.0,H_y48.0_x-40.0_-20.0,right,reverse,reverse_right,1
72,-35.000,49.500,0.500,180.000,H_y48.0_x-40.0_-20.0_reverse_right,H_y48.0_x-40.0_-20.0,H_y48.0_x-40.0_-20.0,right,reverse,reverse_right,1
73,-35.500,49.500,0.500,180.000,H_y48.0_x-40.0_-20.0_reverse_right,H_y48.0_x-40.0_-20.0,H_y48.0_x-40.0_-20.0,right,reverse,reverse_right,1
74,-36.000,49.500,0.500,180.000,H_y48.0_x-40.0_-20.0_reverse_right,H_y48.0_x-40.0_-20.0,H_y48.0_x-40.0_-20.0,right,reverse,reverse_right,1
75,-36.500,49.500,0.500,180.000,H_y48.0_x-40.0_-20.0_reverse_right,H_y48.0_x-40.0_-20.0,H_y48.0_x-40.0_-20.0,right,reverse,reverse_right,1
76,-37.000,49.500,0.500,180.000,H_y48.0_x-40.0_-20.0_reverse_right,H_y48.0_x-40.0_-20.0,H_y48.0_x-40.0_-20.0,right,reverse,reverse_right,1
77,-37.500,49.500,0.500,180.000,H_y48.0_x-40.0_-20.0_reverse_right,H_y48.0_x-40.0_-20.0,H_y48.0_x-40.0_-20.0,right,reverse,reverse_right,1
78,-38.000,49.500,0.500,180.000,H_y48.0_x-40.0_-20.0_reverse_right,H_y48.0_x-40.0_-20.0,H_y48.0_x-40.0_-20.0,right,reverse,reverse_right,1
79,-38.500,49.500,0.500,180.000,H_y48.0_x-40.0_-20.0_reverse_right,H_y48.0_x-40.0_-20.0,H_y48.0_x-40.0_-20.0,right,reverse,reverse_right,1
80,-39.000,49.500,0.500,180.000,H_y48.0_x-40.0_-20.0_reverse_right,H_y48.0_x-40.0_-20.0,H_y48.0_x-40.0_-20.0,right,reverse,reverse_right,1
81,-39.500,49.500,0.500,180.000,H_y48.0_x-40.0_-20.0_reverse_right,H_y48.0_x-40.0_-20.0,H_y48.0_x-40.0_-20.0,right,reverse,reverse_right,1
82,-40.000,49.500,0.500,180.000,H_y48.0_x-40.0_-20.0_reverse_right,H_y48.0_x-40.0_-20.0,H_y48.0_x-40.0_-20.0,right,reverse,reverse_right,0
83,-41.500,48.000,0.500,-90.000,V_x-40.0_y26.0_48.0_forward_right,V_x-40.0_y26.0_48.0,V_x-40.0_y26.0_48.0,right,forward,forward_right,1
84,-41.500,47.500,0.500,-90.000,V_x-40.0_y26.0_48.0_forward_right,V_x-40.0_y26.0_48.0,V_x-40.0_y26.0_48.0,right,forward,forward_right,1
85,-41.500,47.000,0.500,-90.000,V_x-40.0_y26.0_48.0_forward_right,V_x-40.0_y26.0_48.0,V_x-40.0_y26.0_48.0,right,forward,forward_right,1
86,-41.500,46.500,0.500,-90.000,V_x-40.0_y26.0_48.0_forward_right,V_x-40.0_y26.0_48.0,V_x-40.0_y26.0_48.0,right,forward,forward_right,1
87,-41.500,46.000,0.500,-90.000,V_x-40.0_y26.0_48.0_forward_right,V_x-40.0_y26.0_48.0,V_x-40.0_y26.0_48.0,right,forward,forward_right,1
88,-41.500,45.500,0.500,-90.000,V_x-40.0_y26.0_48.0_forward_right,V_x-40.0_y26.0_48.0,V_x-40.0_y26.0_48.0,right,forward,forward_right,1
89,-41.500,45.000,0.500,-90.000,V_x-40.0_y26.0_48.0_forward_right,V_x-40.0_y26.0_48.0,V_x-40.0_y26.0_48.0,right,forward,forward_right,1
90,-41.500,44.500,0.500,-90.000,V_x-40.0_y26.0_48.0_forward_right,V_x-40.0_y26.0_48.0,V_x-40.0_y26.0_48.0,right,forward,forward_right,1
91,-41.500,44.000,0.500,-90.000,V_x-40.0_y26.0_48.0_forward_right,V_x-40.0_y26.0_48.0,V_x-40.0_y26.0_48.0,right,forward,forward_right,1
92,-41.500,43.500,0.500,-90.000,V_x-40.0_y26.0_48.0_forward_right,V_x-40.0_y26.0_48.0,V_x-40.0_y26.0_48.0,right,forward,forward_right,1
93,-41.500,43.000,0.500,-90.000,V_x-40.0_y26.0_48.0_forward_right,V_x-40.0_y26.0_48.0,V_x-40.0_y26.0_48.0,right,forward,forward_right,1
94,-41.500,42.500,0.500,-90.000,V_x-40.0_y26.0_48.0_forward_right,V_x-40.0_y26.0_48.0,V_x-40.0_y26.0_48.0,right,forward,forward_right,1
95,-41.500,42.000,0.500,-90.000,V_x-40.0_y26.0_48.0_forward_right,V_x-40.0_y26.0_48.0,V_x-40.0_y26.0_48.0,right,forward,forward_right,1
96,-41.500,41.500,0.500,-90.000,V_x-40.0_y26.0_48.0_forward_right,V_x-40.0_y26.0_48.0,V_x-40.0_y26.0_48.0,right,forward,forward_right,1
97,-41.500,41.000,0.500,-90.000,V_x-40.0_y26.0_48.0_forward_right,V_x-40.0_y26.0_48.0,V_x-40.0_y26.0_48.0,right,forward,forward_right,1
98,-41.500,40.500,0.500,-90.000,V_x-40.0_y26.0_48.0_forward_right,V_x-40.0_y26.0_48.0,V_x-40.0_y26.0_48.0,right,forward,forward_right,1
99,-41.500,40.000,0.500,-90.000,V_x-40.0_y26.0_48.0_forward_right,V_x-40.0_y26.0_48.0,V_x-40.0_y26.0_48.0,right,forward,forward_right,1
100,-41.500,39.500,0.500,-90.000,V_x-40.0_y26.0_48.0_forward_right,V_x-40.0_y26.0_48.0,V_x-40.0_y26.0_48.0,right,forward,forward_right,1
101,-41.500,39.000,0.500,-90.000,V_x-40.0_y26.0_48.0_forward_right,V_x-40.0_y26.0_48.0,V_x-40.0_y26.0_48.0,right,forward,forward_right,1
102,-41.500,38.500,0.500,-90.000,V_x-40.0_y26.0_48.0_forward_right,V_x-40.0_y26.0_48.0,V_x-40.0_y26.0_48.0,right,forward,forward_right,1
103,-41.500,38.000,0.500,-90.000,V_x-40.0_y26.0_48.0_forward_right,V_x-40.0_y26.0_48.0,V_x-40.0_y26.0_48.0,right,forward,forward_right,1
104,-41.500,37.500,0.500,-90.000,V_x-40.0_y26.0_48.0_forward_right,V_x-40.0_y26.0_48.0,V_x-40.0_y26.0_48.0,right,forward,forward_right,1
105,-41.500,37.000,0.500,-90.000,V_x-40.0_y26.0_48.0_forward_right,V_x-40.0_y26.0_48.0,V_x-40.0_y26.0_48.0,right,forward,forward_right,1
106,-41.500,36.500,0.500,-90.000,V_x-40.0_y26.0_48.0_forward_right,V_x-40.0_y26.0_48.0,V_x-40.0_y26.0_48.0,right,forward,forward_right,1
107,-41.500,36.000,0.500,-90.000,V_x-40.0_y26.0_48.0_forward_right,V_x-40.0_y26.0_48.0,V_x-40.0_y26.0_48.0,right,forward,forward_right,1
108,-41.500,35.500,0.500,-90.000,V_x-40.0_y26.0_48.0_forward_right,V_x-40.0_y26.0_48.0,V_x-40.0_y26.0_48.0,right,forward,forward_right,1
109,-41.500,35.000,0.500,-90.000,V_x-40.0_y26.0_48.0_forward_right,V_x-40.0_y26.0_48.0,V_x-40.0_y26.0_48.0,right,forward,forward_right,1
110,-41.500,34.500,0.500,-90.000,V_x-40.0_y26.0_48.0_forward_right,V_x-40.0_y26.0_48.0,V_x-40.0_y26.0_48.0,right,forward,forward_right,1
111,-41.500,34.000,0.500,-90.000,V_x-40.0_y26.0_48.0_forward_right,V_x-40.0_y26.0_48.0,V_x-40.0_y26.0_48.0,right,forward,forward_right,1
112,-41.500,33.500,0.500,-90.000,V_x-40.0_y26.0_48.0_forward_right,V_x-40.0_y26.0_48.0,V_x-40.0_y26.0_48.0,right,forward,forward_right,1
113,-41.500,33.000,0.500,-90.000,V_x-40.0_y26.0_48.0_forward_right,V_x-40.0_y26.0_48.0,V_x-40.0_y26.0_48.0,right,forward,forward_right,1
114,-41.500,32.500,0.500,-90.000,V_x-40.0_y26.0_48.0_forward_right,V_x-40.0_y26.0_48.0,V_x-40.0_y26.0_48.0,right,forward,forward_right,1
115,-41.500,32.000,0.500,-90.000,V_x-40.0_y26.0_48.0_forward_right,V_x-40.0_y26.0_48.0,V_x-40.0_y26.0_48.0,right,forward,forward_right,1
116,-41.500,31.500,0.500,-90.000,V_x-40.0_y26.0_48.0_forward_right,V_x-40.0_y26.0_48.0,V_x-40.0_y26.0_48.0,right,forward,forward_right,1
117,-41.500,31.000,0.500,-90.000,V_x-40.0_y26.0_48.0_forward_right,V_x-40.0_y26.0_48.0,V_x-40.0_y26.0_48.0,right,forward,forward_right,1
118,-41.500,30.500,0.500,-90.000,V_x-40.0_y26.0_48.0_forward_right,V_x-40.0_y26.0_48.0,V_x-40.0_y26.0_48.0,right,forward,forward_right,1
119,-41.500,30.000,0.500,-90.000,V_x-40.0_y26.0_48.0_forward_right,V_x-40.0_y26.0_48.0,V_x-40.0_y26.0_48.0,right,forward,forward_right,1
120,-41.500,29.500,0.500,-90.000,V_x-40.0_y26.0_48.0_forward_right,V_x-40.0_y26.0_48.0,V_x-40.0_y26.0_48.0,right,forward,forward_right,1
121,-41.500,29.000,0.500,-90.000,V_x-40.0_y26.0_48.0_forward_right,V_x-40.0_y26.0_48.0,V_x-40.0_y26.0_48.0,right,forward,forward_right,1
122,-41.500,28.500,0.500,-90.000,V_x-40.0_y26.0_48.0_forward_right,V_x-40.0_y26.0_48.0,V_x-40.0_y26.0_48.0,right,forward,forward_right,1
123,-41.500,28.000,0.500,-90.000,V_x-40.0_y26.0_48.0_forward_right,V_x-40.0_y26.0_48.0,V_x-40.0_y26.0_48.0,right,forward,forward_right,1
124,-41.500,27.500,0.500,-90.000,V_x-40.0_y26.0_48.0_forward_right,V_x-40.0_y26.0_48.0,V_x-40.0_y26.0_48.0,right,forward,forward_right,1
125,-41.500,27.000,0.500,-90.000,V_x-40.0_y26.0_48.0_forward_right,V_x-40.0_y26.0_48.0,V_x-40.0_y26.0_48.0,right,forward,forward_right,1
126,-41.500,26.500,0.500,-90.000,V_x-40.0_y26.0_48.0_forward_right,V_x-40.0_y26.0_48.0,V_x-40.0_y26.0_48.0,right,forward,forward_right,1
127,-41.500,26.000,0.500,-90.000,V_x-40.0_y26.0_48.0_forward_right,V_x-40.0_y26.0_48.0,V_x-40.0_y26.0_48.0,right,forward,forward_right,0
128,-38.500,26.000,0.500,90.000,V_x-40.0_y26.0_48.0_reverse_right,V_x-40.0_y26.0_48.0,V_x-40.0_y26.0_48.0,right,reverse,reverse_right,1
129,-38.500,26.500,0.500,90.000,V_x-40.0_y26.0_48.0_reverse_right,V_x-40.0_y26.0_48.0,V_x-40.0_y26.0_48.0,right,reverse,reverse_right,1
130,-38.500,27.000,0.500,90.000,V_x-40.0_y26.0_48.0_reverse_right,V_x-40.0_y26.0_48.0,V_x-40.0_y26.0_48.0,right,reverse,reverse_right,1
131,-38.500,27.500,0.500,90.000,V_x-40.0_y26.0_48.0_reverse_right,V_x-40.0_y26.0_48.0,V_x-40.0_y26.0_48.0,right,reverse,reverse_right,1
132,-38.500,28.000,0.500,90.000,V_x-40.0_y26.0_48.0_reverse_right,V_x-40.0_y26.0_48.0,V_x-40.0_y26.0_48.0,right,reverse,reverse_right,1
133,-38.500,28.500,0.500,90.000,V_x-40.0_y26.0_48.0_reverse_right,V_x-40.0_y26.0_48.0,V_x-40.0_y26.0_48.0,right,reverse,reverse_right,1
134,-38.500,29.000,0.500,90.000,V_x-40.0_y26.0_48.0_reverse_right,V_x-40.0_y26.0_48.0,V_x-40.0_y26.0_48.0,right,reverse,reverse_right,1
135,-38.500,29.500,0.500,90.000,V_x-40.0_y26.0_48.0_reverse_right,V_x-40.0_y26.0_48.0,V_x-40.0_y26.0_48.0,right,reverse,reverse_right,1
136,-38.500,30.000,0.500,90.000,V_x-40.0_y26.0_48.0_reverse_right,V_x-40.0_y26.0_48.0,V_x-40.0_y26.0_48.0,right,reverse,reverse_right,1
137,-38.500,30.500,0.500,90.000,V_x-40.0_y26.0_48.0_reverse_right,V_x-40.0_y26.0_48.0,V_x-40.0_y26.0_48.0,right,reverse,reverse_right,1
138,-38.500,31.000,0.500,90.000,V_x-40.0_y26.0_48.0_reverse_right,V_x-40.0_y26.0_48.0,V_x-40.0_y26.0_48.0,right,reverse,reverse_right,1
139,-38.500,31.500,0.500,90.000,V_x-40.0_y26.0_48.0_reverse_right,V_x-40.0_y26.0_48.0,V_x-40.0_y26.0_48.0,right,reverse,reverse_right,1
140,-38.500,32.000,0.500,90.000,V_x-40.0_y26.0_48.0_reverse_right,V_x-40.0_y26.0_48.0,V_x-40.0_y26.0_48.0,right,reverse,reverse_right,1
141,-38.500,32.500,0.500,90.000,V_x-40.0_y26.0_48.0_reverse_right,V_x-40.0_y26.0_48.0,V_x-40.0_y26.0_48.0,right,reverse,reverse_right,1
142,-38.500,33.000,0.500,90.000,V_x-40.0_y26.0_48.0_reverse_right,V_x-40.0_y26.0_48.0,V_x-40.0_y26.0_48.0,right,reverse,reverse_right,1
143,-38.500,33.500,0.500,90.000,V_x-40.0_y26.0_48.0_reverse_right,V_x-40.0_y26.0_48.0,V_x-40.0_y26.0_48.0,right,reverse,reverse_right,1
144,-38.500,34.000,0.500,90.000,V_x-40.0_y26.0_48.0_reverse_right,V_x-40.0_y26.0_48.0,V_x-40.0_y26.0_48.0,right,reverse,reverse_right,1
145,-38.500,34.500,0.500,90.000,V_x-40.0_y26.0_48.0_reverse_right,V_x-40.0_y26.0_48.0,V_x-40.0_y26.0_48.0,right,reverse,reverse_right,1
146,-38.500,35.000,0.500,90.000,V_x-40.0_y26.0_48.0_reverse_right,V_x-40.0_y26.0_48.0,V_x-40.0_y26.0_48.0,right,reverse,reverse_right,1
147,-38.500,35.500,0.500,90.000,V_x-40.0_y26.0_48.0_reverse_right,V_x-40.0_y26.0_48.0,V_x-40.0_y26.0_48.0,right,reverse,reverse_right,1
148,-38.500,36.000,0.500,90.000,V_x-40.0_y26.0_48.0_reverse_right,V_x-40.0_y26.0_48.0,V_x-40.0_y26.0_48.0,right,reverse,reverse_right,1
149,-38.500,36.500,0.500,90.000,V_x-40.0_y26.0_48.0_reverse_right,V_x-40.0_y26.0_48.0,V_x-40.0_y26.0_48.0,right,reverse,reverse_right,1
150,-38.500,37.000,0.500,90.000,V_x-40.0_y26.0_48.0_reverse_right,V_x-40.0_y26.0_48.0,V_x-40.0_y26.0_48.0,right,reverse,reverse_right,1
151,-38.500,37.500,0.500,90.000,V_x-40.0_y26.0_48.0_reverse_right,V_x-40.0_y26.0_48.0,V_x-40.0_y26.0_48.0,right,reverse,reverse_right,1
152,-38.500,38.000,0.500,90.000,V_x-40.0_y26.0_48.0_reverse_right,V_x-40.0_y26.0_48.0,V_x-40.0_y26.0_48.0,right,reverse,reverse_right,1
153,-38.500,38.500,0.500,90.000,V_x-40.0_y26.0_48.0_reverse_right,V_x-40.0_y26.0_48.0,V_x-40.0_y26.0_48.0,right,reverse,reverse_right,1
154,-38.500,39.000,0.500,90.000,V_x-40.0_y26.0_48.0_reverse_right,V_x-40.0_y26.0_48.0,V_x-40.0_y26.0_48.0,right,reverse,reverse_right,1
155,-38.500,39.500,0.500,90.000,V_x-40.0_y26.0_48.0_reverse_right,V_x-40.0_y26.0_48.0,V_x-40.0_y26.0_48.0,right,reverse,reverse_right,1
156,-38.500,40.000,0.500,90.000,V_x-40.0_y26.0_48.0_reverse_right,V_x-40.0_y26.0_48.0,V_x-40.0_y26.0_48.0,right,reverse,reverse_right,1
157,-38.500,40.500,0.500,90.000,V_x-40.0_y26.0_48.0_reverse_right,V_x-40.0_y26.0_48.0,V_x-40.0_y26.0_48.0,right,reverse,reverse_right,1
158,-38.500,41.000,0.500,90.000,V_x-40.0_y26.0_48.0_reverse_right,V_x-40.0_y26.0_48.0,V_x-40.0_y26.0_48.0,right,reverse,reverse_right,1
159,-38.500,41.500,0.500,90.000,V_x-40.0_y26.0_48.0_reverse_right,V_x-40.0_y26.0_48.0,V_x-40.0_y26.0_48.0,right,reverse,reverse_right,1
160,-38.500,42.000,0.500,90.000,V_x-40.0_y26.0_48.0_reverse_right,V_x-40.0_y26.0_48.0,V_x-40.0_y26.0_48.0,right,reverse,reverse_right,1
161,-38.500,42.500,0.500,90.000,V_x-40.0_y26.0_48.0_reverse_right,V_x-40.0_y26.0_48.0,V_x-40.0_y26.0_48.0,right,reverse,reverse_right,1
162,-38.500,43.000,0.500,90.000,V_x-40.0_y26.0_48.0_reverse_right,V_x-40.0_y26.0_48.0,V_x-40.0_y26.0_48.0,right,reverse,reverse_right,1
163,-38.500,43.500,0.500,90.000,V_x-40.0_y26.0_48.0_reverse_right,V_x-40.0_y26.0_48.0,V_x-40.0_y26.0_48.0,right,reverse,reverse_right,1
164,-38.500,44.000,0.500,90.000,V_x-40.0_y26.0_48.0_reverse_right,V_x-40.0_y26.0_48.0,V_x-40.0_y26.0_48.0,right,reverse,reverse_right,1
165,-38.500,44.500,0.500,90.000,V_x-40.0_y26.0_48.0_reverse_right,V_x-40.0_y26.0_48.0,V_x-40.0_y26.0_48.0,right,reverse,reverse_right,1
166,-38.500,45.000,0.500,90.000,V_x-40.0_y26.0_48.0_reverse_right,V_x-40.0_y26.0_48.0,V_x-40.0_y26.0_48.0,right,reverse,reverse_right,1
167,-38.500,45.500,0.500,90.000,V_x-40.0_y26.0_48.0_reverse_right,V_x-40.0_y26.0_48.0,V_x-40.0_y26.0_48.0,right,reverse,reverse_right,1
168,-38.500,46.000,0.500,90.000,V_x-40.0_y26.0_48.0_reverse_right,V_x-40.0_y26.0_48.0,V_x-40.0_y26.0_48.0,right,reverse,reverse_right,1
169,-38.500,46.500,0.500,90.000,V_x-40.0_y26.0_48.0_reverse_right,V_x-40.0_y26.0_48.0,V_x-40.0_y26.0_48.0,right,reverse,reverse_right,1
170,-38.500,47.000,0.500,90.000,V_x-40.0_y26.0_48.0_reverse_right,V_x-40.0_y26.0_48.0,V_x-40.0_y26.0_48.0,right,reverse,reverse_right,1
171,-38.500,47.500,0.500,90.000,V_x-40.0_y26.0_48.0_reverse_right,V_x-40.0_y26.0_48.0,V_x-40.0_y26.0_48.0,right,reverse,reverse_right,1
172,-38.500,48.000,0.500,90.000,V_x-40.0_y26.0_48.0_reverse_right,V_x-40.0_y26.0_48.0,V_x-40.0_y26.0_48.0,right,reverse,reverse_right,0
173,-41.500,48.000,0.500,-90.000,outer_top_left_conn0_forward_right,outer_top_left_conn0,outer_top_left_conn0,right,forward,forward_right,1
174,-41.500,47.500,0.500,-90.000,outer_top_left_conn0_forward_right,outer_top_left_conn0,outer_top_left_conn0,right,forward,forward_right,1
175,-41.500,47.000,0.500,-90.000,outer_top_left_conn0_forward_right,outer_top_left_conn0,outer_top_left_conn0,right,forward,forward_right,1
176,-41.500,46.500,0.500,-90.000,outer_top_left_conn0_forward_right,outer_top_left_conn0,outer_top_left_conn0,right,forward,forward_right,1
177,-41.500,46.000,0.500,-90.000,outer_top_left_conn0_forward_right,outer_top_left_conn0,outer_top_left_conn0,right,forward,forward_right,1
178,-41.500,45.500,0.500,-90.000,outer_top_left_conn0_forward_right,outer_top_left_conn0,outer_top_left_conn0,right,forward,forward_right,1
179,-41.500,45.000,0.500,-90.000,outer_top_left_conn0_forward_right,outer_top_left_conn0,outer_top_left_conn0,right,forward,forward_right,1
180,-41.500,44.500,0.500,-90.000,outer_top_left_conn0_forward_right,outer_top_left_conn0,outer_top_left_conn0,right,forward,forward_right,1
181,-41.500,44.000,0.500,-90.000,outer_top_left_conn0_forward_right,outer_top_left_conn0,outer_top_left_conn0,right,forward,forward_right,0
182,-38.500,44.000,0.500,90.000,outer_top_left_conn0_reverse_right,outer_top_left_conn0,outer_top_left_conn0,right,reverse,reverse_right,1
183,-38.500,44.500,0.500,90.000,outer_top_left_conn0_reverse_right,outer_top_left_conn0,outer_top_left_conn0,right,reverse,reverse_right,1
184,-38.500,45.000,0.500,90.000,outer_top_left_conn0_reverse_right,outer_top_left_conn0,outer_top_left_conn0,right,reverse,reverse_right,1
185,-38.500,45.500,0.500,90.000,outer_top_left_conn0_reverse_right,outer_top_left_conn0,outer_top_left_conn0,right,reverse,reverse_right,1
186,-38.500,46.000,0.500,90.000,outer_top_left_conn0_reverse_right,outer_top_left_conn0,outer_top_left_conn0,right,reverse,reverse_right,1
187,-38.500,46.500,0.500,90.000,outer_top_left_conn0_reverse_right,outer_top_left_conn0,outer_top_left_conn0,right,reverse,reverse_right,1
188,-38.500,47.000,0.500,90.000,outer_top_left_conn0_reverse_right,outer_top_left_conn0,outer_top_left_conn0,right,reverse,reverse_right,1
189,-38.500,47.500,0.500,90.000,outer_top_left_conn0_reverse_right,outer_top_left_conn0,outer_top_left_conn0,right,reverse,reverse_right,1
190,-38.500,48.000,0.500,90.000,outer_top_left_conn0_reverse_right,outer_top_left_conn0,outer_top_left_conn0,right,reverse,reverse_right,0
191,-40.000,46.500,0.500,0.000,outer_top_left_conn1_forward_right,outer_top_left_conn1,outer_top_left_conn1,right,forward,forward_right,1
192,-39.500,46.500,0.500,0.000,outer_top_left_conn1_forward_right,outer_top_left_conn1,outer_top_left_conn1,right,forward,forward_right,1
193,-39.000,46.500,0.500,0.000,outer_top_left_conn1_forward_right,outer_top_left_conn1,outer_top_left_conn1,right,forward,forward_right,1
194,-38.500,46.500,0.500,0.000,outer_top_left_conn1_forward_right,outer_top_left_conn1,outer_top_left_conn1,right,forward,forward_right,1
195,-38.000,46.500,0.500,0.000,outer_top_left_conn1_forward_right,outer_top_left_conn1,outer_top_left_conn1,right,forward,forward_right,1
196,-37.500,46.500,0.500,0.000,outer_top_left_conn1_forward_right,outer_top_left_conn1,outer_top_left_conn1,right,forward,forward_right,1
197,-37.000,46.500,0.500,0.000,outer_top_left_conn1_forward_right,outer_top_left_conn1,outer_top_left_conn1,right,forward,forward_right,1
198,-36.500,46.500,0.500,0.000,outer_top_left_conn1_forward_right,outer_top_left_conn1,outer_top_left_conn1,right,forward,forward_right,1
199,-36.000,46.500,0.500,0.000,outer_top_left_conn1_forward_right,outer_top_left_conn1,outer_top_left_conn1,right,forward,forward_right,0
200,-36.000,49.500,0.500,180.000,outer_top_left_conn1_reverse_right,outer_top_left_conn1,outer_top_left_conn1,right,reverse,reverse_right,1
201,-36.500,49.500,0.500,180.000,outer_top_left_conn1_reverse_right,outer_top_left_conn1,outer_top_left_conn1,right,reverse,reverse_right,1
202,-37.000,49.500,0.500,180.000,outer_top_left_conn1_reverse_right,outer_top_left_conn1,outer_top_left_conn1,right,reverse,reverse_right,1
203,-37.500,49.500,0.500,180.000,outer_top_left_conn1_reverse_right,outer_top_left_conn1,outer_top_left_conn1,right,reverse,reverse_right,1
204,-38.000,49.500,0.500,180.000,outer_top_left_conn1_reverse_right,outer_top_left_conn1,outer_top_left_conn1,right,reverse,reverse_right,1
205,-38.500,49.500,0.500,180.000,outer_top_left_conn1_reverse_right,outer_top_left_conn1,outer_top_left_conn1,right,reverse,reverse_right,1
206,-39.000,49.500,0.500,180.000,outer_top_left_conn1_reverse_right,outer_top_left_conn1,outer_top_left_conn1,right,reverse,reverse_right,1
207,-39.500,49.500,0.500,180.000,outer_top_left_conn1_reverse_right,outer_top_left_conn1,outer_top_left_conn1,right,reverse,reverse_right,1
208,-40.000,49.500,0.500,180.000,outer_top_left_conn1_reverse_right,outer_top_left_conn1,outer_top_left_conn1,right,reverse,reverse_right,0
209,-40.000,24.500,0.500,0.000,H_y26.0_x-40.0_-20.0_forward_right,H_y26.0_x-40.0_-20.0,H_y26.0_x-40.0_-20.0,right,forward,forward_right,1
210,-39.500,24.500,0.500,0.000,H_y26.0_x-40.0_-20.0_forward_right,H_y26.0_x-40.0_-20.0,H_y26.0_x-40.0_-20.0,right,forward,forward_right,1
211,-39.000,24.500,0.500,0.000,H_y26.0_x-40.0_-20.0_forward_right,H_y26.0_x-40.0_-20.0,H_y26.0_x-40.0_-20.0,right,forward,forward_right,1
212,-38.500,24.500,0.500,0.000,H_y26.0_x-40.0_-20.0_forward_right,H_y26.0_x-40.0_-20.0,H_y26.0_x-40.0_-20.0,right,forward,forward_right,1
213,-38.000,24.500,0.500,0.000,H_y26.0_x-40.0_-20.0_forward_right,H_y26.0_x-40.0_-20.0,H_y26.0_x-40.0_-20.0,right,forward,forward_right,1
214,-37.500,24.500,0.500,0.000,H_y26.0_x-40.0_-20.0_forward_right,H_y26.0_x-40.0_-20.0,H_y26.0_x-40.0_-20.0,right,forward,forward_right,1
215,-37.000,24.500,0.500,0.000,H_y26.0_x-40.0_-20.0_forward_right,H_y26.0_x-40.0_-20.0,H_y26.0_x-40.0_-20.0,right,forward,forward_right,1
216,-36.500,24.500,0.500,0.000,H_y26.0_x-40.0_-20.0_forward_right,H_y26.0_x-40.0_-20.0,H_y26.0_x-40.0_-20.0,right,forward,forward_right,1
217,-36.000,24.500,0.500,0.000,H_y26.0_x-40.0_-20.0_forward_right,H_y26.0_x-40.0_-20.0,H_y26.0_x-40.0_-20.0,right,forward,forward_right,1
218,-35.500,24.500,0.500,0.000,H_y26.0_x-40.0_-20.0_forward_right,H_y26.0_x-40.0_-20.0,H_y26.0_x-40.0_-20.0,right,forward,forward_right,1
219,-35.000,24.500,0.500,0.000,H_y26.0_x-40.0_-20.0_forward_right,H_y26.0_x-40.0_-20.0,H_y26.0_x-40.0_-20.0,right,forward,forward_right,1
220,-34.500,24.500,0.500,0.000,H_y26.0_x-40.0_-20.0_forward_right,H_y26.0_x-40.0_-20.0,H_y26.0_x-40.0_-20.0,right,forward,forward_right,1
221,-34.000,24.500,0.500,0.000,H_y26.0_x-40.0_-20.0_forward_right,H_y26.0_x-40.0_-20.0,H_y26.0_x-40.0_-20.0,right,forward,forward_right,1
222,-33.500,24.500,0.500,0.000,H_y26.0_x-40.0_-20.0_forward_right,H_y26.0_x-40.0_-20.0,H_y26.0_x-40.0_-20.0,right,forward,forward_right,1
223,-33.000,24.500,0.500,0.000,H_y26.0_x-40.0_-20.0_forward_right,H_y26.0_x-40.0_-20.0,H_y26.0_x-40.0_-20.0,right,forward,forward_right,1
224,-32.500,24.500,0.500,0.000,H_y26.0_x-40.0_-20.0_forward_right,H_y26.0_x-40.0_-20.0,H_y26.0_x-40.0_-20.0,right,forward,forward_right,1
225,-32.000,24.500,0.500,0.000,H_y26.0_x-40.0_-20.0_forward_right,H_y26.0_x-40.0_-20.0,H_y26.0_x-40.0_-20.0,right,forward,forward_right,1
226,-31.500,24.500,0.500,0.000,H_y26.0_x-40.0_-20.0_forward_right,H_y26.0_x-40.0_-20.0,H_y26.0_x-40.0_-20.0,right,forward,forward_right,1
227,-31.000,24.500,0.500,0.000,H_y26.0_x-40.0_-20.0_forward_right,H_y26.0_x-40.0_-20.0,H_y26.0_x-40.0_-20.0,right,forward,forward_right,1
228,-30.500,24.500,0.500,0.000,H_y26.0_x-40.0_-20.0_forward_right,H_y26.0_x-40.0_-20.0,H_y26.0_x-40.0_-20.0,right,forward,forward_right,1
229,-30.000,24.500,0.500,0.000,H_y26.0_x-40.0_-20.0_forward_right,H_y26.0_x-40.0_-20.0,H_y26.0_x-40.0_-20.0,right,forward,forward_right,1
230,-29.500,24.500,0.500,0.000,H_y26.0_x-40.0_-20.0_forward_right,H_y26.0_x-40.0_-20.0,H_y26.0_x-40.0_-20.0,right,forward,forward_right,1
231,-29.000,24.500,0.500,0.000,H_y26.0_x-40.0_-20.0_forward_right,H_y26.0_x-40.0_-20.0,H_y26.0_x-40.0_-20.0,right,forward,forward_right,1
232,-28.500,24.500,0.500,0.000,H_y26.0_x-40.0_-20.0_forward_right,H_y26.0_x-40.0_-20.0,H_y26.0_x-40.0_-20.0,right,forward,forward_right,1
233,-28.000,24.500,0.500,0.000,H_y26.0_x-40.0_-20.0_forward_right,H_y26.0_x-40.0_-20.0,H_y26.0_x-40.0_-20.0,right,forward,forward_right,1
234,-27.500,24.500,0.500,0.000,H_y26.0_x-40.0_-20.0_forward_right,H_y26.0_x-40.0_-20.0,H_y26.0_x-40.0_-20.0,right,forward,forward_right,1
235,-27.000,24.500,0.500,0.000,H_y26.0_x-40.0_-20.0_forward_right,H_y26.0_x-40.0_-20.0,H_y26.0_x-40.0_-20.0,right,forward,forward_right,1
236,-26.500,24.500,0.500,0.000,H_y26.0_x-40.0_-20.0_forward_right,H_y26.0_x-40.0_-20.0,H_y26.0_x-40.0_-20.0,right,forward,forward_right,1
237,-26.000,24.500,0.500,0.000,H_y26.0_x-40.0_-20.0_forward_right,H_y26.0_x-40.0_-20.0,H_y26.0_x-40.0_-20.0,right,forward,forward_right,1
238,-25.500,24.500,0.500,0.000,H_y26.0_x-40.0_-20.0_forward_right,H_y26.0_x-40.0_-20.0,H_y26.0_x-40.0_-20.0,right,forward,forward_right,1
239,-25.000,24.500,0.500,0.000,H_y26.0_x-40.0_-20.0_forward_right,H_y26.0_x-40.0_-20.0,H_y26.0_x-40.0_-20.0,right,forward,forward_right,1
240,-24.500,24.500,0.500,0.000,H_y26.0_x-40.0_-20.0_forward_right,H_y26.0_x-40.0_-20.0,H_y26.0_x-40.0_-20.0,right,forward,forward_right,1
241,-24.000,24.500,0.500,0.000,H_y26.0_x-40.0_-20.0_forward_right,H_y26.0_x-40.0_-20.0,H_y26.0_x-40.0_-20.0,right,forward,forward_right,1
242,-23.500,24.500,0.500,0.000,H_y26.0_x-40.0_-20.0_forward_right,H_y26.0_x-40.0_-20.0,H_y26.0_x-40.0_-20.0,right,forward,forward_right,1
243,-23.000,24.500,0.500,0.000,H_y26.0_x-40.0_-20.0_forward_right,H_y26.0_x-40.0_-20.0,H_y26.0_x-40.0_-20.0,right,forward,forward_right,1
244,-22.500,24.500,0.500,0.000,H_y26.0_x-40.0_-20.0_forward_right,H_y26.0_x-40.0_-20.0,H_y26.0_x-40.0_-20.0,right,forward,forward_right,1
245,-22.000,24.500,0.500,0.000,H_y26.0_x-40.0_-20.0_forward_right,H_y26.0_x-40.0_-20.0,H_y26.0_x-40.0_-20.0,right,forward,forward_right,1
246,-21.500,24.500,0.500,0.000,H_y26.0_x-40.0_-20.0_forward_right,H_y26.0_x-40.0_-20.0,H_y26.0_x-40.0_-20.0,right,forward,forward_right,1
247,-21.000,24.500,0.500,0.000,H_y26.0_x-40.0_-20.0_forward_right,H_y26.0_x-40.0_-20.0,H_y26.0_x-40.0_-20.0,right,forward,forward_right,1
248,-20.500,24.500,0.500,0.000,H_y26.0_x-40.0_-20.0_forward_right,H_y26.0_x-40.0_-20.0,H_y26.0_x-40.0_-20.0,right,forward,forward_right,1
249,-20.000,24.500,0.500,0.000,H_y26.0_x-40.0_-20.0_forward_right,H_y26.0_x-40.0_-20.0,H_y26.0_x-40.0_-20.0,right,forward,forward_right,0
250,-20.000,27.500,0.500,180.000,H_y26.0_x-40.0_-20.0_reverse_right,H_y26.0_x-40.0_-20.0,H_y26.0_x-40.0_-20.0,right,reverse,reverse_right,1
251,-20.500,27.500,0.500,180.000,H_y26.0_x-40.0_-20.0_reverse_right,H_y26.0_x-40.0_-20.0,H_y26.0_x-40.0_-20.0,right,reverse,reverse_right,1
252,-21.000,27.500,0.500,180.000,H_y26.0_x-40.0_-20.0_reverse_right,H_y26.0_x-40.0_-20.0,H_y26.0_x-40.0_-20.0,right,reverse,reverse_right,1
253,-21.500,27.500,0.500,180.000,H_y26.0_x-40.0_-20.0_reverse_right,H_y26.0_x-40.0_-20.0,H_y26.0_x-40.0_-20.0,right,reverse,reverse_right,1
254,-22.000,27.500,0.500,180.000,H_y26.0_x-40.0_-20.0_reverse_right,H_y26.0_x-40.0_-20.0,H_y26.0_x-40.0_-20.0,right,reverse,reverse_right,1
255,-22.500,27.500,0.500,180.000,H_y26.0_x-40.0_-20.0_reverse_right,H_y26.0_x-40.0_-20.0,H_y26.0_x-40.0_-20.0,right,reverse,reverse_right,1
256,-23.000,27.500,0.500,180.000,H_y26.0_x-40.0_-20.0_reverse_right,H_y26.0_x-40.0_-20.0,H_y26.0_x-40.0_-20.0,right,reverse,reverse_right,1
257,-23.500,27.500,0.500,180.000,H_y26.0_x-40.0_-20.0_reverse_right,H_y26.0_x-40.0_-20.0,H_y26.0_x-40.0_-20.0,right,reverse,reverse_right,1
258,-24.000,27.500,0.500,180.000,H_y26.0_x-40.0_-20.0_reverse_right,H_y26.0_x-40.0_-20.0,H_y26.0_x-40.0_-20.0,right,reverse,reverse_right,1
259,-24.500,27.500,0.500,180.000,H_y26.0_x-40.0_-20.0_reverse_right,H_y26.0_x-40.0_-20.0,H_y26.0_x-40.0_-20.0,right,reverse,reverse_right,1
260,-25.000,27.500,0.500,180.000,H_y26.0_x-40.0_-20.0_reverse_right,H_y26.0_x-40.0_-20.0,H_y26.0_x-40.0_-20.0,right,reverse,reverse_right,1
261,-25.500,27.500,0.500,180.000,H_y26.0_x-40.0_-20.0_reverse_right,H_y26.0_x-40.0_-20.0,H_y26.0_x-40.0_-20.0,right,reverse,reverse_right,1
262,-26.000,27.500,0.500,180.000,H_y26.0_x-40.0_-20.0_reverse_right,H_y26.0_x-40.0_-20.0,H_y26.0_x-40.0_-20.0,right,reverse,reverse_right,1
263,-26.500,27.500,0.500,180.000,H_y26.0_x-40.0_-20.0_reverse_right,H_y26.0_x-40.0_-20.0,H_y26.0_x-40.0_-20.0,right,reverse,reverse_right,1
264,-27.000,27.500,0.500,180.000,H_y26.0_x-40.0_-20.0_reverse_right,H_y26.0_x-40.0_-20.0,H_y26.0_x-40.0_-20.0,right,reverse,reverse_right,1
265,-27.500,27.500,0.500,180.000,H_y26.0_x-40.0_-20.0_reverse_right,H_y26.0_x-40.0_-20.0,H_y26.0_x-40.0_-20.0,right,reverse,reverse_right,1
266,-28.000,27.500,0.500,180.000,H_y26.0_x-40.0_-20.0_reverse_right,H_y26.0_x-40.0_-20.0,H_y26.0_x-40.0_-20.0,right,reverse,reverse_right,1
267,-28.500,27.500,0.500,180.000,H_y26.0_x-40.0_-20.0_reverse_right,H_y26.0_x-40.0_-20.0,H_y26.0_x-40.0_-20.0,right,reverse,reverse_right,1
268,-29.000,27.500,0.500,180.000,H_y26.0_x-40.0_-20.0_reverse_right,H_y26.0_x-40.0_-20.0,H_y26.0_x-40.0_-20.0,right,reverse,reverse_right,1
269,-29.500,27.500,0.500,180.000,H_y26.0_x-40.0_-20.0_reverse_right,H_y26.0_x-40.0_-20.0,H_y26.0_x-40.0_-20.0,right,reverse,reverse_right,1
270,-30.000,27.500,0.500,180.000,H_y26.0_x-40.0_-20.0_reverse_right,H_y26.0_x-40.0_-20.0,H_y26.0_x-40.0_-20.0,right,reverse,reverse_right,1
271,-30.500,27.500,0.500,180.000,H_y26.0_x-40.0_-20.0_reverse_right,H_y26.0_x-40.0_-20.0,H_y26.0_x-40.0_-20.0,right,reverse,reverse_right,1
272,-31.000,27.500,0.500,180.000,H_y26.0_x-40.0_-20.0_reverse_right,H_y26.0_x-40.0_-20.0,H_y26.0_x-40.0_-20.0,right,reverse,reverse_right,1
273,-31.500,27.500,0.500,180.000,H_y26.0_x-40.0_-20.0_reverse_right,H_y26.0_x-40.0_-20.0,H_y26.0_x-40.0_-20.0,right,reverse,reverse_right,1
274,-32.000,27.500,0.500,180.000,H_y26.0_x-40.0_-20.0_reverse_right,H_y26.0_x-40.0_-20.0,H_y26.0_x-40.0_-20.0,right,reverse,reverse_right,1
275,-32.500,27.500,0.500,180.000,H_y26.0_x-40.0_-20.0_reverse_right,H_y26.0_x-40.0_-20.0,H_y26.0_x-40.0_-20.0,right,reverse,reverse_right,1
276,-33.000,27.500,0.500,180.000,H_y26.0_x-40.0_-20.0_reverse_right,H_y26.0_x-40.0_-20.0,H_y26.0_x-40.0_-20.0,right,reverse,reverse_right,1
277,-33.500,27.500,0.500,180.000,H_y26.0_x-40.0_-20.0_reverse_right,H_y26.0_x-40.0_-20.0,H_y26.0_x-40.0_-20.0,right,reverse,reverse_right,1
278,-34.000,27.500,0.500,180.000,H_y26.0_x-40.0_-20.0_reverse_right,H_y26.0_x-40.0_-20.0,H_y26.0_x-40.0_-20.0,right,reverse,reverse_right,1
279,-34.500,27.500,0.500,180.000,H_y26.0_x-40.0_-20.0_reverse_right,H_y26.0_x-40.0_-20.0,H_y26.0_x-40.0_-20.0,right,reverse,reverse_right,1
280,-35.000,27.500,0.500,180.000,H_y26.0_x-40.0_-20.0_reverse_right,H_y26.0_x-40.0_-20.0,H_y26.0_x-40.0_-20.0,right,reverse,reverse_right,1
281,-35.500,27.500,0.500,180.000,H_y26.0_x-40.0_-20.0_reverse_right,H_y26.0_x-40.0_-20.0,H_y26.0_x-40.0_-20.0,right,reverse,reverse_right,1
282,-36.000,27.500,0.500,180.000,H_y26.0_x-40.0_-20.0_reverse_right,H_y26.0_x-40.0_-20.0,H_y26.0_x-40.0_-20.0,right,reverse,reverse_right,1
283,-36.500,27.500,0.500,180.000,H_y26.0_x-40.0_-20.0_reverse_right,H_y26.0_x-40.0_-20.0,H_y26.0_x-40.0_-20.0,right,reverse,reverse_right,1
284,-37.000,27.500,0.500,180.000,H_y26.0_x-40.0_-20.0_reverse_right,H_y26.0_x-40.0_-20.0,H_y26.0_x-40.0_-20.0,right,reverse,reverse_right,1
285,-37.500,27.500,0.500,180.000,H_y26.0_x-40.0_-20.0_reverse_right,H_y26.0_x-40.0_-20.0,H_y26.0_x-40.0_-20.0,right,reverse,reverse_right,1
286,-38.000,27.500,0.500,180.000,H_y26.0_x-40.0_-20.0_reverse_right,H_y26.0_x-40.0_-20.0,H_y26.0_x-40.0_-20.0,right,reverse,reverse_right,1
287,-38.500,27.500,0.500,180.000,H_y26.0_x-40.0_-20.0_reverse_right,H_y26.0_x-40.0_-20.0,H_y26.0_x-40.0_-20.0,right,reverse,reverse_right,1
288,-39.000,27.500,0.500,180.000,H_y26.0_x-40.0_-20.0_reverse_right,H_y26.0_x-40.0_-20.0,H_y26.0_x-40.0_-20.0,right,reverse,reverse_right,1
289,-39.500,27.500,0.500,180.000,H_y26.0_x-40.0_-20.0_reverse_right,H_y26.0_x-40.0_-20.0,H_y26.0_x-40.0_-20.0,right,reverse,reverse_right,1
290,-40.000,27.500,0.500,180.000,H_y26.0_x-40.0_-20.0_reverse_right,H_y26.0_x-40.0_-20.0,H_y26.0_x-40.0_-20.0,right,reverse,reverse_right,0
291,-41.500,26.000,0.500,-90.000,V_x-40.0_y-3.0_26.0_forward_right,V_x-40.0_y-3.0_26.0,V_x-40.0_y-3.0_26.0,right,forward,forward_right,1
292,-41.500,25.500,0.500,-90.000,V_x-40.0_y-3.0_26.0_forward_right,V_x-40.0_y-3.0_26.0,V_x-40.0_y-3.0_26.0,right,forward,forward_right,1
293,-41.500,25.000,0.500,-90.000,V_x-40.0_y-3.0_26.0_forward_right,V_x-40.0_y-3.0_26.0,V_x-40.0_y-3.0_26.0,right,forward,forward_right,1
294,-41.500,24.500,0.500,-90.000,V_x-40.0_y-3.0_26.0_forward_right,V_x-40.0_y-3.0_26.0,V_x-40.0_y-3.0_26.0,right,forward,forward_right,1
295,-41.500,24.000,0.500,-90.000,V_x-40.0_y-3.0_26.0_forward_right,V_x-40.0_y-3.0_26.0,V_x-40.0_y-3.0_26.0,right,forward,forward_right,1
296,-41.500,23.500,0.500,-90.000,V_x-40.0_y-3.0_26.0_forward_right,V_x-40.0_y-3.0_26.0,V_x-40.0_y-3.0_26.0,right,forward,forward_right,1
297,-41.500,23.000,0.500,-90.000,V_x-40.0_y-3.0_26.0_forward_right,V_x-40.0_y-3.0_26.0,V_x-40.0_y-3.0_26.0,right,forward,forward_right,1
298,-41.500,22.500,0.500,-90.000,V_x-40.0_y-3.0_26.0_forward_right,V_x-40.0_y-3.0_26.0,V_x-40.0_y-3.0_26.0,right,forward,forward_right,1
299,-41.500,22.000,0.500,-90.000,V_x-40.0_y-3.0_26.0_forward_right,V_x-40.0_y-3.0_26.0,V_x-40.0_y-3.0_26.0,right,forward,forward_right,1
300,-41.500,21.500,0.500,-90.000,V_x-40.0_y-3.0_26.0_forward_right,V_x-40.0_y-3.0_26.0,V_x-40.0_y-3.0_26.0,right,forward,forward_right,1
301,-41.500,21.000,0.500,-90.000,V_x-40.0_y-3.0_26.0_forward_right,V_x-40.0_y-3.0_26.0,V_x-40.0_y-3.0_26.0,right,forward,forward_right,1
302,-41.500,20.500,0.500,-90.000,V_x-40.0_y-3.0_26.0_forward_right,V_x-40.0_y-3.0_26.0,V_x-40.0_y-3.0_26.0,right,forward,forward_right,1
303,-41.500,20.000,0.500,-90.000,V_x-40.0_y-3.0_26.0_forward_right,V_x-40.0_y-3.0_26.0,V_x-40.0_y-3.0_26.0,right,forward,forward_right,1
304,-41.500,19.500,0.500,-90.000,V_x-40.0_y-3.0_26.0_forward_right,V_x-40.0_y-3.0_26.0,V_x-40.0_y-3.0_26.0,right,forward,forward_right,1
305,-41.500,19.000,0.500,-90.000,V_x-40.0_y-3.0_26.0_forward_right,V_x-40.0_y-3.0_26.0,V_x-40.0_y-3.0_26.0,right,forward,forward_right,1
306,-41.500,18.500,0.500,-90.000,V_x-40.0_y-3.0_26.0_forward_right,V_x-40.0_y-3.0_26.0,V_x-40.0_y-3.0_26.0,right,forward,forward_right,1
307,-41.500,18.000,0.500,-90.000,V_x-40.0_y-3.0_26.0_forward_right,V_x-40.0_y-3.0_26.0,V_x-40.0_y-3.0_26.0,right,forward,forward_right,1
308,-41.500,17.500,0.500,-90.000,V_x-40.0_y-3.0_26.0_forward_right,V_x-40.0_y-3.0_26.0,V_x-40.0_y-3.0_26.0,right,forward,forward_right,1
309,-41.500,17.000,0.500,-90.000,V_x-40.0_y-3.0_26.0_forward_right,V_x-40.0_y-3.0_26.0,V_x-40.0_y-3.0_26.0,right,forward,forward_right,1
310,-41.500,16.500,0.500,-90.000,V_x-40.0_y-3.0_26.0_forward_right,V_x-40.0_y-3.0_26.0,V_x-40.0_y-3.0_26.0,right,forward,forward_right,1
311,-41.500,16.000,0.500,-90.000,V_x-40.0_y-3.0_26.0_forward_right,V_x-40.0_y-3.0_26.0,V_x-40.0_y-3.0_26.0,right,forward,forward_right,1
312,-41.500,15.500,0.500,-90.000,V_x-40.0_y-3.0_26.0_forward_right,V_x-40.0_y-3.0_26.0,V_x-40.0_y-3.0_26.0,right,forward,forward_right,1
313,-41.500,15.000,0.500,-90.000,V_x-40.0_y-3.0_26.0_forward_right,V_x-40.0_y-3.0_26.0,V_x-40.0_y-3.0_26.0,right,forward,forward_right,1
314,-41.500,14.500,0.500,-90.000,V_x-40.0_y-3.0_26.0_forward_right,V_x-40.0_y-3.0_26.0,V_x-40.0_y-3.0_26.0,right,forward,forward_right,1
315,-41.500,14.000,0.500,-90.000,V_x-40.0_y-3.0_26.0_forward_right,V_x-40.0_y-3.0_26.0,V_x-40.0_y-3.0_26.0,right,forward,forward_right,1
316,-41.500,13.500,0.500,-90.000,V_x-40.0_y-3.0_26.0_forward_right,V_x-40.0_y-3.0_26.0,V_x-40.0_y-3.0_26.0,right,forward,forward_right,1
317,-41.500,13.000,0.500,-90.000,V_x-40.0_y-3.0_26.0_forward_right,V_x-40.0_y-3.0_26.0,V_x-40.0_y-3.0_26.0,right,forward,forward_right,1
318,-41.500,12.500,0.500,-90.000,V_x-40.0_y-3.0_26.0_forward_right,V_x-40.0_y-3.0_26.0,V_x-40.0_y-3.0_26.0,right,forward,forward_right,1
319,-41.500,12.000,0.500,-90.000,V_x-40.0_y-3.0_26.0_forward_right,V_x-40.0_y-3.0_26.0,V_x-40.0_y-3.0_26.0,right,forward,forward_right,1
320,-41.500,11.500,0.500,-90.000,V_x-40.0_y-3.0_26.0_forward_right,V_x-40.0_y-3.0_26.0,V_x-40.0_y-3.0_26.0,right,forward,forward_right,1
321,-41.500,11.000,0.500,-90.000,V_x-40.0_y-3.0_26.0_forward_right,V_x-40.0_y-3.0_26.0,V_x-40.0_y-3.0_26.0,right,forward,forward_right,1
322,-41.500,10.500,0.500,-90.000,V_x-40.0_y-3.0_26.0_forward_right,V_x-40.0_y-3.0_26.0,V_x-40.0_y-3.0_26.0,right,forward,forward_right,1
323,-41.500,10.000,0.500,-90.000,V_x-40.0_y-3.0_26.0_forward_right,V_x-40.0_y-3.0_26.0,V_x-40.0_y-3.0_26.0,right,forward,forward_right,1
324,-41.500,9.500,0.500,-90.000,V_x-40.0_y-3.0_26.0_forward_right,V_x-40.0_y-3.0_26.0,V_x-40.0_y-3.0_26.0,right,forward,forward_right,1
325,-41.500,9.000,0.500,-90.000,V_x-40.0_y-3.0_26.0_forward_right,V_x-40.0_y-3.0_26.0,V_x-40.0_y-3.0_26.0,right,forward,forward_right,1
326,-41.500,8.500,0.500,-90.000,V_x-40.0_y-3.0_26.0_forward_right,V_x-40.0_y-3.0_26.0,V_x-40.0_y-3.0_26.0,right,forward,forward_right,1
327,-41.500,8.000,0.500,-90.000,V_x-40.0_y-3.0_26.0_forward_right,V_x-40.0_y-3.0_26.0,V_x-40.0_y-3.0_26.0,right,forward,forward_right,1
328,-41.500,7.500,0.500,-90.000,V_x-40.0_y-3.0_26.0_forward_right,V_x-40.0_y-3.0_26.0,V_x-40.0_y-3.0_26.0,right,forward,forward_right,1
329,-41.500,7.000,0.500,-90.000,V_x-40.0_y-3.0_26.0_forward_right,V_x-40.0_y-3.0_26.0,V_x-40.0_y-3.0_26.0,right,forward,forward_right,1
330,-41.500,6.500,0.500,-90.000,V_x-40.0_y-3.0_26.0_forward_right,V_x-40.0_y-3.0_26.0,V_x-40.0_y-3.0_26.0,right,forward,forward_right,1
331,-41.500,6.000,0.500,-90.000,V_x-40.0_y-3.0_26.0_forward_right,V_x-40.0_y-3.0_26.0,V_x-40.0_y-3.0_26.0,right,forward,forward_right,1
332,-41.500,5.500,0.500,-90.000,V_x-40.0_y-3.0_26.0_forward_right,V_x-40.0_y-3.0_26.0,V_x-40.0_y-3.0_26.0,right,forward,forward_right,1
333,-41.500,5.000,0.500,-90.000,V_x-40.0_y-3.0_26.0_forward_right,V_x-40.0_y-3.0_26.0,V_x-40.0_y-3.0_26.0,right,forward,forward_right,1
334,-41.500,4.500,0.500,-90.000,V_x-40.0_y-3.0_26.0_forward_right,V_x-40.0_y-3.0_26.0,V_x-40.0_y-3.0_26.0,right,forward,forward_right,1
335,-41.500,4.000,0.500,-90.000,V_x-40.0_y-3.0_26.0_forward_right,V_x-40.0_y-3.0_26.0,V_x-40.0_y-3.0_26.0,right,forward,forward_right,1
336,-41.500,3.500,0.500,-90.000,V_x-40.0_y-3.0_26.0_forward_right,V_x-40.0_y-3.0_26.0,V_x-40.0_y-3.0_26.0,right,forward,forward_right,1
337,-41.500,3.000,0.500,-90.000,V_x-40.0_y-3.0_26.0_forward_right,V_x-40.0_y-3.0_26.0,V_x-40.0_y-3.0_26.0,right,forward,forward_right,1
338,-41.500,2.500,0.500,-90.000,V_x-40.0_y-3.0_26.0_forward_right,V_x-40.0_y-3.0_26.0,V_x-40.0_y-3.0_26.0,right,forward,forward_right,1
339,-41.500,2.000,0.500,-90.000,V_x-40.0_y-3.0_26.0_forward_right,V_x-40.0_y-3.0_26.0,V_x-40.0_y-3.0_26.0,right,forward,forward_right,1
340,-41.500,1.500,0.500,-90.000,V_x-40.0_y-3.0_26.0_forward_right,V_x-40.0_y-3.0_26.0,V_x-40.0_y-3.0_26.0,right,forward,forward_right,1
341,-41.500,1.000,0.500,-90.000,V_x-40.0_y-3.0_26.0_forward_right,V_x-40.0_y-3.0_26.0,V_x-40.0_y-3.0_26.0,right,forward,forward_right,1
342,-41.500,0.500,0.500,-90.000,V_x-40.0_y-3.0_26.0_forward_right,V_x-40.0_y-3.0_26.0,V_x-40.0_y-3.0_26.0,right,forward,forward_right,1
343,-41.500,-0.000,0.500,-90.000,V_x-40.0_y-3.0_26.0_forward_right,V_x-40.0_y-3.0_26.0,V_x-40.0_y-3.0_26.0,right,forward,forward_right,1
344,-41.500,-0.500,0.500,-90.000,V_x-40.0_y-3.0_26.0_forward_right,V_x-40.0_y-3.0_26.0,V_x-40.0_y-3.0_26.0,right,forward,forward_right,1
345,-41.500,-1.000,0.500,-90.000,V_x-40.0_y-3.0_26.0_forward_right,V_x-40.0_y-3.0_26.0,V_x-40.0_y-3.0_26.0,right,forward,forward_right,1
346,-41.500,-1.500,0.500,-90.000,V_x-40.0_y-3.0_26.0_forward_right,V_x-40.0_y-3.0_26.0,V_x-40.0_y-3.0_26.0,right,forward,forward_right,1
347,-41.500,-2.000,0.500,-90.000,V_x-40.0_y-3.0_26.0_forward_right,V_x-40.0_y-3.0_26.0,V_x-40.0_y-3.0_26.0,right,forward,forward_right,1
348,-41.500,-2.500,0.500,-90.000,V_x-40.0_y-3.0_26.0_forward_right,V_x-40.0_y-3.0_26.0,V_x-40.0_y-3.0_26.0,right,forward,forward_right,1
349,-41.500,-3.000,0.500,-90.000,V_x-40.0_y-3.0_26.0_forward_right,V_x-40.0_y-3.0_26.0,V_x-40.0_y-3.0_26.0,right,forward,forward_right,0
350,-38.500,-3.000,0.500,90.000,V_x-40.0_y-3.0_26.0_reverse_right,V_x-40.0_y-3.0_26.0,V_x-40.0_y-3.0_26.0,right,reverse,reverse_right,1
351,-38.500,-2.500,0.500,90.000,V_x-40.0_y-3.0_26.0_reverse_right,V_x-40.0_y-3.0_26.0,V_x-40.0_y-3.0_26.0,right,reverse,reverse_right,1
352,-38.500,-2.000,0.500,90.000,V_x-40.0_y-3.0_26.0_reverse_right,V_x-40.0_y-3.0_26.0,V_x-40.0_y-3.0_26.0,right,reverse,reverse_right,1
353,-38.500,-1.500,0.500,90.000,V_x-40.0_y-3.0_26.0_reverse_right,V_x-40.0_y-3.0_26.0,V_x-40.0_y-3.0_26.0,right,reverse,reverse_right,1
354,-38.500,-1.000,0.500,90.000,V_x-40.0_y-3.0_26.0_reverse_right,V_x-40.0_y-3.0_26.0,V_x-40.0_y-3.0_26.0,right,reverse,reverse_right,1
355,-38.500,-0.500,0.500,90.000,V_x-40.0_y-3.0_26.0_reverse_right,V_x-40.0_y-3.0_26.0,V_x-40.0_y-3.0_26.0,right,reverse,reverse_right,1
356,-38.500,-0.000,0.500,90.000,V_x-40.0_y-3.0_26.0_reverse_right,V_x-40.0_y-3.0_26.0,V_x-40.0_y-3.0_26.0,right,reverse,reverse_right,1
357,-38.500,0.500,0.500,90.000,V_x-40.0_y-3.0_26.0_reverse_right,V_x-40.0_y-3.0_26.0,V_x-40.0_y-3.0_26.0,right,reverse,reverse_right,1
358,-38.500,1.000,0.500,90.000,V_x-40.0_y-3.0_26.0_reverse_right,V_x-40.0_y-3.0_26.0,V_x-40.0_y-3.0_26.0,right,reverse,reverse_right,1
359,-38.500,1.500,0.500,90.000,V_x-40.0_y-3.0_26.0_reverse_right,V_x-40.0_y-3.0_26.0,V_x-40.0_y-3.0_26.0,right,reverse,reverse_right,1
360,-38.500,2.000,0.500,90.000,V_x-40.0_y-3.0_26.0_reverse_right,V_x-40.0_y-3.0_26.0,V_x-40.0_y-3.0_26.0,right,reverse,reverse_right,1
361,-38.500,2.500,0.500,90.000,V_x-40.0_y-3.0_26.0_reverse_right,V_x-40.0_y-3.0_26.0,V_x-40.0_y-3.0_26.0,right,reverse,reverse_right,1
362,-38.500,3.000,0.500,90.000,V_x-40.0_y-3.0_26.0_reverse_right,V_x-40.0_y-3.0_26.0,V_x-40.0_y-3.0_26.0,right,reverse,reverse_right,1
363,-38.500,3.500,0.500,90.000,V_x-40.0_y-3.0_26.0_reverse_right,V_x-40.0_y-3.0_26.0,V_x-40.0_y-3.0_26.0,right,reverse,reverse_right,1
364,-38.500,4.000,0.500,90.000,V_x-40.0_y-3.0_26.0_reverse_right,V_x-40.0_y-3.0_26.0,V_x-40.0_y-3.0_26.0,right,reverse,reverse_right,1
365,-38.500,4.500,0.500,90.000,V_x-40.0_y-3.0_26.0_reverse_right,V_x-40.0_y-3.0_26.0,V_x-40.0_y-3.0_26.0,right,reverse,reverse_right,1
366,-38.500,5.000,0.500,90.000,V_x-40.0_y-3.0_26.0_reverse_right,V_x-40.0_y-3.0_26.0,V_x-40.0_y-3.0_26.0,right,reverse,reverse_right,1
367,-38.500,5.500,0.500,90.000,V_x-40.0_y-3.0_26.0_reverse_right,V_x-40.0_y-3.0_26.0,V_x-40.0_y-3.0_26.0,right,reverse,reverse_right,1
368,-38.500,6.000,0.500,90.000,V_x-40.0_y-3.0_26.0_reverse_right,V_x-40.0_y-3.0_26.0,V_x-40.0_y-3.0_26.0,right,reverse,reverse_right,1
369,-38.500,6.500,0.500,90.000,V_x-40.0_y-3.0_26.0_reverse_right,V_x-40.0_y-3.0_26.0,V_x-40.0_y-3.0_26.0,right,reverse,reverse_right,1
370,-38.500,7.000,0.500,90.000,V_x-40.0_y-3.0_26.0_reverse_right,V_x-40.0_y-3.0_26.0,V_x-40.0_y-3.0_26.0,right,reverse,reverse_right,1
371,-38.500,7.500,0.500,90.000,V_x-40.0_y-3.0_26.0_reverse_right,V_x-40.0_y-3.0_26.0,V_x-40.0_y-3.0_26.0,right,reverse,reverse_right,1
372,-38.500,8.000,0.500,90.000,V_x-40.0_y-3.0_26.0_reverse_right,V_x-40.0_y-3.0_26.0,V_x-40.0_y-3.0_26.0,right,reverse,reverse_right,1
373,-38.500,8.500,0.500,90.000,V_x-40.0_y-3.0_26.0_reverse_right,V_x-40.0_y-3.0_26.0,V_x-40.0_y-3.0_26.0,right,reverse,reverse_right,1
374,-38.500,9.000,0.500,90.000,V_x-40.0_y-3.0_26.0_reverse_right,V_x-40.0_y-3.0_26.0,V_x-40.0_y-3.0_26.0,right,reverse,reverse_right,1
375,-38.500,9.500,0.500,90.000,V_x-40.0_y-3.0_26.0_reverse_right,V_x-40.0_y-3.0_26.0,V_x-40.0_y-3.0_26.0,right,reverse,reverse_right,1
376,-38.500,10.000,0.500,90.000,V_x-40.0_y-3.0_26.0_reverse_right,V_x-40.0_y-3.0_26.0,V_x-40.0_y-3.0_26.0,right,reverse,reverse_right,1
377,-38.500,10.500,0.500,90.000,V_x-40.0_y-3.0_26.0_reverse_right,V_x-40.0_y-3.0_26.0,V_x-40.0_y-3.0_26.0,right,reverse,reverse_right,1
378,-38.500,11.000,0.500,90.000,V_x-40.0_y-3.0_26.0_reverse_right,V_x-40.0_y-3.0_26.0,V_x-40.0_y-3.0_26.0,right,reverse,reverse_right,1
379,-38.500,11.500,0.500,90.000,V_x-40.0_y-3.0_26.0_reverse_right,V_x-40.0_y-3.0_26.0,V_x-40.0_y-3.0_26.0,right,reverse,reverse_right,1
380,-38.500,12.000,0.500,90.000,V_x-40.0_y-3.0_26.0_reverse_right,V_x-40.0_y-3.0_26.0,V_x-40.0_y-3.0_26.0,right,reverse,reverse_right,1
381,-38.500,12.500,0.500,90.000,V_x-40.0_y-3.0_26.0_reverse_right,V_x-40.0_y-3.0_26.0,V_x-40.0_y-3.0_26.0,right,reverse,reverse_right,1
382,-38.500,13.000,0.500,90.000,V_x-40.0_y-3.0_26.0_reverse_right,V_x-40.0_y-3.0_26.0,V_x-40.0_y-3.0_26.0,right,reverse,reverse_right,1
383,-38.500,13.500,0.500,90.000,V_x-40.0_y-3.0_26.0_reverse_right,V_x-40.0_y-3.0_26.0,V_x-40.0_y-3.0_26.0,right,reverse,reverse_right,1
384,-38.500,14.000,0.500,90.000,V_x-40.0_y-3.0_26.0_reverse_right,V_x-40.0_y-3.0_26.0,V_x-40.0_y-3.0_26.0,right,reverse,reverse_right,1
385,-38.500,14.500,0.500,90.000,V_x-40.0_y-3.0_26.0_reverse_right,V_x-40.0_y-3.0_26.0,V_x-40.0_y-3.0_26.0,right,reverse,reverse_right,1
386,-38.500,15.000,0.500,90.000,V_x-40.0_y-3.0_26.0_reverse_right,V_x-40.0_y-3.0_26.0,V_x-40.0_y-3.0_26.0,right,reverse,reverse_right,1
387,-38.500,15.500,0.500,90.000,V_x-40.0_y-3.0_26.0_reverse_right,V_x-40.0_y-3.0_26.0,V_x-40.0_y-3.0_26.0,right,reverse,reverse_right,1
388,-38.500,16.000,0.500,90.000,V_x-40.0_y-3.0_26.0_reverse_right,V_x-40.0_y-3.0_26.0,V_x-40.0_y-3.0_26.0,right,reverse,reverse_right,1
389,-38.500,16.500,0.500,90.000,V_x-40.0_y-3.0_26.0_reverse_right,V_x-40.0_y-3.0_26.0,V_x-40.0_y-3.0_26.0,right,reverse,reverse_right,1
390,-38.500,17.000,0.500,90.000,V_x-40.0_y-3.0_26.0_reverse_right,V_x-40.0_y-3.0_26.0,V_x-40.0_y-3.0_26.0,right,reverse,reverse_right,1
391,-38.500,17.500,0.500,90.000,V_x-40.0_y-3.0_26.0_reverse_right,V_x-40.0_y-3.0_26.0,V_x-40.0_y-3.0_26.0,right,reverse,reverse_right,1
392,-38.500,18.000,0.500,90.000,V_x-40.0_y-3.0_26.0_reverse_right,V_x-40.0_y-3.0_26.0,V_x-40.0_y-3.0_26.0,right,reverse,reverse_right,1
393,-38.500,18.500,0.500,90.000,V_x-40.0_y-3.0_26.0_reverse_right,V_x-40.0_y-3.0_26.0,V_x-40.0_y-3.0_26.0,right,reverse,reverse_right,1
394,-38.500,19.000,0.500,90.000,V_x-40.0_y-3.0_26.0_reverse_right,V_x-40.0_y-3.0_26.0,V_x-40.0_y-3.0_26.0,right,reverse,reverse_right,1
395,-38.500,19.500,0.500,90.000,V_x-40.0_y-3.0_26.0_reverse_right,V_x-40.0_y-3.0_26.0,V_x-40.0_y-3.0_26.0,right,reverse,reverse_right,1
396,-38.500,20.000,0.500,90.000,V_x-40.0_y-3.0_26.0_reverse_right,V_x-40.0_y-3.0_26.0,V_x-40.0_y-3.0_26.0,right,reverse,reverse_right,1
397,-38.500,20.500,0.500,90.000,V_x-40.0_y-3.0_26.0_reverse_right,V_x-40.0_y-3.0_26.0,V_x-40.0_y-3.0_26.0,right,reverse,reverse_right,1
398,-38.500,21.000,0.500,90.000,V_x-40.0_y-3.0_26.0_reverse_right,V_x-40.0_y-3.0_26.0,V_x-40.0_y-3.0_26.0,right,reverse,reverse_right,1
399,-38.500,21.500,0.500,90.000,V_x-40.0_y-3.0_26.0_reverse_right,V_x-40.0_y-3.0_26.0,V_x-40.0_y-3.0_26.0,right,reverse,reverse_right,1
400,-38.500,22.000,0.500,90.000,V_x-40.0_y-3.0_26.0_reverse_right,V_x-40.0_y-3.0_26.0,V_x-40.0_y-3.0_26.0,right,reverse,reverse_right,1
401,-38.500,22.500,0.500,90.000,V_x-40.0_y-3.0_26.0_reverse_right,V_x-40.0_y-3.0_26.0,V_x-40.0_y-3.0_26.0,right,reverse,reverse_right,1
402,-38.500,23.000,0.500,90.000,V_x-40.0_y-3.0_26.0_reverse_right,V_x-40.0_y-3.0_26.0,V_x-40.0_y-3.0_26.0,right,reverse,reverse_right,1
403,-38.500,23.500,0.500,90.000,V_x-40.0_y-3.0_26.0_reverse_right,V_x-40.0_y-3.0_26.0,V_x-40.0_y-3.0_26.0,right,reverse,reverse_right,1
404,-38.500,24.000,0.500,90.000,V_x-40.0_y-3.0_26.0_reverse_right,V_x-40.0_y-3.0_26.0,V_x-40.0_y-3.0_26.0,right,reverse,reverse_right,1
405,-38.500,24.500,0.500,90.000,V_x-40.0_y-3.0_26.0_reverse_right,V_x-40.0_y-3.0_26.0,V_x-40.0_y-3.0_26.0,right,reverse,reverse_right,1
406,-38.500,25.000,0.500,90.000,V_x-40.0_y-3.0_26.0_reverse_right,V_x-40.0_y-3.0_26.0,V_x-40.0_y-3.0_26.0,right,reverse,reverse_right,1
407,-38.500,25.500,0.500,90.000,V_x-40.0_y-3.0_26.0_reverse_right,V_x-40.0_y-3.0_26.0,V_x-40.0_y-3.0_26.0,right,reverse,reverse_right,1
408,-38.500,26.000,0.500,90.000,V_x-40.0_y-3.0_26.0_reverse_right,V_x-40.0_y-3.0_26.0,V_x-40.0_y-3.0_26.0,right,reverse,reverse_right,0
409,-40.000,-4.500,0.500,0.000,H_y-3.0_x-40.0_-20.0_forward_right,H_y-3.0_x-40.0_-20.0,H_y-3.0_x-40.0_-20.0,right,forward,forward_right,1
410,-39.500,-4.500,0.500,0.000,H_y-3.0_x-40.0_-20.0_forward_right,H_y-3.0_x-40.0_-20.0,H_y-3.0_x-40.0_-20.0,right,forward,forward_right,1
411,-39.000,-4.500,0.500,0.000,H_y-3.0_x-40.0_-20.0_forward_right,H_y-3.0_x-40.0_-20.0,H_y-3.0_x-40.0_-20.0,right,forward,forward_right,1
412,-38.500,-4.500,0.500,0.000,H_y-3.0_x-40.0_-20.0_forward_right,H_y-3.0_x-40.0_-20.0,H_y-3.0_x-40.0_-20.0,right,forward,forward_right,1
413,-38.000,-4.500,0.500,0.000,H_y-3.0_x-40.0_-20.0_forward_right,H_y-3.0_x-40.0_-20.0,H_y-3.0_x-40.0_-20.0,right,forward,forward_right,1
414,-37.500,-4.500,0.500,0.000,H_y-3.0_x-40.0_-20.0_forward_right,H_y-3.0_x-40.0_-20.0,H_y-3.0_x-40.0_-20.0,right,forward,forward_right,1
415,-37.000,-4.500,0.500,0.000,H_y-3.0_x-40.0_-20.0_forward_right,H_y-3.0_x-40.0_-20.0,H_y-3.0_x-40.0_-20.0,right,forward,forward_right,1
416,-36.500,-4.500,0.500,0.000,H_y-3.0_x-40.0_-20.0_forward_right,H_y-3.0_x-40.0_-20.0,H_y-3.0_x-40.0_-20.0,right,forward,forward_right,1
417,-36.000,-4.500,0.500,0.000,H_y-3.0_x-40.0_-20.0_forward_right,H_y-3.0_x-40.0_-20.0,H_y-3.0_x-40.0_-20.0,right,forward,forward_right,1
418,-35.500,-4.500,0.500,0.000,H_y-3.0_x-40.0_-20.0_forward_right,H_y-3.0_x-40.0_-20.0,H_y-3.0_x-40.0_-20.0,right,forward,forward_right,1
419,-35.000,-4.500,0.500,0.000,H_y-3.0_x-40.0_-20.0_forward_right,H_y-3.0_x-40.0_-20.0,H_y-3.0_x-40.0_-20.0,right,forward,forward_right,1
420,-34.500,-4.500,0.500,0.000,H_y-3.0_x-40.0_-20.0_forward_right,H_y-3.0_x-40.0_-20.0,H_y-3.0_x-40.0_-20.0,right,forward,forward_right,1
421,-34.000,-4.500,0.500,0.000,H_y-3.0_x-40.0_-20.0_forward_right,H_y-3.0_x-40.0_-20.0,H_y-3.0_x-40.0_-20.0,right,forward,forward_right,1
422,-33.500,-4.500,0.500,0.000,H_y-3.0_x-40.0_-20.0_forward_right,H_y-3.0_x-40.0_-20.0,H_y-3.0_x-40.0_-20.0,right,forward,forward_right,1
423,-33.000,-4.500,0.500,0.000,H_y-3.0_x-40.0_-20.0_forward_right,H_y-3.0_x-40.0_-20.0,H_y-3.0_x-40.0_-20.0,right,forward,forward_right,1
424,-32.500,-4.500,0.500,0.000,H_y-3.0_x-40.0_-20.0_forward_right,H_y-3.0_x-40.0_-20.0,H_y-3.0_x-40.0_-20.0,right,forward,forward_right,1
425,-32.000,-4.500,0.500,0.000,H_y-3.0_x-40.0_-20.0_forward_right,H_y-3.0_x-40.0_-20.0,H_y-3.0_x-40.0_-20.0,right,forward,forward_right,1
426,-31.500,-4.500,0.500,0.000,H_y-3.0_x-40.0_-20.0_forward_right,H_y-3.0_x-40.0_-20.0,H_y-3.0_x-40.0_-20.0,right,forward,forward_right,1
427,-31.000,-4.500,0.500,0.000,H_y-3.0_x-40.0_-20.0_forward_right,H_y-3.0_x-40.0_-20.0,H_y-3.0_x-40.0_-20.0,right,forward,forward_right,1
428,-30.500,-4.500,0.500,0.000,H_y-3.0_x-40.0_-20.0_forward_right,H_y-3.0_x-40.0_-20.0,H_y-3.0_x-40.0_-20.0,right,forward,forward_right,1
429,-30.000,-4.500,0.500,0.000,H_y-3.0_x-40.0_-20.0_forward_right,H_y-3.0_x-40.0_-20.0,H_y-3.0_x-40.0_-20.0,right,forward,forward_right,1
430,-29.500,-4.500,0.500,0.000,H_y-3.0_x-40.0_-20.0_forward_right,H_y-3.0_x-40.0_-20.0,H_y-3.0_x-40.0_-20.0,right,forward,forward_right,1
431,-29.000,-4.500,0.500,0.000,H_y-3.0_x-40.0_-20.0_forward_right,H_y-3.0_x-40.0_-20.0,H_y-3.0_x-40.0_-20.0,right,forward,forward_right,1
432,-28.500,-4.500,0.500,0.000,H_y-3.0_x-40.0_-20.0_forward_right,H_y-3.0_x-40.0_-20.0,H_y-3.0_x-40.0_-20.0,right,forward,forward_right,1
433,-28.000,-4.500,0.500,0.000,H_y-3.0_x-40.0_-20.0_forward_right,H_y-3.0_x-40.0_-20.0,H_y-3.0_x-40.0_-20.0,right,forward,forward_right,1
434,-27.500,-4.500,0.500,0.000,H_y-3.0_x-40.0_-20.0_forward_right,H_y-3.0_x-40.0_-20.0,H_y-3.0_x-40.0_-20.0,right,forward,forward_right,1
435,-27.000,-4.500,0.500,0.000,H_y-3.0_x-40.0_-20.0_forward_right,H_y-3.0_x-40.0_-20.0,H_y-3.0_x-40.0_-20.0,right,forward,forward_right,1
436,-26.500,-4.500,0.500,0.000,H_y-3.0_x-40.0_-20.0_forward_right,H_y-3.0_x-40.0_-20.0,H_y-3.0_x-40.0_-20.0,right,forward,forward_right,1
437,-26.000,-4.500,0.500,0.000,H_y-3.0_x-40.0_-20.0_forward_right,H_y-3.0_x-40.0_-20.0,H_y-3.0_x-40.0_-20.0,right,forward,forward_right,1
438,-25.500,-4.500,0.500,0.000,H_y-3.0_x-40.0_-20.0_forward_right,H_y-3.0_x-40.0_-20.0,H_y-3.0_x-40.0_-20.0,right,forward,forward_right,1
439,-25.000,-4.500,0.500,0.000,H_y-3.0_x-40.0_-20.0_forward_right,H_y-3.0_x-40.0_-20.0,H_y-3.0_x-40.0_-20.0,right,forward,forward_right,1
440,-24.500,-4.500,0.500,0.000,H_y-3.0_x-40.0_-20.0_forward_right,H_y-3.0_x-40.0_-20.0,H_y-3.0_x-40.0_-20.0,right,forward,forward_right,1
441,-24.000,-4.500,0.500,0.000,H_y-3.0_x-40.0_-20.0_forward_right,H_y-3.0_x-40.0_-20.0,H_y-3.0_x-40.0_-20.0,right,forward,forward_right,1
442,-23.500,-4.500,0.500,0.000,H_y-3.0_x-40.0_-20.0_forward_right,H_y-3.0_x-40.0_-20.0,H_y-3.0_x-40.0_-20.0,right,forward,forward_right,1
443,-23.000,-4.500,0.500,0.000,H_y-3.0_x-40.0_-20.0_forward_right,H_y-3.0_x-40.0_-20.0,H_y-3.0_x-40.0_-20.0,right,forward,forward_right,1
444,-22.500,-4.500,0.500,0.000,H_y-3.0_x-40.0_-20.0_forward_right,H_y-3.0_x-40.0_-20.0,H_y-3.0_x-40.0_-20.0,right,forward,forward_right,1
445,-22.000,-4.500,0.500,0.000,H_y-3.0_x-40.0_-20.0_forward_right,H_y-3.0_x-40.0_-20.0,H_y-3.0_x-40.0_-20.0,right,forward,forward_right,1
446,-21.500,-4.500,0.500,0.000,H_y-3.0_x-40.0_-20.0_forward_right,H_y-3.0_x-40.0_-20.0,H_y-3.0_x-40.0_-20.0,right,forward,forward_right,1
447,-21.000,-4.500,0.500,0.000,H_y-3.0_x-40.0_-20.0_forward_right,H_y-3.0_x-40.0_-20.0,H_y-3.0_x-40.0_-20.0,right,forward,forward_right,1
448,-20.500,-4.500,0.500,0.000,H_y-3.0_x-40.0_-20.0_forward_right,H_y-3.0_x-40.0_-20.0,H_y-3.0_x-40.0_-20.0,right,forward,forward_right,1
449,-20.000,-4.500,0.500,0.000,H_y-3.0_x-40.0_-20.0_forward_right,H_y-3.0_x-40.0_-20.0,H_y-3.0_x-40.0_-20.0,right,forward,forward_right,0
450,-20.000,-1.500,0.500,180.000,H_y-3.0_x-40.0_-20.0_reverse_right,H_y-3.0_x-40.0_-20.0,H_y-3.0_x-40.0_-20.0,right,reverse,reverse_right,1
451,-20.500,-1.500,0.500,180.000,H_y-3.0_x-40.0_-20.0_reverse_right,H_y-3.0_x-40.0_-20.0,H_y-3.0_x-40.0_-20.0,right,reverse,reverse_right,1
452,-21.000,-1.500,0.500,180.000,H_y-3.0_x-40.0_-20.0_reverse_right,H_y-3.0_x-40.0_-20.0,H_y-3.0_x-40.0_-20.0,right,reverse,reverse_right,1
453,-21.500,-1.500,0.500,180.000,H_y-3.0_x-40.0_-20.0_reverse_right,H_y-3.0_x-40.0_-20.0,H_y-3.0_x-40.0_-20.0,right,reverse,reverse_right,1
454,-22.000,-1.500,0.500,180.000,H_y-3.0_x-40.0_-20.0_reverse_right,H_y-3.0_x-40.0_-20.0,H_y-3.0_x-40.0_-20.0,right,reverse,reverse_right,1
455,-22.500,-1.500,0.500,180.000,H_y-3.0_x-40.0_-20.0_reverse_right,H_y-3.0_x-40.0_-20.0,H_y-3.0_x-40.0_-20.0,right,reverse,reverse_right,1
456,-23.000,-1.500,0.500,180.000,H_y-3.0_x-40.0_-20.0_reverse_right,H_y-3.0_x-40.0_-20.0,H_y-3.0_x-40.0_-20.0,right,reverse,reverse_right,1
457,-23.500,-1.500,0.500,180.000,H_y-3.0_x-40.0_-20.0_reverse_right,H_y-3.0_x-40.0_-20.0,H_y-3.0_x-40.0_-20.0,right,reverse,reverse_right,1
458,-24.000,-1.500,0.500,180.000,H_y-3.0_x-40.0_-20.0_reverse_right,H_y-3.0_x-40.0_-20.0,H_y-3.0_x-40.0_-20.0,right,reverse,reverse_right,1
459,-24.500,-1.500,0.500,180.000,H_y-3.0_x-40.0_-20.0_reverse_right,H_y-3.0_x-40.0_-20.0,H_y-3.0_x-40.0_-20.0,right,reverse,reverse_right,1
460,-25.000,-1.500,0.500,180.000,H_y-3.0_x-40.0_-20.0_reverse_right,H_y-3.0_x-40.0_-20.0,H_y-3.0_x-40.0_-20.0,right,reverse,reverse_right,1
461,-25.500,-1.500,0.500,180.000,H_y-3.0_x-40.0_-20.0_reverse_right,H_y-3.0_x-40.0_-20.0,H_y-3.0_x-40.0_-20.0,right,reverse,reverse_right,1
462,-26.000,-1.500,0.500,180.000,H_y-3.0_x-40.0_-20.0_reverse_right,H_y-3.0_x-40.0_-20.0,H_y-3.0_x-40.0_-20.0,right,reverse,reverse_right,1
463,-26.500,-1.500,0.500,180.000,H_y-3.0_x-40.0_-20.0_reverse_right,H_y-3.0_x-40.0_-20.0,H_y-3.0_x-40.0_-20.0,right,reverse,reverse_right,1
464,-27.000,-1.500,0.500,180.000,H_y-3.0_x-40.0_-20.0_reverse_right,H_y-3.0_x-40.0_-20.0,H_y-3.0_x-40.0_-20.0,right,reverse,reverse_right,1
465,-27.500,-1.500,0.500,180.000,H_y-3.0_x-40.0_-20.0_reverse_right,H_y-3.0_x-40.0_-20.0,H_y-3.0_x-40.0_-20.0,right,reverse,reverse_right,1
466,-28.000,-1.500,0.500,180.000,H_y-3.0_x-40.0_-20.0_reverse_right,H_y-3.0_x-40.0_-20.0,H_y-3.0_x-40.0_-20.0,right,reverse,reverse_right,1
467,-28.500,-1.500,0.500,180.000,H_y-3.0_x-40.0_-20.0_reverse_right,H_y-3.0_x-40.0_-20.0,H_y-3.0_x-40.0_-20.0,right,reverse,reverse_right,1
468,-29.000,-1.500,0.500,180.000,H_y-3.0_x-40.0_-20.0_reverse_right,H_y-3.0_x-40.0_-20.0,H_y-3.0_x-40.0_-20.0,right,reverse,reverse_right,1
469,-29.500,-1.500,0.500,180.000,H_y-3.0_x-40.0_-20.0_reverse_right,H_y-3.0_x-40.0_-20.0,H_y-3.0_x-40.0_-20.0,right,reverse,reverse_right,1
470,-30.000,-1.500,0.500,180.000,H_y-3.0_x-40.0_-20.0_reverse_right,H_y-3.0_x-40.0_-20.0,H_y-3.0_x-40.0_-20.0,right,reverse,reverse_right,1
471,-30.500,-1.500,0.500,180.000,H_y-3.0_x-40.0_-20.0_reverse_right,H_y-3.0_x-40.0_-20.0,H_y-3.0_x-40.0_-20.0,right,reverse,reverse_right,1
472,-31.000,-1.500,0.500,180.000,H_y-3.0_x-40.0_-20.0_reverse_right,H_y-3.0_x-40.0_-20.0,H_y-3.0_x-40.0_-20.0,right,reverse,reverse_right,1
473,-31.500,-1.500,0.500,180.000,H_y-3.0_x-40.0_-20.0_reverse_right,H_y-3.0_x-40.0_-20.0,H_y-3.0_x-40.0_-20.0,right,reverse,reverse_right,1
474,-32.000,-1.500,0.500,180.000,H_y-3.0_x-40.0_-20.0_reverse_right,H_y-3.0_x-40.0_-20.0,H_y-3.0_x-40.0_-20.0,right,reverse,reverse_right,1
475,-32.500,-1.500,0.500,180.000,H_y-3.0_x-40.0_-20.0_reverse_right,H_y-3.0_x-40.0_-20.0,H_y-3.0_x-40.0_-20.0,right,reverse,reverse_right,1
476,-33.000,-1.500,0.500,180.000,H_y-3.0_x-40.0_-20.0_reverse_right,H_y-3.0_x-40.0_-20.0,H_y-3.0_x-40.0_-20.0,right,reverse,reverse_right,1
477,-33.500,-1.500,0.500,180.000,H_y-3.0_x-40.0_-20.0_reverse_right,H_y-3.0_x-40.0_-20.0,H_y-3.0_x-40.0_-20.0,right,reverse,reverse_right,1
478,-34.000,-1.500,0.500,180.000,H_y-3.0_x-40.0_-20.0_reverse_right,H_y-3.0_x-40.0_-20.0,H_y-3.0_x-40.0_-20.0,right,reverse,reverse_right,1
479,-34.500,-1.500,0.500,180.000,H_y-3.0_x-40.0_-20.0_reverse_right,H_y-3.0_x-40.0_-20.0,H_y-3.0_x-40.0_-20.0,right,reverse,reverse_right,1
480,-35.000,-1.500,0.500,180.000,H_y-3.0_x-40.0_-20.0_reverse_right,H_y-3.0_x-40.0_-20.0,H_y-3.0_x-40.0_-20.0,right,reverse,reverse_right,1
481,-35.500,-1.500,0.500,180.000,H_y-3.0_x-40.0_-20.0_reverse_right,H_y-3.0_x-40.0_-20.0,H_y-3.0_x-40.0_-20.0,right,reverse,reverse_right,1
482,-36.000,-1.500,0.500,180.000,H_y-3.0_x-40.0_-20.0_reverse_right,H_y-3.0_x-40.0_-20.0,H_y-3.0_x-40.0_-20.0,right,reverse,reverse_right,1
483,-36.500,-1.500,0.500,180.000,H_y-3.0_x-40.0_-20.0_reverse_right,H_y-3.0_x-40.0_-20.0,H_y-3.0_x-40.0_-20.0,right,reverse,reverse_right,1
484,-37.000,-1.500,0.500,180.000,H_y-3.0_x-40.0_-20.0_reverse_right,H_y-3.0_x-40.0_-20.0,H_y-3.0_x-40.0_-20.0,right,reverse,reverse_right,1
485,-37.500,-1.500,0.500,180.000,H_y-3.0_x-40.0_-20.0_reverse_right,H_y-3.0_x-40.0_-20.0,H_y-3.0_x-40.0_-20.0,right,reverse,reverse_right,1
486,-38.000,-1.500,0.500,180.000,H_y-3.0_x-40.0_-20.0_reverse_right,H_y-3.0_x-40.0_-20.0,H_y-3.0_x-40.0_-20.0,right,reverse,reverse_right,1
487,-38.500,-1.500,0.500,180.000,H_y-3.0_x-40.0_-20.0_reverse_right,H_y-3.0_x-40.0_-20.0,H_y-3.0_x-40.0_-20.0,right,reverse,reverse_right,1
488,-39.000,-1.500,0.500,180.000,H_y-3.0_x-40.0_-20.0_reverse_right,H_y-3.0_x-40.0_-20.0,H_y-3.0_x-40.0_-20.0,right,reverse,reverse_right,1
489,-39.500,-1.500,0.500,180.000,H_y-3.0_x-40.0_-20.0_reverse_right,H_y-3.0_x-40.0_-20.0,H_y-3.0_x-40.0_-20.0,right,reverse,reverse_right,1
490,-40.000,-1.500,0.500,180.000,H_y-3.0_x-40.0_-20.0_reverse_right,H_y-3.0_x-40.0_-20.0,H_y-3.0_x-40.0_-20.0,right,reverse,reverse_right,0
491,-41.500,-3.000,0.500,-90.000,V_x-40.0_y-34.0_-3.0_forward_right,V_x-40.0_y-34.0_-3.0,V_x-40.0_y-34.0_-3.0,right,forward,forward_right,1
492,-41.500,-3.500,0.500,-90.000,V_x-40.0_y-34.0_-3.0_forward_right,V_x-40.0_y-34.0_-3.0,V_x-40.0_y-34.0_-3.0,right,forward,forward_right,1
493,-41.500,-4.000,0.500,-90.000,V_x-40.0_y-34.0_-3.0_forward_right,V_x-40.0_y-34.0_-3.0,V_x-40.0_y-34.0_-3.0,right,forward,forward_right,1
494,-41.500,-4.500,0.500,-90.000,V_x-40.0_y-34.0_-3.0_forward_right,V_x-40.0_y-34.0_-3.0,V_x-40.0_y-34.0_-3.0,right,forward,forward_right,1
495,-41.500,-5.000,0.500,-90.000,V_x-40.0_y-34.0_-3.0_forward_right,V_x-40.0_y-34.0_-3.0,V_x-40.0_y-34.0_-3.0,right,forward,forward_right,1
496,-41.500,-5.500,0.500,-90.000,V_x-40.0_y-34.0_-3.0_forward_right,V_x-40.0_y-34.0_-3.0,V_x-40.0_y-34.0_-3.0,right,forward,forward_right,1
497,-41.500,-6.000,0.500,-90.000,V_x-40.0_y-34.0_-3.0_forward_right,V_x-40.0_y-34.0_-3.0,V_x-40.0_y-34.0_-3.0,right,forward,forward_right,1
498,-41.500,-6.500,0.500,-90.000,V_x-40.0_y-34.0_-3.0_forward_right,V_x-40.0_y-34.0_-3.0,V_x-40.0_y-34.0_-3.0,right,forward,forward_right,1
499,-41.500,-7.000,0.500,-90.000,V_x-40.0_y-34.0_-3.0_forward_right,V_x-40.0_y-34.0_-3.0,V_x-40.0_y-34.0_-3.0,right,forward,forward_right,1
500,-41.500,-7.500,0.500,-90.000,V_x-40.0_y-34.0_-3.0_forward_right,V_x-40.0_y-34.0_-3.0,V_x-40.0_y-34.0_-3.0,right,forward,forward_right,1
501,-41.500,-8.000,0.500,-90.000,V_x-40.0_y-34.0_-3.0_forward_right,V_x-40.0_y-34.0_-3.0,V_x-40.0_y-34.0_-3.0,right,forward,forward_right,1
502,-41.500,-8.500,0.500,-90.000,V_x-40.0_y-34.0_-3.0_forward_right,V_x-40.0_y-34.0_-3.0,V_x-40.0_y-34.0_-3.0,right,forward,forward_right,1
503,-41.500,-9.000,0.500,-90.000,V_x-40.0_y-34.0_-3.0_forward_right,V_x-40.0_y-34.0_-3.0,V_x-40.0_y-34.0_-3.0,right,forward,forward_right,1
504,-41.500,-9.500,0.500,-90.000,V_x-40.0_y-34.0_-3.0_forward_right,V_x-40.0_y-34.0_-3.0,V_x-40.0_y-34.0_-3.0,right,forward,forward_right,1
505,-41.500,-10.000,0.500,-90.000,V_x-40.0_y-34.0_-3.0_forward_right,V_x-40.0_y-34.0_-3.0,V_x-40.0_y-34.0_-3.0,right,forward,forward_right,1
506,-41.500,-10.500,0.500,-90.000,V_x-40.0_y-34.0_-3.0_forward_right,V_x-40.0_y-34.0_-3.0,V_x-40.0_y-34.0_-3.0,right,forward,forward_right,1
507,-41.500,-11.000,0.500,-90.000,V_x-40.0_y-34.0_-3.0_forward_right,V_x-40.0_y-34.0_-3.0,V_x-40.0_y-34.0_-3.0,right,forward,forward_right,1
508,-41.500,-11.500,0.500,-90.000,V_x-40.0_y-34.0_-3.0_forward_right,V_x-40.0_y-34.0_-3.0,V_x-40.0_y-34.0_-3.0,right,forward,forward_right,1
509,-41.500,-12.000,0.500,-90.000,V_x-40.0_y-34.0_-3.0_forward_right,V_x-40.0_y-34.0_-3.0,V_x-40.0_y-34.0_-3.0,right,forward,forward_right,1
510,-41.500,-12.500,0.500,-90.000,V_x-40.0_y-34.0_-3.0_forward_right,V_x-40.0_y-34.0_-3.0,V_x-40.0_y-34.0_-3.0,right,forward,forward_right,1
511,-41.500,-13.000,0.500,-90.000,V_x-40.0_y-34.0_-3.0_forward_right,V_x-40.0_y-34.0_-3.0,V_x-40.0_y-34.0_-3.0,right,forward,forward_right,1
512,-41.500,-13.500,0.500,-90.000,V_x-40.0_y-34.0_-3.0_forward_right,V_x-40.0_y-34.0_-3.0,V_x-40.0_y-34.0_-3.0,right,forward,forward_right,1
513,-41.500,-14.000,0.500,-90.000,V_x-40.0_y-34.0_-3.0_forward_right,V_x-40.0_y-34.0_-3.0,V_x-40.0_y-34.0_-3.0,right,forward,forward_right,1
514,-41.500,-14.500,0.500,-90.000,V_x-40.0_y-34.0_-3.0_forward_right,V_x-40.0_y-34.0_-3.0,V_x-40.0_y-34.0_-3.0,right,forward,forward_right,1
515,-41.500,-15.000,0.500,-90.000,V_x-40.0_y-34.0_-3.0_forward_right,V_x-40.0_y-34.0_-3.0,V_x-40.0_y-34.0_-3.0,right,forward,forward_right,1
516,-41.500,-15.500,0.500,-90.000,V_x-40.0_y-34.0_-3.0_forward_right,V_x-40.0_y-34.0_-3.0,V_x-40.0_y-34.0_-3.0,right,forward,forward_right,1
517,-41.500,-16.000,0.500,-90.000,V_x-40.0_y-34.0_-3.0_forward_right,V_x-40.0_y-34.0_-3.0,V_x-40.0_y-34.0_-3.0,right,forward,forward_right,1
518,-41.500,-16.500,0.500,-90.000,V_x-40.0_y-34.0_-3.0_forward_right,V_x-40.0_y-34.0_-3.0,V_x-40.0_y-34.0_-3.0,right,forward,forward_right,1
519,-41.500,-17.000,0.500,-90.000,V_x-40.0_y-34.0_-3.0_forward_right,V_x-40.0_y-34.0_-3.0,V_x-40.0_y-34.0_-3.0,right,forward,forward_right,1
520,-41.500,-17.500,0.500,-90.000,V_x-40.0_y-34.0_-3.0_forward_right,V_x-40.0_y-34.0_-3.0,V_x-40.0_y-34.0_-3.0,right,forward,forward_right,1
521,-41.500,-18.000,0.500,-90.000,V_x-40.0_y-34.0_-3.0_forward_right,V_x-40.0_y-34.0_-3.0,V_x-40.0_y-34.0_-3.0,right,forward,forward_right,1
522,-41.500,-18.500,0.500,-90.000,V_x-40.0_y-34.0_-3.0_forward_right,V_x-40.0_y-34.0_-3.0,V_x-40.0_y-34.0_-3.0,right,forward,forward_right,1
523,-41.500,-19.000,0.500,-90.000,V_x-40.0_y-34.0_-3.0_forward_right,V_x-40.0_y-34.0_-3.0,V_x-40.0_y-34.0_-3.0,right,forward,forward_right,1
524,-41.500,-19.500,0.500,-90.000,V_x-40.0_y-34.0_-3.0_forward_right,V_x-40.0_y-34.0_-3.0,V_x-40.0_y-34.0_-3.0,right,forward,forward_right,1
525,-41.500,-20.000,0.500,-90.000,V_x-40.0_y-34.0_-3.0_forward_right,V_x-40.0_y-34.0_-3.0,V_x-40.0_y-34.0_-3.0,right,forward,forward_right,1
526,-41.500,-20.500,0.500,-90.000,V_x-40.0_y-34.0_-3.0_forward_right,V_x-40.0_y-34.0_-3.0,V_x-40.0_y-34.0_-3.0,right,forward,forward_right,1
527,-41.500,-21.000,0.500,-90.000,V_x-40.0_y-34.0_-3.0_forward_right,V_x-40.0_y-34.0_-3.0,V_x-40.0_y-34.0_-3.0,right,forward,forward_right,1
528,-41.500,-21.500,0.500,-90.000,V_x-40.0_y-34.0_-3.0_forward_right,V_x-40.0_y-34.0_-3.0,V_x-40.0_y-34.0_-3.0,right,forward,forward_right,1
529,-41.500,-22.000,0.500,-90.000,V_x-40.0_y-34.0_-3.0_forward_right,V_x-40.0_y-34.0_-3.0,V_x-40.0_y-34.0_-3.0,right,forward,forward_right,1
530,-41.500,-22.500,0.500,-90.000,V_x-40.0_y-34.0_-3.0_forward_right,V_x-40.0_y-34.0_-3.0,V_x-40.0_y-34.0_-3.0,right,forward,forward_right,1
531,-41.500,-23.000,0.500,-90.000,V_x-40.0_y-34.0_-3.0_forward_right,V_x-40.0_y-34.0_-3.0,V_x-40.0_y-34.0_-3.0,right,forward,forward_right,1
532,-41.500,-23.500,0.500,-90.000,V_x-40.0_y-34.0_-3.0_forward_right,V_x-40.0_y-34.0_-3.0,V_x-40.0_y-34.0_-3.0,right,forward,forward_right,1
533,-41.500,-24.000,0.500,-90.000,V_x-40.0_y-34.0_-3.0_forward_right,V_x-40.0_y-34.0_-3.0,V_x-40.0_y-34.0_-3.0,right,forward,forward_right,1
534,-41.500,-24.500,0.500,-90.000,V_x-40.0_y-34.0_-3.0_forward_right,V_x-40.0_y-34.0_-3.0,V_x-40.0_y-34.0_-3.0,right,forward,forward_right,1
535,-41.500,-25.000,0.500,-90.000,V_x-40.0_y-34.0_-3.0_forward_right,V_x-40.0_y-34.0_-3.0,V_x-40.0_y-34.0_-3.0,right,forward,forward_right,1
536,-41.500,-25.500,0.500,-90.000,V_x-40.0_y-34.0_-3.0_forward_right,V_x-40.0_y-34.0_-3.0,V_x-40.0_y-34.0_-3.0,right,forward,forward_right,1
537,-41.500,-26.000,0.500,-90.000,V_x-40.0_y-34.0_-3.0_forward_right,V_x-40.0_y-34.0_-3.0,V_x-40.0_y-34.0_-3.0,right,forward,forward_right,1
538,-41.500,-26.500,0.500,-90.000,V_x-40.0_y-34.0_-3.0_forward_right,V_x-40.0_y-34.0_-3.0,V_x-40.0_y-34.0_-3.0,right,forward,forward_right,1
539,-41.500,-27.000,0.500,-90.000,V_x-40.0_y-34.0_-3.0_forward_right,V_x-40.0_y-34.0_-3.0,V_x-40.0_y-34.0_-3.0,right,forward,forward_right,1
540,-41.500,-27.500,0.500,-90.000,V_x-40.0_y-34.0_-3.0_forward_right,V_x-40.0_y-34.0_-3.0,V_x-40.0_y-34.0_-3.0,right,forward,forward_right,1
541,-41.500,-28.000,0.500,-90.000,V_x-40.0_y-34.0_-3.0_forward_right,V_x-40.0_y-34.0_-3.0,V_x-40.0_y-34.0_-3.0,right,forward,forward_right,1
542,-41.500,-28.500,0.500,-90.000,V_x-40.0_y-34.0_-3.0_forward_right,V_x-40.0_y-34.0_-3.0,V_x-40.0_y-34.0_-3.0,right,forward,forward_right,1
543,-41.500,-29.000,0.500,-90.000,V_x-40.0_y-34.0_-3.0_forward_right,V_x-40.0_y-34.0_-3.0,V_x-40.0_y-34.0_-3.0,right,forward,forward_right,1
544,-41.500,-29.500,0.500,-90.000,V_x-40.0_y-34.0_-3.0_forward_right,V_x-40.0_y-34.0_-3.0,V_x-40.0_y-34.0_-3.0,right,forward,forward_right,1
545,-41.500,-30.000,0.500,-90.000,V_x-40.0_y-34.0_-3.0_forward_right,V_x-40.0_y-34.0_-3.0,V_x-40.0_y-34.0_-3.0,right,forward,forward_right,1
546,-41.500,-30.500,0.500,-90.000,V_x-40.0_y-34.0_-3.0_forward_right,V_x-40.0_y-34.0_-3.0,V_x-40.0_y-34.0_-3.0,right,forward,forward_right,1
547,-41.500,-31.000,0.500,-90.000,V_x-40.0_y-34.0_-3.0_forward_right,V_x-40.0_y-34.0_-3.0,V_x-40.0_y-34.0_-3.0,right,forward,forward_right,1
548,-41.500,-31.500,0.500,-90.000,V_x-40.0_y-34.0_-3.0_forward_right,V_x-40.0_y-34.0_-3.0,V_x-40.0_y-34.0_-3.0,right,forward,forward_right,1
549,-41.500,-32.000,0.500,-90.000,V_x-40.0_y-34.0_-3.0_forward_right,V_x-40.0_y-34.0_-3.0,V_x-40.0_y-34.0_-3.0,right,forward,forward_right,1
550,-41.500,-32.500,0.500,-90.000,V_x-40.0_y-34.0_-3.0_forward_right,V_x-40.0_y-34.0_-3.0,V_x-40.0_y-34.0_-3.0,right,forward,forward_right,1
551,-41.500,-33.000,0.500,-90.000,V_x-40.0_y-34.0_-3.0_forward_right,V_x-40.0_y-34.0_-3.0,V_x-40.0_y-34.0_-3.0,right,forward,forward_right,1
552,-41.500,-33.500,0.500,-90.000,V_x-40.0_y-34.0_-3.0_forward_right,V_x-40.0_y-34.0_-3.0,V_x-40.0_y-34.0_-3.0,right,forward,forward_right,1
553,-41.500,-34.000,0.500,-90.000,V_x-40.0_y-34.0_-3.0_forward_right,V_x-40.0_y-34.0_-3.0,V_x-40.0_y-34.0_-3.0,right,forward,forward_right,0
554,-38.500,-34.000,0.500,90.000,V_x-40.0_y-34.0_-3.0_reverse_right,V_x-40.0_y-34.0_-3.0,V_x-40.0_y-34.0_-3.0,right,reverse,reverse_right,1
555,-38.500,-33.500,0.500,90.000,V_x-40.0_y-34.0_-3.0_reverse_right,V_x-40.0_y-34.0_-3.0,V_x-40.0_y-34.0_-3.0,right,reverse,reverse_right,1
556,-38.500,-33.000,0.500,90.000,V_x-40.0_y-34.0_-3.0_reverse_right,V_x-40.0_y-34.0_-3.0,V_x-40.0_y-34.0_-3.0,right,reverse,reverse_right,1
557,-38.500,-32.500,0.500,90.000,V_x-40.0_y-34.0_-3.0_reverse_right,V_x-40.0_y-34.0_-3.0,V_x-40.0_y-34.0_-3.0,right,reverse,reverse_right,1
558,-38.500,-32.000,0.500,90.000,V_x-40.0_y-34.0_-3.0_reverse_right,V_x-40.0_y-34.0_-3.0,V_x-40.0_y-34.0_-3.0,right,reverse,reverse_right,1
559,-38.500,-31.500,0.500,90.000,V_x-40.0_y-34.0_-3.0_reverse_right,V_x-40.0_y-34.0_-3.0,V_x-40.0_y-34.0_-3.0,right,reverse,reverse_right,1
560,-38.500,-31.000,0.500,90.000,V_x-40.0_y-34.0_-3.0_reverse_right,V_x-40.0_y-34.0_-3.0,V_x-40.0_y-34.0_-3.0,right,reverse,reverse_right,1
561,-38.500,-30.500,0.500,90.000,V_x-40.0_y-34.0_-3.0_reverse_right,V_x-40.0_y-34.0_-3.0,V_x-40.0_y-34.0_-3.0,right,reverse,reverse_right,1
562,-38.500,-30.000,0.500,90.000,V_x-40.0_y-34.0_-3.0_reverse_right,V_x-40.0_y-34.0_-3.0,V_x-40.0_y-34.0_-3.0,right,reverse,reverse_right,1
563,-38.500,-29.500,0.500,90.000,V_x-40.0_y-34.0_-3.0_reverse_right,V_x-40.0_y-34.0_-3.0,V_x-40.0_y-34.0_-3.0,right,reverse,reverse_right,1
564,-38.500,-29.000,0.500,90.000,V_x-40.0_y-34.0_-3.0_reverse_right,V_x-40.0_y-34.0_-3.0,V_x-40.0_y-34.0_-3.0,right,reverse,reverse_right,1
565,-38.500,-28.500,0.500,90.000,V_x-40.0_y-34.0_-3.0_reverse_right,V_x-40.0_y-34.0_-3.0,V_x-40.0_y-34.0_-3.0,right,reverse,reverse_right,1
566,-38.500,-28.000,0.500,90.000,V_x-40.0_y-34.0_-3.0_reverse_right,V_x-40.0_y-34.0_-3.0,V_x-40.0_y-34.0_-3.0,right,reverse,reverse_right,1
567,-38.500,-27.500,0.500,90.000,V_x-40.0_y-34.0_-3.0_reverse_right,V_x-40.0_y-34.0_-3.0,V_x-40.0_y-34.0_-3.0,right,reverse,reverse_right,1
568,-38.500,-27.000,0.500,90.000,V_x-40.0_y-34.0_-3.0_reverse_right,V_x-40.0_y-34.0_-3.0,V_x-40.0_y-34.0_-3.0,right,reverse,reverse_right,1
569,-38.500,-26.500,0.500,90.000,V_x-40.0_y-34.0_-3.0_reverse_right,V_x-40.0_y-34.0_-3.0,V_x-40.0_y-34.0_-3.0,right,reverse,reverse_right,1
570,-38.500,-26.000,0.500,90.000,V_x-40.0_y-34.0_-3.0_reverse_right,V_x-40.0_y-34.0_-3.0,V_x-40.0_y-34.0_-3.0,right,reverse,reverse_right,1
571,-38.500,-25.500,0.500,90.000,V_x-40.0_y-34.0_-3.0_reverse_right,V_x-40.0_y-34.0_-3.0,V_x-40.0_y-34.0_-3.0,right,reverse,reverse_right,1
572,-38.500,-25.000,0.500,90.000,V_x-40.0_y-34.0_-3.0_reverse_right,V_x-40.0_y-34.0_-3.0,V_x-40.0_y-34.0_-3.0,right,reverse,reverse_right,1
573,-38.500,-24.500,0.500,90.000,V_x-40.0_y-34.0_-3.0_reverse_right,V_x-40.0_y-34.0_-3.0,V_x-40.0_y-34.0_-3.0,right,reverse,reverse_right,1
574,-38.500,-24.000,0.500,90.000,V_x-40.0_y-34.0_-3.0_reverse_right,V_x-40.0_y-34.0_-3.0,V_x-40.0_y-34.0_-3.0,right,reverse,reverse_right,1
575,-38.500,-23.500,0.500,90.000,V_x-40.0_y-34.0_-3.0_reverse_right,V_x-40.0_y-34.0_-3.0,V_x-40.0_y-34.0_-3.0,right,reverse,reverse_right,1
576,-38.500,-23.000,0.500,90.000,V_x-40.0_y-34.0_-3.0_reverse_right,V_x-40.0_y-34.0_-3.0,V_x-40.0_y-34.0_-3.0,right,reverse,reverse_right,1
577,-38.500,-22.500,0.500,90.000,V_x-40.0_y-34.0_-3.0_reverse_right,V_x-40.0_y-34.0_-3.0,V_x-40.0_y-34.0_-3.0,right,reverse,reverse_right,1
578,-38.500,-22.000,0.500,90.000,V_x-40.0_y-34.0_-3.0_reverse_right,V_x-40.0_y-34.0_-3.0,V_x-40.0_y-34.0_-3.0,right,reverse,reverse_right,1
579,-38.500,-21.500,0.500,90.000,V_x-40.0_y-34.0_-3.0_reverse_right,V_x-40.0_y-34.0_-3.0,V_x-40.0_y-34.0_-3.0,right,reverse,reverse_right,1
580,-38.500,-21.000,0.500,90.000,V_x-40.0_y-34.0_-3.0_reverse_right,V_x-40.0_y-34.0_-3.0,V_x-40.0_y-34.0_-3.0,right,reverse,reverse_right,1
581,-38.500,-20.500,0.500,90.000,V_x-40.0_y-34.0_-3.0_reverse_right,V_x-40.0_y-34.0_-3.0,V_x-40.0_y-34.0_-3.0,right,reverse,reverse_right,1
582,-38.500,-20.000,0.500,90.000,V_x-40.0_y-34.0_-3.0_reverse_right,V_x-40.0_y-34.0_-3.0,V_x-40.0_y-34.0_-3.0,right,reverse,reverse_right,1
583,-38.500,-19.500,0.500,90.000,V_x-40.0_y-34.0_-3.0_reverse_right,V_x-40.0_y-34.0_-3.0,V_x-40.0_y-34.0_-3.0,right,reverse,reverse_right,1
584,-38.500,-19.000,0.500,90.000,V_x-40.0_y-34.0_-3.0_reverse_right,V_x-40.0_y-34.0_-3.0,V_x-40.0_y-34.0_-3.0,right,reverse,reverse_right,1
585,-38.500,-18.500,0.500,90.000,V_x-40.0_y-34.0_-3.0_reverse_right,V_x-40.0_y-34.0_-3.0,V_x-40.0_y-34.0_-3.0,right,reverse,reverse_right,1
586,-38.500,-18.000,0.500,90.000,V_x-40.0_y-34.0_-3.0_reverse_right,V_x-40.0_y-34.0_-3.0,V_x-40.0_y-34.0_-3.0,right,reverse,reverse_right,1
587,-38.500,-17.500,0.500,90.000,V_x-40.0_y-34.0_-3.0_reverse_right,V_x-40.0_y-34.0_-3.0,V_x-40.0_y-34.0_-3.0,right,reverse,reverse_right,1
588,-38.500,-17.000,0.500,90.000,V_x-40.0_y-34.0_-3.0_reverse_right,V_x-40.0_y-34.0_-3.0,V_x-40.0_y-34.0_-3.0,right,reverse,reverse_right,1
589,-38.500,-16.500,0.500,90.000,V_x-40.0_y-34.0_-3.0_reverse_right,V_x-40.0_y-34.0_-3.0,V_x-40.0_y-34.0_-3.0,right,reverse,reverse_right,1
590,-38.500,-16.000,0.500,90.000,V_x-40.0_y-34.0_-3.0_reverse_right,V_x-40.0_y-34.0_-3.0,V_x-40.0_y-34.0_-3.0,right,reverse,reverse_right,1
591,-38.500,-15.500,0.500,90.000,V_x-40.0_y-34.0_-3.0_reverse_right,V_x-40.0_y-34.0_-3.0,V_x-40.0_y-34.0_-3.0,right,reverse,reverse_right,1
592,-38.500,-15.000,0.500,90.000,V_x-40.0_y-34.0_-3.0_reverse_right,V_x-40.0_y-34.0_-3.0,V_x-40.0_y-34.0_-3.0,right,reverse,reverse_right,1
593,-38.500,-14.500,0.500,90.000,V_x-40.0_y-34.0_-3.0_reverse_right,V_x-40.0_y-34.0_-3.0,V_x-40.0_y-34.0_-3.0,right,reverse,reverse_right,1
594,-38.500,-14.000,0.500,90.000,V_x-40.0_y-34.0_-3.0_reverse_right,V_x-40.0_y-34.0_-3.0,V_x-40.0_y-34.0_-3.0,right,reverse,reverse_right,1
595,-38.500,-13.500,0.500,90.000,V_x-40.0_y-34.0_-3.0_reverse_right,V_x-40.0_y-34.0_-3.0,V_x-40.0_y-34.0_-3.0,right,reverse,reverse_right,1
596,-38.500,-13.000,0.500,90.000,V_x-40.0_y-34.0_-3.0_reverse_right,V_x-40.0_y-34.0_-3.0,V_x-40.0_y-34.0_-3.0,right,reverse,reverse_right,1
597,-38.500,-12.500,0.500,90.000,V_x-40.0_y-34.0_-3.0_reverse_right,V_x-40.0_y-34.0_-3.0,V_x-40.0_y-34.0_-3.0,right,reverse,reverse_right,1
598,-38.500,-12.000,0.500,90.000,V_x-40.0_y-34.0_-3.0_reverse_right,V_x-40.0_y-34.0_-3.0,V_x-40.0_y-34.0_-3.0,right,reverse,reverse_right,1
599,-38.500,-11.500,0.500,90.000,V_x-40.0_y-34.0_-3.0_reverse_right,V_x-40.0_y-34.0_-3.0,V_x-40.0_y-34.0_-3.0,right,reverse,reverse_right,1
600,-38.500,-11.000,0.500,90.000,V_x-40.0_y-34.0_-3.0_reverse_right,V_x-40.0_y-34.0_-3.0,V_x-40.0_y-34.0_-3.0,right,reverse,reverse_right,1
601,-38.500,-10.500,0.500,90.000,V_x-40.0_y-34.0_-3.0_reverse_right,V_x-40.0_y-34.0_-3.0,V_x-40.0_y-34.0_-3.0,right,reverse,reverse_right,1
602,-38.500,-10.000,0.500,90.000,V_x-40.0_y-34.0_-3.0_reverse_right,V_x-40.0_y-34.0_-3.0,V_x-40.0_y-34.0_-3.0,right,reverse,reverse_right,1
603,-38.500,-9.500,0.500,90.000,V_x-40.0_y-34.0_-3.0_reverse_right,V_x-40.0_y-34.0_-3.0,V_x-40.0_y-34.0_-3.0,right,reverse,reverse_right,1
604,-38.500,-9.000,0.500,90.000,V_x-40.0_y-34.0_-3.0_reverse_right,V_x-40.0_y-34.0_-3.0,V_x-40.0_y-34.0_-3.0,right,reverse,reverse_right,1
605,-38.500,-8.500,0.500,90.000,V_x-40.0_y-34.0_-3.0_reverse_right,V_x-40.0_y-34.0_-3.0,V_x-40.0_y-34.0_-3.0,right,reverse,reverse_right,1
606,-38.500,-8.000,0.500,90.000,V_x-40.0_y-34.0_-3.0_reverse_right,V_x-40.0_y-34.0_-3.0,V_x-40.0_y-34.0_-3.0,right,reverse,reverse_right,1
607,-38.500,-7.500,0.500,90.000,V_x-40.0_y-34.0_-3.0_reverse_right,V_x-40.0_y-34.0_-3.0,V_x-40.0_y-34.0_-3.0,right,reverse,reverse_right,1
608,-38.500,-7.000,0.500,90.000,V_x-40.0_y-34.0_-3.0_reverse_right,V_x-40.0_y-34.0_-3.0,V_x-40.0_y-34.0_-3.0,right,reverse,reverse_right,1
609,-38.500,-6.500,0.500,90.000,V_x-40.0_y-34.0_-3.0_reverse_right,V_x-40.0_y-34.0_-3.0,V_x-40.0_y-34.0_-3.0,right,reverse,reverse_right,1
610,-38.500,-6.000,0.500,90.000,V_x-40.0_y-34.0_-3.0_reverse_right,V_x-40.0_y-34.0_-3.0,V_x-40.0_y-34.0_-3.0,right,reverse,reverse_right,1
611,-38.500,-5.500,0.500,90.000,V_x-40.0_y-34.0_-3.0_reverse_right,V_x-40.0_y-34.0_-3.0,V_x-40.0_y-34.0_-3.0,right,reverse,reverse_right,1
612,-38.500,-5.000,0.500,90.000,V_x-40.0_y-34.0_-3.0_reverse_right,V_x-40.0_y-34.0_-3.0,V_x-40.0_y-34.0_-3.0,right,reverse,reverse_right,1
613,-38.500,-4.500,0.500,90.000,V_x-40.0_y-34.0_-3.0_reverse_right,V_x-40.0_y-34.0_-3.0,V_x-40.0_y-34.0_-3.0,right,reverse,reverse_right,1
614,-38.500,-4.000,0.500,90.000,V_x-40.0_y-34.0_-3.0_reverse_right,V_x-40.0_y-34.0_-3.0,V_x-40.0_y-34.0_-3.0,right,reverse,reverse_right,1
615,-38.500,-3.500,0.500,90.000,V_x-40.0_y-34.0_-3.0_reverse_right,V_x-40.0_y-34.0_-3.0,V_x-40.0_y-34.0_-3.0,right,reverse,reverse_right,1
616,-38.500,-3.000,0.500,90.000,V_x-40.0_y-34.0_-3.0_reverse_right,V_x-40.0_y-34.0_-3.0,V_x-40.0_y-34.0_-3.0,right,reverse,reverse_right,0
617,-41.500,-3.000,0.500,-90.000,R_W_forward_right,R_W,R_W,right,forward,forward_right,1
618,-41.500,-3.500,0.500,-90.000,R_W_forward_right,R_W,R_W,right,forward,forward_right,1
619,-40.000,-5.500,0.500,0.000,R_W_forward_right,R_W,R_W,right,forward,forward_right,1
620,-39.500,-5.500,0.500,0.000,R_W_forward_right,R_W,R_W,right,forward,forward_right,1
621,-39.000,-5.500,0.500,0.000,R_W_forward_right,R_W,R_W,right,forward,forward_right,1
622,-38.500,-5.500,0.500,0.000,R_W_forward_right,R_W,R_W,right,forward,forward_right,1
623,-38.000,-5.500,0.500,0.000,R_W_forward_right,R_W,R_W,right,forward,forward_right,1
624,-37.500,-5.500,0.500,0.000,R_W_forward_right,R_W,R_W,right,forward,forward_right,1
625,-37.000,-5.500,0.500,0.000,R_W_forward_right,R_W,R_W,right,forward,forward_right,1
626,-36.500,-5.500,0.500,0.000,R_W_forward_right,R_W,R_W,right,forward,forward_right,1
627,-36.000,-5.500,0.500,0.000,R_W_forward_right,R_W,R_W,right,forward,forward_right,1
628,-35.500,-5.500,0.500,0.000,R_W_forward_right,R_W,R_W,right,forward,forward_right,1
629,-35.000,-5.500,0.500,0.000,R_W_forward_right,R_W,R_W,right,forward,forward_right,1
630,-34.500,-5.500,0.500,0.000,R_W_forward_right,R_W,R_W,right,forward,forward_right,1
631,-34.000,-5.500,0.500,0.000,R_W_forward_right,R_W,R_W,right,forward,forward_right,1
632,-33.500,-5.500,0.500,0.000,R_W_forward_right,R_W,R_W,right,forward,forward_right,1
633,-33.000,-5.500,0.500,0.000,R_W_forward_right,R_W,R_W,right,forward,forward_right,1
634,-32.500,-5.500,0.500,0.000,R_W_forward_right,R_W,R_W,right,forward,forward_right,1
635,-32.000,-5.500,0.500,0.000,R_W_forward_right,R_W,R_W,right,forward,forward_right,1
636,-31.500,-5.500,0.500,0.000,R_W_forward_right,R_W,R_W,right,forward,forward_right,1
637,-31.000,-5.500,0.500,0.000,R_W_forward_right,R_W,R_W,right,forward,forward_right,1
638,-30.500,-5.500,0.500,0.000,R_W_forward_right,R_W,R_W,right,forward,forward_right,1
639,-30.000,-5.500,0.500,0.000,R_W_forward_right,R_W,R_W,right,forward,forward_right,1
640,-29.500,-5.500,0.500,0.000,R_W_forward_right,R_W,R_W,right,forward,forward_right,1
641,-29.000,-5.500,0.500,0.000,R_W_forward_right,R_W,R_W,right,forward,forward_right,1
642,-28.500,-5.500,0.500,0.000,R_W_forward_right,R_W,R_W,right,forward,forward_right,1
643,-28.000,-5.500,0.500,0.000,R_W_forward_right,R_W,R_W,right,forward,forward_right,1
644,-27.500,-5.500,0.500,0.000,R_W_forward_right,R_W,R_W,right,forward,forward_right,1
645,-27.000,-5.500,0.500,0.000,R_W_forward_right,R_W,R_W,right,forward,forward_right,1
646,-26.500,-5.500,0.500,0.000,R_W_forward_right,R_W,R_W,right,forward,forward_right,1
647,-26.000,-5.500,0.500,0.000,R_W_forward_right,R_W,R_W,right,forward,forward_right,0
648,-26.000,-2.500,0.500,180.000,R_W_reverse_right,R_W,R_W,right,reverse,reverse_right,1
649,-26.500,-2.500,0.500,180.000,R_W_reverse_right,R_W,R_W,right,reverse,reverse_right,1
650,-27.000,-2.500,0.500,180.000,R_W_reverse_right,R_W,R_W,right,reverse,reverse_right,1
651,-27.500,-2.500,0.500,180.000,R_W_reverse_right,R_W,R_W,right,reverse,reverse_right,1
652,-28.000,-2.500,0.500,180.000,R_W_reverse_right,R_W,R_W,right,reverse,reverse_right,1
653,-28.500,-2.500,0.500,180.000,R_W_reverse_right,R_W,R_W,right,reverse,reverse_right,1
654,-29.000,-2.500,0.500,180.000,R_W_reverse_right,R_W,R_W,right,reverse,reverse_right,1
655,-29.500,-2.500,0.500,180.000,R_W_reverse_right,R_W,R_W,right,reverse,reverse_right,1
656,-30.000,-2.500,0.500,180.000,R_W_reverse_right,R_W,R_W,right,reverse,reverse_right,1
657,-30.500,-2.500,0.500,180.000,R_W_reverse_right,R_W,R_W,right,reverse,reverse_right,1
658,-31.000,-2.500,0.500,180.000,R_W_reverse_right,R_W,R_W,right,reverse,reverse_right,1
659,-31.500,-2.500,0.500,180.000,R_W_reverse_right,R_W,R_W,right,reverse,reverse_right,1
660,-32.000,-2.500,0.500,180.000,R_W_reverse_right,R_W,R_W,right,reverse,reverse_right,1
661,-32.500,-2.500,0.500,180.000,R_W_reverse_right,R_W,R_W,right,reverse,reverse_right,1
662,-33.000,-2.500,0.500,180.000,R_W_reverse_right,R_W,R_W,right,reverse,reverse_right,1
663,-33.500,-2.500,0.500,180.000,R_W_reverse_right,R_W,R_W,right,reverse,reverse_right,1
664,-34.000,-2.500,0.500,180.000,R_W_reverse_right,R_W,R_W,right,reverse,reverse_right,1
665,-34.500,-2.500,0.500,180.000,R_W_reverse_right,R_W,R_W,right,reverse,reverse_right,1
666,-35.000,-2.500,0.500,180.000,R_W_reverse_right,R_W,R_W,right,reverse,reverse_right,1
667,-35.500,-2.500,0.500,180.000,R_W_reverse_right,R_W,R_W,right,reverse,reverse_right,1
668,-36.000,-2.500,0.500,180.000,R_W_reverse_right,R_W,R_W,right,reverse,reverse_right,1
669,-36.500,-2.500,0.500,180.000,R_W_reverse_right,R_W,R_W,right,reverse,reverse_right,1
670,-37.000,-2.500,0.500,180.000,R_W_reverse_right,R_W,R_W,right,reverse,reverse_right,1
671,-37.500,-2.500,0.500,180.000,R_W_reverse_right,R_W,R_W,right,reverse,reverse_right,1
672,-38.000,-2.500,0.500,180.000,R_W_reverse_right,R_W,R_W,right,reverse,reverse_right,1
673,-38.500,-2.500,0.500,180.000,R_W_reverse_right,R_W,R_W,right,reverse,reverse_right,1
674,-39.000,-2.500,0.500,180.000,R_W_reverse_right,R_W,R_W,right,reverse,reverse_right,1
675,-39.500,-2.500,0.500,180.000,R_W_reverse_right,R_W,R_W,right,reverse,reverse_right,1
676,-38.500,-4.000,0.500,90.000,R_W_reverse_right,R_W,R_W,right,reverse,reverse_right,1
677,-38.500,-3.500,0.500,90.000,R_W_reverse_right,R_W,R_W,right,reverse,reverse_right,1
678,-38.500,-3.000,0.500,90.000,R_W_reverse_right,R_W,R_W,right,reverse,reverse_right,0
679,-20.000,-32.500,0.500,180.000,H_y-34.0_x-40.0_-20.0_forward_right,H_y-34.0_x-40.0_-20.0,H_y-34.0_x-40.0_-20.0,right,forward,forward_right,1
680,-20.500,-32.500,0.500,180.000,H_y-34.0_x-40.0_-20.0_forward_right,H_y-34.0_x-40.0_-20.0,H_y-34.0_x-40.0_-20.0,right,forward,forward_right,1
681,-21.000,-32.500,0.500,180.000,H_y-34.0_x-40.0_-20.0_forward_right,H_y-34.0_x-40.0_-20.0,H_y-34.0_x-40.0_-20.0,right,forward,forward_right,1
682,-21.500,-32.500,0.500,180.000,H_y-34.0_x-40.0_-20.0_forward_right,H_y-34.0_x-40.0_-20.0,H_y-34.0_x-40.0_-20.0,right,forward,forward_right,1
683,-22.000,-32.500,0.500,180.000,H_y-34.0_x-40.0_-20.0_forward_right,H_y-34.0_x-40.0_-20.0,H_y-34.0_x-40.0_-20.0,right,forward,forward_right,1
684,-22.500,-32.500,0.500,180.000,H_y-34.0_x-40.0_-20.0_forward_right,H_y-34.0_x-40.0_-20.0,H_y-34.0_x-40.0_-20.0,right,forward,forward_right,1
685,-23.000,-32.500,0.500,180.000,H_y-34.0_x-40.0_-20.0_forward_right,H_y-34.0_x-40.0_-20.0,H_y-34.0_x-40.0_-20.0,right,forward,forward_right,1
686,-23.500,-32.500,0.500,180.000,H_y-34.0_x-40.0_-20.0_forward_right,H_y-34.0_x-40.0_-20.0,H_y-34.0_x-40.0_-20.0,right,forward,forward_right,1
687,-24.000,-32.500,0.500,180.000,H_y-34.0_x-40.0_-20.0_forward_right,H_y-34.0_x-40.0_-20.0,H_y-34.0_x-40.0_-20.0,right,forward,forward_right,1
688,-24.500,-32.500,0.500,180.000,H_y-34.0_x-40.0_-20.0_forward_right,H_y-34.0_x-40.0_-20.0,H_y-34.0_x-40.0_-20.0,right,forward,forward_right,1
689,-25.000,-32.500,0.500,180.000,H_y-34.0_x-40.0_-20.0_forward_right,H_y-34.0_x-40.0_-20.0,H_y-34.0_x-40.0_-20.0,right,forward,forward_right,1
690,-25.500,-32.500,0.500,180.000,H_y-34.0_x-40.0_-20.0_forward_right,H_y-34.0_x-40.0_-20.0,H_y-34.0_x-40.0_-20.0,right,forward,forward_right,1
691,-26.000,-32.500,0.500,180.000,H_y-34.0_x-40.0_-20.0_forward_right,H_y-34.0_x-40.0_-20.0,H_y-34.0_x-40.0_-20.0,right,forward,forward_right,1
692,-26.500,-32.500,0.500,180.000,H_y-34.0_x-40.0_-20.0_forward_right,H_y-34.0_x-40.0_-20.0,H_y-34.0_x-40.0_-20.0,right,forward,forward_right,1
693,-27.000,-32.500,0.500,180.000,H_y-34.0_x-40.0_-20.0_forward_right,H_y-34.0_x-40.0_-20.0,H_y-34.0_x-40.0_-20.0,right,forward,forward_right,1
694,-27.500,-32.500,0.500,180.000,H_y-34.0_x-40.0_-20.0_forward_right,H_y-34.0_x-40.0_-20.0,H_y-34.0_x-40.0_-20.0,right,forward,forward_right,1
695,-28.000,-32.500,0.500,180.000,H_y-34.0_x-40.0_-20.0_forward_right,H_y-34.0_x-40.0_-20.0,H_y-34.0_x-40.0_-20.0,right,forward,forward_right,1
696,-28.500,-32.500,0.500,180.000,H_y-34.0_x-40.0_-20.0_forward_right,H_y-34.0_x-40.0_-20.0,H_y-34.0_x-40.0_-20.0,right,forward,forward_right,1
697,-29.000,-32.500,0.500,180.000,H_y-34.0_x-40.0_-20.0_forward_right,H_y-34.0_x-40.0_-20.0,H_y-34.0_x-40.0_-20.0,right,forward,forward_right,1
698,-29.500,-32.500,0.500,180.000,H_y-34.0_x-40.0_-20.0_forward_right,H_y-34.0_x-40.0_-20.0,H_y-34.0_x-40.0_-20.0,right,forward,forward_right,1
699,-30.000,-32.500,0.500,180.000,H_y-34.0_x-40.0_-20.0_forward_right,H_y-34.0_x-40.0_-20.0,H_y-34.0_x-40.0_-20.0,right,forward,forward_right,1
700,-30.500,-32.500,0.500,180.000,H_y-34.0_x-40.0_-20.0_forward_right,H_y-34.0_x-40.0_-20.0,H_y-34.0_x-40.0_-20.0,right,forward,forward_right,1
701,-31.000,-32.500,0.500,180.000,H_y-34.0_x-40.0_-20.0_forward_right,H_y-34.0_x-40.0_-20.0,H_y-34.0_x-40.0_-20.0,right,forward,forward_right,1
702,-31.500,-32.500,0.500,180.000,H_y-34.0_x-40.0_-20.0_forward_right,H_y-34.0_x-40.0_-20.0,H_y-34.0_x-40.0_-20.0,right,forward,forward_right,1
703,-32.000,-32.500,0.500,180.000,H_y-34.0_x-40.0_-20.0_forward_right,H_y-34.0_x-40.0_-20.0,H_y-34.0_x-40.0_-20.0,right,forward,forward_right,1
704,-32.500,-32.500,0.500,180.000,H_y-34.0_x-40.0_-20.0_forward_right,H_y-34.0_x-40.0_-20.0,H_y-34.0_x-40.0_-20.0,right,forward,forward_right,1
705,-33.000,-32.500,0.500,180.000,H_y-34.0_x-40.0_-20.0_forward_right,H_y-34.0_x-40.0_-20.0,H_y-34.0_x-40.0_-20.0,right,forward,forward_right,1
706,-33.500,-32.500,0.500,180.000,H_y-34.0_x-40.0_-20.0_forward_right,H_y-34.0_x-40.0_-20.0,H_y-34.0_x-40.0_-20.0,right,forward,forward_right,1
707,-34.000,-32.500,0.500,180.000,H_y-34.0_x-40.0_-20.0_forward_right,H_y-34.0_x-40.0_-20.0,H_y-34.0_x-40.0_-20.0,right,forward,forward_right,1
708,-34.500,-32.500,0.500,180.000,H_y-34.0_x-40.0_-20.0_forward_right,H_y-34.0_x-40.0_-20.0,H_y-34.0_x-40.0_-20.0,right,forward,forward_right,1
709,-35.000,-32.500,0.500,180.000,H_y-34.0_x-40.0_-20.0_forward_right,H_y-34.0_x-40.0_-20.0,H_y-34.0_x-40.0_-20.0,right,forward,forward_right,1
710,-35.500,-32.500,0.500,180.000,H_y-34.0_x-40.0_-20.0_forward_right,H_y-34.0_x-40.0_-20.0,H_y-34.0_x-40.0_-20.0,right,forward,forward_right,1
711,-36.000,-32.500,0.500,180.000,H_y-34.0_x-40.0_-20.0_forward_right,H_y-34.0_x-40.0_-20.0,H_y-34.0_x-40.0_-20.0,right,forward,forward_right,1
712,-36.500,-32.500,0.500,180.000,H_y-34.0_x-40.0_-20.0_forward_right,H_y-34.0_x-40.0_-20.0,H_y-34.0_x-40.0_-20.0,right,forward,forward_right,1
713,-37.000,-32.500,0.500,180.000,H_y-34.0_x-40.0_-20.0_forward_right,H_y-34.0_x-40.0_-20.0,H_y-34.0_x-40.0_-20.0,right,forward,forward_right,1
714,-37.500,-32.500,0.500,180.000,H_y-34.0_x-40.0_-20.0_forward_right,H_y-34.0_x-40.0_-20.0,H_y-34.0_x-40.0_-20.0,right,forward,forward_right,1
715,-38.000,-32.500,0.500,180.000,H_y-34.0_x-40.0_-20.0_forward_right,H_y-34.0_x-40.0_-20.0,H_y-34.0_x-40.0_-20.0,right,forward,forward_right,1
716,-38.500,-32.500,0.500,180.000,H_y-34.0_x-40.0_-20.0_forward_right,H_y-34.0_x-40.0_-20.0,H_y-34.0_x-40.0_-20.0,right,forward,forward_right,1
717,-39.000,-32.500,0.500,180.000,H_y-34.0_x-40.0_-20.0_forward_right,H_y-34.0_x-40.0_-20.0,H_y-34.0_x-40.0_-20.0,right,forward,forward_right,1
718,-39.500,-32.500,0.500,180.000,H_y-34.0_x-40.0_-20.0_forward_right,H_y-34.0_x-40.0_-20.0,H_y-34.0_x-40.0_-20.0,right,forward,forward_right,1
719,-40.000,-32.500,0.500,180.000,H_y-34.0_x-40.0_-20.0_forward_right,H_y-34.0_x-40.0_-20.0,H_y-34.0_x-40.0_-20.0,right,forward,forward_right,0
720,-40.000,-35.500,0.500,0.000,H_y-34.0_x-40.0_-20.0_reverse_right,H_y-34.0_x-40.0_-20.0,H_y-34.0_x-40.0_-20.0,right,reverse,reverse_right,1
721,-39.500,-35.500,0.500,0.000,H_y-34.0_x-40.0_-20.0_reverse_right,H_y-34.0_x-40.0_-20.0,H_y-34.0_x-40.0_-20.0,right,reverse,reverse_right,1
722,-39.000,-35.500,0.500,0.000,H_y-34.0_x-40.0_-20.0_reverse_right,H_y-34.0_x-40.0_-20.0,H_y-34.0_x-40.0_-20.0,right,reverse,reverse_right,1
723,-38.500,-35.500,0.500,0.000,H_y-34.0_x-40.0_-20.0_reverse_right,H_y-34.0_x-40.0_-20.0,H_y-34.0_x-40.0_-20.0,right,reverse,reverse_right,1
724,-38.000,-35.500,0.500,0.000,H_y-34.0_x-40.0_-20.0_reverse_right,H_y-34.0_x-40.0_-20.0,H_y-34.0_x-40.0_-20.0,right,reverse,reverse_right,1
725,-37.500,-35.500,0.500,0.000,H_y-34.0_x-40.0_-20.0_reverse_right,H_y-34.0_x-40.0_-20.0,H_y-34.0_x-40.0_-20.0,right,reverse,reverse_right,1
726,-37.000,-35.500,0.500,0.000,H_y-34.0_x-40.0_-20.0_reverse_right,H_y-34.0_x-40.0_-20.0,H_y-34.0_x-40.0_-20.0,right,reverse,reverse_right,1
727,-36.500,-35.500,0.500,0.000,H_y-34.0_x-40.0_-20.0_reverse_right,H_y-34.0_x-40.0_-20.0,H_y-34.0_x-40.0_-20.0,right,reverse,reverse_right,1
728,-36.000,-35.500,0.500,0.000,H_y-34.0_x-40.0_-20.0_reverse_right,H_y-34.0_x-40.0_-20.0,H_y-34.0_x-40.0_-20.0,right,reverse,reverse_right,1
729,-35.500,-35.500,0.500,0.000,H_y-34.0_x-40.0_-20.0_reverse_right,H_y-34.0_x-40.0_-20.0,H_y-34.0_x-40.0_-20.0,right,reverse,reverse_right,1
730,-35.000,-35.500,0.500,0.000,H_y-34.0_x-40.0_-20.0_reverse_right,H_y-34.0_x-40.0_-20.0,H_y-34.0_x-40.0_-20.0,right,reverse,reverse_right,1
731,-34.500,-35.500,0.500,0.000,H_y-34.0_x-40.0_-20.0_reverse_right,H_y-34.0_x-40.0_-20.0,H_y-34.0_x-40.0_-20.0,right,reverse,reverse_right,1
732,-34.000,-35.500,0.500,0.000,H_y-34.0_x-40.0_-20.0_reverse_right,H_y-34.0_x-40.0_-20.0,H_y-34.0_x-40.0_-20.0,right,reverse,reverse_right,1
733,-33.500,-35.500,0.500,0.000,H_y-34.0_x-40.0_-20.0_reverse_right,H_y-34.0_x-40.0_-20.0,H_y-34.0_x-40.0_-20.0,right,reverse,reverse_right,1
734,-33.000,-35.500,0.500,0.000,H_y-34.0_x-40.0_-20.0_reverse_right,H_y-34.0_x-40.0_-20.0,H_y-34.0_x-40.0_-20.0,right,reverse,reverse_right,1
735,-32.500,-35.500,0.500,0.000,H_y-34.0_x-40.0_-20.0_reverse_right,H_y-34.0_x-40.0_-20.0,H_y-34.0_x-40.0_-20.0,right,reverse,reverse_right,1
736,-32.000,-35.500,0.500,0.000,H_y-34.0_x-40.0_-20.0_reverse_right,H_y-34.0_x-40.0_-20.0,H_y-34.0_x-40.0_-20.0,right,reverse,reverse_right,1
737,-31.500,-35.500,0.500,0.000,H_y-34.0_x-40.0_-20.0_reverse_right,H_y-34.0_x-40.0_-20.0,H_y-34.0_x-40.0_-20.0,right,reverse,reverse_right,1
738,-31.000,-35.500,0.500,0.000,H_y-34.0_x-40.0_-20.0_reverse_right,H_y-34.0_x-40.0_-20.0,H_y-34.0_x-40.0_-20.0,right,reverse,reverse_right,1
739,-30.500,-35.500,0.500,0.000,H_y-34.0_x-40.0_-20.0_reverse_right,H_y-34.0_x-40.0_-20.0,H_y-34.0_x-40.0_-20.0,right,reverse,reverse_right,1
740,-30.000,-35.500,0.500,0.000,H_y-34.0_x-40.0_-20.0_reverse_right,H_y-34.0_x-40.0_-20.0,H_y-34.0_x-40.0_-20.0,right,reverse,reverse_right,1
741,-29.500,-35.500,0.500,0.000,H_y-34.0_x-40.0_-20.0_reverse_right,H_y-34.0_x-40.0_-20.0,H_y-34.0_x-40.0_-20.0,right,reverse,reverse_right,1
742,-29.000,-35.500,0.500,0.000,H_y-34.0_x-40.0_-20.0_reverse_right,H_y-34.0_x-40.0_-20.0,H_y-34.0_x-40.0_-20.0,right,reverse,reverse_right,1
743,-28.500,-35.500,0.500,0.000,H_y-34.0_x-40.0_-20.0_reverse_right,H_y-34.0_x-40.0_-20.0,H_y-34.0_x-40.0_-20.0,right,reverse,reverse_right,1
744,-28.000,-35.500,0.500,0.000,H_y-34.0_x-40.0_-20.0_reverse_right,H_y-34.0_x-40.0_-20.0,H_y-34.0_x-40.0_-20.0,right,reverse,reverse_right,1
745,-27.500,-35.500,0.500,0.000,H_y-34.0_x-40.0_-20.0_reverse_right,H_y-34.0_x-40.0_-20.0,H_y-34.0_x-40.0_-20.0,right,reverse,reverse_right,1
746,-27.000,-35.500,0.500,0.000,H_y-34.0_x-40.0_-20.0_reverse_right,H_y-34.0_x-40.0_-20.0,H_y-34.0_x-40.0_-20.0,right,reverse,reverse_right,1
747,-26.500,-35.500,0.500,0.000,H_y-34.0_x-40.0_-20.0_reverse_right,H_y-34.0_x-40.0_-20.0,H_y-34.0_x-40.0_-20.0,right,reverse,reverse_right,1
748,-26.000,-35.500,0.500,0.000,H_y-34.0_x-40.0_-20.0_reverse_right,H_y-34.0_x-40.0_-20.0,H_y-34.0_x-40.0_-20.0,right,reverse,reverse_right,1
749,-25.500,-35.500,0.500,0.000,H_y-34.0_x-40.0_-20.0_reverse_right,H_y-34.0_x-40.0_-20.0,H_y-34.0_x-40.0_-20.0,right,reverse,reverse_right,1
750,-25.000,-35.500,0.500,0.000,H_y-34.0_x-40.0_-20.0_reverse_right,H_y-34.0_x-40.0_-20.0,H_y-34.0_x-40.0_-20.0,right,reverse,reverse_right,1
751,-24.500,-35.500,0.500,0.000,H_y-34.0_x-40.0_-20.0_reverse_right,H_y-34.0_x-40.0_-20.0,H_y-34.0_x-40.0_-20.0,right,reverse,reverse_right,1
752,-24.000,-35.500,0.500,0.000,H_y-34.0_x-40.0_-20.0_reverse_right,H_y-34.0_x-40.0_-20.0,H_y-34.0_x-40.0_-20.0,right,reverse,reverse_right,1
753,-23.500,-35.500,0.500,0.000,H_y-34.0_x-40.0_-20.0_reverse_right,H_y-34.0_x-40.0_-20.0,H_y-34.0_x-40.0_-20.0,right,reverse,reverse_right,1
754,-23.000,-35.500,0.500,0.000,H_y-34.0_x-40.0_-20.0_reverse_right,H_y-34.0_x-40.0_-20.0,H_y-34.0_x-40.0_-20.0,right,reverse,reverse_right,1
755,-22.500,-35.500,0.500,0.000,H_y-34.0_x-40.0_-20.0_reverse_right,H_y-34.0_x-40.0_-20.0,H_y-34.0_x-40.0_-20.0,right,reverse,reverse_right,1
756,-22.000,-35.500,0.500,0.000,H_y-34.0_x-40.0_-20.0_reverse_right,H_y-34.0_x-40.0_-20.0,H_y-34.0_x-40.0_-20.0,right,reverse,reverse_right,1
757,-21.500,-35.500,0.500,0.000,H_y-34.0_x-40.0_-20.0_reverse_right,H_y-34.0_x-40.0_-20.0,H_y-34.0_x-40.0_-20.0,right,reverse,reverse_right,1
758,-21.000,-35.500,0.500,0.000,H_y-34.0_x-40.0_-20.0_reverse_right,H_y-34.0_x-40.0_-20.0,H_y-34.0_x-40.0_-20.0,right,reverse,reverse_right,1
759,-20.500,-35.500,0.500,0.000,H_y-34.0_x-40.0_-20.0_reverse_right,H_y-34.0_x-40.0_-20.0,H_y-34.0_x-40.0_-20.0,right,reverse,reverse_right,1
760,-20.000,-35.500,0.500,0.000,H_y-34.0_x-40.0_-20.0_reverse_right,H_y-34.0_x-40.0_-20.0,H_y-34.0_x-40.0_-20.0,right,reverse,reverse_right,0
761,-36.000,-32.500,0.500,180.000,outer_bottom_left_conn0_forward_right,outer_bottom_left_conn0,outer_bottom_left_conn0,right,forward,forward_right,1
762,-36.500,-32.500,0.500,180.000,outer_bottom_left_conn0_forward_right,outer_bottom_left_conn0,outer_bottom_left_conn0,right,forward,forward_right,1
763,-37.000,-32.500,0.500,180.000,outer_bottom_left_conn0_forward_right,outer_bottom_left_conn0,outer_bottom_left_conn0,right,forward,forward_right,1
764,-37.500,-32.500,0.500,180.000,outer_bottom_left_conn0_forward_right,outer_bottom_left_conn0,outer_bottom_left_conn0,right,forward,forward_right,1
765,-38.000,-32.500,0.500,180.000,outer_bottom_left_conn0_forward_right,outer_bottom_left_conn0,outer_bottom_left_conn0,right,forward,forward_right,1
766,-38.500,-32.500,0.500,180.000,outer_bottom_left_conn0_forward_right,outer_bottom_left_conn0,outer_bottom_left_conn0,right,forward,forward_right,1
767,-39.000,-32.500,0.500,180.000,outer_bottom_left_conn0_forward_right,outer_bottom_left_conn0,outer_bottom_left_conn0,right,forward,forward_right,1
768,-39.500,-32.500,0.500,180.000,outer_bottom_left_conn0_forward_right,outer_bottom_left_conn0,outer_bottom_left_conn0,right,forward,forward_right,1
769,-40.000,-32.500,0.500,180.000,outer_bottom_left_conn0_forward_right,outer_bottom_left_conn0,outer_bottom_left_conn0,right,forward,forward_right,0
770,-40.000,-35.500,0.500,0.000,outer_bottom_left_conn0_reverse_right,outer_bottom_left_conn0,outer_bottom_left_conn0,right,reverse,reverse_right,1
771,-39.500,-35.500,0.500,0.000,outer_bottom_left_conn0_reverse_right,outer_bottom_left_conn0,outer_bottom_left_conn0,right,reverse,reverse_right,1
772,-39.000,-35.500,0.500,0.000,outer_bottom_left_conn0_reverse_right,outer_bottom_left_conn0,outer_bottom_left_conn0,right,reverse,reverse_right,1
773,-38.500,-35.500,0.500,0.000,outer_bottom_left_conn0_reverse_right,outer_bottom_left_conn0,outer_bottom_left_conn0,right,reverse,reverse_right,1
774,-38.000,-35.500,0.500,0.000,outer_bottom_left_conn0_reverse_right,outer_bottom_left_conn0,outer_bottom_left_conn0,right,reverse,reverse_right,1
775,-37.500,-35.500,0.500,0.000,outer_bottom_left_conn0_reverse_right,outer_bottom_left_conn0,outer_bottom_left_conn0,right,reverse,reverse_right,1
776,-37.000,-35.500,0.500,0.000,outer_bottom_left_conn0_reverse_right,outer_bottom_left_conn0,outer_bottom_left_conn0,right,reverse,reverse_right,1
777,-36.500,-35.500,0.500,0.000,outer_bottom_left_conn0_reverse_right,outer_bottom_left_conn0,outer_bottom_left_conn0,right,reverse,reverse_right,1
778,-36.000,-35.500,0.500,0.000,outer_bottom_left_conn0_reverse_right,outer_bottom_left_conn0,outer_bottom_left_conn0,right,reverse,reverse_right,0
779,-41.500,-30.000,0.500,-90.000,outer_bottom_left_conn1_forward_right,outer_bottom_left_conn1,outer_bottom_left_conn1,right,forward,forward_right,1
780,-41.500,-30.500,0.500,-90.000,outer_bottom_left_conn1_forward_right,outer_bottom_left_conn1,outer_bottom_left_conn1,right,forward,forward_right,1
781,-41.500,-31.000,0.500,-90.000,outer_bottom_left_conn1_forward_right,outer_bottom_left_conn1,outer_bottom_left_conn1,right,forward,forward_right,1
782,-41.500,-31.500,0.500,-90.000,outer_bottom_left_conn1_forward_right,outer_bottom_left_conn1,outer_bottom_left_conn1,right,forward,forward_right,1
783,-41.500,-32.000,0.500,-90.000,outer_bottom_left_conn1_forward_right,outer_bottom_left_conn1,outer_bottom_left_conn1,right,forward,forward_right,1
784,-41.500,-32.500,0.500,-90.000,outer_bottom_left_conn1_forward_right,outer_bottom_left_conn1,outer_bottom_left_conn1,right,forward,forward_right,1
785,-41.500,-33.000,0.500,-90.000,outer_bottom_left_conn1_forward_right,outer_bottom_left_conn1,outer_bottom_left_conn1,right,forward,forward_right,1
786,-41.500,-33.500,0.500,-90.000,outer_bottom_left_conn1_forward_right,outer_bottom_left_conn1,outer_bottom_left_conn1,right,forward,forward_right,1
787,-41.500,-34.000,0.500,-90.000,outer_bottom_left_conn1_forward_right,outer_bottom_left_conn1,outer_bottom_left_conn1,right,forward,forward_right,0
788,-38.500,-34.000,0.500,90.000,outer_bottom_left_conn1_reverse_right,outer_bottom_left_conn1,outer_bottom_left_conn1,right,reverse,reverse_right,1
789,-38.500,-33.500,0.500,90.000,outer_bottom_left_conn1_reverse_right,outer_bottom_left_conn1,outer_bottom_left_conn1,right,reverse,reverse_right,1
790,-38.500,-33.000,0.500,90.000,outer_bottom_left_conn1_reverse_right,outer_bottom_left_conn1,outer_bottom_left_conn1,right,reverse,reverse_right,1
791,-38.500,-32.500,0.500,90.000,outer_bottom_left_conn1_reverse_right,outer_bottom_left_conn1,outer_bottom_left_conn1,right,reverse,reverse_right,1
792,-38.500,-32.000,0.500,90.000,outer_bottom_left_conn1_reverse_right,outer_bottom_left_conn1,outer_bottom_left_conn1,right,reverse,reverse_right,1
793,-38.500,-31.500,0.500,90.000,outer_bottom_left_conn1_reverse_right,outer_bottom_left_conn1,outer_bottom_left_conn1,right,reverse,reverse_right,1
794,-38.500,-31.000,0.500,90.000,outer_bottom_left_conn1_reverse_right,outer_bottom_left_conn1,outer_bottom_left_conn1,right,reverse,reverse_right,1
795,-38.500,-30.500,0.500,90.000,outer_bottom_left_conn1_reverse_right,outer_bottom_left_conn1,outer_bottom_left_conn1,right,reverse,reverse_right,1
796,-38.500,-30.000,0.500,90.000,outer_bottom_left_conn1_reverse_right,outer_bottom_left_conn1,outer_bottom_left_conn1,right,reverse,reverse_right,0
797,-20.000,46.500,0.500,0.000,H_y48.0_x-20.0_20.0_forward_right,H_y48.0_x-20.0_20.0,H_y48.0_x-20.0_20.0,right,forward,forward_right,1
798,-19.500,46.500,0.500,0.000,H_y48.0_x-20.0_20.0_forward_right,H_y48.0_x-20.0_20.0,H_y48.0_x-20.0_20.0,right,forward,forward_right,1
799,-19.000,46.500,0.500,0.000,H_y48.0_x-20.0_20.0_forward_right,H_y48.0_x-20.0_20.0,H_y48.0_x-20.0_20.0,right,forward,forward_right,1
800,-18.500,46.500,0.500,0.000,H_y48.0_x-20.0_20.0_forward_right,H_y48.0_x-20.0_20.0,H_y48.0_x-20.0_20.0,right,forward,forward_right,1
801,-18.000,46.500,0.500,0.000,H_y48.0_x-20.0_20.0_forward_right,H_y48.0_x-20.0_20.0,H_y48.0_x-20.0_20.0,right,forward,forward_right,1
802,-17.500,46.500,0.500,0.000,H_y48.0_x-20.0_20.0_forward_right,H_y48.0_x-20.0_20.0,H_y48.0_x-20.0_20.0,right,forward,forward_right,1
803,-17.000,46.500,0.500,0.000,H_y48.0_x-20.0_20.0_forward_right,H_y48.0_x-20.0_20.0,H_y48.0_x-20.0_20.0,right,forward,forward_right,1
804,-16.500,46.500,0.500,0.000,H_y48.0_x-20.0_20.0_forward_right,H_y48.0_x-20.0_20.0,H_y48.0_x-20.0_20.0,right,forward,forward_right,1
805,-16.000,46.500,0.500,0.000,H_y48.0_x-20.0_20.0_forward_right,H_y48.0_x-20.0_20.0,H_y48.0_x-20.0_20.0,right,forward,forward_right,1
806,-15.500,46.500,0.500,0.000,H_y48.0_x-20.0_20.0_forward_right,H_y48.0_x-20.0_20.0,H_y48.0_x-20.0_20.0,right,forward,forward_right,1
807,-15.000,46.500,0.500,0.000,H_y48.0_x-20.0_20.0_forward_right,H_y48.0_x-20.0_20.0,H_y48.0_x-20.0_20.0,right,forward,forward_right,1
808,-14.500,46.500,0.500,0.000,H_y48.0_x-20.0_20.0_forward_right,H_y48.0_x-20.0_20.0,H_y48.0_x-20.0_20.0,right,forward,forward_right,1
809,-14.000,46.500,0.500,0.000,H_y48.0_x-20.0_20.0_forward_right,H_y48.0_x-20.0_20.0,H_y48.0_x-20.0_20.0,right,forward,forward_right,1
810,-13.500,46.500,0.500,0.000,H_y48.0_x-20.0_20.0_forward_right,H_y48.0_x-20.0_20.0,H_y48.0_x-20.0_20.0,right,forward,forward_right,1
811,-13.000,46.500,0.500,0.000,H_y48.0_x-20.0_20.0_forward_right,H_y48.0_x-20.0_20.0,H_y48.0_x-20.0_20.0,right,forward,forward_right,1
812,-12.500,46.500,0.500,0.000,H_y48.0_x-20.0_20.0_forward_right,H_y48.0_x-20.0_20.0,H_y48.0_x-20.0_20.0,right,forward,forward_right,1
813,-12.000,46.500,0.500,0.000,H_y48.0_x-20.0_20.0_forward_right,H_y48.0_x-20.0_20.0,H_y48.0_x-20.0_20.0,right,forward,forward_right,1
814,-11.500,46.500,0.500,0.000,H_y48.0_x-20.0_20.0_forward_right,H_y48.0_x-20.0_20.0,H_y48.0_x-20.0_20.0,right,forward,forward_right,1
815,-11.000,46.500,0.500,0.000,H_y48.0_x-20.0_20.0_forward_right,H_y48.0_x-20.0_20.0,H_y48.0_x-20.0_20.0,right,forward,forward_right,1
816,-10.500,46.500,0.500,0.000,H_y48.0_x-20.0_20.0_forward_right,H_y48.0_x-20.0_20.0,H_y48.0_x-20.0_20.0,right,forward,forward_right,1
817,-10.000,46.500,0.500,0.000,H_y48.0_x-20.0_20.0_forward_right,H_y48.0_x-20.0_20.0,H_y48.0_x-20.0_20.0,right,forward,forward_right,1
818,-9.500,46.500,0.500,0.000,H_y48.0_x-20.0_20.0_forward_right,H_y48.0_x-20.0_20.0,H_y48.0_x-20.0_20.0,right,forward,forward_right,1
819,-9.000,46.500,0.500,0.000,H_y48.0_x-20.0_20.0_forward_right,H_y48.0_x-20.0_20.0,H_y48.0_x-20.0_20.0,right,forward,forward_right,1
820,-8.500,46.500,0.500,0.000,H_y48.0_x-20.0_20.0_forward_right,H_y48.0_x-20.0_20.0,H_y48.0_x-20.0_20.0,right,forward,forward_right,1
821,-8.000,46.500,0.500,0.000,H_y48.0_x-20.0_20.0_forward_right,H_y48.0_x-20.0_20.0,H_y48.0_x-20.0_20.0,right,forward,forward_right,1
822,-7.500,46.500,0.500,0.000,H_y48.0_x-20.0_20.0_forward_right,H_y48.0_x-20.0_20.0,H_y48.0_x-20.0_20.0,right,forward,forward_right,1
823,-7.000,46.500,0.500,0.000,H_y48.0_x-20.0_20.0_forward_right,H_y48.0_x-20.0_20.0,H_y48.0_x-20.0_20.0,right,forward,forward_right,1
824,-6.500,46.500,0.500,0.000,H_y48.0_x-20.0_20.0_forward_right,H_y48.0_x-20.0_20.0,H_y48.0_x-20.0_20.0,right,forward,forward_right,1
825,-6.000,46.500,0.500,0.000,H_y48.0_x-20.0_20.0_forward_right,H_y48.0_x-20.0_20.0,H_y48.0_x-20.0_20.0,right,forward,forward_right,1
826,-5.500,46.500,0.500,0.000,H_y48.0_x-20.0_20.0_forward_right,H_y48.0_x-20.0_20.0,H_y48.0_x-20.0_20.0,right,forward,forward_right,1
827,-5.000,46.500,0.500,0.000,H_y48.0_x-20.0_20.0_forward_right,H_y48.0_x-20.0_20.0,H_y48.0_x-20.0_20.0,right,forward,forward_right,1
828,-4.500,46.500,0.500,0.000,H_y48.0_x-20.0_20.0_forward_right,H_y48.0_x-20.0_20.0,H_y48.0_x-20.0_20.0,right,forward,forward_right,1
829,-4.000,46.500,0.500,0.000,H_y48.0_x-20.0_20.0_forward_right,H_y48.0_x-20.0_20.0,H_y48.0_x-20.0_20.0,right,forward,forward_right,1
830,-3.500,46.500,0.500,0.000,H_y48.0_x-20.0_20.0_forward_right,H_y48.0_x-20.0_20.0,H_y48.0_x-20.0_20.0,right,forward,forward_right,1
831,-3.000,46.500,0.500,0.000,H_y48.0_x-20.0_20.0_forward_right,H_y48.0_x-20.0_20.0,H_y48.0_x-20.0_20.0,right,forward,forward_right,1
832,-2.500,46.500,0.500,0.000,H_y48.0_x-20.0_20.0_forward_right,H_y48.0_x-20.0_20.0,H_y48.0_x-20.0_20.0,right,forward,forward_right,1
833,-2.000,46.500,0.500,0.000,H_y48.0_x-20.0_20.0_forward_right,H_y48.0_x-20.0_20.0,H_y48.0_x-20.0_20.0,right,forward,forward_right,1
834,-1.500,46.500,0.500,0.000,H_y48.0_x-20.0_20.0_forward_right,H_y48.0_x-20.0_20.0,H_y48.0_x-20.0_20.0,right,forward,forward_right,1
835,-1.000,46.500,0.500,0.000,H_y48.0_x-20.0_20.0_forward_right,H_y48.0_x-20.0_20.0,H_y48.0_x-20.0_20.0,right,forward,forward_right,1
836,-0.500,46.500,0.500,0.000,H_y48.0_x-20.0_20.0_forward_right,H_y48.0_x-20.0_20.0,H_y48.0_x-20.0_20.0,right,forward,forward_right,1
837,0.000,46.500,0.500,0.000,H_y48.0_x-20.0_20.0_forward_right,H_y48.0_x-20.0_20.0,H_y48.0_x-20.0_20.0,right,forward,forward_right,1
838,0.500,46.500,0.500,0.000,H_y48.0_x-20.0_20.0_forward_right,H_y48.0_x-20.0_20.0,H_y48.0_x-20.0_20.0,right,forward,forward_right,1
839,1.000,46.500,0.500,0.000,H_y48.0_x-20.0_20.0_forward_right,H_y48.0_x-20.0_20.0,H_y48.0_x-20.0_20.0,right,forward,forward_right,1
840,1.500,46.500,0.500,0.000,H_y48.0_x-20.0_20.0_forward_right,H_y48.0_x-20.0_20.0,H_y48.0_x-20.0_20.0,right,forward,forward_right,1
841,2.000,46.500,0.500,0.000,H_y48.0_x-20.0_20.0_forward_right,H_y48.0_x-20.0_20.0,H_y48.0_x-20.0_20.0,right,forward,forward_right,1
842,2.500,46.500,0.500,0.000,H_y48.0_x-20.0_20.0_forward_right,H_y48.0_x-20.0_20.0,H_y48.0_x-20.0_20.0,right,forward,forward_right,1
843,3.000,46.500,0.500,0.000,H_y48.0_x-20.0_20.0_forward_right,H_y48.0_x-20.0_20.0,H_y48.0_x-20.0_20.0,right,forward,forward_right,1
844,3.500,46.500,0.500,0.000,H_y48.0_x-20.0_20.0_forward_right,H_y48.0_x-20.0_20.0,H_y48.0_x-20.0_20.0,right,forward,forward_right,1
845,4.000,46.500,0.500,0.000,H_y48.0_x-20.0_20.0_forward_right,H_y48.0_x-20.0_20.0,H_y48.0_x-20.0_20.0,right,forward,forward_right,1
846,4.500,46.500,0.500,0.000,H_y48.0_x-20.0_20.0_forward_right,H_y48.0_x-20.0_20.0,H_y48.0_x-20.0_20.0,right,forward,forward_right,1
847,5.000,46.500,0.500,0.000,H_y48.0_x-20.0_20.0_forward_right,H_y48.0_x-20.0_20.0,H_y48.0_x-20.0_20.0,right,forward,forward_right,1
848,5.500,46.500,0.500,0.000,H_y48.0_x-20.0_20.0_forward_right,H_y48.0_x-20.0_20.0,H_y48.0_x-20.0_20.0,right,forward,forward_right,1
849,6.000,46.500,0.500,0.000,H_y48.0_x-20.0_20.0_forward_right,H_y48.0_x-20.0_20.0,H_y48.0_x-20.0_20.0,right,forward,forward_right,1
850,6.500,46.500,0.500,0.000,H_y48.0_x-20.0_20.0_forward_right,H_y48.0_x-20.0_20.0,H_y48.0_x-20.0_20.0,right,forward,forward_right,1
851,7.000,46.500,0.500,0.000,H_y48.0_x-20.0_20.0_forward_right,H_y48.0_x-20.0_20.0,H_y48.0_x-20.0_20.0,right,forward,forward_right,1
852,7.500,46.500,0.500,0.000,H_y48.0_x-20.0_20.0_forward_right,H_y48.0_x-20.0_20.0,H_y48.0_x-20.0_20.0,right,forward,forward_right,1
853,8.000,46.500,0.500,0.000,H_y48.0_x-20.0_20.0_forward_right,H_y48.0_x-20.0_20.0,H_y48.0_x-20.0_20.0,right,forward,forward_right,1
854,8.500,46.500,0.500,0.000,H_y48.0_x-20.0_20.0_forward_right,H_y48.0_x-20.0_20.0,H_y48.0_x-20.0_20.0,right,forward,forward_right,1
855,9.000,46.500,0.500,0.000,H_y48.0_x-20.0_20.0_forward_right,H_y48.0_x-20.0_20.0,H_y48.0_x-20.0_20.0,right,forward,forward_right,1
856,9.500,46.500,0.500,0.000,H_y48.0_x-20.0_20.0_forward_right,H_y48.0_x-20.0_20.0,H_y48.0_x-20.0_20.0,right,forward,forward_right,1
857,10.000,46.500,0.500,0.000,H_y48.0_x-20.0_20.0_forward_right,H_y48.0_x-20.0_20.0,H_y48.0_x-20.0_20.0,right,forward,forward_right,1
858,10.500,46.500,0.500,0.000,H_y48.0_x-20.0_20.0_forward_right,H_y48.0_x-20.0_20.0,H_y48.0_x-20.0_20.0,right,forward,forward_right,1
859,11.000,46.500,0.500,0.000,H_y48.0_x-20.0_20.0_forward_right,H_y48.0_x-20.0_20.0,H_y48.0_x-20.0_20.0,right,forward,forward_right,1
860,11.500,46.500,0.500,0.000,H_y48.0_x-20.0_20.0_forward_right,H_y48.0_x-20.0_20.0,H_y48.0_x-20.0_20.0,right,forward,forward_right,1
861,12.000,46.500,0.500,0.000,H_y48.0_x-20.0_20.0_forward_right,H_y48.0_x-20.0_20.0,H_y48.0_x-20.0_20.0,right,forward,forward_right,1
862,12.500,46.500,0.500,0.000,H_y48.0_x-20.0_20.0_forward_right,H_y48.0_x-20.0_20.0,H_y48.0_x-20.0_20.0,right,forward,forward_right,1
863,13.000,46.500,0.500,0.000,H_y48.0_x-20.0_20.0_forward_right,H_y48.0_x-20.0_20.0,H_y48.0_x-20.0_20.0,right,forward,forward_right,1
864,13.500,46.500,0.500,0.000,H_y48.0_x-20.0_20.0_forward_right,H_y48.0_x-20.0_20.0,H_y48.0_x-20.0_20.0,right,forward,forward_right,1
865,14.000,46.500,0.500,0.000,H_y48.0_x-20.0_20.0_forward_right,H_y48.0_x-20.0_20.0,H_y48.0_x-20.0_20.0,right,forward,forward_right,1
866,14.500,46.500,0.500,0.000,H_y48.0_x-20.0_20.0_forward_right,H_y48.0_x-20.0_20.0,H_y48.0_x-20.0_20.0,right,forward,forward_right,1
867,15.000,46.500,0.500,0.000,H_y48.0_x-20.0_20.0_forward_right,H_y48.0_x-20.0_20.0,H_y48.0_x-20.0_20.0,right,forward,forward_right,1
868,15.500,46.500,0.500,0.000,H_y48.0_x-20.0_20.0_forward_right,H_y48.0_x-20.0_20.0,H_y48.0_x-20.0_20.0,right,forward,forward_right,1
869,16.000,46.500,0.500,0.000,H_y48.0_x-20.0_20.0_forward_right,H_y48.0_x-20.0_20.0,H_y48.0_x-20.0_20.0,right,forward,forward_right,1
870,16.500,46.500,0.500,0.000,H_y48.0_x-20.0_20.0_forward_right,H_y48.0_x-20.0_20.0,H_y48.0_x-20.0_20.0,right,forward,forward_right,1
871,17.000,46.500,0.500,0.000,H_y48.0_x-20.0_20.0_forward_right,H_y48.0_x-20.0_20.0,H_y48.0_x-20.0_20.0,right,forward,forward_right,1
872,17.500,46.500,0.500,0.000,H_y48.0_x-20.0_20.0_forward_right,H_y48.0_x-20.0_20.0,H_y48.0_x-20.0_20.0,right,forward,forward_right,1
873,18.000,46.500,0.500,0.000,H_y48.0_x-20.0_20.0_forward_right,H_y48.0_x-20.0_20.0,H_y48.0_x-20.0_20.0,right,forward,forward_right,1
874,18.500,46.500,0.500,0.000,H_y48.0_x-20.0_20.0_forward_right,H_y48.0_x-20.0_20.0,H_y48.0_x-20.0_20.0,right,forward,forward_right,1
875,19.000,46.500,0.500,0.000,H_y48.0_x-20.0_20.0_forward_right,H_y48.0_x-20.0_20.0,H_y48.0_x-20.0_20.0,right,forward,forward_right,1
876,19.500,46.500,0.500,0.000,H_y48.0_x-20.0_20.0_forward_right,H_y48.0_x-20.0_20.0,H_y48.0_x-20.0_20.0,right,forward,forward_right,1
877,20.000,46.500,0.500,0.000,H_y48.0_x-20.0_20.0_forward_right,H_y48.0_x-20.0_20.0,H_y48.0_x-20.0_20.0,right,forward,forward_right,0
878,20.000,49.500,0.500,180.000,H_y48.0_x-20.0_20.0_reverse_right,H_y48.0_x-20.0_20.0,H_y48.0_x-20.0_20.0,right,reverse,reverse_right,1
879,19.500,49.500,0.500,180.000,H_y48.0_x-20.0_20.0_reverse_right,H_y48.0_x-20.0_20.0,H_y48.0_x-20.0_20.0,right,reverse,reverse_right,1
880,19.000,49.500,0.500,180.000,H_y48.0_x-20.0_20.0_reverse_right,H_y48.0_x-20.0_20.0,H_y48.0_x-20.0_20.0,right,reverse,reverse_right,1
881,18.500,49.500,0.500,180.000,H_y48.0_x-20.0_20.0_reverse_right,H_y48.0_x-20.0_20.0,H_y48.0_x-20.0_20.0,right,reverse,reverse_right,1
882,18.000,49.500,0.500,180.000,H_y48.0_x-20.0_20.0_reverse_right,H_y48.0_x-20.0_20.0,H_y48.0_x-20.0_20.0,right,reverse,reverse_right,1
883,17.500,49.500,0.500,180.000,H_y48.0_x-20.0_20.0_reverse_right,H_y48.0_x-20.0_20.0,H_y48.0_x-20.0_20.0,right,reverse,reverse_right,1
884,17.000,49.500,0.500,180.000,H_y48.0_x-20.0_20.0_reverse_right,H_y48.0_x-20.0_20.0,H_y48.0_x-20.0_20.0,right,reverse,reverse_right,1
885,16.500,49.500,0.500,180.000,H_y48.0_x-20.0_20.0_reverse_right,H_y48.0_x-20.0_20.0,H_y48.0_x-20.0_20.0,right,reverse,reverse_right,1
886,16.000,49.500,0.500,180.000,H_y48.0_x-20.0_20.0_reverse_right,H_y48.0_x-20.0_20.0,H_y48.0_x-20.0_20.0,right,reverse,reverse_right,1
887,15.500,49.500,0.500,180.000,H_y48.0_x-20.0_20.0_reverse_right,H_y48.0_x-20.0_20.0,H_y48.0_x-20.0_20.0,right,reverse,reverse_right,1
888,15.000,49.500,0.500,180.000,H_y48.0_x-20.0_20.0_reverse_right,H_y48.0_x-20.0_20.0,H_y48.0_x-20.0_20.0,right,reverse,reverse_right,1
889,14.500,49.500,0.500,180.000,H_y48.0_x-20.0_20.0_reverse_right,H_y48.0_x-20.0_20.0,H_y48.0_x-20.0_20.0,right,reverse,reverse_right,1
890,14.000,49.500,0.500,180.000,H_y48.0_x-20.0_20.0_reverse_right,H_y48.0_x-20.0_20.0,H_y48.0_x-20.0_20.0,right,reverse,reverse_right,1
891,13.500,49.500,0.500,180.000,H_y48.0_x-20.0_20.0_reverse_right,H_y48.0_x-20.0_20.0,H_y48.0_x-20.0_20.0,right,reverse,reverse_right,1
892,13.000,49.500,0.500,180.000,H_y48.0_x-20.0_20.0_reverse_right,H_y48.0_x-20.0_20.0,H_y48.0_x-20.0_20.0,right,reverse,reverse_right,1
893,12.500,49.500,0.500,180.000,H_y48.0_x-20.0_20.0_reverse_right,H_y48.0_x-20.0_20.0,H_y48.0_x-20.0_20.0,right,reverse,reverse_right,1
894,12.000,49.500,0.500,180.000,H_y48.0_x-20.0_20.0_reverse_right,H_y48.0_x-20.0_20.0,H_y48.0_x-20.0_20.0,right,reverse,reverse_right,1
895,11.500,49.500,0.500,180.000,H_y48.0_x-20.0_20.0_reverse_right,H_y48.0_x-20.0_20.0,H_y48.0_x-20.0_20.0,right,reverse,reverse_right,1
896,11.000,49.500,0.500,180.000,H_y48.0_x-20.0_20.0_reverse_right,H_y48.0_x-20.0_20.0,H_y48.0_x-20.0_20.0,right,reverse,reverse_right,1
897,10.500,49.500,0.500,180.000,H_y48.0_x-20.0_20.0_reverse_right,H_y48.0_x-20.0_20.0,H_y48.0_x-20.0_20.0,right,reverse,reverse_right,1
898,10.000,49.500,0.500,180.000,H_y48.0_x-20.0_20.0_reverse_right,H_y48.0_x-20.0_20.0,H_y48.0_x-20.0_20.0,right,reverse,reverse_right,1
899,9.500,49.500,0.500,180.000,H_y48.0_x-20.0_20.0_reverse_right,H_y48.0_x-20.0_20.0,H_y48.0_x-20.0_20.0,right,reverse,reverse_right,1
900,9.000,49.500,0.500,180.000,H_y48.0_x-20.0_20.0_reverse_right,H_y48.0_x-20.0_20.0,H_y48.0_x-20.0_20.0,right,reverse,reverse_right,1
901,8.500,49.500,0.500,180.000,H_y48.0_x-20.0_20.0_reverse_right,H_y48.0_x-20.0_20.0,H_y48.0_x-20.0_20.0,right,reverse,reverse_right,1
902,8.000,49.500,0.500,180.000,H_y48.0_x-20.0_20.0_reverse_right,H_y48.0_x-20.0_20.0,H_y48.0_x-20.0_20.0,right,reverse,reverse_right,1
903,7.500,49.500,0.500,180.000,H_y48.0_x-20.0_20.0_reverse_right,H_y48.0_x-20.0_20.0,H_y48.0_x-20.0_20.0,right,reverse,reverse_right,1
904,7.000,49.500,0.500,180.000,H_y48.0_x-20.0_20.0_reverse_right,H_y48.0_x-20.0_20.0,H_y48.0_x-20.0_20.0,right,reverse,reverse_right,1
905,6.500,49.500,0.500,180.000,H_y48.0_x-20.0_20.0_reverse_right,H_y48.0_x-20.0_20.0,H_y48.0_x-20.0_20.0,right,reverse,reverse_right,1
906,6.000,49.500,0.500,180.000,H_y48.0_x-20.0_20.0_reverse_right,H_y48.0_x-20.0_20.0,H_y48.0_x-20.0_20.0,right,reverse,reverse_right,1
907,5.500,49.500,0.500,180.000,H_y48.0_x-20.0_20.0_reverse_right,H_y48.0_x-20.0_20.0,H_y48.0_x-20.0_20.0,right,reverse,reverse_right,1
908,5.000,49.500,0.500,180.000,H_y48.0_x-20.0_20.0_reverse_right,H_y48.0_x-20.0_20.0,H_y48.0_x-20.0_20.0,right,reverse,reverse_right,1
909,4.500,49.500,0.500,180.000,H_y48.0_x-20.0_20.0_reverse_right,H_y48.0_x-20.0_20.0,H_y48.0_x-20.0_20.0,right,reverse,reverse_right,1
910,4.000,49.500,0.500,180.000,H_y48.0_x-20.0_20.0_reverse_right,H_y48.0_x-20.0_20.0,H_y48.0_x-20.0_20.0,right,reverse,reverse_right,1
911,3.500,49.500,0.500,180.000,H_y48.0_x-20.0_20.0_reverse_right,H_y48.0_x-20.0_20.0,H_y48.0_x-20.0_20.0,right,reverse,reverse_right,1
912,3.000,49.500,0.500,180.000,H_y48.0_x-20.0_20.0_reverse_right,H_y48.0_x-20.0_20.0,H_y48.0_x-20.0_20.0,right,reverse,reverse_right,1
913,2.500,49.500,0.500,180.000,H_y48.0_x-20.0_20.0_reverse_right,H_y48.0_x-20.0_20.0,H_y48.0_x-20.0_20.0,right,reverse,reverse_right,1
914,2.000,49.500,0.500,180.000,H_y48.0_x-20.0_20.0_reverse_right,H_y48.0_x-20.0_20.0,H_y48.0_x-20.0_20.0,right,reverse,reverse_right,1
915,1.500,49.500,0.500,180.000,H_y48.0_x-20.0_20.0_reverse_right,H_y48.0_x-20.0_20.0,H_y48.0_x-20.0_20.0,right,reverse,reverse_right,1
916,1.000,49.500,0.500,180.000,H_y48.0_x-20.0_20.0_reverse_right,H_y48.0_x-20.0_20.0,H_y48.0_x-20.0_20.0,right,reverse,reverse_right,1
917,0.500,49.500,0.500,180.000,H_y48.0_x-20.0_20.0_reverse_right,H_y48.0_x-20.0_20.0,H_y48.0_x-20.0_20.0,right,reverse,reverse_right,1
918,0.000,49.500,0.500,180.000,H_y48.0_x-20.0_20.0_reverse_right,H_y48.0_x-20.0_20.0,H_y48.0_x-20.0_20.0,right,reverse,reverse_right,1
919,-0.500,49.500,0.500,180.000,H_y48.0_x-20.0_20.0_reverse_right,H_y48.0_x-20.0_20.0,H_y48.0_x-20.0_20.0,right,reverse,reverse_right,1
920,-1.000,49.500,0.500,180.000,H_y48.0_x-20.0_20.0_reverse_right,H_y48.0_x-20.0_20.0,H_y48.0_x-20.0_20.0,right,reverse,reverse_right,1
921,-1.500,49.500,0.500,180.000,H_y48.0_x-20.0_20.0_reverse_right,H_y48.0_x-20.0_20.0,H_y48.0_x-20.0_20.0,right,reverse,reverse_right,1
922,-2.000,49.500,0.500,180.000,H_y48.0_x-20.0_20.0_reverse_right,H_y48.0_x-20.0_20.0,H_y48.0_x-20.0_20.0,right,reverse,reverse_right,1
923,-2.500,49.500,0.500,180.000,H_y48.0_x-20.0_20.0_reverse_right,H_y48.0_x-20.0_20.0,H_y48.0_x-20.0_20.0,right,reverse,reverse_right,1
924,-3.000,49.500,0.500,180.000,H_y48.0_x-20.0_20.0_reverse_right,H_y48.0_x-20.0_20.0,H_y48.0_x-20.0_20.0,right,reverse,reverse_right,1
925,-3.500,49.500,0.500,180.000,H_y48.0_x-20.0_20.0_reverse_right,H_y48.0_x-20.0_20.0,H_y48.0_x-20.0_20.0,right,reverse,reverse_right,1
926,-4.000,49.500,0.500,180.000,H_y48.0_x-20.0_20.0_reverse_right,H_y48.0_x-20.0_20.0,H_y48.0_x-20.0_20.0,right,reverse,reverse_right,1
927,-4.500,49.500,0.500,180.000,H_y48.0_x-20.0_20.0_reverse_right,H_y48.0_x-20.0_20.0,H_y48.0_x-20.0_20.0,right,reverse,reverse_right,1
928,-5.000,49.500,0.500,180.000,H_y48.0_x-20.0_20.0_reverse_right,H_y48.0_x-20.0_20.0,H_y48.0_x-20.0_20.0,right,reverse,reverse_right,1
929,-5.500,49.500,0.500,180.000,H_y48.0_x-20.0_20.0_reverse_right,H_y48.0_x-20.0_20.0,H_y48.0_x-20.0_20.0,right,reverse,reverse_right,1
930,-6.000,49.500,0.500,180.000,H_y48.0_x-20.0_20.0_reverse_right,H_y48.0_x-20.0_20.0,H_y48.0_x-20.0_20.0,right,reverse,reverse_right,1
931,-6.500,49.500,0.500,180.000,H_y48.0_x-20.0_20.0_reverse_right,H_y48.0_x-20.0_20.0,H_y48.0_x-20.0_20.0,right,reverse,reverse_right,1
932,-7.000,49.500,0.500,180.000,H_y48.0_x-20.0_20.0_reverse_right,H_y48.0_x-20.0_20.0,H_y48.0_x-20.0_20.0,right,reverse,reverse_right,1
933,-7.500,49.500,0.500,180.000,H_y48.0_x-20.0_20.0_reverse_right,H_y48.0_x-20.0_20.0,H_y48.0_x-20.0_20.0,right,reverse,reverse_right,1
934,-8.000,49.500,0.500,180.000,H_y48.0_x-20.0_20.0_reverse_right,H_y48.0_x-20.0_20.0,H_y48.0_x-20.0_20.0,right,reverse,reverse_right,1
935,-8.500,49.500,0.500,180.000,H_y48.0_x-20.0_20.0_reverse_right,H_y48.0_x-20.0_20.0,H_y48.0_x-20.0_20.0,right,reverse,reverse_right,1
936,-9.000,49.500,0.500,180.000,H_y48.0_x-20.0_20.0_reverse_right,H_y48.0_x-20.0_20.0,H_y48.0_x-20.0_20.0,right,reverse,reverse_right,1
937,-9.500,49.500,0.500,180.000,H_y48.0_x-20.0_20.0_reverse_right,H_y48.0_x-20.0_20.0,H_y48.0_x-20.0_20.0,right,reverse,reverse_right,1
938,-10.000,49.500,0.500,180.000,H_y48.0_x-20.0_20.0_reverse_right,H_y48.0_x-20.0_20.0,H_y48.0_x-20.0_20.0,right,reverse,reverse_right,1
939,-10.500,49.500,0.500,180.000,H_y48.0_x-20.0_20.0_reverse_right,H_y48.0_x-20.0_20.0,H_y48.0_x-20.0_20.0,right,reverse,reverse_right,1
940,-11.000,49.500,0.500,180.000,H_y48.0_x-20.0_20.0_reverse_right,H_y48.0_x-20.0_20.0,H_y48.0_x-20.0_20.0,right,reverse,reverse_right,1
941,-11.500,49.500,0.500,180.000,H_y48.0_x-20.0_20.0_reverse_right,H_y48.0_x-20.0_20.0,H_y48.0_x-20.0_20.0,right,reverse,reverse_right,1
942,-12.000,49.500,0.500,180.000,H_y48.0_x-20.0_20.0_reverse_right,H_y48.0_x-20.0_20.0,H_y48.0_x-20.0_20.0,right,reverse,reverse_right,1
943,-12.500,49.500,0.500,180.000,H_y48.0_x-20.0_20.0_reverse_right,H_y48.0_x-20.0_20.0,H_y48.0_x-20.0_20.0,right,reverse,reverse_right,1
944,-13.000,49.500,0.500,180.000,H_y48.0_x-20.0_20.0_reverse_right,H_y48.0_x-20.0_20.0,H_y48.0_x-20.0_20.0,right,reverse,reverse_right,1
945,-13.500,49.500,0.500,180.000,H_y48.0_x-20.0_20.0_reverse_right,H_y48.0_x-20.0_20.0,H_y48.0_x-20.0_20.0,right,reverse,reverse_right,1
946,-14.000,49.500,0.500,180.000,H_y48.0_x-20.0_20.0_reverse_right,H_y48.0_x-20.0_20.0,H_y48.0_x-20.0_20.0,right,reverse,reverse_right,1
947,-14.500,49.500,0.500,180.000,H_y48.0_x-20.0_20.0_reverse_right,H_y48.0_x-20.0_20.0,H_y48.0_x-20.0_20.0,right,reverse,reverse_right,1
948,-15.000,49.500,0.500,180.000,H_y48.0_x-20.0_20.0_reverse_right,H_y48.0_x-20.0_20.0,H_y48.0_x-20.0_20.0,right,reverse,reverse_right,1
949,-15.500,49.500,0.500,180.000,H_y48.0_x-20.0_20.0_reverse_right,H_y48.0_x-20.0_20.0,H_y48.0_x-20.0_20.0,right,reverse,reverse_right,1
950,-16.000,49.500,0.500,180.000,H_y48.0_x-20.0_20.0_reverse_right,H_y48.0_x-20.0_20.0,H_y48.0_x-20.0_20.0,right,reverse,reverse_right,1
951,-16.500,49.500,0.500,180.000,H_y48.0_x-20.0_20.0_reverse_right,H_y48.0_x-20.0_20.0,H_y48.0_x-20.0_20.0,right,reverse,reverse_right,1
952,-17.000,49.500,0.500,180.000,H_y48.0_x-20.0_20.0_reverse_right,H_y48.0_x-20.0_20.0,H_y48.0_x-20.0_20.0,right,reverse,reverse_right,1
953,-17.500,49.500,0.500,180.000,H_y48.0_x-20.0_20.0_reverse_right,H_y48.0_x-20.0_20.0,H_y48.0_x-20.0_20.0,right,reverse,reverse_right,1
954,-18.000,49.500,0.500,180.000,H_y48.0_x-20.0_20.0_reverse_right,H_y48.0_x-20.0_20.0,H_y48.0_x-20.0_20.0,right,reverse,reverse_right,1
955,-18.500,49.500,0.500,180.000,H_y48.0_x-20.0_20.0_reverse_right,H_y48.0_x-20.0_20.0,H_y48.0_x-20.0_20.0,right,reverse,reverse_right,1
956,-19.000,49.500,0.500,180.000,H_y48.0_x-20.0_20.0_reverse_right,H_y48.0_x-20.0_20.0,H_y48.0_x-20.0_20.0,right,reverse,reverse_right,1
957,-19.500,49.500,0.500,180.000,H_y48.0_x-20.0_20.0_reverse_right,H_y48.0_x-20.0_20.0,H_y48.0_x-20.0_20.0,right,reverse,reverse_right,1
958,-20.000,49.500,0.500,180.000,H_y48.0_x-20.0_20.0_reverse_right,H_y48.0_x-20.0_20.0,H_y48.0_x-20.0_20.0,right,reverse,reverse_right,0
959,-18.500,26.000,0.500,90.000,V_x-20.0_y26.0_48.0_forward_right,V_x-20.0_y26.0_48.0,V_x-20.0_y26.0_48.0,right,forward,forward_right,1
960,-18.500,26.500,0.500,90.000,V_x-20.0_y26.0_48.0_forward_right,V_x-20.0_y26.0_48.0,V_x-20.0_y26.0_48.0,right,forward,forward_right,1
961,-18.500,27.000,0.500,90.000,V_x-20.0_y26.0_48.0_forward_right,V_x-20.0_y26.0_48.0,V_x-20.0_y26.0_48.0,right,forward,forward_right,1
962,-18.500,27.500,0.500,90.000,V_x-20.0_y26.0_48.0_forward_right,V_x-20.0_y26.0_48.0,V_x-20.0_y26.0_48.0,right,forward,forward_right,1
963,-18.500,28.000,0.500,90.000,V_x-20.0_y26.0_48.0_forward_right,V_x-20.0_y26.0_48.0,V_x-20.0_y26.0_48.0,right,forward,forward_right,1
964,-18.500,28.500,0.500,90.000,V_x-20.0_y26.0_48.0_forward_right,V_x-20.0_y26.0_48.0,V_x-20.0_y26.0_48.0,right,forward,forward_right,1
965,-18.500,29.000,0.500,90.000,V_x-20.0_y26.0_48.0_forward_right,V_x-20.0_y26.0_48.0,V_x-20.0_y26.0_48.0,right,forward,forward_right,1
966,-18.500,29.500,0.500,90.000,V_x-20.0_y26.0_48.0_forward_right,V_x-20.0_y26.0_48.0,V_x-20.0_y26.0_48.0,right,forward,forward_right,1
967,-18.500,30.000,0.500,90.000,V_x-20.0_y26.0_48.0_forward_right,V_x-20.0_y26.0_48.0,V_x-20.0_y26.0_48.0,right,forward,forward_right,1
968,-18.500,30.500,0.500,90.000,V_x-20.0_y26.0_48.0_forward_right,V_x-20.0_y26.0_48.0,V_x-20.0_y26.0_48.0,right,forward,forward_right,1
969,-18.500,31.000,0.500,90.000,V_x-20.0_y26.0_48.0_forward_right,V_x-20.0_y26.0_48.0,V_x-20.0_y26.0_48.0,right,forward,forward_right,1
970,-18.500,31.500,0.500,90.000,V_x-20.0_y26.0_48.0_forward_right,V_x-20.0_y26.0_48.0,V_x-20.0_y26.0_48.0,right,forward,forward_right,1
971,-18.500,32.000,0.500,90.000,V_x-20.0_y26.0_48.0_forward_right,V_x-20.0_y26.0_48.0,V_x-20.0_y26.0_48.0,right,forward,forward_right,1
972,-18.500,32.500,0.500,90.000,V_x-20.0_y26.0_48.0_forward_right,V_x-20.0_y26.0_48.0,V_x-20.0_y26.0_48.0,right,forward,forward_right,1
973,-18.500,33.000,0.500,90.000,V_x-20.0_y26.0_48.0_forward_right,V_x-20.0_y26.0_48.0,V_x-20.0_y26.0_48.0,right,forward,forward_right,1
974,-18.500,33.500,0.500,90.000,V_x-20.0_y26.0_48.0_forward_right,V_x-20.0_y26.0_48.0,V_x-20.0_y26.0_48.0,right,forward,forward_right,1
975,-18.500,34.000,0.500,90.000,V_x-20.0_y26.0_48.0_forward_right,V_x-20.0_y26.0_48.0,V_x-20.0_y26.0_48.0,right,forward,forward_right,1
976,-18.500,34.500,0.500,90.000,V_x-20.0_y26.0_48.0_forward_right,V_x-20.0_y26.0_48.0,V_x-20.0_y26.0_48.0,right,forward,forward_right,1
977,-18.500,35.000,0.500,90.000,V_x-20.0_y26.0_48.0_forward_right,V_x-20.0_y26.0_48.0,V_x-20.0_y26.0_48.0,right,forward,forward_right,1
978,-18.500,35.500,0.500,90.000,V_x-20.0_y26.0_48.0_forward_right,V_x-20.0_y26.0_48.0,V_x-20.0_y26.0_48.0,right,forward,forward_right,1
979,-18.500,36.000,0.500,90.000,V_x-20.0_y26.0_48.0_forward_right,V_x-20.0_y26.0_48.0,V_x-20.0_y26.0_48.0,right,forward,forward_right,1
980,-18.500,36.500,0.500,90.000,V_x-20.0_y26.0_48.0_forward_right,V_x-20.0_y26.0_48.0,V_x-20.0_y26.0_48.0,right,forward,forward_right,1
981,-18.500,37.000,0.500,90.000,V_x-20.0_y26.0_48.0_forward_right,V_x-20.0_y26.0_48.0,V_x-20.0_y26.0_48.0,right,forward,forward_right,1
982,-18.500,37.500,0.500,90.000,V_x-20.0_y26.0_48.0_forward_right,V_x-20.0_y26.0_48.0,V_x-20.0_y26.0_48.0,right,forward,forward_right,1
983,-18.500,38.000,0.500,90.000,V_x-20.0_y26.0_48.0_forward_right,V_x-20.0_y26.0_48.0,V_x-20.0_y26.0_48.0,right,forward,forward_right,1
984,-18.500,38.500,0.500,90.000,V_x-20.0_y26.0_48.0_forward_right,V_x-20.0_y26.0_48.0,V_x-20.0_y26.0_48.0,right,forward,forward_right,1
985,-18.500,39.000,0.500,90.000,V_x-20.0_y26.0_48.0_forward_right,V_x-20.0_y26.0_48.0,V_x-20.0_y26.0_48.0,right,forward,forward_right,1
986,-18.500,39.500,0.500,90.000,V_x-20.0_y26.0_48.0_forward_right,V_x-20.0_y26.0_48.0,V_x-20.0_y26.0_48.0,right,forward,forward_right,1
987,-18.500,40.000,0.500,90.000,V_x-20.0_y26.0_48.0_forward_right,V_x-20.0_y26.0_48.0,V_x-20.0_y26.0_48.0,right,forward,forward_right,1
988,-18.500,40.500,0.500,90.000,V_x-20.0_y26.0_48.0_forward_right,V_x-20.0_y26.0_48.0,V_x-20.0_y26.0_48.0,right,forward,forward_right,1
989,-18.500,41.000,0.500,90.000,V_x-20.0_y26.0_48.0_forward_right,V_x-20.0_y26.0_48.0,V_x-20.0_y26.0_48.0,right,forward,forward_right,1
990,-18.500,41.500,0.500,90.000,V_x-20.0_y26.0_48.0_forward_right,V_x-20.0_y26.0_48.0,V_x-20.0_y26.0_48.0,right,forward,forward_right,1
991,-18.500,42.000,0.500,90.000,V_x-20.0_y26.0_48.0_forward_right,V_x-20.0_y26.0_48.0,V_x-20.0_y26.0_48.0,right,forward,forward_right,1
992,-18.500,42.500,0.500,90.000,V_x-20.0_y26.0_48.0_forward_right,V_x-20.0_y26.0_48.0,V_x-20.0_y26.0_48.0,right,forward,forward_right,1
993,-18.500,43.000,0.500,90.000,V_x-20.0_y26.0_48.0_forward_right,V_x-20.0_y26.0_48.0,V_x-20.0_y26.0_48.0,right,forward,forward_right,1
994,-18.500,43.500,0.500,90.000,V_x-20.0_y26.0_48.0_forward_right,V_x-20.0_y26.0_48.0,V_x-20.0_y26.0_48.0,right,forward,forward_right,1
995,-18.500,44.000,0.500,90.000,V_x-20.0_y26.0_48.0_forward_right,V_x-20.0_y26.0_48.0,V_x-20.0_y26.0_48.0,right,forward,forward_right,1
996,-18.500,44.500,0.500,90.000,V_x-20.0_y26.0_48.0_forward_right,V_x-20.0_y26.0_48.0,V_x-20.0_y26.0_48.0,right,forward,forward_right,1
997,-18.500,45.000,0.500,90.000,V_x-20.0_y26.0_48.0_forward_right,V_x-20.0_y26.0_48.0,V_x-20.0_y26.0_48.0,right,forward,forward_right,1
998,-18.500,45.500,0.500,90.000,V_x-20.0_y26.0_48.0_forward_right,V_x-20.0_y26.0_48.0,V_x-20.0_y26.0_48.0,right,forward,forward_right,1
999,-18.500,46.000,0.500,90.000,V_x-20.0_y26.0_48.0_forward_right,V_x-20.0_y26.0_48.0,V_x-20.0_y26.0_48.0,right,forward,forward_right,1
1000,-18.500,46.500,0.500,90.000,V_x-20.0_y26.0_48.0_forward_right,V_x-20.0_y26.0_48.0,V_x-20.0_y26.0_48.0,right,forward,forward_right,1
1001,-18.500,47.000,0.500,90.000,V_x-20.0_y26.0_48.0_forward_right,V_x-20.0_y26.0_48.0,V_x-20.0_y26.0_48.0,right,forward,forward_right,1
1002,-18.500,47.500,0.500,90.000,V_x-20.0_y26.0_48.0_forward_right,V_x-20.0_y26.0_48.0,V_x-20.0_y26.0_48.0,right,forward,forward_right,1
1003,-18.500,48.000,0.500,90.000,V_x-20.0_y26.0_48.0_forward_right,V_x-20.0_y26.0_48.0,V_x-20.0_y26.0_48.0,right,forward,forward_right,0
1004,-21.500,48.000,0.500,-90.000,V_x-20.0_y26.0_48.0_reverse_right,V_x-20.0_y26.0_48.0,V_x-20.0_y26.0_48.0,right,reverse,reverse_right,1
1005,-21.500,47.500,0.500,-90.000,V_x-20.0_y26.0_48.0_reverse_right,V_x-20.0_y26.0_48.0,V_x-20.0_y26.0_48.0,right,reverse,reverse_right,1
1006,-21.500,47.000,0.500,-90.000,V_x-20.0_y26.0_48.0_reverse_right,V_x-20.0_y26.0_48.0,V_x-20.0_y26.0_48.0,right,reverse,reverse_right,1
1007,-21.500,46.500,0.500,-90.000,V_x-20.0_y26.0_48.0_reverse_right,V_x-20.0_y26.0_48.0,V_x-20.0_y26.0_48.0,right,reverse,reverse_right,1
1008,-21.500,46.000,0.500,-90.000,V_x-20.0_y26.0_48.0_reverse_right,V_x-20.0_y26.0_48.0,V_x-20.0_y26.0_48.0,right,reverse,reverse_right,1
1009,-21.500,45.500,0.500,-90.000,V_x-20.0_y26.0_48.0_reverse_right,V_x-20.0_y26.0_48.0,V_x-20.0_y26.0_48.0,right,reverse,reverse_right,1
1010,-21.500,45.000,0.500,-90.000,V_x-20.0_y26.0_48.0_reverse_right,V_x-20.0_y26.0_48.0,V_x-20.0_y26.0_48.0,right,reverse,reverse_right,1
1011,-21.500,44.500,0.500,-90.000,V_x-20.0_y26.0_48.0_reverse_right,V_x-20.0_y26.0_48.0,V_x-20.0_y26.0_48.0,right,reverse,reverse_right,1
1012,-21.500,44.000,0.500,-90.000,V_x-20.0_y26.0_48.0_reverse_right,V_x-20.0_y26.0_48.0,V_x-20.0_y26.0_48.0,right,reverse,reverse_right,1
1013,-21.500,43.500,0.500,-90.000,V_x-20.0_y26.0_48.0_reverse_right,V_x-20.0_y26.0_48.0,V_x-20.0_y26.0_48.0,right,reverse,reverse_right,1
1014,-21.500,43.000,0.500,-90.000,V_x-20.0_y26.0_48.0_reverse_right,V_x-20.0_y26.0_48.0,V_x-20.0_y26.0_48.0,right,reverse,reverse_right,1
1015,-21.500,42.500,0.500,-90.000,V_x-20.0_y26.0_48.0_reverse_right,V_x-20.0_y26.0_48.0,V_x-20.0_y26.0_48.0,right,reverse,reverse_right,1
1016,-21.500,42.000,0.500,-90.000,V_x-20.0_y26.0_48.0_reverse_right,V_x-20.0_y26.0_48.0,V_x-20.0_y26.0_48.0,right,reverse,reverse_right,1
1017,-21.500,41.500,0.500,-90.000,V_x-20.0_y26.0_48.0_reverse_right,V_x-20.0_y26.0_48.0,V_x-20.0_y26.0_48.0,right,reverse,reverse_right,1
1018,-21.500,41.000,0.500,-90.000,V_x-20.0_y26.0_48.0_reverse_right,V_x-20.0_y26.0_48.0,V_x-20.0_y26.0_48.0,right,reverse,reverse_right,1
1019,-21.500,40.500,0.500,-90.000,V_x-20.0_y26.0_48.0_reverse_right,V_x-20.0_y26.0_48.0,V_x-20.0_y26.0_48.0,right,reverse,reverse_right,1
1020,-21.500,40.000,0.500,-90.000,V_x-20.0_y26.0_48.0_reverse_right,V_x-20.0_y26.0_48.0,V_x-20.0_y26.0_48.0,right,reverse,reverse_right,1
1021,-21.500,39.500,0.500,-90.000,V_x-20.0_y26.0_48.0_reverse_right,V_x-20.0_y26.0_48.0,V_x-20.0_y26.0_48.0,right,reverse,reverse_right,1
1022,-21.500,39.000,0.500,-90.000,V_x-20.0_y26.0_48.0_reverse_right,V_x-20.0_y26.0_48.0,V_x-20.0_y26.0_48.0,right,reverse,reverse_right,1
1023,-21.500,38.500,0.500,-90.000,V_x-20.0_y26.0_48.0_reverse_right,V_x-20.0_y26.0_48.0,V_x-20.0_y26.0_48.0,right,reverse,reverse_right,1
1024,-21.500,38.000,0.500,-90.000,V_x-20.0_y26.0_48.0_reverse_right,V_x-20.0_y26.0_48.0,V_x-20.0_y26.0_48.0,right,reverse,reverse_right,1
1025,-21.500,37.500,0.500,-90.000,V_x-20.0_y26.0_48.0_reverse_right,V_x-20.0_y26.0_48.0,V_x-20.0_y26.0_48.0,right,reverse,reverse_right,1
1026,-21.500,37.000,0.500,-90.000,V_x-20.0_y26.0_48.0_reverse_right,V_x-20.0_y26.0_48.0,V_x-20.0_y26.0_48.0,right,reverse,reverse_right,1
1027,-21.500,36.500,0.500,-90.000,V_x-20.0_y26.0_48.0_reverse_right,V_x-20.0_y26.0_48.0,V_x-20.0_y26.0_48.0,right,reverse,reverse_right,1
1028,-21.500,36.000,0.500,-90.000,V_x-20.0_y26.0_48.0_reverse_right,V_x-20.0_y26.0_48.0,V_x-20.0_y26.0_48.0,right,reverse,reverse_right,1
1029,-21.500,35.500,0.500,-90.000,V_x-20.0_y26.0_48.0_reverse_right,V_x-20.0_y26.0_48.0,V_x-20.0_y26.0_48.0,right,reverse,reverse_right,1
1030,-21.500,35.000,0.500,-90.000,V_x-20.0_y26.0_48.0_reverse_right,V_x-20.0_y26.0_48.0,V_x-20.0_y26.0_48.0,right,reverse,reverse_right,1
1031,-21.500,34.500,0.500,-90.000,V_x-20.0_y26.0_48.0_reverse_right,V_x-20.0_y26.0_48.0,V_x-20.0_y26.0_48.0,right,reverse,reverse_right,1
1032,-21.500,34.000,0.500,-90.000,V_x-20.0_y26.0_48.0_reverse_right,V_x-20.0_y26.0_48.0,V_x-20.0_y26.0_48.0,right,reverse,reverse_right,1
1033,-21.500,33.500,0.500,-90.000,V_x-20.0_y26.0_48.0_reverse_right,V_x-20.0_y26.0_48.0,V_x-20.0_y26.0_48.0,right,reverse,reverse_right,1
1034,-21.500,33.000,0.500,-90.000,V_x-20.0_y26.0_48.0_reverse_right,V_x-20.0_y26.0_48.0,V_x-20.0_y26.0_48.0,right,reverse,reverse_right,1
1035,-21.500,32.500,0.500,-90.000,V_x-20.0_y26.0_48.0_reverse_right,V_x-20.0_y26.0_48.0,V_x-20.0_y26.0_48.0,right,reverse,reverse_right,1
1036,-21.500,32.000,0.500,-90.000,V_x-20.0_y26.0_48.0_reverse_right,V_x-20.0_y26.0_48.0,V_x-20.0_y26.0_48.0,right,reverse,reverse_right,1
1037,-21.500,31.500,0.500,-90.000,V_x-20.0_y26.0_48.0_reverse_right,V_x-20.0_y26.0_48.0,V_x-20.0_y26.0_48.0,right,reverse,reverse_right,1
1038,-21.500,31.000,0.500,-90.000,V_x-20.0_y26.0_48.0_reverse_right,V_x-20.0_y26.0_48.0,V_x-20.0_y26.0_48.0,right,reverse,reverse_right,1
1039,-21.500,30.500,0.500,-90.000,V_x-20.0_y26.0_48.0_reverse_right,V_x-20.0_y26.0_48.0,V_x-20.0_y26.0_48.0,right,reverse,reverse_right,1
1040,-21.500,30.000,0.500,-90.000,V_x-20.0_y26.0_48.0_reverse_right,V_x-20.0_y26.0_48.0,V_x-20.0_y26.0_48.0,right,reverse,reverse_right,1
1041,-21.500,29.500,0.500,-90.000,V_x-20.0_y26.0_48.0_reverse_right,V_x-20.0_y26.0_48.0,V_x-20.0_y26.0_48.0,right,reverse,reverse_right,1
1042,-21.500,29.000,0.500,-90.000,V_x-20.0_y26.0_48.0_reverse_right,V_x-20.0_y26.0_48.0,V_x-20.0_y26.0_48.0,right,reverse,reverse_right,1
1043,-21.500,28.500,0.500,-90.000,V_x-20.0_y26.0_48.0_reverse_right,V_x-20.0_y26.0_48.0,V_x-20.0_y26.0_48.0,right,reverse,reverse_right,1
1044,-21.500,28.000,0.500,-90.000,V_x-20.0_y26.0_48.0_reverse_right,V_x-20.0_y26.0_48.0,V_x-20.0_y26.0_48.0,right,reverse,reverse_right,1
1045,-21.500,27.500,0.500,-90.000,V_x-20.0_y26.0_48.0_reverse_right,V_x-20.0_y26.0_48.0,V_x-20.0_y26.0_48.0,right,reverse,reverse_right,1
1046,-21.500,27.000,0.500,-90.000,V_x-20.0_y26.0_48.0_reverse_right,V_x-20.0_y26.0_48.0,V_x-20.0_y26.0_48.0,right,reverse,reverse_right,1
1047,-21.500,26.500,0.500,-90.000,V_x-20.0_y26.0_48.0_reverse_right,V_x-20.0_y26.0_48.0,V_x-20.0_y26.0_48.0,right,reverse,reverse_right,1
1048,-21.500,26.000,0.500,-90.000,V_x-20.0_y26.0_48.0_reverse_right,V_x-20.0_y26.0_48.0,V_x-20.0_y26.0_48.0,right,reverse,reverse_right,0
1049,-20.000,24.500,0.500,0.000,H_y26.0_x-20.0_20.0_forward_right,H_y26.0_x-20.0_20.0,H_y26.0_x-20.0_20.0,right,forward,forward_right,1
1050,-19.500,24.500,0.500,0.000,H_y26.0_x-20.0_20.0_forward_right,H_y26.0_x-20.0_20.0,H_y26.0_x-20.0_20.0,right,forward,forward_right,1
1051,-19.000,24.500,0.500,0.000,H_y26.0_x-20.0_20.0_forward_right,H_y26.0_x-20.0_20.0,H_y26.0_x-20.0_20.0,right,forward,forward_right,1
1052,-18.500,24.500,0.500,0.000,H_y26.0_x-20.0_20.0_forward_right,H_y26.0_x-20.0_20.0,H_y26.0_x-20.0_20.0,right,forward,forward_right,1
1053,-18.000,24.500,0.500,0.000,H_y26.0_x-20.0_20.0_forward_right,H_y26.0_x-20.0_20.0,H_y26.0_x-20.0_20.0,right,forward,forward_right,1
1054,-17.500,24.500,0.500,0.000,H_y26.0_x-20.0_20.0_forward_right,H_y26.0_x-20.0_20.0,H_y26.0_x-20.0_20.0,right,forward,forward_right,1
1055,-17.000,24.500,0.500,0.000,H_y26.0_x-20.0_20.0_forward_right,H_y26.0_x-20.0_20.0,H_y26.0_x-20.0_20.0,right,forward,forward_right,1
1056,-16.500,24.500,0.500,0.000,H_y26.0_x-20.0_20.0_forward_right,H_y26.0_x-20.0_20.0,H_y26.0_x-20.0_20.0,right,forward,forward_right,1
1057,-16.000,24.500,0.500,0.000,H_y26.0_x-20.0_20.0_forward_right,H_y26.0_x-20.0_20.0,H_y26.0_x-20.0_20.0,right,forward,forward_right,1
1058,-15.500,24.500,0.500,0.000,H_y26.0_x-20.0_20.0_forward_right,H_y26.0_x-20.0_20.0,H_y26.0_x-20.0_20.0,right,forward,forward_right,1
1059,-15.000,24.500,0.500,0.000,H_y26.0_x-20.0_20.0_forward_right,H_y26.0_x-20.0_20.0,H_y26.0_x-20.0_20.0,right,forward,forward_right,1
1060,-14.500,24.500,0.500,0.000,H_y26.0_x-20.0_20.0_forward_right,H_y26.0_x-20.0_20.0,H_y26.0_x-20.0_20.0,right,forward,forward_right,1
1061,-14.000,24.500,0.500,0.000,H_y26.0_x-20.0_20.0_forward_right,H_y26.0_x-20.0_20.0,H_y26.0_x-20.0_20.0,right,forward,forward_right,1
1062,-13.500,24.500,0.500,0.000,H_y26.0_x-20.0_20.0_forward_right,H_y26.0_x-20.0_20.0,H_y26.0_x-20.0_20.0,right,forward,forward_right,1
1063,-13.000,24.500,0.500,0.000,H_y26.0_x-20.0_20.0_forward_right,H_y26.0_x-20.0_20.0,H_y26.0_x-20.0_20.0,right,forward,forward_right,1
1064,-12.500,24.500,0.500,0.000,H_y26.0_x-20.0_20.0_forward_right,H_y26.0_x-20.0_20.0,H_y26.0_x-20.0_20.0,right,forward,forward_right,1
1065,-12.000,24.500,0.500,0.000,H_y26.0_x-20.0_20.0_forward_right,H_y26.0_x-20.0_20.0,H_y26.0_x-20.0_20.0,right,forward,forward_right,1
1066,-11.500,24.500,0.500,0.000,H_y26.0_x-20.0_20.0_forward_right,H_y26.0_x-20.0_20.0,H_y26.0_x-20.0_20.0,right,forward,forward_right,1
1067,-11.000,24.500,0.500,0.000,H_y26.0_x-20.0_20.0_forward_right,H_y26.0_x-20.0_20.0,H_y26.0_x-20.0_20.0,right,forward,forward_right,1
1068,-10.500,24.500,0.500,0.000,H_y26.0_x-20.0_20.0_forward_right,H_y26.0_x-20.0_20.0,H_y26.0_x-20.0_20.0,right,forward,forward_right,1
1069,-10.000,24.500,0.500,0.000,H_y26.0_x-20.0_20.0_forward_right,H_y26.0_x-20.0_20.0,H_y26.0_x-20.0_20.0,right,forward,forward_right,1
1070,-9.500,24.500,0.500,0.000,H_y26.0_x-20.0_20.0_forward_right,H_y26.0_x-20.0_20.0,H_y26.0_x-20.0_20.0,right,forward,forward_right,1
1071,-9.000,24.500,0.500,0.000,H_y26.0_x-20.0_20.0_forward_right,H_y26.0_x-20.0_20.0,H_y26.0_x-20.0_20.0,right,forward,forward_right,1
1072,-8.500,24.500,0.500,0.000,H_y26.0_x-20.0_20.0_forward_right,H_y26.0_x-20.0_20.0,H_y26.0_x-20.0_20.0,right,forward,forward_right,1
1073,-8.000,24.500,0.500,0.000,H_y26.0_x-20.0_20.0_forward_right,H_y26.0_x-20.0_20.0,H_y26.0_x-20.0_20.0,right,forward,forward_right,1
1074,-7.500,24.500,0.500,0.000,H_y26.0_x-20.0_20.0_forward_right,H_y26.0_x-20.0_20.0,H_y26.0_x-20.0_20.0,right,forward,forward_right,1
1075,-7.000,24.500,0.500,0.000,H_y26.0_x-20.0_20.0_forward_right,H_y26.0_x-20.0_20.0,H_y26.0_x-20.0_20.0,right,forward,forward_right,1
1076,-6.500,24.500,0.500,0.000,H_y26.0_x-20.0_20.0_forward_right,H_y26.0_x-20.0_20.0,H_y26.0_x-20.0_20.0,right,forward,forward_right,1
1077,-6.000,24.500,0.500,0.000,H_y26.0_x-20.0_20.0_forward_right,H_y26.0_x-20.0_20.0,H_y26.0_x-20.0_20.0,right,forward,forward_right,1
1078,-5.500,24.500,0.500,0.000,H_y26.0_x-20.0_20.0_forward_right,H_y26.0_x-20.0_20.0,H_y26.0_x-20.0_20.0,right,forward,forward_right,1
1079,-5.000,24.500,0.500,0.000,H_y26.0_x-20.0_20.0_forward_right,H_y26.0_x-20.0_20.0,H_y26.0_x-20.0_20.0,right,forward,forward_right,1
1080,-4.500,24.500,0.500,0.000,H_y26.0_x-20.0_20.0_forward_right,H_y26.0_x-20.0_20.0,H_y26.0_x-20.0_20.0,right,forward,forward_right,1
1081,-4.000,24.500,0.500,0.000,H_y26.0_x-20.0_20.0_forward_right,H_y26.0_x-20.0_20.0,H_y26.0_x-20.0_20.0,right,forward,forward_right,1
1082,-3.500,24.500,0.500,0.000,H_y26.0_x-20.0_20.0_forward_right,H_y26.0_x-20.0_20.0,H_y26.0_x-20.0_20.0,right,forward,forward_right,1
1083,-3.000,24.500,0.500,0.000,H_y26.0_x-20.0_20.0_forward_right,H_y26.0_x-20.0_20.0,H_y26.0_x-20.0_20.0,right,forward,forward_right,1
1084,-2.500,24.500,0.500,0.000,H_y26.0_x-20.0_20.0_forward_right,H_y26.0_x-20.0_20.0,H_y26.0_x-20.0_20.0,right,forward,forward_right,1
1085,-2.000,24.500,0.500,0.000,H_y26.0_x-20.0_20.0_forward_right,H_y26.0_x-20.0_20.0,H_y26.0_x-20.0_20.0,right,forward,forward_right,1
1086,-1.500,24.500,0.500,0.000,H_y26.0_x-20.0_20.0_forward_right,H_y26.0_x-20.0_20.0,H_y26.0_x-20.0_20.0,right,forward,forward_right,1
1087,-1.000,24.500,0.500,0.000,H_y26.0_x-20.0_20.0_forward_right,H_y26.0_x-20.0_20.0,H_y26.0_x-20.0_20.0,right,forward,forward_right,1
1088,-0.500,24.500,0.500,0.000,H_y26.0_x-20.0_20.0_forward_right,H_y26.0_x-20.0_20.0,H_y26.0_x-20.0_20.0,right,forward,forward_right,1
1089,0.000,24.500,0.500,0.000,H_y26.0_x-20.0_20.0_forward_right,H_y26.0_x-20.0_20.0,H_y26.0_x-20.0_20.0,right,forward,forward_right,1
1090,0.500,24.500,0.500,0.000,H_y26.0_x-20.0_20.0_forward_right,H_y26.0_x-20.0_20.0,H_y26.0_x-20.0_20.0,right,forward,forward_right,1
1091,1.000,24.500,0.500,0.000,H_y26.0_x-20.0_20.0_forward_right,H_y26.0_x-20.0_20.0,H_y26.0_x-20.0_20.0,right,forward,forward_right,1
1092,1.500,24.500,0.500,0.000,H_y26.0_x-20.0_20.0_forward_right,H_y26.0_x-20.0_20.0,H_y26.0_x-20.0_20.0,right,forward,forward_right,1
1093,2.000,24.500,0.500,0.000,H_y26.0_x-20.0_20.0_forward_right,H_y26.0_x-20.0_20.0,H_y26.0_x-20.0_20.0,right,forward,forward_right,1
1094,2.500,24.500,0.500,0.000,H_y26.0_x-20.0_20.0_forward_right,H_y26.0_x-20.0_20.0,H_y26.0_x-20.0_20.0,right,forward,forward_right,1
1095,3.000,24.500,0.500,0.000,H_y26.0_x-20.0_20.0_forward_right,H_y26.0_x-20.0_20.0,H_y26.0_x-20.0_20.0,right,forward,forward_right,1
1096,3.500,24.500,0.500,0.000,H_y26.0_x-20.0_20.0_forward_right,H_y26.0_x-20.0_20.0,H_y26.0_x-20.0_20.0,right,forward,forward_right,1
1097,4.000,24.500,0.500,0.000,H_y26.0_x-20.0_20.0_forward_right,H_y26.0_x-20.0_20.0,H_y26.0_x-20.0_20.0,right,forward,forward_right,1
1098,4.500,24.500,0.500,0.000,H_y26.0_x-20.0_20.0_forward_right,H_y26.0_x-20.0_20.0,H_y26.0_x-20.0_20.0,right,forward,forward_right,1
1099,5.000,24.500,0.500,0.000,H_y26.0_x-20.0_20.0_forward_right,H_y26.0_x-20.0_20.0,H_y26.0_x-20.0_20.0,right,forward,forward_right,1
1100,5.500,24.500,0.500,0.000,H_y26.0_x-20.0_20.0_forward_right,H_y26.0_x-20.0_20.0,H_y26.0_x-20.0_20.0,right,forward,forward_right,1
1101,6.000,24.500,0.500,0.000,H_y26.0_x-20.0_20.0_forward_right,H_y26.0_x-20.0_20.0,H_y26.0_x-20.0_20.0,right,forward,forward_right,1
1102,6.500,24.500,0.500,0.000,H_y26.0_x-20.0_20.0_forward_right,H_y26.0_x-20.0_20.0,H_y26.0_x-20.0_20.0,right,forward,forward_right,1
1103,7.000,24.500,0.500,0.000,H_y26.0_x-20.0_20.0_forward_right,H_y26.0_x-20.0_20.0,H_y26.0_x-20.0_20.0,right,forward,forward_right,1
1104,7.500,24.500,0.500,0.000,H_y26.0_x-20.0_20.0_forward_right,H_y26.0_x-20.0_20.0,H_y26.0_x-20.0_20.0,right,forward,forward_right,1
1105,8.000,24.500,0.500,0.000,H_y26.0_x-20.0_20.0_forward_right,H_y26.0_x-20.0_20.0,H_y26.0_x-20.0_20.0,right,forward,forward_right,1
1106,8.500,24.500,0.500,0.000,H_y26.0_x-20.0_20.0_forward_right,H_y26.0_x-20.0_20.0,H_y26.0_x-20.0_20.0,right,forward,forward_right,1
1107,9.000,24.500,0.500,0.000,H_y26.0_x-20.0_20.0_forward_right,H_y26.0_x-20.0_20.0,H_y26.0_x-20.0_20.0,right,forward,forward_right,1
1108,9.500,24.500,0.500,0.000,H_y26.0_x-20.0_20.0_forward_right,H_y26.0_x-20.0_20.0,H_y26.0_x-20.0_20.0,right,forward,forward_right,1
1109,10.000,24.500,0.500,0.000,H_y26.0_x-20.0_20.0_forward_right,H_y26.0_x-20.0_20.0,H_y26.0_x-20.0_20.0,right,forward,forward_right,1
1110,10.500,24.500,0.500,0.000,H_y26.0_x-20.0_20.0_forward_right,H_y26.0_x-20.0_20.0,H_y26.0_x-20.0_20.0,right,forward,forward_right,1
1111,11.000,24.500,0.500,0.000,H_y26.0_x-20.0_20.0_forward_right,H_y26.0_x-20.0_20.0,H_y26.0_x-20.0_20.0,right,forward,forward_right,1
1112,11.500,24.500,0.500,0.000,H_y26.0_x-20.0_20.0_forward_right,H_y26.0_x-20.0_20.0,H_y26.0_x-20.0_20.0,right,forward,forward_right,1
1113,12.000,24.500,0.500,0.000,H_y26.0_x-20.0_20.0_forward_right,H_y26.0_x-20.0_20.0,H_y26.0_x-20.0_20.0,right,forward,forward_right,1
1114,12.500,24.500,0.500,0.000,H_y26.0_x-20.0_20.0_forward_right,H_y26.0_x-20.0_20.0,H_y26.0_x-20.0_20.0,right,forward,forward_right,1
1115,13.000,24.500,0.500,0.000,H_y26.0_x-20.0_20.0_forward_right,H_y26.0_x-20.0_20.0,H_y26.0_x-20.0_20.0,right,forward,forward_right,1
1116,13.500,24.500,0.500,0.000,H_y26.0_x-20.0_20.0_forward_right,H_y26.0_x-20.0_20.0,H_y26.0_x-20.0_20.0,right,forward,forward_right,1
1117,14.000,24.500,0.500,0.000,H_y26.0_x-20.0_20.0_forward_right,H_y26.0_x-20.0_20.0,H_y26.0_x-20.0_20.0,right,forward,forward_right,1
1118,14.500,24.500,0.500,0.000,H_y26.0_x-20.0_20.0_forward_right,H_y26.0_x-20.0_20.0,H_y26.0_x-20.0_20.0,right,forward,forward_right,1
1119,15.000,24.500,0.500,0.000,H_y26.0_x-20.0_20.0_forward_right,H_y26.0_x-20.0_20.0,H_y26.0_x-20.0_20.0,right,forward,forward_right,1
1120,15.500,24.500,0.500,0.000,H_y26.0_x-20.0_20.0_forward_right,H_y26.0_x-20.0_20.0,H_y26.0_x-20.0_20.0,right,forward,forward_right,1
1121,16.000,24.500,0.500,0.000,H_y26.0_x-20.0_20.0_forward_right,H_y26.0_x-20.0_20.0,H_y26.0_x-20.0_20.0,right,forward,forward_right,1
1122,16.500,24.500,0.500,0.000,H_y26.0_x-20.0_20.0_forward_right,H_y26.0_x-20.0_20.0,H_y26.0_x-20.0_20.0,right,forward,forward_right,1
1123,17.000,24.500,0.500,0.000,H_y26.0_x-20.0_20.0_forward_right,H_y26.0_x-20.0_20.0,H_y26.0_x-20.0_20.0,right,forward,forward_right,1
1124,17.500,24.500,0.500,0.000,H_y26.0_x-20.0_20.0_forward_right,H_y26.0_x-20.0_20.0,H_y26.0_x-20.0_20.0,right,forward,forward_right,1
1125,18.000,24.500,0.500,0.000,H_y26.0_x-20.0_20.0_forward_right,H_y26.0_x-20.0_20.0,H_y26.0_x-20.0_20.0,right,forward,forward_right,1
1126,18.500,24.500,0.500,0.000,H_y26.0_x-20.0_20.0_forward_right,H_y26.0_x-20.0_20.0,H_y26.0_x-20.0_20.0,right,forward,forward_right,1
1127,19.000,24.500,0.500,0.000,H_y26.0_x-20.0_20.0_forward_right,H_y26.0_x-20.0_20.0,H_y26.0_x-20.0_20.0,right,forward,forward_right,1
1128,19.500,24.500,0.500,0.000,H_y26.0_x-20.0_20.0_forward_right,H_y26.0_x-20.0_20.0,H_y26.0_x-20.0_20.0,right,forward,forward_right,1
1129,20.000,24.500,0.500,0.000,H_y26.0_x-20.0_20.0_forward_right,H_y26.0_x-20.0_20.0,H_y26.0_x-20.0_20.0,right,forward,forward_right,0
1130,20.000,27.500,0.500,180.000,H_y26.0_x-20.0_20.0_reverse_right,H_y26.0_x-20.0_20.0,H_y26.0_x-20.0_20.0,right,reverse,reverse_right,1
1131,19.500,27.500,0.500,180.000,H_y26.0_x-20.0_20.0_reverse_right,H_y26.0_x-20.0_20.0,H_y26.0_x-20.0_20.0,right,reverse,reverse_right,1
1132,19.000,27.500,0.500,180.000,H_y26.0_x-20.0_20.0_reverse_right,H_y26.0_x-20.0_20.0,H_y26.0_x-20.0_20.0,right,reverse,reverse_right,1
1133,18.500,27.500,0.500,180.000,H_y26.0_x-20.0_20.0_reverse_right,H_y26.0_x-20.0_20.0,H_y26.0_x-20.0_20.0,right,reverse,reverse_right,1
1134,18.000,27.500,0.500,180.000,H_y26.0_x-20.0_20.0_reverse_right,H_y26.0_x-20.0_20.0,H_y26.0_x-20.0_20.0,right,reverse,reverse_right,1
1135,17.500,27.500,0.500,180.000,H_y26.0_x-20.0_20.0_reverse_right,H_y26.0_x-20.0_20.0,H_y26.0_x-20.0_20.0,right,reverse,reverse_right,1
1136,17.000,27.500,0.500,180.000,H_y26.0_x-20.0_20.0_reverse_right,H_y26.0_x-20.0_20.0,H_y26.0_x-20.0_20.0,right,reverse,reverse_right,1
1137,16.500,27.500,0.500,180.000,H_y26.0_x-20.0_20.0_reverse_right,H_y26.0_x-20.0_20.0,H_y26.0_x-20.0_20.0,right,reverse,reverse_right,1
1138,16.000,27.500,0.500,180.000,H_y26.0_x-20.0_20.0_reverse_right,H_y26.0_x-20.0_20.0,H_y26.0_x-20.0_20.0,right,reverse,reverse_right,1
1139,15.500,27.500,0.500,180.000,H_y26.0_x-20.0_20.0_reverse_right,H_y26.0_x-20.0_20.0,H_y26.0_x-20.0_20.0,right,reverse,reverse_right,1
1140,15.000,27.500,0.500,180.000,H_y26.0_x-20.0_20.0_reverse_right,H_y26.0_x-20.0_20.0,H_y26.0_x-20.0_20.0,right,reverse,reverse_right,1
1141,14.500,27.500,0.500,180.000,H_y26.0_x-20.0_20.0_reverse_right,H_y26.0_x-20.0_20.0,H_y26.0_x-20.0_20.0,right,reverse,reverse_right,1
1142,14.000,27.500,0.500,180.000,H_y26.0_x-20.0_20.0_reverse_right,H_y26.0_x-20.0_20.0,H_y26.0_x-20.0_20.0,right,reverse,reverse_right,1
1143,13.500,27.500,0.500,180.000,H_y26.0_x-20.0_20.0_reverse_right,H_y26.0_x-20.0_20.0,H_y26.0_x-20.0_20.0,right,reverse,reverse_right,1
1144,13.000,27.500,0.500,180.000,H_y26.0_x-20.0_20.0_reverse_right,H_y26.0_x-20.0_20.0,H_y26.0_x-20.0_20.0,right,reverse,reverse_right,1
1145,12.500,27.500,0.500,180.000,H_y26.0_x-20.0_20.0_reverse_right,H_y26.0_x-20.0_20.0,H_y26.0_x-20.0_20.0,right,reverse,reverse_right,1
1146,12.000,27.500,0.500,180.000,H_y26.0_x-20.0_20.0_reverse_right,H_y26.0_x-20.0_20.0,H_y26.0_x-20.0_20.0,right,reverse,reverse_right,1
1147,11.500,27.500,0.500,180.000,H_y26.0_x-20.0_20.0_reverse_right,H_y26.0_x-20.0_20.0,H_y26.0_x-20.0_20.0,right,reverse,reverse_right,1
1148,11.000,27.500,0.500,180.000,H_y26.0_x-20.0_20.0_reverse_right,H_y26.0_x-20.0_20.0,H_y26.0_x-20.0_20.0,right,reverse,reverse_right,1
1149,10.500,27.500,0.500,180.000,H_y26.0_x-20.0_20.0_reverse_right,H_y26.0_x-20.0_20.0,H_y26.0_x-20.0_20.0,right,reverse,reverse_right,1
1150,10.000,27.500,0.500,180.000,H_y26.0_x-20.0_20.0_reverse_right,H_y26.0_x-20.0_20.0,H_y26.0_x-20.0_20.0,right,reverse,reverse_right,1
1151,9.500,27.500,0.500,180.000,H_y26.0_x-20.0_20.0_reverse_right,H_y26.0_x-20.0_20.0,H_y26.0_x-20.0_20.0,right,reverse,reverse_right,1
1152,9.000,27.500,0.500,180.000,H_y26.0_x-20.0_20.0_reverse_right,H_y26.0_x-20.0_20.0,H_y26.0_x-20.0_20.0,right,reverse,reverse_right,1
1153,8.500,27.500,0.500,180.000,H_y26.0_x-20.0_20.0_reverse_right,H_y26.0_x-20.0_20.0,H_y26.0_x-20.0_20.0,right,reverse,reverse_right,1
1154,8.000,27.500,0.500,180.000,H_y26.0_x-20.0_20.0_reverse_right,H_y26.0_x-20.0_20.0,H_y26.0_x-20.0_20.0,right,reverse,reverse_right,1
1155,7.500,27.500,0.500,180.000,H_y26.0_x-20.0_20.0_reverse_right,H_y26.0_x-20.0_20.0,H_y26.0_x-20.0_20.0,right,reverse,reverse_right,1
1156,7.000,27.500,0.500,180.000,H_y26.0_x-20.0_20.0_reverse_right,H_y26.0_x-20.0_20.0,H_y26.0_x-20.0_20.0,right,reverse,reverse_right,1
1157,6.500,27.500,0.500,180.000,H_y26.0_x-20.0_20.0_reverse_right,H_y26.0_x-20.0_20.0,H_y26.0_x-20.0_20.0,right,reverse,reverse_right,1
1158,6.000,27.500,0.500,180.000,H_y26.0_x-20.0_20.0_reverse_right,H_y26.0_x-20.0_20.0,H_y26.0_x-20.0_20.0,right,reverse,reverse_right,1
1159,5.500,27.500,0.500,180.000,H_y26.0_x-20.0_20.0_reverse_right,H_y26.0_x-20.0_20.0,H_y26.0_x-20.0_20.0,right,reverse,reverse_right,1
1160,5.000,27.500,0.500,180.000,H_y26.0_x-20.0_20.0_reverse_right,H_y26.0_x-20.0_20.0,H_y26.0_x-20.0_20.0,right,reverse,reverse_right,1
1161,4.500,27.500,0.500,180.000,H_y26.0_x-20.0_20.0_reverse_right,H_y26.0_x-20.0_20.0,H_y26.0_x-20.0_20.0,right,reverse,reverse_right,1
1162,4.000,27.500,0.500,180.000,H_y26.0_x-20.0_20.0_reverse_right,H_y26.0_x-20.0_20.0,H_y26.0_x-20.0_20.0,right,reverse,reverse_right,1
1163,3.500,27.500,0.500,180.000,H_y26.0_x-20.0_20.0_reverse_right,H_y26.0_x-20.0_20.0,H_y26.0_x-20.0_20.0,right,reverse,reverse_right,1
1164,3.000,27.500,0.500,180.000,H_y26.0_x-20.0_20.0_reverse_right,H_y26.0_x-20.0_20.0,H_y26.0_x-20.0_20.0,right,reverse,reverse_right,1
1165,2.500,27.500,0.500,180.000,H_y26.0_x-20.0_20.0_reverse_right,H_y26.0_x-20.0_20.0,H_y26.0_x-20.0_20.0,right,reverse,reverse_right,1
1166,2.000,27.500,0.500,180.000,H_y26.0_x-20.0_20.0_reverse_right,H_y26.0_x-20.0_20.0,H_y26.0_x-20.0_20.0,right,reverse,reverse_right,1
1167,1.500,27.500,0.500,180.000,H_y26.0_x-20.0_20.0_reverse_right,H_y26.0_x-20.0_20.0,H_y26.0_x-20.0_20.0,right,reverse,reverse_right,1
1168,1.000,27.500,0.500,180.000,H_y26.0_x-20.0_20.0_reverse_right,H_y26.0_x-20.0_20.0,H_y26.0_x-20.0_20.0,right,reverse,reverse_right,1
1169,0.500,27.500,0.500,180.000,H_y26.0_x-20.0_20.0_reverse_right,H_y26.0_x-20.0_20.0,H_y26.0_x-20.0_20.0,right,reverse,reverse_right,1
1170,0.000,27.500,0.500,180.000,H_y26.0_x-20.0_20.0_reverse_right,H_y26.0_x-20.0_20.0,H_y26.0_x-20.0_20.0,right,reverse,reverse_right,1
1171,-0.500,27.500,0.500,180.000,H_y26.0_x-20.0_20.0_reverse_right,H_y26.0_x-20.0_20.0,H_y26.0_x-20.0_20.0,right,reverse,reverse_right,1
1172,-1.000,27.500,0.500,180.000,H_y26.0_x-20.0_20.0_reverse_right,H_y26.0_x-20.0_20.0,H_y26.0_x-20.0_20.0,right,reverse,reverse_right,1
1173,-1.500,27.500,0.500,180.000,H_y26.0_x-20.0_20.0_reverse_right,H_y26.0_x-20.0_20.0,H_y26.0_x-20.0_20.0,right,reverse,reverse_right,1
1174,-2.000,27.500,0.500,180.000,H_y26.0_x-20.0_20.0_reverse_right,H_y26.0_x-20.0_20.0,H_y26.0_x-20.0_20.0,right,reverse,reverse_right,1
1175,-2.500,27.500,0.500,180.000,H_y26.0_x-20.0_20.0_reverse_right,H_y26.0_x-20.0_20.0,H_y26.0_x-20.0_20.0,right,reverse,reverse_right,1
1176,-3.000,27.500,0.500,180.000,H_y26.0_x-20.0_20.0_reverse_right,H_y26.0_x-20.0_20.0,H_y26.0_x-20.0_20.0,right,reverse,reverse_right,1
1177,-3.500,27.500,0.500,180.000,H_y26.0_x-20.0_20.0_reverse_right,H_y26.0_x-20.0_20.0,H_y26.0_x-20.0_20.0,right,reverse,reverse_right,1
1178,-4.000,27.500,0.500,180.000,H_y26.0_x-20.0_20.0_reverse_right,H_y26.0_x-20.0_20.0,H_y26.0_x-20.0_20.0,right,reverse,reverse_right,1
1179,-4.500,27.500,0.500,180.000,H_y26.0_x-20.0_20.0_reverse_right,H_y26.0_x-20.0_20.0,H_y26.0_x-20.0_20.0,right,reverse,reverse_right,1
1180,-5.000,27.500,0.500,180.000,H_y26.0_x-20.0_20.0_reverse_right,H_y26.0_x-20.0_20.0,H_y26.0_x-20.0_20.0,right,reverse,reverse_right,1
1181,-5.500,27.500,0.500,180.000,H_y26.0_x-20.0_20.0_reverse_right,H_y26.0_x-20.0_20.0,H_y26.0_x-20.0_20.0,right,reverse,reverse_right,1
1182,-6.000,27.500,0.500,180.000,H_y26.0_x-20.0_20.0_reverse_right,H_y26.0_x-20.0_20.0,H_y26.0_x-20.0_20.0,right,reverse,reverse_right,1
1183,-6.500,27.500,0.500,180.000,H_y26.0_x-20.0_20.0_reverse_right,H_y26.0_x-20.0_20.0,H_y26.0_x-20.0_20.0,right,reverse,reverse_right,1
1184,-7.000,27.500,0.500,180.000,H_y26.0_x-20.0_20.0_reverse_right,H_y26.0_x-20.0_20.0,H_y26.0_x-20.0_20.0,right,reverse,reverse_right,1
1185,-7.500,27.500,0.500,180.000,H_y26.0_x-20.0_20.0_reverse_right,H_y26.0_x-20.0_20.0,H_y26.0_x-20.0_20.0,right,reverse,reverse_right,1
1186,-8.000,27.500,0.500,180.000,H_y26.0_x-20.0_20.0_reverse_right,H_y26.0_x-20.0_20.0,H_y26.0_x-20.0_20.0,right,reverse,reverse_right,1
1187,-8.500,27.500,0.500,180.000,H_y26.0_x-20.0_20.0_reverse_right,H_y26.0_x-20.0_20.0,H_y26.0_x-20.0_20.0,right,reverse,reverse_right,1
1188,-9.000,27.500,0.500,180.000,H_y26.0_x-20.0_20.0_reverse_right,H_y26.0_x-20.0_20.0,H_y26.0_x-20.0_20.0,right,reverse,reverse_right,1
1189,-9.500,27.500,0.500,180.000,H_y26.0_x-20.0_20.0_reverse_right,H_y26.0_x-20.0_20.0,H_y26.0_x-20.0_20.0,right,reverse,reverse_right,1
1190,-10.000,27.500,0.500,180.000,H_y26.0_x-20.0_20.0_reverse_right,H_y26.0_x-20.0_20.0,H_y26.0_x-20.0_20.0,right,reverse,reverse_right,1
1191,-10.500,27.500,0.500,180.000,H_y26.0_x-20.0_20.0_reverse_right,H_y26.0_x-20.0_20.0,H_y26.0_x-20.0_20.0,right,reverse,reverse_right,1
1192,-11.000,27.500,0.500,180.000,H_y26.0_x-20.0_20.0_reverse_right,H_y26.0_x-20.0_20.0,H_y26.0_x-20.0_20.0,right,reverse,reverse_right,1
1193,-11.500,27.500,0.500,180.000,H_y26.0_x-20.0_20.0_reverse_right,H_y26.0_x-20.0_20.0,H_y26.0_x-20.0_20.0,right,reverse,reverse_right,1
1194,-12.000,27.500,0.500,180.000,H_y26.0_x-20.0_20.0_reverse_right,H_y26.0_x-20.0_20.0,H_y26.0_x-20.0_20.0,right,reverse,reverse_right,1
1195,-12.500,27.500,0.500,180.000,H_y26.0_x-20.0_20.0_reverse_right,H_y26.0_x-20.0_20.0,H_y26.0_x-20.0_20.0,right,reverse,reverse_right,1
1196,-13.000,27.500,0.500,180.000,H_y26.0_x-20.0_20.0_reverse_right,H_y26.0_x-20.0_20.0,H_y26.0_x-20.0_20.0,right,reverse,reverse_right,1
1197,-13.500,27.500,0.500,180.000,H_y26.0_x-20.0_20.0_reverse_right,H_y26.0_x-20.0_20.0,H_y26.0_x-20.0_20.0,right,reverse,reverse_right,1
1198,-14.000,27.500,0.500,180.000,H_y26.0_x-20.0_20.0_reverse_right,H_y26.0_x-20.0_20.0,H_y26.0_x-20.0_20.0,right,reverse,reverse_right,1
1199,-14.500,27.500,0.500,180.000,H_y26.0_x-20.0_20.0_reverse_right,H_y26.0_x-20.0_20.0,H_y26.0_x-20.0_20.0,right,reverse,reverse_right,1
1200,-15.000,27.500,0.500,180.000,H_y26.0_x-20.0_20.0_reverse_right,H_y26.0_x-20.0_20.0,H_y26.0_x-20.0_20.0,right,reverse,reverse_right,1
1201,-15.500,27.500,0.500,180.000,H_y26.0_x-20.0_20.0_reverse_right,H_y26.0_x-20.0_20.0,H_y26.0_x-20.0_20.0,right,reverse,reverse_right,1
1202,-16.000,27.500,0.500,180.000,H_y26.0_x-20.0_20.0_reverse_right,H_y26.0_x-20.0_20.0,H_y26.0_x-20.0_20.0,right,reverse,reverse_right,1
1203,-16.500,27.500,0.500,180.000,H_y26.0_x-20.0_20.0_reverse_right,H_y26.0_x-20.0_20.0,H_y26.0_x-20.0_20.0,right,reverse,reverse_right,1
1204,-17.000,27.500,0.500,180.000,H_y26.0_x-20.0_20.0_reverse_right,H_y26.0_x-20.0_20.0,H_y26.0_x-20.0_20.0,right,reverse,reverse_right,1
1205,-17.500,27.500,0.500,180.000,H_y26.0_x-20.0_20.0_reverse_right,H_y26.0_x-20.0_20.0,H_y26.0_x-20.0_20.0,right,reverse,reverse_right,1
1206,-18.000,27.500,0.500,180.000,H_y26.0_x-20.0_20.0_reverse_right,H_y26.0_x-20.0_20.0,H_y26.0_x-20.0_20.0,right,reverse,reverse_right,1
1207,-18.500,27.500,0.500,180.000,H_y26.0_x-20.0_20.0_reverse_right,H_y26.0_x-20.0_20.0,H_y26.0_x-20.0_20.0,right,reverse,reverse_right,1
1208,-19.000,27.500,0.500,180.000,H_y26.0_x-20.0_20.0_reverse_right,H_y26.0_x-20.0_20.0,H_y26.0_x-20.0_20.0,right,reverse,reverse_right,1
1209,-19.500,27.500,0.500,180.000,H_y26.0_x-20.0_20.0_reverse_right,H_y26.0_x-20.0_20.0,H_y26.0_x-20.0_20.0,right,reverse,reverse_right,1
1210,-20.000,27.500,0.500,180.000,H_y26.0_x-20.0_20.0_reverse_right,H_y26.0_x-20.0_20.0,H_y26.0_x-20.0_20.0,right,reverse,reverse_right,0
1211,-18.500,-3.000,0.500,90.000,V_x-20.0_y-3.0_26.0_forward_right,V_x-20.0_y-3.0_26.0,V_x-20.0_y-3.0_26.0,right,forward,forward_right,1
1212,-18.500,-2.500,0.500,90.000,V_x-20.0_y-3.0_26.0_forward_right,V_x-20.0_y-3.0_26.0,V_x-20.0_y-3.0_26.0,right,forward,forward_right,1
1213,-18.500,-2.000,0.500,90.000,V_x-20.0_y-3.0_26.0_forward_right,V_x-20.0_y-3.0_26.0,V_x-20.0_y-3.0_26.0,right,forward,forward_right,1
1214,-18.500,-1.500,0.500,90.000,V_x-20.0_y-3.0_26.0_forward_right,V_x-20.0_y-3.0_26.0,V_x-20.0_y-3.0_26.0,right,forward,forward_right,1
1215,-18.500,-1.000,0.500,90.000,V_x-20.0_y-3.0_26.0_forward_right,V_x-20.0_y-3.0_26.0,V_x-20.0_y-3.0_26.0,right,forward,forward_right,1
1216,-18.500,-0.500,0.500,90.000,V_x-20.0_y-3.0_26.0_forward_right,V_x-20.0_y-3.0_26.0,V_x-20.0_y-3.0_26.0,right,forward,forward_right,1
1217,-18.500,-0.000,0.500,90.000,V_x-20.0_y-3.0_26.0_forward_right,V_x-20.0_y-3.0_26.0,V_x-20.0_y-3.0_26.0,right,forward,forward_right,1
1218,-18.500,0.500,0.500,90.000,V_x-20.0_y-3.0_26.0_forward_right,V_x-20.0_y-3.0_26.0,V_x-20.0_y-3.0_26.0,right,forward,forward_right,1
1219,-18.500,1.000,0.500,90.000,V_x-20.0_y-3.0_26.0_forward_right,V_x-20.0_y-3.0_26.0,V_x-20.0_y-3.0_26.0,right,forward,forward_right,1
1220,-18.500,1.500,0.500,90.000,V_x-20.0_y-3.0_26.0_forward_right,V_x-20.0_y-3.0_26.0,V_x-20.0_y-3.0_26.0,right,forward,forward_right,1
1221,-18.500,2.000,0.500,90.000,V_x-20.0_y-3.0_26.0_forward_right,V_x-20.0_y-3.0_26.0,V_x-20.0_y-3.0_26.0,right,forward,forward_right,1
1222,-18.500,2.500,0.500,90.000,V_x-20.0_y-3.0_26.0_forward_right,V_x-20.0_y-3.0_26.0,V_x-20.0_y-3.0_26.0,right,forward,forward_right,1
1223,-18.500,3.000,0.500,90.000,V_x-20.0_y-3.0_26.0_forward_right,V_x-20.0_y-3.0_26.0,V_x-20.0_y-3.0_26.0,right,forward,forward_right,1
1224,-18.500,3.500,0.500,90.000,V_x-20.0_y-3.0_26.0_forward_right,V_x-20.0_y-3.0_26.0,V_x-20.0_y-3.0_26.0,right,forward,forward_right,1
1225,-18.500,4.000,0.500,90.000,V_x-20.0_y-3.0_26.0_forward_right,V_x-20.0_y-3.0_26.0,V_x-20.0_y-3.0_26.0,right,forward,forward_right,1
1226,-18.500,4.500,0.500,90.000,V_x-20.0_y-3.0_26.0_forward_right,V_x-20.0_y-3.0_26.0,V_x-20.0_y-3.0_26.0,right,forward,forward_right,1
1227,-18.500,5.000,0.500,90.000,V_x-20.0_y-3.0_26.0_forward_right,V_x-20.0_y-3.0_26.0,V_x-20.0_y-3.0_26.0,right,forward,forward_right,1
1228,-18.500,5.500,0.500,90.000,V_x-20.0_y-3.0_26.0_forward_right,V_x-20.0_y-3.0_26.0,V_x-20.0_y-3.0_26.0,right,forward,forward_right,1
1229,-18.500,6.000,0.500,90.000,V_x-20.0_y-3.0_26.0_forward_right,V_x-20.0_y-3.0_26.0,V_x-20.0_y-3.0_26.0,right,forward,forward_right,1
1230,-18.500,6.500,0.500,90.000,V_x-20.0_y-3.0_26.0_forward_right,V_x-20.0_y-3.0_26.0,V_x-20.0_y-3.0_26.0,right,forward,forward_right,1
1231,-18.500,7.000,0.500,90.000,V_x-20.0_y-3.0_26.0_forward_right,V_x-20.0_y-3.0_26.0,V_x-20.0_y-3.0_26.0,right,forward,forward_right,1
1232,-18.500,7.500,0.500,90.000,V_x-20.0_y-3.0_26.0_forward_right,V_x-20.0_y-3.0_26.0,V_x-20.0_y-3.0_26.0,right,forward,forward_right,1
1233,-18.500,8.000,0.500,90.000,V_x-20.0_y-3.0_26.0_forward_right,V_x-20.0_y-3.0_26.0,V_x-20.0_y-3.0_26.0,right,forward,forward_right,1
1234,-18.500,8.500,0.500,90.000,V_x-20.0_y-3.0_26.0_forward_right,V_x-20.0_y-3.0_26.0,V_x-20.0_y-3.0_26.0,right,forward,forward_right,1
1235,-18.500,9.000,0.500,90.000,V_x-20.0_y-3.0_26.0_forward_right,V_x-20.0_y-3.0_26.0,V_x-20.0_y-3.0_26.0,right,forward,forward_right,1
1236,-18.500,9.500,0.500,90.000,V_x-20.0_y-3.0_26.0_forward_right,V_x-20.0_y-3.0_26.0,V_x-20.0_y-3.0_26.0,right,forward,forward_right,1
1237,-18.500,10.000,0.500,90.000,V_x-20.0_y-3.0_26.0_forward_right,V_x-20.0_y-3.0_26.0,V_x-20.0_y-3.0_26.0,right,forward,forward_right,1
1238,-18.500,10.500,0.500,90.000,V_x-20.0_y-3.0_26.0_forward_right,V_x-20.0_y-3.0_26.0,V_x-20.0_y-3.0_26.0,right,forward,forward_right,1
1239,-18.500,11.000,0.500,90.000,V_x-20.0_y-3.0_26.0_forward_right,V_x-20.0_y-3.0_26.0,V_x-20.0_y-3.0_26.0,right,forward,forward_right,1
1240,-18.500,11.500,0.500,90.000,V_x-20.0_y-3.0_26.0_forward_right,V_x-20.0_y-3.0_26.0,V_x-20.0_y-3.0_26.0,right,forward,forward_right,1
1241,-18.500,12.000,0.500,90.000,V_x-20.0_y-3.0_26.0_forward_right,V_x-20.0_y-3.0_26.0,V_x-20.0_y-3.0_26.0,right,forward,forward_right,1
1242,-18.500,12.500,0.500,90.000,V_x-20.0_y-3.0_26.0_forward_right,V_x-20.0_y-3.0_26.0,V_x-20.0_y-3.0_26.0,right,forward,forward_right,1
1243,-18.500,13.000,0.500,90.000,V_x-20.0_y-3.0_26.0_forward_right,V_x-20.0_y-3.0_26.0,V_x-20.0_y-3.0_26.0,right,forward,forward_right,1
1244,-18.500,13.500,0.500,90.000,V_x-20.0_y-3.0_26.0_forward_right,V_x-20.0_y-3.0_26.0,V_x-20.0_y-3.0_26.0,right,forward,forward_right,1
1245,-18.500,14.000,0.500,90.000,V_x-20.0_y-3.0_26.0_forward_right,V_x-20.0_y-3.0_26.0,V_x-20.0_y-3.0_26.0,right,forward,forward_right,1
1246,-18.500,14.500,0.500,90.000,V_x-20.0_y-3.0_26.0_forward_right,V_x-20.0_y-3.0_26.0,V_x-20.0_y-3.0_26.0,right,forward,forward_right,1
1247,-18.500,15.000,0.500,90.000,V_x-20.0_y-3.0_26.0_forward_right,V_x-20.0_y-3.0_26.0,V_x-20.0_y-3.0_26.0,right,forward,forward_right,1
1248,-18.500,15.500,0.500,90.000,V_x-20.0_y-3.0_26.0_forward_right,V_x-20.0_y-3.0_26.0,V_x-20.0_y-3.0_26.0,right,forward,forward_right,1
1249,-18.500,16.000,0.500,90.000,V_x-20.0_y-3.0_26.0_forward_right,V_x-20.0_y-3.0_26.0,V_x-20.0_y-3.0_26.0,right,forward,forward_right,1
1250,-18.500,16.500,0.500,90.000,V_x-20.0_y-3.0_26.0_forward_right,V_x-20.0_y-3.0_26.0,V_x-20.0_y-3.0_26.0,right,forward,forward_right,1
1251,-18.500,17.000,0.500,90.000,V_x-20.0_y-3.0_26.0_forward_right,V_x-20.0_y-3.0_26.0,V_x-20.0_y-3.0_26.0,right,forward,forward_right,1
1252,-18.500,17.500,0.500,90.000,V_x-20.0_y-3.0_26.0_forward_right,V_x-20.0_y-3.0_26.0,V_x-20.0_y-3.0_26.0,right,forward,forward_right,1
1253,-18.500,18.000,0.500,90.000,V_x-20.0_y-3.0_26.0_forward_right,V_x-20.0_y-3.0_26.0,V_x-20.0_y-3.0_26.0,right,forward,forward_right,1
1254,-18.500,18.500,0.500,90.000,V_x-20.0_y-3.0_26.0_forward_right,V_x-20.0_y-3.0_26.0,V_x-20.0_y-3.0_26.0,right,forward,forward_right,1
1255,-18.500,19.000,0.500,90.000,V_x-20.0_y-3.0_26.0_forward_right,V_x-20.0_y-3.0_26.0,V_x-20.0_y-3.0_26.0,right,forward,forward_right,1
1256,-18.500,19.500,0.500,90.000,V_x-20.0_y-3.0_26.0_forward_right,V_x-20.0_y-3.0_26.0,V_x-20.0_y-3.0_26.0,right,forward,forward_right,1
1257,-18.500,20.000,0.500,90.000,V_x-20.0_y-3.0_26.0_forward_right,V_x-20.0_y-3.0_26.0,V_x-20.0_y-3.0_26.0,right,forward,forward_right,1
1258,-18.500,20.500,0.500,90.000,V_x-20.0_y-3.0_26.0_forward_right,V_x-20.0_y-3.0_26.0,V_x-20.0_y-3.0_26.0,right,forward,forward_right,1
1259,-18.500,21.000,0.500,90.000,V_x-20.0_y-3.0_26.0_forward_right,V_x-20.0_y-3.0_26.0,V_x-20.0_y-3.0_26.0,right,forward,forward_right,1
1260,-18.500,21.500,0.500,90.000,V_x-20.0_y-3.0_26.0_forward_right,V_x-20.0_y-3.0_26.0,V_x-20.0_y-3.0_26.0,right,forward,forward_right,1
1261,-18.500,22.000,0.500,90.000,V_x-20.0_y-3.0_26.0_forward_right,V_x-20.0_y-3.0_26.0,V_x-20.0_y-3.0_26.0,right,forward,forward_right,1
1262,-18.500,22.500,0.500,90.000,V_x-20.0_y-3.0_26.0_forward_right,V_x-20.0_y-3.0_26.0,V_x-20.0_y-3.0_26.0,right,forward,forward_right,1
1263,-18.500,23.000,0.500,90.000,V_x-20.0_y-3.0_26.0_forward_right,V_x-20.0_y-3.0_26.0,V_x-20.0_y-3.0_26.0,right,forward,forward_right,1
1264,-18.500,23.500,0.500,90.000,V_x-20.0_y-3.0_26.0_forward_right,V_x-20.0_y-3.0_26.0,V_x-20.0_y-3.0_26.0,right,forward,forward_right,1
1265,-18.500,24.000,0.500,90.000,V_x-20.0_y-3.0_26.0_forward_right,V_x-20.0_y-3.0_26.0,V_x-20.0_y-3.0_26.0,right,forward,forward_right,1
1266,-18.500,24.500,0.500,90.000,V_x-20.0_y-3.0_26.0_forward_right,V_x-20.0_y-3.0_26.0,V_x-20.0_y-3.0_26.0,right,forward,forward_right,1
1267,-18.500,25.000,0.500,90.000,V_x-20.0_y-3.0_26.0_forward_right,V_x-20.0_y-3.0_26.0,V_x-20.0_y-3.0_26.0,right,forward,forward_right,1
1268,-18.500,25.500,0.500,90.000,V_x-20.0_y-3.0_26.0_forward_right,V_x-20.0_y-3.0_26.0,V_x-20.0_y-3.0_26.0,right,forward,forward_right,1
1269,-18.500,26.000,0.500,90.000,V_x-20.0_y-3.0_26.0_forward_right,V_x-20.0_y-3.0_26.0,V_x-20.0_y-3.0_26.0,right,forward,forward_right,0
1270,-21.500,26.000,0.500,-90.000,V_x-20.0_y-3.0_26.0_reverse_right,V_x-20.0_y-3.0_26.0,V_x-20.0_y-3.0_26.0,right,reverse,reverse_right,1
1271,-21.500,25.500,0.500,-90.000,V_x-20.0_y-3.0_26.0_reverse_right,V_x-20.0_y-3.0_26.0,V_x-20.0_y-3.0_26.0,right,reverse,reverse_right,1
1272,-21.500,25.000,0.500,-90.000,V_x-20.0_y-3.0_26.0_reverse_right,V_x-20.0_y-3.0_26.0,V_x-20.0_y-3.0_26.0,right,reverse,reverse_right,1
1273,-21.500,24.500,0.500,-90.000,V_x-20.0_y-3.0_26.0_reverse_right,V_x-20.0_y-3.0_26.0,V_x-20.0_y-3.0_26.0,right,reverse,reverse_right,1
1274,-21.500,24.000,0.500,-90.000,V_x-20.0_y-3.0_26.0_reverse_right,V_x-20.0_y-3.0_26.0,V_x-20.0_y-3.0_26.0,right,reverse,reverse_right,1
1275,-21.500,23.500,0.500,-90.000,V_x-20.0_y-3.0_26.0_reverse_right,V_x-20.0_y-3.0_26.0,V_x-20.0_y-3.0_26.0,right,reverse,reverse_right,1
1276,-21.500,23.000,0.500,-90.000,V_x-20.0_y-3.0_26.0_reverse_right,V_x-20.0_y-3.0_26.0,V_x-20.0_y-3.0_26.0,right,reverse,reverse_right,1
1277,-21.500,22.500,0.500,-90.000,V_x-20.0_y-3.0_26.0_reverse_right,V_x-20.0_y-3.0_26.0,V_x-20.0_y-3.0_26.0,right,reverse,reverse_right,1
1278,-21.500,22.000,0.500,-90.000,V_x-20.0_y-3.0_26.0_reverse_right,V_x-20.0_y-3.0_26.0,V_x-20.0_y-3.0_26.0,right,reverse,reverse_right,1
1279,-21.500,21.500,0.500,-90.000,V_x-20.0_y-3.0_26.0_reverse_right,V_x-20.0_y-3.0_26.0,V_x-20.0_y-3.0_26.0,right,reverse,reverse_right,1
1280,-21.500,21.000,0.500,-90.000,V_x-20.0_y-3.0_26.0_reverse_right,V_x-20.0_y-3.0_26.0,V_x-20.0_y-3.0_26.0,right,reverse,reverse_right,1
1281,-21.500,20.500,0.500,-90.000,V_x-20.0_y-3.0_26.0_reverse_right,V_x-20.0_y-3.0_26.0,V_x-20.0_y-3.0_26.0,right,reverse,reverse_right,1
1282,-21.500,20.000,0.500,-90.000,V_x-20.0_y-3.0_26.0_reverse_right,V_x-20.0_y-3.0_26.0,V_x-20.0_y-3.0_26.0,right,reverse,reverse_right,1
1283,-21.500,19.500,0.500,-90.000,V_x-20.0_y-3.0_26.0_reverse_right,V_x-20.0_y-3.0_26.0,V_x-20.0_y-3.0_26.0,right,reverse,reverse_right,1
1284,-21.500,19.000,0.500,-90.000,V_x-20.0_y-3.0_26.0_reverse_right,V_x-20.0_y-3.0_26.0,V_x-20.0_y-3.0_26.0,right,reverse,reverse_right,1
1285,-21.500,18.500,0.500,-90.000,V_x-20.0_y-3.0_26.0_reverse_right,V_x-20.0_y-3.0_26.0,V_x-20.0_y-3.0_26.0,right,reverse,reverse_right,1
1286,-21.500,18.000,0.500,-90.000,V_x-20.0_y-3.0_26.0_reverse_right,V_x-20.0_y-3.0_26.0,V_x-20.0_y-3.0_26.0,right,reverse,reverse_right,1
1287,-21.500,17.500,0.500,-90.000,V_x-20.0_y-3.0_26.0_reverse_right,V_x-20.0_y-3.0_26.0,V_x-20.0_y-3.0_26.0,right,reverse,reverse_right,1
1288,-21.500,17.000,0.500,-90.000,V_x-20.0_y-3.0_26.0_reverse_right,V_x-20.0_y-3.0_26.0,V_x-20.0_y-3.0_26.0,right,reverse,reverse_right,1
1289,-21.500,16.500,0.500,-90.000,V_x-20.0_y-3.0_26.0_reverse_right,V_x-20.0_y-3.0_26.0,V_x-20.0_y-3.0_26.0,right,reverse,reverse_right,1
1290,-21.500,16.000,0.500,-90.000,V_x-20.0_y-3.0_26.0_reverse_right,V_x-20.0_y-3.0_26.0,V_x-20.0_y-3.0_26.0,right,reverse,reverse_right,1
1291,-21.500,15.500,0.500,-90.000,V_x-20.0_y-3.0_26.0_reverse_right,V_x-20.0_y-3.0_26.0,V_x-20.0_y-3.0_26.0,right,reverse,reverse_right,1
1292,-21.500,15.000,0.500,-90.000,V_x-20.0_y-3.0_26.0_reverse_right,V_x-20.0_y-3.0_26.0,V_x-20.0_y-3.0_26.0,right,reverse,reverse_right,1
1293,-21.500,14.500,0.500,-90.000,V_x-20.0_y-3.0_26.0_reverse_right,V_x-20.0_y-3.0_26.0,V_x-20.0_y-3.0_26.0,right,reverse,reverse_right,1
1294,-21.500,14.000,0.500,-90.000,V_x-20.0_y-3.0_26.0_reverse_right,V_x-20.0_y-3.0_26.0,V_x-20.0_y-3.0_26.0,right,reverse,reverse_right,1
1295,-21.500,13.500,0.500,-90.000,V_x-20.0_y-3.0_26.0_reverse_right,V_x-20.0_y-3.0_26.0,V_x-20.0_y-3.0_26.0,right,reverse,reverse_right,1
1296,-21.500,13.000,0.500,-90.000,V_x-20.0_y-3.0_26.0_reverse_right,V_x-20.0_y-3.0_26.0,V_x-20.0_y-3.0_26.0,right,reverse,reverse_right,1
1297,-21.500,12.500,0.500,-90.000,V_x-20.0_y-3.0_26.0_reverse_right,V_x-20.0_y-3.0_26.0,V_x-20.0_y-3.0_26.0,right,reverse,reverse_right,1
1298,-21.500,12.000,0.500,-90.000,V_x-20.0_y-3.0_26.0_reverse_right,V_x-20.0_y-3.0_26.0,V_x-20.0_y-3.0_26.0,right,reverse,reverse_right,1
1299,-21.500,11.500,0.500,-90.000,V_x-20.0_y-3.0_26.0_reverse_right,V_x-20.0_y-3.0_26.0,V_x-20.0_y-3.0_26.0,right,reverse,reverse_right,1
1300,-21.500,11.000,0.500,-90.000,V_x-20.0_y-3.0_26.0_reverse_right,V_x-20.0_y-3.0_26.0,V_x-20.0_y-3.0_26.0,right,reverse,reverse_right,1
1301,-21.500,10.500,0.500,-90.000,V_x-20.0_y-3.0_26.0_reverse_right,V_x-20.0_y-3.0_26.0,V_x-20.0_y-3.0_26.0,right,reverse,reverse_right,1
1302,-21.500,10.000,0.500,-90.000,V_x-20.0_y-3.0_26.0_reverse_right,V_x-20.0_y-3.0_26.0,V_x-20.0_y-3.0_26.0,right,reverse,reverse_right,1
1303,-21.500,9.500,0.500,-90.000,V_x-20.0_y-3.0_26.0_reverse_right,V_x-20.0_y-3.0_26.0,V_x-20.0_y-3.0_26.0,right,reverse,reverse_right,1
1304,-21.500,9.000,0.500,-90.000,V_x-20.0_y-3.0_26.0_reverse_right,V_x-20.0_y-3.0_26.0,V_x-20.0_y-3.0_26.0,right,reverse,reverse_right,1
1305,-21.500,8.500,0.500,-90.000,V_x-20.0_y-3.0_26.0_reverse_right,V_x-20.0_y-3.0_26.0,V_x-20.0_y-3.0_26.0,right,reverse,reverse_right,1
1306,-21.500,8.000,0.500,-90.000,V_x-20.0_y-3.0_26.0_reverse_right,V_x-20.0_y-3.0_26.0,V_x-20.0_y-3.0_26.0,right,reverse,reverse_right,1
1307,-21.500,7.500,0.500,-90.000,V_x-20.0_y-3.0_26.0_reverse_right,V_x-20.0_y-3.0_26.0,V_x-20.0_y-3.0_26.0,right,reverse,reverse_right,1
1308,-21.500,7.000,0.500,-90.000,V_x-20.0_y-3.0_26.0_reverse_right,V_x-20.0_y-3.0_26.0,V_x-20.0_y-3.0_26.0,right,reverse,reverse_right,1
1309,-21.500,6.500,0.500,-90.000,V_x-20.0_y-3.0_26.0_reverse_right,V_x-20.0_y-3.0_26.0,V_x-20.0_y-3.0_26.0,right,reverse,reverse_right,1
1310,-21.500,6.000,0.500,-90.000,V_x-20.0_y-3.0_26.0_reverse_right,V_x-20.0_y-3.0_26.0,V_x-20.0_y-3.0_26.0,right,reverse,reverse_right,1
1311,-21.500,5.500,0.500,-90.000,V_x-20.0_y-3.0_26.0_reverse_right,V_x-20.0_y-3.0_26.0,V_x-20.0_y-3.0_26.0,right,reverse,reverse_right,1
1312,-21.500,5.000,0.500,-90.000,V_x-20.0_y-3.0_26.0_reverse_right,V_x-20.0_y-3.0_26.0,V_x-20.0_y-3.0_26.0,right,reverse,reverse_right,1
1313,-21.500,4.500,0.500,-90.000,V_x-20.0_y-3.0_26.0_reverse_right,V_x-20.0_y-3.0_26.0,V_x-20.0_y-3.0_26.0,right,reverse,reverse_right,1
1314,-21.500,4.000,0.500,-90.000,V_x-20.0_y-3.0_26.0_reverse_right,V_x-20.0_y-3.0_26.0,V_x-20.0_y-3.0_26.0,right,reverse,reverse_right,1
1315,-21.500,3.500,0.500,-90.000,V_x-20.0_y-3.0_26.0_reverse_right,V_x-20.0_y-3.0_26.0,V_x-20.0_y-3.0_26.0,right,reverse,reverse_right,1
1316,-21.500,3.000,0.500,-90.000,V_x-20.0_y-3.0_26.0_reverse_right,V_x-20.0_y-3.0_26.0,V_x-20.0_y-3.0_26.0,right,reverse,reverse_right,1
1317,-21.500,2.500,0.500,-90.000,V_x-20.0_y-3.0_26.0_reverse_right,V_x-20.0_y-3.0_26.0,V_x-20.0_y-3.0_26.0,right,reverse,reverse_right,1
1318,-21.500,2.000,0.500,-90.000,V_x-20.0_y-3.0_26.0_reverse_right,V_x-20.0_y-3.0_26.0,V_x-20.0_y-3.0_26.0,right,reverse,reverse_right,1
1319,-21.500,1.500,0.500,-90.000,V_x-20.0_y-3.0_26.0_reverse_right,V_x-20.0_y-3.0_26.0,V_x-20.0_y-3.0_26.0,right,reverse,reverse_right,1
1320,-21.500,1.000,0.500,-90.000,V_x-20.0_y-3.0_26.0_reverse_right,V_x-20.0_y-3.0_26.0,V_x-20.0_y-3.0_26.0,right,reverse,reverse_right,1
1321,-21.500,0.500,0.500,-90.000,V_x-20.0_y-3.0_26.0_reverse_right,V_x-20.0_y-3.0_26.0,V_x-20.0_y-3.0_26.0,right,reverse,reverse_right,1
1322,-21.500,-0.000,0.500,-90.000,V_x-20.0_y-3.0_26.0_reverse_right,V_x-20.0_y-3.0_26.0,V_x-20.0_y-3.0_26.0,right,reverse,reverse_right,1
1323,-21.500,-0.500,0.500,-90.000,V_x-20.0_y-3.0_26.0_reverse_right,V_x-20.0_y-3.0_26.0,V_x-20.0_y-3.0_26.0,right,reverse,reverse_right,1
1324,-21.500,-1.000,0.500,-90.000,V_x-20.0_y-3.0_26.0_reverse_right,V_x-20.0_y-3.0_26.0,V_x-20.0_y-3.0_26.0,right,reverse,reverse_right,1
1325,-21.500,-1.500,0.500,-90.000,V_x-20.0_y-3.0_26.0_reverse_right,V_x-20.0_y-3.0_26.0,V_x-20.0_y-3.0_26.0,right,reverse,reverse_right,1
1326,-21.500,-2.000,0.500,-90.000,V_x-20.0_y-3.0_26.0_reverse_right,V_x-20.0_y-3.0_26.0,V_x-20.0_y-3.0_26.0,right,reverse,reverse_right,1
1327,-21.500,-2.500,0.500,-90.000,V_x-20.0_y-3.0_26.0_reverse_right,V_x-20.0_y-3.0_26.0,V_x-20.0_y-3.0_26.0,right,reverse,reverse_right,1
1328,-21.500,-3.000,0.500,-90.000,V_x-20.0_y-3.0_26.0_reverse_right,V_x-20.0_y-3.0_26.0,V_x-20.0_y-3.0_26.0,right,reverse,reverse_right,0
1329,-20.000,-4.500,0.500,0.000,H_y-3.0_x-20.0_20.0_forward_right,H_y-3.0_x-20.0_20.0,H_y-3.0_x-20.0_20.0,right,forward,forward_right,1
1330,-19.500,-4.500,0.500,0.000,H_y-3.0_x-20.0_20.0_forward_right,H_y-3.0_x-20.0_20.0,H_y-3.0_x-20.0_20.0,right,forward,forward_right,1
1331,-19.000,-4.500,0.500,0.000,H_y-3.0_x-20.0_20.0_forward_right,H_y-3.0_x-20.0_20.0,H_y-3.0_x-20.0_20.0,right,forward,forward_right,1
1332,-18.500,-4.500,0.500,0.000,H_y-3.0_x-20.0_20.0_forward_right,H_y-3.0_x-20.0_20.0,H_y-3.0_x-20.0_20.0,right,forward,forward_right,1
1333,-18.000,-4.500,0.500,0.000,H_y-3.0_x-20.0_20.0_forward_right,H_y-3.0_x-20.0_20.0,H_y-3.0_x-20.0_20.0,right,forward,forward_right,1
1334,-17.500,-4.500,0.500,0.000,H_y-3.0_x-20.0_20.0_forward_right,H_y-3.0_x-20.0_20.0,H_y-3.0_x-20.0_20.0,right,forward,forward_right,1
1335,-17.000,-4.500,0.500,0.000,H_y-3.0_x-20.0_20.0_forward_right,H_y-3.0_x-20.0_20.0,H_y-3.0_x-20.0_20.0,right,forward,forward_right,1
1336,-16.500,-4.500,0.500,0.000,H_y-3.0_x-20.0_20.0_forward_right,H_y-3.0_x-20.0_20.0,H_y-3.0_x-20.0_20.0,right,forward,forward_right,1
1337,-16.000,-4.500,0.500,0.000,H_y-3.0_x-20.0_20.0_forward_right,H_y-3.0_x-20.0_20.0,H_y-3.0_x-20.0_20.0,right,forward,forward_right,1
1338,-15.500,-4.500,0.500,0.000,H_y-3.0_x-20.0_20.0_forward_right,H_y-3.0_x-20.0_20.0,H_y-3.0_x-20.0_20.0,right,forward,forward_right,1
1339,-15.000,-4.500,0.500,0.000,H_y-3.0_x-20.0_20.0_forward_right,H_y-3.0_x-20.0_20.0,H_y-3.0_x-20.0_20.0,right,forward,forward_right,1
1340,-14.500,-4.500,0.500,0.000,H_y-3.0_x-20.0_20.0_forward_right,H_y-3.0_x-20.0_20.0,H_y-3.0_x-20.0_20.0,right,forward,forward_right,1
1341,-14.000,-4.500,0.500,0.000,H_y-3.0_x-20.0_20.0_forward_right,H_y-3.0_x-20.0_20.0,H_y-3.0_x-20.0_20.0,right,forward,forward_right,1
1342,-13.500,-4.500,0.500,0.000,H_y-3.0_x-20.0_20.0_forward_right,H_y-3.0_x-20.0_20.0,H_y-3.0_x-20.0_20.0,right,forward,forward_right,1
1343,-13.000,-4.500,0.500,0.000,H_y-3.0_x-20.0_20.0_forward_right,H_y-3.0_x-20.0_20.0,H_y-3.0_x-20.0_20.0,right,forward,forward_right,1
1344,-12.500,-4.500,0.500,0.000,H_y-3.0_x-20.0_20.0_forward_right,H_y-3.0_x-20.0_20.0,H_y-3.0_x-20.0_20.0,right,forward,forward_right,1
1345,-12.000,-4.500,0.500,0.000,H_y-3.0_x-20.0_20.0_forward_right,H_y-3.0_x-20.0_20.0,H_y-3.0_x-20.0_20.0,right,forward,forward_right,1
1346,-11.500,-4.500,0.500,0.000,H_y-3.0_x-20.0_20.0_forward_right,H_y-3.0_x-20.0_20.0,H_y-3.0_x-20.0_20.0,right,forward,forward_right,1
1347,-11.000,-4.500,0.500,0.000,H_y-3.0_x-20.0_20.0_forward_right,H_y-3.0_x-20.0_20.0,H_y-3.0_x-20.0_20.0,right,forward,forward_right,1
1348,-10.500,-4.500,0.500,0.000,H_y-3.0_x-20.0_20.0_forward_right,H_y-3.0_x-20.0_20.0,H_y-3.0_x-20.0_20.0,right,forward,forward_right,1
1349,-10.000,-4.500,0.500,0.000,H_y-3.0_x-20.0_20.0_forward_right,H_y-3.0_x-20.0_20.0,H_y-3.0_x-20.0_20.0,right,forward,forward_right,1
1350,-9.500,-4.500,0.500,0.000,H_y-3.0_x-20.0_20.0_forward_right,H_y-3.0_x-20.0_20.0,H_y-3.0_x-20.0_20.0,right,forward,forward_right,1
1351,-9.000,-4.500,0.500,0.000,H_y-3.0_x-20.0_20.0_forward_right,H_y-3.0_x-20.0_20.0,H_y-3.0_x-20.0_20.0,right,forward,forward_right,1
1352,-8.500,-4.500,0.500,0.000,H_y-3.0_x-20.0_20.0_forward_right,H_y-3.0_x-20.0_20.0,H_y-3.0_x-20.0_20.0,right,forward,forward_right,1
1353,-8.000,-4.500,0.500,0.000,H_y-3.0_x-20.0_20.0_forward_right,H_y-3.0_x-20.0_20.0,H_y-3.0_x-20.0_20.0,right,forward,forward_right,1
1354,-7.500,-4.500,0.500,0.000,H_y-3.0_x-20.0_20.0_forward_right,H_y-3.0_x-20.0_20.0,H_y-3.0_x-20.0_20.0,right,forward,forward_right,1
1355,-7.000,-4.500,0.500,0.000,H_y-3.0_x-20.0_20.0_forward_right,H_y-3.0_x-20.0_20.0,H_y-3.0_x-20.0_20.0,right,forward,forward_right,1
1356,-6.500,-4.500,0.500,0.000,H_y-3.0_x-20.0_20.0_forward_right,H_y-3.0_x-20.0_20.0,H_y-3.0_x-20.0_20.0,right,forward,forward_right,1
1357,-6.000,-4.500,0.500,0.000,H_y-3.0_x-20.0_20.0_forward_right,H_y-3.0_x-20.0_20.0,H_y-3.0_x-20.0_20.0,right,forward,forward_right,1
1358,-5.500,-4.500,0.500,0.000,H_y-3.0_x-20.0_20.0_forward_right,H_y-3.0_x-20.0_20.0,H_y-3.0_x-20.0_20.0,right,forward,forward_right,1
1359,-5.000,-4.500,0.500,0.000,H_y-3.0_x-20.0_20.0_forward_right,H_y-3.0_x-20.0_20.0,H_y-3.0_x-20.0_20.0,right,forward,forward_right,1
1360,-4.500,-4.500,0.500,0.000,H_y-3.0_x-20.0_20.0_forward_right,H_y-3.0_x-20.0_20.0,H_y-3.0_x-20.0_20.0,right,forward,forward_right,1
1361,-4.000,-4.500,0.500,0.000,H_y-3.0_x-20.0_20.0_forward_right,H_y-3.0_x-20.0_20.0,H_y-3.0_x-20.0_20.0,right,forward,forward_right,1
1362,-3.500,-4.500,0.500,0.000,H_y-3.0_x-20.0_20.0_forward_right,H_y-3.0_x-20.0_20.0,H_y-3.0_x-20.0_20.0,right,forward,forward_right,1
1363,-3.000,-4.500,0.500,0.000,H_y-3.0_x-20.0_20.0_forward_right,H_y-3.0_x-20.0_20.0,H_y-3.0_x-20.0_20.0,right,forward,forward_right,1
1364,-2.500,-4.500,0.500,0.000,H_y-3.0_x-20.0_20.0_forward_right,H_y-3.0_x-20.0_20.0,H_y-3.0_x-20.0_20.0,right,forward,forward_right,1
1365,-2.000,-4.500,0.500,0.000,H_y-3.0_x-20.0_20.0_forward_right,H_y-3.0_x-20.0_20.0,H_y-3.0_x-20.0_20.0,right,forward,forward_right,1
1366,-1.500,-4.500,0.500,0.000,H_y-3.0_x-20.0_20.0_forward_right,H_y-3.0_x-20.0_20.0,H_y-3.0_x-20.0_20.0,right,forward,forward_right,1
1367,-1.000,-4.500,0.500,0.000,H_y-3.0_x-20.0_20.0_forward_right,H_y-3.0_x-20.0_20.0,H_y-3.0_x-20.0_20.0,right,forward,forward_right,1
1368,-0.500,-4.500,0.500,0.000,H_y-3.0_x-20.0_20.0_forward_right,H_y-3.0_x-20.0_20.0,H_y-3.0_x-20.0_20.0,right,forward,forward_right,1
1369,0.000,-4.500,0.500,0.000,H_y-3.0_x-20.0_20.0_forward_right,H_y-3.0_x-20.0_20.0,H_y-3.0_x-20.0_20.0,right,forward,forward_right,1
1370,0.500,-4.500,0.500,0.000,H_y-3.0_x-20.0_20.0_forward_right,H_y-3.0_x-20.0_20.0,H_y-3.0_x-20.0_20.0,right,forward,forward_right,1
1371,1.000,-4.500,0.500,0.000,H_y-3.0_x-20.0_20.0_forward_right,H_y-3.0_x-20.0_20.0,H_y-3.0_x-20.0_20.0,right,forward,forward_right,1
1372,1.500,-4.500,0.500,0.000,H_y-3.0_x-20.0_20.0_forward_right,H_y-3.0_x-20.0_20.0,H_y-3.0_x-20.0_20.0,right,forward,forward_right,1
1373,2.000,-4.500,0.500,0.000,H_y-3.0_x-20.0_20.0_forward_right,H_y-3.0_x-20.0_20.0,H_y-3.0_x-20.0_20.0,right,forward,forward_right,1
1374,2.500,-4.500,0.500,0.000,H_y-3.0_x-20.0_20.0_forward_right,H_y-3.0_x-20.0_20.0,H_y-3.0_x-20.0_20.0,right,forward,forward_right,1
1375,3.000,-4.500,0.500,0.000,H_y-3.0_x-20.0_20.0_forward_right,H_y-3.0_x-20.0_20.0,H_y-3.0_x-20.0_20.0,right,forward,forward_right,1
1376,3.500,-4.500,0.500,0.000,H_y-3.0_x-20.0_20.0_forward_right,H_y-3.0_x-20.0_20.0,H_y-3.0_x-20.0_20.0,right,forward,forward_right,1
1377,4.000,-4.500,0.500,0.000,H_y-3.0_x-20.0_20.0_forward_right,H_y-3.0_x-20.0_20.0,H_y-3.0_x-20.0_20.0,right,forward,forward_right,1
1378,4.500,-4.500,0.500,0.000,H_y-3.0_x-20.0_20.0_forward_right,H_y-3.0_x-20.0_20.0,H_y-3.0_x-20.0_20.0,right,forward,forward_right,1
1379,5.000,-4.500,0.500,0.000,H_y-3.0_x-20.0_20.0_forward_right,H_y-3.0_x-20.0_20.0,H_y-3.0_x-20.0_20.0,right,forward,forward_right,1
1380,5.500,-4.500,0.500,0.000,H_y-3.0_x-20.0_20.0_forward_right,H_y-3.0_x-20.0_20.0,H_y-3.0_x-20.0_20.0,right,forward,forward_right,1
1381,6.000,-4.500,0.500,0.000,H_y-3.0_x-20.0_20.0_forward_right,H_y-3.0_x-20.0_20.0,H_y-3.0_x-20.0_20.0,right,forward,forward_right,1
1382,6.500,-4.500,0.500,0.000,H_y-3.0_x-20.0_20.0_forward_right,H_y-3.0_x-20.0_20.0,H_y-3.0_x-20.0_20.0,right,forward,forward_right,1
1383,7.000,-4.500,0.500,0.000,H_y-3.0_x-20.0_20.0_forward_right,H_y-3.0_x-20.0_20.0,H_y-3.0_x-20.0_20.0,right,forward,forward_right,1
1384,7.500,-4.500,0.500,0.000,H_y-3.0_x-20.0_20.0_forward_right,H_y-3.0_x-20.0_20.0,H_y-3.0_x-20.0_20.0,right,forward,forward_right,1
1385,8.000,-4.500,0.500,0.000,H_y-3.0_x-20.0_20.0_forward_right,H_y-3.0_x-20.0_20.0,H_y-3.0_x-20.0_20.0,right,forward,forward_right,1
1386,8.500,-4.500,0.500,0.000,H_y-3.0_x-20.0_20.0_forward_right,H_y-3.0_x-20.0_20.0,H_y-3.0_x-20.0_20.0,right,forward,forward_right,1
1387,9.000,-4.500,0.500,0.000,H_y-3.0_x-20.0_20.0_forward_right,H_y-3.0_x-20.0_20.0,H_y-3.0_x-20.0_20.0,right,forward,forward_right,1
1388,9.500,-4.500,0.500,0.000,H_y-3.0_x-20.0_20.0_forward_right,H_y-3.0_x-20.0_20.0,H_y-3.0_x-20.0_20.0,right,forward,forward_right,1
1389,10.000,-4.500,0.500,0.000,H_y-3.0_x-20.0_20.0_forward_right,H_y-3.0_x-20.0_20.0,H_y-3.0_x-20.0_20.0,right,forward,forward_right,1
1390,10.500,-4.500,0.500,0.000,H_y-3.0_x-20.0_20.0_forward_right,H_y-3.0_x-20.0_20.0,H_y-3.0_x-20.0_20.0,right,forward,forward_right,1
1391,11.000,-4.500,0.500,0.000,H_y-3.0_x-20.0_20.0_forward_right,H_y-3.0_x-20.0_20.0,H_y-3.0_x-20.0_20.0,right,forward,forward_right,1
1392,11.500,-4.500,0.500,0.000,H_y-3.0_x-20.0_20.0_forward_right,H_y-3.0_x-20.0_20.0,H_y-3.0_x-20.0_20.0,right,forward,forward_right,1
1393,12.000,-4.500,0.500,0.000,H_y-3.0_x-20.0_20.0_forward_right,H_y-3.0_x-20.0_20.0,H_y-3.0_x-20.0_20.0,right,forward,forward_right,1
1394,12.500,-4.500,0.500,0.000,H_y-3.0_x-20.0_20.0_forward_right,H_y-3.0_x-20.0_20.0,H_y-3.0_x-20.0_20.0,right,forward,forward_right,1
1395,13.000,-4.500,0.500,0.000,H_y-3.0_x-20.0_20.0_forward_right,H_y-3.0_x-20.0_20.0,H_y-3.0_x-20.0_20.0,right,forward,forward_right,1
1396,13.500,-4.500,0.500,0.000,H_y-3.0_x-20.0_20.0_forward_right,H_y-3.0_x-20.0_20.0,H_y-3.0_x-20.0_20.0,right,forward,forward_right,1
1397,14.000,-4.500,0.500,0.000,H_y-3.0_x-20.0_20.0_forward_right,H_y-3.0_x-20.0_20.0,H_y-3.0_x-20.0_20.0,right,forward,forward_right,1
1398,14.500,-4.500,0.500,0.000,H_y-3.0_x-20.0_20.0_forward_right,H_y-3.0_x-20.0_20.0,H_y-3.0_x-20.0_20.0,right,forward,forward_right,1
1399,15.000,-4.500,0.500,0.000,H_y-3.0_x-20.0_20.0_forward_right,H_y-3.0_x-20.0_20.0,H_y-3.0_x-20.0_20.0,right,forward,forward_right,1
1400,15.500,-4.500,0.500,0.000,H_y-3.0_x-20.0_20.0_forward_right,H_y-3.0_x-20.0_20.0,H_y-3.0_x-20.0_20.0,right,forward,forward_right,1
1401,16.000,-4.500,0.500,0.000,H_y-3.0_x-20.0_20.0_forward_right,H_y-3.0_x-20.0_20.0,H_y-3.0_x-20.0_20.0,right,forward,forward_right,1
1402,16.500,-4.500,0.500,0.000,H_y-3.0_x-20.0_20.0_forward_right,H_y-3.0_x-20.0_20.0,H_y-3.0_x-20.0_20.0,right,forward,forward_right,1
1403,17.000,-4.500,0.500,0.000,H_y-3.0_x-20.0_20.0_forward_right,H_y-3.0_x-20.0_20.0,H_y-3.0_x-20.0_20.0,right,forward,forward_right,1
1404,17.500,-4.500,0.500,0.000,H_y-3.0_x-20.0_20.0_forward_right,H_y-3.0_x-20.0_20.0,H_y-3.0_x-20.0_20.0,right,forward,forward_right,1
1405,18.000,-4.500,0.500,0.000,H_y-3.0_x-20.0_20.0_forward_right,H_y-3.0_x-20.0_20.0,H_y-3.0_x-20.0_20.0,right,forward,forward_right,1
1406,18.500,-4.500,0.500,0.000,H_y-3.0_x-20.0_20.0_forward_right,H_y-3.0_x-20.0_20.0,H_y-3.0_x-20.0_20.0,right,forward,forward_right,1
1407,19.000,-4.500,0.500,0.000,H_y-3.0_x-20.0_20.0_forward_right,H_y-3.0_x-20.0_20.0,H_y-3.0_x-20.0_20.0,right,forward,forward_right,1
1408,19.500,-4.500,0.500,0.000,H_y-3.0_x-20.0_20.0_forward_right,H_y-3.0_x-20.0_20.0,H_y-3.0_x-20.0_20.0,right,forward,forward_right,1
1409,20.000,-4.500,0.500,0.000,H_y-3.0_x-20.0_20.0_forward_right,H_y-3.0_x-20.0_20.0,H_y-3.0_x-20.0_20.0,right,forward,forward_right,0
1410,20.000,-1.500,0.500,180.000,H_y-3.0_x-20.0_20.0_reverse_right,H_y-3.0_x-20.0_20.0,H_y-3.0_x-20.0_20.0,right,reverse,reverse_right,1
1411,19.500,-1.500,0.500,180.000,H_y-3.0_x-20.0_20.0_reverse_right,H_y-3.0_x-20.0_20.0,H_y-3.0_x-20.0_20.0,right,reverse,reverse_right,1
1412,19.000,-1.500,0.500,180.000,H_y-3.0_x-20.0_20.0_reverse_right,H_y-3.0_x-20.0_20.0,H_y-3.0_x-20.0_20.0,right,reverse,reverse_right,1
1413,18.500,-1.500,0.500,180.000,H_y-3.0_x-20.0_20.0_reverse_right,H_y-3.0_x-20.0_20.0,H_y-3.0_x-20.0_20.0,right,reverse,reverse_right,1
1414,18.000,-1.500,0.500,180.000,H_y-3.0_x-20.0_20.0_reverse_right,H_y-3.0_x-20.0_20.0,H_y-3.0_x-20.0_20.0,right,reverse,reverse_right,1
1415,17.500,-1.500,0.500,180.000,H_y-3.0_x-20.0_20.0_reverse_right,H_y-3.0_x-20.0_20.0,H_y-3.0_x-20.0_20.0,right,reverse,reverse_right,1
1416,17.000,-1.500,0.500,180.000,H_y-3.0_x-20.0_20.0_reverse_right,H_y-3.0_x-20.0_20.0,H_y-3.0_x-20.0_20.0,right,reverse,reverse_right,1
1417,16.500,-1.500,0.500,180.000,H_y-3.0_x-20.0_20.0_reverse_right,H_y-3.0_x-20.0_20.0,H_y-3.0_x-20.0_20.0,right,reverse,reverse_right,1
1418,16.000,-1.500,0.500,180.000,H_y-3.0_x-20.0_20.0_reverse_right,H_y-3.0_x-20.0_20.0,H_y-3.0_x-20.0_20.0,right,reverse,reverse_right,1
1419,15.500,-1.500,0.500,180.000,H_y-3.0_x-20.0_20.0_reverse_right,H_y-3.0_x-20.0_20.0,H_y-3.0_x-20.0_20.0,right,reverse,reverse_right,1
1420,15.000,-1.500,0.500,180.000,H_y-3.0_x-20.0_20.0_reverse_right,H_y-3.0_x-20.0_20.0,H_y-3.0_x-20.0_20.0,right,reverse,reverse_right,1
1421,14.500,-1.500,0.500,180.000,H_y-3.0_x-20.0_20.0_reverse_right,H_y-3.0_x-20.0_20.0,H_y-3.0_x-20.0_20.0,right,reverse,reverse_right,1
1422,14.000,-1.500,0.500,180.000,H_y-3.0_x-20.0_20.0_reverse_right,H_y-3.0_x-20.0_20.0,H_y-3.0_x-20.0_20.0,right,reverse,reverse_right,1
1423,13.500,-1.500,0.500,180.000,H_y-3.0_x-20.0_20.0_reverse_right,H_y-3.0_x-20.0_20.0,H_y-3.0_x-20.0_20.0,right,reverse,reverse_right,1
1424,13.000,-1.500,0.500,180.000,H_y-3.0_x-20.0_20.0_reverse_right,H_y-3.0_x-20.0_20.0,H_y-3.0_x-20.0_20.0,right,reverse,reverse_right,1
1425,12.500,-1.500,0.500,180.000,H_y-3.0_x-20.0_20.0_reverse_right,H_y-3.0_x-20.0_20.0,H_y-3.0_x-20.0_20.0,right,reverse,reverse_right,1
1426,12.000,-1.500,0.500,180.000,H_y-3.0_x-20.0_20.0_reverse_right,H_y-3.0_x-20.0_20.0,H_y-3.0_x-20.0_20.0,right,reverse,reverse_right,1
1427,11.500,-1.500,0.500,180.000,H_y-3.0_x-20.0_20.0_reverse_right,H_y-3.0_x-20.0_20.0,H_y-3.0_x-20.0_20.0,right,reverse,reverse_right,1
1428,11.000,-1.500,0.500,180.000,H_y-3.0_x-20.0_20.0_reverse_right,H_y-3.0_x-20.0_20.0,H_y-3.0_x-20.0_20.0,right,reverse,reverse_right,1
1429,10.500,-1.500,0.500,180.000,H_y-3.0_x-20.0_20.0_reverse_right,H_y-3.0_x-20.0_20.0,H_y-3.0_x-20.0_20.0,right,reverse,reverse_right,1
1430,10.000,-1.500,0.500,180.000,H_y-3.0_x-20.0_20.0_reverse_right,H_y-3.0_x-20.0_20.0,H_y-3.0_x-20.0_20.0,right,reverse,reverse_right,1
1431,9.500,-1.500,0.500,180.000,H_y-3.0_x-20.0_20.0_reverse_right,H_y-3.0_x-20.0_20.0,H_y-3.0_x-20.0_20.0,right,reverse,reverse_right,1
1432,9.000,-1.500,0.500,180.000,H_y-3.0_x-20.0_20.0_reverse_right,H_y-3.0_x-20.0_20.0,H_y-3.0_x-20.0_20.0,right,reverse,reverse_right,1
1433,8.500,-1.500,0.500,180.000,H_y-3.0_x-20.0_20.0_reverse_right,H_y-3.0_x-20.0_20.0,H_y-3.0_x-20.0_20.0,right,reverse,reverse_right,1
1434,8.000,-1.500,0.500,180.000,H_y-3.0_x-20.0_20.0_reverse_right,H_y-3.0_x-20.0_20.0,H_y-3.0_x-20.0_20.0,right,reverse,reverse_right,1
1435,7.500,-1.500,0.500,180.000,H_y-3.0_x-20.0_20.0_reverse_right,H_y-3.0_x-20.0_20.0,H_y-3.0_x-20.0_20.0,right,reverse,reverse_right,1
1436,7.000,-1.500,0.500,180.000,H_y-3.0_x-20.0_20.0_reverse_right,H_y-3.0_x-20.0_20.0,H_y-3.0_x-20.0_20.0,right,reverse,reverse_right,1
1437,6.500,-1.500,0.500,180.000,H_y-3.0_x-20.0_20.0_reverse_right,H_y-3.0_x-20.0_20.0,H_y-3.0_x-20.0_20.0,right,reverse,reverse_right,1
1438,6.000,-1.500,0.500,180.000,H_y-3.0_x-20.0_20.0_reverse_right,H_y-3.0_x-20.0_20.0,H_y-3.0_x-20.0_20.0,right,reverse,reverse_right,1
1439,5.500,-1.500,0.500,180.000,H_y-3.0_x-20.0_20.0_reverse_right,H_y-3.0_x-20.0_20.0,H_y-3.0_x-20.0_20.0,right,reverse,reverse_right,1
1440,5.000,-1.500,0.500,180.000,H_y-3.0_x-20.0_20.0_reverse_right,H_y-3.0_x-20.0_20.0,H_y-3.0_x-20.0_20.0,right,reverse,reverse_right,1
1441,4.500,-1.500,0.500,180.000,H_y-3.0_x-20.0_20.0_reverse_right,H_y-3.0_x-20.0_20.0,H_y-3.0_x-20.0_20.0,right,reverse,reverse_right,1
1442,4.000,-1.500,0.500,180.000,H_y-3.0_x-20.0_20.0_reverse_right,H_y-3.0_x-20.0_20.0,H_y-3.0_x-20.0_20.0,right,reverse,reverse_right,1
1443,3.500,-1.500,0.500,180.000,H_y-3.0_x-20.0_20.0_reverse_right,H_y-3.0_x-20.0_20.0,H_y-3.0_x-20.0_20.0,right,reverse,reverse_right,1
1444,3.000,-1.500,0.500,180.000,H_y-3.0_x-20.0_20.0_reverse_right,H_y-3.0_x-20.0_20.0,H_y-3.0_x-20.0_20.0,right,reverse,reverse_right,1
1445,2.500,-1.500,0.500,180.000,H_y-3.0_x-20.0_20.0_reverse_right,H_y-3.0_x-20.0_20.0,H_y-3.0_x-20.0_20.0,right,reverse,reverse_right,1
1446,2.000,-1.500,0.500,180.000,H_y-3.0_x-20.0_20.0_reverse_right,H_y-3.0_x-20.0_20.0,H_y-3.0_x-20.0_20.0,right,reverse,reverse_right,1
1447,1.500,-1.500,0.500,180.000,H_y-3.0_x-20.0_20.0_reverse_right,H_y-3.0_x-20.0_20.0,H_y-3.0_x-20.0_20.0,right,reverse,reverse_right,1
1448,1.000,-1.500,0.500,180.000,H_y-3.0_x-20.0_20.0_reverse_right,H_y-3.0_x-20.0_20.0,H_y-3.0_x-20.0_20.0,right,reverse,reverse_right,1
1449,0.500,-1.500,0.500,180.000,H_y-3.0_x-20.0_20.0_reverse_right,H_y-3.0_x-20.0_20.0,H_y-3.0_x-20.0_20.0,right,reverse,reverse_right,1
1450,0.000,-1.500,0.500,180.000,H_y-3.0_x-20.0_20.0_reverse_right,H_y-3.0_x-20.0_20.0,H_y-3.0_x-20.0_20.0,right,reverse,reverse_right,1
1451,-0.500,-1.500,0.500,180.000,H_y-3.0_x-20.0_20.0_reverse_right,H_y-3.0_x-20.0_20.0,H_y-3.0_x-20.0_20.0,right,reverse,reverse_right,1
1452,-1.000,-1.500,0.500,180.000,H_y-3.0_x-20.0_20.0_reverse_right,H_y-3.0_x-20.0_20.0,H_y-3.0_x-20.0_20.0,right,reverse,reverse_right,1
1453,-1.500,-1.500,0.500,180.000,H_y-3.0_x-20.0_20.0_reverse_right,H_y-3.0_x-20.0_20.0,H_y-3.0_x-20.0_20.0,right,reverse,reverse_right,1
1454,-2.000,-1.500,0.500,180.000,H_y-3.0_x-20.0_20.0_reverse_right,H_y-3.0_x-20.0_20.0,H_y-3.0_x-20.0_20.0,right,reverse,reverse_right,1
1455,-2.500,-1.500,0.500,180.000,H_y-3.0_x-20.0_20.0_reverse_right,H_y-3.0_x-20.0_20.0,H_y-3.0_x-20.0_20.0,right,reverse,reverse_right,1
1456,-3.000,-1.500,0.500,180.000,H_y-3.0_x-20.0_20.0_reverse_right,H_y-3.0_x-20.0_20.0,H_y-3.0_x-20.0_20.0,right,reverse,reverse_right,1
1457,-3.500,-1.500,0.500,180.000,H_y-3.0_x-20.0_20.0_reverse_right,H_y-3.0_x-20.0_20.0,H_y-3.0_x-20.0_20.0,right,reverse,reverse_right,1
1458,-4.000,-1.500,0.500,180.000,H_y-3.0_x-20.0_20.0_reverse_right,H_y-3.0_x-20.0_20.0,H_y-3.0_x-20.0_20.0,right,reverse,reverse_right,1
1459,-4.500,-1.500,0.500,180.000,H_y-3.0_x-20.0_20.0_reverse_right,H_y-3.0_x-20.0_20.0,H_y-3.0_x-20.0_20.0,right,reverse,reverse_right,1
1460,-5.000,-1.500,0.500,180.000,H_y-3.0_x-20.0_20.0_reverse_right,H_y-3.0_x-20.0_20.0,H_y-3.0_x-20.0_20.0,right,reverse,reverse_right,1
1461,-5.500,-1.500,0.500,180.000,H_y-3.0_x-20.0_20.0_reverse_right,H_y-3.0_x-20.0_20.0,H_y-3.0_x-20.0_20.0,right,reverse,reverse_right,1
1462,-6.000,-1.500,0.500,180.000,H_y-3.0_x-20.0_20.0_reverse_right,H_y-3.0_x-20.0_20.0,H_y-3.0_x-20.0_20.0,right,reverse,reverse_right,1
1463,-6.500,-1.500,0.500,180.000,H_y-3.0_x-20.0_20.0_reverse_right,H_y-3.0_x-20.0_20.0,H_y-3.0_x-20.0_20.0,right,reverse,reverse_right,1
1464,-7.000,-1.500,0.500,180.000,H_y-3.0_x-20.0_20.0_reverse_right,H_y-3.0_x-20.0_20.0,H_y-3.0_x-20.0_20.0,right,reverse,reverse_right,1
1465,-7.500,-1.500,0.500,180.000,H_y-3.0_x-20.0_20.0_reverse_right,H_y-3.0_x-20.0_20.0,H_y-3.0_x-20.0_20.0,right,reverse,reverse_right,1
1466,-8.000,-1.500,0.500,180.000,H_y-3.0_x-20.0_20.0_reverse_right,H_y-3.0_x-20.0_20.0,H_y-3.0_x-20.0_20.0,right,reverse,reverse_right,1
1467,-8.500,-1.500,0.500,180.000,H_y-3.0_x-20.0_20.0_reverse_right,H_y-3.0_x-20.0_20.0,H_y-3.0_x-20.0_20.0,right,reverse,reverse_right,1
1468,-9.000,-1.500,0.500,180.000,H_y-3.0_x-20.0_20.0_reverse_right,H_y-3.0_x-20.0_20.0,H_y-3.0_x-20.0_20.0,right,reverse,reverse_right,1
1469,-9.500,-1.500,0.500,180.000,H_y-3.0_x-20.0_20.0_reverse_right,H_y-3.0_x-20.0_20.0,H_y-3.0_x-20.0_20.0,right,reverse,reverse_right,1
1470,-10.000,-1.500,0.500,180.000,H_y-3.0_x-20.0_20.0_reverse_right,H_y-3.0_x-20.0_20.0,H_y-3.0_x-20.0_20.0,right,reverse,reverse_right,1
1471,-10.500,-1.500,0.500,180.000,H_y-3.0_x-20.0_20.0_reverse_right,H_y-3.0_x-20.0_20.0,H_y-3.0_x-20.0_20.0,right,reverse,reverse_right,1
1472,-11.000,-1.500,0.500,180.000,H_y-3.0_x-20.0_20.0_reverse_right,H_y-3.0_x-20.0_20.0,H_y-3.0_x-20.0_20.0,right,reverse,reverse_right,1
1473,-11.500,-1.500,0.500,180.000,H_y-3.0_x-20.0_20.0_reverse_right,H_y-3.0_x-20.0_20.0,H_y-3.0_x-20.0_20.0,right,reverse,reverse_right,1
1474,-12.000,-1.500,0.500,180.000,H_y-3.0_x-20.0_20.0_reverse_right,H_y-3.0_x-20.0_20.0,H_y-3.0_x-20.0_20.0,right,reverse,reverse_right,1
1475,-12.500,-1.500,0.500,180.000,H_y-3.0_x-20.0_20.0_reverse_right,H_y-3.0_x-20.0_20.0,H_y-3.0_x-20.0_20.0,right,reverse,reverse_right,1
1476,-13.000,-1.500,0.500,180.000,H_y-3.0_x-20.0_20.0_reverse_right,H_y-3.0_x-20.0_20.0,H_y-3.0_x-20.0_20.0,right,reverse,reverse_right,1
1477,-13.500,-1.500,0.500,180.000,H_y-3.0_x-20.0_20.0_reverse_right,H_y-3.0_x-20.0_20.0,H_y-3.0_x-20.0_20.0,right,reverse,reverse_right,1
1478,-14.000,-1.500,0.500,180.000,H_y-3.0_x-20.0_20.0_reverse_right,H_y-3.0_x-20.0_20.0,H_y-3.0_x-20.0_20.0,right,reverse,reverse_right,1
1479,-14.500,-1.500,0.500,180.000,H_y-3.0_x-20.0_20.0_reverse_right,H_y-3.0_x-20.0_20.0,H_y-3.0_x-20.0_20.0,right,reverse,reverse_right,1
1480,-15.000,-1.500,0.500,180.000,H_y-3.0_x-20.0_20.0_reverse_right,H_y-3.0_x-20.0_20.0,H_y-3.0_x-20.0_20.0,right,reverse,reverse_right,1
1481,-15.500,-1.500,0.500,180.000,H_y-3.0_x-20.0_20.0_reverse_right,H_y-3.0_x-20.0_20.0,H_y-3.0_x-20.0_20.0,right,reverse,reverse_right,1
1482,-16.000,-1.500,0.500,180.000,H_y-3.0_x-20.0_20.0_reverse_right,H_y-3.0_x-20.0_20.0,H_y-3.0_x-20.0_20.0,right,reverse,reverse_right,1
1483,-16.500,-1.500,0.500,180.000,H_y-3.0_x-20.0_20.0_reverse_right,H_y-3.0_x-20.0_20.0,H_y-3.0_x-20.0_20.0,right,reverse,reverse_right,1
1484,-17.000,-1.500,0.500,180.000,H_y-3.0_x-20.0_20.0_reverse_right,H_y-3.0_x-20.0_20.0,H_y-3.0_x-20.0_20.0,right,reverse,reverse_right,1
1485,-17.500,-1.500,0.500,180.000,H_y-3.0_x-20.0_20.0_reverse_right,H_y-3.0_x-20.0_20.0,H_y-3.0_x-20.0_20.0,right,reverse,reverse_right,1
1486,-18.000,-1.500,0.500,180.000,H_y-3.0_x-20.0_20.0_reverse_right,H_y-3.0_x-20.0_20.0,H_y-3.0_x-20.0_20.0,right,reverse,reverse_right,1
1487,-18.500,-1.500,0.500,180.000,H_y-3.0_x-20.0_20.0_reverse_right,H_y-3.0_x-20.0_20.0,H_y-3.0_x-20.0_20.0,right,reverse,reverse_right,1
1488,-19.000,-1.500,0.500,180.000,H_y-3.0_x-20.0_20.0_reverse_right,H_y-3.0_x-20.0_20.0,H_y-3.0_x-20.0_20.0,right,reverse,reverse_right,1
1489,-19.500,-1.500,0.500,180.000,H_y-3.0_x-20.0_20.0_reverse_right,H_y-3.0_x-20.0_20.0,H_y-3.0_x-20.0_20.0,right,reverse,reverse_right,1
1490,-20.000,-1.500,0.500,180.000,H_y-3.0_x-20.0_20.0_reverse_right,H_y-3.0_x-20.0_20.0,H_y-3.0_x-20.0_20.0,right,reverse,reverse_right,0
1491,-18.500,-34.000,0.500,90.000,V_x-20.0_y-34.0_-3.0_forward_right,V_x-20.0_y-34.0_-3.0,V_x-20.0_y-34.0_-3.0,right,forward,forward_right,1
1492,-18.500,-33.500,0.500,90.000,V_x-20.0_y-34.0_-3.0_forward_right,V_x-20.0_y-34.0_-3.0,V_x-20.0_y-34.0_-3.0,right,forward,forward_right,1
1493,-18.500,-33.000,0.500,90.000,V_x-20.0_y-34.0_-3.0_forward_right,V_x-20.0_y-34.0_-3.0,V_x-20.0_y-34.0_-3.0,right,forward,forward_right,1
1494,-18.500,-32.500,0.500,90.000,V_x-20.0_y-34.0_-3.0_forward_right,V_x-20.0_y-34.0_-3.0,V_x-20.0_y-34.0_-3.0,right,forward,forward_right,1
1495,-18.500,-32.000,0.500,90.000,V_x-20.0_y-34.0_-3.0_forward_right,V_x-20.0_y-34.0_-3.0,V_x-20.0_y-34.0_-3.0,right,forward,forward_right,1
1496,-18.500,-31.500,0.500,90.000,V_x-20.0_y-34.0_-3.0_forward_right,V_x-20.0_y-34.0_-3.0,V_x-20.0_y-34.0_-3.0,right,forward,forward_right,1
1497,-18.500,-31.000,0.500,90.000,V_x-20.0_y-34.0_-3.0_forward_right,V_x-20.0_y-34.0_-3.0,V_x-20.0_y-34.0_-3.0,right,forward,forward_right,1
1498,-18.500,-30.500,0.500,90.000,V_x-20.0_y-34.0_-3.0_forward_right,V_x-20.0_y-34.0_-3.0,V_x-20.0_y-34.0_-3.0,right,forward,forward_right,1
1499,-18.500,-30.000,0.500,90.000,V_x-20.0_y-34.0_-3.0_forward_right,V_x-20.0_y-34.0_-3.0,V_x-20.0_y-34.0_-3.0,right,forward,forward_right,1
1500,-18.500,-29.500,0.500,90.000,V_x-20.0_y-34.0_-3.0_forward_right,V_x-20.0_y-34.0_-3.0,V_x-20.0_y-34.0_-3.0,right,forward,forward_right,1
1501,-18.500,-29.000,0.500,90.000,V_x-20.0_y-34.0_-3.0_forward_right,V_x-20.0_y-34.0_-3.0,V_x-20.0_y-34.0_-3.0,right,forward,forward_right,1
1502,-18.500,-28.500,0.500,90.000,V_x-20.0_y-34.0_-3.0_forward_right,V_x-20.0_y-34.0_-3.0,V_x-20.0_y-34.0_-3.0,right,forward,forward_right,1
1503,-18.500,-28.000,0.500,90.000,V_x-20.0_y-34.0_-3.0_forward_right,V_x-20.0_y-34.0_-3.0,V_x-20.0_y-34.0_-3.0,right,forward,forward_right,1
1504,-18.500,-27.500,0.500,90.000,V_x-20.0_y-34.0_-3.0_forward_right,V_x-20.0_y-34.0_-3.0,V_x-20.0_y-34.0_-3.0,right,forward,forward_right,1
1505,-18.500,-27.000,0.500,90.000,V_x-20.0_y-34.0_-3.0_forward_right,V_x-20.0_y-34.0_-3.0,V_x-20.0_y-34.0_-3.0,right,forward,forward_right,1
1506,-18.500,-26.500,0.500,90.000,V_x-20.0_y-34.0_-3.0_forward_right,V_x-20.0_y-34.0_-3.0,V_x-20.0_y-34.0_-3.0,right,forward,forward_right,1
1507,-18.500,-26.000,0.500,90.000,V_x-20.0_y-34.0_-3.0_forward_right,V_x-20.0_y-34.0_-3.0,V_x-20.0_y-34.0_-3.0,right,forward,forward_right,1
1508,-18.500,-25.500,0.500,90.000,V_x-20.0_y-34.0_-3.0_forward_right,V_x-20.0_y-34.0_-3.0,V_x-20.0_y-34.0_-3.0,right,forward,forward_right,1
1509,-18.500,-25.000,0.500,90.000,V_x-20.0_y-34.0_-3.0_forward_right,V_x-20.0_y-34.0_-3.0,V_x-20.0_y-34.0_-3.0,right,forward,forward_right,1
1510,-18.500,-24.500,0.500,90.000,V_x-20.0_y-34.0_-3.0_forward_right,V_x-20.0_y-34.0_-3.0,V_x-20.0_y-34.0_-3.0,right,forward,forward_right,1
1511,-18.500,-24.000,0.500,90.000,V_x-20.0_y-34.0_-3.0_forward_right,V_x-20.0_y-34.0_-3.0,V_x-20.0_y-34.0_-3.0,right,forward,forward_right,1
1512,-18.500,-23.500,0.500,90.000,V_x-20.0_y-34.0_-3.0_forward_right,V_x-20.0_y-34.0_-3.0,V_x-20.0_y-34.0_-3.0,right,forward,forward_right,1
1513,-18.500,-23.000,0.500,90.000,V_x-20.0_y-34.0_-3.0_forward_right,V_x-20.0_y-34.0_-3.0,V_x-20.0_y-34.0_-3.0,right,forward,forward_right,1
1514,-18.500,-22.500,0.500,90.000,V_x-20.0_y-34.0_-3.0_forward_right,V_x-20.0_y-34.0_-3.0,V_x-20.0_y-34.0_-3.0,right,forward,forward_right,1
1515,-18.500,-22.000,0.500,90.000,V_x-20.0_y-34.0_-3.0_forward_right,V_x-20.0_y-34.0_-3.0,V_x-20.0_y-34.0_-3.0,right,forward,forward_right,1
1516,-18.500,-21.500,0.500,90.000,V_x-20.0_y-34.0_-3.0_forward_right,V_x-20.0_y-34.0_-3.0,V_x-20.0_y-34.0_-3.0,right,forward,forward_right,1
1517,-18.500,-21.000,0.500,90.000,V_x-20.0_y-34.0_-3.0_forward_right,V_x-20.0_y-34.0_-3.0,V_x-20.0_y-34.0_-3.0,right,forward,forward_right,1
1518,-18.500,-20.500,0.500,90.000,V_x-20.0_y-34.0_-3.0_forward_right,V_x-20.0_y-34.0_-3.0,V_x-20.0_y-34.0_-3.0,right,forward,forward_right,1
1519,-18.500,-20.000,0.500,90.000,V_x-20.0_y-34.0_-3.0_forward_right,V_x-20.0_y-34.0_-3.0,V_x-20.0_y-34.0_-3.0,right,forward,forward_right,1
1520,-18.500,-19.500,0.500,90.000,V_x-20.0_y-34.0_-3.0_forward_right,V_x-20.0_y-34.0_-3.0,V_x-20.0_y-34.0_-3.0,right,forward,forward_right,1
1521,-18.500,-19.000,0.500,90.000,V_x-20.0_y-34.0_-3.0_forward_right,V_x-20.0_y-34.0_-3.0,V_x-20.0_y-34.0_-3.0,right,forward,forward_right,1
1522,-18.500,-18.500,0.500,90.000,V_x-20.0_y-34.0_-3.0_forward_right,V_x-20.0_y-34.0_-3.0,V_x-20.0_y-34.0_-3.0,right,forward,forward_right,1
1523,-18.500,-18.000,0.500,90.000,V_x-20.0_y-34.0_-3.0_forward_right,V_x-20.0_y-34.0_-3.0,V_x-20.0_y-34.0_-3.0,right,forward,forward_right,1
1524,-18.500,-17.500,0.500,90.000,V_x-20.0_y-34.0_-3.0_forward_right,V_x-20.0_y-34.0_-3.0,V_x-20.0_y-34.0_-3.0,right,forward,forward_right,1
1525,-18.500,-17.000,0.500,90.000,V_x-20.0_y-34.0_-3.0_forward_right,V_x-20.0_y-34.0_-3.0,V_x-20.0_y-34.0_-3.0,right,forward,forward_right,1
1526,-18.500,-16.500,0.500,90.000,V_x-20.0_y-34.0_-3.0_forward_right,V_x-20.0_y-34.0_-3.0,V_x-20.0_y-34.0_-3.0,right,forward,forward_right,1
1527,-18.500,-16.000,0.500,90.000,V_x-20.0_y-34.0_-3.0_forward_right,V_x-20.0_y-34.0_-3.0,V_x-20.0_y-34.0_-3.0,right,forward,forward_right,1
1528,-18.500,-15.500,0.500,90.000,V_x-20.0_y-34.0_-3.0_forward_right,V_x-20.0_y-34.0_-3.0,V_x-20.0_y-34.0_-3.0,right,forward,forward_right,1
1529,-18.500,-15.000,0.500,90.000,V_x-20.0_y-34.0_-3.0_forward_right,V_x-20.0_y-34.0_-3.0,V_x-20.0_y-34.0_-3.0,right,forward,forward_right,1
1530,-18.500,-14.500,0.500,90.000,V_x-20.0_y-34.0_-3.0_forward_right,V_x-20.0_y-34.0_-3.0,V_x-20.0_y-34.0_-3.0,right,forward,forward_right,1
1531,-18.500,-14.000,0.500,90.000,V_x-20.0_y-34.0_-3.0_forward_right,V_x-20.0_y-34.0_-3.0,V_x-20.0_y-34.0_-3.0,right,forward,forward_right,1
1532,-18.500,-13.500,0.500,90.000,V_x-20.0_y-34.0_-3.0_forward_right,V_x-20.0_y-34.0_-3.0,V_x-20.0_y-34.0_-3.0,right,forward,forward_right,1
1533,-18.500,-13.000,0.500,90.000,V_x-20.0_y-34.0_-3.0_forward_right,V_x-20.0_y-34.0_-3.0,V_x-20.0_y-34.0_-3.0,right,forward,forward_right,1
1534,-18.500,-12.500,0.500,90.000,V_x-20.0_y-34.0_-3.0_forward_right,V_x-20.0_y-34.0_-3.0,V_x-20.0_y-34.0_-3.0,right,forward,forward_right,1
1535,-18.500,-12.000,0.500,90.000,V_x-20.0_y-34.0_-3.0_forward_right,V_x-20.0_y-34.0_-3.0,V_x-20.0_y-34.0_-3.0,right,forward,forward_right,1
1536,-18.500,-11.500,0.500,90.000,V_x-20.0_y-34.0_-3.0_forward_right,V_x-20.0_y-34.0_-3.0,V_x-20.0_y-34.0_-3.0,right,forward,forward_right,1
1537,-18.500,-11.000,0.500,90.000,V_x-20.0_y-34.0_-3.0_forward_right,V_x-20.0_y-34.0_-3.0,V_x-20.0_y-34.0_-3.0,right,forward,forward_right,1
1538,-18.500,-10.500,0.500,90.000,V_x-20.0_y-34.0_-3.0_forward_right,V_x-20.0_y-34.0_-3.0,V_x-20.0_y-34.0_-3.0,right,forward,forward_right,1
1539,-18.500,-10.000,0.500,90.000,V_x-20.0_y-34.0_-3.0_forward_right,V_x-20.0_y-34.0_-3.0,V_x-20.0_y-34.0_-3.0,right,forward,forward_right,1
1540,-18.500,-9.500,0.500,90.000,V_x-20.0_y-34.0_-3.0_forward_right,V_x-20.0_y-34.0_-3.0,V_x-20.0_y-34.0_-3.0,right,forward,forward_right,1
1541,-18.500,-9.000,0.500,90.000,V_x-20.0_y-34.0_-3.0_forward_right,V_x-20.0_y-34.0_-3.0,V_x-20.0_y-34.0_-3.0,right,forward,forward_right,1
1542,-18.500,-8.500,0.500,90.000,V_x-20.0_y-34.0_-3.0_forward_right,V_x-20.0_y-34.0_-3.0,V_x-20.0_y-34.0_-3.0,right,forward,forward_right,1
1543,-18.500,-8.000,0.500,90.000,V_x-20.0_y-34.0_-3.0_forward_right,V_x-20.0_y-34.0_-3.0,V_x-20.0_y-34.0_-3.0,right,forward,forward_right,1
1544,-18.500,-7.500,0.500,90.000,V_x-20.0_y-34.0_-3.0_forward_right,V_x-20.0_y-34.0_-3.0,V_x-20.0_y-34.0_-3.0,right,forward,forward_right,1
1545,-18.500,-7.000,0.500,90.000,V_x-20.0_y-34.0_-3.0_forward_right,V_x-20.0_y-34.0_-3.0,V_x-20.0_y-34.0_-3.0,right,forward,forward_right,1
1546,-18.500,-6.500,0.500,90.000,V_x-20.0_y-34.0_-3.0_forward_right,V_x-20.0_y-34.0_-3.0,V_x-20.0_y-34.0_-3.0,right,forward,forward_right,1
1547,-18.500,-6.000,0.500,90.000,V_x-20.0_y-34.0_-3.0_forward_right,V_x-20.0_y-34.0_-3.0,V_x-20.0_y-34.0_-3.0,right,forward,forward_right,1
1548,-18.500,-5.500,0.500,90.000,V_x-20.0_y-34.0_-3.0_forward_right,V_x-20.0_y-34.0_-3.0,V_x-20.0_y-34.0_-3.0,right,forward,forward_right,1
1549,-18.500,-5.000,0.500,90.000,V_x-20.0_y-34.0_-3.0_forward_right,V_x-20.0_y-34.0_-3.0,V_x-20.0_y-34.0_-3.0,right,forward,forward_right,1
1550,-18.500,-4.500,0.500,90.000,V_x-20.0_y-34.0_-3.0_forward_right,V_x-20.0_y-34.0_-3.0,V_x-20.0_y-34.0_-3.0,right,forward,forward_right,1
1551,-18.500,-4.000,0.500,90.000,V_x-20.0_y-34.0_-3.0_forward_right,V_x-20.0_y-34.0_-3.0,V_x-20.0_y-34.0_-3.0,right,forward,forward_right,1
1552,-18.500,-3.500,0.500,90.000,V_x-20.0_y-34.0_-3.0_forward_right,V_x-20.0_y-34.0_-3.0,V_x-20.0_y-34.0_-3.0,right,forward,forward_right,1
1553,-18.500,-3.000,0.500,90.000,V_x-20.0_y-34.0_-3.0_forward_right,V_x-20.0_y-34.0_-3.0,V_x-20.0_y-34.0_-3.0,right,forward,forward_right,0
1554,-21.500,-3.000,0.500,-90.000,V_x-20.0_y-34.0_-3.0_reverse_right,V_x-20.0_y-34.0_-3.0,V_x-20.0_y-34.0_-3.0,right,reverse,reverse_right,1
1555,-21.500,-3.500,0.500,-90.000,V_x-20.0_y-34.0_-3.0_reverse_right,V_x-20.0_y-34.0_-3.0,V_x-20.0_y-34.0_-3.0,right,reverse,reverse_right,1
1556,-21.500,-4.000,0.500,-90.000,V_x-20.0_y-34.0_-3.0_reverse_right,V_x-20.0_y-34.0_-3.0,V_x-20.0_y-34.0_-3.0,right,reverse,reverse_right,1
1557,-21.500,-4.500,0.500,-90.000,V_x-20.0_y-34.0_-3.0_reverse_right,V_x-20.0_y-34.0_-3.0,V_x-20.0_y-34.0_-3.0,right,reverse,reverse_right,1
1558,-21.500,-5.000,0.500,-90.000,V_x-20.0_y-34.0_-3.0_reverse_right,V_x-20.0_y-34.0_-3.0,V_x-20.0_y-34.0_-3.0,right,reverse,reverse_right,1
1559,-21.500,-5.500,0.500,-90.000,V_x-20.0_y-34.0_-3.0_reverse_right,V_x-20.0_y-34.0_-3.0,V_x-20.0_y-34.0_-3.0,right,reverse,reverse_right,1
1560,-21.500,-6.000,0.500,-90.000,V_x-20.0_y-34.0_-3.0_reverse_right,V_x-20.0_y-34.0_-3.0,V_x-20.0_y-34.0_-3.0,right,reverse,reverse_right,1
1561,-21.500,-6.500,0.500,-90.000,V_x-20.0_y-34.0_-3.0_reverse_right,V_x-20.0_y-34.0_-3.0,V_x-20.0_y-34.0_-3.0,right,reverse,reverse_right,1
1562,-21.500,-7.000,0.500,-90.000,V_x-20.0_y-34.0_-3.0_reverse_right,V_x-20.0_y-34.0_-3.0,V_x-20.0_y-34.0_-3.0,right,reverse,reverse_right,1
1563,-21.500,-7.500,0.500,-90.000,V_x-20.0_y-34.0_-3.0_reverse_right,V_x-20.0_y-34.0_-3.0,V_x-20.0_y-34.0_-3.0,right,reverse,reverse_right,1
1564,-21.500,-8.000,0.500,-90.000,V_x-20.0_y-34.0_-3.0_reverse_right,V_x-20.0_y-34.0_-3.0,V_x-20.0_y-34.0_-3.0,right,reverse,reverse_right,1
1565,-21.500,-8.500,0.500,-90.000,V_x-20.0_y-34.0_-3.0_reverse_right,V_x-20.0_y-34.0_-3.0,V_x-20.0_y-34.0_-3.0,right,reverse,reverse_right,1
1566,-21.500,-9.000,0.500,-90.000,V_x-20.0_y-34.0_-3.0_reverse_right,V_x-20.0_y-34.0_-3.0,V_x-20.0_y-34.0_-3.0,right,reverse,reverse_right,1
1567,-21.500,-9.500,0.500,-90.000,V_x-20.0_y-34.0_-3.0_reverse_right,V_x-20.0_y-34.0_-3.0,V_x-20.0_y-34.0_-3.0,right,reverse,reverse_right,1
1568,-21.500,-10.000,0.500,-90.000,V_x-20.0_y-34.0_-3.0_reverse_right,V_x-20.0_y-34.0_-3.0,V_x-20.0_y-34.0_-3.0,right,reverse,reverse_right,1
1569,-21.500,-10.500,0.500,-90.000,V_x-20.0_y-34.0_-3.0_reverse_right,V_x-20.0_y-34.0_-3.0,V_x-20.0_y-34.0_-3.0,right,reverse,reverse_right,1
1570,-21.500,-11.000,0.500,-90.000,V_x-20.0_y-34.0_-3.0_reverse_right,V_x-20.0_y-34.0_-3.0,V_x-20.0_y-34.0_-3.0,right,reverse,reverse_right,1
1571,-21.500,-11.500,0.500,-90.000,V_x-20.0_y-34.0_-3.0_reverse_right,V_x-20.0_y-34.0_-3.0,V_x-20.0_y-34.0_-3.0,right,reverse,reverse_right,1
1572,-21.500,-12.000,0.500,-90.000,V_x-20.0_y-34.0_-3.0_reverse_right,V_x-20.0_y-34.0_-3.0,V_x-20.0_y-34.0_-3.0,right,reverse,reverse_right,1
1573,-21.500,-12.500,0.500,-90.000,V_x-20.0_y-34.0_-3.0_reverse_right,V_x-20.0_y-34.0_-3.0,V_x-20.0_y-34.0_-3.0,right,reverse,reverse_right,1
1574,-21.500,-13.000,0.500,-90.000,V_x-20.0_y-34.0_-3.0_reverse_right,V_x-20.0_y-34.0_-3.0,V_x-20.0_y-34.0_-3.0,right,reverse,reverse_right,1
1575,-21.500,-13.500,0.500,-90.000,V_x-20.0_y-34.0_-3.0_reverse_right,V_x-20.0_y-34.0_-3.0,V_x-20.0_y-34.0_-3.0,right,reverse,reverse_right,1
1576,-21.500,-14.000,0.500,-90.000,V_x-20.0_y-34.0_-3.0_reverse_right,V_x-20.0_y-34.0_-3.0,V_x-20.0_y-34.0_-3.0,right,reverse,reverse_right,1
1577,-21.500,-14.500,0.500,-90.000,V_x-20.0_y-34.0_-3.0_reverse_right,V_x-20.0_y-34.0_-3.0,V_x-20.0_y-34.0_-3.0,right,reverse,reverse_right,1
1578,-21.500,-15.000,0.500,-90.000,V_x-20.0_y-34.0_-3.0_reverse_right,V_x-20.0_y-34.0_-3.0,V_x-20.0_y-34.0_-3.0,right,reverse,reverse_right,1
1579,-21.500,-15.500,0.500,-90.000,V_x-20.0_y-34.0_-3.0_reverse_right,V_x-20.0_y-34.0_-3.0,V_x-20.0_y-34.0_-3.0,right,reverse,reverse_right,1
1580,-21.500,-16.000,0.500,-90.000,V_x-20.0_y-34.0_-3.0_reverse_right,V_x-20.0_y-34.0_-3.0,V_x-20.0_y-34.0_-3.0,right,reverse,reverse_right,1
1581,-21.500,-16.500,0.500,-90.000,V_x-20.0_y-34.0_-3.0_reverse_right,V_x-20.0_y-34.0_-3.0,V_x-20.0_y-34.0_-3.0,right,reverse,reverse_right,1
1582,-21.500,-17.000,0.500,-90.000,V_x-20.0_y-34.0_-3.0_reverse_right,V_x-20.0_y-34.0_-3.0,V_x-20.0_y-34.0_-3.0,right,reverse,reverse_right,1
1583,-21.500,-17.500,0.500,-90.000,V_x-20.0_y-34.0_-3.0_reverse_right,V_x-20.0_y-34.0_-3.0,V_x-20.0_y-34.0_-3.0,right,reverse,reverse_right,1
1584,-21.500,-18.000,0.500,-90.000,V_x-20.0_y-34.0_-3.0_reverse_right,V_x-20.0_y-34.0_-3.0,V_x-20.0_y-34.0_-3.0,right,reverse,reverse_right,1
1585,-21.500,-18.500,0.500,-90.000,V_x-20.0_y-34.0_-3.0_reverse_right,V_x-20.0_y-34.0_-3.0,V_x-20.0_y-34.0_-3.0,right,reverse,reverse_right,1
1586,-21.500,-19.000,0.500,-90.000,V_x-20.0_y-34.0_-3.0_reverse_right,V_x-20.0_y-34.0_-3.0,V_x-20.0_y-34.0_-3.0,right,reverse,reverse_right,1
1587,-21.500,-19.500,0.500,-90.000,V_x-20.0_y-34.0_-3.0_reverse_right,V_x-20.0_y-34.0_-3.0,V_x-20.0_y-34.0_-3.0,right,reverse,reverse_right,1
1588,-21.500,-20.000,0.500,-90.000,V_x-20.0_y-34.0_-3.0_reverse_right,V_x-20.0_y-34.0_-3.0,V_x-20.0_y-34.0_-3.0,right,reverse,reverse_right,1
1589,-21.500,-20.500,0.500,-90.000,V_x-20.0_y-34.0_-3.0_reverse_right,V_x-20.0_y-34.0_-3.0,V_x-20.0_y-34.0_-3.0,right,reverse,reverse_right,1
1590,-21.500,-21.000,0.500,-90.000,V_x-20.0_y-34.0_-3.0_reverse_right,V_x-20.0_y-34.0_-3.0,V_x-20.0_y-34.0_-3.0,right,reverse,reverse_right,1
1591,-21.500,-21.500,0.500,-90.000,V_x-20.0_y-34.0_-3.0_reverse_right,V_x-20.0_y-34.0_-3.0,V_x-20.0_y-34.0_-3.0,right,reverse,reverse_right,1
1592,-21.500,-22.000,0.500,-90.000,V_x-20.0_y-34.0_-3.0_reverse_right,V_x-20.0_y-34.0_-3.0,V_x-20.0_y-34.0_-3.0,right,reverse,reverse_right,1
1593,-21.500,-22.500,0.500,-90.000,V_x-20.0_y-34.0_-3.0_reverse_right,V_x-20.0_y-34.0_-3.0,V_x-20.0_y-34.0_-3.0,right,reverse,reverse_right,1
1594,-21.500,-23.000,0.500,-90.000,V_x-20.0_y-34.0_-3.0_reverse_right,V_x-20.0_y-34.0_-3.0,V_x-20.0_y-34.0_-3.0,right,reverse,reverse_right,1
1595,-21.500,-23.500,0.500,-90.000,V_x-20.0_y-34.0_-3.0_reverse_right,V_x-20.0_y-34.0_-3.0,V_x-20.0_y-34.0_-3.0,right,reverse,reverse_right,1
1596,-21.500,-24.000,0.500,-90.000,V_x-20.0_y-34.0_-3.0_reverse_right,V_x-20.0_y-34.0_-3.0,V_x-20.0_y-34.0_-3.0,right,reverse,reverse_right,1
1597,-21.500,-24.500,0.500,-90.000,V_x-20.0_y-34.0_-3.0_reverse_right,V_x-20.0_y-34.0_-3.0,V_x-20.0_y-34.0_-3.0,right,reverse,reverse_right,1
1598,-21.500,-25.000,0.500,-90.000,V_x-20.0_y-34.0_-3.0_reverse_right,V_x-20.0_y-34.0_-3.0,V_x-20.0_y-34.0_-3.0,right,reverse,reverse_right,1
1599,-21.500,-25.500,0.500,-90.000,V_x-20.0_y-34.0_-3.0_reverse_right,V_x-20.0_y-34.0_-3.0,V_x-20.0_y-34.0_-3.0,right,reverse,reverse_right,1
1600,-21.500,-26.000,0.500,-90.000,V_x-20.0_y-34.0_-3.0_reverse_right,V_x-20.0_y-34.0_-3.0,V_x-20.0_y-34.0_-3.0,right,reverse,reverse_right,1
1601,-21.500,-26.500,0.500,-90.000,V_x-20.0_y-34.0_-3.0_reverse_right,V_x-20.0_y-34.0_-3.0,V_x-20.0_y-34.0_-3.0,right,reverse,reverse_right,1
1602,-21.500,-27.000,0.500,-90.000,V_x-20.0_y-34.0_-3.0_reverse_right,V_x-20.0_y-34.0_-3.0,V_x-20.0_y-34.0_-3.0,right,reverse,reverse_right,1
1603,-21.500,-27.500,0.500,-90.000,V_x-20.0_y-34.0_-3.0_reverse_right,V_x-20.0_y-34.0_-3.0,V_x-20.0_y-34.0_-3.0,right,reverse,reverse_right,1
1604,-21.500,-28.000,0.500,-90.000,V_x-20.0_y-34.0_-3.0_reverse_right,V_x-20.0_y-34.0_-3.0,V_x-20.0_y-34.0_-3.0,right,reverse,reverse_right,1
1605,-21.500,-28.500,0.500,-90.000,V_x-20.0_y-34.0_-3.0_reverse_right,V_x-20.0_y-34.0_-3.0,V_x-20.0_y-34.0_-3.0,right,reverse,reverse_right,1
1606,-21.500,-29.000,0.500,-90.000,V_x-20.0_y-34.0_-3.0_reverse_right,V_x-20.0_y-34.0_-3.0,V_x-20.0_y-34.0_-3.0,right,reverse,reverse_right,1
1607,-21.500,-29.500,0.500,-90.000,V_x-20.0_y-34.0_-3.0_reverse_right,V_x-20.0_y-34.0_-3.0,V_x-20.0_y-34.0_-3.0,right,reverse,reverse_right,1
1608,-21.500,-30.000,0.500,-90.000,V_x-20.0_y-34.0_-3.0_reverse_right,V_x-20.0_y-34.0_-3.0,V_x-20.0_y-34.0_-3.0,right,reverse,reverse_right,1
1609,-21.500,-30.500,0.500,-90.000,V_x-20.0_y-34.0_-3.0_reverse_right,V_x-20.0_y-34.0_-3.0,V_x-20.0_y-34.0_-3.0,right,reverse,reverse_right,1
1610,-21.500,-31.000,0.500,-90.000,V_x-20.0_y-34.0_-3.0_reverse_right,V_x-20.0_y-34.0_-3.0,V_x-20.0_y-34.0_-3.0,right,reverse,reverse_right,1
1611,-21.500,-31.500,0.500,-90.000,V_x-20.0_y-34.0_-3.0_reverse_right,V_x-20.0_y-34.0_-3.0,V_x-20.0_y-34.0_-3.0,right,reverse,reverse_right,1
1612,-21.500,-32.000,0.500,-90.000,V_x-20.0_y-34.0_-3.0_reverse_right,V_x-20.0_y-34.0_-3.0,V_x-20.0_y-34.0_-3.0,right,reverse,reverse_right,1
1613,-21.500,-32.500,0.500,-90.000,V_x-20.0_y-34.0_-3.0_reverse_right,V_x-20.0_y-34.0_-3.0,V_x-20.0_y-34.0_-3.0,right,reverse,reverse_right,1
1614,-21.500,-33.000,0.500,-90.000,V_x-20.0_y-34.0_-3.0_reverse_right,V_x-20.0_y-34.0_-3.0,V_x-20.0_y-34.0_-3.0,right,reverse,reverse_right,1
1615,-21.500,-33.500,0.500,-90.000,V_x-20.0_y-34.0_-3.0_reverse_right,V_x-20.0_y-34.0_-3.0,V_x-20.0_y-34.0_-3.0,right,reverse,reverse_right,1
1616,-21.500,-34.000,0.500,-90.000,V_x-20.0_y-34.0_-3.0_reverse_right,V_x-20.0_y-34.0_-3.0,V_x-20.0_y-34.0_-3.0,right,reverse,reverse_right,0
1617,-18.500,-3.000,0.500,90.000,R_N_forward_right,R_N,R_N,right,forward,forward_right,1
1618,-18.500,-2.500,0.500,90.000,R_N_forward_right,R_N,R_N,right,forward,forward_right,1
1619,-18.500,-2.000,0.500,90.000,R_N_forward_right,R_N,R_N,right,forward,forward_right,1
1620,-18.500,-1.500,0.500,90.000,R_N_forward_right,R_N,R_N,right,forward,forward_right,1
1621,-18.500,-1.000,0.500,90.000,R_N_forward_right,R_N,R_N,right,forward,forward_right,1
1622,-18.500,-0.500,0.500,90.000,R_N_forward_right,R_N,R_N,right,forward,forward_right,1
1623,-18.500,-0.000,0.500,90.000,R_N_forward_right,R_N,R_N,right,forward,forward_right,1
1624,-18.500,0.500,0.500,90.000,R_N_forward_right,R_N,R_N,right,forward,forward_right,1
1625,-18.500,1.000,0.500,90.000,R_N_forward_right,R_N,R_N,right,forward,forward_right,1
1626,-18.500,1.500,0.500,90.000,R_N_forward_right,R_N,R_N,right,forward,forward_right,1
1627,-18.500,2.000,0.500,90.000,R_N_forward_right,R_N,R_N,right,forward,forward_right,1
1628,-18.500,2.500,0.500,90.000,R_N_forward_right,R_N,R_N,right,forward,forward_right,1
1629,-18.500,3.000,0.500,90.000,R_N_forward_right,R_N,R_N,right,forward,forward_right,1
1630,-18.500,3.500,0.500,90.000,R_N_forward_right,R_N,R_N,right,forward,forward_right,1
1631,-20.000,2.500,0.500,0.000,R_N_forward_right,R_N,R_N,right,forward,forward_right,1
1632,-19.500,2.500,0.500,0.000,R_N_forward_right,R_N,R_N,right,forward,forward_right,1
1633,-19.000,2.500,0.500,0.000,R_N_forward_right,R_N,R_N,right,forward,forward_right,1
1634,-18.500,2.500,0.500,0.000,R_N_forward_right,R_N,R_N,right,forward,forward_right,1
1635,-18.000,2.500,0.500,0.000,R_N_forward_right,R_N,R_N,right,forward,forward_right,0
1636,-18.000,5.500,0.500,180.000,R_N_reverse_right,R_N,R_N,right,reverse,reverse_right,1
1637,-18.500,5.500,0.500,180.000,R_N_reverse_right,R_N,R_N,right,reverse,reverse_right,1
1638,-19.000,5.500,0.500,180.000,R_N_reverse_right,R_N,R_N,right,reverse,reverse_right,1
1639,-19.500,5.500,0.500,180.000,R_N_reverse_right,R_N,R_N,right,reverse,reverse_right,1
1640,-21.500,4.000,0.500,-90.000,R_N_reverse_right,R_N,R_N,right,reverse,reverse_right,1
1641,-21.500,3.500,0.500,-90.000,R_N_reverse_right,R_N,R_N,right,reverse,reverse_right,1
1642,-21.500,3.000,0.500,-90.000,R_N_reverse_right,R_N,R_N,right,reverse,reverse_right,1
1643,-21.500,2.500,0.500,-90.000,R_N_reverse_right,R_N,R_N,right,reverse,reverse_right,1
1644,-21.500,2.000,0.500,-90.000,R_N_reverse_right,R_N,R_N,right,reverse,reverse_right,1
1645,-21.500,1.500,0.500,-90.000,R_N_reverse_right,R_N,R_N,right,reverse,reverse_right,1
1646,-21.500,1.000,0.500,-90.000,R_N_reverse_right,R_N,R_N,right,reverse,reverse_right,1
1647,-21.500,0.500,0.500,-90.000,R_N_reverse_right,R_N,R_N,right,reverse,reverse_right,1
1648,-21.500,-0.000,0.500,-90.000,R_N_reverse_right,R_N,R_N,right,reverse,reverse_right,1
1649,-21.500,-0.500,0.500,-90.000,R_N_reverse_right,R_N,R_N,right,reverse,reverse_right,1
1650,-21.500,-1.000,0.500,-90.000,R_N_reverse_right,R_N,R_N,right,reverse,reverse_right,1
1651,-21.500,-1.500,0.500,-90.000,R_N_reverse_right,R_N,R_N,right,reverse,reverse_right,1
1652,-21.500,-2.000,0.500,-90.000,R_N_reverse_right,R_N,R_N,right,reverse,reverse_right,1
1653,-21.500,-2.500,0.500,-90.000,R_N_reverse_right,R_N,R_N,right,reverse,reverse_right,1
1654,-21.500,-3.000,0.500,-90.000,R_N_reverse_right,R_N,R_N,right,reverse,reverse_right,0
1655,20.000,-32.500,0.500,180.000,H_y-34.0_x-20.0_20.0_forward_right,H_y-34.0_x-20.0_20.0,H_y-34.0_x-20.0_20.0,right,forward,forward_right,1
1656,19.500,-32.500,0.500,180.000,H_y-34.0_x-20.0_20.0_forward_right,H_y-34.0_x-20.0_20.0,H_y-34.0_x-20.0_20.0,right,forward,forward_right,1
1657,19.000,-32.500,0.500,180.000,H_y-34.0_x-20.0_20.0_forward_right,H_y-34.0_x-20.0_20.0,H_y-34.0_x-20.0_20.0,right,forward,forward_right,1
1658,18.500,-32.500,0.500,180.000,H_y-34.0_x-20.0_20.0_forward_right,H_y-34.0_x-20.0_20.0,H_y-34.0_x-20.0_20.0,right,forward,forward_right,1
1659,18.000,-32.500,0.500,180.000,H_y-34.0_x-20.0_20.0_forward_right,H_y-34.0_x-20.0_20.0,H_y-34.0_x-20.0_20.0,right,forward,forward_right,1
1660,17.500,-32.500,0.500,180.000,H_y-34.0_x-20.0_20.0_forward_right,H_y-34.0_x-20.0_20.0,H_y-34.0_x-20.0_20.0,right,forward,forward_right,1
1661,17.000,-32.500,0.500,180.000,H_y-34.0_x-20.0_20.0_forward_right,H_y-34.0_x-20.0_20.0,H_y-34.0_x-20.0_20.0,right,forward,forward_right,1
1662,16.500,-32.500,0.500,180.000,H_y-34.0_x-20.0_20.0_forward_right,H_y-34.0_x-20.0_20.0,H_y-34.0_x-20.0_20.0,right,forward,forward_right,1
1663,16.000,-32.500,0.500,180.000,H_y-34.0_x-20.0_20.0_forward_right,H_y-34.0_x-20.0_20.0,H_y-34.0_x-20.0_20.0,right,forward,forward_right,1
1664,15.500,-32.500,0.500,180.000,H_y-34.0_x-20.0_20.0_forward_right,H_y-34.0_x-20.0_20.0,H_y-34.0_x-20.0_20.0,right,forward,forward_right,1
1665,15.000,-32.500,0.500,180.000,H_y-34.0_x-20.0_20.0_forward_right,H_y-34.0_x-20.0_20.0,H_y-34.0_x-20.0_20.0,right,forward,forward_right,1
1666,14.500,-32.500,0.500,180.000,H_y-34.0_x-20.0_20.0_forward_right,H_y-34.0_x-20.0_20.0,H_y-34.0_x-20.0_20.0,right,forward,forward_right,1
1667,14.000,-32.500,0.500,180.000,H_y-34.0_x-20.0_20.0_forward_right,H_y-34.0_x-20.0_20.0,H_y-34.0_x-20.0_20.0,right,forward,forward_right,1
1668,13.500,-32.500,0.500,180.000,H_y-34.0_x-20.0_20.0_forward_right,H_y-34.0_x-20.0_20.0,H_y-34.0_x-20.0_20.0,right,forward,forward_right,1
1669,13.000,-32.500,0.500,180.000,H_y-34.0_x-20.0_20.0_forward_right,H_y-34.0_x-20.0_20.0,H_y-34.0_x-20.0_20.0,right,forward,forward_right,1
1670,12.500,-32.500,0.500,180.000,H_y-34.0_x-20.0_20.0_forward_right,H_y-34.0_x-20.0_20.0,H_y-34.0_x-20.0_20.0,right,forward,forward_right,1
1671,12.000,-32.500,0.500,180.000,H_y-34.0_x-20.0_20.0_forward_right,H_y-34.0_x-20.0_20.0,H_y-34.0_x-20.0_20.0,right,forward,forward_right,1
1672,11.500,-32.500,0.500,180.000,H_y-34.0_x-20.0_20.0_forward_right,H_y-34.0_x-20.0_20.0,H_y-34.0_x-20.0_20.0,right,forward,forward_right,1
1673,11.000,-32.500,0.500,180.000,H_y-34.0_x-20.0_20.0_forward_right,H_y-34.0_x-20.0_20.0,H_y-34.0_x-20.0_20.0,right,forward,forward_right,1
1674,10.500,-32.500,0.500,180.000,H_y-34.0_x-20.0_20.0_forward_right,H_y-34.0_x-20.0_20.0,H_y-34.0_x-20.0_20.0,right,forward,forward_right,1
1675,10.000,-32.500,0.500,180.000,H_y-34.0_x-20.0_20.0_forward_right,H_y-34.0_x-20.0_20.0,H_y-34.0_x-20.0_20.0,right,forward,forward_right,1
1676,9.500,-32.500,0.500,180.000,H_y-34.0_x-20.0_20.0_forward_right,H_y-34.0_x-20.0_20.0,H_y-34.0_x-20.0_20.0,right,forward,forward_right,1
1677,9.000,-32.500,0.500,180.000,H_y-34.0_x-20.0_20.0_forward_right,H_y-34.0_x-20.0_20.0,H_y-34.0_x-20.0_20.0,right,forward,forward_right,1
1678,8.500,-32.500,0.500,180.000,H_y-34.0_x-20.0_20.0_forward_right,H_y-34.0_x-20.0_20.0,H_y-34.0_x-20.0_20.0,right,forward,forward_right,1
1679,8.000,-32.500,0.500,180.000,H_y-34.0_x-20.0_20.0_forward_right,H_y-34.0_x-20.0_20.0,H_y-34.0_x-20.0_20.0,right,forward,forward_right,1
1680,7.500,-32.500,0.500,180.000,H_y-34.0_x-20.0_20.0_forward_right,H_y-34.0_x-20.0_20.0,H_y-34.0_x-20.0_20.0,right,forward,forward_right,1
1681,7.000,-32.500,0.500,180.000,H_y-34.0_x-20.0_20.0_forward_right,H_y-34.0_x-20.0_20.0,H_y-34.0_x-20.0_20.0,right,forward,forward_right,1
1682,6.500,-32.500,0.500,180.000,H_y-34.0_x-20.0_20.0_forward_right,H_y-34.0_x-20.0_20.0,H_y-34.0_x-20.0_20.0,right,forward,forward_right,1
1683,6.000,-32.500,0.500,180.000,H_y-34.0_x-20.0_20.0_forward_right,H_y-34.0_x-20.0_20.0,H_y-34.0_x-20.0_20.0,right,forward,forward_right,1
1684,5.500,-32.500,0.500,180.000,H_y-34.0_x-20.0_20.0_forward_right,H_y-34.0_x-20.0_20.0,H_y-34.0_x-20.0_20.0,right,forward,forward_right,1
1685,5.000,-32.500,0.500,180.000,H_y-34.0_x-20.0_20.0_forward_right,H_y-34.0_x-20.0_20.0,H_y-34.0_x-20.0_20.0,right,forward,forward_right,1
1686,4.500,-32.500,0.500,180.000,H_y-34.0_x-20.0_20.0_forward_right,H_y-34.0_x-20.0_20.0,H_y-34.0_x-20.0_20.0,right,forward,forward_right,1
1687,4.000,-32.500,0.500,180.000,H_y-34.0_x-20.0_20.0_forward_right,H_y-34.0_x-20.0_20.0,H_y-34.0_x-20.0_20.0,right,forward,forward_right,1
1688,3.500,-32.500,0.500,180.000,H_y-34.0_x-20.0_20.0_forward_right,H_y-34.0_x-20.0_20.0,H_y-34.0_x-20.0_20.0,right,forward,forward_right,1
1689,3.000,-32.500,0.500,180.000,H_y-34.0_x-20.0_20.0_forward_right,H_y-34.0_x-20.0_20.0,H_y-34.0_x-20.0_20.0,right,forward,forward_right,1
1690,2.500,-32.500,0.500,180.000,H_y-34.0_x-20.0_20.0_forward_right,H_y-34.0_x-20.0_20.0,H_y-34.0_x-20.0_20.0,right,forward,forward_right,1
1691,2.000,-32.500,0.500,180.000,H_y-34.0_x-20.0_20.0_forward_right,H_y-34.0_x-20.0_20.0,H_y-34.0_x-20.0_20.0,right,forward,forward_right,1
1692,1.500,-32.500,0.500,180.000,H_y-34.0_x-20.0_20.0_forward_right,H_y-34.0_x-20.0_20.0,H_y-34.0_x-20.0_20.0,right,forward,forward_right,1
1693,1.000,-32.500,0.500,180.000,H_y-34.0_x-20.0_20.0_forward_right,H_y-34.0_x-20.0_20.0,H_y-34.0_x-20.0_20.0,right,forward,forward_right,1
1694,0.500,-32.500,0.500,180.000,H_y-34.0_x-20.0_20.0_forward_right,H_y-34.0_x-20.0_20.0,H_y-34.0_x-20.0_20.0,right,forward,forward_right,1
1695,0.000,-32.500,0.500,180.000,H_y-34.0_x-20.0_20.0_forward_right,H_y-34.0_x-20.0_20.0,H_y-34.0_x-20.0_20.0,right,forward,forward_right,1
1696,-0.500,-32.500,0.500,180.000,H_y-34.0_x-20.0_20.0_forward_right,H_y-34.0_x-20.0_20.0,H_y-34.0_x-20.0_20.0,right,forward,forward_right,1
1697,-1.000,-32.500,0.500,180.000,H_y-34.0_x-20.0_20.0_forward_right,H_y-34.0_x-20.0_20.0,H_y-34.0_x-20.0_20.0,right,forward,forward_right,1
1698,-1.500,-32.500,0.500,180.000,H_y-34.0_x-20.0_20.0_forward_right,H_y-34.0_x-20.0_20.0,H_y-34.0_x-20.0_20.0,right,forward,forward_right,1
1699,-2.000,-32.500,0.500,180.000,H_y-34.0_x-20.0_20.0_forward_right,H_y-34.0_x-20.0_20.0,H_y-34.0_x-20.0_20.0,right,forward,forward_right,1
1700,-2.500,-32.500,0.500,180.000,H_y-34.0_x-20.0_20.0_forward_right,H_y-34.0_x-20.0_20.0,H_y-34.0_x-20.0_20.0,right,forward,forward_right,1
1701,-3.000,-32.500,0.500,180.000,H_y-34.0_x-20.0_20.0_forward_right,H_y-34.0_x-20.0_20.0,H_y-34.0_x-20.0_20.0,right,forward,forward_right,1
1702,-3.500,-32.500,0.500,180.000,H_y-34.0_x-20.0_20.0_forward_right,H_y-34.0_x-20.0_20.0,H_y-34.0_x-20.0_20.0,right,forward,forward_right,1
1703,-4.000,-32.500,0.500,180.000,H_y-34.0_x-20.0_20.0_forward_right,H_y-34.0_x-20.0_20.0,H_y-34.0_x-20.0_20.0,right,forward,forward_right,1
1704,-4.500,-32.500,0.500,180.000,H_y-34.0_x-20.0_20.0_forward_right,H_y-34.0_x-20.0_20.0,H_y-34.0_x-20.0_20.0,right,forward,forward_right,1
1705,-5.000,-32.500,0.500,180.000,H_y-34.0_x-20.0_20.0_forward_right,H_y-34.0_x-20.0_20.0,H_y-34.0_x-20.0_20.0,right,forward,forward_right,1
1706,-5.500,-32.500,0.500,180.000,H_y-34.0_x-20.0_20.0_forward_right,H_y-34.0_x-20.0_20.0,H_y-34.0_x-20.0_20.0,right,forward,forward_right,1
1707,-6.000,-32.500,0.500,180.000,H_y-34.0_x-20.0_20.0_forward_right,H_y-34.0_x-20.0_20.0,H_y-34.0_x-20.0_20.0,right,forward,forward_right,1
1708,-6.500,-32.500,0.500,180.000,H_y-34.0_x-20.0_20.0_forward_right,H_y-34.0_x-20.0_20.0,H_y-34.0_x-20.0_20.0,right,forward,forward_right,1
1709,-7.000,-32.500,0.500,180.000,H_y-34.0_x-20.0_20.0_forward_right,H_y-34.0_x-20.0_20.0,H_y-34.0_x-20.0_20.0,right,forward,forward_right,1
1710,-7.500,-32.500,0.500,180.000,H_y-34.0_x-20.0_20.0_forward_right,H_y-34.0_x-20.0_20.0,H_y-34.0_x-20.0_20.0,right,forward,forward_right,1
1711,-8.000,-32.500,0.500,180.000,H_y-34.0_x-20.0_20.0_forward_right,H_y-34.0_x-20.0_20.0,H_y-34.0_x-20.0_20.0,right,forward,forward_right,1
1712,-8.500,-32.500,0.500,180.000,H_y-34.0_x-20.0_20.0_forward_right,H_y-34.0_x-20.0_20.0,H_y-34.0_x-20.0_20.0,right,forward,forward_right,1
1713,-9.000,-32.500,0.500,180.000,H_y-34.0_x-20.0_20.0_forward_right,H_y-34.0_x-20.0_20.0,H_y-34.0_x-20.0_20.0,right,forward,forward_right,1
1714,-9.500,-32.500,0.500,180.000,H_y-34.0_x-20.0_20.0_forward_right,H_y-34.0_x-20.0_20.0,H_y-34.0_x-20.0_20.0,right,forward,forward_right,1
1715,-10.000,-32.500,0.500,180.000,H_y-34.0_x-20.0_20.0_forward_right,H_y-34.0_x-20.0_20.0,H_y-34.0_x-20.0_20.0,right,forward,forward_right,1
1716,-10.500,-32.500,0.500,180.000,H_y-34.0_x-20.0_20.0_forward_right,H_y-34.0_x-20.0_20.0,H_y-34.0_x-20.0_20.0,right,forward,forward_right,1
1717,-11.000,-32.500,0.500,180.000,H_y-34.0_x-20.0_20.0_forward_right,H_y-34.0_x-20.0_20.0,H_y-34.0_x-20.0_20.0,right,forward,forward_right,1
1718,-11.500,-32.500,0.500,180.000,H_y-34.0_x-20.0_20.0_forward_right,H_y-34.0_x-20.0_20.0,H_y-34.0_x-20.0_20.0,right,forward,forward_right,1
1719,-12.000,-32.500,0.500,180.000,H_y-34.0_x-20.0_20.0_forward_right,H_y-34.0_x-20.0_20.0,H_y-34.0_x-20.0_20.0,right,forward,forward_right,1
1720,-12.500,-32.500,0.500,180.000,H_y-34.0_x-20.0_20.0_forward_right,H_y-34.0_x-20.0_20.0,H_y-34.0_x-20.0_20.0,right,forward,forward_right,1
1721,-13.000,-32.500,0.500,180.000,H_y-34.0_x-20.0_20.0_forward_right,H_y-34.0_x-20.0_20.0,H_y-34.0_x-20.0_20.0,right,forward,forward_right,1
1722,-13.500,-32.500,0.500,180.000,H_y-34.0_x-20.0_20.0_forward_right,H_y-34.0_x-20.0_20.0,H_y-34.0_x-20.0_20.0,right,forward,forward_right,1
1723,-14.000,-32.500,0.500,180.000,H_y-34.0_x-20.0_20.0_forward_right,H_y-34.0_x-20.0_20.0,H_y-34.0_x-20.0_20.0,right,forward,forward_right,1
1724,-14.500,-32.500,0.500,180.000,H_y-34.0_x-20.0_20.0_forward_right,H_y-34.0_x-20.0_20.0,H_y-34.0_x-20.0_20.0,right,forward,forward_right,1
1725,-15.000,-32.500,0.500,180.000,H_y-34.0_x-20.0_20.0_forward_right,H_y-34.0_x-20.0_20.0,H_y-34.0_x-20.0_20.0,right,forward,forward_right,1
1726,-15.500,-32.500,0.500,180.000,H_y-34.0_x-20.0_20.0_forward_right,H_y-34.0_x-20.0_20.0,H_y-34.0_x-20.0_20.0,right,forward,forward_right,1
1727,-16.000,-32.500,0.500,180.000,H_y-34.0_x-20.0_20.0_forward_right,H_y-34.0_x-20.0_20.0,H_y-34.0_x-20.0_20.0,right,forward,forward_right,1
1728,-16.500,-32.500,0.500,180.000,H_y-34.0_x-20.0_20.0_forward_right,H_y-34.0_x-20.0_20.0,H_y-34.0_x-20.0_20.0,right,forward,forward_right,1
1729,-17.000,-32.500,0.500,180.000,H_y-34.0_x-20.0_20.0_forward_right,H_y-34.0_x-20.0_20.0,H_y-34.0_x-20.0_20.0,right,forward,forward_right,1
1730,-17.500,-32.500,0.500,180.000,H_y-34.0_x-20.0_20.0_forward_right,H_y-34.0_x-20.0_20.0,H_y-34.0_x-20.0_20.0,right,forward,forward_right,1
1731,-18.000,-32.500,0.500,180.000,H_y-34.0_x-20.0_20.0_forward_right,H_y-34.0_x-20.0_20.0,H_y-34.0_x-20.0_20.0,right,forward,forward_right,1
1732,-18.500,-32.500,0.500,180.000,H_y-34.0_x-20.0_20.0_forward_right,H_y-34.0_x-20.0_20.0,H_y-34.0_x-20.0_20.0,right,forward,forward_right,1
1733,-19.000,-32.500,0.500,180.000,H_y-34.0_x-20.0_20.0_forward_right,H_y-34.0_x-20.0_20.0,H_y-34.0_x-20.0_20.0,right,forward,forward_right,1
1734,-19.500,-32.500,0.500,180.000,H_y-34.0_x-20.0_20.0_forward_right,H_y-34.0_x-20.0_20.0,H_y-34.0_x-20.0_20.0,right,forward,forward_right,1
1735,-20.000,-32.500,0.500,180.000,H_y-34.0_x-20.0_20.0_forward_right,H_y-34.0_x-20.0_20.0,H_y-34.0_x-20.0_20.0,right,forward,forward_right,0
1736,-20.000,-35.500,0.500,0.000,H_y-34.0_x-20.0_20.0_reverse_right,H_y-34.0_x-20.0_20.0,H_y-34.0_x-20.0_20.0,right,reverse,reverse_right,1
1737,-19.500,-35.500,0.500,0.000,H_y-34.0_x-20.0_20.0_reverse_right,H_y-34.0_x-20.0_20.0,H_y-34.0_x-20.0_20.0,right,reverse,reverse_right,1
1738,-19.000,-35.500,0.500,0.000,H_y-34.0_x-20.0_20.0_reverse_right,H_y-34.0_x-20.0_20.0,H_y-34.0_x-20.0_20.0,right,reverse,reverse_right,1
1739,-18.500,-35.500,0.500,0.000,H_y-34.0_x-20.0_20.0_reverse_right,H_y-34.0_x-20.0_20.0,H_y-34.0_x-20.0_20.0,right,reverse,reverse_right,1
1740,-18.000,-35.500,0.500,0.000,H_y-34.0_x-20.0_20.0_reverse_right,H_y-34.0_x-20.0_20.0,H_y-34.0_x-20.0_20.0,right,reverse,reverse_right,1
1741,-17.500,-35.500,0.500,0.000,H_y-34.0_x-20.0_20.0_reverse_right,H_y-34.0_x-20.0_20.0,H_y-34.0_x-20.0_20.0,right,reverse,reverse_right,1
1742,-17.000,-35.500,0.500,0.000,H_y-34.0_x-20.0_20.0_reverse_right,H_y-34.0_x-20.0_20.0,H_y-34.0_x-20.0_20.0,right,reverse,reverse_right,1
1743,-16.500,-35.500,0.500,0.000,H_y-34.0_x-20.0_20.0_reverse_right,H_y-34.0_x-20.0_20.0,H_y-34.0_x-20.0_20.0,right,reverse,reverse_right,1
1744,-16.000,-35.500,0.500,0.000,H_y-34.0_x-20.0_20.0_reverse_right,H_y-34.0_x-20.0_20.0,H_y-34.0_x-20.0_20.0,right,reverse,reverse_right,1
1745,-15.500,-35.500,0.500,0.000,H_y-34.0_x-20.0_20.0_reverse_right,H_y-34.0_x-20.0_20.0,H_y-34.0_x-20.0_20.0,right,reverse,reverse_right,1
1746,-15.000,-35.500,0.500,0.000,H_y-34.0_x-20.0_20.0_reverse_right,H_y-34.0_x-20.0_20.0,H_y-34.0_x-20.0_20.0,right,reverse,reverse_right,1
1747,-14.500,-35.500,0.500,0.000,H_y-34.0_x-20.0_20.0_reverse_right,H_y-34.0_x-20.0_20.0,H_y-34.0_x-20.0_20.0,right,reverse,reverse_right,1
1748,-14.000,-35.500,0.500,0.000,H_y-34.0_x-20.0_20.0_reverse_right,H_y-34.0_x-20.0_20.0,H_y-34.0_x-20.0_20.0,right,reverse,reverse_right,1
1749,-13.500,-35.500,0.500,0.000,H_y-34.0_x-20.0_20.0_reverse_right,H_y-34.0_x-20.0_20.0,H_y-34.0_x-20.0_20.0,right,reverse,reverse_right,1
1750,-13.000,-35.500,0.500,0.000,H_y-34.0_x-20.0_20.0_reverse_right,H_y-34.0_x-20.0_20.0,H_y-34.0_x-20.0_20.0,right,reverse,reverse_right,1
1751,-12.500,-35.500,0.500,0.000,H_y-34.0_x-20.0_20.0_reverse_right,H_y-34.0_x-20.0_20.0,H_y-34.0_x-20.0_20.0,right,reverse,reverse_right,1
1752,-12.000,-35.500,0.500,0.000,H_y-34.0_x-20.0_20.0_reverse_right,H_y-34.0_x-20.0_20.0,H_y-34.0_x-20.0_20.0,right,reverse,reverse_right,1
1753,-11.500,-35.500,0.500,0.000,H_y-34.0_x-20.0_20.0_reverse_right,H_y-34.0_x-20.0_20.0,H_y-34.0_x-20.0_20.0,right,reverse,reverse_right,1
1754,-11.000,-35.500,0.500,0.000,H_y-34.0_x-20.0_20.0_reverse_right,H_y-34.0_x-20.0_20.0,H_y-34.0_x-20.0_20.0,right,reverse,reverse_right,1
1755,-10.500,-35.500,0.500,0.000,H_y-34.0_x-20.0_20.0_reverse_right,H_y-34.0_x-20.0_20.0,H_y-34.0_x-20.0_20.0,right,reverse,reverse_right,1
1756,-10.000,-35.500,0.500,0.000,H_y-34.0_x-20.0_20.0_reverse_right,H_y-34.0_x-20.0_20.0,H_y-34.0_x-20.0_20.0,right,reverse,reverse_right,1
1757,-9.500,-35.500,0.500,0.000,H_y-34.0_x-20.0_20.0_reverse_right,H_y-34.0_x-20.0_20.0,H_y-34.0_x-20.0_20.0,right,reverse,reverse_right,1
1758,-9.000,-35.500,0.500,0.000,H_y-34.0_x-20.0_20.0_reverse_right,H_y-34.0_x-20.0_20.0,H_y-34.0_x-20.0_20.0,right,reverse,reverse_right,1
1759,-8.500,-35.500,0.500,0.000,H_y-34.0_x-20.0_20.0_reverse_right,H_y-34.0_x-20.0_20.0,H_y-34.0_x-20.0_20.0,right,reverse,reverse_right,1
1760,-8.000,-35.500,0.500,0.000,H_y-34.0_x-20.0_20.0_reverse_right,H_y-34.0_x-20.0_20.0,H_y-34.0_x-20.0_20.0,right,reverse,reverse_right,1
1761,-7.500,-35.500,0.500,0.000,H_y-34.0_x-20.0_20.0_reverse_right,H_y-34.0_x-20.0_20.0,H_y-34.0_x-20.0_20.0,right,reverse,reverse_right,1
1762,-7.000,-35.500,0.500,0.000,H_y-34.0_x-20.0_20.0_reverse_right,H_y-34.0_x-20.0_20.0,H_y-34.0_x-20.0_20.0,right,reverse,reverse_right,1
1763,-6.500,-35.500,0.500,0.000,H_y-34.0_x-20.0_20.0_reverse_right,H_y-34.0_x-20.0_20.0,H_y-34.0_x-20.0_20.0,right,reverse,reverse_right,1
1764,-6.000,-35.500,0.500,0.000,H_y-34.0_x-20.0_20.0_reverse_right,H_y-34.0_x-20.0_20.0,H_y-34.0_x-20.0_20.0,right,reverse,reverse_right,1
1765,-5.500,-35.500,0.500,0.000,H_y-34.0_x-20.0_20.0_reverse_right,H_y-34.0_x-20.0_20.0,H_y-34.0_x-20.0_20.0,right,reverse,reverse_right,1
1766,-5.000,-35.500,0.500,0.000,H_y-34.0_x-20.0_20.0_reverse_right,H_y-34.0_x-20.0_20.0,H_y-34.0_x-20.0_20.0,right,reverse,reverse_right,1
1767,-4.500,-35.500,0.500,0.000,H_y-34.0_x-20.0_20.0_reverse_right,H_y-34.0_x-20.0_20.0,H_y-34.0_x-20.0_20.0,right,reverse,reverse_right,1
1768,-4.000,-35.500,0.500,0.000,H_y-34.0_x-20.0_20.0_reverse_right,H_y-34.0_x-20.0_20.0,H_y-34.0_x-20.0_20.0,right,reverse,reverse_right,1
1769,-3.500,-35.500,0.500,0.000,H_y-34.0_x-20.0_20.0_reverse_right,H_y-34.0_x-20.0_20.0,H_y-34.0_x-20.0_20.0,right,reverse,reverse_right,1
1770,-3.000,-35.500,0.500,0.000,H_y-34.0_x-20.0_20.0_reverse_right,H_y-34.0_x-20.0_20.0,H_y-34.0_x-20.0_20.0,right,reverse,reverse_right,1
1771,-2.500,-35.500,0.500,0.000,H_y-34.0_x-20.0_20.0_reverse_right,H_y-34.0_x-20.0_20.0,H_y-34.0_x-20.0_20.0,right,reverse,reverse_right,1
1772,-2.000,-35.500,0.500,0.000,H_y-34.0_x-20.0_20.0_reverse_right,H_y-34.0_x-20.0_20.0,H_y-34.0_x-20.0_20.0,right,reverse,reverse_right,1
1773,-1.500,-35.500,0.500,0.000,H_y-34.0_x-20.0_20.0_reverse_right,H_y-34.0_x-20.0_20.0,H_y-34.0_x-20.0_20.0,right,reverse,reverse_right,1
1774,-1.000,-35.500,0.500,0.000,H_y-34.0_x-20.0_20.0_reverse_right,H_y-34.0_x-20.0_20.0,H_y-34.0_x-20.0_20.0,right,reverse,reverse_right,1
1775,-0.500,-35.500,0.500,0.000,H_y-34.0_x-20.0_20.0_reverse_right,H_y-34.0_x-20.0_20.0,H_y-34.0_x-20.0_20.0,right,reverse,reverse_right,1
1776,0.000,-35.500,0.500,0.000,H_y-34.0_x-20.0_20.0_reverse_right,H_y-34.0_x-20.0_20.0,H_y-34.0_x-20.0_20.0,right,reverse,reverse_right,1
1777,0.500,-35.500,0.500,0.000,H_y-34.0_x-20.0_20.0_reverse_right,H_y-34.0_x-20.0_20.0,H_y-34.0_x-20.0_20.0,right,reverse,reverse_right,1
1778,1.000,-35.500,0.500,0.000,H_y-34.0_x-20.0_20.0_reverse_right,H_y-34.0_x-20.0_20.0,H_y-34.0_x-20.0_20.0,right,reverse,reverse_right,1
1779,1.500,-35.500,0.500,0.000,H_y-34.0_x-20.0_20.0_reverse_right,H_y-34.0_x-20.0_20.0,H_y-34.0_x-20.0_20.0,right,reverse,reverse_right,1
1780,2.000,-35.500,0.500,0.000,H_y-34.0_x-20.0_20.0_reverse_right,H_y-34.0_x-20.0_20.0,H_y-34.0_x-20.0_20.0,right,reverse,reverse_right,1
1781,2.500,-35.500,0.500,0.000,H_y-34.0_x-20.0_20.0_reverse_right,H_y-34.0_x-20.0_20.0,H_y-34.0_x-20.0_20.0,right,reverse,reverse_right,1
1782,3.000,-35.500,0.500,0.000,H_y-34.0_x-20.0_20.0_reverse_right,H_y-34.0_x-20.0_20.0,H_y-34.0_x-20.0_20.0,right,reverse,reverse_right,1
1783,3.500,-35.500,0.500,0.000,H_y-34.0_x-20.0_20.0_reverse_right,H_y-34.0_x-20.0_20.0,H_y-34.0_x-20.0_20.0,right,reverse,reverse_right,1
1784,4.000,-35.500,0.500,0.000,H_y-34.0_x-20.0_20.0_reverse_right,H_y-34.0_x-20.0_20.0,H_y-34.0_x-20.0_20.0,right,reverse,reverse_right,1
1785,4.500,-35.500,0.500,0.000,H_y-34.0_x-20.0_20.0_reverse_right,H_y-34.0_x-20.0_20.0,H_y-34.0_x-20.0_20.0,right,reverse,reverse_right,1
1786,5.000,-35.500,0.500,0.000,H_y-34.0_x-20.0_20.0_reverse_right,H_y-34.0_x-20.0_20.0,H_y-34.0_x-20.0_20.0,right,reverse,reverse_right,1
1787,5.500,-35.500,0.500,0.000,H_y-34.0_x-20.0_20.0_reverse_right,H_y-34.0_x-20.0_20.0,H_y-34.0_x-20.0_20.0,right,reverse,reverse_right,1
1788,6.000,-35.500,0.500,0.000,H_y-34.0_x-20.0_20.0_reverse_right,H_y-34.0_x-20.0_20.0,H_y-34.0_x-20.0_20.0,right,reverse,reverse_right,1
1789,6.500,-35.500,0.500,0.000,H_y-34.0_x-20.0_20.0_reverse_right,H_y-34.0_x-20.0_20.0,H_y-34.0_x-20.0_20.0,right,reverse,reverse_right,1
1790,7.000,-35.500,0.500,0.000,H_y-34.0_x-20.0_20.0_reverse_right,H_y-34.0_x-20.0_20.0,H_y-34.0_x-20.0_20.0,right,reverse,reverse_right,1
1791,7.500,-35.500,0.500,0.000,H_y-34.0_x-20.0_20.0_reverse_right,H_y-34.0_x-20.0_20.0,H_y-34.0_x-20.0_20.0,right,reverse,reverse_right,1
1792,8.000,-35.500,0.500,0.000,H_y-34.0_x-20.0_20.0_reverse_right,H_y-34.0_x-20.0_20.0,H_y-34.0_x-20.0_20.0,right,reverse,reverse_right,1
1793,8.500,-35.500,0.500,0.000,H_y-34.0_x-20.0_20.0_reverse_right,H_y-34.0_x-20.0_20.0,H_y-34.0_x-20.0_20.0,right,reverse,reverse_right,1
1794,9.000,-35.500,0.500,0.000,H_y-34.0_x-20.0_20.0_reverse_right,H_y-34.0_x-20.0_20.0,H_y-34.0_x-20.0_20.0,right,reverse,reverse_right,1
1795,9.500,-35.500,0.500,0.000,H_y-34.0_x-20.0_20.0_reverse_right,H_y-34.0_x-20.0_20.0,H_y-34.0_x-20.0_20.0,right,reverse,reverse_right,1
1796,10.000,-35.500,0.500,0.000,H_y-34.0_x-20.0_20.0_reverse_right,H_y-34.0_x-20.0_20.0,H_y-34.0_x-20.0_20.0,right,reverse,reverse_right,1
1797,10.500,-35.500,0.500,0.000,H_y-34.0_x-20.0_20.0_reverse_right,H_y-34.0_x-20.0_20.0,H_y-34.0_x-20.0_20.0,right,reverse,reverse_right,1
1798,11.000,-35.500,0.500,0.000,H_y-34.0_x-20.0_20.0_reverse_right,H_y-34.0_x-20.0_20.0,H_y-34.0_x-20.0_20.0,right,reverse,reverse_right,1
1799,11.500,-35.500,0.500,0.000,H_y-34.0_x-20.0_20.0_reverse_right,H_y-34.0_x-20.0_20.0,H_y-34.0_x-20.0_20.0,right,reverse,reverse_right,1
1800,12.000,-35.500,0.500,0.000,H_y-34.0_x-20.0_20.0_reverse_right,H_y-34.0_x-20.0_20.0,H_y-34.0_x-20.0_20.0,right,reverse,reverse_right,1
1801,12.500,-35.500,0.500,0.000,H_y-34.0_x-20.0_20.0_reverse_right,H_y-34.0_x-20.0_20.0,H_y-34.0_x-20.0_20.0,right,reverse,reverse_right,1
1802,13.000,-35.500,0.500,0.000,H_y-34.0_x-20.0_20.0_reverse_right,H_y-34.0_x-20.0_20.0,H_y-34.0_x-20.0_20.0,right,reverse,reverse_right,1
1803,13.500,-35.500,0.500,0.000,H_y-34.0_x-20.0_20.0_reverse_right,H_y-34.0_x-20.0_20.0,H_y-34.0_x-20.0_20.0,right,reverse,reverse_right,1
1804,14.000,-35.500,0.500,0.000,H_y-34.0_x-20.0_20.0_reverse_right,H_y-34.0_x-20.0_20.0,H_y-34.0_x-20.0_20.0,right,reverse,reverse_right,1
1805,14.500,-35.500,0.500,0.000,H_y-34.0_x-20.0_20.0_reverse_right,H_y-34.0_x-20.0_20.0,H_y-34.0_x-20.0_20.0,right,reverse,reverse_right,1
1806,15.000,-35.500,0.500,0.000,H_y-34.0_x-20.0_20.0_reverse_right,H_y-34.0_x-20.0_20.0,H_y-34.0_x-20.0_20.0,right,reverse,reverse_right,1
1807,15.500,-35.500,0.500,0.000,H_y-34.0_x-20.0_20.0_reverse_right,H_y-34.0_x-20.0_20.0,H_y-34.0_x-20.0_20.0,right,reverse,reverse_right,1
1808,16.000,-35.500,0.500,0.000,H_y-34.0_x-20.0_20.0_reverse_right,H_y-34.0_x-20.0_20.0,H_y-34.0_x-20.0_20.0,right,reverse,reverse_right,1
1809,16.500,-35.500,0.500,0.000,H_y-34.0_x-20.0_20.0_reverse_right,H_y-34.0_x-20.0_20.0,H_y-34.0_x-20.0_20.0,right,reverse,reverse_right,1
1810,17.000,-35.500,0.500,0.000,H_y-34.0_x-20.0_20.0_reverse_right,H_y-34.0_x-20.0_20.0,H_y-34.0_x-20.0_20.0,right,reverse,reverse_right,1
1811,17.500,-35.500,0.500,0.000,H_y-34.0_x-20.0_20.0_reverse_right,H_y-34.0_x-20.0_20.0,H_y-34.0_x-20.0_20.0,right,reverse,reverse_right,1
1812,18.000,-35.500,0.500,0.000,H_y-34.0_x-20.0_20.0_reverse_right,H_y-34.0_x-20.0_20.0,H_y-34.0_x-20.0_20.0,right,reverse,reverse_right,1
1813,18.500,-35.500,0.500,0.000,H_y-34.0_x-20.0_20.0_reverse_right,H_y-34.0_x-20.0_20.0,H_y-34.0_x-20.0_20.0,right,reverse,reverse_right,1
1814,19.000,-35.500,0.500,0.000,H_y-34.0_x-20.0_20.0_reverse_right,H_y-34.0_x-20.0_20.0,H_y-34.0_x-20.0_20.0,right,reverse,reverse_right,1
1815,19.500,-35.500,0.500,0.000,H_y-34.0_x-20.0_20.0_reverse_right,H_y-34.0_x-20.0_20.0,H_y-34.0_x-20.0_20.0,right,reverse,reverse_right,1
1816,20.000,-35.500,0.500,0.000,H_y-34.0_x-20.0_20.0_reverse_right,H_y-34.0_x-20.0_20.0,H_y-34.0_x-20.0_20.0,right,reverse,reverse_right,0
1817,-18.500,-34.000,0.500,90.000,R_S_forward_right,R_S,R_S,right,forward,forward_right,1
1818,-18.500,-33.500,0.500,90.000,R_S_forward_right,R_S,R_S,right,forward,forward_right,1
1819,-18.500,-33.000,0.500,90.000,R_S_forward_right,R_S,R_S,right,forward,forward_right,1
1820,-18.500,-32.500,0.500,90.000,R_S_forward_right,R_S,R_S,right,forward,forward_right,1
1821,-18.500,-32.000,0.500,90.000,R_S_forward_right,R_S,R_S,right,forward,forward_right,1
1822,-18.500,-31.500,0.500,90.000,R_S_forward_right,R_S,R_S,right,forward,forward_right,1
1823,-18.500,-31.000,0.500,90.000,R_S_forward_right,R_S,R_S,right,forward,forward_right,1
1824,-18.500,-30.500,0.500,90.000,R_S_forward_right,R_S,R_S,right,forward,forward_right,1
1825,-18.500,-30.000,0.500,90.000,R_S_forward_right,R_S,R_S,right,forward,forward_right,1
1826,-18.500,-29.500,0.500,90.000,R_S_forward_right,R_S,R_S,right,forward,forward_right,1
1827,-18.500,-29.000,0.500,90.000,R_S_forward_right,R_S,R_S,right,forward,forward_right,1
1828,-18.500,-28.500,0.500,90.000,R_S_forward_right,R_S,R_S,right,forward,forward_right,1
1829,-18.500,-28.000,0.500,90.000,R_S_forward_right,R_S,R_S,right,forward,forward_right,1
1830,-18.500,-27.500,0.500,90.000,R_S_forward_right,R_S,R_S,right,forward,forward_right,1
1831,-18.500,-27.000,0.500,90.000,R_S_forward_right,R_S,R_S,right,forward,forward_right,1
1832,-18.500,-26.500,0.500,90.000,R_S_forward_right,R_S,R_S,right,forward,forward_right,1
1833,-18.500,-26.000,0.500,90.000,R_S_forward_right,R_S,R_S,right,forward,forward_right,1
1834,-18.500,-25.500,0.500,90.000,R_S_forward_right,R_S,R_S,right,forward,forward_right,1
1835,-18.500,-25.000,0.500,90.000,R_S_forward_right,R_S,R_S,right,forward,forward_right,1
1836,-18.500,-24.500,0.500,90.000,R_S_forward_right,R_S,R_S,right,forward,forward_right,1
1837,-18.500,-24.000,0.500,90.000,R_S_forward_right,R_S,R_S,right,forward,forward_right,1
1838,-18.500,-23.500,0.500,90.000,R_S_forward_right,R_S,R_S,right,forward,forward_right,1
1839,-18.500,-23.000,0.500,90.000,R_S_forward_right,R_S,R_S,right,forward,forward_right,1
1840,-18.500,-22.500,0.500,90.000,R_S_forward_right,R_S,R_S,right,forward,forward_right,1
1841,-18.500,-22.000,0.500,90.000,R_S_forward_right,R_S,R_S,right,forward,forward_right,1
1842,-18.500,-21.500,0.500,90.000,R_S_forward_right,R_S,R_S,right,forward,forward_right,1
1843,-18.500,-21.000,0.500,90.000,R_S_forward_right,R_S,R_S,right,forward,forward_right,1
1844,-18.500,-20.500,0.500,90.000,R_S_forward_right,R_S,R_S,right,forward,forward_right,1
1845,-18.500,-20.000,0.500,90.000,R_S_forward_right,R_S,R_S,right,forward,forward_right,1
1846,-18.500,-19.500,0.500,90.000,R_S_forward_right,R_S,R_S,right,forward,forward_right,1
1847,-18.500,-19.000,0.500,90.000,R_S_forward_right,R_S,R_S,right,forward,forward_right,1
1848,-18.500,-18.500,0.500,90.000,R_S_forward_right,R_S,R_S,right,forward,forward_right,1
1849,-18.500,-18.000,0.500,90.000,R_S_forward_right,R_S,R_S,right,forward,forward_right,1
1850,-18.500,-17.500,0.500,90.000,R_S_forward_right,R_S,R_S,right,forward,forward_right,1
1851,-18.500,-17.000,0.500,90.000,R_S_forward_right,R_S,R_S,right,forward,forward_right,1
1852,-18.500,-16.500,0.500,90.000,R_S_forward_right,R_S,R_S,right,forward,forward_right,1
1853,-18.500,-16.000,0.500,90.000,R_S_forward_right,R_S,R_S,right,forward,forward_right,1
1854,-18.500,-15.500,0.500,90.000,R_S_forward_right,R_S,R_S,right,forward,forward_right,1
1855,-18.500,-15.000,0.500,90.000,R_S_forward_right,R_S,R_S,right,forward,forward_right,1
1856,-18.500,-14.500,0.500,90.000,R_S_forward_right,R_S,R_S,right,forward,forward_right,1
1857,-18.500,-14.000,0.500,90.000,R_S_forward_right,R_S,R_S,right,forward,forward_right,1
1858,-18.500,-13.500,0.500,90.000,R_S_forward_right,R_S,R_S,right,forward,forward_right,1
1859,-18.500,-13.000,0.500,90.000,R_S_forward_right,R_S,R_S,right,forward,forward_right,1
1860,-18.500,-12.500,0.500,90.000,R_S_forward_right,R_S,R_S,right,forward,forward_right,1
1861,-20.000,-13.500,0.500,0.000,R_S_forward_right,R_S,R_S,right,forward,forward_right,1
1862,-19.500,-13.500,0.500,0.000,R_S_forward_right,R_S,R_S,right,forward,forward_right,1
1863,-19.000,-13.500,0.500,0.000,R_S_forward_right,R_S,R_S,right,forward,forward_right,1
1864,-18.500,-13.500,0.500,0.000,R_S_forward_right,R_S,R_S,right,forward,forward_right,1
1865,-18.000,-13.500,0.500,0.000,R_S_forward_right,R_S,R_S,right,forward,forward_right,0
1866,-18.000,-10.500,0.500,180.000,R_S_reverse_right,R_S,R_S,right,reverse,reverse_right,1
1867,-18.500,-10.500,0.500,180.000,R_S_reverse_right,R_S,R_S,right,reverse,reverse_right,1
1868,-19.000,-10.500,0.500,180.000,R_S_reverse_right,R_S,R_S,right,reverse,reverse_right,1
1869,-19.500,-10.500,0.500,180.000,R_S_reverse_right,R_S,R_S,right,reverse,reverse_right,1
1870,-21.500,-12.000,0.500,-90.000,R_S_reverse_right,R_S,R_S,right,reverse,reverse_right,1
1871,-21.500,-12.500,0.500,-90.000,R_S_reverse_right,R_S,R_S,right,reverse,reverse_right,1
1872,-21.500,-13.000,0.500,-90.000,R_S_reverse_right,R_S,R_S,right,reverse,reverse_right,1
1873,-21.500,-13.500,0.500,-90.000,R_S_reverse_right,R_S,R_S,right,reverse,reverse_right,1
1874,-21.500,-14.000,0.500,-90.000,R_S_reverse_right,R_S,R_S,right,reverse,reverse_right,1
1875,-21.500,-14.500,0.500,-90.000,R_S_reverse_right,R_S,R_S,right,reverse,reverse_right,1
1876,-21.500,-15.000,0.500,-90.000,R_S_reverse_right,R_S,R_S,right,reverse,reverse_right,1
1877,-21.500,-15.500,0.500,-90.000,R_S_reverse_right,R_S,R_S,right,reverse,reverse_right,1
1878,-21.500,-16.000,0.500,-90.000,R_S_reverse_right,R_S,R_S,right,reverse,reverse_right,1
1879,-21.500,-16.500,0.500,-90.000,R_S_reverse_right,R_S,R_S,right,reverse,reverse_right,1
1880,-21.500,-17.000,0.500,-90.000,R_S_reverse_right,R_S,R_S,right,reverse,reverse_right,1
1881,-21.500,-17.500,0.500,-90.000,R_S_reverse_right,R_S,R_S,right,reverse,reverse_right,1
1882,-21.500,-18.000,0.500,-90.000,R_S_reverse_right,R_S,R_S,right,reverse,reverse_right,1
1883,-21.500,-18.500,0.500,-90.000,R_S_reverse_right,R_S,R_S,right,reverse,reverse_right,1
1884,-21.500,-19.000,0.500,-90.000,R_S_reverse_right,R_S,R_S,right,reverse,reverse_right,1
1885,-21.500,-19.500,0.500,-90.000,R_S_reverse_right,R_S,R_S,right,reverse,reverse_right,1
1886,-21.500,-20.000,0.500,-90.000,R_S_reverse_right,R_S,R_S,right,reverse,reverse_right,1
1887,-21.500,-20.500,0.500,-90.000,R_S_reverse_right,R_S,R_S,right,reverse,reverse_right,1
1888,-21.500,-21.000,0.500,-90.000,R_S_reverse_right,R_S,R_S,right,reverse,reverse_right,1
1889,-21.500,-21.500,0.500,-90.000,R_S_reverse_right,R_S,R_S,right,reverse,reverse_right,1
1890,-21.500,-22.000,0.500,-90.000,R_S_reverse_right,R_S,R_S,right,reverse,reverse_right,1
1891,-21.500,-22.500,0.500,-90.000,R_S_reverse_right,R_S,R_S,right,reverse,reverse_right,1
1892,-21.500,-23.000,0.500,-90.000,R_S_reverse_right,R_S,R_S,right,reverse,reverse_right,1
1893,-21.500,-23.500,0.500,-90.000,R_S_reverse_right,R_S,R_S,right,reverse,reverse_right,1
1894,-21.500,-24.000,0.500,-90.000,R_S_reverse_right,R_S,R_S,right,reverse,reverse_right,1
1895,-21.500,-24.500,0.500,-90.000,R_S_reverse_right,R_S,R_S,right,reverse,reverse_right,1
1896,-21.500,-25.000,0.500,-90.000,R_S_reverse_right,R_S,R_S,right,reverse,reverse_right,1
1897,-21.500,-25.500,0.500,-90.000,R_S_reverse_right,R_S,R_S,right,reverse,reverse_right,1
1898,-21.500,-26.000,0.500,-90.000,R_S_reverse_right,R_S,R_S,right,reverse,reverse_right,1
1899,-21.500,-26.500,0.500,-90.000,R_S_reverse_right,R_S,R_S,right,reverse,reverse_right,1
1900,-21.500,-27.000,0.500,-90.000,R_S_reverse_right,R_S,R_S,right,reverse,reverse_right,1
1901,-21.500,-27.500,0.500,-90.000,R_S_reverse_right,R_S,R_S,right,reverse,reverse_right,1
1902,-21.500,-28.000,0.500,-90.000,R_S_reverse_right,R_S,R_S,right,reverse,reverse_right,1
1903,-21.500,-28.500,0.500,-90.000,R_S_reverse_right,R_S,R_S,right,reverse,reverse_right,1
1904,-21.500,-29.000,0.500,-90.000,R_S_reverse_right,R_S,R_S,right,reverse,reverse_right,1
1905,-21.500,-29.500,0.500,-90.000,R_S_reverse_right,R_S,R_S,right,reverse,reverse_right,1
1906,-21.500,-30.000,0.500,-90.000,R_S_reverse_right,R_S,R_S,right,reverse,reverse_right,1
1907,-21.500,-30.500,0.500,-90.000,R_S_reverse_right,R_S,R_S,right,reverse,reverse_right,1
1908,-21.500,-31.000,0.500,-90.000,R_S_reverse_right,R_S,R_S,right,reverse,reverse_right,1
1909,-21.500,-31.500,0.500,-90.000,R_S_reverse_right,R_S,R_S,right,reverse,reverse_right,1
1910,-21.500,-32.000,0.500,-90.000,R_S_reverse_right,R_S,R_S,right,reverse,reverse_right,1
1911,-21.500,-32.500,0.500,-90.000,R_S_reverse_right,R_S,R_S,right,reverse,reverse_right,1
1912,-21.500,-33.000,0.500,-90.000,R_S_reverse_right,R_S,R_S,right,reverse,reverse_right,1
1913,-21.500,-33.500,0.500,-90.000,R_S_reverse_right,R_S,R_S,right,reverse,reverse_right,1
1914,-21.500,-34.000,0.500,-90.000,R_S_reverse_right,R_S,R_S,right,reverse,reverse_right,0
1915,20.000,46.500,0.500,0.000,H_y48.0_x20.0_40.0_forward_right,H_y48.0_x20.0_40.0,H_y48.0_x20.0_40.0,right,forward,forward_right,1
1916,20.500,46.500,0.500,0.000,H_y48.0_x20.0_40.0_forward_right,H_y48.0_x20.0_40.0,H_y48.0_x20.0_40.0,right,forward,forward_right,1
1917,21.000,46.500,0.500,0.000,H_y48.0_x20.0_40.0_forward_right,H_y48.0_x20.0_40.0,H_y48.0_x20.0_40.0,right,forward,forward_right,1
1918,21.500,46.500,0.500,0.000,H_y48.0_x20.0_40.0_forward_right,H_y48.0_x20.0_40.0,H_y48.0_x20.0_40.0,right,forward,forward_right,1
1919,22.000,46.500,0.500,0.000,H_y48.0_x20.0_40.0_forward_right,H_y48.0_x20.0_40.0,H_y48.0_x20.0_40.0,right,forward,forward_right,1
1920,22.500,46.500,0.500,0.000,H_y48.0_x20.0_40.0_forward_right,H_y48.0_x20.0_40.0,H_y48.0_x20.0_40.0,right,forward,forward_right,1
1921,23.000,46.500,0.500,0.000,H_y48.0_x20.0_40.0_forward_right,H_y48.0_x20.0_40.0,H_y48.0_x20.0_40.0,right,forward,forward_right,1
1922,23.500,46.500,0.500,0.000,H_y48.0_x20.0_40.0_forward_right,H_y48.0_x20.0_40.0,H_y48.0_x20.0_40.0,right,forward,forward_right,1
1923,24.000,46.500,0.500,0.000,H_y48.0_x20.0_40.0_forward_right,H_y48.0_x20.0_40.0,H_y48.0_x20.0_40.0,right,forward,forward_right,1
1924,24.500,46.500,0.500,0.000,H_y48.0_x20.0_40.0_forward_right,H_y48.0_x20.0_40.0,H_y48.0_x20.0_40.0,right,forward,forward_right,1
1925,25.000,46.500,0.500,0.000,H_y48.0_x20.0_40.0_forward_right,H_y48.0_x20.0_40.0,H_y48.0_x20.0_40.0,right,forward,forward_right,1
1926,25.500,46.500,0.500,0.000,H_y48.0_x20.0_40.0_forward_right,H_y48.0_x20.0_40.0,H_y48.0_x20.0_40.0,right,forward,forward_right,1
1927,26.000,46.500,0.500,0.000,H_y48.0_x20.0_40.0_forward_right,H_y48.0_x20.0_40.0,H_y48.0_x20.0_40.0,right,forward,forward_right,1
1928,26.500,46.500,0.500,0.000,H_y48.0_x20.0_40.0_forward_right,H_y48.0_x20.0_40.0,H_y48.0_x20.0_40.0,right,forward,forward_right,1
1929,27.000,46.500,0.500,0.000,H_y48.0_x20.0_40.0_forward_right,H_y48.0_x20.0_40.0,H_y48.0_x20.0_40.0,right,forward,forward_right,1
1930,27.500,46.500,0.500,0.000,H_y48.0_x20.0_40.0_forward_right,H_y48.0_x20.0_40.0,H_y48.0_x20.0_40.0,right,forward,forward_right,1
1931,28.000,46.500,0.500,0.000,H_y48.0_x20.0_40.0_forward_right,H_y48.0_x20.0_40.0,H_y48.0_x20.0_40.0,right,forward,forward_right,1
1932,28.500,46.500,0.500,0.000,H_y48.0_x20.0_40.0_forward_right,H_y48.0_x20.0_40.0,H_y48.0_x20.0_40.0,right,forward,forward_right,1
1933,29.000,46.500,0.500,0.000,H_y48.0_x20.0_40.0_forward_right,H_y48.0_x20.0_40.0,H_y48.0_x20.0_40.0,right,forward,forward_right,1
1934,29.500,46.500,0.500,0.000,H_y48.0_x20.0_40.0_forward_right,H_y48.0_x20.0_40.0,H_y48.0_x20.0_40.0,right,forward,forward_right,1
1935,30.000,46.500,0.500,0.000,H_y48.0_x20.0_40.0_forward_right,H_y48.0_x20.0_40.0,H_y48.0_x20.0_40.0,right,forward,forward_right,1
1936,30.500,46.500,0.500,0.000,H_y48.0_x20.0_40.0_forward_right,H_y48.0_x20.0_40.0,H_y48.0_x20.0_40.0,right,forward,forward_right,1
1937,31.000,46.500,0.500,0.000,H_y48.0_x20.0_40.0_forward_right,H_y48.0_x20.0_40.0,H_y48.0_x20.0_40.0,right,forward,forward_right,1
1938,31.500,46.500,0.500,0.000,H_y48.0_x20.0_40.0_forward_right,H_y48.0_x20.0_40.0,H_y48.0_x20.0_40.0,right,forward,forward_right,1
1939,32.000,46.500,0.500,0.000,H_y48.0_x20.0_40.0_forward_right,H_y48.0_x20.0_40.0,H_y48.0_x20.0_40.0,right,forward,forward_right,1
1940,32.500,46.500,0.500,0.000,H_y48.0_x20.0_40.0_forward_right,H_y48.0_x20.0_40.0,H_y48.0_x20.0_40.0,right,forward,forward_right,1
1941,33.000,46.500,0.500,0.000,H_y48.0_x20.0_40.0_forward_right,H_y48.0_x20.0_40.0,H_y48.0_x20.0_40.0,right,forward,forward_right,1
1942,33.500,46.500,0.500,0.000,H_y48.0_x20.0_40.0_forward_right,H_y48.0_x20.0_40.0,H_y48.0_x20.0_40.0,right,forward,forward_right,1
1943,34.000,46.500,0.500,0.000,H_y48.0_x20.0_40.0_forward_right,H_y48.0_x20.0_40.0,H_y48.0_x20.0_40.0,right,forward,forward_right,1
1944,34.500,46.500,0.500,0.000,H_y48.0_x20.0_40.0_forward_right,H_y48.0_x20.0_40.0,H_y48.0_x20.0_40.0,right,forward,forward_right,1
1945,35.000,46.500,0.500,0.000,H_y48.0_x20.0_40.0_forward_right,H_y48.0_x20.0_40.0,H_y48.0_x20.0_40.0,right,forward,forward_right,1
1946,35.500,46.500,0.500,0.000,H_y48.0_x20.0_40.0_forward_right,H_y48.0_x20.0_40.0,H_y48.0_x20.0_40.0,right,forward,forward_right,1
1947,36.000,46.500,0.500,0.000,H_y48.0_x20.0_40.0_forward_right,H_y48.0_x20.0_40.0,H_y48.0_x20.0_40.0,right,forward,forward_right,1
1948,36.500,46.500,0.500,0.000,H_y48.0_x20.0_40.0_forward_right,H_y48.0_x20.0_40.0,H_y48.0_x20.0_40.0,right,forward,forward_right,1
1949,37.000,46.500,0.500,0.000,H_y48.0_x20.0_40.0_forward_right,H_y48.0_x20.0_40.0,H_y48.0_x20.0_40.0,right,forward,forward_right,1
1950,37.500,46.500,0.500,0.000,H_y48.0_x20.0_40.0_forward_right,H_y48.0_x20.0_40.0,H_y48.0_x20.0_40.0,right,forward,forward_right,1
1951,38.000,46.500,0.500,0.000,H_y48.0_x20.0_40.0_forward_right,H_y48.0_x20.0_40.0,H_y48.0_x20.0_40.0,right,forward,forward_right,1
1952,38.500,46.500,0.500,0.000,H_y48.0_x20.0_40.0_forward_right,H_y48.0_x20.0_40.0,H_y48.0_x20.0_40.0,right,forward,forward_right,1
1953,39.000,46.500,0.500,0.000,H_y48.0_x20.0_40.0_forward_right,H_y48.0_x20.0_40.0,H_y48.0_x20.0_40.0,right,forward,forward_right,1
1954,39.500,46.500,0.500,0.000,H_y48.0_x20.0_40.0_forward_right,H_y48.0_x20.0_40.0,H_y48.0_x20.0_40.0,right,forward,forward_right,1
1955,40.000,46.500,0.500,0.000,H_y48.0_x20.0_40.0_forward_right,H_y48.0_x20.0_40.0,H_y48.0_x20.0_40.0,right,forward,forward_right,0
1956,40.000,49.500,0.500,180.000,H_y48.0_x20.0_40.0_reverse_right,H_y48.0_x20.0_40.0,H_y48.0_x20.0_40.0,right,reverse,reverse_right,1
1957,39.500,49.500,0.500,180.000,H_y48.0_x20.0_40.0_reverse_right,H_y48.0_x20.0_40.0,H_y48.0_x20.0_40.0,right,reverse,reverse_right,1
1958,39.000,49.500,0.500,180.000,H_y48.0_x20.0_40.0_reverse_right,H_y48.0_x20.0_40.0,H_y48.0_x20.0_40.0,right,reverse,reverse_right,1
1959,38.500,49.500,0.500,180.000,H_y48.0_x20.0_40.0_reverse_right,H_y48.0_x20.0_40.0,H_y48.0_x20.0_40.0,right,reverse,reverse_right,1
1960,38.000,49.500,0.500,180.000,H_y48.0_x20.0_40.0_reverse_right,H_y48.0_x20.0_40.0,H_y48.0_x20.0_40.0,right,reverse,reverse_right,1
1961,37.500,49.500,0.500,180.000,H_y48.0_x20.0_40.0_reverse_right,H_y48.0_x20.0_40.0,H_y48.0_x20.0_40.0,right,reverse,reverse_right,1
1962,37.000,49.500,0.500,180.000,H_y48.0_x20.0_40.0_reverse_right,H_y48.0_x20.0_40.0,H_y48.0_x20.0_40.0,right,reverse,reverse_right,1
1963,36.500,49.500,0.500,180.000,H_y48.0_x20.0_40.0_reverse_right,H_y48.0_x20.0_40.0,H_y48.0_x20.0_40.0,right,reverse,reverse_right,1
1964,36.000,49.500,0.500,180.000,H_y48.0_x20.0_40.0_reverse_right,H_y48.0_x20.0_40.0,H_y48.0_x20.0_40.0,right,reverse,reverse_right,1
1965,35.500,49.500,0.500,180.000,H_y48.0_x20.0_40.0_reverse_right,H_y48.0_x20.0_40.0,H_y48.0_x20.0_40.0,right,reverse,reverse_right,1
1966,35.000,49.500,0.500,180.000,H_y48.0_x20.0_40.0_reverse_right,H_y48.0_x20.0_40.0,H_y48.0_x20.0_40.0,right,reverse,reverse_right,1
1967,34.500,49.500,0.500,180.000,H_y48.0_x20.0_40.0_reverse_right,H_y48.0_x20.0_40.0,H_y48.0_x20.0_40.0,right,reverse,reverse_right,1
1968,34.000,49.500,0.500,180.000,H_y48.0_x20.0_40.0_reverse_right,H_y48.0_x20.0_40.0,H_y48.0_x20.0_40.0,right,reverse,reverse_right,1
1969,33.500,49.500,0.500,180.000,H_y48.0_x20.0_40.0_reverse_right,H_y48.0_x20.0_40.0,H_y48.0_x20.0_40.0,right,reverse,reverse_right,1
1970,33.000,49.500,0.500,180.000,H_y48.0_x20.0_40.0_reverse_right,H_y48.0_x20.0_40.0,H_y48.0_x20.0_40.0,right,reverse,reverse_right,1
1971,32.500,49.500,0.500,180.000,H_y48.0_x20.0_40.0_reverse_right,H_y48.0_x20.0_40.0,H_y48.0_x20.0_40.0,right,reverse,reverse_right,1
1972,32.000,49.500,0.500,180.000,H_y48.0_x20.0_40.0_reverse_right,H_y48.0_x20.0_40.0,H_y48.0_x20.0_40.0,right,reverse,reverse_right,1
1973,31.500,49.500,0.500,180.000,H_y48.0_x20.0_40.0_reverse_right,H_y48.0_x20.0_40.0,H_y48.0_x20.0_40.0,right,reverse,reverse_right,1
1974,31.000,49.500,0.500,180.000,H_y48.0_x20.0_40.0_reverse_right,H_y48.0_x20.0_40.0,H_y48.0_x20.0_40.0,right,reverse,reverse_right,1
1975,30.500,49.500,0.500,180.000,H_y48.0_x20.0_40.0_reverse_right,H_y48.0_x20.0_40.0,H_y48.0_x20.0_40.0,right,reverse,reverse_right,1
1976,30.000,49.500,0.500,180.000,H_y48.0_x20.0_40.0_reverse_right,H_y48.0_x20.0_40.0,H_y48.0_x20.0_40.0,right,reverse,reverse_right,1
1977,29.500,49.500,0.500,180.000,H_y48.0_x20.0_40.0_reverse_right,H_y48.0_x20.0_40.0,H_y48.0_x20.0_40.0,right,reverse,reverse_right,1
1978,29.000,49.500,0.500,180.000,H_y48.0_x20.0_40.0_reverse_right,H_y48.0_x20.0_40.0,H_y48.0_x20.0_40.0,right,reverse,reverse_right,1
1979,28.500,49.500,0.500,180.000,H_y48.0_x20.0_40.0_reverse_right,H_y48.0_x20.0_40.0,H_y48.0_x20.0_40.0,right,reverse,reverse_right,1
1980,28.000,49.500,0.500,180.000,H_y48.0_x20.0_40.0_reverse_right,H_y48.0_x20.0_40.0,H_y48.0_x20.0_40.0,right,reverse,reverse_right,1
1981,27.500,49.500,0.500,180.000,H_y48.0_x20.0_40.0_reverse_right,H_y48.0_x20.0_40.0,H_y48.0_x20.0_40.0,right,reverse,reverse_right,1
1982,27.000,49.500,0.500,180.000,H_y48.0_x20.0_40.0_reverse_right,H_y48.0_x20.0_40.0,H_y48.0_x20.0_40.0,right,reverse,reverse_right,1
1983,26.500,49.500,0.500,180.000,H_y48.0_x20.0_40.0_reverse_right,H_y48.0_x20.0_40.0,H_y48.0_x20.0_40.0,right,reverse,reverse_right,1
1984,26.000,49.500,0.500,180.000,H_y48.0_x20.0_40.0_reverse_right,H_y48.0_x20.0_40.0,H_y48.0_x20.0_40.0,right,reverse,reverse_right,1
1985,25.500,49.500,0.500,180.000,H_y48.0_x20.0_40.0_reverse_right,H_y48.0_x20.0_40.0,H_y48.0_x20.0_40.0,right,reverse,reverse_right,1
1986,25.000,49.500,0.500,180.000,H_y48.0_x20.0_40.0_reverse_right,H_y48.0_x20.0_40.0,H_y48.0_x20.0_40.0,right,reverse,reverse_right,1
1987,24.500,49.500,0.500,180.000,H_y48.0_x20.0_40.0_reverse_right,H_y48.0_x20.0_40.0,H_y48.0_x20.0_40.0,right,reverse,reverse_right,1
1988,24.000,49.500,0.500,180.000,H_y48.0_x20.0_40.0_reverse_right,H_y48.0_x20.0_40.0,H_y48.0_x20.0_40.0,right,reverse,reverse_right,1
1989,23.500,49.500,0.500,180.000,H_y48.0_x20.0_40.0_reverse_right,H_y48.0_x20.0_40.0,H_y48.0_x20.0_40.0,right,reverse,reverse_right,1
1990,23.000,49.500,0.500,180.000,H_y48.0_x20.0_40.0_reverse_right,H_y48.0_x20.0_40.0,H_y48.0_x20.0_40.0,right,reverse,reverse_right,1
1991,22.500,49.500,0.500,180.000,H_y48.0_x20.0_40.0_reverse_right,H_y48.0_x20.0_40.0,H_y48.0_x20.0_40.0,right,reverse,reverse_right,1
1992,22.000,49.500,0.500,180.000,H_y48.0_x20.0_40.0_reverse_right,H_y48.0_x20.0_40.0,H_y48.0_x20.0_40.0,right,reverse,reverse_right,1
1993,21.500,49.500,0.500,180.000,H_y48.0_x20.0_40.0_reverse_right,H_y48.0_x20.0_40.0,H_y48.0_x20.0_40.0,right,reverse,reverse_right,1
1994,21.000,49.500,0.500,180.000,H_y48.0_x20.0_40.0_reverse_right,H_y48.0_x20.0_40.0,H_y48.0_x20.0_40.0,right,reverse,reverse_right,1
1995,20.500,49.500,0.500,180.000,H_y48.0_x20.0_40.0_reverse_right,H_y48.0_x20.0_40.0,H_y48.0_x20.0_40.0,right,reverse,reverse_right,1
1996,20.000,49.500,0.500,180.000,H_y48.0_x20.0_40.0_reverse_right,H_y48.0_x20.0_40.0,H_y48.0_x20.0_40.0,right,reverse,reverse_right,0
1997,21.500,26.000,0.500,90.000,V_x20.0_y26.0_48.0_forward_right,V_x20.0_y26.0_48.0,V_x20.0_y26.0_48.0,right,forward,forward_right,1
1998,21.500,26.500,0.500,90.000,V_x20.0_y26.0_48.0_forward_right,V_x20.0_y26.0_48.0,V_x20.0_y26.0_48.0,right,forward,forward_right,1
1999,21.500,27.000,0.500,90.000,V_x20.0_y26.0_48.0_forward_right,V_x20.0_y26.0_48.0,V_x20.0_y26.0_48.0,right,forward,forward_right,1
2000,21.500,27.500,0.500,90.000,V_x20.0_y26.0_48.0_forward_right,V_x20.0_y26.0_48.0,V_x20.0_y26.0_48.0,right,forward,forward_right,1
2001,21.500,28.000,0.500,90.000,V_x20.0_y26.0_48.0_forward_right,V_x20.0_y26.0_48.0,V_x20.0_y26.0_48.0,right,forward,forward_right,1
2002,21.500,28.500,0.500,90.000,V_x20.0_y26.0_48.0_forward_right,V_x20.0_y26.0_48.0,V_x20.0_y26.0_48.0,right,forward,forward_right,1
2003,21.500,29.000,0.500,90.000,V_x20.0_y26.0_48.0_forward_right,V_x20.0_y26.0_48.0,V_x20.0_y26.0_48.0,right,forward,forward_right,1
2004,21.500,29.500,0.500,90.000,V_x20.0_y26.0_48.0_forward_right,V_x20.0_y26.0_48.0,V_x20.0_y26.0_48.0,right,forward,forward_right,1
2005,21.500,30.000,0.500,90.000,V_x20.0_y26.0_48.0_forward_right,V_x20.0_y26.0_48.0,V_x20.0_y26.0_48.0,right,forward,forward_right,1
2006,21.500,30.500,0.500,90.000,V_x20.0_y26.0_48.0_forward_right,V_x20.0_y26.0_48.0,V_x20.0_y26.0_48.0,right,forward,forward_right,1
2007,21.500,31.000,0.500,90.000,V_x20.0_y26.0_48.0_forward_right,V_x20.0_y26.0_48.0,V_x20.0_y26.0_48.0,right,forward,forward_right,1
2008,21.500,31.500,0.500,90.000,V_x20.0_y26.0_48.0_forward_right,V_x20.0_y26.0_48.0,V_x20.0_y26.0_48.0,right,forward,forward_right,1
2009,21.500,32.000,0.500,90.000,V_x20.0_y26.0_48.0_forward_right,V_x20.0_y26.0_48.0,V_x20.0_y26.0_48.0,right,forward,forward_right,1
2010,21.500,32.500,0.500,90.000,V_x20.0_y26.0_48.0_forward_right,V_x20.0_y26.0_48.0,V_x20.0_y26.0_48.0,right,forward,forward_right,1
2011,21.500,33.000,0.500,90.000,V_x20.0_y26.0_48.0_forward_right,V_x20.0_y26.0_48.0,V_x20.0_y26.0_48.0,right,forward,forward_right,1
2012,21.500,33.500,0.500,90.000,V_x20.0_y26.0_48.0_forward_right,V_x20.0_y26.0_48.0,V_x20.0_y26.0_48.0,right,forward,forward_right,1
2013,21.500,34.000,0.500,90.000,V_x20.0_y26.0_48.0_forward_right,V_x20.0_y26.0_48.0,V_x20.0_y26.0_48.0,right,forward,forward_right,1
2014,21.500,34.500,0.500,90.000,V_x20.0_y26.0_48.0_forward_right,V_x20.0_y26.0_48.0,V_x20.0_y26.0_48.0,right,forward,forward_right,1
2015,21.500,35.000,0.500,90.000,V_x20.0_y26.0_48.0_forward_right,V_x20.0_y26.0_48.0,V_x20.0_y26.0_48.0,right,forward,forward_right,1
2016,21.500,35.500,0.500,90.000,V_x20.0_y26.0_48.0_forward_right,V_x20.0_y26.0_48.0,V_x20.0_y26.0_48.0,right,forward,forward_right,1
2017,21.500,36.000,0.500,90.000,V_x20.0_y26.0_48.0_forward_right,V_x20.0_y26.0_48.0,V_x20.0_y26.0_48.0,right,forward,forward_right,1
2018,21.500,36.500,0.500,90.000,V_x20.0_y26.0_48.0_forward_right,V_x20.0_y26.0_48.0,V_x20.0_y26.0_48.0,right,forward,forward_right,1
2019,21.500,37.000,0.500,90.000,V_x20.0_y26.0_48.0_forward_right,V_x20.0_y26.0_48.0,V_x20.0_y26.0_48.0,right,forward,forward_right,1
2020,21.500,37.500,0.500,90.000,V_x20.0_y26.0_48.0_forward_right,V_x20.0_y26.0_48.0,V_x20.0_y26.0_48.0,right,forward,forward_right,1
2021,21.500,38.000,0.500,90.000,V_x20.0_y26.0_48.0_forward_right,V_x20.0_y26.0_48.0,V_x20.0_y26.0_48.0,right,forward,forward_right,1
2022,21.500,38.500,0.500,90.000,V_x20.0_y26.0_48.0_forward_right,V_x20.0_y26.0_48.0,V_x20.0_y26.0_48.0,right,forward,forward_right,1
2023,21.500,39.000,0.500,90.000,V_x20.0_y26.0_48.0_forward_right,V_x20.0_y26.0_48.0,V_x20.0_y26.0_48.0,right,forward,forward_right,1
2024,21.500,39.500,0.500,90.000,V_x20.0_y26.0_48.0_forward_right,V_x20.0_y26.0_48.0,V_x20.0_y26.0_48.0,right,forward,forward_right,1
2025,21.500,40.000,0.500,90.000,V_x20.0_y26.0_48.0_forward_right,V_x20.0_y26.0_48.0,V_x20.0_y26.0_48.0,right,forward,forward_right,1
2026,21.500,40.500,0.500,90.000,V_x20.0_y26.0_48.0_forward_right,V_x20.0_y26.0_48.0,V_x20.0_y26.0_48.0,right,forward,forward_right,1
2027,21.500,41.000,0.500,90.000,V_x20.0_y26.0_48.0_forward_right,V_x20.0_y26.0_48.0,V_x20.0_y26.0_48.0,right,forward,forward_right,1
2028,21.500,41.500,0.500,90.000,V_x20.0_y26.0_48.0_forward_right,V_x20.0_y26.0_48.0,V_x20.0_y26.0_48.0,right,forward,forward_right,1
2029,21.500,42.000,0.500,90.000,V_x20.0_y26.0_48.0_forward_right,V_x20.0_y26.0_48.0,V_x20.0_y26.0_48.0,right,forward,forward_right,1
2030,21.500,42.500,0.500,90.000,V_x20.0_y26.0_48.0_forward_right,V_x20.0_y26.0_48.0,V_x20.0_y26.0_48.0,right,forward,forward_right,1
2031,21.500,43.000,0.500,90.000,V_x20.0_y26.0_48.0_forward_right,V_x20.0_y26.0_48.0,V_x20.0_y26.0_48.0,right,forward,forward_right,1
2032,21.500,43.500,0.500,90.000,V_x20.0_y26.0_48.0_forward_right,V_x20.0_y26.0_48.0,V_x20.0_y26.0_48.0,right,forward,forward_right,1
2033,21.500,44.000,0.500,90.000,V_x20.0_y26.0_48.0_forward_right,V_x20.0_y26.0_48.0,V_x20.0_y26.0_48.0,right,forward,forward_right,1
2034,21.500,44.500,0.500,90.000,V_x20.0_y26.0_48.0_forward_right,V_x20.0_y26.0_48.0,V_x20.0_y26.0_48.0,right,forward,forward_right,1
2035,21.500,45.000,0.500,90.000,V_x20.0_y26.0_48.0_forward_right,V_x20.0_y26.0_48.0,V_x20.0_y26.0_48.0,right,forward,forward_right,1
2036,21.500,45.500,0.500,90.000,V_x20.0_y26.0_48.0_forward_right,V_x20.0_y26.0_48.0,V_x20.0_y26.0_48.0,right,forward,forward_right,1
2037,21.500,46.000,0.500,90.000,V_x20.0_y26.0_48.0_forward_right,V_x20.0_y26.0_48.0,V_x20.0_y26.0_48.0,right,forward,forward_right,1
2038,21.500,46.500,0.500,90.000,V_x20.0_y26.0_48.0_forward_right,V_x20.0_y26.0_48.0,V_x20.0_y26.0_48.0,right,forward,forward_right,1
2039,21.500,47.000,0.500,90.000,V_x20.0_y26.0_48.0_forward_right,V_x20.0_y26.0_48.0,V_x20.0_y26.0_48.0,right,forward,forward_right,1
2040,21.500,47.500,0.500,90.000,V_x20.0_y26.0_48.0_forward_right,V_x20.0_y26.0_48.0,V_x20.0_y26.0_48.0,right,forward,forward_right,1
2041,21.500,48.000,0.500,90.000,V_x20.0_y26.0_48.0_forward_right,V_x20.0_y26.0_48.0,V_x20.0_y26.0_48.0,right,forward,forward_right,0
2042,18.500,48.000,0.500,-90.000,V_x20.0_y26.0_48.0_reverse_right,V_x20.0_y26.0_48.0,V_x20.0_y26.0_48.0,right,reverse,reverse_right,1
2043,18.500,47.500,0.500,-90.000,V_x20.0_y26.0_48.0_reverse_right,V_x20.0_y26.0_48.0,V_x20.0_y26.0_48.0,right,reverse,reverse_right,1
2044,18.500,47.000,0.500,-90.000,V_x20.0_y26.0_48.0_reverse_right,V_x20.0_y26.0_48.0,V_x20.0_y26.0_48.0,right,reverse,reverse_right,1
2045,18.500,46.500,0.500,-90.000,V_x20.0_y26.0_48.0_reverse_right,V_x20.0_y26.0_48.0,V_x20.0_y26.0_48.0,right,reverse,reverse_right,1
2046,18.500,46.000,0.500,-90.000,V_x20.0_y26.0_48.0_reverse_right,V_x20.0_y26.0_48.0,V_x20.0_y26.0_48.0,right,reverse,reverse_right,1
2047,18.500,45.500,0.500,-90.000,V_x20.0_y26.0_48.0_reverse_right,V_x20.0_y26.0_48.0,V_x20.0_y26.0_48.0,right,reverse,reverse_right,1
2048,18.500,45.000,0.500,-90.000,V_x20.0_y26.0_48.0_reverse_right,V_x20.0_y26.0_48.0,V_x20.0_y26.0_48.0,right,reverse,reverse_right,1
2049,18.500,44.500,0.500,-90.000,V_x20.0_y26.0_48.0_reverse_right,V_x20.0_y26.0_48.0,V_x20.0_y26.0_48.0,right,reverse,reverse_right,1
2050,18.500,44.000,0.500,-90.000,V_x20.0_y26.0_48.0_reverse_right,V_x20.0_y26.0_48.0,V_x20.0_y26.0_48.0,right,reverse,reverse_right,1
2051,18.500,43.500,0.500,-90.000,V_x20.0_y26.0_48.0_reverse_right,V_x20.0_y26.0_48.0,V_x20.0_y26.0_48.0,right,reverse,reverse_right,1
2052,18.500,43.000,0.500,-90.000,V_x20.0_y26.0_48.0_reverse_right,V_x20.0_y26.0_48.0,V_x20.0_y26.0_48.0,right,reverse,reverse_right,1
2053,18.500,42.500,0.500,-90.000,V_x20.0_y26.0_48.0_reverse_right,V_x20.0_y26.0_48.0,V_x20.0_y26.0_48.0,right,reverse,reverse_right,1
2054,18.500,42.000,0.500,-90.000,V_x20.0_y26.0_48.0_reverse_right,V_x20.0_y26.0_48.0,V_x20.0_y26.0_48.0,right,reverse,reverse_right,1
2055,18.500,41.500,0.500,-90.000,V_x20.0_y26.0_48.0_reverse_right,V_x20.0_y26.0_48.0,V_x20.0_y26.0_48.0,right,reverse,reverse_right,1
2056,18.500,41.000,0.500,-90.000,V_x20.0_y26.0_48.0_reverse_right,V_x20.0_y26.0_48.0,V_x20.0_y26.0_48.0,right,reverse,reverse_right,1
2057,18.500,40.500,0.500,-90.000,V_x20.0_y26.0_48.0_reverse_right,V_x20.0_y26.0_48.0,V_x20.0_y26.0_48.0,right,reverse,reverse_right,1
2058,18.500,40.000,0.500,-90.000,V_x20.0_y26.0_48.0_reverse_right,V_x20.0_y26.0_48.0,V_x20.0_y26.0_48.0,right,reverse,reverse_right,1
2059,18.500,39.500,0.500,-90.000,V_x20.0_y26.0_48.0_reverse_right,V_x20.0_y26.0_48.0,V_x20.0_y26.0_48.0,right,reverse,reverse_right,1
2060,18.500,39.000,0.500,-90.000,V_x20.0_y26.0_48.0_reverse_right,V_x20.0_y26.0_48.0,V_x20.0_y26.0_48.0,right,reverse,reverse_right,1
2061,18.500,38.500,0.500,-90.000,V_x20.0_y26.0_48.0_reverse_right,V_x20.0_y26.0_48.0,V_x20.0_y26.0_48.0,right,reverse,reverse_right,1
2062,18.500,38.000,0.500,-90.000,V_x20.0_y26.0_48.0_reverse_right,V_x20.0_y26.0_48.0,V_x20.0_y26.0_48.0,right,reverse,reverse_right,1
2063,18.500,37.500,0.500,-90.000,V_x20.0_y26.0_48.0_reverse_right,V_x20.0_y26.0_48.0,V_x20.0_y26.0_48.0,right,reverse,reverse_right,1
2064,18.500,37.000,0.500,-90.000,V_x20.0_y26.0_48.0_reverse_right,V_x20.0_y26.0_48.0,V_x20.0_y26.0_48.0,right,reverse,reverse_right,1
2065,18.500,36.500,0.500,-90.000,V_x20.0_y26.0_48.0_reverse_right,V_x20.0_y26.0_48.0,V_x20.0_y26.0_48.0,right,reverse,reverse_right,1
2066,18.500,36.000,0.500,-90.000,V_x20.0_y26.0_48.0_reverse_right,V_x20.0_y26.0_48.0,V_x20.0_y26.0_48.0,right,reverse,reverse_right,1
2067,18.500,35.500,0.500,-90.000,V_x20.0_y26.0_48.0_reverse_right,V_x20.0_y26.0_48.0,V_x20.0_y26.0_48.0,right,reverse,reverse_right,1
2068,18.500,35.000,0.500,-90.000,V_x20.0_y26.0_48.0_reverse_right,V_x20.0_y26.0_48.0,V_x20.0_y26.0_48.0,right,reverse,reverse_right,1
2069,18.500,34.500,0.500,-90.000,V_x20.0_y26.0_48.0_reverse_right,V_x20.0_y26.0_48.0,V_x20.0_y26.0_48.0,right,reverse,reverse_right,1
2070,18.500,34.000,0.500,-90.000,V_x20.0_y26.0_48.0_reverse_right,V_x20.0_y26.0_48.0,V_x20.0_y26.0_48.0,right,reverse,reverse_right,1
2071,18.500,33.500,0.500,-90.000,V_x20.0_y26.0_48.0_reverse_right,V_x20.0_y26.0_48.0,V_x20.0_y26.0_48.0,right,reverse,reverse_right,1
2072,18.500,33.000,0.500,-90.000,V_x20.0_y26.0_48.0_reverse_right,V_x20.0_y26.0_48.0,V_x20.0_y26.0_48.0,right,reverse,reverse_right,1
2073,18.500,32.500,0.500,-90.000,V_x20.0_y26.0_48.0_reverse_right,V_x20.0_y26.0_48.0,V_x20.0_y26.0_48.0,right,reverse,reverse_right,1
2074,18.500,32.000,0.500,-90.000,V_x20.0_y26.0_48.0_reverse_right,V_x20.0_y26.0_48.0,V_x20.0_y26.0_48.0,right,reverse,reverse_right,1
2075,18.500,31.500,0.500,-90.000,V_x20.0_y26.0_48.0_reverse_right,V_x20.0_y26.0_48.0,V_x20.0_y26.0_48.0,right,reverse,reverse_right,1
2076,18.500,31.000,0.500,-90.000,V_x20.0_y26.0_48.0_reverse_right,V_x20.0_y26.0_48.0,V_x20.0_y26.0_48.0,right,reverse,reverse_right,1
2077,18.500,30.500,0.500,-90.000,V_x20.0_y26.0_48.0_reverse_right,V_x20.0_y26.0_48.0,V_x20.0_y26.0_48.0,right,reverse,reverse_right,1
2078,18.500,30.000,0.500,-90.000,V_x20.0_y26.0_48.0_reverse_right,V_x20.0_y26.0_48.0,V_x20.0_y26.0_48.0,right,reverse,reverse_right,1
2079,18.500,29.500,0.500,-90.000,V_x20.0_y26.0_48.0_reverse_right,V_x20.0_y26.0_48.0,V_x20.0_y26.0_48.0,right,reverse,reverse_right,1
2080,18.500,29.000,0.500,-90.000,V_x20.0_y26.0_48.0_reverse_right,V_x20.0_y26.0_48.0,V_x20.0_y26.0_48.0,right,reverse,reverse_right,1
2081,18.500,28.500,0.500,-90.000,V_x20.0_y26.0_48.0_reverse_right,V_x20.0_y26.0_48.0,V_x20.0_y26.0_48.0,right,reverse,reverse_right,1
2082,18.500,28.000,0.500,-90.000,V_x20.0_y26.0_48.0_reverse_right,V_x20.0_y26.0_48.0,V_x20.0_y26.0_48.0,right,reverse,reverse_right,1
2083,18.500,27.500,0.500,-90.000,V_x20.0_y26.0_48.0_reverse_right,V_x20.0_y26.0_48.0,V_x20.0_y26.0_48.0,right,reverse,reverse_right,1
2084,18.500,27.000,0.500,-90.000,V_x20.0_y26.0_48.0_reverse_right,V_x20.0_y26.0_48.0,V_x20.0_y26.0_48.0,right,reverse,reverse_right,1
2085,18.500,26.500,0.500,-90.000,V_x20.0_y26.0_48.0_reverse_right,V_x20.0_y26.0_48.0,V_x20.0_y26.0_48.0,right,reverse,reverse_right,1
2086,18.500,26.000,0.500,-90.000,V_x20.0_y26.0_48.0_reverse_right,V_x20.0_y26.0_48.0,V_x20.0_y26.0_48.0,right,reverse,reverse_right,0
2087,20.000,24.500,0.500,0.000,H_y26.0_x20.0_40.0_forward_right,H_y26.0_x20.0_40.0,H_y26.0_x20.0_40.0,right,forward,forward_right,1
2088,20.500,24.500,0.500,0.000,H_y26.0_x20.0_40.0_forward_right,H_y26.0_x20.0_40.0,H_y26.0_x20.0_40.0,right,forward,forward_right,1
2089,21.000,24.500,0.500,0.000,H_y26.0_x20.0_40.0_forward_right,H_y26.0_x20.0_40.0,H_y26.0_x20.0_40.0,right,forward,forward_right,1
2090,21.500,24.500,0.500,0.000,H_y26.0_x20.0_40.0_forward_right,H_y26.0_x20.0_40.0,H_y26.0_x20.0_40.0,right,forward,forward_right,1
2091,22.000,24.500,0.500,0.000,H_y26.0_x20.0_40.0_forward_right,H_y26.0_x20.0_40.0,H_y26.0_x20.0_40.0,right,forward,forward_right,1
2092,22.500,24.500,0.500,0.000,H_y26.0_x20.0_40.0_forward_right,H_y26.0_x20.0_40.0,H_y26.0_x20.0_40.0,right,forward,forward_right,1
2093,23.000,24.500,0.500,0.000,H_y26.0_x20.0_40.0_forward_right,H_y26.0_x20.0_40.0,H_y26.0_x20.0_40.0,right,forward,forward_right,1
2094,23.500,24.500,0.500,0.000,H_y26.0_x20.0_40.0_forward_right,H_y26.0_x20.0_40.0,H_y26.0_x20.0_40.0,right,forward,forward_right,1
2095,24.000,24.500,0.500,0.000,H_y26.0_x20.0_40.0_forward_right,H_y26.0_x20.0_40.0,H_y26.0_x20.0_40.0,right,forward,forward_right,1
2096,24.500,24.500,0.500,0.000,H_y26.0_x20.0_40.0_forward_right,H_y26.0_x20.0_40.0,H_y26.0_x20.0_40.0,right,forward,forward_right,1
2097,25.000,24.500,0.500,0.000,H_y26.0_x20.0_40.0_forward_right,H_y26.0_x20.0_40.0,H_y26.0_x20.0_40.0,right,forward,forward_right,1
2098,25.500,24.500,0.500,0.000,H_y26.0_x20.0_40.0_forward_right,H_y26.0_x20.0_40.0,H_y26.0_x20.0_40.0,right,forward,forward_right,1
2099,26.000,24.500,0.500,0.000,H_y26.0_x20.0_40.0_forward_right,H_y26.0_x20.0_40.0,H_y26.0_x20.0_40.0,right,forward,forward_right,1
2100,26.500,24.500,0.500,0.000,H_y26.0_x20.0_40.0_forward_right,H_y26.0_x20.0_40.0,H_y26.0_x20.0_40.0,right,forward,forward_right,1
2101,27.000,24.500,0.500,0.000,H_y26.0_x20.0_40.0_forward_right,H_y26.0_x20.0_40.0,H_y26.0_x20.0_40.0,right,forward,forward_right,1
2102,27.500,24.500,0.500,0.000,H_y26.0_x20.0_40.0_forward_right,H_y26.0_x20.0_40.0,H_y26.0_x20.0_40.0,right,forward,forward_right,1
2103,28.000,24.500,0.500,0.000,H_y26.0_x20.0_40.0_forward_right,H_y26.0_x20.0_40.0,H_y26.0_x20.0_40.0,right,forward,forward_right,1
2104,28.500,24.500,0.500,0.000,H_y26.0_x20.0_40.0_forward_right,H_y26.0_x20.0_40.0,H_y26.0_x20.0_40.0,right,forward,forward_right,1
2105,29.000,24.500,0.500,0.000,H_y26.0_x20.0_40.0_forward_right,H_y26.0_x20.0_40.0,H_y26.0_x20.0_40.0,right,forward,forward_right,1
2106,29.500,24.500,0.500,0.000,H_y26.0_x20.0_40.0_forward_right,H_y26.0_x20.0_40.0,H_y26.0_x20.0_40.0,right,forward,forward_right,1
2107,30.000,24.500,0.500,0.000,H_y26.0_x20.0_40.0_forward_right,H_y26.0_x20.0_40.0,H_y26.0_x20.0_40.0,right,forward,forward_right,1
2108,30.500,24.500,0.500,0.000,H_y26.0_x20.0_40.0_forward_right,H_y26.0_x20.0_40.0,H_y26.0_x20.0_40.0,right,forward,forward_right,1
2109,31.000,24.500,0.500,0.000,H_y26.0_x20.0_40.0_forward_right,H_y26.0_x20.0_40.0,H_y26.0_x20.0_40.0,right,forward,forward_right,1
2110,31.500,24.500,0.500,0.000,H_y26.0_x20.0_40.0_forward_right,H_y26.0_x20.0_40.0,H_y26.0_x20.0_40.0,right,forward,forward_right,1
2111,32.000,24.500,0.500,0.000,H_y26.0_x20.0_40.0_forward_right,H_y26.0_x20.0_40.0,H_y26.0_x20.0_40.0,right,forward,forward_right,1
2112,32.500,24.500,0.500,0.000,H_y26.0_x20.0_40.0_forward_right,H_y26.0_x20.0_40.0,H_y26.0_x20.0_40.0,right,forward,forward_right,1
2113,33.000,24.500,0.500,0.000,H_y26.0_x20.0_40.0_forward_right,H_y26.0_x20.0_40.0,H_y26.0_x20.0_40.0,right,forward,forward_right,1
2114,33.500,24.500,0.500,0.000,H_y26.0_x20.0_40.0_forward_right,H_y26.0_x20.0_40.0,H_y26.0_x20.0_40.0,right,forward,forward_right,1
2115,34.000,24.500,0.500,0.000,H_y26.0_x20.0_40.0_forward_right,H_y26.0_x20.0_40.0,H_y26.0_x20.0_40.0,right,forward,forward_right,1
2116,34.500,24.500,0.500,0.000,H_y26.0_x20.0_40.0_forward_right,H_y26.0_x20.0_40.0,H_y26.0_x20.0_40.0,right,forward,forward_right,1
2117,35.000,24.500,0.500,0.000,H_y26.0_x20.0_40.0_forward_right,H_y26.0_x20.0_40.0,H_y26.0_x20.0_40.0,right,forward,forward_right,1
2118,35.500,24.500,0.500,0.000,H_y26.0_x20.0_40.0_forward_right,H_y26.0_x20.0_40.0,H_y26.0_x20.0_40.0,right,forward,forward_right,1
2119,36.000,24.500,0.500,0.000,H_y26.0_x20.0_40.0_forward_right,H_y26.0_x20.0_40.0,H_y26.0_x20.0_40.0,right,forward,forward_right,1
2120,36.500,24.500,0.500,0.000,H_y26.0_x20.0_40.0_forward_right,H_y26.0_x20.0_40.0,H_y26.0_x20.0_40.0,right,forward,forward_right,1
2121,37.000,24.500,0.500,0.000,H_y26.0_x20.0_40.0_forward_right,H_y26.0_x20.0_40.0,H_y26.0_x20.0_40.0,right,forward,forward_right,1
2122,37.500,24.500,0.500,0.000,H_y26.0_x20.0_40.0_forward_right,H_y26.0_x20.0_40.0,H_y26.0_x20.0_40.0,right,forward,forward_right,1
2123,38.000,24.500,0.500,0.000,H_y26.0_x20.0_40.0_forward_right,H_y26.0_x20.0_40.0,H_y26.0_x20.0_40.0,right,forward,forward_right,1
2124,38.500,24.500,0.500,0.000,H_y26.0_x20.0_40.0_forward_right,H_y26.0_x20.0_40.0,H_y26.0_x20.0_40.0,right,forward,forward_right,1
2125,39.000,24.500,0.500,0.000,H_y26.0_x20.0_40.0_forward_right,H_y26.0_x20.0_40.0,H_y26.0_x20.0_40.0,right,forward,forward_right,1
2126,39.500,24.500,0.500,0.000,H_y26.0_x20.0_40.0_forward_right,H_y26.0_x20.0_40.0,H_y26.0_x20.0_40.0,right,forward,forward_right,1
2127,40.000,24.500,0.500,0.000,H_y26.0_x20.0_40.0_forward_right,H_y26.0_x20.0_40.0,H_y26.0_x20.0_40.0,right,forward,forward_right,0
2128,40.000,27.500,0.500,180.000,H_y26.0_x20.0_40.0_reverse_right,H_y26.0_x20.0_40.0,H_y26.0_x20.0_40.0,right,reverse,reverse_right,1
2129,39.500,27.500,0.500,180.000,H_y26.0_x20.0_40.0_reverse_right,H_y26.0_x20.0_40.0,H_y26.0_x20.0_40.0,right,reverse,reverse_right,1
2130,39.000,27.500,0.500,180.000,H_y26.0_x20.0_40.0_reverse_right,H_y26.0_x20.0_40.0,H_y26.0_x20.0_40.0,right,reverse,reverse_right,1
2131,38.500,27.500,0.500,180.000,H_y26.0_x20.0_40.0_reverse_right,H_y26.0_x20.0_40.0,H_y26.0_x20.0_40.0,right,reverse,reverse_right,1
2132,38.000,27.500,0.500,180.000,H_y26.0_x20.0_40.0_reverse_right,H_y26.0_x20.0_40.0,H_y26.0_x20.0_40.0,right,reverse,reverse_right,1
2133,37.500,27.500,0.500,180.000,H_y26.0_x20.0_40.0_reverse_right,H_y26.0_x20.0_40.0,H_y26.0_x20.0_40.0,right,reverse,reverse_right,1
2134,37.000,27.500,0.500,180.000,H_y26.0_x20.0_40.0_reverse_right,H_y26.0_x20.0_40.0,H_y26.0_x20.0_40.0,right,reverse,reverse_right,1
2135,36.500,27.500,0.500,180.000,H_y26.0_x20.0_40.0_reverse_right,H_y26.0_x20.0_40.0,H_y26.0_x20.0_40.0,right,reverse,reverse_right,1
2136,36.000,27.500,0.500,180.000,H_y26.0_x20.0_40.0_reverse_right,H_y26.0_x20.0_40.0,H_y26.0_x20.0_40.0,right,reverse,reverse_right,1
2137,35.500,27.500,0.500,180.000,H_y26.0_x20.0_40.0_reverse_right,H_y26.0_x20.0_40.0,H_y26.0_x20.0_40.0,right,reverse,reverse_right,1
2138,35.000,27.500,0.500,180.000,H_y26.0_x20.0_40.0_reverse_right,H_y26.0_x20.0_40.0,H_y26.0_x20.0_40.0,right,reverse,reverse_right,1
2139,34.500,27.500,0.500,180.000,H_y26.0_x20.0_40.0_reverse_right,H_y26.0_x20.0_40.0,H_y26.0_x20.0_40.0,right,reverse,reverse_right,1
2140,34.000,27.500,0.500,180.000,H_y26.0_x20.0_40.0_reverse_right,H_y26.0_x20.0_40.0,H_y26.0_x20.0_40.0,right,reverse,reverse_right,1
2141,33.500,27.500,0.500,180.000,H_y26.0_x20.0_40.0_reverse_right,H_y26.0_x20.0_40.0,H_y26.0_x20.0_40.0,right,reverse,reverse_right,1
2142,33.000,27.500,0.500,180.000,H_y26.0_x20.0_40.0_reverse_right,H_y26.0_x20.0_40.0,H_y26.0_x20.0_40.0,right,reverse,reverse_right,1
2143,32.500,27.500,0.500,180.000,H_y26.0_x20.0_40.0_reverse_right,H_y26.0_x20.0_40.0,H_y26.0_x20.0_40.0,right,reverse,reverse_right,1
2144,32.000,27.500,0.500,180.000,H_y26.0_x20.0_40.0_reverse_right,H_y26.0_x20.0_40.0,H_y26.0_x20.0_40.0,right,reverse,reverse_right,1
2145,31.500,27.500,0.500,180.000,H_y26.0_x20.0_40.0_reverse_right,H_y26.0_x20.0_40.0,H_y26.0_x20.0_40.0,right,reverse,reverse_right,1
2146,31.000,27.500,0.500,180.000,H_y26.0_x20.0_40.0_reverse_right,H_y26.0_x20.0_40.0,H_y26.0_x20.0_40.0,right,reverse,reverse_right,1
2147,30.500,27.500,0.500,180.000,H_y26.0_x20.0_40.0_reverse_right,H_y26.0_x20.0_40.0,H_y26.0_x20.0_40.0,right,reverse,reverse_right,1
2148,30.000,27.500,0.500,180.000,H_y26.0_x20.0_40.0_reverse_right,H_y26.0_x20.0_40.0,H_y26.0_x20.0_40.0,right,reverse,reverse_right,1
2149,29.500,27.500,0.500,180.000,H_y26.0_x20.0_40.0_reverse_right,H_y26.0_x20.0_40.0,H_y26.0_x20.0_40.0,right,reverse,reverse_right,1
2150,29.000,27.500,0.500,180.000,H_y26.0_x20.0_40.0_reverse_right,H_y26.0_x20.0_40.0,H_y26.0_x20.0_40.0,right,reverse,reverse_right,1
2151,28.500,27.500,0.500,180.000,H_y26.0_x20.0_40.0_reverse_right,H_y26.0_x20.0_40.0,H_y26.0_x20.0_40.0,right,reverse,reverse_right,1
2152,28.000,27.500,0.500,180.000,H_y26.0_x20.0_40.0_reverse_right,H_y26.0_x20.0_40.0,H_y26.0_x20.0_40.0,right,reverse,reverse_right,1
2153,27.500,27.500,0.500,180.000,H_y26.0_x20.0_40.0_reverse_right,H_y26.0_x20.0_40.0,H_y26.0_x20.0_40.0,right,reverse,reverse_right,1
2154,27.000,27.500,0.500,180.000,H_y26.0_x20.0_40.0_reverse_right,H_y26.0_x20.0_40.0,H_y26.0_x20.0_40.0,right,reverse,reverse_right,1
2155,26.500,27.500,0.500,180.000,H_y26.0_x20.0_40.0_reverse_right,H_y26.0_x20.0_40.0,H_y26.0_x20.0_40.0,right,reverse,reverse_right,1
2156,26.000,27.500,0.500,180.000,H_y26.0_x20.0_40.0_reverse_right,H_y26.0_x20.0_40.0,H_y26.0_x20.0_40.0,right,reverse,reverse_right,1
2157,25.500,27.500,0.500,180.000,H_y26.0_x20.0_40.0_reverse_right,H_y26.0_x20.0_40.0,H_y26.0_x20.0_40.0,right,reverse,reverse_right,1
2158,25.000,27.500,0.500,180.000,H_y26.0_x20.0_40.0_reverse_right,H_y26.0_x20.0_40.0,H_y26.0_x20.0_40.0,right,reverse,reverse_right,1
2159,24.500,27.500,0.500,180.000,H_y26.0_x20.0_40.0_reverse_right,H_y26.0_x20.0_40.0,H_y26.0_x20.0_40.0,right,reverse,reverse_right,1
2160,24.000,27.500,0.500,180.000,H_y26.0_x20.0_40.0_reverse_right,H_y26.0_x20.0_40.0,H_y26.0_x20.0_40.0,right,reverse,reverse_right,1
2161,23.500,27.500,0.500,180.000,H_y26.0_x20.0_40.0_reverse_right,H_y26.0_x20.0_40.0,H_y26.0_x20.0_40.0,right,reverse,reverse_right,1
2162,23.000,27.500,0.500,180.000,H_y26.0_x20.0_40.0_reverse_right,H_y26.0_x20.0_40.0,H_y26.0_x20.0_40.0,right,reverse,reverse_right,1
2163,22.500,27.500,0.500,180.000,H_y26.0_x20.0_40.0_reverse_right,H_y26.0_x20.0_40.0,H_y26.0_x20.0_40.0,right,reverse,reverse_right,1
2164,22.000,27.500,0.500,180.000,H_y26.0_x20.0_40.0_reverse_right,H_y26.0_x20.0_40.0,H_y26.0_x20.0_40.0,right,reverse,reverse_right,1
2165,21.500,27.500,0.500,180.000,H_y26.0_x20.0_40.0_reverse_right,H_y26.0_x20.0_40.0,H_y26.0_x20.0_40.0,right,reverse,reverse_right,1
2166,21.000,27.500,0.500,180.000,H_y26.0_x20.0_40.0_reverse_right,H_y26.0_x20.0_40.0,H_y26.0_x20.0_40.0,right,reverse,reverse_right,1
2167,20.500,27.500,0.500,180.000,H_y26.0_x20.0_40.0_reverse_right,H_y26.0_x20.0_40.0,H_y26.0_x20.0_40.0,right,reverse,reverse_right,1
2168,20.000,27.500,0.500,180.000,H_y26.0_x20.0_40.0_reverse_right,H_y26.0_x20.0_40.0,H_y26.0_x20.0_40.0,right,reverse,reverse_right,0
2169,21.500,-3.000,0.500,90.000,V_x20.0_y-3.0_26.0_forward_right,V_x20.0_y-3.0_26.0,V_x20.0_y-3.0_26.0,right,forward,forward_right,1
2170,21.500,-2.500,0.500,90.000,V_x20.0_y-3.0_26.0_forward_right,V_x20.0_y-3.0_26.0,V_x20.0_y-3.0_26.0,right,forward,forward_right,1
2171,21.500,-2.000,0.500,90.000,V_x20.0_y-3.0_26.0_forward_right,V_x20.0_y-3.0_26.0,V_x20.0_y-3.0_26.0,right,forward,forward_right,1
2172,21.500,-1.500,0.500,90.000,V_x20.0_y-3.0_26.0_forward_right,V_x20.0_y-3.0_26.0,V_x20.0_y-3.0_26.0,right,forward,forward_right,1
2173,21.500,-1.000,0.500,90.000,V_x20.0_y-3.0_26.0_forward_right,V_x20.0_y-3.0_26.0,V_x20.0_y-3.0_26.0,right,forward,forward_right,1
2174,21.500,-0.500,0.500,90.000,V_x20.0_y-3.0_26.0_forward_right,V_x20.0_y-3.0_26.0,V_x20.0_y-3.0_26.0,right,forward,forward_right,1
2175,21.500,-0.000,0.500,90.000,V_x20.0_y-3.0_26.0_forward_right,V_x20.0_y-3.0_26.0,V_x20.0_y-3.0_26.0,right,forward,forward_right,1
2176,21.500,0.500,0.500,90.000,V_x20.0_y-3.0_26.0_forward_right,V_x20.0_y-3.0_26.0,V_x20.0_y-3.0_26.0,right,forward,forward_right,1
2177,21.500,1.000,0.500,90.000,V_x20.0_y-3.0_26.0_forward_right,V_x20.0_y-3.0_26.0,V_x20.0_y-3.0_26.0,right,forward,forward_right,1
2178,21.500,1.500,0.500,90.000,V_x20.0_y-3.0_26.0_forward_right,V_x20.0_y-3.0_26.0,V_x20.0_y-3.0_26.0,right,forward,forward_right,1
2179,21.500,2.000,0.500,90.000,V_x20.0_y-3.0_26.0_forward_right,V_x20.0_y-3.0_26.0,V_x20.0_y-3.0_26.0,right,forward,forward_right,1
2180,21.500,2.500,0.500,90.000,V_x20.0_y-3.0_26.0_forward_right,V_x20.0_y-3.0_26.0,V_x20.0_y-3.0_26.0,right,forward,forward_right,1
2181,21.500,3.000,0.500,90.000,V_x20.0_y-3.0_26.0_forward_right,V_x20.0_y-3.0_26.0,V_x20.0_y-3.0_26.0,right,forward,forward_right,1
2182,21.500,3.500,0.500,90.000,V_x20.0_y-3.0_26.0_forward_right,V_x20.0_y-3.0_26.0,V_x20.0_y-3.0_26.0,right,forward,forward_right,1
2183,21.500,4.000,0.500,90.000,V_x20.0_y-3.0_26.0_forward_right,V_x20.0_y-3.0_26.0,V_x20.0_y-3.0_26.0,right,forward,forward_right,1
2184,21.500,4.500,0.500,90.000,V_x20.0_y-3.0_26.0_forward_right,V_x20.0_y-3.0_26.0,V_x20.0_y-3.0_26.0,right,forward,forward_right,1
2185,21.500,5.000,0.500,90.000,V_x20.0_y-3.0_26.0_forward_right,V_x20.0_y-3.0_26.0,V_x20.0_y-3.0_26.0,right,forward,forward_right,1
2186,21.500,5.500,0.500,90.000,V_x20.0_y-3.0_26.0_forward_right,V_x20.0_y-3.0_26.0,V_x20.0_y-3.0_26.0,right,forward,forward_right,1
2187,21.500,6.000,0.500,90.000,V_x20.0_y-3.0_26.0_forward_right,V_x20.0_y-3.0_26.0,V_x20.0_y-3.0_26.0,right,forward,forward_right,1
2188,21.500,6.500,0.500,90.000,V_x20.0_y-3.0_26.0_forward_right,V_x20.0_y-3.0_26.0,V_x20.0_y-3.0_26.0,right,forward,forward_right,1
2189,21.500,7.000,0.500,90.000,V_x20.0_y-3.0_26.0_forward_right,V_x20.0_y-3.0_26.0,V_x20.0_y-3.0_26.0,right,forward,forward_right,1
2190,21.500,7.500,0.500,90.000,V_x20.0_y-3.0_26.0_forward_right,V_x20.0_y-3.0_26.0,V_x20.0_y-3.0_26.0,right,forward,forward_right,1
2191,21.500,8.000,0.500,90.000,V_x20.0_y-3.0_26.0_forward_right,V_x20.0_y-3.0_26.0,V_x20.0_y-3.0_26.0,right,forward,forward_right,1
2192,21.500,8.500,0.500,90.000,V_x20.0_y-3.0_26.0_forward_right,V_x20.0_y-3.0_26.0,V_x20.0_y-3.0_26.0,right,forward,forward_right,1
2193,21.500,9.000,0.500,90.000,V_x20.0_y-3.0_26.0_forward_right,V_x20.0_y-3.0_26.0,V_x20.0_y-3.0_26.0,right,forward,forward_right,1
2194,21.500,9.500,0.500,90.000,V_x20.0_y-3.0_26.0_forward_right,V_x20.0_y-3.0_26.0,V_x20.0_y-3.0_26.0,right,forward,forward_right,1
2195,21.500,10.000,0.500,90.000,V_x20.0_y-3.0_26.0_forward_right,V_x20.0_y-3.0_26.0,V_x20.0_y-3.0_26.0,right,forward,forward_right,1
2196,21.500,10.500,0.500,90.000,V_x20.0_y-3.0_26.0_forward_right,V_x20.0_y-3.0_26.0,V_x20.0_y-3.0_26.0,right,forward,forward_right,1
2197,21.500,11.000,0.500,90.000,V_x20.0_y-3.0_26.0_forward_right,V_x20.0_y-3.0_26.0,V_x20.0_y-3.0_26.0,right,forward,forward_right,1
2198,21.500,11.500,0.500,90.000,V_x20.0_y-3.0_26.0_forward_right,V_x20.0_y-3.0_26.0,V_x20.0_y-3.0_26.0,right,forward,forward_right,1
2199,21.500,12.000,0.500,90.000,V_x20.0_y-3.0_26.0_forward_right,V_x20.0_y-3.0_26.0,V_x20.0_y-3.0_26.0,right,forward,forward_right,1
2200,21.500,12.500,0.500,90.000,V_x20.0_y-3.0_26.0_forward_right,V_x20.0_y-3.0_26.0,V_x20.0_y-3.0_26.0,right,forward,forward_right,1
2201,21.500,13.000,0.500,90.000,V_x20.0_y-3.0_26.0_forward_right,V_x20.0_y-3.0_26.0,V_x20.0_y-3.0_26.0,right,forward,forward_right,1
2202,21.500,13.500,0.500,90.000,V_x20.0_y-3.0_26.0_forward_right,V_x20.0_y-3.0_26.0,V_x20.0_y-3.0_26.0,right,forward,forward_right,1
2203,21.500,14.000,0.500,90.000,V_x20.0_y-3.0_26.0_forward_right,V_x20.0_y-3.0_26.0,V_x20.0_y-3.0_26.0,right,forward,forward_right,1
2204,21.500,14.500,0.500,90.000,V_x20.0_y-3.0_26.0_forward_right,V_x20.0_y-3.0_26.0,V_x20.0_y-3.0_26.0,right,forward,forward_right,1
2205,21.500,15.000,0.500,90.000,V_x20.0_y-3.0_26.0_forward_right,V_x20.0_y-3.0_26.0,V_x20.0_y-3.0_26.0,right,forward,forward_right,1
2206,21.500,15.500,0.500,90.000,V_x20.0_y-3.0_26.0_forward_right,V_x20.0_y-3.0_26.0,V_x20.0_y-3.0_26.0,right,forward,forward_right,1
2207,21.500,16.000,0.500,90.000,V_x20.0_y-3.0_26.0_forward_right,V_x20.0_y-3.0_26.0,V_x20.0_y-3.0_26.0,right,forward,forward_right,1
2208,21.500,16.500,0.500,90.000,V_x20.0_y-3.0_26.0_forward_right,V_x20.0_y-3.0_26.0,V_x20.0_y-3.0_26.0,right,forward,forward_right,1
2209,21.500,17.000,0.500,90.000,V_x20.0_y-3.0_26.0_forward_right,V_x20.0_y-3.0_26.0,V_x20.0_y-3.0_26.0,right,forward,forward_right,1
2210,21.500,17.500,0.500,90.000,V_x20.0_y-3.0_26.0_forward_right,V_x20.0_y-3.0_26.0,V_x20.0_y-3.0_26.0,right,forward,forward_right,1
2211,21.500,18.000,0.500,90.000,V_x20.0_y-3.0_26.0_forward_right,V_x20.0_y-3.0_26.0,V_x20.0_y-3.0_26.0,right,forward,forward_right,1
2212,21.500,18.500,0.500,90.000,V_x20.0_y-3.0_26.0_forward_right,V_x20.0_y-3.0_26.0,V_x20.0_y-3.0_26.0,right,forward,forward_right,1
2213,21.500,19.000,0.500,90.000,V_x20.0_y-3.0_26.0_forward_right,V_x20.0_y-3.0_26.0,V_x20.0_y-3.0_26.0,right,forward,forward_right,1
2214,21.500,19.500,0.500,90.000,V_x20.0_y-3.0_26.0_forward_right,V_x20.0_y-3.0_26.0,V_x20.0_y-3.0_26.0,right,forward,forward_right,1
2215,21.500,20.000,0.500,90.000,V_x20.0_y-3.0_26.0_forward_right,V_x20.0_y-3.0_26.0,V_x20.0_y-3.0_26.0,right,forward,forward_right,1
2216,21.500,20.500,0.500,90.000,V_x20.0_y-3.0_26.0_forward_right,V_x20.0_y-3.0_26.0,V_x20.0_y-3.0_26.0,right,forward,forward_right,1
2217,21.500,21.000,0.500,90.000,V_x20.0_y-3.0_26.0_forward_right,V_x20.0_y-3.0_26.0,V_x20.0_y-3.0_26.0,right,forward,forward_right,1
2218,21.500,21.500,0.500,90.000,V_x20.0_y-3.0_26.0_forward_right,V_x20.0_y-3.0_26.0,V_x20.0_y-3.0_26.0,right,forward,forward_right,1
2219,21.500,22.000,0.500,90.000,V_x20.0_y-3.0_26.0_forward_right,V_x20.0_y-3.0_26.0,V_x20.0_y-3.0_26.0,right,forward,forward_right,1
2220,21.500,22.500,0.500,90.000,V_x20.0_y-3.0_26.0_forward_right,V_x20.0_y-3.0_26.0,V_x20.0_y-3.0_26.0,right,forward,forward_right,1
2221,21.500,23.000,0.500,90.000,V_x20.0_y-3.0_26.0_forward_right,V_x20.0_y-3.0_26.0,V_x20.0_y-3.0_26.0,right,forward,forward_right,1
2222,21.500,23.500,0.500,90.000,V_x20.0_y-3.0_26.0_forward_right,V_x20.0_y-3.0_26.0,V_x20.0_y-3.0_26.0,right,forward,forward_right,1
2223,21.500,24.000,0.500,90.000,V_x20.0_y-3.0_26.0_forward_right,V_x20.0_y-3.0_26.0,V_x20.0_y-3.0_26.0,right,forward,forward_right,1
2224,21.500,24.500,0.500,90.000,V_x20.0_y-3.0_26.0_forward_right,V_x20.0_y-3.0_26.0,V_x20.0_y-3.0_26.0,right,forward,forward_right,1
2225,21.500,25.000,0.500,90.000,V_x20.0_y-3.0_26.0_forward_right,V_x20.0_y-3.0_26.0,V_x20.0_y-3.0_26.0,right,forward,forward_right,1
2226,21.500,25.500,0.500,90.000,V_x20.0_y-3.0_26.0_forward_right,V_x20.0_y-3.0_26.0,V_x20.0_y-3.0_26.0,right,forward,forward_right,1
2227,21.500,26.000,0.500,90.000,V_x20.0_y-3.0_26.0_forward_right,V_x20.0_y-3.0_26.0,V_x20.0_y-3.0_26.0,right,forward,forward_right,0
2228,18.500,26.000,0.500,-90.000,V_x20.0_y-3.0_26.0_reverse_right,V_x20.0_y-3.0_26.0,V_x20.0_y-3.0_26.0,right,reverse,reverse_right,1
2229,18.500,25.500,0.500,-90.000,V_x20.0_y-3.0_26.0_reverse_right,V_x20.0_y-3.0_26.0,V_x20.0_y-3.0_26.0,right,reverse,reverse_right,1
2230,18.500,25.000,0.500,-90.000,V_x20.0_y-3.0_26.0_reverse_right,V_x20.0_y-3.0_26.0,V_x20.0_y-3.0_26.0,right,reverse,reverse_right,1
2231,18.500,24.500,0.500,-90.000,V_x20.0_y-3.0_26.0_reverse_right,V_x20.0_y-3.0_26.0,V_x20.0_y-3.0_26.0,right,reverse,reverse_right,1
2232,18.500,24.000,0.500,-90.000,V_x20.0_y-3.0_26.0_reverse_right,V_x20.0_y-3.0_26.0,V_x20.0_y-3.0_26.0,right,reverse,reverse_right,1
2233,18.500,23.500,0.500,-90.000,V_x20.0_y-3.0_26.0_reverse_right,V_x20.0_y-3.0_26.0,V_x20.0_y-3.0_26.0,right,reverse,reverse_right,1
2234,18.500,23.000,0.500,-90.000,V_x20.0_y-3.0_26.0_reverse_right,V_x20.0_y-3.0_26.0,V_x20.0_y-3.0_26.0,right,reverse,reverse_right,1
2235,18.500,22.500,0.500,-90.000,V_x20.0_y-3.0_26.0_reverse_right,V_x20.0_y-3.0_26.0,V_x20.0_y-3.0_26.0,right,reverse,reverse_right,1
2236,18.500,22.000,0.500,-90.000,V_x20.0_y-3.0_26.0_reverse_right,V_x20.0_y-3.0_26.0,V_x20.0_y-3.0_26.0,right,reverse,reverse_right,1
2237,18.500,21.500,0.500,-90.000,V_x20.0_y-3.0_26.0_reverse_right,V_x20.0_y-3.0_26.0,V_x20.0_y-3.0_26.0,right,reverse,reverse_right,1
2238,18.500,21.000,0.500,-90.000,V_x20.0_y-3.0_26.0_reverse_right,V_x20.0_y-3.0_26.0,V_x20.0_y-3.0_26.0,right,reverse,reverse_right,1
2239,18.500,20.500,0.500,-90.000,V_x20.0_y-3.0_26.0_reverse_right,V_x20.0_y-3.0_26.0,V_x20.0_y-3.0_26.0,right,reverse,reverse_right,1
2240,18.500,20.000,0.500,-90.000,V_x20.0_y-3.0_26.0_reverse_right,V_x20.0_y-3.0_26.0,V_x20.0_y-3.0_26.0,right,reverse,reverse_right,1
2241,18.500,19.500,0.500,-90.000,V_x20.0_y-3.0_26.0_reverse_right,V_x20.0_y-3.0_26.0,V_x20.0_y-3.0_26.0,right,reverse,reverse_right,1
2242,18.500,19.000,0.500,-90.000,V_x20.0_y-3.0_26.0_reverse_right,V_x20.0_y-3.0_26.0,V_x20.0_y-3.0_26.0,right,reverse,reverse_right,1
2243,18.500,18.500,0.500,-90.000,V_x20.0_y-3.0_26.0_reverse_right,V_x20.0_y-3.0_26.0,V_x20.0_y-3.0_26.0,right,reverse,reverse_right,1
2244,18.500,18.000,0.500,-90.000,V_x20.0_y-3.0_26.0_reverse_right,V_x20.0_y-3.0_26.0,V_x20.0_y-3.0_26.0,right,reverse,reverse_right,1
2245,18.500,17.500,0.500,-90.000,V_x20.0_y-3.0_26.0_reverse_right,V_x20.0_y-3.0_26.0,V_x20.0_y-3.0_26.0,right,reverse,reverse_right,1
2246,18.500,17.000,0.500,-90.000,V_x20.0_y-3.0_26.0_reverse_right,V_x20.0_y-3.0_26.0,V_x20.0_y-3.0_26.0,right,reverse,reverse_right,1
2247,18.500,16.500,0.500,-90.000,V_x20.0_y-3.0_26.0_reverse_right,V_x20.0_y-3.0_26.0,V_x20.0_y-3.0_26.0,right,reverse,reverse_right,1
2248,18.500,16.000,0.500,-90.000,V_x20.0_y-3.0_26.0_reverse_right,V_x20.0_y-3.0_26.0,V_x20.0_y-3.0_26.0,right,reverse,reverse_right,1
2249,18.500,15.500,0.500,-90.000,V_x20.0_y-3.0_26.0_reverse_right,V_x20.0_y-3.0_26.0,V_x20.0_y-3.0_26.0,right,reverse,reverse_right,1
2250,18.500,15.000,0.500,-90.000,V_x20.0_y-3.0_26.0_reverse_right,V_x20.0_y-3.0_26.0,V_x20.0_y-3.0_26.0,right,reverse,reverse_right,1
2251,18.500,14.500,0.500,-90.000,V_x20.0_y-3.0_26.0_reverse_right,V_x20.0_y-3.0_26.0,V_x20.0_y-3.0_26.0,right,reverse,reverse_right,1
2252,18.500,14.000,0.500,-90.000,V_x20.0_y-3.0_26.0_reverse_right,V_x20.0_y-3.0_26.0,V_x20.0_y-3.0_26.0,right,reverse,reverse_right,1
2253,18.500,13.500,0.500,-90.000,V_x20.0_y-3.0_26.0_reverse_right,V_x20.0_y-3.0_26.0,V_x20.0_y-3.0_26.0,right,reverse,reverse_right,1
2254,18.500,13.000,0.500,-90.000,V_x20.0_y-3.0_26.0_reverse_right,V_x20.0_y-3.0_26.0,V_x20.0_y-3.0_26.0,right,reverse,reverse_right,1
2255,18.500,12.500,0.500,-90.000,V_x20.0_y-3.0_26.0_reverse_right,V_x20.0_y-3.0_26.0,V_x20.0_y-3.0_26.0,right,reverse,reverse_right,1
2256,18.500,12.000,0.500,-90.000,V_x20.0_y-3.0_26.0_reverse_right,V_x20.0_y-3.0_26.0,V_x20.0_y-3.0_26.0,right,reverse,reverse_right,1
2257,18.500,11.500,0.500,-90.000,V_x20.0_y-3.0_26.0_reverse_right,V_x20.0_y-3.0_26.0,V_x20.0_y-3.0_26.0,right,reverse,reverse_right,1
2258,18.500,11.000,0.500,-90.000,V_x20.0_y-3.0_26.0_reverse_right,V_x20.0_y-3.0_26.0,V_x20.0_y-3.0_26.0,right,reverse,reverse_right,1
2259,18.500,10.500,0.500,-90.000,V_x20.0_y-3.0_26.0_reverse_right,V_x20.0_y-3.0_26.0,V_x20.0_y-3.0_26.0,right,reverse,reverse_right,1
2260,18.500,10.000,0.500,-90.000,V_x20.0_y-3.0_26.0_reverse_right,V_x20.0_y-3.0_26.0,V_x20.0_y-3.0_26.0,right,reverse,reverse_right,1
2261,18.500,9.500,0.500,-90.000,V_x20.0_y-3.0_26.0_reverse_right,V_x20.0_y-3.0_26.0,V_x20.0_y-3.0_26.0,right,reverse,reverse_right,1
2262,18.500,9.000,0.500,-90.000,V_x20.0_y-3.0_26.0_reverse_right,V_x20.0_y-3.0_26.0,V_x20.0_y-3.0_26.0,right,reverse,reverse_right,1
2263,18.500,8.500,0.500,-90.000,V_x20.0_y-3.0_26.0_reverse_right,V_x20.0_y-3.0_26.0,V_x20.0_y-3.0_26.0,right,reverse,reverse_right,1
2264,18.500,8.000,0.500,-90.000,V_x20.0_y-3.0_26.0_reverse_right,V_x20.0_y-3.0_26.0,V_x20.0_y-3.0_26.0,right,reverse,reverse_right,1
2265,18.500,7.500,0.500,-90.000,V_x20.0_y-3.0_26.0_reverse_right,V_x20.0_y-3.0_26.0,V_x20.0_y-3.0_26.0,right,reverse,reverse_right,1
2266,18.500,7.000,0.500,-90.000,V_x20.0_y-3.0_26.0_reverse_right,V_x20.0_y-3.0_26.0,V_x20.0_y-3.0_26.0,right,reverse,reverse_right,1
2267,18.500,6.500,0.500,-90.000,V_x20.0_y-3.0_26.0_reverse_right,V_x20.0_y-3.0_26.0,V_x20.0_y-3.0_26.0,right,reverse,reverse_right,1
2268,18.500,6.000,0.500,-90.000,V_x20.0_y-3.0_26.0_reverse_right,V_x20.0_y-3.0_26.0,V_x20.0_y-3.0_26.0,right,reverse,reverse_right,1
2269,18.500,5.500,0.500,-90.000,V_x20.0_y-3.0_26.0_reverse_right,V_x20.0_y-3.0_26.0,V_x20.0_y-3.0_26.0,right,reverse,reverse_right,1
2270,18.500,5.000,0.500,-90.000,V_x20.0_y-3.0_26.0_reverse_right,V_x20.0_y-3.0_26.0,V_x20.0_y-3.0_26.0,right,reverse,reverse_right,1
2271,18.500,4.500,0.500,-90.000,V_x20.0_y-3.0_26.0_reverse_right,V_x20.0_y-3.0_26.0,V_x20.0_y-3.0_26.0,right,reverse,reverse_right,1
2272,18.500,4.000,0.500,-90.000,V_x20.0_y-3.0_26.0_reverse_right,V_x20.0_y-3.0_26.0,V_x20.0_y-3.0_26.0,right,reverse,reverse_right,1
2273,18.500,3.500,0.500,-90.000,V_x20.0_y-3.0_26.0_reverse_right,V_x20.0_y-3.0_26.0,V_x20.0_y-3.0_26.0,right,reverse,reverse_right,1
2274,18.500,3.000,0.500,-90.000,V_x20.0_y-3.0_26.0_reverse_right,V_x20.0_y-3.0_26.0,V_x20.0_y-3.0_26.0,right,reverse,reverse_right,1
2275,18.500,2.500,0.500,-90.000,V_x20.0_y-3.0_26.0_reverse_right,V_x20.0_y-3.0_26.0,V_x20.0_y-3.0_26.0,right,reverse,reverse_right,1
2276,18.500,2.000,0.500,-90.000,V_x20.0_y-3.0_26.0_reverse_right,V_x20.0_y-3.0_26.0,V_x20.0_y-3.0_26.0,right,reverse,reverse_right,1
2277,18.500,1.500,0.500,-90.000,V_x20.0_y-3.0_26.0_reverse_right,V_x20.0_y-3.0_26.0,V_x20.0_y-3.0_26.0,right,reverse,reverse_right,1
2278,18.500,1.000,0.500,-90.000,V_x20.0_y-3.0_26.0_reverse_right,V_x20.0_y-3.0_26.0,V_x20.0_y-3.0_26.0,right,reverse,reverse_right,1
2279,18.500,0.500,0.500,-90.000,V_x20.0_y-3.0_26.0_reverse_right,V_x20.0_y-3.0_26.0,V_x20.0_y-3.0_26.0,right,reverse,reverse_right,1
2280,18.500,-0.000,0.500,-90.000,V_x20.0_y-3.0_26.0_reverse_right,V_x20.0_y-3.0_26.0,V_x20.0_y-3.0_26.0,right,reverse,reverse_right,1
2281,18.500,-0.500,0.500,-90.000,V_x20.0_y-3.0_26.0_reverse_right,V_x20.0_y-3.0_26.0,V_x20.0_y-3.0_26.0,right,reverse,reverse_right,1
2282,18.500,-1.000,0.500,-90.000,V_x20.0_y-3.0_26.0_reverse_right,V_x20.0_y-3.0_26.0,V_x20.0_y-3.0_26.0,right,reverse,reverse_right,1
2283,18.500,-1.500,0.500,-90.000,V_x20.0_y-3.0_26.0_reverse_right,V_x20.0_y-3.0_26.0,V_x20.0_y-3.0_26.0,right,reverse,reverse_right,1
2284,18.500,-2.000,0.500,-90.000,V_x20.0_y-3.0_26.0_reverse_right,V_x20.0_y-3.0_26.0,V_x20.0_y-3.0_26.0,right,reverse,reverse_right,1
2285,18.500,-2.500,0.500,-90.000,V_x20.0_y-3.0_26.0_reverse_right,V_x20.0_y-3.0_26.0,V_x20.0_y-3.0_26.0,right,reverse,reverse_right,1
2286,18.500,-3.000,0.500,-90.000,V_x20.0_y-3.0_26.0_reverse_right,V_x20.0_y-3.0_26.0,V_x20.0_y-3.0_26.0,right,reverse,reverse_right,0
2287,20.000,-4.500,0.500,0.000,H_y-3.0_x20.0_40.0_forward_right,H_y-3.0_x20.0_40.0,H_y-3.0_x20.0_40.0,right,forward,forward_right,1
2288,20.500,-4.500,0.500,0.000,H_y-3.0_x20.0_40.0_forward_right,H_y-3.0_x20.0_40.0,H_y-3.0_x20.0_40.0,right,forward,forward_right,1
2289,21.000,-4.500,0.500,0.000,H_y-3.0_x20.0_40.0_forward_right,H_y-3.0_x20.0_40.0,H_y-3.0_x20.0_40.0,right,forward,forward_right,1
2290,21.500,-4.500,0.500,0.000,H_y-3.0_x20.0_40.0_forward_right,H_y-3.0_x20.0_40.0,H_y-3.0_x20.0_40.0,right,forward,forward_right,1
2291,22.000,-4.500,0.500,0.000,H_y-3.0_x20.0_40.0_forward_right,H_y-3.0_x20.0_40.0,H_y-3.0_x20.0_40.0,right,forward,forward_right,1
2292,22.500,-4.500,0.500,0.000,H_y-3.0_x20.0_40.0_forward_right,H_y-3.0_x20.0_40.0,H_y-3.0_x20.0_40.0,right,forward,forward_right,1
2293,23.000,-4.500,0.500,0.000,H_y-3.0_x20.0_40.0_forward_right,H_y-3.0_x20.0_40.0,H_y-3.0_x20.0_40.0,right,forward,forward_right,1
2294,23.500,-4.500,0.500,0.000,H_y-3.0_x20.0_40.0_forward_right,H_y-3.0_x20.0_40.0,H_y-3.0_x20.0_40.0,right,forward,forward_right,1
2295,24.000,-4.500,0.500,0.000,H_y-3.0_x20.0_40.0_forward_right,H_y-3.0_x20.0_40.0,H_y-3.0_x20.0_40.0,right,forward,forward_right,1
2296,24.500,-4.500,0.500,0.000,H_y-3.0_x20.0_40.0_forward_right,H_y-3.0_x20.0_40.0,H_y-3.0_x20.0_40.0,right,forward,forward_right,1
2297,25.000,-4.500,0.500,0.000,H_y-3.0_x20.0_40.0_forward_right,H_y-3.0_x20.0_40.0,H_y-3.0_x20.0_40.0,right,forward,forward_right,1
2298,25.500,-4.500,0.500,0.000,H_y-3.0_x20.0_40.0_forward_right,H_y-3.0_x20.0_40.0,H_y-3.0_x20.0_40.0,right,forward,forward_right,1
2299,26.000,-4.500,0.500,0.000,H_y-3.0_x20.0_40.0_forward_right,H_y-3.0_x20.0_40.0,H_y-3.0_x20.0_40.0,right,forward,forward_right,1
2300,26.500,-4.500,0.500,0.000,H_y-3.0_x20.0_40.0_forward_right,H_y-3.0_x20.0_40.0,H_y-3.0_x20.0_40.0,right,forward,forward_right,1
2301,27.000,-4.500,0.500,0.000,H_y-3.0_x20.0_40.0_forward_right,H_y-3.0_x20.0_40.0,H_y-3.0_x20.0_40.0,right,forward,forward_right,1
2302,27.500,-4.500,0.500,0.000,H_y-3.0_x20.0_40.0_forward_right,H_y-3.0_x20.0_40.0,H_y-3.0_x20.0_40.0,right,forward,forward_right,1
2303,28.000,-4.500,0.500,0.000,H_y-3.0_x20.0_40.0_forward_right,H_y-3.0_x20.0_40.0,H_y-3.0_x20.0_40.0,right,forward,forward_right,1
2304,28.500,-4.500,0.500,0.000,H_y-3.0_x20.0_40.0_forward_right,H_y-3.0_x20.0_40.0,H_y-3.0_x20.0_40.0,right,forward,forward_right,1
2305,29.000,-4.500,0.500,0.000,H_y-3.0_x20.0_40.0_forward_right,H_y-3.0_x20.0_40.0,H_y-3.0_x20.0_40.0,right,forward,forward_right,1
2306,29.500,-4.500,0.500,0.000,H_y-3.0_x20.0_40.0_forward_right,H_y-3.0_x20.0_40.0,H_y-3.0_x20.0_40.0,right,forward,forward_right,1
2307,30.000,-4.500,0.500,0.000,H_y-3.0_x20.0_40.0_forward_right,H_y-3.0_x20.0_40.0,H_y-3.0_x20.0_40.0,right,forward,forward_right,1
2308,30.500,-4.500,0.500,0.000,H_y-3.0_x20.0_40.0_forward_right,H_y-3.0_x20.0_40.0,H_y-3.0_x20.0_40.0,right,forward,forward_right,1
2309,31.000,-4.500,0.500,0.000,H_y-3.0_x20.0_40.0_forward_right,H_y-3.0_x20.0_40.0,H_y-3.0_x20.0_40.0,right,forward,forward_right,1
2310,31.500,-4.500,0.500,0.000,H_y-3.0_x20.0_40.0_forward_right,H_y-3.0_x20.0_40.0,H_y-3.0_x20.0_40.0,right,forward,forward_right,1
2311,32.000,-4.500,0.500,0.000,H_y-3.0_x20.0_40.0_forward_right,H_y-3.0_x20.0_40.0,H_y-3.0_x20.0_40.0,right,forward,forward_right,1
2312,32.500,-4.500,0.500,0.000,H_y-3.0_x20.0_40.0_forward_right,H_y-3.0_x20.0_40.0,H_y-3.0_x20.0_40.0,right,forward,forward_right,1
2313,33.000,-4.500,0.500,0.000,H_y-3.0_x20.0_40.0_forward_right,H_y-3.0_x20.0_40.0,H_y-3.0_x20.0_40.0,right,forward,forward_right,1
2314,33.500,-4.500,0.500,0.000,H_y-3.0_x20.0_40.0_forward_right,H_y-3.0_x20.0_40.0,H_y-3.0_x20.0_40.0,right,forward,forward_right,1
2315,34.000,-4.500,0.500,0.000,H_y-3.0_x20.0_40.0_forward_right,H_y-3.0_x20.0_40.0,H_y-3.0_x20.0_40.0,right,forward,forward_right,1
2316,34.500,-4.500,0.500,0.000,H_y-3.0_x20.0_40.0_forward_right,H_y-3.0_x20.0_40.0,H_y-3.0_x20.0_40.0,right,forward,forward_right,1
2317,35.000,-4.500,0.500,0.000,H_y-3.0_x20.0_40.0_forward_right,H_y-3.0_x20.0_40.0,H_y-3.0_x20.0_40.0,right,forward,forward_right,1
2318,35.500,-4.500,0.500,0.000,H_y-3.0_x20.0_40.0_forward_right,H_y-3.0_x20.0_40.0,H_y-3.0_x20.0_40.0,right,forward,forward_right,1
2319,36.000,-4.500,0.500,0.000,H_y-3.0_x20.0_40.0_forward_right,H_y-3.0_x20.0_40.0,H_y-3.0_x20.0_40.0,right,forward,forward_right,1
2320,36.500,-4.500,0.500,0.000,H_y-3.0_x20.0_40.0_forward_right,H_y-3.0_x20.0_40.0,H_y-3.0_x20.0_40.0,right,forward,forward_right,1
2321,37.000,-4.500,0.500,0.000,H_y-3.0_x20.0_40.0_forward_right,H_y-3.0_x20.0_40.0,H_y-3.0_x20.0_40.0,right,forward,forward_right,1
2322,37.500,-4.500,0.500,0.000,H_y-3.0_x20.0_40.0_forward_right,H_y-3.0_x20.0_40.0,H_y-3.0_x20.0_40.0,right,forward,forward_right,1
2323,38.000,-4.500,0.500,0.000,H_y-3.0_x20.0_40.0_forward_right,H_y-3.0_x20.0_40.0,H_y-3.0_x20.0_40.0,right,forward,forward_right,1
2324,38.500,-4.500,0.500,0.000,H_y-3.0_x20.0_40.0_forward_right,H_y-3.0_x20.0_40.0,H_y-3.0_x20.0_40.0,right,forward,forward_right,1
2325,39.000,-4.500,0.500,0.000,H_y-3.0_x20.0_40.0_forward_right,H_y-3.0_x20.0_40.0,H_y-3.0_x20.0_40.0,right,forward,forward_right,1
2326,39.500,-4.500,0.500,0.000,H_y-3.0_x20.0_40.0_forward_right,H_y-3.0_x20.0_40.0,H_y-3.0_x20.0_40.0,right,forward,forward_right,1
2327,40.000,-4.500,0.500,0.000,H_y-3.0_x20.0_40.0_forward_right,H_y-3.0_x20.0_40.0,H_y-3.0_x20.0_40.0,right,forward,forward_right,0
2328,40.000,-1.500,0.500,180.000,H_y-3.0_x20.0_40.0_reverse_right,H_y-3.0_x20.0_40.0,H_y-3.0_x20.0_40.0,right,reverse,reverse_right,1
2329,39.500,-1.500,0.500,180.000,H_y-3.0_x20.0_40.0_reverse_right,H_y-3.0_x20.0_40.0,H_y-3.0_x20.0_40.0,right,reverse,reverse_right,1
2330,39.000,-1.500,0.500,180.000,H_y-3.0_x20.0_40.0_reverse_right,H_y-3.0_x20.0_40.0,H_y-3.0_x20.0_40.0,right,reverse,reverse_right,1
2331,38.500,-1.500,0.500,180.000,H_y-3.0_x20.0_40.0_reverse_right,H_y-3.0_x20.0_40.0,H_y-3.0_x20.0_40.0,right,reverse,reverse_right,1
2332,38.000,-1.500,0.500,180.000,H_y-3.0_x20.0_40.0_reverse_right,H_y-3.0_x20.0_40.0,H_y-3.0_x20.0_40.0,right,reverse,reverse_right,1
2333,37.500,-1.500,0.500,180.000,H_y-3.0_x20.0_40.0_reverse_right,H_y-3.0_x20.0_40.0,H_y-3.0_x20.0_40.0,right,reverse,reverse_right,1
2334,37.000,-1.500,0.500,180.000,H_y-3.0_x20.0_40.0_reverse_right,H_y-3.0_x20.0_40.0,H_y-3.0_x20.0_40.0,right,reverse,reverse_right,1
2335,36.500,-1.500,0.500,180.000,H_y-3.0_x20.0_40.0_reverse_right,H_y-3.0_x20.0_40.0,H_y-3.0_x20.0_40.0,right,reverse,reverse_right,1
2336,36.000,-1.500,0.500,180.000,H_y-3.0_x20.0_40.0_reverse_right,H_y-3.0_x20.0_40.0,H_y-3.0_x20.0_40.0,right,reverse,reverse_right,1
2337,35.500,-1.500,0.500,180.000,H_y-3.0_x20.0_40.0_reverse_right,H_y-3.0_x20.0_40.0,H_y-3.0_x20.0_40.0,right,reverse,reverse_right,1
2338,35.000,-1.500,0.500,180.000,H_y-3.0_x20.0_40.0_reverse_right,H_y-3.0_x20.0_40.0,H_y-3.0_x20.0_40.0,right,reverse,reverse_right,1
2339,34.500,-1.500,0.500,180.000,H_y-3.0_x20.0_40.0_reverse_right,H_y-3.0_x20.0_40.0,H_y-3.0_x20.0_40.0,right,reverse,reverse_right,1
2340,34.000,-1.500,0.500,180.000,H_y-3.0_x20.0_40.0_reverse_right,H_y-3.0_x20.0_40.0,H_y-3.0_x20.0_40.0,right,reverse,reverse_right,1
2341,33.500,-1.500,0.500,180.000,H_y-3.0_x20.0_40.0_reverse_right,H_y-3.0_x20.0_40.0,H_y-3.0_x20.0_40.0,right,reverse,reverse_right,1
2342,33.000,-1.500,0.500,180.000,H_y-3.0_x20.0_40.0_reverse_right,H_y-3.0_x20.0_40.0,H_y-3.0_x20.0_40.0,right,reverse,reverse_right,1
2343,32.500,-1.500,0.500,180.000,H_y-3.0_x20.0_40.0_reverse_right,H_y-3.0_x20.0_40.0,H_y-3.0_x20.0_40.0,right,reverse,reverse_right,1
2344,32.000,-1.500,0.500,180.000,H_y-3.0_x20.0_40.0_reverse_right,H_y-3.0_x20.0_40.0,H_y-3.0_x20.0_40.0,right,reverse,reverse_right,1
2345,31.500,-1.500,0.500,180.000,H_y-3.0_x20.0_40.0_reverse_right,H_y-3.0_x20.0_40.0,H_y-3.0_x20.0_40.0,right,reverse,reverse_right,1
2346,31.000,-1.500,0.500,180.000,H_y-3.0_x20.0_40.0_reverse_right,H_y-3.0_x20.0_40.0,H_y-3.0_x20.0_40.0,right,reverse,reverse_right,1
2347,30.500,-1.500,0.500,180.000,H_y-3.0_x20.0_40.0_reverse_right,H_y-3.0_x20.0_40.0,H_y-3.0_x20.0_40.0,right,reverse,reverse_right,1
2348,30.000,-1.500,0.500,180.000,H_y-3.0_x20.0_40.0_reverse_right,H_y-3.0_x20.0_40.0,H_y-3.0_x20.0_40.0,right,reverse,reverse_right,1
2349,29.500,-1.500,0.500,180.000,H_y-3.0_x20.0_40.0_reverse_right,H_y-3.0_x20.0_40.0,H_y-3.0_x20.0_40.0,right,reverse,reverse_right,1
2350,29.000,-1.500,0.500,180.000,H_y-3.0_x20.0_40.0_reverse_right,H_y-3.0_x20.0_40.0,H_y-3.0_x20.0_40.0,right,reverse,reverse_right,1
2351,28.500,-1.500,0.500,180.000,H_y-3.0_x20.0_40.0_reverse_right,H_y-3.0_x20.0_40.0,H_y-3.0_x20.0_40.0,right,reverse,reverse_right,1
2352,28.000,-1.500,0.500,180.000,H_y-3.0_x20.0_40.0_reverse_right,H_y-3.0_x20.0_40.0,H_y-3.0_x20.0_40.0,right,reverse,reverse_right,1
2353,27.500,-1.500,0.500,180.000,H_y-3.0_x20.0_40.0_reverse_right,H_y-3.0_x20.0_40.0,H_y-3.0_x20.0_40.0,right,reverse,reverse_right,1
2354,27.000,-1.500,0.500,180.000,H_y-3.0_x20.0_40.0_reverse_right,H_y-3.0_x20.0_40.0,H_y-3.0_x20.0_40.0,right,reverse,reverse_right,1
2355,26.500,-1.500,0.500,180.000,H_y-3.0_x20.0_40.0_reverse_right,H_y-3.0_x20.0_40.0,H_y-3.0_x20.0_40.0,right,reverse,reverse_right,1
2356,26.000,-1.500,0.500,180.000,H_y-3.0_x20.0_40.0_reverse_right,H_y-3.0_x20.0_40.0,H_y-3.0_x20.0_40.0,right,reverse,reverse_right,1
2357,25.500,-1.500,0.500,180.000,H_y-3.0_x20.0_40.0_reverse_right,H_y-3.0_x20.0_40.0,H_y-3.0_x20.0_40.0,right,reverse,reverse_right,1
2358,25.000,-1.500,0.500,180.000,H_y-3.0_x20.0_40.0_reverse_right,H_y-3.0_x20.0_40.0,H_y-3.0_x20.0_40.0,right,reverse,reverse_right,1
2359,24.500,-1.500,0.500,180.000,H_y-3.0_x20.0_40.0_reverse_right,H_y-3.0_x20.0_40.0,H_y-3.0_x20.0_40.0,right,reverse,reverse_right,1
2360,24.000,-1.500,0.500,180.000,H_y-3.0_x20.0_40.0_reverse_right,H_y-3.0_x20.0_40.0,H_y-3.0_x20.0_40.0,right,reverse,reverse_right,1
2361,23.500,-1.500,0.500,180.000,H_y-3.0_x20.0_40.0_reverse_right,H_y-3.0_x20.0_40.0,H_y-3.0_x20.0_40.0,right,reverse,reverse_right,1
2362,23.000,-1.500,0.500,180.000,H_y-3.0_x20.0_40.0_reverse_right,H_y-3.0_x20.0_40.0,H_y-3.0_x20.0_40.0,right,reverse,reverse_right,1
2363,22.500,-1.500,0.500,180.000,H_y-3.0_x20.0_40.0_reverse_right,H_y-3.0_x20.0_40.0,H_y-3.0_x20.0_40.0,right,reverse,reverse_right,1
2364,22.000,-1.500,0.500,180.000,H_y-3.0_x20.0_40.0_reverse_right,H_y-3.0_x20.0_40.0,H_y-3.0_x20.0_40.0,right,reverse,reverse_right,1
2365,21.500,-1.500,0.500,180.000,H_y-3.0_x20.0_40.0_reverse_right,H_y-3.0_x20.0_40.0,H_y-3.0_x20.0_40.0,right,reverse,reverse_right,1
2366,21.000,-1.500,0.500,180.000,H_y-3.0_x20.0_40.0_reverse_right,H_y-3.0_x20.0_40.0,H_y-3.0_x20.0_40.0,right,reverse,reverse_right,1
2367,20.500,-1.500,0.500,180.000,H_y-3.0_x20.0_40.0_reverse_right,H_y-3.0_x20.0_40.0,H_y-3.0_x20.0_40.0,right,reverse,reverse_right,1
2368,20.000,-1.500,0.500,180.000,H_y-3.0_x20.0_40.0_reverse_right,H_y-3.0_x20.0_40.0,H_y-3.0_x20.0_40.0,right,reverse,reverse_right,0
2369,21.500,-34.000,0.500,90.000,V_x20.0_y-34.0_-3.0_forward_right,V_x20.0_y-34.0_-3.0,V_x20.0_y-34.0_-3.0,right,forward,forward_right,1
2370,21.500,-33.500,0.500,90.000,V_x20.0_y-34.0_-3.0_forward_right,V_x20.0_y-34.0_-3.0,V_x20.0_y-34.0_-3.0,right,forward,forward_right,1
2371,21.500,-33.000,0.500,90.000,V_x20.0_y-34.0_-3.0_forward_right,V_x20.0_y-34.0_-3.0,V_x20.0_y-34.0_-3.0,right,forward,forward_right,1
2372,21.500,-32.500,0.500,90.000,V_x20.0_y-34.0_-3.0_forward_right,V_x20.0_y-34.0_-3.0,V_x20.0_y-34.0_-3.0,right,forward,forward_right,1
2373,21.500,-32.000,0.500,90.000,V_x20.0_y-34.0_-3.0_forward_right,V_x20.0_y-34.0_-3.0,V_x20.0_y-34.0_-3.0,right,forward,forward_right,1
2374,21.500,-31.500,0.500,90.000,V_x20.0_y-34.0_-3.0_forward_right,V_x20.0_y-34.0_-3.0,V_x20.0_y-34.0_-3.0,right,forward,forward_right,1
2375,21.500,-31.000,0.500,90.000,V_x20.0_y-34.0_-3.0_forward_right,V_x20.0_y-34.0_-3.0,V_x20.0_y-34.0_-3.0,right,forward,forward_right,1
2376,21.500,-30.500,0.500,90.000,V_x20.0_y-34.0_-3.0_forward_right,V_x20.0_y-34.0_-3.0,V_x20.0_y-34.0_-3.0,right,forward,forward_right,1
2377,21.500,-30.000,0.500,90.000,V_x20.0_y-34.0_-3.0_forward_right,V_x20.0_y-34.0_-3.0,V_x20.0_y-34.0_-3.0,right,forward,forward_right,1
2378,21.500,-29.500,0.500,90.000,V_x20.0_y-34.0_-3.0_forward_right,V_x20.0_y-34.0_-3.0,V_x20.0_y-34.0_-3.0,right,forward,forward_right,1
2379,21.500,-29.000,0.500,90.000,V_x20.0_y-34.0_-3.0_forward_right,V_x20.0_y-34.0_-3.0,V_x20.0_y-34.0_-3.0,right,forward,forward_right,1
2380,21.500,-28.500,0.500,90.000,V_x20.0_y-34.0_-3.0_forward_right,V_x20.0_y-34.0_-3.0,V_x20.0_y-34.0_-3.0,right,forward,forward_right,1
2381,21.500,-28.000,0.500,90.000,V_x20.0_y-34.0_-3.0_forward_right,V_x20.0_y-34.0_-3.0,V_x20.0_y-34.0_-3.0,right,forward,forward_right,1
2382,21.500,-27.500,0.500,90.000,V_x20.0_y-34.0_-3.0_forward_right,V_x20.0_y-34.0_-3.0,V_x20.0_y-34.0_-3.0,right,forward,forward_right,1
2383,21.500,-27.000,0.500,90.000,V_x20.0_y-34.0_-3.0_forward_right,V_x20.0_y-34.0_-3.0,V_x20.0_y-34.0_-3.0,right,forward,forward_right,1
2384,21.500,-26.500,0.500,90.000,V_x20.0_y-34.0_-3.0_forward_right,V_x20.0_y-34.0_-3.0,V_x20.0_y-34.0_-3.0,right,forward,forward_right,1
2385,21.500,-26.000,0.500,90.000,V_x20.0_y-34.0_-3.0_forward_right,V_x20.0_y-34.0_-3.0,V_x20.0_y-34.0_-3.0,right,forward,forward_right,1
2386,21.500,-25.500,0.500,90.000,V_x20.0_y-34.0_-3.0_forward_right,V_x20.0_y-34.0_-3.0,V_x20.0_y-34.0_-3.0,right,forward,forward_right,1
2387,21.500,-25.000,0.500,90.000,V_x20.0_y-34.0_-3.0_forward_right,V_x20.0_y-34.0_-3.0,V_x20.0_y-34.0_-3.0,right,forward,forward_right,1
2388,21.500,-24.500,0.500,90.000,V_x20.0_y-34.0_-3.0_forward_right,V_x20.0_y-34.0_-3.0,V_x20.0_y-34.0_-3.0,right,forward,forward_right,1
2389,21.500,-24.000,0.500,90.000,V_x20.0_y-34.0_-3.0_forward_right,V_x20.0_y-34.0_-3.0,V_x20.0_y-34.0_-3.0,right,forward,forward_right,1
2390,21.500,-23.500,0.500,90.000,V_x20.0_y-34.0_-3.0_forward_right,V_x20.0_y-34.0_-3.0,V_x20.0_y-34.0_-3.0,right,forward,forward_right,1
2391,21.500,-23.000,0.500,90.000,V_x20.0_y-34.0_-3.0_forward_right,V_x20.0_y-34.0_-3.0,V_x20.0_y-34.0_-3.0,right,forward,forward_right,1
2392,21.500,-22.500,0.500,90.000,V_x20.0_y-34.0_-3.0_forward_right,V_x20.0_y-34.0_-3.0,V_x20.0_y-34.0_-3.0,right,forward,forward_right,1
2393,21.500,-22.000,0.500,90.000,V_x20.0_y-34.0_-3.0_forward_right,V_x20.0_y-34.0_-3.0,V_x20.0_y-34.0_-3.0,right,forward,forward_right,1
2394,21.500,-21.500,0.500,90.000,V_x20.0_y-34.0_-3.0_forward_right,V_x20.0_y-34.0_-3.0,V_x20.0_y-34.0_-3.0,right,forward,forward_right,1
2395,21.500,-21.000,0.500,90.000,V_x20.0_y-34.0_-3.0_forward_right,V_x20.0_y-34.0_-3.0,V_x20.0_y-34.0_-3.0,right,forward,forward_right,1
2396,21.500,-20.500,0.500,90.000,V_x20.0_y-34.0_-3.0_forward_right,V_x20.0_y-34.0_-3.0,V_x20.0_y-34.0_-3.0,right,forward,forward_right,1
2397,21.500,-20.000,0.500,90.000,V_x20.0_y-34.0_-3.0_forward_right,V_x20.0_y-34.0_-3.0,V_x20.0_y-34.0_-3.0,right,forward,forward_right,1
2398,21.500,-19.500,0.500,90.000,V_x20.0_y-34.0_-3.0_forward_right,V_x20.0_y-34.0_-3.0,V_x20.0_y-34.0_-3.0,right,forward,forward_right,1
2399,21.500,-19.000,0.500,90.000,V_x20.0_y-34.0_-3.0_forward_right,V_x20.0_y-34.0_-3.0,V_x20.0_y-34.0_-3.0,right,forward,forward_right,1
2400,21.500,-18.500,0.500,90.000,V_x20.0_y-34.0_-3.0_forward_right,V_x20.0_y-34.0_-3.0,V_x20.0_y-34.0_-3.0,right,forward,forward_right,1
2401,21.500,-18.000,0.500,90.000,V_x20.0_y-34.0_-3.0_forward_right,V_x20.0_y-34.0_-3.0,V_x20.0_y-34.0_-3.0,right,forward,forward_right,1
2402,21.500,-17.500,0.500,90.000,V_x20.0_y-34.0_-3.0_forward_right,V_x20.0_y-34.0_-3.0,V_x20.0_y-34.0_-3.0,right,forward,forward_right,1
2403,21.500,-17.000,0.500,90.000,V_x20.0_y-34.0_-3.0_forward_right,V_x20.0_y-34.0_-3.0,V_x20.0_y-34.0_-3.0,right,forward,forward_right,1
2404,21.500,-16.500,0.500,90.000,V_x20.0_y-34.0_-3.0_forward_right,V_x20.0_y-34.0_-3.0,V_x20.0_y-34.0_-3.0,right,forward,forward_right,1
2405,21.500,-16.000,0.500,90.000,V_x20.0_y-34.0_-3.0_forward_right,V_x20.0_y-34.0_-3.0,V_x20.0_y-34.0_-3.0,right,forward,forward_right,1
2406,21.500,-15.500,0.500,90.000,V_x20.0_y-34.0_-3.0_forward_right,V_x20.0_y-34.0_-3.0,V_x20.0_y-34.0_-3.0,right,forward,forward_right,1
2407,21.500,-15.000,0.500,90.000,V_x20.0_y-34.0_-3.0_forward_right,V_x20.0_y-34.0_-3.0,V_x20.0_y-34.0_-3.0,right,forward,forward_right,1
2408,21.500,-14.500,0.500,90.000,V_x20.0_y-34.0_-3.0_forward_right,V_x20.0_y-34.0_-3.0,V_x20.0_y-34.0_-3.0,right,forward,forward_right,1
2409,21.500,-14.000,0.500,90.000,V_x20.0_y-34.0_-3.0_forward_right,V_x20.0_y-34.0_-3.0,V_x20.0_y-34.0_-3.0,right,forward,forward_right,1
2410,21.500,-13.500,0.500,90.000,V_x20.0_y-34.0_-3.0_forward_right,V_x20.0_y-34.0_-3.0,V_x20.0_y-34.0_-3.0,right,forward,forward_right,1
2411,21.500,-13.000,0.500,90.000,V_x20.0_y-34.0_-3.0_forward_right,V_x20.0_y-34.0_-3.0,V_x20.0_y-34.0_-3.0,right,forward,forward_right,1
2412,21.500,-12.500,0.500,90.000,V_x20.0_y-34.0_-3.0_forward_right,V_x20.0_y-34.0_-3.0,V_x20.0_y-34.0_-3.0,right,forward,forward_right,1
2413,21.500,-12.000,0.500,90.000,V_x20.0_y-34.0_-3.0_forward_right,V_x20.0_y-34.0_-3.0,V_x20.0_y-34.0_-3.0,right,forward,forward_right,1
2414,21.500,-11.500,0.500,90.000,V_x20.0_y-34.0_-3.0_forward_right,V_x20.0_y-34.0_-3.0,V_x20.0_y-34.0_-3.0,right,forward,forward_right,1
2415,21.500,-11.000,0.500,90.000,V_x20.0_y-34.0_-3.0_forward_right,V_x20.0_y-34.0_-3.0,V_x20.0_y-34.0_-3.0,right,forward,forward_right,1
2416,21.500,-10.500,0.500,90.000,V_x20.0_y-34.0_-3.0_forward_right,V_x20.0_y-34.0_-3.0,V_x20.0_y-34.0_-3.0,right,forward,forward_right,1
2417,21.500,-10.000,0.500,90.000,V_x20.0_y-34.0_-3.0_forward_right,V_x20.0_y-34.0_-3.0,V_x20.0_y-34.0_-3.0,right,forward,forward_right,1
2418,21.500,-9.500,0.500,90.000,V_x20.0_y-34.0_-3.0_forward_right,V_x20.0_y-34.0_-3.0,V_x20.0_y-34.0_-3.0,right,forward,forward_right,1
2419,21.500,-9.000,0.500,90.000,V_x20.0_y-34.0_-3.0_forward_right,V_x20.0_y-34.0_-3.0,V_x20.0_y-34.0_-3.0,right,forward,forward_right,1
2420,21.500,-8.500,0.500,90.000,V_x20.0_y-34.0_-3.0_forward_right,V_x20.0_y-34.0_-3.0,V_x20.0_y-34.0_-3.0,right,forward,forward_right,1
2421,21.500,-8.000,0.500,90.000,V_x20.0_y-34.0_-3.0_forward_right,V_x20.0_y-34.0_-3.0,V_x20.0_y-34.0_-3.0,right,forward,forward_right,1
2422,21.500,-7.500,0.500,90.000,V_x20.0_y-34.0_-3.0_forward_right,V_x20.0_y-34.0_-3.0,V_x20.0_y-34.0_-3.0,right,forward,forward_right,1
2423,21.500,-7.000,0.500,90.000,V_x20.0_y-34.0_-3.0_forward_right,V_x20.0_y-34.0_-3.0,V_x20.0_y-34.0_-3.0,right,forward,forward_right,1
2424,21.500,-6.500,0.500,90.000,V_x20.0_y-34.0_-3.0_forward_right,V_x20.0_y-34.0_-3.0,V_x20.0_y-34.0_-3.0,right,forward,forward_right,1
2425,21.500,-6.000,0.500,90.000,V_x20.0_y-34.0_-3.0_forward_right,V_x20.0_y-34.0_-3.0,V_x20.0_y-34.0_-3.0,right,forward,forward_right,1
2426,21.500,-5.500,0.500,90.000,V_x20.0_y-34.0_-3.0_forward_right,V_x20.0_y-34.0_-3.0,V_x20.0_y-34.0_-3.0,right,forward,forward_right,1
2427,21.500,-5.000,0.500,90.000,V_x20.0_y-34.0_-3.0_forward_right,V_x20.0_y-34.0_-3.0,V_x20.0_y-34.0_-3.0,right,forward,forward_right,1
2428,21.500,-4.500,0.500,90.000,V_x20.0_y-34.0_-3.0_forward_right,V_x20.0_y-34.0_-3.0,V_x20.0_y-34.0_-3.0,right,forward,forward_right,1
2429,21.500,-4.000,0.500,90.000,V_x20.0_y-34.0_-3.0_forward_right,V_x20.0_y-34.0_-3.0,V_x20.0_y-34.0_-3.0,right,forward,forward_right,1
2430,21.500,-3.500,0.500,90.000,V_x20.0_y-34.0_-3.0_forward_right,V_x20.0_y-34.0_-3.0,V_x20.0_y-34.0_-3.0,right,forward,forward_right,1
2431,21.500,-3.000,0.500,90.000,V_x20.0_y-34.0_-3.0_forward_right,V_x20.0_y-34.0_-3.0,V_x20.0_y-34.0_-3.0,right,forward,forward_right,0
2432,18.500,-3.000,0.500,-90.000,V_x20.0_y-34.0_-3.0_reverse_right,V_x20.0_y-34.0_-3.0,V_x20.0_y-34.0_-3.0,right,reverse,reverse_right,1
2433,18.500,-3.500,0.500,-90.000,V_x20.0_y-34.0_-3.0_reverse_right,V_x20.0_y-34.0_-3.0,V_x20.0_y-34.0_-3.0,right,reverse,reverse_right,1
2434,18.500,-4.000,0.500,-90.000,V_x20.0_y-34.0_-3.0_reverse_right,V_x20.0_y-34.0_-3.0,V_x20.0_y-34.0_-3.0,right,reverse,reverse_right,1
2435,18.500,-4.500,0.500,-90.000,V_x20.0_y-34.0_-3.0_reverse_right,V_x20.0_y-34.0_-3.0,V_x20.0_y-34.0_-3.0,right,reverse,reverse_right,1
2436,18.500,-5.000,0.500,-90.000,V_x20.0_y-34.0_-3.0_reverse_right,V_x20.0_y-34.0_-3.0,V_x20.0_y-34.0_-3.0,right,reverse,reverse_right,1
2437,18.500,-5.500,0.500,-90.000,V_x20.0_y-34.0_-3.0_reverse_right,V_x20.0_y-34.0_-3.0,V_x20.0_y-34.0_-3.0,right,reverse,reverse_right,1
2438,18.500,-6.000,0.500,-90.000,V_x20.0_y-34.0_-3.0_reverse_right,V_x20.0_y-34.0_-3.0,V_x20.0_y-34.0_-3.0,right,reverse,reverse_right,1
2439,18.500,-6.500,0.500,-90.000,V_x20.0_y-34.0_-3.0_reverse_right,V_x20.0_y-34.0_-3.0,V_x20.0_y-34.0_-3.0,right,reverse,reverse_right,1
2440,18.500,-7.000,0.500,-90.000,V_x20.0_y-34.0_-3.0_reverse_right,V_x20.0_y-34.0_-3.0,V_x20.0_y-34.0_-3.0,right,reverse,reverse_right,1
2441,18.500,-7.500,0.500,-90.000,V_x20.0_y-34.0_-3.0_reverse_right,V_x20.0_y-34.0_-3.0,V_x20.0_y-34.0_-3.0,right,reverse,reverse_right,1
2442,18.500,-8.000,0.500,-90.000,V_x20.0_y-34.0_-3.0_reverse_right,V_x20.0_y-34.0_-3.0,V_x20.0_y-34.0_-3.0,right,reverse,reverse_right,1
2443,18.500,-8.500,0.500,-90.000,V_x20.0_y-34.0_-3.0_reverse_right,V_x20.0_y-34.0_-3.0,V_x20.0_y-34.0_-3.0,right,reverse,reverse_right,1
2444,18.500,-9.000,0.500,-90.000,V_x20.0_y-34.0_-3.0_reverse_right,V_x20.0_y-34.0_-3.0,V_x20.0_y-34.0_-3.0,right,reverse,reverse_right,1
2445,18.500,-9.500,0.500,-90.000,V_x20.0_y-34.0_-3.0_reverse_right,V_x20.0_y-34.0_-3.0,V_x20.0_y-34.0_-3.0,right,reverse,reverse_right,1
2446,18.500,-10.000,0.500,-90.000,V_x20.0_y-34.0_-3.0_reverse_right,V_x20.0_y-34.0_-3.0,V_x20.0_y-34.0_-3.0,right,reverse,reverse_right,1
2447,18.500,-10.500,0.500,-90.000,V_x20.0_y-34.0_-3.0_reverse_right,V_x20.0_y-34.0_-3.0,V_x20.0_y-34.0_-3.0,right,reverse,reverse_right,1
2448,18.500,-11.000,0.500,-90.000,V_x20.0_y-34.0_-3.0_reverse_right,V_x20.0_y-34.0_-3.0,V_x20.0_y-34.0_-3.0,right,reverse,reverse_right,1
2449,18.500,-11.500,0.500,-90.000,V_x20.0_y-34.0_-3.0_reverse_right,V_x20.0_y-34.0_-3.0,V_x20.0_y-34.0_-3.0,right,reverse,reverse_right,1
2450,18.500,-12.000,0.500,-90.000,V_x20.0_y-34.0_-3.0_reverse_right,V_x20.0_y-34.0_-3.0,V_x20.0_y-34.0_-3.0,right,reverse,reverse_right,1
2451,18.500,-12.500,0.500,-90.000,V_x20.0_y-34.0_-3.0_reverse_right,V_x20.0_y-34.0_-3.0,V_x20.0_y-34.0_-3.0,right,reverse,reverse_right,1
2452,18.500,-13.000,0.500,-90.000,V_x20.0_y-34.0_-3.0_reverse_right,V_x20.0_y-34.0_-3.0,V_x20.0_y-34.0_-3.0,right,reverse,reverse_right,1
2453,18.500,-13.500,0.500,-90.000,V_x20.0_y-34.0_-3.0_reverse_right,V_x20.0_y-34.0_-3.0,V_x20.0_y-34.0_-3.0,right,reverse,reverse_right,1
2454,18.500,-14.000,0.500,-90.000,V_x20.0_y-34.0_-3.0_reverse_right,V_x20.0_y-34.0_-3.0,V_x20.0_y-34.0_-3.0,right,reverse,reverse_right,1
2455,18.500,-14.500,0.500,-90.000,V_x20.0_y-34.0_-3.0_reverse_right,V_x20.0_y-34.0_-3.0,V_x20.0_y-34.0_-3.0,right,reverse,reverse_right,1
2456,18.500,-15.000,0.500,-90.000,V_x20.0_y-34.0_-3.0_reverse_right,V_x20.0_y-34.0_-3.0,V_x20.0_y-34.0_-3.0,right,reverse,reverse_right,1
2457,18.500,-15.500,0.500,-90.000,V_x20.0_y-34.0_-3.0_reverse_right,V_x20.0_y-34.0_-3.0,V_x20.0_y-34.0_-3.0,right,reverse,reverse_right,1
2458,18.500,-16.000,0.500,-90.000,V_x20.0_y-34.0_-3.0_reverse_right,V_x20.0_y-34.0_-3.0,V_x20.0_y-34.0_-3.0,right,reverse,reverse_right,1
2459,18.500,-16.500,0.500,-90.000,V_x20.0_y-34.0_-3.0_reverse_right,V_x20.0_y-34.0_-3.0,V_x20.0_y-34.0_-3.0,right,reverse,reverse_right,1
2460,18.500,-17.000,0.500,-90.000,V_x20.0_y-34.0_-3.0_reverse_right,V_x20.0_y-34.0_-3.0,V_x20.0_y-34.0_-3.0,right,reverse,reverse_right,1
2461,18.500,-17.500,0.500,-90.000,V_x20.0_y-34.0_-3.0_reverse_right,V_x20.0_y-34.0_-3.0,V_x20.0_y-34.0_-3.0,right,reverse,reverse_right,1
2462,18.500,-18.000,0.500,-90.000,V_x20.0_y-34.0_-3.0_reverse_right,V_x20.0_y-34.0_-3.0,V_x20.0_y-34.0_-3.0,right,reverse,reverse_right,1
2463,18.500,-18.500,0.500,-90.000,V_x20.0_y-34.0_-3.0_reverse_right,V_x20.0_y-34.0_-3.0,V_x20.0_y-34.0_-3.0,right,reverse,reverse_right,1
2464,18.500,-19.000,0.500,-90.000,V_x20.0_y-34.0_-3.0_reverse_right,V_x20.0_y-34.0_-3.0,V_x20.0_y-34.0_-3.0,right,reverse,reverse_right,1
2465,18.500,-19.500,0.500,-90.000,V_x20.0_y-34.0_-3.0_reverse_right,V_x20.0_y-34.0_-3.0,V_x20.0_y-34.0_-3.0,right,reverse,reverse_right,1
2466,18.500,-20.000,0.500,-90.000,V_x20.0_y-34.0_-3.0_reverse_right,V_x20.0_y-34.0_-3.0,V_x20.0_y-34.0_-3.0,right,reverse,reverse_right,1
2467,18.500,-20.500,0.500,-90.000,V_x20.0_y-34.0_-3.0_reverse_right,V_x20.0_y-34.0_-3.0,V_x20.0_y-34.0_-3.0,right,reverse,reverse_right,1
2468,18.500,-21.000,0.500,-90.000,V_x20.0_y-34.0_-3.0_reverse_right,V_x20.0_y-34.0_-3.0,V_x20.0_y-34.0_-3.0,right,reverse,reverse_right,1
2469,18.500,-21.500,0.500,-90.000,V_x20.0_y-34.0_-3.0_reverse_right,V_x20.0_y-34.0_-3.0,V_x20.0_y-34.0_-3.0,right,reverse,reverse_right,1
2470,18.500,-22.000,0.500,-90.000,V_x20.0_y-34.0_-3.0_reverse_right,V_x20.0_y-34.0_-3.0,V_x20.0_y-34.0_-3.0,right,reverse,reverse_right,1
2471,18.500,-22.500,0.500,-90.000,V_x20.0_y-34.0_-3.0_reverse_right,V_x20.0_y-34.0_-3.0,V_x20.0_y-34.0_-3.0,right,reverse,reverse_right,1
2472,18.500,-23.000,0.500,-90.000,V_x20.0_y-34.0_-3.0_reverse_right,V_x20.0_y-34.0_-3.0,V_x20.0_y-34.0_-3.0,right,reverse,reverse_right,1
2473,18.500,-23.500,0.500,-90.000,V_x20.0_y-34.0_-3.0_reverse_right,V_x20.0_y-34.0_-3.0,V_x20.0_y-34.0_-3.0,right,reverse,reverse_right,1
2474,18.500,-24.000,0.500,-90.000,V_x20.0_y-34.0_-3.0_reverse_right,V_x20.0_y-34.0_-3.0,V_x20.0_y-34.0_-3.0,right,reverse,reverse_right,1
2475,18.500,-24.500,0.500,-90.000,V_x20.0_y-34.0_-3.0_reverse_right,V_x20.0_y-34.0_-3.0,V_x20.0_y-34.0_-3.0,right,reverse,reverse_right,1
2476,18.500,-25.000,0.500,-90.000,V_x20.0_y-34.0_-3.0_reverse_right,V_x20.0_y-34.0_-3.0,V_x20.0_y-34.0_-3.0,right,reverse,reverse_right,1
2477,18.500,-25.500,0.500,-90.000,V_x20.0_y-34.0_-3.0_reverse_right,V_x20.0_y-34.0_-3.0,V_x20.0_y-34.0_-3.0,right,reverse,reverse_right,1
2478,18.500,-26.000,0.500,-90.000,V_x20.0_y-34.0_-3.0_reverse_right,V_x20.0_y-34.0_-3.0,V_x20.0_y-34.0_-3.0,right,reverse,reverse_right,1
2479,18.500,-26.500,0.500,-90.000,V_x20.0_y-34.0_-3.0_reverse_right,V_x20.0_y-34.0_-3.0,V_x20.0_y-34.0_-3.0,right,reverse,reverse_right,1
2480,18.500,-27.000,0.500,-90.000,V_x20.0_y-34.0_-3.0_reverse_right,V_x20.0_y-34.0_-3.0,V_x20.0_y-34.0_-3.0,right,reverse,reverse_right,1
2481,18.500,-27.500,0.500,-90.000,V_x20.0_y-34.0_-3.0_reverse_right,V_x20.0_y-34.0_-3.0,V_x20.0_y-34.0_-3.0,right,reverse,reverse_right,1
2482,18.500,-28.000,0.500,-90.000,V_x20.0_y-34.0_-3.0_reverse_right,V_x20.0_y-34.0_-3.0,V_x20.0_y-34.0_-3.0,right,reverse,reverse_right,1
2483,18.500,-28.500,0.500,-90.000,V_x20.0_y-34.0_-3.0_reverse_right,V_x20.0_y-34.0_-3.0,V_x20.0_y-34.0_-3.0,right,reverse,reverse_right,1
2484,18.500,-29.000,0.500,-90.000,V_x20.0_y-34.0_-3.0_reverse_right,V_x20.0_y-34.0_-3.0,V_x20.0_y-34.0_-3.0,right,reverse,reverse_right,1
2485,18.500,-29.500,0.500,-90.000,V_x20.0_y-34.0_-3.0_reverse_right,V_x20.0_y-34.0_-3.0,V_x20.0_y-34.0_-3.0,right,reverse,reverse_right,1
2486,18.500,-30.000,0.500,-90.000,V_x20.0_y-34.0_-3.0_reverse_right,V_x20.0_y-34.0_-3.0,V_x20.0_y-34.0_-3.0,right,reverse,reverse_right,1
2487,18.500,-30.500,0.500,-90.000,V_x20.0_y-34.0_-3.0_reverse_right,V_x20.0_y-34.0_-3.0,V_x20.0_y-34.0_-3.0,right,reverse,reverse_right,1
2488,18.500,-31.000,0.500,-90.000,V_x20.0_y-34.0_-3.0_reverse_right,V_x20.0_y-34.0_-3.0,V_x20.0_y-34.0_-3.0,right,reverse,reverse_right,1
2489,18.500,-31.500,0.500,-90.000,V_x20.0_y-34.0_-3.0_reverse_right,V_x20.0_y-34.0_-3.0,V_x20.0_y-34.0_-3.0,right,reverse,reverse_right,1
2490,18.500,-32.000,0.500,-90.000,V_x20.0_y-34.0_-3.0_reverse_right,V_x20.0_y-34.0_-3.0,V_x20.0_y-34.0_-3.0,right,reverse,reverse_right,1
2491,18.500,-32.500,0.500,-90.000,V_x20.0_y-34.0_-3.0_reverse_right,V_x20.0_y-34.0_-3.0,V_x20.0_y-34.0_-3.0,right,reverse,reverse_right,1
2492,18.500,-33.000,0.500,-90.000,V_x20.0_y-34.0_-3.0_reverse_right,V_x20.0_y-34.0_-3.0,V_x20.0_y-34.0_-3.0,right,reverse,reverse_right,1
2493,18.500,-33.500,0.500,-90.000,V_x20.0_y-34.0_-3.0_reverse_right,V_x20.0_y-34.0_-3.0,V_x20.0_y-34.0_-3.0,right,reverse,reverse_right,1
2494,18.500,-34.000,0.500,-90.000,V_x20.0_y-34.0_-3.0_reverse_right,V_x20.0_y-34.0_-3.0,V_x20.0_y-34.0_-3.0,right,reverse,reverse_right,0
2495,-10.000,-5.500,0.500,0.000,R_E_forward_right,R_E,R_E,right,forward,forward_right,1
2496,-9.500,-5.500,0.500,0.000,R_E_forward_right,R_E,R_E,right,forward,forward_right,1
2497,-9.000,-5.500,0.500,0.000,R_E_forward_right,R_E,R_E,right,forward,forward_right,1
2498,-8.500,-5.500,0.500,0.000,R_E_forward_right,R_E,R_E,right,forward,forward_right,1
2499,-8.000,-5.500,0.500,0.000,R_E_forward_right,R_E,R_E,right,forward,forward_right,1
2500,-7.500,-5.500,0.500,0.000,R_E_forward_right,R_E,R_E,right,forward,forward_right,1
2501,-7.000,-5.500,0.500,0.000,R_E_forward_right,R_E,R_E,right,forward,forward_right,1
2502,-6.500,-5.500,0.500,0.000,R_E_forward_right,R_E,R_E,right,forward,forward_right,1
2503,-6.000,-5.500,0.500,0.000,R_E_forward_right,R_E,R_E,right,forward,forward_right,1
2504,-5.500,-5.500,0.500,0.000,R_E_forward_right,R_E,R_E,right,forward,forward_right,1
2505,-5.000,-5.500,0.500,0.000,R_E_forward_right,R_E,R_E,right,forward,forward_right,1
2506,-4.500,-5.500,0.500,0.000,R_E_forward_right,R_E,R_E,right,forward,forward_right,1
2507,-4.000,-5.500,0.500,0.000,R_E_forward_right,R_E,R_E,right,forward,forward_right,1
2508,-3.500,-5.500,0.500,0.000,R_E_forward_right,R_E,R_E,right,forward,forward_right,1
2509,-3.000,-5.500,0.500,0.000,R_E_forward_right,R_E,R_E,right,forward,forward_right,1
2510,-2.500,-5.500,0.500,0.000,R_E_forward_right,R_E,R_E,right,forward,forward_right,1
2511,-2.000,-5.500,0.500,0.000,R_E_forward_right,R_E,R_E,right,forward,forward_right,1
2512,-1.500,-5.500,0.500,0.000,R_E_forward_right,R_E,R_E,right,forward,forward_right,1
2513,-1.000,-5.500,0.500,0.000,R_E_forward_right,R_E,R_E,right,forward,forward_right,1
2514,-0.500,-5.500,0.500,0.000,R_E_forward_right,R_E,R_E,right,forward,forward_right,1
2515,0.000,-5.500,0.500,0.000,R_E_forward_right,R_E,R_E,right,forward,forward_right,1
2516,0.500,-5.500,0.500,0.000,R_E_forward_right,R_E,R_E,right,forward,forward_right,1
2517,1.000,-5.500,0.500,0.000,R_E_forward_right,R_E,R_E,right,forward,forward_right,1
2518,1.500,-5.500,0.500,0.000,R_E_forward_right,R_E,R_E,right,forward,forward_right,1
2519,2.000,-5.500,0.500,0.000,R_E_forward_right,R_E,R_E,right,forward,forward_right,1
2520,2.500,-5.500,0.500,0.000,R_E_forward_right,R_E,R_E,right,forward,forward_right,1
2521,3.000,-5.500,0.500,0.000,R_E_forward_right,R_E,R_E,right,forward,forward_right,1
2522,3.500,-5.500,0.500,0.000,R_E_forward_right,R_E,R_E,right,forward,forward_right,1
2523,4.000,-5.500,0.500,0.000,R_E_forward_right,R_E,R_E,right,forward,forward_right,1
2524,4.500,-5.500,0.500,0.000,R_E_forward_right,R_E,R_E,right,forward,forward_right,1
2525,5.000,-5.500,0.500,0.000,R_E_forward_right,R_E,R_E,right,forward,forward_right,1
2526,5.500,-5.500,0.500,0.000,R_E_forward_right,R_E,R_E,right,forward,forward_right,1
2527,6.000,-5.500,0.500,0.000,R_E_forward_right,R_E,R_E,right,forward,forward_right,1
2528,6.500,-5.500,0.500,0.000,R_E_forward_right,R_E,R_E,right,forward,forward_right,1
2529,7.000,-5.500,0.500,0.000,R_E_forward_right,R_E,R_E,right,forward,forward_right,1
2530,7.500,-5.500,0.500,0.000,R_E_forward_right,R_E,R_E,right,forward,forward_right,1
2531,8.000,-5.500,0.500,0.000,R_E_forward_right,R_E,R_E,right,forward,forward_right,1
2532,8.500,-5.500,0.500,0.000,R_E_forward_right,R_E,R_E,right,forward,forward_right,1
2533,9.000,-5.500,0.500,0.000,R_E_forward_right,R_E,R_E,right,forward,forward_right,1
2534,9.500,-5.500,0.500,0.000,R_E_forward_right,R_E,R_E,right,forward,forward_right,1
2535,10.000,-5.500,0.500,0.000,R_E_forward_right,R_E,R_E,right,forward,forward_right,1
2536,10.500,-5.500,0.500,0.000,R_E_forward_right,R_E,R_E,right,forward,forward_right,1
2537,11.000,-5.500,0.500,0.000,R_E_forward_right,R_E,R_E,right,forward,forward_right,1
2538,11.500,-5.500,0.500,0.000,R_E_forward_right,R_E,R_E,right,forward,forward_right,1
2539,12.000,-5.500,0.500,0.000,R_E_forward_right,R_E,R_E,right,forward,forward_right,1
2540,12.500,-5.500,0.500,0.000,R_E_forward_right,R_E,R_E,right,forward,forward_right,1
2541,13.000,-5.500,0.500,0.000,R_E_forward_right,R_E,R_E,right,forward,forward_right,1
2542,13.500,-5.500,0.500,0.000,R_E_forward_right,R_E,R_E,right,forward,forward_right,1
2543,14.000,-5.500,0.500,0.000,R_E_forward_right,R_E,R_E,right,forward,forward_right,1
2544,14.500,-5.500,0.500,0.000,R_E_forward_right,R_E,R_E,right,forward,forward_right,1
2545,15.000,-5.500,0.500,0.000,R_E_forward_right,R_E,R_E,right,forward,forward_right,1
2546,15.500,-5.500,0.500,0.000,R_E_forward_right,R_E,R_E,right,forward,forward_right,1
2547,16.000,-5.500,0.500,0.000,R_E_forward_right,R_E,R_E,right,forward,forward_right,1
2548,16.500,-5.500,0.500,0.000,R_E_forward_right,R_E,R_E,right,forward,forward_right,1
2549,17.000,-5.500,0.500,0.000,R_E_forward_right,R_E,R_E,right,forward,forward_right,1
2550,17.500,-5.500,0.500,0.000,R_E_forward_right,R_E,R_E,right,forward,forward_right,1
2551,18.000,-5.500,0.500,0.000,R_E_forward_right,R_E,R_E,right,forward,forward_right,1
2552,18.500,-5.500,0.500,0.000,R_E_forward_right,R_E,R_E,right,forward,forward_right,1
2553,19.000,-5.500,0.500,0.000,R_E_forward_right,R_E,R_E,right,forward,forward_right,1
2554,19.500,-5.500,0.500,0.000,R_E_forward_right,R_E,R_E,right,forward,forward_right,1
2555,21.500,-4.000,0.500,90.000,R_E_forward_right,R_E,R_E,right,forward,forward_right,1
2556,21.500,-3.500,0.500,90.000,R_E_forward_right,R_E,R_E,right,forward,forward_right,1
2557,21.500,-3.000,0.500,90.000,R_E_forward_right,R_E,R_E,right,forward,forward_right,0
2558,18.500,-3.000,0.500,-90.000,R_E_reverse_right,R_E,R_E,right,reverse,reverse_right,1
2559,18.500,-3.500,0.500,-90.000,R_E_reverse_right,R_E,R_E,right,reverse,reverse_right,1
2560,20.000,-2.500,0.500,180.000,R_E_reverse_right,R_E,R_E,right,reverse,reverse_right,1
2561,19.500,-2.500,0.500,180.000,R_E_reverse_right,R_E,R_E,right,reverse,reverse_right,1
2562,19.000,-2.500,0.500,180.000,R_E_reverse_right,R_E,R_E,right,reverse,reverse_right,1
2563,18.500,-2.500,0.500,180.000,R_E_reverse_right,R_E,R_E,right,reverse,reverse_right,1
2564,18.000,-2.500,0.500,180.000,R_E_reverse_right,R_E,R_E,right,reverse,reverse_right,1
2565,17.500,-2.500,0.500,180.000,R_E_reverse_right,R_E,R_E,right,reverse,reverse_right,1
2566,17.000,-2.500,0.500,180.000,R_E_reverse_right,R_E,R_E,right,reverse,reverse_right,1
2567,16.500,-2.500,0.500,180.000,R_E_reverse_right,R_E,R_E,right,reverse,reverse_right,1
2568,16.000,-2.500,0.500,180.000,R_E_reverse_right,R_E,R_E,right,reverse,reverse_right,1
2569,15.500,-2.500,0.500,180.000,R_E_reverse_right,R_E,R_E,right,reverse,reverse_right,1
2570,15.000,-2.500,0.500,180.000,R_E_reverse_right,R_E,R_E,right,reverse,reverse_right,1
2571,14.500,-2.500,0.500,180.000,R_E_reverse_right,R_E,R_E,right,reverse,reverse_right,1
2572,14.000,-2.500,0.500,180.000,R_E_reverse_right,R_E,R_E,right,reverse,reverse_right,1
2573,13.500,-2.500,0.500,180.000,R_E_reverse_right,R_E,R_E,right,reverse,reverse_right,1
2574,13.000,-2.500,0.500,180.000,R_E_reverse_right,R_E,R_E,right,reverse,reverse_right,1
2575,12.500,-2.500,0.500,180.000,R_E_reverse_right,R_E,R_E,right,reverse,reverse_right,1
2576,12.000,-2.500,0.500,180.000,R_E_reverse_right,R_E,R_E,right,reverse,reverse_right,1
2577,11.500,-2.500,0.500,180.000,R_E_reverse_right,R_E,R_E,right,reverse,reverse_right,1
2578,11.000,-2.500,0.500,180.000,R_E_reverse_right,R_E,R_E,right,reverse,reverse_right,1
2579,10.500,-2.500,0.500,180.000,R_E_reverse_right,R_E,R_E,right,reverse,reverse_right,1
2580,10.000,-2.500,0.500,180.000,R_E_reverse_right,R_E,R_E,right,reverse,reverse_right,1
2581,9.500,-2.500,0.500,180.000,R_E_reverse_right,R_E,R_E,right,reverse,reverse_right,1
2582,9.000,-2.500,0.500,180.000,R_E_reverse_right,R_E,R_E,right,reverse,reverse_right,1
2583,8.500,-2.500,0.500,180.000,R_E_reverse_right,R_E,R_E,right,reverse,reverse_right,1
2584,8.000,-2.500,0.500,180.000,R_E_reverse_right,R_E,R_E,right,reverse,reverse_right,1
2585,7.500,-2.500,0.500,180.000,R_E_reverse_right,R_E,R_E,right,reverse,reverse_right,1
2586,7.000,-2.500,0.500,180.000,R_E_reverse_right,R_E,R_E,right,reverse,reverse_right,1
2587,6.500,-2.500,0.500,180.000,R_E_reverse_right,R_E,R_E,right,reverse,reverse_right,1
2588,6.000,-2.500,0.500,180.000,R_E_reverse_right,R_E,R_E,right,reverse,reverse_right,1
2589,5.500,-2.500,0.500,180.000,R_E_reverse_right,R_E,R_E,right,reverse,reverse_right,1
2590,5.000,-2.500,0.500,180.000,R_E_reverse_right,R_E,R_E,right,reverse,reverse_right,1
2591,4.500,-2.500,0.500,180.000,R_E_reverse_right,R_E,R_E,right,reverse,reverse_right,1
2592,4.000,-2.500,0.500,180.000,R_E_reverse_right,R_E,R_E,right,reverse,reverse_right,1
2593,3.500,-2.500,0.500,180.000,R_E_reverse_right,R_E,R_E,right,reverse,reverse_right,1
2594,3.000,-2.500,0.500,180.000,R_E_reverse_right,R_E,R_E,right,reverse,reverse_right,1
2595,2.500,-2.500,0.500,180.000,R_E_reverse_right,R_E,R_E,right,reverse,reverse_right,1
2596,2.000,-2.500,0.500,180.000,R_E_reverse_right,R_E,R_E,right,reverse,reverse_right,1
2597,1.500,-2.500,0.500,180.000,R_E_reverse_right,R_E,R_E,right,reverse,reverse_right,1
2598,1.000,-2.500,0.500,180.000,R_E_reverse_right,R_E,R_E,right,reverse,reverse_right,1
2599,0.500,-2.500,0.500,180.000,R_E_reverse_right,R_E,R_E,right,reverse,reverse_right,1
2600,0.000,-2.500,0.500,180.000,R_E_reverse_right,R_E,R_E,right,reverse,reverse_right,1
2601,-0.500,-2.500,0.500,180.000,R_E_reverse_right,R_E,R_E,right,reverse,reverse_right,1
2602,-1.000,-2.500,0.500,180.000,R_E_reverse_right,R_E,R_E,right,reverse,reverse_right,1
2603,-1.500,-2.500,0.500,180.000,R_E_reverse_right,R_E,R_E,right,reverse,reverse_right,1
2604,-2.000,-2.500,0.500,180.000,R_E_reverse_right,R_E,R_E,right,reverse,reverse_right,1
2605,-2.500,-2.500,0.500,180.000,R_E_reverse_right,R_E,R_E,right,reverse,reverse_right,1
2606,-3.000,-2.500,0.500,180.000,R_E_reverse_right,R_E,R_E,right,reverse,reverse_right,1
2607,-3.500,-2.500,0.500,180.000,R_E_reverse_right,R_E,R_E,right,reverse,reverse_right,1
2608,-4.000,-2.500,0.500,180.000,R_E_reverse_right,R_E,R_E,right,reverse,reverse_right,1
2609,-4.500,-2.500,0.500,180.000,R_E_reverse_right,R_E,R_E,right,reverse,reverse_right,1
2610,-5.000,-2.500,0.500,180.000,R_E_reverse_right,R_E,R_E,right,reverse,reverse_right,1
2611,-5.500,-2.500,0.500,180.000,R_E_reverse_right,R_E,R_E,right,reverse,reverse_right,1
2612,-6.000,-2.500,0.500,180.000,R_E_reverse_right,R_E,R_E,right,reverse,reverse_right,1
2613,-6.500,-2.500,0.500,180.000,R_E_reverse_right,R_E,R_E,right,reverse,reverse_right,1
2614,-7.000,-2.500,0.500,180.000,R_E_reverse_right,R_E,R_E,right,reverse,reverse_right,1
2615,-7.500,-2.500,0.500,180.000,R_E_reverse_right,R_E,R_E,right,reverse,reverse_right,1
2616,-8.000,-2.500,0.500,180.000,R_E_reverse_right,R_E,R_E,right,reverse,reverse_right,1
2617,-8.500,-2.500,0.500,180.000,R_E_reverse_right,R_E,R_E,right,reverse,reverse_right,1
2618,-9.000,-2.500,0.500,180.000,R_E_reverse_right,R_E,R_E,right,reverse,reverse_right,1
2619,-9.500,-2.500,0.500,180.000,R_E_reverse_right,R_E,R_E,right,reverse,reverse_right,1
2620,-10.000,-2.500,0.500,180.000,R_E_reverse_right,R_E,R_E,right,reverse,reverse_right,0
2621,40.000,-32.500,0.500,180.000,H_y-34.0_x20.0_40.0_forward_right,H_y-34.0_x20.0_40.0,H_y-34.0_x20.0_40.0,right,forward,forward_right,1
2622,39.500,-32.500,0.500,180.000,H_y-34.0_x20.0_40.0_forward_right,H_y-34.0_x20.0_40.0,H_y-34.0_x20.0_40.0,right,forward,forward_right,1
2623,39.000,-32.500,0.500,180.000,H_y-34.0_x20.0_40.0_forward_right,H_y-34.0_x20.0_40.0,H_y-34.0_x20.0_40.0,right,forward,forward_right,1
2624,38.500,-32.500,0.500,180.000,H_y-34.0_x20.0_40.0_forward_right,H_y-34.0_x20.0_40.0,H_y-34.0_x20.0_40.0,right,forward,forward_right,1
2625,38.000,-32.500,0.500,180.000,H_y-34.0_x20.0_40.0_forward_right,H_y-34.0_x20.0_40.0,H_y-34.0_x20.0_40.0,right,forward,forward_right,1
2626,37.500,-32.500,0.500,180.000,H_y-34.0_x20.0_40.0_forward_right,H_y-34.0_x20.0_40.0,H_y-34.0_x20.0_40.0,right,forward,forward_right,1
2627,37.000,-32.500,0.500,180.000,H_y-34.0_x20.0_40.0_forward_right,H_y-34.0_x20.0_40.0,H_y-34.0_x20.0_40.0,right,forward,forward_right,1
2628,36.500,-32.500,0.500,180.000,H_y-34.0_x20.0_40.0_forward_right,H_y-34.0_x20.0_40.0,H_y-34.0_x20.0_40.0,right,forward,forward_right,1
2629,36.000,-32.500,0.500,180.000,H_y-34.0_x20.0_40.0_forward_right,H_y-34.0_x20.0_40.0,H_y-34.0_x20.0_40.0,right,forward,forward_right,1
2630,35.500,-32.500,0.500,180.000,H_y-34.0_x20.0_40.0_forward_right,H_y-34.0_x20.0_40.0,H_y-34.0_x20.0_40.0,right,forward,forward_right,1
2631,35.000,-32.500,0.500,180.000,H_y-34.0_x20.0_40.0_forward_right,H_y-34.0_x20.0_40.0,H_y-34.0_x20.0_40.0,right,forward,forward_right,1
2632,34.500,-32.500,0.500,180.000,H_y-34.0_x20.0_40.0_forward_right,H_y-34.0_x20.0_40.0,H_y-34.0_x20.0_40.0,right,forward,forward_right,1
2633,34.000,-32.500,0.500,180.000,H_y-34.0_x20.0_40.0_forward_right,H_y-34.0_x20.0_40.0,H_y-34.0_x20.0_40.0,right,forward,forward_right,1
2634,33.500,-32.500,0.500,180.000,H_y-34.0_x20.0_40.0_forward_right,H_y-34.0_x20.0_40.0,H_y-34.0_x20.0_40.0,right,forward,forward_right,1
2635,33.000,-32.500,0.500,180.000,H_y-34.0_x20.0_40.0_forward_right,H_y-34.0_x20.0_40.0,H_y-34.0_x20.0_40.0,right,forward,forward_right,1
2636,32.500,-32.500,0.500,180.000,H_y-34.0_x20.0_40.0_forward_right,H_y-34.0_x20.0_40.0,H_y-34.0_x20.0_40.0,right,forward,forward_right,1
2637,32.000,-32.500,0.500,180.000,H_y-34.0_x20.0_40.0_forward_right,H_y-34.0_x20.0_40.0,H_y-34.0_x20.0_40.0,right,forward,forward_right,1
2638,31.500,-32.500,0.500,180.000,H_y-34.0_x20.0_40.0_forward_right,H_y-34.0_x20.0_40.0,H_y-34.0_x20.0_40.0,right,forward,forward_right,1
2639,31.000,-32.500,0.500,180.000,H_y-34.0_x20.0_40.0_forward_right,H_y-34.0_x20.0_40.0,H_y-34.0_x20.0_40.0,right,forward,forward_right,1
2640,30.500,-32.500,0.500,180.000,H_y-34.0_x20.0_40.0_forward_right,H_y-34.0_x20.0_40.0,H_y-34.0_x20.0_40.0,right,forward,forward_right,1
2641,30.000,-32.500,0.500,180.000,H_y-34.0_x20.0_40.0_forward_right,H_y-34.0_x20.0_40.0,H_y-34.0_x20.0_40.0,right,forward,forward_right,1
2642,29.500,-32.500,0.500,180.000,H_y-34.0_x20.0_40.0_forward_right,H_y-34.0_x20.0_40.0,H_y-34.0_x20.0_40.0,right,forward,forward_right,1
2643,29.000,-32.500,0.500,180.000,H_y-34.0_x20.0_40.0_forward_right,H_y-34.0_x20.0_40.0,H_y-34.0_x20.0_40.0,right,forward,forward_right,1
2644,28.500,-32.500,0.500,180.000,H_y-34.0_x20.0_40.0_forward_right,H_y-34.0_x20.0_40.0,H_y-34.0_x20.0_40.0,right,forward,forward_right,1
2645,28.000,-32.500,0.500,180.000,H_y-34.0_x20.0_40.0_forward_right,H_y-34.0_x20.0_40.0,H_y-34.0_x20.0_40.0,right,forward,forward_right,1
2646,27.500,-32.500,0.500,180.000,H_y-34.0_x20.0_40.0_forward_right,H_y-34.0_x20.0_40.0,H_y-34.0_x20.0_40.0,right,forward,forward_right,1
2647,27.000,-32.500,0.500,180.000,H_y-34.0_x20.0_40.0_forward_right,H_y-34.0_x20.0_40.0,H_y-34.0_x20.0_40.0,right,forward,forward_right,1
2648,26.500,-32.500,0.500,180.000,H_y-34.0_x20.0_40.0_forward_right,H_y-34.0_x20.0_40.0,H_y-34.0_x20.0_40.0,right,forward,forward_right,1
2649,26.000,-32.500,0.500,180.000,H_y-34.0_x20.0_40.0_forward_right,H_y-34.0_x20.0_40.0,H_y-34.0_x20.0_40.0,right,forward,forward_right,1
2650,25.500,-32.500,0.500,180.000,H_y-34.0_x20.0_40.0_forward_right,H_y-34.0_x20.0_40.0,H_y-34.0_x20.0_40.0,right,forward,forward_right,1
2651,25.000,-32.500,0.500,180.000,H_y-34.0_x20.0_40.0_forward_right,H_y-34.0_x20.0_40.0,H_y-34.0_x20.0_40.0,right,forward,forward_right,1
2652,24.500,-32.500,0.500,180.000,H_y-34.0_x20.0_40.0_forward_right,H_y-34.0_x20.0_40.0,H_y-34.0_x20.0_40.0,right,forward,forward_right,1
2653,24.000,-32.500,0.500,180.000,H_y-34.0_x20.0_40.0_forward_right,H_y-34.0_x20.0_40.0,H_y-34.0_x20.0_40.0,right,forward,forward_right,1
2654,23.500,-32.500,0.500,180.000,H_y-34.0_x20.0_40.0_forward_right,H_y-34.0_x20.0_40.0,H_y-34.0_x20.0_40.0,right,forward,forward_right,1
2655,23.000,-32.500,0.500,180.000,H_y-34.0_x20.0_40.0_forward_right,H_y-34.0_x20.0_40.0,H_y-34.0_x20.0_40.0,right,forward,forward_right,1
2656,22.500,-32.500,0.500,180.000,H_y-34.0_x20.0_40.0_forward_right,H_y-34.0_x20.0_40.0,H_y-34.0_x20.0_40.0,right,forward,forward_right,1
2657,22.000,-32.500,0.500,180.000,H_y-34.0_x20.0_40.0_forward_right,H_y-34.0_x20.0_40.0,H_y-34.0_x20.0_40.0,right,forward,forward_right,1
2658,21.500,-32.500,0.500,180.000,H_y-34.0_x20.0_40.0_forward_right,H_y-34.0_x20.0_40.0,H_y-34.0_x20.0_40.0,right,forward,forward_right,1
2659,21.000,-32.500,0.500,180.000,H_y-34.0_x20.0_40.0_forward_right,H_y-34.0_x20.0_40.0,H_y-34.0_x20.0_40.0,right,forward,forward_right,1
2660,20.500,-32.500,0.500,180.000,H_y-34.0_x20.0_40.0_forward_right,H_y-34.0_x20.0_40.0,H_y-34.0_x20.0_40.0,right,forward,forward_right,1
2661,20.000,-32.500,0.500,180.000,H_y-34.0_x20.0_40.0_forward_right,H_y-34.0_x20.0_40.0,H_y-34.0_x20.0_40.0,right,forward,forward_right,0
2662,20.000,-35.500,0.500,0.000,H_y-34.0_x20.0_40.0_reverse_right,H_y-34.0_x20.0_40.0,H_y-34.0_x20.0_40.0,right,reverse,reverse_right,1
2663,20.500,-35.500,0.500,0.000,H_y-34.0_x20.0_40.0_reverse_right,H_y-34.0_x20.0_40.0,H_y-34.0_x20.0_40.0,right,reverse,reverse_right,1
2664,21.000,-35.500,0.500,0.000,H_y-34.0_x20.0_40.0_reverse_right,H_y-34.0_x20.0_40.0,H_y-34.0_x20.0_40.0,right,reverse,reverse_right,1
2665,21.500,-35.500,0.500,0.000,H_y-34.0_x20.0_40.0_reverse_right,H_y-34.0_x20.0_40.0,H_y-34.0_x20.0_40.0,right,reverse,reverse_right,1
2666,22.000,-35.500,0.500,0.000,H_y-34.0_x20.0_40.0_reverse_right,H_y-34.0_x20.0_40.0,H_y-34.0_x20.0_40.0,right,reverse,reverse_right,1
2667,22.500,-35.500,0.500,0.000,H_y-34.0_x20.0_40.0_reverse_right,H_y-34.0_x20.0_40.0,H_y-34.0_x20.0_40.0,right,reverse,reverse_right,1
2668,23.000,-35.500,0.500,0.000,H_y-34.0_x20.0_40.0_reverse_right,H_y-34.0_x20.0_40.0,H_y-34.0_x20.0_40.0,right,reverse,reverse_right,1
2669,23.500,-35.500,0.500,0.000,H_y-34.0_x20.0_40.0_reverse_right,H_y-34.0_x20.0_40.0,H_y-34.0_x20.0_40.0,right,reverse,reverse_right,1
2670,24.000,-35.500,0.500,0.000,H_y-34.0_x20.0_40.0_reverse_right,H_y-34.0_x20.0_40.0,H_y-34.0_x20.0_40.0,right,reverse,reverse_right,1
2671,24.500,-35.500,0.500,0.000,H_y-34.0_x20.0_40.0_reverse_right,H_y-34.0_x20.0_40.0,H_y-34.0_x20.0_40.0,right,reverse,reverse_right,1
2672,25.000,-35.500,0.500,0.000,H_y-34.0_x20.0_40.0_reverse_right,H_y-34.0_x20.0_40.0,H_y-34.0_x20.0_40.0,right,reverse,reverse_right,1
2673,25.500,-35.500,0.500,0.000,H_y-34.0_x20.0_40.0_reverse_right,H_y-34.0_x20.0_40.0,H_y-34.0_x20.0_40.0,right,reverse,reverse_right,1
2674,26.000,-35.500,0.500,0.000,H_y-34.0_x20.0_40.0_reverse_right,H_y-34.0_x20.0_40.0,H_y-34.0_x20.0_40.0,right,reverse,reverse_right,1
2675,26.500,-35.500,0.500,0.000,H_y-34.0_x20.0_40.0_reverse_right,H_y-34.0_x20.0_40.0,H_y-34.0_x20.0_40.0,right,reverse,reverse_right,1
2676,27.000,-35.500,0.500,0.000,H_y-34.0_x20.0_40.0_reverse_right,H_y-34.0_x20.0_40.0,H_y-34.0_x20.0_40.0,right,reverse,reverse_right,1
2677,27.500,-35.500,0.500,0.000,H_y-34.0_x20.0_40.0_reverse_right,H_y-34.0_x20.0_40.0,H_y-34.0_x20.0_40.0,right,reverse,reverse_right,1
2678,28.000,-35.500,0.500,0.000,H_y-34.0_x20.0_40.0_reverse_right,H_y-34.0_x20.0_40.0,H_y-34.0_x20.0_40.0,right,reverse,reverse_right,1
2679,28.500,-35.500,0.500,0.000,H_y-34.0_x20.0_40.0_reverse_right,H_y-34.0_x20.0_40.0,H_y-34.0_x20.0_40.0,right,reverse,reverse_right,1
2680,29.000,-35.500,0.500,0.000,H_y-34.0_x20.0_40.0_reverse_right,H_y-34.0_x20.0_40.0,H_y-34.0_x20.0_40.0,right,reverse,reverse_right,1
2681,29.500,-35.500,0.500,0.000,H_y-34.0_x20.0_40.0_reverse_right,H_y-34.0_x20.0_40.0,H_y-34.0_x20.0_40.0,right,reverse,reverse_right,1
2682,30.000,-35.500,0.500,0.000,H_y-34.0_x20.0_40.0_reverse_right,H_y-34.0_x20.0_40.0,H_y-34.0_x20.0_40.0,right,reverse,reverse_right,1
2683,30.500,-35.500,0.500,0.000,H_y-34.0_x20.0_40.0_reverse_right,H_y-34.0_x20.0_40.0,H_y-34.0_x20.0_40.0,right,reverse,reverse_right,1
2684,31.000,-35.500,0.500,0.000,H_y-34.0_x20.0_40.0_reverse_right,H_y-34.0_x20.0_40.0,H_y-34.0_x20.0_40.0,right,reverse,reverse_right,1
2685,31.500,-35.500,0.500,0.000,H_y-34.0_x20.0_40.0_reverse_right,H_y-34.0_x20.0_40.0,H_y-34.0_x20.0_40.0,right,reverse,reverse_right,1
2686,32.000,-35.500,0.500,0.000,H_y-34.0_x20.0_40.0_reverse_right,H_y-34.0_x20.0_40.0,H_y-34.0_x20.0_40.0,right,reverse,reverse_right,1
2687,32.500,-35.500,0.500,0.000,H_y-34.0_x20.0_40.0_reverse_right,H_y-34.0_x20.0_40.0,H_y-34.0_x20.0_40.0,right,reverse,reverse_right,1
2688,33.000,-35.500,0.500,0.000,H_y-34.0_x20.0_40.0_reverse_right,H_y-34.0_x20.0_40.0,H_y-34.0_x20.0_40.0,right,reverse,reverse_right,1
2689,33.500,-35.500,0.500,0.000,H_y-34.0_x20.0_40.0_reverse_right,H_y-34.0_x20.0_40.0,H_y-34.0_x20.0_40.0,right,reverse,reverse_right,1
2690,34.000,-35.500,0.500,0.000,H_y-34.0_x20.0_40.0_reverse_right,H_y-34.0_x20.0_40.0,H_y-34.0_x20.0_40.0,right,reverse,reverse_right,1
2691,34.500,-35.500,0.500,0.000,H_y-34.0_x20.0_40.0_reverse_right,H_y-34.0_x20.0_40.0,H_y-34.0_x20.0_40.0,right,reverse,reverse_right,1
2692,35.000,-35.500,0.500,0.000,H_y-34.0_x20.0_40.0_reverse_right,H_y-34.0_x20.0_40.0,H_y-34.0_x20.0_40.0,right,reverse,reverse_right,1
2693,35.500,-35.500,0.500,0.000,H_y-34.0_x20.0_40.0_reverse_right,H_y-34.0_x20.0_40.0,H_y-34.0_x20.0_40.0,right,reverse,reverse_right,1
2694,36.000,-35.500,0.500,0.000,H_y-34.0_x20.0_40.0_reverse_right,H_y-34.0_x20.0_40.0,H_y-34.0_x20.0_40.0,right,reverse,reverse_right,1
2695,36.500,-35.500,0.500,0.000,H_y-34.0_x20.0_40.0_reverse_right,H_y-34.0_x20.0_40.0,H_y-34.0_x20.0_40.0,right,reverse,reverse_right,1
2696,37.000,-35.500,0.500,0.000,H_y-34.0_x20.0_40.0_reverse_right,H_y-34.0_x20.0_40.0,H_y-34.0_x20.0_40.0,right,reverse,reverse_right,1
2697,37.500,-35.500,0.500,0.000,H_y-34.0_x20.0_40.0_reverse_right,H_y-34.0_x20.0_40.0,H_y-34.0_x20.0_40.0,right,reverse,reverse_right,1
2698,38.000,-35.500,0.500,0.000,H_y-34.0_x20.0_40.0_reverse_right,H_y-34.0_x20.0_40.0,H_y-34.0_x20.0_40.0,right,reverse,reverse_right,1
2699,38.500,-35.500,0.500,0.000,H_y-34.0_x20.0_40.0_reverse_right,H_y-34.0_x20.0_40.0,H_y-34.0_x20.0_40.0,right,reverse,reverse_right,1
2700,39.000,-35.500,0.500,0.000,H_y-34.0_x20.0_40.0_reverse_right,H_y-34.0_x20.0_40.0,H_y-34.0_x20.0_40.0,right,reverse,reverse_right,1
2701,39.500,-35.500,0.500,0.000,H_y-34.0_x20.0_40.0_reverse_right,H_y-34.0_x20.0_40.0,H_y-34.0_x20.0_40.0,right,reverse,reverse_right,1
2702,40.000,-35.500,0.500,0.000,H_y-34.0_x20.0_40.0_reverse_right,H_y-34.0_x20.0_40.0,H_y-34.0_x20.0_40.0,right,reverse,reverse_right,0
2703,20.000,-32.500,0.500,180.000,ENTRY_CONN_x2.0_forward_right,ENTRY_CONN_x2.0,ENTRY_CONN_x2.0,right,forward,forward_right,1
2704,19.500,-32.500,0.500,180.000,ENTRY_CONN_x2.0_forward_right,ENTRY_CONN_x2.0,ENTRY_CONN_x2.0,right,forward,forward_right,1
2705,19.000,-32.500,0.500,180.000,ENTRY_CONN_x2.0_forward_right,ENTRY_CONN_x2.0,ENTRY_CONN_x2.0,right,forward,forward_right,1
2706,18.500,-32.500,0.500,180.000,ENTRY_CONN_x2.0_forward_right,ENTRY_CONN_x2.0,ENTRY_CONN_x2.0,right,forward,forward_right,1
2707,18.000,-32.500,0.500,180.000,ENTRY_CONN_x2.0_forward_right,ENTRY_CONN_x2.0,ENTRY_CONN_x2.0,right,forward,forward_right,1
2708,17.500,-32.500,0.500,180.000,ENTRY_CONN_x2.0_forward_right,ENTRY_CONN_x2.0,ENTRY_CONN_x2.0,right,forward,forward_right,1
2709,17.000,-32.500,0.500,180.000,ENTRY_CONN_x2.0_forward_right,ENTRY_CONN_x2.0,ENTRY_CONN_x2.0,right,forward,forward_right,1
2710,16.500,-32.500,0.500,180.000,ENTRY_CONN_x2.0_forward_right,ENTRY_CONN_x2.0,ENTRY_CONN_x2.0,right,forward,forward_right,1
2711,16.000,-32.500,0.500,180.000,ENTRY_CONN_x2.0_forward_right,ENTRY_CONN_x2.0,ENTRY_CONN_x2.0,right,forward,forward_right,1
2712,15.500,-32.500,0.500,180.000,ENTRY_CONN_x2.0_forward_right,ENTRY_CONN_x2.0,ENTRY_CONN_x2.0,right,forward,forward_right,1
2713,15.000,-32.500,0.500,180.000,ENTRY_CONN_x2.0_forward_right,ENTRY_CONN_x2.0,ENTRY_CONN_x2.0,right,forward,forward_right,1
2714,14.500,-32.500,0.500,180.000,ENTRY_CONN_x2.0_forward_right,ENTRY_CONN_x2.0,ENTRY_CONN_x2.0,right,forward,forward_right,1
2715,14.000,-32.500,0.500,180.000,ENTRY_CONN_x2.0_forward_right,ENTRY_CONN_x2.0,ENTRY_CONN_x2.0,right,forward,forward_right,1
2716,13.500,-32.500,0.500,180.000,ENTRY_CONN_x2.0_forward_right,ENTRY_CONN_x2.0,ENTRY_CONN_x2.0,right,forward,forward_right,1
2717,13.000,-32.500,0.500,180.000,ENTRY_CONN_x2.0_forward_right,ENTRY_CONN_x2.0,ENTRY_CONN_x2.0,right,forward,forward_right,1
2718,12.500,-32.500,0.500,180.000,ENTRY_CONN_x2.0_forward_right,ENTRY_CONN_x2.0,ENTRY_CONN_x2.0,right,forward,forward_right,1
2719,12.000,-32.500,0.500,180.000,ENTRY_CONN_x2.0_forward_right,ENTRY_CONN_x2.0,ENTRY_CONN_x2.0,right,forward,forward_right,1
2720,11.500,-32.500,0.500,180.000,ENTRY_CONN_x2.0_forward_right,ENTRY_CONN_x2.0,ENTRY_CONN_x2.0,right,forward,forward_right,1
2721,11.000,-32.500,0.500,180.000,ENTRY_CONN_x2.0_forward_right,ENTRY_CONN_x2.0,ENTRY_CONN_x2.0,right,forward,forward_right,1
2722,10.500,-32.500,0.500,180.000,ENTRY_CONN_x2.0_forward_right,ENTRY_CONN_x2.0,ENTRY_CONN_x2.0,right,forward,forward_right,1
2723,10.000,-32.500,0.500,180.000,ENTRY_CONN_x2.0_forward_right,ENTRY_CONN_x2.0,ENTRY_CONN_x2.0,right,forward,forward_right,1
2724,9.500,-32.500,0.500,180.000,ENTRY_CONN_x2.0_forward_right,ENTRY_CONN_x2.0,ENTRY_CONN_x2.0,right,forward,forward_right,1
2725,9.000,-32.500,0.500,180.000,ENTRY_CONN_x2.0_forward_right,ENTRY_CONN_x2.0,ENTRY_CONN_x2.0,right,forward,forward_right,1
2726,8.500,-32.500,0.500,180.000,ENTRY_CONN_x2.0_forward_right,ENTRY_CONN_x2.0,ENTRY_CONN_x2.0,right,forward,forward_right,1
2727,8.000,-32.500,0.500,180.000,ENTRY_CONN_x2.0_forward_right,ENTRY_CONN_x2.0,ENTRY_CONN_x2.0,right,forward,forward_right,1
2728,7.500,-32.500,0.500,180.000,ENTRY_CONN_x2.0_forward_right,ENTRY_CONN_x2.0,ENTRY_CONN_x2.0,right,forward,forward_right,1
2729,7.000,-32.500,0.500,180.000,ENTRY_CONN_x2.0_forward_right,ENTRY_CONN_x2.0,ENTRY_CONN_x2.0,right,forward,forward_right,1
2730,6.500,-32.500,0.500,180.000,ENTRY_CONN_x2.0_forward_right,ENTRY_CONN_x2.0,ENTRY_CONN_x2.0,right,forward,forward_right,1
2731,6.000,-32.500,0.500,180.000,ENTRY_CONN_x2.0_forward_right,ENTRY_CONN_x2.0,ENTRY_CONN_x2.0,right,forward,forward_right,1
2732,5.500,-32.500,0.500,180.000,ENTRY_CONN_x2.0_forward_right,ENTRY_CONN_x2.0,ENTRY_CONN_x2.0,right,forward,forward_right,1
2733,5.000,-32.500,0.500,180.000,ENTRY_CONN_x2.0_forward_right,ENTRY_CONN_x2.0,ENTRY_CONN_x2.0,right,forward,forward_right,1
2734,4.500,-32.500,0.500,180.000,ENTRY_CONN_x2.0_forward_right,ENTRY_CONN_x2.0,ENTRY_CONN_x2.0,right,forward,forward_right,1
2735,4.000,-32.500,0.500,180.000,ENTRY_CONN_x2.0_forward_right,ENTRY_CONN_x2.0,ENTRY_CONN_x2.0,right,forward,forward_right,1
2736,3.500,-32.500,0.500,180.000,ENTRY_CONN_x2.0_forward_right,ENTRY_CONN_x2.0,ENTRY_CONN_x2.0,right,forward,forward_right,1
2737,3.000,-32.500,0.500,180.000,ENTRY_CONN_x2.0_forward_right,ENTRY_CONN_x2.0,ENTRY_CONN_x2.0,right,forward,forward_right,1
2738,2.500,-32.500,0.500,180.000,ENTRY_CONN_x2.0_forward_right,ENTRY_CONN_x2.0,ENTRY_CONN_x2.0,right,forward,forward_right,1
2739,2.000,-32.500,0.500,180.000,ENTRY_CONN_x2.0_forward_right,ENTRY_CONN_x2.0,ENTRY_CONN_x2.0,right,forward,forward_right,0
2740,2.000,-35.500,0.500,0.000,ENTRY_CONN_x2.0_reverse_right,ENTRY_CONN_x2.0,ENTRY_CONN_x2.0,right,reverse,reverse_right,1
2741,2.500,-35.500,0.500,0.000,ENTRY_CONN_x2.0_reverse_right,ENTRY_CONN_x2.0,ENTRY_CONN_x2.0,right,reverse,reverse_right,1
2742,3.000,-35.500,0.500,0.000,ENTRY_CONN_x2.0_reverse_right,ENTRY_CONN_x2.0,ENTRY_CONN_x2.0,right,reverse,reverse_right,1
2743,3.500,-35.500,0.500,0.000,ENTRY_CONN_x2.0_reverse_right,ENTRY_CONN_x2.0,ENTRY_CONN_x2.0,right,reverse,reverse_right,1
2744,4.000,-35.500,0.500,0.000,ENTRY_CONN_x2.0_reverse_right,ENTRY_CONN_x2.0,ENTRY_CONN_x2.0,right,reverse,reverse_right,1
2745,4.500,-35.500,0.500,0.000,ENTRY_CONN_x2.0_reverse_right,ENTRY_CONN_x2.0,ENTRY_CONN_x2.0,right,reverse,reverse_right,1
2746,5.000,-35.500,0.500,0.000,ENTRY_CONN_x2.0_reverse_right,ENTRY_CONN_x2.0,ENTRY_CONN_x2.0,right,reverse,reverse_right,1
2747,5.500,-35.500,0.500,0.000,ENTRY_CONN_x2.0_reverse_right,ENTRY_CONN_x2.0,ENTRY_CONN_x2.0,right,reverse,reverse_right,1
2748,6.000,-35.500,0.500,0.000,ENTRY_CONN_x2.0_reverse_right,ENTRY_CONN_x2.0,ENTRY_CONN_x2.0,right,reverse,reverse_right,1
2749,6.500,-35.500,0.500,0.000,ENTRY_CONN_x2.0_reverse_right,ENTRY_CONN_x2.0,ENTRY_CONN_x2.0,right,reverse,reverse_right,1
2750,7.000,-35.500,0.500,0.000,ENTRY_CONN_x2.0_reverse_right,ENTRY_CONN_x2.0,ENTRY_CONN_x2.0,right,reverse,reverse_right,1
2751,7.500,-35.500,0.500,0.000,ENTRY_CONN_x2.0_reverse_right,ENTRY_CONN_x2.0,ENTRY_CONN_x2.0,right,reverse,reverse_right,1
2752,8.000,-35.500,0.500,0.000,ENTRY_CONN_x2.0_reverse_right,ENTRY_CONN_x2.0,ENTRY_CONN_x2.0,right,reverse,reverse_right,1
2753,8.500,-35.500,0.500,0.000,ENTRY_CONN_x2.0_reverse_right,ENTRY_CONN_x2.0,ENTRY_CONN_x2.0,right,reverse,reverse_right,1
2754,9.000,-35.500,0.500,0.000,ENTRY_CONN_x2.0_reverse_right,ENTRY_CONN_x2.0,ENTRY_CONN_x2.0,right,reverse,reverse_right,1
2755,9.500,-35.500,0.500,0.000,ENTRY_CONN_x2.0_reverse_right,ENTRY_CONN_x2.0,ENTRY_CONN_x2.0,right,reverse,reverse_right,1
2756,10.000,-35.500,0.500,0.000,ENTRY_CONN_x2.0_reverse_right,ENTRY_CONN_x2.0,ENTRY_CONN_x2.0,right,reverse,reverse_right,1
2757,10.500,-35.500,0.500,0.000,ENTRY_CONN_x2.0_reverse_right,ENTRY_CONN_x2.0,ENTRY_CONN_x2.0,right,reverse,reverse_right,1
2758,11.000,-35.500,0.500,0.000,ENTRY_CONN_x2.0_reverse_right,ENTRY_CONN_x2.0,ENTRY_CONN_x2.0,right,reverse,reverse_right,1
2759,11.500,-35.500,0.500,0.000,ENTRY_CONN_x2.0_reverse_right,ENTRY_CONN_x2.0,ENTRY_CONN_x2.0,right,reverse,reverse_right,1
2760,12.000,-35.500,0.500,0.000,ENTRY_CONN_x2.0_reverse_right,ENTRY_CONN_x2.0,ENTRY_CONN_x2.0,right,reverse,reverse_right,1
2761,12.500,-35.500,0.500,0.000,ENTRY_CONN_x2.0_reverse_right,ENTRY_CONN_x2.0,ENTRY_CONN_x2.0,right,reverse,reverse_right,1
2762,13.000,-35.500,0.500,0.000,ENTRY_CONN_x2.0_reverse_right,ENTRY_CONN_x2.0,ENTRY_CONN_x2.0,right,reverse,reverse_right,1
2763,13.500,-35.500,0.500,0.000,ENTRY_CONN_x2.0_reverse_right,ENTRY_CONN_x2.0,ENTRY_CONN_x2.0,right,reverse,reverse_right,1
2764,14.000,-35.500,0.500,0.000,ENTRY_CONN_x2.0_reverse_right,ENTRY_CONN_x2.0,ENTRY_CONN_x2.0,right,reverse,reverse_right,1
2765,14.500,-35.500,0.500,0.000,ENTRY_CONN_x2.0_reverse_right,ENTRY_CONN_x2.0,ENTRY_CONN_x2.0,right,reverse,reverse_right,1
2766,15.000,-35.500,0.500,0.000,ENTRY_CONN_x2.0_reverse_right,ENTRY_CONN_x2.0,ENTRY_CONN_x2.0,right,reverse,reverse_right,1
2767,15.500,-35.500,0.500,0.000,ENTRY_CONN_x2.0_reverse_right,ENTRY_CONN_x2.0,ENTRY_CONN_x2.0,right,reverse,reverse_right,1
2768,16.000,-35.500,0.500,0.000,ENTRY_CONN_x2.0_reverse_right,ENTRY_CONN_x2.0,ENTRY_CONN_x2.0,right,reverse,reverse_right,1
2769,16.500,-35.500,0.500,0.000,ENTRY_CONN_x2.0_reverse_right,ENTRY_CONN_x2.0,ENTRY_CONN_x2.0,right,reverse,reverse_right,1
2770,17.000,-35.500,0.500,0.000,ENTRY_CONN_x2.0_reverse_right,ENTRY_CONN_x2.0,ENTRY_CONN_x2.0,right,reverse,reverse_right,1
2771,17.500,-35.500,0.500,0.000,ENTRY_CONN_x2.0_reverse_right,ENTRY_CONN_x2.0,ENTRY_CONN_x2.0,right,reverse,reverse_right,1
2772,18.000,-35.500,0.500,0.000,ENTRY_CONN_x2.0_reverse_right,ENTRY_CONN_x2.0,ENTRY_CONN_x2.0,right,reverse,reverse_right,1
2773,18.500,-35.500,0.500,0.000,ENTRY_CONN_x2.0_reverse_right,ENTRY_CONN_x2.0,ENTRY_CONN_x2.0,right,reverse,reverse_right,1
2774,19.000,-35.500,0.500,0.000,ENTRY_CONN_x2.0_reverse_right,ENTRY_CONN_x2.0,ENTRY_CONN_x2.0,right,reverse,reverse_right,1
2775,19.500,-35.500,0.500,0.000,ENTRY_CONN_x2.0_reverse_right,ENTRY_CONN_x2.0,ENTRY_CONN_x2.0,right,reverse,reverse_right,1
2776,20.000,-35.500,0.500,0.000,ENTRY_CONN_x2.0_reverse_right,ENTRY_CONN_x2.0,ENTRY_CONN_x2.0,right,reverse,reverse_right,0
2777,41.500,26.000,0.500,90.000,V_x40.0_y26.0_48.0_forward_right,V_x40.0_y26.0_48.0,V_x40.0_y26.0_48.0,right,forward,forward_right,1
2778,41.500,26.500,0.500,90.000,V_x40.0_y26.0_48.0_forward_right,V_x40.0_y26.0_48.0,V_x40.0_y26.0_48.0,right,forward,forward_right,1
2779,41.500,27.000,0.500,90.000,V_x40.0_y26.0_48.0_forward_right,V_x40.0_y26.0_48.0,V_x40.0_y26.0_48.0,right,forward,forward_right,1
2780,41.500,27.500,0.500,90.000,V_x40.0_y26.0_48.0_forward_right,V_x40.0_y26.0_48.0,V_x40.0_y26.0_48.0,right,forward,forward_right,1
2781,41.500,28.000,0.500,90.000,V_x40.0_y26.0_48.0_forward_right,V_x40.0_y26.0_48.0,V_x40.0_y26.0_48.0,right,forward,forward_right,1
2782,41.500,28.500,0.500,90.000,V_x40.0_y26.0_48.0_forward_right,V_x40.0_y26.0_48.0,V_x40.0_y26.0_48.0,right,forward,forward_right,1
2783,41.500,29.000,0.500,90.000,V_x40.0_y26.0_48.0_forward_right,V_x40.0_y26.0_48.0,V_x40.0_y26.0_48.0,right,forward,forward_right,1
2784,41.500,29.500,0.500,90.000,V_x40.0_y26.0_48.0_forward_right,V_x40.0_y26.0_48.0,V_x40.0_y26.0_48.0,right,forward,forward_right,1
2785,41.500,30.000,0.500,90.000,V_x40.0_y26.0_48.0_forward_right,V_x40.0_y26.0_48.0,V_x40.0_y26.0_48.0,right,forward,forward_right,1
2786,41.500,30.500,0.500,90.000,V_x40.0_y26.0_48.0_forward_right,V_x40.0_y26.0_48.0,V_x40.0_y26.0_48.0,right,forward,forward_right,1
2787,41.500,31.000,0.500,90.000,V_x40.0_y26.0_48.0_forward_right,V_x40.0_y26.0_48.0,V_x40.0_y26.0_48.0,right,forward,forward_right,1
2788,41.500,31.500,0.500,90.000,V_x40.0_y26.0_48.0_forward_right,V_x40.0_y26.0_48.0,V_x40.0_y26.0_48.0,right,forward,forward_right,1
2789,41.500,32.000,0.500,90.000,V_x40.0_y26.0_48.0_forward_right,V_x40.0_y26.0_48.0,V_x40.0_y26.0_48.0,right,forward,forward_right,1
2790,41.500,32.500,0.500,90.000,V_x40.0_y26.0_48.0_forward_right,V_x40.0_y26.0_48.0,V_x40.0_y26.0_48.0,right,forward,forward_right,1
2791,41.500,33.000,0.500,90.000,V_x40.0_y26.0_48.0_forward_right,V_x40.0_y26.0_48.0,V_x40.0_y26.0_48.0,right,forward,forward_right,1
2792,41.500,33.500,0.500,90.000,V_x40.0_y26.0_48.0_forward_right,V_x40.0_y26.0_48.0,V_x40.0_y26.0_48.0,right,forward,forward_right,1
2793,41.500,34.000,0.500,90.000,V_x40.0_y26.0_48.0_forward_right,V_x40.0_y26.0_48.0,V_x40.0_y26.0_48.0,right,forward,forward_right,1
2794,41.500,34.500,0.500,90.000,V_x40.0_y26.0_48.0_forward_right,V_x40.0_y26.0_48.0,V_x40.0_y26.0_48.0,right,forward,forward_right,1
2795,41.500,35.000,0.500,90.000,V_x40.0_y26.0_48.0_forward_right,V_x40.0_y26.0_48.0,V_x40.0_y26.0_48.0,right,forward,forward_right,1
2796,41.500,35.500,0.500,90.000,V_x40.0_y26.0_48.0_forward_right,V_x40.0_y26.0_48.0,V_x40.0_y26.0_48.0,right,forward,forward_right,1
2797,41.500,36.000,0.500,90.000,V_x40.0_y26.0_48.0_forward_right,V_x40.0_y26.0_48.0,V_x40.0_y26.0_48.0,right,forward,forward_right,1
2798,41.500,36.500,0.500,90.000,V_x40.0_y26.0_48.0_forward_right,V_x40.0_y26.0_48.0,V_x40.0_y26.0_48.0,right,forward,forward_right,1
2799,41.500,37.000,0.500,90.000,V_x40.0_y26.0_48.0_forward_right,V_x40.0_y26.0_48.0,V_x40.0_y26.0_48.0,right,forward,forward_right,1
2800,41.500,37.500,0.500,90.000,V_x40.0_y26.0_48.0_forward_right,V_x40.0_y26.0_48.0,V_x40.0_y26.0_48.0,right,forward,forward_right,1
2801,41.500,38.000,0.500,90.000,V_x40.0_y26.0_48.0_forward_right,V_x40.0_y26.0_48.0,V_x40.0_y26.0_48.0,right,forward,forward_right,1
2802,41.500,38.500,0.500,90.000,V_x40.0_y26.0_48.0_forward_right,V_x40.0_y26.0_48.0,V_x40.0_y26.0_48.0,right,forward,forward_right,1
2803,41.500,39.000,0.500,90.000,V_x40.0_y26.0_48.0_forward_right,V_x40.0_y26.0_48.0,V_x40.0_y26.0_48.0,right,forward,forward_right,1
2804,41.500,39.500,0.500,90.000,V_x40.0_y26.0_48.0_forward_right,V_x40.0_y26.0_48.0,V_x40.0_y26.0_48.0,right,forward,forward_right,1
2805,41.500,40.000,0.500,90.000,V_x40.0_y26.0_48.0_forward_right,V_x40.0_y26.0_48.0,V_x40.0_y26.0_48.0,right,forward,forward_right,1
2806,41.500,40.500,0.500,90.000,V_x40.0_y26.0_48.0_forward_right,V_x40.0_y26.0_48.0,V_x40.0_y26.0_48.0,right,forward,forward_right,1
2807,41.500,41.000,0.500,90.000,V_x40.0_y26.0_48.0_forward_right,V_x40.0_y26.0_48.0,V_x40.0_y26.0_48.0,right,forward,forward_right,1
2808,41.500,41.500,0.500,90.000,V_x40.0_y26.0_48.0_forward_right,V_x40.0_y26.0_48.0,V_x40.0_y26.0_48.0,right,forward,forward_right,1
2809,41.500,42.000,0.500,90.000,V_x40.0_y26.0_48.0_forward_right,V_x40.0_y26.0_48.0,V_x40.0_y26.0_48.0,right,forward,forward_right,1
2810,41.500,42.500,0.500,90.000,V_x40.0_y26.0_48.0_forward_right,V_x40.0_y26.0_48.0,V_x40.0_y26.0_48.0,right,forward,forward_right,1
2811,41.500,43.000,0.500,90.000,V_x40.0_y26.0_48.0_forward_right,V_x40.0_y26.0_48.0,V_x40.0_y26.0_48.0,right,forward,forward_right,1
2812,41.500,43.500,0.500,90.000,V_x40.0_y26.0_48.0_forward_right,V_x40.0_y26.0_48.0,V_x40.0_y26.0_48.0,right,forward,forward_right,1
2813,41.500,44.000,0.500,90.000,V_x40.0_y26.0_48.0_forward_right,V_x40.0_y26.0_48.0,V_x40.0_y26.0_48.0,right,forward,forward_right,1
2814,41.500,44.500,0.500,90.000,V_x40.0_y26.0_48.0_forward_right,V_x40.0_y26.0_48.0,V_x40.0_y26.0_48.0,right,forward,forward_right,1
2815,41.500,45.000,0.500,90.000,V_x40.0_y26.0_48.0_forward_right,V_x40.0_y26.0_48.0,V_x40.0_y26.0_48.0,right,forward,forward_right,1
2816,41.500,45.500,0.500,90.000,V_x40.0_y26.0_48.0_forward_right,V_x40.0_y26.0_48.0,V_x40.0_y26.0_48.0,right,forward,forward_right,1
2817,41.500,46.000,0.500,90.000,V_x40.0_y26.0_48.0_forward_right,V_x40.0_y26.0_48.0,V_x40.0_y26.0_48.0,right,forward,forward_right,1
2818,41.500,46.500,0.500,90.000,V_x40.0_y26.0_48.0_forward_right,V_x40.0_y26.0_48.0,V_x40.0_y26.0_48.0,right,forward,forward_right,1
2819,41.500,47.000,0.500,90.000,V_x40.0_y26.0_48.0_forward_right,V_x40.0_y26.0_48.0,V_x40.0_y26.0_48.0,right,forward,forward_right,1
2820,41.500,47.500,0.500,90.000,V_x40.0_y26.0_48.0_forward_right,V_x40.0_y26.0_48.0,V_x40.0_y26.0_48.0,right,forward,forward_right,1
2821,41.500,48.000,0.500,90.000,V_x40.0_y26.0_48.0_forward_right,V_x40.0_y26.0_48.0,V_x40.0_y26.0_48.0,right,forward,forward_right,0
2822,38.500,48.000,0.500,-90.000,V_x40.0_y26.0_48.0_reverse_right,V_x40.0_y26.0_48.0,V_x40.0_y26.0_48.0,right,reverse,reverse_right,1
2823,38.500,47.500,0.500,-90.000,V_x40.0_y26.0_48.0_reverse_right,V_x40.0_y26.0_48.0,V_x40.0_y26.0_48.0,right,reverse,reverse_right,1
2824,38.500,47.000,0.500,-90.000,V_x40.0_y26.0_48.0_reverse_right,V_x40.0_y26.0_48.0,V_x40.0_y26.0_48.0,right,reverse,reverse_right,1
2825,38.500,46.500,0.500,-90.000,V_x40.0_y26.0_48.0_reverse_right,V_x40.0_y26.0_48.0,V_x40.0_y26.0_48.0,right,reverse,reverse_right,1
2826,38.500,46.000,0.500,-90.000,V_x40.0_y26.0_48.0_reverse_right,V_x40.0_y26.0_48.0,V_x40.0_y26.0_48.0,right,reverse,reverse_right,1
2827,38.500,45.500,0.500,-90.000,V_x40.0_y26.0_48.0_reverse_right,V_x40.0_y26.0_48.0,V_x40.0_y26.0_48.0,right,reverse,reverse_right,1
2828,38.500,45.000,0.500,-90.000,V_x40.0_y26.0_48.0_reverse_right,V_x40.0_y26.0_48.0,V_x40.0_y26.0_48.0,right,reverse,reverse_right,1
2829,38.500,44.500,0.500,-90.000,V_x40.0_y26.0_48.0_reverse_right,V_x40.0_y26.0_48.0,V_x40.0_y26.0_48.0,right,reverse,reverse_right,1
2830,38.500,44.000,0.500,-90.000,V_x40.0_y26.0_48.0_reverse_right,V_x40.0_y26.0_48.0,V_x40.0_y26.0_48.0,right,reverse,reverse_right,1
2831,38.500,43.500,0.500,-90.000,V_x40.0_y26.0_48.0_reverse_right,V_x40.0_y26.0_48.0,V_x40.0_y26.0_48.0,right,reverse,reverse_right,1
2832,38.500,43.000,0.500,-90.000,V_x40.0_y26.0_48.0_reverse_right,V_x40.0_y26.0_48.0,V_x40.0_y26.0_48.0,right,reverse,reverse_right,1
2833,38.500,42.500,0.500,-90.000,V_x40.0_y26.0_48.0_reverse_right,V_x40.0_y26.0_48.0,V_x40.0_y26.0_48.0,right,reverse,reverse_right,1
2834,38.500,42.000,0.500,-90.000,V_x40.0_y26.0_48.0_reverse_right,V_x40.0_y26.0_48.0,V_x40.0_y26.0_48.0,right,reverse,reverse_right,1
2835,38.500,41.500,0.500,-90.000,V_x40.0_y26.0_48.0_reverse_right,V_x40.0_y26.0_48.0,V_x40.0_y26.0_48.0,right,reverse,reverse_right,1
2836,38.500,41.000,0.500,-90.000,V_x40.0_y26.0_48.0_reverse_right,V_x40.0_y26.0_48.0,V_x40.0_y26.0_48.0,right,reverse,reverse_right,1
2837,38.500,40.500,0.500,-90.000,V_x40.0_y26.0_48.0_reverse_right,V_x40.0_y26.0_48.0,V_x40.0_y26.0_48.0,right,reverse,reverse_right,1
2838,38.500,40.000,0.500,-90.000,V_x40.0_y26.0_48.0_reverse_right,V_x40.0_y26.0_48.0,V_x40.0_y26.0_48.0,right,reverse,reverse_right,1
2839,38.500,39.500,0.500,-90.000,V_x40.0_y26.0_48.0_reverse_right,V_x40.0_y26.0_48.0,V_x40.0_y26.0_48.0,right,reverse,reverse_right,1
2840,38.500,39.000,0.500,-90.000,V_x40.0_y26.0_48.0_reverse_right,V_x40.0_y26.0_48.0,V_x40.0_y26.0_48.0,right,reverse,reverse_right,1
2841,38.500,38.500,0.500,-90.000,V_x40.0_y26.0_48.0_reverse_right,V_x40.0_y26.0_48.0,V_x40.0_y26.0_48.0,right,reverse,reverse_right,1
2842,38.500,38.000,0.500,-90.000,V_x40.0_y26.0_48.0_reverse_right,V_x40.0_y26.0_48.0,V_x40.0_y26.0_48.0,right,reverse,reverse_right,1
2843,38.500,37.500,0.500,-90.000,V_x40.0_y26.0_48.0_reverse_right,V_x40.0_y26.0_48.0,V_x40.0_y26.0_48.0,right,reverse,reverse_right,1
2844,38.500,37.000,0.500,-90.000,V_x40.0_y26.0_48.0_reverse_right,V_x40.0_y26.0_48.0,V_x40.0_y26.0_48.0,right,reverse,reverse_right,1
2845,38.500,36.500,0.500,-90.000,V_x40.0_y26.0_48.0_reverse_right,V_x40.0_y26.0_48.0,V_x40.0_y26.0_48.0,right,reverse,reverse_right,1
2846,38.500,36.000,0.500,-90.000,V_x40.0_y26.0_48.0_reverse_right,V_x40.0_y26.0_48.0,V_x40.0_y26.0_48.0,right,reverse,reverse_right,1
2847,38.500,35.500,0.500,-90.000,V_x40.0_y26.0_48.0_reverse_right,V_x40.0_y26.0_48.0,V_x40.0_y26.0_48.0,right,reverse,reverse_right,1
2848,38.500,35.000,0.500,-90.000,V_x40.0_y26.0_48.0_reverse_right,V_x40.0_y26.0_48.0,V_x40.0_y26.0_48.0,right,reverse,reverse_right,1
2849,38.500,34.500,0.500,-90.000,V_x40.0_y26.0_48.0_reverse_right,V_x40.0_y26.0_48.0,V_x40.0_y26.0_48.0,right,reverse,reverse_right,1
2850,38.500,34.000,0.500,-90.000,V_x40.0_y26.0_48.0_reverse_right,V_x40.0_y26.0_48.0,V_x40.0_y26.0_48.0,right,reverse,reverse_right,1
2851,38.500,33.500,0.500,-90.000,V_x40.0_y26.0_48.0_reverse_right,V_x40.0_y26.0_48.0,V_x40.0_y26.0_48.0,right,reverse,reverse_right,1
2852,38.500,33.000,0.500,-90.000,V_x40.0_y26.0_48.0_reverse_right,V_x40.0_y26.0_48.0,V_x40.0_y26.0_48.0,right,reverse,reverse_right,1
2853,38.500,32.500,0.500,-90.000,V_x40.0_y26.0_48.0_reverse_right,V_x40.0_y26.0_48.0,V_x40.0_y26.0_48.0,right,reverse,reverse_right,1
2854,38.500,32.000,0.500,-90.000,V_x40.0_y26.0_48.0_reverse_right,V_x40.0_y26.0_48.0,V_x40.0_y26.0_48.0,right,reverse,reverse_right,1
2855,38.500,31.500,0.500,-90.000,V_x40.0_y26.0_48.0_reverse_right,V_x40.0_y26.0_48.0,V_x40.0_y26.0_48.0,right,reverse,reverse_right,1
2856,38.500,31.000,0.500,-90.000,V_x40.0_y26.0_48.0_reverse_right,V_x40.0_y26.0_48.0,V_x40.0_y26.0_48.0,right,reverse,reverse_right,1
2857,38.500,30.500,0.500,-90.000,V_x40.0_y26.0_48.0_reverse_right,V_x40.0_y26.0_48.0,V_x40.0_y26.0_48.0,right,reverse,reverse_right,1
2858,38.500,30.000,0.500,-90.000,V_x40.0_y26.0_48.0_reverse_right,V_x40.0_y26.0_48.0,V_x40.0_y26.0_48.0,right,reverse,reverse_right,1
2859,38.500,29.500,0.500,-90.000,V_x40.0_y26.0_48.0_reverse_right,V_x40.0_y26.0_48.0,V_x40.0_y26.0_48.0,right,reverse,reverse_right,1
2860,38.500,29.000,0.500,-90.000,V_x40.0_y26.0_48.0_reverse_right,V_x40.0_y26.0_48.0,V_x40.0_y26.0_48.0,right,reverse,reverse_right,1
2861,38.500,28.500,0.500,-90.000,V_x40.0_y26.0_48.0_reverse_right,V_x40.0_y26.0_48.0,V_x40.0_y26.0_48.0,right,reverse,reverse_right,1
2862,38.500,28.000,0.500,-90.000,V_x40.0_y26.0_48.0_reverse_right,V_x40.0_y26.0_48.0,V_x40.0_y26.0_48.0,right,reverse,reverse_right,1
2863,38.500,27.500,0.500,-90.000,V_x40.0_y26.0_48.0_reverse_right,V_x40.0_y26.0_48.0,V_x40.0_y26.0_48.0,right,reverse,reverse_right,1
2864,38.500,27.000,0.500,-90.000,V_x40.0_y26.0_48.0_reverse_right,V_x40.0_y26.0_48.0,V_x40.0_y26.0_48.0,right,reverse,reverse_right,1
2865,38.500,26.500,0.500,-90.000,V_x40.0_y26.0_48.0_reverse_right,V_x40.0_y26.0_48.0,V_x40.0_y26.0_48.0,right,reverse,reverse_right,1
2866,38.500,26.000,0.500,-90.000,V_x40.0_y26.0_48.0_reverse_right,V_x40.0_y26.0_48.0,V_x40.0_y26.0_48.0,right,reverse,reverse_right,0
2867,36.000,46.500,0.500,0.000,outer_top_right_conn0_forward_right,outer_top_right_conn0,outer_top_right_conn0,right,forward,forward_right,1
2868,36.500,46.500,0.500,0.000,outer_top_right_conn0_forward_right,outer_top_right_conn0,outer_top_right_conn0,right,forward,forward_right,1
2869,37.000,46.500,0.500,0.000,outer_top_right_conn0_forward_right,outer_top_right_conn0,outer_top_right_conn0,right,forward,forward_right,1
2870,37.500,46.500,0.500,0.000,outer_top_right_conn0_forward_right,outer_top_right_conn0,outer_top_right_conn0,right,forward,forward_right,1
2871,38.000,46.500,0.500,0.000,outer_top_right_conn0_forward_right,outer_top_right_conn0,outer_top_right_conn0,right,forward,forward_right,1
2872,38.500,46.500,0.500,0.000,outer_top_right_conn0_forward_right,outer_top_right_conn0,outer_top_right_conn0,right,forward,forward_right,1
2873,39.000,46.500,0.500,0.000,outer_top_right_conn0_forward_right,outer_top_right_conn0,outer_top_right_conn0,right,forward,forward_right,1
2874,39.500,46.500,0.500,0.000,outer_top_right_conn0_forward_right,outer_top_right_conn0,outer_top_right_conn0,right,forward,forward_right,1
2875,40.000,46.500,0.500,0.000,outer_top_right_conn0_forward_right,outer_top_right_conn0,outer_top_right_conn0,right,forward,forward_right,0
2876,40.000,49.500,0.500,180.000,outer_top_right_conn0_reverse_right,outer_top_right_conn0,outer_top_right_conn0,right,reverse,reverse_right,1
2877,39.500,49.500,0.500,180.000,outer_top_right_conn0_reverse_right,outer_top_right_conn0,outer_top_right_conn0,right,reverse,reverse_right,1
2878,39.000,49.500,0.500,180.000,outer_top_right_conn0_reverse_right,outer_top_right_conn0,outer_top_right_conn0,right,reverse,reverse_right,1
2879,38.500,49.500,0.500,180.000,outer_top_right_conn0_reverse_right,outer_top_right_conn0,outer_top_right_conn0,right,reverse,reverse_right,1
2880,38.000,49.500,0.500,180.000,outer_top_right_conn0_reverse_right,outer_top_right_conn0,outer_top_right_conn0,right,reverse,reverse_right,1
2881,37.500,49.500,0.500,180.000,outer_top_right_conn0_reverse_right,outer_top_right_conn0,outer_top_right_conn0,right,reverse,reverse_right,1
2882,37.000,49.500,0.500,180.000,outer_top_right_conn0_reverse_right,outer_top_right_conn0,outer_top_right_conn0,right,reverse,reverse_right,1
2883,36.500,49.500,0.500,180.000,outer_top_right_conn0_reverse_right,outer_top_right_conn0,outer_top_right_conn0,right,reverse,reverse_right,1
2884,36.000,49.500,0.500,180.000,outer_top_right_conn0_reverse_right,outer_top_right_conn0,outer_top_right_conn0,right,reverse,reverse_right,0
2885,41.500,44.000,0.500,90.000,outer_top_right_conn1_forward_right,outer_top_right_conn1,outer_top_right_conn1,right,forward,forward_right,1
2886,41.500,44.500,0.500,90.000,outer_top_right_conn1_forward_right,outer_top_right_conn1,outer_top_right_conn1,right,forward,forward_right,1
2887,41.500,45.000,0.500,90.000,outer_top_right_conn1_forward_right,outer_top_right_conn1,outer_top_right_conn1,right,forward,forward_right,1
2888,41.500,45.500,0.500,90.000,outer_top_right_conn1_forward_right,outer_top_right_conn1,outer_top_right_conn1,right,forward,forward_right,1
2889,41.500,46.000,0.500,90.000,outer_top_right_conn1_forward_right,outer_top_right_conn1,outer_top_right_conn1,right,forward,forward_right,1
2890,41.500,46.500,0.500,90.000,outer_top_right_conn1_forward_right,outer_top_right_conn1,outer_top_right_conn1,right,forward,forward_right,1
2891,41.500,47.000,0.500,90.000,outer_top_right_conn1_forward_right,outer_top_right_conn1,outer_top_right_conn1,right,forward,forward_right,1
2892,41.500,47.500,0.500,90.000,outer_top_right_conn1_forward_right,outer_top_right_conn1,outer_top_right_conn1,right,forward,forward_right,1
2893,41.500,48.000,0.500,90.000,outer_top_right_conn1_forward_right,outer_top_right_conn1,outer_top_right_conn1,right,forward,forward_right,0
2894,38.500,48.000,0.500,-90.000,outer_top_right_conn1_reverse_right,outer_top_right_conn1,outer_top_right_conn1,right,reverse,reverse_right,1
2895,38.500,47.500,0.500,-90.000,outer_top_right_conn1_reverse_right,outer_top_right_conn1,outer_top_right_conn1,right,reverse,reverse_right,1
2896,38.500,47.000,0.500,-90.000,outer_top_right_conn1_reverse_right,outer_top_right_conn1,outer_top_right_conn1,right,reverse,reverse_right,1
2897,38.500,46.500,0.500,-90.000,outer_top_right_conn1_reverse_right,outer_top_right_conn1,outer_top_right_conn1,right,reverse,reverse_right,1
2898,38.500,46.000,0.500,-90.000,outer_top_right_conn1_reverse_right,outer_top_right_conn1,outer_top_right_conn1,right,reverse,reverse_right,1
2899,38.500,45.500,0.500,-90.000,outer_top_right_conn1_reverse_right,outer_top_right_conn1,outer_top_right_conn1,right,reverse,reverse_right,1
2900,38.500,45.000,0.500,-90.000,outer_top_right_conn1_reverse_right,outer_top_right_conn1,outer_top_right_conn1,right,reverse,reverse_right,1
2901,38.500,44.500,0.500,-90.000,outer_top_right_conn1_reverse_right,outer_top_right_conn1,outer_top_right_conn1,right,reverse,reverse_right,1
2902,38.500,44.000,0.500,-90.000,outer_top_right_conn1_reverse_right,outer_top_right_conn1,outer_top_right_conn1,right,reverse,reverse_right,0
2903,41.500,-3.000,0.500,90.000,V_x40.0_y-3.0_26.0_forward_right,V_x40.0_y-3.0_26.0,V_x40.0_y-3.0_26.0,right,forward,forward_right,1
2904,41.500,-2.500,0.500,90.000,V_x40.0_y-3.0_26.0_forward_right,V_x40.0_y-3.0_26.0,V_x40.0_y-3.0_26.0,right,forward,forward_right,1
2905,41.500,-2.000,0.500,90.000,V_x40.0_y-3.0_26.0_forward_right,V_x40.0_y-3.0_26.0,V_x40.0_y-3.0_26.0,right,forward,forward_right,1
2906,41.500,-1.500,0.500,90.000,V_x40.0_y-3.0_26.0_forward_right,V_x40.0_y-3.0_26.0,V_x40.0_y-3.0_26.0,right,forward,forward_right,1
2907,41.500,-1.000,0.500,90.000,V_x40.0_y-3.0_26.0_forward_right,V_x40.0_y-3.0_26.0,V_x40.0_y-3.0_26.0,right,forward,forward_right,1
2908,41.500,-0.500,0.500,90.000,V_x40.0_y-3.0_26.0_forward_right,V_x40.0_y-3.0_26.0,V_x40.0_y-3.0_26.0,right,forward,forward_right,1
2909,41.500,-0.000,0.500,90.000,V_x40.0_y-3.0_26.0_forward_right,V_x40.0_y-3.0_26.0,V_x40.0_y-3.0_26.0,right,forward,forward_right,1
2910,41.500,0.500,0.500,90.000,V_x40.0_y-3.0_26.0_forward_right,V_x40.0_y-3.0_26.0,V_x40.0_y-3.0_26.0,right,forward,forward_right,1
2911,41.500,1.000,0.500,90.000,V_x40.0_y-3.0_26.0_forward_right,V_x40.0_y-3.0_26.0,V_x40.0_y-3.0_26.0,right,forward,forward_right,1
2912,41.500,1.500,0.500,90.000,V_x40.0_y-3.0_26.0_forward_right,V_x40.0_y-3.0_26.0,V_x40.0_y-3.0_26.0,right,forward,forward_right,1
2913,41.500,2.000,0.500,90.000,V_x40.0_y-3.0_26.0_forward_right,V_x40.0_y-3.0_26.0,V_x40.0_y-3.0_26.0,right,forward,forward_right,1
2914,41.500,2.500,0.500,90.000,V_x40.0_y-3.0_26.0_forward_right,V_x40.0_y-3.0_26.0,V_x40.0_y-3.0_26.0,right,forward,forward_right,1
2915,41.500,3.000,0.500,90.000,V_x40.0_y-3.0_26.0_forward_right,V_x40.0_y-3.0_26.0,V_x40.0_y-3.0_26.0,right,forward,forward_right,1
2916,41.500,3.500,0.500,90.000,V_x40.0_y-3.0_26.0_forward_right,V_x40.0_y-3.0_26.0,V_x40.0_y-3.0_26.0,right,forward,forward_right,1
2917,41.500,4.000,0.500,90.000,V_x40.0_y-3.0_26.0_forward_right,V_x40.0_y-3.0_26.0,V_x40.0_y-3.0_26.0,right,forward,forward_right,1
2918,41.500,4.500,0.500,90.000,V_x40.0_y-3.0_26.0_forward_right,V_x40.0_y-3.0_26.0,V_x40.0_y-3.0_26.0,right,forward,forward_right,1
2919,41.500,5.000,0.500,90.000,V_x40.0_y-3.0_26.0_forward_right,V_x40.0_y-3.0_26.0,V_x40.0_y-3.0_26.0,right,forward,forward_right,1
2920,41.500,5.500,0.500,90.000,V_x40.0_y-3.0_26.0_forward_right,V_x40.0_y-3.0_26.0,V_x40.0_y-3.0_26.0,right,forward,forward_right,1
2921,41.500,6.000,0.500,90.000,V_x40.0_y-3.0_26.0_forward_right,V_x40.0_y-3.0_26.0,V_x40.0_y-3.0_26.0,right,forward,forward_right,1
2922,41.500,6.500,0.500,90.000,V_x40.0_y-3.0_26.0_forward_right,V_x40.0_y-3.0_26.0,V_x40.0_y-3.0_26.0,right,forward,forward_right,1
2923,41.500,7.000,0.500,90.000,V_x40.0_y-3.0_26.0_forward_right,V_x40.0_y-3.0_26.0,V_x40.0_y-3.0_26.0,right,forward,forward_right,1
2924,41.500,7.500,0.500,90.000,V_x40.0_y-3.0_26.0_forward_right,V_x40.0_y-3.0_26.0,V_x40.0_y-3.0_26.0,right,forward,forward_right,1
2925,41.500,8.000,0.500,90.000,V_x40.0_y-3.0_26.0_forward_right,V_x40.0_y-3.0_26.0,V_x40.0_y-3.0_26.0,right,forward,forward_right,1
2926,41.500,8.500,0.500,90.000,V_x40.0_y-3.0_26.0_forward_right,V_x40.0_y-3.0_26.0,V_x40.0_y-3.0_26.0,right,forward,forward_right,1
2927,41.500,9.000,0.500,90.000,V_x40.0_y-3.0_26.0_forward_right,V_x40.0_y-3.0_26.0,V_x40.0_y-3.0_26.0,right,forward,forward_right,1
2928,41.500,9.500,0.500,90.000,V_x40.0_y-3.0_26.0_forward_right,V_x40.0_y-3.0_26.0,V_x40.0_y-3.0_26.0,right,forward,forward_right,1
2929,41.500,10.000,0.500,90.000,V_x40.0_y-3.0_26.0_forward_right,V_x40.0_y-3.0_26.0,V_x40.0_y-3.0_26.0,right,forward,forward_right,1
2930,41.500,10.500,0.500,90.000,V_x40.0_y-3.0_26.0_forward_right,V_x40.0_y-3.0_26.0,V_x40.0_y-3.0_26.0,right,forward,forward_right,1
2931,41.500,11.000,0.500,90.000,V_x40.0_y-3.0_26.0_forward_right,V_x40.0_y-3.0_26.0,V_x40.0_y-3.0_26.0,right,forward,forward_right,1
2932,41.500,11.500,0.500,90.000,V_x40.0_y-3.0_26.0_forward_right,V_x40.0_y-3.0_26.0,V_x40.0_y-3.0_26.0,right,forward,forward_right,1
2933,41.500,12.000,0.500,90.000,V_x40.0_y-3.0_26.0_forward_right,V_x40.0_y-3.0_26.0,V_x40.0_y-3.0_26.0,right,forward,forward_right,1
2934,41.500,12.500,0.500,90.000,V_x40.0_y-3.0_26.0_forward_right,V_x40.0_y-3.0_26.0,V_x40.0_y-3.0_26.0,right,forward,forward_right,1
2935,41.500,13.000,0.500,90.000,V_x40.0_y-3.0_26.0_forward_right,V_x40.0_y-3.0_26.0,V_x40.0_y-3.0_26.0,right,forward,forward_right,1
2936,41.500,13.500,0.500,90.000,V_x40.0_y-3.0_26.0_forward_right,V_x40.0_y-3.0_26.0,V_x40.0_y-3.0_26.0,right,forward,forward_right,1
2937,41.500,14.000,0.500,90.000,V_x40.0_y-3.0_26.0_forward_right,V_x40.0_y-3.0_26.0,V_x40.0_y-3.0_26.0,right,forward,forward_right,1
2938,41.500,14.500,0.500,90.000,V_x40.0_y-3.0_26.0_forward_right,V_x40.0_y-3.0_26.0,V_x40.0_y-3.0_26.0,right,forward,forward_right,1
2939,41.500,15.000,0.500,90.000,V_x40.0_y-3.0_26.0_forward_right,V_x40.0_y-3.0_26.0,V_x40.0_y-3.0_26.0,right,forward,forward_right,1
2940,41.500,15.500,0.500,90.000,V_x40.0_y-3.0_26.0_forward_right,V_x40.0_y-3.0_26.0,V_x40.0_y-3.0_26.0,right,forward,forward_right,1
2941,41.500,16.000,0.500,90.000,V_x40.0_y-3.0_26.0_forward_right,V_x40.0_y-3.0_26.0,V_x40.0_y-3.0_26.0,right,forward,forward_right,1
2942,41.500,16.500,0.500,90.000,V_x40.0_y-3.0_26.0_forward_right,V_x40.0_y-3.0_26.0,V_x40.0_y-3.0_26.0,right,forward,forward_right,1
2943,41.500,17.000,0.500,90.000,V_x40.0_y-3.0_26.0_forward_right,V_x40.0_y-3.0_26.0,V_x40.0_y-3.0_26.0,right,forward,forward_right,1
2944,41.500,17.500,0.500,90.000,V_x40.0_y-3.0_26.0_forward_right,V_x40.0_y-3.0_26.0,V_x40.0_y-3.0_26.0,right,forward,forward_right,1
2945,41.500,18.000,0.500,90.000,V_x40.0_y-3.0_26.0_forward_right,V_x40.0_y-3.0_26.0,V_x40.0_y-3.0_26.0,right,forward,forward_right,1
2946,41.500,18.500,0.500,90.000,V_x40.0_y-3.0_26.0_forward_right,V_x40.0_y-3.0_26.0,V_x40.0_y-3.0_26.0,right,forward,forward_right,1
2947,41.500,19.000,0.500,90.000,V_x40.0_y-3.0_26.0_forward_right,V_x40.0_y-3.0_26.0,V_x40.0_y-3.0_26.0,right,forward,forward_right,1
2948,41.500,19.500,0.500,90.000,V_x40.0_y-3.0_26.0_forward_right,V_x40.0_y-3.0_26.0,V_x40.0_y-3.0_26.0,right,forward,forward_right,1
2949,41.500,20.000,0.500,90.000,V_x40.0_y-3.0_26.0_forward_right,V_x40.0_y-3.0_26.0,V_x40.0_y-3.0_26.0,right,forward,forward_right,1
2950,41.500,20.500,0.500,90.000,V_x40.0_y-3.0_26.0_forward_right,V_x40.0_y-3.0_26.0,V_x40.0_y-3.0_26.0,right,forward,forward_right,1
2951,41.500,21.000,0.500,90.000,V_x40.0_y-3.0_26.0_forward_right,V_x40.0_y-3.0_26.0,V_x40.0_y-3.0_26.0,right,forward,forward_right,1
2952,41.500,21.500,0.500,90.000,V_x40.0_y-3.0_26.0_forward_right,V_x40.0_y-3.0_26.0,V_x40.0_y-3.0_26.0,right,forward,forward_right,1
2953,41.500,22.000,0.500,90.000,V_x40.0_y-3.0_26.0_forward_right,V_x40.0_y-3.0_26.0,V_x40.0_y-3.0_26.0,right,forward,forward_right,1
2954,41.500,22.500,0.500,90.000,V_x40.0_y-3.0_26.0_forward_right,V_x40.0_y-3.0_26.0,V_x40.0_y-3.0_26.0,right,forward,forward_right,1
2955,41.500,23.000,0.500,90.000,V_x40.0_y-3.0_26.0_forward_right,V_x40.0_y-3.0_26.0,V_x40.0_y-3.0_26.0,right,forward,forward_right,1
2956,41.500,23.500,0.500,90.000,V_x40.0_y-3.0_26.0_forward_right,V_x40.0_y-3.0_26.0,V_x40.0_y-3.0_26.0,right,forward,forward_right,1
2957,41.500,24.000,0.500,90.000,V_x40.0_y-3.0_26.0_forward_right,V_x40.0_y-3.0_26.0,V_x40.0_y-3.0_26.0,right,forward,forward_right,1
2958,41.500,24.500,0.500,90.000,V_x40.0_y-3.0_26.0_forward_right,V_x40.0_y-3.0_26.0,V_x40.0_y-3.0_26.0,right,forward,forward_right,1
2959,41.500,25.000,0.500,90.000,V_x40.0_y-3.0_26.0_forward_right,V_x40.0_y-3.0_26.0,V_x40.0_y-3.0_26.0,right,forward,forward_right,1
2960,41.500,25.500,0.500,90.000,V_x40.0_y-3.0_26.0_forward_right,V_x40.0_y-3.0_26.0,V_x40.0_y-3.0_26.0,right,forward,forward_right,1
2961,41.500,26.000,0.500,90.000,V_x40.0_y-3.0_26.0_forward_right,V_x40.0_y-3.0_26.0,V_x40.0_y-3.0_26.0,right,forward,forward_right,0
2962,38.500,26.000,0.500,-90.000,V_x40.0_y-3.0_26.0_reverse_right,V_x40.0_y-3.0_26.0,V_x40.0_y-3.0_26.0,right,reverse,reverse_right,1
2963,38.500,25.500,0.500,-90.000,V_x40.0_y-3.0_26.0_reverse_right,V_x40.0_y-3.0_26.0,V_x40.0_y-3.0_26.0,right,reverse,reverse_right,1
2964,38.500,25.000,0.500,-90.000,V_x40.0_y-3.0_26.0_reverse_right,V_x40.0_y-3.0_26.0,V_x40.0_y-3.0_26.0,right,reverse,reverse_right,1
2965,38.500,24.500,0.500,-90.000,V_x40.0_y-3.0_26.0_reverse_right,V_x40.0_y-3.0_26.0,V_x40.0_y-3.0_26.0,right,reverse,reverse_right,1
2966,38.500,24.000,0.500,-90.000,V_x40.0_y-3.0_26.0_reverse_right,V_x40.0_y-3.0_26.0,V_x40.0_y-3.0_26.0,right,reverse,reverse_right,1
2967,38.500,23.500,0.500,-90.000,V_x40.0_y-3.0_26.0_reverse_right,V_x40.0_y-3.0_26.0,V_x40.0_y-3.0_26.0,right,reverse,reverse_right,1
2968,38.500,23.000,0.500,-90.000,V_x40.0_y-3.0_26.0_reverse_right,V_x40.0_y-3.0_26.0,V_x40.0_y-3.0_26.0,right,reverse,reverse_right,1
2969,38.500,22.500,0.500,-90.000,V_x40.0_y-3.0_26.0_reverse_right,V_x40.0_y-3.0_26.0,V_x40.0_y-3.0_26.0,right,reverse,reverse_right,1
2970,38.500,22.000,0.500,-90.000,V_x40.0_y-3.0_26.0_reverse_right,V_x40.0_y-3.0_26.0,V_x40.0_y-3.0_26.0,right,reverse,reverse_right,1
2971,38.500,21.500,0.500,-90.000,V_x40.0_y-3.0_26.0_reverse_right,V_x40.0_y-3.0_26.0,V_x40.0_y-3.0_26.0,right,reverse,reverse_right,1
2972,38.500,21.000,0.500,-90.000,V_x40.0_y-3.0_26.0_reverse_right,V_x40.0_y-3.0_26.0,V_x40.0_y-3.0_26.0,right,reverse,reverse_right,1
2973,38.500,20.500,0.500,-90.000,V_x40.0_y-3.0_26.0_reverse_right,V_x40.0_y-3.0_26.0,V_x40.0_y-3.0_26.0,right,reverse,reverse_right,1
2974,38.500,20.000,0.500,-90.000,V_x40.0_y-3.0_26.0_reverse_right,V_x40.0_y-3.0_26.0,V_x40.0_y-3.0_26.0,right,reverse,reverse_right,1
2975,38.500,19.500,0.500,-90.000,V_x40.0_y-3.0_26.0_reverse_right,V_x40.0_y-3.0_26.0,V_x40.0_y-3.0_26.0,right,reverse,reverse_right,1
2976,38.500,19.000,0.500,-90.000,V_x40.0_y-3.0_26.0_reverse_right,V_x40.0_y-3.0_26.0,V_x40.0_y-3.0_26.0,right,reverse,reverse_right,1
2977,38.500,18.500,0.500,-90.000,V_x40.0_y-3.0_26.0_reverse_right,V_x40.0_y-3.0_26.0,V_x40.0_y-3.0_26.0,right,reverse,reverse_right,1
2978,38.500,18.000,0.500,-90.000,V_x40.0_y-3.0_26.0_reverse_right,V_x40.0_y-3.0_26.0,V_x40.0_y-3.0_26.0,right,reverse,reverse_right,1
2979,38.500,17.500,0.500,-90.000,V_x40.0_y-3.0_26.0_reverse_right,V_x40.0_y-3.0_26.0,V_x40.0_y-3.0_26.0,right,reverse,reverse_right,1
2980,38.500,17.000,0.500,-90.000,V_x40.0_y-3.0_26.0_reverse_right,V_x40.0_y-3.0_26.0,V_x40.0_y-3.0_26.0,right,reverse,reverse_right,1
2981,38.500,16.500,0.500,-90.000,V_x40.0_y-3.0_26.0_reverse_right,V_x40.0_y-3.0_26.0,V_x40.0_y-3.0_26.0,right,reverse,reverse_right,1
2982,38.500,16.000,0.500,-90.000,V_x40.0_y-3.0_26.0_reverse_right,V_x40.0_y-3.0_26.0,V_x40.0_y-3.0_26.0,right,reverse,reverse_right,1
2983,38.500,15.500,0.500,-90.000,V_x40.0_y-3.0_26.0_reverse_right,V_x40.0_y-3.0_26.0,V_x40.0_y-3.0_26.0,right,reverse,reverse_right,1
2984,38.500,15.000,0.500,-90.000,V_x40.0_y-3.0_26.0_reverse_right,V_x40.0_y-3.0_26.0,V_x40.0_y-3.0_26.0,right,reverse,reverse_right,1
2985,38.500,14.500,0.500,-90.000,V_x40.0_y-3.0_26.0_reverse_right,V_x40.0_y-3.0_26.0,V_x40.0_y-3.0_26.0,right,reverse,reverse_right,1
2986,38.500,14.000,0.500,-90.000,V_x40.0_y-3.0_26.0_reverse_right,V_x40.0_y-3.0_26.0,V_x40.0_y-3.0_26.0,right,reverse,reverse_right,1
2987,38.500,13.500,0.500,-90.000,V_x40.0_y-3.0_26.0_reverse_right,V_x40.0_y-3.0_26.0,V_x40.0_y-3.0_26.0,right,reverse,reverse_right,1
2988,38.500,13.000,0.500,-90.000,V_x40.0_y-3.0_26.0_reverse_right,V_x40.0_y-3.0_26.0,V_x40.0_y-3.0_26.0,right,reverse,reverse_right,1
2989,38.500,12.500,0.500,-90.000,V_x40.0_y-3.0_26.0_reverse_right,V_x40.0_y-3.0_26.0,V_x40.0_y-3.0_26.0,right,reverse,reverse_right,1
2990,38.500,12.000,0.500,-90.000,V_x40.0_y-3.0_26.0_reverse_right,V_x40.0_y-3.0_26.0,V_x40.0_y-3.0_26.0,right,reverse,reverse_right,1
2991,38.500,11.500,0.500,-90.000,V_x40.0_y-3.0_26.0_reverse_right,V_x40.0_y-3.0_26.0,V_x40.0_y-3.0_26.0,right,reverse,reverse_right,1
2992,38.500,11.000,0.500,-90.000,V_x40.0_y-3.0_26.0_reverse_right,V_x40.0_y-3.0_26.0,V_x40.0_y-3.0_26.0,right,reverse,reverse_right,1
2993,38.500,10.500,0.500,-90.000,V_x40.0_y-3.0_26.0_reverse_right,V_x40.0_y-3.0_26.0,V_x40.0_y-3.0_26.0,right,reverse,reverse_right,1
2994,38.500,10.000,0.500,-90.000,V_x40.0_y-3.0_26.0_reverse_right,V_x40.0_y-3.0_26.0,V_x40.0_y-3.0_26.0,right,reverse,reverse_right,1
2995,38.500,9.500,0.500,-90.000,V_x40.0_y-3.0_26.0_reverse_right,V_x40.0_y-3.0_26.0,V_x40.0_y-3.0_26.0,right,reverse,reverse_right,1
2996,38.500,9.000,0.500,-90.000,V_x40.0_y-3.0_26.0_reverse_right,V_x40.0_y-3.0_26.0,V_x40.0_y-3.0_26.0,right,reverse,reverse_right,1
2997,38.500,8.500,0.500,-90.000,V_x40.0_y-3.0_26.0_reverse_right,V_x40.0_y-3.0_26.0,V_x40.0_y-3.0_26.0,right,reverse,reverse_right,1
2998,38.500,8.000,0.500,-90.000,V_x40.0_y-3.0_26.0_reverse_right,V_x40.0_y-3.0_26.0,V_x40.0_y-3.0_26.0,right,reverse,reverse_right,1
2999,38.500,7.500,0.500,-90.000,V_x40.0_y-3.0_26.0_reverse_right,V_x40.0_y-3.0_26.0,V_x40.0_y-3.0_26.0,right,reverse,reverse_right,1
3000,38.500,7.000,0.500,-90.000,V_x40.0_y-3.0_26.0_reverse_right,V_x40.0_y-3.0_26.0,V_x40.0_y-3.0_26.0,right,reverse,reverse_right,1
3001,38.500,6.500,0.500,-90.000,V_x40.0_y-3.0_26.0_reverse_right,V_x40.0_y-3.0_26.0,V_x40.0_y-3.0_26.0,right,reverse,reverse_right,1
3002,38.500,6.000,0.500,-90.000,V_x40.0_y-3.0_26.0_reverse_right,V_x40.0_y-3.0_26.0,V_x40.0_y-3.0_26.0,right,reverse,reverse_right,1
3003,38.500,5.500,0.500,-90.000,V_x40.0_y-3.0_26.0_reverse_right,V_x40.0_y-3.0_26.0,V_x40.0_y-3.0_26.0,right,reverse,reverse_right,1
3004,38.500,5.000,0.500,-90.000,V_x40.0_y-3.0_26.0_reverse_right,V_x40.0_y-3.0_26.0,V_x40.0_y-3.0_26.0,right,reverse,reverse_right,1
3005,38.500,4.500,0.500,-90.000,V_x40.0_y-3.0_26.0_reverse_right,V_x40.0_y-3.0_26.0,V_x40.0_y-3.0_26.0,right,reverse,reverse_right,1
3006,38.500,4.000,0.500,-90.000,V_x40.0_y-3.0_26.0_reverse_right,V_x40.0_y-3.0_26.0,V_x40.0_y-3.0_26.0,right,reverse,reverse_right,1
3007,38.500,3.500,0.500,-90.000,V_x40.0_y-3.0_26.0_reverse_right,V_x40.0_y-3.0_26.0,V_x40.0_y-3.0_26.0,right,reverse,reverse_right,1
3008,38.500,3.000,0.500,-90.000,V_x40.0_y-3.0_26.0_reverse_right,V_x40.0_y-3.0_26.0,V_x40.0_y-3.0_26.0,right,reverse,reverse_right,1
3009,38.500,2.500,0.500,-90.000,V_x40.0_y-3.0_26.0_reverse_right,V_x40.0_y-3.0_26.0,V_x40.0_y-3.0_26.0,right,reverse,reverse_right,1
3010,38.500,2.000,0.500,-90.000,V_x40.0_y-3.0_26.0_reverse_right,V_x40.0_y-3.0_26.0,V_x40.0_y-3.0_26.0,right,reverse,reverse_right,1
3011,38.500,1.500,0.500,-90.000,V_x40.0_y-3.0_26.0_reverse_right,V_x40.0_y-3.0_26.0,V_x40.0_y-3.0_26.0,right,reverse,reverse_right,1
3012,38.500,1.000,0.500,-90.000,V_x40.0_y-3.0_26.0_reverse_right,V_x40.0_y-3.0_26.0,V_x40.0_y-3.0_26.0,right,reverse,reverse_right,1
3013,38.500,0.500,0.500,-90.000,V_x40.0_y-3.0_26.0_reverse_right,V_x40.0_y-3.0_26.0,V_x40.0_y-3.0_26.0,right,reverse,reverse_right,1
3014,38.500,-0.000,0.500,-90.000,V_x40.0_y-3.0_26.0_reverse_right,V_x40.0_y-3.0_26.0,V_x40.0_y-3.0_26.0,right,reverse,reverse_right,1
3015,38.500,-0.500,0.500,-90.000,V_x40.0_y-3.0_26.0_reverse_right,V_x40.0_y-3.0_26.0,V_x40.0_y-3.0_26.0,right,reverse,reverse_right,1
3016,38.500,-1.000,0.500,-90.000,V_x40.0_y-3.0_26.0_reverse_right,V_x40.0_y-3.0_26.0,V_x40.0_y-3.0_26.0,right,reverse,reverse_right,1
3017,38.500,-1.500,0.500,-90.000,V_x40.0_y-3.0_26.0_reverse_right,V_x40.0_y-3.0_26.0,V_x40.0_y-3.0_26.0,right,reverse,reverse_right,1
3018,38.500,-2.000,0.500,-90.000,V_x40.0_y-3.0_26.0_reverse_right,V_x40.0_y-3.0_26.0,V_x40.0_y-3.0_26.0,right,reverse,reverse_right,1
3019,38.500,-2.500,0.500,-90.000,V_x40.0_y-3.0_26.0_reverse_right,V_x40.0_y-3.0_26.0,V_x40.0_y-3.0_26.0,right,reverse,reverse_right,1
3020,38.500,-3.000,0.500,-90.000,V_x40.0_y-3.0_26.0_reverse_right,V_x40.0_y-3.0_26.0,V_x40.0_y-3.0_26.0,right,reverse,reverse_right,0
3021,41.500,-34.000,0.500,90.000,V_x40.0_y-34.0_-3.0_forward_right,V_x40.0_y-34.0_-3.0,V_x40.0_y-34.0_-3.0,right,forward,forward_right,1
3022,41.500,-33.500,0.500,90.000,V_x40.0_y-34.0_-3.0_forward_right,V_x40.0_y-34.0_-3.0,V_x40.0_y-34.0_-3.0,right,forward,forward_right,1
3023,41.500,-33.000,0.500,90.000,V_x40.0_y-34.0_-3.0_forward_right,V_x40.0_y-34.0_-3.0,V_x40.0_y-34.0_-3.0,right,forward,forward_right,1
3024,41.500,-32.500,0.500,90.000,V_x40.0_y-34.0_-3.0_forward_right,V_x40.0_y-34.0_-3.0,V_x40.0_y-34.0_-3.0,right,forward,forward_right,1
3025,41.500,-32.000,0.500,90.000,V_x40.0_y-34.0_-3.0_forward_right,V_x40.0_y-34.0_-3.0,V_x40.0_y-34.0_-3.0,right,forward,forward_right,1
3026,41.500,-31.500,0.500,90.000,V_x40.0_y-34.0_-3.0_forward_right,V_x40.0_y-34.0_-3.0,V_x40.0_y-34.0_-3.0,right,forward,forward_right,1
3027,41.500,-31.000,0.500,90.000,V_x40.0_y-34.0_-3.0_forward_right,V_x40.0_y-34.0_-3.0,V_x40.0_y-34.0_-3.0,right,forward,forward_right,1
3028,41.500,-30.500,0.500,90.000,V_x40.0_y-34.0_-3.0_forward_right,V_x40.0_y-34.0_-3.0,V_x40.0_y-34.0_-3.0,right,forward,forward_right,1
3029,41.500,-30.000,0.500,90.000,V_x40.0_y-34.0_-3.0_forward_right,V_x40.0_y-34.0_-3.0,V_x40.0_y-34.0_-3.0,right,forward,forward_right,1
3030,41.500,-29.500,0.500,90.000,V_x40.0_y-34.0_-3.0_forward_right,V_x40.0_y-34.0_-3.0,V_x40.0_y-34.0_-3.0,right,forward,forward_right,1
3031,41.500,-29.000,0.500,90.000,V_x40.0_y-34.0_-3.0_forward_right,V_x40.0_y-34.0_-3.0,V_x40.0_y-34.0_-3.0,right,forward,forward_right,1
3032,41.500,-28.500,0.500,90.000,V_x40.0_y-34.0_-3.0_forward_right,V_x40.0_y-34.0_-3.0,V_x40.0_y-34.0_-3.0,right,forward,forward_right,1
3033,41.500,-28.000,0.500,90.000,V_x40.0_y-34.0_-3.0_forward_right,V_x40.0_y-34.0_-3.0,V_x40.0_y-34.0_-3.0,right,forward,forward_right,1
3034,41.500,-27.500,0.500,90.000,V_x40.0_y-34.0_-3.0_forward_right,V_x40.0_y-34.0_-3.0,V_x40.0_y-34.0_-3.0,right,forward,forward_right,1
3035,41.500,-27.000,0.500,90.000,V_x40.0_y-34.0_-3.0_forward_right,V_x40.0_y-34.0_-3.0,V_x40.0_y-34.0_-3.0,right,forward,forward_right,1
3036,41.500,-26.500,0.500,90.000,V_x40.0_y-34.0_-3.0_forward_right,V_x40.0_y-34.0_-3.0,V_x40.0_y-34.0_-3.0,right,forward,forward_right,1
3037,41.500,-26.000,0.500,90.000,V_x40.0_y-34.0_-3.0_forward_right,V_x40.0_y-34.0_-3.0,V_x40.0_y-34.0_-3.0,right,forward,forward_right,1
3038,41.500,-25.500,0.500,90.000,V_x40.0_y-34.0_-3.0_forward_right,V_x40.0_y-34.0_-3.0,V_x40.0_y-34.0_-3.0,right,forward,forward_right,1
3039,41.500,-25.000,0.500,90.000,V_x40.0_y-34.0_-3.0_forward_right,V_x40.0_y-34.0_-3.0,V_x40.0_y-34.0_-3.0,right,forward,forward_right,1
3040,41.500,-24.500,0.500,90.000,V_x40.0_y-34.0_-3.0_forward_right,V_x40.0_y-34.0_-3.0,V_x40.0_y-34.0_-3.0,right,forward,forward_right,1
3041,41.500,-24.000,0.500,90.000,V_x40.0_y-34.0_-3.0_forward_right,V_x40.0_y-34.0_-3.0,V_x40.0_y-34.0_-3.0,right,forward,forward_right,1
3042,41.500,-23.500,0.500,90.000,V_x40.0_y-34.0_-3.0_forward_right,V_x40.0_y-34.0_-3.0,V_x40.0_y-34.0_-3.0,right,forward,forward_right,1
3043,41.500,-23.000,0.500,90.000,V_x40.0_y-34.0_-3.0_forward_right,V_x40.0_y-34.0_-3.0,V_x40.0_y-34.0_-3.0,right,forward,forward_right,1
3044,41.500,-22.500,0.500,90.000,V_x40.0_y-34.0_-3.0_forward_right,V_x40.0_y-34.0_-3.0,V_x40.0_y-34.0_-3.0,right,forward,forward_right,1
3045,41.500,-22.000,0.500,90.000,V_x40.0_y-34.0_-3.0_forward_right,V_x40.0_y-34.0_-3.0,V_x40.0_y-34.0_-3.0,right,forward,forward_right,1
3046,41.500,-21.500,0.500,90.000,V_x40.0_y-34.0_-3.0_forward_right,V_x40.0_y-34.0_-3.0,V_x40.0_y-34.0_-3.0,right,forward,forward_right,1
3047,41.500,-21.000,0.500,90.000,V_x40.0_y-34.0_-3.0_forward_right,V_x40.0_y-34.0_-3.0,V_x40.0_y-34.0_-3.0,right,forward,forward_right,1
3048,41.500,-20.500,0.500,90.000,V_x40.0_y-34.0_-3.0_forward_right,V_x40.0_y-34.0_-3.0,V_x40.0_y-34.0_-3.0,right,forward,forward_right,1
3049,41.500,-20.000,0.500,90.000,V_x40.0_y-34.0_-3.0_forward_right,V_x40.0_y-34.0_-3.0,V_x40.0_y-34.0_-3.0,right,forward,forward_right,1
3050,41.500,-19.500,0.500,90.000,V_x40.0_y-34.0_-3.0_forward_right,V_x40.0_y-34.0_-3.0,V_x40.0_y-34.0_-3.0,right,forward,forward_right,1
3051,41.500,-19.000,0.500,90.000,V_x40.0_y-34.0_-3.0_forward_right,V_x40.0_y-34.0_-3.0,V_x40.0_y-34.0_-3.0,right,forward,forward_right,1
3052,41.500,-18.500,0.500,90.000,V_x40.0_y-34.0_-3.0_forward_right,V_x40.0_y-34.0_-3.0,V_x40.0_y-34.0_-3.0,right,forward,forward_right,1
3053,41.500,-18.000,0.500,90.000,V_x40.0_y-34.0_-3.0_forward_right,V_x40.0_y-34.0_-3.0,V_x40.0_y-34.0_-3.0,right,forward,forward_right,1
3054,41.500,-17.500,0.500,90.000,V_x40.0_y-34.0_-3.0_forward_right,V_x40.0_y-34.0_-3.0,V_x40.0_y-34.0_-3.0,right,forward,forward_right,1
3055,41.500,-17.000,0.500,90.000,V_x40.0_y-34.0_-3.0_forward_right,V_x40.0_y-34.0_-3.0,V_x40.0_y-34.0_-3.0,right,forward,forward_right,1
3056,41.500,-16.500,0.500,90.000,V_x40.0_y-34.0_-3.0_forward_right,V_x40.0_y-34.0_-3.0,V_x40.0_y-34.0_-3.0,right,forward,forward_right,1
3057,41.500,-16.000,0.500,90.000,V_x40.0_y-34.0_-3.0_forward_right,V_x40.0_y-34.0_-3.0,V_x40.0_y-34.0_-3.0,right,forward,forward_right,1
3058,41.500,-15.500,0.500,90.000,V_x40.0_y-34.0_-3.0_forward_right,V_x40.0_y-34.0_-3.0,V_x40.0_y-34.0_-3.0,right,forward,forward_right,1
3059,41.500,-15.000,0.500,90.000,V_x40.0_y-34.0_-3.0_forward_right,V_x40.0_y-34.0_-3.0,V_x40.0_y-34.0_-3.0,right,forward,forward_right,1
3060,41.500,-14.500,0.500,90.000,V_x40.0_y-34.0_-3.0_forward_right,V_x40.0_y-34.0_-3.0,V_x40.0_y-34.0_-3.0,right,forward,forward_right,1
3061,41.500,-14.000,0.500,90.000,V_x40.0_y-34.0_-3.0_forward_right,V_x40.0_y-34.0_-3.0,V_x40.0_y-34.0_-3.0,right,forward,forward_right,1
3062,41.500,-13.500,0.500,90.000,V_x40.0_y-34.0_-3.0_forward_right,V_x40.0_y-34.0_-3.0,V_x40.0_y-34.0_-3.0,right,forward,forward_right,1
3063,41.500,-13.000,0.500,90.000,V_x40.0_y-34.0_-3.0_forward_right,V_x40.0_y-34.0_-3.0,V_x40.0_y-34.0_-3.0,right,forward,forward_right,1
3064,41.500,-12.500,0.500,90.000,V_x40.0_y-34.0_-3.0_forward_right,V_x40.0_y-34.0_-3.0,V_x40.0_y-34.0_-3.0,right,forward,forward_right,1
3065,41.500,-12.000,0.500,90.000,V_x40.0_y-34.0_-3.0_forward_right,V_x40.0_y-34.0_-3.0,V_x40.0_y-34.0_-3.0,right,forward,forward_right,1
3066,41.500,-11.500,0.500,90.000,V_x40.0_y-34.0_-3.0_forward_right,V_x40.0_y-34.0_-3.0,V_x40.0_y-34.0_-3.0,right,forward,forward_right,1
3067,41.500,-11.000,0.500,90.000,V_x40.0_y-34.0_-3.0_forward_right,V_x40.0_y-34.0_-3.0,V_x40.0_y-34.0_-3.0,right,forward,forward_right,1
3068,41.500,-10.500,0.500,90.000,V_x40.0_y-34.0_-3.0_forward_right,V_x40.0_y-34.0_-3.0,V_x40.0_y-34.0_-3.0,right,forward,forward_right,1
3069,41.500,-10.000,0.500,90.000,V_x40.0_y-34.0_-3.0_forward_right,V_x40.0_y-34.0_-3.0,V_x40.0_y-34.0_-3.0,right,forward,forward_right,1
3070,41.500,-9.500,0.500,90.000,V_x40.0_y-34.0_-3.0_forward_right,V_x40.0_y-34.0_-3.0,V_x40.0_y-34.0_-3.0,right,forward,forward_right,1
3071,41.500,-9.000,0.500,90.000,V_x40.0_y-34.0_-3.0_forward_right,V_x40.0_y-34.0_-3.0,V_x40.0_y-34.0_-3.0,right,forward,forward_right,1
3072,41.500,-8.500,0.500,90.000,V_x40.0_y-34.0_-3.0_forward_right,V_x40.0_y-34.0_-3.0,V_x40.0_y-34.0_-3.0,right,forward,forward_right,1
3073,41.500,-8.000,0.500,90.000,V_x40.0_y-34.0_-3.0_forward_right,V_x40.0_y-34.0_-3.0,V_x40.0_y-34.0_-3.0,right,forward,forward_right,1
3074,41.500,-7.500,0.500,90.000,V_x40.0_y-34.0_-3.0_forward_right,V_x40.0_y-34.0_-3.0,V_x40.0_y-34.0_-3.0,right,forward,forward_right,1
3075,41.500,-7.000,0.500,90.000,V_x40.0_y-34.0_-3.0_forward_right,V_x40.0_y-34.0_-3.0,V_x40.0_y-34.0_-3.0,right,forward,forward_right,1
3076,41.500,-6.500,0.500,90.000,V_x40.0_y-34.0_-3.0_forward_right,V_x40.0_y-34.0_-3.0,V_x40.0_y-34.0_-3.0,right,forward,forward_right,1
3077,41.500,-6.000,0.500,90.000,V_x40.0_y-34.0_-3.0_forward_right,V_x40.0_y-34.0_-3.0,V_x40.0_y-34.0_-3.0,right,forward,forward_right,1
3078,41.500,-5.500,0.500,90.000,V_x40.0_y-34.0_-3.0_forward_right,V_x40.0_y-34.0_-3.0,V_x40.0_y-34.0_-3.0,right,forward,forward_right,1
3079,41.500,-5.000,0.500,90.000,V_x40.0_y-34.0_-3.0_forward_right,V_x40.0_y-34.0_-3.0,V_x40.0_y-34.0_-3.0,right,forward,forward_right,1
3080,41.500,-4.500,0.500,90.000,V_x40.0_y-34.0_-3.0_forward_right,V_x40.0_y-34.0_-3.0,V_x40.0_y-34.0_-3.0,right,forward,forward_right,1
3081,41.500,-4.000,0.500,90.000,V_x40.0_y-34.0_-3.0_forward_right,V_x40.0_y-34.0_-3.0,V_x40.0_y-34.0_-3.0,right,forward,forward_right,1
3082,41.500,-3.500,0.500,90.000,V_x40.0_y-34.0_-3.0_forward_right,V_x40.0_y-34.0_-3.0,V_x40.0_y-34.0_-3.0,right,forward,forward_right,1
3083,41.500,-3.000,0.500,90.000,V_x40.0_y-34.0_-3.0_forward_right,V_x40.0_y-34.0_-3.0,V_x40.0_y-34.0_-3.0,right,forward,forward_right,0
3084,38.500,-3.000,0.500,-90.000,V_x40.0_y-34.0_-3.0_reverse_right,V_x40.0_y-34.0_-3.0,V_x40.0_y-34.0_-3.0,right,reverse,reverse_right,1
3085,38.500,-3.500,0.500,-90.000,V_x40.0_y-34.0_-3.0_reverse_right,V_x40.0_y-34.0_-3.0,V_x40.0_y-34.0_-3.0,right,reverse,reverse_right,1
3086,38.500,-4.000,0.500,-90.000,V_x40.0_y-34.0_-3.0_reverse_right,V_x40.0_y-34.0_-3.0,V_x40.0_y-34.0_-3.0,right,reverse,reverse_right,1
3087,38.500,-4.500,0.500,-90.000,V_x40.0_y-34.0_-3.0_reverse_right,V_x40.0_y-34.0_-3.0,V_x40.0_y-34.0_-3.0,right,reverse,reverse_right,1
3088,38.500,-5.000,0.500,-90.000,V_x40.0_y-34.0_-3.0_reverse_right,V_x40.0_y-34.0_-3.0,V_x40.0_y-34.0_-3.0,right,reverse,reverse_right,1
3089,38.500,-5.500,0.500,-90.000,V_x40.0_y-34.0_-3.0_reverse_right,V_x40.0_y-34.0_-3.0,V_x40.0_y-34.0_-3.0,right,reverse,reverse_right,1
3090,38.500,-6.000,0.500,-90.000,V_x40.0_y-34.0_-3.0_reverse_right,V_x40.0_y-34.0_-3.0,V_x40.0_y-34.0_-3.0,right,reverse,reverse_right,1
3091,38.500,-6.500,0.500,-90.000,V_x40.0_y-34.0_-3.0_reverse_right,V_x40.0_y-34.0_-3.0,V_x40.0_y-34.0_-3.0,right,reverse,reverse_right,1
3092,38.500,-7.000,0.500,-90.000,V_x40.0_y-34.0_-3.0_reverse_right,V_x40.0_y-34.0_-3.0,V_x40.0_y-34.0_-3.0,right,reverse,reverse_right,1
3093,38.500,-7.500,0.500,-90.000,V_x40.0_y-34.0_-3.0_reverse_right,V_x40.0_y-34.0_-3.0,V_x40.0_y-34.0_-3.0,right,reverse,reverse_right,1
3094,38.500,-8.000,0.500,-90.000,V_x40.0_y-34.0_-3.0_reverse_right,V_x40.0_y-34.0_-3.0,V_x40.0_y-34.0_-3.0,right,reverse,reverse_right,1
3095,38.500,-8.500,0.500,-90.000,V_x40.0_y-34.0_-3.0_reverse_right,V_x40.0_y-34.0_-3.0,V_x40.0_y-34.0_-3.0,right,reverse,reverse_right,1
3096,38.500,-9.000,0.500,-90.000,V_x40.0_y-34.0_-3.0_reverse_right,V_x40.0_y-34.0_-3.0,V_x40.0_y-34.0_-3.0,right,reverse,reverse_right,1
3097,38.500,-9.500,0.500,-90.000,V_x40.0_y-34.0_-3.0_reverse_right,V_x40.0_y-34.0_-3.0,V_x40.0_y-34.0_-3.0,right,reverse,reverse_right,1
3098,38.500,-10.000,0.500,-90.000,V_x40.0_y-34.0_-3.0_reverse_right,V_x40.0_y-34.0_-3.0,V_x40.0_y-34.0_-3.0,right,reverse,reverse_right,1
3099,38.500,-10.500,0.500,-90.000,V_x40.0_y-34.0_-3.0_reverse_right,V_x40.0_y-34.0_-3.0,V_x40.0_y-34.0_-3.0,right,reverse,reverse_right,1
3100,38.500,-11.000,0.500,-90.000,V_x40.0_y-34.0_-3.0_reverse_right,V_x40.0_y-34.0_-3.0,V_x40.0_y-34.0_-3.0,right,reverse,reverse_right,1
3101,38.500,-11.500,0.500,-90.000,V_x40.0_y-34.0_-3.0_reverse_right,V_x40.0_y-34.0_-3.0,V_x40.0_y-34.0_-3.0,right,reverse,reverse_right,1
3102,38.500,-12.000,0.500,-90.000,V_x40.0_y-34.0_-3.0_reverse_right,V_x40.0_y-34.0_-3.0,V_x40.0_y-34.0_-3.0,right,reverse,reverse_right,1
3103,38.500,-12.500,0.500,-90.000,V_x40.0_y-34.0_-3.0_reverse_right,V_x40.0_y-34.0_-3.0,V_x40.0_y-34.0_-3.0,right,reverse,reverse_right,1
3104,38.500,-13.000,0.500,-90.000,V_x40.0_y-34.0_-3.0_reverse_right,V_x40.0_y-34.0_-3.0,V_x40.0_y-34.0_-3.0,right,reverse,reverse_right,1
3105,38.500,-13.500,0.500,-90.000,V_x40.0_y-34.0_-3.0_reverse_right,V_x40.0_y-34.0_-3.0,V_x40.0_y-34.0_-3.0,right,reverse,reverse_right,1
3106,38.500,-14.000,0.500,-90.000,V_x40.0_y-34.0_-3.0_reverse_right,V_x40.0_y-34.0_-3.0,V_x40.0_y-34.0_-3.0,right,reverse,reverse_right,1
3107,38.500,-14.500,0.500,-90.000,V_x40.0_y-34.0_-3.0_reverse_right,V_x40.0_y-34.0_-3.0,V_x40.0_y-34.0_-3.0,right,reverse,reverse_right,1
3108,38.500,-15.000,0.500,-90.000,V_x40.0_y-34.0_-3.0_reverse_right,V_x40.0_y-34.0_-3.0,V_x40.0_y-34.0_-3.0,right,reverse,reverse_right,1
3109,38.500,-15.500,0.500,-90.000,V_x40.0_y-34.0_-3.0_reverse_right,V_x40.0_y-34.0_-3.0,V_x40.0_y-34.0_-3.0,right,reverse,reverse_right,1
3110,38.500,-16.000,0.500,-90.000,V_x40.0_y-34.0_-3.0_reverse_right,V_x40.0_y-34.0_-3.0,V_x40.0_y-34.0_-3.0,right,reverse,reverse_right,1
3111,38.500,-16.500,0.500,-90.000,V_x40.0_y-34.0_-3.0_reverse_right,V_x40.0_y-34.0_-3.0,V_x40.0_y-34.0_-3.0,right,reverse,reverse_right,1
3112,38.500,-17.000,0.500,-90.000,V_x40.0_y-34.0_-3.0_reverse_right,V_x40.0_y-34.0_-3.0,V_x40.0_y-34.0_-3.0,right,reverse,reverse_right,1
3113,38.500,-17.500,0.500,-90.000,V_x40.0_y-34.0_-3.0_reverse_right,V_x40.0_y-34.0_-3.0,V_x40.0_y-34.0_-3.0,right,reverse,reverse_right,1
3114,38.500,-18.000,0.500,-90.000,V_x40.0_y-34.0_-3.0_reverse_right,V_x40.0_y-34.0_-3.0,V_x40.0_y-34.0_-3.0,right,reverse,reverse_right,1
3115,38.500,-18.500,0.500,-90.000,V_x40.0_y-34.0_-3.0_reverse_right,V_x40.0_y-34.0_-3.0,V_x40.0_y-34.0_-3.0,right,reverse,reverse_right,1
3116,38.500,-19.000,0.500,-90.000,V_x40.0_y-34.0_-3.0_reverse_right,V_x40.0_y-34.0_-3.0,V_x40.0_y-34.0_-3.0,right,reverse,reverse_right,1
3117,38.500,-19.500,0.500,-90.000,V_x40.0_y-34.0_-3.0_reverse_right,V_x40.0_y-34.0_-3.0,V_x40.0_y-34.0_-3.0,right,reverse,reverse_right,1
3118,38.500,-20.000,0.500,-90.000,V_x40.0_y-34.0_-3.0_reverse_right,V_x40.0_y-34.0_-3.0,V_x40.0_y-34.0_-3.0,right,reverse,reverse_right,1
3119,38.500,-20.500,0.500,-90.000,V_x40.0_y-34.0_-3.0_reverse_right,V_x40.0_y-34.0_-3.0,V_x40.0_y-34.0_-3.0,right,reverse,reverse_right,1
3120,38.500,-21.000,0.500,-90.000,V_x40.0_y-34.0_-3.0_reverse_right,V_x40.0_y-34.0_-3.0,V_x40.0_y-34.0_-3.0,right,reverse,reverse_right,1
3121,38.500,-21.500,0.500,-90.000,V_x40.0_y-34.0_-3.0_reverse_right,V_x40.0_y-34.0_-3.0,V_x40.0_y-34.0_-3.0,right,reverse,reverse_right,1
3122,38.500,-22.000,0.500,-90.000,V_x40.0_y-34.0_-3.0_reverse_right,V_x40.0_y-34.0_-3.0,V_x40.0_y-34.0_-3.0,right,reverse,reverse_right,1
3123,38.500,-22.500,0.500,-90.000,V_x40.0_y-34.0_-3.0_reverse_right,V_x40.0_y-34.0_-3.0,V_x40.0_y-34.0_-3.0,right,reverse,reverse_right,1
3124,38.500,-23.000,0.500,-90.000,V_x40.0_y-34.0_-3.0_reverse_right,V_x40.0_y-34.0_-3.0,V_x40.0_y-34.0_-3.0,right,reverse,reverse_right,1
3125,38.500,-23.500,0.500,-90.000,V_x40.0_y-34.0_-3.0_reverse_right,V_x40.0_y-34.0_-3.0,V_x40.0_y-34.0_-3.0,right,reverse,reverse_right,1
3126,38.500,-24.000,0.500,-90.000,V_x40.0_y-34.0_-3.0_reverse_right,V_x40.0_y-34.0_-3.0,V_x40.0_y-34.0_-3.0,right,reverse,reverse_right,1
3127,38.500,-24.500,0.500,-90.000,V_x40.0_y-34.0_-3.0_reverse_right,V_x40.0_y-34.0_-3.0,V_x40.0_y-34.0_-3.0,right,reverse,reverse_right,1
3128,38.500,-25.000,0.500,-90.000,V_x40.0_y-34.0_-3.0_reverse_right,V_x40.0_y-34.0_-3.0,V_x40.0_y-34.0_-3.0,right,reverse,reverse_right,1
3129,38.500,-25.500,0.500,-90.000,V_x40.0_y-34.0_-3.0_reverse_right,V_x40.0_y-34.0_-3.0,V_x40.0_y-34.0_-3.0,right,reverse,reverse_right,1
3130,38.500,-26.000,0.500,-90.000,V_x40.0_y-34.0_-3.0_reverse_right,V_x40.0_y-34.0_-3.0,V_x40.0_y-34.0_-3.0,right,reverse,reverse_right,1
3131,38.500,-26.500,0.500,-90.000,V_x40.0_y-34.0_-3.0_reverse_right,V_x40.0_y-34.0_-3.0,V_x40.0_y-34.0_-3.0,right,reverse,reverse_right,1
3132,38.500,-27.000,0.500,-90.000,V_x40.0_y-34.0_-3.0_reverse_right,V_x40.0_y-34.0_-3.0,V_x40.0_y-34.0_-3.0,right,reverse,reverse_right,1
3133,38.500,-27.500,0.500,-90.000,V_x40.0_y-34.0_-3.0_reverse_right,V_x40.0_y-34.0_-3.0,V_x40.0_y-34.0_-3.0,right,reverse,reverse_right,1
3134,38.500,-28.000,0.500,-90.000,V_x40.0_y-34.0_-3.0_reverse_right,V_x40.0_y-34.0_-3.0,V_x40.0_y-34.0_-3.0,right,reverse,reverse_right,1
3135,38.500,-28.500,0.500,-90.000,V_x40.0_y-34.0_-3.0_reverse_right,V_x40.0_y-34.0_-3.0,V_x40.0_y-34.0_-3.0,right,reverse,reverse_right,1
3136,38.500,-29.000,0.500,-90.000,V_x40.0_y-34.0_-3.0_reverse_right,V_x40.0_y-34.0_-3.0,V_x40.0_y-34.0_-3.0,right,reverse,reverse_right,1
3137,38.500,-29.500,0.500,-90.000,V_x40.0_y-34.0_-3.0_reverse_right,V_x40.0_y-34.0_-3.0,V_x40.0_y-34.0_-3.0,right,reverse,reverse_right,1
3138,38.500,-30.000,0.500,-90.000,V_x40.0_y-34.0_-3.0_reverse_right,V_x40.0_y-34.0_-3.0,V_x40.0_y-34.0_-3.0,right,reverse,reverse_right,1
3139,38.500,-30.500,0.500,-90.000,V_x40.0_y-34.0_-3.0_reverse_right,V_x40.0_y-34.0_-3.0,V_x40.0_y-34.0_-3.0,right,reverse,reverse_right,1
3140,38.500,-31.000,0.500,-90.000,V_x40.0_y-34.0_-3.0_reverse_right,V_x40.0_y-34.0_-3.0,V_x40.0_y-34.0_-3.0,right,reverse,reverse_right,1
3141,38.500,-31.500,0.500,-90.000,V_x40.0_y-34.0_-3.0_reverse_right,V_x40.0_y-34.0_-3.0,V_x40.0_y-34.0_-3.0,right,reverse,reverse_right,1
3142,38.500,-32.000,0.500,-90.000,V_x40.0_y-34.0_-3.0_reverse_right,V_x40.0_y-34.0_-3.0,V_x40.0_y-34.0_-3.0,right,reverse,reverse_right,1
3143,38.500,-32.500,0.500,-90.000,V_x40.0_y-34.0_-3.0_reverse_right,V_x40.0_y-34.0_-3.0,V_x40.0_y-34.0_-3.0,right,reverse,reverse_right,1
3144,38.500,-33.000,0.500,-90.000,V_x40.0_y-34.0_-3.0_reverse_right,V_x40.0_y-34.0_-3.0,V_x40.0_y-34.0_-3.0,right,reverse,reverse_right,1
3145,38.500,-33.500,0.500,-90.000,V_x40.0_y-34.0_-3.0_reverse_right,V_x40.0_y-34.0_-3.0,V_x40.0_y-34.0_-3.0,right,reverse,reverse_right,1
3146,38.500,-34.000,0.500,-90.000,V_x40.0_y-34.0_-3.0_reverse_right,V_x40.0_y-34.0_-3.0,V_x40.0_y-34.0_-3.0,right,reverse,reverse_right,0
3147,41.500,-34.000,0.500,90.000,outer_bottom_right_conn0_forward_right,outer_bottom_right_conn0,outer_bottom_right_conn0,right,forward,forward_right,1
3148,41.500,-33.500,0.500,90.000,outer_bottom_right_conn0_forward_right,outer_bottom_right_conn0,outer_bottom_right_conn0,right,forward,forward_right,1
3149,41.500,-33.000,0.500,90.000,outer_bottom_right_conn0_forward_right,outer_bottom_right_conn0,outer_bottom_right_conn0,right,forward,forward_right,1
3150,41.500,-32.500,0.500,90.000,outer_bottom_right_conn0_forward_right,outer_bottom_right_conn0,outer_bottom_right_conn0,right,forward,forward_right,1
3151,41.500,-32.000,0.500,90.000,outer_bottom_right_conn0_forward_right,outer_bottom_right_conn0,outer_bottom_right_conn0,right,forward,forward_right,1
3152,41.500,-31.500,0.500,90.000,outer_bottom_right_conn0_forward_right,outer_bottom_right_conn0,outer_bottom_right_conn0,right,forward,forward_right,1
3153,41.500,-31.000,0.500,90.000,outer_bottom_right_conn0_forward_right,outer_bottom_right_conn0,outer_bottom_right_conn0,right,forward,forward_right,1
3154,41.500,-30.500,0.500,90.000,outer_bottom_right_conn0_forward_right,outer_bottom_right_conn0,outer_bottom_right_conn0,right,forward,forward_right,1
3155,41.500,-30.000,0.500,90.000,outer_bottom_right_conn0_forward_right,outer_bottom_right_conn0,outer_bottom_right_conn0,right,forward,forward_right,0
3156,38.500,-30.000,0.500,-90.000,outer_bottom_right_conn0_reverse_right,outer_bottom_right_conn0,outer_bottom_right_conn0,right,reverse,reverse_right,1
3157,38.500,-30.500,0.500,-90.000,outer_bottom_right_conn0_reverse_right,outer_bottom_right_conn0,outer_bottom_right_conn0,right,reverse,reverse_right,1
3158,38.500,-31.000,0.500,-90.000,outer_bottom_right_conn0_reverse_right,outer_bottom_right_conn0,outer_bottom_right_conn0,right,reverse,reverse_right,1
3159,38.500,-31.500,0.500,-90.000,outer_bottom_right_conn0_reverse_right,outer_bottom_right_conn0,outer_bottom_right_conn0,right,reverse,reverse_right,1
3160,38.500,-32.000,0.500,-90.000,outer_bottom_right_conn0_reverse_right,outer_bottom_right_conn0,outer_bottom_right_conn0,right,reverse,reverse_right,1
3161,38.500,-32.500,0.500,-90.000,outer_bottom_right_conn0_reverse_right,outer_bottom_right_conn0,outer_bottom_right_conn0,right,reverse,reverse_right,1
3162,38.500,-33.000,0.500,-90.000,outer_bottom_right_conn0_reverse_right,outer_bottom_right_conn0,outer_bottom_right_conn0,right,reverse,reverse_right,1
3163,38.500,-33.500,0.500,-90.000,outer_bottom_right_conn0_reverse_right,outer_bottom_right_conn0,outer_bottom_right_conn0,right,reverse,reverse_right,1
3164,38.500,-34.000,0.500,-90.000,outer_bottom_right_conn0_reverse_right,outer_bottom_right_conn0,outer_bottom_right_conn0,right,reverse,reverse_right,0
3165,40.000,-32.500,0.500,180.000,outer_bottom_right_conn1_forward_right,outer_bottom_right_conn1,outer_bottom_right_conn1,right,forward,forward_right,1
3166,39.500,-32.500,0.500,180.000,outer_bottom_right_conn1_forward_right,outer_bottom_right_conn1,outer_bottom_right_conn1,right,forward,forward_right,1
3167,39.000,-32.500,0.500,180.000,outer_bottom_right_conn1_forward_right,outer_bottom_right_conn1,outer_bottom_right_conn1,right,forward,forward_right,1
3168,38.500,-32.500,0.500,180.000,outer_bottom_right_conn1_forward_right,outer_bottom_right_conn1,outer_bottom_right_conn1,right,forward,forward_right,1
3169,38.000,-32.500,0.500,180.000,outer_bottom_right_conn1_forward_right,outer_bottom_right_conn1,outer_bottom_right_conn1,right,forward,forward_right,1
3170,37.500,-32.500,0.500,180.000,outer_bottom_right_conn1_forward_right,outer_bottom_right_conn1,outer_bottom_right_conn1,right,forward,forward_right,1
3171,37.000,-32.500,0.500,180.000,outer_bottom_right_conn1_forward_right,outer_bottom_right_conn1,outer_bottom_right_conn1,right,forward,forward_right,1
3172,36.500,-32.500,0.500,180.000,outer_bottom_right_conn1_forward_right,outer_bottom_right_conn1,outer_bottom_right_conn1,right,forward,forward_right,1
3173,36.000,-32.500,0.500,180.000,outer_bottom_right_conn1_forward_right,outer_bottom_right_conn1,outer_bottom_right_conn1,right,forward,forward_right,0
3174,36.000,-35.500,0.500,0.000,outer_bottom_right_conn1_reverse_right,outer_bottom_right_conn1,outer_bottom_right_conn1,right,reverse,reverse_right,1
3175,36.500,-35.500,0.500,0.000,outer_bottom_right_conn1_reverse_right,outer_bottom_right_conn1,outer_bottom_right_conn1,right,reverse,reverse_right,1
3176,37.000,-35.500,0.500,0.000,outer_bottom_right_conn1_reverse_right,outer_bottom_right_conn1,outer_bottom_right_conn1,right,reverse,reverse_right,1
3177,37.500,-35.500,0.500,0.000,outer_bottom_right_conn1_reverse_right,outer_bottom_right_conn1,outer_bottom_right_conn1,right,reverse,reverse_right,1
3178,38.000,-35.500,0.500,0.000,outer_bottom_right_conn1_reverse_right,outer_bottom_right_conn1,outer_bottom_right_conn1,right,reverse,reverse_right,1
3179,38.500,-35.500,0.500,0.000,outer_bottom_right_conn1_reverse_right,outer_bottom_right_conn1,outer_bottom_right_conn1,right,reverse,reverse_right,1
3180,39.000,-35.500,0.500,0.000,outer_bottom_right_conn1_reverse_right,outer_bottom_right_conn1,outer_bottom_right_conn1,right,reverse,reverse_right,1
3181,39.500,-35.500,0.500,0.000,outer_bottom_right_conn1_reverse_right,outer_bottom_right_conn1,outer_bottom_right_conn1,right,reverse,reverse_right,1
3182,40.000,-35.500,0.500,0.000,outer_bottom_right_conn1_reverse_right,outer_bottom_right_conn1,outer_bottom_right_conn1,right,reverse,reverse_right,0
3183,2.000,-34.000,0.500,-90.000,ENTRY_x2.0_reverse_right,ENTRY_x2.0,ENTRY_x2.0,right,reverse,reverse_right,1
3184,2.000,-34.500,0.500,-90.000,ENTRY_x2.0_reverse_right,ENTRY_x2.0,ENTRY_x2.0,right,reverse,reverse_right,1
3185,2.000,-35.000,0.500,-90.000,ENTRY_x2.0_reverse_right,ENTRY_x2.0,ENTRY_x2.0,right,reverse,reverse_right,1
3186,2.000,-35.500,0.500,-90.000,ENTRY_x2.0_reverse_right,ENTRY_x2.0,ENTRY_x2.0,right,reverse,reverse_right,1
3187,2.000,-36.000,0.500,-90.000,ENTRY_x2.0_reverse_right,ENTRY_x2.0,ENTRY_x2.0,right,reverse,reverse_right,1
3188,2.000,-36.500,0.500,-90.000,ENTRY_x2.0_reverse_right,ENTRY_x2.0,ENTRY_x2.0,right,reverse,reverse_right,1
3189,2.000,-37.000,0.500,-90.000,ENTRY_x2.0_reverse_right,ENTRY_x2.0,ENTRY_x2.0,right,reverse,reverse_right,1
3190,2.000,-37.500,0.500,-90.000,ENTRY_x2.0_reverse_right,ENTRY_x2.0,ENTRY_x2.0,right,reverse,reverse_right,1
3191,2.000,-38.000,0.500,-90.000,ENTRY_x2.0_reverse_right,ENTRY_x2.0,ENTRY_x2.0,right,reverse,reverse_right,1
3192,2.000,-38.500,0.500,-90.000,ENTRY_x2.0_reverse_right,ENTRY_x2.0,ENTRY_x2.0,right,reverse,reverse_right,1
3193,2.000,-39.000,0.500,-90.000,ENTRY_x2.0_reverse_right,ENTRY_x2.0,ENTRY_x2.0,right,reverse,reverse_right,1
3194,2.000,-39.500,0.500,-90.000,ENTRY_x2.0_reverse_right,ENTRY_x2.0,ENTRY_x2.0,right,reverse,reverse_right,1
3195,2.000,-40.000,0.500,-90.000,ENTRY_x2.0_reverse_right,ENTRY_x2.0,ENTRY_x2.0,right,reverse,reverse_right,1
3196,2.000,-40.500,0.500,-90.000,ENTRY_x2.0_reverse_right,ENTRY_x2.0,ENTRY_x2.0,right,reverse,reverse_right,1
3197,2.000,-41.000,0.500,-90.000,ENTRY_x2.0_reverse_right,ENTRY_x2.0,ENTRY_x2.0,right,reverse,reverse_right,1
3198,2.000,-41.500,0.500,-90.000,ENTRY_x2.0_reverse_right,ENTRY_x2.0,ENTRY_x2.0,right,reverse,reverse_right,1
3199,2.000,-42.000,0.500,-90.000,ENTRY_x2.0_reverse_right,ENTRY_x2.0,ENTRY_x2.0,right,reverse,reverse_right,1
3200,2.000,-42.500,0.500,-90.000,ENTRY_x2.0_reverse_right,ENTRY_x2.0,ENTRY_x2.0,right,reverse,reverse_right,1
3201,2.000,-43.000,0.500,-90.000,ENTRY_x2.0_reverse_right,ENTRY_x2.0,ENTRY_x2.0,right,reverse,reverse_right,1
3202,2.000,-43.500,0.500,-90.000,ENTRY_x2.0_reverse_right,ENTRY_x2.0,ENTRY_x2.0,right,reverse,reverse_right,1
3203,2.000,-44.000,0.500,-90.000,ENTRY_x2.0_reverse_right,ENTRY_x2.0,ENTRY_x2.0,right,reverse,reverse_right,1
3204,2.000,-44.500,0.500,-90.000,ENTRY_x2.0_reverse_right,ENTRY_x2.0,ENTRY_x2.0,right,reverse,reverse_right,1
3205,2.000,-45.000,0.500,-90.000,ENTRY_x2.0_reverse_right,ENTRY_x2.0,ENTRY_x2.0,right,reverse,reverse_right,1
3206,2.000,-45.500,0.500,-90.000,ENTRY_x2.0_reverse_right,ENTRY_x2.0,ENTRY_x2.0,right,reverse,reverse_right,1
3207,2.000,-46.000,0.500,-90.000,ENTRY_x2.0_reverse_right,ENTRY_x2.0,ENTRY_x2.0,right,reverse,reverse_right,1
3208,2.000,-46.500,0.500,-90.000,ENTRY_x2.0_reverse_right,ENTRY_x2.0,ENTRY_x2.0,right,reverse,reverse_right,1
3209,2.000,-47.000,0.500,-90.000,ENTRY_x2.0_reverse_right,ENTRY_x2.0,ENTRY_x2.0,right,reverse,reverse_right,1
3210,2.000,-47.500,0.500,-90.000,ENTRY_x2.0_reverse_right,ENTRY_x2.0,ENTRY_x2.0,right,reverse,reverse_right,1
3211,2.000,-48.000,0.500,-90.000,ENTRY_x2.0_reverse_right,ENTRY_x2.0,ENTRY_x2.0,right,reverse,reverse_right,1
3212,2.000,-48.500,0.500,-90.000,ENTRY_x2.0_reverse_right,ENTRY_x2.0,ENTRY_x2.0,right,reverse,reverse_right,1
3213,2.000,-49.000,0.500,-90.000,ENTRY_x2.0_reverse_right,ENTRY_x2.0,ENTRY_x2.0,right,reverse,reverse_right,1
3214,2.000,-49.500,0.500,-90.000,ENTRY_x2.0_reverse_right,ENTRY_x2.0,ENTRY_x2.0,right,reverse,reverse_right,1
3215,2.000,-50.000,0.500,-90.000,ENTRY_x2.0_reverse_right,ENTRY_x2.0,ENTRY_x2.0,right,reverse,reverse_right,1
3216,2.000,-50.500,0.500,-90.000,ENTRY_x2.0_reverse_right,ENTRY_x2.0,ENTRY_x2.0,right,reverse,reverse_right,1
3217,2.000,-51.000,0.500,-90.000,ENTRY_x2.0_reverse_right,ENTRY_x2.0,ENTRY_x2.0,right,reverse,reverse_right,1
3218,2.000,-51.500,0.500,-90.000,ENTRY_x2.0_reverse_right,ENTRY_x2.0,ENTRY_x2.0,right,reverse,reverse_right,1
3219,2.000,-52.000,0.500,-90.000,ENTRY_x2.0_reverse_right,ENTRY_x2.0,ENTRY_x2.0,right,reverse,reverse_right,0
3220,6.000,-32.500,0.500,180.000,ENTRY_CONN_x6.0_forward_right,ENTRY_CONN_x6.0,ENTRY_CONN_x6.0,right,forward,forward_right,1
3221,5.500,-32.500,0.500,180.000,ENTRY_CONN_x6.0_forward_right,ENTRY_CONN_x6.0,ENTRY_CONN_x6.0,right,forward,forward_right,1
3222,5.000,-32.500,0.500,180.000,ENTRY_CONN_x6.0_forward_right,ENTRY_CONN_x6.0,ENTRY_CONN_x6.0,right,forward,forward_right,1
3223,4.500,-32.500,0.500,180.000,ENTRY_CONN_x6.0_forward_right,ENTRY_CONN_x6.0,ENTRY_CONN_x6.0,right,forward,forward_right,1
3224,4.000,-32.500,0.500,180.000,ENTRY_CONN_x6.0_forward_right,ENTRY_CONN_x6.0,ENTRY_CONN_x6.0,right,forward,forward_right,1
3225,3.500,-32.500,0.500,180.000,ENTRY_CONN_x6.0_forward_right,ENTRY_CONN_x6.0,ENTRY_CONN_x6.0,right,forward,forward_right,1
3226,3.000,-32.500,0.500,180.000,ENTRY_CONN_x6.0_forward_right,ENTRY_CONN_x6.0,ENTRY_CONN_x6.0,right,forward,forward_right,1
3227,2.500,-32.500,0.500,180.000,ENTRY_CONN_x6.0_forward_right,ENTRY_CONN_x6.0,ENTRY_CONN_x6.0,right,forward,forward_right,1
3228,2.000,-32.500,0.500,180.000,ENTRY_CONN_x6.0_forward_right,ENTRY_CONN_x6.0,ENTRY_CONN_x6.0,right,forward,forward_right,0
3229,2.000,-35.500,0.500,0.000,ENTRY_CONN_x6.0_reverse_right,ENTRY_CONN_x6.0,ENTRY_CONN_x6.0,right,reverse,reverse_right,1
3230,2.500,-35.500,0.500,0.000,ENTRY_CONN_x6.0_reverse_right,ENTRY_CONN_x6.0,ENTRY_CONN_x6.0,right,reverse,reverse_right,1
3231,3.000,-35.500,0.500,0.000,ENTRY_CONN_x6.0_reverse_right,ENTRY_CONN_x6.0,ENTRY_CONN_x6.0,right,reverse,reverse_right,1
3232,3.500,-35.500,0.500,0.000,ENTRY_CONN_x6.0_reverse_right,ENTRY_CONN_x6.0,ENTRY_CONN_x6.0,right,reverse,reverse_right,1
3233,4.000,-35.500,0.500,0.000,ENTRY_CONN_x6.0_reverse_right,ENTRY_CONN_x6.0,ENTRY_CONN_x6.0,right,reverse,reverse_right,1
3234,4.500,-35.500,0.500,0.000,ENTRY_CONN_x6.0_reverse_right,ENTRY_CONN_x6.0,ENTRY_CONN_x6.0,right,reverse,reverse_right,1
3235,5.000,-35.500,0.500,0.000,ENTRY_CONN_x6.0_reverse_right,ENTRY_CONN_x6.0,ENTRY_CONN_x6.0,right,reverse,reverse_right,1
3236,5.500,-35.500,0.500,0.000,ENTRY_CONN_x6.0_reverse_right,ENTRY_CONN_x6.0,ENTRY_CONN_x6.0,right,reverse,reverse_right,1
3237,6.000,-35.500,0.500,0.000,ENTRY_CONN_x6.0_reverse_right,ENTRY_CONN_x6.0,ENTRY_CONN_x6.0,right,reverse,reverse_right,0
3238,6.000,-52.000,0.500,90.000,ENTRY_x6.0_forward_right,ENTRY_x6.0,ENTRY_x6.0,right,forward,forward_right,1
3239,6.000,-51.500,0.500,90.000,ENTRY_x6.0_forward_right,ENTRY_x6.0,ENTRY_x6.0,right,forward,forward_right,1
3240,6.000,-51.000,0.500,90.000,ENTRY_x6.0_forward_right,ENTRY_x6.0,ENTRY_x6.0,right,forward,forward_right,1
3241,6.000,-50.500,0.500,90.000,ENTRY_x6.0_forward_right,ENTRY_x6.0,ENTRY_x6.0,right,forward,forward_right,1
3242,6.000,-50.000,0.500,90.000,ENTRY_x6.0_forward_right,ENTRY_x6.0,ENTRY_x6.0,right,forward,forward_right,1
3243,6.000,-49.500,0.500,90.000,ENTRY_x6.0_forward_right,ENTRY_x6.0,ENTRY_x6.0,right,forward,forward_right,1
3244,6.000,-49.000,0.500,90.000,ENTRY_x6.0_forward_right,ENTRY_x6.0,ENTRY_x6.0,right,forward,forward_right,1
3245,6.000,-48.500,0.500,90.000,ENTRY_x6.0_forward_right,ENTRY_x6.0,ENTRY_x6.0,right,forward,forward_right,1
3246,6.000,-48.000,0.500,90.000,ENTRY_x6.0_forward_right,ENTRY_x6.0,ENTRY_x6.0,right,forward,forward_right,1
3247,6.000,-47.500,0.500,90.000,ENTRY_x6.0_forward_right,ENTRY_x6.0,ENTRY_x6.0,right,forward,forward_right,1
3248,6.000,-47.000,0.500,90.000,ENTRY_x6.0_forward_right,ENTRY_x6.0,ENTRY_x6.0,right,forward,forward_right,1
3249,6.000,-46.500,0.500,90.000,ENTRY_x6.0_forward_right,ENTRY_x6.0,ENTRY_x6.0,right,forward,forward_right,1
3250,6.000,-46.000,0.500,90.000,ENTRY_x6.0_forward_right,ENTRY_x6.0,ENTRY_x6.0,right,forward,forward_right,1
3251,6.000,-45.500,0.500,90.000,ENTRY_x6.0_forward_right,ENTRY_x6.0,ENTRY_x6.0,right,forward,forward_right,1
3252,6.000,-45.000,0.500,90.000,ENTRY_x6.0_forward_right,ENTRY_x6.0,ENTRY_x6.0,right,forward,forward_right,1
3253,6.000,-44.500,0.500,90.000,ENTRY_x6.0_forward_right,ENTRY_x6.0,ENTRY_x6.0,right,forward,forward_right,1
3254,6.000,-44.000,0.500,90.000,ENTRY_x6.0_forward_right,ENTRY_x6.0,ENTRY_x6.0,right,forward,forward_right,1
3255,6.000,-43.500,0.500,90.000,ENTRY_x6.0_forward_right,ENTRY_x6.0,ENTRY_x6.0,right,forward,forward_right,1
3256,6.000,-43.000,0.500,90.000,ENTRY_x6.0_forward_right,ENTRY_x6.0,ENTRY_x6.0,right,forward,forward_right,1
3257,6.000,-42.500,0.500,90.000,ENTRY_x6.0_forward_right,ENTRY_x6.0,ENTRY_x6.0,right,forward,forward_right,1
3258,6.000,-42.000,0.500,90.000,ENTRY_x6.0_forward_right,ENTRY_x6.0,ENTRY_x6.0,right,forward,forward_right,1
3259,6.000,-41.500,0.500,90.000,ENTRY_x6.0_forward_right,ENTRY_x6.0,ENTRY_x6.0,right,forward,forward_right,1
3260,6.000,-41.000,0.500,90.000,ENTRY_x6.0_forward_right,ENTRY_x6.0,ENTRY_x6.0,right,forward,forward_right,1
3261,6.000,-40.500,0.500,90.000,ENTRY_x6.0_forward_right,ENTRY_x6.0,ENTRY_x6.0,right,forward,forward_right,1
3262,6.000,-40.000,0.500,90.000,ENTRY_x6.0_forward_right,ENTRY_x6.0,ENTRY_x6.0,right,forward,forward_right,1
3263,6.000,-39.500,0.500,90.000,ENTRY_x6.0_forward_right,ENTRY_x6.0,ENTRY_x6.0,right,forward,forward_right,1
3264,6.000,-39.000,0.500,90.000,ENTRY_x6.0_forward_right,ENTRY_x6.0,ENTRY_x6.0,right,forward,forward_right,1
3265,6.000,-38.500,0.500,90.000,ENTRY_x6.0_forward_right,ENTRY_x6.0,ENTRY_x6.0,right,forward,forward_right,1
3266,6.000,-38.000,0.500,90.000,ENTRY_x6.0_forward_right,ENTRY_x6.0,ENTRY_x6.0,right,forward,forward_right,1
3267,6.000,-37.500,0.500,90.000,ENTRY_x6.0_forward_right,ENTRY_x6.0,ENTRY_x6.0,right,forward,forward_right,1
3268,6.000,-37.000,0.500,90.000,ENTRY_x6.0_forward_right,ENTRY_x6.0,ENTRY_x6.0,right,forward,forward_right,1
3269,6.000,-36.500,0.500,90.000,ENTRY_x6.0_forward_right,ENTRY_x6.0,ENTRY_x6.0,right,forward,forward_right,1
3270,6.000,-36.000,0.500,90.000,ENTRY_x6.0_forward_right,ENTRY_x6.0,ENTRY_x6.0,right,forward,forward_right,1
3271,6.000,-35.500,0.500,90.000,ENTRY_x6.0_forward_right,ENTRY_x6.0,ENTRY_x6.0,right,forward,forward_right,1
3272,6.000,-35.000,0.500,90.000,ENTRY_x6.0_forward_right,ENTRY_x6.0,ENTRY_x6.0,right,forward,forward_right,1
3273,6.000,-34.500,0.500,90.000,ENTRY_x6.0_forward_right,ENTRY_x6.0,ENTRY_x6.0,right,forward,forward_right,1
3274,6.000,-34.000,0.500,90.000,ENTRY_x6.0_forward_right,ENTRY_x6.0,ENTRY_x6.0,right,forward,forward_right,0
3275,-38.503,43.904,0.500,86.331,outer_top_left_forward_right,outer_top_left,outer_top_left,right,forward,forward_right,1
3276,-38.495,44.217,0.500,79.162,outer_top_left_forward_right,outer_top_left,outer_top_left,right,forward,forward_right,1
3277,-38.448,44.525,0.500,71.928,outer_top_left_forward_right,outer_top_left,outer_top_left,right,forward,forward_right,1
3278,-38.361,44.828,0.500,64.872,outer_top_left_forward_right,outer_top_left,outer_top_left,right,forward,forward_right,1
3279,-38.239,45.115,0.500,57.678,outer_top_left_forward_right,outer_top_left,outer_top_left,right,forward,forward_right,1
3280,-38.083,45.384,0.500,50.444,outer_top_left_forward_right,outer_top_left,outer_top_left,right,forward,forward_right,1
3281,-37.892,45.634,0.500,43.377,outer_top_left_forward_right,outer_top_left,outer_top_left,right,forward,forward_right,1
3282,-37.673,45.857,0.500,36.204,outer_top_left_forward_right,outer_top_left,outer_top_left,right,forward,forward_right,1
3283,-37.426,46.052,0.500,29.133,outer_top_left_forward_right,outer_top_left,outer_top_left,right,forward,forward_right,1
3284,-37.162,46.213,0.500,21.844,outer_top_left_forward_right,outer_top_left,outer_top_left,right,forward,forward_right,1
3285,-36.877,46.340,0.500,14.650,outer_top_left_forward_right,outer_top_left,outer_top_left,right,forward,forward_right,1
3286,-36.576,46.430,0.500,7.595,outer_top_left_forward_right,outer_top_left,outer_top_left,right,forward,forward_right,1
3287,-36.188,46.486,0.500,3.487,outer_top_left_forward_right,outer_top_left,outer_top_left,right,forward,forward_right,1
3288,-35.909,46.503,0.500,3.487,outer_top_left_forward_right,outer_top_left,outer_top_left,right,forward,forward_right,0
3289,-36.091,49.497,0.500,-176.513,outer_top_left_reverse_right,outer_top_left,outer_top_left,right,reverse,reverse_right,1
3290,-36.477,49.470,0.500,-172.405,outer_top_left_reverse_right,outer_top_left,outer_top_left,right,reverse,reverse_right,1
3291,-37.153,49.368,0.500,-165.350,outer_top_left_reverse_right,outer_top_left,outer_top_left,right,reverse,reverse_right,1
3292,-37.814,49.183,0.500,-158.156,outer_top_left_reverse_right,outer_top_left,outer_top_left,right,reverse,reverse_right,1
3293,-38.450,48.915,0.500,-150.867,outer_top_left_reverse_right,outer_top_left,outer_top_left,right,reverse,reverse_right,1
3294,-39.042,48.572,0.500,-143.796,outer_top_left_reverse_right,outer_top_left,outer_top_left,right,reverse,reverse_right,1
3295,-39.589,48.157,0.500,-136.623,outer_top_left_reverse_right,outer_top_left,outer_top_left,right,reverse,reverse_right,1
3296,-40.079,47.679,0.500,-129.556,outer_top_left_reverse_right,outer_top_left,outer_top_left,right,reverse,reverse_right,1
3297,-40.508,47.141,0.500,-122.322,outer_top_left_reverse_right,outer_top_left,outer_top_left,right,reverse,reverse_right,1
3298,-40.865,46.554,0.500,-115.128,outer_top_left_reverse_right,outer_top_left,outer_top_left,right,reverse,reverse_right,1
3299,-41.145,45.930,0.500,-108.072,outer_top_left_reverse_right,outer_top_left,outer_top_left,right,reverse,reverse_right,1
3300,-41.347,45.272,0.500,-100.838,outer_top_left_reverse_right,outer_top_left,outer_top_left,right,reverse,reverse_right,1
3301,-41.465,44.595,0.500,-93.669,outer_top_left_reverse_right,outer_top_left,outer_top_left,right,reverse,reverse_right,1
3302,-41.497,44.096,0.500,-93.669,outer_top_left_reverse_right,outer_top_left,outer_top_left,right,reverse,reverse_right,0
3303,35.904,46.503,0.500,-3.669,outer_top_right_forward_right,outer_top_right,outer_top_right,right,forward,forward_right,1
3304,36.217,46.495,0.500,-10.838,outer_top_right_forward_right,outer_top_right,outer_top_right,right,forward,forward_right,1
3305,36.525,46.448,0.500,-18.072,outer_top_right_forward_right,outer_top_right,outer_top_right,right,forward,forward_right,1
3306,36.828,46.361,0.500,-25.128,outer_top_right_forward_right,outer_top_right,outer_top_right,right,forward,forward_right,1
3307,37.115,46.239,0.500,-32.322,outer_top_right_forward_right,outer_top_right,outer_top_right,right,forward,forward_right,1
3308,37.384,46.083,0.500,-39.556,outer_top_right_forward_right,outer_top_right,outer_top_right,right,forward,forward_right,1
3309,37.634,45.892,0.500,-46.623,outer_top_right_forward_right,outer_top_right,outer_top_right,right,forward,forward_right,1
3310,37.857,45.673,0.500,-53.796,outer_top_right_forward_right,outer_top_right,outer_top_right,right,forward,forward_right,1
3311,38.052,45.426,0.500,-60.867,outer_top_right_forward_right,outer_top_right,outer_top_right,right,forward,forward_right,1
3312,38.213,45.162,0.500,-68.156,outer_top_right_forward_right,outer_top_right,outer_top_right,right,forward,forward_right,1
3313,38.340,44.877,0.500,-75.350,outer_top_right_forward_right,outer_top_right,outer_top_right,right,forward,forward_right,1
3314,38.430,44.576,0.500,-82.405,outer_top_right_forward_right,outer_top_right,outer_top_right,right,forward,forward_right,1
3315,38.486,44.188,0.500,-86.513,outer_top_right_forward_right,outer_top_right,outer_top_right,right,forward,forward_right,1
3316,38.503,43.909,0.500,-86.513,outer_top_right_forward_right,outer_top_right,outer_top_right,right,forward,forward_right,0
3317,41.497,44.091,0.500,93.487,outer_top_right_reverse_right,outer_top_right,outer_top_right,right,reverse,reverse_right,1
3318,41.470,44.477,0.500,97.595,outer_top_right_reverse_right,outer_top_right,outer_top_right,right,reverse,reverse_right,1
3319,41.368,45.153,0.500,104.650,outer_top_right_reverse_right,outer_top_right,outer_top_right,right,reverse,reverse_right,1
3320,41.183,45.814,0.500,111.844,outer_top_right_reverse_right,outer_top_right,outer_top_right,right,reverse,reverse_right,1
3321,40.915,46.450,0.500,119.133,outer_top_right_reverse_right,outer_top_right,outer_top_right,right,reverse,reverse_right,1
3322,40.572,47.042,0.500,126.204,outer_top_right_reverse_right,outer_top_right,outer_top_right,right,reverse,reverse_right,1
3323,40.157,47.589,0.500,133.377,outer_top_right_reverse_right,outer_top_right,outer_top_right,right,reverse,reverse_right,1
3324,39.679,48.079,0.500,140.444,outer_top_right_reverse_right,outer_top_right,outer_top_right,right,reverse,reverse_right,1
3325,39.141,48.508,0.500,147.678,outer_top_right_reverse_right,outer_top_right,outer_top_right,right,reverse,reverse_right,1
3326,38.554,48.865,0.500,154.872,outer_top_right_reverse_right,outer_top_right,outer_top_right,right,reverse,reverse_right,1
3327,37.930,49.145,0.500,161.928,outer_top_right_reverse_right,outer_top_right,outer_top_right,right,reverse,reverse_right,1
3328,37.272,49.347,0.500,169.162,outer_top_right_reverse_right,outer_top_right,outer_top_right,right,reverse,reverse_right,1
3329,36.595,49.465,0.500,176.331,outer_top_right_reverse_right,outer_top_right,outer_top_right,right,reverse,reverse_right,1
3330,36.096,49.497,0.500,176.331,outer_top_right_reverse_right,outer_top_right,outer_top_right,right,reverse,reverse_right,0
3331,38.503,-29.904,0.500,-93.669,outer_bottom_right_forward_right,outer_bottom_right,outer_bottom_right,right,forward,forward_right,1
3332,38.495,-30.217,0.500,-100.838,outer_bottom_right_forward_right,outer_bottom_right,outer_bottom_right,right,forward,forward_right,1
3333,38.448,-30.525,0.500,-108.072,outer_bottom_right_forward_right,outer_bottom_right,outer_bottom_right,right,forward,forward_right,1
3334,38.361,-30.828,0.500,-115.128,outer_bottom_right_forward_right,outer_bottom_right,outer_bottom_right,right,forward,forward_right,1
3335,38.239,-31.115,0.500,-122.322,outer_bottom_right_forward_right,outer_bottom_right,outer_bottom_right,right,forward,forward_right,1
3336,38.083,-31.384,0.500,-129.556,outer_bottom_right_forward_right,outer_bottom_right,outer_bottom_right,right,forward,forward_right,1
3337,37.892,-31.634,0.500,-136.623,outer_bottom_right_forward_right,outer_bottom_right,outer_bottom_right,right,forward,forward_right,1
3338,37.673,-31.857,0.500,-143.796,outer_bottom_right_forward_right,outer_bottom_right,outer_bottom_right,right,forward,forward_right,1
3339,37.426,-32.052,0.500,-150.867,outer_bottom_right_forward_right,outer_bottom_right,outer_bottom_right,right,forward,forward_right,1
3340,37.162,-32.213,0.500,-158.156,outer_bottom_right_forward_right,outer_bottom_right,outer_bottom_right,right,forward,forward_right,1
3341,36.877,-32.340,0.500,-165.350,outer_bottom_right_forward_right,outer_bottom_right,outer_bottom_right,right,forward,forward_right,1
3342,36.576,-32.430,0.500,-172.405,outer_bottom_right_forward_right,outer_bottom_right,outer_bottom_right,right,forward,forward_right,1
3343,36.188,-32.486,0.500,-176.513,outer_bottom_right_forward_right,outer_bottom_right,outer_bottom_right,right,forward,forward_right,1
3344,35.909,-32.503,0.500,-176.513,outer_bottom_right_forward_right,outer_bottom_right,outer_bottom_right,right,forward,forward_right,0
3345,36.091,-35.497,0.500,3.487,outer_bottom_right_reverse_right,outer_bottom_right,outer_bottom_right,right,reverse,reverse_right,1
3346,36.477,-35.470,0.500,7.595,outer_bottom_right_reverse_right,outer_bottom_right,outer_bottom_right,right,reverse,reverse_right,1
3347,37.153,-35.368,0.500,14.650,outer_bottom_right_reverse_right,outer_bottom_right,outer_bottom_right,right,reverse,reverse_right,1
3348,37.814,-35.183,0.500,21.844,outer_bottom_right_reverse_right,outer_bottom_right,outer_bottom_right,right,reverse,reverse_right,1
3349,38.450,-34.915,0.500,29.133,outer_bottom_right_reverse_right,outer_bottom_right,outer_bottom_right,right,reverse,reverse_right,1
3350,39.042,-34.572,0.500,36.204,outer_bottom_right_reverse_right,outer_bottom_right,outer_bottom_right,right,reverse,reverse_right,1
3351,39.589,-34.157,0.500,43.377,outer_bottom_right_reverse_right,outer_bottom_right,outer_bottom_right,right,reverse,reverse_right,1
3352,40.079,-33.679,0.500,50.444,outer_bottom_right_reverse_right,outer_bottom_right,outer_bottom_right,right,reverse,reverse_right,1
3353,40.508,-33.141,0.500,57.678,outer_bottom_right_reverse_right,outer_bottom_right,outer_bottom_right,right,reverse,reverse_right,1
3354,40.865,-32.554,0.500,64.872,outer_bottom_right_reverse_right,outer_bottom_right,outer_bottom_right,right,reverse,reverse_right,1
3355,41.145,-31.930,0.500,71.928,outer_bottom_right_reverse_right,outer_bottom_right,outer_bottom_right,right,reverse,reverse_right,1
3356,41.347,-31.272,0.500,79.162,outer_bottom_right_reverse_right,outer_bottom_right,outer_bottom_right,right,reverse,reverse_right,1
3357,41.465,-30.595,0.500,86.331,outer_bottom_right_reverse_right,outer_bottom_right,outer_bottom_right,right,reverse,reverse_right,1
3358,41.497,-30.096,0.500,86.331,outer_bottom_right_reverse_right,outer_bottom_right,outer_bottom_right,right,reverse,reverse_right,0
3359,-35.904,-32.503,0.500,176.331,outer_bottom_left_forward_right,outer_bottom_left,outer_bottom_left,right,forward,forward_right,1
3360,-36.217,-32.495,0.500,169.162,outer_bottom_left_forward_right,outer_bottom_left,outer_bottom_left,right,forward,forward_right,1
3361,-36.525,-32.448,0.500,161.928,outer_bottom_left_forward_right,outer_bottom_left,outer_bottom_left,right,forward,forward_right,1
3362,-36.828,-32.361,0.500,154.872,outer_bottom_left_forward_right,outer_bottom_left,outer_bottom_left,right,forward,forward_right,1
3363,-37.115,-32.239,0.500,147.678,outer_bottom_left_forward_right,outer_bottom_left,outer_bottom_left,right,forward,forward_right,1
3364,-37.384,-32.083,0.500,140.444,outer_bottom_left_forward_right,outer_bottom_left,outer_bottom_left,right,forward,forward_right,1
3365,-37.634,-31.892,0.500,133.377,outer_bottom_left_forward_right,outer_bottom_left,outer_bottom_left,right,forward,forward_right,1
3366,-37.857,-31.673,0.500,126.204,outer_bottom_left_forward_right,outer_bottom_left,outer_bottom_left,right,forward,forward_right,1
3367,-38.052,-31.426,0.500,119.133,outer_bottom_left_forward_right,outer_bottom_left,outer_bottom_left,right,forward,forward_right,1
3368,-38.213,-31.162,0.500,111.844,outer_bottom_left_forward_right,outer_bottom_left,outer_bottom_left,right,forward,forward_right,1
3369,-38.340,-30.877,0.500,104.650,outer_bottom_left_forward_right,outer_bottom_left,outer_bottom_left,right,forward,forward_right,1
3370,-38.430,-30.576,0.500,97.595,outer_bottom_left_forward_right,outer_bottom_left,outer_bottom_left,right,forward,forward_right,1
3371,-38.486,-30.188,0.500,93.487,outer_bottom_left_forward_right,outer_bottom_left,outer_bottom_left,right,forward,forward_right,1
3372,-38.503,-29.909,0.500,93.487,outer_bottom_left_forward_right,outer_bottom_left,outer_bottom_left,right,forward,forward_right,0
3373,-41.497,-30.091,0.500,-86.513,outer_bottom_left_reverse_right,outer_bottom_left,outer_bottom_left,right,reverse,reverse_right,1
3374,-41.470,-30.477,0.500,-82.405,outer_bottom_left_reverse_right,outer_bottom_left,outer_bottom_left,right,reverse,reverse_right,1
3375,-41.368,-31.153,0.500,-75.350,outer_bottom_left_reverse_right,outer_bottom_left,outer_bottom_left,right,reverse,reverse_right,1
3376,-41.183,-31.814,0.500,-68.156,outer_bottom_left_reverse_right,outer_bottom_left,outer_bottom_left,right,reverse,reverse_right,1
3377,-40.915,-32.450,0.500,-60.867,outer_bottom_left_reverse_right,outer_bottom_left,outer_bottom_left,right,reverse,reverse_right,1
3378,-40.572,-33.042,0.500,-53.796,outer_bottom_left_reverse_right,outer_bottom_left,outer_bottom_left,right,reverse,reverse_right,1
3379,-40.157,-33.589,0.500,-46.623,outer_bottom_left_reverse_right,outer_bottom_left,outer_bottom_left,right,reverse,reverse_right,1
3380,-39.679,-34.079,0.500,-39.556,outer_bottom_left_reverse_right,outer_bottom_left,outer_bottom_left,right,reverse,reverse_right,1
3381,-39.141,-34.508,0.500,-32.322,outer_bottom_left_reverse_right,outer_bottom_left,outer_bottom_left,right,reverse,reverse_right,1
3382,-38.554,-34.865,0.500,-25.128,outer_bottom_left_reverse_right,outer_bottom_left,outer_bottom_left,right,reverse,reverse_right,1
3383,-37.930,-35.145,0.500,-18.072,outer_bottom_left_reverse_right,outer_bottom_left,outer_bottom_left,right,reverse,reverse_right,1
3384,-37.272,-35.347,0.500,-10.838,outer_bottom_left_reverse_right,outer_bottom_left,outer_bottom_left,right,reverse,reverse_right,1
3385,-36.595,-35.465,0.500,-3.669,outer_bottom_left_reverse_right,outer_bottom_left,outer_bottom_left,right,reverse,reverse_right,1
3386,-36.096,-35.497,0.500,-3.669,outer_bottom_left_reverse_right,outer_bottom_left,outer_bottom_left,right,reverse,reverse_right,0
3387,-8.501,-3.946,0.500,92.062,RING_00_forward_right,RING_00,RING_00,right,forward,forward_right,1
3388,-8.525,-3.359,0.500,95.402,RING_00_forward_right,RING_00,RING_00,right,forward,forward_right,1
3389,-8.583,-2.772,0.500,98.859,RING_00_forward_right,RING_00,RING_00,right,forward,forward_right,1
3390,-8.660,-2.278,0.500,98.859,RING_00_forward_right,RING_00,RING_00,right,forward,forward_right,0
3391,-8.674,-5.804,0.500,80.688,RING_31_forward_right,RING_31,RING_31,right,forward,forward_right,1
3392,-8.581,-5.217,0.500,84.255,RING_31_forward_right,RING_31,RING_31,right,forward,forward_right,1
3393,-8.524,-4.633,0.500,87.590,RING_31_forward_right,RING_31,RING_31,right,forward,forward_right,1
3394,-8.503,-4.134,0.500,87.590,RING_31_forward_right,RING_31,RING_31,right,forward,forward_right,0
3395,-8.694,-2.096,0.500,103.201,RING_01_forward_right,RING_01,RING_01,right,forward,forward_right,1
3396,-8.832,-1.521,0.500,106.732,RING_01_forward_right,RING_01,RING_01,right,forward,forward_right,1
3397,-9.003,-0.958,0.500,110.100,RING_01_forward_right,RING_01,RING_01,right,forward,forward_right,1
3398,-9.175,-0.488,0.500,110.100,RING_01_forward_right,RING_01,RING_01,right,forward,forward_right,0
3399,-9.244,-0.318,0.500,114.463,RING_02_forward_right,RING_02,RING_02,right,forward,forward_right,1
3400,-9.490,0.218,0.500,117.897,RING_02_forward_right,RING_02,RING_02,right,forward,forward_right,1
3401,-9.769,0.738,0.500,121.337,RING_02_forward_right,RING_02,RING_02,right,forward,forward_right,1
3402,-10.029,1.165,0.500,121.337,RING_02_forward_right,RING_02,RING_02,right,forward,forward_right,0
3403,-10.131,1.322,0.500,125.791,RING_03_forward_right,RING_03,RING_03,right,forward,forward_right,1
3404,-10.477,1.797,0.500,129.161,RING_03_forward_right,RING_03,RING_03,right,forward,forward_right,1
3405,-10.851,2.253,0.500,132.567,RING_03_forward_right,RING_03,RING_03,right,forward,forward_right,1
3406,-11.189,2.621,0.500,132.567,RING_03_forward_right,RING_03,RING_03,right,forward,forward_right,0
3407,-11.320,2.754,0.500,137.025,RING_04_forward_right,RING_04,RING_04,right,forward,forward_right,1
3408,-11.754,3.155,0.500,140.444,RING_04_forward_right,RING_04,RING_04,right,forward,forward_right,1
3409,-12.209,3.527,0.500,143.863,RING_04_forward_right,RING_04,RING_04,right,forward,forward_right,1
3410,-12.613,3.822,0.500,143.863,RING_04_forward_right,RING_04,RING_04,right,forward,forward_right,0
3411,-12.767,3.928,0.500,148.310,RING_05_forward_right,RING_05,RING_05,right,forward,forward_right,1
3412,-13.270,4.236,0.500,151.691,RING_05_forward_right,RING_05,RING_05,right,forward,forward_right,1
3413,-13.790,4.513,0.500,155.129,RING_05_forward_right,RING_05,RING_05,right,forward,forward_right,1
3414,-14.243,4.723,0.500,155.129,RING_05_forward_right,RING_05,RING_05,right,forward,forward_right,0
3415,-14.414,4.796,0.500,159.498,RING_06_forward_right,RING_06,RING_06,right,forward,forward_right,1
3416,-14.966,5.000,0.500,162.906,RING_06_forward_right,RING_06,RING_06,right,forward,forward_right,1
3417,-15.530,5.170,0.500,166.326,RING_06_forward_right,RING_06,RING_06,right,forward,forward_right,1
3418,-16.015,5.288,0.500,166.326,RING_06_forward_right,RING_06,RING_06,right,forward,forward_right,0
3419,-16.196,5.326,0.500,170.688,RING_07_forward_right,RING_07,RING_07,right,forward,forward_right,1
3420,-16.783,5.419,0.500,174.255,RING_07_forward_right,RING_07,RING_07,right,forward,forward_right,1
3421,-17.367,5.476,0.500,177.590,RING_07_forward_right,RING_07,RING_07,right,forward,forward_right,1
3422,-17.866,5.497,0.500,177.590,RING_07_forward_right,RING_07,RING_07,right,forward,forward_right,0
3423,-18.054,5.499,0.500,-177.938,RING_08_forward_right,RING_08,RING_08,right,forward,forward_right,1
3424,-18.641,5.475,0.500,-174.598,RING_08_forward_right,RING_08,RING_08,right,forward,forward_right,1
3425,-19.228,5.417,0.500,-171.141,RING_08_forward_right,RING_08,RING_08,right,forward,forward_right,1
3426,-19.722,5.340,0.500,-171.141,RING_08_forward_right,RING_08,RING_08,right,forward,forward_right,0
3427,-19.904,5.306,0.500,-166.799,RING_09_forward_right,RING_09,RING_09,right,forward,forward_right,1
3428,-20.479,5.168,0.500,-163.268,RING_09_forward_right,RING_09,RING_09,right,forward,forward_right,1
3429,-21.042,4.997,0.500,-159.900,RING_09_forward_right,RING_09,RING_09,right,forward,forward_right,1
3430,-21.512,4.825,0.500,-159.900,RING_09_forward_right,RING_09,RING_09,right,forward,forward_right,0
3431,-21.682,4.756,0.500,-155.537,RING_10_forward_right,RING_10,RING_10,right,forward,forward_right,1
3432,-22.218,4.510,0.500,-152.103,RING_10_forward_right,RING_10,RING_10,right,forward,forward_right,1
3433,-22.738,4.231,0.500,-148.663,RING_10_forward_right,RING_10,RING_10,right,forward,forward_right,1
3434,-23.165,3.971,0.500,-148.663,RING_10_forward_right,RING_10,RING_10,right,forward,forward_right,0
3435,-23.322,3.869,0.500,-144.209,RING_11_forward_right,RING_11,RING_11,right,forward,forward_right,1
3436,-23.797,3.523,0.500,-140.839,RING_11_forward_right,RING_11,RING_11,right,forward,forward_right,1
3437,-24.253,3.149,0.500,-137.433,RING_11_forward_right,RING_11,RING_11,right,forward,forward_right,1
3438,-24.621,2.811,0.500,-137.433,RING_11_forward_right,RING_11,RING_11,right,forward,forward_right,0
3439,-24.754,2.680,0.500,-132.975,RING_12_forward_right,RING_12,RING_12,right,forward,forward_right,1
3440,-25.155,2.246,0.500,-129.556,RING_12_forward_right,RING_12,RING_12,right,forward,forward_right,1
3441,-25.527,1.791,0.500,-126.137,RING_12_forward_right,RING_12,RING_12,right,forward,forward_right,1
3442,-25.822,1.387,0.500,-126.137,RING_12_forward_right,RING_12,RING_12,right,forward,forward_right,0
3443,-25.928,1.233,0.500,-121.690,RING_13_forward_right,RING_13,RING_13,right,forward,forward_right,1
3444,-26.236,0.730,0.500,-118.309,RING_13_forward_right,RING_13,RING_13,right,forward,forward_right,1
3445,-26.513,0.210,0.500,-114.871,RING_13_forward_right,RING_13,RING_13,right,forward,forward_right,1
3446,-26.723,-0.243,0.500,-114.871,RING_13_forward_right,RING_13,RING_13,right,forward,forward_right,0
3447,-26.796,-0.414,0.500,-110.502,RING_14_forward_right,RING_14,RING_14,right,forward,forward_right,1
3448,-27.000,-0.966,0.500,-107.094,RING_14_forward_right,RING_14,RING_14,right,forward,forward_right,1
3449,-27.170,-1.530,0.500,-103.674,RING_14_forward_right,RING_14,RING_14,right,forward,forward_right,1
3450,-27.288,-2.015,0.500,-103.674,RING_14_forward_right,RING_14,RING_14,right,forward,forward_right,0
3451,-27.326,-2.196,0.500,-99.312,RING_15_forward_right,RING_15,RING_15,right,forward,forward_right,1
3452,-27.419,-2.783,0.500,-95.745,RING_15_forward_right,RING_15,RING_15,right,forward,forward_right,1
3453,-27.476,-3.367,0.500,-92.410,RING_15_forward_right,RING_15,RING_15,right,forward,forward_right,1
3454,-27.497,-3.866,0.500,-92.410,RING_15_forward_right,RING_15,RING_15,right,forward,forward_right,0
3455,-27.499,-4.054,0.500,-87.938,RING_16_forward_right,RING_16,RING_16,right,forward,forward_right,1
3456,-27.475,-4.641,0.500,-84.598,RING_16_forward_right,RING_16,RING_16,right,forward,forward_right,1
3457,-27.417,-5.228,0.500,-81.141,RING_16_forward_right,RING_16,RING_16,right,forward,forward_right,1
3458,-27.340,-5.722,0.500,-81.141,RING_16_forward_right,RING_16,RING_16,right,forward,forward_right,0
3459,-27.306,-5.904,0.500,-76.799,RING_17_forward_right,RING_17,RING_17,right,forward,forward_right,1
3460,-27.168,-6.479,0.500,-73.268,RING_17_forward_right,RING_17,RING_17,right,forward,forward_right,1
3461,-26.997,-7.042,0.500,-69.900,RING_17_forward_right,RING_17,RING_17,right,forward,forward_right,1
3462,-26.825,-7.512,0.500,-69.900,RING_17_forward_right,RING_17,RING_17,right,forward,forward_right,0
3463,-26.756,-7.682,0.500,-65.537,RING_18_forward_right,RING_18,RING_18,right,forward,forward_right,1
3464,-26.510,-8.218,0.500,-62.103,RING_18_forward_right,RING_18,RING_18,right,forward,forward_right,1
3465,-26.231,-8.738,0.500,-58.663,RING_18_forward_right,RING_18,RING_18,right,forward,forward_right,1
3466,-25.971,-9.165,0.500,-58.663,RING_18_forward_right,RING_18,RING_18,right,forward,forward_right,0
3467,-25.869,-9.322,0.500,-54.209,RING_19_forward_right,RING_19,RING_19,right,forward,forward_right,1
3468,-25.523,-9.797,0.500,-50.839,RING_19_forward_right,RING_19,RING_19,right,forward,forward_right,1
3469,-25.149,-10.253,0.500,-47.433,RING_19_forward_right,RING_19,RING_19,right,forward,forward_right,1
3470,-24.811,-10.621,0.500,-47.433,RING_19_forward_right,RING_19,RING_19,right,forward,forward_right,0
3471,-24.680,-10.754,0.500,-42.975,RING_20_forward_right,RING_20,RING_20,right,forward,forward_right,1
3472,-24.246,-11.155,0.500,-39.556,RING_20_forward_right,RING_20,RING_20,right,forward,forward_right,1
3473,-23.791,-11.527,0.500,-36.137,RING_20_forward_right,RING_20,RING_20,right,forward,forward_right,1
3474,-23.387,-11.822,0.500,-36.137,RING_20_forward_right,RING_20,RING_20,right,forward,forward_right,0
3475,-23.233,-11.928,0.500,-31.690,RING_21_forward_right,RING_21,RING_21,right,forward,forward_right,1
3476,-22.730,-12.236,0.500,-28.309,RING_21_forward_right,RING_21,RING_21,right,forward,forward_right,1
3477,-22.210,-12.513,0.500,-24.871,RING_21_forward_right,RING_21,RING_21,right,forward,forward_right,1
3478,-21.757,-12.723,0.500,-24.871,RING_21_forward_right,RING_21,RING_21,right,forward,forward_right,0
3479,-21.586,-12.796,0.500,-20.502,RING_22_forward_right,RING_22,RING_22,right,forward,forward_right,1
3480,-21.034,-13.000,0.500,-17.094,RING_22_forward_right,RING_22,RING_22,right,forward,forward_right,1
3481,-20.470,-13.170,0.500,-13.674,RING_22_forward_right,RING_22,RING_22,right,forward,forward_right,1
3482,-19.985,-13.288,0.500,-13.674,RING_22_forward_right,RING_22,RING_22,right,forward,forward_right,0
3483,-19.804,-13.326,0.500,-9.312,RING_23_forward_right,RING_23,RING_23,right,forward,forward_right,1
3484,-19.217,-13.419,0.500,-5.745,RING_23_forward_right,RING_23,RING_23,right,forward,forward_right,1
3485,-18.633,-13.476,0.500,-2.410,RING_23_forward_right,RING_23,RING_23,right,forward,forward_right,1
3486,-18.134,-13.497,0.500,-2.410,RING_23_forward_right,RING_23,RING_23,right,forward,forward_right,0
3487,-17.946,-13.499,0.500,2.062,RING_24_forward_right,RING_24,RING_24,right,forward,forward_right,1
3488,-17.359,-13.475,0.500,5.402,RING_24_forward_right,RING_24,RING_24,right,forward,forward_right,1
3489,-16.772,-13.417,0.500,8.859,RING_24_forward_right,RING_24,RING_24,right,forward,forward_right,1
3490,-16.278,-13.340,0.500,8.859,RING_24_forward_right,RING_24,RING_24,right,forward,forward_right,0
3491,-16.096,-13.306,0.500,13.201,RING_25_forward_right,RING_25,RING_25,right,forward,forward_right,1
3492,-15.521,-13.168,0.500,16.732,RING_25_forward_right,RING_25,RING_25,right,forward,forward_right,1
3493,-14.958,-12.997,0.500,20.100,RING_25_forward_right,RING_25,RING_25,right,forward,forward_right,1
3494,-14.488,-12.825,0.500,20.100,RING_25_forward_right,RING_25,RING_25,right,forward,forward_right,0
3495,-14.318,-12.756,0.500,24.463,RING_26_forward_right,RING_26,RING_26,right,forward,forward_right,1
3496,-13.782,-12.510,0.500,27.897,RING_26_forward_right,RING_26,RING_26,right,forward,forward_right,1
3497,-13.262,-12.231,0.500,31.337,RING_26_forward_right,RING_26,RING_26,right,forward,forward_right,1
3498,-12.835,-11.971,0.500,31.337,RING_26_forward_right,RING_26,RING_26,right,forward,forward_right,0
3499,-12.678,-11.869,0.500,35.791,RING_27_forward_right,RING_27,RING_27,right,forward,forward_right,1
3500,-12.203,-11.523,0.500,39.161,RING_27_forward_right,RING_27,RING_27,right,forward,forward_right,1
3501,-11.747,-11.149,0.500,42.567,RING_27_forward_right,RING_27,RING_27,right,forward,forward_right,1
3502,-11.379,-10.811,0.500,42.567,RING_27_forward_right,RING_27,RING_27,right,forward,forward_right,0
3503,-11.246,-10.680,0.500,47.025,RING_28_forward_right,RING_28,RING_28,right,forward,forward_right,1
3504,-10.845,-10.246,0.500,50.444,RING_28_forward_right,RING_28,RING_28,right,forward,forward_right,1
3505,-10.473,-9.791,0.500,53.863,RING_28_forward_right,RING_28,RING_28,right,forward,forward_right,1
3506,-10.178,-9.387,0.500,53.863,RING_28_forward_right,RING_28,RING_28,right,forward,forward_right,0
3507,-10.072,-9.233,0.500,58.310,RING_29_forward_right,RING_29,RING_29,right,forward,forward_right,1
3508,-9.764,-8.730,0.500,61.691,RING_29_forward_right,RING_29,RING_29,right,forward,forward_right,1
3509,-9.487,-8.210,0.500,65.129,RING_29_forward_right,RING_29,RING_29,right,forward,forward_right,1
3510,-9.277,-7.757,0.500,65.129,RING_29_forward_right,RING_29,RING_29,right,forward,forward_right,0
3511,-9.204,-7.586,0.500,69.498,RING_30_forward_right,RING_30,RING_30,right,forward,forward_right,1
3512,-9.000,-7.034,0.500,72.906,RING_30_forward_right,RING_30,RING_30,right,forward,forward_right,1
3513,-8.830,-6.470,0.500,76.326,RING_30_forward_right,RING_30,RING_30,right,forward,forward_right,1
3514,-8.712,-5.985,0.500,76.326,RING_30_forward_right,RING_30,RING_30,right,forward,forward_right,0
